snapshot,source,source_url,zip_member,fide_id,name,title,wtitle,other_title,fed,sex,rating,games,k_factor,birth_year,active,flag_raw,rank_overall,rank_within_sex,cohort,wikidata_qids,wikidata_dob_candidates,wikidata_precisions,source_birth_year,existing_exact_dob,exact_dob_final,dob_status,needs_manual_review,exact_dob_frozen,dob_freeze_status,dob_source_conflict,analysis_sex,analysis_rank_within_sex,elo_z_within_snapshot_sex,rank_percentile_within_snapshot_sex
2013-01,FIDE official January 2013 standard rating list,http://ratings.fide.com/download/standard_jan13frl.zip,standard_jan13frl.txt,1503014,"Carlsen, Magnus",GM,,,NOR,M,2861,8,10,1990,True,,1,1,2013_M,Q106807,1990-11-30,11,1990,,1990-11-30,wikidata_exact_filled,False,1990-11-30,primary_clean_wikidata_exact,False,M,1,4.3132610888758585,1.0
2013-01,FIDE official January 2013 standard rating list,http://ratings.fide.com/download/standard_jan13frl.zip,standard_jan13frl.txt,4101588,"Kramnik, Vladimir",GM,,,RUS,M,2810,8,10,1975,True,,2,2,2013_M,Q161092,1975-01-01;1975-06-25,9;11,1975,,1975-06-25,wikidata_exact_filled,False,1975-06-25,primary_clean_wikidata_exact,False,M,2,3.456488681737908,0.9979633401221996
2013-01,FIDE official January 2013 standard rating list,http://ratings.fide.com/download/standard_jan13frl.zip,standard_jan13frl.txt,13300474,"Aronian, Levon",GM,,,ARM,M,2802,8,10,1982,True,,3,3,2013_M,Q154586,1982-10-06,11,1982,,1982-10-06,wikidata_exact_filled,False,1982-10-06,primary_clean_wikidata_exact,False,M,3,3.3220930100299944,0.9959266802443992
2013-01,FIDE official January 2013 standard rating list,http://ratings.fide.com/download/standard_jan13frl.zip,standard_jan13frl.txt,13400924,"Radjabov, Teimour",GM,,,AZE,M,2793,0,10,1987,True,,4,4,2013_M,Q211634,1987-03-12,11,1987,,1987-03-12,wikidata_exact_filled,False,1987-03-12,primary_clean_wikidata_exact,False,M,4,3.1708978793585914,0.9938900203665988
2013-01,FIDE official January 2013 standard rating list,http://ratings.fide.com/download/standard_jan13frl.zip,standard_jan13frl.txt,2020009,"Caruana, Fabiano",GM,,,ITA,M,2781,11,10,1992,True,,5,5,2013_M,Q367277,1992-07-30,11,1992,,1992-07-30,wikidata_exact_filled,False,1992-07-30,primary_clean_wikidata_exact,False,M,5,2.9693043717967207,0.9918533604887984
2013-01,FIDE official January 2013 standard rating list,http://ratings.fide.com/download/standard_jan13frl.zip,standard_jan13frl.txt,14109603,"Karjakin, Sergey",GM,,,RUS,M,2780,11,10,1990,True,,6,6,2013_M,Q217198,1990-01-12,11,1990,,1990-01-12,wikidata_exact_filled,False,1990-01-12,primary_clean_wikidata_exact,False,M,6,2.9525049128332315,0.9898167006109979
2013-01,FIDE official January 2013 standard rating list,http://ratings.fide.com/download/standard_jan13frl.zip,standard_jan13frl.txt,5000017,"Anand, Viswanathan",GM,,,IND,M,2772,8,10,1969,True,,7,7,2013_M,Q45747,1969-12-11,11,1969,,1969-12-11,wikidata_exact_filled,False,1969-12-11,primary_clean_wikidata_exact,False,M,7,2.8181092411253177,0.9877800407331976
2013-01,FIDE official January 2013 standard rating list,http://ratings.fide.com/download/standard_jan13frl.zip,standard_jan13frl.txt,2900084,"Topalov, Veselin",GM,,,BUL,M,2771,0,10,1975,True,,8,8,2013_M,Q172798,1975-03-15,11,1975,,1975-03-15,wikidata_exact_filled,False,1975-03-15,primary_clean_wikidata_exact,False,M,8,2.8013097821618285,0.9857433808553971
2013-01,FIDE official January 2013 standard rating list,http://ratings.fide.com/download/standard_jan13frl.zip,standard_jan13frl.txt,2016192,"Nakamura, Hikaru",GM,,,USA,M,2769,8,10,1987,True,,9,9,2013_M,Q337223,1987-12-09,11,1987,,1987-12-09,wikidata_exact_filled,False,1987-12-09,primary_clean_wikidata_exact,False,M,9,2.76771086423485,0.9837067209775967
2013-01,FIDE official January 2013 standard rating list,http://ratings.fide.com/download/standard_jan13frl.zip,standard_jan13frl.txt,13401319,"Mamedyarov, Shakhriyar",GM,,,AZE,M,2766,11,10,1985,True,,10,10,2013_M,Q312267,1985-04-12,11,1985,,1985-04-12,wikidata_exact_filled,False,1985-04-12,primary_clean_wikidata_exact,False,M,10,2.7173124873443824,0.9816700610997964
2013-01,FIDE official January 2013 standard rating list,http://ratings.fide.com/download/standard_jan13frl.zip,standard_jan13frl.txt,4126025,"Grischuk, Alexander",GM,,,RUS,M,2764,0,10,1983,True,,11,11,2013_M,Q314531,1983-10-31,11,1983,,1983-10-31,wikidata_exact_filled,False,1983-10-31,primary_clean_wikidata_exact,False,M,11,2.683713569417404,0.9796334012219959
2013-01,FIDE official January 2013 standard rating list,http://ratings.fide.com/download/standard_jan13frl.zip,standard_jan13frl.txt,14100010,"Ivanchuk, Vassily",GM,,,UKR,M,2758,4,10,1969,True,,12,12,2013_M,Q208229,1969-01-01;1969-03-18,9;11,1969,,1969-03-18,wikidata_exact_filled,False,1969-03-18,primary_clean_wikidata_exact,False,M,12,2.5829168156364686,0.9775967413441955
2013-01,FIDE official January 2013 standard rating list,http://ratings.fide.com/download/standard_jan13frl.zip,standard_jan13frl.txt,4116992,"Morozevich, Alexander",GM,,,RUS,M,2758,11,10,1977,True,,12,12,2013_M,Q312918,1977-07-18,11,1977,,1977-07-18,wikidata_exact_filled,False,1977-07-18,primary_clean_wikidata_exact,False,M,12,2.5829168156364686,0.9775967413441955
2013-01,FIDE official January 2013 standard rating list,http://ratings.fide.com/download/standard_jan13frl.zip,standard_jan13frl.txt,8602883,"Wang, Hao",GM,,,CHN,M,2752,13,10,1989,True,,14,14,2013_M,Q964913,1989-08-04,11,1989,,1989-08-04,wikidata_exact_filled,False,1989-08-04,primary_clean_wikidata_exact,False,M,14,2.4821200618555332,0.9735234215885947
2013-01,FIDE official January 2013 standard rating list,http://ratings.fide.com/download/standard_jan13frl.zip,standard_jan13frl.txt,4102142,"Svidler, Peter",GM,,,RUS,M,2747,11,10,1976,True,,15,15,2013_M,Q278777,1976-06-17,11,1976,,1976-06-17,wikidata_exact_filled,False,1976-06-17,primary_clean_wikidata_exact,False,M,15,2.3981227670380867,0.9714867617107943
2013-01,FIDE official January 2013 standard rating list,http://ratings.fide.com/download/standard_jan13frl.zip,standard_jan13frl.txt,2805677,"Gelfand, Boris",GM,,,ISR,M,2740,11,10,1968,True,,16,16,2013_M,Q486778,1968-06-24,11,1968,,1968-06-24,wikidata_exact_filled,False,1968-06-24,primary_clean_wikidata_exact,False,M,16,2.280526554293662,0.9694501018329938
2013-01,FIDE official January 2013 standard rating list,http://ratings.fide.com/download/standard_jan13frl.zip,standard_jan13frl.txt,2000024,"Kamsky, Gata",GM,,,USA,M,2740,11,10,1974,True,,16,16,2013_M,Q315155,1974-06-02,11,1974,,1974-06-02,wikidata_exact_filled,False,1974-06-02,primary_clean_wikidata_exact,False,M,16,2.280526554293662,0.9694501018329938
2013-01,FIDE official January 2013 standard rating list,http://ratings.fide.com/download/standard_jan13frl.zip,standard_jan13frl.txt,703303,"Leko, Peter",GM,,,HUN,M,2735,11,10,1979,True,,19,19,2013_M,Q210922,1979-09-08,11,1979,,1979-09-08,wikidata_exact_filled,False,1979-09-08,primary_clean_wikidata_exact,False,M,18,2.196529259476216,0.9653767820773931
2013-01,FIDE official January 2013 standard rating list,http://ratings.fide.com/download/standard_jan13frl.zip,standard_jan13frl.txt,4122356,"Jakovenko, Dmitry",GM,,,RUS,M,2734,10,10,1983,True,,20,20,2013_M,Q363938,1983-06-28,11,1983,,1983-06-28,wikidata_exact_filled,False,1983-06-28,primary_clean_wikidata_exact,False,M,19,2.179729800512727,0.9633401221995926
2013-01,FIDE official January 2013 standard rating list,http://ratings.fide.com/download/standard_jan13frl.zip,standard_jan13frl.txt,14103320,"Ponomariov, Ruslan",GM,,,UKR,M,2733,11,10,1983,True,,21,21,2013_M,Q207723,1983-10-11,11,1983,,1983-10-11,wikidata_exact_filled,False,1983-10-11,primary_clean_wikidata_exact,False,M,20,2.1629303415492376,0.9613034623217923
2013-01,FIDE official January 2013 standard rating list,http://ratings.fide.com/download/standard_jan13frl.zip,standard_jan13frl.txt,4158814,"Andreikin, Dmitry",GM,,,RUS,M,2727,6,10,1990,True,,22,22,2013_M,Q1232768,1990-02-05,11,1990,,1990-02-05,wikidata_exact_filled,False,1990-02-05,primary_clean_wikidata_exact,False,M,21,2.0621335877683022,0.9592668024439919
2013-01,FIDE official January 2013 standard rating list,http://ratings.fide.com/download/standard_jan13frl.zip,standard_jan13frl.txt,24116068,"Giri, Anish",GM,,,NED,M,2726,7,10,1994,True,,23,23,2013_M,Q548946,1994-06-28,11,1994,,1994-06-28,wikidata_exact_filled,False,1994-06-28,primary_clean_wikidata_exact,False,M,22,2.045334128804813,0.9572301425661914
2013-01,FIDE official January 2013 standard rating list,http://ratings.fide.com/download/standard_jan13frl.zip,standard_jan13frl.txt,400041,"Adams, Michael",GM,,,ENG,M,2725,8,10,1971,True,,24,24,2013_M,Q299636,1971-11-17,11,1971,,1971-11-17,wikidata_exact_filled,False,1971-11-17,primary_clean_wikidata_exact,False,M,23,2.028534669841324,0.955193482688391
2013-01,FIDE official January 2013 standard rating list,http://ratings.fide.com/download/standard_jan13frl.zip,standard_jan13frl.txt,3503240,"Dominguez Perez, Leinier",GM,,,CUB,M,2723,11,10,1983,True,,25,25,2013_M,Q506421,1983-09-23,11,1983,,1983-09-23,wikidata_exact_filled,False,1983-09-23,primary_clean_wikidata_exact,False,M,24,1.9949357519143456,0.9531568228105907
2013-01,FIDE official January 2013 standard rating list,http://ratings.fide.com/download/standard_jan13frl.zip,standard_jan13frl.txt,1118358,"Wojtaszek, Radoslaw",GM,,,POL,M,2723,11,10,1987,True,,25,25,2013_M,Q185236,1987-01-13,11,1987,,1987-01-13,wikidata_exact_filled,False,1987-01-13,primary_clean_wikidata_exact,False,M,24,1.9949357519143456,0.9531568228105907
2013-01,FIDE official January 2013 standard rating list,http://ratings.fide.com/download/standard_jan13frl.zip,standard_jan13frl.txt,4147235,"Tomashevsky, Evgeny",GM,,,RUS,M,2722,4,10,1987,True,,27,27,2013_M,Q442544,1987-07-01,11,1987,,1987-07-01,wikidata_exact_filled,False,1987-07-01,primary_clean_wikidata_exact,False,M,26,1.9781362929508564,0.9490835030549898
2013-01,FIDE official January 2013 standard rating list,http://ratings.fide.com/download/standard_jan13frl.zip,standard_jan13frl.txt,14107090,"Volokitin, Andrei",GM,,,UKR,M,2722,4,10,1986,True,,27,27,2013_M,Q276885,1986-06-18,11,1986,,1986-06-18,wikidata_exact_filled,False,1986-06-18,primary_clean_wikidata_exact,False,M,26,1.9781362929508564,0.9490835030549898
2013-01,FIDE official January 2013 standard rating list,http://ratings.fide.com/download/standard_jan13frl.zip,standard_jan13frl.txt,14109530,"Areshchenko, Alexander",GM,,,UKR,M,2720,0,10,1986,True,,29,29,2013_M,Q251611,1986-06-15,11,1986,,1986-06-15,wikidata_exact_filled,False,1986-06-15,primary_clean_wikidata_exact,False,M,28,1.944537375023878,0.945010183299389
2013-01,FIDE official January 2013 standard rating list,http://ratings.fide.com/download/standard_jan13frl.zip,standard_jan13frl.txt,623539,"Vachier-Lagrave, Maxime",GM,,,FRA,M,2713,4,10,1990,True,,30,30,2013_M,Q256923,1990-10-21,11,1990,,1990-10-21,wikidata_exact_filled,False,1990-10-21,primary_clean_wikidata_exact,False,M,29,1.8269411622794531,0.9429735234215886
2013-01,FIDE official January 2013 standard rating list,http://ratings.fide.com/download/standard_jan13frl.zip,standard_jan13frl.txt,309095,"Navara, David",GM,,,CZE,M,2710,0,10,1985,True,,31,31,2013_M,Q465524,1985-03-27,11,1985,,1985-03-27,wikidata_exact_filled,False,1985-03-27,primary_clean_wikidata_exact,False,M,30,1.7765427853889855,0.9409368635437881
2013-01,FIDE official January 2013 standard rating list,http://ratings.fide.com/download/standard_jan13frl.zip,standard_jan13frl.txt,2905540,"Cheparinov, Ivan",GM,,,BUL,M,2709,0,10,1986,True,,32,32,2013_M,Q525731,1986-11-26,11,1986,,1986-11-26,wikidata_exact_filled,False,1986-11-26,primary_clean_wikidata_exact,False,M,31,1.7597433264254962,0.9389002036659878
2013-01,FIDE official January 2013 standard rating list,http://ratings.fide.com/download/standard_jan13frl.zip,standard_jan13frl.txt,8603677,"Ding, Liren",GM,,,CHN,M,2709,4,10,1992,True,,32,32,2013_M,Q1191198,1992-10-24,11,1992,,1992-10-24,wikidata_exact_filled,False,1992-10-24,primary_clean_wikidata_exact,False,M,31,1.7597433264254962,0.9389002036659878
2013-01,FIDE official January 2013 standard rating list,http://ratings.fide.com/download/standard_jan13frl.zip,standard_jan13frl.txt,14200244,"Kasimdzhanov, Rustam",GM,,,UZB,M,2709,11,10,1979,True,,32,32,2013_M,Q489015,1979-12-05,11,1979,,1979-12-05,wikidata_exact_filled,False,1979-12-05,primary_clean_wikidata_exact,False,M,31,1.7597433264254962,0.9389002036659878
2013-01,FIDE official January 2013 standard rating list,http://ratings.fide.com/download/standard_jan13frl.zip,standard_jan13frl.txt,4120787,"Malakhov, Vladimir",GM,,,RUS,M,2709,4,10,1980,True,,32,32,2013_M,Q703625,1980-11-27,11,1980,,1980-11-27,wikidata_exact_filled,False,1980-11-27,primary_clean_wikidata_exact,False,M,31,1.7597433264254962,0.9389002036659878
2013-01,FIDE official January 2013 standard rating list,http://ratings.fide.com/download/standard_jan13frl.zip,standard_jan13frl.txt,4650891,"Naiditsch, Arkadij",GM,,,GER,M,2708,0,10,1985,True,,36,36,2013_M,Q77224,1985-10-25,11,1985,,1985-10-25,wikidata_exact_filled,False,1985-10-25,primary_clean_wikidata_exact,False,M,35,1.742943867462007,0.9307535641547862
2013-01,FIDE official January 2013 standard rating list,http://ratings.fide.com/download/standard_jan13frl.zip,standard_jan13frl.txt,2209390,"Shirov, Alexei",GM,,,LAT,M,2708,0,10,1972,True,,36,36,2013_M,Q214713,1972-07-04,11,1972,,1972-07-04,wikidata_exact_filled,False,1972-07-04,primary_clean_wikidata_exact,False,M,35,1.742943867462007,0.9307535641547862
2013-01,FIDE official January 2013 standard rating list,http://ratings.fide.com/download/standard_jan13frl.zip,standard_jan13frl.txt,608742,"Fressinet, Laurent",GM,,,FRA,M,2706,4,10,1981,True,,38,38,2013_M,Q1383467,1981-11-30,11,1981,,1981-11-30,wikidata_exact_filled,False,1981-11-30,primary_clean_wikidata_exact,False,M,37,1.7093449495350286,0.9266802443991853
2013-01,FIDE official January 2013 standard rating list,http://ratings.fide.com/download/standard_jan13frl.zip,standard_jan13frl.txt,12401137,"Le, Quang Liem",GM,,,VIE,M,2705,0,10,1991,True,,39,39,2013_M,Q734168,1991-03-13,11,1991,,1991-03-13,wikidata_exact_filled,False,1991-03-13,primary_clean_wikidata_exact,False,M,38,1.6925454905715394,0.924643584521385
2013-01,FIDE official January 2013 standard rating list,http://ratings.fide.com/download/standard_jan13frl.zip,standard_jan13frl.txt,4125029,"Riazantsev, Alexander",GM,,,RUS,M,2705,0,10,1985,True,,39,39,2013_M,Q115814,1985-09-12,11,1985,,1985-09-12,wikidata_exact_filled,False,1985-09-12,primary_clean_wikidata_exact,False,M,38,1.6925454905715394,0.924643584521385
2013-01,FIDE official January 2013 standard rating list,http://ratings.fide.com/download/standard_jan13frl.zip,standard_jan13frl.txt,13300032,"Akopian, Vladimir",GM,,,ARM,M,2704,0,10,1971,True,,41,41,2013_M,Q380839,1971-12-07,11,1971,,1971-12-07,wikidata_exact_filled,False,1971-12-07,primary_clean_wikidata_exact,False,M,40,1.6757460316080501,0.9205702647657841
2013-01,FIDE official January 2013 standard rating list,http://ratings.fide.com/download/standard_jan13frl.zip,standard_jan13frl.txt,605506,"Bacrot, Etienne",GM,,,FRA,M,2703,0,10,1983,True,,42,42,2013_M,Q289349,1983-01-22,11,1983,,1983-01-22,wikidata_exact_filled,False,1983-01-22,primary_clean_wikidata_exact,False,M,41,1.658946572644561,0.9185336048879837
2013-01,FIDE official January 2013 standard rating list,http://ratings.fide.com/download/standard_jan13frl.zip,standard_jan13frl.txt,14102560,"Moiseenko, Alexander",GM,,,UKR,M,2703,4,10,1980,True,,42,42,2013_M,Q923453,1980-05-17,11,1980,,1980-05-17,wikidata_exact_filled,False,1980-05-17,primary_clean_wikidata_exact,False,M,41,1.658946572644561,0.9185336048879837
2013-01,FIDE official January 2013 standard rating list,http://ratings.fide.com/download/standard_jan13frl.zip,standard_jan13frl.txt,4168119,"Nepomniachtchi, Ian",GM,,,RUS,M,2703,6,10,1990,True,,42,42,2013_M,Q521817,1990-01-01;1990-07-14,9;11,1990,,1990-07-14,wikidata_exact_filled,False,1990-07-14,primary_clean_wikidata_exact,False,M,41,1.658946572644561,0.9185336048879837
2013-01,FIDE official January 2013 standard rating list,http://ratings.fide.com/download/standard_jan13frl.zip,standard_jan13frl.txt,718572,"Berkes, Ferenc",GM,,,HUN,M,2702,9,10,1985,True,,45,45,2013_M,Q793526,1985-08-08,11,1985,,1985-08-08,wikidata_exact_filled,False,1985-08-08,primary_clean_wikidata_exact,False,M,44,1.6421471136810717,0.9124236252545825
2013-01,FIDE official January 2013 standard rating list,http://ratings.fide.com/download/standard_jan13frl.zip,standard_jan13frl.txt,13601520,"Jobava, Baadur",GM,,,GEO,M,2702,4,10,1983,True,,45,45,2013_M,Q709256,1983-11-26,11,1983,,1983-11-26,wikidata_exact_filled,False,1983-11-26,primary_clean_wikidata_exact,False,M,44,1.6421471136810717,0.9124236252545825
2013-01,FIDE official January 2013 standard rating list,http://ratings.fide.com/download/standard_jan13frl.zip,standard_jan13frl.txt,8601429,"Wang, Yue",GM,,,CHN,M,2702,5,10,1987,True,,45,45,2013_M,Q445661,1987-03-31,11,1987,,1987-03-31,wikidata_exact_filled,False,1987-03-31,primary_clean_wikidata_exact,False,M,44,1.6421471136810717,0.9124236252545825
2013-01,FIDE official January 2013 standard rating list,http://ratings.fide.com/download/standard_jan13frl.zip,standard_jan13frl.txt,3503739,"Bruzon Batista, Lazaro",GM,,,CUB,M,2701,9,10,1982,True,,48,48,2013_M,Q932307,1982-05-02,11,1982,,1982-05-02,wikidata_exact_filled,False,1982-05-02,primary_clean_wikidata_exact,False,M,47,1.6253476547175825,0.9063136456211812
2013-01,FIDE official January 2013 standard rating list,http://ratings.fide.com/download/standard_jan13frl.zip,standard_jan13frl.txt,5007003,"Harikrishna, P.",GM,,,IND,M,2698,0,10,1986,True,,49,49,2013_M,Q555232,1986-05-10,11,1986,,1986-05-10,wikidata_exact_filled,False,1986-05-10,primary_clean_wikidata_exact,False,M,48,1.5749492778271148,0.9042769857433809
2013-01,FIDE official January 2013 standard rating list,http://ratings.fide.com/download/standard_jan13frl.zip,standard_jan13frl.txt,404853,"McShane, Luke J",GM,,,ENG,M,2698,8,10,1984,True,,49,49,2013_M,Q392661,1984-01-07,11,1984,,1984-01-07,wikidata_exact_filled,False,1984-01-07,primary_clean_wikidata_exact,False,M,48,1.5749492778271148,0.9042769857433809
2013-01,FIDE official January 2013 standard rating list,http://ratings.fide.com/download/standard_jan13frl.zip,standard_jan13frl.txt,14107201,"Efimenko, Zahar",GM,,,UKR,M,2696,0,10,1985,True,,51,51,2013_M,Q562700,1985-07-03,11,1985,,1985-07-03,wikidata_exact_filled,False,1985-07-03,primary_clean_wikidata_exact,False,M,50,1.5413503599001364,0.90020366598778
2013-01,FIDE official January 2013 standard rating list,http://ratings.fide.com/download/standard_jan13frl.zip,standard_jan13frl.txt,2205530,"Vallejo Pons, Francisco",GM,,,ESP,M,2694,0,10,1982,True,,53,52,2013_M,Q543256,1982-08-21,11,1982,,1982-08-21,wikidata_exact_filled,False,1982-08-21,primary_clean_wikidata_exact,False,M,51,1.507751441973158,0.8981670061099797
2013-01,FIDE official January 2013 standard rating list,http://ratings.fide.com/download/standard_jan13frl.zip,standard_jan13frl.txt,4152956,"Vitiugov, Nikita",GM,,,RUS,M,2694,0,10,1987,True,,53,52,2013_M,Q555598,1987-02-04,11,1987,,1987-02-04,wikidata_exact_filled,False,1987-02-04,primary_clean_wikidata_exact,False,M,51,1.507751441973158,0.8981670061099797
2013-01,FIDE official January 2013 standard rating list,http://ratings.fide.com/download/standard_jan13frl.zip,standard_jan13frl.txt,4138147,"Alekseev, Evgeny",GM,,,RUS,M,2691,0,10,1985,True,,55,54,2013_M,Q708938,1985-11-28,11,1985,,1985-11-28,wikidata_exact_filled,False,1985-11-28,primary_clean_wikidata_exact,False,M,53,1.4573530650826902,0.8940936863543788
2013-01,FIDE official January 2013 standard rating list,http://ratings.fide.com/download/standard_jan13frl.zip,standard_jan13frl.txt,14105730,"Korobov, Anton",GM,,,UKR,M,2690,11,10,1985,True,,56,55,2013_M,Q591200,1985-06-25,11,1985,,1985-06-25,wikidata_exact_filled,False,1985-06-25,primary_clean_wikidata_exact,False,M,54,1.440553606119201,0.8920570264765784
2013-01,FIDE official January 2013 standard rating list,http://ratings.fide.com/download/standard_jan13frl.zip,standard_jan13frl.txt,400025,"Short, Nigel D",GM,,,ENG,M,2690,4,10,1965,True,,56,55,2013_M,Q313778,1965-06-01,11,1965,,1965-06-01,wikidata_exact_filled,False,1965-06-01,primary_clean_wikidata_exact,False,M,54,1.440553606119201,0.8920570264765784
2013-01,FIDE official January 2013 standard rating list,http://ratings.fide.com/download/standard_jan13frl.zip,standard_jan13frl.txt,702293,"Almasi, Zoltan",GM,,,HUN,M,2689,0,10,1976,True,,58,57,2013_M,Q218875,1976-08-29,11,1976,,1976-08-29,wikidata_exact_filled,False,1976-08-29,primary_clean_wikidata_exact,False,M,56,1.4237541471557118,0.8879837067209776
2013-01,FIDE official January 2013 standard rating list,http://ratings.fide.com/download/standard_jan13frl.zip,standard_jan13frl.txt,4129199,"Grachev, Boris",GM,,,RUS,M,2688,0,10,1986,True,,59,58,2013_M,Q893748,1986-03-27,11,1986,,1986-03-27,wikidata_exact_filled,False,1986-03-27,primary_clean_wikidata_exact,False,M,57,1.4069546881922226,0.8859470468431772
2013-01,FIDE official January 2013 standard rating list,http://ratings.fide.com/download/standard_jan13frl.zip,standard_jan13frl.txt,4162722,"Inarkiev, Ernesto",GM,,,RUS,M,2688,6,10,1985,True,,59,58,2013_M,Q1356780,1985-12-09,11,1985,,1985-12-09,wikidata_exact_filled,False,1985-12-09,primary_clean_wikidata_exact,False,M,57,1.4069546881922226,0.8859470468431772
2013-01,FIDE official January 2013 standard rating list,http://ratings.fide.com/download/standard_jan13frl.zip,standard_jan13frl.txt,310204,"Movsesian, Sergei",GM,,,ARM,M,2688,0,10,1978,True,,59,58,2013_M,Q460020,1978-11-03,11,1978,,1978-11-03,wikidata_exact_filled,False,1978-11-03,primary_clean_wikidata_exact,False,M,57,1.4069546881922226,0.8859470468431772
2013-01,FIDE official January 2013 standard rating list,http://ratings.fide.com/download/standard_jan13frl.zip,standard_jan13frl.txt,4115309,"Rublevsky, Sergei",GM,,,RUS,M,2688,0,10,1974,True,,59,58,2013_M,Q727947,1974-10-15,11,1974,,1974-10-15,wikidata_exact_filled,False,1974-10-15,primary_clean_wikidata_exact,False,M,57,1.4069546881922226,0.8859470468431772
2013-01,FIDE official January 2013 standard rating list,http://ratings.fide.com/download/standard_jan13frl.zip,standard_jan13frl.txt,8603820,"Yu, Yangyi",GM,,,CHN,M,2688,4,10,1994,True,,59,58,2013_M,Q377866,1994-06-08,11,1994,,1994-06-08,wikidata_exact_filled,False,1994-06-08,primary_clean_wikidata_exact,False,M,57,1.4069546881922226,0.8859470468431772
2013-01,FIDE official January 2013 standard rating list,http://ratings.fide.com/download/standard_jan13frl.zip,standard_jan13frl.txt,633429,"Edouard, Romain",GM,,,FRA,M,2686,4,10,1990,True,,64,63,2013_M,Q968844,1990-01-01;1990-11-28,9;11,1990,,1990-11-28,wikidata_exact_filled,False,1990-11-28,primary_clean_wikidata_exact,False,M,62,1.3733557702652441,0.8757637474541752
2013-01,FIDE official January 2013 standard rating list,http://ratings.fide.com/download/standard_jan13frl.zip,standard_jan13frl.txt,2802007,"Sutovsky, Emil",GM,,,ISR,M,2684,0,10,1977,True,,65,64,2013_M,Q670159,1977-09-19,11,1977,,1977-09-19,wikidata_exact_filled,False,1977-09-19,primary_clean_wikidata_exact,False,M,63,1.3397568523382657,0.8737270875763747
2013-01,FIDE official January 2013 standard rating list,http://ratings.fide.com/download/standard_jan13frl.zip,standard_jan13frl.txt,13900048,"Bologan, Viktor",GM,,FST,MDA,M,2681,0,10,1971,True,,66,65,2013_M,Q728179,1971-12-14,11,1971,,1971-12-14,wikidata_exact_filled,False,1971-12-14,primary_clean_wikidata_exact,False,M,64,1.289358475447798,0.8716904276985743
2013-01,FIDE official January 2013 standard rating list,http://ratings.fide.com/download/standard_jan13frl.zip,standard_jan13frl.txt,1000268,"Van Wely, Loek",GM,,,NED,M,2679,1,10,1972,True,,67,66,2013_M,Q956390,1972-10-07,11,1972,,1972-10-07,wikidata_exact_filled,False,1972-10-07,primary_clean_wikidata_exact,False,M,65,1.2557595575208196,0.869653767820774
2013-01,FIDE official January 2013 standard rating list,http://ratings.fide.com/download/standard_jan13frl.zip,standard_jan13frl.txt,14102951,"Eljanov, Pavel",GM,,,UKR,M,2678,4,10,1983,True,,68,67,2013_M,Q361454,1983-05-10,11,1983,,1983-05-10,wikidata_exact_filled,False,1983-05-10,primary_clean_wikidata_exact,False,M,66,1.2389600985573304,0.8676171079429735
2013-01,FIDE official January 2013 standard rating list,http://ratings.fide.com/download/standard_jan13frl.zip,standard_jan13frl.txt,1202758,"Nisipeanu, Liviu-Dieter",GM,,,ROU,M,2677,0,10,1976,True,,69,68,2013_M,Q550688,1976-08-01,11,1976,,1976-08-01,wikidata_exact_filled,False,1976-08-01,primary_clean_wikidata_exact,False,M,67,1.2221606395938411,0.8655804480651731
2013-01,FIDE official January 2013 standard rating list,http://ratings.fide.com/download/standard_jan13frl.zip,standard_jan13frl.txt,4121830,"Motylev, Alexander",GM,,,RUS,M,2676,3,10,1979,True,,70,69,2013_M,Q938831,1979-06-17,11,1979,,1979-06-17,wikidata_exact_filled,False,1979-06-17,primary_clean_wikidata_exact,False,M,68,1.205361180630352,0.8635437881873728
2013-01,FIDE official January 2013 standard rating list,http://ratings.fide.com/download/standard_jan13frl.zip,standard_jan13frl.txt,5004985,"Sasikiran, Krishnan",GM,,,IND,M,2676,0,10,1981,True,,70,69,2013_M,Q371180,1981-01-07,11,1981,,1981-01-07,wikidata_exact_filled,False,1981-01-07,primary_clean_wikidata_exact,False,M,68,1.205361180630352,0.8635437881873728
2013-01,FIDE official January 2013 standard rating list,http://ratings.fide.com/download/standard_jan13frl.zip,standard_jan13frl.txt,8601445,"Bu, Xiangzhi",GM,,,CHN,M,2675,4,10,1985,True,,72,71,2013_M,Q470788,1985-12-10,11,1985,,1985-12-10,wikidata_exact_filled,False,1985-12-10,primary_clean_wikidata_exact,False,M,70,1.1885617216668627,0.8594704684317719
2013-01,FIDE official January 2013 standard rating list,http://ratings.fide.com/download/standard_jan13frl.zip,standard_jan13frl.txt,702218,"Gyimesi, Zoltan",GM,,,HUN,M,2674,0,10,1977,True,,73,72,2013_M,Q218923,1977-03-31,11,1977,,1977-03-31,wikidata_exact_filled,False,1977-03-31,primary_clean_wikidata_exact,False,M,71,1.1717622627033735,0.8574338085539714
2013-01,FIDE official January 2013 standard rating list,http://ratings.fide.com/download/standard_jan13frl.zip,standard_jan13frl.txt,8604436,"Li, Chao b",GM,,,CHN,M,2674,4,10,1989,True,,73,72,2013_M,Q1364609,1989-04-21,11,1989,,1989-04-21,wikidata_exact_filled,False,1989-04-21,primary_clean_wikidata_exact,False,M,71,1.1717622627033735,0.8574338085539714
2013-01,FIDE official January 2013 standard rating list,http://ratings.fide.com/download/standard_jan13frl.zip,standard_jan13frl.txt,11600454,"Fridman, Daniel",GM,,,GER,M,2667,0,10,1976,True,,76,75,2013_M,Q72463,1976-02-15,11,1976,,1976-02-15,wikidata_exact_filled,False,1976-02-15,primary_clean_wikidata_exact,False,M,73,1.054166049958949,0.8533604887983707
2013-01,FIDE official January 2013 standard rating list,http://ratings.fide.com/download/standard_jan13frl.zip,standard_jan13frl.txt,14400030,"Sokolov, Ivan",GM,,,NED,M,2667,8,10,1968,True,,76,75,2013_M,Q709548,1968-06-13,11,1968,,1968-06-13,wikidata_exact_filled,False,1968-06-13,primary_clean_wikidata_exact,False,M,73,1.054166049958949,0.8533604887983707
2013-01,FIDE official January 2013 standard rating list,http://ratings.fide.com/download/standard_jan13frl.zip,standard_jan13frl.txt,14109182,"Kryvoruchko, Yuriy",GM,,,UKR,M,2666,4,10,1986,True,,78,77,2013_M,Q1713972,1986-12-19,11,1986,,1986-12-19,wikidata_exact_filled,False,1986-12-19,primary_clean_wikidata_exact,False,M,75,1.0373665909954597,0.8492871690427699
2013-01,FIDE official January 2013 standard rating list,http://ratings.fide.com/download/standard_jan13frl.zip,standard_jan13frl.txt,13300881,"Sargissian, Gabriel",GM,,,ARM,M,2666,0,10,1983,True,,78,77,2013_M,Q718592,1983-09-03,11,1983,,1983-09-03,wikidata_exact_filled,False,1983-09-03,primary_clean_wikidata_exact,False,M,75,1.0373665909954597,0.8492871690427699
2013-01,FIDE official January 2013 standard rating list,http://ratings.fide.com/download/standard_jan13frl.zip,standard_jan13frl.txt,14200937,"Gareev, Timur",GM,,,USA,M,2665,2,10,1988,True,,80,79,2013_M,Q1347365,1988-03-03,11,1988,,1988-03-03,wikidata_exact_filled,False,1988-03-03,primary_clean_wikidata_exact,False,M,77,1.0205671320319705,0.845213849287169
2013-01,FIDE official January 2013 standard rating list,http://ratings.fide.com/download/standard_jan13frl.zip,standard_jan13frl.txt,4131061,"Potkin, Vladimir",GM,,,RUS,M,2665,0,10,1982,True,,80,79,2013_M,Q732938,1982-06-28,11,1982,,1982-06-28,wikidata_exact_filled,False,1982-06-28,primary_clean_wikidata_exact,False,M,77,1.0205671320319705,0.845213849287169
2013-01,FIDE official January 2013 standard rating list,http://ratings.fide.com/download/standard_jan13frl.zip,standard_jan13frl.txt,13301527,"Gharamian, Tigran",GM,,,FRA,M,2661,0,10,1984,True,,82,81,2013_M,Q968861,1984-07-24,11,1984,,1984-07-24,wikidata_exact_filled,False,1984-07-24,primary_clean_wikidata_exact,False,M,79,0.9533692961780136,0.8411405295315683
2013-01,FIDE official January 2013 standard rating list,http://ratings.fide.com/download/standard_jan13frl.zip,standard_jan13frl.txt,14101025,"Onischuk, Alexander",GM,,,USA,M,2660,0,10,1975,True,,83,82,2013_M,Q378734,1975-09-03,11,1975,,1975-09-03,wikidata_exact_filled,False,1975-09-03,primary_clean_wikidata_exact,False,M,80,0.9365698372145244,0.8391038696537678
2013-01,FIDE official January 2013 standard rating list,http://ratings.fide.com/download/standard_jan13frl.zip,standard_jan13frl.txt,4659600,"Khenkin, Igor",GM,,,GER,M,2659,0,10,1968,True,,84,83,2013_M,Q70779,1968-03-21,11,1968,,1968-03-21,wikidata_exact_filled,False,1968-03-21,primary_clean_wikidata_exact,False,M,81,0.919770378251035,0.8370672097759674
2013-01,FIDE official January 2013 standard rating list,http://ratings.fide.com/download/standard_jan13frl.zip,standard_jan13frl.txt,4113403,"Zvjaginsev, Vadim",GM,,,RUS,M,2658,0,10,1976,True,,85,84,2013_M,Q910231,1976-08-18,11,1976,,1976-08-18,wikidata_exact_filled,False,1976-08-18,primary_clean_wikidata_exact,False,M,82,0.9029709192875458,0.835030549898167
2013-01,FIDE official January 2013 standard rating list,http://ratings.fide.com/download/standard_jan13frl.zip,standard_jan13frl.txt,1008013,"Tiviakov, Sergei",GM,,,NED,M,2657,29,10,1973,True,,86,85,2013_M,Q710938,1973-02-14,11,1973,,1973-02-14,wikidata_exact_filled,False,1973-02-14,primary_clean_wikidata_exact,False,M,83,0.8861714603240566,0.8329938900203666
2013-01,FIDE official January 2013 standard rating list,http://ratings.fide.com/download/standard_jan13frl.zip,standard_jan13frl.txt,13302485,"Melkumyan, Hrant",GM,,,ARM,M,2656,9,10,1989,True,,87,86,2013_M,Q1382386,1989-04-30,11,1989,,1989-04-30,wikidata_exact_filled,False,1989-04-30,primary_clean_wikidata_exact,False,M,84,0.8693720013605674,0.8309572301425662
2013-01,FIDE official January 2013 standard rating list,http://ratings.fide.com/download/standard_jan13frl.zip,standard_jan13frl.txt,1400355,"Nielsen, Peter Heine",GM,,,DEN,M,2656,0,10,1973,True,,87,86,2013_M,Q708943,1973-05-24,11,1973,,1973-05-24,wikidata_exact_filled,False,1973-05-24,primary_clean_wikidata_exact,False,M,84,0.8693720013605674,0.8309572301425662
2013-01,FIDE official January 2013 standard rating list,http://ratings.fide.com/download/standard_jan13frl.zip,standard_jan13frl.txt,1610856,"Ragger, Markus",GM,,,AUT,M,2655,0,10,1988,True,,89,88,2013_M,Q688382,1988-01-01;1988-02-05,9;11,1988,,1988-02-05,wikidata_exact_filled,False,1988-02-05,primary_clean_wikidata_exact,False,M,86,0.8525725423970781,0.8268839103869654
2013-01,FIDE official January 2013 standard rating list,http://ratings.fide.com/download/standard_jan13frl.zip,standard_jan13frl.txt,4100107,"Dreev, Aleksey",GM,,,RUS,M,2654,0,10,1969,True,,90,89,2013_M,Q543241,1969-01-01;1969-01-30,9;11,1969,,1969-01-30,wikidata_exact_filled,False,1969-01-30,primary_clean_wikidata_exact,False,M,87,0.8357730834335889,0.824847250509165
2013-01,FIDE official January 2013 standard rating list,http://ratings.fide.com/download/standard_jan13frl.zip,standard_jan13frl.txt,1200372,"Istratescu, Andrei",GM,,,FRA,M,2654,0,10,1975,True,,90,89,2013_M,Q502088,1975-12-03,11,1975,,1975-12-03,wikidata_exact_filled,False,1975-12-03,primary_clean_wikidata_exact,False,M,87,0.8357730834335889,0.824847250509165
2013-01,FIDE official January 2013 standard rating list,http://ratings.fide.com/download/standard_jan13frl.zip,standard_jan13frl.txt,4168003,"Matlakov, Maxim",GM,,,RUS,M,2653,9,10,1991,True,,92,91,2013_M,Q556485,1991-03-05,11,1991,,1991-03-05,wikidata_exact_filled,False,1991-03-05,primary_clean_wikidata_exact,False,M,89,0.8189736244700997,0.8207739307535642
2013-01,FIDE official January 2013 standard rating list,http://ratings.fide.com/download/standard_jan13frl.zip,standard_jan13frl.txt,4142578,"Khismatullin, Denis",GM,,,RUS,M,2652,17,10,1984,True,,93,92,2013_M,Q504960,1984-12-28,11,1984,,1984-12-28,wikidata_exact_filled,False,1984-12-28,primary_clean_wikidata_exact,False,M,90,0.8021741655066105,0.8187372708757638
2013-01,FIDE official January 2013 standard rating list,http://ratings.fide.com/download/standard_jan13frl.zip,standard_jan13frl.txt,4119150,"Kobalia, Mikhail",GM,,FST,RUS,M,2652,0,10,1978,True,,93,92,2013_M,Q1321833,1978-05-03,11,1978,,1978-05-03,wikidata_exact_filled,False,1978-05-03,primary_clean_wikidata_exact,False,M,90,0.8021741655066105,0.8187372708757638
2013-01,FIDE official January 2013 standard rating list,http://ratings.fide.com/download/standard_jan13frl.zip,standard_jan13frl.txt,2801990,"Smirin, Ilia",GM,,,ISR,M,2652,0,10,1968,True,,93,92,2013_M,Q535460,1968-01-12,11,1968,,1968-01-12,wikidata_exact_filled,False,1968-01-12,primary_clean_wikidata_exact,False,M,90,0.8021741655066105,0.8187372708757638
2013-01,FIDE official January 2013 standard rating list,http://ratings.fide.com/download/standard_jan13frl.zip,standard_jan13frl.txt,13401653,"Mamedov, Rauf",GM,,,AZE,M,2651,16,10,1988,True,,97,96,2013_M,Q574962,1988-04-26,11,1988,,1988-04-26,wikidata_exact_filled,False,1988-04-26,primary_clean_wikidata_exact,False,M,93,0.7853747065431212,0.8126272912423625
2013-01,FIDE official January 2013 standard rating list,http://ratings.fide.com/download/standard_jan13frl.zip,standard_jan13frl.txt,13502956,"Zhigalko, Sergei",GM,,,BLR,M,2651,13,10,1989,True,,97,96,2013_M,Q1376710,1989-03-28,11,1989,,1989-03-28,wikidata_exact_filled,False,1989-03-28,primary_clean_wikidata_exact,False,M,93,0.7853747065431212,0.8126272912423625
2013-01,FIDE official January 2013 standard rating list,http://ratings.fide.com/download/standard_jan13frl.zip,standard_jan13frl.txt,3901211,"Iturrizaga, Eduardo",GM,,,VEN,M,2650,0,10,1989,True,,99,98,2013_M,Q5340641,1989-11-01,11,1989,,1989-11-01,wikidata_exact_filled,False,1989-11-01,primary_clean_wikidata_exact,False,M,95,0.768575247579632,0.8085539714867617
2013-01,FIDE official January 2013 standard rating list,http://ratings.fide.com/download/standard_jan13frl.zip,standard_jan13frl.txt,4151348,"Khairullin, Ildar",GM,,,RUS,M,2650,12,10,1990,True,,99,98,2013_M,Q516135,1990-08-22,11,1990,,1990-08-22,wikidata_exact_filled,False,1990-08-22,primary_clean_wikidata_exact,False,M,95,0.768575247579632,0.8085539714867617
2013-01,FIDE official January 2013 standard rating list,http://ratings.fide.com/download/standard_jan13frl.zip,standard_jan13frl.txt,618438,"Tkachiev, Vladislav",GM,,,FRA,M,2650,0,10,1973,True,,99,98,2013_M,Q716035,1973-11-09,11,1973,,1973-11-09,wikidata_exact_filled,False,1973-11-09,primary_clean_wikidata_exact,False,M,95,0.768575247579632,0.8085539714867617
2013-01,FIDE official January 2013 standard rating list,http://ratings.fide.com/download/standard_jan13frl.zip,standard_jan13frl.txt,4142527,"Kurnosov, Igor",GM,,,RUS,M,2648,9,10,1985,True,,102,101,2013_M,Q959747,1985-05-30,11,1985,,1985-05-30,wikidata_exact_filled,False,1985-05-30,primary_clean_wikidata_exact,False,M,98,0.7349763296526536,0.8024439918533605
2013-01,FIDE official January 2013 standard rating list,http://ratings.fide.com/download/standard_jan13frl.zip,standard_jan13frl.txt,13301616,"Petrosian, Tigran L.",GM,,,ARM,M,2648,0,10,1984,True,,102,101,2013_M,Q528959,1984-09-17,11,1984,,1984-09-17,wikidata_exact_filled,False,1984-09-17,primary_clean_wikidata_exact,False,M,98,0.7349763296526536,0.8024439918533605
2013-01,FIDE official January 2013 standard rating list,http://ratings.fide.com/download/standard_jan13frl.zip,standard_jan13frl.txt,4118987,"Najer, Evgeniy",GM,,,RUS,M,2647,0,10,1977,True,,104,103,2013_M,Q490636,1977-06-22,11,1977,,1977-06-22,wikidata_exact_filled,False,1977-06-22,primary_clean_wikidata_exact,False,M,100,0.7181768706891644,0.7983706720977597
2013-01,FIDE official January 2013 standard rating list,http://ratings.fide.com/download/standard_jan13frl.zip,standard_jan13frl.txt,8601160,"Ni, Hua",GM,,,CHN,M,2646,15,10,1983,True,,105,104,2013_M,Q1450826,1983-05-31,11,1983,,1983-05-31,wikidata_exact_filled,False,1983-05-31,primary_clean_wikidata_exact,False,M,101,0.7013774117256751,0.7963340122199593
2013-01,FIDE official January 2013 standard rating list,http://ratings.fide.com/download/standard_jan13frl.zip,standard_jan13frl.txt,4675789,"Meier, Georg",GM,,,GER,M,2645,0,10,1987,True,,106,105,2013_M,Q68688,1987-08-26,11,1987,,1987-08-26,wikidata_exact_filled,False,1987-08-26,primary_clean_wikidata_exact,False,M,102,0.6845779527621859,0.7942973523421588
2013-01,FIDE official January 2013 standard rating list,http://ratings.fide.com/download/standard_jan13frl.zip,standard_jan13frl.txt,1116207,"Gajewski, Grzegorz",GM,,,POL,M,2644,0,10,1985,True,,107,106,2013_M,Q4131618,1985-07-19,11,1985,,1985-07-19,wikidata_exact_filled,False,1985-07-19,primary_clean_wikidata_exact,False,M,103,0.6677784937986967,0.7922606924643585
2013-01,FIDE official January 2013 standard rating list,http://ratings.fide.com/download/standard_jan13frl.zip,standard_jan13frl.txt,912417,"Ivanisevic, Ivan",GM,,,SRB,M,2644,9,10,1977,True,,107,106,2013_M,Q2301888,1977-01-01;1977-11-23,9;11,1977,,1977-11-23,wikidata_exact_filled,False,1977-11-23,primary_clean_wikidata_exact,False,M,103,0.6677784937986967,0.7922606924643585
2013-01,FIDE official January 2013 standard rating list,http://ratings.fide.com/download/standard_jan13frl.zip,standard_jan13frl.txt,14102536,"Fedorchuk, Sergey A.",GM,,,UKR,M,2643,14,10,1981,True,,109,108,2013_M,Q303873,1981-03-14,11,1981,,1981-03-14,wikidata_exact_filled,False,1981-03-14,primary_clean_wikidata_exact,False,M,105,0.6509790348352075,0.7881873727087576
2013-01,FIDE official January 2013 standard rating list,http://ratings.fide.com/download/standard_jan13frl.zip,standard_jan13frl.txt,2900017,"Georgiev, Kiril",GM,,,BUL,M,2643,10,10,1965,True,,109,108,2013_M,Q725606,1965-01-01;1965-11-28,9;11,1965,,1965-11-28,wikidata_exact_filled,False,1965-11-28,primary_clean_wikidata_exact,False,M,105,0.6509790348352075,0.7881873727087576
2013-01,FIDE official January 2013 standard rating list,http://ratings.fide.com/download/standard_jan13frl.zip,standard_jan13frl.txt,1304364,"Milov, Vadim",GM,,,SUI,M,2643,0,10,1972,True,,109,108,2013_M,Q667067,1972-08-01,11,1972,,1972-08-01,wikidata_exact_filled,False,1972-08-01,primary_clean_wikidata_exact,False,M,105,0.6509790348352075,0.7881873727087576
2013-01,FIDE official January 2013 standard rating list,http://ratings.fide.com/download/standard_jan13frl.zip,standard_jan13frl.txt,4189302,"Sjugirov, Sanan",GM,,,RUS,M,2643,0,10,1993,True,,109,108,2013_M,Q937577,1993-01-31,11,1993,,1993-01-31,wikidata_exact_filled,False,1993-01-31,primary_clean_wikidata_exact,False,M,105,0.6509790348352075,0.7881873727087576
2013-01,FIDE official January 2013 standard rating list,http://ratings.fide.com/download/standard_jan13frl.zip,standard_jan13frl.txt,1107038,"Socko, Bartosz",GM,,,POL,M,2643,8,10,1978,True,,109,108,2013_M,Q809574,1978-11-10,11,1978,,1978-11-10,wikidata_exact_filled,False,1978-11-10,primary_clean_wikidata_exact,False,M,105,0.6509790348352075,0.7881873727087576
2013-01,FIDE official January 2013 standard rating list,http://ratings.fide.com/download/standard_jan13frl.zip,standard_jan13frl.txt,4101685,"Landa, Konstantin",GM,,FST,RUS,M,2642,10,10,1972,True,,114,113,2013_M,Q487120,1972-01-01;1972-05-22,9;11,1972,,1972-05-22,wikidata_exact_filled,False,1972-05-22,primary_clean_wikidata_exact,False,M,110,0.6341795758717182,0.7780040733197556
2013-01,FIDE official January 2013 standard rating list,http://ratings.fide.com/download/standard_jan13frl.zip,standard_jan13frl.txt,400173,"Sadler, Matthew D",GM,,,ENG,M,2642,1,10,1974,True,,114,113,2013_M,Q634634,1974-05-15,11,1974,,1974-05-15,wikidata_exact_filled,False,1974-05-15,primary_clean_wikidata_exact,False,M,110,0.6341795758717182,0.7780040733197556
2013-01,FIDE official January 2013 standard rating list,http://ratings.fide.com/download/standard_jan13frl.zip,standard_jan13frl.txt,718939,"Balogh, Csaba",GM,,,HUN,M,2641,0,10,1987,True,,116,115,2013_M,Q789568,1987-03-10,11,1987,,1987-03-10,wikidata_exact_filled,False,1987-03-10,primary_clean_wikidata_exact,False,M,112,0.617380116908229,0.7739307535641547
2013-01,FIDE official January 2013 standard rating list,http://ratings.fide.com/download/standard_jan13frl.zip,standard_jan13frl.txt,4150120,"Lysyj, Igor",GM,,,RUS,M,2641,9,10,1987,True,,116,115,2013_M,Q4270810,1987-01-01,11,1987,,1987-01-01,wikidata_exact_filled,False,1987-01-01,primary_clean_wikidata_exact,False,M,112,0.617380116908229,0.7739307535641547
2013-01,FIDE official January 2013 standard rating list,http://ratings.fide.com/download/standard_jan13frl.zip,standard_jan13frl.txt,5016690,"Negi, Parimarjan",GM,,,IND,M,2641,0,10,1993,True,,116,115,2013_M,Q500436,1993-02-09,11,1993,,1993-02-09,wikidata_exact_filled,False,1993-02-09,primary_clean_wikidata_exact,False,M,112,0.617380116908229,0.7739307535641547
2013-01,FIDE official January 2013 standard rating list,http://ratings.fide.com/download/standard_jan13frl.zip,standard_jan13frl.txt,13600966,"Mchedlishvili, Mikheil",GM,,,GEO,M,2640,6,10,1979,True,,119,118,2013_M,Q1645419,1979-06-04,11,1979,,1979-06-04,wikidata_exact_filled,False,1979-06-04,primary_clean_wikidata_exact,False,M,115,0.6005806579447398,0.7678207739307535
2013-01,FIDE official January 2013 standard rating list,http://ratings.fide.com/download/standard_jan13frl.zip,standard_jan13frl.txt,13402129,"Safarli, Eltaj",GM,,,AZE,M,2638,7,10,1992,True,,120,119,2013_M,Q1334037,1992-05-18,11,1992,,1992-05-18,wikidata_exact_filled,False,1992-05-18,primary_clean_wikidata_exact,False,M,116,0.5669817400177614,0.7657841140529531
2013-01,FIDE official January 2013 standard rating list,http://ratings.fide.com/download/standard_jan13frl.zip,standard_jan13frl.txt,14105500,"Sumets, Andrey",GM,,,UKR,M,2638,9,10,1980,True,,120,119,2013_M,Q4445986,1980-04-15,11,1980,,1980-04-15,wikidata_exact_filled,False,1980-04-15,primary_clean_wikidata_exact,False,M,116,0.5669817400177614,0.7657841140529531
2013-01,FIDE official January 2013 standard rating list,http://ratings.fide.com/download/standard_jan13frl.zip,standard_jan13frl.txt,14602377,"Beliavsky, Alexander G",GM,,FST,SLO,M,2637,7,10,1953,True,,122,121,2013_M,Q352413,1953-12-17,11,1953,,1953-12-17,wikidata_exact_filled,False,1953-12-17,primary_clean_wikidata_exact,False,M,118,0.5501822810542721,0.7617107942973523
2013-01,FIDE official January 2013 standard rating list,http://ratings.fide.com/download/standard_jan13frl.zip,standard_jan13frl.txt,2805642,"Erenburg, Sergey",GM,,,USA,M,2637,0,10,1983,True,,122,121,2013_M,Q2512515,1983-01-27,11,1983,,1983-01-27,wikidata_exact_filled,False,1983-01-27,primary_clean_wikidata_exact,False,M,118,0.5501822810542721,0.7617107942973523
2013-01,FIDE official January 2013 standard rating list,http://ratings.fide.com/download/standard_jan13frl.zip,standard_jan13frl.txt,5010608,"Gupta, Abhijeet",GM,,,IND,M,2637,11,10,1989,True,,122,121,2013_M,Q320570,1989-10-16,11,1989,,1989-10-16,wikidata_exact_filled,False,1989-10-16,primary_clean_wikidata_exact,False,M,118,0.5501822810542721,0.7617107942973523
2013-01,FIDE official January 2013 standard rating list,http://ratings.fide.com/download/standard_jan13frl.zip,standard_jan13frl.txt,14502879,"Kozul, Zdenko",GM,,,CRO,M,2637,17,10,1966,True,,122,121,2013_M,Q168943,1966-05-21,11,1966,,1966-05-21,wikidata_exact_filled,False,1966-05-21,primary_clean_wikidata_exact,False,M,118,0.5501822810542721,0.7617107942973523
2013-01,FIDE official January 2013 standard rating list,http://ratings.fide.com/download/standard_jan13frl.zip,standard_jan13frl.txt,14118084,"Nyzhnyk, Illya",GM,,,UKR,M,2637,0,10,1996,True,,122,121,2013_M,Q494656,1996-09-27,11,1996,,1996-09-27,wikidata_exact_filled,False,1996-09-27,primary_clean_wikidata_exact,False,M,118,0.5501822810542721,0.7617107942973523
2013-01,FIDE official January 2013 standard rating list,http://ratings.fide.com/download/standard_jan13frl.zip,standard_jan13frl.txt,719978,"Erdos, Viktor",GM,,,HUN,M,2636,9,10,1987,True,,127,126,2013_M,Q2524265,1987-09-02,11,1987,,1987-09-02,wikidata_exact_filled,False,1987-09-02,primary_clean_wikidata_exact,False,M,123,0.5333828220907829,0.7515274949083504
2013-01,FIDE official January 2013 standard rating list,http://ratings.fide.com/download/standard_jan13frl.zip,standard_jan13frl.txt,3800024,"Granda Zuniga, Julio E",GM,,,PER,M,2636,9,10,1967,True,,127,126,2013_M,Q728142,1967-02-25,11,1967,,1967-02-25,wikidata_exact_filled,False,1967-02-25,primary_clean_wikidata_exact,False,M,123,0.5333828220907829,0.7515274949083504
2013-01,FIDE official January 2013 standard rating list,http://ratings.fide.com/download/standard_jan13frl.zip,standard_jan13frl.txt,1503707,"Hammer, Jon Ludvig",GM,,,NOR,M,2633,0,10,1990,True,,129,128,2013_M,Q1152824,1990-06-02,11,1990,,1990-06-02,wikidata_exact_filled,False,1990-06-02,primary_clean_wikidata_exact,False,M,125,0.48298444520031525,0.7474541751527495
2013-01,FIDE official January 2013 standard rating list,http://ratings.fide.com/download/standard_jan13frl.zip,standard_jan13frl.txt,410608,"Howell, David W L",GM,,,ENG,M,2633,4,10,1990,True,,129,128,2013_M,Q1119406,1990-11-14,11,1990,,1990-11-14,wikidata_exact_filled,False,1990-11-14,primary_clean_wikidata_exact,False,M,125,0.48298444520031525,0.7474541751527495
2013-01,FIDE official January 2013 standard rating list,http://ratings.fide.com/download/standard_jan13frl.zip,standard_jan13frl.txt,409561,"Jones, Gawain C B",GM,,,ENG,M,2632,8,10,1987,True,,131,130,2013_M,Q541729,1987-12-11,11,1987,,1987-12-11,wikidata_exact_filled,False,1987-12-11,primary_clean_wikidata_exact,False,M,127,0.466184986236826,0.7433808553971487
2013-01,FIDE official January 2013 standard rating list,http://ratings.fide.com/download/standard_jan13frl.zip,standard_jan13frl.txt,10601457,"Amin, Bassem",GM,,,EGY,M,2631,0,10,1988,True,,133,132,2013_M,Q93674,1988-09-09,11,1988,,1988-09-09,wikidata_exact_filled,False,1988-09-09,primary_clean_wikidata_exact,False,M,128,0.44938552727333675,0.7413441955193483
2013-01,FIDE official January 2013 standard rating list,http://ratings.fide.com/download/standard_jan13frl.zip,standard_jan13frl.txt,12401110,"Nguyen, Ngoc Truong Son",GM,,,VIE,M,2631,0,10,1990,True,,133,132,2013_M,Q2111035,1990-02-23,11,1990,,1990-02-23,wikidata_exact_filled,False,1990-02-23,primary_clean_wikidata_exact,False,M,128,0.44938552727333675,0.7413441955193483
2013-01,FIDE official January 2013 standard rating list,http://ratings.fide.com/download/standard_jan13frl.zip,standard_jan13frl.txt,8602956,"Wen, Yang",GM,,,CHN,M,2631,8,10,1988,True,,133,132,2013_M,Q7982247,1988-07-07,11,1988,,1988-07-07,wikidata_exact_filled,False,1988-07-07,primary_clean_wikidata_exact,False,M,128,0.44938552727333675,0.7413441955193483
2013-01,FIDE official January 2013 standard rating list,http://ratings.fide.com/download/standard_jan13frl.zip,standard_jan13frl.txt,1104306,"Macieja, Bartlomiej",GM,,,POL,M,2630,9,10,1977,True,,136,135,2013_M,Q809621,1977-10-04,11,1977,,1977-10-04,wikidata_exact_filled,False,1977-10-04,primary_clean_wikidata_exact,False,M,131,0.4325860683098475,0.7352342158859471
2013-01,FIDE official January 2013 standard rating list,http://ratings.fide.com/download/standard_jan13frl.zip,standard_jan13frl.txt,4201345,"Papaioannou, Ioannis",GM,,,GRE,M,2630,5,10,1976,True,,136,135,2013_M,Q3657177,1976-04-20,11,1976,,1976-04-20,wikidata_exact_filled,False,1976-04-20,primary_clean_wikidata_exact,False,M,131,0.4325860683098475,0.7352342158859471
2013-01,FIDE official January 2013 standard rating list,http://ratings.fide.com/download/standard_jan13frl.zip,standard_jan13frl.txt,1204297,"Parligras, Mircea-Emilian",GM,,,ROU,M,2630,3,10,1980,True,,136,135,2013_M,Q1715662,1980-12-28,11,1980,,1980-12-28,wikidata_exact_filled,False,1980-12-28,primary_clean_wikidata_exact,False,M,131,0.4325860683098475,0.7352342158859471
2013-01,FIDE official January 2013 standard rating list,http://ratings.fide.com/download/standard_jan13frl.zip,standard_jan13frl.txt,4120086,"Turov, Maxim",GM,,,RUS,M,2630,0,10,1979,True,,136,135,2013_M,Q510911,1979-12-07,11,1979,,1979-12-07,wikidata_exact_filled,False,1979-12-07,primary_clean_wikidata_exact,False,M,131,0.4325860683098475,0.7352342158859471
2013-01,FIDE official January 2013 standard rating list,http://ratings.fide.com/download/standard_jan13frl.zip,standard_jan13frl.txt,1112635,"Bartel, Mateusz",GM,,,POL,M,2629,0,10,1985,True,,140,139,2013_M,Q724047,1985-01-03,11,1985,,1985-01-03,wikidata_exact_filled,False,1985-01-03,primary_clean_wikidata_exact,False,M,135,0.4157866093463583,0.7270875763747454
2013-01,FIDE official January 2013 standard rating list,http://ratings.fide.com/download/standard_jan13frl.zip,standard_jan13frl.txt,1113100,"Krasenkow, Michal",GM,,FST,POL,M,2628,0,10,1963,True,,141,140,2013_M,Q961090,1963-11-14,11,1963,,1963-11-14,wikidata_exact_filled,False,1963-11-14,primary_clean_wikidata_exact,False,M,136,0.3989871503828691,0.725050916496945
2013-01,FIDE official January 2013 standard rating list,http://ratings.fide.com/download/standard_jan13frl.zip,standard_jan13frl.txt,14102595,"Miroshnichenko, Evgenij",GM,,,UKR,M,2628,0,10,1978,True,,141,140,2013_M,Q183284,1978-12-28,11,1978,,1978-12-28,wikidata_exact_filled,False,1978-12-28,primary_clean_wikidata_exact,False,M,136,0.3989871503828691,0.725050916496945
2013-01,FIDE official January 2013 standard rating list,http://ratings.fide.com/download/standard_jan13frl.zip,standard_jan13frl.txt,13501470,"Azarov, Sergei",GM,,,BLR,M,2627,0,10,1983,True,,143,142,2013_M,Q977595,1983-05-19,11,1983,,1983-05-19,wikidata_exact_filled,False,1983-05-19,primary_clean_wikidata_exact,False,M,138,0.38218769141937986,0.7209775967413442
2013-01,FIDE official January 2013 standard rating list,http://ratings.fide.com/download/standard_jan13frl.zip,standard_jan13frl.txt,603767,"Bauer, Christian",GM,,,FRA,M,2627,0,10,1977,True,,143,142,2013_M,Q1078924,1977-01-11,11,1977,,1977-01-11,wikidata_exact_filled,False,1977-01-11,primary_clean_wikidata_exact,False,M,138,0.38218769141937986,0.7209775967413442
2013-01,FIDE official January 2013 standard rating list,http://ratings.fide.com/download/standard_jan13frl.zip,standard_jan13frl.txt,4160258,"Demchenko, Anton",GM,,,RUS,M,2627,0,10,1987,True,,143,142,2013_M,Q4157722,1987-08-20,11,1987,,1987-08-20,wikidata_exact_filled,False,1987-08-20,primary_clean_wikidata_exact,False,M,138,0.38218769141937986,0.7209775967413442
2013-01,FIDE official January 2013 standard rating list,http://ratings.fide.com/download/standard_jan13frl.zip,standard_jan13frl.txt,4132181,"Kokarev, Dmitry",GM,,,RUS,M,2627,13,10,1982,True,,143,142,2013_M,Q466232,1982-02-18,11,1982,,1982-02-18,wikidata_exact_filled,False,1982-02-18,primary_clean_wikidata_exact,False,M,138,0.38218769141937986,0.7209775967413442
2013-01,FIDE official January 2013 standard rating list,http://ratings.fide.com/download/standard_jan13frl.zip,standard_jan13frl.txt,1007998,"L'Ami, Erwin",GM,,,NED,M,2627,1,10,1985,True,,143,142,2013_M,Q1363654,1985-04-05,11,1985,,1985-04-05,wikidata_exact_filled,False,1985-04-05,primary_clean_wikidata_exact,False,M,138,0.38218769141937986,0.7209775967413442
2013-01,FIDE official January 2013 standard rating list,http://ratings.fide.com/download/standard_jan13frl.zip,standard_jan13frl.txt,14109158,"Pilavov, Georgy",GM,,,UKR,M,2627,0,10,1974,True,,143,142,2013_M,Q4362660,1974-12-13,11,1974,,1974-12-13,wikidata_exact_filled,False,1974-12-13,primary_clean_wikidata_exact,False,M,138,0.38218769141937986,0.7209775967413442
2013-01,FIDE official January 2013 standard rating list,http://ratings.fide.com/download/standard_jan13frl.zip,standard_jan13frl.txt,1126881,"Swiercz, Dariusz",GM,,,POL,M,2627,0,10,1994,True,,143,142,2013_M,Q1992664,1994-05-31,11,1994,,1994-05-31,wikidata_exact_filled,False,1994-05-31,primary_clean_wikidata_exact,False,M,138,0.38218769141937986,0.7209775967413442
2013-01,FIDE official January 2013 standard rating list,http://ratings.fide.com/download/standard_jan13frl.zip,standard_jan13frl.txt,4120426,"Galkin, Alexander",GM,,,RUS,M,2626,0,10,1979,True,,150,149,2013_M,Q1573502,1979-02-01,11,1979,,1979-02-01,wikidata_exact_filled,False,1979-02-01,primary_clean_wikidata_exact,False,M,145,0.36538823245589064,0.7067209775967414
2013-01,FIDE official January 2013 standard rating list,http://ratings.fide.com/download/standard_jan13frl.zip,standard_jan13frl.txt,5002150,"Ganguly, Surya Shekhar",GM,,,IND,M,2626,11,10,1983,True,,150,149,2013_M,Q952098,1983-02-24,11,1983,,1983-02-24,wikidata_exact_filled,False,1983-02-24,primary_clean_wikidata_exact,False,M,145,0.36538823245589064,0.7067209775967414
2013-01,FIDE official January 2013 standard rating list,http://ratings.fide.com/download/standard_jan13frl.zip,standard_jan13frl.txt,1111914,"Miton, Kamil",GM,,,POL,M,2626,0,10,1984,True,,150,149,2013_M,Q1723070,1984-04-12,11,1984,,1984-04-12,wikidata_exact_filled,False,1984-04-12,primary_clean_wikidata_exact,False,M,145,0.36538823245589064,0.7067209775967414
2013-01,FIDE official January 2013 standard rating list,http://ratings.fide.com/download/standard_jan13frl.zip,standard_jan13frl.txt,14700077,"Amonatov, Farrukh",GM,,,TJK,M,2625,0,10,1978,True,,153,152,2013_M,Q1293356,1978-04-13,11,1978,,1978-04-13,wikidata_exact_filled,False,1978-04-13,primary_clean_wikidata_exact,False,M,148,0.3485887734924014,0.7006109979633401
2013-01,FIDE official January 2013 standard rating list,http://ratings.fide.com/download/standard_jan13frl.zip,standard_jan13frl.txt,2804158,"Roiz, Michael",GM,,,ISR,M,2625,0,10,1983,True,,153,152,2013_M,Q1857837,1983-01-01;1983-10-12,9;11,1983,,1983-10-12,wikidata_exact_filled,False,1983-10-12,primary_clean_wikidata_exact,False,M,148,0.3485887734924014,0.7006109979633401
2013-01,FIDE official January 2013 standard rating list,http://ratings.fide.com/download/standard_jan13frl.zip,standard_jan13frl.txt,13401378,"Guseinov, Gadir",GM,,,AZE,M,2623,5,10,1986,True,,155,154,2013_M,Q725177,1986-05-21,11,1986,,1986-05-21,wikidata_exact_filled,False,1986-05-21,primary_clean_wikidata_exact,False,M,150,0.31498985556542297,0.6965376782077393
2013-01,FIDE official January 2013 standard rating list,http://ratings.fide.com/download/standard_jan13frl.zip,standard_jan13frl.txt,4170350,"Popov, Ivan",GM,,,RUS,M,2623,0,10,1990,True,,155,154,2013_M,Q3429656,1990-03-20,11,1990,,1990-03-20,wikidata_exact_filled,False,1990-03-20,primary_clean_wikidata_exact,False,M,150,0.31498985556542297,0.6965376782077393
2013-01,FIDE official January 2013 standard rating list,http://ratings.fide.com/download/standard_jan13frl.zip,standard_jan13frl.txt,14116804,"Zherebukh, Yaroslav",GM,,,UKR,M,2623,0,10,1993,True,,155,154,2013_M,Q982242,1993-07-14,11,1993,,1993-07-14,wikidata_exact_filled,False,1993-07-14,primary_clean_wikidata_exact,False,M,150,0.31498985556542297,0.6965376782077393
2013-01,FIDE official January 2013 standard rating list,http://ratings.fide.com/download/standard_jan13frl.zip,standard_jan13frl.txt,14112906,"Kuzubov, Yuriy",GM,,,UKR,M,2622,0,10,1990,True,,158,157,2013_M,Q965419,1990-01-26,11,1990,,1990-01-26,wikidata_exact_filled,False,1990-01-26,primary_clean_wikidata_exact,False,M,153,0.29819039660193375,0.6904276985743381
2013-01,FIDE official January 2013 standard rating list,http://ratings.fide.com/download/standard_jan13frl.zip,standard_jan13frl.txt,2804344,"Postny, Evgeny",GM,,,ISR,M,2622,0,10,1981,True,,158,157,2013_M,Q969913,1981-07-03,11,1981,,1981-07-03,wikidata_exact_filled,False,1981-07-03,primary_clean_wikidata_exact,False,M,153,0.29819039660193375,0.6904276985743381
2013-01,FIDE official January 2013 standard rating list,http://ratings.fide.com/download/standard_jan13frl.zip,standard_jan13frl.txt,1006673,"Stellwagen, Daniel",GM,,,NED,M,2622,0,10,1987,True,,158,157,2013_M,Q492441,1987-03-01,11,1987,,1987-03-01,wikidata_exact_filled,False,1987-03-01,primary_clean_wikidata_exact,False,M,153,0.29819039660193375,0.6904276985743381
2013-01,FIDE official January 2013 standard rating list,http://ratings.fide.com/download/standard_jan13frl.zip,standard_jan13frl.txt,4625498,"Gustafsson, Jan",GM,,,GER,M,2621,0,10,1979,True,,161,160,2013_M,Q70780,1979-06-25,11,1979,,1979-06-25,wikidata_exact_filled,False,1979-06-25,primary_clean_wikidata_exact,False,M,156,0.2813909376384445,0.6843177189409368
2013-01,FIDE official January 2013 standard rating list,http://ratings.fide.com/download/standard_jan13frl.zip,standard_jan13frl.txt,738590,"Rapport, Richard",GM,,,HUN,M,2621,0,10,1996,True,,161,160,2013_M,Q945565,1996-03-25,11,1996,,1996-03-25,wikidata_exact_filled,False,1996-03-25,primary_clean_wikidata_exact,False,M,156,0.2813909376384445,0.6843177189409368
2013-01,FIDE official January 2013 standard rating list,http://ratings.fide.com/download/standard_jan13frl.zip,standard_jan13frl.txt,2200015,"Illescas Cordoba, Miguel",GM,,FST,ESP,M,2620,0,10,1965,True,,163,162,2013_M,Q212554,1965-12-03,11,1965,,1965-12-03,wikidata_exact_filled,False,1965-12-03,primary_clean_wikidata_exact,False,M,158,0.2645914786749553,0.6802443991853361
2013-01,FIDE official January 2013 standard rating list,http://ratings.fide.com/download/standard_jan13frl.zip,standard_jan13frl.txt,2000032,"Seirawan, Yasser",GM,,FST,USA,M,2620,0,10,1960,True,,163,162,2013_M,Q319208,1960-03-24,11,1960,,1960-03-24,wikidata_exact_filled,False,1960-03-24,primary_clean_wikidata_exact,False,M,158,0.2645914786749553,0.6802443991853361
2013-01,FIDE official January 2013 standard rating list,http://ratings.fide.com/download/standard_jan13frl.zip,standard_jan13frl.txt,2021285,"Lenderman, Aleksandr",GM,,,USA,M,2619,0,10,1989,True,,165,164,2013_M,Q444473,1989-09-23,11,1989,,1989-09-23,wikidata_exact_filled,False,1989-09-23,primary_clean_wikidata_exact,False,M,160,0.24779201971146608,0.6761710794297352
2013-01,FIDE official January 2013 standard rating list,http://ratings.fide.com/download/standard_jan13frl.zip,standard_jan13frl.txt,14400014,"Nikolic, Predrag",GM,,,BIH,M,2619,11,10,1960,True,,165,164,2013_M,Q634635,1960-09-11,11,1960,,1960-09-11,wikidata_exact_filled,False,1960-09-11,primary_clean_wikidata_exact,False,M,160,0.24779201971146608,0.6761710794297352
2013-01,FIDE official January 2013 standard rating list,http://ratings.fide.com/download/standard_jan13frl.zip,standard_jan13frl.txt,2101246,"Leitao, Rafael",GM,,,BRA,M,2618,0,10,1979,True,,167,166,2013_M,Q488267,1979-12-28,11,1979,,1979-12-28,wikidata_exact_filled,False,1979-12-28,primary_clean_wikidata_exact,False,M,162,0.23099256074797683,0.6720977596741344
2013-01,FIDE official January 2013 standard rating list,http://ratings.fide.com/download/standard_jan13frl.zip,standard_jan13frl.txt,14603853,"Lenic, Luka",GM,,,SLO,M,2618,12,10,1988,True,,167,166,2013_M,Q780927,1988-05-13,11,1988,,1988-05-13,wikidata_exact_filled,False,1988-05-13,primary_clean_wikidata_exact,False,M,162,0.23099256074797683,0.6720977596741344
2013-01,FIDE official January 2013 standard rating list,http://ratings.fide.com/download/standard_jan13frl.zip,standard_jan13frl.txt,14502569,"Stevic, Hrvoje",GM,,,CRO,M,2618,15,10,1980,True,,167,166,2013_M,Q741069,1980-01-08,11,1980,,1980-01-08,wikidata_exact_filled,False,1980-01-08,primary_clean_wikidata_exact,False,M,162,0.23099256074797683,0.6720977596741344
2013-01,FIDE official January 2013 standard rating list,http://ratings.fide.com/download/standard_jan13frl.zip,standard_jan13frl.txt,921629,"Perunovic, Milos",GM,,,SRB,M,2617,7,10,1984,True,,170,169,2013_M,Q2325682,1984-01-14,11,1984,,1984-01-14,wikidata_exact_filled,False,1984-01-14,primary_clean_wikidata_exact,False,M,165,0.2141931017844876,0.6659877800407332
2013-01,FIDE official January 2013 standard rating list,http://ratings.fide.com/download/standard_jan13frl.zip,standard_jan13frl.txt,2900394,"Delchev, Aleksander",GM,,,BUL,M,2616,0,10,1971,True,,171,170,2013_M,Q718236,1971-07-15,11,1971,,1971-07-15,wikidata_exact_filled,False,1971-07-15,primary_clean_wikidata_exact,False,M,166,0.1973936428209984,0.6639511201629328
2013-01,FIDE official January 2013 standard rating list,http://ratings.fide.com/download/standard_jan13frl.zip,standard_jan13frl.txt,4100026,"Karpov, Anatoly",GM,,"FA,FST",RUS,M,2616,0,10,1951,True,,171,170,2013_M,Q131674,1951-05-23,11,1951,,1951-05-23,wikidata_exact_filled,False,1951-05-23,primary_clean_wikidata_exact,False,M,166,0.1973936428209984,0.6639511201629328
2013-01,FIDE official January 2013 standard rating list,http://ratings.fide.com/download/standard_jan13frl.zip,standard_jan13frl.txt,4202694,"Mastrovasilis, Dimitrios",GM,,,GRE,M,2616,0,10,1983,True,,171,170,2013_M,Q2616379,1983-06-12,11,1983,,1983-06-12,wikidata_exact_filled,False,1983-06-12,primary_clean_wikidata_exact,False,M,166,0.1973936428209984,0.6639511201629328
2013-01,FIDE official January 2013 standard rating list,http://ratings.fide.com/download/standard_jan13frl.zip,standard_jan13frl.txt,2806851,"Rodshtein, Maxim",GM,,,ISR,M,2616,0,10,1989,True,,171,170,2013_M,Q1335244,1989-01-19,11,1989,,1989-01-19,wikidata_exact_filled,False,1989-01-19,primary_clean_wikidata_exact,False,M,166,0.1973936428209984,0.6639511201629328
2013-01,FIDE official January 2013 standard rating list,http://ratings.fide.com/download/standard_jan13frl.zip,standard_jan13frl.txt,4140419,"Timofeev, Artyom",GM,,,RUS,M,2616,11,10,1985,True,,171,170,2013_M,Q713463,1985-01-06,11,1985,,1985-01-06,wikidata_exact_filled,False,1985-01-06,primary_clean_wikidata_exact,False,M,166,0.1973936428209984,0.6639511201629328
2013-01,FIDE official January 2013 standard rating list,http://ratings.fide.com/download/standard_jan13frl.zip,standard_jan13frl.txt,13300580,"Akobian, Varuzhan",GM,,,USA,M,2615,4,10,1983,True,,176,175,2013_M,Q585320,1983-11-19,11,1983,,1983-11-19,wikidata_exact_filled,False,1983-11-19,primary_clean_wikidata_exact,False,M,171,0.18059418385750917,0.6537678207739308
2013-01,FIDE official January 2013 standard rating list,http://ratings.fide.com/download/standard_jan13frl.zip,standard_jan13frl.txt,4667719,"Baramidze, David",GM,,,GER,M,2615,0,10,1988,True,,176,175,2013_M,Q66850,1988-09-27,11,1988,,1988-09-27,wikidata_exact_filled,False,1988-09-27,primary_clean_wikidata_exact,False,M,171,0.18059418385750917,0.6537678207739308
2013-01,FIDE official January 2013 standard rating list,http://ratings.fide.com/download/standard_jan13frl.zip,standard_jan13frl.txt,13302507,"Hovhannisyan, Robert",GM,,,ARM,M,2615,0,10,1991,True,,176,175,2013_M,Q2616692,1991-03-23,11,1991,,1991-03-23,wikidata_exact_filled,False,1991-03-23,primary_clean_wikidata_exact,False,M,171,0.18059418385750917,0.6537678207739308
2013-01,FIDE official January 2013 standard rating list,http://ratings.fide.com/download/standard_jan13frl.zip,standard_jan13frl.txt,300071,"Hracek, Zbynek",GM,,,CZE,M,2615,0,10,1970,True,,176,175,2013_M,Q168312,1970-09-09,11,1970,,1970-09-09,wikidata_exact_filled,False,1970-09-09,primary_clean_wikidata_exact,False,M,171,0.18059418385750917,0.6537678207739308
2013-01,FIDE official January 2013 standard rating list,http://ratings.fide.com/download/standard_jan13frl.zip,standard_jan13frl.txt,2023970,"Robson, Ray",GM,,,USA,M,2615,0,10,1994,True,,176,175,2013_M,Q2064538,1994-10-25,11,1994,,1994-10-25,wikidata_exact_filled,False,1994-10-25,primary_clean_wikidata_exact,False,M,171,0.18059418385750917,0.6537678207739308
2013-01,FIDE official January 2013 standard rating list,http://ratings.fide.com/download/standard_jan13frl.zip,standard_jan13frl.txt,4138716,"Bocharov, Dmitry",GM,,,RUS,M,2614,6,10,1982,True,,181,180,2013_M,Q2081744,1982-10-20,11,1982,,1982-10-20,wikidata_exact_filled,False,1982-10-20,primary_clean_wikidata_exact,False,M,176,0.16379472489401994,0.6435845213849287
2013-01,FIDE official January 2013 standard rating list,http://ratings.fide.com/download/standard_jan13frl.zip,standard_jan13frl.txt,4100115,"Khalifman, Alexander",GM,,,RUS,M,2614,0,10,1966,True,,181,180,2013_M,Q106374,1966-01-18,11,1966,,1966-01-18,wikidata_exact_filled,False,1966-01-18,primary_clean_wikidata_exact,False,M,176,0.16379472489401994,0.6435845213849287
2013-01,FIDE official January 2013 standard rating list,http://ratings.fide.com/download/standard_jan13frl.zip,standard_jan13frl.txt,14508150,"Saric, Ivan",GM,,,CRO,M,2614,9,10,1990,True,,181,180,2013_M,Q993350,1990-01-01;1990-08-17,9;11,1990,,1990-08-17,wikidata_exact_filled,False,1990-08-17,primary_clean_wikidata_exact,False,M,176,0.16379472489401994,0.6435845213849287
2013-01,FIDE official January 2013 standard rating list,http://ratings.fide.com/download/standard_jan13frl.zip,standard_jan13frl.txt,4653530,"Kritz, Leonid",GM,,,GER,M,2613,0,10,1984,True,,184,183,2013_M,Q74853,1984-02-26,11,1984,,1984-02-26,wikidata_exact_filled,False,1984-02-26,primary_clean_wikidata_exact,False,M,179,0.14699526593053072,0.6374745417515275
2013-01,FIDE official January 2013 standard rating list,http://ratings.fide.com/download/standard_jan13frl.zip,standard_jan13frl.txt,1207822,"Lupulescu, Constantin",GM,,,ROU,M,2612,3,10,1984,True,,185,184,2013_M,Q725279,1984-03-25,11,1984,,1984-03-25,wikidata_exact_filled,False,1984-03-25,primary_clean_wikidata_exact,False,M,180,0.1301958069670415,0.6354378818737271
2013-01,FIDE official January 2013 standard rating list,http://ratings.fide.com/download/standard_jan13frl.zip,standard_jan13frl.txt,4173708,"Rakhmanov, Aleksandr",GM,,,RUS,M,2612,0,10,1989,True,,185,184,2013_M,Q4391159,1989-08-28,11,1989,,1989-08-28,wikidata_exact_filled,False,1989-08-28,primary_clean_wikidata_exact,False,M,180,0.1301958069670415,0.6354378818737271
2013-01,FIDE official January 2013 standard rating list,http://ratings.fide.com/download/standard_jan13frl.zip,standard_jan13frl.txt,4618777,"Jussupow, Artur",GM,,FST,GER,M,2611,0,10,1960,True,,188,187,2013_M,Q60598,1960-02-13,11,1960,,1960-02-13,wikidata_exact_filled,False,1960-02-13,primary_clean_wikidata_exact,False,M,182,0.11339634800355226,0.6313645621181263
2013-01,FIDE official January 2013 standard rating list,http://ratings.fide.com/download/standard_jan13frl.zip,standard_jan13frl.txt,12800023,"Rozentalis, Eduardas",GM,,,LTU,M,2611,9,10,1963,True,,188,187,2013_M,Q964881,1963-05-27,11,1963,,1963-05-27,wikidata_exact_filled,False,1963-05-27,primary_clean_wikidata_exact,False,M,182,0.11339634800355226,0.6313645621181263
2013-01,FIDE official January 2013 standard rating list,http://ratings.fide.com/download/standard_jan13frl.zip,standard_jan13frl.txt,4115341,"Tregubov, Pavel V.",GM,,"FST,FT",RUS,M,2611,9,10,1971,True,,188,187,2013_M,Q1359225,1971-12-21,11,1971,,1971-12-21,wikidata_exact_filled,False,1971-12-21,primary_clean_wikidata_exact,False,M,182,0.11339634800355226,0.6313645621181263
2013-01,FIDE official January 2013 standard rating list,http://ratings.fide.com/download/standard_jan13frl.zip,standard_jan13frl.txt,13900200,"Iordachescu, Viorel",GM,,,MDA,M,2610,11,10,1977,True,,191,190,2013_M,Q1468090,1977-04-20,11,1977,,1977-04-20,wikidata_exact_filled,False,1977-04-20,primary_clean_wikidata_exact,False,M,185,0.09659688904006304,0.6252545824847251
2013-01,FIDE official January 2013 standard rating list,http://ratings.fide.com/download/standard_jan13frl.zip,standard_jan13frl.txt,14113007,"Kononenko, Dmitry",GM,,,UKR,M,2610,0,10,1988,True,,191,190,2013_M,Q4231065,1988-08-23,11,1988,,1988-08-23,wikidata_exact_filled,False,1988-08-23,primary_clean_wikidata_exact,False,M,185,0.09659688904006304,0.6252545824847251
2013-01,FIDE official January 2013 standard rating list,http://ratings.fide.com/download/standard_jan13frl.zip,standard_jan13frl.txt,4156803,"Korneev, Oleg",GM,,,ESP,M,2610,16,10,1969,True,,191,190,2013_M,Q569622,1969-07-25,11,1969,,1969-07-25,wikidata_exact_filled,False,1969-07-25,primary_clean_wikidata_exact,False,M,185,0.09659688904006304,0.6252545824847251
2013-01,FIDE official January 2013 standard rating list,http://ratings.fide.com/download/standard_jan13frl.zip,standard_jan13frl.txt,4123425,"Smirnov, Pavel",GM,,,RUS,M,2610,0,10,1982,True,,191,190,2013_M,Q3775343,1982-04-27,11,1982,,1982-04-27,wikidata_exact_filled,False,1982-04-27,primary_clean_wikidata_exact,False,M,185,0.09659688904006304,0.6252545824847251
2013-01,FIDE official January 2013 standard rating list,http://ratings.fide.com/download/standard_jan13frl.zip,standard_jan13frl.txt,14102196,"Baklan, Vladimir",GM,,,UKR,M,2609,0,10,1978,True,,195,194,2013_M,Q1387247,1978-02-25,11,1978,,1978-02-25,wikidata_exact_filled,False,1978-02-25,primary_clean_wikidata_exact,False,M,189,0.07979743007657382,0.6171079429735234
2013-01,FIDE official January 2013 standard rating list,http://ratings.fide.com/download/standard_jan13frl.zip,standard_jan13frl.txt,4202031,"Banikas, Hristos",GM,,FT,GRE,M,2609,5,10,1978,True,,195,194,2013_M,Q2565820,1978-05-20,11,1978,,1978-05-20,wikidata_exact_filled,False,1978-05-20,primary_clean_wikidata_exact,False,M,189,0.07979743007657382,0.6171079429735234
2013-01,FIDE official January 2013 standard rating list,http://ratings.fide.com/download/standard_jan13frl.zip,standard_jan13frl.txt,1007246,"Smeets, Jan",GM,,,NED,M,2608,8,10,1985,True,,197,196,2013_M,Q1379765,1985-04-05,11,1985,,1985-04-05,wikidata_exact_filled,False,1985-04-05,primary_clean_wikidata_exact,False,M,191,0.0629979711130846,0.6130346232179226
2013-01,FIDE official January 2013 standard rating list,http://ratings.fide.com/download/standard_jan13frl.zip,standard_jan13frl.txt,14109409,"Zubov, Alexander",GM,,,UKR,M,2608,0,10,1983,True,,197,196,2013_M,Q4194347,1983-04-04,11,1983,,1983-04-04,wikidata_exact_filled,False,1983-04-04,primary_clean_wikidata_exact,False,M,191,0.0629979711130846,0.6130346232179226
2013-01,FIDE official January 2013 standard rating list,http://ratings.fide.com/download/standard_jan13frl.zip,standard_jan13frl.txt,13500139,"Aleksandrov, Aleksej",GM,,,BLR,M,2607,19,10,1973,True,,199,198,2013_M,Q2034176,1973-05-11,11,1973,,1973-05-11,wikidata_exact_filled,False,1973-05-11,primary_clean_wikidata_exact,False,M,193,0.04619851214959537,0.6089613034623218
2013-01,FIDE official January 2013 standard rating list,http://ratings.fide.com/download/standard_jan13frl.zip,standard_jan13frl.txt,13301578,"Pashikian, Arman",GM,,,ARM,M,2607,0,10,1987,True,,199,198,2013_M,Q676954,1987-07-28,11,1987,,1987-07-28,wikidata_exact_filled,False,1987-07-28,primary_clean_wikidata_exact,False,M,193,0.04619851214959537,0.6089613034623218
2013-01,FIDE official January 2013 standard rating list,http://ratings.fide.com/download/standard_jan13frl.zip,standard_jan13frl.txt,930849,"Predojevic, Borki",GM,,,BIH,M,2607,9,10,1987,True,,199,198,2013_M,Q893855,1987-04-06,11,1987,,1987-04-06,wikidata_exact_filled,False,1987-04-06,primary_clean_wikidata_exact,False,M,193,0.04619851214959537,0.6089613034623218
2013-01,FIDE official January 2013 standard rating list,http://ratings.fide.com/download/standard_jan13frl.zip,standard_jan13frl.txt,2257327,"Salgado Lopez, Ivan",GM,,,ESP,M,2606,0,10,1991,True,,202,201,2013_M,Q2357364,1991-06-29,11,1991,,1991-06-29,wikidata_exact_filled,False,1991-06-29,primary_clean_wikidata_exact,False,M,196,0.029399053186106146,0.6028513238289206
2013-01,FIDE official January 2013 standard rating list,http://ratings.fide.com/download/standard_jan13frl.zip,standard_jan13frl.txt,2100789,"Vescovi, Giovanni",GM,,,BRA,M,2606,0,10,1978,True,,202,201,2013_M,Q1238543,1978-06-14,11,1978,,1978-06-14,wikidata_exact_filled,False,1978-06-14,primary_clean_wikidata_exact,False,M,196,0.029399053186106146,0.6028513238289206
2013-01,FIDE official January 2013 standard rating list,http://ratings.fide.com/download/standard_jan13frl.zip,standard_jan13frl.txt,4500016,"Ehlvest, Jaan",GM,,,USA,M,2605,4,10,1962,True,,204,203,2013_M,Q499615,1962-10-14,11,1962,,1962-10-14,wikidata_exact_filled,False,1962-10-14,primary_clean_wikidata_exact,False,M,198,0.012599594222616918,0.5987780040733197
2013-01,FIDE official January 2013 standard rating list,http://ratings.fide.com/download/standard_jan13frl.zip,standard_jan13frl.txt,921637,"Markus, Robert",GM,,,SRB,M,2605,15,10,1983,True,,204,203,2013_M,Q1124934,1983-10-07,11,1983,,1983-10-07,wikidata_exact_filled,False,1983-10-07,primary_clean_wikidata_exact,False,M,198,0.012599594222616918,0.5987780040733197
2013-01,FIDE official January 2013 standard rating list,http://ratings.fide.com/download/standard_jan13frl.zip,standard_jan13frl.txt,2100010,"Mecking, Henrique",GM,,,BRA,M,2604,0,10,1952,True,,206,205,2013_M,Q1379826,1952-01-23,11,1952,,1952-01-23,wikidata_exact_filled,False,1952-01-23,primary_clean_wikidata_exact,False,M,200,-0.004199864740872306,0.594704684317719
2013-01,FIDE official January 2013 standard rating list,http://ratings.fide.com/download/standard_jan13frl.zip,standard_jan13frl.txt,1301837,"Pelletier, Yannick",GM,,,SUI,M,2604,0,10,1976,True,,206,205,2013_M,Q685064,1976-09-22,11,1976,,1976-09-22,wikidata_exact_filled,False,1976-09-22,primary_clean_wikidata_exact,False,M,200,-0.004199864740872306,0.594704684317719
2013-01,FIDE official January 2013 standard rating list,http://ratings.fide.com/download/standard_jan13frl.zip,standard_jan13frl.txt,4148843,"Romanov, Evgeny",GM,,,RUS,M,2603,15,10,1988,True,,208,207,2013_M,Q4397154,1988-11-02,11,1988,,1988-11-02,wikidata_exact_filled,False,1988-11-02,primary_clean_wikidata_exact,False,M,202,-0.02099932370436153,0.5906313645621182
2013-01,FIDE official January 2013 standard rating list,http://ratings.fide.com/download/standard_jan13frl.zip,standard_jan13frl.txt,916811,"Solak, Dragan",GM,,,TUR,M,2603,9,10,1980,True,,208,207,2013_M,Q4525983,1980-03-30,11,1980,,1980-03-30,wikidata_exact_filled,False,1980-03-30,primary_clean_wikidata_exact,False,M,202,-0.02099932370436153,0.5906313645621182
2013-01,FIDE official January 2013 standard rating list,http://ratings.fide.com/download/standard_jan13frl.zip,standard_jan13frl.txt,1203975,"Vajda, Levente",GM,,,ROU,M,2603,0,10,1981,True,,208,207,2013_M,Q4102447,1981-02-13,11,1981,,1981-02-13,wikidata_exact_filled,False,1981-02-13,primary_clean_wikidata_exact,False,M,202,-0.02099932370436153,0.5906313645621182
2013-01,FIDE official January 2013 standard rating list,http://ratings.fide.com/download/standard_jan13frl.zip,standard_jan13frl.txt,1112953,"Dziuba, Marcin",GM,,,POL,M,2602,0,10,1983,True,,212,210,2013_M,Q4160912,1983-07-17,11,1983,,1983-07-17,wikidata_exact_filled,False,1983-07-17,primary_clean_wikidata_exact,False,M,205,-0.03779878266785076,0.5845213849287169
2013-01,FIDE official January 2013 standard rating list,http://ratings.fide.com/download/standard_jan13frl.zip,standard_jan13frl.txt,9000011,"Hamdouchi, Hicham",GM,,,FRA,M,2602,4,10,1972,True,,212,210,2013_M,Q1617234,1972-10-08,11,1972,,1972-10-08,wikidata_exact_filled,False,1972-10-08,primary_clean_wikidata_exact,False,M,205,-0.03779878266785076,0.5845213849287169
2013-01,FIDE official January 2013 standard rating list,http://ratings.fide.com/download/standard_jan13frl.zip,standard_jan13frl.txt,13600613,"Kacheishvili, Giorgi",GM,,,GEO,M,2602,0,10,1977,True,,212,210,2013_M,Q4217951,1977-02-10,11,1977,,1977-02-10,wikidata_exact_filled,False,1977-02-10,primary_clean_wikidata_exact,False,M,205,-0.03779878266785076,0.5845213849287169
2013-01,FIDE official January 2013 standard rating list,http://ratings.fide.com/download/standard_jan13frl.zip,standard_jan13frl.txt,13400819,"Mamedov, Nidjat",GM,,,AZE,M,2602,4,10,1985,True,,212,210,2013_M,Q1469278,1985-04-02,11,1985,,1985-04-02,wikidata_exact_filled,False,1985-04-02,primary_clean_wikidata_exact,False,M,205,-0.03779878266785076,0.5845213849287169
2013-01,FIDE official January 2013 standard rating list,http://ratings.fide.com/download/standard_jan13frl.zip,standard_jan13frl.txt,4680804,"Graf, Alexander",GM,,,GER,M,2601,0,10,1962,True,,216,214,2013_M,Q64220,1962-08-25,11,1962,,1962-08-25,wikidata_exact_filled,False,1962-08-25,primary_clean_wikidata_exact,False,M,209,-0.05459824163133998,0.5763747454175153
2013-01,FIDE official January 2013 standard rating list,http://ratings.fide.com/download/standard_jan13frl.zip,standard_jan13frl.txt,13700316,"Kazhgaleyev, Murtas",GM,,,KAZ,M,2601,3,10,1973,True,,216,214,2013_M,Q2567676,1973-11-17,11,1973,,1973-11-17,wikidata_exact_filled,False,1973-11-17,primary_clean_wikidata_exact,False,M,209,-0.05459824163133998,0.5763747454175153
2013-01,FIDE official January 2013 standard rating list,http://ratings.fide.com/download/standard_jan13frl.zip,standard_jan13frl.txt,503142,"Nyback, Tomi",GM,,,FIN,M,2601,0,10,1985,True,,216,214,2013_M,Q771709,1985-04-03,11,1985,,1985-04-03,wikidata_exact_filled,False,1985-04-03,primary_clean_wikidata_exact,False,M,209,-0.05459824163133998,0.5763747454175153
2013-01,FIDE official January 2013 standard rating list,http://ratings.fide.com/download/standard_jan13frl.zip,standard_jan13frl.txt,14401487,"Atalik, Suat",GM,,,TUR,M,2600,9,10,1964,True,,219,217,2013_M,Q1346942,1964-10-10,11,1964,,1964-10-10,wikidata_exact_filled,False,1964-10-10,primary_clean_wikidata_exact,False,M,212,-0.07139770059482921,0.570264765784114
2013-01,FIDE official January 2013 standard rating list,http://ratings.fide.com/download/standard_jan13frl.zip,standard_jan13frl.txt,24126055,"Dubov, Daniil",GM,,,RUS,M,2600,0,10,1996,True,,219,217,2013_M,Q3078552,1996-04-18,11,1996,,1996-04-18,wikidata_exact_filled,False,1996-04-18,primary_clean_wikidata_exact,False,M,212,-0.07139770059482921,0.570264765784114
2013-01,FIDE official January 2013 standard rating list,http://ratings.fide.com/download/standard_jan13frl.zip,standard_jan13frl.txt,922277,"Vuckovic, Bojan",GM,,,SRB,M,2600,0,10,1980,True,,219,217,2013_M,Q891157,1980-09-12,11,1980,,1980-09-12,wikidata_exact_filled,False,1980-09-12,primary_clean_wikidata_exact,False,M,212,-0.07139770059482921,0.570264765784114
2013-01,FIDE official January 2013 standard rating list,http://ratings.fide.com/download/standard_jan13frl.zip,standard_jan13frl.txt,8600694,"Zhang, Zhong",GM,,FT,SIN,M,2600,0,10,1978,True,,219,217,2013_M,Q197348,1978-09-05,11,1978,,1978-09-05,wikidata_exact_filled,False,1978-09-05,primary_clean_wikidata_exact,False,M,212,-0.07139770059482921,0.570264765784114
2013-01,FIDE official January 2013 standard rating list,http://ratings.fide.com/download/standard_jan13frl.zip,standard_jan13frl.txt,1705024,"Agrest, Evgenij",GM,,,SWE,M,2599,0,10,1966,True,,223,221,2013_M,Q975861,1966-08-15,11,1966,,1966-08-15,wikidata_exact_filled,False,1966-08-15,primary_clean_wikidata_exact,False,M,216,-0.08819715955831843,0.5621181262729125
2013-01,FIDE official January 2013 standard rating list,http://ratings.fide.com/download/standard_jan13frl.zip,standard_jan13frl.txt,722413,"Banusz, Tamas",GM,,,HUN,M,2599,9,10,1989,True,,223,221,2013_M,Q1169976,1989-04-08,11,1989,,1989-04-08,wikidata_exact_filled,False,1989-04-08,primary_clean_wikidata_exact,False,M,216,-0.08819715955831843,0.5621181262729125
2013-01,FIDE official January 2013 standard rating list,http://ratings.fide.com/download/standard_jan13frl.zip,standard_jan13frl.txt,4000013,"David, Alberto",GM,,,ITA,M,2599,11,10,1970,True,,223,221,2013_M,Q964846,1970-03-26,11,1970,,1970-03-26,wikidata_exact_filled,False,1970-03-26,primary_clean_wikidata_exact,False,M,216,-0.08819715955831843,0.5621181262729125
2013-01,FIDE official January 2013 standard rating list,http://ratings.fide.com/download/standard_jan13frl.zip,standard_jan13frl.txt,13302191,"Grigoryan, Avetik",GM,,,ARM,M,2599,10,10,1989,True,,223,221,2013_M,Q2332343,1989-01-27,11,1989,,1989-01-27,wikidata_exact_filled,False,1989-01-27,primary_clean_wikidata_exact,False,M,216,-0.08819715955831843,0.5621181262729125
2013-01,FIDE official January 2013 standard rating list,http://ratings.fide.com/download/standard_jan13frl.zip,standard_jan13frl.txt,1105663,"Kempinski, Robert",GM,,,POL,M,2599,0,10,1977,True,,223,221,2013_M,Q686383,1977-07-11,11,1977,,1977-07-11,wikidata_exact_filled,False,1977-07-11,primary_clean_wikidata_exact,False,M,216,-0.08819715955831843,0.5621181262729125
2013-01,FIDE official January 2013 standard rating list,http://ratings.fide.com/download/standard_jan13frl.zip,standard_jan13frl.txt,1001302,"Reinderman, Dimitri",GM,,,NED,M,2599,0,10,1972,True,,223,221,2013_M,Q1225926,1972-08-12,11,1972,,1972-08-12,wikidata_exact_filled,False,1972-08-12,primary_clean_wikidata_exact,False,M,216,-0.08819715955831843,0.5621181262729125
2013-01,FIDE official January 2013 standard rating list,http://ratings.fide.com/download/standard_jan13frl.zip,standard_jan13frl.txt,13302000,"Andriasian, Zaven",GM,,,ARM,M,2598,10,10,1989,True,,229,227,2013_M,Q1289190,1989-03-11,11,1989,,1989-03-11,wikidata_exact_filled,False,1989-03-11,primary_clean_wikidata_exact,False,M,222,-0.10499661852180765,0.5498981670061099
2013-01,FIDE official January 2013 standard rating list,http://ratings.fide.com/download/standard_jan13frl.zip,standard_jan13frl.txt,4651340,"Buhmann, Rainer",GM,,,GER,M,2598,0,10,1981,True,,229,227,2013_M,Q96768,1981-02-20,11,1981,,1981-02-20,wikidata_exact_filled,False,1981-02-20,primary_clean_wikidata_exact,False,M,222,-0.10499661852180765,0.5498981670061099
2013-01,FIDE official January 2013 standard rating list,http://ratings.fide.com/download/standard_jan13frl.zip,standard_jan13frl.txt,13402935,"Durarbayli, Vasif",GM,,,AZE,M,2598,5,10,1992,True,,229,227,2013_M,Q535368,1992-02-24,11,1992,,1992-02-24,wikidata_exact_filled,False,1992-02-24,primary_clean_wikidata_exact,False,M,222,-0.10499661852180765,0.5498981670061099
2013-01,FIDE official January 2013 standard rating list,http://ratings.fide.com/download/standard_jan13frl.zip,standard_jan13frl.txt,2008564,"Kaidanov, Gregory S",GM,,,USA,M,2598,0,10,1959,True,,229,227,2013_M,Q1266603,1959-10-11,11,1959,,1959-10-11,wikidata_exact_filled,False,1959-10-11,primary_clean_wikidata_exact,False,M,222,-0.10499661852180765,0.5498981670061099
2013-01,FIDE official January 2013 standard rating list,http://ratings.fide.com/download/standard_jan13frl.zip,standard_jan13frl.txt,4623606,"Dautov, Rustem",GM,,,GER,M,2595,0,10,1965,True,,234,231,2013_M,Q67746,1965-11-28,11,1965,,1965-11-28,wikidata_exact_filled,False,1965-11-28,primary_clean_wikidata_exact,False,M,226,-0.15539499541227533,0.5417515274949084
2013-01,FIDE official January 2013 standard rating list,http://ratings.fide.com/download/standard_jan13frl.zip,standard_jan13frl.txt,2022036,"Hess, Robert L",GM,,,USA,M,2595,0,10,1991,True,,234,231,2013_M,Q4497391,1991-12-19,11,1991,,1991-12-19,wikidata_exact_filled,False,1991-12-19,primary_clean_wikidata_exact,False,M,226,-0.15539499541227533,0.5417515274949084
2013-01,FIDE official January 2013 standard rating list,http://ratings.fide.com/download/standard_jan13frl.zip,standard_jan13frl.txt,13601733,"Izoria, Zviad",GM,,,GEO,M,2595,0,10,1984,True,,234,231,2013_M,Q1355533,1984-01-06,11,1984,,1984-01-06,wikidata_exact_filled,False,1984-01-06,primary_clean_wikidata_exact,False,M,226,-0.15539499541227533,0.5417515274949084
2013-01,FIDE official January 2013 standard rating list,http://ratings.fide.com/download/standard_jan13frl.zip,standard_jan13frl.txt,3504409,"Quesada Perez, Yuniesky",GM,,,CUB,M,2595,18,10,1984,True,,234,231,2013_M,Q924753,1984-07-31,11,1984,,1984-07-31,wikidata_exact_filled,False,1984-07-31,primary_clean_wikidata_exact,False,M,226,-0.15539499541227533,0.5417515274949084
2013-01,FIDE official January 2013 standard rating list,http://ratings.fide.com/download/standard_jan13frl.zip,standard_jan13frl.txt,2004887,"Shankland, Samuel L",GM,,,USA,M,2595,0,10,1991,True,,234,231,2013_M,Q2218873,1991-01-01;1991-10-01,9;11,1991,,1991-10-01,wikidata_exact_filled,False,1991-10-01,primary_clean_wikidata_exact,False,M,226,-0.15539499541227533,0.5417515274949084
2013-01,FIDE official January 2013 standard rating list,http://ratings.fide.com/download/standard_jan13frl.zip,standard_jan13frl.txt,8603537,"Zhou, Jianchao",GM,,,CHN,M,2595,4,10,1988,True,,234,231,2013_M,Q197984,1988-06-11,11,1988,,1988-06-11,wikidata_exact_filled,False,1988-06-11,primary_clean_wikidata_exact,False,M,226,-0.15539499541227533,0.5417515274949084
2013-01,FIDE official January 2013 standard rating list,http://ratings.fide.com/download/standard_jan13frl.zip,standard_jan13frl.txt,14104385,"Zubarev, Alexander",GM,,,UKR,M,2595,10,10,1979,True,,234,231,2013_M,Q4194225,1979-12-17,11,1979,,1979-12-17,wikidata_exact_filled,False,1979-12-17,primary_clean_wikidata_exact,False,M,226,-0.15539499541227533,0.5417515274949084
2013-01,FIDE official January 2013 standard rating list,http://ratings.fide.com/download/standard_jan13frl.zip,standard_jan13frl.txt,10601619,"Adly, Ahmed",GM,,,EGY,M,2594,21,10,1987,True,,242,239,2013_M,Q93883,1987-02-19,11,1987,,1987-02-19,wikidata_exact_filled,False,1987-02-19,primary_clean_wikidata_exact,False,M,233,-0.17219445437576456,0.5274949083503055
2013-01,FIDE official January 2013 standard rating list,http://ratings.fide.com/download/standard_jan13frl.zip,standard_jan13frl.txt,14113171,"Vovk, Yuri",GM,,,UKR,M,2594,9,10,1988,True,,242,239,2013_M,Q2405566,1988-11-11,11,1988,,1988-11-11,wikidata_exact_filled,False,1988-11-11,primary_clean_wikidata_exact,False,M,233,-0.17219445437576456,0.5274949083503055
2013-01,FIDE official January 2013 standard rating list,http://ratings.fide.com/download/standard_jan13frl.zip,standard_jan13frl.txt,2300044,"Hjartarson, Johann",GM,,,ISL,M,2592,0,10,1963,True,,244,241,2013_M,Q923807,1963-02-08,11,1963,,1963-02-08,wikidata_exact_filled,False,1963-02-08,primary_clean_wikidata_exact,False,M,235,-0.205793372302743,0.5234215885947047
2013-01,FIDE official January 2013 standard rating list,http://ratings.fide.com/download/standard_jan13frl.zip,standard_jan13frl.txt,5105269,"Leon Hoyos, Manuel",GM,,,MEX,M,2591,9,10,1989,True,,245,242,2013_M,Q2356100,1989-02-10,11,1989,,1989-02-10,wikidata_exact_filled,False,1989-02-10,primary_clean_wikidata_exact,False,M,236,-0.22259283126623222,0.5213849287169042
2013-01,FIDE official January 2013 standard rating list,http://ratings.fide.com/download/standard_jan13frl.zip,standard_jan13frl.txt,13500465,"Fedorov, Alexei",GM,,,BLR,M,2590,0,10,1972,True,,246,243,2013_M,Q1376746,1972-08-05,11,1972,,1972-08-05,wikidata_exact_filled,False,1972-08-05,primary_clean_wikidata_exact,False,M,237,-0.23939229022972147,0.5193482688391039
2013-01,FIDE official January 2013 standard rating list,http://ratings.fide.com/download/standard_jan13frl.zip,standard_jan13frl.txt,13601652,"Gagunashvili, Merab",GM,,,GEO,M,2590,8,10,1985,True,,246,243,2013_M,Q1368259,1985-01-03,11,1985,,1985-01-03,wikidata_exact_filled,False,1985-01-03,primary_clean_wikidata_exact,False,M,237,-0.23939229022972147,0.5193482688391039
2013-01,FIDE official January 2013 standard rating list,http://ratings.fide.com/download/standard_jan13frl.zip,standard_jan13frl.txt,4130804,"Grigoriants, Sergey",GM,,,RUS,M,2590,2,10,1983,True,,246,243,2013_M,Q364328,1983-11-02,11,1983,,1983-11-02,wikidata_exact_filled,False,1983-11-02,primary_clean_wikidata_exact,False,M,237,-0.23939229022972147,0.5193482688391039
2013-01,FIDE official January 2013 standard rating list,http://ratings.fide.com/download/standard_jan13frl.zip,standard_jan13frl.txt,5004225,"Sandipan, Chanda",GM,,,IND,M,2590,11,10,1983,True,,246,243,2013_M,Q968772,1983-08-13,11,1983,,1983-08-13,wikidata_exact_filled,False,1983-08-13,primary_clean_wikidata_exact,False,M,237,-0.23939229022972147,0.5193482688391039
2013-01,FIDE official January 2013 standard rating list,http://ratings.fide.com/download/standard_jan13frl.zip,standard_jan13frl.txt,4122763,"Volkov, Sergey",GM,,,RUS,M,2590,0,10,1974,True,,246,243,2013_M,Q2033533,1974-02-07,11,1974,,1974-02-07,wikidata_exact_filled,False,1974-02-07,primary_clean_wikidata_exact,False,M,237,-0.23939229022972147,0.5193482688391039
2013-01,FIDE official January 2013 standard rating list,http://ratings.fide.com/download/standard_jan13frl.zip,standard_jan13frl.txt,4600010,"Huebner, Robert",GM,,,GER,M,2589,0,10,1948,True,,252,249,2013_M,Q77389,1948-11-06,11,1948,,1948-11-06,wikidata_exact_filled,False,1948-11-06,primary_clean_wikidata_exact,False,M,242,-0.2561917491932107,0.5091649694501018
2013-01,FIDE official January 2013 standard rating list,http://ratings.fide.com/download/standard_jan13frl.zip,standard_jan13frl.txt,2803828,"Huzman, Alexander",GM,,,ISR,M,2589,0,10,1962,True,,252,249,2013_M,Q2495398,1962-04-10,11,1962,,1962-04-10,wikidata_exact_filled,False,1962-04-10,primary_clean_wikidata_exact,False,M,242,-0.2561917491932107,0.5091649694501018
2013-01,FIDE official January 2013 standard rating list,http://ratings.fide.com/download/standard_jan13frl.zip,standard_jan13frl.txt,14113147,"Kravtsiv, Martyn",GM,,,UKR,M,2589,12,10,1990,True,,252,249,2013_M,Q2076408,1990-11-26,11,1990,,1990-11-26,wikidata_exact_filled,False,1990-11-26,primary_clean_wikidata_exact,False,M,242,-0.2561917491932107,0.5091649694501018
2013-01,FIDE official January 2013 standard rating list,http://ratings.fide.com/download/standard_jan13frl.zip,standard_jan13frl.txt,11600136,"Miezis, Normunds",GM,,,LAT,M,2589,4,10,1971,True,,252,249,2013_M,Q631301,1971-05-11,11,1971,,1971-05-11,wikidata_exact_filled,False,1971-05-11,primary_clean_wikidata_exact,False,M,242,-0.2561917491932107,0.5091649694501018
2013-01,FIDE official January 2013 standard rating list,http://ratings.fide.com/download/standard_jan13frl.zip,standard_jan13frl.txt,8602522,"Zhao, Jun",GM,,,CHN,M,2589,8,10,1986,True,,252,249,2013_M,Q3357852,1986-12-12,11,1986,,1986-12-12,wikidata_exact_filled,False,1986-12-12,primary_clean_wikidata_exact,False,M,242,-0.2561917491932107,0.5091649694501018
2013-01,FIDE official January 2013 standard rating list,http://ratings.fide.com/download/standard_jan13frl.zip,standard_jan13frl.txt,13502247,"Zhigalko, Andrey",GM,,,BLR,M,2589,0,10,1985,True,,252,249,2013_M,Q2066039,1985-09-18,11,1985,,1985-09-18,wikidata_exact_filled,False,1985-09-18,primary_clean_wikidata_exact,False,M,242,-0.2561917491932107,0.5091649694501018
2013-01,FIDE official January 2013 standard rating list,http://ratings.fide.com/download/standard_jan13frl.zip,standard_jan13frl.txt,4627253,"Doettling, Fabian",GM,,,GER,M,2587,0,10,1980,True,,258,255,2013_M,Q90489,1980-08-04,11,1980,,1980-08-04,wikidata_exact_filled,False,1980-08-04,primary_clean_wikidata_exact,False,M,248,-0.28979066712018914,0.4969450101832994
2013-01,FIDE official January 2013 standard rating list,http://ratings.fide.com/download/standard_jan13frl.zip,standard_jan13frl.txt,14116731,"Ipatov, Alexander",GM,,,TUR,M,2587,2,10,1993,True,,258,255,2013_M,Q2119517,1993-07-16,11,1993,,1993-07-16,wikidata_exact_filled,False,1993-07-16,primary_clean_wikidata_exact,False,M,248,-0.28979066712018914,0.4969450101832994
2013-01,FIDE official January 2013 standard rating list,http://ratings.fide.com/download/standard_jan13frl.zip,standard_jan13frl.txt,4500261,"Kulaots, Kaido",GM,,,EST,M,2587,2,10,1976,True,,258,255,2013_M,Q638126,1976-02-28,11,1976,,1976-02-28,wikidata_exact_filled,False,1976-02-28,primary_clean_wikidata_exact,False,M,248,-0.28979066712018914,0.4969450101832994
2013-01,FIDE official January 2013 standard rating list,http://ratings.fide.com/download/standard_jan13frl.zip,standard_jan13frl.txt,708020,"Acs, Peter",GM,,,HUN,M,2586,0,10,1981,True,,261,258,2013_M,Q738343,1981-05-10,11,1981,,1981-05-10,wikidata_exact_filled,False,1981-05-10,primary_clean_wikidata_exact,False,M,251,-0.30659012608367836,0.4908350305498982
2013-01,FIDE official January 2013 standard rating list,http://ratings.fide.com/download/standard_jan13frl.zip,standard_jan13frl.txt,14117908,"Kovalenko, Igor",GM,,,UKR,M,2586,2,10,1988,True,,261,258,2013_M,Q4225422,1988-12-29,11,1988,,1988-12-29,wikidata_exact_filled,False,1988-12-29,primary_clean_wikidata_exact,False,M,251,-0.30659012608367836,0.4908350305498982
2013-01,FIDE official January 2013 standard rating list,http://ratings.fide.com/download/standard_jan13frl.zip,standard_jan13frl.txt,4153278,"Kryakvin, Dmitry",GM,,,RUS,M,2586,9,10,1984,True,,261,258,2013_M,Q4243246,1984-01-01;1984-04-10,9;11,1984,,1984-04-10,wikidata_exact_filled,False,1984-04-10,primary_clean_wikidata_exact,False,M,251,-0.30659012608367836,0.4908350305498982
2013-01,FIDE official January 2013 standard rating list,http://ratings.fide.com/download/standard_jan13frl.zip,standard_jan13frl.txt,2400561,"Rowson, Jonathan",GM,,,SCO,M,2586,9,10,1977,True,,261,258,2013_M,Q1398291,1977-04-18,11,1977,,1977-04-18,wikidata_exact_filled,False,1977-04-18,primary_clean_wikidata_exact,False,M,251,-0.30659012608367836,0.4908350305498982
2013-01,FIDE official January 2013 standard rating list,http://ratings.fide.com/download/standard_jan13frl.zip,standard_jan13frl.txt,301264,"Babula, Vlastimil",GM,,,CZE,M,2585,0,10,1973,True,,265,262,2013_M,Q1382022,1973-10-02,11,1973,,1973-10-02,wikidata_exact_filled,False,1973-10-02,primary_clean_wikidata_exact,False,M,255,-0.3233895850471676,0.48268839103869654
2013-01,FIDE official January 2013 standard rating list,http://ratings.fide.com/download/standard_jan13frl.zip,standard_jan13frl.txt,2900130,"Kolev, Atanas",GM,,,BUL,M,2585,0,10,1967,True,,265,262,2013_M,Q2634340,1967-07-15,11,1967,,1967-07-15,wikidata_exact_filled,False,1967-07-15,primary_clean_wikidata_exact,False,M,255,-0.3233895850471676,0.48268839103869654
2013-01,FIDE official January 2013 standard rating list,http://ratings.fide.com/download/standard_jan13frl.zip,standard_jan13frl.txt,2801906,"Alterman, Boris",GM,,FST,ISR,M,2584,0,10,1970,True,,267,264,2013_M,Q893618,1970-05-04,11,1970,,1970-05-04,wikidata_exact_filled,False,1970-05-04,primary_clean_wikidata_exact,False,M,257,-0.3401890440106568,0.4786150712830957
2013-01,FIDE official January 2013 standard rating list,http://ratings.fide.com/download/standard_jan13frl.zip,standard_jan13frl.txt,600270,"Degraeve, Jean-Marc",GM,,,FRA,M,2584,0,10,1971,True,,267,264,2013_M,Q969892,1971-01-26,11,1971,,1971-01-26,wikidata_exact_filled,False,1971-01-26,primary_clean_wikidata_exact,False,M,257,-0.3401890440106568,0.4786150712830957
2013-01,FIDE official January 2013 standard rating list,http://ratings.fide.com/download/standard_jan13frl.zip,standard_jan13frl.txt,14903474,"Markos, Jan",GM,,,SVK,M,2584,0,10,1985,True,,267,264,2013_M,Q786107,1985-07-02,11,1985,,1985-07-02,wikidata_exact_filled,False,1985-07-02,primary_clean_wikidata_exact,False,M,257,-0.3401890440106568,0.4786150712830957
2013-01,FIDE official January 2013 standard rating list,http://ratings.fide.com/download/standard_jan13frl.zip,standard_jan13frl.txt,4157800,"Ponkratov, Pavel",GM,,,RUS,M,2584,19,10,1988,True,,267,264,2013_M,Q4371883,1988-07-15,11,1988,,1988-07-15,wikidata_exact_filled,False,1988-07-15,primary_clean_wikidata_exact,False,M,257,-0.3401890440106568,0.4786150712830957
2013-01,FIDE official January 2013 standard rating list,http://ratings.fide.com/download/standard_jan13frl.zip,standard_jan13frl.txt,4147332,"Savchenko, Boris",GM,,,RUS,M,2584,11,10,1986,True,,267,264,2013_M,Q4404275,1986-07-10,11,1986,,1986-07-10,wikidata_exact_filled,False,1986-07-10,primary_clean_wikidata_exact,False,M,257,-0.3401890440106568,0.4786150712830957
2013-01,FIDE official January 2013 standard rating list,http://ratings.fide.com/download/standard_jan13frl.zip,standard_jan13frl.txt,4121341,"Vorobiov, Evgeny E.",GM,,,RUS,M,2584,0,10,1976,True,,267,264,2013_M,Q4125169,1976-12-13,11,1976,,1976-12-13,wikidata_exact_filled,False,1976-12-13,primary_clean_wikidata_exact,False,M,257,-0.3401890440106568,0.4786150712830957
2013-01,FIDE official January 2013 standard rating list,http://ratings.fide.com/download/standard_jan13frl.zip,standard_jan13frl.txt,2803895,"Avrukh, Boris",GM,,FST,ISR,M,2583,0,10,1978,True,,273,270,2013_M,Q370989,1978-02-10,11,1978,,1978-02-10,wikidata_exact_filled,False,1978-02-10,primary_clean_wikidata_exact,False,M,263,-0.356988502974146,0.4663951120162933
2013-01,FIDE official January 2013 standard rating list,http://ratings.fide.com/download/standard_jan13frl.zip,standard_jan13frl.txt,5900212,"Kotronias, Vasilios",GM,,,GRE,M,2583,0,10,1964,True,,273,270,2013_M,Q1335802,1964-08-25,11,1964,,1964-08-25,wikidata_exact_filled,False,1964-08-25,primary_clean_wikidata_exact,False,M,263,-0.356988502974146,0.4663951120162933
2013-01,FIDE official January 2013 standard rating list,http://ratings.fide.com/download/standard_jan13frl.zip,standard_jan13frl.txt,4167392,"Chadaev, Nikolai",GM,,,RUS,M,2582,0,10,1988,True,,275,272,2013_M,Q4506687,1988-07-09,11,1988,,1988-07-09,wikidata_exact_filled,False,1988-07-09,primary_clean_wikidata_exact,False,M,265,-0.37378796193763525,0.4623217922606925
2013-01,FIDE official January 2013 standard rating list,http://ratings.fide.com/download/standard_jan13frl.zip,standard_jan13frl.txt,4162714,"Epishin, Vladimir",GM,,,RUS,M,2582,9,10,1965,True,,275,272,2013_M,Q1370851,1965-07-11,11,1965,,1965-07-11,wikidata_exact_filled,False,1965-07-11,primary_clean_wikidata_exact,False,M,265,-0.37378796193763525,0.4623217922606925
2013-01,FIDE official January 2013 standard rating list,http://ratings.fide.com/download/standard_jan13frl.zip,standard_jan13frl.txt,14103222,"Goloshchapov, Alexander",GM,,FT,UKR,M,2582,0,10,1978,True,,275,272,2013_M,Q503976,1978-01-25,11,1978,,1978-01-25,wikidata_exact_filled,False,1978-01-25,primary_clean_wikidata_exact,False,M,265,-0.37378796193763525,0.4623217922606925
2013-01,FIDE official January 2013 standard rating list,http://ratings.fide.com/download/standard_jan13frl.zip,standard_jan13frl.txt,718602,"Papp, Gabor",GM,,,HUN,M,2582,9,10,1987,True,,275,272,2013_M,Q1558687,1987-05-04,11,1987,,1987-05-04,wikidata_exact_filled,False,1987-05-04,primary_clean_wikidata_exact,False,M,265,-0.37378796193763525,0.4623217922606925
2013-01,FIDE official January 2013 standard rating list,http://ratings.fide.com/download/standard_jan13frl.zip,standard_jan13frl.txt,14506688,"Brkic, Ante",GM,,,CRO,M,2581,9,10,1988,True,,280,276,2013_M,Q360308,1988-03-31,11,1988,,1988-03-31,wikidata_exact_filled,False,1988-03-31,primary_clean_wikidata_exact,False,M,269,-0.39058742090112447,0.45417515274949083
2013-01,FIDE official January 2013 standard rating list,http://ratings.fide.com/download/standard_jan13frl.zip,standard_jan13frl.txt,200930,"Gurevich, Mikhail",GM,,"FA,FST",TUR,M,2581,0,10,1959,True,,280,276,2013_M,Q506493,1959-02-22,11,1959,,1959-02-22,wikidata_exact_filled,False,1959-02-22,primary_clean_wikidata_exact,False,M,269,-0.39058742090112447,0.45417515274949083
2013-01,FIDE official January 2013 standard rating list,http://ratings.fide.com/download/standard_jan13frl.zip,standard_jan13frl.txt,1020854,"Van Kampen, Robin",GM,,,NED,M,2581,10,10,1994,True,,280,276,2013_M,Q63329,1994-11-14,11,1994,,1994-11-14,wikidata_exact_filled,False,1994-11-14,primary_clean_wikidata_exact,False,M,269,-0.39058742090112447,0.45417515274949083
2013-01,FIDE official January 2013 standard rating list,http://ratings.fide.com/download/standard_jan13frl.zip,standard_jan13frl.txt,4131002,"Gabrielian, Artur",GM,,,RUS,M,2580,2,10,1982,True,,283,279,2013_M,Q4130938,1982-12-26,11,1982,,1982-12-26,wikidata_exact_filled,False,1982-12-26,primary_clean_wikidata_exact,False,M,272,-0.4073868798646137,0.4480651731160896
2013-01,FIDE official January 2013 standard rating list,http://ratings.fide.com/download/standard_jan13frl.zip,standard_jan13frl.txt,2100029,"Milos, Gilberto",GM,,,BRA,M,2580,9,10,1963,True,,283,279,2013_M,Q1524136,1963-10-30,11,1963,,1963-10-30,wikidata_exact_filled,False,1963-10-30,primary_clean_wikidata_exact,False,M,272,-0.4073868798646137,0.4480651731160896
2013-01,FIDE official January 2013 standard rating list,http://ratings.fide.com/download/standard_jan13frl.zip,standard_jan13frl.txt,5007429,"Panchanathan, Magesh Chandran",GM,,,IND,M,2580,0,10,1983,True,,283,279,2013_M,Q2483493,1983-08-10,11,1983,,1983-08-10,wikidata_exact_filled,False,1983-08-10,primary_clean_wikidata_exact,False,M,272,-0.4073868798646137,0.4480651731160896
2013-01,FIDE official January 2013 standard rating list,http://ratings.fide.com/download/standard_jan13frl.zip,standard_jan13frl.txt,1700588,"Cicak, Slavko",GM,,,SWE,M,2579,0,10,1969,True,,286,282,2013_M,Q362649,1969-10-25,11,1969,,1969-10-25,wikidata_exact_filled,False,1969-10-25,primary_clean_wikidata_exact,False,M,275,-0.4241863388281029,0.4419551934826884
2013-01,FIDE official January 2013 standard rating list,http://ratings.fide.com/download/standard_jan13frl.zip,standard_jan13frl.txt,14103052,"Kovchan, Alexander",GM,,,UKR,M,2579,0,10,1983,True,,286,282,2013_M,Q2231095,1983-10-21,11,1983,,1983-10-21,wikidata_exact_filled,False,1983-10-21,primary_clean_wikidata_exact,False,M,275,-0.4241863388281029,0.4419551934826884
2013-01,FIDE official January 2013 standard rating list,http://ratings.fide.com/download/standard_jan13frl.zip,standard_jan13frl.txt,14500116,"Palac, Mladen",GM,,FT,CRO,M,2579,3,10,1971,True,,286,282,2013_M,Q2085891,1971-02-18,11,1971,,1971-02-18,wikidata_exact_filled,False,1971-02-18,primary_clean_wikidata_exact,False,M,275,-0.4241863388281029,0.4419551934826884
2013-01,FIDE official January 2013 standard rating list,http://ratings.fide.com/download/standard_jan13frl.zip,standard_jan13frl.txt,4600169,"Schlosser, Philipp",GM,,,GER,M,2579,0,10,1968,True,,286,282,2013_M,Q74873,1968-08-19,11,1968,,1968-08-19,wikidata_exact_filled,False,1968-08-19,primary_clean_wikidata_exact,False,M,275,-0.4241863388281029,0.4419551934826884
2013-01,FIDE official January 2013 standard rating list,http://ratings.fide.com/download/standard_jan13frl.zip,standard_jan13frl.txt,4144031,"Danin, Alexandre",GM,,,RUS,M,2578,0,10,1986,True,,290,286,2013_M,Q27524380,1986-03-14,11,1986,,1986-03-14,wikidata_exact_filled,False,1986-03-14,primary_clean_wikidata_exact,False,M,279,-0.44098579779159214,0.43380855397148677
2013-01,FIDE official January 2013 standard rating list,http://ratings.fide.com/download/standard_jan13frl.zip,standard_jan13frl.txt,1710400,"Grandelius, Nils",GM,,,SWE,M,2578,5,10,1993,True,,290,286,2013_M,Q1992344,1993-06-03,11,1993,,1993-06-03,wikidata_exact_filled,False,1993-06-03,primary_clean_wikidata_exact,False,M,279,-0.44098579779159214,0.43380855397148677
2013-01,FIDE official January 2013 standard rating list,http://ratings.fide.com/download/standard_jan13frl.zip,standard_jan13frl.txt,2008572,"Shabalov, Alexander",GM,,,USA,M,2578,0,10,1967,True,,290,286,2013_M,Q722108,1967-09-12,11,1967,,1967-09-12,wikidata_exact_filled,False,1967-09-12,primary_clean_wikidata_exact,False,M,279,-0.44098579779159214,0.43380855397148677
2013-01,FIDE official January 2013 standard rating list,http://ratings.fide.com/download/standard_jan13frl.zip,standard_jan13frl.txt,2015315,"Stripunsky, Alexander",GM,,,USA,M,2578,0,10,1970,True,,290,286,2013_M,Q2281307,1970-08-18,11,1970,,1970-08-18,wikidata_exact_filled,False,1970-08-18,primary_clean_wikidata_exact,False,M,279,-0.44098579779159214,0.43380855397148677
2013-01,FIDE official January 2013 standard rating list,http://ratings.fide.com/download/standard_jan13frl.zip,standard_jan13frl.txt,2000059,"Christiansen, Larry M",GM,,,USA,M,2577,0,10,1956,True,,294,290,2013_M,Q534057,1956-06-27,11,1956,,1956-06-27,wikidata_exact_filled,False,1956-06-27,primary_clean_wikidata_exact,False,M,283,-0.45778525675508136,0.4256619144602851
2013-01,FIDE official January 2013 standard rating list,http://ratings.fide.com/download/standard_jan13frl.zip,standard_jan13frl.txt,4600118,"Hickl, Joerg",GM,,,GER,M,2577,0,10,1965,True,,294,290,2013_M,Q92207,1965-04-16,11,1965,,1965-04-16,wikidata_exact_filled,False,1965-04-16,primary_clean_wikidata_exact,False,M,283,-0.45778525675508136,0.4256619144602851
2013-01,FIDE official January 2013 standard rating list,http://ratings.fide.com/download/standard_jan13frl.zip,standard_jan13frl.txt,2600013,"Spraggett, Kevin",GM,,,CAN,M,2577,3,10,1954,True,,294,290,2013_M,Q948688,1954-11-10,11,1954,,1954-11-10,wikidata_exact_filled,False,1954-11-10,primary_clean_wikidata_exact,False,M,283,-0.45778525675508136,0.4256619144602851
2013-01,FIDE official January 2013 standard rating list,http://ratings.fide.com/download/standard_jan13frl.zip,standard_jan13frl.txt,2205092,"Arizmendi Martinez, Julen Luis",GM,,,ESP,M,2576,0,10,1976,True,,297,293,2013_M,Q2356884,1976-07-05,11,1976,,1976-07-05,wikidata_exact_filled,False,1976-07-05,primary_clean_wikidata_exact,False,M,286,-0.47458471571857064,0.4195519348268839
2013-01,FIDE official January 2013 standard rating list,http://ratings.fide.com/download/standard_jan13frl.zip,standard_jan13frl.txt,1003720,"Van Den Doel, Erik",GM,,,NED,M,2576,1,10,1979,True,,297,293,2013_M,Q63323,1979-05-15,11,1979,,1979-05-15,wikidata_exact_filled,False,1979-05-15,primary_clean_wikidata_exact,False,M,286,-0.47458471571857064,0.4195519348268839
2013-01,FIDE official January 2013 standard rating list,http://ratings.fide.com/download/standard_jan13frl.zip,standard_jan13frl.txt,8600970,"Zhang, Pengxiang",GM,,,CHN,M,2576,4,10,1980,True,,297,293,2013_M,Q197265,1980-06-29,11,1980,,1980-06-29,wikidata_exact_filled,False,1980-06-29,primary_clean_wikidata_exact,False,M,286,-0.47458471571857064,0.4195519348268839
2013-01,FIDE official January 2013 standard rating list,http://ratings.fide.com/download/standard_jan13frl.zip,standard_jan13frl.txt,2906074,"Iotov, Valentin",GM,,,BUL,M,2575,0,10,1988,True,,300,296,2013_M,Q2606230,1988-09-06,11,1988,,1988-09-06,wikidata_exact_filled,False,1988-09-06,primary_clean_wikidata_exact,False,M,289,-0.49138417468205986,0.4134419551934827
2013-01,FIDE official January 2013 standard rating list,http://ratings.fide.com/download/standard_jan13frl.zip,standard_jan13frl.txt,12501255,"Moradiabadi, Elshan",GM,,FT,IRI,M,2575,0,10,1985,True,,300,296,2013_M,Q8215536,1985-05-22,11,1985,,1985-05-22,wikidata_exact_filled,False,1985-05-22,primary_clean_wikidata_exact,False,M,289,-0.49138417468205986,0.4134419551934827
2013-01,FIDE official January 2013 standard rating list,http://ratings.fide.com/download/standard_jan13frl.zip,standard_jan13frl.txt,1704060,"Berg, Emanuel",GM,,,SWE,M,2574,0,10,1981,True,,302,298,2013_M,Q1334637,1981-12-28,11,1981,,1981-12-28,wikidata_exact_filled,False,1981-12-28,primary_clean_wikidata_exact,False,M,291,-0.5081836336455491,0.4093686354378819
2013-01,FIDE official January 2013 standard rating list,http://ratings.fide.com/download/standard_jan13frl.zip,standard_jan13frl.txt,3503631,"Delgado Ramirez, Neuris",GM,,,COL,M,2574,0,10,1981,True,,302,298,2013_M,Q630437,1981-09-17,11,1981,,1981-09-17,wikidata_exact_filled,False,1981-09-17,primary_clean_wikidata_exact,False,M,291,-0.5081836336455491,0.4093686354378819
2013-01,FIDE official January 2013 standard rating list,http://ratings.fide.com/download/standard_jan13frl.zip,standard_jan13frl.txt,1400037,"Hansen, Lars Bo",GM,,,DEN,M,2574,0,10,1968,True,,302,298,2013_M,Q724540,1968-09-24,11,1968,,1968-09-24,wikidata_exact_filled,False,1968-09-24,primary_clean_wikidata_exact,False,M,291,-0.5081836336455491,0.4093686354378819
2013-01,FIDE official January 2013 standard rating list,http://ratings.fide.com/download/standard_jan13frl.zip,standard_jan13frl.txt,14114038,"Onischuk, Vladimir",GM,,,UKR,M,2574,11,10,1991,True,,302,298,2013_M,Q4334927,1991-07-21,11,1991,,1991-07-21,wikidata_exact_filled,False,1991-07-21,primary_clean_wikidata_exact,False,M,291,-0.5081836336455491,0.4093686354378819
2013-01,FIDE official January 2013 standard rating list,http://ratings.fide.com/download/standard_jan13frl.zip,standard_jan13frl.txt,927031,"Popovic, Dusan",GM,,,SRB,M,2574,2,10,1983,True,,302,298,2013_M,Q4372680,1983-02-28,11,1983,,1983-02-28,wikidata_exact_filled,False,1983-02-28,primary_clean_wikidata_exact,False,M,291,-0.5081836336455491,0.4093686354378819
2013-01,FIDE official January 2013 standard rating list,http://ratings.fide.com/download/standard_jan13frl.zip,standard_jan13frl.txt,6302114,"Esen, Baris",GM,,,TUR,M,2573,3,10,1986,True,,307,303,2013_M,Q9166503,1986-11-03,11,1986,,1986-11-03,wikidata_exact_filled,False,1986-11-03,primary_clean_wikidata_exact,False,M,296,-0.5249830926090383,0.39918533604887985
2013-01,FIDE official January 2013 standard rating list,http://ratings.fide.com/download/standard_jan13frl.zip,standard_jan13frl.txt,2107139,"Fier, Alexandr",GM,,,BRA,M,2573,15,10,1988,True,,307,303,2013_M,Q1308965,1988-03-11,11,1988,,1988-03-11,wikidata_exact_filled,False,1988-03-11,primary_clean_wikidata_exact,False,M,296,-0.5249830926090383,0.39918533604887985
2013-01,FIDE official January 2013 standard rating list,http://ratings.fide.com/download/standard_jan13frl.zip,standard_jan13frl.txt,716855,"Hera, Imre Jr.",GM,,,HUN,M,2573,0,10,1986,True,,307,303,2013_M,Q1660495,1986-09-03,11,1986,,1986-09-03,wikidata_exact_filled,False,1986-09-03,primary_clean_wikidata_exact,False,M,296,-0.5249830926090383,0.39918533604887985
2013-01,FIDE official January 2013 standard rating list,http://ratings.fide.com/download/standard_jan13frl.zip,standard_jan13frl.txt,4119142,"Korotylev, Alexey",GM,,,RUS,M,2573,0,10,1977,True,,307,303,2013_M,Q1883085,1977-03-01,11,1977,,1977-03-01,wikidata_exact_filled,False,1977-03-01,primary_clean_wikidata_exact,False,M,296,-0.5249830926090383,0.39918533604887985
2013-01,FIDE official January 2013 standard rating list,http://ratings.fide.com/download/standard_jan13frl.zip,standard_jan13frl.txt,2809052,"Nabaty, Tamir",GM,,,ISR,M,2573,18,10,1991,True,,307,303,2013_M,Q1620593,1991-05-04,11,1991,,1991-05-04,wikidata_exact_filled,False,1991-05-04,primary_clean_wikidata_exact,False,M,296,-0.5249830926090383,0.39918533604887985
2013-01,FIDE official January 2013 standard rating list,http://ratings.fide.com/download/standard_jan13frl.zip,standard_jan13frl.txt,1706446,"Tikkanen, Hans",GM,,,SWE,M,2573,5,10,1985,True,,307,303,2013_M,Q471084,1985-02-06,11,1985,,1985-02-06,wikidata_exact_filled,False,1985-02-06,primary_clean_wikidata_exact,False,M,296,-0.5249830926090383,0.39918533604887985
2013-01,FIDE official January 2013 standard rating list,http://ratings.fide.com/download/standard_jan13frl.zip,standard_jan13frl.txt,813613,"Brunello, Sabino",GM,,,ITA,M,2572,20,10,1989,True,,313,309,2013_M,Q786173,1989-06-27,11,1989,,1989-06-27,wikidata_exact_filled,False,1989-06-27,primary_clean_wikidata_exact,False,M,302,-0.5417825515725275,0.3869653767820774
2013-01,FIDE official January 2013 standard rating list,http://ratings.fide.com/download/standard_jan13frl.zip,standard_jan13frl.txt,4146786,"Maletin, Pavel",GM,,,RUS,M,2572,4,10,1986,True,,313,309,2013_M,Q4277714,1986-11-06,11,1986,,1986-11-06,wikidata_exact_filled,False,1986-11-06,primary_clean_wikidata_exact,False,M,302,-0.5417825515725275,0.3869653767820774
2013-01,FIDE official January 2013 standard rating list,http://ratings.fide.com/download/standard_jan13frl.zip,standard_jan13frl.txt,708402,"Medvegy, Zoltan",GM,,,HUN,M,2572,9,10,1979,True,,313,309,2013_M,Q219000,1979-03-21,11,1979,,1979-03-21,wikidata_exact_filled,False,1979-03-21,primary_clean_wikidata_exact,False,M,302,-0.5417825515725275,0.3869653767820774
2013-01,FIDE official January 2013 standard rating list,http://ratings.fide.com/download/standard_jan13frl.zip,standard_jan13frl.txt,14501228,"Rogic, Davor",GM,,,CRO,M,2572,0,10,1971,True,,313,309,2013_M,Q1938369,1971-07-27,11,1971,,1971-07-27,wikidata_exact_filled,False,1971-07-27,primary_clean_wikidata_exact,False,M,302,-0.5417825515725275,0.3869653767820774
2013-01,FIDE official January 2013 standard rating list,http://ratings.fide.com/download/standard_jan13frl.zip,standard_jan13frl.txt,13601784,"Shanava, Konstantine",GM,,,GEO,M,2572,10,10,1985,True,,313,309,2013_M,Q1625928,1985-05-05,11,1985,,1985-05-05,wikidata_exact_filled,False,1985-05-05,primary_clean_wikidata_exact,False,M,302,-0.5417825515725275,0.3869653767820774
2013-01,FIDE official January 2013 standard rating list,http://ratings.fide.com/download/standard_jan13frl.zip,standard_jan13frl.txt,14507927,"Bosiocic, Marin",GM,,,CRO,M,2571,0,10,1988,True,,318,314,2013_M,Q2334059,1988-08-08,11,1988,,1988-08-08,wikidata_exact_filled,False,1988-08-08,primary_clean_wikidata_exact,False,M,307,-0.5585820105360167,0.37678207739307534
2013-01,FIDE official January 2013 standard rating list,http://ratings.fide.com/download/standard_jan13frl.zip,standard_jan13frl.txt,12500739,"Ghaem Maghami, Ehsan",GM,,,IRI,M,2571,3,10,1982,True,,318,314,2013_M,Q1300969,1982-08-11,11,1982,,1982-08-11,wikidata_exact_filled,False,1982-08-11,primary_clean_wikidata_exact,False,M,307,-0.5585820105360167,0.37678207739307534
2013-01,FIDE official January 2013 standard rating list,http://ratings.fide.com/download/standard_jan13frl.zip,standard_jan13frl.txt,2800802,"Kogan, Artur",GM,,,ISR,M,2571,0,10,1974,True,,318,314,2013_M,Q936073,1974-01-29,11,1974,,1974-01-29,wikidata_exact_filled,False,1974-01-29,primary_clean_wikidata_exact,False,M,307,-0.5585820105360167,0.37678207739307534
2013-01,FIDE official January 2013 standard rating list,http://ratings.fide.com/download/standard_jan13frl.zip,standard_jan13frl.txt,705713,"Ruck, Robert",GM,,,HUN,M,2571,9,10,1977,True,,318,314,2013_M,Q542985,1977-12-10,11,1977,,1977-12-10,wikidata_exact_filled,False,1977-12-10,primary_clean_wikidata_exact,False,M,307,-0.5585820105360167,0.37678207739307534
2013-01,FIDE official January 2013 standard rating list,http://ratings.fide.com/download/standard_jan13frl.zip,standard_jan13frl.txt,13300016,"Vaganian, Rafael A",GM,,,ARM,M,2570,0,10,1951,True,,322,318,2013_M,Q738665,1951-10-15,11,1951,,1951-10-15,wikidata_exact_filled,False,1951-10-15,primary_clean_wikidata_exact,False,M,311,-0.575381469499506,0.36863543788187375
2013-01,FIDE official January 2013 standard rating list,http://ratings.fide.com/download/standard_jan13frl.zip,standard_jan13frl.txt,4121260,"Deviatkin, Andrei",GM,,,RUS,M,2569,0,10,1980,True,,323,319,2013_M,Q1875795,1980-10-07,11,1980,,1980-10-07,wikidata_exact_filled,False,1980-10-07,primary_clean_wikidata_exact,False,M,312,-0.5921809284629952,0.3665987780040733
2013-01,FIDE official January 2013 standard rating list,http://ratings.fide.com/download/standard_jan13frl.zip,standard_jan13frl.txt,4151984,"Geller, Jakov",GM,,,RUS,M,2569,9,10,1986,True,,323,319,2013_M,Q4135036,1986-08-11,11,1986,,1986-08-11,wikidata_exact_filled,False,1986-08-11,primary_clean_wikidata_exact,False,M,312,-0.5921809284629952,0.3665987780040733
2013-01,FIDE official January 2013 standard rating list,http://ratings.fide.com/download/standard_jan13frl.zip,standard_jan13frl.txt,609404,"Le Roux, Jean-Pierre",GM,,,FRA,M,2569,0,10,1982,True,,323,319,2013_M,Q11723676,1982-05-18,11,1982,,1982-05-18,wikidata_exact_filled,False,1982-05-18,primary_clean_wikidata_exact,False,M,312,-0.5921809284629952,0.3665987780040733
2013-01,FIDE official January 2013 standard rating list,http://ratings.fide.com/download/standard_jan13frl.zip,standard_jan13frl.txt,13602926,"Margvelashvili, Giorgi",GM,,,GEO,M,2569,0,10,1990,True,,323,319,2013_M,Q4281192,1990-02-09,11,1990,,1990-02-09,wikidata_exact_filled,False,1990-02-09,primary_clean_wikidata_exact,False,M,312,-0.5921809284629952,0.3665987780040733
2013-01,FIDE official January 2013 standard rating list,http://ratings.fide.com/download/standard_jan13frl.zip,standard_jan13frl.txt,4203380,"Miladinovic, Igor",GM,,,SRB,M,2569,0,10,1974,True,,323,319,2013_M,Q1657753,1974-01-25,11,1974,,1974-01-25,wikidata_exact_filled,False,1974-01-25,primary_clean_wikidata_exact,False,M,312,-0.5921809284629952,0.3665987780040733
2013-01,FIDE official January 2013 standard rating list,http://ratings.fide.com/download/standard_jan13frl.zip,standard_jan13frl.txt,916366,"Stojanovic, Mihajlo",GM,,,SRB,M,2569,2,10,1977,True,,323,319,2013_M,Q4443239,1977-05-11,11,1977,,1977-05-11,wikidata_exact_filled,False,1977-05-11,primary_clean_wikidata_exact,False,M,312,-0.5921809284629952,0.3665987780040733
2013-01,FIDE official January 2013 standard rating list,http://ratings.fide.com/download/standard_jan13frl.zip,standard_jan13frl.txt,14100932,"Brodsky, Michail",GM,,FST,UKR,M,2568,9,10,1969,True,,329,325,2013_M,Q2091031,1969-03-27,11,1969,,1969-03-27,wikidata_exact_filled,False,1969-03-27,primary_clean_wikidata_exact,False,M,318,-0.6089803874264844,0.3543788187372709
2013-01,FIDE official January 2013 standard rating list,http://ratings.fide.com/download/standard_jan13frl.zip,standard_jan13frl.txt,2606771,"Hansen, Eric",GM,,,CAN,M,2568,19,10,1992,True,,329,325,2013_M,Q5386660,1992-05-24,11,1992,,1992-05-24,wikidata_exact_filled,False,1992-05-24,primary_clean_wikidata_exact,False,M,318,-0.6089803874264844,0.3543788187372709
2013-01,FIDE official January 2013 standard rating list,http://ratings.fide.com/download/standard_jan13frl.zip,standard_jan13frl.txt,4152417,"Oleksienko, Mikhailo",GM,,,UKR,M,2568,22,10,1986,True,,329,325,2013_M,Q2074715,1986-09-30,11,1986,,1986-09-30,wikidata_exact_filled,False,1986-09-30,primary_clean_wikidata_exact,False,M,318,-0.6089803874264844,0.3543788187372709
2013-01,FIDE official January 2013 standard rating list,http://ratings.fide.com/download/standard_jan13frl.zip,standard_jan13frl.txt,4143183,"Papin, Vasily",GM,,,RUS,M,2568,9,10,1988,True,,329,325,2013_M,Q120474,1988-09-21,11,1988,,1988-09-21,wikidata_exact_filled,False,1988-09-21,primary_clean_wikidata_exact,False,M,318,-0.6089803874264844,0.3543788187372709
2013-01,FIDE official January 2013 standard rating list,http://ratings.fide.com/download/standard_jan13frl.zip,standard_jan13frl.txt,13601865,"Aroshidze, Levan",GM,,,GEO,M,2567,0,10,1985,True,,333,329,2013_M,Q1822029,1985-07-09,11,1985,,1985-07-09,wikidata_exact_filled,False,1985-07-09,primary_clean_wikidata_exact,False,M,322,-0.6257798463899736,0.34623217922606925
2013-01,FIDE official January 2013 standard rating list,http://ratings.fide.com/download/standard_jan13frl.zip,standard_jan13frl.txt,13602608,"Sanikidze, Tornike",GM,,,GEO,M,2567,0,10,1989,True,,333,329,2013_M,Q2342174,1989-01-01,11,1989,,1989-01-01,wikidata_exact_filled,False,1989-01-01,primary_clean_wikidata_exact,False,M,322,-0.6257798463899736,0.34623217922606925
2013-01,FIDE official January 2013 standard rating list,http://ratings.fide.com/download/standard_jan13frl.zip,standard_jan13frl.txt,4135148,"Shomoev, Anton",GM,,,RUS,M,2567,9,10,1981,True,,333,329,2013_M,Q4526080,1981-06-05,11,1981,,1981-06-05,wikidata_exact_filled,False,1981-06-05,primary_clean_wikidata_exact,False,M,322,-0.6257798463899736,0.34623217922606925
2013-01,FIDE official January 2013 standard rating list,http://ratings.fide.com/download/standard_jan13frl.zip,standard_jan13frl.txt,14104369,"Solodovnichenko, Yuri",GM,,,UKR,M,2567,9,10,1978,True,,333,329,2013_M,Q4428181,1978-02-08,11,1978,,1978-02-08,wikidata_exact_filled,False,1978-02-08,primary_clean_wikidata_exact,False,M,322,-0.6257798463899736,0.34623217922606925
2013-01,FIDE official January 2013 standard rating list,http://ratings.fide.com/download/standard_jan13frl.zip,standard_jan13frl.txt,2900041,"Spasov, Vasil",GM,,,BUL,M,2567,0,10,1971,True,,333,329,2013_M,Q964563,1971-02-17,11,1971,,1971-02-17,wikidata_exact_filled,False,1971-02-17,primary_clean_wikidata_exact,False,M,322,-0.6257798463899736,0.34623217922606925
2013-01,FIDE official January 2013 standard rating list,http://ratings.fide.com/download/standard_jan13frl.zip,standard_jan13frl.txt,13302531,"Ter-Sahakyan, Samvel",GM,,,ARM,M,2567,0,10,1993,True,,333,329,2013_M,Q4455415,1993-09-19,11,1993,,1993-09-19,wikidata_exact_filled,False,1993-09-19,primary_clean_wikidata_exact,False,M,322,-0.6257798463899736,0.34623217922606925
2013-01,FIDE official January 2013 standard rating list,http://ratings.fide.com/download/standard_jan13frl.zip,standard_jan13frl.txt,14114470,"Vovk, Andrey",GM,,,UKR,M,2567,0,10,1991,True,,333,329,2013_M,Q4113874,1991-11-22,11,1991,,1991-11-22,wikidata_exact_filled,False,1991-11-22,primary_clean_wikidata_exact,False,M,322,-0.6257798463899736,0.34623217922606925
2013-01,FIDE official January 2013 standard rating list,http://ratings.fide.com/download/standard_jan13frl.zip,standard_jan13frl.txt,13600702,"Gelashvili, Tamaz",GM,,,GEO,M,2566,0,10,1978,True,,340,336,2013_M,Q2566001,1978-04-08,11,1978,,1978-04-08,wikidata_exact_filled,False,1978-04-08,primary_clean_wikidata_exact,False,M,329,-0.6425793053534629,0.3319755600814664
2013-01,FIDE official January 2013 standard rating list,http://ratings.fide.com/download/standard_jan13frl.zip,standard_jan13frl.txt,4201809,"Halkias, Stelios",GM,,,GRE,M,2566,5,10,1980,True,,340,336,2013_M,Q3657764,1980-04-11,11,1980,,1980-04-11,wikidata_exact_filled,False,1980-04-11,primary_clean_wikidata_exact,False,M,329,-0.6425793053534629,0.3319755600814664
2013-01,FIDE official January 2013 standard rating list,http://ratings.fide.com/download/standard_jan13frl.zip,standard_jan13frl.txt,1400266,"Hansen, Sune Berg",GM,,,DEN,M,2566,0,10,1971,True,,340,336,2013_M,Q724807,1971-04-21,11,1971,,1971-04-21,wikidata_exact_filled,False,1971-04-21,primary_clean_wikidata_exact,False,M,329,-0.6425793053534629,0.3319755600814664
2013-01,FIDE official January 2013 standard rating list,http://ratings.fide.com/download/standard_jan13frl.zip,standard_jan13frl.txt,2210622,"Perez Candelario, Manuel",GM,,,ESP,M,2566,9,10,1983,True,,340,336,2013_M,Q9028061,1983-05-25,11,1983,,1983-05-25,wikidata_exact_filled,False,1983-05-25,primary_clean_wikidata_exact,False,M,329,-0.6425793053534629,0.3319755600814664
2013-01,FIDE official January 2013 standard rating list,http://ratings.fide.com/download/standard_jan13frl.zip,standard_jan13frl.txt,1000012,"Timman, Jan H",GM,,,NED,M,2566,1,10,1951,True,,340,336,2013_M,Q139438,1951-12-14,11,1951,,1951-12-14,wikidata_exact_filled,False,1951-12-14,primary_clean_wikidata_exact,False,M,329,-0.6425793053534629,0.3319755600814664
2013-01,FIDE official January 2013 standard rating list,http://ratings.fide.com/download/standard_jan13frl.zip,standard_jan13frl.txt,3503054,"Vazquez Igarza, Renier",GM,,,ESP,M,2566,0,10,1979,True,,340,336,2013_M,Q2357275,1979-01-08,11,1979,,1979-01-08,wikidata_exact_filled,False,1979-01-08,primary_clean_wikidata_exact,False,M,329,-0.6425793053534629,0.3319755600814664
2013-01,FIDE official January 2013 standard rating list,http://ratings.fide.com/download/standard_jan13frl.zip,standard_jan13frl.txt,14102811,"Borovikov, Vladislav",GM,,,UKR,M,2565,0,10,1973,True,,346,342,2013_M,Q2191571,1973-08-10,11,1973,,1973-08-10,wikidata_exact_filled,False,1973-08-10,primary_clean_wikidata_exact,False,M,335,-0.6593787643169521,0.319755600814664
2013-01,FIDE official January 2013 standard rating list,http://ratings.fide.com/download/standard_jan13frl.zip,standard_jan13frl.txt,4105109,"Burmakin, Vladimir",GM,,,RUS,M,2565,9,10,1967,True,,346,342,2013_M,Q489109,1967-06-06,11,1967,,1967-06-06,wikidata_exact_filled,False,1967-06-06,primary_clean_wikidata_exact,False,M,335,-0.6593787643169521,0.319755600814664
2013-01,FIDE official January 2013 standard rating list,http://ratings.fide.com/download/standard_jan13frl.zip,standard_jan13frl.txt,2804140,"Golod, Vitali",GM,,FST,ISR,M,2565,0,10,1971,True,,346,342,2013_M,Q1561350,1971-06-23,11,1971,,1971-06-23,wikidata_exact_filled,False,1971-06-23,primary_clean_wikidata_exact,False,M,335,-0.6593787643169521,0.319755600814664
2013-01,FIDE official January 2013 standard rating list,http://ratings.fide.com/download/standard_jan13frl.zip,standard_jan13frl.txt,14108801,"Kislinsky, Alexey",GM,,,CZE,M,2565,9,10,1984,True,,346,342,2013_M,Q4222170,1984-06-10,11,1984,,1984-06-10,wikidata_exact_filled,False,1984-06-10,primary_clean_wikidata_exact,False,M,335,-0.6593787643169521,0.319755600814664
2013-01,FIDE official January 2013 standard rating list,http://ratings.fide.com/download/standard_jan13frl.zip,standard_jan13frl.txt,3801497,"Cordova, Emilio",GM,,,PER,M,2564,46,10,1991,True,,350,346,2013_M,Q357092,1991-07-08,11,1991,,1991-07-08,wikidata_exact_filled,False,1991-07-08,primary_clean_wikidata_exact,False,M,339,-0.6761782232804413,0.31160896130346233
2013-01,FIDE official January 2013 standard rating list,http://ratings.fide.com/download/standard_jan13frl.zip,standard_jan13frl.txt,620084,"Cornette, Matthieu",GM,,,FRA,M,2564,4,10,1985,True,,350,346,2013_M,Q3299882,1985-09-04,11,1985,,1985-09-04,wikidata_exact_filled,False,1985-09-04,primary_clean_wikidata_exact,False,M,339,-0.6761782232804413,0.31160896130346233
2013-01,FIDE official January 2013 standard rating list,http://ratings.fide.com/download/standard_jan13frl.zip,standard_jan13frl.txt,2901188,"Petkov, Vladimir",GM,,,BUL,M,2564,8,10,1971,True,,350,346,2013_M,Q937480,1971-01-26,11,1971,,1971-01-26,wikidata_exact_filled,False,1971-01-26,primary_clean_wikidata_exact,False,M,339,-0.6761782232804413,0.31160896130346233
2013-01,FIDE official January 2013 standard rating list,http://ratings.fide.com/download/standard_jan13frl.zip,standard_jan13frl.txt,4151976,"Frolyanov, Dmitry",GM,,,RUS,M,2563,9,10,1986,True,,353,349,2013_M,Q4493006,1986-05-20,11,1986,,1986-05-20,wikidata_exact_filled,False,1986-05-20,primary_clean_wikidata_exact,False,M,342,-0.6929776822439305,0.3054989816700611
2013-01,FIDE official January 2013 standard rating list,http://ratings.fide.com/download/standard_jan13frl.zip,standard_jan13frl.txt,13700278,"Kotsur, Pavel",GM,,FA,KAZ,M,2563,4,10,1974,True,,353,349,2013_M,Q115303,1974-01-03,11,1974,,1974-01-03,wikidata_exact_filled,False,1974-01-03,primary_clean_wikidata_exact,False,M,342,-0.6929776822439305,0.3054989816700611
2013-01,FIDE official January 2013 standard rating list,http://ratings.fide.com/download/standard_jan13frl.zip,standard_jan13frl.txt,14100037,"Novikov, Igor A",GM,,,USA,M,2563,0,10,1962,True,,353,349,2013_M,Q1950207,1962-05-23,11,1962,,1962-05-23,wikidata_exact_filled,False,1962-05-23,primary_clean_wikidata_exact,False,M,342,-0.6929776822439305,0.3054989816700611
2013-01,FIDE official January 2013 standard rating list,http://ratings.fide.com/download/standard_jan13frl.zip,standard_jan13frl.txt,726265,"Prohaszka, Peter",GM,,,HUN,M,2563,9,10,1992,True,,353,349,2013_M,Q382615,1992-01-13,11,1992,,1992-01-13,wikidata_exact_filled,False,1992-01-13,primary_clean_wikidata_exact,False,M,342,-0.6929776822439305,0.3054989816700611
2013-01,FIDE official January 2013 standard rating list,http://ratings.fide.com/download/standard_jan13frl.zip,standard_jan13frl.txt,13500520,"Shulman, Yury",GM,,,USA,M,2563,0,10,1975,True,,353,349,2013_M,Q1376801,1975-04-29,11,1975,,1975-04-29,wikidata_exact_filled,False,1975-04-29,primary_clean_wikidata_exact,False,M,342,-0.6929776822439305,0.3054989816700611
2013-01,FIDE official January 2013 standard rating list,http://ratings.fide.com/download/standard_jan13frl.zip,standard_jan13frl.txt,627089,"Sokolov, Andrei",GM,,,FRA,M,2563,0,10,1963,True,,353,349,2013_M,Q502570,1963-03-20,11,1963,,1963-03-20,wikidata_exact_filled,False,1963-03-20,primary_clean_wikidata_exact,False,M,342,-0.6929776822439305,0.3054989816700611
2013-01,FIDE official January 2013 standard rating list,http://ratings.fide.com/download/standard_jan13frl.zip,standard_jan13frl.txt,4113217,"Yemelin, Vasily",GM,,,RUS,M,2563,0,10,1976,True,,353,349,2013_M,Q1518792,1976-02-01,11,1976,,1976-02-01,wikidata_exact_filled,False,1976-02-01,primary_clean_wikidata_exact,False,M,342,-0.6929776822439305,0.3054989816700611
2013-01,FIDE official January 2013 standard rating list,http://ratings.fide.com/download/standard_jan13frl.zip,standard_jan13frl.txt,4692055,"Bogner, Sebastian",GM,,,GER,M,2562,0,10,1991,True,,360,356,2013_M,Q96871,1991-01-17,11,1991,,1991-01-17,wikidata_exact_filled,False,1991-01-17,primary_clean_wikidata_exact,False,M,349,-0.7097771412074197,0.29124236252545826
2013-01,FIDE official January 2013 standard rating list,http://ratings.fide.com/download/standard_jan13frl.zip,standard_jan13frl.txt,900125,"Damljanovic, Branko",GM,,,SRB,M,2562,9,10,1961,True,,360,356,2013_M,Q898663,1961-06-17,11,1961,,1961-06-17,wikidata_exact_filled,False,1961-06-17,primary_clean_wikidata_exact,False,M,349,-0.7097771412074197,0.29124236252545826
2013-01,FIDE official January 2013 standard rating list,http://ratings.fide.com/download/standard_jan13frl.zip,standard_jan13frl.txt,922900,"Sedlak, Nikola",GM,,,SRB,M,2562,16,10,1983,True,,360,356,2013_M,Q3656357,1983-01-01;1983-12-13,9;11,1983,,1983-12-13,wikidata_exact_filled,False,1983-12-13,primary_clean_wikidata_exact,False,M,349,-0.7097771412074197,0.29124236252545826
2013-01,FIDE official January 2013 standard rating list,http://ratings.fide.com/download/standard_jan13frl.zip,standard_jan13frl.txt,4119932,"Rychagov, Andrey",GM,,,RUS,M,2561,0,10,1979,True,,363,359,2013_M,Q4402150,1979-08-03,11,1979,,1979-08-03,wikidata_exact_filled,False,1979-08-03,primary_clean_wikidata_exact,False,M,352,-0.726576600170909,0.285132382892057
2013-01,FIDE official January 2013 standard rating list,http://ratings.fide.com/download/standard_jan13frl.zip,standard_jan13frl.txt,903124,"Kovacevic, Aleksandar",GM,,,SRB,M,2560,6,10,1974,True,,364,360,2013_M,Q4225706,1974-02-11,11,1974,,1974-02-11,wikidata_exact_filled,False,1974-02-11,primary_clean_wikidata_exact,False,M,353,-0.7433760591343982,0.2830957230142566
2013-01,FIDE official January 2013 standard rating list,http://ratings.fide.com/download/standard_jan13frl.zip,standard_jan13frl.txt,3405400,"Morovic Fernandez, Ivan",GM,,,CHI,M,2560,0,10,1963,True,,364,360,2013_M,Q976380,1963-03-24,11,1963,,1963-03-24,wikidata_exact_filled,False,1963-03-24,primary_clean_wikidata_exact,False,M,353,-0.7433760591343982,0.2830957230142566
2013-01,FIDE official January 2013 standard rating list,http://ratings.fide.com/download/standard_jan13frl.zip,standard_jan13frl.txt,700010,"Ribli, Zoltan",GM,,"IA,FST",HUN,M,2560,9,10,1951,True,,364,360,2013_M,Q219019,1951-09-06,11,1951,,1951-09-06,wikidata_exact_filled,False,1951-09-06,primary_clean_wikidata_exact,False,M,353,-0.7433760591343982,0.2830957230142566
2013-01,FIDE official January 2013 standard rating list,http://ratings.fide.com/download/standard_jan13frl.zip,standard_jan13frl.txt,2300117,"Steingrimsson, Hedinn",GM,,"FST,FT",ISL,M,2560,0,10,1975,True,,364,360,2013_M,Q4497063,1975-01-11,11,1975,,1975-01-11,wikidata_exact_filled,False,1975-01-11,primary_clean_wikidata_exact,False,M,353,-0.7433760591343982,0.2830957230142566
2013-01,FIDE official January 2013 standard rating list,http://ratings.fide.com/download/standard_jan13frl.zip,standard_jan13frl.txt,605590,"Fontaine, Robert",GM,,,FRA,M,2559,0,10,1980,True,,368,364,2013_M,Q504254,1980-11-18,11,1980,,1980-11-18,wikidata_exact_filled,False,1980-11-18,primary_clean_wikidata_exact,False,M,357,-0.7601755180978874,0.27494908350305497
2013-01,FIDE official January 2013 standard rating list,http://ratings.fide.com/download/standard_jan13frl.zip,standard_jan13frl.txt,8600678,"Li, Shilong",GM,,,CHN,M,2559,4,10,1977,True,,368,364,2013_M,Q523096,1977-08-10,11,1977,,1977-08-10,wikidata_exact_filled,False,1977-08-10,primary_clean_wikidata_exact,False,M,357,-0.7601755180978874,0.27494908350305497
2013-01,FIDE official January 2013 standard rating list,http://ratings.fide.com/download/standard_jan13frl.zip,standard_jan13frl.txt,4600193,"Lutz, Christopher",GM,,,GER,M,2559,0,10,1971,True,,368,364,2013_M,Q64754,1971-02-24,11,1971,,1971-02-24,wikidata_exact_filled,False,1971-02-24,primary_clean_wikidata_exact,False,M,357,-0.7601755180978874,0.27494908350305497
2013-01,FIDE official January 2013 standard rating list,http://ratings.fide.com/download/standard_jan13frl.zip,standard_jan13frl.txt,8603154,"Ma, Qun",GM,,,CHN,M,2559,4,10,1991,True,,368,364,2013_M,Q16225574,1991-11-09,11,1991,,1991-11-09,wikidata_exact_filled,False,1991-11-09,primary_clean_wikidata_exact,False,M,357,-0.7601755180978874,0.27494908350305497
2013-01,FIDE official January 2013 standard rating list,http://ratings.fide.com/download/standard_jan13frl.zip,standard_jan13frl.txt,1122401,"Moranda, Wojciech",GM,,,POL,M,2559,0,10,1988,True,,368,364,2013_M,Q4302345,1988-08-17,11,1988,,1988-08-17,wikidata_exact_filled,False,1988-08-17,primary_clean_wikidata_exact,False,M,357,-0.7601755180978874,0.27494908350305497
2013-01,FIDE official January 2013 standard rating list,http://ratings.fide.com/download/standard_jan13frl.zip,standard_jan13frl.txt,14101866,"Ovsejevitsch, Sergei",GM,,,UKR,M,2559,0,10,1974,True,,368,364,2013_M,Q4330784,1974-05-04;1977-01-01,9;11,1974,,1974-05-04,wikidata_exact_filled,False,1974-05-04,primary_clean_wikidata_exact,False,M,357,-0.7601755180978874,0.27494908350305497
2013-01,FIDE official January 2013 standard rating list,http://ratings.fide.com/download/standard_jan13frl.zip,standard_jan13frl.txt,5018471,"Adhiban, B.",GM,,,IND,M,2558,22,10,1992,True,,374,370,2013_M,Q795182,1992-08-15,11,1992,,1992-08-15,wikidata_exact_filled,False,1992-08-15,primary_clean_wikidata_exact,False,M,363,-0.7769749770613766,0.26272912423625255
2013-01,FIDE official January 2013 standard rating list,http://ratings.fide.com/download/standard_jan13frl.zip,standard_jan13frl.txt,4139275,"Evdokimov, Alexander A.",GM,,,RUS,M,2558,0,10,1985,True,,374,370,2013_M,Q4172904,1985-10-28,11,1985,,1985-10-28,wikidata_exact_filled,False,1985-10-28,primary_clean_wikidata_exact,False,M,363,-0.7769749770613766,0.26272912423625255
2013-01,FIDE official January 2013 standard rating list,http://ratings.fide.com/download/standard_jan13frl.zip,standard_jan13frl.txt,1105680,"Markowski, Tomasz",GM,,,POL,M,2558,0,10,1975,True,,374,370,2013_M,Q724051,1975-07-30,11,1975,,1975-07-30,wikidata_exact_filled,False,1975-07-30,primary_clean_wikidata_exact,False,M,363,-0.7769749770613766,0.26272912423625255
2013-01,FIDE official January 2013 standard rating list,http://ratings.fide.com/download/standard_jan13frl.zip,standard_jan13frl.txt,1110381,"Mista, Aleksander",GM,,FT,POL,M,2558,9,10,1983,True,,374,370,2013_M,Q2640811,1983-01-07,11,1983,,1983-01-07,wikidata_exact_filled,False,1983-01-07,primary_clean_wikidata_exact,False,M,363,-0.7769749770613766,0.26272912423625255
2013-01,FIDE official January 2013 standard rating list,http://ratings.fide.com/download/standard_jan13frl.zip,standard_jan13frl.txt,1124668,"Tomczak, Jacek",GM,,,POL,M,2558,0,10,1990,True,,374,370,2013_M,Q195296,1990-03-05,11,1990,,1990-03-05,wikidata_exact_filled,False,1990-03-05,primary_clean_wikidata_exact,False,M,363,-0.7769749770613766,0.26272912423625255
2013-01,FIDE official January 2013 standard rating list,http://ratings.fide.com/download/standard_jan13frl.zip,standard_jan13frl.txt,1111078,"Antoniewski, Rafal",GM,,,POL,M,2557,0,10,1980,True,,379,375,2013_M,Q964449,1980-12-03,11,1980,,1980-12-03,wikidata_exact_filled,False,1980-12-03,primary_clean_wikidata_exact,False,M,368,-0.7937744360248659,0.2525458248472505
2013-01,FIDE official January 2013 standard rating list,http://ratings.fide.com/download/standard_jan13frl.zip,standard_jan13frl.txt,4101332,"Gleizerov, Evgeny",GM,,,RUS,M,2557,0,10,1963,True,,379,375,2013_M,Q2587450,1963-03-20,11,1963,,1963-03-20,wikidata_exact_filled,False,1963-03-20,primary_clean_wikidata_exact,False,M,368,-0.7937744360248659,0.2525458248472505
2013-01,FIDE official January 2013 standard rating list,http://ratings.fide.com/download/standard_jan13frl.zip,standard_jan13frl.txt,14506661,"Kuljasevic, Davorin",GM,,,CRO,M,2557,9,10,1986,True,,379,375,2013_M,Q4246824,1986-10-22,11,1986,,1986-10-22,wikidata_exact_filled,False,1986-10-22,primary_clean_wikidata_exact,False,M,368,-0.7937744360248659,0.2525458248472505
2013-01,FIDE official January 2013 standard rating list,http://ratings.fide.com/download/standard_jan13frl.zip,standard_jan13frl.txt,4202139,"Nikolaidis, Ioannis",GM,,,GRE,M,2557,9,10,1971,True,,379,375,2013_M,Q2114635,1971-01-04,11,1971,,1971-01-04,wikidata_exact_filled,False,1971-01-04,primary_clean_wikidata_exact,False,M,368,-0.7937744360248659,0.2525458248472505
2013-01,FIDE official January 2013 standard rating list,http://ratings.fide.com/download/standard_jan13frl.zip,standard_jan13frl.txt,14600986,"Pavasovic, Dusko",GM,,,SLO,M,2557,8,10,1976,True,,379,375,2013_M,Q1268259,1976-10-15,11,1976,,1976-10-15,wikidata_exact_filled,False,1976-10-15,primary_clean_wikidata_exact,False,M,368,-0.7937744360248659,0.2525458248472505
2013-01,FIDE official January 2013 standard rating list,http://ratings.fide.com/download/standard_jan13frl.zip,standard_jan13frl.txt,403989,"Pert, Nicholas",GM,,,ENG,M,2557,0,10,1981,True,,379,375,2013_M,Q4359259,1981-01-22,11,1981,,1981-01-22,wikidata_exact_filled,False,1981-01-22,primary_clean_wikidata_exact,False,M,368,-0.7937744360248659,0.2525458248472505
2013-01,FIDE official January 2013 standard rating list,http://ratings.fide.com/download/standard_jan13frl.zip,standard_jan13frl.txt,4119410,"Popov, Valerij",GM,,,RUS,M,2557,0,10,1974,True,,379,375,2013_M,Q517854,1974-09-10,11,1974,,1974-09-10,wikidata_exact_filled,False,1974-09-10,primary_clean_wikidata_exact,False,M,368,-0.7937744360248659,0.2525458248472505
2013-01,FIDE official January 2013 standard rating list,http://ratings.fide.com/download/standard_jan13frl.zip,standard_jan13frl.txt,304760,"Stocek, Jiri",GM,,,CZE,M,2557,0,10,1977,True,,379,375,2013_M,Q743690,1977-05-10,11,1977,,1977-05-10,wikidata_exact_filled,False,1977-05-10,primary_clean_wikidata_exact,False,M,368,-0.7937744360248659,0.2525458248472505
2013-01,FIDE official January 2013 standard rating list,http://ratings.fide.com/download/standard_jan13frl.zip,standard_jan13frl.txt,14101440,"Berelowitsch, Alexander",GM,,,GER,M,2556,1,10,1967,True,,387,383,2013_M,Q324960,1967-07-02,11,1967,,1967-07-02,wikidata_exact_filled,False,1967-07-02,primary_clean_wikidata_exact,False,M,376,-0.8105738949883551,0.23625254582484725
2013-01,FIDE official January 2013 standard rating list,http://ratings.fide.com/download/standard_jan13frl.zip,standard_jan13frl.txt,4663527,"Braun, Arik",GM,,,GER,M,2556,0,10,1988,True,,387,383,2013_M,Q85170,1988-02-08,11,1988,,1988-02-08,wikidata_exact_filled,False,1988-02-08,primary_clean_wikidata_exact,False,M,376,-0.8105738949883551,0.23625254582484725
2013-01,FIDE official January 2013 standard rating list,http://ratings.fide.com/download/standard_jan13frl.zip,standard_jan13frl.txt,1004689,"Ernst, Sipke",GM,,,NED,M,2556,1,10,1979,True,,387,383,2013_M,Q738658,1979-01-08,11,1979,,1979-01-08,wikidata_exact_filled,False,1979-01-08,primary_clean_wikidata_exact,False,M,376,-0.8105738949883551,0.23625254582484725
2013-01,FIDE official January 2013 standard rating list,http://ratings.fide.com/download/standard_jan13frl.zip,standard_jan13frl.txt,4634527,"Handke, Florian",GM,,,GER,M,2556,0,10,1982,True,,387,383,2013_M,Q84620,1982-03-22,11,1982,,1982-03-22,wikidata_exact_filled,False,1982-03-22,primary_clean_wikidata_exact,False,M,376,-0.8105738949883551,0.23625254582484725
2013-01,FIDE official January 2013 standard rating list,http://ratings.fide.com/download/standard_jan13frl.zip,standard_jan13frl.txt,13602071,"Pantsulaia, Levan",GM,,,GEO,M,2556,0,10,1986,True,,387,383,2013_M,Q359802,1986-02-26,11,1986,,1986-02-26,wikidata_exact_filled,False,1986-02-26,primary_clean_wikidata_exact,False,M,376,-0.8105738949883551,0.23625254582484725
2013-01,FIDE official January 2013 standard rating list,http://ratings.fide.com/download/standard_jan13frl.zip,standard_jan13frl.txt,5021596,"Sethuraman, S.P.",GM,,,IND,M,2556,22,10,1993,True,,387,383,2013_M,Q11802586,1993-02-25,11,1993,,1993-02-25,wikidata_exact_filled,False,1993-02-25,primary_clean_wikidata_exact,False,M,376,-0.8105738949883551,0.23625254582484725
2013-01,FIDE official January 2013 standard rating list,http://ratings.fide.com/download/standard_jan13frl.zip,standard_jan13frl.txt,8603090,"Yu, Ruiyuan",GM,,FT,CHN,M,2556,4,10,1991,True,,387,383,2013_M,Q16225701,1991-09-13,11,1991,,1991-09-13,wikidata_exact_filled,False,1991-09-13,primary_clean_wikidata_exact,False,M,376,-0.8105738949883551,0.23625254582484725
2013-01,FIDE official January 2013 standard rating list,http://ratings.fide.com/download/standard_jan13frl.zip,standard_jan13frl.txt,1500015,"Agdestein, Simen",GM,,,NOR,M,2555,0,10,1967,True,,395,391,2013_M,Q381121,1967-05-15,11,1967,,1967-05-15,wikidata_exact_filled,False,1967-05-15,primary_clean_wikidata_exact,False,M,383,-0.8273733539518443,0.2219959266802444
2013-01,FIDE official January 2013 standard rating list,http://ratings.fide.com/download/standard_jan13frl.zip,standard_jan13frl.txt,4102878,"Ibragimov, Ildar",GM,,,USA,M,2555,0,10,1967,True,,395,391,2013_M,Q2076172,1967-08-16,11,1967,,1967-08-16,wikidata_exact_filled,False,1967-08-16,primary_clean_wikidata_exact,False,M,383,-0.8273733539518443,0.2219959266802444
2013-01,FIDE official January 2013 standard rating list,http://ratings.fide.com/download/standard_jan13frl.zip,standard_jan13frl.txt,1122452,"Tazbir, Marcin",IM,,,POL,M,2555,0,10,1988,True,,395,391,2013_M,Q11767833,1988-08-22,11,1988,,1988-08-22,wikidata_exact_filled,False,1988-08-22,primary_clean_wikidata_exact,False,M,383,-0.8273733539518443,0.2219959266802444
2013-01,FIDE official January 2013 standard rating list,http://ratings.fide.com/download/standard_jan13frl.zip,standard_jan13frl.txt,3501728,"Becerra Rivero, Julio",GM,,,USA,M,2554,0,10,1973,True,,399,394,2013_M,Q3774349,1973-10-15,11,1973,,1973-10-15,wikidata_exact_filled,False,1973-10-15,primary_clean_wikidata_exact,False,M,386,-0.8441728129153335,0.2158859470468432
2013-01,FIDE official January 2013 standard rating list,http://ratings.fide.com/download/standard_jan13frl.zip,standard_jan13frl.txt,4174003,"Belous, Vladimir",IM,,,RUS,M,2554,0,10,1993,True,,399,394,2013_M,Q4082822,1993-07-29,11,1993,,1993-07-29,wikidata_exact_filled,False,1993-07-29,primary_clean_wikidata_exact,False,M,386,-0.8441728129153335,0.2158859470468432
2013-01,FIDE official January 2013 standard rating list,http://ratings.fide.com/download/standard_jan13frl.zip,standard_jan13frl.txt,1106880,"Bobras, Piotr",GM,,,POL,M,2554,0,10,1977,True,,399,394,2013_M,Q357696,1977-09-09,11,1977,,1977-09-09,wikidata_exact_filled,False,1977-09-09,primary_clean_wikidata_exact,False,M,386,-0.8441728129153335,0.2158859470468432
2013-01,FIDE official January 2013 standard rating list,http://ratings.fide.com/download/standard_jan13frl.zip,standard_jan13frl.txt,14500086,"Cvitan, Ognjen",GM,,FT,CRO,M,2554,10,10,1961,True,,399,394,2013_M,Q1999428,1961-10-10,11,1961,,1961-10-10,wikidata_exact_filled,False,1961-10-10,primary_clean_wikidata_exact,False,M,386,-0.8441728129153335,0.2158859470468432
2013-01,FIDE official January 2013 standard rating list,http://ratings.fide.com/download/standard_jan13frl.zip,standard_jan13frl.txt,14200236,"Dzhumaev, Marat",GM,,,UZB,M,2554,28,10,1976,True,,399,394,2013_M,Q2339541,1976-01-12,11,1976,,1976-01-12,wikidata_exact_filled,False,1976-01-12,primary_clean_wikidata_exact,False,M,386,-0.8441728129153335,0.2158859470468432
2013-01,FIDE official January 2013 standard rating list,http://ratings.fide.com/download/standard_jan13frl.zip,standard_jan13frl.txt,1200020,"Marin, Mihail",GM,,,ROU,M,2553,11,10,1965,True,,405,399,2013_M,Q576461,1965-04-21,11,1965,,1965-04-21,wikidata_exact_filled,False,1965-04-21,primary_clean_wikidata_exact,False,M,391,-0.8609722718788227,0.20570264765784113
2013-01,FIDE official January 2013 standard rating list,http://ratings.fide.com/download/standard_jan13frl.zip,standard_jan13frl.txt,2270544,"Alonso Rosell, Alvar",GM,,,ESP,M,2552,0,10,1992,True,,406,400,2013_M,Q5692687,1992-09-13,11,1992,,1992-09-13,wikidata_exact_filled,False,1992-09-13,primary_clean_wikidata_exact,False,M,392,-0.877771730842312,0.20366598778004075
2013-01,FIDE official January 2013 standard rating list,http://ratings.fide.com/download/standard_jan13frl.zip,standard_jan13frl.txt,14603152,"Borisek, Jure",GM,,,SLO,M,2552,13,10,1986,True,,406,400,2013_M,Q4094089,1986-07-27,11,1986,,1986-07-27,wikidata_exact_filled,False,1986-07-27,primary_clean_wikidata_exact,False,M,392,-0.877771730842312,0.20366598778004075
2013-01,FIDE official January 2013 standard rating list,http://ratings.fide.com/download/standard_jan13frl.zip,standard_jan13frl.txt,2900440,"Chatalbashev, Boris",GM,,,BUL,M,2552,0,10,1974,True,,406,400,2013_M,Q2605559,1974-01-30,11,1974,,1974-01-30,wikidata_exact_filled,False,1974-01-30,primary_clean_wikidata_exact,False,M,392,-0.877771730842312,0.20366598778004075
2013-01,FIDE official January 2013 standard rating list,http://ratings.fide.com/download/standard_jan13frl.zip,standard_jan13frl.txt,4153251,"Panarin, Mikhail",GM,,,RUS,M,2552,9,10,1983,True,,406,400,2013_M,Q15077612,1983-08-04,11,1983,,1983-08-04,wikidata_exact_filled,False,1983-08-04,primary_clean_wikidata_exact,False,M,392,-0.877771730842312,0.20366598778004075
2013-01,FIDE official January 2013 standard rating list,http://ratings.fide.com/download/standard_jan13frl.zip,standard_jan13frl.txt,4122232,"Shaposhnikov, Evgeny",GM,,,RUS,M,2552,4,10,1981,True,,406,400,2013_M,Q174426,1981-06-01,11,1981,,1981-06-01,wikidata_exact_filled,False,1981-06-01,primary_clean_wikidata_exact,False,M,392,-0.877771730842312,0.20366598778004075
2013-01,FIDE official January 2013 standard rating list,http://ratings.fide.com/download/standard_jan13frl.zip,standard_jan13frl.txt,728446,"Balog, Imre",GM,,,HUN,M,2551,0,10,1991,True,,411,405,2013_M,Q1471416,1991-10-28,11,1991,,1991-10-28,wikidata_exact_filled,False,1991-10-28,primary_clean_wikidata_exact,False,M,397,-0.8945711898058012,0.1934826883910387
2013-01,FIDE official January 2013 standard rating list,http://ratings.fide.com/download/standard_jan13frl.zip,standard_jan13frl.txt,700045,"Pinter, Jozsef",GM,,,HUN,M,2551,4,10,1953,True,,411,405,2013_M,Q346022,1953-11-09,11,1953,,1953-11-09,wikidata_exact_filled,False,1953-11-09,primary_clean_wikidata_exact,False,M,397,-0.8945711898058012,0.1934826883910387
2013-01,FIDE official January 2013 standard rating list,http://ratings.fide.com/download/standard_jan13frl.zip,standard_jan13frl.txt,2285525,"Anton Guijarro, David",IM,,,ESP,M,2550,8,10,1995,True,,413,407,2013_M,Q15955505,1995-06-23,11,1995,,1995-06-23,wikidata_exact_filled,False,1995-06-23,primary_clean_wikidata_exact,False,M,399,-0.9113706487692904,0.1894093686354379
2013-01,FIDE official January 2013 standard rating list,http://ratings.fide.com/download/standard_jan13frl.zip,standard_jan13frl.txt,4101375,"Ivanov, Sergey",GM,,,RUS,M,2550,0,10,1961,True,,413,407,2013_M,Q2272920,1961-09-29,11,1961,,1961-09-29,wikidata_exact_filled,False,1961-09-29,primary_clean_wikidata_exact,False,M,399,-0.9113706487692904,0.1894093686354379
2013-01,FIDE official January 2013 standard rating list,http://ratings.fide.com/download/standard_jan13frl.zip,standard_jan13frl.txt,14104202,"Malakhatko, Vadim",GM,,,BEL,M,2550,10,10,1977,True,,413,407,2013_M,Q1372339,1977-03-22,11,1977,,1977-03-22,wikidata_exact_filled,False,1977-03-22,primary_clean_wikidata_exact,False,M,399,-0.9113706487692904,0.1894093686354379
2013-01,FIDE official January 2013 standard rating list,http://ratings.fide.com/download/standard_jan13frl.zip,standard_jan13frl.txt,12800112,"Sulskis, Sarunas",GM,,,LTU,M,2550,0,10,1972,True,,413,407,2013_M,Q391296,1972-11-26,11,1972,,1972-11-26,wikidata_exact_filled,False,1972-11-26,primary_clean_wikidata_exact,False,M,399,-0.9113706487692904,0.1894093686354379
2013-01,FIDE official January 2013 standard rating list,http://ratings.fide.com/download/standard_jan13frl.zip,standard_jan13frl.txt,2019540,"Goldin, Alexander",GM,,,USA,M,2549,0,10,1964,True,,418,412,2013_M,Q1275033,1964-02-27,11,1964,,1964-02-27,wikidata_exact_filled,False,1964-02-27,primary_clean_wikidata_exact,False,M,403,-0.9281701077327796,0.18126272912423624
2013-01,FIDE official January 2013 standard rating list,http://ratings.fide.com/download/standard_jan13frl.zip,standard_jan13frl.txt,14102188,"Gritsak, Orest",GM,,,UKR,M,2549,0,10,1973,True,,418,412,2013_M,Q4149787,1973-02-24,11,1973,,1973-02-24,wikidata_exact_filled,False,1973-02-24,primary_clean_wikidata_exact,False,M,403,-0.9281701077327796,0.18126272912423624
2013-01,FIDE official January 2013 standard rating list,http://ratings.fide.com/download/standard_jan13frl.zip,standard_jan13frl.txt,2201500,"Narciso Dublan, Marc",GM,,,ESP,M,2549,9,10,1974,True,,418,412,2013_M,Q2237917,1974-01-20,11,1974,,1974-01-20,wikidata_exact_filled,False,1974-01-20,primary_clean_wikidata_exact,False,M,403,-0.9281701077327796,0.18126272912423624
2013-01,FIDE official January 2013 standard rating list,http://ratings.fide.com/download/standard_jan13frl.zip,standard_jan13frl.txt,5008352,"Sengupta, Deep",GM,,,IND,M,2549,11,10,1988,True,,418,412,2013_M,Q5250305,1988-06-30,11,1988,,1988-06-30,wikidata_exact_filled,False,1988-06-30,primary_clean_wikidata_exact,False,M,403,-0.9281701077327796,0.18126272912423624
2013-01,FIDE official January 2013 standard rating list,http://ratings.fide.com/download/standard_jan13frl.zip,standard_jan13frl.txt,1010891,"Spoelman, Wouter",GM,,,NED,M,2549,1,10,1990,True,,418,412,2013_M,Q63321,1990-06-05,11,1990,,1990-06-05,wikidata_exact_filled,False,1990-06-05,primary_clean_wikidata_exact,False,M,403,-0.9281701077327796,0.18126272912423624
2013-01,FIDE official January 2013 standard rating list,http://ratings.fide.com/download/standard_jan13frl.zip,standard_jan13frl.txt,400084,"Hebden, Mark L",GM,,,ENG,M,2548,9,10,1958,True,,424,418,2013_M,Q2155549,1958-02-15,11,1958,,1958-02-15,wikidata_exact_filled,False,1958-02-15,primary_clean_wikidata_exact,False,M,408,-0.944969566696269,0.1710794297352342
2013-01,FIDE official January 2013 standard rating list,http://ratings.fide.com/download/standard_jan13frl.zip,standard_jan13frl.txt,1102222,"Jaracz, Pawel",GM,,,POL,M,2548,0,10,1975,True,,424,418,2013_M,Q504267,1975-07-22,11,1975,,1975-07-22,wikidata_exact_filled,False,1975-07-22,primary_clean_wikidata_exact,False,M,408,-0.944969566696269,0.1710794297352342
2013-01,FIDE official January 2013 standard rating list,http://ratings.fide.com/download/standard_jan13frl.zip,standard_jan13frl.txt,13702661,"Jumabayev, Rinat",GM,,,KAZ,M,2548,22,10,1989,True,,424,418,2013_M,Q4181620,1989-07-23,11,1989,,1989-07-23,wikidata_exact_filled,False,1989-07-23,primary_clean_wikidata_exact,False,M,408,-0.944969566696269,0.1710794297352342
2013-01,FIDE official January 2013 standard rating list,http://ratings.fide.com/download/standard_jan13frl.zip,standard_jan13frl.txt,605492,"Nataf, Igor-Alexandre",GM,,,FRA,M,2548,0,10,1978,True,,424,418,2013_M,Q2991159,1978-05-02,11,1978,,1978-05-02,wikidata_exact_filled,False,1978-05-02,primary_clean_wikidata_exact,False,M,408,-0.944969566696269,0.1710794297352342
2013-01,FIDE official January 2013 standard rating list,http://ratings.fide.com/download/standard_jan13frl.zip,standard_jan13frl.txt,603252,"Vaisser, Anatoly",GM,,,FRA,M,2548,0,10,1949,True,,424,418,2013_M,Q488112,1949-03-05,11,1949,,1949-03-05,wikidata_exact_filled,False,1949-03-05,primary_clean_wikidata_exact,False,M,408,-0.944969566696269,0.1710794297352342
2013-01,FIDE official January 2013 standard rating list,http://ratings.fide.com/download/standard_jan13frl.zip,standard_jan13frl.txt,4159659,"Yudin, Sergei",GM,,,RUS,M,2548,9,10,1986,True,,424,418,2013_M,Q4533809,1986-06-10,11,1986,,1986-06-10,wikidata_exact_filled,False,1986-06-10,primary_clean_wikidata_exact,False,M,408,-0.944969566696269,0.1710794297352342
2013-01,FIDE official January 2013 standard rating list,http://ratings.fide.com/download/standard_jan13frl.zip,standard_jan13frl.txt,14100053,"Eingorn, Vereslav S",GM,,FST,UKR,M,2547,0,10,1956,True,,432,426,2013_M,Q2062580,1956-11-23,11,1956,,1956-11-23,wikidata_exact_filled,False,1956-11-23,primary_clean_wikidata_exact,False,M,414,-0.9617690256597582,0.15885947046843177
2013-01,FIDE official January 2013 standard rating list,http://ratings.fide.com/download/standard_jan13frl.zip,standard_jan13frl.txt,2903024,"Georgiev, Vladimir",GM,,,MKD,M,2547,0,10,1975,True,,432,426,2013_M,Q3622579,1975-08-27,11,1975,,1975-08-27,wikidata_exact_filled,False,1975-08-27,primary_clean_wikidata_exact,False,M,414,-0.9617690256597582,0.15885947046843177
2013-01,FIDE official January 2013 standard rating list,http://ratings.fide.com/download/standard_jan13frl.zip,standard_jan13frl.txt,13400363,"Guliyev, Namig",GM,,,AZE,M,2547,2,10,1974,True,,432,426,2013_M,Q1377816,1974-02-13,11,1974,,1974-02-13,wikidata_exact_filled,False,1974-02-13,primary_clean_wikidata_exact,False,M,414,-0.9617690256597582,0.15885947046843177
2013-01,FIDE official January 2013 standard rating list,http://ratings.fide.com/download/standard_jan13frl.zip,standard_jan13frl.txt,14504081,"Jovanic, Ognjen",GM,,,CRO,M,2547,16,10,1978,True,,432,426,2013_M,Q2334084,1978-05-04,11,1978,,1978-05-04,wikidata_exact_filled,False,1978-05-04,primary_clean_wikidata_exact,False,M,414,-0.9617690256597582,0.15885947046843177
2013-01,FIDE official January 2013 standard rating list,http://ratings.fide.com/download/standard_jan13frl.zip,standard_jan13frl.txt,2200074,"Magem Badals, Jordi",GM,,FST,ESP,M,2547,0,10,1967,True,,432,426,2013_M,Q3824586,1967-08-24,11,1967,,1967-08-24,wikidata_exact_filled,False,1967-08-24,primary_clean_wikidata_exact,False,M,414,-0.9617690256597582,0.15885947046843177
2013-01,FIDE official January 2013 standard rating list,http://ratings.fide.com/download/standard_jan13frl.zip,standard_jan13frl.txt,13400304,"Mirzoev, Azer",GM,,,AZE,M,2547,18,10,1978,True,,432,426,2013_M,Q579491,1978-03-20,11,1978,,1978-03-20,wikidata_exact_filled,False,1978-03-20,primary_clean_wikidata_exact,False,M,414,-0.9617690256597582,0.15885947046843177
2013-01,FIDE official January 2013 standard rating list,http://ratings.fide.com/download/standard_jan13frl.zip,standard_jan13frl.txt,2300010,"Olafsson, Helgi",GM,,FST,ISL,M,2547,0,10,1956,True,,432,426,2013_M,Q1397091,1956-08-15,11,1956,,1956-08-15,wikidata_exact_filled,False,1956-08-15,primary_clean_wikidata_exact,False,M,414,-0.9617690256597582,0.15885947046843177
2013-01,FIDE official January 2013 standard rating list,http://ratings.fide.com/download/standard_jan13frl.zip,standard_jan13frl.txt,4700236,"Dervishi, Erald",GM,,,ALB,M,2546,0,10,1979,True,,440,433,2013_M,Q980449,1979-11-10,11,1979,,1979-11-10,wikidata_exact_filled,False,1979-11-10,primary_clean_wikidata_exact,False,M,421,-0.9785684846232474,0.1446028513238289
2013-01,FIDE official January 2013 standard rating list,http://ratings.fide.com/download/standard_jan13frl.zip,standard_jan13frl.txt,613762,"Maze, Sebastien",GM,,,FRA,M,2546,0,10,1984,True,,440,433,2013_M,Q1658816,1984-02-08,11,1984,,1984-02-08,wikidata_exact_filled,False,1984-02-08,primary_clean_wikidata_exact,False,M,421,-0.9785684846232474,0.1446028513238289
2013-01,FIDE official January 2013 standard rating list,http://ratings.fide.com/download/standard_jan13frl.zip,standard_jan13frl.txt,4140664,"Prizant, Jaroslav",IM,,,RUS,M,2546,9,10,1983,True,,440,433,2013_M,Q27530123,1983-08-29,11,1983,,1983-08-29,wikidata_exact_filled,False,1983-08-29,primary_clean_wikidata_exact,False,M,421,-0.9785684846232474,0.1446028513238289
2013-01,FIDE official January 2013 standard rating list,http://ratings.fide.com/download/standard_jan13frl.zip,standard_jan13frl.txt,4642325,"Prusikin, Michael",GM,,FT,GER,M,2546,0,10,1978,True,,440,433,2013_M,Q75491,1978-01-19,11,1978,,1978-01-19,wikidata_exact_filled,False,1978-01-19,primary_clean_wikidata_exact,False,M,421,-0.9785684846232474,0.1446028513238289
2013-01,FIDE official January 2013 standard rating list,http://ratings.fide.com/download/standard_jan13frl.zip,standard_jan13frl.txt,5029465,"Vidit, Santosh Gujrathi",IM,,,IND,M,2546,11,10,1994,True,,440,433,2013_M,Q15614436,1994-10-24,11,1994,,1994-10-24,wikidata_exact_filled,False,1994-10-24,primary_clean_wikidata_exact,False,M,421,-0.9785684846232474,0.1446028513238289
2013-01,FIDE official January 2013 standard rating list,http://ratings.fide.com/download/standard_jan13frl.zip,standard_jan13frl.txt,14101130,"Zontakh, Andrey",GM,,,UKR,M,2546,0,10,1970,True,,440,433,2013_M,Q2576241,1970-11-04,11,1970,,1970-11-04,wikidata_exact_filled,False,1970-11-04,primary_clean_wikidata_exact,False,M,421,-0.9785684846232474,0.1446028513238289
2013-01,FIDE official January 2013 standard rating list,http://ratings.fide.com/download/standard_jan13frl.zip,standard_jan13frl.txt,13601741,"Arutinian, David",GM,,,GEO,M,2545,0,10,1984,True,,446,439,2013_M,Q4070520,1984-05-31,11,1984,,1984-05-31,wikidata_exact_filled,False,1984-05-31,primary_clean_wikidata_exact,False,M,427,-0.9953679435867366,0.13238289205702647
2013-01,FIDE official January 2013 standard rating list,http://ratings.fide.com/download/standard_jan13frl.zip,standard_jan13frl.txt,4676670,"Bindrich, Falko",GM,,,GER,M,2545,0,10,1990,True,,446,439,2013_M,Q96875,1990-10-17,11,1990,,1990-10-17,wikidata_exact_filled,False,1990-10-17,primary_clean_wikidata_exact,False,M,427,-0.9953679435867366,0.13238289205702647
2013-01,FIDE official January 2013 standard rating list,http://ratings.fide.com/download/standard_jan13frl.zip,standard_jan13frl.txt,14104490,"Firman, Nazar",GM,,,UKR,M,2545,0,10,1983,True,,446,439,2013_M,Q1965564,1983-03-22,11,1983,,1983-03-22,wikidata_exact_filled,False,1983-03-22,primary_clean_wikidata_exact,False,M,427,-0.9953679435867366,0.13238289205702647
2013-01,FIDE official January 2013 standard rating list,http://ratings.fide.com/download/standard_jan13frl.zip,standard_jan13frl.txt,24109959,"Goganov, Aleksey",IM,,,RUS,M,2545,0,10,1991,True,,446,439,2013_M,Q16225500,1991-07-26,11,1991,,1991-07-26,wikidata_exact_filled,False,1991-07-26,primary_clean_wikidata_exact,False,M,427,-0.9953679435867366,0.13238289205702647
2013-01,FIDE official January 2013 standard rating list,http://ratings.fide.com/download/standard_jan13frl.zip,standard_jan13frl.txt,5015693,Gopal G.N.,GM,,,IND,M,2545,11,10,1989,True,,446,439,2013_M,Q9266681,1989-03-29,11,1989,,1989-03-29,wikidata_exact_filled,False,1989-03-29,primary_clean_wikidata_exact,False,M,427,-0.9953679435867366,0.13238289205702647
2013-01,FIDE official January 2013 standard rating list,http://ratings.fide.com/download/standard_jan13frl.zip,standard_jan13frl.txt,2905710,"Nikolov, Momchil",GM,,,BUL,M,2545,9,10,1985,True,,446,439,2013_M,Q3657838,1985-03-03,11,1985,,1985-03-03,wikidata_exact_filled,False,1985-03-03,primary_clean_wikidata_exact,False,M,427,-0.9953679435867366,0.13238289205702647
2013-01,FIDE official January 2013 standard rating list,http://ratings.fide.com/download/standard_jan13frl.zip,standard_jan13frl.txt,4125371,"Novikov, Stanislav",GM,,,RUS,M,2545,0,10,1985,True,,446,439,2013_M,Q4322713,1985-07-06,11,1985,,1985-07-06,wikidata_exact_filled,False,1985-07-06,primary_clean_wikidata_exact,False,M,427,-0.9953679435867366,0.13238289205702647
2013-01,FIDE official January 2013 standard rating list,http://ratings.fide.com/download/standard_jan13frl.zip,standard_jan13frl.txt,1205064,"Szabo, Gergely-Andras-Gyula",GM,,,ROU,M,2545,0,10,1983,True,,446,439,2013_M,Q9267485,1983-04-13,11,1983,,1983-04-13,wikidata_exact_filled,False,1983-04-13,primary_clean_wikidata_exact,False,M,427,-0.9953679435867366,0.13238289205702647
2013-01,FIDE official January 2013 standard rating list,http://ratings.fide.com/download/standard_jan13frl.zip,standard_jan13frl.txt,6500617,"Ramirez, Alejandro",GM,,,USA,M,2544,9,10,1988,True,,455,448,2013_M,Q1355179,1988-06-21,11,1988,,1988-06-21,wikidata_exact_filled,False,1988-06-21,primary_clean_wikidata_exact,False,M,435,-1.0121674025502259,0.11608961303462322
2013-01,FIDE official January 2013 standard rating list,http://ratings.fide.com/download/standard_jan13frl.zip,standard_jan13frl.txt,4119002,"Rustemov, Alexander",GM,,,RUS,M,2544,0,10,1973,True,,455,448,2013_M,Q484905,1973-07-06,11,1973,,1973-07-06,wikidata_exact_filled,False,1973-07-06,primary_clean_wikidata_exact,False,M,435,-1.0121674025502259,0.11608961303462322
2013-01,FIDE official January 2013 standard rating list,http://ratings.fide.com/download/standard_jan13frl.zip,standard_jan13frl.txt,3507416,"Bacallao Alonso, Yusnel",GM,,,CUB,M,2543,27,10,1988,True,,457,450,2013_M,Q4075848,1988-06-21,11,1988,,1988-06-21,wikidata_exact_filled,False,1988-06-21,primary_clean_wikidata_exact,False,M,437,-1.028966861513715,0.1120162932790224
2013-01,FIDE official January 2013 standard rating list,http://ratings.fide.com/download/standard_jan13frl.zip,standard_jan13frl.txt,201260,"Chuchelov, Vladimir",GM,,FST,BEL,M,2543,0,10,1969,True,,457,450,2013_M,Q155328,1969-09-28,11,1969,,1969-09-28,wikidata_exact_filled,False,1969-09-28,primary_clean_wikidata_exact,False,M,437,-1.028966861513715,0.1120162932790224
2013-01,FIDE official January 2013 standard rating list,http://ratings.fide.com/download/standard_jan13frl.zip,standard_jan13frl.txt,3503321,"Gonzalez Vidal, Yuri",GM,,,CUB,M,2543,0,10,1981,True,,457,450,2013_M,Q630491,1981-01-12,11,1981,,1981-01-12,wikidata_exact_filled,False,1981-01-12,primary_clean_wikidata_exact,False,M,437,-1.028966861513715,0.1120162932790224
2013-01,FIDE official January 2013 standard rating list,http://ratings.fide.com/download/standard_jan13frl.zip,standard_jan13frl.txt,13602543,"Jojua, Davit",GM,,,GEO,M,2543,9,10,1989,True,,457,450,2013_M,Q250991,1989-06-08,11,1989,,1989-06-08,wikidata_exact_filled,False,1989-06-08,primary_clean_wikidata_exact,False,M,437,-1.028966861513715,0.1120162932790224
2013-01,FIDE official January 2013 standard rating list,http://ratings.fide.com/download/standard_jan13frl.zip,standard_jan13frl.txt,4120949,"Kornev, Alexei",GM,,,RUS,M,2543,0,10,1976,True,,457,450,2013_M,Q4233241,1976-01-01;1976-12-20,9;11,1976,,1976-12-20,wikidata_exact_filled,False,1976-12-20,primary_clean_wikidata_exact,False,M,437,-1.028966861513715,0.1120162932790224
2013-01,FIDE official January 2013 standard rating list,http://ratings.fide.com/download/standard_jan13frl.zip,standard_jan13frl.txt,14100584,"Maksimenko, Andrei",GM,,FT,UKR,M,2543,0,10,1969,True,,457,450,2013_M,Q510942,1969-12-07,11,1969,,1969-12-07,wikidata_exact_filled,False,1969-12-07,primary_clean_wikidata_exact,False,M,437,-1.028966861513715,0.1120162932790224
2013-01,FIDE official January 2013 standard rating list,http://ratings.fide.com/download/standard_jan13frl.zip,standard_jan13frl.txt,2107660,"Mekhitarian, Krikor Sevag",GM,,,BRA,M,2543,15,10,1986,True,,457,450,2013_M,Q1190860,1986-11-15,11,1986,,1986-11-15,wikidata_exact_filled,False,1986-11-15,primary_clean_wikidata_exact,False,M,437,-1.028966861513715,0.1120162932790224
2013-01,FIDE official January 2013 standard rating list,http://ratings.fide.com/download/standard_jan13frl.zip,standard_jan13frl.txt,2801914,"Mikhalevski, Victor",GM,,,ISR,M,2543,0,10,1972,True,,457,450,2013_M,Q2472255,1972-07-08,11,1972,,1972-07-08,wikidata_exact_filled,False,1972-07-08,primary_clean_wikidata_exact,False,M,437,-1.028966861513715,0.1120162932790224
2013-01,FIDE official January 2013 standard rating list,http://ratings.fide.com/download/standard_jan13frl.zip,standard_jan13frl.txt,14604299,"Skoberne, Jure",GM,,,SLO,M,2543,7,10,1987,True,,457,450,2013_M,Q4525016,1987-03-20,11,1987,,1987-03-20,wikidata_exact_filled,False,1987-03-20,primary_clean_wikidata_exact,False,M,437,-1.028966861513715,0.1120162932790224
2013-01,FIDE official January 2013 standard rating list,http://ratings.fide.com/download/standard_jan13frl.zip,standard_jan13frl.txt,3400042,"Vasquez Schroeder, Rodrigo",GM,,,CHI,M,2543,9,10,1969,True,,457,450,2013_M,Q6110832,1969-12-06,11,1969,,1969-12-06,wikidata_exact_filled,False,1969-12-06,primary_clean_wikidata_exact,False,M,437,-1.028966861513715,0.1120162932790224
2013-01,FIDE official January 2013 standard rating list,http://ratings.fide.com/download/standard_jan13frl.zip,standard_jan13frl.txt,14500310,"Zelcic, Robert",GM,,FT,CRO,M,2543,9,10,1965,True,,457,450,2013_M,Q2333230,1965-09-21,11,1965,,1965-09-21,wikidata_exact_filled,False,1965-09-21,primary_clean_wikidata_exact,False,M,437,-1.028966861513715,0.1120162932790224
2013-01,FIDE official January 2013 standard rating list,http://ratings.fide.com/download/standard_jan13frl.zip,standard_jan13frl.txt,3802272,"Cori, Jorge",GM,,,PER,M,2542,0,10,1995,True,,468,461,2013_M,Q730058,1995-07-30,11,1995,,1995-07-30,wikidata_exact_filled,False,1995-07-30,primary_clean_wikidata_exact,False,M,448,-1.0457663204772043,0.08961303462321792
2013-01,FIDE official January 2013 standard rating list,http://ratings.fide.com/download/standard_jan13frl.zip,standard_jan13frl.txt,2000202,"Ivanov, Alexander",GM,,,USA,M,2542,0,10,1956,True,,468,461,2013_M,Q2833146,1956-05-01,11,1956,,1956-05-01,wikidata_exact_filled,False,1956-05-01,primary_clean_wikidata_exact,False,M,448,-1.0457663204772043,0.08961303462321792
2013-01,FIDE official January 2013 standard rating list,http://ratings.fide.com/download/standard_jan13frl.zip,standard_jan13frl.txt,1205730,"Nevednichy, Vladislav",GM,,,ROU,M,2542,11,10,1969,True,,468,461,2013_M,Q3622636,1969-09-03,11,1969,,1969-09-03,wikidata_exact_filled,False,1969-09-03,primary_clean_wikidata_exact,False,M,448,-1.0457663204772043,0.08961303462321792
2013-01,FIDE official January 2013 standard rating list,http://ratings.fide.com/download/standard_jan13frl.zip,standard_jan13frl.txt,4135229,"Anisimov, Pavel",IM,,,RUS,M,2541,0,10,1986,True,,471,464,2013_M,Q27523064,1986-04-19,11,1986,,1986-04-19,wikidata_exact_filled,False,1986-04-19,primary_clean_wikidata_exact,False,M,451,-1.0625657794406935,0.0835030549898167
2013-01,FIDE official January 2013 standard rating list,http://ratings.fide.com/download/standard_jan13frl.zip,standard_jan13frl.txt,307424,"Cvek, Robert",GM,,,CZE,M,2541,0,10,1979,True,,471,464,2013_M,Q360261,1979-01-06,11,1979,,1979-01-06,wikidata_exact_filled,False,1979-01-06,primary_clean_wikidata_exact,False,M,451,-1.0625657794406935,0.0835030549898167
2013-01,FIDE official January 2013 standard rating list,http://ratings.fide.com/download/standard_jan13frl.zip,standard_jan13frl.txt,3504387,"Hernandez Carmenate, Holden",GM,,,CUB,M,2541,27,10,1984,True,,471,464,2013_M,Q648268,1984-08-10,11,1984,,1984-08-10,wikidata_exact_filled,False,1984-08-10,primary_clean_wikidata_exact,False,M,451,-1.0625657794406935,0.0835030549898167
2013-01,FIDE official January 2013 standard rating list,http://ratings.fide.com/download/standard_jan13frl.zip,standard_jan13frl.txt,1700812,"Hillarp Persson, Tiger",GM,,,SWE,M,2541,9,10,1970,True,,471,464,2013_M,Q728133,1970-10-28,11,1970,,1970-10-28,wikidata_exact_filled,False,1970-10-28,primary_clean_wikidata_exact,False,M,451,-1.0625657794406935,0.0835030549898167
2013-01,FIDE official January 2013 standard rating list,http://ratings.fide.com/download/standard_jan13frl.zip,standard_jan13frl.txt,5024595,"Lalith, Babu M.R.",GM,,,IND,M,2541,21,10,1993,True,,471,464,2013_M,Q2167879,1993-01-05,11,1993,,1993-01-05,wikidata_exact_filled,False,1993-01-05,primary_clean_wikidata_exact,False,M,451,-1.0625657794406935,0.0835030549898167
2013-01,FIDE official January 2013 standard rating list,http://ratings.fide.com/download/standard_jan13frl.zip,standard_jan13frl.txt,14114089,"Tarlev, Konstantin",IM,,,UKR,M,2541,0,10,1987,True,,471,464,2013_M,Q15074706,1987-02-09,11,1987,,1987-02-09,wikidata_exact_filled,False,1987-02-09,primary_clean_wikidata_exact,False,M,451,-1.0625657794406935,0.0835030549898167
2013-01,FIDE official January 2013 standard rating list,http://ratings.fide.com/download/standard_jan13frl.zip,standard_jan13frl.txt,2800039,"Greenfeld, Alon",GM,,,ISR,M,2540,0,10,1964,True,,477,470,2013_M,Q486592,1964-04-17,11,1964,,1964-04-17,wikidata_exact_filled,False,1964-04-17,primary_clean_wikidata_exact,False,M,457,-1.0793652384041827,0.07128309572301425
2013-01,FIDE official January 2013 standard rating list,http://ratings.fide.com/download/standard_jan13frl.zip,standard_jan13frl.txt,4100875,"Ionov, Sergey",GM,,,RUS,M,2540,0,10,1962,True,,477,470,2013_M,Q1760310,1962-01-07,11,1962,,1962-01-07,wikidata_exact_filled,False,1962-01-07,primary_clean_wikidata_exact,False,M,457,-1.0793652384041827,0.07128309572301425
2013-01,FIDE official January 2013 standard rating list,http://ratings.fide.com/download/standard_jan13frl.zip,standard_jan13frl.txt,14100142,"Kruppa, Yuri",GM,,,UKR,M,2540,0,10,1964,True,,477,470,2013_M,Q3811404,1964-06-21,11,1964,,1964-06-21,wikidata_exact_filled,False,1964-06-21,primary_clean_wikidata_exact,False,M,457,-1.0793652384041827,0.07128309572301425
2013-01,FIDE official January 2013 standard rating list,http://ratings.fide.com/download/standard_jan13frl.zip,standard_jan13frl.txt,4623169,"Naumann, Alexander",GM,,,GER,M,2540,0,10,1979,True,,477,470,2013_M,Q91571,1979-02-17,11,1979,,1979-02-17,wikidata_exact_filled,False,1979-02-17,primary_clean_wikidata_exact,False,M,457,-1.0793652384041827,0.07128309572301425
2013-01,FIDE official January 2013 standard rating list,http://ratings.fide.com/download/standard_jan13frl.zip,standard_jan13frl.txt,14506254,"Saric, Ante",GM,,FT,CRO,M,2540,9,10,1984,True,,477,470,2013_M,Q487783,1984-04-06,11,1984,,1984-04-06,wikidata_exact_filled,False,1984-04-06,primary_clean_wikidata_exact,False,M,457,-1.0793652384041827,0.07128309572301425
2013-01,FIDE official January 2013 standard rating list,http://ratings.fide.com/download/standard_jan13frl.zip,standard_jan13frl.txt,2000156,"Alburt, Lev O",GM,,FST,USA,M,2539,0,10,1945,True,,482,475,2013_M,Q525884,1945-01-01;1945-08-21;1946-01-01,9;11,1945,,1945-08-21,wikidata_exact_filled,False,1945-08-21,primary_clean_wikidata_exact,False,M,462,-1.096164697367672,0.06109979633401222
2013-01,FIDE official January 2013 standard rating list,http://ratings.fide.com/download/standard_jan13frl.zip,standard_jan13frl.txt,14900017,"Ftacnik, Lubomir",GM,,,SVK,M,2539,1,10,1957,True,,482,475,2013_M,Q344716,1957-10-30,11,1957,,1957-10-30,wikidata_exact_filled,False,1957-10-30,primary_clean_wikidata_exact,False,M,462,-1.096164697367672,0.06109979633401222
2013-01,FIDE official January 2013 standard rating list,http://ratings.fide.com/download/standard_jan13frl.zip,standard_jan13frl.txt,1700090,"Hector, Jonny",GM,,,SWE,M,2539,0,10,1964,True,,482,475,2013_M,Q1703454,1964-02-13,11,1964,,1964-02-13,wikidata_exact_filled,False,1964-02-13,primary_clean_wikidata_exact,False,M,462,-1.096164697367672,0.06109979633401222
2013-01,FIDE official January 2013 standard rating list,http://ratings.fide.com/download/standard_jan13frl.zip,standard_jan13frl.txt,14400057,"Kurajica, Bojan",GM,,,BIH,M,2539,9,10,1947,True,,482,475,2013_M,Q891144,1947-11-15,11,1947,,1947-11-15,wikidata_exact_filled,False,1947-11-15,primary_clean_wikidata_exact,False,M,462,-1.096164697367672,0.06109979633401222
2013-01,FIDE official January 2013 standard rating list,http://ratings.fide.com/download/standard_jan13frl.zip,standard_jan13frl.txt,1013068,"Pruijssers, Roeland",GM,,,NED,M,2539,1,10,1989,True,,482,475,2013_M,Q81853,1989-08-16,11,1989,,1989-08-16,wikidata_exact_filled,False,1989-08-16,primary_clean_wikidata_exact,False,M,462,-1.096164697367672,0.06109979633401222
2013-01,FIDE official January 2013 standard rating list,http://ratings.fide.com/download/standard_jan13frl.zip,standard_jan13frl.txt,2905434,"Rusev, Krasimir",GM,,,BUL,M,2539,2,10,1983,True,,482,475,2013_M,Q3481330,1983-10-16,11,1983,,1983-10-16,wikidata_exact_filled,False,1983-10-16,primary_clean_wikidata_exact,False,M,462,-1.096164697367672,0.06109979633401222
2013-01,FIDE official January 2013 standard rating list,http://ratings.fide.com/download/standard_jan13frl.zip,standard_jan13frl.txt,920479,"Savic, Miodrag R",GM,,,SRB,M,2539,9,10,1977,True,,482,475,2013_M,Q4404107,1977-04-06,11,1977,,1977-04-06,wikidata_exact_filled,False,1977-04-06,primary_clean_wikidata_exact,False,M,462,-1.096164697367672,0.06109979633401222
2013-01,FIDE official January 2013 standard rating list,http://ratings.fide.com/download/standard_jan13frl.zip,standard_jan13frl.txt,722901,"Szabo, Krisztian",GM,,,HUN,M,2539,9,10,1989,True,,482,475,2013_M,Q465813,1989-06-21,11,1989,,1989-06-21,wikidata_exact_filled,False,1989-06-21,primary_clean_wikidata_exact,False,M,462,-1.096164697367672,0.06109979633401222
2013-01,FIDE official January 2013 standard rating list,http://ratings.fide.com/download/standard_jan13frl.zip,standard_jan13frl.txt,2022320,"Arnold, Marc T",GM,,,USA,M,2538,0,10,1992,True,,491,484,2013_M,Q15215593,1992-11-20,11,1992,,1992-11-20,wikidata_exact_filled,False,1992-11-20,primary_clean_wikidata_exact,False,M,470,-1.1129641563311612,0.04480651731160896
2013-01,FIDE official January 2013 standard rating list,http://ratings.fide.com/download/standard_jan13frl.zip,standard_jan13frl.txt,14103109,"Feygin, Michael",GM,,,GER,M,2538,0,10,1975,True,,491,484,2013_M,Q4482389,1975-02-01,11,1975,,1975-02-01,wikidata_exact_filled,False,1975-02-01,primary_clean_wikidata_exact,False,M,470,-1.1129641563311612,0.04480651731160896
2013-01,FIDE official January 2013 standard rating list,http://ratings.fide.com/download/standard_jan13frl.zip,standard_jan13frl.txt,700061,"Horvath, Jozsef",GM,,"IA,FST",HUN,M,2538,9,10,1964,True,,491,484,2013_M,Q368004,1964-08-13,11,1964,,1964-08-13,wikidata_exact_filled,False,1964-08-13,primary_clean_wikidata_exact,False,M,470,-1.1129641563311612,0.04480651731160896
2013-01,FIDE official January 2013 standard rating list,http://ratings.fide.com/download/standard_jan13frl.zip,standard_jan13frl.txt,2226332,"Ibarra Jerez, Jose Carlos",IM,,,ESP,M,2538,9,10,1985,True,,491,484,2013_M,Q16654701,1985-08-07,11,1985,,1985-08-07,wikidata_exact_filled,False,1985-08-07,primary_clean_wikidata_exact,False,M,470,-1.1129641563311612,0.04480651731160896
2013-01,FIDE official January 2013 standard rating list,http://ratings.fide.com/download/standard_jan13frl.zip,standard_jan13frl.txt,4156021,"Iljin, Artem",GM,,,RUS,M,2538,0,10,1987,True,,491,484,2013_M,Q4199540,1987-01-04,11,1987,,1987-01-04,wikidata_exact_filled,False,1987-01-04,primary_clean_wikidata_exact,False,M,470,-1.1129641563311612,0.04480651731160896
2013-01,FIDE official January 2013 standard rating list,http://ratings.fide.com/download/standard_jan13frl.zip,standard_jan13frl.txt,14505959,"Jankovic, Alojzije",GM,,,CRO,M,2538,9,10,1983,True,,491,484,2013_M,Q514044,1983-04-02,11,1983,,1983-04-02,wikidata_exact_filled,False,1983-04-02,primary_clean_wikidata_exact,False,M,470,-1.1129641563311612,0.04480651731160896
2013-01,FIDE official January 2013 standard rating list,http://ratings.fide.com/download/standard_jan13frl.zip,standard_jan13frl.txt,14509792,"Martinovic, Sasa",GM,,,CRO,M,2538,9,10,1991,True,,491,484,2013_M,Q4282611,1991-07-15,11,1991,,1991-07-15,wikidata_exact_filled,False,1991-07-15,primary_clean_wikidata_exact,False,M,470,-1.1129641563311612,0.04480651731160896
2013-01,FIDE official January 2013 standard rating list,http://ratings.fide.com/download/standard_jan13frl.zip,standard_jan13frl.txt,14901625,"Petrik, Tomas",GM,,,SVK,M,2538,0,10,1980,True,,491,484,2013_M,Q487995,1980-10-31,11,1980,,1980-10-31,wikidata_exact_filled,False,1980-10-31,primary_clean_wikidata_exact,False,M,470,-1.1129641563311612,0.04480651731160896
2013-01,FIDE official January 2013 standard rating list,http://ratings.fide.com/download/standard_jan13frl.zip,standard_jan13frl.txt,9301348,"Salem, A.R. Saleh",GM,,,UAE,M,2538,3,10,1993,True,,491,484,2013_M,Q4405780,1993-01-04,11,1993,,1993-01-04,wikidata_exact_filled,False,1993-01-04,primary_clean_wikidata_exact,False,M,470,-1.1129641563311612,0.04480651731160896
2013-01,FIDE official January 2013 standard rating list,http://ratings.fide.com/download/standard_jan13frl.zip,standard_jan13frl.txt,14602296,"Sebenik, Matej",GM,,,SLO,M,2538,9,10,1983,True,,491,484,2013_M,Q4521873,1983-08-28,11,1983,,1983-08-28,wikidata_exact_filled,False,1983-08-28,primary_clean_wikidata_exact,False,M,470,-1.1129641563311612,0.04480651731160896
2013-01,FIDE official January 2013 standard rating list,http://ratings.fide.com/download/standard_jan13frl.zip,standard_jan13frl.txt,3700267,"Cubas, Jose Fernando",GM,,,PAR,M,2537,16,10,1981,True,,501,494,2013_M,Q11728571,1981-04-09,11,1981,,1981-04-09,wikidata_exact_filled,False,1981-04-09,primary_clean_wikidata_exact,False,M,480,-1.1297636152946504,0.024439918533604887
2013-01,FIDE official January 2013 standard rating list,http://ratings.fide.com/download/standard_jan13frl.zip,standard_jan13frl.txt,817570,"Dvirnyy, Danyyil",IM,,,ITA,M,2537,0,10,1990,True,,501,494,2013_M,Q3702426,1990-10-21,11,1990,,1990-10-21,wikidata_exact_filled,False,1990-10-21,primary_clean_wikidata_exact,False,M,480,-1.1297636152946504,0.024439918533604887
2013-01,FIDE official January 2013 standard rating list,http://ratings.fide.com/download/standard_jan13frl.zip,standard_jan13frl.txt,4100972,"Ikonnikov, Vyacheslav",GM,,,RUS,M,2537,1,10,1966,True,,501,494,2013_M,Q2867758,1966-03-15,11,1966,,1966-03-15,wikidata_exact_filled,False,1966-03-15,primary_clean_wikidata_exact,False,M,480,-1.1297636152946504,0.024439918533604887
2013-01,FIDE official January 2013 standard rating list,http://ratings.fide.com/download/standard_jan13frl.zip,standard_jan13frl.txt,13501720,"Maiorov, Nikita",GM,,,BLR,M,2537,16,10,1985,True,,501,494,2013_M,Q4275004,1985-04-19,11,1985,,1985-04-19,wikidata_exact_filled,False,1985-04-19,primary_clean_wikidata_exact,False,M,480,-1.1297636152946504,0.024439918533604887
2013-01,FIDE official January 2013 standard rating list,http://ratings.fide.com/download/standard_jan13frl.zip,standard_jan13frl.txt,1006088,"Werle, Jan",GM,,,NED,M,2537,0,10,1984,True,,501,494,2013_M,Q969930,1984-01-15,11,1984,,1984-01-15,wikidata_exact_filled,False,1984-01-15,primary_clean_wikidata_exact,False,M,480,-1.1297636152946504,0.024439918533604887
2013-01,FIDE official January 2013 standard rating list,http://ratings.fide.com/download/standard_jan13frl.zip,standard_jan13frl.txt,3202534,"Zhao, Zong-Yuan",GM,,,AUS,M,2537,6,10,1986,True,,501,494,2013_M,Q4515476,1986-06-26,11,1986,,1986-06-26,wikidata_exact_filled,False,1986-06-26,primary_clean_wikidata_exact,False,M,480,-1.1297636152946504,0.024439918533604887
2013-01,FIDE official January 2013 standard rating list,http://ratings.fide.com/download/standard_jan13frl.zip,standard_jan13frl.txt,720852,"Gonda, Laszlo",GM,,,HUN,M,2536,0,10,1988,True,,507,500,2013_M,Q1297072,1988-04-24,11,1988,,1988-04-24,wikidata_exact_filled,False,1988-04-24,primary_clean_wikidata_exact,False,M,486,-1.1465630742581396,0.012219959266802444
2013-01,FIDE official January 2013 standard rating list,http://ratings.fide.com/download/standard_jan13frl.zip,standard_jan13frl.txt,4135202,"Kharitonov, Alexandr",GM,,,RUS,M,2536,0,10,1986,True,,507,500,2013_M,Q2505504,1986-11-08,11,1986,,1986-11-08,wikidata_exact_filled,False,1986-11-08,primary_clean_wikidata_exact,False,M,486,-1.1465630742581396,0.012219959266802444
2013-01,FIDE official January 2013 standard rating list,http://ratings.fide.com/download/standard_jan13frl.zip,standard_jan13frl.txt,4119991,"Ovetchkin, Roman",GM,,,RUS,M,2536,10,10,1973,True,,507,500,2013_M,Q3540490,1973-01-16,11,1973,,1973-01-16,wikidata_exact_filled,False,1973-01-16,primary_clean_wikidata_exact,False,M,486,-1.1465630742581396,0.012219959266802444
2013-01,FIDE official January 2013 standard rating list,http://ratings.fide.com/download/standard_jan13frl.zip,standard_jan13frl.txt,13501429,"Teterev, Vitaly",GM,,,BLR,M,2536,0,10,1983,True,,507,500,2013_M,Q4456514,1983-01-07,11,1983,,1983-01-07,wikidata_exact_filled,False,1983-01-07,primary_clean_wikidata_exact,False,M,486,-1.1465630742581396,0.012219959266802444
2013-01,FIDE official January 2013 standard rating list,http://ratings.fide.com/download/standard_jan13frl.zip,standard_jan13frl.txt,14103516,"Vysochin, Spartak",GM,,,UKR,M,2536,9,10,1975,True,,507,500,2013_M,Q1941974,1975-04-30,11,1975,,1975-04-30,wikidata_exact_filled,False,1975-04-30,primary_clean_wikidata_exact,False,M,486,-1.1465630742581396,0.012219959266802444
2013-01,FIDE official January 2013 standard rating list,http://ratings.fide.com/download/standard_jan13frl.zip,standard_jan13frl.txt,4126378,"Yevseev, Denis",GM,,,RUS,M,2536,0,10,1973,True,,507,500,2013_M,Q517795,1973-07-03,11,1973,,1973-07-03,wikidata_exact_filled,False,1973-07-03,primary_clean_wikidata_exact,False,M,486,-1.1465630742581396,0.012219959266802444
2013-01,FIDE official January 2013 standard rating list,http://ratings.fide.com/download/standard_jan13frl.zip,standard_jan13frl.txt,14110547,"Zinchenko, Yaroslav",GM,,,UKR,M,2536,0,10,1987,True,,507,500,2013_M,Q4192248,1987-02-14,11,1987,,1987-02-14,wikidata_exact_filled,False,1987-02-14,primary_clean_wikidata_exact,False,M,486,-1.1465630742581396,0.012219959266802444
