snapshot,source,source_url,fide_id,name,title,fed,sex,sex_raw,rating,games,birth_date,birthday_raw,active,flag_raw,pos_raw,source_rank,rank_overall,rank_within_sex,official_fide_snapshot,manual_injection,injection_reason,rating_source,rating_source_url,identity_source_url,augmented_rank_overall,olimpbase_profile_url,olimpbase_profile_name,olimpbase_profile_dob_raw,olimpbase_profile_dob,olimpbase_profile_most_recent_id,olimpbase_identity_status,exact_dob_1994_repaired,dob_1994_repair_status,needs_manual_review_v2,identity_bridge_modern_fide_id,wikidata_v2_qids,wikidata_v2_dob_candidates,wikidata_v2_precisions,wikidata_v2_unique_exact_dob,profile_vs_wikidata_v2,exact_dob_final_v2,dob_status_v2,needs_manual_review_v3,exact_dob_frozen,dob_freeze_status,dob_source_conflict,dob_resolution_source_level,dob_resolution_note,analysis_sex,analysis_rank_within_sex,elo_z_within_snapshot_sex,rank_percentile_within_snapshot_sex
1994-01,manual historical restoration,https://fidelists.blogspot.com/2008/03/january-1994-fide-rating-list.html,4100018,"Kasparov, Garry",g,RUS,M,,2815,,1963-04-13,1963.04.13,True,,,,,1,False,True,Institutional omission from 1994 FIDE list after FIDE/PCA split,"Fide Rating Lists Archive reconstruction, January 1994",https://fidelists.blogspot.com/2008/03/january-1994-fide-rating-list.html,https://ratings.fide.com/profile/4100018,1,,"Kasparov, Garry",1963-04-13,1963-04-13,4100018,manual_restored_institutional_omission,1963-04-13,manual_restored_institutional_omission,False,4100018,Q28614,1963-04-13,11,1963-04-13,agree,1963-04-13,manual_restored_institutional_omission,False,1963-04-13,primary_clean_upstream_exact,False,,,M,1,5.433558623004371,1.0
1994-01,OlimpBase historical FIDE list,C:\chenxi\bazi_project\chess\Elo199401e.html,4100026,"Karpov, Anatoly",g,RUS,M,,2740,40.0,1951-05-23,1951.05.23,True,,1,1.0,1.0,2,True,False,,OlimpBase historical FIDE list,C:\chenxi\bazi_project\chess\Elo199401e.html,,2,"https://olimpbase.org/Elo/player/K/Karpov,%20Anatoly.html","Karpov, Anatoly",23 May 1951,1951-05-23,4100026,exact_anchor,1951-05-23,olimpbase_profile_confirms_1994_row,False,4100026,Q131674,1951-05-23,11,1951-05-23,agree,1951-05-23,olimpbase_profile_confirms_1994_row,False,1951-05-23,primary_clean_upstream_exact,False,,,M,2,4.0085835957008,0.9979716024340771
1994-01,OlimpBase historical FIDE list,C:\chenxi\bazi_project\chess\Elo199401e.html,5000017,"Anand, Viswanathan",g,IND,M,,2715,37.0,1969-12-11,1969.12.11,True,,3,3.0,2.0,3,True,False,,OlimpBase historical FIDE list,C:\chenxi\bazi_project\chess\Elo199401e.html,,3,"https://olimpbase.org/Elo/player/A/Anand,%20Viswanathan.html","Anand, Viswanathan",11 December 1969,1969-12-11,5000017,exact_anchor,1969-12-11,olimpbase_profile_confirms_1994_row,False,5000017,Q45747,1969-12-11,11,1969-12-11,agree,1969-12-11,olimpbase_profile_confirms_1994_row,False,1969-12-11,primary_clean_upstream_exact,False,,,M,3,3.533591919932942,0.9959432048681541
1994-01,OlimpBase historical FIDE list,C:\chenxi\bazi_project\chess\Elo199401e.html,11600012,"Shirov, Alexei",g,LAT,M,,2715,49.0,1972-07-04,1972.07.04,True,,2,2.0,2.0,3,True,False,,OlimpBase historical FIDE list,C:\chenxi\bazi_project\chess\Elo199401e.html,,3,"https://olimpbase.org/Elo/player/S/Shirov,%20Alexei.html","Shirov, Alexei",4 July 1972,1972-07-04,2209390,exact_anchor,1972-07-04,olimpbase_profile_confirms_1994_row,False,2209390,Q214713,1972-07-04,11,1972-07-04,agree,1972-07-04,olimpbase_profile_confirms_1994_row,False,1972-07-04,primary_clean_upstream_exact,False,,,M,3,3.533591919932942,0.9959432048681541
1994-01,OlimpBase historical FIDE list,C:\chenxi\bazi_project\chess\Elo199401e.html,14100010,"Ivanchuk, Vassily",g,UKR,M,,2710,33.0,1969-03-18,1969.03.18,True,,4,4.0,4.0,5,True,False,,OlimpBase historical FIDE list,C:\chenxi\bazi_project\chess\Elo199401e.html,,5,"https://olimpbase.org/Elo/player/I/Ivanchuk,%20Vassily.html","Ivanchuk, Vassily",18 March 1969,1969-03-18,14100010,exact_anchor,1969-03-18,olimpbase_profile_confirms_1994_row,False,14100010,Q208229,1969-01-01;1969-03-18,9;11,1969-03-18,agree,1969-03-18,olimpbase_profile_confirms_1994_row,False,1969-03-18,primary_clean_upstream_exact,False,,,M,5,3.4385935847793707,0.9918864097363083
1994-01,OlimpBase historical FIDE list,C:\chenxi\bazi_project\chess\Elo199401e.html,4101588,"Kramnik, Vladimir",g,RUS,M,,2710,32.0,1975-06-25,1975.06.25,True,,5,5.0,4.0,5,True,False,,OlimpBase historical FIDE list,C:\chenxi\bazi_project\chess\Elo199401e.html,,5,"https://olimpbase.org/Elo/player/K/Kramnik,%20Vladimir.html","Kramnik, Vladimir",25 June 1975,1975-06-25,4101588,exact_anchor,1975-06-25,olimpbase_profile_confirms_1994_row,False,4101588,Q161092,1975-01-01;1975-06-25,9;11,1975-06-25,agree,1975-06-25,olimpbase_profile_confirms_1994_row,False,1975-06-25,primary_clean_upstream_exact,False,,,M,5,3.4385935847793707,0.9918864097363083
1994-01,OlimpBase historical FIDE list,C:\chenxi\bazi_project\chess\Elo199401e.html,2000024,"Kamsky, Gata",g,USA,M,,2695,36.0,1974-06-02,1974.06.02,True,,6,6.0,6.0,7,True,False,,OlimpBase historical FIDE list,C:\chenxi\bazi_project\chess\Elo199401e.html,,7,"https://olimpbase.org/Elo/player/K/Kamsky,%20Gata.html","Kamsky, Gata",2 June 1974,1974-06-02,2000024,exact_anchor,1974-06-02,olimpbase_profile_confirms_1994_row,False,2000024,Q315155,1974-06-02,11,1974-06-02,agree,1974-06-02,olimpbase_profile_confirms_1994_row,False,1974-06-02,primary_clean_upstream_exact,False,,,M,7,3.1535985793186567,0.9878296146044625
1994-01,OlimpBase historical FIDE list,C:\chenxi\bazi_project\chess\Elo199401e.html,4100140,"Bareev, Evgeny",g,RUS,M,,2685,29.0,1966-11-21,1966.11.21,True,,8,8.0,7.0,8,True,False,,OlimpBase historical FIDE list,C:\chenxi\bazi_project\chess\Elo199401e.html,,8,"https://olimpbase.org/Elo/player/B/Bareev,%20Evgeny.html","Bareev, Evgeny",21 November 1966,1966-11-21,4100140,exact_anchor,1966-11-21,olimpbase_profile_confirms_1994_row,False,4100140,Q253524,1966-11-21,11,1966-11-21,agree,1966-11-21,olimpbase_profile_confirms_1994_row,False,1966-11-21,primary_clean_upstream_exact,False,,,M,8,2.9636019090115138,0.9858012170385395
1994-01,OlimpBase historical FIDE list,C:\chenxi\bazi_project\chess\Elo199401e.html,13500015,"Gelfand, Boris",g,BLR,M,,2685,23.0,1968-06-24,1968.06.24,True,,9,9.0,7.0,8,True,False,,OlimpBase historical FIDE list,C:\chenxi\bazi_project\chess\Elo199401e.html,,8,"https://olimpbase.org/Elo/player/G/Gelfand,%20Boris.html","Gelfand, Boris",24 June 1968,1968-06-24,2805677,exact_anchor,1968-06-24,olimpbase_profile_confirms_1994_row,False,2805677,Q486778,1968-06-24,11,1968-06-24,agree,1968-06-24,olimpbase_profile_confirms_1994_row,False,1968-06-24,primary_clean_upstream_exact,False,,,M,8,2.9636019090115138,0.9858012170385395
1994-01,OlimpBase historical FIDE list,C:\chenxi\bazi_project\chess\Elo199401e.html,4100069,"Salov, Valery",g,RUS,M,,2685,31.0,1964-05-26,1964.05.26,True,,7,7.0,7.0,8,True,False,,OlimpBase historical FIDE list,C:\chenxi\bazi_project\chess\Elo199401e.html,,8,"https://olimpbase.org/Elo/player/S/Salov,%20Valery.html","Salov, Valery",26 May 1964,1964-05-26,4100069,exact_anchor,1964-05-26,olimpbase_profile_confirms_1994_row,False,4100069,Q955884,1964-05-26,11,1964-05-26,agree,1964-05-26,olimpbase_profile_confirms_1994_row,False,1964-05-26,primary_clean_upstream_exact,False,,,M,8,2.9636019090115138,0.9858012170385395
1994-01,OlimpBase historical FIDE list,C:\chenxi\bazi_project\chess\Elo199401e.html,4100182,"Epishin, Vladimir",g,RUS,M,,2675,32.0,1965-07-11,1965.07.11,True,,10,10.0,10.0,11,True,False,,OlimpBase historical FIDE list,C:\chenxi\bazi_project\chess\Elo199401e.html,,11,"https://olimpbase.org/Elo/player/E/Epishin,%20Vladimir.html","Epishin, Vladimir",11 July 1965,1965-07-11,4162714,exact_anchor,1965-07-11,olimpbase_profile_confirms_1994_row,False,4162714,Q1370851,1965-07-11,11,1965-07-11,agree,1965-07-11,olimpbase_profile_confirms_1994_row,False,1965-07-11,primary_clean_upstream_exact,False,,,M,11,2.773605238704371,0.9797160243407708
1994-01,manual historical restoration,https://fidelists.blogspot.com/2008/03/january-1994-fide-rating-list.html,400025,"Short, Nigel D.",g,ENG,M,,2665,,1965-06-01,1965.06.01,True,,,,,12,False,True,Institutional omission from 1994 FIDE list after FIDE/PCA split,"Fide Rating Lists Archive reconstruction, January 1994",https://fidelists.blogspot.com/2008/03/january-1994-fide-rating-list.html,https://ratings.fide.com/profile/400025,12,,"Short, Nigel D.",1965-06-01,1965-06-01,400025,manual_restored_institutional_omission,1965-06-01,manual_restored_institutional_omission,False,400025,Q313778,1965-06-01,11,1965-06-01,agree,1965-06-01,manual_restored_institutional_omission,False,1965-06-01,primary_clean_upstream_exact,False,,,M,12,2.583608568397228,0.9776876267748479
1994-01,OlimpBase historical FIDE list,C:\chenxi\bazi_project\chess\Elo199401e.html,4618777,"Yusupov, Artur",g,GER,M,,2665,35.0,1960-02-13,1960.02.13,True,,11,11.0,11.0,12,True,False,,OlimpBase historical FIDE list,C:\chenxi\bazi_project\chess\Elo199401e.html,,12,"https://olimpbase.org/Elo/player/Y/Yusupov,%20Artur.html","Jussupow, Artur",13 February 1960,1960-02-13,4618777,exact_anchor,1960-02-13,olimpbase_profile_confirms_1994_row,False,4618777,Q60598,1960-02-13,11,1960-02-13,agree,1960-02-13,olimpbase_profile_confirms_1994_row,False,1960-02-13,primary_clean_upstream_exact,False,,,M,12,2.583608568397228,0.9776876267748479
1994-01,OlimpBase historical FIDE list,C:\chenxi\bazi_project\chess\Elo199401e.html,400041,"Adams, Michael",g,ENG,M,,2660,55.0,1971-11-17,1971.11.17,True,,12,12.0,12.0,14,True,False,,OlimpBase historical FIDE list,C:\chenxi\bazi_project\chess\Elo199401e.html,,14,"https://olimpbase.org/Elo/player/A/Adams,%20Michael.html","Adams, Michael",17 November 1971,1971-11-17,400041,exact_anchor,1971-11-17,olimpbase_profile_confirms_1994_row,False,400041,Q299636,1971-11-17,11,1971-11-17,agree,1971-11-17,olimpbase_profile_confirms_1994_row,False,1971-11-17,primary_clean_upstream_exact,False,,,M,14,2.4886102332436564,0.973630831643002
1994-01,OlimpBase historical FIDE list,C:\chenxi\bazi_project\chess\Elo199401e.html,4100115,"Khalifman, Alexander",g,RUS,M,,2660,39.0,1966-01-18,1966.01.18,True,,13,13.0,12.0,14,True,False,,OlimpBase historical FIDE list,C:\chenxi\bazi_project\chess\Elo199401e.html,,14,"https://olimpbase.org/Elo/player/K/Khalifman,%20Alexander.html","Khalifman, Alexander",18 January 1966,1966-01-18,4100115,exact_anchor,1966-01-18,olimpbase_profile_confirms_1994_row,False,4100115,Q106374,1966-01-18,11,1966-01-18,agree,1966-01-18,olimpbase_profile_confirms_1994_row,False,1966-01-18,primary_clean_upstream_exact,False,,,M,14,2.4886102332436564,0.973630831643002
1994-01,OlimpBase historical FIDE list,C:\chenxi\bazi_project\chess\Elo199401e.html,14100029,"Beliavsky, Alexander G.",g,UKR,M,,2650,23.0,1953-12-17,1953.12.17,True,,15,15.0,14.0,16,True,False,,OlimpBase historical FIDE list,C:\chenxi\bazi_project\chess\Elo199401e.html,,16,"https://olimpbase.org/Elo/player/B/Beliavsky,%20Alexander%20G..html","Beliavsky, Alexander G.",17 December 1953,1953-12-17,14602377,exact_anchor,1953-12-17,olimpbase_profile_confirms_1994_row,False,14602377,Q352413,1953-12-17,11,1953-12-17,agree,1953-12-17,olimpbase_profile_confirms_1994_row,False,1953-12-17,primary_clean_upstream_exact,False,,,M,16,2.2986135629365134,0.9695740365111561
1994-01,OlimpBase historical FIDE list,C:\chenxi\bazi_project\chess\Elo199401e.html,14400030,"Sokolov, Ivan",g,BIH,M,,2650,52.0,1968-06-13,1968.06.13,True,,14,14.0,14.0,16,True,False,,OlimpBase historical FIDE list,C:\chenxi\bazi_project\chess\Elo199401e.html,,16,"https://olimpbase.org/Elo/player/S/Sokolov,%20Ivan.html","Sokolov, Ivan",13 June 1968,1968-06-13,14400030,exact_anchor,1968-06-13,olimpbase_profile_confirms_1994_row,False,14400030,Q709548,1968-06-13,11,1968-06-13,agree,1968-06-13,olimpbase_profile_confirms_1994_row,False,1968-06-13,primary_clean_upstream_exact,False,,,M,16,2.2986135629365134,0.9695740365111561
1994-01,OlimpBase historical FIDE list,C:\chenxi\bazi_project\chess\Elo199401e.html,4100107,"Dreev, Alexey",g,RUS,M,,2645,34.0,1969-01-30,1969.01.30,True,,16,16.0,16.0,18,True,False,,OlimpBase historical FIDE list,C:\chenxi\bazi_project\chess\Elo199401e.html,,18,"https://olimpbase.org/Elo/player/D/Dreev,%20Alexey.html","Dreev, Alexey",30 January 1969,1969-01-30,4100107,exact_anchor,1969-01-30,olimpbase_profile_confirms_1994_row,False,4100107,Q543241,1969-01-01;1969-01-30,9;11,1969-01-30,agree,1969-01-30,olimpbase_profile_confirms_1994_row,False,1969-01-30,primary_clean_upstream_exact,False,,,M,18,2.203615227782942,0.9655172413793104
1994-01,OlimpBase historical FIDE list,C:\chenxi\bazi_project\chess\Elo199401e.html,2008564,"Kaidanov, Gregory S.",g,USA,M,,2645,25.0,1959-10-11,1959.10.11,True,,17,17.0,16.0,18,True,False,,OlimpBase historical FIDE list,C:\chenxi\bazi_project\chess\Elo199401e.html,,18,"https://olimpbase.org/Elo/player/K/Kaidanov,%20Grigory%20S..html","Kaidanov, Gregory S.",11 October 1959,1959-10-11,2008564,exact_anchor,1959-10-11,olimpbase_profile_confirms_1994_row,False,2008564,Q1266603,1959-10-11,11,1959-10-11,agree,1959-10-11,olimpbase_profile_confirms_1994_row,False,1959-10-11,primary_clean_upstream_exact,False,,,M,18,2.203615227782942,0.9655172413793104
1994-01,OlimpBase historical FIDE list,C:\chenxi\bazi_project\chess\Elo199401e.html,2900084,"Topalov, Veselin",g,BUL,M,,2640,31.0,1975-03-15,1975.03.15,True,,18,18.0,18.0,20,True,False,,OlimpBase historical FIDE list,C:\chenxi\bazi_project\chess\Elo199401e.html,,20,"https://olimpbase.org/Elo/player/T/Topalov,%20Veselin.html","Topalov, Veselin",15 March 1975,1975-03-15,2900084,exact_anchor,1975-03-15,olimpbase_profile_confirms_1994_row,False,2900084,Q172798,1975-03-15,11,1975-03-15,agree,1975-03-15,olimpbase_profile_confirms_1994_row,False,1975-03-15,primary_clean_upstream_exact,False,,,M,20,2.1086168926293705,0.9614604462474645
1994-01,OlimpBase historical FIDE list,C:\chenxi\bazi_project\chess\Elo199401e.html,715620,"Chernin, Alexander",g,HUN,M,,2630,36.0,1960-03-06,1960.03.06,True,,19,19.0,19.0,21,True,False,,OlimpBase historical FIDE list,C:\chenxi\bazi_project\chess\Elo199401e.html,,21,"https://olimpbase.org/Elo/player/C/Chernin,%20Alexander.html","Chernin, Alexander",6 March 1960,1960-03-06,715620,exact_anchor,1960-03-06,olimpbase_profile_confirms_1994_row,False,715620,Q957014,1960-03-06,11,1960-03-06,agree,1960-03-06,olimpbase_profile_confirms_1994_row,False,1960-03-06,primary_clean_upstream_exact,False,,,M,21,1.9186202223222277,0.9594320486815415
1994-01,OlimpBase historical FIDE list,C:\chenxi\bazi_project\chess\Elo199401e.html,4100840,"Tiviakov, Sergei",g,RUS,M,,2630,23.0,1973-02-14,1973.02.14,True,,20,20.0,19.0,21,True,False,,OlimpBase historical FIDE list,C:\chenxi\bazi_project\chess\Elo199401e.html,,21,"https://olimpbase.org/Elo/player/T/Tiviakov,%20Sergei.html","Tiviakov, Sergei",14 February 1973,1973-02-14,1008013,exact_anchor,1973-02-14,olimpbase_profile_confirms_1994_row,False,1008013,Q710938,1973-02-14,11,1973-02-14,agree,1973-02-14,olimpbase_profile_confirms_1994_row,False,1973-02-14,primary_clean_upstream_exact,False,,,M,21,1.9186202223222277,0.9594320486815415
1994-01,OlimpBase historical FIDE list,C:\chenxi\bazi_project\chess\Elo199401e.html,13600010,"Azmaiparashvili, Zurab",g,GEO,M,,2625,11.0,1960-03-16,1960.03.16,True,,26,26.0,22.0,23,True,False,,OlimpBase historical FIDE list,C:\chenxi\bazi_project\chess\Elo199401e.html,,24,"https://olimpbase.org/Elo/player/A/Azmaiparashvili,%20Zurab.html","Azmaiparashvili, Zurab",16 March 1960,1960-03-16,13601326,exact_anchor,1960-03-16,olimpbase_profile_confirms_1994_row,False,13601326,Q726187,1960-03-16,11,1960-03-16,agree,1960-03-16,olimpbase_profile_confirms_1994_row,False,1960-03-16,primary_clean_upstream_exact,False,,,M,23,1.8236218871686563,0.9553752535496958
1994-01,OlimpBase historical FIDE list,C:\chenxi\bazi_project\chess\Elo199401e.html,4623606,"Dautov, Rustem",g,GER,M,,2625,0.0,1965-11-28,1965.11.28,True,,27,27.0,22.0,23,True,False,,OlimpBase historical FIDE list,C:\chenxi\bazi_project\chess\Elo199401e.html,,24,"https://olimpbase.org/Elo/player/D/Dautov,%20Rustem.html","Dautov, Rustem",28 November 1965,1965-11-28,4623606,exact_anchor,1965-11-28,olimpbase_profile_confirms_1994_row,False,4623606,Q67746,1965-11-28,11,1965-11-28,agree,1965-11-28,olimpbase_profile_confirms_1994_row,False,1965-11-28,primary_clean_upstream_exact,False,,,M,23,1.8236218871686563,0.9553752535496958
1994-01,OlimpBase historical FIDE list,C:\chenxi\bazi_project\chess\Elo199401e.html,600016,"Lautier, Joel",g,FRA,M,,2625,31.0,1973-04-12,1973.04.12,True,,23,23.0,22.0,23,True,False,,OlimpBase historical FIDE list,C:\chenxi\bazi_project\chess\Elo199401e.html,,24,"https://olimpbase.org/Elo/player/L/Lautier,%20Joel.html","Lautier, Joel",12 April 1973,1973-04-12,600016,exact_anchor,1973-04-12,olimpbase_profile_confirms_1994_row,False,600016,Q506473,1973-04-12,11,1973-04-12,agree,1973-04-12,olimpbase_profile_confirms_1994_row,False,1973-04-12,primary_clean_upstream_exact,False,,,M,23,1.8236218871686563,0.9553752535496958
1994-01,OlimpBase historical FIDE list,C:\chenxi\bazi_project\chess\Elo199401e.html,14400014,"Nikolic, Predrag",g,BIH,M,,2625,46.0,1960-09-11,1960.09.11,True,,22,22.0,22.0,23,True,False,,OlimpBase historical FIDE list,C:\chenxi\bazi_project\chess\Elo199401e.html,,24,"https://olimpbase.org/Elo/player/N/Nikolic,%20Predrag.html","Nikolic, Predrag",11 September 1960,1960-09-11,14400014,exact_anchor,1960-09-11,olimpbase_profile_confirms_1994_row,False,14400014,Q634635,1960-09-11,11,1960-09-11,agree,1960-09-11,olimpbase_profile_confirms_1994_row,False,1960-09-11,primary_clean_upstream_exact,False,,,M,23,1.8236218871686563,0.9553752535496958
1994-01,OlimpBase historical FIDE list,C:\chenxi\bazi_project\chess\Elo199401e.html,13300016,"Vaganian, Rafael A.",g,ARM,M,,2625,17.0,1951-10-15,1951.10.15,True,,25,25.0,22.0,23,True,False,,OlimpBase historical FIDE list,C:\chenxi\bazi_project\chess\Elo199401e.html,,24,"https://olimpbase.org/Elo/player/V/Vaganian,%20Rafael%20A..html","Vaganian, Rafael A.",15 October 1951,1951-10-15,13300016,exact_anchor,1951-10-15,olimpbase_profile_confirms_1994_row,False,13300016,Q738665,1951-10-15,11,1951-10-15,agree,1951-10-15,olimpbase_profile_confirms_1994_row,False,1951-10-15,primary_clean_upstream_exact,False,,,M,23,1.8236218871686563,0.9553752535496958
1994-01,OlimpBase historical FIDE list,C:\chenxi\bazi_project\chess\Elo199401e.html,2802341,"Yudasin, Leonid",g,ISR,M,,2625,30.0,1959-08-08,1959.08.08,True,,24,24.0,22.0,23,True,False,,OlimpBase historical FIDE list,C:\chenxi\bazi_project\chess\Elo199401e.html,,24,"https://olimpbase.org/Elo/player/Y/Yudasin,%20Leonid.html","Yudasin, Leonid",8 August 1959,1959-08-08,2802341,exact_anchor,1959-08-08,olimpbase_profile_confirms_1994_row,False,2802341,Q948740,1959-08-08,11,1959-08-08,agree,1959-08-08,olimpbase_profile_confirms_1994_row,False,1959-08-08,primary_clean_upstream_exact,False,,,M,23,1.8236218871686563,0.9553752535496958
1994-01,OlimpBase historical FIDE list,C:\chenxi\bazi_project\chess\Elo199401e.html,1700014,"Andersson, Ulf",g,SWE,M,,2620,20.0,1951-06-27,1951.06.27,True,,31,31.0,28.0,29,True,False,,OlimpBase historical FIDE list,C:\chenxi\bazi_project\chess\Elo199401e.html,,30,"https://olimpbase.org/Elo/player/A/Andersson,%20Ulf.html","Andersson, Ulf",27 June 1951,1951-06-27,1700014,exact_anchor,1951-06-27,olimpbase_profile_confirms_1994_row,False,1700014,Q434364,1951-01-27;1951-06-27,11,,,1951-06-27,olimpbase_profile_confirms_1994_row,False,1951-06-27,primary_clean_upstream_exact,False,,,M,29,1.728623552015085,0.9432048681541582
1994-01,OlimpBase historical FIDE list,C:\chenxi\bazi_project\chess\Elo199401e.html,2000091,"Benjamin, Joel",g,USA,M,,2620,29.0,1964-03-11,1964.03.11,True,,30,30.0,28.0,29,True,False,,OlimpBase historical FIDE list,C:\chenxi\bazi_project\chess\Elo199401e.html,,30,"https://olimpbase.org/Elo/player/B/Benjamin,%20Joel.html","Benjamin, Joel",11 March 1964,1964-03-11,2000091,exact_anchor,1964-03-11,olimpbase_profile_confirms_1994_row,False,2000091,Q1343565,1964-01-01;1964-03-11,9;11,1964-03-11,agree,1964-03-11,olimpbase_profile_confirms_1994_row,False,1964-03-11,primary_clean_upstream_exact,False,,,M,29,1.728623552015085,0.9432048681541582
1994-01,OlimpBase historical FIDE list,C:\chenxi\bazi_project\chess\Elo199401e.html,1000012,"Timman, Jan H.",g,NED,M,,2620,32.0,1951-12-14,1951.12.14,True,,29,29.0,28.0,29,True,False,,OlimpBase historical FIDE list,C:\chenxi\bazi_project\chess\Elo199401e.html,,30,"https://olimpbase.org/Elo/player/T/Timman,%20Jan%20H..html","Timman, Jan H.",14 December 1951,1951-12-14,1000012,exact_anchor,1951-12-14,olimpbase_profile_confirms_1994_row,False,1000012,Q139438,1951-12-14,11,1951-12-14,agree,1951-12-14,olimpbase_profile_confirms_1994_row,False,1951-12-14,primary_clean_upstream_exact,False,,,M,29,1.728623552015085,0.9432048681541582
1994-01,OlimpBase historical FIDE list,C:\chenxi\bazi_project\chess\Elo199401e.html,2005492,"Yermolinsky, Alexey",g,USA,M,,2620,51.0,1958-04-11,1958.04.11,True,,28,28.0,28.0,29,True,False,,OlimpBase historical FIDE list,C:\chenxi\bazi_project\chess\Elo199401e.html,,30,"https://olimpbase.org/Elo/player/Y/Yermolinsky,%20Alex.html","Yermolinsky, Alex",11 April 1958,1958-04-11,2005492,exact_anchor,1958-04-11,olimpbase_profile_confirms_1994_row,False,2005492,Q955831,1958-04-11,11,1958-04-11,agree,1958-04-11,olimpbase_profile_confirms_1994_row,False,1958-04-11,primary_clean_upstream_exact,False,,,M,29,1.728623552015085,0.9432048681541582
1994-01,OlimpBase historical FIDE list,C:\chenxi\bazi_project\chess\Elo199401e.html,2900017,"Georgiev, Kiril",g,BUL,M,,2615,47.0,1965-11-28,1965.11.28,True,,33,33.0,32.0,33,True,False,,OlimpBase historical FIDE list,C:\chenxi\bazi_project\chess\Elo199401e.html,,34,"https://olimpbase.org/Elo/player/G/Georgiev,%20Kiril.html","Georgiev, Kiril",28 November 1965,1965-11-28,2900017,exact_anchor,1965-11-28,olimpbase_profile_confirms_1994_row,False,2900017,Q725606,1965-01-01;1965-11-28,9;11,1965-11-28,agree,1965-11-28,olimpbase_profile_confirms_1994_row,False,1965-11-28,primary_clean_upstream_exact,False,,,M,33,1.6336252168615135,0.9350912778904665
1994-01,OlimpBase historical FIDE list,C:\chenxi\bazi_project\chess\Elo199401e.html,2000040,"Gulko, Boris F.",g,USA,M,,2615,40.0,1947-02-09,1947.02.09,True,,34=,34.0,32.0,33,True,False,,OlimpBase historical FIDE list,C:\chenxi\bazi_project\chess\Elo199401e.html,,34,"https://olimpbase.org/Elo/player/G/Gulko,%20Boris%20F..html","Gulko, Boris F.",9 February 1947,1947-02-09,2000040,exact_anchor,1947-02-09,olimpbase_profile_confirms_1994_row,False,2000040,Q893658,1947-01-01;1947-02-09,9;11,1947-02-09,agree,1947-02-09,olimpbase_profile_confirms_1994_row,False,1947-02-09,primary_clean_upstream_exact,False,,,M,33,1.6336252168615135,0.9350912778904665
1994-01,OlimpBase historical FIDE list,C:\chenxi\bazi_project\chess\Elo199401e.html,4600088,"Hertneck, Gerald",g,GER,M,,2615,25.0,1963-09-18,1963.09.18,True,,36,36.0,32.0,33,True,False,,OlimpBase historical FIDE list,C:\chenxi\bazi_project\chess\Elo199401e.html,,34,"https://olimpbase.org/Elo/player/H/Hertneck,%20Gerald.html","Hertneck, Gerald",18 September 1963,1963-09-18,4600088,exact_anchor,1963-09-18,olimpbase_profile_confirms_1994_row,False,4600088,Q90505,1963-09-18,11,1963-09-18,agree,1963-09-18,olimpbase_profile_confirms_1994_row,False,1963-09-18,primary_clean_upstream_exact,False,,,M,33,1.6336252168615135,0.9350912778904665
1994-01,OlimpBase historical FIDE list,C:\chenxi\bazi_project\chess\Elo199401e.html,1300016,"Kortschnoj, Viktor",g,SUI,M,,2615,59.0,1931-03-23,1931.03.23,True,,32,32.0,32.0,33,True,False,,OlimpBase historical FIDE list,C:\chenxi\bazi_project\chess\Elo199401e.html,,34,"https://olimpbase.org/Elo/player/K/Korchnoi,%20Viktor.html","Kortschnoj, Viktor",23 March 1931,1931-03-23,1300016,exact_anchor,1931-03-23,olimpbase_profile_confirms_1994_row,False,1300016,Q212889,1931-03-23,11,1931-03-23,agree,1931-03-23,olimpbase_profile_confirms_1994_row,False,1931-03-23,primary_clean_upstream_exact,False,,,M,33,1.6336252168615135,0.9350912778904665
1994-01,OlimpBase historical FIDE list,C:\chenxi\bazi_project\chess\Elo199401e.html,702293,"Almasi, Zoltan",g,HUN,M,,2610,68.0,1976-08-29,1976.08.29,True,,37,37.0,37.0,38,True,False,,OlimpBase historical FIDE list,C:\chenxi\bazi_project\chess\Elo199401e.html,,39,"https://olimpbase.org/Elo/player/A/Almasi,%20Zoltan.html","Almasi, Zoltan",29 August 1976,1976-08-29,702293,exact_anchor,1976-08-29,olimpbase_profile_confirms_1994_row,False,702293,Q218875,1976-08-29,11,1976-08-29,agree,1976-08-29,olimpbase_profile_confirms_1994_row,False,1976-08-29,primary_clean_upstream_exact,False,,,M,37,1.538626881707942,0.9269776876267748
1994-01,OlimpBase historical FIDE list,C:\chenxi\bazi_project\chess\Elo199401e.html,4100093,"Dolmatov, Sergey",g,RUS,M,,2610,41.0,1959-02-20,1959.02.20,True,,40,40.0,37.0,38,True,False,,OlimpBase historical FIDE list,C:\chenxi\bazi_project\chess\Elo199401e.html,,39,"https://olimpbase.org/Elo/player/D/Dolmatov,%20Sergey.html","Dolmatov, Sergey",20 February 1959,1959-02-20,4100093,exact_anchor,1959-02-20,olimpbase_profile_confirms_1994_row,False,4100093,Q692756,1959-02-20,11,1959-02-20,agree,1959-02-20,olimpbase_profile_confirms_1994_row,False,1959-02-20,primary_clean_upstream_exact,False,,,M,37,1.538626881707942,0.9269776876267748
1994-01,OlimpBase historical FIDE list,C:\chenxi\bazi_project\chess\Elo199401e.html,4500016,"Ehlvest, Jaan",g,EST,M,,2610,43.0,1962-10-14,1962.10.14,True,,38=,38.0,37.0,38,True,False,,OlimpBase historical FIDE list,C:\chenxi\bazi_project\chess\Elo199401e.html,,39,"https://olimpbase.org/Elo/player/E/Ehlvest,%20Jaan.html","Ehlvest, Jaan",14 October 1962,1962-10-14,4500016,exact_anchor,1962-10-14,olimpbase_profile_confirms_1994_row,False,4500016,Q499615,1962-10-14,11,1962-10-14,agree,1962-10-14,olimpbase_profile_confirms_1994_row,False,1962-10-14,primary_clean_upstream_exact,False,,,M,37,1.538626881707942,0.9269776876267748
1994-01,OlimpBase historical FIDE list,C:\chenxi\bazi_project\chess\Elo199401e.html,2800039,"Greenfeld, Alon",g,ISR,M,,2610,37.0,1964-04-17,1964.04.17,True,,42,42.0,37.0,38,True,False,,OlimpBase historical FIDE list,C:\chenxi\bazi_project\chess\Elo199401e.html,,39,"https://olimpbase.org/Elo/player/G/Greenfeld,%20Alon.html","Greenfeld, Alon",17 April 1964,1964-04-17,2800039,exact_anchor,1964-04-17,olimpbase_profile_confirms_1994_row,False,2800039,Q486592,1964-04-17,11,1964-04-17,agree,1964-04-17,olimpbase_profile_confirms_1994_row,False,1964-04-17,primary_clean_upstream_exact,False,,,M,37,1.538626881707942,0.9269776876267748
1994-01,OlimpBase historical FIDE list,C:\chenxi\bazi_project\chess\Elo199401e.html,200930,"Gurevich, Mikhail",g,BEL,M,,2610,43.0,1959-02-22,1959.02.22,True,,38,38.0,37.0,38,True,False,,OlimpBase historical FIDE list,C:\chenxi\bazi_project\chess\Elo199401e.html,,39,"https://olimpbase.org/Elo/player/G/Gurevich,%20Mikhail.html","Gurevich, Mikhail",22 February 1959,1959-02-22,200930,exact_anchor,1959-02-22,olimpbase_profile_confirms_1994_row,False,200930,Q506493,1959-02-22,11,1959-02-22,agree,1959-02-22,olimpbase_profile_confirms_1994_row,False,1959-02-22,primary_clean_upstream_exact,False,,,M,37,1.538626881707942,0.9269776876267748
1994-01,OlimpBase historical FIDE list,C:\chenxi\bazi_project\chess\Elo199401e.html,4600010,"Huebner, Robert",g,GER,M,,2610,24.0,1948-11-06,1948.11.06,True,,43,43.0,37.0,38,True,False,,OlimpBase historical FIDE list,C:\chenxi\bazi_project\chess\Elo199401e.html,,39,"https://olimpbase.org/Elo/player/H/Huebner,%20Robert.html","Huebner, Robert",6 November 1948,1948-11-06,4600010,exact_anchor,1948-11-06,olimpbase_profile_confirms_1994_row,False,4600010,Q77389,1948-11-06,11,1948-11-06,agree,1948-11-06,olimpbase_profile_confirms_1994_row,False,1948-11-06,primary_clean_upstream_exact,False,,,M,37,1.538626881707942,0.9269776876267748
1994-01,OlimpBase historical FIDE list,C:\chenxi\bazi_project\chess\Elo199401e.html,4100638,"Sveshnikov, Evgeny",g,RUS,M,,2610,24.0,1950-02-11,1950.02.11,True,,43=,43.0,37.0,38,True,False,,OlimpBase historical FIDE list,C:\chenxi\bazi_project\chess\Elo199401e.html,,39,"https://olimpbase.org/Elo/player/S/Sveshnikov,%20Evgeny.html","Sveshnikov, Evgeny",11 February 1950,1950-02-11,4100638,exact_anchor,1950-02-11,olimpbase_profile_confirms_1994_row,False,4100638,Q675955,1950-02-11,11,1950-02-11,agree,1950-02-11,olimpbase_profile_confirms_1994_row,False,1950-02-11,primary_clean_upstream_exact,False,,,M,37,1.538626881707942,0.9269776876267748
1994-01,OlimpBase historical FIDE list,C:\chenxi\bazi_project\chess\Elo199401e.html,4100190,"Vyzmanavin, Alexey",g,RUS,M,,2610,41.0,1960-01-01,1960.01.01,True,,40=,40.0,37.0,38,True,False,,OlimpBase historical FIDE list,C:\chenxi\bazi_project\chess\Elo199401e.html,,39,"https://olimpbase.org/Elo/player/V/Vyzmanavin,%20Alexey.html","Vyzmanavin, Alexey",1 January 1960,1960-01-01,4100190,exact_anchor,1960-01-01,olimpbase_profile_confirms_1994_row,False,4100190,,,,,,1960-01-01,olimpbase_profile_confirms_1994_row,False,1960-01-01,primary_clean_upstream_exact,False,,,M,37,1.538626881707942,0.9269776876267748
1994-01,OlimpBase historical FIDE list,C:\chenxi\bazi_project\chess\Elo199401e.html,13300032,"Akopian, Vladimir",g,ARM,M,,2605,47.0,1971-12-07,1971.12.07,True,,46,46.0,45.0,46,True,False,,OlimpBase historical FIDE list,C:\chenxi\bazi_project\chess\Elo199401e.html,,47,"https://olimpbase.org/Elo/player/A/Akopian,%20Vladimir.html","Akopian, Vladimir",7 December 1971,1971-12-07,13300032,exact_anchor,1971-12-07,olimpbase_profile_confirms_1994_row,False,13300032,Q380839,1971-12-07,11,1971-12-07,agree,1971-12-07,olimpbase_profile_confirms_1994_row,False,1971-12-07,primary_clean_upstream_exact,False,,,M,45,1.4436285465543706,0.9107505070993914
1994-01,OlimpBase historical FIDE list,C:\chenxi\bazi_project\chess\Elo199401e.html,3800024,"Granda Zuniga, Julio E.",g,PER,M,,2605,23.0,1967-02-25,1967.02.25,True,,51,51.0,45.0,46,True,False,,OlimpBase historical FIDE list,C:\chenxi\bazi_project\chess\Elo199401e.html,,47,"https://olimpbase.org/Elo/player/G/Granda%20Zuniga,%20Julio%20E..html","Granda Zuniga, Julio E.",25 February 1967,1967-02-25,3800024,exact_anchor,1967-02-25,olimpbase_profile_confirms_1994_row,False,3800024,Q728142,1967-02-25,11,1967-02-25,agree,1967-02-25,olimpbase_profile_confirms_1994_row,False,1967-02-25,primary_clean_upstream_exact,False,,,M,45,1.4436285465543706,0.9107505070993914
1994-01,OlimpBase historical FIDE list,C:\chenxi\bazi_project\chess\Elo199401e.html,3400018,"Morovic Fernandez, Ivan",g,CHI,M,,2605,18.0,1963-03-24,1963.03.24,True,,53,53.0,45.0,46,True,False,,OlimpBase historical FIDE list,C:\chenxi\bazi_project\chess\Elo199401e.html,,47,"https://olimpbase.org/Elo/player/M/Morovic%20Fernandez,%20Ivan.html","Morovic Fernandez, Ivan",24 March 1963,1963-03-24,3405400,exact_anchor,1963-03-24,olimpbase_profile_confirms_1994_row,False,3405400,Q976380,1963-03-24,11,1963-03-24,agree,1963-03-24,olimpbase_profile_confirms_1994_row,False,1963-03-24,primary_clean_upstream_exact,False,,,M,45,1.4436285465543706,0.9107505070993914
1994-01,OlimpBase historical FIDE list,C:\chenxi\bazi_project\chess\Elo199401e.html,400017,"Nunn, John D. M.",g,ENG,M,,2605,19.0,1955-04-25,1955.04.25,True,,52,52.0,45.0,46,True,False,,OlimpBase historical FIDE list,C:\chenxi\bazi_project\chess\Elo199401e.html,,47,"https://olimpbase.org/Elo/player/N/Nunn,%20John%20D.%20M..html","Nunn, John D. M.",25 April 1955,1955-04-25,400017,exact_anchor,1955-04-25,olimpbase_profile_confirms_1994_row,False,400017,Q450419,1955-01-01;1955-04-25,9;11,1955-04-25,agree,1955-04-25,olimpbase_profile_confirms_1994_row,False,1955-04-25,primary_clean_upstream_exact,False,,,M,45,1.4436285465543706,0.9107505070993914
1994-01,OlimpBase historical FIDE list,C:\chenxi\bazi_project\chess\Elo199401e.html,4500024,"Oll, Lembit",g,EST,M,,2605,51.0,1964-11-07,1964.11.07,True,,45,45.0,45.0,46,True,False,,OlimpBase historical FIDE list,C:\chenxi\bazi_project\chess\Elo199401e.html,,47,"https://olimpbase.org/Elo/player/O/Oll,%20Lembit.html","Oll, Lembit",different dates of birth given,,4500024,exact_anchor,,olimpbase_profile_reports_conflicting_dobs,True,4500024,Q16405443,1997-06-17,11,1997-06-17,,,profile_conflict_wikidata_candidate,True,1966-04-23,primary_clean_manual_nonconflicting_fill,False,2.0,Modern structured biographical sources identify Lembit Oll as born 23 Apr 1966; prior 1997 Wikidata candidate was a wrong-entity join.,M,45,1.4436285465543706,0.9107505070993914
1994-01,OlimpBase historical FIDE list,C:\chenxi\bazi_project\chess\Elo199401e.html,1000055,"Piket, Jeroen",g,NED,M,,2605,46.0,1969-01-27,1969.01.27,True,,47,47.0,45.0,46,True,False,,OlimpBase historical FIDE list,C:\chenxi\bazi_project\chess\Elo199401e.html,,47,"https://olimpbase.org/Elo/player/P/Piket,%20Jeroen.html","Piket, Jeroen",27 January 1969,1969-01-27,1000055,exact_anchor,1969-01-27,olimpbase_profile_confirms_1994_row,False,1000055,Q943533,1969-01-27,11,1969-01-27,agree,1969-01-27,olimpbase_profile_confirms_1994_row,False,1969-01-27,primary_clean_upstream_exact,False,,,M,45,1.4436285465543706,0.9107505070993914
1994-01,OlimpBase historical FIDE list,C:\chenxi\bazi_project\chess\Elo199401e.html,700037,"Portisch, Lajos",g,HUN,M,,2605,13.0,1937-04-04,1937.04.04,True,,54,54.0,45.0,46,True,False,,OlimpBase historical FIDE list,C:\chenxi\bazi_project\chess\Elo199401e.html,,47,"https://olimpbase.org/Elo/player/P/Portisch,%20Lajos.html","Portisch, Lajos",4 April 1937,1937-04-04,700037,exact_anchor,1937-04-04,olimpbase_profile_confirms_1994_row,False,700037,Q390430,1937-04-04,11,1937-04-04,agree,1937-04-04,olimpbase_profile_confirms_1994_row,False,1937-04-04,primary_clean_upstream_exact,False,,,M,45,1.4436285465543706,0.9107505070993914
1994-01,OlimpBase historical FIDE list,C:\chenxi\bazi_project\chess\Elo199401e.html,12800023,"Rozentalis, Eduardas",g,LTU,M,,2605,34.0,1963-05-27,1963.05.27,True,,49,49.0,45.0,46,True,False,,OlimpBase historical FIDE list,C:\chenxi\bazi_project\chess\Elo199401e.html,,47,"https://olimpbase.org/Elo/player/R/Rosentalis,%20Eduard.html","Rozentalis, Eduardas",27 May 1963,1963-05-27,12800023,exact_anchor,1963-05-27,olimpbase_profile_confirms_1994_row,False,12800023,Q964881,1963-05-27,11,1963-05-27,agree,1963-05-27,olimpbase_profile_confirms_1994_row,False,1963-05-27,primary_clean_upstream_exact,False,,,M,45,1.4436285465543706,0.9107505070993914
1994-01,OlimpBase historical FIDE list,C:\chenxi\bazi_project\chess\Elo199401e.html,400033,"Speelman, Jonathan S.",g,ENG,M,,2605,38.0,1956-10-02,1956.10.02,True,,48,48.0,45.0,46,True,False,,OlimpBase historical FIDE list,C:\chenxi\bazi_project\chess\Elo199401e.html,,47,"https://olimpbase.org/Elo/player/S/Speelman,%20Jonathan%20S..html","Speelman, Jonathan S.",2 October 1956,1956-10-02,400033,exact_anchor,1956-10-02,olimpbase_profile_confirms_1994_row,False,400033,Q1356841,1956-10-02,11,1956-10-02,agree,1956-10-02,olimpbase_profile_confirms_1994_row,False,1956-10-02,primary_clean_upstream_exact,False,,,M,45,1.4436285465543706,0.9107505070993914
1994-01,OlimpBase historical FIDE list,C:\chenxi\bazi_project\chess\Elo199401e.html,1000071,"Van der Sterren, Paul",g,NED,M,,2605,34.0,1956-03-17,1956.03.17,True,,49=,49.0,45.0,46,True,False,,OlimpBase historical FIDE list,C:\chenxi\bazi_project\chess\Elo199401e.html,,47,"https://olimpbase.org/Elo/player/V/Van%20der%20Sterren,%20Paul.html","Van der Sterren, Paul",17 March 1956,1956-03-17,1000071,exact_anchor,1956-03-17,olimpbase_profile_confirms_1994_row,False,1000071,Q73631,1956-01-01;1956-03-17,9;11,1956-03-17,agree,1956-03-17,olimpbase_profile_confirms_1994_row,False,1956-03-17,primary_clean_upstream_exact,False,,,M,45,1.4436285465543706,0.9107505070993914
1994-01,OlimpBase historical FIDE list,C:\chenxi\bazi_project\chess\Elo199401e.html,900010,"Ljubojevic, Ljubomir",g,YUG,M,,2600,8.0,1950-11-02,1950.11.02,True,,56,56.0,55.0,56,True,False,,OlimpBase historical FIDE list,C:\chenxi\bazi_project\chess\Elo199401e.html,,57,"https://olimpbase.org/Elo/player/L/Ljubojevic,%20Ljubomir.html","Ljubojevic, Ljubomir",2 November 1950,1950-11-02,900010,exact_anchor,1950-11-02,olimpbase_profile_confirms_1994_row,False,900010,Q364327,1950-11-02,11,1950-11-02,agree,1950-11-02,olimpbase_profile_confirms_1994_row,False,1950-11-02,primary_clean_upstream_exact,False,,,M,55,1.348630211400799,0.8904665314401623
1994-01,OlimpBase historical FIDE list,C:\chenxi\bazi_project\chess\Elo199401e.html,700010,"Ribli, Zoltan",g,HUN,M,,2600,15.0,1951-09-06,1951.09.06,True,,55,55.0,55.0,56,True,False,,OlimpBase historical FIDE list,C:\chenxi\bazi_project\chess\Elo199401e.html,,57,"https://olimpbase.org/Elo/player/R/Ribli,%20Zoltan.html","Ribli, Zoltan",6 September 1951,1951-09-06,700010,exact_anchor,1951-09-06,olimpbase_profile_confirms_1994_row,False,700010,Q219019,1951-09-06,11,1951-09-06,agree,1951-09-06,olimpbase_profile_confirms_1994_row,False,1951-09-06,primary_clean_upstream_exact,False,,,M,55,1.348630211400799,0.8904665314401623
1994-01,OlimpBase historical FIDE list,C:\chenxi\bazi_project\chess\Elo199401e.html,1500015,"Agdestein, Simen",g,NOR,M,,2595,19.0,1967-05-15,1967.05.15,True,,61,61.0,57.0,58,True,False,,OlimpBase historical FIDE list,C:\chenxi\bazi_project\chess\Elo199401e.html,,59,"https://olimpbase.org/Elo/player/A/Agdestein,%20Simen.html","Agdestein, Simen",15 May 1967,1967-05-15,1500015,exact_anchor,1967-05-15,olimpbase_profile_confirms_1994_row,False,1500015,Q381121,1967-05-15,11,1967-05-15,agree,1967-05-15,olimpbase_profile_confirms_1994_row,False,1967-05-15,primary_clean_upstream_exact,False,,,M,57,1.2536318762472276,0.8864097363083164
1994-01,OlimpBase historical FIDE list,C:\chenxi\bazi_project\chess\Elo199401e.html,2801906,"Alterman, Boris",g,ISR,M,,2595,30.0,1970-05-04,1970.05.04,True,,59,59.0,57.0,58,True,False,,OlimpBase historical FIDE list,C:\chenxi\bazi_project\chess\Elo199401e.html,,59,"https://olimpbase.org/Elo/player/A/Alterman,%20Boris.html","Alterman, Boris",4 May 1970,1970-05-04,2801906,exact_anchor,1970-05-04,olimpbase_profile_confirms_1994_row,False,2801906,Q893618,1970-05-04,11,1970-05-04,agree,1970-05-04,olimpbase_profile_confirms_1994_row,False,1970-05-04,primary_clean_upstream_exact,False,,,M,57,1.2536318762472276,0.8864097363083164
1994-01,OlimpBase historical FIDE list,C:\chenxi\bazi_project\chess\Elo199401e.html,2300044,"Hjartarson, Johann",g,ISL,M,,2595,38.0,1963-02-08,1963.02.08,True,,58,58.0,57.0,58,True,False,,OlimpBase historical FIDE list,C:\chenxi\bazi_project\chess\Elo199401e.html,,59,"https://olimpbase.org/Elo/player/H/Hjartarson,%20Johann.html","Hjartarson, Johann",8 February 1963,1963-02-08,2300044,exact_anchor,1963-02-08,olimpbase_profile_confirms_1994_row,False,2300044,Q923807,1963-02-08,11,1963-02-08,agree,1963-02-08,olimpbase_profile_confirms_1994_row,False,1963-02-08,primary_clean_upstream_exact,False,,,M,57,1.2536318762472276,0.8864097363083164
1994-01,OlimpBase historical FIDE list,C:\chenxi\bazi_project\chess\Elo199401e.html,4600193,"Lutz, Christopher",g,GER,M,,2595,10.0,1971-02-24,1971.02.24,True,,63,63.0,57.0,58,True,False,,OlimpBase historical FIDE list,C:\chenxi\bazi_project\chess\Elo199401e.html,,59,"https://olimpbase.org/Elo/player/L/Lutz,%20Christopher.html","Lutz, Christopher",24 February 1971,1971-02-24,4600193,exact_anchor,1971-02-24,olimpbase_profile_confirms_1994_row,False,4600193,Q64754,1971-02-24,11,1971-02-24,agree,1971-02-24,olimpbase_profile_confirms_1994_row,False,1971-02-24,primary_clean_upstream_exact,False,,,M,57,1.2536318762472276,0.8864097363083164
1994-01,OlimpBase historical FIDE list,C:\chenxi\bazi_project\chess\Elo199401e.html,14100177,"Malaniuk, Vladimir P.",g,UKR,M,,2595,47.0,1957-07-21,1957.07.21,True,,57,57.0,57.0,58,True,False,,OlimpBase historical FIDE list,C:\chenxi\bazi_project\chess\Elo199401e.html,,59,"https://olimpbase.org/Elo/player/M/Malaniuk,%20Vladimir%20P..html","Malaniuk, Vladimir P.",21 July 1957,1957-07-21,14100177,exact_anchor,1957-07-21,olimpbase_profile_confirms_1994_row,False,14100177,,,,,,1957-07-21,olimpbase_profile_confirms_1994_row,False,1957-07-21,primary_clean_upstream_exact,False,,,M,57,1.2536318762472276,0.8864097363083164
1994-01,OlimpBase historical FIDE list,C:\chenxi\bazi_project\chess\Elo199401e.html,2000148,"Wolff, Patrick G.",g,USA,M,,2595,24.0,1968-02-15,1968.02.15,True,,60,60.0,57.0,58,True,False,,OlimpBase historical FIDE list,C:\chenxi\bazi_project\chess\Elo199401e.html,,59,"https://olimpbase.org/Elo/player/W/Wolff,%20Patrick%20G..html","Wolff, Patrick G.",15 February 1968,1968-02-15,2000148,exact_anchor,1968-02-15,olimpbase_profile_confirms_1994_row,False,2000148,Q1640809,1968-02-15,11,1968-02-15,agree,1968-02-15,olimpbase_profile_confirms_1994_row,False,1968-02-15,primary_clean_upstream_exact,False,,,M,57,1.2536318762472276,0.8864097363083164
1994-01,OlimpBase historical FIDE list,C:\chenxi\bazi_project\chess\Elo199401e.html,1302310,"Gavrikov, Viktor",g,SUI,M,,2590,27.0,1957-07-29,1957.07.29,True,,70,70.0,64.0,65,True,False,,OlimpBase historical FIDE list,C:\chenxi\bazi_project\chess\Elo199401e.html,,66,"https://olimpbase.org/Elo/player/G/Gavrikov,%20Viktor.html","Gavrikov, Viktor",29 July 1957,1957-07-29,12801747,exact_anchor,1957-07-29,olimpbase_profile_confirms_1994_row,False,12801747,,,,,,1957-07-29,olimpbase_profile_confirms_1994_row,False,1957-07-29,primary_clean_upstream_exact,False,,,M,63,1.1586335410936561,0.8742393509127789
1994-01,OlimpBase historical FIDE list,C:\chenxi\bazi_project\chess\Elo199401e.html,4100484,"Glek, Igor V.",g,RUS,M,,2590,63.0,1961-11-07,1961.11.07,True,,64,64.0,64.0,65,True,False,,OlimpBase historical FIDE list,C:\chenxi\bazi_project\chess\Elo199401e.html,,66,"https://olimpbase.org/Elo/player/G/Glek,%20Igor%20V..html","Glek, Igor V.",7 November 1961,1961-11-07,4100484,exact_anchor,1961-11-07,olimpbase_profile_confirms_1994_row,False,4100484,Q664157,1961-11-07,11,1961-11-07,agree,1961-11-07,olimpbase_profile_confirms_1994_row,False,1961-11-07,primary_clean_upstream_exact,False,,,M,63,1.1586335410936561,0.8742393509127789
1994-01,OlimpBase historical FIDE list,C:\chenxi\bazi_project\chess\Elo199401e.html,2200015,"Illescas Cordoba, Miguel",g,ESP,M,,2590,42.0,1965-12-03,1965.12.03,True,,68,68.0,64.0,65,True,False,,OlimpBase historical FIDE list,C:\chenxi\bazi_project\chess\Elo199401e.html,,66,"https://olimpbase.org/Elo/player/I/Illescas%20Cordoba,%20Miguel.html","Illescas Cordoba, Miguel",3 December 1965,1965-12-03,2200015,exact_anchor,1965-12-03,olimpbase_profile_confirms_1994_row,False,2200015,Q212554,1965-12-03,11,1965-12-03,agree,1965-12-03,olimpbase_profile_confirms_1994_row,False,1965-12-03,primary_clean_upstream_exact,False,,,M,63,1.1586335410936561,0.8742393509127789
1994-01,OlimpBase historical FIDE list,C:\chenxi\bazi_project\chess\Elo199401e.html,13300024,"Lputian, Smbat G.",g,ARM,M,,2590,30.0,1958-02-14,1958.02.14,True,,69,69.0,64.0,65,True,False,,OlimpBase historical FIDE list,C:\chenxi\bazi_project\chess\Elo199401e.html,,66,"https://olimpbase.org/Elo/player/L/Lputian,%20Smbat%20G..html","Lputian, Smbat G.",14 February 1958,1958-02-14,13300024,exact_anchor,1958-02-14,olimpbase_profile_confirms_1994_row,False,13300024,Q738034,1958-02-14,11,1958-02-14,agree,1958-02-14,olimpbase_profile_confirms_1994_row,False,1958-02-14,primary_clean_upstream_exact,False,,,M,63,1.1586335410936561,0.8742393509127789
1994-01,OlimpBase historical FIDE list,C:\chenxi\bazi_project\chess\Elo199401e.html,403385,"Miles, Anthony J.",g,ENG,M,,2590,55.0,1955-04-23,1955.04.23,True,,65,65.0,64.0,65,True,False,,OlimpBase historical FIDE list,C:\chenxi\bazi_project\chess\Elo199401e.html,,66,"https://olimpbase.org/Elo/player/M/Miles,%20Anthony%20J..html","Miles, Anthony J.",23 April 1955,1955-04-23,403385,exact_anchor,1955-04-23,olimpbase_profile_confirms_1994_row,False,403385,,,,,,1955-04-23,olimpbase_profile_confirms_1994_row,False,1955-04-23,primary_clean_upstream_exact,False,,,M,63,1.1586335410936561,0.8742393509127789
1994-01,OlimpBase historical FIDE list,C:\chenxi\bazi_project\chess\Elo199401e.html,4116992,"Morozevich, Alexander",m,RUS,M,,2590,22.0,1977-07-18,1977.07.18,True,,71,71.0,64.0,65,True,False,,OlimpBase historical FIDE list,C:\chenxi\bazi_project\chess\Elo199401e.html,,66,"https://olimpbase.org/Elo/player/M/Morozevich,%20Alexander.html","Morozevich, Alexander",18 July 1977,1977-07-18,4116992,exact_anchor,1977-07-18,olimpbase_profile_confirms_1994_row,False,4116992,Q312918,1977-07-18,11,1977-07-18,agree,1977-07-18,olimpbase_profile_confirms_1994_row,False,1977-07-18,primary_clean_upstream_exact,False,,,M,63,1.1586335410936561,0.8742393509127789
1994-01,OlimpBase historical FIDE list,C:\chenxi\bazi_project\chess\Elo199401e.html,14100088,"Romanishin, Oleg M.",g,UKR,M,,2590,49.0,1952-01-10,1952.01.10,True,,66,66.0,64.0,65,True,False,,OlimpBase historical FIDE list,C:\chenxi\bazi_project\chess\Elo199401e.html,,66,"https://olimpbase.org/Elo/player/R/Romanishin,%20Oleg%20M..html","Romanishin, Oleg M.",10 January 1952,1952-01-10,14100088,exact_anchor,1952-01-10,olimpbase_profile_confirms_1994_row,False,14100088,Q1346918,1952-01-10,11,1952-01-10,agree,1952-01-10,olimpbase_profile_confirms_1994_row,False,1952-01-10,primary_clean_upstream_exact,False,,,M,63,1.1586335410936561,0.8742393509127789
1994-01,OlimpBase historical FIDE list,C:\chenxi\bazi_project\chess\Elo199401e.html,2008572,"Shabalov, Alexander",g,USA,M,,2590,43.0,1967-09-12,1967.09.12,True,,67,67.0,64.0,65,True,False,,OlimpBase historical FIDE list,C:\chenxi\bazi_project\chess\Elo199401e.html,,66,"https://olimpbase.org/Elo/player/S/Shabalov,%20Alexander.html","Shabalov, Alexander",12 September 1967,1967-09-12,2008572,exact_anchor,1967-09-12,olimpbase_profile_confirms_1994_row,False,2008572,Q722108,1967-09-12,11,1967-09-12,agree,1967-09-12,olimpbase_profile_confirms_1994_row,False,1967-09-12,primary_clean_upstream_exact,False,,,M,63,1.1586335410936561,0.8742393509127789
1994-01,OlimpBase historical FIDE list,C:\chenxi\bazi_project\chess\Elo199401e.html,13900048,"Bologan, Viorel",g,MDA,M,,2585,49.0,1971-12-14,1971.12.14,True,,74,74.0,72.0,73,True,False,,OlimpBase historical FIDE list,C:\chenxi\bazi_project\chess\Elo199401e.html,,74,"https://olimpbase.org/Elo/player/B/Bologan,%20Viktor.html","Bologan, Viorel",14 December 1971,1971-12-14,13900048,exact_anchor,1971-12-14,olimpbase_profile_confirms_1994_row,False,13900048,Q728179,1971-12-14,11,1971-12-14,agree,1971-12-14,olimpbase_profile_confirms_1994_row,False,1971-12-14,primary_clean_upstream_exact,False,,,M,71,1.0636352059400849,0.8580121703853956
1994-01,OlimpBase historical FIDE list,C:\chenxi\bazi_project\chess\Elo199401e.html,2000628,"Gurevich, Ilya",g,USA,M,,2585,23.0,1972-02-08,1972.02.08,True,,76,76.0,72.0,73,True,False,,OlimpBase historical FIDE list,C:\chenxi\bazi_project\chess\Elo199401e.html,,74,"https://olimpbase.org/Elo/player/G/Gurevich,%20Ilya.html","Gurevich, Ilya",8 February 1972,1972-02-08,2000628,exact_anchor,1972-02-08,olimpbase_profile_confirms_1994_row,False,2000628,Q723135,1972-02-08,11,1972-02-08,agree,1972-02-08,olimpbase_profile_confirms_1994_row,False,1972-02-08,primary_clean_upstream_exact,False,,,M,71,1.0636352059400849,0.8580121703853956
1994-01,OlimpBase historical FIDE list,C:\chenxi\bazi_project\chess\Elo199401e.html,2802058,"Milov, Vadim",g,ISR,M,,2585,69.0,,,True,,72,72.0,72.0,73,True,False,,OlimpBase historical FIDE list,C:\chenxi\bazi_project\chess\Elo199401e.html,,74,"https://olimpbase.org/Elo/player/M/Milov,%20Vadim.html","Milov, Vadim",1 August 1972,1972-08-01,1304364,exact_anchor,1972-08-01,olimpbase_profile_fills_missing,False,1304364,Q667067,1972-08-01,11,1972-08-01,agree,1972-08-01,olimpbase_profile_fills_missing,False,1972-08-01,primary_clean_upstream_exact,False,,,M,71,1.0636352059400849,0.8580121703853956
1994-01,OlimpBase historical FIDE list,C:\chenxi\bazi_project\chess\Elo199401e.html,909254,"Mozetic, Dejan",m,YUG,M,,2585,6.0,1965-08-16,1965.08.16,True,,78,78.0,72.0,73,True,False,,OlimpBase historical FIDE list,C:\chenxi\bazi_project\chess\Elo199401e.html,,74,"https://olimpbase.org/Elo/player/M/Mozetic,%20Dejan.html","Mozetic, Dejan",16 August 1965,1965-08-16,909254,exact_anchor,1965-08-16,olimpbase_profile_confirms_1994_row,False,909254,Q27528682,1965-08-16,11,1965-08-16,agree,1965-08-16,olimpbase_profile_confirms_1994_row,False,1965-08-16,primary_clean_upstream_exact,False,,,M,71,1.0636352059400849,0.8580121703853956
1994-01,OlimpBase historical FIDE list,C:\chenxi\bazi_project\chess\Elo199401e.html,2800012,"Psakhis, Lev",g,ISR,M,,2585,64.0,1958-11-29,1958.11.29,True,,73,73.0,72.0,73,True,False,,OlimpBase historical FIDE list,C:\chenxi\bazi_project\chess\Elo199401e.html,,74,"https://olimpbase.org/Elo/player/P/Psakhis,%20Lev.html","Psakhis, Lev",29 November 1958,1958-11-29,2800012,exact_anchor,1958-11-29,olimpbase_profile_confirms_1994_row,False,2800012,Q723552,1958-11-29,11,1958-11-29,agree,1958-11-29,olimpbase_profile_confirms_1994_row,False,1958-11-29,primary_clean_upstream_exact,False,,,M,71,1.0636352059400849,0.8580121703853956
1994-01,OlimpBase historical FIDE list,C:\chenxi\bazi_project\chess\Elo199401e.html,2000032,"Seirawan, Yasser",g,USA,M,,2585,15.0,1960-03-24,1960.03.24,True,,77,77.0,72.0,73,True,False,,OlimpBase historical FIDE list,C:\chenxi\bazi_project\chess\Elo199401e.html,,74,"https://olimpbase.org/Elo/player/S/Seirawan,%20Yasser.html","Seirawan, Yasser",24 March 1960,1960-03-24,2000032,exact_anchor,1960-03-24,olimpbase_profile_confirms_1994_row,False,2000032,Q319208,1960-03-24,11,1960-03-24,agree,1960-03-24,olimpbase_profile_confirms_1994_row,False,1960-03-24,primary_clean_upstream_exact,False,,,M,71,1.0636352059400849,0.8580121703853956
1994-01,OlimpBase historical FIDE list,C:\chenxi\bazi_project\chess\Elo199401e.html,2000105,"De Firmian, Nick E.",g,USA,M,,2580,61.0,1957-07-26,1957.07.26,True,,79,79.0,79.0,80,True,False,,OlimpBase historical FIDE list,C:\chenxi\bazi_project\chess\Elo199401e.html,,81,"https://olimpbase.org/Elo/player/D/De%20Firmian,%20Nick%20E..html","De Firmian, Nick E.",26 July 1957,1957-07-26,2000105,exact_anchor,1957-07-26,olimpbase_profile_confirms_1994_row,False,2000105,Q690938,1957-07-26,11,1957-07-26,agree,1957-07-26,olimpbase_profile_confirms_1994_row,False,1957-07-26,primary_clean_upstream_exact,False,,,M,77,0.9686368707865134,0.845841784989858
1994-01,OlimpBase historical FIDE list,C:\chenxi\bazi_project\chess\Elo199401e.html,1400010,"Hansen, Curt",g,DEN,M,,2580,26.0,1964-09-18,1964.09.18,True,,80,80.0,79.0,80,True,False,,OlimpBase historical FIDE list,C:\chenxi\bazi_project\chess\Elo199401e.html,,81,"https://olimpbase.org/Elo/player/H/Hansen,%20Curt.html","Hansen, Curt",18 September 1964,1964-09-18,1400010,exact_anchor,1964-09-18,olimpbase_profile_confirms_1994_row,False,1400010,Q947253,1964-09-18,11,1964-09-18,agree,1964-09-18,olimpbase_profile_confirms_1994_row,False,1964-09-18,primary_clean_upstream_exact,False,,,M,77,0.9686368707865134,0.845841784989858
1994-01,OlimpBase historical FIDE list,C:\chenxi\bazi_project\chess\Elo199401e.html,13700014,"Vladimirov, Evgeny",g,KAZ,M,,2580,9.0,1957-01-20,1957.01.20,True,,81,81.0,79.0,80,True,False,,OlimpBase historical FIDE list,C:\chenxi\bazi_project\chess\Elo199401e.html,,81,"https://olimpbase.org/Elo/player/V/Vladimirov,%20Evgeny.html","Vladimirov, Evgeny",20 January 1957,1957-01-20,13700014,exact_anchor,1957-01-20,olimpbase_profile_confirms_1994_row,False,13700014,Q723866,1957-01-20,11,1957-01-20,agree,1957-01-20,olimpbase_profile_confirms_1994_row,False,1957-01-20,primary_clean_upstream_exact,False,,,M,77,0.9686368707865134,0.845841784989858
1994-01,OlimpBase historical FIDE list,C:\chenxi\bazi_project\chess\Elo199401e.html,4100620,"Arbakov, Valentin",m,RUS,M,,2575,64.0,1952-01-28,1952.01.28,True,,82,82.0,82.0,83,True,False,,OlimpBase historical FIDE list,C:\chenxi\bazi_project\chess\Elo199401e.html,,84,"https://olimpbase.org/Elo/player/A/Arbakov,%20Valentin.html","Arbakov, Valentin",28 January 1952,1952-01-28,4100620,exact_anchor,1952-01-28,olimpbase_profile_confirms_1994_row,False,4100620,,,,,,1952-01-28,olimpbase_profile_confirms_1994_row,False,1952-01-28,primary_clean_upstream_exact,False,,,M,80,0.8736385356329419,0.8397565922920892
1994-01,OlimpBase historical FIDE list,C:\chenxi\bazi_project\chess\Elo199401e.html,14100185,"Huzman, Alexander",g,UKR,M,,2575,53.0,1962-04-10,1962.04.10,True,,84,84.0,82.0,83,True,False,,OlimpBase historical FIDE list,C:\chenxi\bazi_project\chess\Elo199401e.html,,84,"https://olimpbase.org/Elo/player/H/Huzman,%20Alexander.html","Huzman, Alexander",10 April 1962,1962-04-10,2803828,exact_anchor,1962-04-10,olimpbase_profile_confirms_1994_row,False,2803828,Q2495398,1962-04-10,11,1962-04-10,agree,1962-04-10,olimpbase_profile_confirms_1994_row,False,1962-04-10,primary_clean_upstream_exact,False,,,M,80,0.8736385356329419,0.8397565922920892
1994-01,OlimpBase historical FIDE list,C:\chenxi\bazi_project\chess\Elo199401e.html,14502879,"Kozul, Zdenko",g,CRO,M,,2575,61.0,1966-05-21,1966.05.21,True,,83,83.0,82.0,83,True,False,,OlimpBase historical FIDE list,C:\chenxi\bazi_project\chess\Elo199401e.html,,84,"https://olimpbase.org/Elo/player/K/Kozul,%20Zdenko.html","Kozul, Zdenko",21 May 1966,1966-05-21,14502879,exact_anchor,1966-05-21,olimpbase_profile_confirms_1994_row,False,14502879,Q168943,1966-05-21,11,1966-05-21,agree,1966-05-21,olimpbase_profile_confirms_1994_row,False,1966-05-21,primary_clean_upstream_exact,False,,,M,80,0.8736385356329419,0.8397565922920892
1994-01,OlimpBase historical FIDE list,C:\chenxi\bazi_project\chess\Elo199401e.html,2100010,"Mecking, Henrique",g,BRA,M,,2575,0.0,1952-01-23,1952.01.23,True,,87,87.0,82.0,83,True,False,,OlimpBase historical FIDE list,C:\chenxi\bazi_project\chess\Elo199401e.html,,84,"https://olimpbase.org/Elo/player/M/Mecking,%20Henrique.html","Mecking, Henrique",23 January 1952,1952-01-23,2100010,exact_anchor,1952-01-23,olimpbase_profile_confirms_1994_row,False,2100010,Q1379826,1952-01-23,11,1952-01-23,agree,1952-01-23,olimpbase_profile_confirms_1994_row,False,1952-01-23,primary_clean_upstream_exact,False,,,M,80,0.8736385356329419,0.8397565922920892
1994-01,OlimpBase historical FIDE list,C:\chenxi\bazi_project\chess\Elo199401e.html,14200074,"Nenashev, Alexander",g,UZB,M,,2575,39.0,1962-08-25,1962.08.25,True,,86,86.0,82.0,83,True,False,,OlimpBase historical FIDE list,C:\chenxi\bazi_project\chess\Elo199401e.html,,84,"https://olimpbase.org/Elo/player/N/Nenashev,%20Alexander.html","Graf, Alexander",25 August 1962,1962-08-25,4680804,exact_anchor,1962-08-25,olimpbase_profile_confirms_1994_row,False,4680804,Q64220,1962-08-25,11,1962-08-25,agree,1962-08-25,olimpbase_profile_confirms_1994_row,False,1962-08-25,primary_clean_upstream_exact,False,,,M,80,0.8736385356329419,0.8397565922920892
1994-01,OlimpBase historical FIDE list,C:\chenxi\bazi_project\chess\Elo199401e.html,603252,"Vaiser, Anatoly V.",g,FRA,M,,2575,50.0,1949-03-05,1949.03.05,True,,85,85.0,82.0,83,True,False,,OlimpBase historical FIDE list,C:\chenxi\bazi_project\chess\Elo199401e.html,,84,"https://olimpbase.org/Elo/player/V/Vaiser,%20Anatoly%20V..html","Vaiser, Anatoly V.",5 March 1949,1949-03-05,603252,exact_anchor,1949-03-05,olimpbase_profile_confirms_1994_row,False,603252,Q488112,1949-03-05,11,1949-03-05,agree,1949-03-05,olimpbase_profile_confirms_1994_row,False,1949-03-05,primary_clean_upstream_exact,False,,,M,80,0.8736385356329419,0.8397565922920892
1994-01,OlimpBase historical FIDE list,C:\chenxi\bazi_project\chess\Elo199401e.html,14500086,"Cvitan, Ognjen",g,CRO,M,,2570,74.0,1961-10-10,1961.10.10,True,,88,88.0,88.0,89,True,False,,OlimpBase historical FIDE list,C:\chenxi\bazi_project\chess\Elo199401e.html,,90,"https://olimpbase.org/Elo/player/C/Cvitan,%20Ognjen.html","Cvitan, Ognjen",10 October 1961,1961-10-10,14500086,exact_anchor,1961-10-10,olimpbase_profile_confirms_1994_row,False,14500086,Q1999428,1961-10-10,11,1961-10-10,agree,1961-10-10,olimpbase_profile_confirms_1994_row,False,1961-10-10,primary_clean_upstream_exact,False,,,M,86,0.7786402004793704,0.8275862068965517
1994-01,OlimpBase historical FIDE list,C:\chenxi\bazi_project\chess\Elo199401e.html,4100476,"Dokhoian, Yury",g,RUS,M,,2570,24.0,1964-10-26,1964.10.26,True,,98,98.0,88.0,89,True,False,,OlimpBase historical FIDE list,C:\chenxi\bazi_project\chess\Elo199401e.html,,90,"https://olimpbase.org/Elo/player/D/Dokhoian,%20Yury.html","Dokhoian, Yury",26 October 1964,1964-10-26,4100476,exact_anchor,1964-10-26,olimpbase_profile_confirms_1994_row,False,4100476,Q4167363,1964-10-26,11,1964-10-26,agree,1964-10-26,olimpbase_profile_confirms_1994_row,False,1964-10-26,primary_clean_upstream_exact,False,,,M,86,0.7786402004793704,0.8275862068965517
1994-01,OlimpBase historical FIDE list,C:\chenxi\bazi_project\chess\Elo199401e.html,14100053,"Eingorn, Vereslav S.",g,UKR,M,,2570,28.0,1956-11-23,1956.11.23,True,,96,96.0,88.0,89,True,False,,OlimpBase historical FIDE list,C:\chenxi\bazi_project\chess\Elo199401e.html,,90,"https://olimpbase.org/Elo/player/E/Eingorn,%20Vereslav%20S..html","Eingorn, Vereslav S.",23 November 1956,1956-11-23,14100053,exact_anchor,1956-11-23,olimpbase_profile_confirms_1994_row,False,14100053,Q2062580,1956-11-23,11,1956-11-23,agree,1956-11-23,olimpbase_profile_confirms_1994_row,False,1956-11-23,primary_clean_upstream_exact,False,,,M,86,0.7786402004793704,0.8275862068965517
1994-01,OlimpBase historical FIDE list,C:\chenxi\bazi_project\chess\Elo199401e.html,400076,"Hodgson, Julian M.",g,ENG,M,,2570,62.0,1963-07-25,1963.07.25,True,,89,89.0,88.0,89,True,False,,OlimpBase historical FIDE list,C:\chenxi\bazi_project\chess\Elo199401e.html,,90,"https://olimpbase.org/Elo/player/H/Hodgson,%20Julian%20M..html","Hodgson, Julian M.",25 July 1963,1963-07-25,400076,exact_anchor,1963-07-25,olimpbase_profile_confirms_1994_row,False,400076,Q142319,1963-07-25,11,1963-07-25,agree,1963-07-25,olimpbase_profile_confirms_1994_row,False,1963-07-25,primary_clean_upstream_exact,False,,,M,86,0.7786402004793704,0.8275862068965517
1994-01,OlimpBase historical FIDE list,C:\chenxi\bazi_project\chess\Elo199401e.html,4600037,"Lobron, Eric",g,GER,M,,2570,27.0,1960-05-07,1960.05.07,True,,97,97.0,88.0,89,True,False,,OlimpBase historical FIDE list,C:\chenxi\bazi_project\chess\Elo199401e.html,,90,"https://olimpbase.org/Elo/player/L/Lobron,%20Eric.html","Lobron, Eric",7 May 1960,1960-05-07,4600037,exact_anchor,1960-05-07,olimpbase_profile_confirms_1994_row,False,4600037,Q67772,1960-05-07,11,1960-05-07,agree,1960-05-07,olimpbase_profile_confirms_1994_row,False,1960-05-07,primary_clean_upstream_exact,False,,,M,86,0.7786402004793704,0.8275862068965517
1994-01,OlimpBase historical FIDE list,C:\chenxi\bazi_project\chess\Elo199401e.html,4100514,"Pigusov, Evgeny",g,RUS,M,,2570,38.0,1961-03-31,1961.03.31,True,,91,91.0,88.0,89,True,False,,OlimpBase historical FIDE list,C:\chenxi\bazi_project\chess\Elo199401e.html,,90,"https://olimpbase.org/Elo/player/P/Pigusov,%20Evgeny.html","Pigusov, Evgeny",31 March 1961,1961-03-31,4100514,exact_anchor,1961-03-31,olimpbase_profile_confirms_1994_row,False,4100514,Q4362459,1961-03-31,11,1961-03-31,agree,1961-03-31,olimpbase_profile_confirms_1994_row,False,1961-03-31,primary_clean_upstream_exact,False,,,M,86,0.7786402004793704,0.8275862068965517
1994-01,OlimpBase historical FIDE list,C:\chenxi\bazi_project\chess\Elo199401e.html,14100045,"Shneider, Aleksandr",g,UKR,M,,2570,37.0,1962-05-22,1962.05.22,True,,92,92.0,88.0,89,True,False,,OlimpBase historical FIDE list,C:\chenxi\bazi_project\chess\Elo199401e.html,,90,"https://olimpbase.org/Elo/player/S/Shneider,%20Aleksandr.html","Shneider, Aleksandr",22 May 1962,1962-05-22,14100045,exact_anchor,1962-05-22,olimpbase_profile_confirms_1994_row,False,14100045,Q4525809,1962-05-22,11,1962-05-22,agree,1962-05-22,olimpbase_profile_confirms_1994_row,False,1962-05-22,primary_clean_upstream_exact,False,,,M,86,0.7786402004793704,0.8275862068965517
1994-01,OlimpBase historical FIDE list,C:\chenxi\bazi_project\chess\Elo199401e.html,1000268,"Van Wely, Loek",g,NED,M,,2570,62.0,1972-10-07,1972.10.07,True,,89=,89.0,88.0,89,True,False,,OlimpBase historical FIDE list,C:\chenxi\bazi_project\chess\Elo199401e.html,,90,"https://olimpbase.org/Elo/player/V/Van%20Wely,%20Loek.html","Van Wely, Loek",7 October 1972,1972-10-07,1000268,exact_anchor,1972-10-07,olimpbase_profile_confirms_1994_row,False,1000268,Q956390,1972-10-07,11,1972-10-07,agree,1972-10-07,olimpbase_profile_confirms_1994_row,False,1972-10-07,primary_clean_upstream_exact,False,,,M,86,0.7786402004793704,0.8275862068965517
1994-01,OlimpBase historical FIDE list,C:\chenxi\bazi_project\chess\Elo199401e.html,1000020,"Van der Wiel, John T. H.",g,NED,M,,2570,34.0,1959-08-09,1959.08.09,True,,94,94.0,88.0,89,True,False,,OlimpBase historical FIDE list,C:\chenxi\bazi_project\chess\Elo199401e.html,,90,"https://olimpbase.org/Elo/player/V/Van%20der%20Wiel,%20John%20T.%20H..html","Van der Wiel, John T. H.",9 August 1959,1959-08-09,1000020,exact_anchor,1959-08-09,olimpbase_profile_confirms_1994_row,False,1000020,Q1342210,1959-08-09,11,1959-08-09,agree,1959-08-09,olimpbase_profile_confirms_1994_row,False,1959-08-09,primary_clean_upstream_exact,False,,,M,86,0.7786402004793704,0.8275862068965517
1994-01,OlimpBase historical FIDE list,C:\chenxi\bazi_project\chess\Elo199401e.html,700096,"Adorjan, Andras",g,HUN,M,,2565,11.0,1950-03-31,1950.03.31,True,,107=,107.0,99.0,100,True,False,,OlimpBase historical FIDE list,C:\chenxi\bazi_project\chess\Elo199401e.html,,101,"https://olimpbase.org/Elo/player/A/Adorjan,%20Andras.html","Adorjan, Andras",31 March 1950,1950-03-31,700096,exact_anchor,1950-03-31,olimpbase_profile_confirms_1994_row,False,700096,Q553397,1950-03-31,11,1950-03-31,agree,1950-03-31,olimpbase_profile_confirms_1994_row,False,1950-03-31,primary_clean_upstream_exact,False,,,M,95,0.683641865325799,0.8093306288032455
1994-01,OlimpBase historical FIDE list,C:\chenxi\bazi_project\chess\Elo199401e.html,400050,"Chandler, Murray G.",g,ENG,M,,2565,0.0,1960-04-04,1960.04.04,True,,109,109.0,99.0,100,True,False,,OlimpBase historical FIDE list,C:\chenxi\bazi_project\chess\Elo199401e.html,,101,"https://olimpbase.org/Elo/player/C/Chandler,%20Murray%20G..html","Chandler, Murray G.",4 April 1960,1960-04-04,400050,exact_anchor,1960-04-04,olimpbase_profile_confirms_1994_row,False,400050,Q1286880,1960-04-04,11,1960-04-04,agree,1960-04-04,olimpbase_profile_confirms_1994_row,False,1960-04-04,primary_clean_upstream_exact,False,,,M,95,0.683641865325799,0.8093306288032455
1994-01,OlimpBase historical FIDE list,C:\chenxi\bazi_project\chess\Elo199401e.html,14900017,"Ftacnik, Lubomir",g,SVK,M,,2565,28.0,1957-10-30,1957.10.30,True,,102,102.0,99.0,100,True,False,,OlimpBase historical FIDE list,C:\chenxi\bazi_project\chess\Elo199401e.html,,101,"https://olimpbase.org/Elo/player/F/Ftacnik,%20Lubomir.html","Ftacnik, Lubomir",30 October 1957,1957-10-30,14900017,exact_anchor,1957-10-30,olimpbase_profile_confirms_1994_row,False,14900017,Q344716,1957-10-30,11,1957-10-30,agree,1957-10-30,olimpbase_profile_confirms_1994_row,False,1957-10-30,primary_clean_upstream_exact,False,,,M,95,0.683641865325799,0.8093306288032455
1994-01,OlimpBase historical FIDE list,C:\chenxi\bazi_project\chess\Elo199401e.html,11600039,"Kengis, Edvins",g,LAT,M,,2565,24.0,1959-04-12,1959.04.12,True,,104,104.0,99.0,100,True,False,,OlimpBase historical FIDE list,C:\chenxi\bazi_project\chess\Elo199401e.html,,101,"https://olimpbase.org/Elo/player/K/Kengis,%20Edwin.html","Kengis, Edvins",12 April 1959,1959-04-12,11600039,exact_anchor,1959-04-12,olimpbase_profile_confirms_1994_row,False,11600039,Q495696,1959-04-12,11,1959-04-12,agree,1959-04-12,olimpbase_profile_confirms_1994_row,False,1959-04-12,primary_clean_upstream_exact,False,,,M,95,0.683641865325799,0.8093306288032455
1994-01,OlimpBase historical FIDE list,C:\chenxi\bazi_project\chess\Elo199401e.html,4119819,"Krasenkov, Mikhail",g,RUS,M,,2565,46.0,1963-11-14,1963.11.14,True,,99,99.0,99.0,100,True,False,,OlimpBase historical FIDE list,C:\chenxi\bazi_project\chess\Elo199401e.html,,101,"https://olimpbase.org/Elo/player/K/Krasenkov,%20Mikhail.html","Krasenkow, Michal",14 November 1963,1963-11-14,1113100,exact_anchor,1963-11-14,olimpbase_profile_confirms_1994_row,False,1113100,Q961090,1963-11-14,11,1963-11-14,agree,1963-11-14,olimpbase_profile_confirms_1994_row,False,1963-11-14,primary_clean_upstream_exact,False,,,M,95,0.683641865325799,0.8093306288032455
1994-01,OlimpBase historical FIDE list,C:\chenxi\bazi_project\chess\Elo199401e.html,14400057,"Kurajica, Bojan",g,BIH,M,,2565,32.0,1947-11-15,1947.11.15,True,,101,101.0,99.0,100,True,False,,OlimpBase historical FIDE list,C:\chenxi\bazi_project\chess\Elo199401e.html,,101,"https://olimpbase.org/Elo/player/K/Kurajica,%20Bojan.html","Kurajica, Bojan",15 November 1947,1947-11-15,14400057,exact_anchor,1947-11-15,olimpbase_profile_confirms_1994_row,False,14400057,Q891144,1947-11-15,11,1947-11-15,agree,1947-11-15,olimpbase_profile_confirms_1994_row,False,1947-11-15,primary_clean_upstream_exact,False,,,M,95,0.683641865325799,0.8093306288032455
1994-01,OlimpBase historical FIDE list,C:\chenxi\bazi_project\chess\Elo199401e.html,2100029,"Milos, Gilberto",g,BRA,M,,2565,26.0,1963-10-30,1963.10.30,True,,103,103.0,99.0,100,True,False,,OlimpBase historical FIDE list,C:\chenxi\bazi_project\chess\Elo199401e.html,,101,"https://olimpbase.org/Elo/player/M/Milos,%20Gilberto.html","Milos, Gilberto",30 October 1963,1963-10-30,2100029,exact_anchor,1963-10-30,olimpbase_profile_confirms_1994_row,False,2100029,Q1524136,1963-10-30,11,1963-10-30,agree,1963-10-30,olimpbase_profile_confirms_1994_row,False,1963-10-30,primary_clean_upstream_exact,False,,,M,95,0.683641865325799,0.8093306288032455
1994-01,OlimpBase historical FIDE list,C:\chenxi\bazi_project\chess\Elo199401e.html,14100037,"Novikov, Igor A.",g,UKR,M,,2565,24.0,1962-05-23,1962.05.23,True,,104=,104.0,99.0,100,True,False,,OlimpBase historical FIDE list,C:\chenxi\bazi_project\chess\Elo199401e.html,,101,"https://olimpbase.org/Elo/player/N/Novikov,%20Igor%20A..html","Novikov, Igor A.",23 May 1962,1962-05-23,14100037,exact_anchor,1962-05-23,olimpbase_profile_confirms_1994_row,False,14100037,Q1950207,1962-05-23,11,1962-05-23,agree,1962-05-23,olimpbase_profile_confirms_1994_row,False,1962-05-23,primary_clean_upstream_exact,False,,,M,95,0.683641865325799,0.8093306288032455
1994-01,OlimpBase historical FIDE list,C:\chenxi\bazi_project\chess\Elo199401e.html,3200019,"Rogers, Ian",g,AUS,M,,2565,36.0,1960-06-24,1960.06.24,True,,100,100.0,99.0,100,True,False,,OlimpBase historical FIDE list,C:\chenxi\bazi_project\chess\Elo199401e.html,,101,"https://olimpbase.org/Elo/player/R/Rogers,%20Ian.html","Rogers, Ian",24 June 1960,1960-06-24,3200019,exact_anchor,1960-06-24,olimpbase_profile_confirms_1994_row,False,3200019,Q1362091,1960-06-24,11,1960-06-24,agree,1960-06-24,olimpbase_profile_confirms_1994_row,False,1960-06-24,primary_clean_upstream_exact,False,,,M,95,0.683641865325799,0.8093306288032455
1994-01,OlimpBase historical FIDE list,C:\chenxi\bazi_project\chess\Elo199401e.html,2000172,"Rohde, Michael A.",g,USA,M,,2565,14.0,1959-08-26,1959.08.26,True,,106,106.0,99.0,100,True,False,,OlimpBase historical FIDE list,C:\chenxi\bazi_project\chess\Elo199401e.html,,101,"https://olimpbase.org/Elo/player/R/Rohde,%20Michael%20A..html","Rohde, Michael A.",26 August 1959,1959-08-26,2000172,exact_anchor,1959-08-26,olimpbase_profile_confirms_1994_row,False,2000172,Q4395681,1959-01-01;1959-08-26,9;11,1959-08-26,agree,1959-08-26,olimpbase_profile_confirms_1994_row,False,1959-08-26,primary_clean_upstream_exact,False,,,M,95,0.683641865325799,0.8093306288032455
1994-01,OlimpBase historical FIDE list,C:\chenxi\bazi_project\chess\Elo199401e.html,600024,"Spassky, Boris V.",g,FRA,M,,2565,11.0,1937-01-30,1937.01.30,True,,107,107.0,99.0,100,True,False,,OlimpBase historical FIDE list,C:\chenxi\bazi_project\chess\Elo199401e.html,,101,"https://olimpbase.org/Elo/player/S/Spassky,%20Boris%20V..html","Spassky, Boris V.",30 January 1937,1937-01-30,600024,exact_anchor,1937-01-30,olimpbase_profile_confirms_1994_row,False,600024,Q177310,1937-01-30,11,1937-01-30,agree,1937-01-30,olimpbase_profile_confirms_1994_row,False,1937-01-30,primary_clean_upstream_exact,False,,,M,95,0.683641865325799,0.8093306288032455
1994-01,OlimpBase historical FIDE list,C:\chenxi\bazi_project\chess\Elo199401e.html,2000156,"Alburt, Lev O.",g,USA,M,,2560,11.0,1945-08-21,1945.08.21,True,,120,120.0,110.0,111,True,False,,OlimpBase historical FIDE list,C:\chenxi\bazi_project\chess\Elo199401e.html,,112,"https://olimpbase.org/Elo/player/A/Alburt,%20Lev%20O..html","Alburt, Lev O.",21 August 1945,1945-08-21,2000156,exact_anchor,1945-08-21,olimpbase_profile_confirms_1994_row,False,2000156,Q525884,1945-01-01;1945-08-21;1946-01-01,9;11,1945-08-21,agree,1945-08-21,olimpbase_profile_confirms_1994_row,False,1945-08-21,primary_clean_upstream_exact,False,,,M,106,0.5886435301722276,0.7870182555780934
1994-01,OlimpBase historical FIDE list,C:\chenxi\bazi_project\chess\Elo199401e.html,2000059,"Christiansen, Larry M.",g,USA,M,,2560,26.0,1956-06-27,1956.06.27,True,,118,118.0,110.0,111,True,False,,OlimpBase historical FIDE list,C:\chenxi\bazi_project\chess\Elo199401e.html,,112,"https://olimpbase.org/Elo/player/C/Christiansen,%20Larry%20M..html","Christiansen, Larry M.",27 June 1956,1956-06-27,2000059,exact_anchor,1956-06-27,olimpbase_profile_confirms_1994_row,False,2000059,Q534057,1956-06-27,11,1956-06-27,agree,1956-06-27,olimpbase_profile_confirms_1994_row,False,1956-06-27,primary_clean_upstream_exact,False,,,M,106,0.5886435301722276,0.7870182555780934
1994-01,OlimpBase historical FIDE list,C:\chenxi\bazi_project\chess\Elo199401e.html,900125,"Damljanovic, Branko",g,YUG,M,,2560,27.0,1961-06-17,1961.06.17,True,,117,117.0,110.0,111,True,False,,OlimpBase historical FIDE list,C:\chenxi\bazi_project\chess\Elo199401e.html,,112,"https://olimpbase.org/Elo/player/D/Damljanovic,%20Branko.html","Damljanovic, Branko",17 June 1961,1961-06-17,900125,exact_anchor,1961-06-17,olimpbase_profile_confirms_1994_row,False,900125,Q898663,1961-06-17,11,1961-06-17,agree,1961-06-17,olimpbase_profile_confirms_1994_row,False,1961-06-17,primary_clean_upstream_exact,False,,,M,106,0.5886435301722276,0.7870182555780934
1994-01,OlimpBase historical FIDE list,C:\chenxi\bazi_project\chess\Elo199401e.html,14100983,"Golubev, Mihail",m,UKR,M,,2560,48.0,1970-05-30,1970.05.30,True,,112,112.0,110.0,111,True,False,,OlimpBase historical FIDE list,C:\chenxi\bazi_project\chess\Elo199401e.html,,112,"https://olimpbase.org/Elo/player/G/Golubev,%20Mihail.html","Golubev, Mihail",30 May 1970,1970-05-30,14100983,exact_anchor,1970-05-30,olimpbase_profile_confirms_1994_row,False,14100983,Q4142325,1970-05-30,11,1970-05-30,agree,1970-05-30,olimpbase_profile_confirms_1994_row,False,1970-05-30,primary_clean_upstream_exact,False,,,M,106,0.5886435301722276,0.7870182555780934
1994-01,OlimpBase historical FIDE list,C:\chenxi\bazi_project\chess\Elo199401e.html,1700022,"Hellers, Ferdinand",g,SWE,M,,2560,28.0,1969-01-28,1969.01.28,True,,115=,115.0,110.0,111,True,False,,OlimpBase historical FIDE list,C:\chenxi\bazi_project\chess\Elo199401e.html,,112,"https://olimpbase.org/Elo/player/H/Hellers,%20Ferdinand.html","Hellers, Ferdinand",28 January 1969,1969-01-28,1700022,exact_anchor,1969-01-28,olimpbase_profile_confirms_1994_row,False,1700022,Q2077405,1969-01-28,11,1969-01-28,agree,1969-01-28,olimpbase_profile_confirms_1994_row,False,1969-01-28,primary_clean_upstream_exact,False,,,M,106,0.5886435301722276,0.7870182555780934
1994-01,OlimpBase historical FIDE list,C:\chenxi\bazi_project\chess\Elo199401e.html,1400029,"Larsen, Bent",g,DEN,M,,2560,12.0,1935-03-04,1935.03.04,True,,119,119.0,110.0,111,True,False,,OlimpBase historical FIDE list,C:\chenxi\bazi_project\chess\Elo199401e.html,,112,"https://olimpbase.org/Elo/player/L/Larsen,%20Bent.html","Larsen, Bent",4 March 1935,1935-03-04,1400029,exact_anchor,1935-03-04,olimpbase_profile_confirms_1994_row,False,1400029,,,,,,1935-03-04,olimpbase_profile_confirms_1994_row,False,1935-03-04,primary_clean_upstream_exact,False,,,M,106,0.5886435301722276,0.7870182555780934
1994-01,OlimpBase historical FIDE list,C:\chenxi\bazi_project\chess\Elo199401e.html,4100387,"Ruban, Vadim",g,RUS,M,,2560,28.0,1964-06-13,1964.06.13,True,,115,115.0,110.0,111,True,False,,OlimpBase historical FIDE list,C:\chenxi\bazi_project\chess\Elo199401e.html,,112,"https://olimpbase.org/Elo/player/R/Ruban,%20Vadim.html","Ruban, Vadim",13 June 1964,1964-06-13,4100387,exact_anchor,1964-06-13,olimpbase_profile_confirms_1994_row,False,4100387,Q4398934,1964-06-13,11,1964-06-13,agree,1964-06-13,olimpbase_profile_confirms_1994_row,False,1964-06-13,primary_clean_upstream_exact,False,,,M,106,0.5886435301722276,0.7870182555780934
1994-01,OlimpBase historical FIDE list,C:\chenxi\bazi_project\chess\Elo199401e.html,400173,"Sadler, Matthew",g,ENG,M,,2560,36.0,1974-05-15,1974.05.15,True,,113,113.0,110.0,111,True,False,,OlimpBase historical FIDE list,C:\chenxi\bazi_project\chess\Elo199401e.html,,112,"https://olimpbase.org/Elo/player/S/Sadler,%20Matthew.html","Sadler, Matthew",15 May 1974,1974-05-15,400173,exact_anchor,1974-05-15,olimpbase_profile_confirms_1994_row,False,400173,Q634634,1974-05-15,11,1974-05-15,agree,1974-05-15,olimpbase_profile_confirms_1994_row,False,1974-05-15,primary_clean_upstream_exact,False,,,M,106,0.5886435301722276,0.7870182555780934
1994-01,OlimpBase historical FIDE list,C:\chenxi\bazi_project\chess\Elo199401e.html,14200031,"Serper, Grigory",g,UZB,M,,2560,31.0,1969-09-14,1969.09.14,True,,114,114.0,110.0,111,True,False,,OlimpBase historical FIDE list,C:\chenxi\bazi_project\chess\Elo199401e.html,,112,"https://olimpbase.org/Elo/player/S/Serper,%20Grigory.html","Serper, Grigory",14 September 1969,1969-09-14,2012642,exact_anchor,1969-09-14,olimpbase_profile_confirms_1994_row,False,2012642,Q2581383,1969-09-14,11,1969-09-14,agree,1969-09-14,olimpbase_profile_confirms_1994_row,False,1969-09-14,primary_clean_upstream_exact,False,,,M,106,0.5886435301722276,0.7870182555780934
1994-01,OlimpBase historical FIDE list,C:\chenxi\bazi_project\chess\Elo199401e.html,14900025,"Stohl, Igor",g,SVK,M,,2560,55.0,1964-09-27,1964.09.27,True,,110,110.0,110.0,111,True,False,,OlimpBase historical FIDE list,C:\chenxi\bazi_project\chess\Elo199401e.html,,112,"https://olimpbase.org/Elo/player/S/Stohl,%20Igor.html","Stohl, Igor",27 September 1964,1964-09-27,14900025,exact_anchor,1964-09-27,olimpbase_profile_confirms_1994_row,False,14900025,Q717486,1964-09-27,11,1964-09-27,agree,1964-09-27,olimpbase_profile_confirms_1994_row,False,1964-09-27,primary_clean_upstream_exact,False,,,M,106,0.5886435301722276,0.7870182555780934
1994-01,OlimpBase historical FIDE list,C:\chenxi\bazi_project\chess\Elo199401e.html,4101634,"Vaulin, Alexander",g,RUS,M,,2560,52.0,1957-03-18,1957.03.18,True,,111,111.0,110.0,111,True,False,,OlimpBase historical FIDE list,C:\chenxi\bazi_project\chess\Elo199401e.html,,112,"https://olimpbase.org/Elo/player/V/Vaulin,%20Alexander.html","Vaulin, Alexander",18 March 1957,1957-03-18,4101634,exact_anchor,1957-03-18,olimpbase_profile_confirms_1994_row,False,4101634,,,,,,1957-03-18,olimpbase_profile_confirms_1994_row,False,1957-03-18,primary_clean_upstream_exact,False,,,M,106,0.5886435301722276,0.7870182555780934
1994-01,OlimpBase historical FIDE list,C:\chenxi\bazi_project\chess\Elo199401e.html,2000075,"Dlugy, Maxim",g,USA,M,,2555,4.0,1966-01-29,1966.01.29,True,,130,130.0,121.0,122,True,False,,OlimpBase historical FIDE list,C:\chenxi\bazi_project\chess\Elo199401e.html,,123,"https://olimpbase.org/Elo/player/D/Dlugy,%20Maxim.html","Dlugy, Maxim",29 January 1966,1966-01-29,2000075,exact_anchor,1966-01-29,olimpbase_profile_confirms_1994_row,False,2000075,Q735208,1966-01-29,11,1966-01-29,agree,1966-01-29,olimpbase_profile_confirms_1994_row,False,1966-01-29,primary_clean_upstream_exact,False,,,M,117,0.4936451950186561,0.7647058823529411
1994-01,OlimpBase historical FIDE list,C:\chenxi\bazi_project\chess\Elo199401e.html,13600044,"Giorgadze, Giorgi",g,GEO,M,,2555,2.0,1964-10-10,1964.10.10,True,,131,131.0,121.0,122,True,False,,OlimpBase historical FIDE list,C:\chenxi\bazi_project\chess\Elo199401e.html,,123,"https://olimpbase.org/Elo/player/G/Giorgadze,%20Giorgi.html","Giorgadze, Giorgi",10 October 1964,1964-10-10,13600044,exact_anchor,1964-10-10,olimpbase_profile_confirms_1994_row,False,13600044,Q2195871,1964-10-10,11,1964-10-10,agree,1964-10-10,olimpbase_profile_confirms_1994_row,False,1964-10-10,primary_clean_upstream_exact,False,,,M,117,0.4936451950186561,0.7647058823529411
1994-01,OlimpBase historical FIDE list,C:\chenxi\bazi_project\chess\Elo199401e.html,2000202,"Ivanov, Alexander",g,USA,M,,2555,23.0,1956-05-01,1956.05.01,True,,126,126.0,121.0,122,True,False,,OlimpBase historical FIDE list,C:\chenxi\bazi_project\chess\Elo199401e.html,,123,"https://olimpbase.org/Elo/player/I/Ivanov,%20Alexander.html","Ivanov, Alexander",1 May 1956,1956-05-01,2000202,exact_anchor,1956-05-01,olimpbase_profile_confirms_1994_row,False,2000202,Q2833146,1956-05-01,11,1956-05-01,agree,1956-05-01,olimpbase_profile_confirms_1994_row,False,1956-05-01,primary_clean_upstream_exact,False,,,M,117,0.4936451950186561,0.7647058823529411
1994-01,OlimpBase historical FIDE list,C:\chenxi\bazi_project\chess\Elo199401e.html,2802350,"Khenkin, Igor",g,ISR,M,,2555,47.0,1968-03-21,1968.03.21,True,,122,122.0,121.0,122,True,False,,OlimpBase historical FIDE list,C:\chenxi\bazi_project\chess\Elo199401e.html,,123,"https://olimpbase.org/Elo/player/K/Khenkin,%20Igor.html","Khenkin, Igor",21 March 1968,1968-03-21,4659600,exact_anchor,1968-03-21,olimpbase_profile_confirms_1994_row,False,4659600,Q70779,1968-03-21,11,1968-03-21,agree,1968-03-21,olimpbase_profile_confirms_1994_row,False,1968-03-21,primary_clean_upstream_exact,False,,,M,117,0.4936451950186561,0.7647058823529411
1994-01,OlimpBase historical FIDE list,C:\chenxi\bazi_project\chess\Elo199401e.html,14100061,"Lerner, Konstantin Z.",g,UKR,M,,2555,18.0,1950-02-28,1950.02.28,True,,128,128.0,121.0,122,True,False,,OlimpBase historical FIDE list,C:\chenxi\bazi_project\chess\Elo199401e.html,,123,"https://olimpbase.org/Elo/player/L/Lerner,%20Konstantin%20Z..html","Lerner, Konstantin Z.",28 February 1950,1950-02-28,14100061,exact_anchor,1950-02-28,olimpbase_profile_confirms_1994_row,False,14100061,,,,,,1950-02-28,olimpbase_profile_confirms_1994_row,False,1950-02-28,primary_clean_upstream_exact,False,,,M,117,0.4936451950186561,0.7647058823529411
1994-01,OlimpBase historical FIDE list,C:\chenxi\bazi_project\chess\Elo199401e.html,700045,"Pinter, Jozsef",g,HUN,M,,2555,26.0,1953-11-09,1953.11.09,True,,125,125.0,121.0,122,True,False,,OlimpBase historical FIDE list,C:\chenxi\bazi_project\chess\Elo199401e.html,,123,"https://olimpbase.org/Elo/player/P/Pinter,%20Jozsef.html","Pinter, Jozsef",9 November 1953,1953-11-09,700045,exact_anchor,1953-11-09,olimpbase_profile_confirms_1994_row,False,700045,Q346022,1953-11-09,11,1953-11-09,agree,1953-11-09,olimpbase_profile_confirms_1994_row,False,1953-11-09,primary_clean_upstream_exact,False,,,M,117,0.4936451950186561,0.7647058823529411
1994-01,OlimpBase historical FIDE list,C:\chenxi\bazi_project\chess\Elo199401e.html,4100301,"Razuvaev, Yuri S.",g,RUS,M,,2555,32.0,1945-10-10,1945.10.10,True,,124,124.0,121.0,122,True,False,,OlimpBase historical FIDE list,C:\chenxi\bazi_project\chess\Elo199401e.html,,123,"https://olimpbase.org/Elo/player/R/Razuvaev,%20Yuri%20S..html","Razuvaev, Yuri S.",10 October 1945,1945-10-10,4100301,exact_anchor,1945-10-10,olimpbase_profile_confirms_1994_row,False,4100301,,,,,,1945-10-10,olimpbase_profile_confirms_1994_row,False,1945-10-10,primary_clean_upstream_exact,False,,,M,117,0.4936451950186561,0.7647058823529411
1994-01,OlimpBase historical FIDE list,C:\chenxi\bazi_project\chess\Elo199401e.html,4104226,"Sakaev, Konstantin",g,RUS,M,,2555,11.0,1974-04-13,1974.04.13,True,,129,129.0,121.0,122,True,False,,OlimpBase historical FIDE list,C:\chenxi\bazi_project\chess\Elo199401e.html,,123,"https://olimpbase.org/Elo/player/S/Sakaev,%20Konstantin.html","Sakaev, Konstantin",13 April 1974,1974-04-13,4104226,exact_anchor,1974-04-13,olimpbase_profile_confirms_1994_row,False,4104226,Q964923,1974-01-01;1974-04-13,9;11,1974-04-13,agree,1974-04-13,olimpbase_profile_confirms_1994_row,False,1974-04-13,primary_clean_upstream_exact,False,,,M,117,0.4936451950186561,0.7647058823529411
1994-01,OlimpBase historical FIDE list,C:\chenxi\bazi_project\chess\Elo199401e.html,4100328,"Sokolov, Andrei",g,RUS,M,,2555,36.0,1963-03-20,1963.03.20,True,,123,123.0,121.0,122,True,False,,OlimpBase historical FIDE list,C:\chenxi\bazi_project\chess\Elo199401e.html,,123,"https://olimpbase.org/Elo/player/S/Sokolov,%20Andrei.html","Sokolov, Andrei",20 March 1963,1963-03-20,627089,exact_anchor,1963-03-20,olimpbase_profile_confirms_1994_row,False,627089,Q502570,1963-03-20,11,1963-03-20,agree,1963-03-20,olimpbase_profile_confirms_1994_row,False,1963-03-20,primary_clean_upstream_exact,False,,,M,117,0.4936451950186561,0.7647058823529411
1994-01,OlimpBase historical FIDE list,C:\chenxi\bazi_project\chess\Elo199401e.html,1100025,"Wojtkiewicz, Aleksander",g,POL,M,,2555,75.0,1963-01-15,1963.01.15,True,,121,121.0,121.0,122,True,False,,OlimpBase historical FIDE list,C:\chenxi\bazi_project\chess\Elo199401e.html,,123,"https://olimpbase.org/Elo/player/W/Wojtkiewicz,%20Aleksander.html","Wojtkiewicz, Aleksander",15 January 1963,1963-01-15,1100025,exact_anchor,1963-01-15,olimpbase_profile_confirms_1994_row,False,1100025,,,,,,1963-01-15,olimpbase_profile_confirms_1994_row,False,1963-01-15,primary_clean_upstream_exact,False,,,M,117,0.4936451950186561,0.7647058823529411
1994-01,OlimpBase historical FIDE list,C:\chenxi\bazi_project\chess\Elo199401e.html,8600040,"Ye, Jiangchuan",g,CHN,M,,2555,22.0,1960-11-20,1960.11.20,True,,127,127.0,121.0,122,True,False,,OlimpBase historical FIDE list,C:\chenxi\bazi_project\chess\Elo199401e.html,,123,"https://olimpbase.org/Elo/player/Y/Ye,%20Jiangchuan.html","Ye, Jiangchuan",20 November 1960,1960-11-20,8600040,exact_anchor,1960-11-20,olimpbase_profile_confirms_1994_row,False,8600040,Q1347422,1960-11-20,11,1960-11-20,agree,1960-11-20,olimpbase_profile_confirms_1994_row,False,1960-11-20,primary_clean_upstream_exact,False,,,M,117,0.4936451950186561,0.7647058823529411
1994-01,OlimpBase historical FIDE list,C:\chenxi\bazi_project\chess\Elo199401e.html,4100379,"Dvoirys, Semen I.",g,RUS,M,,2550,24.0,1958-11-02,1958.11.02,True,,139,139.0,132.0,133,True,False,,OlimpBase historical FIDE list,C:\chenxi\bazi_project\chess\Elo199401e.html,,134,"https://olimpbase.org/Elo/player/D/Dvoirys,%20Semen%20I..html","Dvoirys, Semen I.",2 November 1958,1958-11-02,4100379,exact_anchor,1958-11-02,olimpbase_profile_confirms_1994_row,False,4100379,Q4155852,1958-11-02,11,1958-11-02,agree,1958-11-02,olimpbase_profile_confirms_1994_row,False,1958-11-02,primary_clean_upstream_exact,False,,,M,128,0.3986468598650847,0.742393509127789
1994-01,OlimpBase historical FIDE list,C:\chenxi\bazi_project\chess\Elo199401e.html,4600118,"Hickl, Joerg",g,GER,M,,2550,61.0,1965-04-16,1965.04.16,True,,132,132.0,132.0,133,True,False,,OlimpBase historical FIDE list,C:\chenxi\bazi_project\chess\Elo199401e.html,,134,"https://olimpbase.org/Elo/player/H/Hickl,%20Joerg.html","Hickl, Joerg",16 April 1965,1965-04-16,4600118,exact_anchor,1965-04-16,olimpbase_profile_confirms_1994_row,False,4600118,Q92207,1965-04-16,11,1965-04-16,agree,1965-04-16,olimpbase_profile_confirms_1994_row,False,1965-04-16,primary_clean_upstream_exact,False,,,M,128,0.3986468598650847,0.742393509127789
1994-01,OlimpBase historical FIDE list,C:\chenxi\bazi_project\chess\Elo199401e.html,2000121,"Kavalek, Lubomir",g,USA,M,,2550,0.0,1943-08-09,1943.08.09,True,,144,144.0,132.0,133,True,False,,OlimpBase historical FIDE list,C:\chenxi\bazi_project\chess\Elo199401e.html,,134,"https://olimpbase.org/Elo/player/K/Kavalek,%20Lubomir.html","Kavalek, Lubomir",9 August 1943,1943-08-09,2000121,exact_anchor,1943-08-09,olimpbase_profile_confirms_1994_row,False,2000121,,,,,,1943-08-09,olimpbase_profile_confirms_1994_row,False,1943-08-09,primary_clean_upstream_exact,False,,,M,128,0.3986468598650847,0.742393509127789
1994-01,OlimpBase historical FIDE list,C:\chenxi\bazi_project\chess\Elo199401e.html,2000164,"Kudrin, Sergey",g,USA,M,,2550,21.0,1959-09-07,1959.09.07,True,,141=,141.0,132.0,133,True,False,,OlimpBase historical FIDE list,C:\chenxi\bazi_project\chess\Elo199401e.html,,134,"https://olimpbase.org/Elo/player/K/Kudrin,%20Sergey.html","Kudrin, Sergey",7 September 1959,1959-09-07,2000164,exact_anchor,1959-09-07,olimpbase_profile_confirms_1994_row,False,2000164,Q2494807,1959-09-07,11,1959-09-07,agree,1959-09-07,olimpbase_profile_confirms_1994_row,False,1959-09-07,primary_clean_upstream_exact,False,,,M,128,0.3986468598650847,0.742393509127789
1994-01,OlimpBase historical FIDE list,C:\chenxi\bazi_project\chess\Elo199401e.html,3500020,"Nogueiras, Jesus",g,CUB,M,,2550,59.0,1959-07-17,1959.07.17,True,,133,133.0,132.0,133,True,False,,OlimpBase historical FIDE list,C:\chenxi\bazi_project\chess\Elo199401e.html,,134,"https://olimpbase.org/Elo/player/N/Nogueiras,%20Jesus.html","Nogueiras, Jesus",17 July 1959,1959-07-17,3500020,exact_anchor,1959-07-17,olimpbase_profile_confirms_1994_row,False,3500020,Q1361566,1959-07-17,11,1959-07-17,agree,1959-07-17,olimpbase_profile_confirms_1994_row,False,1959-07-17,primary_clean_upstream_exact,False,,,M,128,0.3986468598650847,0.742393509127789
1994-01,OlimpBase historical FIDE list,C:\chenxi\bazi_project\chess\Elo199401e.html,2300028,"Petursson, Margeir",g,ISL,M,,2550,49.0,1960-02-15,1960.02.15,True,,134,134.0,132.0,133,True,False,,OlimpBase historical FIDE list,C:\chenxi\bazi_project\chess\Elo199401e.html,,134,"https://olimpbase.org/Elo/player/P/Petursson,%20Margeir.html","Petursson, Margeir",15 February 1960,1960-02-15,2300028,exact_anchor,1960-02-15,olimpbase_profile_confirms_1994_row,False,2300028,Q1396774,1960-02-15,11,1960-02-15,agree,1960-02-15,olimpbase_profile_confirms_1994_row,False,1960-02-15,primary_clean_upstream_exact,False,,,M,128,0.3986468598650847,0.742393509127789
1994-01,OlimpBase historical FIDE list,C:\chenxi\bazi_project\chess\Elo199401e.html,4101731,"Piskov, Yury",g,RUS,M,,2550,18.0,,,True,,143,143.0,132.0,133,True,False,,OlimpBase historical FIDE list,C:\chenxi\bazi_project\chess\Elo199401e.html,,134,"https://olimpbase.org/Elo/player/P/Piskov,%20Yury.html","Piskov, Yury",12 October 1961,1961-10-12,4101731,exact_anchor,1961-10-12,olimpbase_profile_fills_missing,False,4101731,Q4363644,1961-10-12,11,1961-10-12,agree,1961-10-12,olimpbase_profile_fills_missing,False,1961-10-12,primary_clean_upstream_exact,False,,,M,128,0.3986468598650847,0.742393509127789
1994-01,OlimpBase historical FIDE list,C:\chenxi\bazi_project\chess\Elo199401e.html,4115309,"Rublevsky, Sergei",g,RUS,M,,2550,34.0,1974-10-15,1974.10.15,True,,138,138.0,132.0,133,True,False,,OlimpBase historical FIDE list,C:\chenxi\bazi_project\chess\Elo199401e.html,,134,"https://olimpbase.org/Elo/player/R/Rublevsky,%20Sergei.html","Rublevsky, Sergei",15 October 1974,1974-10-15,4115309,exact_anchor,1974-10-15,olimpbase_profile_confirms_1994_row,False,4115309,Q727947,1974-10-15,11,1974-10-15,agree,1974-10-15,olimpbase_profile_confirms_1994_row,False,1974-10-15,primary_clean_upstream_exact,False,,,M,128,0.3986468598650847,0.742393509127789
1994-01,OlimpBase historical FIDE list,C:\chenxi\bazi_project\chess\Elo199401e.html,2600013,"Spraggett, Kevin",g,CAN,M,,2550,39.0,1954-11-10,1954.11.10,True,,136,136.0,132.0,133,True,False,,OlimpBase historical FIDE list,C:\chenxi\bazi_project\chess\Elo199401e.html,,134,"https://olimpbase.org/Elo/player/S/Spraggett,%20Kevin.html","Spraggett, Kevin",10 November 1954,1954-11-10,2600013,exact_anchor,1954-11-10,olimpbase_profile_confirms_1994_row,False,2600013,Q948688,1954-11-10,11,1954-11-10,agree,1954-11-10,olimpbase_profile_confirms_1994_row,False,1954-11-10,primary_clean_upstream_exact,False,,,M,128,0.3986468598650847,0.742393509127789
1994-01,OlimpBase historical FIDE list,C:\chenxi\bazi_project\chess\Elo199401e.html,13600095,"Sturua, Zurab",g,GEO,M,,2550,39.0,1959-06-08,1959.06.08,True,,136=,136.0,132.0,133,True,False,,OlimpBase historical FIDE list,C:\chenxi\bazi_project\chess\Elo199401e.html,,134,"https://olimpbase.org/Elo/player/S/Sturua,%20Zurab.html","Sturua, Zurab",8 June 1959,1959-06-08,13600095,exact_anchor,1959-06-08,olimpbase_profile_confirms_1994_row,False,13600095,Q2030950,1959-06-08,11,1959-06-08,agree,1959-06-08,olimpbase_profile_confirms_1994_row,False,1959-06-08,primary_clean_upstream_exact,False,,,M,128,0.3986468598650847,0.742393509127789
1994-01,OlimpBase historical FIDE list,C:\chenxi\bazi_project\chess\Elo199401e.html,8600031,"Xu, Jun",m,CHN,M,,2550,22.0,1962-09-17,1962.09.17,True,,140,140.0,132.0,133,True,False,,OlimpBase historical FIDE list,C:\chenxi\bazi_project\chess\Elo199401e.html,,134,"https://olimpbase.org/Elo/player/X/Xu,%20Jun.html","Xu, Jun",17 September 1962,1962-09-17,8600031,exact_anchor,1962-09-17,olimpbase_profile_confirms_1994_row,False,8600031,Q2191949,1962-09-17,11,1962-09-17,agree,1962-09-17,olimpbase_profile_confirms_1994_row,False,1962-09-17,primary_clean_upstream_exact,False,,,M,128,0.3986468598650847,0.742393509127789
1994-01,OlimpBase historical FIDE list,C:\chenxi\bazi_project\chess\Elo199401e.html,4400011,"Zapata, Alonso",g,COL,M,,2550,40.0,1958-08-22,1958.08.22,True,,135,135.0,132.0,133,True,False,,OlimpBase historical FIDE list,C:\chenxi\bazi_project\chess\Elo199401e.html,,134,"https://olimpbase.org/Elo/player/Z/Zapata,%20Alonso.html","Zapata, Alonso",22 August 1958,1958-08-22,4400011,exact_anchor,1958-08-22,olimpbase_profile_confirms_1994_row,False,4400011,Q2071871,1958-08-22,11,1958-08-22,agree,1958-08-22,olimpbase_profile_confirms_1994_row,False,1958-08-22,primary_clean_upstream_exact,False,,,M,128,0.3986468598650847,0.742393509127789
1994-01,OlimpBase historical FIDE list,C:\chenxi\bazi_project\chess\Elo199401e.html,13300059,"Anastasian, Ashot",g,ARM,M,,2545,35.0,1964-07-16,1964.07.16,True,,151,151.0,145.0,145,True,False,,OlimpBase historical FIDE list,C:\chenxi\bazi_project\chess\Elo199401e.html,,147,"https://olimpbase.org/Elo/player/A/Anastasian,%20Ashot.html","Anastasian, Ashot",16 July 1964,1964-07-16,13300059,exact_anchor,1964-07-16,olimpbase_profile_confirms_1994_row,False,13300059,,,,,,1964-07-16,olimpbase_profile_confirms_1994_row,False,1964-07-16,primary_clean_upstream_exact,False,,,M,140,0.3036485247115132,0.718052738336714
1994-01,OlimpBase historical FIDE list,C:\chenxi\bazi_project\chess\Elo199401e.html,4100247,"Aseev, Konstantin N.",g,RUS,M,,2545,30.0,1960-10-20,1960.10.20,True,,155,155.0,145.0,145,True,False,,OlimpBase historical FIDE list,C:\chenxi\bazi_project\chess\Elo199401e.html,,147,"https://olimpbase.org/Elo/player/A/Aseev,%20Konstantin%20N..html","Aseev, Konstantin N.",20 October 1960,1960-10-20,4100247,exact_anchor,1960-10-20,olimpbase_profile_confirms_1994_row,False,4100247,,,,,,1960-10-20,olimpbase_profile_confirms_1994_row,False,1960-10-20,primary_clean_upstream_exact,False,,,M,140,0.3036485247115132,0.718052738336714
1994-01,OlimpBase historical FIDE list,C:\chenxi\bazi_project\chess\Elo199401e.html,900397,"Drasko, Milan",g,YUG,M,,2545,50.0,1962-12-06,1962.12.06,True,,146,146.0,145.0,145,True,False,,OlimpBase historical FIDE list,C:\chenxi\bazi_project\chess\Elo199401e.html,,147,"https://olimpbase.org/Elo/player/D/Drasko,%20Milan.html","Drasko, Milan",6 December 1962,1962-12-06,900397,exact_anchor,1962-12-06,olimpbase_profile_confirms_1994_row,False,900397,Q4167799,1962-12-06,11,1962-12-06,agree,1962-12-06,olimpbase_profile_confirms_1994_row,False,1962-12-06,primary_clean_upstream_exact,False,,,M,140,0.3036485247115132,0.718052738336714
1994-01,OlimpBase historical FIDE list,C:\chenxi\bazi_project\chess\Elo199401e.html,2800020,"Gruenfeld, Yehuda",g,ISR,M,,2545,32.0,1956-02-28,1956.02.28,True,,154,154.0,145.0,145,True,False,,OlimpBase historical FIDE list,C:\chenxi\bazi_project\chess\Elo199401e.html,,147,"https://olimpbase.org/Elo/player/G/Gruenfeld,%20Yehuda.html","Gruenfeld, Yehuda",28 February 1956,1956-02-28,2800020,exact_anchor,1956-02-28,olimpbase_profile_confirms_1994_row,False,2800020,Q1338537,1956-02-28,11,1956-02-28,agree,1956-02-28,olimpbase_profile_confirms_1994_row,False,1956-02-28,primary_clean_upstream_exact,False,,,M,140,0.3036485247115132,0.718052738336714
1994-01,OlimpBase historical FIDE list,C:\chenxi\bazi_project\chess\Elo199401e.html,2000407,"Gurevich, Dmitry",g,USA,M,,2545,33.0,1956-09-11,1956.09.11,True,,153,153.0,145.0,145,True,False,,OlimpBase historical FIDE list,C:\chenxi\bazi_project\chess\Elo199401e.html,,147,"https://olimpbase.org/Elo/player/G/Gurevich,%20Dmitry.html","Gurevich, Dmitry",11 September 1956,1956-09-11,2000407,exact_anchor,1956-09-11,olimpbase_profile_confirms_1994_row,False,2000407,Q2074839,1956-09-11,11,1956-09-11,agree,1956-09-11,olimpbase_profile_confirms_1994_row,False,1956-09-11,primary_clean_upstream_exact,False,,,M,140,0.3036485247115132,0.718052738336714
1994-01,OlimpBase historical FIDE list,C:\chenxi\bazi_project\chess\Elo199401e.html,1400037,"Hansen, Lars Bo",g,DEN,M,,2545,55.0,1968-09-24,1968.09.24,True,,145,145.0,145.0,145,True,False,,OlimpBase historical FIDE list,C:\chenxi\bazi_project\chess\Elo199401e.html,,147,"https://olimpbase.org/Elo/player/H/Hansen,%20Lars%20Bo.html","Hansen, Lars Bo",24 September 1968,1968-09-24,1400037,exact_anchor,1968-09-24,olimpbase_profile_confirms_1994_row,False,1400037,Q724540,1968-09-24,11,1968-09-24,agree,1968-09-24,olimpbase_profile_confirms_1994_row,False,1968-09-24,primary_clean_upstream_exact,False,,,M,140,0.3036485247115132,0.718052738336714
1994-01,OlimpBase historical FIDE list,C:\chenxi\bazi_project\chess\Elo199401e.html,4200012,"Kotronias, Vasilios",g,GRE,M,,2545,44.0,1964-08-25,1964.08.25,True,,150,150.0,145.0,145,True,False,,OlimpBase historical FIDE list,C:\chenxi\bazi_project\chess\Elo199401e.html,,147,"https://olimpbase.org/Elo/player/K/Kotronias,%20Vasilios.html","Kotronias, Vasilios",25 August 1964,1964-08-25,5900212,exact_anchor,1964-08-25,olimpbase_profile_confirms_1994_row,False,5900212,Q1335802,1964-08-25,11,1964-08-25,agree,1964-08-25,olimpbase_profile_confirms_1994_row,False,1964-08-25,primary_clean_upstream_exact,False,,,M,140,0.3036485247115132,0.718052738336714
1994-01,OlimpBase historical FIDE list,C:\chenxi\bazi_project\chess\Elo199401e.html,703303,"Leko, Peter",g,HUN,M,,2545,46.0,1979-09-08,1979.09.08,True,,149,149.0,145.0,145,True,False,,OlimpBase historical FIDE list,C:\chenxi\bazi_project\chess\Elo199401e.html,,147,"https://olimpbase.org/Elo/player/L/Leko,%20Peter.html","Leko, Peter",8 September 1979,1979-09-08,703303,exact_anchor,1979-09-08,olimpbase_profile_confirms_1994_row,False,703303,Q210922,1979-09-08,11,1979-09-08,agree,1979-09-08,olimpbase_profile_confirms_1994_row,False,1979-09-08,primary_clean_upstream_exact,False,,,M,140,0.3036485247115132,0.718052738336714
1994-01,OlimpBase historical FIDE list,C:\chenxi\bazi_project\chess\Elo199401e.html,13300040,"Minasian, Artashes",g,ARM,M,,2545,48.0,1967-01-21,1967.01.21,True,,147,147.0,145.0,145,True,False,,OlimpBase historical FIDE list,C:\chenxi\bazi_project\chess\Elo199401e.html,,147,"https://olimpbase.org/Elo/player/M/Minasian,%20Artashes.html","Minasian, Artashes",21 January 1967,1967-01-21,13300040,exact_anchor,1967-01-21,olimpbase_profile_confirms_1994_row,False,13300040,Q706149,1967-01-21,11,1967-01-21,agree,1967-01-21,olimpbase_profile_confirms_1994_row,False,1967-01-21,primary_clean_upstream_exact,False,,,M,140,0.3036485247115132,0.718052738336714
1994-01,OlimpBase historical FIDE list,C:\chenxi\bazi_project\chess\Elo199401e.html,2007916,"Sagalchik, Gennadij",m,USA,M,,2545,9.0,1969-04-22,1969.04.22,True,,157,157.0,145.0,145,True,False,,OlimpBase historical FIDE list,C:\chenxi\bazi_project\chess\Elo199401e.html,,147,"https://olimpbase.org/Elo/player/S/Sagalchik,%20Gennadij.html","Sagalchik, Gennadij",22 April 1969,1969-04-22,2007916,exact_anchor,1969-04-22,olimpbase_profile_confirms_1994_row,False,2007916,Q4404398,1969-04-22,11,1969-04-22,agree,1969-04-22,olimpbase_profile_confirms_1994_row,False,1969-04-22,primary_clean_upstream_exact,False,,,M,140,0.3036485247115132,0.718052738336714
1994-01,OlimpBase historical FIDE list,C:\chenxi\bazi_project\chess\Elo199401e.html,4102240,"Sherbakov, Ruslan",g,RUS,M,,2545,27.0,1969-09-14,1969.09.14,True,,156,156.0,145.0,145,True,False,,OlimpBase historical FIDE list,C:\chenxi\bazi_project\chess\Elo199401e.html,,147,"https://olimpbase.org/Elo/player/S/Sherbakov,%20Ruslan.html","Sherbakov, Ruslan",14 September 1969,1969-09-14,4102240,exact_anchor,1969-09-14,olimpbase_profile_confirms_1994_row,False,4102240,Q4528844,1969-09-14,11,1969-09-14,agree,1969-09-14,olimpbase_profile_confirms_1994_row,False,1969-09-14,primary_clean_upstream_exact,False,,,M,140,0.3036485247115132,0.718052738336714
1994-01,OlimpBase historical FIDE list,C:\chenxi\bazi_project\chess\Elo199401e.html,4100425,"Smagin, Sergey",g,RUS,M,,2545,47.0,1958-09-08,1958.09.08,True,,148,148.0,145.0,145,True,False,,OlimpBase historical FIDE list,C:\chenxi\bazi_project\chess\Elo199401e.html,,147,"https://olimpbase.org/Elo/player/S/Smagin,%20Sergey.html","Smagin, Sergey",8 September 1958,1958-09-08,4100425,exact_anchor,1958-09-08,olimpbase_profile_confirms_1994_row,False,4100425,Q1749798,1958-09-08,11,1958-09-08,agree,1958-09-08,olimpbase_profile_confirms_1994_row,False,1958-09-08,primary_clean_upstream_exact,False,,,M,140,0.3036485247115132,0.718052738336714
1994-01,OlimpBase historical FIDE list,C:\chenxi\bazi_project\chess\Elo199401e.html,4113403,"Zvjaginsev, Vadim",m,RUS,M,,2545,35.0,1976-08-18,1976.08.18,True,,151=,151.0,145.0,145,True,False,,OlimpBase historical FIDE list,C:\chenxi\bazi_project\chess\Elo199401e.html,,147,"https://olimpbase.org/Elo/player/Z/Zvjaginsev,%20Vadim.html","Zvjaginsev, Vadim",18 August 1976,1976-08-18,4113403,exact_anchor,1976-08-18,olimpbase_profile_confirms_1994_row,False,4113403,Q910231,1976-08-18,11,1976-08-18,agree,1976-08-18,olimpbase_profile_confirms_1994_row,False,1976-08-18,primary_clean_upstream_exact,False,,,M,140,0.3036485247115132,0.718052738336714
1994-01,OlimpBase historical FIDE list,C:\chenxi\bazi_project\chess\Elo199401e.html,2000113,"Dzindzichashvili, Roman",g,USA,M,,2540,21.0,1944-05-05,1944.05.05,True,,165,165.0,158.0,158,True,False,,OlimpBase historical FIDE list,C:\chenxi\bazi_project\chess\Elo199401e.html,,160,"https://olimpbase.org/Elo/player/D/Dzindzikhashvili,%20Roman.html","Dzindzichashvili, Roman",5 May 1944,1944-05-05,2000113,exact_anchor,1944-05-05,olimpbase_profile_confirms_1994_row,False,2000113,Q709682,1944-05-05,11,1944-05-05,agree,1944-05-05,olimpbase_profile_confirms_1994_row,False,1944-05-05,primary_clean_upstream_exact,False,,,M,153,0.2086501895579418,0.691683569979716
1994-01,OlimpBase historical FIDE list,C:\chenxi\bazi_project\chess\Elo199401e.html,100340,"Hoffman, Alejandro",m,ARG,M,,2540,68.0,1966-10-26,1966.10.26,True,,160,160.0,158.0,158,True,False,,OlimpBase historical FIDE list,C:\chenxi\bazi_project\chess\Elo199401e.html,,160,"https://olimpbase.org/Elo/player/H/Hoffman,%20Alejandro.html","Hoffman, Alejandro",26 October 1966,1966-10-26,100340,exact_anchor,1966-10-26,olimpbase_profile_confirms_1994_row,False,100340,Q4500478,1966-10-26,11,1966-10-26,agree,1966-10-26,olimpbase_profile_confirms_1994_row,False,1966-10-26,primary_clean_upstream_exact,False,,,M,153,0.2086501895579418,0.691683569979716
1994-01,OlimpBase historical FIDE list,C:\chenxi\bazi_project\chess\Elo199401e.html,14200023,"Loginov, Valery A.",g,UZB,M,,2540,79.0,1955-12-13,1955.12.13,True,,159,159.0,158.0,158,True,False,,OlimpBase historical FIDE list,C:\chenxi\bazi_project\chess\Elo199401e.html,,160,"https://olimpbase.org/Elo/player/L/Loginov,%20Valery%20A..html","Loginov, Valery A.",13 December 1955,1955-12-13,4126297,exact_anchor,1955-12-13,olimpbase_profile_confirms_1994_row,False,4126297,Q2542149,1955-12-13,11,1955-12-13,agree,1955-12-13,olimpbase_profile_confirms_1994_row,False,1955-12-13,primary_clean_upstream_exact,False,,,M,153,0.2086501895579418,0.691683569979716
1994-01,OlimpBase historical FIDE list,C:\chenxi\bazi_project\chess\Elo199401e.html,4100468,"Makarichev, Sergey",g,RUS,M,,2540,0.0,1953-11-17,1953.11.17,True,,167,167.0,158.0,158,True,False,,OlimpBase historical FIDE list,C:\chenxi\bazi_project\chess\Elo199401e.html,,160,"https://olimpbase.org/Elo/player/M/Makarichev,%20Sergey.html","Makarichev, Sergey",17 November 1953,1953-11-17,4100468,exact_anchor,1953-11-17,olimpbase_profile_confirms_1994_row,False,4100468,Q726578,1953-11-17,11,1953-11-17,agree,1953-11-17,olimpbase_profile_confirms_1994_row,False,1953-11-17,primary_clean_upstream_exact,False,,,M,153,0.2086501895579418,0.691683569979716
1994-01,OlimpBase historical FIDE list,C:\chenxi\bazi_project\chess\Elo199401e.html,14101262,"Savchenko, Stanislav",g,UKR,M,,2540,34.0,1967-01-21,1967.01.21,True,,164,164.0,158.0,158,True,False,,OlimpBase historical FIDE list,C:\chenxi\bazi_project\chess\Elo199401e.html,,160,"https://olimpbase.org/Elo/player/S/Savchenko,%20Stanislav.html","Savchenko, Stanislav",21 January 1967,1967-01-21,14101262,exact_anchor,1967-01-21,olimpbase_profile_confirms_1994_row,False,14101262,Q2076246,1967-01-21,11,1967-01-21,agree,1967-01-21,olimpbase_profile_confirms_1994_row,False,1967-01-21,primary_clean_upstream_exact,False,,,M,153,0.2086501895579418,0.691683569979716
1994-01,OlimpBase historical FIDE list,C:\chenxi\bazi_project\chess\Elo199401e.html,4600169,"Schlosser, Philipp",g,GER,M,,2540,46.0,1968-09-19,1968.09.19,True,,162,162.0,158.0,158,True,False,,OlimpBase historical FIDE list,C:\chenxi\bazi_project\chess\Elo199401e.html,,160,"https://olimpbase.org/Elo/player/S/Schlosser,%20Philipp.html","Schlosser, Philipp",19 August 1968,1968-08-19,4600169,exact_anchor,1968-08-19,olimpbase_profile_corrects_1994_row,False,4600169,Q74873,1968-08-19,11,1968-08-19,agree,1968-08-19,olimpbase_profile_corrects_1994_row,False,1968-08-19,primary_clean_upstream_exact,False,,,M,153,0.2086501895579418,0.691683569979716
1994-01,OlimpBase historical FIDE list,C:\chenxi\bazi_project\chess\Elo199401e.html,2900041,"Spasov, Vasil",g,BUL,M,,2540,39.0,1971-02-17,1971.02.17,True,,163,163.0,158.0,158,True,False,,OlimpBase historical FIDE list,C:\chenxi\bazi_project\chess\Elo199401e.html,,160,"https://olimpbase.org/Elo/player/S/Spasov,%20Vasil.html","Spasov, Vasil",17 February 1971,1971-02-17,2900041,exact_anchor,1971-02-17,olimpbase_profile_confirms_1994_row,False,2900041,Q964563,1971-02-17,11,1971-02-17,agree,1971-02-17,olimpbase_profile_confirms_1994_row,False,1971-02-17,primary_clean_upstream_exact,False,,,M,153,0.2086501895579418,0.691683569979716
1994-01,OlimpBase historical FIDE list,C:\chenxi\bazi_project\chess\Elo199401e.html,4600274,"Stangl, Markus",g,GER,M,,2540,48.0,1969-04-29,1969.04.29,True,,161,161.0,158.0,158,True,False,,OlimpBase historical FIDE list,C:\chenxi\bazi_project\chess\Elo199401e.html,,160,"https://olimpbase.org/Elo/player/S/Stangl,%20Markus.html","Stangl, Markus",29 April 1969,1969-04-29,4600274,exact_anchor,1969-04-29,olimpbase_profile_confirms_1994_row,False,4600274,,,,,,1969-04-29,olimpbase_profile_confirms_1994_row,False,1969-04-29,primary_clean_upstream_exact,False,,,M,153,0.2086501895579418,0.691683569979716
1994-01,OlimpBase historical FIDE list,C:\chenxi\bazi_project\chess\Elo199401e.html,700126,"Tolnai, Tibor",g,HUN,M,,2540,81.0,1964-09-23,1964.09.23,True,,158,158.0,158.0,158,True,False,,OlimpBase historical FIDE list,C:\chenxi\bazi_project\chess\Elo199401e.html,,160,"https://olimpbase.org/Elo/player/T/Tolnai,%20Tibor.html","Tolnai, Tibor",23 September 1964,1964-09-23,700126,exact_anchor,1964-09-23,olimpbase_profile_confirms_1994_row,False,700126,Q2431599,1964-09-23,11,1964-09-23,agree,1964-09-23,olimpbase_profile_confirms_1994_row,False,1964-09-23,primary_clean_upstream_exact,False,,,M,153,0.2086501895579418,0.691683569979716
1994-01,OlimpBase historical FIDE list,C:\chenxi\bazi_project\chess\Elo199401e.html,7100019,"Adianto, Utut",g,INA,M,,2535,31.0,1965-03-16,1965.03.16,True,,179,179.0,169.0,169,True,False,,OlimpBase historical FIDE list,C:\chenxi\bazi_project\chess\Elo199401e.html,,171,"https://olimpbase.org/Elo/player/A/Adianto,%20Utut.html","Adianto, Utut",16 March 1965,1965-03-16,7100019,exact_anchor,1965-03-16,olimpbase_profile_confirms_1994_row,False,7100019,Q1350057,1965-03-16,11,1965-03-16,agree,1965-03-16,olimpbase_profile_confirms_1994_row,False,1965-03-16,primary_clean_upstream_exact,False,,,M,162,0.11365185440437034,0.6734279918864098
1994-01,OlimpBase historical FIDE list,C:\chenxi\bazi_project\chess\Elo199401e.html,13500139,"Aleksandrov, Aleksej",m,BLR,M,,2535,42.0,1973-05-11,1973.05.11,True,,174,174.0,169.0,169,True,False,,OlimpBase historical FIDE list,C:\chenxi\bazi_project\chess\Elo199401e.html,,171,"https://olimpbase.org/Elo/player/A/Aleksandrov,%20Aleksej.html","Aleksandrov, Aleksej",11 May 1973,1973-05-11,13500139,exact_anchor,1973-05-11,olimpbase_profile_confirms_1994_row,False,13500139,Q2034176,1973-05-11,11,1973-05-11,agree,1973-05-11,olimpbase_profile_confirms_1994_row,False,1973-05-11,primary_clean_upstream_exact,False,,,M,162,0.11365185440437034,0.6734279918864098
1994-01,OlimpBase historical FIDE list,C:\chenxi\bazi_project\chess\Elo199401e.html,4611268,"Boensch, Uwe",g,GER,M,,2535,38.0,1958-10-15,1958.10.15,True,,176,176.0,169.0,169,True,False,,OlimpBase historical FIDE list,C:\chenxi\bazi_project\chess\Elo199401e.html,,171,"https://olimpbase.org/Elo/player/B/Boensch,%20Uwe.html","Boensch, Uwe",15 October 1958,1958-10-15,4611268,exact_anchor,1958-10-15,olimpbase_profile_confirms_1994_row,False,4611268,Q90555,1958-10-15,11,1958-10-15,agree,1958-10-15,olimpbase_profile_confirms_1994_row,False,1958-10-15,primary_clean_upstream_exact,False,,,M,162,0.11365185440437034,0.6734279918864098
1994-01,OlimpBase historical FIDE list,C:\chenxi\bazi_project\chess\Elo199401e.html,4103050,"Budnikov, Alexandar",m,RUS,M,,2535,38.0,1967-01-26,1967.01.26,True,,176=,176.0,169.0,169,True,False,,OlimpBase historical FIDE list,C:\chenxi\bazi_project\chess\Elo199401e.html,,171,"https://olimpbase.org/Elo/player/B/Budnikov,%20Alexandar.html","Budnikov, Alexandar",26 January 1967,1967-01-26,4103050,exact_anchor,1967-01-26,olimpbase_profile_confirms_1994_row,False,4103050,Q27523929,1967-01-26,11,1967-01-26,agree,1967-01-26,olimpbase_profile_confirms_1994_row,False,1967-01-26,primary_clean_upstream_exact,False,,,M,162,0.11365185440437034,0.6734279918864098
1994-01,OlimpBase historical FIDE list,C:\chenxi\bazi_project\chess\Elo199401e.html,100013,"Campora, Daniel H.",g,ARG,M,,2535,24.0,1957-06-30,1957.06.30,True,,184,184.0,169.0,169,True,False,,OlimpBase historical FIDE list,C:\chenxi\bazi_project\chess\Elo199401e.html,,171,"https://olimpbase.org/Elo/player/C/Campora,%20Daniel%20H..html","Campora, Daniel H.",30 June 1957,1957-06-30,100013,exact_anchor,1957-06-30,olimpbase_profile_confirms_1994_row,False,100013,Q1160387,1957-06-30,11,1957-06-30,agree,1957-06-30,olimpbase_profile_confirms_1994_row,False,1957-06-30,primary_clean_upstream_exact,False,,,M,162,0.11365185440437034,0.6734279918864098
1994-01,OlimpBase historical FIDE list,C:\chenxi\bazi_project\chess\Elo199401e.html,4101332,"Gleizerov, Evgeny",g,RUS,M,,2535,56.0,1963-03-20,1963.03.20,True,,171,171.0,169.0,169,True,False,,OlimpBase historical FIDE list,C:\chenxi\bazi_project\chess\Elo199401e.html,,171,"https://olimpbase.org/Elo/player/G/Gleizerov,%20Evgeny.html","Gleizerov, Evgeny",20 March 1963,1963-03-20,4101332,exact_anchor,1963-03-20,olimpbase_profile_confirms_1994_row,False,4101332,Q2587450,1963-03-20,11,1963-03-20,agree,1963-03-20,olimpbase_profile_confirms_1994_row,False,1963-03-20,primary_clean_upstream_exact,False,,,M,162,0.11365185440437034,0.6734279918864098
1994-01,OlimpBase historical FIDE list,C:\chenxi\bazi_project\chess\Elo199401e.html,4600029,"Hort, Vlastimil",g,GER,M,,2535,6.0,1944-01-12,1944.01.12,True,,187,187.0,169.0,169,True,False,,OlimpBase historical FIDE list,C:\chenxi\bazi_project\chess\Elo199401e.html,,171,"https://olimpbase.org/Elo/player/H/Hort,%20Vlastimil.html","Hort, Vlastimil",12 January 1944,1944-01-12,4600029,exact_anchor,1944-01-12,olimpbase_profile_confirms_1994_row,False,4600029,Q61880,1944-01-12,11,1944-01-12,agree,1944-01-12,olimpbase_profile_confirms_1994_row,False,1944-01-12,primary_clean_upstream_exact,False,,,M,162,0.11365185440437034,0.6734279918864098
1994-01,OlimpBase historical FIDE list,C:\chenxi\bazi_project\chess\Elo199401e.html,700118,"Horvath, Csaba",g,HUN,M,,2535,39.0,1968-06-05,1968.06.05,True,,175,175.0,169.0,169,True,False,,OlimpBase historical FIDE list,C:\chenxi\bazi_project\chess\Elo199401e.html,,171,"https://olimpbase.org/Elo/player/H/Horvath,%20Csaba.html","Horvath, Csaba",5 June 1968,1968-06-05,700118,exact_anchor,1968-06-05,olimpbase_profile_confirms_1994_row,False,700118,Q1142618,1968-06-05,11,1968-06-05,agree,1968-06-05,olimpbase_profile_confirms_1994_row,False,1968-06-05,primary_clean_upstream_exact,False,,,M,162,0.11365185440437034,0.6734279918864098
1994-01,OlimpBase historical FIDE list,C:\chenxi\bazi_project\chess\Elo199401e.html,4100948,"Kharitonov, Andrei Y.",g,RUS,M,,2535,19.0,1959-04-04,1959.04.04,True,,186,186.0,169.0,169,True,False,,OlimpBase historical FIDE list,C:\chenxi\bazi_project\chess\Elo199401e.html,,171,"https://olimpbase.org/Elo/player/K/Kharitonov,%20Andrei%20Y..html","Kharitonov, Andrei Y.",4 April 1959,1959-04-04,4100948,exact_anchor,1959-04-04,olimpbase_profile_confirms_1994_row,False,4100948,Q4495896,1959-04-04,11,1959-04-04,agree,1959-04-04,olimpbase_profile_confirms_1994_row,False,1959-04-04,primary_clean_upstream_exact,False,,,M,162,0.11365185440437034,0.6734279918864098
1994-01,OlimpBase historical FIDE list,C:\chenxi\bazi_project\chess\Elo199401e.html,4102185,"Kharlov, Andrei",g,RUS,M,,2535,48.0,1968-11-20,1968.11.20,True,,173,173.0,169.0,169,True,False,,OlimpBase historical FIDE list,C:\chenxi\bazi_project\chess\Elo199401e.html,,171,"https://olimpbase.org/Elo/player/K/Kharlov,%20Andrei.html","Kharlov, Andrei",20 November 1968,1968-11-20,4102185,exact_anchor,1968-11-20,olimpbase_profile_confirms_1994_row,False,4102185,,,,,,1968-11-20,olimpbase_profile_confirms_1994_row,False,1968-11-20,primary_clean_upstream_exact,False,,,M,162,0.11365185440437034,0.6734279918864098
1994-01,OlimpBase historical FIDE list,C:\chenxi\bazi_project\chess\Elo199401e.html,4600053,"Kindermann, Stefan",g,GER,M,,2535,26.0,1959-12-28,1959.12.28,True,,183,183.0,169.0,169,True,False,,OlimpBase historical FIDE list,C:\chenxi\bazi_project\chess\Elo199401e.html,,171,"https://olimpbase.org/Elo/player/K/Kindermann,%20Stefan.html","Kindermann, Stefan",28 December 1959,1959-12-28,4600053,exact_anchor,1959-12-28,olimpbase_profile_confirms_1994_row,False,4600053,Q114505,1959-12-28,11,1959-12-28,agree,1959-12-28,olimpbase_profile_confirms_1994_row,False,1959-12-28,primary_clean_upstream_exact,False,,,M,162,0.11365185440437034,0.6734279918864098
1994-01,OlimpBase historical FIDE list,C:\chenxi\bazi_project\chess\Elo199401e.html,14101270,"Komarov, Dimitri",m,UKR,M,,2535,82.0,1968-12-01,1968.12.01,True,,169,169.0,169.0,169,True,False,,OlimpBase historical FIDE list,C:\chenxi\bazi_project\chess\Elo199401e.html,,171,"https://olimpbase.org/Elo/player/K/Komarov,%20Dimitri.html","Komarov, Dimitri",1 December 1968,1968-12-01,14101270,exact_anchor,1968-12-01,olimpbase_profile_confirms_1994_row,False,14101270,Q4229283,1968-12-01,11,1968-12-01,agree,1968-12-01,olimpbase_profile_confirms_1994_row,False,1968-12-01,primary_clean_upstream_exact,False,,,M,162,0.11365185440437034,0.6734279918864098
1994-01,OlimpBase historical FIDE list,C:\chenxi\bazi_project\chess\Elo199401e.html,11600047,"Lanka, Zigurds",g,LAT,M,,2535,75.0,1960-05-21,1960.05.21,True,,170,170.0,169.0,169,True,False,,OlimpBase historical FIDE list,C:\chenxi\bazi_project\chess\Elo199401e.html,,171,"https://olimpbase.org/Elo/player/L/Lanka,%20Zigurds.html","Lanka, Zigurds",21 May 1960,1960-05-21,11600047,exact_anchor,1960-05-21,olimpbase_profile_confirms_1994_row,False,11600047,Q202786,1960-05-21,11,1960-05-21,agree,1960-05-21,olimpbase_profile_confirms_1994_row,False,1960-05-21,primary_clean_upstream_exact,False,,,M,162,0.11365185440437034,0.6734279918864098
1994-01,OlimpBase historical FIDE list,C:\chenxi\bazi_project\chess\Elo199401e.html,4600134,"Lau, Ralf",g,GER,M,,2535,52.0,1959-10-19,1959.10.19,True,,172,172.0,169.0,169,True,False,,OlimpBase historical FIDE list,C:\chenxi\bazi_project\chess\Elo199401e.html,,171,"https://olimpbase.org/Elo/player/L/Lau,%20Ralf.html","Lau, Ralf",19 October 1959,1959-10-19,4600134,exact_anchor,1959-10-19,olimpbase_profile_confirms_1994_row,False,4600134,Q96227,1959-10-19,11,1959-10-19,agree,1959-10-19,olimpbase_profile_confirms_1994_row,False,1959-10-19,primary_clean_upstream_exact,False,,,M,162,0.11365185440437034,0.6734279918864098
1994-01,OlimpBase historical FIDE list,C:\chenxi\bazi_project\chess\Elo199401e.html,14100100,"Moskalenko, Viktor",g,UKR,M,,2535,31.0,1960-12-04,1960.12.04,True,,179=,179.0,169.0,169,True,False,,OlimpBase historical FIDE list,C:\chenxi\bazi_project\chess\Elo199401e.html,,171,"https://olimpbase.org/Elo/player/M/Moskalenko,%20Viktor.html","Moskalenko, Viktor",4 December 1960,1960-12-04,14100100,exact_anchor,1960-12-04,olimpbase_profile_confirms_1994_row,False,14100100,Q616042,1960-12-04,11,1960-12-04,agree,1960-12-04,olimpbase_profile_confirms_1994_row,False,1960-12-04,primary_clean_upstream_exact,False,,,M,162,0.11365185440437034,0.6734279918864098
1994-01,OlimpBase historical FIDE list,C:\chenxi\bazi_project\chess\Elo199401e.html,2300010,"Olafsson, Helgi",g,ISL,M,,2535,27.0,1956-08-15,1956.08.15,True,,182,182.0,169.0,169,True,False,,OlimpBase historical FIDE list,C:\chenxi\bazi_project\chess\Elo199401e.html,,171,"https://olimpbase.org/Elo/player/O/Olafsson,%20Helgi.html","Olafsson, Helgi",15 August 1956,1956-08-15,2300010,exact_anchor,1956-08-15,olimpbase_profile_confirms_1994_row,False,2300010,Q1397091,1956-08-15,11,1956-08-15,agree,1956-08-15,olimpbase_profile_confirms_1994_row,False,1956-08-15,primary_clean_upstream_exact,False,,,M,162,0.11365185440437034,0.6734279918864098
1994-01,OlimpBase historical FIDE list,C:\chenxi\bazi_project\chess\Elo199401e.html,14101025,"Onischuk, Alexander",m,UKR,M,,2535,38.0,,,True,,176=,176.0,169.0,169,True,False,,OlimpBase historical FIDE list,C:\chenxi\bazi_project\chess\Elo199401e.html,,171,"https://olimpbase.org/Elo/player/O/Onischuk,%20Alexander.html","Onischuk, Alexander",3 September 1975,1975-09-03,14101025,exact_anchor,1975-09-03,olimpbase_profile_fills_missing,False,14101025,Q378734,1975-09-03,11,1975-09-03,agree,1975-09-03,olimpbase_profile_fills_missing,False,1975-09-03,primary_clean_upstream_exact,False,,,M,162,0.11365185440437034,0.6734279918864098
1994-01,OlimpBase historical FIDE list,C:\chenxi\bazi_project\chess\Elo199401e.html,4100603,"Rashkovsky, Nukhim N.",g,RUS,M,,2535,29.0,1946-04-18,1946.04.18,True,,181,181.0,169.0,169,True,False,,OlimpBase historical FIDE list,C:\chenxi\bazi_project\chess\Elo199401e.html,,171,"https://olimpbase.org/Elo/player/R/Rashkovsky,%20Nukhim%20N..html","Rashkovsky, Nukhim N.",18 April 1946,1946-04-18,4100603,exact_anchor,1946-04-18,olimpbase_profile_confirms_1994_row,False,4100603,Q1749802,1946-04-18,11,1946-04-18,agree,1946-04-18,olimpbase_profile_confirms_1994_row,False,1946-04-18,primary_clean_upstream_exact,False,,,M,162,0.11365185440437034,0.6734279918864098
1994-01,OlimpBase historical FIDE list,C:\chenxi\bazi_project\chess\Elo199401e.html,13600052,"Ubilava, Elizbar",g,GEO,M,,2535,22.0,1950-08-27,1950.08.27,True,,185,185.0,169.0,169,True,False,,OlimpBase historical FIDE list,C:\chenxi\bazi_project\chess\Elo199401e.html,,171,"https://olimpbase.org/Elo/player/U/Ubilava,%20Elizbar.html","Ubilava, Elizbar",27 August 1950,1950-08-27,13600052,exact_anchor,1950-08-27,olimpbase_profile_confirms_1994_row,False,13600052,Q2563589,1950-08-27,11,1950-08-27,agree,1950-08-27,olimpbase_profile_confirms_1994_row,False,1950-08-27,primary_clean_upstream_exact,False,,,M,162,0.11365185440437034,0.6734279918864098
1994-01,OlimpBase historical FIDE list,C:\chenxi\bazi_project\chess\Elo199401e.html,4101146,"Arkhipov, Sergey",g,RUS,M,,2530,54.0,1954-06-23,1954.06.23,True,,189,189.0,188.0,188,True,False,,OlimpBase historical FIDE list,C:\chenxi\bazi_project\chess\Elo199401e.html,,190,"https://olimpbase.org/Elo/player/A/Arkhipov,%20Sergey.html","Arkhipov, Sergey",23 June 1954,1954-06-23,4101146,exact_anchor,1954-06-23,olimpbase_profile_confirms_1994_row,False,4101146,Q4070791,1954-06-23,11,1954-06-23,agree,1954-06-23,olimpbase_profile_confirms_1994_row,False,1954-06-23,primary_clean_upstream_exact,False,,,M,181,0.01865351925079889,0.6348884381338742
1994-01,OlimpBase historical FIDE list,C:\chenxi\bazi_project\chess\Elo199401e.html,6300014,"Atalik, Suat",m,TUR,M,,2530,43.0,1964-10-10,1964.10.10,True,,192,192.0,188.0,188,True,False,,OlimpBase historical FIDE list,C:\chenxi\bazi_project\chess\Elo199401e.html,,190,"https://olimpbase.org/Elo/player/A/Atalik,%20Suat.html","Atalik, Suat",10 October 1964,1964-10-10,14401487,exact_anchor,1964-10-10,olimpbase_profile_confirms_1994_row,False,14401487,Q1346942,1964-10-10,11,1964-10-10,agree,1964-10-10,olimpbase_profile_confirms_1994_row,False,1964-10-10,primary_clean_upstream_exact,False,,,M,181,0.01865351925079889,0.6348884381338742
1994-01,OlimpBase historical FIDE list,C:\chenxi\bazi_project\chess\Elo199401e.html,2800055,"Beim, Valery",m,ISR,M,,2530,33.0,1950-03-17,1950.03.17,True,,196,196.0,188.0,188,True,False,,OlimpBase historical FIDE list,C:\chenxi\bazi_project\chess\Elo199401e.html,,190,"https://olimpbase.org/Elo/player/B/Beim,%20Valery.html","Beim, Valery",17 March 1950,1950-03-17,1613782,exact_anchor,1950-03-17,olimpbase_profile_confirms_1994_row,False,1613782,Q356004,1950-03-17,11,1950-03-17,agree,1950-03-17,olimpbase_profile_confirms_1994_row,False,1950-03-17,primary_clean_upstream_exact,False,,,M,181,0.01865351925079889,0.6348884381338742
1994-01,OlimpBase historical FIDE list,C:\chenxi\bazi_project\chess\Elo199401e.html,4105109,"Burmakin, Vladimir",m,RUS,M,,2530,65.0,,,True,,188,188.0,188.0,188,True,False,,OlimpBase historical FIDE list,C:\chenxi\bazi_project\chess\Elo199401e.html,,190,"https://olimpbase.org/Elo/player/B/Burmakin,%20Vladimir.html","Burmakin, Vladimir",6 June 1967,1967-06-06,4105109,exact_anchor,1967-06-06,olimpbase_profile_fills_missing,False,4105109,Q489109,1967-06-06,11,1967-06-06,agree,1967-06-06,olimpbase_profile_fills_missing,False,1967-06-06,primary_clean_upstream_exact,False,,,M,181,0.01865351925079889,0.6348884381338742
1994-01,OlimpBase historical FIDE list,C:\chenxi\bazi_project\chess\Elo199401e.html,1201271,"Crisan, Alexandru",g,ROM,M,,2530,24.0,1962-07-31,1962.07.31,True,,203,203.0,188.0,188,True,False,,OlimpBase historical FIDE list,C:\chenxi\bazi_project\chess\Elo199401e.html,,190,"https://olimpbase.org/Elo/player/C/Crisan,%20Alexandru.html","Crisan, Alexandru",31 July 1962,1962-07-31,1201271,exact_anchor,1962-07-31,olimpbase_profile_confirms_1994_row,False,1201271,Q211194,1962-07-31,11,1962-07-31,agree,1962-07-31,olimpbase_profile_confirms_1994_row,False,1962-07-31,primary_clean_upstream_exact,False,,,M,181,0.01865351925079889,0.6348884381338742
1994-01,OlimpBase historical FIDE list,C:\chenxi\bazi_project\chess\Elo199401e.html,4600967,"Gabriel, Christian",m,GER,M,,2530,22.0,1975-03-03,1975.03.03,True,,204,204.0,188.0,188,True,False,,OlimpBase historical FIDE list,C:\chenxi\bazi_project\chess\Elo199401e.html,,190,"https://olimpbase.org/Elo/player/G/Gabriel,%20Christian.html","Gabriel, Christian",3 March 1975,1975-03-03,4600967,exact_anchor,1975-03-03,olimpbase_profile_confirms_1994_row,False,4600967,Q92507,1975-03-03,11,1975-03-03,agree,1975-03-03,olimpbase_profile_confirms_1994_row,False,1975-03-03,primary_clean_upstream_exact,False,,,M,181,0.01865351925079889,0.6348884381338742
1994-01,OlimpBase historical FIDE list,C:\chenxi\bazi_project\chess\Elo199401e.html,13600028,"Giorgadze, Tamaz",g,GEO,M,,2530,0.0,1947-11-09,1947.11.09,True,,208,208.0,188.0,188,True,False,,OlimpBase historical FIDE list,C:\chenxi\bazi_project\chess\Elo199401e.html,,190,"https://olimpbase.org/Elo/player/G/Giorgadze,%20Tamaz.html","Giorgadze, Tamaz",9 November 1947,1947-11-09,13600028,exact_anchor,1947-11-09,olimpbase_profile_confirms_1994_row,False,13600028,Q2391310,1947-11-09,11,1947-11-09,agree,1947-11-09,olimpbase_profile_confirms_1994_row,False,1947-11-09,primary_clean_upstream_exact,False,,,M,181,0.01865351925079889,0.6348884381338742
1994-01,OlimpBase historical FIDE list,C:\chenxi\bazi_project\chess\Elo199401e.html,400084,"Hebden, Mark",g,ENG,M,,2530,29.0,1958-02-15,1958.02.15,True,,199,199.0,188.0,188,True,False,,OlimpBase historical FIDE list,C:\chenxi\bazi_project\chess\Elo199401e.html,,190,"https://olimpbase.org/Elo/player/H/Hebden,%20Mark.html","Hebden, Mark",15 February 1958,1958-02-15,400084,exact_anchor,1958-02-15,olimpbase_profile_confirms_1994_row,False,400084,Q2155549,1958-02-15,11,1958-02-15,agree,1958-02-15,olimpbase_profile_confirms_1994_row,False,1958-02-15,primary_clean_upstream_exact,False,,,M,181,0.01865351925079889,0.6348884381338742
1994-01,OlimpBase historical FIDE list,C:\chenxi\bazi_project\chess\Elo199401e.html,14500060,"Hulak, Krunoslav",g,CRO,M,,2530,21.0,1951-05-25,1951.05.25,True,,205,205.0,188.0,188,True,False,,OlimpBase historical FIDE list,C:\chenxi\bazi_project\chess\Elo199401e.html,,190,"https://olimpbase.org/Elo/player/H/Hulak,%20Krunoslav.html","Hulak, Krunoslav",25 May 1951,1951-05-25,14500060,exact_anchor,1951-05-25,olimpbase_profile_confirms_1994_row,False,14500060,,,,,,1951-05-25,olimpbase_profile_confirms_1994_row,False,1951-05-25,primary_clean_upstream_exact,False,,,M,181,0.01865351925079889,0.6348884381338742
1994-01,OlimpBase historical FIDE list,C:\chenxi\bazi_project\chess\Elo199401e.html,900346,"Ilincic, Zlatko",m,YUG,M,,2530,51.0,1968-05-10,1968.05.10,True,,190,190.0,188.0,188,True,False,,OlimpBase historical FIDE list,C:\chenxi\bazi_project\chess\Elo199401e.html,,190,"https://olimpbase.org/Elo/player/I/Ilincic,%20Zlatko.html","Ilincic, Zlatko",10 May 1968,1968-05-10,900346,exact_anchor,1968-05-10,olimpbase_profile_confirms_1994_row,False,900346,Q4199277,1968-05-10,11,1968-05-10,agree,1968-05-10,olimpbase_profile_confirms_1994_row,False,1968-05-10,primary_clean_upstream_exact,False,,,M,181,0.01865351925079889,0.6348884381338742
1994-01,OlimpBase historical FIDE list,C:\chenxi\bazi_project\chess\Elo199401e.html,4611250,"Knaak, Rainer",g,GER,M,,2530,18.0,1953-03-16,1953.03.16,True,,206,206.0,188.0,188,True,False,,OlimpBase historical FIDE list,C:\chenxi\bazi_project\chess\Elo199401e.html,,190,"https://olimpbase.org/Elo/player/K/Knaak,%20Rainer.html","Knaak, Rainer",16 March 1953,1953-03-16,4611250,exact_anchor,1953-03-16,olimpbase_profile_confirms_1994_row,False,4611250,Q76254,1953-03-16,11,1953-03-16,agree,1953-03-16,olimpbase_profile_confirms_1994_row,False,1953-03-16,primary_clean_upstream_exact,False,,,M,181,0.01865351925079889,0.6348884381338742
1994-01,OlimpBase historical FIDE list,C:\chenxi\bazi_project\chess\Elo199401e.html,13500023,"Kovalev, Andrei",g,BLR,M,,2530,25.0,1961-11-07,1961.11.07,True,,201,201.0,188.0,188,True,False,,OlimpBase historical FIDE list,C:\chenxi\bazi_project\chess\Elo199401e.html,,190,"https://olimpbase.org/Elo/player/K/Kovalev,%20Andrei.html","Kovalev, Andrei",7 November 1961,1961-11-07,13500023,exact_anchor,1961-11-07,olimpbase_profile_confirms_1994_row,False,13500023,Q3917277,1961-11-07,11,1961-11-07,agree,1961-11-07,olimpbase_profile_confirms_1994_row,False,1961-11-07,primary_clean_upstream_exact,False,,,M,181,0.01865351925079889,0.6348884381338742
1994-01,OlimpBase historical FIDE list,C:\chenxi\bazi_project\chess\Elo199401e.html,4100417,"Machulsky, Anatoly D.",g,RUS,M,,2530,10.0,1956-09-24,1956.09.24,True,,207,207.0,188.0,188,True,False,,OlimpBase historical FIDE list,C:\chenxi\bazi_project\chess\Elo199401e.html,,190,"https://olimpbase.org/Elo/player/M/Machulsky,%20Anatoly%20D..html","Machulsky, Anatoly D.",24 September 1956,1956-09-24,4100417,exact_anchor,1956-09-24,olimpbase_profile_confirms_1994_row,False,4100417,,,,,,1956-09-24,olimpbase_profile_confirms_1994_row,False,1956-09-24,primary_clean_upstream_exact,False,,,M,181,0.01865351925079889,0.6348884381338742
1994-01,OlimpBase historical FIDE list,C:\chenxi\bazi_project\chess\Elo199401e.html,1200020,"Marin, Mihail",g,ROM,M,,2530,38.0,1965-04-21,1965.04.21,True,,193,193.0,188.0,188,True,False,,OlimpBase historical FIDE list,C:\chenxi\bazi_project\chess\Elo199401e.html,,190,"https://olimpbase.org/Elo/player/M/Marin,%20Mihail.html","Marin, Mihail",21 April 1965,1965-04-21,1200020,exact_anchor,1965-04-21,olimpbase_profile_confirms_1994_row,False,1200020,Q576461,1965-04-21,11,1965-04-21,agree,1965-04-21,olimpbase_profile_confirms_1994_row,False,1965-04-21,primary_clean_upstream_exact,False,,,M,181,0.01865351925079889,0.6348884381338742
1994-01,OlimpBase historical FIDE list,C:\chenxi\bazi_project\chess\Elo199401e.html,14100126,"Mikhalchishin, Adrian",g,UKR,M,,2530,35.0,1954-11-18,1954.11.18,True,,195,195.0,188.0,188,True,False,,OlimpBase historical FIDE list,C:\chenxi\bazi_project\chess\Elo199401e.html,,190,"https://olimpbase.org/Elo/player/M/Mikhalchishin,%20Adrian.html","Mihalcisin, Adrian",18 November 1954,1954-11-18,14602385,exact_anchor,1954-11-18,olimpbase_profile_confirms_1994_row,False,14602385,Q373570,1954-01-01;1954-11-18,9;11,1954-11-18,agree,1954-11-18,olimpbase_profile_confirms_1994_row,False,1954-11-18,primary_clean_upstream_exact,False,,,M,181,0.01865351925079889,0.6348884381338742
1994-01,OlimpBase historical FIDE list,C:\chenxi\bazi_project\chess\Elo199401e.html,14100150,"Neverov, Valeriy",g,UKR,M,,2530,38.0,1964-06-21,1964.06.21,True,,193=,193.0,188.0,188,True,False,,OlimpBase historical FIDE list,C:\chenxi\bazi_project\chess\Elo199401e.html,,190,"https://olimpbase.org/Elo/player/N/Neverov,%20Valeriy.html","Neverov, Valeriy",21 June 1964,1964-06-21,14100150,exact_anchor,1964-06-21,olimpbase_profile_confirms_1994_row,False,14100150,Q2350551,1964-06-21,11,1964-06-21,agree,1964-06-21,olimpbase_profile_confirms_1994_row,False,1964-06-21,primary_clean_upstream_exact,False,,,M,181,0.01865351925079889,0.6348884381338742
1994-01,OlimpBase historical FIDE list,C:\chenxi\bazi_project\chess\Elo199401e.html,1000063,"Nijboer, Friso",g,NED,M,,2530,25.0,1965-05-26,1965.05.26,True,,201=,201.0,188.0,188,True,False,,OlimpBase historical FIDE list,C:\chenxi\bazi_project\chess\Elo199401e.html,,190,"https://olimpbase.org/Elo/player/N/Nijboer,%20Friso.html","Nijboer, Friso",26 May 1965,1965-05-26,1000063,exact_anchor,1965-05-26,olimpbase_profile_confirms_1994_row,False,1000063,Q1379866,1965-05-26,11,1965-05-26,agree,1965-05-26,olimpbase_profile_confirms_1994_row,False,1965-05-26,primary_clean_upstream_exact,False,,,M,181,0.01865351925079889,0.6348884381338742
1994-01,OlimpBase historical FIDE list,C:\chenxi\bazi_project\chess\Elo199401e.html,4100310,"Smyslov, Vassily",g,RUS,M,,2530,27.0,1921-03-24,1921.03.24,True,,200,200.0,188.0,188,True,False,,OlimpBase historical FIDE list,C:\chenxi\bazi_project\chess\Elo199401e.html,,190,"https://olimpbase.org/Elo/player/S/Smyslov,%20Vassily.html","Smyslov, Vassily",24 March 1921,1921-03-24,4100310,exact_anchor,1921-03-24,olimpbase_profile_confirms_1994_row,False,4100310,,,,,,1921-03-24,olimpbase_profile_confirms_1994_row,False,1921-03-24,primary_clean_upstream_exact,False,,,M,181,0.01865351925079889,0.6348884381338742
1994-01,OlimpBase historical FIDE list,C:\chenxi\bazi_project\chess\Elo199401e.html,2100037,"Sunye Neto, Jaime",g,BRA,M,,2530,31.0,1957-05-02,1957.05.02,True,,197,197.0,188.0,188,True,False,,OlimpBase historical FIDE list,C:\chenxi\bazi_project\chess\Elo199401e.html,,190,"https://olimpbase.org/Elo/player/S/Sunye%20Neto,%20Jaime.html","Sunye Neto, Jaime",2 May 1957,1957-05-02,2100037,exact_anchor,1957-05-02,olimpbase_profile_confirms_1994_row,False,2100037,Q2563529,1957-05-02,11,1957-05-02,agree,1957-05-02,olimpbase_profile_confirms_1994_row,False,1957-05-02,primary_clean_upstream_exact,False,,,M,181,0.01865351925079889,0.6348884381338742
1994-01,OlimpBase historical FIDE list,C:\chenxi\bazi_project\chess\Elo199401e.html,4100654,"Yakovich, Yuri",g,RUS,M,,2530,44.0,1962-11-30,1962.11.30,True,,191,191.0,188.0,188,True,False,,OlimpBase historical FIDE list,C:\chenxi\bazi_project\chess\Elo199401e.html,,190,"https://olimpbase.org/Elo/player/Y/Yakovich,%20Yuri.html","Yakovich, Yuri",30 November 1962,1962-11-30,4100654,exact_anchor,1962-11-30,olimpbase_profile_confirms_1994_row,False,4100654,Q4536812,1962-11-30,11,1962-11-30,agree,1962-11-30,olimpbase_profile_confirms_1994_row,False,1962-11-30,primary_clean_upstream_exact,False,,,M,181,0.01865351925079889,0.6348884381338742
1994-01,OlimpBase historical FIDE list,C:\chenxi\bazi_project\chess\Elo199401e.html,13600109,"Zaichik, Gennadi",g,GEO,M,,2530,30.0,1957-02-11,1957.02.11,True,,198,198.0,188.0,188,True,False,,OlimpBase historical FIDE list,C:\chenxi\bazi_project\chess\Elo199401e.html,,190,"https://olimpbase.org/Elo/player/Z/Zaichik,%20Gennadi.html","Zaichik, Gennadi",11 February 1957,1957-02-11,13600109,exact_anchor,1957-02-11,olimpbase_profile_confirms_1994_row,False,13600109,Q4184534,1957-02-11,11,1957-02-11,agree,1957-02-11,olimpbase_profile_confirms_1994_row,False,1957-02-11,primary_clean_upstream_exact,False,,,M,181,0.01865351925079889,0.6348884381338742
1994-01,OlimpBase historical FIDE list,C:\chenxi\bazi_project\chess\Elo199401e.html,11600063,"Bagirov, Vladimir",g,LAT,M,,2525,52.0,1936-08-16,1936.08.16,True,,215,215.0,209.0,209,True,False,,OlimpBase historical FIDE list,C:\chenxi\bazi_project\chess\Elo199401e.html,,211,"https://olimpbase.org/Elo/player/B/Bagirov,%20Vladimir.html","Bagirov, Vladimir",16 August 1936,1936-08-16,11600063,exact_anchor,1936-08-16,olimpbase_profile_confirms_1994_row,False,11600063,,,,,,1936-08-16,olimpbase_profile_confirms_1994_row,False,1936-08-16,primary_clean_upstream_exact,False,,,M,202,-0.07634481590277256,0.592292089249493
1994-01,OlimpBase historical FIDE list,C:\chenxi\bazi_project\chess\Elo199401e.html,300047,"Blatny, Pavel",g,CZE,M,,2525,32.0,1968-06-22,1968.06.22,True,,222,222.0,209.0,209,True,False,,OlimpBase historical FIDE list,C:\chenxi\bazi_project\chess\Elo199401e.html,,211,"https://olimpbase.org/Elo/player/B/Blatny,%20Pavel.html","Blatny, Pavel",22 June 1968,1968-06-22,300047,exact_anchor,1968-06-22,olimpbase_profile_confirms_1994_row,False,300047,Q363211,1968-06-22,11,1968-06-22,agree,1968-06-22,olimpbase_profile_confirms_1994_row,False,1968-06-22,primary_clean_upstream_exact,False,,,M,202,-0.07634481590277256,0.592292089249493
1994-01,OlimpBase historical FIDE list,C:\chenxi\bazi_project\chess\Elo199401e.html,404420,"Davies, Nigel R.",g,ENG,M,,2525,62.0,1960-07-31,1960.07.31,True,,211,211.0,209.0,209,True,False,,OlimpBase historical FIDE list,C:\chenxi\bazi_project\chess\Elo199401e.html,,211,"https://olimpbase.org/Elo/player/D/Davies,%20Nigel%20R..html","Davies, Nigel R.",31 July 1960,1960-07-31,404420,exact_anchor,1960-07-31,olimpbase_profile_confirms_1994_row,False,404420,Q1384750,1960-07-31,11,1960-07-31,agree,1960-07-31,olimpbase_profile_confirms_1994_row,False,1960-07-31,primary_clean_upstream_exact,False,,,M,202,-0.07634481590277256,0.592292089249493
1994-01,OlimpBase historical FIDE list,C:\chenxi\bazi_project\chess\Elo199401e.html,400254,"Emms, John M.",m,ENG,M,,2525,42.0,1967-03-14,1967.03.14,True,,219,219.0,209.0,209,True,False,,OlimpBase historical FIDE list,C:\chenxi\bazi_project\chess\Elo199401e.html,,211,"https://olimpbase.org/Elo/player/E/Emms,%20John%20M..html","Emms, John M.",14 March 1967,1967-03-14,400254,exact_anchor,1967-03-14,olimpbase_profile_confirms_1994_row,False,400254,Q2469515,1967-03-14,11,1967-03-14,agree,1967-03-14,olimpbase_profile_confirms_1994_row,False,1967-03-14,primary_clean_upstream_exact,False,,,M,202,-0.07634481590277256,0.592292089249493
1994-01,OlimpBase historical FIDE list,C:\chenxi\bazi_project\chess\Elo199401e.html,2000377,"Fishbein, Alexander",g,USA,M,,2525,7.0,1968-05-08,1968.05.08,True,,234,234.0,209.0,209,True,False,,OlimpBase historical FIDE list,C:\chenxi\bazi_project\chess\Elo199401e.html,,211,"https://olimpbase.org/Elo/player/F/Fishbein,%20Alexander.html","Fishbein, Alexander",8 May 1968,1968-05-08,2000377,exact_anchor,1968-05-08,olimpbase_profile_confirms_1994_row,False,2000377,Q488452,1968-01-01;1968-05-08,9;11,1968-05-08,agree,1968-05-08,olimpbase_profile_confirms_1994_row,False,1968-05-08,primary_clean_upstream_exact,False,,,M,202,-0.07634481590277256,0.592292089249493
1994-01,OlimpBase historical FIDE list,C:\chenxi\bazi_project\chess\Elo199401e.html,400165,"Flear, Glenn C.",g,ENG,M,,2525,62.0,1959-02-12,1959.02.12,True,,211=,211.0,209.0,209,True,False,,OlimpBase historical FIDE list,C:\chenxi\bazi_project\chess\Elo199401e.html,,211,"https://olimpbase.org/Elo/player/F/Flear,%20Glenn%20C..html","Flear, Glenn C.",12 February 1959,1959-02-12,400165,exact_anchor,1959-02-12,olimpbase_profile_confirms_1994_row,False,400165,Q329246,1959-02-12,11,1959-02-12,agree,1959-02-12,olimpbase_profile_confirms_1994_row,False,1959-02-12,primary_clean_upstream_exact,False,,,M,202,-0.07634481590277256,0.592292089249493
1994-01,OlimpBase historical FIDE list,C:\chenxi\bazi_project\chess\Elo199401e.html,14100134,"Frolov, Artur",m,UKR,M,,2525,36.0,1970-07-30,1970.07.30,True,,221,221.0,209.0,209,True,False,,OlimpBase historical FIDE list,C:\chenxi\bazi_project\chess\Elo199401e.html,,211,"https://olimpbase.org/Elo/player/F/Frolov,%20Artur.html","Frolov, Artur",30 July 1970,1970-07-30,14100134,exact_anchor,1970-07-30,olimpbase_profile_confirms_1994_row,False,14100134,Q15063074,1970-07-30,11,1970-07-30,agree,1970-07-30,olimpbase_profile_confirms_1994_row,False,1970-07-30,primary_clean_upstream_exact,False,,,M,202,-0.07634481590277256,0.592292089249493
1994-01,OlimpBase historical FIDE list,C:\chenxi\bazi_project\chess\Elo199401e.html,4400020,"Garcia, Gildardo",g,COL,M,,2525,39.0,1954-03-09,1954.03.09,True,,220,220.0,209.0,209,True,False,,OlimpBase historical FIDE list,C:\chenxi\bazi_project\chess\Elo199401e.html,,211,"https://olimpbase.org/Elo/player/G/Garcia,%20Gildardo.html","Garcia, Gildardo",9 March 1954,1954-03-09,4400020,exact_anchor,1954-03-09,olimpbase_profile_confirms_1994_row,False,4400020,,,,,,1954-03-09,olimpbase_profile_confirms_1994_row,False,1954-03-09,primary_clean_upstream_exact,False,,,M,202,-0.07634481590277256,0.592292089249493
1994-01,OlimpBase historical FIDE list,C:\chenxi\bazi_project\chess\Elo199401e.html,2801574,"Gofshtein, Leonid D.",g,ISR,M,,2525,53.0,1953-04-21,1953.04.21,True,,214,214.0,209.0,209,True,False,,OlimpBase historical FIDE list,C:\chenxi\bazi_project\chess\Elo199401e.html,,211,"https://olimpbase.org/Elo/player/G/Gofshtein,%20Leonid%20D..html","Gofshtein, Zeev-Alon",21 April 1953,1953-04-21,2801574,exact_anchor,1953-04-21,olimpbase_profile_confirms_1994_row,False,2801574,,,,,,1953-04-21,olimpbase_profile_confirms_1994_row,False,1953-04-21,primary_clean_upstream_exact,False,,,M,202,-0.07634481590277256,0.592292089249493
1994-01,OlimpBase historical FIDE list,C:\chenxi\bazi_project\chess\Elo199401e.html,700053,"Groszpeter, Attila",g,HUN,M,,2525,30.0,1960-06-09,1960.06.09,True,,225,225.0,209.0,209,True,False,,OlimpBase historical FIDE list,C:\chenxi\bazi_project\chess\Elo199401e.html,,211,"https://olimpbase.org/Elo/player/G/Groszpeter,%20Attila.html","Groszpeter, Attila",9 June 1960,1960-06-09,700053,exact_anchor,1960-06-09,olimpbase_profile_confirms_1994_row,False,700053,Q250157,1960-06-09,11,1960-06-09,agree,1960-06-09,olimpbase_profile_confirms_1994_row,False,1960-06-09,primary_clean_upstream_exact,False,,,M,202,-0.07634481590277256,0.592292089249493
1994-01,OlimpBase historical FIDE list,C:\chenxi\bazi_project\chess\Elo199401e.html,4102878,"Ibragimov, Ildar",g,RUS,M,,2525,65.0,1967-08-16,1967.08.16,True,,210,210.0,209.0,209,True,False,,OlimpBase historical FIDE list,C:\chenxi\bazi_project\chess\Elo199401e.html,,211,"https://olimpbase.org/Elo/player/I/Ibragimov,%20Ildar.html","Ibragimov, Ildar",16 August 1967,1967-08-16,4102878,exact_anchor,1967-08-16,olimpbase_profile_confirms_1994_row,False,4102878,Q2076172,1967-08-16,11,1967-08-16,agree,1967-08-16,olimpbase_profile_confirms_1994_row,False,1967-08-16,primary_clean_upstream_exact,False,,,M,202,-0.07634481590277256,0.592292089249493
1994-01,OlimpBase historical FIDE list,C:\chenxi\bazi_project\chess\Elo199401e.html,4100794,"Kuzmin, Alexey",m,RUS,M,,2525,22.0,1963-03-08,1963.03.08,True,,227,227.0,209.0,209,True,False,,OlimpBase historical FIDE list,C:\chenxi\bazi_project\chess\Elo199401e.html,,211,"https://olimpbase.org/Elo/player/K/Kuzmin,%20Alexey.html","Kuzmin, Alexey",8 March 1963,1963-03-08,4100794,exact_anchor,1963-03-08,olimpbase_profile_confirms_1994_row,False,4100794,Q4245326,1963-03-08,11,1963-03-08,agree,1963-03-08,olimpbase_profile_confirms_1994_row,False,1963-03-08,primary_clean_upstream_exact,False,,,M,202,-0.07634481590277256,0.592292089249493
1994-01,OlimpBase historical FIDE list,C:\chenxi\bazi_project\chess\Elo199401e.html,14100312,"Legky, Nikolay A.",m,UKR,M,,2525,57.0,1955-04-11,1955.04.11,True,,213,213.0,209.0,209,True,False,,OlimpBase historical FIDE list,C:\chenxi\bazi_project\chess\Elo199401e.html,,211,"https://olimpbase.org/Elo/player/L/Legky,%20Nikolay%20A..html","Legky, Nikolay A.",11 April 1955,1955-04-11,14100312,exact_anchor,1955-04-11,olimpbase_profile_confirms_1994_row,False,14100312,Q4273052,1955-04-11,11,1955-04-11,agree,1955-04-11,olimpbase_profile_confirms_1994_row,False,1955-04-11,primary_clean_upstream_exact,False,,,M,202,-0.07634481590277256,0.592292089249493
1994-01,OlimpBase historical FIDE list,C:\chenxi\bazi_project\chess\Elo199401e.html,13400142,"Magerramov, Elmar",g,AZE,M,,2525,14.0,1958-04-10,1958.04.10,True,,230,230.0,209.0,209,True,False,,OlimpBase historical FIDE list,C:\chenxi\bazi_project\chess\Elo199401e.html,,211,"https://olimpbase.org/Elo/player/M/Magerramov,%20Elmar.html","Magerramov, Elmar",10 April 1958,1958-04-10,13400142,exact_anchor,1958-04-10,olimpbase_profile_confirms_1994_row,False,13400142,Q1332823,1958-04-10,11,1958-04-10,agree,1958-04-10,olimpbase_profile_confirms_1994_row,False,1958-04-10,primary_clean_upstream_exact,False,,,M,202,-0.07634481590277256,0.592292089249493
1994-01,OlimpBase historical FIDE list,C:\chenxi\bazi_project\chess\Elo199401e.html,4101103,"Makarov, Marat",g,RUS,M,,2525,10.0,1963-05-07,1963.05.07,True,,231=,231.0,209.0,209,True,False,,OlimpBase historical FIDE list,C:\chenxi\bazi_project\chess\Elo199401e.html,,211,"https://olimpbase.org/Elo/player/M/Makarov,%20Marat.html","Makarov, Marat",7 May 1963,1963-05-07,4101103,exact_anchor,1963-05-07,olimpbase_profile_confirms_1994_row,False,4101103,Q1892307,1963-05-07,11,1963-05-07,agree,1963-05-07,olimpbase_profile_confirms_1994_row,False,1963-05-07,primary_clean_upstream_exact,False,,,M,202,-0.07634481590277256,0.592292089249493
1994-01,OlimpBase historical FIDE list,C:\chenxi\bazi_project\chess\Elo199401e.html,12800031,"Malisauskas, Vidmantas",g,LTU,M,,2525,31.0,1963-08-04,1963.08.04,True,,224,224.0,209.0,209,True,False,,OlimpBase historical FIDE list,C:\chenxi\bazi_project\chess\Elo199401e.html,,211,"https://olimpbase.org/Elo/player/M/Malisauskas,%20Vidmantas.html","Malisauskas, Vidmantas",4 August 1963,1963-08-04,12800031,exact_anchor,1963-08-04,olimpbase_profile_confirms_1994_row,False,12800031,Q2353702,1963-08-04,11,1963-08-04,agree,1963-08-04,olimpbase_profile_confirms_1994_row,False,1963-08-04,primary_clean_upstream_exact,False,,,M,202,-0.07634481590277256,0.592292089249493
1994-01,OlimpBase historical FIDE list,C:\chenxi\bazi_project\chess\Elo199401e.html,600067,"Murrey, Jacob",g,FRA,M,,2525,21.0,1941-08-02,1941.08.02,True,,228,228.0,209.0,209,True,False,,OlimpBase historical FIDE list,C:\chenxi\bazi_project\chess\Elo199401e.html,,211,"https://olimpbase.org/Elo/player/M/Murrey,%20Jacob.html","Murey, Jacob",2 August 1941,1941-08-02,2803585,exact_anchor,1941-08-02,olimpbase_profile_confirms_1994_row,False,2803585,Q716593,1941-08-02,11,1941-08-02,agree,1941-08-02,olimpbase_profile_confirms_1994_row,False,1941-08-02,primary_clean_upstream_exact,False,,,M,202,-0.07634481590277256,0.592292089249493
1994-01,OlimpBase historical FIDE list,C:\chenxi\bazi_project\chess\Elo199401e.html,400106,"Norwood, David",g,ENG,M,,2525,10.0,1968-10-03,1968.10.03,True,,231,231.0,209.0,209,True,False,,OlimpBase historical FIDE list,C:\chenxi\bazi_project\chess\Elo199401e.html,,211,"https://olimpbase.org/Elo/player/N/Norwood,%20David.html","Norwood, David",3 October 1968,1968-10-03,400106,exact_anchor,1968-10-03,olimpbase_profile_confirms_1994_row,False,400106,Q5238094,1968-10-03,11,1968-10-03,agree,1968-10-03,olimpbase_profile_confirms_1994_row,False,1968-10-03,primary_clean_upstream_exact,False,,,M,202,-0.07634481590277256,0.592292089249493
1994-01,OlimpBase historical FIDE list,C:\chenxi\bazi_project\chess\Elo199401e.html,900109,"Popovic, Petar",g,YUG,M,,2525,9.0,1959-02-14,1959.02.14,True,,233,233.0,209.0,209,True,False,,OlimpBase historical FIDE list,C:\chenxi\bazi_project\chess\Elo199401e.html,,211,"https://olimpbase.org/Elo/player/P/Popovic,%20Petar.html","Popovic, Petar",14 February 1959,1959-02-14,900109,exact_anchor,1959-02-14,olimpbase_profile_confirms_1994_row,False,900109,Q1376916,1959-02-14,11,1959-02-14,agree,1959-02-14,olimpbase_profile_confirms_1994_row,False,1959-02-14,primary_clean_upstream_exact,False,,,M,202,-0.07634481590277256,0.592292089249493
1994-01,OlimpBase historical FIDE list,C:\chenxi\bazi_project\chess\Elo199401e.html,4113624,"Shipov, Sergei",m,RUS,M,,2525,32.0,1966-04-17,1966.04.17,True,,222=,222.0,209.0,209,True,False,,OlimpBase historical FIDE list,C:\chenxi\bazi_project\chess\Elo199401e.html,,211,"https://olimpbase.org/Elo/player/S/Shipov,%20Sergei.html","Shipov, Sergei",17 April 1966,1966-04-17,4113624,exact_anchor,1966-04-17,olimpbase_profile_confirms_1994_row,False,4113624,Q2664019,1966-04-17,11,1966-04-17,agree,1966-04-17,olimpbase_profile_confirms_1994_row,False,1966-04-17,primary_clean_upstream_exact,False,,,M,202,-0.07634481590277256,0.592292089249493
1994-01,OlimpBase historical FIDE list,C:\chenxi\bazi_project\chess\Elo199401e.html,4200020,"Skembris, Spyridon",g,GRE,M,,2525,68.0,1958-02-22,1958.02.22,True,,209,209.0,209.0,209,True,False,,OlimpBase historical FIDE list,C:\chenxi\bazi_project\chess\Elo199401e.html,,211,"https://olimpbase.org/Elo/player/S/Skembris,%20Spyridon.html","Skembris, Spyridon",22 February 1958,1958-02-22,4200020,exact_anchor,1958-02-22,olimpbase_profile_confirms_1994_row,False,4200020,Q3657148,1958-02-22,11,1958-02-22,agree,1958-02-22,olimpbase_profile_confirms_1994_row,False,1958-02-22,primary_clean_upstream_exact,False,,,M,202,-0.07634481590277256,0.592292089249493
1994-01,OlimpBase historical FIDE list,C:\chenxi\bazi_project\chess\Elo199401e.html,4102266,"Solozhenkin, Evgeniy",g,RUS,M,,2525,48.0,1966-07-31,1966.07.31,True,,217,217.0,209.0,209,True,False,,OlimpBase historical FIDE list,C:\chenxi\bazi_project\chess\Elo199401e.html,,211,"https://olimpbase.org/Elo/player/S/Solozhenkin,%20Evgeniy.html","Solozhenkin, Evgeniy",31 July 1966,1966-07-31,4102266,exact_anchor,1966-07-31,olimpbase_profile_confirms_1994_row,False,4102266,Q976715,1966-07-31,11,1966-07-31,agree,1966-07-31,olimpbase_profile_confirms_1994_row,False,1966-07-31,primary_clean_upstream_exact,False,,,M,202,-0.07634481590277256,0.592292089249493
1994-01,OlimpBase historical FIDE list,C:\chenxi\bazi_project\chess\Elo199401e.html,1000039,"Sosonko, Gennadi",g,NED,M,,2525,30.0,1943-05-18,1943.05.18,True,,225=,225.0,209.0,209,True,False,,OlimpBase historical FIDE list,C:\chenxi\bazi_project\chess\Elo199401e.html,,211,"https://olimpbase.org/Elo/player/S/Sosonko,%20Gennadi.html","Sosonko, Gennadi",18 May 1943,1943-05-18,1000039,exact_anchor,1943-05-18,olimpbase_profile_confirms_1994_row,False,1000039,Q961633,1943-05-18,11,1943-05-18,agree,1943-05-18,olimpbase_profile_confirms_1994_row,False,1943-05-18,primary_clean_upstream_exact,False,,,M,202,-0.07634481590277256,0.592292089249493
1994-01,OlimpBase historical FIDE list,C:\chenxi\bazi_project\chess\Elo199401e.html,2300087,"Stefansson, Hannes",g,ISL,M,,2525,50.0,1972-02-18,1972.02.18,True,,216,216.0,209.0,209,True,False,,OlimpBase historical FIDE list,C:\chenxi\bazi_project\chess\Elo199401e.html,,211,"https://olimpbase.org/Elo/player/S/Stefansson,%20Hannes.html","Stefansson, Hannes",18 July 1972,1972-07-18,2300087,exact_anchor,1972-07-18,olimpbase_profile_corrects_1994_row,False,2300087,Q2744238,1972-07-18,11,1972-07-18,agree,1972-07-18,olimpbase_profile_corrects_1994_row,False,1972-07-18,primary_clean_upstream_exact,False,,,M,202,-0.07634481590277256,0.592292089249493
1994-01,OlimpBase historical FIDE list,C:\chenxi\bazi_project\chess\Elo199401e.html,1203363,"Suba, Mihai",g,ROM,M,,2525,44.0,1947-06-01,1947.06.01,True,,218,218.0,209.0,209,True,False,,OlimpBase historical FIDE list,C:\chenxi\bazi_project\chess\Elo199401e.html,,211,"https://olimpbase.org/Elo/player/S/Suba,%20Mihai.html","Suba, Mihai",1 June 1947,1947-06-01,1203363,exact_anchor,1947-06-01,olimpbase_profile_confirms_1994_row,False,1203363,Q1367139,1947-06-01,11,1947-06-01,agree,1947-06-01,olimpbase_profile_confirms_1994_row,False,1947-06-01,primary_clean_upstream_exact,False,,,M,202,-0.07634481590277256,0.592292089249493
1994-01,OlimpBase historical FIDE list,C:\chenxi\bazi_project\chess\Elo199401e.html,400157,"Watson, William N.",g,ENG,M,,2525,20.0,1962-04-18,1962.04.18,True,,229,229.0,209.0,209,True,False,,OlimpBase historical FIDE list,C:\chenxi\bazi_project\chess\Elo199401e.html,,211,"https://olimpbase.org/Elo/player/W/Watson,%20William%20N..html","Watson, William N.",18 April 1962,1962-04-18,400157,exact_anchor,1962-04-18,olimpbase_profile_confirms_1994_row,False,400157,Q484932,1962-04-18,11,1962-04-18,agree,1962-04-18,olimpbase_profile_confirms_1994_row,False,1962-04-18,primary_clean_upstream_exact,False,,,M,202,-0.07634481590277256,0.592292089249493
1994-01,OlimpBase historical FIDE list,C:\chenxi\bazi_project\chess\Elo199401e.html,2300036,"Arnason, Jon L.",g,ISL,M,,2520,33.0,1960-11-13,1960.11.13,True,,241,241.0,235.0,235,True,False,,OlimpBase historical FIDE list,C:\chenxi\bazi_project\chess\Elo199401e.html,,237,"https://olimpbase.org/Elo/player/A/Arnason,%20Jon%20L..html","Arnason, Jon L.",13 November 1960,1960-11-13,2300036,exact_anchor,1960-11-13,olimpbase_profile_confirms_1994_row,False,2300036,Q2078617,1960-11-13,11,1960-11-13,agree,1960-11-13,olimpbase_profile_confirms_1994_row,False,1960-11-13,primary_clean_upstream_exact,False,,,M,228,-0.171343151056344,0.539553752535497
1994-01,OlimpBase historical FIDE list,C:\chenxi\bazi_project\chess\Elo199401e.html,4101154,"Baburin, Aleksandar",m,RUS,M,,2520,32.0,1967-02-19,1967.02.19,True,,242=,242.0,235.0,235,True,False,,OlimpBase historical FIDE list,C:\chenxi\bazi_project\chess\Elo199401e.html,,237,"https://olimpbase.org/Elo/player/B/Baburin,%20Aleksandar.html","Baburin, Alexander",19 February 1967,1967-02-19,2500914,exact_anchor,1967-02-19,olimpbase_profile_confirms_1994_row,False,2500914,Q1398323,1967-02-19,11,1967-02-19,agree,1967-02-19,olimpbase_profile_confirms_1994_row,False,1967-02-19,primary_clean_upstream_exact,False,,,M,228,-0.171343151056344,0.539553752535497
1994-01,OlimpBase historical FIDE list,C:\chenxi\bazi_project\chess\Elo199401e.html,14500094,"Cebalo, Miso",g,CRO,M,,2520,44.0,1945-02-06,1945.02.06,True,,237,237.0,235.0,235,True,False,,OlimpBase historical FIDE list,C:\chenxi\bazi_project\chess\Elo199401e.html,,237,"https://olimpbase.org/Elo/player/C/Cebalo,%20Miso.html","Cebalo, Miso",6 February 1945,1945-02-06,14500094,exact_anchor,1945-02-06,olimpbase_profile_confirms_1994_row,False,14500094,,,,,,1945-02-06,olimpbase_profile_confirms_1994_row,False,1945-02-06,primary_clean_upstream_exact,False,,,M,228,-0.171343151056344,0.539553752535497
1994-01,OlimpBase historical FIDE list,C:\chenxi\bazi_project\chess\Elo199401e.html,2000083,"Fedorowicz, John P.",g,USA,M,,2520,18.0,1958-09-27,1958.09.27,True,,251=,251.0,235.0,235,True,False,,OlimpBase historical FIDE list,C:\chenxi\bazi_project\chess\Elo199401e.html,,237,"https://olimpbase.org/Elo/player/F/Fedorowicz,%20John%20P..html","Fedorowicz, John P.",27 September 1958,1958-09-27,2000083,exact_anchor,1958-09-27,olimpbase_profile_confirms_1994_row,False,2000083,Q1359706,1958-09-27,11,1958-09-27,agree,1958-09-27,olimpbase_profile_confirms_1994_row,False,1958-09-27,primary_clean_upstream_exact,False,,,M,228,-0.171343151056344,0.539553752535497
1994-01,OlimpBase historical FIDE list,C:\chenxi\bazi_project\chess\Elo199401e.html,1700057,"Karlsson, Lars",g,SWE,M,,2520,29.0,1955-07-11,1955.07.11,True,,245=,245.0,235.0,235,True,False,,OlimpBase historical FIDE list,C:\chenxi\bazi_project\chess\Elo199401e.html,,237,"https://olimpbase.org/Elo/player/K/Karlsson,%20Lars.html","Karlsson, Lars",11 July 1955,1955-07-11,1700057,exact_anchor,1955-07-11,olimpbase_profile_confirms_1994_row,False,1700057,Q768198,1955-07-11,11,1955-07-11,agree,1955-07-11,olimpbase_profile_confirms_1994_row,False,1955-07-11,primary_clean_upstream_exact,False,,,M,228,-0.171343151056344,0.539553752535497
1994-01,OlimpBase historical FIDE list,C:\chenxi\bazi_project\chess\Elo199401e.html,2800080,"Kosashvili, Yona",g,ISR,M,,2520,24.0,1970-07-03,1970.07.03,True,,247,247.0,235.0,235,True,False,,OlimpBase historical FIDE list,C:\chenxi\bazi_project\chess\Elo199401e.html,,237,"https://olimpbase.org/Elo/player/K/Kosashvili,%20Yona.html","Kosashvili, Yona",3 July 1970,1970-07-03,2800080,exact_anchor,1970-07-03,olimpbase_profile_confirms_1994_row,False,2800080,Q2007272,1970-07-03,11,1970-07-03,agree,1970-07-03,olimpbase_profile_confirms_1994_row,False,1970-07-03,primary_clean_upstream_exact,False,,,M,228,-0.171343151056344,0.539553752535497
1994-01,OlimpBase historical FIDE list,C:\chenxi\bazi_project\chess\Elo199401e.html,4100999,"Kuporosov, Viktor",m,RUS,M,,2520,23.0,1961-09-26,1961.09.26,True,,248,248.0,235.0,235,True,False,,OlimpBase historical FIDE list,C:\chenxi\bazi_project\chess\Elo199401e.html,,237,"https://olimpbase.org/Elo/player/K/Kuporosov,%20Viktor.html","Kuporosov, Viktor",26 September 1961,1961-09-26,4100999,exact_anchor,1961-09-26,olimpbase_profile_confirms_1994_row,False,4100999,Q15070782,1961-09-26,11,1961-09-26,agree,1961-09-26,olimpbase_profile_confirms_1994_row,False,1961-09-26,primary_clean_upstream_exact,False,,,M,228,-0.171343151056344,0.539553752535497
1994-01,OlimpBase historical FIDE list,C:\chenxi\bazi_project\chess\Elo199401e.html,12800040,"Kveinys, Aloyzas",g,LTU,M,,2520,32.0,1962-07-09,1962.07.09,True,,242,242.0,235.0,235,True,False,,OlimpBase historical FIDE list,C:\chenxi\bazi_project\chess\Elo199401e.html,,237,"https://olimpbase.org/Elo/player/K/Kveinys,%20Aloyzas.html","Kveinys, Aloyzas",9 July 1962,1962-07-09,12800040,exact_anchor,1962-07-09,olimpbase_profile_confirms_1994_row,False,12800040,,,,,,1962-07-09,olimpbase_profile_confirms_1994_row,False,1962-07-09,primary_clean_upstream_exact,False,,,M,228,-0.171343151056344,0.539553752535497
1994-01,OlimpBase historical FIDE list,C:\chenxi\bazi_project\chess\Elo199401e.html,14500108,"Lalic, Bogdan",g,CRO,M,,2520,43.0,1964-03-08,1964.03.08,True,,239,239.0,235.0,235,True,False,,OlimpBase historical FIDE list,C:\chenxi\bazi_project\chess\Elo199401e.html,,237,"https://olimpbase.org/Elo/player/L/Lalic,%20Bogdan.html","Lalic, Bogdan",8 March 1964,1964-03-08,409081,exact_anchor,1964-03-08,olimpbase_profile_confirms_1994_row,False,409081,Q2137386,1964-03-08,11,1964-03-08,agree,1964-03-08,olimpbase_profile_confirms_1994_row,False,1964-03-08,primary_clean_upstream_exact,False,,,M,228,-0.171343151056344,0.539553752535497
1994-01,OlimpBase historical FIDE list,C:\chenxi\bazi_project\chess\Elo199401e.html,8600058,"Lin, Weiguo",m,CHN,M,,2520,15.0,1970-07-25,1970.07.25,True,,256,256.0,235.0,235,True,False,,OlimpBase historical FIDE list,C:\chenxi\bazi_project\chess\Elo199401e.html,,237,"https://olimpbase.org/Elo/player/L/Lin,%20Weiguo.html","Lin, Weiguo",25 July 1970,1970-07-25,8600058,exact_anchor,1970-07-25,olimpbase_profile_confirms_1994_row,False,8600058,Q11756889,1970-07-25,11,1970-07-25,agree,1970-07-25,olimpbase_profile_confirms_1994_row,False,1970-07-25,primary_clean_upstream_exact,False,,,M,228,-0.171343151056344,0.539553752535497
1994-01,OlimpBase historical FIDE list,C:\chenxi\bazi_project\chess\Elo199401e.html,400122,"Mestel, A. Jonathan",g,ENG,M,,2520,0.0,1957-03-13,1957.03.13,True,,260,260.0,235.0,235,True,False,,OlimpBase historical FIDE list,C:\chenxi\bazi_project\chess\Elo199401e.html,,237,"https://olimpbase.org/Elo/player/M/Mestel,%20A.%20Jonathan.html","Mestel, A. Jonathan",13 March 1957,1957-03-13,400122,exact_anchor,1957-03-13,olimpbase_profile_confirms_1994_row,False,400122,Q951469,1957-03-13,11,1957-03-13,agree,1957-03-13,olimpbase_profile_confirms_1994_row,False,1957-03-13,primary_clean_upstream_exact,False,,,M,228,-0.171343151056344,0.539553752535497
1994-01,OlimpBase historical FIDE list,C:\chenxi\bazi_project\chess\Elo199401e.html,306070,"Mokry, Karel",g,CZE,M,,2520,18.0,1959-02-07,1959.02.07,True,,251,251.0,235.0,235,True,False,,OlimpBase historical FIDE list,C:\chenxi\bazi_project\chess\Elo199401e.html,,237,"https://olimpbase.org/Elo/player/M/Mokry,%20Karel.html","Mokry, Karel",7 February 1959,1959-02-07,306070,exact_anchor,1959-02-07,olimpbase_profile_confirms_1994_row,False,306070,Q364519,1959-02-07,11,1959-02-07,agree,1959-02-07,olimpbase_profile_confirms_1994_row,False,1959-02-07,primary_clean_upstream_exact,False,,,M,228,-0.171343151056344,0.539553752535497
1994-01,OlimpBase historical FIDE list,C:\chenxi\bazi_project\chess\Elo199401e.html,2400022,"Motwani, Paul",g,SCO,M,,2520,9.0,1962-06-13,1962.06.13,True,,258=,258.0,235.0,235,True,False,,OlimpBase historical FIDE list,C:\chenxi\bazi_project\chess\Elo199401e.html,,237,"https://olimpbase.org/Elo/player/M/Motwani,%20Paul.html","Motwani, Paul",13 June 1962,1962-06-13,2400022,exact_anchor,1962-06-13,olimpbase_profile_confirms_1994_row,False,2400022,Q1398304,1962-06-13,11,1962-06-13,agree,1962-06-13,olimpbase_profile_confirms_1994_row,False,1962-06-13,primary_clean_upstream_exact,False,,,M,228,-0.171343151056344,0.539553752535497
1994-01,OlimpBase historical FIDE list,C:\chenxi\bazi_project\chess\Elo199401e.html,10200010,"Murshed, Niaz",g,BAN,M,,2520,11.0,1966-05-13,1966.05.13,True,,257,257.0,235.0,235,True,False,,OlimpBase historical FIDE list,C:\chenxi\bazi_project\chess\Elo199401e.html,,237,"https://olimpbase.org/Elo/player/M/Murshed,%20Niaz.html","Murshed, Niaz",13 May 1966,1966-05-13,10200010,exact_anchor,1966-05-13,olimpbase_profile_confirms_1994_row,False,10200010,Q2565354,1966-05-13,11,1966-05-13,agree,1966-05-13,olimpbase_profile_confirms_1994_row,False,1966-05-13,primary_clean_upstream_exact,False,,,M,228,-0.171343151056344,0.539553752535497
1994-01,OlimpBase historical FIDE list,C:\chenxi\bazi_project\chess\Elo199401e.html,100153,"Panno, Oscar",g,ARG,M,,2520,16.0,1935-03-17,1935.03.17,True,,253,253.0,235.0,235,True,False,,OlimpBase historical FIDE list,C:\chenxi\bazi_project\chess\Elo199401e.html,,237,"https://olimpbase.org/Elo/player/P/Panno,%20Oscar.html","Panno, Oscar",different dates of birth given,,100153,exact_anchor,,olimpbase_profile_reports_conflicting_dobs,True,100153,Q293409,1935-03-17,11,1935-03-17,,,profile_conflict_wikidata_candidate,True,1935-03-17,primary_clean_manual_nonconflicting_fill,False,1.0,Panno's own/official site and ChessBase agree on 17 Mar 1935.,M,228,-0.171343151056344,0.539553752535497
1994-01,OlimpBase historical FIDE list,C:\chenxi\bazi_project\chess\Elo199401e.html,700029,"Sax, Gyula",g,HUN,M,,2520,36.0,1951-06-18,1951.06.18,True,,240,240.0,235.0,235,True,False,,OlimpBase historical FIDE list,C:\chenxi\bazi_project\chess\Elo199401e.html,,237,"https://olimpbase.org/Elo/player/S/Sax,%20Gyula.html","Sax, Gyula",18 June 1951,1951-06-18,700029,exact_anchor,1951-06-18,olimpbase_profile_confirms_1994_row,False,700029,,,,,,1951-06-18,olimpbase_profile_confirms_1994_row,False,1951-06-18,primary_clean_upstream_exact,False,,,M,228,-0.171343151056344,0.539553752535497
1994-01,OlimpBase historical FIDE list,C:\chenxi\bazi_project\chess\Elo199401e.html,14600714,"Sermek, Drazen",m,SLO,M,,2520,76.0,1969-01-30,1969.01.30,True,,235,235.0,235.0,235,True,False,,OlimpBase historical FIDE list,C:\chenxi\bazi_project\chess\Elo199401e.html,,237,"https://olimpbase.org/Elo/player/S/Sermek,%20Drazen.html","Sermek, Drazen",30 January 1969,1969-01-30,14600714,exact_anchor,1969-01-30,olimpbase_profile_confirms_1994_row,False,14600714,Q1256081,1969-01-30,11,1969-01-30,agree,1969-01-30,olimpbase_profile_confirms_1994_row,False,1969-01-30,primary_clean_upstream_exact,False,,,M,228,-0.171343151056344,0.539553752535497
1994-01,OlimpBase historical FIDE list,C:\chenxi\bazi_project\chess\Elo199401e.html,4101022,"Sher, Miron N.",g,RUS,M,,2520,44.0,1952-06-29,1952.06.29,True,,237=,237.0,235.0,235,True,False,,OlimpBase historical FIDE list,C:\chenxi\bazi_project\chess\Elo199401e.html,,237,"https://olimpbase.org/Elo/player/S/Sher,%20Miron%20N..html","Sher, Miron N.",29 June 1952,1952-06-29,2019574,exact_anchor,1952-06-29,olimpbase_profile_confirms_1994_row,False,2019574,Q4523015,1952-06-29,11,1952-06-29,agree,1952-06-29,olimpbase_profile_confirms_1994_row,False,1952-06-29,primary_clean_upstream_exact,False,,,M,228,-0.171343151056344,0.539553752535497
1994-01,OlimpBase historical FIDE list,C:\chenxi\bazi_project\chess\Elo199401e.html,300020,"Smejkal, Jan",g,CZE,M,,2520,16.0,1946-03-22,1946.03.22,True,,253=,253.0,235.0,235,True,False,,OlimpBase historical FIDE list,C:\chenxi\bazi_project\chess\Elo199401e.html,,237,"https://olimpbase.org/Elo/player/S/Smejkal,%20Jan.html","Smejkal, Jan",22 March 1946,1946-03-22,300020,exact_anchor,1946-03-22,olimpbase_profile_confirms_1994_row,False,300020,Q1374241,1946-03-22,11,1946-03-22,agree,1946-03-22,olimpbase_profile_confirms_1994_row,False,1946-03-22,primary_clean_upstream_exact,False,,,M,228,-0.171343151056344,0.539553752535497
1994-01,OlimpBase historical FIDE list,C:\chenxi\bazi_project\chess\Elo199401e.html,2800101,"Soffer, Ram",m,ISR,M,,2520,49.0,1965-09-06,1965.09.06,True,,236,236.0,235.0,235,True,False,,OlimpBase historical FIDE list,C:\chenxi\bazi_project\chess\Elo199401e.html,,237,"https://olimpbase.org/Elo/player/S/Soffer,%20Ram.html","Soffer, Ram",6 September 1965,1965-09-06,2800101,exact_anchor,1965-09-06,olimpbase_profile_confirms_1994_row,False,2800101,Q2602082,1965-09-06,11,1965-09-06,agree,1965-09-06,olimpbase_profile_confirms_1994_row,False,1965-09-06,primary_clean_upstream_exact,False,,,M,228,-0.171343151056344,0.539553752535497
1994-01,OlimpBase historical FIDE list,C:\chenxi\bazi_project\chess\Elo199401e.html,4101120,"Sorokin, Maxim",g,RUS,M,,2520,16.0,1968-01-22,1968.01.22,True,,253=,253.0,235.0,235,True,False,,OlimpBase historical FIDE list,C:\chenxi\bazi_project\chess\Elo199401e.html,,237,"https://olimpbase.org/Elo/player/S/Sorokin,%20Maxim.html","Sorokin, Maxim",22 January 1968,1968-01-22,108928,exact_anchor,1968-01-22,olimpbase_profile_confirms_1994_row,False,108928,,,,,,1968-01-22,olimpbase_profile_confirms_1994_row,False,1968-01-22,primary_clean_upstream_exact,False,,,M,228,-0.171343151056344,0.539553752535497
1994-01,OlimpBase historical FIDE list,C:\chenxi\bazi_project\chess\Elo199401e.html,4100913,"Timoshchenko, Gennadi A.",g,RUS,M,,2520,21.0,1949-04-27,1949.04.27,True,,249,249.0,235.0,235,True,False,,OlimpBase historical FIDE list,C:\chenxi\bazi_project\chess\Elo199401e.html,,237,"https://olimpbase.org/Elo/player/T/Timoshchenko,%20Gennadi%20A..html","Timoshchenko, Gennadi A.",27 April 1949,1949-04-27,4100913,exact_anchor,1949-04-27,olimpbase_profile_confirms_1994_row,False,4100913,,,,,,1949-04-27,olimpbase_profile_confirms_1994_row,False,1949-04-27,primary_clean_upstream_exact,False,,,M,228,-0.171343151056344,0.539553752535497
1994-01,OlimpBase historical FIDE list,C:\chenxi\bazi_project\chess\Elo199401e.html,14100118,"Timoshenko, Georgy",m,UKR,M,,2520,20.0,1966-06-01,1966.06.01,True,,250,250.0,235.0,235,True,False,,OlimpBase historical FIDE list,C:\chenxi\bazi_project\chess\Elo199401e.html,,237,"https://olimpbase.org/Elo/player/T/Timoshenko,%20Georgy.html","Timoshenko, Georgy",1 June 1966,1966-06-01,14100118,exact_anchor,1966-06-01,olimpbase_profile_confirms_1994_row,False,14100118,Q4457681,1966-06-01,11,1966-06-01,agree,1966-06-01,olimpbase_profile_confirms_1994_row,False,1966-06-01,primary_clean_upstream_exact,False,,,M,228,-0.171343151056344,0.539553752535497
1994-01,OlimpBase historical FIDE list,C:\chenxi\bazi_project\chess\Elo199401e.html,5200016,"Torre, Eugenio",g,PHI,M,,2520,9.0,1951-11-04,1951.11.04,True,,258,258.0,235.0,235,True,False,,OlimpBase historical FIDE list,C:\chenxi\bazi_project\chess\Elo199401e.html,,237,"https://olimpbase.org/Elo/player/T/Torre,%20Eugenio.html","Torre, Eugenio",4 November 1951,1951-11-04,5200016,exact_anchor,1951-11-04,olimpbase_profile_confirms_1994_row,False,5200016,Q1373353,1951-11-04,11,1951-11-04,agree,1951-11-04,olimpbase_profile_confirms_1994_row,False,1951-11-04,primary_clean_upstream_exact,False,,,M,228,-0.171343151056344,0.539553752535497
1994-01,OlimpBase historical FIDE list,C:\chenxi\bazi_project\chess\Elo199401e.html,4600070,"Wahls, Matthias",g,GER,M,,2520,31.0,1968-01-25,1968.01.25,True,,244,244.0,235.0,235,True,False,,OlimpBase historical FIDE list,C:\chenxi\bazi_project\chess\Elo199401e.html,,237,"https://olimpbase.org/Elo/player/W/Wahls,%20Matthias.html","Wahls, Matthias",25 January 1968,1968-01-25,4600070,exact_anchor,1968-01-25,olimpbase_profile_confirms_1994_row,False,4600070,Q86709,1968-01-25;1968-01-26,11,,,1968-01-25,olimpbase_profile_confirms_1994_row,False,1968-01-25,primary_clean_upstream_exact,False,,,M,228,-0.171343151056344,0.539553752535497
1994-01,OlimpBase historical FIDE list,C:\chenxi\bazi_project\chess\Elo199401e.html,4601718,"Bezold, Michael",m,GER,M,,2515,32.0,1972-05-23,1972.05.23,True,,277,277.0,261.0,260,True,False,,OlimpBase historical FIDE list,C:\chenxi\bazi_project\chess\Elo199401e.html,,263,"https://olimpbase.org/Elo/player/B/Bezold,%20Michael.html","Bezold, Michael",23 May 1972,1972-05-23,4601718,exact_anchor,1972-05-23,olimpbase_profile_confirms_1994_row,False,4601718,Q96470,1972-05-23,11,1972-05-23,agree,1972-05-23,olimpbase_profile_confirms_1994_row,False,1972-05-23,primary_clean_upstream_exact,False,,,M,253,-0.26634148620991543,0.48884381338742394
1994-01,OlimpBase historical FIDE list,C:\chenxi\bazi_project\chess\Elo199401e.html,15000206,"Bogdanovski, Vlatko",g,MKD,M,,2515,30.0,1964-12-31,1964.12.31,True,,279,279.0,261.0,260,True,False,,OlimpBase historical FIDE list,C:\chenxi\bazi_project\chess\Elo199401e.html,,263,"https://olimpbase.org/Elo/player/B/Bogdanovski,%20Vlatko.html","Bogdanovski, Vlatko",31 December 1964,1964-12-31,15000206,exact_anchor,1964-12-31,olimpbase_profile_confirms_1994_row,False,15000206,Q4089406,1964-12-31,11,1964-12-31,agree,1964-12-31,olimpbase_profile_confirms_1994_row,False,1964-12-31,primary_clean_upstream_exact,False,,,M,253,-0.26634148620991543,0.48884381338742394
1994-01,OlimpBase historical FIDE list,C:\chenxi\bazi_project\chess\Elo199401e.html,5500010,"Bouaziz, Slim",g,TUN,M,,2515,0.0,1950-04-16,1950.04.16,True,,283=,283.0,261.0,260,True,False,,OlimpBase historical FIDE list,C:\chenxi\bazi_project\chess\Elo199401e.html,,263,"https://olimpbase.org/Elo/player/B/Bouaziz,%20Slim.html","Bouaziz, Slim",16 April 1950,1950-04-16,5500010,exact_anchor,1950-04-16,olimpbase_profile_confirms_1994_row,False,5500010,Q9338551,1950-04-16,11,1950-04-16,agree,1950-04-16,olimpbase_profile_confirms_1994_row,False,1950-04-16,primary_clean_upstream_exact,False,,,M,253,-0.26634148620991543,0.48884381338742394
1994-01,OlimpBase historical FIDE list,C:\chenxi\bazi_project\chess\Elo199401e.html,14400049,"Dizdarevic, Emir",g,BIH,M,,2515,76.0,1958-04-02,1958.04.02,True,,263,263.0,261.0,260,True,False,,OlimpBase historical FIDE list,C:\chenxi\bazi_project\chess\Elo199401e.html,,263,"https://olimpbase.org/Elo/player/D/Dizdarevic,%20Emir.html","Dizdarevic, Emir",2 April 1958,1958-04-02,14400049,exact_anchor,1958-04-02,olimpbase_profile_confirms_1994_row,False,14400049,Q4161414,1958-04-02,11,1958-04-02,agree,1958-04-02,olimpbase_profile_confirms_1994_row,False,1958-04-02,primary_clean_upstream_exact,False,,,M,253,-0.26634148620991543,0.48884381338742394
1994-01,OlimpBase historical FIDE list,C:\chenxi\bazi_project\chess\Elo199401e.html,700134,"Farago, Ivan",g,HUN,M,,2515,84.0,1946-04-01,1946.04.01,True,,262,262.0,261.0,260,True,False,,OlimpBase historical FIDE list,C:\chenxi\bazi_project\chess\Elo199401e.html,,263,"https://olimpbase.org/Elo/player/F/Farago,%20Ivan.html","Farago, Ivan",1 April 1946,1946-04-01,700134,exact_anchor,1946-04-01,olimpbase_profile_confirms_1994_row,False,700134,Q1675852,1946-04-01,11,1946-04-01,agree,1946-04-01,olimpbase_profile_confirms_1994_row,False,1946-04-01,primary_clean_upstream_exact,False,,,M,253,-0.26634148620991543,0.48884381338742394
1994-01,OlimpBase historical FIDE list,C:\chenxi\bazi_project\chess\Elo199401e.html,4100590,"Fominyh, Alexander",g,RUS,M,,2515,59.0,1959-06-15,1959.06.15,True,,264,264.0,261.0,260,True,False,,OlimpBase historical FIDE list,C:\chenxi\bazi_project\chess\Elo199401e.html,,263,"https://olimpbase.org/Elo/player/F/Fominyh,%20Alexander.html","Fominyh, Alexander",15 June 1959,1959-06-15,4100590,exact_anchor,1959-06-15,olimpbase_profile_confirms_1994_row,False,4100590,Q4491587,1959-06-15,11,1959-06-15,agree,1959-06-15,olimpbase_profile_confirms_1994_row,False,1959-06-15,primary_clean_upstream_exact,False,,,M,253,-0.26634148620991543,0.48884381338742394
1994-01,OlimpBase historical FIDE list,C:\chenxi\bazi_project\chess\Elo199401e.html,1700090,"Hector, Jonny",g,SWE,M,,2515,58.0,1964-02-13,1964.02.13,True,,266,266.0,261.0,260,True,False,,OlimpBase historical FIDE list,C:\chenxi\bazi_project\chess\Elo199401e.html,,263,"https://olimpbase.org/Elo/player/H/Hector,%20Jonny.html","Hector, Jonny",13 February 1964,1964-02-13,1700090,exact_anchor,1964-02-13,olimpbase_profile_confirms_1994_row,False,1700090,Q1703454,1964-02-13,11,1964-02-13,agree,1964-02-13,olimpbase_profile_confirms_1994_row,False,1964-02-13,primary_clean_upstream_exact,False,,,M,253,-0.26634148620991543,0.48884381338742394
1994-01,OlimpBase historical FIDE list,C:\chenxi\bazi_project\chess\Elo199401e.html,700061,"Horvath, Jozsef",g,HUN,M,,2515,38.0,1964-08-13,1964.08.13,True,,272,272.0,261.0,260,True,False,,OlimpBase historical FIDE list,C:\chenxi\bazi_project\chess\Elo199401e.html,,263,"https://olimpbase.org/Elo/player/H/Horvath,%20Jozsef.html","Horvath, Jozsef",13 August 1964,1964-08-13,700061,exact_anchor,1964-08-13,olimpbase_profile_confirms_1994_row,False,700061,Q368004,1964-08-13,11,1964-08-13,agree,1964-08-13,olimpbase_profile_confirms_1994_row,False,1964-08-13,primary_clean_upstream_exact,False,,,M,253,-0.26634148620991543,0.48884381338742394
1994-01,OlimpBase historical FIDE list,C:\chenxi\bazi_project\chess\Elo199401e.html,4100972,"Ikonnikov, Vyacheslav",m,RUS,M,,2515,36.0,1966-03-15,1966.03.15,True,,274=,274.0,261.0,260,True,False,,OlimpBase historical FIDE list,C:\chenxi\bazi_project\chess\Elo199401e.html,,263,"https://olimpbase.org/Elo/player/I/Ikonnikov,%20Vyacheslav.html","Ikonnikov, Vyacheslav",15 March 1966,1966-03-15,4100972,exact_anchor,1966-03-15,olimpbase_profile_confirms_1994_row,False,4100972,Q2867758,1966-03-15,11,1966-03-15,agree,1966-03-15,olimpbase_profile_confirms_1994_row,False,1966-03-15,primary_clean_upstream_exact,False,,,M,253,-0.26634148620991543,0.48884381338742394
1994-01,OlimpBase historical FIDE list,C:\chenxi\bazi_project\chess\Elo199401e.html,4114906,"Ivanov, Mikhail M.",g,RUS,M,,2515,0.0,,,True,,283,283.0,261.0,260,True,False,,OlimpBase historical FIDE list,C:\chenxi\bazi_project\chess\Elo199401e.html,,263,"https://olimpbase.org/Elo/player/I/Ivanov,%20Mikhail%20M..html","Ivanov, Mikhail M.",10 January 1969,1969-01-10,4114906,exact_anchor,1969-01-10,olimpbase_profile_fills_missing,False,4114906,Q15727894,1969-01-10,11,1969-01-10,agree,1969-01-10,olimpbase_profile_fills_missing,False,1969-01-10,primary_clean_upstream_exact,False,,,M,253,-0.26634148620991543,0.48884381338742394
1994-01,OlimpBase historical FIDE list,C:\chenxi\bazi_project\chess\Elo199401e.html,300128,"Jansa, Vlastimil",g,CZE,M,,2515,43.0,1942-11-27,1942.11.27,True,,270,270.0,261.0,260,True,False,,OlimpBase historical FIDE list,C:\chenxi\bazi_project\chess\Elo199401e.html,,263,"https://olimpbase.org/Elo/player/J/Jansa,%20Vlastimil.html","Jansa, Vlastimil",27 November 1942,1942-11-27,300128,exact_anchor,1942-11-27,olimpbase_profile_confirms_1994_row,False,300128,Q2004689,1942-11-27,11,1942-11-27,agree,1942-11-27,olimpbase_profile_confirms_1994_row,False,1942-11-27,primary_clean_upstream_exact,False,,,M,253,-0.26634148620991543,0.48884381338742394
1994-01,OlimpBase historical FIDE list,C:\chenxi\bazi_project\chess\Elo199401e.html,4600479,"Keitlinghaus, Ludger",m,GER,M,,2515,36.0,1965-07-24,1965.07.24,True,,274,274.0,261.0,260,True,False,,OlimpBase historical FIDE list,C:\chenxi\bazi_project\chess\Elo199401e.html,,263,"https://olimpbase.org/Elo/player/K/Keitlinghaus,%20Ludger.html","Keitlinghaus, Ludger",24 July 1965,1965-07-24,4600479,exact_anchor,1965-07-24,olimpbase_profile_confirms_1994_row,False,4600479,Q95265,1965-07-24,11,1965-07-24,agree,1965-07-24,olimpbase_profile_confirms_1994_row,False,1965-07-24,primary_clean_upstream_exact,False,,,M,253,-0.26634148620991543,0.48884381338742394
1994-01,OlimpBase historical FIDE list,C:\chenxi\bazi_project\chess\Elo199401e.html,900290,"Kosic, Dragan",m,YUG,M,,2515,38.0,1970-02-15,1970.02.15,True,,272=,272.0,261.0,260,True,False,,OlimpBase historical FIDE list,C:\chenxi\bazi_project\chess\Elo199401e.html,,263,"https://olimpbase.org/Elo/player/K/Kosic,%20Dragan.html","Kosic, Dragan",15 February 1970,1970-02-15,900290,exact_anchor,1970-02-15,olimpbase_profile_confirms_1994_row,False,900290,Q1254587,1970-02-15,11,1970-02-15,agree,1970-02-15,olimpbase_profile_confirms_1994_row,False,1970-02-15,primary_clean_upstream_exact,False,,,M,253,-0.26634148620991543,0.48884381338742394
1994-01,OlimpBase historical FIDE list,C:\chenxi\bazi_project\chess\Elo199401e.html,400114,"Kosten, Anthony C.",g,ENG,M,,2515,44.0,1958-07-24,1958.07.24,True,,269,269.0,261.0,260,True,False,,OlimpBase historical FIDE list,C:\chenxi\bazi_project\chess\Elo199401e.html,,263,"https://olimpbase.org/Elo/player/K/Kosten,%20Anthony%20C..html","Kosten, Anthony C.",24 July 1958,1958-07-24,400114,exact_anchor,1958-07-24,olimpbase_profile_confirms_1994_row,False,400114,Q573496,1958-07-24,11,1958-07-24,agree,1958-07-24,olimpbase_profile_confirms_1994_row,False,1958-07-24,primary_clean_upstream_exact,False,,,M,253,-0.26634148620991543,0.48884381338742394
1994-01,OlimpBase historical FIDE list,C:\chenxi\bazi_project\chess\Elo199401e.html,13500066,"Kupreichik, Viktor D.",g,BLR,M,,2515,54.0,1949-07-03,1949.07.03,True,,267,267.0,261.0,260,True,False,,OlimpBase historical FIDE list,C:\chenxi\bazi_project\chess\Elo199401e.html,,263,"https://olimpbase.org/Elo/player/K/Kupreichik,%20Viktor%20D..html","Kupreichik, Viktor D.",3 July 1949,1949-07-03,13500066,exact_anchor,1949-07-03,olimpbase_profile_confirms_1994_row,False,13500066,,,,,,1949-07-03,olimpbase_profile_confirms_1994_row,False,1949-07-03,primary_clean_upstream_exact,False,,,M,253,-0.26634148620991543,0.48884381338742394
1994-01,OlimpBase historical FIDE list,C:\chenxi\bazi_project\chess\Elo199401e.html,4611420,"Luther, Thomas",m,GER,M,,2515,93.0,1969-11-04,1969.11.04,True,,261,261.0,261.0,260,True,False,,OlimpBase historical FIDE list,C:\chenxi\bazi_project\chess\Elo199401e.html,,263,"https://olimpbase.org/Elo/player/L/Luther,%20Thomas.html","Luther, Thomas",4 November 1969,1969-11-04,4611420,exact_anchor,1969-11-04,olimpbase_profile_confirms_1994_row,False,4611420,Q68610,1969-11-04,11,1969-11-04,agree,1969-11-04,olimpbase_profile_confirms_1994_row,False,1969-11-04,primary_clean_upstream_exact,False,,,M,253,-0.26634148620991543,0.48884381338742394
1994-01,OlimpBase historical FIDE list,C:\chenxi\bazi_project\chess\Elo199401e.html,12800104,"Ruzele, Darius",m,LTU,M,,2515,13.0,1968-04-27,1968.04.27,True,,281,281.0,261.0,260,True,False,,OlimpBase historical FIDE list,C:\chenxi\bazi_project\chess\Elo199401e.html,,263,"https://olimpbase.org/Elo/player/R/Ruzhiale,%20Darius.html","Ruzele, Darius",27 April 1968,1968-04-27,12800104,exact_anchor,1968-04-27,olimpbase_profile_confirms_1994_row,False,12800104,Q438621,1968-04-27,11,1968-04-27,agree,1968-04-27,olimpbase_profile_confirms_1994_row,False,1968-04-27,primary_clean_upstream_exact,False,,,M,253,-0.26634148620991543,0.48884381338742394
1994-01,OlimpBase historical FIDE list,C:\chenxi\bazi_project\chess\Elo199401e.html,11600306,"Sokolov, Andrei (2)",m,LAT,M,,2515,31.0,1972-02-23,1972.02.23,True,,278,278.0,261.0,260,True,False,,OlimpBase historical FIDE list,C:\chenxi\bazi_project\chess\Elo199401e.html,,263,"https://olimpbase.org/Elo/player/S/Sokolov,%20Andrei%20(2).html","Sokolov, Andrei (2)",23 February 1972,1972-02-23,11600306,exact_anchor,1972-02-23,olimpbase_profile_confirms_1994_row,False,11600306,Q2438711,1972-02-23,11,1972-02-23,agree,1972-02-23,olimpbase_profile_confirms_1994_row,False,1972-02-23,primary_clean_upstream_exact,False,,,M,253,-0.26634148620991543,0.48884381338742394
1994-01,OlimpBase historical FIDE list,C:\chenxi\bazi_project\chess\Elo199401e.html,4115341,"Tregubov, Pavel V.",m,RUS,M,,2515,59.0,1971-12-27,1971.12.27,True,,264=,264.0,261.0,260,True,False,,OlimpBase historical FIDE list,C:\chenxi\bazi_project\chess\Elo199401e.html,,263,"https://olimpbase.org/Elo/player/T/Tregubov,%20Pavel%20V..html","Tregubov, Pavel V.",21 December 1971,1971-12-21,4115341,exact_anchor,1971-12-21,olimpbase_profile_corrects_1994_row,False,4115341,Q1359225,1971-12-21,11,1971-12-21,agree,1971-12-21,olimpbase_profile_corrects_1994_row,False,1971-12-21,primary_clean_upstream_exact,False,,,M,253,-0.26634148620991543,0.48884381338742394
1994-01,OlimpBase historical FIDE list,C:\chenxi\bazi_project\chess\Elo199401e.html,4100921,"Tseshkovsky, Vitaly",g,RUS,M,,2515,42.0,1944-09-25,1944.09.25,True,,271,271.0,261.0,260,True,False,,OlimpBase historical FIDE list,C:\chenxi\bazi_project\chess\Elo199401e.html,,263,"https://olimpbase.org/Elo/player/T/Tseshkovsky,%20Vitaly.html","Tseshkovsky, Vitaly",25 September 1944,1944-09-25,4100921,exact_anchor,1944-09-25,olimpbase_profile_confirms_1994_row,False,4100921,,,,,,1944-09-25,olimpbase_profile_confirms_1994_row,False,1944-09-25,primary_clean_upstream_exact,False,,,M,253,-0.26634148620991543,0.48884381338742394
1994-01,OlimpBase historical FIDE list,C:\chenxi\bazi_project\chess\Elo199401e.html,4101405,"Ulibin, Mikhail",g,RUS,M,,2515,35.0,1971-05-31,1971.05.31,True,,276,276.0,261.0,260,True,False,,OlimpBase historical FIDE list,C:\chenxi\bazi_project\chess\Elo199401e.html,,263,"https://olimpbase.org/Elo/player/U/Ulibin,%20Mikhail.html","Ulibin, Mikhail",31 May 1971,1971-05-31,4101405,exact_anchor,1971-05-31,olimpbase_profile_confirms_1994_row,False,4101405,Q4474884,1971-05-31,11,1971-05-31,agree,1971-05-31,olimpbase_profile_confirms_1994_row,False,1971-05-31,primary_clean_upstream_exact,False,,,M,253,-0.26634148620991543,0.48884381338742394
1994-01,OlimpBase historical FIDE list,C:\chenxi\bazi_project\chess\Elo199401e.html,4100263,"Balashov, Yuri S.",g,RUS,M,,2510,23.0,1949-03-12,1949.03.12,True,,300,300.0,285.0,282,True,False,,OlimpBase historical FIDE list,C:\chenxi\bazi_project\chess\Elo199401e.html,,287,"https://olimpbase.org/Elo/player/B/Balashov,%20Yuri%20S..html","Balashov, Yuri S.",12 March 1949,1949-03-12,4100263,exact_anchor,1949-03-12,olimpbase_profile_confirms_1994_row,False,4100263,Q1713930,1949-03-12,11,1949-03-12,agree,1949-03-12,olimpbase_profile_confirms_1994_row,False,1949-03-12,primary_clean_upstream_exact,False,,,M,274,-0.3613398213634869,0.4462474645030426
1994-01,OlimpBase historical FIDE list,C:\chenxi\bazi_project\chess\Elo199401e.html,5000025,"Barua, Dibyendu",g,IND,M,,2510,27.0,1966-10-27,1966.10.27,True,,297,297.0,285.0,282,True,False,,OlimpBase historical FIDE list,C:\chenxi\bazi_project\chess\Elo199401e.html,,287,"https://olimpbase.org/Elo/player/B/Barua,%20Dibyendu.html","Barua, Dibyendu",27 October 1966,1966-10-27,5000025,exact_anchor,1966-10-27,olimpbase_profile_confirms_1994_row,False,5000025,Q2249476,1966-10-27,11,1966-10-27,agree,1966-10-27,olimpbase_profile_confirms_1994_row,False,1966-10-27,primary_clean_upstream_exact,False,,,M,274,-0.3613398213634869,0.4462474645030426
1994-01,OlimpBase historical FIDE list,C:\chenxi\bazi_project\chess\Elo199401e.html,2000210,"Browne, Walter S.",g,USA,M,,2510,34.0,1949-01-10,1949.01.10,True,,293=,293.0,285.0,282,True,False,,OlimpBase historical FIDE list,C:\chenxi\bazi_project\chess\Elo199401e.html,,287,"https://olimpbase.org/Elo/player/B/Browne,%20Walter%20S..html","Browne, Walter S.",10 January 1949,1949-01-10,2000210,exact_anchor,1949-01-10,olimpbase_profile_confirms_1994_row,False,2000210,,,,,,1949-01-10,olimpbase_profile_confirms_1994_row,False,1949-01-10,primary_clean_upstream_exact,False,,,M,274,-0.3613398213634869,0.4462474645030426
1994-01,OlimpBase historical FIDE list,C:\chenxi\bazi_project\chess\Elo199401e.html,300071,"Hracek, Zbynek",g,CZE,M,,2510,34.0,1970-09-09,1970.09.09,True,,293,293.0,285.0,282,True,False,,OlimpBase historical FIDE list,C:\chenxi\bazi_project\chess\Elo199401e.html,,287,"https://olimpbase.org/Elo/player/H/Hracek,%20Zbynek.html","Hracek, Zbynek",9 September 1970,1970-09-09,300071,exact_anchor,1970-09-09,olimpbase_profile_confirms_1994_row,False,300071,Q168312,1970-09-09,11,1970-09-09,agree,1970-09-09,olimpbase_profile_confirms_1994_row,False,1970-09-09,primary_clean_upstream_exact,False,,,M,274,-0.3613398213634869,0.4462474645030426
1994-01,OlimpBase historical FIDE list,C:\chenxi\bazi_project\chess\Elo199401e.html,1100033,"Kuczynski, Robert",g,POL,M,,2510,30.0,1966-04-17,1966.04.17,True,,296,296.0,285.0,282,True,False,,OlimpBase historical FIDE list,C:\chenxi\bazi_project\chess\Elo199401e.html,,287,"https://olimpbase.org/Elo/player/K/Kuczynski,%20Robert.html","Kuczynski, Robert",17 April 1966,1966-04-17,1100033,exact_anchor,1966-04-17,olimpbase_profile_confirms_1994_row,False,1100033,Q4250038,1966-04-17,11,1966-04-17,agree,1966-04-17,olimpbase_profile_confirms_1994_row,False,1966-04-17,primary_clean_upstream_exact,False,,,M,274,-0.3613398213634869,0.4462474645030426
1994-01,OlimpBase historical FIDE list,C:\chenxi\bazi_project\chess\Elo199401e.html,4101685,"Landa, Konstantin",m,RUS,M,,2510,43.0,,,True,,289,289.0,285.0,282,True,False,,OlimpBase historical FIDE list,C:\chenxi\bazi_project\chess\Elo199401e.html,,287,"https://olimpbase.org/Elo/player/L/Landa,%20Konstantin.html","Landa, Konstantin",22 May 1972,1972-05-22,4101685,exact_anchor,1972-05-22,olimpbase_profile_fills_missing,False,4101685,Q487120,1972-01-01;1972-05-22,9;11,1972-05-22,agree,1972-05-22,olimpbase_profile_fills_missing,False,1972-05-22,primary_clean_upstream_exact,False,,,M,274,-0.3613398213634869,0.4462474645030426
1994-01,OlimpBase historical FIDE list,C:\chenxi\bazi_project\chess\Elo199401e.html,14101068,"Milov, Leonid",m,UKR,M,,2510,60.0,,,True,,285,285.0,285.0,282,True,False,,OlimpBase historical FIDE list,C:\chenxi\bazi_project\chess\Elo199401e.html,,287,"https://olimpbase.org/Elo/player/M/Milov,%20Leonid.html","Milov, Leonid",6 February 1966,1966-02-06,14101068,exact_anchor,1966-02-06,olimpbase_profile_fills_missing,False,14101068,Q4037671,1966-02-06,11,1966-02-06,agree,1966-02-06,olimpbase_profile_fills_missing,False,1966-02-06,primary_clean_upstream_exact,False,,,M,274,-0.3613398213634869,0.4462474645030426
1994-01,OlimpBase historical FIDE list,C:\chenxi\bazi_project\chess\Elo199401e.html,4112849,"Poluljahov, Aleksandr",g,RUS,M,,2510,38.0,,,True,,292,292.0,285.0,282,True,False,,OlimpBase historical FIDE list,C:\chenxi\bazi_project\chess\Elo199401e.html,,287,"https://olimpbase.org/Elo/player/P/Poluljahov,%20Aleksandr.html","Poluljahov, Aleksandr",6 June 1965,1965-06-06,4112849,exact_anchor,1965-06-06,olimpbase_profile_fills_missing,False,4112849,Q4370972,1965-06-06,11,1965-06-06,agree,1965-06-06,olimpbase_profile_fills_missing,False,1965-06-06,primary_clean_upstream_exact,False,,,M,274,-0.3613398213634869,0.4462474645030426
1994-01,OlimpBase historical FIDE list,C:\chenxi\bazi_project\chess\Elo199401e.html,100021,"Quinteros, Miguel A.",g,ARG,M,,2510,20.0,1947-12-28,1947.12.28,True,,301,301.0,285.0,282,True,False,,OlimpBase historical FIDE list,C:\chenxi\bazi_project\chess\Elo199401e.html,,287,"https://olimpbase.org/Elo/player/Q/Quinteros,%20Miguel%20A..html","Quinteros, Miguel A.",28 December 1947,1947-12-28,100021,exact_anchor,1947-12-28,olimpbase_profile_confirms_1994_row,False,100021,Q653351,1947-12-28,11,1947-12-28,agree,1947-12-28,olimpbase_profile_confirms_1994_row,False,1947-12-28,primary_clean_upstream_exact,False,,,M,274,-0.3613398213634869,0.4462474645030426
1994-01,OlimpBase historical FIDE list,C:\chenxi\bazi_project\chess\Elo199401e.html,2800047,"Rechlis, Gad",g,ISR,M,,2510,15.0,1967-02-05,1967.02.05,True,,302,302.0,285.0,282,True,False,,OlimpBase historical FIDE list,C:\chenxi\bazi_project\chess\Elo199401e.html,,287,"https://olimpbase.org/Elo/player/R/Rechlis,%20Gad.html","Rechlis, Gad",5 February 1967,1967-02-05,2800047,exact_anchor,1967-02-05,olimpbase_profile_confirms_1994_row,False,2800047,Q2182051,1967-02-05,11,1967-02-05,agree,1967-02-05,olimpbase_profile_confirms_1994_row,False,1967-02-05,primary_clean_upstream_exact,False,,,M,274,-0.3613398213634869,0.4462474645030426
1994-01,OlimpBase historical FIDE list,C:\chenxi\bazi_project\chess\Elo199401e.html,101966,"Spangenberg, Hugo",m,ARG,M,,2510,39.0,1975-11-22,1975.11.22,True,,291,291.0,285.0,282,True,False,,OlimpBase historical FIDE list,C:\chenxi\bazi_project\chess\Elo199401e.html,,287,"https://olimpbase.org/Elo/player/S/Spangenberg,%20Hugo.html","Spangenberg, Hugo",22 November 1975,1975-11-22,101966,exact_anchor,1975-11-22,olimpbase_profile_confirms_1994_row,False,101966,Q1961002,1975-11-22,11,1975-11-22,agree,1975-11-22,olimpbase_profile_confirms_1994_row,False,1975-11-22,primary_clean_upstream_exact,False,,,M,274,-0.3613398213634869,0.4462474645030426
1994-01,OlimpBase historical FIDE list,C:\chenxi\bazi_project\chess\Elo199401e.html,14101106,"Stripunsky, Alexander",m,UKR,M,,2510,26.0,,,True,,299,299.0,285.0,282,True,False,,OlimpBase historical FIDE list,C:\chenxi\bazi_project\chess\Elo199401e.html,,287,"https://olimpbase.org/Elo/player/S/Stripunsky,%20Alexander.html","Stripunsky, Alexander",18 August 1970,1970-08-18,2015315,exact_anchor,1970-08-18,olimpbase_profile_fills_missing,False,2015315,Q2281307,1970-08-18,11,1970-08-18,agree,1970-08-18,olimpbase_profile_fills_missing,False,1970-08-18,primary_clean_upstream_exact,False,,,M,274,-0.3613398213634869,0.4462474645030426
1994-01,OlimpBase historical FIDE list,C:\chenxi\bazi_project\chess\Elo199401e.html,2300060,"Thorsteins, Karl",m,ISL,M,,2510,5.0,1964-10-13,1964.10.13,True,,303,303.0,285.0,282,True,False,,OlimpBase historical FIDE list,C:\chenxi\bazi_project\chess\Elo199401e.html,,287,"https://olimpbase.org/Elo/player/T/Thorsteins,%20Karl.html","Thorsteins, Karl",13 October 1964,1964-10-13,2300060,exact_anchor,1964-10-13,olimpbase_profile_confirms_1994_row,False,2300060,Q11735880,1964-10-13,11,1964-10-13,agree,1964-10-13,olimpbase_profile_confirms_1994_row,False,1964-10-13,primary_clean_upstream_exact,False,,,M,274,-0.3613398213634869,0.4462474645030426
1994-01,OlimpBase historical FIDE list,C:\chenxi\bazi_project\chess\Elo199401e.html,13700146,"Tkachiev, Vladislav",m,KAZ,M,,2510,27.0,,,True,,297=,297.0,285.0,282,True,False,,OlimpBase historical FIDE list,C:\chenxi\bazi_project\chess\Elo199401e.html,,287,"https://olimpbase.org/Elo/player/T/Tkachiev,%20Vladislav.html","Tkachiev, Vladislav",9 November 1973,1973-11-09,618438,exact_anchor,1973-11-09,olimpbase_profile_fills_missing,False,618438,Q716035,1973-11-09,11,1973-11-09,agree,1973-11-09,olimpbase_profile_fills_missing,False,1973-11-09,primary_clean_upstream_exact,False,,,M,274,-0.3613398213634869,0.4462474645030426
1994-01,OlimpBase historical FIDE list,C:\chenxi\bazi_project\chess\Elo199401e.html,4101766,"Varavin, Viktor",m,RUS,M,,2510,56.0,1967-05-23,1967.05.23,True,,286,286.0,285.0,282,True,False,,OlimpBase historical FIDE list,C:\chenxi\bazi_project\chess\Elo199401e.html,,287,"https://olimpbase.org/Elo/player/V/Varavin,%20Viktor.html","Varavin, Viktor",23 May 1967,1967-05-23,4101766,exact_anchor,1967-05-23,olimpbase_profile_confirms_1994_row,False,4101766,Q4103536,1967-05-23,11,1967-05-23,agree,1967-05-23,olimpbase_profile_confirms_1994_row,False,1967-05-23,primary_clean_upstream_exact,False,,,M,274,-0.3613398213634869,0.4462474645030426
1994-01,OlimpBase historical FIDE list,C:\chenxi\bazi_project\chess\Elo199401e.html,4102622,"Yandemirov, Valeri",m,RUS,M,,2510,41.0,,,True,,290,290.0,285.0,282,True,False,,OlimpBase historical FIDE list,C:\chenxi\bazi_project\chess\Elo199401e.html,,287,"https://olimpbase.org/Elo/player/Y/Yandemirov,%20Valeri.html","Yandemirov, Valeri",11 February 1963,1963-02-11,4102622,exact_anchor,1963-02-11,olimpbase_profile_fills_missing,False,4102622,,,,,,1963-02-11,olimpbase_profile_fills_missing,False,1963-02-11,primary_clean_upstream_exact,False,,,M,274,-0.3613398213634869,0.4462474645030426
1994-01,OlimpBase historical FIDE list,C:\chenxi\bazi_project\chess\Elo199401e.html,14200040,"Zagrebelny, Sergey",g,UZB,M,,2510,31.0,,,True,,295,295.0,285.0,282,True,False,,OlimpBase historical FIDE list,C:\chenxi\bazi_project\chess\Elo199401e.html,,287,"https://olimpbase.org/Elo/player/Z/Zagrebelny,%20Sergey.html","Zagrebelny, Sergey",,,14200040,exact_anchor,,profile_no_exact_dob:unparsed_profile_dob,True,14200040,Q4183732,1965-04-09,11,1965-04-09,,1965-04-09,wikidata_via_olimpbase_modern_id_filled,False,1965-04-09,primary_clean_upstream_exact,False,,,M,274,-0.3613398213634869,0.4462474645030426
1994-01,OlimpBase historical FIDE list,C:\chenxi\bazi_project\chess\Elo199401e.html,5200032,"Antonio, Rogelio jr",g,PHI,M,,2505,24.0,1962-02-19,1962.02.19,True,,317=,317.0,304.0,301,True,False,,OlimpBase historical FIDE list,C:\chenxi\bazi_project\chess\Elo199401e.html,,306,"https://olimpbase.org/Elo/player/A/Antonio,%20Rogelio%20jr.html","Antonio, Rogelio jr",19 February 1962,1962-02-19,5200032,exact_anchor,1962-02-19,olimpbase_profile_confirms_1994_row,False,5200032,Q4800779,1962-02-19,11,1962-02-19,agree,1962-02-19,olimpbase_profile_confirms_1994_row,False,1962-02-19,primary_clean_upstream_exact,False,,,M,291,-0.45633815651705834,0.4117647058823529
1994-01,OlimpBase historical FIDE list,C:\chenxi\bazi_project\chess\Elo199401e.html,301264,"Babula, Vlastimil",m,CZE,M,,2505,47.0,1973-10-02,1973.10.02,True,,306,306.0,304.0,301,True,False,,OlimpBase historical FIDE list,C:\chenxi\bazi_project\chess\Elo199401e.html,,306,"https://olimpbase.org/Elo/player/B/Babula,%20Vlastimil.html","Babula, Vlastimil",2 October 1973,1973-10-02,301264,exact_anchor,1973-10-02,olimpbase_profile_confirms_1994_row,False,301264,Q1382022,1973-10-02,11,1973-10-02,agree,1973-10-02,olimpbase_profile_confirms_1994_row,False,1973-10-02,primary_clean_upstream_exact,False,,,M,291,-0.45633815651705834,0.4117647058823529
1994-01,OlimpBase historical FIDE list,C:\chenxi\bazi_project\chess\Elo199401e.html,13500031,"Dydyshko, Viacheslav",m,BLR,M,,2505,31.0,1949-04-10,1949.04.10,True,,314,314.0,304.0,301,True,False,,OlimpBase historical FIDE list,C:\chenxi\bazi_project\chess\Elo199401e.html,,306,"https://olimpbase.org/Elo/player/D/Dydyshko,%20Viacheslav.html","Dydyshko, Viacheslav",10 April 1949,1949-04-10,13500031,exact_anchor,1949-04-10,olimpbase_profile_confirms_1994_row,False,13500031,Q2064324,1949-04-10,11,1949-04-10,agree,1949-04-10,olimpbase_profile_confirms_1994_row,False,1949-04-10,primary_clean_upstream_exact,False,,,M,291,-0.45633815651705834,0.4117647058823529
1994-01,OlimpBase historical FIDE list,C:\chenxi\bazi_project\chess\Elo199401e.html,1100106,"Gdanski, Jacek",m,POL,M,,2505,45.0,1970-11-30,1970.11.30,True,,307,307.0,304.0,301,True,False,,OlimpBase historical FIDE list,C:\chenxi\bazi_project\chess\Elo199401e.html,,306,"https://olimpbase.org/Elo/player/G/Gdanski,%20Jacek.html","Gdanski, Jacek",30 November 1970,1970-11-30,1100106,exact_anchor,1970-11-30,olimpbase_profile_confirms_1994_row,False,1100106,Q326862,1970-11-30,11,1970-11-30,agree,1970-11-30,olimpbase_profile_confirms_1994_row,False,1970-11-30,primary_clean_upstream_exact,False,,,M,291,-0.45633815651705834,0.4117647058823529
1994-01,OlimpBase historical FIDE list,C:\chenxi\bazi_project\chess\Elo199401e.html,4102860,"Gorelov, Sergey G.",m,RUS,M,,2505,0.0,1957-08-18,1957.08.18,True,,325,325.0,304.0,301,True,False,,OlimpBase historical FIDE list,C:\chenxi\bazi_project\chess\Elo199401e.html,,306,"https://olimpbase.org/Elo/player/G/Gorelov,%20Sergey%20G..html","Gorelov, Sergey G.",18 August 1957,1957-08-18,4102860,exact_anchor,1957-08-18,olimpbase_profile_confirms_1994_row,False,4102860,,,,,,1957-08-18,olimpbase_profile_confirms_1994_row,False,1957-08-18,primary_clean_upstream_exact,False,,,M,291,-0.45633815651705834,0.4117647058823529
1994-01,OlimpBase historical FIDE list,C:\chenxi\bazi_project\chess\Elo199401e.html,4200039,"Grivas, Efstratios",g,GRE,M,,2505,51.0,1966-03-30,1966.03.30,True,,305,305.0,304.0,301,True,False,,OlimpBase historical FIDE list,C:\chenxi\bazi_project\chess\Elo199401e.html,,306,"https://olimpbase.org/Elo/player/G/Grivas,%20Efstratios.html","Grivas, Efstratios",30 March 1966,1966-03-30,4200039,exact_anchor,1966-03-30,olimpbase_profile_confirms_1994_row,False,4200039,Q641271,1966-01-01;1966-03-30,9;11,1966-03-30,agree,1966-03-30,olimpbase_profile_confirms_1994_row,False,1966-03-30,primary_clean_upstream_exact,False,,,M,291,-0.45633815651705834,0.4117647058823529
1994-01,OlimpBase historical FIDE list,C:\chenxi\bazi_project\chess\Elo199401e.html,4100875,"Ionov, Sergey",m,RUS,M,,2505,18.0,1962-01-07,1962.01.07,True,,321,321.0,304.0,301,True,False,,OlimpBase historical FIDE list,C:\chenxi\bazi_project\chess\Elo199401e.html,,306,"https://olimpbase.org/Elo/player/I/Ionov,%20Sergey.html","Ionov, Sergey",7 January 1962,1962-01-07,4100875,exact_anchor,1962-01-07,olimpbase_profile_confirms_1994_row,False,4100875,Q1760310,1962-01-07,11,1962-01-07,agree,1962-01-07,olimpbase_profile_confirms_1994_row,False,1962-01-07,primary_clean_upstream_exact,False,,,M,291,-0.45633815651705834,0.4117647058823529
1994-01,OlimpBase historical FIDE list,C:\chenxi\bazi_project\chess\Elo199401e.html,1200372,"Istratescu, Andrei",m,ROM,M,,2505,30.0,1975-12-03,1975.12.03,True,,315,315.0,304.0,301,True,False,,OlimpBase historical FIDE list,C:\chenxi\bazi_project\chess\Elo199401e.html,,306,"https://olimpbase.org/Elo/player/I/Istratescu,%20Andrei.html","Istratescu, Andrei",3 December 1975,1975-12-03,1200372,exact_anchor,1975-12-03,olimpbase_profile_confirms_1994_row,False,1200372,Q502088,1975-12-03,11,1975-12-03,agree,1975-12-03,olimpbase_profile_confirms_1994_row,False,1975-12-03,primary_clean_upstream_exact,False,,,M,291,-0.45633815651705834,0.4117647058823529
1994-01,OlimpBase historical FIDE list,C:\chenxi\bazi_project\chess\Elo199401e.html,4101375,"Ivanov, Sergey",m,RUS,M,,2505,16.0,,,True,,322,322.0,304.0,301,True,False,,OlimpBase historical FIDE list,C:\chenxi\bazi_project\chess\Elo199401e.html,,306,"https://olimpbase.org/Elo/player/I/Ivanov,%20Sergey.html","Ivanov, Sergey",29 September 1961,1961-09-29,4101375,exact_anchor,1961-09-29,olimpbase_profile_fills_missing,False,4101375,Q2272920,1961-09-29,11,1961-09-29,agree,1961-09-29,olimpbase_profile_fills_missing,False,1961-09-29,primary_clean_upstream_exact,False,,,M,291,-0.45633815651705834,0.4117647058823529
1994-01,OlimpBase historical FIDE list,C:\chenxi\bazi_project\chess\Elo199401e.html,14100142,"Kruppa, Yuri",m,UKR,M,,2505,33.0,,,True,,312=,312.0,304.0,301,True,False,,OlimpBase historical FIDE list,C:\chenxi\bazi_project\chess\Elo199401e.html,,306,"https://olimpbase.org/Elo/player/K/Kruppa,%20Yuri.html","Kruppa, Yuri",21 June 1964,1964-06-21,14100142,exact_anchor,1964-06-21,olimpbase_profile_fills_missing,False,14100142,Q3811404,1964-06-21,11,1964-06-21,agree,1964-06-21,olimpbase_profile_fills_missing,False,1964-06-21,primary_clean_upstream_exact,False,,,M,291,-0.45633815651705834,0.4117647058823529
1994-01,OlimpBase historical FIDE list,C:\chenxi\bazi_project\chess\Elo199401e.html,14100070,"Kuzmin, Gennadi P.",g,UKR,M,,2505,35.0,1946-01-19,1946.01.19,True,,309=,309.0,304.0,301,True,False,,OlimpBase historical FIDE list,C:\chenxi\bazi_project\chess\Elo199401e.html,,306,"https://olimpbase.org/Elo/player/K/Kuzmin,%20Gennadi%20P..html","Kuzmin, Gennadi P.",19 January 1946,1946-01-19,14100070,exact_anchor,1946-01-19,olimpbase_profile_confirms_1994_row,False,14100070,,,,,,1946-01-19,olimpbase_profile_confirms_1994_row,False,1946-01-19,primary_clean_upstream_exact,False,,,M,291,-0.45633815651705834,0.4117647058823529
1994-01,OlimpBase historical FIDE list,C:\chenxi\bazi_project\chess\Elo199401e.html,900788,"Lazic, Miroljub",m,YUG,M,,2505,58.0,1966-06-28,1966.06.28,True,,304,304.0,304.0,301,True,False,,OlimpBase historical FIDE list,C:\chenxi\bazi_project\chess\Elo199401e.html,,306,"https://olimpbase.org/Elo/player/L/Lazic,%20Miroljub.html","Lazic, Miroljub",28 June 1966,1966-06-28,900788,exact_anchor,1966-06-28,olimpbase_profile_confirms_1994_row,False,900788,Q4253021,1966-06-28,11,1966-06-28,agree,1966-06-28,olimpbase_profile_confirms_1994_row,False,1966-06-28,primary_clean_upstream_exact,False,,,M,291,-0.45633815651705834,0.4117647058823529
1994-01,OlimpBase historical FIDE list,C:\chenxi\bazi_project\chess\Elo199401e.html,2200074,"Magem Badals, Jorge",m,ESP,M,,2505,35.0,1967-08-24,1967.08.24,True,,309,309.0,304.0,301,True,False,,OlimpBase historical FIDE list,C:\chenxi\bazi_project\chess\Elo199401e.html,,306,"https://olimpbase.org/Elo/player/M/Magem%20Badals,%20Jorge.html","Magem Badals, Jordi",24 August 1967,1967-08-24,2200074,exact_anchor,1967-08-24,olimpbase_profile_confirms_1994_row,False,2200074,Q3824586,1967-08-24,11,1967-08-24,agree,1967-08-24,olimpbase_profile_confirms_1994_row,False,1967-08-24,primary_clean_upstream_exact,False,,,M,291,-0.45633815651705834,0.4117647058823529
1994-01,OlimpBase historical FIDE list,C:\chenxi\bazi_project\chess\Elo199401e.html,14500116,"Palac, Mladen",g,CRO,M,,2505,24.0,1971-02-18,1971.02.18,True,,317,317.0,304.0,301,True,False,,OlimpBase historical FIDE list,C:\chenxi\bazi_project\chess\Elo199401e.html,,306,"https://olimpbase.org/Elo/player/P/Palac,%20Mladen.html","Palac, Mladen",18 February 1971,1971-02-18,14500116,exact_anchor,1971-02-18,olimpbase_profile_confirms_1994_row,False,14500116,Q2085891,1971-02-18,11,1971-02-18,agree,1971-02-18,olimpbase_profile_confirms_1994_row,False,1971-02-18,primary_clean_upstream_exact,False,,,M,291,-0.45633815651705834,0.4117647058823529
1994-01,OlimpBase historical FIDE list,C:\chenxi\bazi_project\chess\Elo199401e.html,2200058,"Rivas Pastor, Manuel",g,ESP,M,,2505,26.0,1960-07-13,1960.07.13,True,,316,316.0,304.0,301,True,False,,OlimpBase historical FIDE list,C:\chenxi\bazi_project\chess\Elo199401e.html,,306,"https://olimpbase.org/Elo/player/R/Rivas%20Pastor,%20Manuel.html","Rivas Pastor, Manuel",13 July 1960,1960-07-13,2200058,exact_anchor,1960-07-13,olimpbase_profile_confirms_1994_row,False,2200058,Q2078324,1960-07-13,11,1960-07-13,agree,1960-07-13,olimpbase_profile_confirms_1994_row,False,1960-07-13,primary_clean_upstream_exact,False,,,M,291,-0.45633815651705834,0.4117647058823529
1994-01,OlimpBase historical FIDE list,C:\chenxi\bazi_project\chess\Elo199401e.html,4102142,"Svidler, Peter",m,RUS,M,,2505,8.0,1976-06-17,1976.06.17,True,,323,323.0,304.0,301,True,False,,OlimpBase historical FIDE list,C:\chenxi\bazi_project\chess\Elo199401e.html,,306,"https://olimpbase.org/Elo/player/S/Svidler,%20Peter.html","Svidler, Peter",17 June 1976,1976-06-17,4102142,exact_anchor,1976-06-17,olimpbase_profile_confirms_1994_row,False,4102142,Q278777,1976-06-17,11,1976-06-17,agree,1976-06-17,olimpbase_profile_confirms_1994_row,False,1976-06-17,primary_clean_upstream_exact,False,,,M,291,-0.45633815651705834,0.4117647058823529
1994-01,OlimpBase historical FIDE list,C:\chenxi\bazi_project\chess\Elo199401e.html,700258,"Szekely, Peter",g,HUN,M,,2505,33.0,1955-02-08,1955.02.08,True,,312,312.0,304.0,301,True,False,,OlimpBase historical FIDE list,C:\chenxi\bazi_project\chess\Elo199401e.html,,306,"https://olimpbase.org/Elo/player/S/Szekely,%20Peter.html","Szekely, Peter",8 February 1955,1955-02-08,700258,exact_anchor,1955-02-08,olimpbase_profile_confirms_1994_row,False,700258,,,,,,1955-02-08,olimpbase_profile_confirms_1994_row,False,1955-02-08,primary_clean_upstream_exact,False,,,M,291,-0.45633815651705834,0.4117647058823529
1994-01,OlimpBase historical FIDE list,C:\chenxi\bazi_project\chess\Elo199401e.html,4100760,"Taimanov, Mark E.",g,RUS,M,,2505,22.0,1926-02-07,1926.02.07,True,,319,319.0,304.0,301,True,False,,OlimpBase historical FIDE list,C:\chenxi\bazi_project\chess\Elo199401e.html,,306,"https://olimpbase.org/Elo/player/T/Taimanov,%20Mark%20E..html","Taimanov, Mark E.",7 February 1926,1926-02-07,4100760,exact_anchor,1926-02-07,olimpbase_profile_confirms_1994_row,False,4100760,,,,,,1926-02-07,olimpbase_profile_confirms_1994_row,False,1926-02-07,primary_clean_upstream_exact,False,,,M,291,-0.45633815651705834,0.4117647058823529
1994-01,OlimpBase historical FIDE list,C:\chenxi\bazi_project\chess\Elo199401e.html,900060,"Todorcevic, Miodrag",g,YUG,M,,2505,35.0,1940-11-10,1940.11.10,True,,309=,309.0,304.0,301,True,False,,OlimpBase historical FIDE list,C:\chenxi\bazi_project\chess\Elo199401e.html,,306,"https://olimpbase.org/Elo/player/T/Todorcevic,%20Miodrag.html","Todorcevic, Miodrag",10 November 1940,1940-11-10,900060,exact_anchor,1940-11-10,olimpbase_profile_confirms_1994_row,False,900060,Q2667844,1940-11-10,11,1940-11-10,agree,1940-11-10,olimpbase_profile_confirms_1994_row,False,1940-11-10,primary_clean_upstream_exact,False,,,M,291,-0.45633815651705834,0.4117647058823529
1994-01,OlimpBase historical FIDE list,C:\chenxi\bazi_project\chess\Elo199401e.html,4100522,"Vasiukov, Evgeni",g,RUS,M,,2505,19.0,1933-03-05,1933.03.05,True,,320,320.0,304.0,301,True,False,,OlimpBase historical FIDE list,C:\chenxi\bazi_project\chess\Elo199401e.html,,306,"https://olimpbase.org/Elo/player/V/Vasiukov,%20Evgeni.html","Vasiukov, Evgeni",5 March 1933,1933-03-05,4100522,exact_anchor,1933-03-05,olimpbase_profile_confirms_1994_row,False,4100522,,,,,,1933-03-05,olimpbase_profile_confirms_1994_row,False,1933-03-05,primary_clean_upstream_exact,False,,,M,291,-0.45633815651705834,0.4117647058823529
1994-01,OlimpBase historical FIDE list,C:\chenxi\bazi_project\chess\Elo199401e.html,8600023,"Wang, Zili",m,CHN,M,,2505,6.0,1968-06-14,1968.06.14,True,,324,324.0,304.0,301,True,False,,OlimpBase historical FIDE list,C:\chenxi\bazi_project\chess\Elo199401e.html,,306,"https://olimpbase.org/Elo/player/W/Wang,%20Zili.html","Wang, Zili",14 June 1968,1968-06-14,8600023,exact_anchor,1968-06-14,olimpbase_profile_confirms_1994_row,False,8600023,Q4103242,1968-06-14,11,1968-06-14,agree,1968-06-14,olimpbase_profile_confirms_1994_row,False,1968-06-14,primary_clean_upstream_exact,False,,,M,291,-0.45633815651705834,0.4117647058823529
1994-01,OlimpBase historical FIDE list,C:\chenxi\bazi_project\chess\Elo199401e.html,900206,"Abramovic, Bosko",g,YUG,M,,2500,50.0,1951-02-14,1951.02.14,True,,330,330.0,326.0,323,True,False,,OlimpBase historical FIDE list,C:\chenxi\bazi_project\chess\Elo199401e.html,,328,"https://olimpbase.org/Elo/player/A/Abramovic,%20Bosko.html","Abramovic, Bosko",14 February 1951,1951-02-14,900206,exact_anchor,1951-02-14,olimpbase_profile_confirms_1994_row,False,900206,Q487109,1951-02-14,11,1951-02-14,agree,1951-02-14,olimpbase_profile_confirms_1994_row,False,1951-02-14,primary_clean_upstream_exact,False,,,M,312,-0.5513364916706298,0.3691683569979716
1994-01,OlimpBase historical FIDE list,C:\chenxi\bazi_project\chess\Elo199401e.html,400270,"Arkell, Keith C.",m,ENG,M,,2500,49.0,1961-01-08,1961.01.08,True,,331,331.0,326.0,323,True,False,,OlimpBase historical FIDE list,C:\chenxi\bazi_project\chess\Elo199401e.html,,328,"https://olimpbase.org/Elo/player/A/Arkell,%20Keith%20C..html","Arkell, Keith C.",8 January 1961,1961-01-08,400270,exact_anchor,1961-01-08,olimpbase_profile_confirms_1994_row,False,400270,Q1277091,1961-01-08,11,1961-01-08,agree,1961-01-08,olimpbase_profile_confirms_1994_row,False,1961-01-08,primary_clean_upstream_exact,False,,,M,312,-0.5513364916706298,0.3691683569979716
1994-01,OlimpBase historical FIDE list,C:\chenxi\bazi_project\chess\Elo199401e.html,13600133,"Bagaturov, Giorgi",m,GEO,M,,2500,36.0,1964-11-28,1964.11.28,True,,336,336.0,326.0,323,True,False,,OlimpBase historical FIDE list,C:\chenxi\bazi_project\chess\Elo199401e.html,,328,"https://olimpbase.org/Elo/player/B/Bagaturov,%20Giorgi.html","Bagaturov, Giorgi",28 November 1964,1964-11-28,13600133,exact_anchor,1964-11-28,olimpbase_profile_confirms_1994_row,False,13600133,Q4074716,1964-11-28,11,1964-11-28,agree,1964-11-28,olimpbase_profile_confirms_1994_row,False,1964-11-28,primary_clean_upstream_exact,False,,,M,312,-0.5513364916706298,0.3691683569979716
1994-01,OlimpBase historical FIDE list,C:\chenxi\bazi_project\chess\Elo199401e.html,900214,"Barlov, Dragan",g,YUG,M,,2500,42.0,1957-01-30,1957.01.30,True,,335,335.0,326.0,323,True,False,,OlimpBase historical FIDE list,C:\chenxi\bazi_project\chess\Elo199401e.html,,328,"https://olimpbase.org/Elo/player/B/Barlov,%20Dragan.html","Barlov, Dragan",30 January 1957,1957-01-30,900214,exact_anchor,1957-01-30,olimpbase_profile_confirms_1994_row,False,900214,Q4078336,1957-01-30,11,1957-01-30,agree,1957-01-30,olimpbase_profile_confirms_1994_row,False,1957-01-30,primary_clean_upstream_exact,False,,,M,312,-0.5513364916706298,0.3691683569979716
1994-01,OlimpBase historical FIDE list,C:\chenxi\bazi_project\chess\Elo199401e.html,4600045,"Bischoff, Klaus",g,GER,M,,2500,35.0,1961-06-09,1961.06.09,True,,337,337.0,326.0,323,True,False,,OlimpBase historical FIDE list,C:\chenxi\bazi_project\chess\Elo199401e.html,,328,"https://olimpbase.org/Elo/player/B/Bischoff,%20Klaus.html","Bischoff, Klaus",9 June 1961,1961-06-09,4600045,exact_anchor,1961-06-09,olimpbase_profile_confirms_1994_row,False,4600045,Q69937,1961-06-09,11,1961-06-09,agree,1961-06-09,olimpbase_profile_confirms_1994_row,False,1961-06-09,primary_clean_upstream_exact,False,,,M,312,-0.5513364916706298,0.3691683569979716
1994-01,OlimpBase historical FIDE list,C:\chenxi\bazi_project\chess\Elo199401e.html,14100932,"Brodsky, Michail",m,UKR,M,,2500,52.0,1969-03-27,1969.03.27,True,,329,329.0,326.0,323,True,False,,OlimpBase historical FIDE list,C:\chenxi\bazi_project\chess\Elo199401e.html,,328,"https://olimpbase.org/Elo/player/B/Brodsky,%20Michail.html","Brodsky, Michail",27 March 1969,1969-03-27,14100932,exact_anchor,1969-03-27,olimpbase_profile_confirms_1994_row,False,14100932,Q2091031,1969-03-27,11,1969-03-27,agree,1969-03-27,olimpbase_profile_confirms_1994_row,False,1969-03-27,primary_clean_upstream_exact,False,,,M,312,-0.5513364916706298,0.3691683569979716
1994-01,OlimpBase historical FIDE list,C:\chenxi\bazi_project\chess\Elo199401e.html,1002635,"Cifuentes Parada, Roberto",g,NED,M,,2500,45.0,1957-12-21,1957.12.21,True,,334,334.0,326.0,323,True,False,,OlimpBase historical FIDE list,C:\chenxi\bazi_project\chess\Elo199401e.html,,328,"https://olimpbase.org/Elo/player/C/Cifuentes%20Parada,%20Roberto.html","Cifuentes Parada, Roberto",21 December 1957,1957-12-21,2253488,exact_anchor,1957-12-21,olimpbase_profile_confirms_1994_row,False,2253488,Q2748712,1957-12-21,11,1957-12-21,agree,1957-12-21,olimpbase_profile_confirms_1994_row,False,1957-12-21,primary_clean_upstream_exact,False,,,M,312,-0.5513364916706298,0.3691683569979716
1994-01,OlimpBase historical FIDE list,C:\chenxi\bazi_project\chess\Elo199401e.html,14500124,"Dizdar, Goran",g,CRO,M,,2500,58.0,1958-12-04,1958.12.04,True,,328,328.0,326.0,323,True,False,,OlimpBase historical FIDE list,C:\chenxi\bazi_project\chess\Elo199401e.html,,328,"https://olimpbase.org/Elo/player/D/Dizdar,%20Goran.html","Dizdar, Goran",4 December 1958,1958-12-04,14500124,exact_anchor,1958-12-04,olimpbase_profile_confirms_1994_row,False,14500124,Q2333167,1958-12-04,11,1958-12-04,agree,1958-12-04,olimpbase_profile_confirms_1994_row,False,1958-12-04,primary_clean_upstream_exact,False,,,M,312,-0.5513364916706298,0.3691683569979716
1994-01,OlimpBase historical FIDE list,C:\chenxi\bazi_project\chess\Elo199401e.html,13600087,"Janjgava, Lasha",g,GEO,M,,2500,6.0,1970-05-05,1970.05.05,True,,339,339.0,326.0,323,True,False,,OlimpBase historical FIDE list,C:\chenxi\bazi_project\chess\Elo199401e.html,,328,"https://olimpbase.org/Elo/player/D/Dzhandzhava,%20Lasha.html","Janjgava, Lasha",5 May 1970,1970-05-05,13600087,exact_anchor,1970-05-05,olimpbase_profile_confirms_1994_row,False,13600087,Q4159881,1970-05-05,11,1970-05-05,agree,1970-05-05,olimpbase_profile_confirms_1994_row,False,1970-05-05,primary_clean_upstream_exact,False,,,M,312,-0.5513364916706298,0.3691683569979716
1994-01,OlimpBase historical FIDE list,C:\chenxi\bazi_project\chess\Elo199401e.html,3200035,"Johansen, Darryl K.",m,AUS,M,,2500,2.0,1959-02-04,1959.02.04,True,,341,341.0,326.0,323,True,False,,OlimpBase historical FIDE list,C:\chenxi\bazi_project\chess\Elo199401e.html,,328,"https://olimpbase.org/Elo/player/J/Johansen,%20Darryl%20K..html","Johansen, Darryl K.",4 February 1959,1959-02-04,3200035,exact_anchor,1959-02-04,olimpbase_profile_confirms_1994_row,False,3200035,Q354061,1959-02-04,11,1959-02-04,agree,1959-02-04,olimpbase_profile_confirms_1994_row,False,1959-02-04,primary_clean_upstream_exact,False,,,M,312,-0.5513364916706298,0.3691683569979716
1994-01,OlimpBase historical FIDE list,C:\chenxi\bazi_project\chess\Elo199401e.html,4107225,"Korneev, Oleg",m,RUS,M,,2500,46.0,1969-07-25,1969.07.25,True,,332=,332.0,326.0,323,True,False,,OlimpBase historical FIDE list,C:\chenxi\bazi_project\chess\Elo199401e.html,,328,"https://olimpbase.org/Elo/player/K/Korneev,%20Oleg.html","Korneev, Oleg",25 July 1969,1969-07-25,4156803,exact_anchor,1969-07-25,olimpbase_profile_confirms_1994_row,False,4156803,Q569622,1969-07-25,11,1969-07-25,agree,1969-07-25,olimpbase_profile_confirms_1994_row,False,1969-07-25,primary_clean_upstream_exact,False,,,M,312,-0.5513364916706298,0.3691683569979716
1994-01,OlimpBase historical FIDE list,C:\chenxi\bazi_project\chess\Elo199401e.html,8600066,"Liang, Jinrong",m,CHN,M,,2500,4.0,1960-05-21,1960.05.21,True,,340,340.0,326.0,323,True,False,,OlimpBase historical FIDE list,C:\chenxi\bazi_project\chess\Elo199401e.html,,328,"https://olimpbase.org/Elo/player/L/Liang,%20Jinrong.html","Liang, Jinrong",21 May 1960,1960-05-21,8600066,exact_anchor,1960-05-21,olimpbase_profile_confirms_1994_row,False,8600066,Q11755625,1960-05-21,11,1960-05-21,agree,1960-05-21,olimpbase_profile_confirms_1994_row,False,1960-05-21,primary_clean_upstream_exact,False,,,M,312,-0.5513364916706298,0.3691683569979716
1994-01,OlimpBase historical FIDE list,C:\chenxi\bazi_project\chess\Elo199401e.html,2100045,"Lima, Darcy",m,BRA,M,,2500,30.0,1962-05-22,1962.05.22,True,,338,338.0,326.0,323,True,False,,OlimpBase historical FIDE list,C:\chenxi\bazi_project\chess\Elo199401e.html,,328,"https://olimpbase.org/Elo/player/L/Lima,%20Darcy.html","Lima, Darcy",22 May 1962,1962-05-22,2100045,exact_anchor,1962-05-22,olimpbase_profile_confirms_1994_row,False,2100045,Q934236,1962-05-22,11,1962-05-22,agree,1962-05-22,olimpbase_profile_confirms_1994_row,False,1962-05-22,primary_clean_upstream_exact,False,,,M,312,-0.5513364916706298,0.3691683569979716
1994-01,OlimpBase historical FIDE list,C:\chenxi\bazi_project\chess\Elo199401e.html,13500473,"Ryskin, Alexander",m,BLR,M,,2500,79.0,1963-01-12,1963.01.12,True,,326,326.0,326.0,323,True,False,,OlimpBase historical FIDE list,C:\chenxi\bazi_project\chess\Elo199401e.html,,328,"https://olimpbase.org/Elo/player/R/Ryskin,%20Alexander.html","Ryskin, Alexander",12 January 1963,1963-01-12,13500473,exact_anchor,1963-01-12,olimpbase_profile_confirms_1994_row,False,13500473,,,,,,1963-01-12,olimpbase_profile_confirms_1994_row,False,1963-01-12,primary_clean_upstream_exact,False,,,M,312,-0.5513364916706298,0.3691683569979716
1994-01,OlimpBase historical FIDE list,C:\chenxi\bazi_project\chess\Elo199401e.html,1200852,"Schwartzman, Gabriel",g,ROM,M,,2500,63.0,1976-10-23,1976.10.23,True,,327,327.0,326.0,323,True,False,,OlimpBase historical FIDE list,C:\chenxi\bazi_project\chess\Elo199401e.html,,328,"https://olimpbase.org/Elo/player/S/Schwartzman,%20Gabriel.html","Schwartzman, Gabriel",23 October 1976,1976-10-23,2011255,exact_anchor,1976-10-23,olimpbase_profile_confirms_1994_row,False,2011255,Q4521681,1976-10-23,11,1976-10-23,agree,1976-10-23,olimpbase_profile_confirms_1994_row,False,1976-10-23,primary_clean_upstream_exact,False,,,M,312,-0.5513364916706298,0.3691683569979716
1994-01,OlimpBase historical FIDE list,C:\chenxi\bazi_project\chess\Elo199401e.html,13900013,"Titov, German",m,MDA,M,,2500,0.0,1963-04-26,1963.04.26,True,,342=,342.0,326.0,323,True,False,,OlimpBase historical FIDE list,C:\chenxi\bazi_project\chess\Elo199401e.html,,328,"https://olimpbase.org/Elo/player/T/Titov,%20German.html","Titov, German",26 April 1963,1963-04-26,13900013,exact_anchor,1963-04-26,olimpbase_profile_confirms_1994_row,False,13900013,,,,,,1963-04-26,olimpbase_profile_confirms_1994_row,False,1963-04-26,primary_clean_upstream_exact,False,,,M,312,-0.5513364916706298,0.3691683569979716
1994-01,OlimpBase historical FIDE list,C:\chenxi\bazi_project\chess\Elo199401e.html,3500055,"Vera, Reynaldo",g,CUB,M,,2500,46.0,1961-01-07,1961.01.07,True,,332,332.0,326.0,323,True,False,,OlimpBase historical FIDE list,C:\chenxi\bazi_project\chess\Elo199401e.html,,328,"https://olimpbase.org/Elo/player/V/Vera,%20Reynaldo.html","Vera, Reynaldo",7 January 1961,1961-01-07,3500055,exact_anchor,1961-01-07,olimpbase_profile_confirms_1994_row,False,3500055,Q354819,1961-01-07,11,1961-01-07,agree,1961-01-07,olimpbase_profile_confirms_1994_row,False,1961-01-07,primary_clean_upstream_exact,False,,,M,312,-0.5513364916706298,0.3691683569979716
1994-01,OlimpBase historical FIDE list,C:\chenxi\bazi_project\chess\Elo199401e.html,8600015,"Ye, Rongguang",g,CHN,M,,2500,0.0,1963-10-03,1963.10.03,True,,342,342.0,326.0,323,True,False,,OlimpBase historical FIDE list,C:\chenxi\bazi_project\chess\Elo199401e.html,,328,"https://olimpbase.org/Elo/player/Y/Ye,%20Rongguang.html","Ye, Rongguang",3 October 1963,1963-10-03,8600015,exact_anchor,1963-10-03,olimpbase_profile_confirms_1994_row,False,8600015,Q702454,1963-10-03,11,1963-10-03,agree,1963-10-03,olimpbase_profile_confirms_1994_row,False,1963-10-03,primary_clean_upstream_exact,False,,,M,312,-0.5513364916706298,0.3691683569979716
1994-01,OlimpBase historical FIDE list,C:\chenxi\bazi_project\chess\Elo199401e.html,2000300,"Bass, Leonid",m,USA,M,,2495,9.0,1957-05-30,1957.05.30,True,,363,363.0,344.0,341,True,False,,OlimpBase historical FIDE list,C:\chenxi\bazi_project\chess\Elo199401e.html,,346,"https://olimpbase.org/Elo/player/B/Bass,%20Leonid.html","Bass, Leonid",30 May 1957,1957-05-30,2000300,exact_anchor,1957-05-30,olimpbase_profile_confirms_1994_row,False,2000300,Q27523400,1957-05-30,11,1957-05-30,agree,1957-05-30,olimpbase_profile_confirms_1994_row,False,1957-05-30,primary_clean_upstream_exact,False,,,M,330,-0.6463348268242012,0.332657200811359
1994-01,OlimpBase historical FIDE list,C:\chenxi\bazi_project\chess\Elo199401e.html,1000047,"Brenninkmeijer, Joris",m,NED,M,,2495,0.0,1969-09-14,1969.09.14,True,,365,365.0,344.0,341,True,False,,OlimpBase historical FIDE list,C:\chenxi\bazi_project\chess\Elo199401e.html,,346,"https://olimpbase.org/Elo/player/B/Brenninkmeijer,%20Joris.html","Brenninkmeijer, Joris",14 September 1969,1969-09-14,1000047,exact_anchor,1969-09-14,olimpbase_profile_confirms_1994_row,False,1000047,Q11728285,1969-09-14,11,1969-09-14,agree,1969-09-14,olimpbase_profile_confirms_1994_row,False,1969-09-14,primary_clean_upstream_exact,False,,,M,330,-0.6463348268242012,0.332657200811359
1994-01,OlimpBase historical FIDE list,C:\chenxi\bazi_project\chess\Elo199401e.html,201260,"Chuchelov, Vladimir",m,BEL,M,,2495,34.0,1969-09-28,1969.09.28,True,,353,353.0,344.0,341,True,False,,OlimpBase historical FIDE list,C:\chenxi\bazi_project\chess\Elo199401e.html,,346,"https://olimpbase.org/Elo/player/C/Chuchelov,%20Vladimir.html","Chuchelov, Vladimir",28 September 1969,1969-09-28,201260,exact_anchor,1969-09-28,olimpbase_profile_confirms_1994_row,False,201260,Q155328,1969-09-28,11,1969-09-28,agree,1969-09-28,olimpbase_profile_confirms_1994_row,False,1969-09-28,primary_clean_upstream_exact,False,,,M,330,-0.6463348268242012,0.332657200811359
1994-01,OlimpBase historical FIDE list,C:\chenxi\bazi_project\chess\Elo199401e.html,400181,"Conquest, Stuart",g,ENG,M,,2495,58.0,1967-03-01,1967.03.01,True,,345,345.0,344.0,341,True,False,,OlimpBase historical FIDE list,C:\chenxi\bazi_project\chess\Elo199401e.html,,346,"https://olimpbase.org/Elo/player/C/Conquest,%20Stuart.html","Conquest, Stuart",1 March 1967,1967-03-01,400181,exact_anchor,1967-03-01,olimpbase_profile_confirms_1994_row,False,400181,Q349559,1967-03-01,11,1967-03-01,agree,1967-03-01,olimpbase_profile_confirms_1994_row,False,1967-03-01,primary_clean_upstream_exact,False,,,M,330,-0.6463348268242012,0.332657200811359
1994-01,OlimpBase historical FIDE list,C:\chenxi\bazi_project\chess\Elo199401e.html,12400084,"Dao, Thien Hai",m,VIE,M,,2495,56.0,1978-05-10,1978.05.10,True,,346,346.0,344.0,341,True,False,,OlimpBase historical FIDE list,C:\chenxi\bazi_project\chess\Elo199401e.html,,346,"https://olimpbase.org/Elo/player/D/Dao,%20Thien%20Hai.html","Dao, Thien Hai",10 May 1978,1978-05-10,12400084,exact_anchor,1978-05-10,olimpbase_profile_confirms_1994_row,False,12400084,Q1320395,1978-05-10,11,1978-05-10,agree,1978-05-10,olimpbase_profile_confirms_1994_row,False,1978-05-10,primary_clean_upstream_exact,False,,,M,330,-0.6463348268242012,0.332657200811359
1994-01,OlimpBase historical FIDE list,C:\chenxi\bazi_project\chess\Elo199401e.html,400297,"Howell, James C.",m,ENG,M,,2495,30.0,1967-05-17,1967.05.17,True,,356,356.0,344.0,341,True,False,,OlimpBase historical FIDE list,C:\chenxi\bazi_project\chess\Elo199401e.html,,346,"https://olimpbase.org/Elo/player/H/Howell,%20James%20C..html","Howell, James C.",17 May 1967,1967-05-17,400297,exact_anchor,1967-05-17,olimpbase_profile_confirms_1994_row,False,400297,Q4496647,1967-05-17,11,1967-05-17,agree,1967-05-17,olimpbase_profile_confirms_1994_row,False,1967-05-17,primary_clean_upstream_exact,False,,,M,330,-0.6463348268242012,0.332657200811359
1994-01,OlimpBase historical FIDE list,C:\chenxi\bazi_project\chess\Elo199401e.html,4101561,"Kalinichev, Sergey L.",m,RUS,M,,2495,38.0,1956-02-03,1956.02.03,True,,351,351.0,344.0,341,True,False,,OlimpBase historical FIDE list,C:\chenxi\bazi_project\chess\Elo199401e.html,,346,"https://olimpbase.org/Elo/player/K/Kalinichev,%20Sergey%20L..html","Kalinitschew, Sergey",3 February 1956,1956-02-03,4637321,exact_anchor,1956-02-03,olimpbase_profile_confirms_1994_row,False,4637321,Q827010,1956-02-03,11,1956-02-03,agree,1956-02-03,olimpbase_profile_confirms_1994_row,False,1956-02-03,primary_clean_upstream_exact,False,,,M,330,-0.6463348268242012,0.332657200811359
1994-01,OlimpBase historical FIDE list,C:\chenxi\bazi_project\chess\Elo199401e.html,4101456,"Lempert, Igor",m,RUS,M,,2495,24.0,1969-11-06,1969.11.06,True,,358=,358.0,344.0,341,True,False,,OlimpBase historical FIDE list,C:\chenxi\bazi_project\chess\Elo199401e.html,,346,"https://olimpbase.org/Elo/player/L/Lempert,%20Igor.html","Lempert, Igor",6 November 1969,1969-11-06,14102714,exact_anchor,1969-11-06,olimpbase_profile_confirms_1994_row,False,14102714,Q27527220,1969-11-06,11,1969-11-06,agree,1969-11-06,olimpbase_profile_confirms_1994_row,False,1969-11-06,primary_clean_upstream_exact,False,,,M,330,-0.6463348268242012,0.332657200811359
1994-01,OlimpBase historical FIDE list,C:\chenxi\bazi_project\chess\Elo199401e.html,14100266,"Levin, Felix",m,UKR,M,,2495,52.0,,,True,,347,347.0,344.0,341,True,False,,OlimpBase historical FIDE list,C:\chenxi\bazi_project\chess\Elo199401e.html,,346,"https://olimpbase.org/Elo/player/L/Levin,%20Felix.html","Levin, Felix",5 November 1958,1958-11-05,4650905,exact_anchor,1958-11-05,olimpbase_profile_fills_missing,False,4650905,Q76108,1958-11-05,11,1958-11-05,agree,1958-11-05,olimpbase_profile_fills_missing,False,1958-11-05,primary_clean_upstream_exact,False,,,M,330,-0.6463348268242012,0.332657200811359
1994-01,OlimpBase historical FIDE list,C:\chenxi\bazi_project\chess\Elo199401e.html,4103645,"Maljutin, Evgeni",m,RUS,M,,2495,8.0,1971-10-31,1971.10.31,True,,364,364.0,344.0,341,True,False,,OlimpBase historical FIDE list,C:\chenxi\bazi_project\chess\Elo199401e.html,,346,"https://olimpbase.org/Elo/player/M/Maljutin,%20Evgeni.html","Maljutin, Evgeni",31 October 1971,1971-10-31,4103645,exact_anchor,1971-10-31,olimpbase_profile_confirms_1994_row,False,4103645,Q27527585,1971-10-31,11,1971-10-31,agree,1971-10-31,olimpbase_profile_confirms_1994_row,False,1971-10-31,primary_clean_upstream_exact,False,,,M,330,-0.6463348268242012,0.332657200811359
1994-01,OlimpBase historical FIDE list,C:\chenxi\bazi_project\chess\Elo199401e.html,901504,"Markovic, Miroslav",m,YUG,M,,2495,33.0,1973-05-08,1973.05.08,True,,354,354.0,344.0,341,True,False,,OlimpBase historical FIDE list,C:\chenxi\bazi_project\chess\Elo199401e.html,,346,"https://olimpbase.org/Elo/player/M/Markovic,%20Miroslav.html","Markovic, Miroslav",8 May 1973,1973-05-08,901504,exact_anchor,1973-05-08,olimpbase_profile_confirms_1994_row,False,901504,Q4282096,1973-05-08,11,1973-05-08,agree,1973-05-08,olimpbase_profile_confirms_1994_row,False,1973-05-08,primary_clean_upstream_exact,False,,,M,330,-0.6463348268242012,0.332657200811359
1994-01,OlimpBase historical FIDE list,C:\chenxi\bazi_project\chess\Elo199401e.html,1105680,"Markowski, Tomasz",m,POL,M,,2495,25.0,1975-07-30,1975.07.30,True,,357,357.0,344.0,341,True,False,,OlimpBase historical FIDE list,C:\chenxi\bazi_project\chess\Elo199401e.html,,346,"https://olimpbase.org/Elo/player/M/Markowski,%20Tomasz.html","Markowski, Tomasz",30 July 1975,1975-07-30,1105680,exact_anchor,1975-07-30,olimpbase_profile_confirms_1994_row,False,1105680,Q724051,1975-07-30,11,1975-07-30,agree,1975-07-30,olimpbase_profile_confirms_1994_row,False,1975-07-30,primary_clean_upstream_exact,False,,,M,330,-0.6463348268242012,0.332657200811359
1994-01,OlimpBase historical FIDE list,C:\chenxi\bazi_project\chess\Elo199401e.html,4102010,"Muhutdinov, Marat",m,RUS,M,,2495,31.0,,,True,,355,355.0,344.0,341,True,False,,OlimpBase historical FIDE list,C:\chenxi\bazi_project\chess\Elo199401e.html,,346,"https://olimpbase.org/Elo/player/M/Muhutdinov,%20Marat.html","Muhutdinov, Marat",,,4102010,exact_anchor,,profile_no_exact_dob:unparsed_profile_dob,True,4102010,Q27579784,1967-11-17,11,1967-11-17,,1967-11-17,wikidata_via_olimpbase_modern_id_filled,False,1967-11-17,primary_clean_upstream_exact,False,,,M,330,-0.6463348268242012,0.332657200811359
1994-01,OlimpBase historical FIDE list,C:\chenxi\bazi_project\chess\Elo199401e.html,4118987,"Najer, Evgeniy",m,RUS,M,,2495,43.0,,,True,,348,348.0,344.0,341,True,False,,OlimpBase historical FIDE list,C:\chenxi\bazi_project\chess\Elo199401e.html,,346,"https://olimpbase.org/Elo/player/N/Najer,%20Evgeniy.html","Najer, Evgeniy",22 June 1977,1977-06-22,4118987,exact_anchor,1977-06-22,olimpbase_profile_fills_missing,False,4118987,Q490636,1977-06-22,11,1977-06-22,agree,1977-06-22,olimpbase_profile_fills_missing,False,1977-06-22,primary_clean_upstream_exact,False,,,M,330,-0.6463348268242012,0.332657200811359
1994-01,OlimpBase historical FIDE list,C:\chenxi\bazi_project\chess\Elo199401e.html,4106849,"Ragozin, Evgeni",m,RUS,M,,2495,21.0,,,True,,360,360.0,344.0,341,True,False,,OlimpBase historical FIDE list,C:\chenxi\bazi_project\chess\Elo199401e.html,,346,"https://olimpbase.org/Elo/player/R/Ragozin,%20Evgeni.html","Ragozin, Evgeni",6 June 1967,1967-06-06,4106849,exact_anchor,1967-06-06,olimpbase_profile_fills_missing,False,4106849,Q27530258,1967-06-06,11,1967-06-06,agree,1967-06-06,olimpbase_profile_fills_missing,False,1967-06-06,primary_clean_upstream_exact,False,,,M,330,-0.6463348268242012,0.332657200811359
1994-01,OlimpBase historical FIDE list,C:\chenxi\bazi_project\chess\Elo199401e.html,11600098,"Rausis, Igors",g,LAT,M,,2495,63.0,1961-04-07,1961.04.07,True,,344,344.0,344.0,341,True,False,,OlimpBase historical FIDE list,C:\chenxi\bazi_project\chess\Elo199401e.html,,346,"https://olimpbase.org/Elo/player/R/Rausis,%20Igor.html","Rausis, Igors",7 April 1961,1961-04-07,11600098,exact_anchor,1961-04-07,olimpbase_profile_confirms_1994_row,False,11600098,,,,,,1961-04-07,olimpbase_profile_confirms_1994_row,False,1961-04-07,primary_clean_upstream_exact,False,,,M,330,-0.6463348268242012,0.332657200811359
1994-01,OlimpBase historical FIDE list,C:\chenxi\bazi_project\chess\Elo199401e.html,900184,"Simic, Radoslav",g,YUG,M,,2495,21.0,1948-06-09,1948.06.09,True,,360=,360.0,344.0,341,True,False,,OlimpBase historical FIDE list,C:\chenxi\bazi_project\chess\Elo199401e.html,,346,"https://olimpbase.org/Elo/player/S/Simic,%20Radoslav.html","Simic, Radoslav",9 June 1948,1948-06-09,900184,exact_anchor,1948-06-09,olimpbase_profile_confirms_1994_row,False,900184,,,,,,1948-06-09,olimpbase_profile_confirms_1994_row,False,1948-06-09,primary_clean_upstream_exact,False,,,M,330,-0.6463348268242012,0.332657200811359
1994-01,OlimpBase historical FIDE list,C:\chenxi\bazi_project\chess\Elo199401e.html,900150,"Strikovic, Aleksa",m,YUG,M,,2495,42.0,1961-05-12,1961.05.12,True,,349=,349.0,344.0,341,True,False,,OlimpBase historical FIDE list,C:\chenxi\bazi_project\chess\Elo199401e.html,,346,"https://olimpbase.org/Elo/player/S/Strikovic,%20Aleksa.html","Strikovic, Aleksa",12 May 1961,1961-05-12,900150,exact_anchor,1961-05-12,olimpbase_profile_confirms_1994_row,False,900150,Q4444009,1961-05-12,11,1961-05-12,agree,1961-05-12,olimpbase_profile_confirms_1994_row,False,1961-05-12,primary_clean_upstream_exact,False,,,M,330,-0.6463348268242012,0.332657200811359
1994-01,OlimpBase historical FIDE list,C:\chenxi\bazi_project\chess\Elo199401e.html,4611500,"Teske, Henrik",m,GER,M,,2495,35.0,1968-02-28,1968.02.28,True,,352,352.0,344.0,341,True,False,,OlimpBase historical FIDE list,C:\chenxi\bazi_project\chess\Elo199401e.html,,346,"https://olimpbase.org/Elo/player/T/Teske,%20Henrik.html","Teske, Henrik",28 February 1968,1968-02-28,4611500,exact_anchor,1968-02-28,olimpbase_profile_confirms_1994_row,False,4611500,Q92504,1968-02-28,11,1968-02-28,agree,1968-02-28,olimpbase_profile_confirms_1994_row,False,1968-02-28,primary_clean_upstream_exact,False,,,M,330,-0.6463348268242012,0.332657200811359
1994-01,OlimpBase historical FIDE list,C:\chenxi\bazi_project\chess\Elo199401e.html,4611292,"Vogt, Lothar",g,GER,M,,2495,24.0,1952-01-17,1952.01.17,True,,358,358.0,344.0,341,True,False,,OlimpBase historical FIDE list,C:\chenxi\bazi_project\chess\Elo199401e.html,,346,"https://olimpbase.org/Elo/player/V/Vogt,%20Lothar.html","Vogt, Lothar",17 January 1952,1952-01-17,4611292,exact_anchor,1952-01-17,olimpbase_profile_confirms_1994_row,False,4611292,Q96129,1952-01-17,11,1952-01-17,agree,1952-01-17,olimpbase_profile_confirms_1994_row,False,1952-01-17,primary_clean_upstream_exact,False,,,M,330,-0.6463348268242012,0.332657200811359
1994-01,OlimpBase historical FIDE list,C:\chenxi\bazi_project\chess\Elo199401e.html,400203,"Ward, Christopher",m,ENG,M,,2495,42.0,1968-03-26,1968.03.26,True,,349,349.0,344.0,341,True,False,,OlimpBase historical FIDE list,C:\chenxi\bazi_project\chess\Elo199401e.html,,346,"https://olimpbase.org/Elo/player/W/Ward,%20Christopher.html","Ward, Christopher",26 March 1968,1968-03-26,400203,exact_anchor,1968-03-26,olimpbase_profile_confirms_1994_row,False,400203,Q2034887,1968-03-26,11,1968-03-26,agree,1968-03-26,olimpbase_profile_confirms_1994_row,False,1968-03-26,primary_clean_upstream_exact,False,,,M,330,-0.6463348268242012,0.332657200811359
1994-01,OlimpBase historical FIDE list,C:\chenxi\bazi_project\chess\Elo199401e.html,200018,"Winants, Luc",m,BEL,M,,2495,11.0,1963-01-01,1963.01.01,True,,362,362.0,344.0,341,True,False,,OlimpBase historical FIDE list,C:\chenxi\bazi_project\chess\Elo199401e.html,,346,"https://olimpbase.org/Elo/player/W/Winants,%20Luc.html","Winants, Luc",1 January 1963,1963-01-01,200018,exact_anchor,1963-01-01,olimpbase_profile_confirms_1994_row,False,200018,,,,,,1963-01-01,olimpbase_profile_confirms_1994_row,False,1963-01-01,primary_clean_upstream_exact,False,,,M,330,-0.6463348268242012,0.332657200811359
1994-01,OlimpBase historical FIDE list,C:\chenxi\bazi_project\chess\Elo199401e.html,14101440,"Berelovich, Aleksandar",m,UKR,M,,2490,24.0,,,True,,377,377.0,366.0,363,True,False,,OlimpBase historical FIDE list,C:\chenxi\bazi_project\chess\Elo199401e.html,,368,"https://olimpbase.org/Elo/player/B/Berelovich,%20Aleksandar.html","Berelovich, Aleksandar",2 July 1967,1967-07-02,14101440,exact_anchor,1967-07-02,olimpbase_profile_fills_missing,False,14101440,Q324960,1967-07-02,11,1967-07-02,agree,1967-07-02,olimpbase_profile_fills_missing,False,1967-07-02,primary_clean_upstream_exact,False,,,M,352,-0.7413331619777727,0.2880324543610548
1994-01,OlimpBase historical FIDE list,C:\chenxi\bazi_project\chess\Elo199401e.html,4100859,"Chekhov, Valery A.",g,RUS,M,,2490,11.0,1955-11-27,1955.11.27,True,,382,382.0,366.0,363,True,False,,OlimpBase historical FIDE list,C:\chenxi\bazi_project\chess\Elo199401e.html,,368,"https://olimpbase.org/Elo/player/C/Chekhov,%20Valery%20A..html","Chekhov, Valery A.",27 November 1955,1955-11-27,4100859,exact_anchor,1955-11-27,olimpbase_profile_confirms_1994_row,False,4100859,Q1377864,1955-11-27,11,1955-11-27,agree,1955-11-27,olimpbase_profile_confirms_1994_row,False,1955-11-27,primary_clean_upstream_exact,False,,,M,352,-0.7413331619777727,0.2880324543610548
1994-01,OlimpBase historical FIDE list,C:\chenxi\bazi_project\chess\Elo199401e.html,4101944,"Dragomarezkij, Evgeni",m,RUS,M,,2490,37.0,,,True,,374=,374.0,366.0,363,True,False,,OlimpBase historical FIDE list,C:\chenxi\bazi_project\chess\Elo199401e.html,,368,"https://olimpbase.org/Elo/player/D/Dragomarezkij,%20Evgeni.html","Dragomarezkij, Evgeni",19 January 1953,1953-01-19,4101944,exact_anchor,1953-01-19,olimpbase_profile_fills_missing,False,4101944,Q27524653,1953-01-19,11,1953-01-19,agree,1953-01-19,olimpbase_profile_fills_missing,False,1953-01-19,primary_clean_upstream_exact,False,,,M,352,-0.7413331619777727,0.2880324543610548
1994-01,OlimpBase historical FIDE list,C:\chenxi\bazi_project\chess\Elo199401e.html,4100581,"Geller, Efim P.",g,RUS,M,,2490,14.0,1925-03-08,1925.03.08,True,,381,381.0,366.0,363,True,False,,OlimpBase historical FIDE list,C:\chenxi\bazi_project\chess\Elo199401e.html,,368,"https://olimpbase.org/Elo/player/G/Geller,%20Efim%20P..html","Geller, Efim P.",8 March 1925,1925-03-08,4100581,exact_anchor,1925-03-08,olimpbase_profile_confirms_1994_row,False,4100581,,,,,,1925-03-08,olimpbase_profile_confirms_1994_row,False,1925-03-08,primary_clean_upstream_exact,False,,,M,352,-0.7413331619777727,0.2880324543610548
1994-01,OlimpBase historical FIDE list,C:\chenxi\bazi_project\chess\Elo199401e.html,7100043,"Handoko, Edhi",m,INA,M,,2490,17.0,1960-08-28,1960.08.28,True,,380,380.0,366.0,363,True,False,,OlimpBase historical FIDE list,C:\chenxi\bazi_project\chess\Elo199401e.html,,368,"https://olimpbase.org/Elo/player/H/Handoko,%20Edhi.html","Handoko, Edhi",28 August 1960,1960-08-28,7100043,exact_anchor,1960-08-28,olimpbase_profile_confirms_1994_row,False,7100043,,,,,,1960-08-28,olimpbase_profile_confirms_1994_row,False,1960-08-28,primary_clean_upstream_exact,False,,,M,352,-0.7413331619777727,0.2880324543610548
1994-01,OlimpBase historical FIDE list,C:\chenxi\bazi_project\chess\Elo199401e.html,600113,"Hauchard, Arnaud",m,FRA,M,,2490,41.0,1971-11-15,1971.11.15,True,,370,370.0,366.0,363,True,False,,OlimpBase historical FIDE list,C:\chenxi\bazi_project\chess\Elo199401e.html,,368,"https://olimpbase.org/Elo/player/H/Hauchard,%20Arnaud.html","Hauchard, Arnaud",15 November 1971,1971-11-15,600113,exact_anchor,1971-11-15,olimpbase_profile_confirms_1994_row,False,600113,Q2863141,1971-11-15,11,1971-11-15,agree,1971-11-15,olimpbase_profile_confirms_1994_row,False,1971-11-15,primary_clean_upstream_exact,False,,,M,352,-0.7413331619777727,0.2880324543610548
1994-01,OlimpBase historical FIDE list,C:\chenxi\bazi_project\chess\Elo199401e.html,700282,"Kallai, Gabor",m,HUN,M,,2490,51.0,1959-02-21,1959.02.21,True,,369,369.0,366.0,363,True,False,,OlimpBase historical FIDE list,C:\chenxi\bazi_project\chess\Elo199401e.html,,368,"https://olimpbase.org/Elo/player/K/Kallai,%20Gabor.html","Kallai, Gabor",21 February 1959,1959-02-21,700282,exact_anchor,1959-02-21,olimpbase_profile_confirms_1994_row,False,700282,Q831114,1959-02-21,11,1959-02-21,agree,1959-02-21,olimpbase_profile_confirms_1994_row,False,1959-02-21,primary_clean_upstream_exact,False,,,M,352,-0.7413331619777727,0.2880324543610548
1994-01,OlimpBase historical FIDE list,C:\chenxi\bazi_project\chess\Elo199401e.html,4117107,"Kiselev, Gennady",,RUS,M,,2490,41.0,1967-06-26,1967.06.26,True,,370=,370.0,366.0,363,True,False,,OlimpBase historical FIDE list,C:\chenxi\bazi_project\chess\Elo199401e.html,,368,"https://olimpbase.org/Elo/player/K/Kiselev,%20Gennady.html","Kiselev, Gennady",26 June 1967,1967-06-26,4117107,exact_anchor,1967-06-26,olimpbase_profile_confirms_1994_row,False,4117107,Q27526565,1967-06-26,11,1967-06-26,agree,1967-06-26,olimpbase_profile_confirms_1994_row,False,1967-06-26,primary_clean_upstream_exact,False,,,M,352,-0.7413331619777727,0.2880324543610548
1994-01,OlimpBase historical FIDE list,C:\chenxi\bazi_project\chess\Elo199401e.html,600148,"Koch, Jean-Rene",m,FRA,M,,2490,40.0,1970-11-08,1970.11.08,True,,373,373.0,366.0,363,True,False,,OlimpBase historical FIDE list,C:\chenxi\bazi_project\chess\Elo199401e.html,,368,"https://olimpbase.org/Elo/player/K/Koch,%20Jean-Rene.html","Koch, Jean-Rene",8 November 1970,1970-11-08,600148,exact_anchor,1970-11-08,olimpbase_profile_confirms_1994_row,False,600148,Q507711,1970-11-08,11,1970-11-08,agree,1970-11-08,olimpbase_profile_confirms_1994_row,False,1970-11-08,primary_clean_upstream_exact,False,,,M,352,-0.7413331619777727,0.2880324543610548
1994-01,OlimpBase historical FIDE list,C:\chenxi\bazi_project\chess\Elo199401e.html,2900130,"Kolev, Atanas",g,BUL,M,,2490,53.0,1967-07-15,1967.07.15,True,,368,368.0,366.0,363,True,False,,OlimpBase historical FIDE list,C:\chenxi\bazi_project\chess\Elo199401e.html,,368,"https://olimpbase.org/Elo/player/K/Kolev,%20Atanas.html","Kolev, Atanas",15 July 1967,1967-07-15,2900130,exact_anchor,1967-07-15,olimpbase_profile_confirms_1994_row,False,2900130,Q2634340,1967-07-15,11,1967-07-15,agree,1967-07-15,olimpbase_profile_confirms_1994_row,False,1967-07-15,primary_clean_upstream_exact,False,,,M,352,-0.7413331619777727,0.2880324543610548
1994-01,OlimpBase historical FIDE list,C:\chenxi\bazi_project\chess\Elo199401e.html,4612396,"Maiwald, Jens-Uwe",m,GER,M,,2490,57.0,1974-05-06,1974.05.06,True,,367,367.0,366.0,363,True,False,,OlimpBase historical FIDE list,C:\chenxi\bazi_project\chess\Elo199401e.html,,368,"https://olimpbase.org/Elo/player/M/Maiwald,%20Jens-Uwe.html","Maiwald, Jens-Uwe",6 May 1974,1974-05-06,4612396,exact_anchor,1974-05-06,olimpbase_profile_confirms_1994_row,False,4612396,Q95478,1974-05-06,11,1974-05-06,agree,1974-05-06,olimpbase_profile_confirms_1994_row,False,1974-05-06,primary_clean_upstream_exact,False,,,M,352,-0.7413331619777727,0.2880324543610548
1994-01,OlimpBase historical FIDE list,C:\chenxi\bazi_project\chess\Elo199401e.html,4621654,"Mowsziszian, Karen",m,GER,M,,2490,41.0,,,True,,370=,370.0,366.0,363,True,False,,OlimpBase historical FIDE list,C:\chenxi\bazi_project\chess\Elo199401e.html,,368,"https://olimpbase.org/Elo/player/M/Mowsziszian,%20Karen.html","Movsziszian, Karen",6 January 1963,1963-01-06,13301152,exact_anchor,1963-01-06,olimpbase_profile_fills_missing,False,13301152,Q821748,1963-01-06,11,1963-01-06,agree,1963-01-06,olimpbase_profile_fills_missing,False,1963-01-06,primary_clean_upstream_exact,False,,,M,352,-0.7413331619777727,0.2880324543610548
1994-01,OlimpBase historical FIDE list,C:\chenxi\bazi_project\chess\Elo199401e.html,4800036,"Sarsam, S. A.",f,IRQ,M,,2490,62.0,,,True,,366,366.0,366.0,363,True,False,,OlimpBase historical FIDE list,C:\chenxi\bazi_project\chess\Elo199401e.html,,368,"https://olimpbase.org/Elo/player/S/Sarsam,%20S.%20A..html","Sarsam, S. A.",28 July 1966,1966-07-28,4800036,exact_anchor,1966-07-28,olimpbase_profile_fills_missing,False,4800036,Q27531016,1966-01-01,9,,,1966-07-28,olimpbase_profile_fills_missing,False,1966-07-28,primary_clean_upstream_exact,False,,,M,352,-0.7413331619777727,0.2880324543610548
1994-01,OlimpBase historical FIDE list,C:\chenxi\bazi_project\chess\Elo199401e.html,4611322,"Tischbierek, Raj",g,GER,M,,2490,22.0,1962-09-24,1962.09.24,True,,378,378.0,366.0,363,True,False,,OlimpBase historical FIDE list,C:\chenxi\bazi_project\chess\Elo199401e.html,,368,"https://olimpbase.org/Elo/player/T/Tischbierek,%20Raj.html","Tischbierek, Raj",24 September 1962,1962-09-24,4611322,exact_anchor,1962-09-24,olimpbase_profile_confirms_1994_row,False,4611322,Q89517,1962-09-24,11,1962-09-24,agree,1962-09-24,olimpbase_profile_confirms_1994_row,False,1962-09-24,primary_clean_upstream_exact,False,,,M,352,-0.7413331619777727,0.2880324543610548
1994-01,OlimpBase historical FIDE list,C:\chenxi\bazi_project\chess\Elo199401e.html,4120086,"Turov, Maxim",,RUS,M,,2490,9.0,,,True,,383,383.0,366.0,363,True,False,,OlimpBase historical FIDE list,C:\chenxi\bazi_project\chess\Elo199401e.html,,368,"https://olimpbase.org/Elo/player/T/Turov,%20Maxim.html","Turov, Maxim",7 December 1979,1979-12-07,4120086,exact_anchor,1979-12-07,olimpbase_profile_fills_missing,False,4120086,Q510911,1979-12-07,11,1979-12-07,agree,1979-12-07,olimpbase_profile_fills_missing,False,1979-12-07,primary_clean_upstream_exact,False,,,M,352,-0.7413331619777727,0.2880324543610548
1994-01,OlimpBase historical FIDE list,C:\chenxi\bazi_project\chess\Elo199401e.html,3400042,"Vasquez, Rodrigo",m,CHI,M,,2490,20.0,1969-12-06,1969.12.06,True,,379,379.0,366.0,363,True,False,,OlimpBase historical FIDE list,C:\chenxi\bazi_project\chess\Elo199401e.html,,368,"https://olimpbase.org/Elo/player/V/Vasquez,%20Rodrigo.html","Vasquez, Rodrigo",6 December 1969,1969-12-06,3400042,exact_anchor,1969-12-06,olimpbase_profile_confirms_1994_row,False,3400042,Q6110832,1969-12-06,11,1969-12-06,agree,1969-12-06,olimpbase_profile_confirms_1994_row,False,1969-12-06,primary_clean_upstream_exact,False,,,M,352,-0.7413331619777727,0.2880324543610548
1994-01,OlimpBase historical FIDE list,C:\chenxi\bazi_project\chess\Elo199401e.html,900079,"Velimirovic, Dragoljub",g,YUG,M,,2490,29.0,1942-05-12,1942.05.12,True,,376,376.0,366.0,363,True,False,,OlimpBase historical FIDE list,C:\chenxi\bazi_project\chess\Elo199401e.html,,368,"https://olimpbase.org/Elo/player/V/Velimirovic,%20Dragoljub.html","Velimirovic, Dragoljub",12 May 1942,1942-05-12,900079,exact_anchor,1942-05-12,olimpbase_profile_confirms_1994_row,False,900079,,,,,,1942-05-12,olimpbase_profile_confirms_1994_row,False,1942-05-12,primary_clean_upstream_exact,False,,,M,352,-0.7413331619777727,0.2880324543610548
1994-01,OlimpBase historical FIDE list,C:\chenxi\bazi_project\chess\Elo199401e.html,400327,"Wells, Peter K.",m,ENG,M,,2490,37.0,1965-04-17,1965.04.17,True,,374,374.0,366.0,363,True,False,,OlimpBase historical FIDE list,C:\chenxi\bazi_project\chess\Elo199401e.html,,368,"https://olimpbase.org/Elo/player/W/Wells,%20Peter%20K..html","Wells, Peter K.",17 April 1965,1965-04-17,400327,exact_anchor,1965-04-17,olimpbase_profile_confirms_1994_row,False,400327,Q2226229,1965-04-17,11,1965-04-17,agree,1965-04-17,olimpbase_profile_confirms_1994_row,False,1965-04-17,primary_clean_upstream_exact,False,,,M,352,-0.7413331619777727,0.2880324543610548
1994-01,OlimpBase historical FIDE list,C:\chenxi\bazi_project\chess\Elo199401e.html,3500012,"Arencibia, Walter",g,CUB,M,,2485,64.0,1967-07-21,1967.07.21,True,,387,387.0,384.0,381,True,False,,OlimpBase historical FIDE list,C:\chenxi\bazi_project\chess\Elo199401e.html,,386,"https://olimpbase.org/Elo/player/A/Arencibia,%20Walter.html","Arencibia, Walter",21 July 1967,1967-07-21,3500012,exact_anchor,1967-07-21,olimpbase_profile_confirms_1994_row,False,3500012,Q583139,1967-07-21,11,1967-07-21,agree,1967-07-21,olimpbase_profile_confirms_1994_row,False,1967-07-21,primary_clean_upstream_exact,False,,,M,370,-0.8363314971313441,0.2515212981744422
1994-01,OlimpBase historical FIDE list,C:\chenxi\bazi_project\chess\Elo199401e.html,1700219,"Brynell, Stellan",m,SWE,M,,2485,32.0,1962-09-28,1962.09.28,True,,398,398.0,384.0,381,True,False,,OlimpBase historical FIDE list,C:\chenxi\bazi_project\chess\Elo199401e.html,,386,"https://olimpbase.org/Elo/player/B/Brynell,%20Stellan.html","Brynell, Stellan",28 September 1962,1962-09-28,1700219,exact_anchor,1962-09-28,olimpbase_profile_confirms_1994_row,False,1700219,Q729383,1962-09-28,11,1962-09-28,agree,1962-09-28,olimpbase_profile_confirms_1994_row,False,1962-09-28,primary_clean_upstream_exact,False,,,M,370,-0.8363314971313441,0.2515212981744422
1994-01,OlimpBase historical FIDE list,C:\chenxi\bazi_project\chess\Elo199401e.html,400149,"Gallagher, Joseph G.",g,ENG,M,,2485,67.0,1964-05-04,1964.05.04,True,,385,385.0,384.0,381,True,False,,OlimpBase historical FIDE list,C:\chenxi\bazi_project\chess\Elo199401e.html,,386,"https://olimpbase.org/Elo/player/G/Gallagher,%20Joseph%20G..html","Gallagher, Joseph G.",4 May 1964,1964-05-04,1303422,exact_anchor,1964-05-04,olimpbase_profile_confirms_1994_row,False,1303422,Q685117,1964-05-04,11,1964-05-04,agree,1964-05-04,olimpbase_profile_confirms_1994_row,False,1964-05-04,primary_clean_upstream_exact,False,,,M,370,-0.8363314971313441,0.2515212981744422
1994-01,OlimpBase historical FIDE list,C:\chenxi\bazi_project\chess\Elo199401e.html,1500031,"Gausel, Einar",m,NOR,M,,2485,34.0,1963-11-30,1963.11.30,True,,397,397.0,384.0,381,True,False,,OlimpBase historical FIDE list,C:\chenxi\bazi_project\chess\Elo199401e.html,,386,"https://olimpbase.org/Elo/player/G/Gausel,%20Einar.html","Gausel, Einar",30 November 1963,1963-11-30,1500031,exact_anchor,1963-11-30,olimpbase_profile_confirms_1994_row,False,1500031,Q372917,1963-11-30,11,1963-11-30,agree,1963-11-30,olimpbase_profile_confirms_1994_row,False,1963-11-30,primary_clean_upstream_exact,False,,,M,370,-0.8363314971313441,0.2515212981744422
1994-01,OlimpBase historical FIDE list,C:\chenxi\bazi_project\chess\Elo199401e.html,2200163,"Gomez Esteban, Juan Mario",m,ESP,M,,2485,35.0,1958-02-05,1958.02.05,True,,396,396.0,384.0,381,True,False,,OlimpBase historical FIDE list,C:\chenxi\bazi_project\chess\Elo199401e.html,,386,"https://olimpbase.org/Elo/player/G/Gomez%20Esteban,%20Juan%20Mario.html","Gomez Esteban, Juan Mario",15 February 1958,1958-02-15,2200163,exact_anchor,1958-02-15,olimpbase_profile_corrects_1994_row,False,2200163,Q3751041,1958-02-15,11,1958-02-15,agree,1958-02-15,olimpbase_profile_corrects_1994_row,False,1958-02-15,primary_clean_upstream_exact,False,,,M,370,-0.8363314971313441,0.2515212981744422
1994-01,OlimpBase historical FIDE list,C:\chenxi\bazi_project\chess\Elo199401e.html,5100011,"Hernandez, Gilberto",m,MEX,M,,2485,87.0,,,True,,384,384.0,384.0,381,True,False,,OlimpBase historical FIDE list,C:\chenxi\bazi_project\chess\Elo199401e.html,,386,"https://olimpbase.org/Elo/player/H/Hernandez,%20Gilberto.html","Hernandez, Gilberto",,,5100011,exact_anchor,,profile_no_exact_dob:unparsed_profile_dob,True,5100011,Q1372197,1970-02-04,11,1970-02-04,,1970-02-04,wikidata_via_olimpbase_modern_id_filled,False,1970-02-04,primary_clean_upstream_exact,False,,,M,370,-0.8363314971313441,0.2515212981744422
1994-01,OlimpBase historical FIDE list,C:\chenxi\bazi_project\chess\Elo199401e.html,900141,"Ivkov, Borislav",g,YUG,M,,2485,20.0,1933-11-12,1933.11.12,True,,402,402.0,384.0,381,True,False,,OlimpBase historical FIDE list,C:\chenxi\bazi_project\chess\Elo199401e.html,,386,"https://olimpbase.org/Elo/player/I/Ivkov,%20Borislav.html","Ivkov, Borislav",12 November 1933,1933-11-12,900141,exact_anchor,1933-11-12,olimpbase_profile_confirms_1994_row,False,900141,Q551331,1933-11-12,11,1933-11-12,agree,1933-11-12,olimpbase_profile_confirms_1994_row,False,1933-11-12,primary_clean_upstream_exact,False,,,M,370,-0.8363314971313441,0.2515212981744422
1994-01,OlimpBase historical FIDE list,C:\chenxi\bazi_project\chess\Elo199401e.html,14500175,"Jukic, Mirko",m,CRO,M,,2485,11.0,1962-10-18,1962.10.18,True,,405,405.0,384.0,381,True,False,,OlimpBase historical FIDE list,C:\chenxi\bazi_project\chess\Elo199401e.html,,386,"https://olimpbase.org/Elo/player/J/Jukic,%20Mirko.html","Jukic, Mirko",18 October 1962,1962-10-18,14500175,exact_anchor,1962-10-18,olimpbase_profile_confirms_1994_row,False,14500175,Q27526285,1962-10-18,11,1962-10-18,agree,1962-10-18,olimpbase_profile_confirms_1994_row,False,1962-10-18,primary_clean_upstream_exact,False,,,M,370,-0.8363314971313441,0.2515212981744422
1994-01,OlimpBase historical FIDE list,C:\chenxi\bazi_project\chess\Elo199401e.html,14500078,"Kovacevic, Vladimir",g,CRO,M,,2485,39.0,1942-03-26,1942.03.26,True,,393,393.0,384.0,381,True,False,,OlimpBase historical FIDE list,C:\chenxi\bazi_project\chess\Elo199401e.html,,386,"https://olimpbase.org/Elo/player/K/Kovacevic,%20Vladimir.html","Kovacevic, Vladimir",26 March 1942,1942-03-26,14500078,exact_anchor,1942-03-26,olimpbase_profile_confirms_1994_row,False,14500078,Q2065079,1942-01-01;1942-03-26,9;11,1942-03-26,agree,1942-03-26,olimpbase_profile_confirms_1994_row,False,1942-03-26,primary_clean_upstream_exact,False,,,M,370,-0.8363314971313441,0.2515212981744422
1994-01,OlimpBase historical FIDE list,C:\chenxi\bazi_project\chess\Elo199401e.html,700142,"Lukacs, Peter",g,HUN,M,,2485,56.0,1950-07-09,1950.07.09,True,,388,388.0,384.0,381,True,False,,OlimpBase historical FIDE list,C:\chenxi\bazi_project\chess\Elo199401e.html,,386,"https://olimpbase.org/Elo/player/L/Lukacs,%20Peter.html","Lukacs, Peter",9 July 1950,1950-07-09,700142,exact_anchor,1950-07-09,olimpbase_profile_confirms_1994_row,False,700142,Q2120610,1950-07-09,11,1950-07-09,agree,1950-07-09,olimpbase_profile_confirms_1994_row,False,1950-07-09,primary_clean_upstream_exact,False,,,M,370,-0.8363314971313441,0.2515212981744422
1994-01,OlimpBase historical FIDE list,C:\chenxi\bazi_project\chess\Elo199401e.html,1100122,"Matlak, Marek",m,POL,M,,2485,66.0,1966-03-21,1966.03.21,True,,386,386.0,384.0,381,True,False,,OlimpBase historical FIDE list,C:\chenxi\bazi_project\chess\Elo199401e.html,,386,"https://olimpbase.org/Elo/player/M/Matlak,%20Marek.html","Matlak, Marek",21 March 1966,1966-03-21,1100122,exact_anchor,1966-03-21,olimpbase_profile_confirms_1994_row,False,1100122,Q11768307,1966-03-21,11,1966-03-21,agree,1966-03-21,olimpbase_profile_confirms_1994_row,False,1966-03-21,primary_clean_upstream_exact,False,,,M,370,-0.8363314971313441,0.2515212981744422
1994-01,OlimpBase historical FIDE list,C:\chenxi\bazi_project\chess\Elo199401e.html,13300245,"Nalbandian, Tigran",m,ARM,M,,2485,24.0,,,True,,401,401.0,384.0,381,True,False,,OlimpBase historical FIDE list,C:\chenxi\bazi_project\chess\Elo199401e.html,,386,"https://olimpbase.org/Elo/player/N/Nalbandian,%20Tigran.html","Nalbandian, Tigran",5 June 1975,1975-06-05,13300245,exact_anchor,1975-06-05,olimpbase_profile_fills_missing,False,13300245,Q2335548,1975-06-05,11,1975-06-05,agree,1975-06-05,olimpbase_profile_fills_missing,False,1975-06-05,primary_clean_upstream_exact,False,,,M,370,-0.8363314971313441,0.2515212981744422
1994-01,OlimpBase historical FIDE list,C:\chenxi\bazi_project\chess\Elo199401e.html,4101880,"Nikolenko, Oleg",m,RUS,M,,2485,16.0,1959-06-19,1959.06.19,True,,403,403.0,384.0,381,True,False,,OlimpBase historical FIDE list,C:\chenxi\bazi_project\chess\Elo199401e.html,,386,"https://olimpbase.org/Elo/player/N/Nikolenko,%20Oleg.html","Nikolenko, Oleg",19 June 1959,1959-06-19,4101880,exact_anchor,1959-06-19,olimpbase_profile_confirms_1994_row,False,4101880,Q4320700,1959-06-19,11,1959-06-19,agree,1959-06-19,olimpbase_profile_confirms_1994_row,False,1959-06-19,primary_clean_upstream_exact,False,,,M,370,-0.8363314971313441,0.2515212981744422
1994-01,OlimpBase historical FIDE list,C:\chenxi\bazi_project\chess\Elo199401e.html,900540,"Nikolic, Zivoslav",m,YUG,M,,2485,10.0,1953-12-12,1953.12.12,True,,406=,406.0,384.0,381,True,False,,OlimpBase historical FIDE list,C:\chenxi\bazi_project\chess\Elo199401e.html,,386,"https://olimpbase.org/Elo/player/N/Nikolic,%20Zivoslav.html","Nikolic, Zivoslav",12 December 1953,1953-12-12,900540,exact_anchor,1953-12-12,olimpbase_profile_confirms_1994_row,False,900540,Q27528877,1953-12-12,11,1953-12-12,agree,1953-12-12,olimpbase_profile_confirms_1994_row,False,1953-12-12,primary_clean_upstream_exact,False,,,M,370,-0.8363314971313441,0.2515212981744422
1994-01,OlimpBase historical FIDE list,C:\chenxi\bazi_project\chess\Elo199401e.html,4114914,"Notkin, Maksim",m,RUS,M,,2485,29.0,1963-12-11,1963.12.11,True,,400,400.0,384.0,381,True,False,,OlimpBase historical FIDE list,C:\chenxi\bazi_project\chess\Elo199401e.html,,386,"https://olimpbase.org/Elo/player/N/Notkin,%20Maksim.html","Notkin, Maksim",11 December 1963,1963-12-11,4114914,exact_anchor,1963-12-11,olimpbase_profile_confirms_1994_row,False,4114914,Q5990353,1963-12-11,11,1963-12-11,agree,1963-12-11,olimpbase_profile_confirms_1994_row,False,1963-12-11,primary_clean_upstream_exact,False,,,M,370,-0.8363314971313441,0.2515212981744422
1994-01,OlimpBase historical FIDE list,C:\chenxi\bazi_project\chess\Elo199401e.html,2802090,"Oratovsky, Michael",m,ISR,M,,2485,38.0,,,True,,394,394.0,384.0,381,True,False,,OlimpBase historical FIDE list,C:\chenxi\bazi_project\chess\Elo199401e.html,,386,"https://olimpbase.org/Elo/player/O/Oratovsky,%20Michael.html","Oratovsky, Michael",3 April 1974,1974-04-03,2802090,exact_anchor,1974-04-03,olimpbase_profile_fills_missing,False,2802090,Q2584417,1974-04-03,11,1974-04-03,agree,1974-04-03,olimpbase_profile_fills_missing,False,1974-04-03,primary_clean_upstream_exact,False,,,M,370,-0.8363314971313441,0.2515212981744422
1994-01,OlimpBase historical FIDE list,C:\chenxi\bazi_project\chess\Elo199401e.html,14100231,"Palatnik, Semon",g,UKR,M,,2485,16.0,1950-03-26,1950.03.26,True,,403=,403.0,384.0,381,True,False,,OlimpBase historical FIDE list,C:\chenxi\bazi_project\chess\Elo199401e.html,,386,"https://olimpbase.org/Elo/player/P/Palatnik,%20Semon.html","Palatnik, Semon",26 March 1950,1950-03-26,2014610,exact_anchor,1950-03-26,olimpbase_profile_confirms_1994_row,False,2014610,Q2509530,1950-03-26,11,1950-03-26,agree,1950-03-26,olimpbase_profile_confirms_1994_row,False,1950-03-26,primary_clean_upstream_exact,False,,,M,370,-0.8363314971313441,0.2515212981744422
1994-01,OlimpBase historical FIDE list,C:\chenxi\bazi_project\chess\Elo199401e.html,14100398,"Panchenko, Alexandar G.",m,UKR,M,,2485,30.0,1961-04-08,1961.04.08,True,,399,399.0,384.0,381,True,False,,OlimpBase historical FIDE list,C:\chenxi\bazi_project\chess\Elo199401e.html,,386,"https://olimpbase.org/Elo/player/P/Panchenko,%20Alexandar%20G..html","Panchenko, Alexandar G.",8 April 1961,1961-04-08,14100398,exact_anchor,1961-04-08,olimpbase_profile_confirms_1994_row,False,14100398,Q27580075,1961-04-08,11,1961-04-08,agree,1961-04-08,olimpbase_profile_confirms_1994_row,False,1961-04-08,primary_clean_upstream_exact,False,,,M,370,-0.8363314971313441,0.2515212981744422
1994-01,OlimpBase historical FIDE list,C:\chenxi\bazi_project\chess\Elo199401e.html,4600100,"Pfleger, Helmut",g,GER,M,,2485,0.0,1943-08-06,1943.08.06,True,,408,408.0,384.0,381,True,False,,OlimpBase historical FIDE list,C:\chenxi\bazi_project\chess\Elo199401e.html,,386,"https://olimpbase.org/Elo/player/P/Pfleger,%20Helmut.html","Pfleger, Helmut",6 August 1943,1943-08-06,4600100,exact_anchor,1943-08-06,olimpbase_profile_confirms_1994_row,False,4600100,Q71977,1943-08-06,11,1943-08-06,agree,1943-08-06,olimpbase_profile_confirms_1994_row,False,1943-08-06,primary_clean_upstream_exact,False,,,M,370,-0.8363314971313441,0.2515212981744422
1994-01,OlimpBase historical FIDE list,C:\chenxi\bazi_project\chess\Elo199401e.html,400238,"Plaskett, Jim",g,ENG,M,,2485,10.0,1960-03-18,1960.03.18,True,,406,406.0,384.0,381,True,False,,OlimpBase historical FIDE list,C:\chenxi\bazi_project\chess\Elo199401e.html,,386,"https://olimpbase.org/Elo/player/P/Plaskett,%20Jim.html","Plaskett, Jim",18 March 1960,1960-03-18,400238,exact_anchor,1960-03-18,olimpbase_profile_confirms_1994_row,False,400238,Q2078377,1960-03-18,11,1960-03-18,agree,1960-03-18,olimpbase_profile_confirms_1994_row,False,1960-03-18,primary_clean_upstream_exact,False,,,M,370,-0.8363314971313441,0.2515212981744422
1994-01,OlimpBase historical FIDE list,C:\chenxi\bazi_project\chess\Elo199401e.html,2000350,"Rachels, Stuart",m,USA,M,,2485,0.0,1969-09-26,1969.09.26,True,,408=,408.0,384.0,381,True,False,,OlimpBase historical FIDE list,C:\chenxi\bazi_project\chess\Elo199401e.html,,386,"https://olimpbase.org/Elo/player/R/Rachels,%20Stuart.html","Rachels, Stuart",26 September 1969,1969-09-26,2000350,exact_anchor,1969-09-26,olimpbase_profile_confirms_1994_row,False,2000350,Q1639906,1969-09-26,11,1969-09-26,agree,1969-09-26,olimpbase_profile_confirms_1994_row,False,1969-09-26,primary_clean_upstream_exact,False,,,M,370,-0.8363314971313441,0.2515212981744422
1994-01,OlimpBase historical FIDE list,C:\chenxi\bazi_project\chess\Elo199401e.html,600040,"Renet, Olivier",g,FRA,M,,2485,43.0,1964-12-21,1964.12.21,True,,391,391.0,384.0,381,True,False,,OlimpBase historical FIDE list,C:\chenxi\bazi_project\chess\Elo199401e.html,,386,"https://olimpbase.org/Elo/player/R/Renet,%20Olivier.html","Renet, Olivier",21 December 1964,1964-12-21,600040,exact_anchor,1964-12-21,olimpbase_profile_confirms_1994_row,False,600040,Q651846,1964-12-21,11,1964-12-21,agree,1964-12-21,olimpbase_profile_confirms_1994_row,False,1964-12-21,primary_clean_upstream_exact,False,,,M,370,-0.8363314971313441,0.2515212981744422
1994-01,OlimpBase historical FIDE list,C:\chenxi\bazi_project\chess\Elo199401e.html,4500105,"Sepp, Olav",,EST,M,,2485,36.0,1969-05-05,1969.05.05,True,,395,395.0,384.0,381,True,False,,OlimpBase historical FIDE list,C:\chenxi\bazi_project\chess\Elo199401e.html,,386,"https://olimpbase.org/Elo/player/S/Sepp,%20Olav.html","Sepp, Olav",5 May 1969,1969-05-05,4500105,exact_anchor,1969-05-05,olimpbase_profile_confirms_1994_row,False,4500105,Q946534,1969-05-05,11,1969-05-05,agree,1969-05-05,olimpbase_profile_confirms_1994_row,False,1969-05-05,primary_clean_upstream_exact,False,,,M,370,-0.8363314971313441,0.2515212981744422
1994-01,OlimpBase historical FIDE list,C:\chenxi\bazi_project\chess\Elo199401e.html,300101,"Vokac, Marek",m,CZE,M,,2485,50.0,1958-12-06,1958.12.06,True,,390,390.0,384.0,381,True,False,,OlimpBase historical FIDE list,C:\chenxi\bazi_project\chess\Elo199401e.html,,386,"https://olimpbase.org/Elo/player/V/Vokac,%20Marek.html","Vokac, Marek",6 December 1958,1958-12-06,300101,exact_anchor,1958-12-06,olimpbase_profile_confirms_1994_row,False,300101,Q366429,1958-12-06,11,1958-12-06,agree,1958-12-06,olimpbase_profile_confirms_1994_row,False,1958-12-06,primary_clean_upstream_exact,False,,,M,370,-0.8363314971313441,0.2515212981744422
1994-01,OlimpBase historical FIDE list,C:\chenxi\bazi_project\chess\Elo199401e.html,4101936,"Zlochevskij, Alexander",g,RUS,M,,2485,41.0,1963-06-25,1963.06.25,True,,392,392.0,384.0,381,True,False,,OlimpBase historical FIDE list,C:\chenxi\bazi_project\chess\Elo199401e.html,,386,"https://olimpbase.org/Elo/player/Z/Zlochevskij,%20Alexander.html","Zlochevskij, Alexander",25 June 1963,1963-06-25,811424,exact_anchor,1963-06-25,olimpbase_profile_confirms_1994_row,False,811424,Q3389414,1963-06-25,11,1963-06-25,agree,1963-06-25,olimpbase_profile_confirms_1994_row,False,1963-06-25,primary_clean_upstream_exact,False,,,M,370,-0.8363314971313441,0.2515212981744422
1994-01,OlimpBase historical FIDE list,C:\chenxi\bazi_project\chess\Elo199401e.html,100048,"Barbero, Gerardo F.",g,ARG,M,,2480,50.0,1961-08-21,1961.08.21,True,,417,417.0,410.0,406,True,False,,OlimpBase historical FIDE list,C:\chenxi\bazi_project\chess\Elo199401e.html,,412,"https://olimpbase.org/Elo/player/B/Barbero,%20Gerardo%20F..html","Barbero, Gerardo F.",21 August 1961,1961-08-21,100048,exact_anchor,1961-08-21,olimpbase_profile_confirms_1994_row,False,100048,,,,,,1961-08-21,olimpbase_profile_confirms_1994_row,False,1961-08-21,primary_clean_upstream_exact,False,,,M,395,-0.9313298322849156,0.20081135902636918
1994-01,OlimpBase historical FIDE list,C:\chenxi\bazi_project\chess\Elo199401e.html,3501728,"Becerra Rivero, Julio",m,CUB,M,,2480,61.0,,,True,,412,412.0,410.0,406,True,False,,OlimpBase historical FIDE list,C:\chenxi\bazi_project\chess\Elo199401e.html,,412,"https://olimpbase.org/Elo/player/B/Becerra%20Rivero,%20Julio.html","Becerra Rivero, Julio",,,3501728,exact_anchor,,profile_no_exact_dob:unparsed_profile_dob,True,3501728,Q3774349,1973-10-15,11,1973-10-15,,1973-10-15,wikidata_via_olimpbase_modern_id_filled,False,1973-10-15,primary_clean_upstream_exact,False,,,M,395,-0.9313298322849156,0.20081135902636918
1994-01,OlimpBase historical FIDE list,C:\chenxi\bazi_project\chess\Elo199401e.html,4105451,"Beshukov, Sergei",m,RUS,M,,2480,41.0,,,True,,425,425.0,410.0,406,True,False,,OlimpBase historical FIDE list,C:\chenxi\bazi_project\chess\Elo199401e.html,,412,"https://olimpbase.org/Elo/player/B/Beshukov,%20Sergei.html","Beshukov, Sergei",1 April 1971,1971-04-01,4105451,exact_anchor,1971-04-01,olimpbase_profile_fills_missing,False,4105451,Q4086128,1971-04-01,11,1971-04-01,agree,1971-04-01,olimpbase_profile_fills_missing,False,1971-04-01,primary_clean_upstream_exact,False,,,M,395,-0.9313298322849156,0.20081135902636918
1994-01,OlimpBase historical FIDE list,C:\chenxi\bazi_project\chess\Elo199401e.html,2006758,"Braude, Mikhail",,USA,M,,2480,8.0,1971-02-08,1971.02.08,True,,445,445.0,410.0,406,True,False,,OlimpBase historical FIDE list,C:\chenxi\bazi_project\chess\Elo199401e.html,,412,"https://olimpbase.org/Elo/player/B/Braude,%20Mikhail.html","Braude, Mikhail",8 February 1971,1971-02-08,2006758,exact_anchor,1971-02-08,olimpbase_profile_confirms_1994_row,False,2006758,Q27523832,1971-02-08,11,1971-02-08,agree,1971-02-08,olimpbase_profile_confirms_1994_row,False,1971-02-08,primary_clean_upstream_exact,False,,,M,395,-0.9313298322849156,0.20081135902636918
1994-01,OlimpBase historical FIDE list,C:\chenxi\bazi_project\chess\Elo199401e.html,1300024,"Brunner, Lucas",g,SUI,M,,2480,44.0,1967-05-29,1967.05.29,True,,421=,421.0,410.0,406,True,False,,OlimpBase historical FIDE list,C:\chenxi\bazi_project\chess\Elo199401e.html,,412,"https://olimpbase.org/Elo/player/B/Brunner,%20Lucas.html","Brunner, Lucas",29 May 1967,1967-05-29,1300024,exact_anchor,1967-05-29,olimpbase_profile_confirms_1994_row,False,1300024,Q122628,1967-05-29,11,1967-05-29,agree,1967-05-29,olimpbase_profile_confirms_1994_row,False,1967-05-29,primary_clean_upstream_exact,False,,,M,395,-0.9313298322849156,0.20081135902636918
1994-01,OlimpBase historical FIDE list,C:\chenxi\bazi_project\chess\Elo199401e.html,900249,"Cabrilo, Goran",m,YUG,M,,2480,42.0,1958-07-01,1958.07.01,True,,423=,423.0,410.0,406,True,False,,OlimpBase historical FIDE list,C:\chenxi\bazi_project\chess\Elo199401e.html,,412,"https://olimpbase.org/Elo/player/C/Cabrilo,%20Goran.html","Cabrilo, Goran",1 July 1958,1958-07-01,900249,exact_anchor,1958-07-01,olimpbase_profile_confirms_1994_row,False,900249,Q4506590,1958-07-01,11,1958-07-01,agree,1958-07-01,olimpbase_profile_confirms_1994_row,False,1958-07-01,primary_clean_upstream_exact,False,,,M,395,-0.9313298322849156,0.20081135902636918
1994-01,OlimpBase historical FIDE list,C:\chenxi\bazi_project\chess\Elo199401e.html,4117328,"Chernyshov, Konstantin",m,RUS,M,,2480,47.0,1967-06-11,1967.06.11,True,,419,419.0,410.0,406,True,False,,OlimpBase historical FIDE list,C:\chenxi\bazi_project\chess\Elo199401e.html,,412,"https://olimpbase.org/Elo/player/C/Chernyshov,%20Konstantin.html","Chernyshov, Konstantin",11 June 1967,1967-06-11,4117328,exact_anchor,1967-06-11,olimpbase_profile_confirms_1994_row,False,4117328,Q536934,1967-06-11,11,1967-06-11,agree,1967-06-11,olimpbase_profile_confirms_1994_row,False,1967-06-11,primary_clean_upstream_exact,False,,,M,395,-0.9313298322849156,0.20081135902636918
1994-01,OlimpBase historical FIDE list,C:\chenxi\bazi_project\chess\Elo199401e.html,1400185,"Danielsen, Henrik",m,DEN,M,,2480,44.0,1966-01-21,1966.01.21,True,,421,421.0,410.0,406,True,False,,OlimpBase historical FIDE list,C:\chenxi\bazi_project\chess\Elo199401e.html,,412,"https://olimpbase.org/Elo/player/D/Danielsen,%20Henrik.html","Danielsen, Henrik",21 January 1966,1966-01-21,1400185,exact_anchor,1966-01-21,olimpbase_profile_confirms_1994_row,False,1400185,Q1606252,1966-01-21,11,1966-01-21,agree,1966-01-21,olimpbase_profile_confirms_1994_row,False,1966-01-21,primary_clean_upstream_exact,False,,,M,395,-0.9313298322849156,0.20081135902636918
1994-01,OlimpBase historical FIDE list,C:\chenxi\bazi_project\chess\Elo199401e.html,600270,"Degraeve, Jean-Marc",m,FRA,M,,2480,19.0,1971-01-26,1971.01.26,True,,440,440.0,410.0,406,True,False,,OlimpBase historical FIDE list,C:\chenxi\bazi_project\chess\Elo199401e.html,,412,"https://olimpbase.org/Elo/player/D/Degraeve,%20Jean-Marc.html","Degraeve, Jean-Marc",26 January 1971,1971-01-26,600270,exact_anchor,1971-01-26,olimpbase_profile_confirms_1994_row,False,600270,Q969892,1971-01-26,11,1971-01-26,agree,1971-01-26,olimpbase_profile_confirms_1994_row,False,1971-01-26,primary_clean_upstream_exact,False,,,M,395,-0.9313298322849156,0.20081135902636918
1994-01,OlimpBase historical FIDE list,C:\chenxi\bazi_project\chess\Elo199401e.html,2900394,"Delchev, Aleksander",m,BUL,M,,2480,30.0,1971-07-15,1971.07.15,True,,430,430.0,410.0,406,True,False,,OlimpBase historical FIDE list,C:\chenxi\bazi_project\chess\Elo199401e.html,,412,"https://olimpbase.org/Elo/player/D/Delchev,%20Aleksander.html","Delchev, Aleksander",15 July 1971,1971-07-15,2900394,exact_anchor,1971-07-15,olimpbase_profile_confirms_1994_row,False,2900394,Q718236,1971-07-15,11,1971-07-15,agree,1971-07-15,olimpbase_profile_confirms_1994_row,False,1971-07-15,primary_clean_upstream_exact,False,,,M,395,-0.9313298322849156,0.20081135902636918
1994-01,OlimpBase historical FIDE list,C:\chenxi\bazi_project\chess\Elo199401e.html,900133,"Djuric, Stefan",g,YUG,M,,2480,52.0,1955-07-26,1955.07.26,True,,416,416.0,410.0,406,True,False,,OlimpBase historical FIDE list,C:\chenxi\bazi_project\chess\Elo199401e.html,,412,"https://olimpbase.org/Elo/player/D/Djuric,%20Stefan.html","Djuric, Stefan",26 July 1955,1955-07-26,900133,exact_anchor,1955-07-26,olimpbase_profile_confirms_1994_row,False,900133,Q2482416,1955-07-26,11,1955-07-26,agree,1955-07-26,olimpbase_profile_confirms_1994_row,False,1955-07-26,primary_clean_upstream_exact,False,,,M,395,-0.9313298322849156,0.20081135902636918
1994-01,OlimpBase historical FIDE list,C:\chenxi\bazi_project\chess\Elo199401e.html,2900025,"Donchev, Dimitar I.",g,BUL,M,,2480,16.0,1958-07-21,1958.07.21,True,,442,442.0,410.0,406,True,False,,OlimpBase historical FIDE list,C:\chenxi\bazi_project\chess\Elo199401e.html,,412,"https://olimpbase.org/Elo/player/D/Donchev,%20Dimitar%20I..html","Donchev, Dimitar I.",21 July 1958,1958-07-21,2900025,exact_anchor,1958-07-21,olimpbase_profile_confirms_1994_row,False,2900025,Q3657326,1958-07-21,11,1958-07-21,agree,1958-07-21,olimpbase_profile_confirms_1994_row,False,1958-07-21,primary_clean_upstream_exact,False,,,M,395,-0.9313298322849156,0.20081135902636918
1994-01,OlimpBase historical FIDE list,C:\chenxi\bazi_project\chess\Elo199401e.html,1700065,"Ernst, Thomas",g,SWE,M,,2480,28.0,1960-08-17,1960.08.17,True,,432,432.0,410.0,406,True,False,,OlimpBase historical FIDE list,C:\chenxi\bazi_project\chess\Elo199401e.html,,412,"https://olimpbase.org/Elo/player/E/Ernst,%20Thomas.html","Ernst, Thomas",17 August 1960,1960-08-17,1700065,exact_anchor,1960-08-17,olimpbase_profile_confirms_1994_row,False,1700065,Q2047618,1960-08-17,11,1960-08-17,agree,1960-08-17,olimpbase_profile_confirms_1994_row,False,1960-08-17,primary_clean_upstream_exact,False,,,M,395,-0.9313298322849156,0.20081135902636918
1994-01,OlimpBase historical FIDE list,C:\chenxi\bazi_project\chess\Elo199401e.html,11600080,"Gipslis, Aivars",g,LAT,M,,2480,56.0,1937-02-08,1937.02.08,True,,414,414.0,410.0,406,True,False,,OlimpBase historical FIDE list,C:\chenxi\bazi_project\chess\Elo199401e.html,,412,"https://olimpbase.org/Elo/player/G/Gipslis,%20Aivars.html","Gipslis, Aivars",8 February 1937,1937-02-08,11600080,exact_anchor,1937-02-08,olimpbase_profile_confirms_1994_row,False,11600080,,,,,,1937-02-08,olimpbase_profile_confirms_1994_row,False,1937-02-08,primary_clean_upstream_exact,False,,,M,395,-0.9313298322849156,0.20081135902636918
1994-01,OlimpBase historical FIDE list,C:\chenxi\bazi_project\chess\Elo199401e.html,800090,"Godena, Michele",m,ITA,M,,2480,15.0,1967-06-30,1967.06.30,True,,443,443.0,410.0,406,True,False,,OlimpBase historical FIDE list,C:\chenxi\bazi_project\chess\Elo199401e.html,,412,"https://olimpbase.org/Elo/player/G/Godena,%20Michele.html","Godena, Michele",30 June 1967,1967-06-30,800090,exact_anchor,1967-06-30,olimpbase_profile_confirms_1994_row,False,800090,Q1347335,1967-06-30,11,1967-06-30,agree,1967-06-30,olimpbase_profile_confirms_1994_row,False,1967-06-30,primary_clean_upstream_exact,False,,,M,395,-0.9313298322849156,0.20081135902636918
1994-01,OlimpBase historical FIDE list,C:\chenxi\bazi_project\chess\Elo199401e.html,9000011,"Hamdouchi, Hichem",m,MAR,M,,2480,48.0,,,True,,418,418.0,410.0,406,True,False,,OlimpBase historical FIDE list,C:\chenxi\bazi_project\chess\Elo199401e.html,,412,"https://olimpbase.org/Elo/player/H/Hamdouchi,%20Hichem.html","Hamdouchi, Hichem",8 October 1972,1972-10-08,9000011,exact_anchor,1972-10-08,olimpbase_profile_fills_missing,False,9000011,Q1617234,1972-10-08,11,1972-10-08,agree,1972-10-08,olimpbase_profile_fills_missing,False,1972-10-08,primary_clean_upstream_exact,False,,,M,395,-0.9313298322849156,0.20081135902636918
1994-01,OlimpBase historical FIDE list,C:\chenxi\bazi_project\chess\Elo199401e.html,2801485,"Har-Zvi, Ronen",m,ISR,M,,2480,36.0,1976-10-13,1976.10.13,True,,427,427.0,410.0,406,True,False,,OlimpBase historical FIDE list,C:\chenxi\bazi_project\chess\Elo199401e.html,,412,"https://olimpbase.org/Elo/player/H/Har-Zvi,%20Ronen.html","Har-Zvi, Ronen",different dates of birth given,,2801485,exact_anchor,,olimpbase_profile_reports_conflicting_dobs,True,2801485,Q2022678,1976-10-13,11,1976-10-13,,,profile_conflict_wikidata_candidate,True,1976-10-13,primary_clean_manual_nonconflicting_fill,False,1.0,Independent biographical/chess sources agree on 13 Oct 1976.,M,395,-0.9313298322849156,0.20081135902636918
1994-01,OlimpBase historical FIDE list,C:\chenxi\bazi_project\chess\Elo199401e.html,300110,"Hausner, Ivan",m,CZE,M,,2480,68.0,1952-04-15,1952.04.15,True,,410,410.0,410.0,406,True,False,,OlimpBase historical FIDE list,C:\chenxi\bazi_project\chess\Elo199401e.html,,412,"https://olimpbase.org/Elo/player/H/Hausner,%20Ivan.html","Hausner, Ivan",15 April 1952,1952-04-15,300110,exact_anchor,1952-04-15,olimpbase_profile_confirms_1994_row,False,300110,Q27525719,1952-04-15,11,1952-04-15,agree,1952-04-15,olimpbase_profile_confirms_1994_row,False,1952-04-15,primary_clean_upstream_exact,False,,,M,395,-0.9313298322849156,0.20081135902636918
1994-01,OlimpBase historical FIDE list,C:\chenxi\bazi_project\chess\Elo199401e.html,2000318,"Henley, Ron W.",g,USA,M,,2480,0.0,1956-12-05,1956.12.05,True,,446=,446.0,410.0,406,True,False,,OlimpBase historical FIDE list,C:\chenxi\bazi_project\chess\Elo199401e.html,,412,"https://olimpbase.org/Elo/player/H/Henley,%20Ron%20W..html","Henley, Ron W.",5 December 1956,1956-12-05,2000318,exact_anchor,1956-12-05,olimpbase_profile_confirms_1994_row,False,2000318,Q728075,1956-12-05,11,1956-12-05,agree,1956-12-05,olimpbase_profile_confirms_1994_row,False,1956-12-05,primary_clean_upstream_exact,False,,,M,395,-0.9313298322849156,0.20081135902636918
1994-01,OlimpBase historical FIDE list,C:\chenxi\bazi_project\chess\Elo199401e.html,2000288,"Ivanov, Igor V.",m,USA,M,,2480,27.0,1947-01-08,1947.01.08,True,,434,434.0,410.0,406,True,False,,OlimpBase historical FIDE list,C:\chenxi\bazi_project\chess\Elo199401e.html,,412,"https://olimpbase.org/Elo/player/I/Ivanov,%20Igor%20V..html","Ivanov, Igor V.",8 January 1947,1947-01-08,2000288,exact_anchor,1947-01-08,olimpbase_profile_confirms_1994_row,False,2000288,,,,,,1947-01-08,olimpbase_profile_confirms_1994_row,False,1947-01-08,primary_clean_upstream_exact,False,,,M,395,-0.9313298322849156,0.20081135902636918
1994-01,OlimpBase historical FIDE list,C:\chenxi\bazi_project\chess\Elo199401e.html,900095,"Ivanovic, Bozidar",g,YUG,M,,2480,9.0,1949-08-24,1949.08.24,True,,444,444.0,410.0,406,True,False,,OlimpBase historical FIDE list,C:\chenxi\bazi_project\chess\Elo199401e.html,,412,"https://olimpbase.org/Elo/player/I/Ivanovic,%20Bozidar.html","Ivanovic, Bozidar",24 August 1949,1949-08-24,900095,exact_anchor,1949-08-24,olimpbase_profile_confirms_1994_row,False,900095,Q278844,1946-08-24;1949-08-24,11,,,1949-08-24,olimpbase_profile_confirms_1994_row,False,1949-08-24,primary_clean_upstream_exact,False,,,M,395,-0.9313298322849156,0.20081135902636918
1994-01,OlimpBase historical FIDE list,C:\chenxi\bazi_project\chess\Elo199401e.html,600032,"Kouatly, Bachar",g,FRA,M,,2480,23.0,1958-03-03,1958.03.03,True,,437,437.0,410.0,406,True,False,,OlimpBase historical FIDE list,C:\chenxi\bazi_project\chess\Elo199401e.html,,412,"https://olimpbase.org/Elo/player/K/Kouatly,%20Bachar.html","Kouatly, Bachar",3 March 1958,1958-03-03,600032,exact_anchor,1958-03-03,olimpbase_profile_confirms_1994_row,False,600032,Q2607943,1958-03-03,11,1958-03-03,agree,1958-03-03,olimpbase_profile_confirms_1994_row,False,1958-03-03,primary_clean_upstream_exact,False,,,M,395,-0.9313298322849156,0.20081135902636918
1994-01,OlimpBase historical FIDE list,C:\chenxi\bazi_project\chess\Elo199401e.html,4100565,"Krogius, Nikolai V.",g,RUS,M,,2480,20.0,1930-07-22,1930.07.22,True,,439,439.0,410.0,406,True,False,,OlimpBase historical FIDE list,C:\chenxi\bazi_project\chess\Elo199401e.html,,412,"https://olimpbase.org/Elo/player/K/Krogius,%20Nikolai%20V..html","Krogius, Nikolai V.",22 July 1930,1930-07-22,4100565,exact_anchor,1930-07-22,olimpbase_profile_confirms_1994_row,False,4100565,Q724789,1930-07-22,11,1930-07-22,agree,1930-07-22,olimpbase_profile_confirms_1994_row,False,1930-07-22,primary_clean_upstream_exact,False,,,M,395,-0.9313298322849156,0.20081135902636918
1994-01,OlimpBase historical FIDE list,C:\chenxi\bazi_project\chess\Elo199401e.html,2000270,"Lein, Anatoly",g,USA,M,,2480,28.0,1931-03-28,1931.03.28,True,,432=,432.0,410.0,406,True,False,,OlimpBase historical FIDE list,C:\chenxi\bazi_project\chess\Elo199401e.html,,412,"https://olimpbase.org/Elo/player/L/Lein,%20Anatoly.html","Lein, Anatoly",28 March 1931,1931-03-28,2000270,exact_anchor,1931-03-28,olimpbase_profile_confirms_1994_row,False,2000270,Q487793,1931-03-28,11,1931-03-28,agree,1931-03-28,olimpbase_profile_confirms_1994_row,False,1931-03-28,primary_clean_upstream_exact,False,,,M,395,-0.9313298322849156,0.20081135902636918
1994-01,OlimpBase historical FIDE list,C:\chenxi\bazi_project\chess\Elo199401e.html,2800063,"Lev, Ronen",m,ISR,M,,2480,35.0,1968-09-22,1968.09.22,True,,428,428.0,410.0,406,True,False,,OlimpBase historical FIDE list,C:\chenxi\bazi_project\chess\Elo199401e.html,,412,"https://olimpbase.org/Elo/player/L/Lev,%20Ronen.html","Lev, Ronen",22 September 1968,1968-09-22,2800063,exact_anchor,1968-09-22,olimpbase_profile_confirms_1994_row,False,2800063,Q2183048,1968-09-22,11,1968-09-22,agree,1968-09-22,olimpbase_profile_confirms_1994_row,False,1968-09-22,primary_clean_upstream_exact,False,,,M,395,-0.9313298322849156,0.20081135902636918
1994-01,OlimpBase historical FIDE list,C:\chenxi\bazi_project\chess\Elo199401e.html,4600258,"Mainka, Romuald",g,GER,M,,2480,42.0,1965-01-21,1965.01.21,True,,423,423.0,410.0,406,True,False,,OlimpBase historical FIDE list,C:\chenxi\bazi_project\chess\Elo199401e.html,,412,"https://olimpbase.org/Elo/player/M/Mainka,%20Romuald.html","Mainka, Romuald",different dates of birth given,,4600258,exact_anchor,,olimpbase_profile_reports_conflicting_dobs,True,4600258,Q96634,1963-05-15,11,1963-05-15,,,profile_conflict_wikidata_candidate,True,1963-05-15,primary_clean_manual_nonconflicting_fill,False,1.0,German Chess Federation GM list and independent local biography agree on 15 May 1963.,M,395,-0.9313298322849156,0.20081135902636918
1994-01,OlimpBase historical FIDE list,C:\chenxi\bazi_project\chess\Elo199401e.html,902527,"Miladinovic, Igor",g,YUG,M,,2480,25.0,1974-01-25,1974.01.25,True,,435,435.0,410.0,406,True,False,,OlimpBase historical FIDE list,C:\chenxi\bazi_project\chess\Elo199401e.html,,412,"https://olimpbase.org/Elo/player/M/Miladinovic,%20Igor.html","Miladinovic, Igor",25 January 1974,1974-01-25,4203380,exact_anchor,1974-01-25,olimpbase_profile_confirms_1994_row,False,4203380,Q1657753,1974-01-25,11,1974-01-25,agree,1974-01-25,olimpbase_profile_confirms_1994_row,False,1974-01-25,primary_clean_upstream_exact,False,,,M,395,-0.9313298322849156,0.20081135902636918
1994-01,OlimpBase historical FIDE list,C:\chenxi\bazi_project\chess\Elo199401e.html,4600347,"Mueller, Karsten",m,GER,M,,2480,0.0,1970-11-23,1970.11.23,True,,446=,446.0,410.0,406,True,False,,OlimpBase historical FIDE list,C:\chenxi\bazi_project\chess\Elo199401e.html,,412,"https://olimpbase.org/Elo/player/M/Mueller,%20Karsten.html","Mueller, Karsten",23 November 1970,1970-11-23,4600347,exact_anchor,1970-11-23,olimpbase_profile_confirms_1994_row,False,4600347,Q69936,1970-01-01;1970-11-23,9;11,1970-11-23,agree,1970-11-23,olimpbase_profile_confirms_1994_row,False,1970-11-23,primary_clean_upstream_exact,False,,,M,395,-0.9313298322849156,0.20081135902636918
1994-01,OlimpBase historical FIDE list,C:\chenxi\bazi_project\chess\Elo199401e.html,1205730,"Nevednichy, Vladislav",g,ROM,M,,2480,46.0,1969-09-03,1969.09.03,True,,420,420.0,410.0,406,True,False,,OlimpBase historical FIDE list,C:\chenxi\bazi_project\chess\Elo199401e.html,,412,"https://olimpbase.org/Elo/player/N/Nevednichy,%20Vladislav.html","Nevednichy, Vladislav",3 September 1969,1969-09-03,1205730,exact_anchor,1969-09-03,olimpbase_profile_confirms_1994_row,False,1205730,Q3622636,1969-09-03,11,1969-09-03,agree,1969-09-03,olimpbase_profile_confirms_1994_row,False,1969-09-03,primary_clean_upstream_exact,False,,,M,395,-0.9313298322849156,0.20081135902636918
1994-01,OlimpBase historical FIDE list,C:\chenxi\bazi_project\chess\Elo199401e.html,4611349,"Paehtz, Thomas",g,GER,M,,2480,24.0,1956-09-04,1956.09.04,True,,436,436.0,410.0,406,True,False,,OlimpBase historical FIDE list,C:\chenxi\bazi_project\chess\Elo199401e.html,,412,"https://olimpbase.org/Elo/player/P/Paehtz,%20Thomas.html","Paehtz, Thomas",4 September 1956,1956-09-04,4611349,exact_anchor,1956-09-04,olimpbase_profile_confirms_1994_row,False,4611349,Q88430,1956-09-04,11,1956-09-04,agree,1956-09-04,olimpbase_profile_confirms_1994_row,False,1956-09-04,primary_clean_upstream_exact,False,,,M,395,-0.9313298322849156,0.20081135902636918
1994-01,OlimpBase historical FIDE list,C:\chenxi\bazi_project\chess\Elo199401e.html,4102126,"Panchenko, Alexander N.",g,RUS,M,,2480,66.0,1953-10-05,1953.10.05,True,,411,411.0,410.0,406,True,False,,OlimpBase historical FIDE list,C:\chenxi\bazi_project\chess\Elo199401e.html,,412,"https://olimpbase.org/Elo/player/P/Panchenko,%20Alexander%20N..html","Panchenko, Alexander N.",5 October 1953,1953-10-05,4102126,exact_anchor,1953-10-05,olimpbase_profile_confirms_1994_row,False,4102126,,,,,,1953-10-05,olimpbase_profile_confirms_1994_row,False,1953-10-05,primary_clean_upstream_exact,False,,,M,395,-0.9313298322849156,0.20081135902636918
1994-01,OlimpBase historical FIDE list,C:\chenxi\bazi_project\chess\Elo199401e.html,900389,"Pavlovic, Milos",m,YUG,M,,2480,53.0,1964-01-05,1964.01.05,True,,415,415.0,410.0,406,True,False,,OlimpBase historical FIDE list,C:\chenxi\bazi_project\chess\Elo199401e.html,,412,"https://olimpbase.org/Elo/player/P/Pavlovic,%20Milos.html","Pavlovic, Milos",5 January 1964,1964-01-05,900389,exact_anchor,1964-01-05,olimpbase_profile_confirms_1994_row,False,900389,Q4341601,1964-01-05,11,1964-01-05,agree,1964-01-05,olimpbase_profile_confirms_1994_row,False,1964-01-05,primary_clean_upstream_exact,False,,,M,395,-0.9313298322849156,0.20081135902636918
1994-01,OlimpBase historical FIDE list,C:\chenxi\bazi_project\chess\Elo199401e.html,4601475,"Rabiega, Robert",m,GER,M,,2480,60.0,1971-02-01,1971.02.01,True,,413,413.0,410.0,406,True,False,,OlimpBase historical FIDE list,C:\chenxi\bazi_project\chess\Elo199401e.html,,412,"https://olimpbase.org/Elo/player/R/Rabiega,%20Robert.html","Rabiega, Robert",1 February 1971,1971-02-01,4601475,exact_anchor,1971-02-01,olimpbase_profile_confirms_1994_row,False,4601475,Q91145,1971-02-01,11,1971-02-01,agree,1971-02-01,olimpbase_profile_confirms_1994_row,False,1971-02-01,primary_clean_upstream_exact,False,,,M,395,-0.9313298322849156,0.20081135902636918
1994-01,OlimpBase historical FIDE list,C:\chenxi\bazi_project\chess\Elo199401e.html,14100436,"Rotstein, Arkadij",m,UKR,M,,2480,30.0,1961-04-29,1961.04.29,True,,430=,430.0,410.0,406,True,False,,OlimpBase historical FIDE list,C:\chenxi\bazi_project\chess\Elo199401e.html,,412,"https://olimpbase.org/Elo/player/R/Rotstein,%20Arkadij.html","Rotstein, Arkadij",29 April 1961,1961-04-29,4662997,exact_anchor,1961-04-29,olimpbase_profile_confirms_1994_row,False,4662997,Q442846,1961-04-29,11,1961-04-29,agree,1961-04-29,olimpbase_profile_confirms_1994_row,False,1961-04-29,primary_clean_upstream_exact,False,,,M,395,-0.9313298322849156,0.20081135902636918
1994-01,OlimpBase historical FIDE list,C:\chenxi\bazi_project\chess\Elo199401e.html,4500040,"Rytshagov, Mikhail",m,EST,M,,2480,40.0,1967-11-12,1967.11.12,True,,426,426.0,410.0,406,True,False,,OlimpBase historical FIDE list,C:\chenxi\bazi_project\chess\Elo199401e.html,,412,"https://olimpbase.org/Elo/player/R/Rytshagov,%20Mikhail.html","Rytshagov, Mikhail",12 November 1967,1967-11-12,4500040,exact_anchor,1967-11-12,olimpbase_profile_confirms_1994_row,False,4500040,Q2613932,1967-11-12,11,1967-11-12,agree,1967-11-12,olimpbase_profile_confirms_1994_row,False,1967-11-12,primary_clean_upstream_exact,False,,,M,395,-0.9313298322849156,0.20081135902636918
1994-01,OlimpBase historical FIDE list,C:\chenxi\bazi_project\chess\Elo199401e.html,14200058,"Saltaev, Mihail",m,UZB,M,,2480,21.0,1962-11-19,1962.11.19,True,,438,438.0,410.0,406,True,False,,OlimpBase historical FIDE list,C:\chenxi\bazi_project\chess\Elo199401e.html,,412,"https://olimpbase.org/Elo/player/S/Saltaev,%20Mihail.html","Saltaev, Mihail",19 November 1962,1962-11-19,14200058,exact_anchor,1962-11-19,olimpbase_profile_confirms_1994_row,False,14200058,Q2227066,1962-11-19,11,1962-11-19,agree,1962-11-19,olimpbase_profile_confirms_1994_row,False,1962-11-19,primary_clean_upstream_exact,False,,,M,395,-0.9313298322849156,0.20081135902636918
1994-01,OlimpBase historical FIDE list,C:\chenxi\bazi_project\chess\Elo199401e.html,4611411,"Volke, Karsten",m,GER,M,,2480,17.0,1965-04-18,1965.04.18,True,,441,441.0,410.0,406,True,False,,OlimpBase historical FIDE list,C:\chenxi\bazi_project\chess\Elo199401e.html,,412,"https://olimpbase.org/Elo/player/V/Volke,%20Karsten.html","Volke, Karsten",18 April 1965,1965-04-18,4611411,exact_anchor,1965-04-18,olimpbase_profile_confirms_1994_row,False,4611411,Q27533979,1965-04-18,11,1965-04-18,agree,1965-04-18,olimpbase_profile_confirms_1994_row,False,1965-04-18,primary_clean_upstream_exact,False,,,M,395,-0.9313298322849156,0.20081135902636918
1994-01,OlimpBase historical FIDE list,C:\chenxi\bazi_project\chess\Elo199401e.html,4102282,"Agrest, Evgenij",m,RUS,M,,2475,43.0,1966-08-15,1966.08.15,True,,457=,457.0,449.0,445,True,False,,OlimpBase historical FIDE list,C:\chenxi\bazi_project\chess\Elo199401e.html,,451,"https://olimpbase.org/Elo/player/A/Agrest,%20Evgenij.html","Agrest, Evgenij",15 August 1966,1966-08-15,1705024,exact_anchor,1966-08-15,olimpbase_profile_confirms_1994_row,False,1705024,Q975861,1966-08-15,11,1966-08-15,agree,1966-08-15,olimpbase_profile_confirms_1994_row,False,1966-08-15,primary_clean_upstream_exact,False,,,M,432,-1.026328167438487,0.1257606490872211
1994-01,OlimpBase historical FIDE list,C:\chenxi\bazi_project\chess\Elo199401e.html,4101227,"Avshalumov, Alex",m,RUS,M,,2475,0.0,1964-03-02,1964.03.02,True,,480,480.0,449.0,445,True,False,,OlimpBase historical FIDE list,C:\chenxi\bazi_project\chess\Elo199401e.html,,451,"https://olimpbase.org/Elo/player/A/Avshalumov,%20Alex.html","Avshalumov, Alex",2 March 1964,1964-03-02,4101227,exact_anchor,1964-03-02,olimpbase_profile_confirms_1994_row,False,4101227,Q27523235,1964-03-02,11,1964-03-02,agree,1964-03-02,olimpbase_profile_confirms_1994_row,False,1964-03-02,primary_clean_upstream_exact,False,,,M,432,-1.026328167438487,0.1257606490872211
1994-01,OlimpBase historical FIDE list,C:\chenxi\bazi_project\chess\Elo199401e.html,603767,"Bauer, Christian",m,FRA,M,,2475,32.0,1977-01-11,1977.01.11,True,,466=,466.0,449.0,445,True,False,,OlimpBase historical FIDE list,C:\chenxi\bazi_project\chess\Elo199401e.html,,451,"https://olimpbase.org/Elo/player/B/Bauer,%20Christian.html","Bauer, Christian",11 January 1977,1977-01-11,603767,exact_anchor,1977-01-11,olimpbase_profile_confirms_1994_row,False,603767,Q1078924,1977-01-11,11,1977-01-11,agree,1977-01-11,olimpbase_profile_confirms_1994_row,False,1977-01-11,primary_clean_upstream_exact,False,,,M,432,-1.026328167438487,0.1257606490872211
1994-01,OlimpBase historical FIDE list,C:\chenxi\bazi_project\chess\Elo199401e.html,11600357,"Berzinsh, Roland",m,LAT,M,,2475,66.0,1975-01-14,1975.01.14,True,,451,451.0,449.0,445,True,False,,OlimpBase historical FIDE list,C:\chenxi\bazi_project\chess\Elo199401e.html,,451,"https://olimpbase.org/Elo/player/B/Berzinsh,%20Roland.html","Berzinsh, Roland",14 January 1975,1975-01-14,11600357,exact_anchor,1975-01-14,olimpbase_profile_confirms_1994_row,False,11600357,Q2384280,1975-01-14,11,1975-01-14,agree,1975-01-14,olimpbase_profile_confirms_1994_row,False,1975-01-14,primary_clean_upstream_exact,False,,,M,432,-1.026328167438487,0.1257606490872211
1994-01,OlimpBase historical FIDE list,C:\chenxi\bazi_project\chess\Elo199401e.html,900885,"Blagojevic, Dragisa",m,YUG,M,,2475,49.0,1966-01-01,1966.01.01,True,,456,456.0,449.0,445,True,False,,OlimpBase historical FIDE list,C:\chenxi\bazi_project\chess\Elo199401e.html,,451,"https://olimpbase.org/Elo/player/B/Blagojevic,%20Dragisa.html","Blagojevic, Dragisa",1 January 1966,1966-01-01,900885,exact_anchor,1966-01-01,olimpbase_profile_confirms_1994_row,False,900885,Q1254724,1966-01-01,11,1966-01-01,agree,1966-01-01,olimpbase_profile_confirms_1994_row,False,1966-01-01,primary_clean_upstream_exact,False,,,M,432,-1.026328167438487,0.1257606490872211
1994-01,OlimpBase historical FIDE list,C:\chenxi\bazi_project\chess\Elo199401e.html,2200325,"Comas Fabrego, Lluis",m,ESP,M,,2475,26.0,,,True,,469,469.0,449.0,445,True,False,,OlimpBase historical FIDE list,C:\chenxi\bazi_project\chess\Elo199401e.html,,451,"https://olimpbase.org/Elo/player/C/Comas%20Fabrego,%20Lluis.html","Comas Fabrego, Lluis",22 June 1971,1971-06-22,2200325,exact_anchor,1971-06-22,olimpbase_profile_fills_missing,False,2200325,Q3824620,1971-06-22,11,1971-06-22,agree,1971-06-22,olimpbase_profile_fills_missing,False,1971-06-22,primary_clean_upstream_exact,False,,,M,432,-1.026328167438487,0.1257606490872211
1994-01,OlimpBase historical FIDE list,C:\chenxi\bazi_project\chess\Elo199401e.html,4101235,"Dvoretzky, Mark",m,RUS,M,,2475,0.0,1924-01-09,1924.01.09,True,,480=,480.0,449.0,445,True,False,,OlimpBase historical FIDE list,C:\chenxi\bazi_project\chess\Elo199401e.html,,451,"https://olimpbase.org/Elo/player/D/Dvoretzky,%20Mark.html","Dvoretzky, Mark",different dates of birth given,,4101235,exact_anchor,,olimpbase_profile_reports_conflicting_dobs,True,4101235,,,,,,,profile_conflict_manual_review,True,1947-12-09,primary_clean_manual_nonconflicting_fill,False,1.0,Independent mainstream chess/biographical sources agree on 9 Dec 1947.,M,432,-1.026328167438487,0.1257606490872211
1994-01,OlimpBase historical FIDE list,C:\chenxi\bazi_project\chess\Elo199401e.html,2900106,"Ermenkov, Evgenij",g,BUL,M,,2475,43.0,1949-09-29,1949.09.29,True,,457,457.0,449.0,445,True,False,,OlimpBase historical FIDE list,C:\chenxi\bazi_project\chess\Elo199401e.html,,451,"https://olimpbase.org/Elo/player/E/Ermenkov,%20Evgenij.html","Ermenkov, Evgenij",29 September 1949,1949-09-29,2900106,exact_anchor,1949-09-29,olimpbase_profile_confirms_1994_row,False,2900106,Q2047898,1949-09-29,11,1949-09-29,agree,1949-09-29,olimpbase_profile_confirms_1994_row,False,1949-09-29,primary_clean_upstream_exact,False,,,M,432,-1.026328167438487,0.1257606490872211
1994-01,OlimpBase historical FIDE list,C:\chenxi\bazi_project\chess\Elo199401e.html,2000261,"Finegold, Benjamin",m,USA,M,,2475,21.0,1969-09-06,1969.09.06,True,,471,471.0,449.0,445,True,False,,OlimpBase historical FIDE list,C:\chenxi\bazi_project\chess\Elo199401e.html,,451,"https://olimpbase.org/Elo/player/F/Finegold,%20Benjamin.html","Finegold, Benjamin",6 September 1969,1969-09-06,2000261,exact_anchor,1969-09-06,olimpbase_profile_confirms_1994_row,False,2000261,Q816488,1969-09-06,11,1969-09-06,agree,1969-09-06,olimpbase_profile_confirms_1994_row,False,1969-09-06,primary_clean_upstream_exact,False,,,M,432,-1.026328167438487,0.1257606490872211
1994-01,OlimpBase historical FIDE list,C:\chenxi\bazi_project\chess\Elo199401e.html,3700011,"Franco Ocampos, Zenon",g,PAR,M,,2475,34.0,1956-05-12,1956.05.12,True,,465,465.0,449.0,445,True,False,,OlimpBase historical FIDE list,C:\chenxi\bazi_project\chess\Elo199401e.html,,451,"https://olimpbase.org/Elo/player/F/Franco%20Ocampos,%20Zenon.html","Franco Ocampos, Zenon",12 May 1956,1956-05-12,2209381,exact_anchor,1956-05-12,olimpbase_profile_confirms_1994_row,False,2209381,Q3774327,1956-05-12,11,1956-05-12,agree,1956-05-12,olimpbase_profile_confirms_1994_row,False,1956-05-12,primary_clean_upstream_exact,False,,,M,432,-1.026328167438487,0.1257606490872211
1994-01,OlimpBase historical FIDE list,C:\chenxi\bazi_project\chess\Elo199401e.html,2200538,"Garcia Ilundain, David",m,ESP,M,,2475,39.0,,,True,,462,462.0,449.0,445,True,False,,OlimpBase historical FIDE list,C:\chenxi\bazi_project\chess\Elo199401e.html,,451,"https://olimpbase.org/Elo/player/G/Garcia%20Ilundain,%20David.html","Garcia Ilundain, David",2 April 1971,1971-04-02,2200538,exact_anchor,1971-04-02,olimpbase_profile_fills_missing,False,2200538,,,,,,1971-04-02,olimpbase_profile_fills_missing,False,1971-04-02,primary_clean_upstream_exact,False,,,M,432,-1.026328167438487,0.1257606490872211
1994-01,OlimpBase historical FIDE list,C:\chenxi\bazi_project\chess\Elo199401e.html,100099,"Giardelli, Sergio C.",m,ARG,M,,2475,19.0,1955-06-27,1955.06.27,True,,472,472.0,449.0,445,True,False,,OlimpBase historical FIDE list,C:\chenxi\bazi_project\chess\Elo199401e.html,,451,"https://olimpbase.org/Elo/player/G/Giardelli,%20Sergio%20C..html","Giardelli, Sergio C.",27 June 1955,1955-06-27,100099,exact_anchor,1955-06-27,olimpbase_profile_confirms_1994_row,False,100099,,,,,,1955-06-27,olimpbase_profile_confirms_1994_row,False,1955-06-27,primary_clean_upstream_exact,False,,,M,432,-1.026328167438487,0.1257606490872211
1994-01,OlimpBase historical FIDE list,C:\chenxi\bazi_project\chess\Elo199401e.html,13600060,"Gufeld, Eduard",g,GEO,M,,2475,8.0,1936-03-19,1936.03.19,True,,478,478.0,449.0,445,True,False,,OlimpBase historical FIDE list,C:\chenxi\bazi_project\chess\Elo199401e.html,,451,"https://olimpbase.org/Elo/player/G/Gufeld,%20Eduard.html","Gufeld, Eduard",19 March 1936,1936-03-19,2015307,exact_anchor,1936-03-19,olimpbase_profile_confirms_1994_row,False,2015307,,,,,,1936-03-19,olimpbase_profile_confirms_1994_row,False,1936-03-19,primary_clean_upstream_exact,False,,,M,432,-1.026328167438487,0.1257606490872211
1994-01,OlimpBase historical FIDE list,C:\chenxi\bazi_project\chess\Elo199401e.html,300160,"Haba, Petr",m,CZE,M,,2475,36.0,1965-01-06,1965.01.06,True,,464,464.0,449.0,445,True,False,,OlimpBase historical FIDE list,C:\chenxi\bazi_project\chess\Elo199401e.html,,451,"https://olimpbase.org/Elo/player/H/Haba,%20Petr.html","Haba, Petr",6 January 1965,1965-01-06,300160,exact_anchor,1965-01-06,olimpbase_profile_confirms_1994_row,False,300160,Q363291,1965-01-06,11,1965-01-06,agree,1965-01-06,olimpbase_profile_confirms_1994_row,False,1965-01-06,primary_clean_upstream_exact,False,,,M,432,-1.026328167438487,0.1257606490872211
1994-01,OlimpBase historical FIDE list,C:\chenxi\bazi_project\chess\Elo199401e.html,700185,"Horvath, Tamas",m,HUN,M,,2475,22.0,1951-10-23,1951.10.23,True,,470,470.0,449.0,445,True,False,,OlimpBase historical FIDE list,C:\chenxi\bazi_project\chess\Elo199401e.html,,451,"https://olimpbase.org/Elo/player/H/Horvath,%20Tamas.html","Horvath, Tamas",23 October 1951,1951-10-23,700185,exact_anchor,1951-10-23,olimpbase_profile_confirms_1994_row,False,700185,Q16714424,1951-10-23,11,1951-10-23,agree,1951-10-23,olimpbase_profile_confirms_1994_row,False,1951-10-23,primary_clean_upstream_exact,False,,,M,432,-1.026328167438487,0.1257606490872211
1994-01,OlimpBase historical FIDE list,C:\chenxi\bazi_project\chess\Elo199401e.html,13900072,"Itkis, Boris",m,MDA,M,,2475,80.0,1952-10-08,1952.10.08,True,,449,449.0,449.0,445,True,False,,OlimpBase historical FIDE list,C:\chenxi\bazi_project\chess\Elo199401e.html,,451,"https://olimpbase.org/Elo/player/I/Itkis,%20Boris.html","Itkis, Boris",8 October 1952,1952-10-08,1209167,exact_anchor,1952-10-08,olimpbase_profile_confirms_1994_row,False,1209167,Q27525992,1952-10-08,11,1952-10-08,agree,1952-10-08,olimpbase_profile_confirms_1994_row,False,1952-10-08,primary_clean_upstream_exact,False,,,M,432,-1.026328167438487,0.1257606490872211
1994-01,OlimpBase historical FIDE list,C:\chenxi\bazi_project\chess\Elo199401e.html,1100076,"Jasnikowski, Zbigniew",m,POL,M,,2475,56.0,1955-05-12,1955.05.12,True,,454,454.0,449.0,445,True,False,,OlimpBase historical FIDE list,C:\chenxi\bazi_project\chess\Elo199401e.html,,451,"https://olimpbase.org/Elo/player/J/Jasnikowski,%20Zbigniew.html","Jasnikowski, Zbigniew",12 May 1955,1955-05-12,1100076,exact_anchor,1955-05-12,olimpbase_profile_confirms_1994_row,False,1100076,Q4539572,1955-05-12,11,1955-05-12,agree,1955-05-12,olimpbase_profile_confirms_1994_row,False,1955-05-12,primary_clean_upstream_exact,False,,,M,432,-1.026328167438487,0.1257606490872211
1994-01,OlimpBase historical FIDE list,C:\chenxi\bazi_project\chess\Elo199401e.html,1600010,"Klinger, Josef",g,AUT,M,,2475,32.0,1967-06-06,1967.06.06,True,,466,466.0,449.0,445,True,False,,OlimpBase historical FIDE list,C:\chenxi\bazi_project\chess\Elo199401e.html,,451,"https://olimpbase.org/Elo/player/K/Klinger,%20Josef.html","Klinger, Josef",6 June 1967,1967-06-06,1600010,exact_anchor,1967-06-06,olimpbase_profile_confirms_1994_row,False,1600010,Q682145,1967-06-06,11,1967-06-06,agree,1967-06-06,olimpbase_profile_confirms_1994_row,False,1967-06-06,primary_clean_upstream_exact,False,,,M,432,-1.026328167438487,0.1257606490872211
1994-01,OlimpBase historical FIDE list,C:\chenxi\bazi_project\chess\Elo199401e.html,4100719,"Kochyev, Alexander",g,RUS,M,,2475,7.0,1956-03-25,1956.03.25,True,,479,479.0,449.0,445,True,False,,OlimpBase historical FIDE list,C:\chenxi\bazi_project\chess\Elo199401e.html,,451,"https://olimpbase.org/Elo/player/K/Kochyev,%20Alexander.html","Kochyev, Alexander",25 March 1956,1956-03-25,4100719,exact_anchor,1956-03-25,olimpbase_profile_confirms_1994_row,False,4100719,Q356408,1956-03-25,11,1956-03-25,agree,1956-03-25,olimpbase_profile_confirms_1994_row,False,1956-03-25,primary_clean_upstream_exact,False,,,M,432,-1.026328167438487,0.1257606490872211
1994-01,OlimpBase historical FIDE list,C:\chenxi\bazi_project\chess\Elo199401e.html,7800010,"Lodhi, Mahmood",m,PAK,M,,2475,11.0,1961-08-08,1961.08.08,True,,477,477.0,449.0,445,True,False,,OlimpBase historical FIDE list,C:\chenxi\bazi_project\chess\Elo199401e.html,,451,"https://olimpbase.org/Elo/player/L/Lodhi,%20Mahmood.html","Lodhi, Mahmood",8 August 1961,1961-08-08,7800010,exact_anchor,1961-08-08,olimpbase_profile_confirms_1994_row,False,7800010,Q21175170,1961-08-08,11,1961-08-08,agree,1961-08-08,olimpbase_profile_confirms_1994_row,False,1961-08-08,primary_clean_upstream_exact,False,,,M,432,-1.026328167438487,0.1257606490872211
1994-01,OlimpBase historical FIDE list,C:\chenxi\bazi_project\chess\Elo199401e.html,14100584,"Maksimenko, Andrei",m,UKR,M,,2475,42.0,1969-12-07,1969.12.07,True,,459=,459.0,449.0,445,True,False,,OlimpBase historical FIDE list,C:\chenxi\bazi_project\chess\Elo199401e.html,,451,"https://olimpbase.org/Elo/player/M/Maksimenko,%20Andrei.html","Maksimenko, Andrei",7 December 1969,1969-12-07,14100584,exact_anchor,1969-12-07,olimpbase_profile_confirms_1994_row,False,14100584,Q510942,1969-12-07,11,1969-12-07,agree,1969-12-07,olimpbase_profile_confirms_1994_row,False,1969-12-07,primary_clean_upstream_exact,False,,,M,432,-1.026328167438487,0.1257606490872211
1994-01,OlimpBase historical FIDE list,C:\chenxi\bazi_project\chess\Elo199401e.html,14200066,"Nadyrhanov, Sergey",m,UZB,M,,2475,19.0,,,True,,472=,472.0,449.0,445,True,False,,OlimpBase historical FIDE list,C:\chenxi\bazi_project\chess\Elo199401e.html,,451,"https://olimpbase.org/Elo/player/N/Nadyrhanov,%20Sergey.html","Nadyrhanov, Sergey",28 September 1963,1963-09-28,4135830,exact_anchor,1963-09-28,olimpbase_profile_fills_missing,False,4135830,Q4312054,1963-09-28,11,1963-09-28,agree,1963-09-28,olimpbase_profile_fills_missing,False,1963-09-28,primary_clean_upstream_exact,False,,,M,432,-1.026328167438487,0.1257606490872211
1994-01,OlimpBase historical FIDE list,C:\chenxi\bazi_project\chess\Elo199401e.html,1400355,"Nielsen, Peter Heine",m,DEN,M,,2475,61.0,1973-05-24,1973.05.24,True,,453,453.0,449.0,445,True,False,,OlimpBase historical FIDE list,C:\chenxi\bazi_project\chess\Elo199401e.html,,451,"https://olimpbase.org/Elo/player/N/Nielsen,%20Peter%20Heine.html","Nielsen, Peter Heine",24 May 1973,1973-05-24,1400355,exact_anchor,1973-05-24,olimpbase_profile_confirms_1994_row,False,1400355,Q708943,1973-05-24,11,1973-05-24,agree,1973-05-24,olimpbase_profile_confirms_1994_row,False,1973-05-24,primary_clean_upstream_exact,False,,,M,432,-1.026328167438487,0.1257606490872211
1994-01,OlimpBase historical FIDE list,C:\chenxi\bazi_project\chess\Elo199401e.html,8600511,"Peng, Xiaomin",m,CHN,M,,2475,13.0,1973-04-08,1973.04.08,True,,476,476.0,449.0,445,True,False,,OlimpBase historical FIDE list,C:\chenxi\bazi_project\chess\Elo199401e.html,,451,"https://olimpbase.org/Elo/player/P/Peng,%20Xiaomin.html","Peng, Xiaomin",8 April 1973,1973-04-08,8600511,exact_anchor,1973-04-08,olimpbase_profile_confirms_1994_row,False,8600511,Q7162685,1973-04-08,11,1973-04-08,agree,1973-04-08,olimpbase_profile_confirms_1994_row,False,1973-04-08,primary_clean_upstream_exact,False,,,M,432,-1.026328167438487,0.1257606490872211
1994-01,OlimpBase historical FIDE list,C:\chenxi\bazi_project\chess\Elo199401e.html,700304,"Petran, Pal",m,HUN,M,,2475,32.0,1946-09-15,1946.09.15,True,,466=,466.0,449.0,445,True,False,,OlimpBase historical FIDE list,C:\chenxi\bazi_project\chess\Elo199401e.html,,451,"https://olimpbase.org/Elo/player/P/Petran,%20Pal.html","Petran, Pal",15 September 1946,1946-09-15,700304,exact_anchor,1946-09-15,olimpbase_profile_confirms_1994_row,False,700304,Q27579558,1946-09-15,11,1946-09-15,agree,1946-09-15,olimpbase_profile_confirms_1994_row,False,1946-09-15,primary_clean_upstream_exact,False,,,M,432,-1.026328167438487,0.1257606490872211
1994-01,OlimpBase historical FIDE list,C:\chenxi\bazi_project\chess\Elo199401e.html,600172,"Prie, Eric",m,FRA,M,,2475,73.0,1962-03-14,1962.03.14,True,,450,450.0,449.0,445,True,False,,OlimpBase historical FIDE list,C:\chenxi\bazi_project\chess\Elo199401e.html,,451,"https://olimpbase.org/Elo/player/P/Prie,%20Eric.html","Prie, Eric",14 March 1962,1962-03-14,600172,exact_anchor,1962-03-14,olimpbase_profile_confirms_1994_row,False,600172,Q2027217,1962-03-14,11,1962-03-14,agree,1962-03-14,olimpbase_profile_confirms_1994_row,False,1962-03-14,primary_clean_upstream_exact,False,,,M,432,-1.026328167438487,0.1257606490872211
1994-01,OlimpBase historical FIDE list,C:\chenxi\bazi_project\chess\Elo199401e.html,900265,"Rajkovic, Dusan",g,YUG,M,,2475,64.0,1942-06-17,1942.06.17,True,,452,452.0,449.0,445,True,False,,OlimpBase historical FIDE list,C:\chenxi\bazi_project\chess\Elo199401e.html,,451,"https://olimpbase.org/Elo/player/R/Rajkovic,%20Dusan.html","Rajkovic, Dusan",17 June 1942,1942-06-17,900265,exact_anchor,1942-06-17,olimpbase_profile_confirms_1994_row,False,900265,Q4388969,1942-06-17,11,1942-06-17,agree,1942-06-17,olimpbase_profile_confirms_1994_row,False,1942-06-17,primary_clean_upstream_exact,False,,,M,432,-1.026328167438487,0.1257606490872211
1994-01,OlimpBase historical FIDE list,C:\chenxi\bazi_project\chess\Elo199401e.html,5000033,"Thipsay, Praveen M.",m,IND,M,,2475,41.0,1959-08-12,1959.08.12,True,,461,461.0,449.0,445,True,False,,OlimpBase historical FIDE list,C:\chenxi\bazi_project\chess\Elo199401e.html,,451,"https://olimpbase.org/Elo/player/T/Thipsay,%20Praveen%20M..html","Thipsay, Praveen M.",12 August 1959,1959-08-12,5000033,exact_anchor,1959-08-12,olimpbase_profile_confirms_1994_row,False,5000033,Q7238863,1959-08-12,11,1959-08-12,agree,1959-08-12,olimpbase_profile_confirms_1994_row,False,1959-08-12,primary_clean_upstream_exact,False,,,M,432,-1.026328167438487,0.1257606490872211
1994-01,OlimpBase historical FIDE list,C:\chenxi\bazi_project\chess\Elo199401e.html,4101219,"Tunik, Gennady",m,RUS,M,,2475,39.0,1953-05-27,1953.05.27,True,,462=,462.0,449.0,445,True,False,,OlimpBase historical FIDE list,C:\chenxi\bazi_project\chess\Elo199401e.html,,451,"https://olimpbase.org/Elo/player/T/Tunik,%20Gennady.html","Tunik, Gennady",27 May 1953,1953-05-27,4101219,exact_anchor,1953-05-27,olimpbase_profile_confirms_1994_row,False,4101219,Q4465521,1953-05-27,11,1953-05-27,agree,1953-05-27,olimpbase_profile_confirms_1994_row,False,1953-05-27,primary_clean_upstream_exact,False,,,M,432,-1.026328167438487,0.1257606490872211
1994-01,OlimpBase historical FIDE list,C:\chenxi\bazi_project\chess\Elo199401e.html,4611284,"Uhlmann, Wolfgang",g,GER,M,,2475,42.0,1935-03-29,1935.03.29,True,,459,459.0,449.0,445,True,False,,OlimpBase historical FIDE list,C:\chenxi\bazi_project\chess\Elo199401e.html,,451,"https://olimpbase.org/Elo/player/U/Uhlmann,%20Wolfgang.html","Uhlmann, Wolfgang",20 March 1935,1935-03-20,4611284,exact_anchor,1935-03-20,olimpbase_profile_corrects_1994_row,False,4611284,,,,,,1935-03-20,olimpbase_profile_corrects_1994_row,False,1935-03-20,primary_clean_upstream_exact,False,,,M,432,-1.026328167438487,0.1257606490872211
1994-01,OlimpBase historical FIDE list,C:\chenxi\bazi_project\chess\Elo199401e.html,4113217,"Yemelin, Vasily",f,RUS,M,,2475,18.0,1976-02-01,1976.02.01,True,,474=,474.0,449.0,445,True,False,,OlimpBase historical FIDE list,C:\chenxi\bazi_project\chess\Elo199401e.html,,451,"https://olimpbase.org/Elo/player/Y/Yemelin,%20Vasily.html","Yemelin, Vasily",1 February 1976,1976-02-01,4113217,exact_anchor,1976-02-01,olimpbase_profile_confirms_1994_row,False,4113217,Q1518792,1976-02-01,11,1976-02-01,agree,1976-02-01,olimpbase_profile_confirms_1994_row,False,1976-02-01,primary_clean_upstream_exact,False,,,M,432,-1.026328167438487,0.1257606490872211
1994-01,OlimpBase historical FIDE list,C:\chenxi\bazi_project\chess\Elo199401e.html,4103254,"Yuferov, Sergey N.",m,RUS,M,,2475,55.0,1945-12-03,1945.12.03,True,,455,455.0,449.0,445,True,False,,OlimpBase historical FIDE list,C:\chenxi\bazi_project\chess\Elo199401e.html,,451,"https://olimpbase.org/Elo/player/Y/Yuferov,%20Sergey%20N..html","Yuferov, Sergey N.",3 December 1945,1945-12-03,4103254,exact_anchor,1945-12-03,olimpbase_profile_confirms_1994_row,False,4103254,Q4535461,1945-12-03,11,1945-12-03,agree,1945-12-03,olimpbase_profile_confirms_1994_row,False,1945-12-03,primary_clean_upstream_exact,False,,,M,432,-1.026328167438487,0.1257606490872211
1994-01,OlimpBase historical FIDE list,C:\chenxi\bazi_project\chess\Elo199401e.html,100056,"Bolbochan, Julio",g,ARG,M,,2470,0.0,1920-03-20,1920.03.20,True,,511,511.0,482.0,478,True,False,,OlimpBase historical FIDE list,C:\chenxi\bazi_project\chess\Elo199401e.html,,484,"https://olimpbase.org/Elo/player/B/Bolbochan,%20Julio.html","Bolbochan, Julio",20 March 1920,1920-03-20,100056,exact_anchor,1920-03-20,olimpbase_profile_confirms_1994_row,False,100056,,,,,,1920-03-20,olimpbase_profile_confirms_1994_row,False,1920-03-20,primary_clean_upstream_exact,False,,,M,464,-1.1213265025920585,0.060851926977687626
1994-01,OlimpBase historical FIDE list,C:\chenxi\bazi_project\chess\Elo199401e.html,900621,"Cvetkovic, Srdjan",m,YUG,M,,2470,29.0,1946-02-28,1946.02.28,True,,496,496.0,482.0,478,True,False,,OlimpBase historical FIDE list,C:\chenxi\bazi_project\chess\Elo199401e.html,,484,"https://olimpbase.org/Elo/player/C/Cvetkovic,%20Srdjan.html","Cvetkovic, Srdjan",28 February 1946,1946-02-28,900621,exact_anchor,1946-02-28,olimpbase_profile_confirms_1994_row,False,900621,Q27524337,1946-02-28,11,1946-02-28,agree,1946-02-28,olimpbase_profile_confirms_1994_row,False,1946-02-28,primary_clean_upstream_exact,False,,,M,464,-1.1213265025920585,0.060851926977687626
1994-01,OlimpBase historical FIDE list,C:\chenxi\bazi_project\chess\Elo199401e.html,2200040,"De La Villa Garcia, Jesus M.",m,ESP,M,,2470,33.0,1958-08-30,1958.08.30,True,,493,493.0,482.0,478,True,False,,OlimpBase historical FIDE list,C:\chenxi\bazi_project\chess\Elo199401e.html,,484,"https://olimpbase.org/Elo/player/D/De%20La%20Villa%20Garcia,%20Jesus%20M..html","De La Villa Garcia, Jesus M.",30 June 1958,1958-06-30,2200040,exact_anchor,1958-06-30,olimpbase_profile_corrects_1994_row,False,2200040,Q2615276,1958-06-30,11,1958-06-30,agree,1958-06-30,olimpbase_profile_corrects_1994_row,False,1958-06-30,primary_clean_upstream_exact,False,,,M,464,-1.1213265025920585,0.060851926977687626
1994-01,OlimpBase historical FIDE list,C:\chenxi\bazi_project\chess\Elo199401e.html,2000369,"Evans, Larry M.",g,USA,M,,2470,0.0,1932-03-22,1932.03.22,True,,511=,511.0,482.0,478,True,False,,OlimpBase historical FIDE list,C:\chenxi\bazi_project\chess\Elo199401e.html,,484,"https://olimpbase.org/Elo/player/E/Evans,%20Larry%20M..html","Evans, Larry M.",22 March 1932,1932-03-22,2000369,exact_anchor,1932-03-22,olimpbase_profile_confirms_1994_row,False,2000369,,,,,,1932-03-22,olimpbase_profile_confirms_1994_row,False,1932-03-22,primary_clean_upstream_exact,False,,,M,464,-1.1213265025920585,0.060851926977687626
1994-01,OlimpBase historical FIDE list,C:\chenxi\bazi_project\chess\Elo199401e.html,2900211,"Genov, Petar",m,BUL,M,,2470,32.0,1970-04-05,1970.04.05,True,,494,494.0,482.0,478,True,False,,OlimpBase historical FIDE list,C:\chenxi\bazi_project\chess\Elo199401e.html,,484,"https://olimpbase.org/Elo/player/G/Genov,%20Petar.html","Genov, Petar",5 April 1970,1970-04-05,2900211,exact_anchor,1970-04-05,olimpbase_profile_confirms_1994_row,False,2900211,Q2607838,1970-04-05,11,1970-04-05,agree,1970-04-05,olimpbase_profile_confirms_1994_row,False,1970-04-05,primary_clean_upstream_exact,False,,,M,464,-1.1213265025920585,0.060851926977687626
1994-01,OlimpBase historical FIDE list,C:\chenxi\bazi_project\chess\Elo199401e.html,2900092,"Georgiev, Krum",g,BUL,M,,2470,58.0,1958-05-24,1958.05.24,True,,486,486.0,482.0,478,True,False,,OlimpBase historical FIDE list,C:\chenxi\bazi_project\chess\Elo199401e.html,,484,"https://olimpbase.org/Elo/player/G/Georgiev,%20Krum.html","Georgiev, Krum",24 May 1958,1958-05-24,2900092,exact_anchor,1958-05-24,olimpbase_profile_confirms_1994_row,False,2900092,Q2669497,1958-05-24,11,1958-05-24,agree,1958-05-24,olimpbase_profile_confirms_1994_row,False,1958-05-24,primary_clean_upstream_exact,False,,,M,464,-1.1213265025920585,0.060851926977687626
1994-01,OlimpBase historical FIDE list,C:\chenxi\bazi_project\chess\Elo199401e.html,13400231,"Guliev, Sarhan",m,AZE,M,,2470,60.0,1968-04-01,1968.04.01,True,,484,484.0,482.0,478,True,False,,OlimpBase historical FIDE list,C:\chenxi\bazi_project\chess\Elo199401e.html,,484,"https://olimpbase.org/Elo/player/G/Guliev,%20Sarhan.html","Guliev, Sarhan",1 April 1968,1968-04-01,13400231,exact_anchor,1968-04-01,olimpbase_profile_confirms_1994_row,False,13400231,Q2339080,1968-04-01,11,1968-04-01,agree,1968-04-01,olimpbase_profile_confirms_1994_row,False,1968-04-01,primary_clean_upstream_exact,False,,,M,464,-1.1213265025920585,0.060851926977687626
1994-01,OlimpBase historical FIDE list,C:\chenxi\bazi_project\chess\Elo199401e.html,4601297,"Hoffmann, Michael",m,GER,M,,2470,19.0,1970-09-19,1970.09.19,True,,504,504.0,482.0,478,True,False,,OlimpBase historical FIDE list,C:\chenxi\bazi_project\chess\Elo199401e.html,,484,"https://olimpbase.org/Elo/player/H/Hoffmann,%20Michael.html","Hoffmann, Michael",19 September 1970,1970-09-19,4601297,exact_anchor,1970-09-19,olimpbase_profile_confirms_1994_row,False,4601297,Q99755,1970-09-19,11,1970-09-19,agree,1970-09-19,olimpbase_profile_confirms_1994_row,False,1970-09-19,primary_clean_upstream_exact,False,,,M,464,-1.1213265025920585,0.060851926977687626
1994-01,OlimpBase historical FIDE list,C:\chenxi\bazi_project\chess\Elo199401e.html,4119231,"Kiriakov, Petr",,RUS,M,,2470,22.0,1975-01-11,1975.01.11,True,,501=,501.0,482.0,478,True,False,,OlimpBase historical FIDE list,C:\chenxi\bazi_project\chess\Elo199401e.html,,484,"https://olimpbase.org/Elo/player/K/Kiriakov,%20Petr.html","Kiriakov, Petr",11 January 1975,1975-01-11,4119231,exact_anchor,1975-01-11,olimpbase_profile_confirms_1994_row,False,4119231,Q2695383,1975-01-11,11,1975-01-11,agree,1975-01-11,olimpbase_profile_confirms_1994_row,False,1975-01-11,primary_clean_upstream_exact,False,,,M,464,-1.1213265025920585,0.060851926977687626
1994-01,OlimpBase historical FIDE list,C:\chenxi\bazi_project\chess\Elo199401e.html,2900076,"Kirov, Nino",g,BUL,M,,2470,27.0,1945-02-09,1945.02.09,True,,498,498.0,482.0,478,True,False,,OlimpBase historical FIDE list,C:\chenxi\bazi_project\chess\Elo199401e.html,,484,"https://olimpbase.org/Elo/player/K/Kirov,%20Nino.html","Kirov, Nino",9 February 1945,1945-02-09,2900076,exact_anchor,1945-02-09,olimpbase_profile_confirms_1994_row,False,2900076,,,,,,1945-02-09,olimpbase_profile_confirms_1994_row,False,1945-02-09,primary_clean_upstream_exact,False,,,M,464,-1.1213265025920585,0.060851926977687626
1994-01,OlimpBase historical FIDE list,C:\chenxi\bazi_project\chess\Elo199401e.html,4100751,"Kishnev, Sergey",m,RUS,M,,2470,32.0,1956-11-01,1956.11.01,True,,494=,494.0,482.0,478,True,False,,OlimpBase historical FIDE list,C:\chenxi\bazi_project\chess\Elo199401e.html,,484,"https://olimpbase.org/Elo/player/K/Kishnev,%20Sergey.html","Kishnev, Sergey",1 November 1956,1956-11-01,4100751,exact_anchor,1956-11-01,olimpbase_profile_confirms_1994_row,False,4100751,Q4222700,1956-11-01,11,1956-11-01,agree,1956-11-01,olimpbase_profile_confirms_1994_row,False,1956-11-01,primary_clean_upstream_exact,False,,,M,464,-1.1213265025920585,0.060851926977687626
1994-01,OlimpBase historical FIDE list,C:\chenxi\bazi_project\chess\Elo199401e.html,14500132,"Komljenovic, Davor",m,CRO,M,,2470,28.0,1944-07-01,1944.07.01,True,,497,497.0,482.0,478,True,False,,OlimpBase historical FIDE list,C:\chenxi\bazi_project\chess\Elo199401e.html,,484,"https://olimpbase.org/Elo/player/K/Komljenovic,%20Davor.html","Komljenovic, Davor",1 July 1944,1944-07-01,14500132,exact_anchor,1944-07-01,olimpbase_profile_confirms_1994_row,False,14500132,Q4229765,1944-07-01,11,1944-07-01,agree,1944-07-01,olimpbase_profile_confirms_1994_row,False,1944-07-01,primary_clean_upstream_exact,False,,,M,464,-1.1213265025920585,0.060851926977687626
1994-01,OlimpBase historical FIDE list,C:\chenxi\bazi_project\chess\Elo199401e.html,2000342,"Mc Cambridge, Vincent",m,USA,M,,2470,2.0,1960-03-08,1960.03.08,True,,509=,509.0,482.0,478,True,False,,OlimpBase historical FIDE list,C:\chenxi\bazi_project\chess\Elo199401e.html,,484,"https://olimpbase.org/Elo/player/M/Mc%20Cambridge,%20Vincent.html","Mc Cambridge, Vincent",8 March 1960,1960-03-08,2000342,exact_anchor,1960-03-08,olimpbase_profile_confirms_1994_row,False,2000342,Q27527886,1960-03-08,11,1960-03-08,agree,1960-03-08,olimpbase_profile_confirms_1994_row,False,1960-03-08,primary_clean_upstream_exact,False,,,M,464,-1.1213265025920585,0.060851926977687626
1994-01,OlimpBase historical FIDE list,C:\chenxi\bazi_project\chess\Elo199401e.html,2000296,"Meyer, Eugene B.",m,USA,M,,2470,6.0,1952-06-27,1952.06.27,True,,508,508.0,482.0,478,True,False,,OlimpBase historical FIDE list,C:\chenxi\bazi_project\chess\Elo199401e.html,,484,"https://olimpbase.org/Elo/player/M/Meyer,%20Eugene%20B..html","Meyer, Eugene B.",27 June 1952,1952-06-27,2000296,exact_anchor,1952-06-27,olimpbase_profile_confirms_1994_row,False,2000296,Q27528305,1952-06-27,11,1952-06-27,agree,1952-06-27,olimpbase_profile_confirms_1994_row,False,1952-06-27,primary_clean_upstream_exact,False,,,M,464,-1.1213265025920585,0.060851926977687626
1994-01,OlimpBase historical FIDE list,C:\chenxi\bazi_project\chess\Elo199401e.html,15000290,"Mitkov, Nikola",g,MKD,M,,2470,39.0,1971-12-18,1971.12.18,True,,490,490.0,482.0,478,True,False,,OlimpBase historical FIDE list,C:\chenxi\bazi_project\chess\Elo199401e.html,,484,"https://olimpbase.org/Elo/player/M/Mitkov,%20Nikola.html","Mitkov, Nikola",18 December 1971,1971-12-18,15000290,exact_anchor,1971-12-18,olimpbase_profile_confirms_1994_row,False,15000290,Q357119,1971-12-18,11,1971-12-18,agree,1971-12-18,olimpbase_profile_confirms_1994_row,False,1971-12-18,primary_clean_upstream_exact,False,,,M,464,-1.1213265025920585,0.060851926977687626
1994-01,OlimpBase historical FIDE list,C:\chenxi\bazi_project\chess\Elo199401e.html,4119207,"Moizhess, Igor",,RUS,M,,2470,0.0,1971-01-24,1971.01.24,True,,511=,511.0,482.0,478,True,False,,OlimpBase historical FIDE list,C:\chenxi\bazi_project\chess\Elo199401e.html,,484,"https://olimpbase.org/Elo/player/M/Moizhess,%20Igor.html","Moizhess, Igor",24 January 1971,1971-01-24,4119207,exact_anchor,1971-01-24,olimpbase_profile_confirms_1994_row,False,4119207,Q27528528,1971-01-24,11,1971-01-24,agree,1971-01-24,olimpbase_profile_confirms_1994_row,False,1971-01-24,primary_clean_upstream_exact,False,,,M,464,-1.1213265025920585,0.060851926977687626
1994-01,OlimpBase historical FIDE list,C:\chenxi\bazi_project\chess\Elo199401e.html,1400045,"Mortensen, Erling",m,DEN,M,,2470,24.0,1955-04-05,1955.04.05,True,,499,499.0,482.0,478,True,False,,OlimpBase historical FIDE list,C:\chenxi\bazi_project\chess\Elo199401e.html,,484,"https://olimpbase.org/Elo/player/M/Mortensen,%20Erling.html","Mortensen, Erling",5 April 1955,1955-04-05,1400045,exact_anchor,1955-04-05,olimpbase_profile_confirms_1994_row,False,1400045,Q9254639,1955-04-05,11,1955-04-05,agree,1955-04-05,olimpbase_profile_confirms_1994_row,False,1955-04-05,primary_clean_upstream_exact,False,,,M,464,-1.1213265025920585,0.060851926977687626
1994-01,OlimpBase historical FIDE list,C:\chenxi\bazi_project\chess\Elo199401e.html,2000229,"Peters, John A.",m,USA,M,,2470,11.0,1951-02-10,1951.02.10,True,,506=,506.0,482.0,478,True,False,,OlimpBase historical FIDE list,C:\chenxi\bazi_project\chess\Elo199401e.html,,484,"https://olimpbase.org/Elo/player/P/Peters,%20John%20A..html","Peters, John A.",10 February 1951,1951-02-10,2000229,exact_anchor,1951-02-10,olimpbase_profile_confirms_1994_row,False,2000229,Q971610,1951-02-10,11,1951-02-10,agree,1951-02-10,olimpbase_profile_confirms_1994_row,False,1951-02-10,primary_clean_upstream_exact,False,,,M,464,-1.1213265025920585,0.060851926977687626
1994-01,OlimpBase historical FIDE list,C:\chenxi\bazi_project\chess\Elo199401e.html,4600215,"Podzielny, Karl-Heinz",m,GER,M,,2470,2.0,1954-09-10,1954.09.10,True,,509,509.0,482.0,478,True,False,,OlimpBase historical FIDE list,C:\chenxi\bazi_project\chess\Elo199401e.html,,484,"https://olimpbase.org/Elo/player/P/Podzielny,%20Karl-Heinz.html","Podzielny, Karl-Heinz",different dates of birth given,,4600215,exact_anchor,,olimpbase_profile_reports_conflicting_dobs,True,4600215,Q1729954,1954-09-10,11,1954-09-10,,,profile_conflict_wikidata_candidate,True,1954-09-10,primary_clean_manual_nonconflicting_fill,False,3.0,"10 Sep 1954 is repeatedly used in modern biography and historical rating-list entries; OlimpBase profile flags historical DOB variation, so retained as level 3.",M,464,-1.1213265025920585,0.060851926977687626
1994-01,OlimpBase historical FIDE list,C:\chenxi\bazi_project\chess\Elo199401e.html,100242,"Ricardi, Pablo",m,ARG,M,,2470,22.0,1962-02-25,1962.02.25,True,,501,501.0,482.0,478,True,False,,OlimpBase historical FIDE list,C:\chenxi\bazi_project\chess\Elo199401e.html,,484,"https://olimpbase.org/Elo/player/R/Ricardi,%20Pablo.html","Ricardi, Pablo",25 February 1962,1962-02-25,100242,exact_anchor,1962-02-25,olimpbase_profile_confirms_1994_row,False,100242,Q1443810,1962-02-25,11,1962-02-25,agree,1962-02-25,olimpbase_profile_confirms_1994_row,False,1962-02-25,primary_clean_upstream_exact,False,,,M,464,-1.1213265025920585,0.060851926977687626
1994-01,OlimpBase historical FIDE list,C:\chenxi\bazi_project\chess\Elo199401e.html,3500039,"Rodriguez, Amador",g,CUB,M,,2470,51.0,1957-10-18,1957.10.18,True,,487,487.0,482.0,478,True,False,,OlimpBase historical FIDE list,C:\chenxi\bazi_project\chess\Elo199401e.html,,484,"https://olimpbase.org/Elo/player/R/Rodriguez,%20Amador.html","Rodriguez, Amador",different dates of birth given,,3500039,exact_anchor,,olimpbase_profile_reports_conflicting_dobs,True,3500039,Q658013,1956-09-08,11,1956-09-08,,,profile_conflict_wikidata_candidate,True,1956-09-08,primary_clean_manual_nonconflicting_fill,False,2.0,Wikidata cites the Catalan Sports Encyclopedia; Spanish biography text also gives 8 Sep 1956.,M,464,-1.1213265025920585,0.060851926977687626
1994-01,OlimpBase historical FIDE list,C:\chenxi\bazi_project\chess\Elo199401e.html,2000490,"Root, Douglas",m,USA,M,,2470,0.0,1963-02-12,1963.02.12,True,,511=,511.0,482.0,478,True,False,,OlimpBase historical FIDE list,C:\chenxi\bazi_project\chess\Elo199401e.html,,484,"https://olimpbase.org/Elo/player/R/Root,%20Douglas.html","Root, Douglas",12 February 1963,1963-02-12,2000490,exact_anchor,1963-02-12,olimpbase_profile_confirms_1994_row,False,2000490,Q27530848,1963-02-12,11,1963-02-12,agree,1963-02-12,olimpbase_profile_confirms_1994_row,False,1963-02-12,primary_clean_upstream_exact,False,,,M,464,-1.1213265025920585,0.060851926977687626
1994-01,OlimpBase historical FIDE list,C:\chenxi\bazi_project\chess\Elo199401e.html,2200082,"San Segundo Carrillo, Pablo",m,ESP,M,,2470,38.0,1970-02-09,1970.02.09,True,,491,491.0,482.0,478,True,False,,OlimpBase historical FIDE list,C:\chenxi\bazi_project\chess\Elo199401e.html,,484,"https://olimpbase.org/Elo/player/S/San%20Segundo%20Carrillo,%20Pablo.html","San Segundo Carrillo, Pablo",9 February 1970,1970-02-09,2200082,exact_anchor,1970-02-09,olimpbase_profile_confirms_1994_row,False,2200082,Q9054021,1970-02-09,11,1970-02-09,agree,1970-02-09,olimpbase_profile_confirms_1994_row,False,1970-02-09,primary_clean_upstream_exact,False,,,M,464,-1.1213265025920585,0.060851926977687626
1994-01,OlimpBase historical FIDE list,C:\chenxi\bazi_project\chess\Elo199401e.html,2900068,"Semkov, Semko",m,BUL,M,,2470,61.0,1960-02-29,1960.02.29,True,,483,483.0,482.0,478,True,False,,OlimpBase historical FIDE list,C:\chenxi\bazi_project\chess\Elo199401e.html,,484,"https://olimpbase.org/Elo/player/S/Semkov,%20Semko.html","Semkov, Semko",29 February 1960,1960-02-29,2900068,exact_anchor,1960-02-29,olimpbase_profile_confirms_1994_row,False,2900068,Q9335217,1960-01-01;1960-02-29,9;11,1960-02-29,agree,1960-02-29,olimpbase_profile_confirms_1994_row,False,1960-02-29,primary_clean_upstream_exact,False,,,M,464,-1.1213265025920585,0.060851926977687626
1994-01,OlimpBase historical FIDE list,C:\chenxi\bazi_project\chess\Elo199401e.html,4107730,"Shchekachev, Alexei",m,RUS,M,,2470,23.0,1972-10-27,1972.10.27,True,,500,500.0,482.0,478,True,False,,OlimpBase historical FIDE list,C:\chenxi\bazi_project\chess\Elo199401e.html,,484,"https://olimpbase.org/Elo/player/S/Shchekachev,%20Alexei.html","Shchekachev, Andrei",27 October 1972,1972-10-27,4107730,exact_anchor,1972-10-27,olimpbase_profile_confirms_1994_row,False,4107730,Q4528568,1972-10-27,11,1972-10-27,agree,1972-10-27,olimpbase_profile_confirms_1994_row,False,1972-10-27,primary_clean_upstream_exact,False,,,M,464,-1.1213265025920585,0.060851926977687626
1994-01,OlimpBase historical FIDE list,C:\chenxi\bazi_project\chess\Elo199401e.html,13500104,"Shereshevski, Mikhail (2)",m,BLR,M,,2470,0.0,1950-04-22,1950.04.22,True,,511=,511.0,482.0,478,True,False,,OlimpBase historical FIDE list,C:\chenxi\bazi_project\chess\Elo199401e.html,,484,"https://olimpbase.org/Elo/player/S/Shereshevski,%20Mikhail%20(2).html","Shereshevski, Mikhail (2)",22 April 1950,1950-04-22,13500104,exact_anchor,1950-04-22,olimpbase_profile_confirms_1994_row,False,13500104,,,,,,1950-04-22,olimpbase_profile_confirms_1994_row,False,1950-04-22,primary_clean_upstream_exact,False,,,M,464,-1.1213265025920585,0.060851926977687626
1994-01,OlimpBase historical FIDE list,C:\chenxi\bazi_project\chess\Elo199401e.html,100196,"Sorin, Ariel",m,ARG,M,,2470,16.0,1967-04-26,1967.04.26,True,,505,505.0,482.0,478,True,False,,OlimpBase historical FIDE list,C:\chenxi\bazi_project\chess\Elo199401e.html,,484,"https://olimpbase.org/Elo/player/S/Sorin,%20Ariel.html","Sorin, Ariel",26 April 1967,1967-04-26,100196,exact_anchor,1967-04-26,olimpbase_profile_confirms_1994_row,False,100196,Q2616960,1967-04-26,11,1967-04-26,agree,1967-04-26,olimpbase_profile_confirms_1994_row,False,1967-04-26,primary_clean_upstream_exact,False,,,M,464,-1.1213265025920585,0.060851926977687626
1994-01,OlimpBase historical FIDE list,C:\chenxi\bazi_project\chess\Elo199401e.html,2802007,"Sutovsky, Emil",m,ISR,M,,2470,47.0,,,True,,488,488.0,482.0,478,True,False,,OlimpBase historical FIDE list,C:\chenxi\bazi_project\chess\Elo199401e.html,,484,"https://olimpbase.org/Elo/player/S/Sutovskij,%20Emil.html","Sutovsky, Emil",19 September 1977,1977-09-19,2802007,exact_anchor,1977-09-19,olimpbase_profile_fills_missing,False,2802007,Q670159,1977-09-19,11,1977-09-19,agree,1977-09-19,olimpbase_profile_fills_missing,False,1977-09-19,primary_clean_upstream_exact,False,,,M,464,-1.1213265025920585,0.060851926977687626
1994-01,OlimpBase historical FIDE list,C:\chenxi\bazi_project\chess\Elo199401e.html,2300109,"Thorhallsson, Throstur",m,ISL,M,,2470,43.0,1969-03-19,1969.03.19,True,,489,489.0,482.0,478,True,False,,OlimpBase historical FIDE list,C:\chenxi\bazi_project\chess\Elo199401e.html,,484,"https://olimpbase.org/Elo/player/T/Thorhallsson,%20Throstur.html","Thorhallsson, Throstur",19 March 1969,1969-03-19,2300109,exact_anchor,1969-03-19,olimpbase_profile_confirms_1994_row,False,2300109,Q4464700,1969-03-19,11,1969-03-19,agree,1969-03-19,olimpbase_profile_confirms_1994_row,False,1969-03-19,primary_clean_upstream_exact,False,,,M,464,-1.1213265025920585,0.060851926977687626
1994-01,OlimpBase historical FIDE list,C:\chenxi\bazi_project\chess\Elo199401e.html,2800128,"Tseitlin, Mark D.",m,ISR,M,,2470,60.0,1943-09-23,1943.09.23,True,,484=,484.0,482.0,478,True,False,,OlimpBase historical FIDE list,C:\chenxi\bazi_project\chess\Elo199401e.html,,484,"https://olimpbase.org/Elo/player/T/Tseitlin,%20Mark%20D..html","Tseitlin, Mark D.",23 September 1943,1943-09-23,2800128,exact_anchor,1943-09-23,olimpbase_profile_confirms_1994_row,False,2800128,Q2025234,1943-09-23,11,1943-09-23,agree,1943-09-23,olimpbase_profile_confirms_1994_row,False,1943-09-23,primary_clean_upstream_exact,False,,,M,464,-1.1213265025920585,0.060851926977687626
1994-01,OlimpBase historical FIDE list,C:\chenxi\bazi_project\chess\Elo199401e.html,700509,"Varga, Zoltan",m,HUN,M,,2470,85.0,1970-07-12,1970.07.12,True,,482,482.0,482.0,478,True,False,,OlimpBase historical FIDE list,C:\chenxi\bazi_project\chess\Elo199401e.html,,484,"https://olimpbase.org/Elo/player/V/Varga,%20Zoltan.html","Varga, Zoltan",12 July 1970,1970-07-12,700509,exact_anchor,1970-07-12,olimpbase_profile_confirms_1994_row,False,700509,Q219074,1970-07-12,11,1970-07-12,agree,1970-07-12,olimpbase_profile_confirms_1994_row,False,1970-07-12,primary_clean_upstream_exact,False,,,M,464,-1.1213265025920585,0.060851926977687626
