snapshot,source,source_url,fide_id,name,title,fed,sex,sex_raw,rating,games,birth_date,birthday_raw,active,flag_raw,pos_raw,source_rank,rank_overall,rank_within_sex,official_fide_snapshot,manual_injection,injection_reason,rating_source,rating_source_url,identity_source_url,augmented_rank_overall,olimpbase_profile_url,olimpbase_profile_name,olimpbase_profile_dob_raw,olimpbase_profile_dob,olimpbase_profile_most_recent_id,olimpbase_identity_status,exact_dob_1994_repaired,dob_1994_repair_status,needs_manual_review_v2,identity_bridge_modern_fide_id,wikidata_v2_qids,wikidata_v2_dob_candidates,wikidata_v2_precisions,wikidata_v2_unique_exact_dob,profile_vs_wikidata_v2,exact_dob_final_v2,dob_status_v2,needs_manual_review_v3,exact_dob_frozen,dob_freeze_status,dob_source_conflict,dob_resolution_source_level,dob_resolution_note,analysis_sex,analysis_rank_within_sex,elo_z_within_snapshot_sex,rank_percentile_within_snapshot_sex
1994-01,OlimpBase historical FIDE list,C:\chenxi\bazi_project\chess\Elo199401e.html,700070,"Polgar, Judit",wg,HUN,F,w,2630,22,1976-07-23,1976.07.23,True,,21,21,19.0,1,True,False,,OlimpBase historical FIDE list,C:\chenxi\bazi_project\chess\Elo199401e.html,,21,"https://olimpbase.org/Elo/player/P/Polgar,%20Judit.html","Polgar, Judit",23 July 1976,1976-07-23,700070,exact_anchor,1976-07-23,olimpbase_profile_confirms_1994_row,False,700070,Q183250,1976-07-23,11,1976-07-23,agree,1976-07-23,olimpbase_profile_confirms_1994_row,False,1976-07-23,sensitivity_same_as_primary,False,,,F,1,4.799240956164529,1.0
1994-01,OlimpBase historical FIDE list,C:\chenxi\bazi_project\chess\Elo199401e.html,700088,"Polgar, Zsuzsa",wg,HUN,F,w,2550,21,1969-04-19,1969.04.19,True,,141,141,132.0,2,True,False,,OlimpBase historical FIDE list,C:\chenxi\bazi_project\chess\Elo199401e.html,,134,"https://olimpbase.org/Elo/player/P/Polgar,%20Zsuzsa.html","Polgar, Zsuzsa",19 April 1969,1969-04-19,700088,exact_anchor,1969-04-19,olimpbase_profile_confirms_1994_row,False,700088,Q12823,1969-04-19,11,1969-04-19,agree,1969-04-19,olimpbase_profile_confirms_1994_row,False,1969-04-19,sensitivity_same_as_primary,False,,,F,2,3.6761591235750233,0.9948717948717949
1994-01,OlimpBase historical FIDE list,C:\chenxi\bazi_project\chess\Elo199401e.html,13600036,"Chiburdanidze, Maia",wg,GEO,F,w,2520,29,1961-01-17,1961.01.17,True,,245,245,235.0,3,True,False,,OlimpBase historical FIDE list,C:\chenxi\bazi_project\chess\Elo199401e.html,,237,"https://olimpbase.org/Elo/player/C/Chiburdanidze,%20Maia.html","Chiburdanidze, Maia",17 January 1961,1961-01-17,13600036,exact_anchor,1961-01-17,olimpbase_profile_confirms_1994_row,False,13600036,Q232720,1961-01-17,11,1961-01-17,agree,1961-01-17,olimpbase_profile_confirms_1994_row,False,1961-01-17,sensitivity_same_as_primary,False,,,F,3,3.255003436353958,0.9897435897435898
1994-01,OlimpBase historical FIDE list,C:\chenxi\bazi_project\chess\Elo199401e.html,1700030,"Cramling, Pia",wg,SWE,F,w,2515,51,1963-04-23,1963.04.23,True,,268,268,261.0,4,True,False,,OlimpBase historical FIDE list,C:\chenxi\bazi_project\chess\Elo199401e.html,,263,"https://olimpbase.org/Elo/player/C/Cramling,%20Pia.html","Cramling, Pia",23 April 1963,1963-04-23,1700030,exact_anchor,1963-04-23,olimpbase_profile_confirms_1994_row,False,1700030,Q202015,1963-04-23,11,1963-04-23,agree,1963-04-23,olimpbase_profile_confirms_1994_row,False,1963-04-23,sensitivity_same_as_primary,False,,,F,4,3.184810821817114,0.9846153846153847
1994-01,OlimpBase historical FIDE list,C:\chenxi\bazi_project\chess\Elo199401e.html,8600147,"Xie, Jun",g,CHN,F,w,2515,23,1970-10-30,1970.10.30,True,,280,280,261.0,4,True,False,,OlimpBase historical FIDE list,C:\chenxi\bazi_project\chess\Elo199401e.html,,263,"https://olimpbase.org/Elo/player/X/Xie,%20Jun.html","Xie, Jun",30 October 1970,1970-10-30,8600147,exact_anchor,1970-10-30,olimpbase_profile_confirms_1994_row,False,8600147,Q255142,1970-10-30,11,1970-10-30,agree,1970-10-30,olimpbase_profile_confirms_1994_row,False,1970-10-30,sensitivity_same_as_primary,False,,,F,4,3.184810821817114,0.9846153846153847
1994-01,OlimpBase historical FIDE list,C:\chenxi\bazi_project\chess\Elo199401e.html,13600168,"Arakhamia, Ketevan",wg,GEO,F,w,2485,55,1968-07-19,1968.07.19,True,,389,389,384.0,6,True,False,,OlimpBase historical FIDE list,C:\chenxi\bazi_project\chess\Elo199401e.html,,386,"https://olimpbase.org/Elo/player/A/Arakhamia,%20Ketevan.html","Arakhamia-Grant, Ketevan",19 July 1968,1968-07-19,13600168,exact_anchor,1968-07-19,olimpbase_profile_confirms_1994_row,False,13600168,Q451654,1968-07-19,11,1968-07-19,agree,1968-07-19,olimpbase_profile_confirms_1994_row,False,1968-07-19,sensitivity_same_as_primary,False,,,F,6,2.7636551345960494,0.9743589743589743
1994-01,OlimpBase historical FIDE list,C:\chenxi\bazi_project\chess\Elo199401e.html,14100410,"Galliamova-Ivanchuk, Alisa",wg,UKR,F,w,2450,33,1972-01-18,1972.01.18,True,,619=,619,611.0,7,True,False,,OlimpBase historical FIDE list,C:\chenxi\bazi_project\chess\Elo199401e.html,,613,"https://olimpbase.org/Elo/player/G/Galliamova-Ivanchuk,%20Alisa.html","Galliamova, Alisa",18 January 1972,1972-01-18,4129725,exact_anchor,1972-01-18,olimpbase_profile_confirms_1994_row,False,4129725,Q466286,1972-01-18,11,1972-01-18,agree,1972-01-18,olimpbase_profile_confirms_1994_row,False,1972-01-18,sensitivity_same_as_primary,False,,,F,7,2.2723068328381406,0.9692307692307692
1994-01,OlimpBase historical FIDE list,C:\chenxi\bazi_project\chess\Elo199401e.html,700231,"Polgar, Zsofia",wg,HUN,F,w,2450,21,1974-11-02,1974.11.02,True,,628,628,611.0,7,True,False,,OlimpBase historical FIDE list,C:\chenxi\bazi_project\chess\Elo199401e.html,,613,"https://olimpbase.org/Elo/player/P/Polgar,%20Zsofia.html","Polgar, Zsofia",2 November 1974,1974-11-02,700231,exact_anchor,1974-11-02,olimpbase_profile_confirms_1994_row,False,700231,Q155388,1974-11-02,11,1974-11-02,agree,1974-11-02,olimpbase_profile_confirms_1994_row,False,1974-11-02,sensitivity_same_as_primary,False,,,F,7,2.2723068328381406,0.9692307692307692
1994-01,OlimpBase historical FIDE list,C:\chenxi\bazi_project\chess\Elo199401e.html,13600079,"Ioseliani, Nana",wg,GEO,F,w,2435,20,1962-02-12,1962.02.12,True,,784,784,756.0,9,True,False,,OlimpBase historical FIDE list,C:\chenxi\bazi_project\chess\Elo199401e.html,,758,"https://olimpbase.org/Elo/player/I/Ioseliani,%20Nana.html","Ioseliani, Nana",12 February 1962,1962-02-12,13600079,exact_anchor,1962-02-12,olimpbase_profile_confirms_1994_row,False,13600079,Q259851,1962-02-12,11,1962-02-12,agree,1962-02-12,olimpbase_profile_confirms_1994_row,False,1962-02-12,sensitivity_same_as_primary,False,,,F,9,2.0617289892276083,0.958974358974359
1994-01,OlimpBase historical FIDE list,C:\chenxi\bazi_project\chess\Elo199401e.html,2005956,"Levitina, Irina S.",wg,USA,F,w,2425,9,1954-06-08,1954.06.08,True,,922=,922,889.0,10,True,False,,OlimpBase historical FIDE list,C:\chenxi\bazi_project\chess\Elo199401e.html,,891,"https://olimpbase.org/Elo/player/L/Levitina,%20Irina%20S..html","Levitina, Irina S.",8 June 1954,1954-06-08,2005956,exact_anchor,1954-06-08,olimpbase_profile_confirms_1994_row,False,2005956,Q265770,1954-06-08,11,1954-06-08,agree,1954-06-08,olimpbase_profile_confirms_1994_row,False,1954-06-08,sensitivity_same_as_primary,False,,,F,10,1.92134376015392,0.9538461538461539
1994-01,OlimpBase historical FIDE list,C:\chenxi\bazi_project\chess\Elo199401e.html,700550,"Madl, Ildiko",wg,HUN,F,w,2420,12,1969-11-05,1969.11.05,True,,992,992,959.0,11,True,False,,OlimpBase historical FIDE list,C:\chenxi\bazi_project\chess\Elo199401e.html,,961,"https://olimpbase.org/Elo/player/M/Madl,%20Ildiko.html","Madl, Ildiko",5 November 1969,1969-11-05,700550,exact_anchor,1969-11-05,olimpbase_profile_confirms_1994_row,False,700550,Q469065,1969-11-05,11,1969-11-05,agree,1969-11-05,olimpbase_profile_confirms_1994_row,False,1969-11-05,sensitivity_same_as_primary,False,,,F,11,1.851151145617076,0.9487179487179487
1994-01,OlimpBase historical FIDE list,C:\chenxi\bazi_project\chess\Elo199401e.html,4623614,"Kachiani-Gersinska, Ketino",wg,GER,F,w,2415,24,1971-09-11,1971.09.11,True,,1050=,1050,1029.0,12,True,False,,OlimpBase historical FIDE list,C:\chenxi\bazi_project\chess\Elo199401e.html,,1031,"https://olimpbase.org/Elo/player/K/Kakhiani,%20Ketevan.html","Kachiani-Gersinska, Ketino",11 September 1971,1971-09-11,4623614,exact_anchor,1971-09-11,olimpbase_profile_confirms_1994_row,False,4623614,Q89044,1971-09-11,11,1971-09-11,agree,1971-09-11,olimpbase_profile_confirms_1994_row,False,1971-09-11,sensitivity_same_as_primary,False,,,F,12,1.7809585310802318,0.9435897435897436
1994-01,OlimpBase historical FIDE list,C:\chenxi\bazi_project\chess\Elo199401e.html,904180,"Maric, Alisa",wg,YUG,F,w,2415,22,1970-01-10,1970.01.10,True,,1053,1053,1029.0,12,True,False,,OlimpBase historical FIDE list,C:\chenxi\bazi_project\chess\Elo199401e.html,,1031,"https://olimpbase.org/Elo/player/M/Maric,%20Alisa.html","Maric, Alisa",10 January 1970,1970-01-10,904180,exact_anchor,1970-01-10,olimpbase_profile_confirms_1994_row,False,904180,Q457914,1970-01-10,11,1970-01-10,agree,1970-01-10,olimpbase_profile_confirms_1994_row,False,1970-01-10,sensitivity_same_as_primary,False,,,F,12,1.7809585310802318,0.9435897435897436
1994-01,OlimpBase historical FIDE list,C:\chenxi\bazi_project\chess\Elo199401e.html,908550,"Bojkovic, Natasa",wg,YUG,F,w,2410,26,1971-09-03,1971.09.03,True,,1129=,1129,1105.0,14,True,False,,OlimpBase historical FIDE list,C:\chenxi\bazi_project\chess\Elo199401e.html,,1107,"https://olimpbase.org/Elo/player/B/Bojkovic,%20Natasa.html","Bojkovic, Natasa",3 September 1971,1971-09-03,908550,exact_anchor,1971-09-03,olimpbase_profile_confirms_1994_row,False,908550,Q1558686,1971-09-03,11,1971-09-03,agree,1971-09-03,olimpbase_profile_confirms_1994_row,False,1971-09-03,sensitivity_same_as_primary,False,,,F,14,1.7107659165433877,0.9333333333333333
1994-01,OlimpBase historical FIDE list,C:\chenxi\bazi_project\chess\Elo199401e.html,2000547,"Donaldson-Akhmilovskaya, Elena",wg,USA,F,w,2410,11,1957-03-11,1957.03.11,True,,1149=,1149,1105.0,14,True,False,,OlimpBase historical FIDE list,C:\chenxi\bazi_project\chess\Elo199401e.html,,1107,"https://olimpbase.org/Elo/player/A/Akhmilovskaya,%20Elena.html","Donaldson-Akhmilovskaya, Elena",11 March 1957,1957-03-11,2000547,exact_anchor,1957-03-11,olimpbase_profile_confirms_1994_row,False,2000547,,,,,,1957-03-11,olimpbase_profile_confirms_1994_row,False,1957-03-11,sensitivity_same_as_primary,False,,,F,14,1.7107659165433877,0.9333333333333333
1994-01,OlimpBase historical FIDE list,C:\chenxi\bazi_project\chess\Elo199401e.html,4119827,"Matveeva, Svetlana",wg,RUS,F,w,2405,24,1969-07-04,1969.07.04,True,,1209,1209,1191.0,16,True,False,,OlimpBase historical FIDE list,C:\chenxi\bazi_project\chess\Elo199401e.html,,1193,"https://olimpbase.org/Elo/player/M/Matveeva,%20Svetlana.html","Matveeva, Svetlana",4 July 1969,1969-07-04,4119827,exact_anchor,1969-07-04,olimpbase_profile_confirms_1994_row,False,4119827,Q2079533,1969-07-04,11,1969-07-04,agree,1969-07-04,olimpbase_profile_confirms_1994_row,False,1969-07-04,sensitivity_same_as_primary,False,,,F,16,1.6405733020065436,0.9230769230769231
1994-01,OlimpBase historical FIDE list,C:\chenxi\bazi_project\chess\Elo199401e.html,8600350,"Qin, Kanying",wg,CHN,F,w,2405,13,1974-02-02,1974.02.02,True,,1227,1227,1191.0,16,True,False,,OlimpBase historical FIDE list,C:\chenxi\bazi_project\chess\Elo199401e.html,,1193,"https://olimpbase.org/Elo/player/Q/Qin,%20Kanying.html","Qin, Kanying",2 February 1974,1974-02-02,8600350,exact_anchor,1974-02-02,olimpbase_profile_confirms_1994_row,False,8600350,Q2964052,1974-02-02,11,1974-02-02,agree,1974-02-02,olimpbase_profile_confirms_1994_row,False,1974-02-02,sensitivity_same_as_primary,False,,,F,16,1.6405733020065436,0.9230769230769231
1994-01,OlimpBase historical FIDE list,C:\chenxi\bazi_project\chess\Elo199401e.html,1200496,"Foisor, Cristina Adela",wg,ROM,F,w,2400,52,1967-04-07,1967.04.07,True,,1274,1274,1271.0,18,True,False,,OlimpBase historical FIDE list,C:\chenxi\bazi_project\chess\Elo199401e.html,,1273,"https://olimpbase.org/Elo/player/B/Badulescu,%20Cristina%20Adela.html","Foisor, Cristina Adela",7 April 1967,1967-04-07,1200496,exact_anchor,1967-04-07,olimpbase_profile_confirms_1994_row,False,1200496,,,,,,1967-04-07,olimpbase_profile_confirms_1994_row,False,1967-04-07,sensitivity_same_as_primary,False,,,F,18,1.5703806874696995,0.9128205128205128
1994-01,OlimpBase historical FIDE list,C:\chenxi\bazi_project\chess\Elo199401e.html,13600222,"Gurieli, Nino",wg,GEO,F,w,2390,35,1961-12-07,1961.12.07,True,,1456,1456,1446.0,19,True,False,,OlimpBase historical FIDE list,C:\chenxi\bazi_project\chess\Elo199401e.html,,1448,"https://olimpbase.org/Elo/player/G/Gurieli,%20Nino.html","Gurieli, Nino",7 December 1961,1961-12-07,13600222,exact_anchor,1961-12-07,olimpbase_profile_confirms_1994_row,False,13600222,Q4152361,1961-12-07,11,1961-12-07,agree,1961-12-07,olimpbase_profile_confirms_1994_row,False,1961-12-07,sensitivity_same_as_primary,False,,,F,19,1.4299954583960113,0.9076923076923077
1994-01,OlimpBase historical FIDE list,C:\chenxi\bazi_project\chess\Elo199401e.html,4108680,"Prudnikova, Svetlana",wg,RUS,F,w,2390,40,1967-03-18,1967.03.18,True,,1453=,1453,1446.0,19,True,False,,OlimpBase historical FIDE list,C:\chenxi\bazi_project\chess\Elo199401e.html,,1448,"https://olimpbase.org/Elo/player/P/Prudnikova,%20Svetlana.html","Prudnikova, Svetlana",18 March 1967,1967-03-18,929700,exact_anchor,1967-03-18,olimpbase_profile_confirms_1994_row,False,929700,Q275089,1967-03-18,11,1967-03-18,agree,1967-03-18,olimpbase_profile_confirms_1994_row,False,1967-03-18,sensitivity_same_as_primary,False,,,F,19,1.4299954583960113,0.9076923076923077
1994-01,OlimpBase historical FIDE list,C:\chenxi\bazi_project\chess\Elo199401e.html,2000784,"Akhsharumova, Anna M.",wg,USA,F,w,2385,0,1957-01-09,1957.01.09,True,,1613=,1613,1556.0,21,True,False,,OlimpBase historical FIDE list,C:\chenxi\bazi_project\chess\Elo199401e.html,,1558,"https://olimpbase.org/Elo/player/A/Akhsharumova,%20Anna%20M..html","Akhsharumova, Anna M.",9 January 1957,1957-01-09,2000784,exact_anchor,1957-01-09,olimpbase_profile_confirms_1994_row,False,2000784,Q736911,1957-01-09,11,1957-01-09,agree,1957-01-09,olimpbase_profile_confirms_1994_row,False,1957-01-09,sensitivity_same_as_primary,False,,,F,21,1.3598028438591672,0.8974358974358975
1994-01,OlimpBase historical FIDE list,C:\chenxi\bazi_project\chess\Elo199401e.html,13400010,"Sofieva, Ainur",wg,AZE,F,w,2385,17,1970-07-19,1970.07.19,True,,1586=,1586,1556.0,21,True,False,,OlimpBase historical FIDE list,C:\chenxi\bazi_project\chess\Elo199401e.html,,1558,"https://olimpbase.org/Elo/player/S/Sofieva,%20Ainur.html","Sofieva, Ainur",19 July 1970,1970-07-19,13400010,exact_anchor,1970-07-19,olimpbase_profile_confirms_1994_row,False,13400010,Q4429937,1970-07-19,11,1970-07-19,agree,1970-07-19,olimpbase_profile_confirms_1994_row,False,1970-07-19,sensitivity_same_as_primary,False,,,F,21,1.3598028438591672,0.8974358974358975
1994-01,OlimpBase historical FIDE list,C:\chenxi\bazi_project\chess\Elo199401e.html,401510,"Arkell, Susan",wg,ENG,F,w,2370,34,1965-10-20,1965.10.20,True,,1878,1878,1868.0,23,True,False,,OlimpBase historical FIDE list,C:\chenxi\bazi_project\chess\Elo199401e.html,,1870,"https://olimpbase.org/Elo/player/A/Arkell,%20Susan.html","Lalic, Susan",20 October 1965,1965-10-20,401510,exact_anchor,1965-10-20,olimpbase_profile_confirms_1994_row,False,401510,Q5157522,1965-10-28,11,1965-10-28,disagree,1965-10-20,olimpbase_profile_confirms_1994_row,False,1965-10-28,sensitivity_manual_adjudicated_conflict,True,1.0,Detailed British Chess News biography and modern biography agree on 28 Oct 1965; old OlimpBase 20 Oct is rejected.,F,23,1.1492250002486346,0.8871794871794871
1994-01,OlimpBase historical FIDE list,C:\chenxi\bazi_project\chess\Elo199401e.html,8600171,"Peng, Zhaoqin",wg,CHN,F,w,2370,13,1968-05-08,1968.05.08,True,,1911=,1911,1868.0,23,True,False,,OlimpBase historical FIDE list,C:\chenxi\bazi_project\chess\Elo199401e.html,,1870,"https://olimpbase.org/Elo/player/P/Peng,%20Zhaoqin.html","Peng, Zhaoqin",8 May 1968,1968-05-08,1004786,exact_anchor,1968-05-08,olimpbase_profile_confirms_1994_row,False,1004786,Q271811,1968-05-08,11,1968-05-08,agree,1968-05-08,olimpbase_profile_confirms_1994_row,False,1968-05-08,sensitivity_same_as_primary,False,,,F,23,1.1492250002486346,0.8871794871794871
1994-01,OlimpBase historical FIDE list,C:\chenxi\bazi_project\chess\Elo199401e.html,13600125,"Gaprindashvili, Nona",wg,GEO,F,w,2365,3,1941-05-03,1941.05.03,True,,2056,2056,1981.0,25,True,False,,OlimpBase historical FIDE list,C:\chenxi\bazi_project\chess\Elo199401e.html,,1983,"https://olimpbase.org/Elo/player/G/Gaprindashvili,%20Nona.html","Gaprindashvili, Nona",3 May 1941,1941-05-03,13600125,exact_anchor,1941-05-03,olimpbase_profile_confirms_1994_row,False,13600125,Q231630,1941-05-03,11,1941-05-03,agree,1941-05-03,olimpbase_profile_confirms_1994_row,False,1941-05-03,sensitivity_same_as_primary,False,,,F,25,1.0790323857117905,0.8769230769230769
1994-01,OlimpBase historical FIDE list,C:\chenxi\bazi_project\chess\Elo199401e.html,2902257,"Stefanova, Antoaneta",wf,BUL,F,w,2360,34,1979-04-19,1979.04.19,True,,2113,2113,2105.0,26,True,False,,OlimpBase historical FIDE list,C:\chenxi\bazi_project\chess\Elo199401e.html,,2107,"https://olimpbase.org/Elo/player/S/Stefanova,%20Antoaneta.html","Stefanova, Antoaneta",19 April 1979,1979-04-19,2902257,exact_anchor,1979-04-19,olimpbase_profile_confirms_1994_row,False,2902257,Q238810,1979-04-19,11,1979-04-19,agree,1979-04-19,olimpbase_profile_confirms_1994_row,False,1979-04-19,sensitivity_same_as_primary,False,,,F,26,1.0088397711749464,0.8717948717948718
1994-01,OlimpBase historical FIDE list,C:\chenxi\bazi_project\chess\Elo199401e.html,11600250,"Rause, Olita",wg,LAT,F,w,2355,12,1962-11-21,1962.11.21,True,,2247,2247,2212.0,27,True,False,,OlimpBase historical FIDE list,C:\chenxi\bazi_project\chess\Elo199401e.html,,2214,"https://olimpbase.org/Elo/player/R/Rause,%20Olita.html","Rause, Olita",21 November 1962,1962-11-21,11600250,exact_anchor,1962-11-21,olimpbase_profile_confirms_1994_row,False,11600250,Q3544999,1962-11-21,11,1962-11-21,agree,1962-11-21,olimpbase_profile_confirms_1994_row,False,1962-11-21,sensitivity_same_as_primary,False,,,F,27,0.9386471566381024,0.8666666666666667
1994-01,OlimpBase historical FIDE list,C:\chenxi\bazi_project\chess\Elo199401e.html,8600406,"Wang, Pin",wg,CHN,F,w,2350,13,1974-12-01,1974.12.01,True,,2367=,2367,2337.0,28,True,False,,OlimpBase historical FIDE list,C:\chenxi\bazi_project\chess\Elo199401e.html,,2339,"https://olimpbase.org/Elo/player/W/Wang,%20Pin.html","Wang, Pin",11 December 1974,1974-12-11,8600406,exact_anchor,1974-12-11,olimpbase_profile_corrects_1994_row,False,8600406,Q530610,1974-12-11,11,1974-12-11,agree,1974-12-11,olimpbase_profile_corrects_1994_row,False,1974-12-11,sensitivity_same_as_primary,False,,,F,28,0.8684545421012583,0.8615384615384616
1994-01,OlimpBase historical FIDE list,C:\chenxi\bazi_project\chess\Elo199401e.html,1101315,"Brustman, Agnieszka",wg,POL,F,w,2345,28,1962-07-31,1962.07.31,True,,2488=,2488,2474.0,29,True,False,,OlimpBase historical FIDE list,C:\chenxi\bazi_project\chess\Elo199401e.html,,2476,"https://olimpbase.org/Elo/player/B/Brustman,%20Agnieszka.html","Brustman, Agnieszka",31 July 1962,1962-07-31,1101315,exact_anchor,1962-07-31,olimpbase_profile_confirms_1994_row,False,1101315,Q394878,1962-07-31,11,1962-07-31,agree,1962-07-31,olimpbase_profile_confirms_1994_row,False,1962-07-31,sensitivity_same_as_primary,False,,,F,29,0.798261927564414,0.8564102564102564
1994-01,OlimpBase historical FIDE list,C:\chenxi\bazi_project\chess\Elo199401e.html,4105621,"Demina, Julia",wg,RUS,F,w,2345,29,1969-02-03,1969.02.03,True,,2485=,2485,2474.0,29,True,False,,OlimpBase historical FIDE list,C:\chenxi\bazi_project\chess\Elo199401e.html,,2476,"https://olimpbase.org/Elo/player/D/Demina,%20Julia.html","Demina, Julia",3 February 1969,1969-02-03,4105621,exact_anchor,1969-02-03,olimpbase_profile_confirms_1994_row,False,4105621,Q6350679,1969-02-03,11,1969-02-03,agree,1969-02-03,olimpbase_profile_confirms_1994_row,False,1969-02-03,sensitivity_same_as_primary,False,,,F,29,0.798261927564414,0.8564102564102564
1994-01,OlimpBase historical FIDE list,C:\chenxi\bazi_project\chess\Elo199401e.html,11600209,"Safranska, Anda",wm,LAT,F,w,2345,28,1960-12-02,1960.12.02,True,,2488=,2488,2474.0,29,True,False,,OlimpBase historical FIDE list,C:\chenxi\bazi_project\chess\Elo199401e.html,,2476,"https://olimpbase.org/Elo/player/S/Shafranska,%20Anda.html","Safranska, Anda",2 December 1960,1960-12-02,11600209,exact_anchor,1960-12-02,olimpbase_profile_confirms_1994_row,False,11600209,Q2600515,1960-12-02,11,1960-12-02,agree,1960-12-02,olimpbase_profile_confirms_1994_row,False,1960-12-02,sensitivity_same_as_primary,False,,,F,29,0.798261927564414,0.8564102564102564
1994-01,OlimpBase historical FIDE list,C:\chenxi\bazi_project\chess\Elo199401e.html,4109040,"Umanskaya, Irina",wm,RUS,F,w,2345,49,1963-06-09,1963.06.09,True,,2476,2476,2474.0,29,True,False,,OlimpBase historical FIDE list,C:\chenxi\bazi_project\chess\Elo199401e.html,,2476,"https://olimpbase.org/Elo/player/U/Umanskaya,%20Irina.html","Umanskaya, Irina",9 June 1963,1963-06-09,4109040,exact_anchor,1963-06-09,olimpbase_profile_confirms_1994_row,False,4109040,Q27560073,1963-06-09,11,1963-06-09,agree,1963-06-09,olimpbase_profile_confirms_1994_row,False,1963-06-09,sensitivity_same_as_primary,False,,,F,29,0.798261927564414,0.8564102564102564
1994-01,OlimpBase historical FIDE list,C:\chenxi\bazi_project\chess\Elo199401e.html,14400073,"Basagic, Vesna",wg,BIH,F,w,2340,30,,,True,,2633,2633,2621.0,33,True,False,,OlimpBase historical FIDE list,C:\chenxi\bazi_project\chess\Elo199401e.html,,2623,"https://olimpbase.org/Elo/player/B/Basagic,%20Vesna.html","Misanovic, Vesna",different dates of birth given,,14400073,exact_anchor,,olimpbase_profile_reports_conflicting_dobs,True,14400073,Q7923258,1964-11-27,11,1964-11-27,,,profile_conflict_wikidata_candidate,True,1964-11-27,sensitivity_manual_nonconflicting_fill,False,1.0,Resolved as Vesna Mišanović/Caselotti; independent chess-biographical sources agree on 27 Nov 1964.,F,33,0.7280693130275699,0.8358974358974359
1994-01,OlimpBase historical FIDE list,C:\chenxi\bazi_project\chess\Elo199401e.html,4617339,"Juergens, Vera",wg,GER,F,w,2340,34,1969-09-05,1969.09.05,True,,2628,2628,2621.0,33,True,False,,OlimpBase historical FIDE list,C:\chenxi\bazi_project\chess\Elo199401e.html,,2623,"https://olimpbase.org/Elo/player/P/Peicheva,%20Vera.html","Juergens, Vera",5 September 1969,1969-09-05,4617339,exact_anchor,1969-09-05,olimpbase_profile_confirms_1994_row,False,4617339,Q96436,1969-01-01;1969-09-05,9;11,1969-09-05,agree,1969-09-05,olimpbase_profile_confirms_1994_row,False,1969-09-05,sensitivity_same_as_primary,False,,,F,33,0.7280693130275699,0.8358974358974359
1994-01,OlimpBase historical FIDE list,C:\chenxi\bazi_project\chess\Elo199401e.html,13400045,"Kadimova, Ilaha",wm,AZE,F,w,2335,34,1975-11-05,1975.11.05,True,,2784,2784,2779.0,35,True,False,,OlimpBase historical FIDE list,C:\chenxi\bazi_project\chess\Elo199401e.html,,2781,"https://olimpbase.org/Elo/player/K/Kadimova,%20Ilaha.html","Kadimova, Ilaha",5 November 1975,1975-11-05,13400045,exact_anchor,1975-11-05,olimpbase_profile_confirms_1994_row,False,13400045,Q9393860,1975-11-05,11,1975-11-05,agree,1975-11-05,olimpbase_profile_confirms_1994_row,False,1975-11-05,sensitivity_same_as_primary,False,,,F,35,0.6578766984907258,0.8256410256410256
1994-01,OlimpBase historical FIDE list,C:\chenxi\bazi_project\chess\Elo199401e.html,300683,"Klimova-Richtrova, Eliska",wg,CZE,F,w,2335,8,1959-07-01,1959.07.01,True,,2830,2830,2779.0,35,True,False,,OlimpBase historical FIDE list,C:\chenxi\bazi_project\chess\Elo199401e.html,,2781,"https://olimpbase.org/Elo/player/K/Klimova,%20Eliska.html","Klimova-Richtrova, Eliska",1 July 1959,1959-07-01,300683,exact_anchor,1959-07-01,olimpbase_profile_confirms_1994_row,False,300683,Q433811,1959-07-01,11,1959-07-01,agree,1959-07-01,olimpbase_profile_confirms_1994_row,False,1959-07-01,sensitivity_same_as_primary,False,,,F,35,0.6578766984907258,0.8256410256410256
1994-01,OlimpBase historical FIDE list,C:\chenxi\bazi_project\chess\Elo199401e.html,12800228,"Baginskaite, Kamile",wm,LTU,F,w,2330,30,1967-04-24,1967.04.24,True,,2928=,2928,2922.0,37,True,False,,OlimpBase historical FIDE list,C:\chenxi\bazi_project\chess\Elo199401e.html,,2924,"https://olimpbase.org/Elo/player/B/Baginskaite,%20Kamile.html","Baginskaite, Camilla",24 April 1967,1967-04-24,2014599,exact_anchor,1967-04-24,olimpbase_profile_confirms_1994_row,False,2014599,Q468829,1967-04-24,11,1967-04-24,agree,1967-04-24,olimpbase_profile_confirms_1994_row,False,1967-04-24,sensitivity_same_as_primary,False,,,F,37,0.5876840839538817,0.8153846153846154
1994-01,OlimpBase historical FIDE list,C:\chenxi\bazi_project\chess\Elo199401e.html,4200187,"Makropoulou, Marina",wg,GRE,F,w,2330,26,1960-12-03,1960.12.03,True,,2932=,2932,2922.0,37,True,False,,OlimpBase historical FIDE list,C:\chenxi\bazi_project\chess\Elo199401e.html,,2924,"https://olimpbase.org/Elo/player/P/Pogorevici,%20Marina.html","Makropoulou, Marina",3 December 1960,1960-12-03,4200187,exact_anchor,1960-12-03,olimpbase_profile_confirms_1994_row,False,4200187,Q435921,1960-12-03,11,1960-12-03,agree,1960-12-03,olimpbase_profile_confirms_1994_row,False,1960-12-03,sensitivity_same_as_primary,False,,,F,37,0.5876840839538817,0.8153846153846154
1994-01,OlimpBase historical FIDE list,C:\chenxi\bazi_project\chess\Elo199401e.html,4617304,"Micic, Jordanka",wm,GER,F,w,2330,24,,,True,,2936=,2936,2922.0,37,True,False,,OlimpBase historical FIDE list,C:\chenxi\bazi_project\chess\Elo199401e.html,,2924,"https://olimpbase.org/Elo/player/M/Micic,%20Jordanka.html","Micic, Jordanka",12 January 1964,1964-01-12,4617304,exact_anchor,1964-01-12,olimpbase_profile_fills_missing,False,4617304,Q1703697,1964-01-12,11,1964-01-12,agree,1964-01-12,olimpbase_profile_fills_missing,False,1964-01-12,sensitivity_same_as_primary,False,,,F,37,0.5876840839538817,0.8153846153846154
1994-01,OlimpBase historical FIDE list,C:\chenxi\bazi_project\chess\Elo199401e.html,1200771,"Nutu-Gajic, Dana",wg,ROM,F,w,2330,25,1957-06-08,1957.06.08,True,,2934=,2934,2922.0,37,True,False,,OlimpBase historical FIDE list,C:\chenxi\bazi_project\chess\Elo199401e.html,,2924,"https://olimpbase.org/Elo/player/N/Nutu,%20Dana.html","Nutu-Gajic, Dana",8 June 1957,1957-06-08,3202232,exact_anchor,1957-06-08,olimpbase_profile_confirms_1994_row,False,3202232,Q6349765,1957-06-08,11,1957-06-08,agree,1957-06-08,olimpbase_profile_confirms_1994_row,False,1957-06-08,sensitivity_same_as_primary,False,,,F,37,0.5876840839538817,0.8153846153846154
1994-01,OlimpBase historical FIDE list,C:\chenxi\bazi_project\chess\Elo199401e.html,14100401,"Chelushkina, Irina",wg,UKR,F,w,2325,19,1962-02-01,1962.02.01,True,,3107=,3107,3089.0,41,True,False,,OlimpBase historical FIDE list,C:\chenxi\bazi_project\chess\Elo199401e.html,,3091,"https://olimpbase.org/Elo/player/C/Chelushkina,%20Irina.html","Chelushkina, Irina",1 February 1962,1962-02-01,928615,exact_anchor,1962-02-01,olimpbase_profile_confirms_1994_row,False,928615,Q4508636,1961-02-01,11,1961-02-01,disagree,1962-02-01,olimpbase_profile_confirms_1994_row,False,1961-02-01,sensitivity_manual_adjudicated_conflict,True,2.0,Russian Chess Federation biography gives 1 Feb 1961; old OlimpBase year 1962 is rejected.,F,41,0.5174914694170376,0.7948717948717948
1994-01,OlimpBase historical FIDE list,C:\chenxi\bazi_project\chess\Elo199401e.html,700576,"Csonkics, Tunde",wg,HUN,F,w,2325,6,1958-09-20,1958.09.20,True,,3163=,3163,3089.0,41,True,False,,OlimpBase historical FIDE list,C:\chenxi\bazi_project\chess\Elo199401e.html,,3091,"https://olimpbase.org/Elo/player/C/Csonkics,%20Tunde.html","Csonkics, Tunde",20 September 1958,1958-09-20,700576,exact_anchor,1958-09-20,olimpbase_profile_confirms_1994_row,False,700576,Q1315884,1958-09-20,11,1958-09-20,agree,1958-09-20,olimpbase_profile_confirms_1994_row,False,1958-09-20,sensitivity_same_as_primary,False,,,F,41,0.5174914694170376,0.7948717948717948
1994-01,OlimpBase historical FIDE list,C:\chenxi\bazi_project\chess\Elo199401e.html,404683,"Sachs, Gulnar",wm,ENG,F,w,2325,2,1963-04-24,1963.04.24,True,,3184=,3184,3089.0,41,True,False,,OlimpBase historical FIDE list,C:\chenxi\bazi_project\chess\Elo199401e.html,,3091,"https://olimpbase.org/Elo/player/S/Sakhatova,%20Gulnar.html","Sachs, Gulnar",24 April 1963,1963-04-24,404683,exact_anchor,1963-04-24,olimpbase_profile_confirms_1994_row,False,404683,Q6351099,1963-04-24,11,1963-04-24,agree,1963-04-24,olimpbase_profile_confirms_1994_row,False,1963-04-24,sensitivity_same_as_primary,False,,,F,41,0.5174914694170376,0.7948717948717948
1994-01,OlimpBase historical FIDE list,C:\chenxi\bazi_project\chess\Elo199401e.html,2900602,"Voiska, Margarita",wg,BUL,F,w,2325,27,1963-04-03,1963.04.03,True,,3098,3098,3089.0,41,True,False,,OlimpBase historical FIDE list,C:\chenxi\bazi_project\chess\Elo199401e.html,,3091,"https://olimpbase.org/Elo/player/V/Voiska,%20Margarita.html","Voiska, Margarita",3 April 1963,1963-04-03,2900602,exact_anchor,1963-04-03,olimpbase_profile_confirms_1994_row,False,2900602,Q2064795,1963-04-03,11,1963-04-03,agree,1963-04-03,olimpbase_profile_confirms_1994_row,False,1963-04-03,sensitivity_same_as_primary,False,,,F,41,0.5174914694170376,0.7948717948717948
1994-01,OlimpBase historical FIDE list,C:\chenxi\bazi_project\chess\Elo199401e.html,13500163,"Zayac, Elena",wg,BLR,F,w,2325,6,1969-09-16,1969.09.16,True,,3163,3163,3089.0,41,True,False,,OlimpBase historical FIDE list,C:\chenxi\bazi_project\chess\Elo199401e.html,,3091,"https://olimpbase.org/Elo/player/Z/Zayac,%20Elena.html","Zayac, Elena",16 June 1969,1969-06-16,4139518,exact_anchor,1969-06-16,olimpbase_profile_corrects_1994_row,False,4139518,Q2364132,1969-06-16,11,1969-06-16,agree,1969-06-16,olimpbase_profile_corrects_1994_row,False,1969-06-16,sensitivity_same_as_primary,False,,,F,41,0.5174914694170376,0.7948717948717948
1994-01,OlimpBase historical FIDE list,C:\chenxi\bazi_project\chess\Elo199401e.html,100536,"Amura, Claudia N.",wm,ARG,F,w,2320,20,1970-09-26,1970.09.26,True,,3297,3297,3274.0,46,True,False,,OlimpBase historical FIDE list,C:\chenxi\bazi_project\chess\Elo199401e.html,,3276,"https://olimpbase.org/Elo/player/A/Amura,%20Claudia%20N..html","Amura, Claudia N.",26 September 1970,1970-09-26,100536,exact_anchor,1970-09-26,olimpbase_profile_confirms_1994_row,False,100536,Q276395,1970-08-26,11,1970-08-26,disagree,1970-09-26,olimpbase_profile_confirms_1994_row,False,1970-08-26,sensitivity_manual_adjudicated_conflict,True,2.0,Fundación Konex biography explicitly states 26/08/1970; choose this over old OlimpBase 26 Sep.,F,46,0.4472988548801935,0.7692307692307693
1994-01,OlimpBase historical FIDE list,C:\chenxi\bazi_project\chess\Elo199401e.html,4200446,"Botsari, Anna-Maria",wg,GRE,F,w,2320,36,1972-10-05,1972.10.05,True,,3276,3276,3274.0,46,True,False,,OlimpBase historical FIDE list,C:\chenxi\bazi_project\chess\Elo199401e.html,,3276,"https://olimpbase.org/Elo/player/B/Botsari-Miladinovic,%20Anna-Maria.html","Botsari, Anna-Maria",5 October 1972,1972-10-05,4200446,exact_anchor,1972-10-05,olimpbase_profile_confirms_1994_row,False,4200446,Q9150296,1972-10-05,11,1972-10-05,agree,1972-10-05,olimpbase_profile_confirms_1994_row,False,1972-10-05,sensitivity_same_as_primary,False,,,F,46,0.4472988548801935,0.7692307692307693
1994-01,OlimpBase historical FIDE list,C:\chenxi\bazi_project\chess\Elo199401e.html,4108752,"Grabuzova, Tatiana",wm,RUS,F,w,2320,35,,,True,,3277,3277,3274.0,46,True,False,,OlimpBase historical FIDE list,C:\chenxi\bazi_project\chess\Elo199401e.html,,3276,"https://olimpbase.org/Elo/player/G/Grabuzova,%20Tatiana.html","Grabuzova, Tatiana",9 February 1967,1967-02-09,4108752,exact_anchor,1967-02-09,olimpbase_profile_fills_missing,False,4108752,Q27559996,1967-02-09,11,1967-02-09,agree,1967-02-09,olimpbase_profile_fills_missing,False,1967-02-09,sensitivity_same_as_primary,False,,,F,46,0.4472988548801935,0.7692307692307693
1994-01,OlimpBase historical FIDE list,C:\chenxi\bazi_project\chess\Elo199401e.html,14100614,"Sedina, Elena",wm,UKR,F,w,2320,20,1968-06-01,1968.06.01,True,,3297=,3297,3274.0,46,True,False,,OlimpBase historical FIDE list,C:\chenxi\bazi_project\chess\Elo199401e.html,,3276,"https://olimpbase.org/Elo/player/S/Sedina,%20Elena.html","Sedina, Elena",1 June 1968,1968-06-01,812153,exact_anchor,1968-06-01,olimpbase_profile_confirms_1994_row,False,812153,Q465448,1968-06-01,11,1968-06-01,agree,1968-06-01,olimpbase_profile_confirms_1994_row,False,1968-06-01,sensitivity_same_as_primary,False,,,F,46,0.4472988548801935,0.7692307692307693
1994-01,OlimpBase historical FIDE list,C:\chenxi\bazi_project\chess\Elo199401e.html,14100460,"Semenova, Lidia K.",wg,UKR,F,w,2320,22,1951-11-22,1951.11.22,True,,3292=,3292,3274.0,46,True,False,,OlimpBase historical FIDE list,C:\chenxi\bazi_project\chess\Elo199401e.html,,3276,"https://olimpbase.org/Elo/player/S/Semenova,%20Lidia%20K..html","Semenova, Lidia K.",22 November 1951,1951-11-22,14100460,exact_anchor,1951-11-22,olimpbase_profile_confirms_1994_row,False,14100460,Q456733,1951-11-22,11,1951-11-22,agree,1951-11-22,olimpbase_profile_confirms_1994_row,False,1951-11-22,sensitivity_same_as_primary,False,,,F,46,0.4472988548801935,0.7692307692307693
1994-01,OlimpBase historical FIDE list,C:\chenxi\bazi_project\chess\Elo199401e.html,701068,"Veroci, Zsuzsa",wg,HUN,F,w,2320,20,1949-02-19,1949.02.19,True,,3297=,3297,3274.0,46,True,False,,OlimpBase historical FIDE list,C:\chenxi\bazi_project\chess\Elo199401e.html,,3276,"https://olimpbase.org/Elo/player/V/Veroci,%20Zsuzsa.html","Veroci, Zsuzsa",19 February 1949,1949-02-19,701068,exact_anchor,1949-02-19,olimpbase_profile_confirms_1994_row,False,701068,Q227394,1949-02-19,11,1949-02-19,agree,1949-02-19,olimpbase_profile_confirms_1994_row,False,1949-02-19,sensitivity_same_as_primary,False,,,F,46,0.4472988548801935,0.7692307692307693
1994-01,OlimpBase historical FIDE list,C:\chenxi\bazi_project\chess\Elo199401e.html,4104897,"Zaitseva, Ludmila G.",wg,RUS,F,w,2320,8,1956-02-10,1956.02.10,True,,3351=,3351,3274.0,46,True,False,,OlimpBase historical FIDE list,C:\chenxi\bazi_project\chess\Elo199401e.html,,3276,"https://olimpbase.org/Elo/player/Z/Zaitseva,%20Ludmila%20G..html","Zaitseva, Ludmila G.",10 February 1956,1956-02-10,4104897,exact_anchor,1956-02-10,olimpbase_profile_confirms_1994_row,False,4104897,Q4184467,1956-02-10,11,1956-02-10,agree,1956-02-10,olimpbase_profile_confirms_1994_row,False,1956-02-10,sensitivity_same_as_primary,False,,,F,46,0.4472988548801935,0.7692307692307693
1994-01,OlimpBase historical FIDE list,C:\chenxi\bazi_project\chess\Elo199401e.html,2008599,"Belakovskaia, Anjelina",wg,USA,F,w,2315,23,1969-05-17,1969.05.17,True,,3494=,3494,3477.0,53,True,False,,OlimpBase historical FIDE list,C:\chenxi\bazi_project\chess\Elo199401e.html,,3479,"https://olimpbase.org/Elo/player/B/Belakovskaja,%20Anjelina.html","Belakovskaia, Anjelina",17 May 1969,1969-05-17,2008599,exact_anchor,1969-05-17,olimpbase_profile_confirms_1994_row,False,2008599,Q2032831,1969-05-17,11,1969-05-17,agree,1969-05-17,olimpbase_profile_confirms_1994_row,False,1969-05-17,sensitivity_same_as_primary,False,,,F,53,0.3771062403433494,0.7333333333333333
1994-01,OlimpBase historical FIDE list,C:\chenxi\bazi_project\chess\Elo199401e.html,4110730,"Manakova, Maria",,RUS,F,w,2315,49,,,True,,3478,3478,3477.0,53,True,False,,OlimpBase historical FIDE list,C:\chenxi\bazi_project\chess\Elo199401e.html,,3479,"https://olimpbase.org/Elo/player/M/Manakova,%20Maria.html","Manakova, Maria",1 March 1974,1974-03-01,927007,exact_anchor,1974-03-01,olimpbase_profile_fills_missing,False,927007,Q545025,1974-03-01,11,1974-03-01,agree,1974-03-01,olimpbase_profile_fills_missing,False,1974-03-01,sensitivity_same_as_primary,False,,,F,53,0.3771062403433494,0.7333333333333333
1994-01,OlimpBase historical FIDE list,C:\chenxi\bazi_project\chess\Elo199401e.html,4108370,"Shumiakina, Tatiana",wm,RUS,F,w,2315,31,1965-10-04,1965.10.04,True,,3487=,3487,3477.0,53,True,False,,OlimpBase historical FIDE list,C:\chenxi\bazi_project\chess\Elo199401e.html,,3479,"https://olimpbase.org/Elo/player/S/Shumiakina,%20Tatiana.html","Shumiakina, Tatiana",4 October 1965,1965-10-04,4108370,exact_anchor,1965-10-04,olimpbase_profile_confirms_1994_row,False,4108370,Q4527854,1965-10-04,11,1965-10-04,agree,1965-10-04,olimpbase_profile_confirms_1994_row,False,1965-10-04,sensitivity_same_as_primary,False,,,F,53,0.3771062403433494,0.7333333333333333
1994-01,OlimpBase historical FIDE list,C:\chenxi\bazi_project\chess\Elo199401e.html,4106970,"Stepovaia (Dianchenko), Tatiana",wg,RUS,F,w,2315,14,1965-09-23,1965.09.23,True,,3511=,3511,3477.0,53,True,False,,OlimpBase historical FIDE list,C:\chenxi\bazi_project\chess\Elo199401e.html,,3479,"https://olimpbase.org/Elo/player/D/Dianchenko,%20Tatiana.html","Stepovaia (Dianchenko), Tatiana",23 September 1965,1965-09-23,4106970,exact_anchor,1965-09-23,olimpbase_profile_confirms_1994_row,False,4106970,Q4442189,1965-09-23,11,1965-09-23,agree,1965-09-23,olimpbase_profile_confirms_1994_row,False,1965-09-23,sensitivity_same_as_primary,False,,,F,53,0.3771062403433494,0.7333333333333333
1994-01,OlimpBase historical FIDE list,C:\chenxi\bazi_project\chess\Elo199401e.html,13400029,"Velikhanli, Firuza",wg,AZE,F,w,2315,2,,,True,,3585=,3585,3477.0,53,True,False,,OlimpBase historical FIDE list,C:\chenxi\bazi_project\chess\Elo199401e.html,,3479,"https://olimpbase.org/Elo/player/V/Velikhanli,%20Firuza.html","Velikhanli, Firuza",,,13400029,exact_anchor,,profile_no_exact_dob:unparsed_profile_dob,True,13400029,Q16367705,1970-10-26,11,1970-10-26,,1970-10-26,wikidata_via_olimpbase_modern_id_filled,False,1970-10-26,sensitivity_same_as_primary,False,,,F,53,0.3771062403433494,0.7333333333333333
1994-01,OlimpBase historical FIDE list,C:\chenxi\bazi_project\chess\Elo199401e.html,14100762,"Borulia, Ekaterina",wm,UKR,F,w,2310,13,,,True,,3730=,3730,3693.0,58,True,False,,OlimpBase historical FIDE list,C:\chenxi\bazi_project\chess\Elo199401e.html,,3695,"https://olimpbase.org/Elo/player/B/Borulya,%20Ekaterina.html","Borulya, Ekaterina",31 December 1969,1969-12-31,4630610,exact_anchor,1969-12-31,olimpbase_profile_fills_missing,False,4630610,Q99199,1969-12-31,11,1969-12-31,agree,1969-12-31,olimpbase_profile_fills_missing,False,1969-12-31,sensitivity_same_as_primary,False,,,F,58,0.3069136258065053,0.7076923076923077
1994-01,OlimpBase historical FIDE list,C:\chenxi\bazi_project\chess\Elo199401e.html,706787,"Felkai, Agnes",,HUN,F,w,2310,0,1974-03-08,1974.03.08,True,,3815=,3815,3693.0,58,True,False,,OlimpBase historical FIDE list,C:\chenxi\bazi_project\chess\Elo199401e.html,,3695,"https://olimpbase.org/Elo/player/F/Felkai,%20Agnes.html","Felkai, Agnes",8 March 1974,1974-03-08,706787,exact_anchor,1974-03-08,olimpbase_profile_confirms_1994_row,False,706787,,,,,,1974-03-08,olimpbase_profile_confirms_1994_row,False,1974-03-08,sensitivity_same_as_primary,False,,,F,58,0.3069136258065053,0.7076923076923077
1994-01,OlimpBase historical FIDE list,C:\chenxi\bazi_project\chess\Elo199401e.html,1300237,"Lematschko, Tatjana",wg,SUI,F,w,2310,6,1948-03-16,1948.03.16,True,,3779=,3779,3693.0,58,True,False,,OlimpBase historical FIDE list,C:\chenxi\bazi_project\chess\Elo199401e.html,,3695,"https://olimpbase.org/Elo/player/L/Lemachko,%20Tatiana.html","Lematschko, Tatjana",16 March 1948,1948-03-16,1300237,exact_anchor,1948-03-16,olimpbase_profile_confirms_1994_row,False,1300237,,,,,,1948-03-16,olimpbase_profile_confirms_1994_row,False,1948-03-16,sensitivity_same_as_primary,False,,,F,58,0.3069136258065053,0.7076923076923077
1994-01,OlimpBase historical FIDE list,C:\chenxi\bazi_project\chess\Elo199401e.html,1201590,"Radu, Elena Luminita",wm,ROM,F,w,2310,8,1972-01-22,1972.01.22,True,,3762=,3762,3693.0,58,True,False,,OlimpBase historical FIDE list,C:\chenxi\bazi_project\chess\Elo199401e.html,,3695,"https://olimpbase.org/Elo/player/R/Radu,%20Elena%20Luminita.html","Cosma, Elena Luminita",22 January 1972,1972-01-22,1201590,exact_anchor,1972-01-22,olimpbase_profile_confirms_1994_row,False,1201590,Q9252595,1972-01-22,11,1972-01-22,agree,1972-01-22,olimpbase_profile_confirms_1994_row,False,1972-01-22,sensitivity_same_as_primary,False,,,F,58,0.3069136258065053,0.7076923076923077
1994-01,OlimpBase historical FIDE list,C:\chenxi\bazi_project\chess\Elo199401e.html,14100746,"Ruchieva, Natalia",wg,UKR,F,w,2310,19,1960-03-12,1960.03.12,True,,3714,3714,3693.0,58,True,False,,OlimpBase historical FIDE list,C:\chenxi\bazi_project\chess\Elo199401e.html,,3695,"https://olimpbase.org/Elo/player/R/Ruchieva,%20Natalia.html","Ruchieva, Natalia",12 March 1960,1960-03-12,4124251,exact_anchor,1960-03-12,olimpbase_profile_confirms_1994_row,False,4124251,Q15088706,1960-03-12,11,1960-03-12,agree,1960-03-12,olimpbase_profile_confirms_1994_row,False,1960-03-12,sensitivity_same_as_primary,False,,,F,58,0.3069136258065053,0.7076923076923077
1994-01,OlimpBase historical FIDE list,C:\chenxi\bazi_project\chess\Elo199401e.html,13600230,"Alexandria, Nana",wg,GEO,F,w,2305,9,1949-10-13,1949.10.13,True,,3985=,3985,3923.0,63,True,False,,OlimpBase historical FIDE list,C:\chenxi\bazi_project\chess\Elo199401e.html,,3925,"https://olimpbase.org/Elo/player/A/Alexandria,%20Nana.html","Alexandria, Nana",13 October 1949,1949-10-13,13600230,exact_anchor,1949-10-13,olimpbase_profile_confirms_1994_row,False,13600230,Q253961,1949-10-13,11,1949-10-13,agree,1949-10-13,olimpbase_profile_confirms_1994_row,False,1949-10-13,sensitivity_same_as_primary,False,,,F,63,0.23672101126966114,0.6820512820512821
1994-01,OlimpBase historical FIDE list,C:\chenxi\bazi_project\chess\Elo199401e.html,2902214,"Chilingirova, Pavlina",wm,BUL,F,w,2305,20,1955-10-22,1955.10.22,True,,3936,3936,3923.0,63,True,False,,OlimpBase historical FIDE list,C:\chenxi\bazi_project\chess\Elo199401e.html,,3925,"https://olimpbase.org/Elo/player/C/Chilingirova,%20Pavlina.html","Chilingirova, Pavlina",22 October 1955,1955-10-22,2902214,exact_anchor,1955-10-22,olimpbase_profile_confirms_1994_row,False,2902214,Q11814637,1955-10-22,11,1955-10-22,agree,1955-10-22,olimpbase_profile_confirms_1994_row,False,1955-10-22,sensitivity_same_as_primary,False,,,F,63,0.23672101126966114,0.6820512820512821
1994-01,OlimpBase historical FIDE list,C:\chenxi\bazi_project\chess\Elo199401e.html,4116704,"Kovalevskaya, Ekaterina",wm,RUS,F,w,2305,9,,,True,,3985=,3985,3923.0,63,True,False,,OlimpBase historical FIDE list,C:\chenxi\bazi_project\chess\Elo199401e.html,,3925,"https://olimpbase.org/Elo/player/K/Kovalevskaya,%20Ekaterina.html","Kovalevskaya, Ekaterina",17 April 1974,1974-04-17,4116704,exact_anchor,1974-04-17,olimpbase_profile_fills_missing,False,4116704,Q448996,1974-04-17,11,1974-04-17,agree,1974-04-17,olimpbase_profile_fills_missing,False,1974-04-17,sensitivity_same_as_primary,False,,,F,63,0.23672101126966114,0.6820512820512821
1994-01,OlimpBase historical FIDE list,C:\chenxi\bazi_project\chess\Elo199401e.html,904562,"Maksimovic, Suzana",wm,YUG,F,w,2305,25,1962-01-05,1962.01.05,True,,3926=,3926,3923.0,63,True,False,,OlimpBase historical FIDE list,C:\chenxi\bazi_project\chess\Elo199401e.html,,3925,"https://olimpbase.org/Elo/player/M/Maksimovic,%20Suzana.html","Maksimovic, Suzana",5 January 1962,1962-01-05,904562,exact_anchor,1962-01-05,olimpbase_profile_confirms_1994_row,False,904562,Q1453906,1962-01-05,11,1962-01-05,agree,1962-01-05,olimpbase_profile_confirms_1994_row,False,1962-01-05,sensitivity_same_as_primary,False,,,F,63,0.23672101126966114,0.6820512820512821
1994-01,OlimpBase historical FIDE list,C:\chenxi\bazi_project\chess\Elo199401e.html,1104454,"Dabrowska, Krystyna",wm,POL,F,w,2300,31,1973-12-05,1973.12.05,True,,4161,4161,4156.0,67,True,False,,OlimpBase historical FIDE list,C:\chenxi\bazi_project\chess\Elo199401e.html,,4158,"https://olimpbase.org/Elo/player/D/Dabrowska,%20Krystyna.html","Dabrowska, Krystyna",5 December 1973,1973-12-05,1104454,exact_anchor,1973-12-05,olimpbase_profile_confirms_1994_row,False,1104454,Q1709685,1973-12-05,11,1973-12-05,agree,1973-12-05,olimpbase_profile_confirms_1994_row,False,1973-12-05,sensitivity_same_as_primary,False,,,F,67,0.166528396732817,0.6615384615384615
1994-01,OlimpBase historical FIDE list,C:\chenxi\bazi_project\chess\Elo199401e.html,11600241,"Erneste, Inguna",wg,LAT,F,w,2300,26,1966-05-23,1966.05.23,True,,4163=,4163,4156.0,67,True,False,,OlimpBase historical FIDE list,C:\chenxi\bazi_project\chess\Elo199401e.html,,4158,"https://olimpbase.org/Elo/player/E/Erneste,%20Inguna.html","Erneste, Inguna",23 May 1966,1966-05-23,11600241,exact_anchor,1966-05-23,olimpbase_profile_confirms_1994_row,False,11600241,Q4532578,1966-05-23,11,1966-05-23,agree,1966-05-23,olimpbase_profile_confirms_1994_row,False,1966-05-23,sensitivity_same_as_primary,False,,,F,67,0.166528396732817,0.6615384615384615
1994-01,OlimpBase historical FIDE list,C:\chenxi\bazi_project\chess\Elo199401e.html,14101181,"Gaponenko, Inna",wm,UKR,F,w,2300,40,1976-06-22,1976.06.22,True,,4156=,4156,4156.0,67,True,False,,OlimpBase historical FIDE list,C:\chenxi\bazi_project\chess\Elo199401e.html,,4158,"https://olimpbase.org/Elo/player/G/Gaponenko,%20Inna.html","Gaponenko, Inna",22 June 1976,1976-06-22,14101181,exact_anchor,1976-06-22,olimpbase_profile_confirms_1994_row,False,14101181,Q445102,1976-06-22,11,1976-06-22,agree,1976-06-22,olimpbase_profile_confirms_1994_row,False,1976-06-22,sensitivity_same_as_primary,False,,,F,67,0.166528396732817,0.6615384615384615
1994-01,OlimpBase historical FIDE list,C:\chenxi\bazi_project\chess\Elo199401e.html,14100495,"Lelchuk, Zoja",wg,UKR,F,w,2300,22,1961-01-01,1961.01.01,True,,4169=,4169,4156.0,67,True,False,,OlimpBase historical FIDE list,C:\chenxi\bazi_project\chess\Elo199401e.html,,4158,"https://olimpbase.org/Elo/player/L/Lelchuk,%20Zoja.html","Lelchuk, Zoja",6 September 1961,1961-09-06,4671660,exact_anchor,1961-09-06,olimpbase_profile_corrects_1994_row,False,4671660,Q227082,1961-09-06,11,1961-09-06,agree,1961-09-06,olimpbase_profile_corrects_1994_row,False,1961-09-06,sensitivity_same_as_primary,False,,,F,67,0.166528396732817,0.6615384615384615
1994-01,OlimpBase historical FIDE list,C:\chenxi\bazi_project\chess\Elo199401e.html,13300210,"Danielian, Elina",wm,ARM,F,w,2295,27,,,True,,4419,4419,4413.0,71,True,False,,OlimpBase historical FIDE list,C:\chenxi\bazi_project\chess\Elo199401e.html,,4415,"https://olimpbase.org/Elo/player/D/Danielian,%20Elina.html","Danielian, Elina",16 August 1978,1978-08-16,13300210,exact_anchor,1978-08-16,olimpbase_profile_fills_missing,False,13300210,Q433358,1978-08-16,11,1978-08-16,agree,1978-08-16,olimpbase_profile_fills_missing,False,1978-08-16,sensitivity_same_as_primary,False,,,F,71,0.09633578219597289,0.6410256410256411
1994-01,OlimpBase historical FIDE list,C:\chenxi\bazi_project\chess\Elo199401e.html,704458,"Grabics, Monika",wf,HUN,F,w,2295,52,1976-08-31,1976.08.31,True,,4413,4413,4413.0,71,True,False,,OlimpBase historical FIDE list,C:\chenxi\bazi_project\chess\Elo199401e.html,,4415,"https://olimpbase.org/Elo/player/G/Grabics,%20Monika.html","Grabics, Monika",31 August 1976,1976-08-31,704458,exact_anchor,1976-08-31,olimpbase_profile_confirms_1994_row,False,704458,Q1957793,1976-08-31,11,1976-08-31,agree,1976-08-31,olimpbase_profile_confirms_1994_row,False,1976-08-31,sensitivity_same_as_primary,False,,,F,71,0.09633578219597289,0.6410256410256411
1994-01,OlimpBase historical FIDE list,C:\chenxi\bazi_project\chess\Elo199401e.html,13600320,"Khurtsidze, Nino",wg,GEO,F,w,2295,21,1975-09-28,1975.09.28,True,,4428,4428,4413.0,71,True,False,,OlimpBase historical FIDE list,C:\chenxi\bazi_project\chess\Elo199401e.html,,4415,"https://olimpbase.org/Elo/player/K/Khurtsidze,%20Nino.html","Khurtsidze, Nino",28 September 1975,1975-09-28,13600320,exact_anchor,1975-09-28,olimpbase_profile_confirms_1994_row,False,13600320,,,,,,1975-09-28,olimpbase_profile_confirms_1994_row,False,1975-09-28,sensitivity_same_as_primary,False,,,F,71,0.09633578219597289,0.6410256410256411
1994-01,OlimpBase historical FIDE list,C:\chenxi\bazi_project\chess\Elo199401e.html,14900440,"Repkova, Eva",wm,SVK,F,w,2295,21,1975-01-16,1975.01.16,True,,4428=,4428,4413.0,71,True,False,,OlimpBase historical FIDE list,C:\chenxi\bazi_project\chess\Elo199401e.html,,4415,"https://olimpbase.org/Elo/player/R/Repkova,%20Eva.html","Repkova, Eva",16 January 1975,1975-01-16,14900440,exact_anchor,1975-01-16,olimpbase_profile_confirms_1994_row,False,14900440,Q543492,1975-01-16,11,1975-01-16,agree,1975-01-16,olimpbase_profile_confirms_1994_row,False,1975-01-16,sensitivity_same_as_primary,False,,,F,71,0.09633578219597289,0.6410256410256411
1994-01,OlimpBase historical FIDE list,C:\chenxi\bazi_project\chess\Elo199401e.html,14100380,"Litinskaya-Shul, Marta I.",wg,UKR,F,w,2290,47,1949-03-25,1949.03.25,True,,4670,4670,4667.0,75,True,False,,OlimpBase historical FIDE list,C:\chenxi\bazi_project\chess\Elo199401e.html,,4669,"https://olimpbase.org/Elo/player/L/Litinskaya-Shul,%20Marta%20I..html","Litinskaya, Marta I.",25 March 1949,1949-03-25,14100380,exact_anchor,1949-03-25,olimpbase_profile_confirms_1994_row,False,14100380,Q458418,1949-03-25,11,1949-03-25,agree,1949-03-25,olimpbase_profile_confirms_1994_row,False,1949-03-25,sensitivity_same_as_primary,False,,,F,75,0.026143167659128764,0.6205128205128205
1994-01,OlimpBase historical FIDE list,C:\chenxi\bazi_project\chess\Elo199401e.html,4616057,"Olbrich, Marina",wf,GER,F,w,2290,30,1969-04-17,1969.04.17,True,,4678,4678,4667.0,75,True,False,,OlimpBase historical FIDE list,C:\chenxi\bazi_project\chess\Elo199401e.html,,4669,"https://olimpbase.org/Elo/player/O/Olbrich,%20Marina.html","Olbrich, Marina",17 April 1969,1969-04-17,4616057,exact_anchor,1969-04-17,olimpbase_profile_confirms_1994_row,False,4616057,Q1898264,1969-04-17,11,1969-04-17,agree,1969-04-17,olimpbase_profile_confirms_1994_row,False,1969-04-17,sensitivity_same_as_primary,False,,,F,75,0.026143167659128764,0.6205128205128205
1994-01,OlimpBase historical FIDE list,C:\chenxi\bazi_project\chess\Elo199401e.html,13700090,"Sakhatova, Elvira",wm,KAZ,F,w,2290,17,,,True,,4699=,4699,4667.0,75,True,False,,OlimpBase historical FIDE list,C:\chenxi\bazi_project\chess\Elo199401e.html,,4669,"https://olimpbase.org/Elo/player/S/Sakhatova,%20Elvira.html","Berend, Elvira S.",19 September 1965,1965-09-19,4000510,exact_anchor,1965-09-19,olimpbase_profile_fills_missing,False,4000510,Q3247101,1965-09-19,11,1965-09-19,agree,1965-09-19,olimpbase_profile_fills_missing,False,1965-09-19,sensitivity_same_as_primary,False,,,F,75,0.026143167659128764,0.6205128205128205
1994-01,OlimpBase historical FIDE list,C:\chenxi\bazi_project\chess\Elo199401e.html,14501619,"Petek, Mirjana",wm,CRO,F,w,2285,26,,,True,,4962,4962,4953.0,78,True,False,,OlimpBase historical FIDE list,C:\chenxi\bazi_project\chess\Elo199401e.html,,4955,"https://olimpbase.org/Elo/player/P/Petek,%20Mirjana.html","Medic, Mirjana",30 July 1964,1964-07-30,14501619,exact_anchor,1964-07-30,olimpbase_profile_fills_missing,False,14501619,Q11781675,1964-07-30,11,1964-07-30,agree,1964-07-30,olimpbase_profile_fills_missing,False,1964-07-30,sensitivity_same_as_primary,False,,,F,78,-0.04404944687771536,0.6051282051282051
1994-01,OlimpBase historical FIDE list,C:\chenxi\bazi_project\chess\Elo199401e.html,4500199,"Tsiganova, Monika",wm,EST,F,w,2285,16,1969-08-08,1969.08.08,True,,4977,4977,4953.0,78,True,False,,OlimpBase historical FIDE list,C:\chenxi\bazi_project\chess\Elo199401e.html,,4955,"https://olimpbase.org/Elo/player/T/Tsiganova,%20Monika.html","Tsiganova, Monika",8 August 1969,1969-08-08,4500199,exact_anchor,1969-08-08,olimpbase_profile_confirms_1994_row,False,4500199,Q15642604,1969-08-08,11,1969-08-08,agree,1969-08-08,olimpbase_profile_confirms_1994_row,False,1969-08-08,sensitivity_same_as_primary,False,,,F,78,-0.04404944687771536,0.6051282051282051
1994-01,OlimpBase historical FIDE list,C:\chenxi\bazi_project\chess\Elo199401e.html,4603966,"Fischdick, Gisela",wm,GER,F,w,2280,11,1955-11-05,1955.11.05,True,,5302=,5302,5251.0,80,True,False,,OlimpBase historical FIDE list,C:\chenxi\bazi_project\chess\Elo199401e.html,,5253,"https://olimpbase.org/Elo/player/F/Fischdick,%20Gisela.html","Fischdick, Gisela",5 November 1955,1955-11-05,4603966,exact_anchor,1955-11-05,olimpbase_profile_confirms_1994_row,False,4603966,Q96870,1955-11-05,11,1955-11-05,agree,1955-11-05,olimpbase_profile_confirms_1994_row,False,1955-11-05,sensitivity_same_as_primary,False,,,F,80,-0.11424206141455948,0.5948717948717949
1994-01,OlimpBase historical FIDE list,C:\chenxi\bazi_project\chess\Elo199401e.html,2802015,"Jarmolinskaya, Masha",wm,ISR,F,w,2280,4,,,True,,5363=,5363,5251.0,80,True,False,,OlimpBase historical FIDE list,C:\chenxi\bazi_project\chess\Elo199401e.html,,5253,"https://olimpbase.org/Elo/player/J/Jarmolinskaya,%20Masha.html","Klinova, Masha",18 November 1968,1968-11-18,2802015,exact_anchor,1968-11-18,olimpbase_profile_fills_missing,False,2802015,Q1922932,1968-11-18,11,1968-11-18,agree,1968-11-18,olimpbase_profile_fills_missing,False,1968-11-18,sensitivity_same_as_primary,False,,,F,80,-0.11424206141455948,0.5948717948717949
1994-01,OlimpBase historical FIDE list,C:\chenxi\bazi_project\chess\Elo199401e.html,908029,"Maric, Mirjana",wg,YUG,F,w,2280,21,1970-01-10,1970.01.10,True,,5257=,5257,5251.0,80,True,False,,OlimpBase historical FIDE list,C:\chenxi\bazi_project\chess\Elo199401e.html,,5253,"https://olimpbase.org/Elo/player/M/Maric,%20Mirjana.html","Maric, Mirjana",10 January 1970,1970-01-10,908029,exact_anchor,1970-01-10,olimpbase_profile_confirms_1994_row,False,908029,Q4281610,1970-01-10,11,1970-01-10,agree,1970-01-10,olimpbase_profile_confirms_1994_row,False,1970-01-10,sensitivity_same_as_primary,False,,,F,80,-0.11424206141455948,0.5948717948717949
1994-01,OlimpBase historical FIDE list,C:\chenxi\bazi_project\chess\Elo199401e.html,8600376,"Ning, Chunhong",wf,CHN,F,w,2280,0,1968-01-21,1968.01.21,True,,5396=,5396,5251.0,80,True,False,,OlimpBase historical FIDE list,C:\chenxi\bazi_project\chess\Elo199401e.html,,5253,"https://olimpbase.org/Elo/player/N/Ning,%20Chunhong.html","Ning, Chunhong",21 January 1968,1968-01-21,8600376,exact_anchor,1968-01-21,olimpbase_profile_confirms_1994_row,False,8600376,Q11792314,1968-01-21,11,1968-01-21,agree,1968-01-21,olimpbase_profile_confirms_1994_row,False,1968-01-21,sensitivity_same_as_primary,False,,,F,80,-0.11424206141455948,0.5948717948717949
1994-01,OlimpBase historical FIDE list,C:\chenxi\bazi_project\chess\Elo199401e.html,13900099,"Roizen, Nadejda",wm,MDA,F,w,2280,20,1969-12-06,1969.12.06,True,,5261=,5261,5251.0,80,True,False,,OlimpBase historical FIDE list,C:\chenxi\bazi_project\chess\Elo199401e.html,,5253,"https://olimpbase.org/Elo/player/R/Roizen,%20Nadejda.html","Roizen, Nadejda",6 December 1969,1969-12-06,2804859,exact_anchor,1969-12-06,olimpbase_profile_confirms_1994_row,False,2804859,Q27597941,1969-12-06,11,1969-12-06,agree,1969-12-06,olimpbase_profile_confirms_1994_row,False,1969-12-06,sensitivity_same_as_primary,False,,,F,80,-0.11424206141455948,0.5948717948717949
1994-01,OlimpBase historical FIDE list,C:\chenxi\bazi_project\chess\Elo199401e.html,4109740,"Te, Roza",wm,RUS,F,w,2280,13,1961-08-08,1961.08.08,True,,5286=,5286,5251.0,80,True,False,,OlimpBase historical FIDE list,C:\chenxi\bazi_project\chess\Elo199401e.html,,5253,"https://olimpbase.org/Elo/player/T/Te,%20Roza.html","Te-Llalemand, Rosa",8 August 1961,1961-08-08,620432,exact_anchor,1961-08-08,olimpbase_profile_confirms_1994_row,False,620432,,,,,,1961-08-08,olimpbase_profile_confirms_1994_row,False,1961-08-08,sensitivity_same_as_primary,False,,,F,80,-0.11424206141455948,0.5948717948717949
1994-01,OlimpBase historical FIDE list,C:\chenxi\bazi_project\chess\Elo199401e.html,906344,"Nikolin, Zorica",wm,YUG,F,w,2275,25,1961-04-08,1961.04.08,True,,5534=,5534,5532.0,86,True,False,,OlimpBase historical FIDE list,C:\chenxi\bazi_project\chess\Elo199401e.html,,5534,"https://olimpbase.org/Elo/player/N/Nikolin,%20Zorica.html","Nikolin, Zorica",8 April 1961,1961-04-08,906344,exact_anchor,1961-04-08,olimpbase_profile_confirms_1994_row,False,906344,Q24958128,1961-04-08,11,1961-04-08,agree,1961-04-08,olimpbase_profile_confirms_1994_row,False,1961-04-08,sensitivity_same_as_primary,False,,,F,86,-0.1844346759514036,0.5641025641025641
1994-01,OlimpBase historical FIDE list,C:\chenxi\bazi_project\chess\Elo199401e.html,1301446,"Hund, Barbara",wg,SUI,F,w,2270,16,1959-10-10,1959.10.10,True,,5822=,5822,5802.0,87,True,False,,OlimpBase historical FIDE list,C:\chenxi\bazi_project\chess\Elo199401e.html,,5804,"https://olimpbase.org/Elo/player/H/Hund,%20Barbara.html","Hund, Barbara",10 October 1959,1959-10-10,1301446,exact_anchor,1959-10-10,olimpbase_profile_confirms_1994_row,False,1301446,Q74200,1959-10-10,11,1959-10-10,agree,1959-10-10,olimpbase_profile_confirms_1994_row,False,1959-10-10,sensitivity_same_as_primary,False,,,F,87,-0.2546272904882477,0.558974358974359
1994-01,OlimpBase historical FIDE list,C:\chenxi\bazi_project\chess\Elo199401e.html,4621786,"Eckhardt, Claudia",,GER,F,w,2265,0,1977-04-07,1977.04.07,True,,6223=,6223,6091.0,88,True,False,,OlimpBase historical FIDE list,C:\chenxi\bazi_project\chess\Elo199401e.html,,6093,"https://olimpbase.org/Elo/player/E/Eckhardt,%20Claudia.html","Eckhardt, Claudia",7 April 1977,1977-04-07,4621786,exact_anchor,1977-04-07,olimpbase_profile_confirms_1994_row,False,4621786,,,,,,1977-04-07,olimpbase_profile_confirms_1994_row,False,1977-04-07,sensitivity_same_as_primary,False,,,F,88,-0.32481990502509184,0.5538461538461539
1994-01,OlimpBase historical FIDE list,C:\chenxi\bazi_project\chess\Elo199401e.html,703567,"Egerland, Edit",wm,HUN,F,w,2265,0,1958-05-18,1958.05.18,True,,6223=,6223,6091.0,88,True,False,,OlimpBase historical FIDE list,C:\chenxi\bazi_project\chess\Elo199401e.html,,6093,"https://olimpbase.org/Elo/player/E/Egerland,%20Edit.html","Egerland, Edit",18 May 1958,1958-05-18,703567,exact_anchor,1958-05-18,olimpbase_profile_confirms_1994_row,False,703567,,,,,,1958-05-18,olimpbase_profile_confirms_1994_row,False,1958-05-18,sensitivity_same_as_primary,False,,,F,88,-0.32481990502509184,0.5538461538461539
1994-01,OlimpBase historical FIDE list,C:\chenxi\bazi_project\chess\Elo199401e.html,1201930,"Peptan, Corina",wm,ROM,F,w,2265,41,1978-03-17,1978.03.17,True,,6092,6092,6091.0,88,True,False,,OlimpBase historical FIDE list,C:\chenxi\bazi_project\chess\Elo199401e.html,,6093,"https://olimpbase.org/Elo/player/P/Peptan,%20Corina.html","Peptan, Corina",17 March 1978,1978-03-17,1201930,exact_anchor,1978-03-17,olimpbase_profile_confirms_1994_row,False,1201930,Q453765,1978-03-17,11,1978-03-17,agree,1978-03-17,olimpbase_profile_confirms_1994_row,False,1978-03-17,sensitivity_same_as_primary,False,,,F,88,-0.32481990502509184,0.5538461538461539
1994-01,OlimpBase historical FIDE list,C:\chenxi\bazi_project\chess\Elo199401e.html,910589,"Vuksanovic, Sanja",wm,YUG,F,w,2265,31,,,True,,6096,6096,6091.0,88,True,False,,OlimpBase historical FIDE list,C:\chenxi\bazi_project\chess\Elo199401e.html,,6093,"https://olimpbase.org/Elo/player/V/Vuksanovic,%20Sanja.html","Kalevic, Sanja",4 March 1967,1967-03-04,910589,exact_anchor,1967-03-04,olimpbase_profile_fills_missing,False,910589,Q27560584,1967-03-04;1967-04-03,11,,,1967-03-04,olimpbase_profile_fills_missing,False,1967-03-04,sensitivity_same_as_primary,False,,,F,88,-0.32481990502509184,0.5538461538461539
1994-01,OlimpBase historical FIDE list,C:\chenxi\bazi_project\chess\Elo199401e.html,13500392,"Zvorykina, Kira",wg,BLR,F,w,2265,0,,,True,,6223=,6223,6091.0,88,True,False,,OlimpBase historical FIDE list,C:\chenxi\bazi_project\chess\Elo199401e.html,,6093,"https://olimpbase.org/Elo/player/Z/Zvorykina,%20Kira.html","Zvorykina, Kira",29 September 1919,1919-09-29,13500392,exact_anchor,1919-09-29,olimpbase_profile_fills_missing,False,13500392,,,,,,1919-09-29,olimpbase_profile_fills_missing,False,1919-09-29,sensitivity_same_as_primary,False,,,F,88,-0.32481990502509184,0.5538461538461539
1994-01,OlimpBase historical FIDE list,C:\chenxi\bazi_project\chess\Elo199401e.html,4612213,"Burchardt-Hofman, Brigitte",wm,GER,F,w,2260,10,1954-10-17,1954.10.17,True,,6427=,6427,6369.0,93,True,False,,OlimpBase historical FIDE list,C:\chenxi\bazi_project\chess\Elo199401e.html,,6371,"https://olimpbase.org/Elo/player/B/Burchardt-Hofman,%20Brigitte.html","Burchardt, Brigitte",17 October 1954,1954-10-17,4612213,exact_anchor,1954-10-17,olimpbase_profile_confirms_1994_row,False,4612213,Q916187,1954-10-17,11,1954-10-17,agree,1954-10-17,olimpbase_profile_confirms_1994_row,False,1954-10-17,sensitivity_same_as_primary,False,,,F,93,-0.39501251956193595,0.5282051282051282
1994-01,OlimpBase historical FIDE list,C:\chenxi\bazi_project\chess\Elo199401e.html,4106377,"Chekhova-Kostina, Tatiana M.",wm,RUS,F,w,2260,0,1955-03-08,1955.03.08,True,,6523=,6523,6369.0,93,True,False,,OlimpBase historical FIDE list,C:\chenxi\bazi_project\chess\Elo199401e.html,,6371,"https://olimpbase.org/Elo/player/C/Chekhova,%20Tatiana%20M..html","Chekhova-Kostina, Tatiana M.",8 March 1955,1955-03-08,4106377,exact_anchor,1955-03-08,olimpbase_profile_confirms_1994_row,False,4106377,Q15061353,1955-03-08,11,1955-03-08,agree,1955-03-08,olimpbase_profile_confirms_1994_row,False,1955-03-08,sensitivity_same_as_primary,False,,,F,93,-0.39501251956193595,0.5282051282051282
1994-01,OlimpBase historical FIDE list,C:\chenxi\bazi_project\chess\Elo199401e.html,12400149,Hoang Thanh Trang,wf,VIE,F,w,2260,35,1980-04-25,1980.04.25,True,,6376,6376,6369.0,93,True,False,,OlimpBase historical FIDE list,C:\chenxi\bazi_project\chess\Elo199401e.html,,6371,https://olimpbase.org/Elo/player/H/Hoang%20Thanh%20Trang.html,Hoang Thanh Trang,25 April 1980,1980-04-25,12400149,exact_anchor,1980-04-25,olimpbase_profile_confirms_1994_row,False,12400149,Q284978,1980-04-25,11,1980-04-25,agree,1980-04-25,olimpbase_profile_confirms_1994_row,False,1980-04-25,sensitivity_same_as_primary,False,,,F,93,-0.39501251956193595,0.5282051282051282
1994-01,OlimpBase historical FIDE list,C:\chenxi\bazi_project\chess\Elo199401e.html,702358,"Ivanka-Budinsky, Maria",wg,HUN,F,w,2260,0,1950-02-23,1950.02.23,True,,6523=,6523,6369.0,93,True,False,,OlimpBase historical FIDE list,C:\chenxi\bazi_project\chess\Elo199401e.html,,6371,"https://olimpbase.org/Elo/player/I/Ivanka,%20Maria.html","Ivanka-Budinsky, Maria",23 February 1950,1950-02-23,702358,exact_anchor,1950-02-23,olimpbase_profile_confirms_1994_row,False,702358,Q118563,1950-02-23,11,1950-02-23,agree,1950-02-23,olimpbase_profile_confirms_1994_row,False,1950-02-23,sensitivity_same_as_primary,False,,,F,93,-0.39501251956193595,0.5282051282051282
1994-01,OlimpBase historical FIDE list,C:\chenxi\bazi_project\chess\Elo199401e.html,13500317,"Izchenko, Olga",wm,BLR,F,w,2260,24,1974-04-27,1974.04.27,True,,6387=,6387,6369.0,93,True,False,,OlimpBase historical FIDE list,C:\chenxi\bazi_project\chess\Elo199401e.html,,6371,"https://olimpbase.org/Elo/player/I/Izchenko,%20Olga.html","Izchenko, Olga",27 April 1974,1974-04-27,4135822,exact_anchor,1974-04-27,olimpbase_profile_confirms_1994_row,False,4135822,Q27598028,1974-04-27,11,1974-04-27,agree,1974-04-27,olimpbase_profile_confirms_1994_row,False,1974-04-27,sensitivity_same_as_primary,False,,,F,93,-0.39501251956193595,0.5282051282051282
1994-01,OlimpBase historical FIDE list,C:\chenxi\bazi_project\chess\Elo199401e.html,705128,"Lakos, Nikoletta",,HUN,F,w,2260,25,1978-12-14,1978.12.14,True,,6384=,6384,6369.0,93,True,False,,OlimpBase historical FIDE list,C:\chenxi\bazi_project\chess\Elo199401e.html,,6371,"https://olimpbase.org/Elo/player/L/Lakos,%20Nikoletta.html","Lakos, Nikoletta",14 December 1978,1978-12-14,705128,exact_anchor,1978-12-14,olimpbase_profile_confirms_1994_row,False,705128,Q1753641,1978-12-14,11,1978-12-14,agree,1978-12-14,olimpbase_profile_confirms_1994_row,False,1978-12-14,sensitivity_same_as_primary,False,,,F,93,-0.39501251956193595,0.5282051282051282
1994-01,OlimpBase historical FIDE list,C:\chenxi\bazi_project\chess\Elo199401e.html,705152,"Rajcsanyi, Zita",,HUN,F,w,2260,48,1973-09-01,1973.09.01,True,,6370,6370,6369.0,93,True,False,,OlimpBase historical FIDE list,C:\chenxi\bazi_project\chess\Elo199401e.html,,6371,"https://olimpbase.org/Elo/player/R/Rajcsanyi,%20Zita.html","Rajcsanyi, Zita",1 September 1973,1973-09-01,705152,exact_anchor,1973-09-01,olimpbase_profile_confirms_1994_row,False,705152,,,,,,1973-09-01,olimpbase_profile_confirms_1994_row,False,1973-09-01,sensitivity_same_as_primary,False,,,F,93,-0.39501251956193595,0.5282051282051282
1994-01,OlimpBase historical FIDE list,C:\chenxi\bazi_project\chess\Elo199401e.html,13900102,"Sheremetieva, Marina",wm,MDA,F,w,2260,14,1963-06-07,1963.06.07,True,,6406=,6406,6369.0,93,True,False,,OlimpBase historical FIDE list,C:\chenxi\bazi_project\chess\Elo199401e.html,,6371,"https://olimpbase.org/Elo/player/S/Sheremetieva,%20Marina.html","Sheremetieva, Marina",7 June 1963,1963-06-07,13900102,exact_anchor,1963-06-07,olimpbase_profile_confirms_1994_row,False,13900102,Q27560290,1963-06-07,11,1963-06-07,agree,1963-06-07,olimpbase_profile_confirms_1994_row,False,1963-06-07,sensitivity_same_as_primary,False,,,F,93,-0.39501251956193595,0.5282051282051282
1994-01,OlimpBase historical FIDE list,C:\chenxi\bazi_project\chess\Elo199401e.html,4108558,"Strutinskaya, Galina N.",wm,RUS,F,w,2260,18,1957-07-01,1957.07.01,True,,6395=,6395,6369.0,93,True,False,,OlimpBase historical FIDE list,C:\chenxi\bazi_project\chess\Elo199401e.html,,6371,"https://olimpbase.org/Elo/player/S/Strutinskaya,%20Galina%20N..html","Strutinskaya, Galina N.",1 July 1957,1957-07-01,4108558,exact_anchor,1957-07-01,olimpbase_profile_confirms_1994_row,False,4108558,Q15238271,1957-07-01,11,1957-07-01,agree,1957-07-01,olimpbase_profile_confirms_1994_row,False,1957-07-01,sensitivity_same_as_primary,False,,,F,93,-0.39501251956193595,0.5282051282051282
1994-01,OlimpBase historical FIDE list,C:\chenxi\bazi_project\chess\Elo199401e.html,1103440,"Szmacinska, Grazyna",wm,POL,F,w,2260,0,1953-01-29,1953.01.29,True,,6523=,6523,6369.0,93,True,False,,OlimpBase historical FIDE list,C:\chenxi\bazi_project\chess\Elo199401e.html,,6371,"https://olimpbase.org/Elo/player/S/Szmacinska,%20Grazyna.html","Szmacinska, Grazyna",29 January 1953,1953-01-29,1103440,exact_anchor,1953-01-29,olimpbase_profile_confirms_1994_row,False,1103440,Q9276105,1953-01-29,11,1953-01-29,agree,1953-01-29,olimpbase_profile_confirms_1994_row,False,1953-01-29,sensitivity_same_as_primary,False,,,F,93,-0.39501251956193595,0.5282051282051282
1994-01,OlimpBase historical FIDE list,C:\chenxi\bazi_project\chess\Elo199401e.html,602639,"Wohlers-Armas, Friederike",wm,FRA,F,w,2260,25,1962-07-05,1962.07.05,True,,6384,6384,6369.0,93,True,False,,OlimpBase historical FIDE list,C:\chenxi\bazi_project\chess\Elo199401e.html,,6371,"https://olimpbase.org/Elo/player/W/Wohlers-Armas,%20Friederike.html","Wohlers-Armas, Friederike",5 July 1962,1962-07-05,602639,exact_anchor,1962-07-05,olimpbase_profile_confirms_1994_row,False,602639,Q5216350,1962-07-05,11,1962-07-05,agree,1962-07-05,olimpbase_profile_confirms_1994_row,False,1962-07-05,sensitivity_same_as_primary,False,,,F,93,-0.39501251956193595,0.5282051282051282
1994-01,OlimpBase historical FIDE list,C:\chenxi\bazi_project\chess\Elo199401e.html,14101513,"Zhukova, Natalia",wm,UKR,F,w,2260,46,,,True,,6372,6372,6369.0,93,True,False,,OlimpBase historical FIDE list,C:\chenxi\bazi_project\chess\Elo199401e.html,,6371,"https://olimpbase.org/Elo/player/Z/Zhukova,%20Natalia.html","Zhukova, Natalia",5 June 1979,1979-06-05,14101513,exact_anchor,1979-06-05,olimpbase_profile_fills_missing,False,14101513,Q265680,1979-06-05,11,1979-06-05,agree,1979-06-05,olimpbase_profile_fills_missing,False,1979-06-05,sensitivity_same_as_primary,False,,,F,93,-0.39501251956193595,0.5282051282051282
1994-01,OlimpBase historical FIDE list,C:\chenxi\bazi_project\chess\Elo199401e.html,2005506,"Epstein, Esther",wm,USA,F,w,2255,0,1954-05-10,1954.05.10,True,,6836=,6836,6693.0,106,True,False,,OlimpBase historical FIDE list,C:\chenxi\bazi_project\chess\Elo199401e.html,,6695,"https://olimpbase.org/Elo/player/E/Epstein,%20Esther.html","Epstein, Esther",10 May 1954,1954-05-10,2005506,exact_anchor,1954-05-10,olimpbase_profile_confirms_1994_row,False,2005506,Q4532291,1954-05-10,11,1954-05-10,agree,1954-05-10,olimpbase_profile_confirms_1994_row,False,1954-05-10,sensitivity_same_as_primary,False,,,F,105,-0.4652051340987801,0.4666666666666667
1994-01,OlimpBase historical FIDE list,C:\chenxi\bazi_project\chess\Elo199401e.html,4109651,"Florova, Olga",wm,RUS,F,w,2255,35,,,True,,6694=,6694,6693.0,106,True,False,,OlimpBase historical FIDE list,C:\chenxi\bazi_project\chess\Elo199401e.html,,6695,"https://olimpbase.org/Elo/player/F/Florova,%20Olga.html","Stjazhkina, Olga",7 June 1970,1970-06-07,4109651,exact_anchor,1970-06-07,olimpbase_profile_fills_missing,False,4109651,Q27560409,1970-06-07,11,1970-06-07,agree,1970-06-07,olimpbase_profile_fills_missing,False,1970-06-07,sensitivity_same_as_primary,False,,,F,105,-0.4652051340987801,0.4666666666666667
1994-01,OlimpBase historical FIDE list,C:\chenxi\bazi_project\chess\Elo199401e.html,4500156,"Fomina, Tatyana",wm,EST,F,w,2255,16,1954-04-26,1954.04.26,True,,6718=,6718,6693.0,106,True,False,,OlimpBase historical FIDE list,C:\chenxi\bazi_project\chess\Elo199401e.html,,6695,"https://olimpbase.org/Elo/player/F/Fomina,%20Tatyana.html","Fomina, Tatyana",26 April 1954,1954-04-26,4500156,exact_anchor,1954-04-26,olimpbase_profile_confirms_1994_row,False,4500156,Q3180759,1954-04-26,11,1954-04-26,agree,1954-04-26,olimpbase_profile_confirms_1994_row,False,1954-04-26,sensitivity_same_as_primary,False,,,F,105,-0.4652051340987801,0.4666666666666667
1994-01,OlimpBase historical FIDE list,C:\chenxi\bazi_project\chess\Elo199401e.html,2902206,"Gocheva, Rumiana B.",wm,BUL,F,w,2255,11,1957-07-21,1957.07.21,True,,6741,6741,6693.0,106,True,False,,OlimpBase historical FIDE list,C:\chenxi\bazi_project\chess\Elo199401e.html,,6695,"https://olimpbase.org/Elo/player/B/Bojadjieva,%20Rumiana%20B..html","Gocheva, Rumiana B.",21 July 1957,1957-07-21,2902206,exact_anchor,1957-07-21,olimpbase_profile_confirms_1994_row,False,2902206,Q142956,1957-07-21,11,1957-07-21,agree,1957-07-21,olimpbase_profile_confirms_1994_row,False,1957-07-21,sensitivity_same_as_primary,False,,,F,105,-0.4652051340987801,0.4666666666666667
1994-01,OlimpBase historical FIDE list,C:\chenxi\bazi_project\chess\Elo199401e.html,4108876,"Grinfeld, Alla B.",wm,RUS,F,w,2255,23,1953-04-16,1953.04.16,True,,6704=,6704,6693.0,106,True,False,,OlimpBase historical FIDE list,C:\chenxi\bazi_project\chess\Elo199401e.html,,6695,"https://olimpbase.org/Elo/player/G/Grinfeld,%20Alla%20B..html","Grinfeld, Alla B.",16 April 1953,1953-04-16,2019558,exact_anchor,1953-04-16,olimpbase_profile_confirms_1994_row,False,2019558,Q9163302,1953-04-16,11,1953-04-16,agree,1953-04-16,olimpbase_profile_confirms_1994_row,False,1953-04-16,sensitivity_same_as_primary,False,,,F,105,-0.4652051340987801,0.4666666666666667
1994-01,OlimpBase historical FIDE list,C:\chenxi\bazi_project\chess\Elo199401e.html,4605772,"Kas-Fromm, Rita",wm,GER,F,w,2255,21,1956-10-08,1956.10.08,True,,6709=,6709,6693.0,106,True,False,,OlimpBase historical FIDE list,C:\chenxi\bazi_project\chess\Elo199401e.html,,6695,"https://olimpbase.org/Elo/player/K/Kas,%20Rita.html","Kas-Fromm, Rita",8 October 1956,1956-10-08,4605772,exact_anchor,1956-10-08,olimpbase_profile_confirms_1994_row,False,4605772,Q9310607,1956-10-08,11,1956-10-08,agree,1956-10-08,olimpbase_profile_confirms_1994_row,False,1956-10-08,sensitivity_same_as_primary,False,,,F,105,-0.4652051340987801,0.4666666666666667
1994-01,OlimpBase historical FIDE list,C:\chenxi\bazi_project\chess\Elo199401e.html,4106431,"Korkina, Svetlana",wm,RUS,F,w,2255,0,1971-07-06,1971.07.06,True,,6836=,6836,6693.0,106,True,False,,OlimpBase historical FIDE list,C:\chenxi\bazi_project\chess\Elo199401e.html,,6695,"https://olimpbase.org/Elo/player/K/Korkina,%20Svetlana.html","Korkina, Svetlana",6 July 1971,1971-07-06,4106431,exact_anchor,1971-07-06,olimpbase_profile_confirms_1994_row,False,4106431,Q27597983,1971-07-06,11,1971-07-06,agree,1971-07-06,olimpbase_profile_confirms_1994_row,False,1971-07-06,sensitivity_same_as_primary,False,,,F,105,-0.4652051340987801,0.4666666666666667
1994-01,OlimpBase historical FIDE list,C:\chenxi\bazi_project\chess\Elo199401e.html,11600195,"Rubene, Ilze",wm,LAT,F,w,2255,27,1958-07-17,1958.07.17,True,,6697,6697,6693.0,106,True,False,,OlimpBase historical FIDE list,C:\chenxi\bazi_project\chess\Elo199401e.html,,6695,"https://olimpbase.org/Elo/player/R/Rubene,%20Ilze.html","Rubene, Ilze",17 July 1958,1958-07-17,1706624,exact_anchor,1958-07-17,olimpbase_profile_confirms_1994_row,False,1706624,,,,,,1958-07-17,olimpbase_profile_confirms_1994_row,False,1958-07-17,sensitivity_same_as_primary,False,,,F,105,-0.4652051340987801,0.4666666666666667
1994-01,OlimpBase historical FIDE list,C:\chenxi\bazi_project\chess\Elo199401e.html,4108256,"Rubtsova, Tatiana",wg,RUS,F,w,2255,17,1962-05-08,1962.05.08,True,,6715=,6715,6693.0,106,True,False,,OlimpBase historical FIDE list,C:\chenxi\bazi_project\chess\Elo199401e.html,,6695,"https://olimpbase.org/Elo/player/R/Rubtsova,%20Tatiana.html","Rubtsova, Tatiana",8 May 1962,1962-05-08,4108256,exact_anchor,1962-05-08,olimpbase_profile_confirms_1994_row,False,4108256,Q529790,1962-05-08,11,1962-05-08,agree,1962-05-08,olimpbase_profile_confirms_1994_row,False,1962-05-08,sensitivity_same_as_primary,False,,,F,105,-0.4652051340987801,0.4666666666666667
1994-01,OlimpBase historical FIDE list,C:\chenxi\bazi_project\chess\Elo199401e.html,13700235,"Sergeeva, Tatyana",,KAZ,F,w,2255,5,,,True,,6786=,6786,6693.0,106,True,False,,OlimpBase historical FIDE list,C:\chenxi\bazi_project\chess\Elo199401e.html,,6695,"https://olimpbase.org/Elo/player/S/Sergeeva,%20Tatyana.html","Sergeeva, Tatyana",,,13700235,exact_anchor,,profile_no_exact_dob:unparsed_profile_dob,True,13700235,,,,,,,no_wikidata_match_on_modern_id,True,1957-01-01,sensitivity_manual_nonconflicting_fill,False,3.0,Russian biography gives 1 Jan 1957; secondary chess-source discussion quotes the Kazakhstan sports encyclopedia with the same date.,F,105,-0.4652051340987801,0.4666666666666667
1994-01,OlimpBase historical FIDE list,C:\chenxi\bazi_project\chess\Elo199401e.html,13700081,"Uskova, Fliura",wm,KAZ,F,w,2255,25,1964-12-31,1964.12.31,True,,6700=,6700,6693.0,106,True,False,,OlimpBase historical FIDE list,C:\chenxi\bazi_project\chess\Elo199401e.html,,6695,"https://olimpbase.org/Elo/player/K/Khasanova,%20Fliura.html","Uskova, Fliura",31 December 1964,1964-12-31,13700081,exact_anchor,1964-12-31,olimpbase_profile_confirms_1994_row,False,13700081,Q1429004,1964-12-31,11,1964-12-31,agree,1964-12-31,olimpbase_profile_confirms_1994_row,False,1964-12-31,sensitivity_same_as_primary,False,,,F,105,-0.4652051340987801,0.4666666666666667
1994-01,OlimpBase historical FIDE list,C:\chenxi\bazi_project\chess\Elo199401e.html,4107764,"Yudasina, Irina",,RUS,F,w,2255,3,,,True,,6805=,6805,6693.0,106,True,False,,OlimpBase historical FIDE list,C:\chenxi\bazi_project\chess\Elo199401e.html,,6695,"https://olimpbase.org/Elo/player/Y/Yudasina,%20Irina.html","Yudasina, Irina",7 June 1964,1964-06-07,2803593,exact_anchor,1964-06-07,olimpbase_profile_fills_missing,False,2803593,Q104586391,1964-06-07,11,1964-06-07,agree,1964-06-07,olimpbase_profile_fills_missing,False,1964-06-07,sensitivity_same_as_primary,False,,,F,105,-0.4652051340987801,0.4666666666666667
1994-01,OlimpBase historical FIDE list,C:\chenxi\bazi_project\chess\Elo199401e.html,8600287,"An, Yangfeng",wm,CHN,F,w,2250,0,1963-09-01,1963.09.01,True,,7109=,7109,6976.0,118,True,False,,OlimpBase historical FIDE list,C:\chenxi\bazi_project\chess\Elo199401e.html,,6978,"https://olimpbase.org/Elo/player/A/An,%20Yangfeng.html","An, Yangfeng",1 September 1963,1963-09-01,8600287,exact_anchor,1963-09-01,olimpbase_profile_confirms_1994_row,False,8600287,Q4750267,1963-09-01,11,1963-09-01,agree,1963-09-01,olimpbase_profile_confirms_1994_row,False,1963-09-01,sensitivity_same_as_primary,False,,,F,117,-0.5353977486356242,0.40512820512820513
1994-01,OlimpBase historical FIDE list,C:\chenxi\bazi_project\chess\Elo199401e.html,14100703,"Andreieva, Olga A.",wm,UKR,F,w,2250,0,1937-04-23,1937.04.23,True,,7109=,7109,6976.0,118,True,False,,OlimpBase historical FIDE list,C:\chenxi\bazi_project\chess\Elo199401e.html,,6978,"https://olimpbase.org/Elo/player/A/Andreieva,%20Olga%20A..html","Andreieva, Olga A.",23 April 1937,1937-04-23,14100703,exact_anchor,1937-04-23,olimpbase_profile_confirms_1994_row,False,14100703,Q4065561,1937-04-23,11,1937-04-23,agree,1937-04-23,olimpbase_profile_confirms_1994_row,False,1937-04-23,sensitivity_same_as_primary,False,,,F,117,-0.5353977486356242,0.40512820512820513
1994-01,OlimpBase historical FIDE list,C:\chenxi\bazi_project\chess\Elo199401e.html,4606191,"Feustel, Petra",wm,GER,F,w,2250,0,1958-11-06,1958.11.06,True,,7109=,7109,6976.0,118,True,False,,OlimpBase historical FIDE list,C:\chenxi\bazi_project\chess\Elo199401e.html,,6978,"https://olimpbase.org/Elo/player/F/Feustel,%20Petra.html","Feibert, Petra",11 June 1958,1958-06-11,4606191,exact_anchor,1958-06-11,olimpbase_profile_corrects_1994_row,False,4606191,Q119383,1958-06-11,11,1958-06-11,agree,1958-06-11,olimpbase_profile_corrects_1994_row,False,1958-06-11,sensitivity_same_as_primary,False,,,F,117,-0.5353977486356242,0.40512820512820513
1994-01,OlimpBase historical FIDE list,C:\chenxi\bazi_project\chess\Elo199401e.html,703834,"Forgo, Eva",wm,HUN,F,w,2250,0,1966-02-05,1966.02.05,True,,7109=,7109,6976.0,118,True,False,,OlimpBase historical FIDE list,C:\chenxi\bazi_project\chess\Elo199401e.html,,6978,"https://olimpbase.org/Elo/player/F/Forgo,%20Eva.html","Forgo, Eva",5 February 1966,1966-02-05,703834,exact_anchor,1966-02-05,olimpbase_profile_confirms_1994_row,False,703834,Q20437050,1966-02-05,11,1966-02-05,agree,1966-02-05,olimpbase_profile_confirms_1994_row,False,1966-02-05,sensitivity_same_as_primary,False,,,F,117,-0.5353977486356242,0.40512820512820513
1994-01,OlimpBase historical FIDE list,C:\chenxi\bazi_project\chess\Elo199401e.html,704121,"Horvath, Julia",wm,HUN,F,w,2250,17,1960-11-02,1960.11.02,True,,6991,6991,6976.0,118,True,False,,OlimpBase historical FIDE list,C:\chenxi\bazi_project\chess\Elo199401e.html,,6978,"https://olimpbase.org/Elo/player/H/Horvath,%20Julia.html","Horvath, Julia",2 November 1960,1960-11-02,704121,exact_anchor,1960-11-02,olimpbase_profile_confirms_1994_row,False,704121,Q27598349,1960-11-02,11,1960-11-02,agree,1960-11-02,olimpbase_profile_confirms_1994_row,False,1960-11-02,sensitivity_same_as_primary,False,,,F,117,-0.5353977486356242,0.40512820512820513
1994-01,OlimpBase historical FIDE list,C:\chenxi\bazi_project\chess\Elo199401e.html,4500164,"Laesson, Tuulikki",wm,EST,F,w,2250,3,1969-03-19,1969.03.19,True,,7084=,7084,6976.0,118,True,False,,OlimpBase historical FIDE list,C:\chenxi\bazi_project\chess\Elo199401e.html,,6978,"https://olimpbase.org/Elo/player/L/Laesson,%20Tuulikki.html","Laesson, Tuulikki",19 March 1969,1969-03-19,4500164,exact_anchor,1969-03-19,olimpbase_profile_confirms_1994_row,False,4500164,Q432999,1969-03-19,11,1969-03-19,agree,1969-03-19,olimpbase_profile_confirms_1994_row,False,1969-03-19,sensitivity_same_as_primary,False,,,F,117,-0.5353977486356242,0.40512820512820513
1994-01,OlimpBase historical FIDE list,C:\chenxi\bazi_project\chess\Elo199401e.html,13500201,"Lagvilava, Genrieta",,BLR,F,w,2250,0,,,True,,7109=,7109,6976.0,118,True,False,,OlimpBase historical FIDE list,C:\chenxi\bazi_project\chess\Elo199401e.html,,6978,"https://olimpbase.org/Elo/player/L/Lagvilava,%20Genrieta.html","Lagvilava, Genrieta",3 July 1969,1969-07-03,13500201,exact_anchor,1969-07-03,olimpbase_profile_fills_missing,False,13500201,Q4252336,1969-06-03,11,1969-06-03,disagree,1969-07-03,olimpbase_profile_fills_missing,False,1969-07-03,sensitivity_manual_adjudicated_conflict,True,3.0,Modern biography gives 3 Jul 1969; choose this over Wikidata candidate 3 Jun.,F,117,-0.5353977486356242,0.40512820512820513
1994-01,OlimpBase historical FIDE list,C:\chenxi\bazi_project\chess\Elo199401e.html,14501732,"Macek, Vlasta",wm,CRO,F,w,2250,14,1952-06-27,1952.06.27,True,,7003=,7003,6976.0,118,True,False,,OlimpBase historical FIDE list,C:\chenxi\bazi_project\chess\Elo199401e.html,,6978,"https://olimpbase.org/Elo/player/K/Kalchbrenner,%20Vlasta.html","Macek, Vlasta",27 June 1952,1952-06-27,14501732,exact_anchor,1952-06-27,olimpbase_profile_confirms_1994_row,False,14501732,Q9369035,1952-06-27,11,1952-06-27,agree,1952-06-27,olimpbase_profile_confirms_1994_row,False,1952-06-27,sensitivity_same_as_primary,False,,,F,117,-0.5353977486356242,0.40512820512820513
1994-01,OlimpBase historical FIDE list,C:\chenxi\bazi_project\chess\Elo199401e.html,905992,"Markovic, Gordana",wm,YUG,F,w,2250,6,1951-01-04,1951.01.04,True,,7054=,7054,6976.0,118,True,False,,OlimpBase historical FIDE list,C:\chenxi\bazi_project\chess\Elo199401e.html,,6978,"https://olimpbase.org/Elo/player/J/Jovanovic,%20Gordana.html","Markovic, Gordana",4 January 1951,1951-01-04,905992,exact_anchor,1951-01-04,olimpbase_profile_confirms_1994_row,False,905992,Q11701098,1951-01-04,11,1951-01-04,agree,1951-01-04,olimpbase_profile_confirms_1994_row,False,1951-01-04,sensitivity_same_as_primary,False,,,F,117,-0.5353977486356242,0.40512820512820513
1994-01,OlimpBase historical FIDE list,C:\chenxi\bazi_project\chess\Elo199401e.html,4109503,"Minogina, Tanam",wm,RUS,F,w,2250,11,1959-02-12,1959.02.12,True,,7019=,7019,6976.0,118,True,False,,OlimpBase historical FIDE list,C:\chenxi\bazi_project\chess\Elo199401e.html,,6978,"https://olimpbase.org/Elo/player/M/Minogina,%20Tanam.html","Minogina, Tamara",12 February 1959,1959-02-12,4109503,exact_anchor,1959-02-12,olimpbase_profile_confirms_1994_row,False,4109503,Q15072537,1959-02-12,11,1959-02-12,agree,1959-02-12,olimpbase_profile_confirms_1994_row,False,1959-02-12,sensitivity_same_as_primary,False,,,F,117,-0.5353977486356242,0.40512820512820513
1994-01,OlimpBase historical FIDE list,C:\chenxi\bazi_project\chess\Elo199401e.html,1200712,"Olarasu, Gabriela",wm,ROM,F,w,2250,19,1964-11-07,1964.11.07,True,,6988=,6988,6976.0,118,True,False,,OlimpBase historical FIDE list,C:\chenxi\bazi_project\chess\Elo199401e.html,,6978,"https://olimpbase.org/Elo/player/S/Stanciu,%20Gabriela.html","Olarasu, Gabriela",7 November 1964,1964-11-07,1200712,exact_anchor,1964-11-07,olimpbase_profile_confirms_1994_row,False,1200712,Q9265186,1964-11-07,11,1964-11-07,agree,1964-11-07,olimpbase_profile_confirms_1994_row,False,1964-11-07,sensitivity_same_as_primary,False,,,F,117,-0.5353977486356242,0.40512820512820513
1994-01,OlimpBase historical FIDE list,C:\chenxi\bazi_project\chess\Elo199401e.html,2003287,"Savereide, Diane",wm,USA,F,w,2250,0,1954-11-25,1954.11.25,True,,7109=,7109,6976.0,118,True,False,,OlimpBase historical FIDE list,C:\chenxi\bazi_project\chess\Elo199401e.html,,6978,"https://olimpbase.org/Elo/player/S/Savereide,%20Diane.html","Savereide, Diane",25 November 1954,1954-11-25,2003287,exact_anchor,1954-11-25,olimpbase_profile_confirms_1994_row,False,2003287,Q9207020,1954-11-25,11,1954-11-25,agree,1954-11-25,olimpbase_profile_confirms_1994_row,False,1954-11-25,sensitivity_same_as_primary,False,,,F,117,-0.5353977486356242,0.40512820512820513
1994-01,OlimpBase historical FIDE list,C:\chenxi\bazi_project\chess\Elo199401e.html,1002457,"Sziva, Erika",wm,NED,F,w,2250,25,1967-06-08,1967.06.08,True,,6981=,6981,6976.0,118,True,False,,OlimpBase historical FIDE list,C:\chenxi\bazi_project\chess\Elo199401e.html,,6978,"https://olimpbase.org/Elo/player/S/Sziva,%20Erika.html","Sziva, Erika",8 June 1967,1967-06-08,1002457,exact_anchor,1967-06-08,olimpbase_profile_confirms_1994_row,False,1002457,Q3352363,1967-06-08,11,1967-06-08,agree,1967-06-08,olimpbase_profile_confirms_1994_row,False,1967-06-08,sensitivity_same_as_primary,False,,,F,117,-0.5353977486356242,0.40512820512820513
1994-01,OlimpBase historical FIDE list,C:\chenxi\bazi_project\chess\Elo199401e.html,13700138,"Tazhieva, Lyazzat",,KAZ,F,w,2250,0,,,True,,7109=,7109,6976.0,118,True,False,,OlimpBase historical FIDE list,C:\chenxi\bazi_project\chess\Elo199401e.html,,6978,"https://olimpbase.org/Elo/player/T/Tazhieva,%20Lyazzat.html","Tazhieva, Lyazzat",,,13700138,exact_anchor,,profile_no_exact_dob:unparsed_profile_dob,True,13700138,Q28479325,1994-01-02,11,1994-01-02,,1994-01-02,wikidata_via_olimpbase_modern_id_filled,False,1994-01-02,sensitivity_same_as_primary,False,,,F,117,-0.5353977486356242,0.40512820512820513
1994-01,OlimpBase historical FIDE list,C:\chenxi\bazi_project\chess\Elo199401e.html,8600430,"Wang, Lei",wf,CHN,F,w,2250,9,1975-02-04,1975.02.04,True,,7027=,7027,6976.0,118,True,False,,OlimpBase historical FIDE list,C:\chenxi\bazi_project\chess\Elo199401e.html,,6978,"https://olimpbase.org/Elo/player/W/Wang,%20Lei.html","Wang, Lei",4 February 1975,1975-02-04,8600430,exact_anchor,1975-02-04,olimpbase_profile_confirms_1994_row,False,8600430,Q7967526,1975-02-04,11,1975-02-04,agree,1975-02-04,olimpbase_profile_confirms_1994_row,False,1975-02-04,sensitivity_same_as_primary,False,,,F,117,-0.5353977486356242,0.40512820512820513
1994-01,OlimpBase historical FIDE list,C:\chenxi\bazi_project\chess\Elo199401e.html,2201666,"Cuevas Rodriguez, Maria Luisa",wm,ESP,F,w,2245,16,1965-03-08,1965.03.08,True,,7314=,7314,7286.0,133,True,False,,OlimpBase historical FIDE list,C:\chenxi\bazi_project\chess\Elo199401e.html,,7288,"https://olimpbase.org/Elo/player/C/Cuevas%20Rodriguez,%20Maria%20Luisa.html","Cuevas Rodriguez, Maria Luisa",8 March 1965,1965-03-08,2201666,exact_anchor,1965-03-08,olimpbase_profile_confirms_1994_row,False,2201666,Q11691434,1965-08-08,11,1965-08-08,disagree,1965-03-08,olimpbase_profile_confirms_1994_row,False,1965-03-08,sensitivity_manual_adjudicated_conflict,True,3.0,Modern biography gives 8 Mar 1965; this supports OlimpBase day/month order and rejects Wikidata 8 Aug.,F,132,-0.6055903631724683,0.3282051282051282
1994-01,OlimpBase historical FIDE list,C:\chenxi\bazi_project\chess\Elo199401e.html,604534,"Gervais, Claire",wf,FRA,F,w,2245,20,1976-04-04,1976.04.04,True,,7298=,7298,7286.0,133,True,False,,OlimpBase historical FIDE list,C:\chenxi\bazi_project\chess\Elo199401e.html,,7288,"https://olimpbase.org/Elo/player/G/Gervais,%20Claire.html","Gervais, Claire",4 April 1976,1976-04-04,604534,exact_anchor,1976-04-04,olimpbase_profile_confirms_1994_row,False,604534,Q27598338,,,,,1976-04-04,olimpbase_profile_confirms_1994_row,False,1976-04-04,sensitivity_same_as_primary,False,,,F,132,-0.6055903631724683,0.3282051282051282
1994-01,OlimpBase historical FIDE list,C:\chenxi\bazi_project\chess\Elo199401e.html,13600435,"Lanchava, Tea",wf,GEO,F,w,2245,24,1974-09-11,1974.09.11,True,,7291,7291,7286.0,133,True,False,,OlimpBase historical FIDE list,C:\chenxi\bazi_project\chess\Elo199401e.html,,7288,"https://olimpbase.org/Elo/player/L/Lanchava,%20Tea.html","Bosboom-Lanchava, Tea",11 September 1974,1974-09-11,1005308,exact_anchor,1974-09-11,olimpbase_profile_confirms_1994_row,False,1005308,Q2044099,1974-09-11,11,1974-09-11,agree,1974-09-11,olimpbase_profile_confirms_1994_row,False,1974-09-11,sensitivity_same_as_primary,False,,,F,132,-0.6055903631724683,0.3282051282051282
1994-01,OlimpBase historical FIDE list,C:\chenxi\bazi_project\chess\Elo199401e.html,4608682,"Trabert, Bettina",wm,GER,F,w,2245,57,1969-03-04,1969.03.04,True,,7286,7286,7286.0,133,True,False,,OlimpBase historical FIDE list,C:\chenxi\bazi_project\chess\Elo199401e.html,,7288,"https://olimpbase.org/Elo/player/T/Trabert,%20Bettina.html","Trabert, Bettina",4 March 1969,1969-03-04,4608682,exact_anchor,1969-03-04,olimpbase_profile_confirms_1994_row,False,4608682,Q850067,1969-03-04,11,1969-03-04,agree,1969-03-04,olimpbase_profile_confirms_1994_row,False,1969-03-04,sensitivity_same_as_primary,False,,,F,132,-0.6055903631724683,0.3282051282051282
1994-01,OlimpBase historical FIDE list,C:\chenxi\bazi_project\chess\Elo199401e.html,2902265,"Aleksieva, Silvia",wm,BUL,F,w,2240,30,1974-05-04,1974.05.04,True,,7598,7598,7598.0,137,True,False,,OlimpBase historical FIDE list,C:\chenxi\bazi_project\chess\Elo199401e.html,,7600,"https://olimpbase.org/Elo/player/A/Aleksieva,%20Silvia.html","Aleksieva, Silvia",4 May 1974,1974-05-04,2902265,exact_anchor,1974-05-04,olimpbase_profile_confirms_1994_row,False,2902265,Q2002673,1974-05-04,11,1974-05-04,agree,1974-05-04,olimpbase_profile_confirms_1994_row,False,1974-05-04,sensitivity_same_as_primary,False,,,F,136,-0.6757829777093125,0.3076923076923077
1994-01,OlimpBase historical FIDE list,C:\chenxi\bazi_project\chess\Elo199401e.html,1107771,"Krysiak, Izabela",,POL,F,w,2240,18,1964-02-06,1964.02.06,True,,7615,7615,7598.0,137,True,False,,OlimpBase historical FIDE list,C:\chenxi\bazi_project\chess\Elo199401e.html,,7600,"https://olimpbase.org/Elo/player/K/Krysiak,%20Izabela.html","Kuczewska, Izabela",6 February 1964,1964-02-06,1107771,exact_anchor,1964-02-06,olimpbase_profile_confirms_1994_row,False,1107771,,,,,,1964-02-06,olimpbase_profile_confirms_1994_row,False,1964-02-06,sensitivity_same_as_primary,False,,,F,136,-0.6757829777093125,0.3076923076923077
1994-01,OlimpBase historical FIDE list,C:\chenxi\bazi_project\chess\Elo199401e.html,305650,"Ptacnikova, Lenka",,CZE,F,w,2240,17,1976-01-16,1976.01.16,True,,7617,7617,7598.0,137,True,False,,OlimpBase historical FIDE list,C:\chenxi\bazi_project\chess\Elo199401e.html,,7600,"https://olimpbase.org/Elo/player/P/Ptacnikova,%20Lenka.html","Ptacnikova, Lenka",16 January 1976,1976-01-16,305650,exact_anchor,1976-01-16,olimpbase_profile_confirms_1994_row,False,305650,Q467300,1976-01-16,11,1976-01-16,agree,1976-01-16,olimpbase_profile_confirms_1994_row,False,1976-01-16,sensitivity_same_as_primary,False,,,F,136,-0.6757829777093125,0.3076923076923077
1994-01,OlimpBase historical FIDE list,C:\chenxi\bazi_project\chess\Elo199401e.html,4119908,"Riabykh, Elena",,RUS,F,w,2240,11,1970-03-21,1970.03.21,True,,7639=,7639,7598.0,137,True,False,,OlimpBase historical FIDE list,C:\chenxi\bazi_project\chess\Elo199401e.html,,7600,"https://olimpbase.org/Elo/player/R/Riabykh,%20Elena.html","Riabykh, Elena",21 March 1970,1970-03-21,4119908,exact_anchor,1970-03-21,olimpbase_profile_confirms_1994_row,False,4119908,Q28479916,1970-03-21,11,1970-03-21,agree,1970-03-21,olimpbase_profile_confirms_1994_row,False,1970-03-21,sensitivity_same_as_primary,False,,,F,136,-0.6757829777093125,0.3076923076923077
1994-01,OlimpBase historical FIDE list,C:\chenxi\bazi_project\chess\Elo199401e.html,14100770,"Titova-Boric, Elena",wm,UKR,F,w,2240,10,,,True,,7653=,7653,7598.0,137,True,False,,OlimpBase historical FIDE list,C:\chenxi\bazi_project\chess\Elo199401e.html,,7600,"https://olimpbase.org/Elo/player/T/Titova,%20Elena.html","Titova-Boric, Elena",28 March 1963,1963-03-28,14400839,exact_anchor,1963-03-28,olimpbase_profile_fills_missing,False,14400839,Q27597850,1963-03-28,11,1963-03-28,agree,1963-03-28,olimpbase_profile_fills_missing,False,1963-03-28,sensitivity_same_as_primary,False,,,F,136,-0.6757829777093125,0.3076923076923077
1994-01,OlimpBase historical FIDE list,C:\chenxi\bazi_project\chess\Elo199401e.html,1104489,"Bednarska, Malgorzata",wf,POL,F,w,2235,19,1972-10-04,1972.10.04,True,,7928=,7928,7917.0,143,True,False,,OlimpBase historical FIDE list,C:\chenxi\bazi_project\chess\Elo199401e.html,,7919,"https://olimpbase.org/Elo/player/B/Bednarska,%20Malgorzata.html","Bednarska, Malgorzata",4 October 1972,1972-10-04,1104489,exact_anchor,1972-10-04,olimpbase_profile_confirms_1994_row,False,1104489,Q11772224,1972-10-04,11,1972-10-04,agree,1972-10-04,olimpbase_profile_confirms_1994_row,False,1972-10-04,sensitivity_same_as_primary,False,,,F,141,-0.7459755922461566,0.28205128205128205
1994-01,OlimpBase historical FIDE list,C:\chenxi\bazi_project\chess\Elo199401e.html,2201542,"Garcia Vicente, Nieves",wm,ESP,F,w,2235,9,1955-07-23,1955.07.23,True,,7974=,7974,7917.0,143,True,False,,OlimpBase historical FIDE list,C:\chenxi\bazi_project\chess\Elo199401e.html,,7919,"https://olimpbase.org/Elo/player/G/Garcia%20Vicente,%20Nieves.html","Garcia Vicente, Nieves",23 July 1955,1955-07-23,2201542,exact_anchor,1955-07-23,olimpbase_profile_confirms_1994_row,False,2201542,Q11695667,1955-07-23,11,1955-07-23,agree,1955-07-23,olimpbase_profile_confirms_1994_row,False,1955-07-23,sensitivity_same_as_primary,False,,,F,141,-0.7459755922461566,0.28205128205128205
1994-01,OlimpBase historical FIDE list,C:\chenxi\bazi_project\chess\Elo199401e.html,2203693,"Gonzalez Perez, Lutgarda",,ESP,F,w,2235,14,1962-11-25,1962.11.25,True,,7947=,7947,7917.0,143,True,False,,OlimpBase historical FIDE list,C:\chenxi\bazi_project\chess\Elo199401e.html,,7919,"https://olimpbase.org/Elo/player/G/Gonzalez%20Perez,%20Lutgarda.html","Gonzalez Perez, Lutgarda",25 November 1962,1962-11-25,2203693,exact_anchor,1962-11-25,olimpbase_profile_confirms_1994_row,False,2203693,Q5984963,1962-11-25,11,1962-11-25,agree,1962-11-25,olimpbase_profile_confirms_1994_row,False,1962-11-25,sensitivity_same_as_primary,False,,,F,141,-0.7459755922461566,0.28205128205128205
1994-01,OlimpBase historical FIDE list,C:\chenxi\bazi_project\chess\Elo199401e.html,4612434,"Heinatz, Gundula",wm,GER,F,w,2235,38,1969-05-12,1969.05.12,True,,7917,7917,7917.0,143,True,False,,OlimpBase historical FIDE list,C:\chenxi\bazi_project\chess\Elo199401e.html,,7919,"https://olimpbase.org/Elo/player/N/Nehse,%20Gundula.html","Heinatz, Gundula",12 May 1969,1969-05-12,4612434,exact_anchor,1969-05-12,olimpbase_profile_confirms_1994_row,False,4612434,Q1554651,1969-05-12,11,1969-05-12,agree,1969-05-12,olimpbase_profile_confirms_1994_row,False,1969-05-12,sensitivity_same_as_primary,False,,,F,141,-0.7459755922461566,0.28205128205128205
1994-01,OlimpBase historical FIDE list,C:\chenxi\bazi_project\chess\Elo199401e.html,4612191,"Heintze, Marion",wm,GER,F,w,2235,0,1954-09-05,1954.09.05,True,,8060=,8060,7917.0,143,True,False,,OlimpBase historical FIDE list,C:\chenxi\bazi_project\chess\Elo199401e.html,,7919,"https://olimpbase.org/Elo/player/W/Worch,%20Marion.html","Heintze, Marion",5 September 1954,1954-09-05,4612191,exact_anchor,1954-09-05,olimpbase_profile_confirms_1994_row,False,4612191,Q18222226,1954-09-05,11,1954-09-05,agree,1954-09-05,olimpbase_profile_confirms_1994_row,False,1954-09-05,sensitivity_same_as_primary,False,,,F,141,-0.7459755922461566,0.28205128205128205
1994-01,OlimpBase historical FIDE list,C:\chenxi\bazi_project\chess\Elo199401e.html,4612450,"Jahn, Constanze",wm,GER,F,w,2235,19,1963-01-12,1963.01.12,True,,7928=,7928,7917.0,143,True,False,,OlimpBase historical FIDE list,C:\chenxi\bazi_project\chess\Elo199401e.html,,7919,"https://olimpbase.org/Elo/player/J/Jahn,%20Constanze.html","Jahn, Constanze",12 January 1963,1963-01-12,4612450,exact_anchor,1963-01-12,olimpbase_profile_confirms_1994_row,False,4612450,Q27598138,1963-01-12,11,1963-01-12,agree,1963-01-12,olimpbase_profile_confirms_1994_row,False,1963-01-12,sensitivity_same_as_primary,False,,,F,141,-0.7459755922461566,0.28205128205128205
1994-01,OlimpBase historical FIDE list,C:\chenxi\bazi_project\chess\Elo199401e.html,1104241,"Kaczorowska, Barbara",wm,POL,F,w,2235,16,1960-10-21,1960.10.21,True,,7936=,7936,7917.0,143,True,False,,OlimpBase historical FIDE list,C:\chenxi\bazi_project\chess\Elo199401e.html,,7919,"https://olimpbase.org/Elo/player/K/Kaczorowska,%20Barbara.html","Kaczorowska, Barbara",21 October 1960,1960-10-21,1104241,exact_anchor,1960-10-21,olimpbase_profile_confirms_1994_row,False,1104241,Q9165423,1960-10-21,11,1960-10-21,agree,1960-10-21,olimpbase_profile_confirms_1994_row,False,1960-10-21,sensitivity_same_as_primary,False,,,F,141,-0.7459755922461566,0.28205128205128205
1994-01,OlimpBase historical FIDE list,C:\chenxi\bazi_project\chess\Elo199401e.html,304050,"Krupkova, Petra",wm,CZE,F,w,2235,36,1976-04-23,1976.04.23,True,,7918,7918,7917.0,143,True,False,,OlimpBase historical FIDE list,C:\chenxi\bazi_project\chess\Elo199401e.html,,7919,"https://olimpbase.org/Elo/player/K/Krupkova,%20Petra.html","Krupkova, Petra",23 April 1976,1976-04-23,304050,exact_anchor,1976-04-23,olimpbase_profile_confirms_1994_row,False,304050,Q1109530,1976-04-23,11,1976-04-23,agree,1976-04-23,olimpbase_profile_confirms_1994_row,False,1976-04-23,sensitivity_same_as_primary,False,,,F,141,-0.7459755922461566,0.28205128205128205
1994-01,OlimpBase historical FIDE list,C:\chenxi\bazi_project\chess\Elo199401e.html,4109228,"Kulish, Irina",wm,RUS,F,w,2235,19,,,True,,7928=,7928,7917.0,143,True,False,,OlimpBase historical FIDE list,C:\chenxi\bazi_project\chess\Elo199401e.html,,7919,"https://olimpbase.org/Elo/player/K/Kulish,%20Irina.html","Kulish, Irina",18 May 1968,1968-05-18,4109228,exact_anchor,1968-05-18,olimpbase_profile_fills_missing,False,4109228,Q27560055,1968-05-18,11,1968-05-18,agree,1968-05-18,olimpbase_profile_fills_missing,False,1968-05-18,sensitivity_same_as_primary,False,,,F,141,-0.7459755922461566,0.28205128205128205
1994-01,OlimpBase historical FIDE list,C:\chenxi\bazi_project\chess\Elo199401e.html,13600770,"Kvaratskhelia, Beka",,GEO,F,w,2235,9,1974-11-08,1974.11.08,True,,7974=,7974,7917.0,143,True,False,,OlimpBase historical FIDE list,C:\chenxi\bazi_project\chess\Elo199401e.html,,7919,"https://olimpbase.org/Elo/player/K/Kvaratskhelia,%20Beka.html","Kvaratskhelia, Beka",8 November 1974,1974-11-08,13600770,exact_anchor,1974-11-08,olimpbase_profile_confirms_1994_row,False,13600770,,,,,,1974-11-08,olimpbase_profile_confirms_1994_row,False,1974-11-08,sensitivity_same_as_primary,False,,,F,141,-0.7459755922461566,0.28205128205128205
1994-01,OlimpBase historical FIDE list,C:\chenxi\bazi_project\chess\Elo199401e.html,910600,"Micic, Snezana",wf,YUG,F,w,2235,5,,,True,,8006=,8006,7917.0,143,True,False,,OlimpBase historical FIDE list,C:\chenxi\bazi_project\chess\Elo199401e.html,,7919,"https://olimpbase.org/Elo/player/M/Micic,%20Snezana.html","Micic, Snezana",4 July 1966,1966-07-04,933511,exact_anchor,1966-07-04,olimpbase_profile_fills_missing,False,933511,Q16945316,1966-07-04,11,1966-07-04,agree,1966-07-04,olimpbase_profile_fills_missing,False,1966-07-04,sensitivity_same_as_primary,False,,,F,141,-0.7459755922461566,0.28205128205128205
1994-01,OlimpBase historical FIDE list,C:\chenxi\bazi_project\chess\Elo199401e.html,13700219,"Muslimova, Aida E.",,KAZ,F,w,2235,0,1939-07-24,1939.07.24,True,,8060=,8060,7917.0,143,True,False,,OlimpBase historical FIDE list,C:\chenxi\bazi_project\chess\Elo199401e.html,,7919,"https://olimpbase.org/Elo/player/M/Muslimova,%20Aida%20E..html","Muslimova, Aida E.",24 July 1939,1939-07-24,13700219,exact_anchor,1939-07-24,olimpbase_profile_confirms_1994_row,False,13700219,Q20482549,1939-07-24,11,1939-07-24,agree,1939-07-24,olimpbase_profile_confirms_1994_row,False,1939-07-24,sensitivity_same_as_primary,False,,,F,141,-0.7459755922461566,0.28205128205128205
1994-01,OlimpBase historical FIDE list,C:\chenxi\bazi_project\chess\Elo199401e.html,13800060,"Ostry, Irina",wm,KGZ,F,w,2235,13,1950-07-07,1950.07.07,True,,7954=,7954,7917.0,143,True,False,,OlimpBase historical FIDE list,C:\chenxi\bazi_project\chess\Elo199401e.html,,7919,"https://olimpbase.org/Elo/player/O/Ostry,%20Irina.html","Ostry, Irina",7 July 1950,1950-07-07,13800060,exact_anchor,1950-07-07,olimpbase_profile_confirms_1994_row,False,13800060,Q15077222,1950-07-07,11,1950-07-07,agree,1950-07-07,olimpbase_profile_confirms_1994_row,False,1950-07-07,sensitivity_same_as_primary,False,,,F,141,-0.7459755922461566,0.28205128205128205
1994-01,OlimpBase historical FIDE list,C:\chenxi\bazi_project\chess\Elo199401e.html,13900145,"Skripchenko, Almira",wm,MDA,F,w,2235,28,1976-02-17,1976.02.17,True,,7921,7921,7917.0,143,True,False,,OlimpBase historical FIDE list,C:\chenxi\bazi_project\chess\Elo199401e.html,,7919,"https://olimpbase.org/Elo/player/S/Skripchenko,%20Almira.html","Skripchenko-Lautier, Almira",17 February 1976,1976-02-17,13900145,exact_anchor,1976-02-17,olimpbase_profile_confirms_1994_row,False,13900145,Q440144,1976-02-17,11,1976-02-17,agree,1976-02-17,olimpbase_profile_confirms_1994_row,False,1976-02-17,sensitivity_same_as_primary,False,,,F,141,-0.7459755922461566,0.28205128205128205
1994-01,OlimpBase historical FIDE list,C:\chenxi\bazi_project\chess\Elo199401e.html,4617908,"Spiel, Marianne",,GER,F,w,2235,11,,,True,,7959=,7959,7917.0,143,True,False,,OlimpBase historical FIDE list,C:\chenxi\bazi_project\chess\Elo199401e.html,,7919,"https://olimpbase.org/Elo/player/S/Spiel,%20Marianne.html","Spiel, Marianne",23 November 1968,1968-11-23,4617908,exact_anchor,1968-11-23,olimpbase_profile_fills_missing,False,4617908,Q28480847,1968-11-23,11,1968-11-23,agree,1968-11-23,olimpbase_profile_fills_missing,False,1968-11-23,sensitivity_same_as_primary,False,,,F,141,-0.7459755922461566,0.28205128205128205
1994-01,OlimpBase historical FIDE list,C:\chenxi\bazi_project\chess\Elo199401e.html,13600737,"Tkeshelashvili, Sopio",wf,GEO,F,w,2235,11,1979-10-23,1979.10.23,True,,7959=,7959,7917.0,143,True,False,,OlimpBase historical FIDE list,C:\chenxi\bazi_project\chess\Elo199401e.html,,7919,"https://olimpbase.org/Elo/player/T/Tkeshelashvili,%20Sopio.html","Tkeshelashvili, Sopio",23 October 1979,1979-10-23,13600737,exact_anchor,1979-10-23,olimpbase_profile_confirms_1994_row,False,13600737,Q9339638,1979-10-23,11,1979-10-23,agree,1979-10-23,olimpbase_profile_confirms_1994_row,False,1979-10-23,sensitivity_same_as_primary,False,,,F,141,-0.7459755922461566,0.28205128205128205
1994-01,OlimpBase historical FIDE list,C:\chenxi\bazi_project\chess\Elo199401e.html,4108868,"Alekhina, Natalia V.",wg,RUS,F,w,2230,0,1954-11-03,1954.11.03,True,,8378=,8378,8221.0,160,True,False,,OlimpBase historical FIDE list,C:\chenxi\bazi_project\chess\Elo199401e.html,,8223,"https://olimpbase.org/Elo/player/A/Alekhina,%20Natalia%20V..html","Alekhina, Natalia V.",3 November 1954,1954-11-03,4108868,exact_anchor,1954-11-03,olimpbase_profile_confirms_1994_row,False,4108868,Q7506069,1954-02-03,11,1954-02-03,disagree,1954-11-03,olimpbase_profile_confirms_1994_row,False,1954-02-03,sensitivity_manual_adjudicated_conflict,True,2.0,Russian Chess Federation biography explicitly states 3 Feb 1954; choose this over the old OlimpBase 3 Nov date.,F,157,-0.8161682067830007,0.2
1994-01,OlimpBase historical FIDE list,C:\chenxi\bazi_project\chess\Elo199401e.html,13300342,"Aslanian, Ludmila K.",wm,ARM,F,w,2230,0,1954-07-02,1954.07.02,True,,8378=,8378,8221.0,160,True,False,,OlimpBase historical FIDE list,C:\chenxi\bazi_project\chess\Elo199401e.html,,8223,"https://olimpbase.org/Elo/player/K/Kulikova,%20Ludmila.html","Aslanian, Ludmila K.",2 July 1954,1954-07-02,14107813,exact_anchor,1954-07-02,olimpbase_profile_confirms_1994_row,False,14107813,Q23014894,1954-07-02,11,1954-07-02,agree,1954-07-02,olimpbase_profile_confirms_1994_row,False,1954-07-02,sensitivity_same_as_primary,False,,,F,157,-0.8161682067830007,0.2
1994-01,OlimpBase historical FIDE list,C:\chenxi\bazi_project\chess\Elo199401e.html,14100800,"Borsuk, Angela",,UKR,F,w,2230,0,,,True,,8378=,8378,8221.0,160,True,False,,OlimpBase historical FIDE list,C:\chenxi\bazi_project\chess\Elo199401e.html,,8223,"https://olimpbase.org/Elo/player/B/Borsuk,%20Angela.html","Borsuk, Angela",different dates of birth given,,2806452,exact_anchor,,olimpbase_profile_reports_conflicting_dobs,True,2806452,Q634517,1967-08-29,11,1967-08-29,,,profile_conflict_wikidata_candidate,True,1967-08-29,sensitivity_manual_nonconflicting_fill,False,3.0,Public biographical source gives 29 Aug 1967; no contradictory day-level source found in targeted verification.,F,157,-0.8161682067830007,0.2
1994-01,OlimpBase historical FIDE list,C:\chenxi\bazi_project\chess\Elo199401e.html,4106792,"Fatalibekova, Elena",wg,RUS,F,w,2230,18,1947-10-04,1947.10.04,True,,8236,8236,8221.0,160,True,False,,OlimpBase historical FIDE list,C:\chenxi\bazi_project\chess\Elo199401e.html,,8223,"https://olimpbase.org/Elo/player/F/Fatalibekova-Rubtsova,%20Elena.html","Fatalibekova, Elena",4 October 1947,1947-10-04,4106792,exact_anchor,1947-10-04,olimpbase_profile_confirms_1994_row,False,4106792,Q434089,1947-10-04,11,1947-10-04,agree,1947-10-04,olimpbase_profile_confirms_1994_row,False,1947-10-04,sensitivity_same_as_primary,False,,,F,157,-0.8161682067830007,0.2
1994-01,OlimpBase historical FIDE list,C:\chenxi\bazi_project\chess\Elo199401e.html,4606876,"Gant, Otilia",wm,GER,F,w,2230,0,1968-04-06,1968.04.06,True,,8378=,8378,8221.0,160,True,False,,OlimpBase historical FIDE list,C:\chenxi\bazi_project\chess\Elo199401e.html,,8223,"https://olimpbase.org/Elo/player/G/Gant,%20Otilia.html","Jahn, Otilia",6 April 1968,1968-04-06,4606876,exact_anchor,1968-04-06,olimpbase_profile_confirms_1994_row,False,4606876,Q27598140,1968-04-06,11,1968-04-06,agree,1968-04-06,olimpbase_profile_confirms_1994_row,False,1968-04-06,sensitivity_same_as_primary,False,,,F,157,-0.8161682067830007,0.2
1994-01,OlimpBase historical FIDE list,C:\chenxi\bazi_project\chess\Elo199401e.html,1201654,"Iosif, Cristina S.",wf,ROM,F,w,2230,21,1968-07-23,1968.07.23,True,,8230,8230,8221.0,160,True,False,,OlimpBase historical FIDE list,C:\chenxi\bazi_project\chess\Elo199401e.html,,8223,"https://olimpbase.org/Elo/player/S/Stanca,%20Cristina%20S..html","Iosif, Cristina S.",23 July 1968,1968-07-23,1201654,exact_anchor,1968-07-23,olimpbase_profile_confirms_1994_row,False,1201654,Q27597711,1968-07-23,11,1968-07-23,agree,1968-07-23,olimpbase_profile_confirms_1994_row,False,1968-07-23,sensitivity_same_as_primary,False,,,F,157,-0.8161682067830007,0.2
1994-01,OlimpBase historical FIDE list,C:\chenxi\bazi_project\chess\Elo199401e.html,13600389,"Janjgava, Natia",,GEO,F,w,2230,16,1972-12-16,1972.12.16,True,,8241=,8241,8221.0,160,True,False,,OlimpBase historical FIDE list,C:\chenxi\bazi_project\chess\Elo199401e.html,,8223,"https://olimpbase.org/Elo/player/D/Dzhandzhava,%20Natia%20(2).html","Janjgava, Natia",16 December 1972,1972-12-16,13600389,exact_anchor,1972-12-16,olimpbase_profile_confirms_1994_row,False,13600389,Q27597798,1972-12-16,11,1972-12-16,agree,1972-12-16,olimpbase_profile_confirms_1994_row,False,1972-12-16,sensitivity_same_as_primary,False,,,F,157,-0.8161682067830007,0.2
1994-01,OlimpBase historical FIDE list,C:\chenxi\bazi_project\chess\Elo199401e.html,1702521,"Jiretorn, Eva",,SWE,F,w,2230,9,,,True,,8286=,8286,8221.0,160,True,False,,OlimpBase historical FIDE list,C:\chenxi\bazi_project\chess\Elo199401e.html,,8223,"https://olimpbase.org/Elo/player/J/Jiretorn,%20Eva.html","Jiretorn, Eva",7 January 1971,1971-01-07,1702521,exact_anchor,1971-01-07,olimpbase_profile_fills_missing,False,1702521,Q105357727,1971-01-01,9,,,1971-01-07,olimpbase_profile_fills_missing,False,1971-01-07,sensitivity_same_as_primary,False,,,F,157,-0.8161682067830007,0.2
1994-01,OlimpBase historical FIDE list,C:\chenxi\bazi_project\chess\Elo199401e.html,13500414,"Khorovets-Aiedinova, Elmira",wf,BLR,F,w,2230,0,,,True,,8378=,8378,8221.0,160,True,False,,OlimpBase historical FIDE list,C:\chenxi\bazi_project\chess\Elo199401e.html,,8223,"https://olimpbase.org/Elo/player/K/Khorovets,%20Elmira.html","Khorovets-Aiedinova, Elmira",6 July 1963,1963-07-06,13500414,exact_anchor,1963-07-06,olimpbase_profile_fills_missing,False,13500414,Q28479299,1963-07-06,11,1963-07-06,agree,1963-07-06,olimpbase_profile_fills_missing,False,1963-07-06,sensitivity_same_as_primary,False,,,F,157,-0.8161682067830007,0.2
1994-01,OlimpBase historical FIDE list,C:\chenxi\bazi_project\chess\Elo199401e.html,4119037,"Krasenkova, Ilena",,RUS,F,w,2230,10,1961-06-06,1961.06.06,True,,8281=,8281,8221.0,160,True,False,,OlimpBase historical FIDE list,C:\chenxi\bazi_project\chess\Elo199401e.html,,8223,"https://olimpbase.org/Elo/player/K/Krasenkova,%20Ilena.html","Krasenkova, Ilena",6 June 1961,1961-06-06,4119037,exact_anchor,1961-06-06,olimpbase_profile_confirms_1994_row,False,4119037,Q27598035,1961-06-06,11,1961-06-06,agree,1961-06-06,olimpbase_profile_confirms_1994_row,False,1961-06-06,sensitivity_same_as_primary,False,,,F,157,-0.8161682067830007,0.2
1994-01,OlimpBase historical FIDE list,C:\chenxi\bazi_project\chess\Elo199401e.html,2006723,"Levitan, Yuliya",wm,USA,F,w,2230,19,1973-06-12,1973.06.12,True,,8233=,8233,8221.0,160,True,False,,OlimpBase historical FIDE list,C:\chenxi\bazi_project\chess\Elo199401e.html,,8223,"https://olimpbase.org/Elo/player/L/Levitan,%20Julia.html","Levitan, Yuliya",12 June 1973,1973-06-12,2006723,exact_anchor,1973-06-12,olimpbase_profile_confirms_1994_row,False,2006723,Q27597931,1973-06-12,11,1973-06-12,agree,1973-06-12,olimpbase_profile_confirms_1994_row,False,1973-06-12,sensitivity_same_as_primary,False,,,F,157,-0.8161682067830007,0.2
1994-01,OlimpBase historical FIDE list,C:\chenxi\bazi_project\chess\Elo199401e.html,8600562,"Liang, Zhihua",wf,CHN,F,w,2230,0,,,True,,8378=,8378,8221.0,160,True,False,,OlimpBase historical FIDE list,C:\chenxi\bazi_project\chess\Elo199401e.html,,8223,"https://olimpbase.org/Elo/player/L/Liang,%20Zhihua.html","Liang, Zhihua",,,8600562,exact_anchor,,profile_no_exact_dob:unparsed_profile_dob,True,8600562,Q27598358,1970-11-13,11,1970-11-13,,1970-11-13,wikidata_via_olimpbase_modern_id_filled,False,1970-11-13,sensitivity_same_as_primary,False,,,F,157,-0.8161682067830007,0.2
1994-01,OlimpBase historical FIDE list,C:\chenxi\bazi_project\chess\Elo199401e.html,8600279,"Liu, Shilan",wg,CHN,F,w,2230,0,1962-01-24,1962.01.24,True,,8378=,8378,8221.0,160,True,False,,OlimpBase historical FIDE list,C:\chenxi\bazi_project\chess\Elo199401e.html,,8223,"https://olimpbase.org/Elo/player/L/Liu,%20Shilan.html","Liu, Shilan",24 January 1962,1962-01-24,8600279,exact_anchor,1962-01-24,olimpbase_profile_confirms_1994_row,False,8600279,Q428450,1962-01-24,11,1962-01-24,agree,1962-01-24,olimpbase_profile_confirms_1994_row,False,1962-01-24,sensitivity_same_as_primary,False,,,F,157,-0.8161682067830007,0.2
1994-01,OlimpBase historical FIDE list,C:\chenxi\bazi_project\chess\Elo199401e.html,909564,"Petrovic, Marija",wm,YUG,F,w,2230,38,1953-08-29,1953.08.29,True,,8222,8222,8221.0,160,True,False,,OlimpBase historical FIDE list,C:\chenxi\bazi_project\chess\Elo199401e.html,,8223,"https://olimpbase.org/Elo/player/P/Petrovic,%20Marija.html","Petrovic, Marija",29 August 1953,1953-08-29,909564,exact_anchor,1953-08-29,olimpbase_profile_confirms_1994_row,False,909564,Q24958423,1953-08-29,11,1953-08-29,agree,1953-08-29,olimpbase_profile_confirms_1994_row,False,1953-08-29,sensitivity_same_as_primary,False,,,F,157,-0.8161682067830007,0.2
1994-01,OlimpBase historical FIDE list,C:\chenxi\bazi_project\chess\Elo199401e.html,14501740,"Puljek, Zorica",wm,CRO,F,w,2230,5,,,True,,8321=,8321,8221.0,160,True,False,,OlimpBase historical FIDE list,C:\chenxi\bazi_project\chess\Elo199401e.html,,8223,"https://olimpbase.org/Elo/player/P/Puljek,%20Zorica.html","Puljek-Salai, Zorica",1 May 1965,1965-05-01,14501740,exact_anchor,1965-05-01,olimpbase_profile_fills_missing,False,14501740,Q27597877,1965-05-01,11,1965-05-01,agree,1965-05-01,olimpbase_profile_fills_missing,False,1965-05-01,sensitivity_same_as_primary,False,,,F,157,-0.8161682067830007,0.2
1994-01,OlimpBase historical FIDE list,C:\chenxi\bazi_project\chess\Elo199401e.html,910619,"Strizak, Natasa",wf,YUG,F,w,2230,5,1973-06-09,1973.06.09,True,,8321=,8321,8221.0,160,True,False,,OlimpBase historical FIDE list,C:\chenxi\bazi_project\chess\Elo199401e.html,,8223,"https://olimpbase.org/Elo/player/S/Strizak,%20Natasa.html","Strizak, Natasa",9 June 1973,1973-06-09,910619,exact_anchor,1973-06-09,olimpbase_profile_confirms_1994_row,False,910619,Q28481144,1973-06-09,11,1973-06-09,agree,1973-06-09,olimpbase_profile_confirms_1994_row,False,1973-06-09,sensitivity_same_as_primary,False,,,F,157,-0.8161682067830007,0.2
1994-01,OlimpBase historical FIDE list,C:\chenxi\bazi_project\chess\Elo199401e.html,11600233,"Voronova, Tatiana",wm,LAT,F,w,2230,12,1955-12-24,1955.12.24,True,,8258=,8258,8221.0,160,True,False,,OlimpBase historical FIDE list,C:\chenxi\bazi_project\chess\Elo199401e.html,,8223,"https://olimpbase.org/Elo/player/V/Voronova,%20Tatiana.html","Voronova, Tatiana",24 December 1955,1955-12-24,11600233,exact_anchor,1955-12-24,olimpbase_profile_confirms_1994_row,False,11600233,Q6112662,1955-12-24,11,1955-12-24,agree,1955-12-24,olimpbase_profile_confirms_1994_row,False,1955-12-24,sensitivity_same_as_primary,False,,,F,157,-0.8161682067830007,0.2
1994-01,OlimpBase historical FIDE list,C:\chenxi\bazi_project\chess\Elo199401e.html,13500210,"Eidelson, Rakhil",wm,BLR,F,w,2225,45,1958-11-14,1958.11.14,True,,8536,8536,8535.0,178,True,False,,OlimpBase historical FIDE list,C:\chenxi\bazi_project\chess\Elo199401e.html,,8537,"https://olimpbase.org/Elo/player/E/Eidelson,%20Raiga.html","Eidelson, Rakhil",14 November 1958,1958-11-14,13500210,exact_anchor,1958-11-14,olimpbase_profile_confirms_1994_row,False,13500210,Q2064246,1958-11-14,11,1958-11-14,agree,1958-11-14,olimpbase_profile_confirms_1994_row,False,1958-11-14,sensitivity_same_as_primary,False,,,F,174,-0.8863608213198448,0.11282051282051282
1994-01,OlimpBase historical FIDE list,C:\chenxi\bazi_project\chess\Elo199401e.html,306088,"Hallerova, Eva",,CZE,F,w,2225,0,,,True,,8675=,8675,8535.0,178,True,False,,OlimpBase historical FIDE list,C:\chenxi\bazi_project\chess\Elo199401e.html,,8537,"https://olimpbase.org/Elo/player/H/Hallerova,%20Eva.html","Hallerova, Eva",,,306088,exact_anchor,,profile_no_exact_dob:unparsed_profile_dob,True,306088,,,,,,,no_wikidata_match_on_modern_id,True,1975-08-19,sensitivity_manual_nonconflicting_fill,False,2.0,Czech Chess Federation historical rating list gives 19 Aug 1975.,F,174,-0.8863608213198448,0.11282051282051282
1994-01,OlimpBase historical FIDE list,C:\chenxi\bazi_project\chess\Elo199401e.html,1400720,"Hoiberg, Nina",wm,DEN,F,w,2225,16,1956-02-17,1956.02.17,True,,8552,8552,8535.0,178,True,False,,OlimpBase historical FIDE list,C:\chenxi\bazi_project\chess\Elo199401e.html,,8537,"https://olimpbase.org/Elo/player/H/Hoiberg,%20Nina.html","Hoiberg, Nina",17 February 1956,1956-02-17,1400720,exact_anchor,1956-02-17,olimpbase_profile_confirms_1994_row,False,1400720,Q11792290,1956-02-17,11,1956-02-17,agree,1956-02-17,olimpbase_profile_confirms_1994_row,False,1956-02-17,sensitivity_same_as_primary,False,,,F,174,-0.8863608213198448,0.11282051282051282
1994-01,OlimpBase historical FIDE list,C:\chenxi\bazi_project\chess\Elo199401e.html,909181,"Ivkovic, Staka",,YUG,F,w,2225,0,,,True,,8675=,8675,8535.0,178,True,False,,OlimpBase historical FIDE list,C:\chenxi\bazi_project\chess\Elo199401e.html,,8537,"https://olimpbase.org/Elo/player/C/Cvetkovic,%20Staka.html","Ivkovic, Staka",,,909181,exact_anchor,,profile_no_exact_dob:unparsed_profile_dob,True,909181,Q28481119,1959-10-14,11,1959-10-14,,1959-10-14,wikidata_via_olimpbase_modern_id_filled,False,1959-10-14,sensitivity_same_as_primary,False,,,F,174,-0.8863608213198448,0.11282051282051282
1994-01,OlimpBase historical FIDE list,C:\chenxi\bazi_project\chess\Elo199401e.html,2902370,"Koen, Maja",wm,BUL,F,w,2225,32,1973-04-21,1973.04.21,True,,8538,8538,8535.0,178,True,False,,OlimpBase historical FIDE list,C:\chenxi\bazi_project\chess\Elo199401e.html,,8537,"https://olimpbase.org/Elo/player/K/Koen,%20Maja.html","Koen, Maja",21 April 1973,1973-04-21,2902370,exact_anchor,1973-04-21,olimpbase_profile_confirms_1994_row,False,2902370,Q11766372,1973-04-21,11,1973-04-21,agree,1973-04-21,olimpbase_profile_confirms_1994_row,False,1973-04-21,sensitivity_same_as_primary,False,,,F,174,-0.8863608213198448,0.11282051282051282
1994-01,OlimpBase historical FIDE list,C:\chenxi\bazi_project\chess\Elo199401e.html,2801035,"Kristol, Luba",wm,ISR,F,w,2225,0,1944-05-26,1944.05.26,True,,8675=,8675,8535.0,178,True,False,,OlimpBase historical FIDE list,C:\chenxi\bazi_project\chess\Elo199401e.html,,8537,"https://olimpbase.org/Elo/player/K/Kristol,%20Luba.html","Kristol, Luba",26 May 1944,1944-05-26,2801035,exact_anchor,1944-05-26,olimpbase_profile_confirms_1994_row,False,2801035,Q2424437,1944-05-26,11,1944-05-26,agree,1944-05-26,olimpbase_profile_confirms_1994_row,False,1944-05-26,sensitivity_same_as_primary,False,,,F,174,-0.8863608213198448,0.11282051282051282
1994-01,OlimpBase historical FIDE list,C:\chenxi\bazi_project\chess\Elo199401e.html,14100738,"Mutchnik, Larisa",wf,UKR,F,w,2225,15,1956-07-31,1956.07.31,True,,8554=,8554,8535.0,178,True,False,,OlimpBase historical FIDE list,C:\chenxi\bazi_project\chess\Elo199401e.html,,8537,"https://olimpbase.org/Elo/player/M/Mutchnik,%20Larisa.html","Mutchnik, Larisa",31 July 1956,1956-07-31,14100738,exact_anchor,1956-07-31,olimpbase_profile_confirms_1994_row,False,14100738,Q15074546,1956-07-31,11,1956-07-31,agree,1956-07-31,olimpbase_profile_confirms_1994_row,False,1956-07-31,sensitivity_same_as_primary,False,,,F,174,-0.8863608213198448,0.11282051282051282
1994-01,OlimpBase historical FIDE list,C:\chenxi\bazi_project\chess\Elo199401e.html,11600217,"Priedite, Ingrida",,LAT,F,w,2225,0,1954-03-13,1954.03.13,True,,8675=,8675,8535.0,178,True,False,,OlimpBase historical FIDE list,C:\chenxi\bazi_project\chess\Elo199401e.html,,8537,"https://olimpbase.org/Elo/player/P/Priedite,%20Ingrida.html","Priedite, Ingrida",13 March 1954,1954-03-13,11600217,exact_anchor,1954-03-13,olimpbase_profile_confirms_1994_row,False,11600217,Q6033380,1954-03-13,11,1954-03-13,agree,1954-03-13,olimpbase_profile_confirms_1994_row,False,1954-03-13,sensitivity_same_as_primary,False,,,F,174,-0.8863608213198448,0.11282051282051282
1994-01,OlimpBase historical FIDE list,C:\chenxi\bazi_project\chess\Elo199401e.html,1104446,"Sadkiewicz, Joanna",wm,POL,F,w,2225,15,1966-10-01,1966.10.01,True,,8554=,8554,8535.0,178,True,False,,OlimpBase historical FIDE list,C:\chenxi\bazi_project\chess\Elo199401e.html,,8537,"https://olimpbase.org/Elo/player/J/Jagodzinska,%20Joanna.html","Sadkiewicz, Joanna",1 October 1966,1966-10-01,1104446,exact_anchor,1966-10-01,olimpbase_profile_confirms_1994_row,False,1104446,Q11727517,1966-01-01,11,1966-01-01,disagree,1966-10-01,olimpbase_profile_confirms_1994_row,False,1966-01-01,sensitivity_manual_adjudicated_conflict,True,3.0,Modern biography gives 1 Jan 1966; old OlimpBase 1 Oct is rejected.,F,174,-0.8863608213198448,0.11282051282051282
1994-01,OlimpBase historical FIDE list,C:\chenxi\bazi_project\chess\Elo199401e.html,4107284,"Sitnikova, Nina",wm,RUS,F,w,2225,0,1964-09-19,1964.09.19,True,,8675=,8675,8535.0,178,True,False,,OlimpBase historical FIDE list,C:\chenxi\bazi_project\chess\Elo199401e.html,,8537,"https://olimpbase.org/Elo/player/S/Sitnikova,%20Nina.html","Sirotkina, Nina",19 September 1964,1964-09-19,4107284,exact_anchor,1964-09-19,olimpbase_profile_confirms_1994_row,False,4107284,Q13398873,1964-09-19,11,1964-09-19,agree,1964-09-19,olimpbase_profile_confirms_1994_row,False,1964-09-19,sensitivity_same_as_primary,False,,,F,174,-0.8863608213198448,0.11282051282051282
1994-01,OlimpBase historical FIDE list,C:\chenxi\bazi_project\chess\Elo199401e.html,14101521,"Vidoniak, Natali",,UKR,F,w,2225,0,,,True,,8675=,8675,8535.0,178,True,False,,OlimpBase historical FIDE list,C:\chenxi\bazi_project\chess\Elo199401e.html,,8537,"https://olimpbase.org/Elo/player/V/Vidoniak,%20Natali.html","Vidonyak, Nellya",30 July 1971,1971-07-30,4637330,exact_anchor,1971-07-30,olimpbase_profile_fills_missing,False,4637330,Q27598307,1971-07-30,11,1971-07-30,agree,1971-07-30,olimpbase_profile_fills_missing,False,1971-07-30,sensitivity_same_as_primary,False,,,F,174,-0.8863608213198448,0.11282051282051282
1994-01,OlimpBase historical FIDE list,C:\chenxi\bazi_project\chess\Elo199401e.html,8600570,"Xiao, Hong",,CHN,F,w,2225,0,,,True,,8675=,8675,8535.0,178,True,False,,OlimpBase historical FIDE list,C:\chenxi\bazi_project\chess\Elo199401e.html,,8537,"https://olimpbase.org/Elo/player/X/Xiao,%20Hong.html","Xiao, Hong",,,8600570,exact_anchor,,profile_no_exact_dob:unparsed_profile_dob,True,8600570,,,,,,,no_wikidata_match_on_modern_id,True,1967-12-15,sensitivity_manual_nonconflicting_fill,False,2.0,Official FIDE International Arbiter application/annex gives 15 Dec 1967.,F,174,-0.8863608213198448,0.11282051282051282
1994-01,OlimpBase historical FIDE list,C:\chenxi\bazi_project\chess\Elo199401e.html,704377,"Zimmersmann, Rita",wm,HUN,F,w,2225,2,1969-12-25,1969.12.25,True,,8647=,8647,8535.0,178,True,False,,OlimpBase historical FIDE list,C:\chenxi\bazi_project\chess\Elo199401e.html,,8537,"https://olimpbase.org/Elo/player/Z/Zimmersmann,%20Rita.html","Zimmersmann, Rita",25 December 1969,1969-12-25,704377,exact_anchor,1969-12-25,olimpbase_profile_confirms_1994_row,False,704377,,,,,,1969-12-25,olimpbase_profile_confirms_1994_row,False,1969-12-25,sensitivity_same_as_primary,False,,,F,174,-0.8863608213198448,0.11282051282051282
1994-01,OlimpBase historical FIDE list,C:\chenxi\bazi_project\chess\Elo199401e.html,1201565,"Botan, Madalina",wm,ROM,F,w,2220,1,1968-10-15,1968.10.15,True,,8960=,8960,8837.0,192,True,False,,OlimpBase historical FIDE list,C:\chenxi\bazi_project\chess\Elo199401e.html,,8839,"https://olimpbase.org/Elo/player/B/Botan,%20Madalina.html","Stroe, Madalina",15 October 1968,1968-10-15,609544,exact_anchor,1968-10-15,olimpbase_profile_confirms_1994_row,False,609544,Q27598391,1968-10-15,11,1968-10-15,agree,1968-10-15,olimpbase_profile_confirms_1994_row,False,1968-10-15,sensitivity_same_as_primary,False,,,F,187,-0.956553435856689,0.046153846153846156
1994-01,OlimpBase historical FIDE list,C:\chenxi\bazi_project\chess\Elo199401e.html,301868,"Hajkova-Maskova, Jana",wm,CZE,F,w,2220,10,1964-05-26,1964.05.26,True,,8878,8878,8837.0,192,True,False,,OlimpBase historical FIDE list,C:\chenxi\bazi_project\chess\Elo199401e.html,,8839,"https://olimpbase.org/Elo/player/H/Hajkova,%20Jana.html","Hajkova-Maskova, Jana",26 May 1964,1964-05-26,301868,exact_anchor,1964-05-26,olimpbase_profile_confirms_1994_row,False,301868,Q11719702,1964-05-26,11,1964-05-26,agree,1964-05-26,olimpbase_profile_confirms_1994_row,False,1964-05-26,sensitivity_same_as_primary,False,,,F,187,-0.956553435856689,0.046153846153846156
1994-01,OlimpBase historical FIDE list,C:\chenxi\bazi_project\chess\Elo199401e.html,12800236,"Turauskiene, Renata",,LTU,F,w,2220,0,1969-02-23,1969.02.23,True,,8967=,8967,8837.0,192,True,False,,OlimpBase historical FIDE list,C:\chenxi\bazi_project\chess\Elo199401e.html,,8839,"https://olimpbase.org/Elo/player/T/Turauskiene,%20Renata.html","Turauskiene, Renata",23 February 1969,1969-02-23,12800236,exact_anchor,1969-02-23,olimpbase_profile_confirms_1994_row,False,12800236,Q2143304,1969-02-23,11,1969-02-23,agree,1969-02-23,olimpbase_profile_confirms_1994_row,False,1969-02-23,sensitivity_same_as_primary,False,,,F,187,-0.956553435856689,0.046153846153846156
1994-01,OlimpBase historical FIDE list,C:\chenxi\bazi_project\chess\Elo199401e.html,1002627,"Bos-Swiecik, Iwona",wm,NED,F,w,2215,18,1958-11-24,1958.11.24,True,,9106,9106,9096.0,195,True,False,,OlimpBase historical FIDE list,C:\chenxi\bazi_project\chess\Elo199401e.html,,9098,"https://olimpbase.org/Elo/player/S/Swiecik,%20Iwona.html","Bos-Swiecik, Iwona",24 November 1958,1958-11-24,1002627,exact_anchor,1958-11-24,olimpbase_profile_confirms_1994_row,False,1002627,Q2003785,1958-11-24,11,1958-11-24,agree,1958-11-24,olimpbase_profile_confirms_1994_row,False,1958-11-24,sensitivity_same_as_primary,False,,,F,190,-1.026746050393533,0.03076923076923077
1994-01,OlimpBase historical FIDE list,C:\chenxi\bazi_project\chess\Elo199401e.html,2903970,"Dojkova, Galina",,BUL,F,w,2215,14,1969-04-18,1969.04.18,True,,9116,9116,9096.0,195,True,False,,OlimpBase historical FIDE list,C:\chenxi\bazi_project\chess\Elo199401e.html,,9098,"https://olimpbase.org/Elo/player/D/Dojkova,%20Galina.html","Dojkova, Galina",18 April 1969,1969-04-18,2903970,exact_anchor,1969-04-18,olimpbase_profile_confirms_1994_row,False,2903970,,,,,,1969-04-18,olimpbase_profile_confirms_1994_row,False,1969-04-18,sensitivity_same_as_primary,False,,,F,190,-1.026746050393533,0.03076923076923077
1994-01,OlimpBase historical FIDE list,C:\chenxi\bazi_project\chess\Elo199401e.html,13600354,"Kasoshvili, Tsiala",wm,GEO,F,w,2215,1,1963-09-01,1963.09.01,True,,9204=,9204,9096.0,195,True,False,,OlimpBase historical FIDE list,C:\chenxi\bazi_project\chess\Elo199401e.html,,9098,"https://olimpbase.org/Elo/player/K/Kasoshvili,%20Tsiala.html","Kasoshvili, Tsiala",1 September 1963,1963-09-01,13600354,exact_anchor,1963-09-01,olimpbase_profile_confirms_1994_row,False,13600354,Q15068443,1963-09-01,11,1963-09-01,agree,1963-09-01,olimpbase_profile_confirms_1994_row,False,1963-09-01,sensitivity_same_as_primary,False,,,F,190,-1.026746050393533,0.03076923076923077
1994-01,OlimpBase historical FIDE list,C:\chenxi\bazi_project\chess\Elo199401e.html,1201573,"Muresan-Juncu, Margareta",wg,ROM,F,w,2215,0,1950-03-13,1950.03.13,True,,9213=,9213,9096.0,195,True,False,,OlimpBase historical FIDE list,C:\chenxi\bazi_project\chess\Elo199401e.html,,9098,"https://olimpbase.org/Elo/player/M/Muresan-Juncu,%20Margareta.html","Muresan-Juncu, Margareta",13 March 1950,1950-03-13,1201573,exact_anchor,1950-03-13,olimpbase_profile_confirms_1994_row,False,1201573,Q1894922,1950-03-13,11,1950-03-13,agree,1950-03-13,olimpbase_profile_confirms_1994_row,False,1950-03-13,sensitivity_same_as_primary,False,,,F,190,-1.026746050393533,0.03076923076923077
1994-01,OlimpBase historical FIDE list,C:\chenxi\bazi_project\chess\Elo199401e.html,14101670,"Pastivnychna, Zorjana",,UKR,F,w,2215,0,1962-03-03,1962.03.03,True,,9213=,9213,9096.0,195,True,False,,OlimpBase historical FIDE list,C:\chenxi\bazi_project\chess\Elo199401e.html,,9098,"https://olimpbase.org/Elo/player/P/Pastivnychna,%20Zorjana.html","Pastivnychna, Zorjana",3 March 1962,1962-03-03,14101670,exact_anchor,1962-03-03,olimpbase_profile_confirms_1994_row,False,14101670,Q28479362,1962-01-01,9,,,1962-03-03,olimpbase_profile_confirms_1994_row,False,1962-03-03,sensitivity_same_as_primary,False,,,F,190,-1.026746050393533,0.03076923076923077
1994-01,OlimpBase historical FIDE list,C:\chenxi\bazi_project\chess\Elo199401e.html,4616227,"Werner, Veronika",,GER,F,w,2215,25,1976-06-23,1976.06.23,True,,9098,9098,9096.0,195,True,False,,OlimpBase historical FIDE list,C:\chenxi\bazi_project\chess\Elo199401e.html,,9098,"https://olimpbase.org/Elo/player/W/Werner,%20Veronika.html","Werner, Veronika",23 June 1976,1976-06-23,4616227,exact_anchor,1976-06-23,olimpbase_profile_confirms_1994_row,False,4616227,Q26898382,1976-06-23,11,1976-06-23,agree,1976-06-23,olimpbase_profile_confirms_1994_row,False,1976-06-23,sensitivity_same_as_primary,False,,,F,190,-1.026746050393533,0.03076923076923077
1994-01,OlimpBase historical FIDE list,C:\chenxi\bazi_project\chess\Elo199401e.html,8600546,"Zhu, Chen",,CHN,F,w,2215,0,,,True,,9213=,9213,9096.0,195,True,False,,OlimpBase historical FIDE list,C:\chenxi\bazi_project\chess\Elo199401e.html,,9098,"https://olimpbase.org/Elo/player/Z/Zhu,%20Chen.html","Zhu, Chen",16 March 1976,1976-03-16,8600546,exact_anchor,1976-03-16,olimpbase_profile_fills_missing,False,8600546,Q198104,1976-03-13,11,1976-03-13,disagree,1976-03-16,olimpbase_profile_fills_missing,False,1976-03-13,sensitivity_manual_adjudicated_conflict,True,2.0,Current modern chess biographies converge on 13 Mar 1976; old historical list/profile 16 Mar is retained in provenance but rejected for the final DOB.,F,190,-1.026746050393533,0.03076923076923077
