date,n_people,Business/Entrepreneurship__n,Business/Entrepreneurship__pct,Film/TV/Acting__n,Film/TV/Acting__pct,Games/Esports__n,Games/Esports__pct,Law__n,Law__pct,Medicine/Health__n,Medicine/Health__pct,Music__n,Music__pct,Politics/Government__n,Politics/Government__pct,Religion__n,Religion__pct,Science/Academia/Engineering__n,Science/Academia/Engineering__pct,Sports athlete/player__n,Sports athlete/player__pct,Visual arts/Design__n,Visual arts/Design__pct,Writing/Journalism__n,Writing/Journalism__pct,year_pillar,month_pillar,day_pillar,year_stem,year_branch,month_stem,month_branch,day_stem,day_branch,pillar_transition_ambiguous,DAY_STEM_COMBINE_YEAR,DAY_STEM_COMBINE_MONTH,DAY_STEM_COMBINE,DAY_STEM_COMBINE_TARGET,DAY_BRANCH_HALF_TRINE_YEAR,DAY_BRANCH_HALF_TRINE_MONTH,DAY_BRANCH_HALF_TRINE,DAY_BRANCH_HALF_TRINE_TARGET,DAY_BRANCH_LIUHE_YEAR,DAY_BRANCH_LIUHE_MONTH,DAY_BRANCH_LIUHE,DAY_BRANCH_LIUHE_TARGET,DAY_BRANCH_CHONG_YEAR,DAY_BRANCH_CHONG_MONTH,DAY_BRANCH_CHONG,DAY_BRANCH_CHONG_TARGET,DAY_BRANCH_XING,DAY_BRANCH_XING_TARGET,DAY_BRANCH_HAI,DAY_BRANCH_HAI_TARGET,DAY_BRANCH_XING_HAI,STEM_COMBINE_AND_HALF_TRINE,HARMONY_ANY,CONFLICT_ANY,HARMONY_AND_CONFLICT,RELATION_SCORE,gregorian_month,weekday
1986-01-01,92,1,1.0869565217391304,9,9.782608695652174,0,0.0,1,1.0869565217391304,0,0.0,9,9.782608695652174,8,8.695652173913043,0,0.0,0,0.0,63,68.47826086956522,1,1.0869565217391304,1,1.0869565217391304,乙丑,戊子,乙巳,乙,丑,戊,子,乙,巳,False,False,False,False,,True,False,True,year,False,False,False,,False,False,False,,False,,False,,False,False,True,False,False,1,1,Wednesday
1986-01-02,45,0,0.0,4,8.88888888888889,0,0.0,0,0.0,0,0.0,1,2.2222222222222223,2,4.444444444444445,0,0.0,0,0.0,35,77.77777777777777,0,0.0,1,2.2222222222222223,乙丑,戊子,丙午,乙,丑,戊,子,丙,午,False,False,False,False,,False,False,False,,False,False,False,,False,True,True,month,False,,True,year,True,False,False,True,False,2,1,Thursday
1986-01-03,54,0,0.0,2,3.703703703703704,1,1.851851851851852,0,0.0,1,1.851851851851852,3,5.555555555555555,1,1.851851851851852,0,0.0,0,0.0,43,79.62962962962963,0,0.0,1,1.851851851851852,乙丑,戊子,丁未,乙,丑,戊,子,丁,未,False,False,False,False,,False,False,False,,False,False,False,,True,False,True,year,True,year,True,month,True,False,False,True,False,3,1,Friday
1986-01-04,58,0,0.0,7,12.06896551724138,1,1.7241379310344829,0,0.0,0,0.0,5,8.620689655172415,4,6.896551724137931,0,0.0,0,0.0,39,67.24137931034483,0,0.0,1,1.7241379310344829,乙丑,戊子,戊申,乙,丑,戊,子,戊,申,False,False,False,False,,False,True,True,month,False,False,False,,False,False,False,,False,,False,,False,False,True,False,False,1,1,Saturday
1986-01-05,38,0,0.0,2,5.2631578947368425,0,0.0,1,2.631578947368421,0,0.0,4,10.526315789473683,1,2.631578947368421,0,0.0,0,0.0,31,81.57894736842105,0,0.0,0,0.0,乙丑,戊子,己酉,乙,丑,戊,子,己,酉,False,False,False,False,,True,False,True,year,False,False,False,,False,False,False,,False,,False,,False,False,True,False,False,1,1,Sunday
1986-01-06,63,0,0.0,9,14.285714285714286,0,0.0,1,1.5873015873015872,0,0.0,6,9.523809523809524,2,3.1746031746031744,0,0.0,0,0.0,41,65.07936507936508,1,1.5873015873015872,3,4.761904761904762,乙丑,己丑,庚戌,乙,丑,己,丑,庚,戌,False,True,False,True,year,False,False,False,,False,False,False,,False,False,False,,True,year+month,False,,True,False,True,True,True,2,1,Monday
1986-01-07,54,0,0.0,4,7.407407407407407,0,0.0,1,1.851851851851852,0,0.0,4,7.407407407407407,2,3.703703703703704,0,0.0,0,0.0,39,72.22222222222223,1,1.851851851851852,2,3.703703703703704,乙丑,己丑,辛亥,乙,丑,己,丑,辛,亥,False,False,False,False,,False,False,False,,False,False,False,,False,False,False,,False,,False,,False,False,False,False,False,0,1,Tuesday
1986-01-08,55,0,0.0,8,14.545454545454543,1,1.818181818181818,0,0.0,0,0.0,4,7.272727272727272,3,5.454545454545454,0,0.0,0,0.0,35,63.63636363636363,0,0.0,2,3.636363636363636,乙丑,己丑,壬子,乙,丑,己,丑,壬,子,False,False,False,False,,False,False,False,,True,True,True,year+month,False,False,False,,False,,False,,False,False,True,False,False,1,1,Wednesday
1986-01-09,40,0,0.0,2,5.0,0,0.0,0,0.0,0,0.0,3,7.5,1,2.5,0,0.0,2,5.0,27,67.5,0,0.0,0,0.0,乙丑,己丑,癸丑,乙,丑,己,丑,癸,丑,False,False,False,False,,False,False,False,,False,False,False,,False,False,False,,False,,False,,False,False,False,False,False,0,1,Thursday
1986-01-10,50,0,0.0,6,12.0,0,0.0,0,0.0,0,0.0,2,4.0,0,0.0,0,0.0,0,0.0,40,80.0,0,0.0,2,4.0,乙丑,己丑,甲寅,乙,丑,己,丑,甲,寅,False,False,True,True,month,False,False,False,,False,False,False,,False,False,False,,False,,False,,False,False,True,False,False,1,1,Friday
1986-01-11,44,1,2.272727272727273,4,9.090909090909092,0,0.0,0,0.0,0,0.0,4,9.090909090909092,2,4.545454545454546,0,0.0,1,2.272727272727273,29,65.9090909090909,2,4.545454545454546,0,0.0,乙丑,己丑,乙卯,乙,丑,己,丑,乙,卯,False,False,False,False,,False,False,False,,False,False,False,,False,False,False,,False,,False,,False,False,False,False,False,0,1,Saturday
1986-01-12,39,0,0.0,4,10.256410256410255,0,0.0,0,0.0,0,0.0,3,7.6923076923076925,3,7.6923076923076925,0,0.0,1,2.5641025641025643,25,64.1025641025641,2,5.128205128205129,0,0.0,乙丑,己丑,丙辰,乙,丑,己,丑,丙,辰,False,False,False,False,,False,False,False,,False,False,False,,False,False,False,,False,,False,,False,False,False,False,False,0,1,Sunday
1986-01-13,46,0,0.0,2,4.3478260869565215,1,2.1739130434782608,0,0.0,0,0.0,1,2.1739130434782608,1,2.1739130434782608,0,0.0,1,2.1739130434782608,36,78.26086956521739,0,0.0,1,2.1739130434782608,乙丑,己丑,丁巳,乙,丑,己,丑,丁,巳,False,False,False,False,,True,True,True,year+month,False,False,False,,False,False,False,,False,,False,,False,False,True,False,False,1,1,Monday
1986-01-14,61,2,3.278688524590164,6,9.836065573770492,0,0.0,0,0.0,0,0.0,4,6.557377049180328,2,3.278688524590164,0,0.0,1,1.639344262295082,47,77.04918032786885,0,0.0,1,1.639344262295082,乙丑,己丑,戊午,乙,丑,己,丑,戊,午,False,False,False,False,,False,False,False,,False,False,False,,False,False,False,,False,,True,year+month,True,False,False,True,False,1,1,Tuesday
1986-01-15,56,0,0.0,2,3.571428571428572,1,1.7857142857142858,0,0.0,0,0.0,2,3.571428571428572,1,1.7857142857142858,0,0.0,0,0.0,45,80.35714285714286,0,0.0,0,0.0,乙丑,己丑,己未,乙,丑,己,丑,己,未,False,False,False,False,,False,False,False,,False,False,False,,True,True,True,year+month,True,year+month,False,,True,False,False,True,False,2,1,Wednesday
1986-01-16,60,0,0.0,1,1.6666666666666667,0,0.0,0,0.0,0,0.0,5,8.333333333333334,4,6.666666666666667,0,0.0,0,0.0,49,81.66666666666667,0,0.0,0,0.0,乙丑,己丑,庚申,乙,丑,己,丑,庚,申,False,True,False,True,year,False,False,False,,False,False,False,,False,False,False,,False,,False,,False,False,True,False,False,1,1,Thursday
1986-01-17,47,0,0.0,6,12.76595744680851,0,0.0,0,0.0,0,0.0,7,14.893617021276595,2,4.25531914893617,0,0.0,1,2.127659574468085,28,59.57446808510638,2,4.25531914893617,0,0.0,乙丑,己丑,辛酉,乙,丑,己,丑,辛,酉,False,False,False,False,,True,True,True,year+month,False,False,False,,False,False,False,,False,,False,,False,False,True,False,False,1,1,Friday
1986-01-18,44,0,0.0,4,9.090909090909092,0,0.0,0,0.0,0,0.0,3,6.818181818181818,1,2.272727272727273,0,0.0,1,2.272727272727273,32,72.72727272727273,2,4.545454545454546,3,6.818181818181818,乙丑,己丑,壬戌,乙,丑,己,丑,壬,戌,False,False,False,False,,False,False,False,,False,False,False,,False,False,False,,True,year+month,False,,True,False,False,True,False,1,1,Saturday
1986-01-19,43,0,0.0,1,2.3255813953488373,0,0.0,0,0.0,0,0.0,3,6.976744186046512,2,4.651162790697675,0,0.0,0,0.0,33,76.74418604651163,0,0.0,1,2.3255813953488373,乙丑,己丑,癸亥,乙,丑,己,丑,癸,亥,False,False,False,False,,False,False,False,,False,False,False,,False,False,False,,False,,False,,False,False,False,False,False,0,1,Sunday
1986-01-20,48,3,6.25,8,16.666666666666668,0,0.0,1,2.083333333333333,0,0.0,8,16.666666666666668,2,4.166666666666667,0,0.0,0,0.0,29,60.41666666666666,1,2.083333333333333,2,4.166666666666667,乙丑,己丑,甲子,乙,丑,己,丑,甲,子,False,False,True,True,month,False,False,False,,True,True,True,year+month,False,False,False,,False,,False,,False,False,True,False,False,2,1,Monday
1986-01-21,53,0,0.0,4,7.547169811320755,0,0.0,1,1.8867924528301887,0,0.0,6,11.320754716981131,1,1.8867924528301887,0,0.0,0,0.0,40,75.47169811320755,1,1.8867924528301887,0,0.0,乙丑,己丑,乙丑,乙,丑,己,丑,乙,丑,False,False,False,False,,False,False,False,,False,False,False,,False,False,False,,False,,False,,False,False,False,False,False,0,1,Tuesday
1986-01-22,40,0,0.0,3,7.5,0,0.0,0,0.0,0,0.0,6,15.0,1,2.5,0,0.0,1,2.5,27,67.5,1,2.5,1,2.5,乙丑,己丑,丙寅,乙,丑,己,丑,丙,寅,False,False,False,False,,False,False,False,,False,False,False,,False,False,False,,False,,False,,False,False,False,False,False,0,1,Wednesday
1986-01-23,55,0,0.0,4,7.272727272727272,1,1.818181818181818,1,1.818181818181818,0,0.0,1,1.818181818181818,3,5.454545454545454,0,0.0,1,1.818181818181818,39,70.9090909090909,0,0.0,4,7.272727272727272,乙丑,己丑,丁卯,乙,丑,己,丑,丁,卯,False,False,False,False,,False,False,False,,False,False,False,,False,False,False,,False,,False,,False,False,False,False,False,0,1,Thursday
1986-01-24,60,0,0.0,2,3.333333333333333,1,1.6666666666666667,0,0.0,0,0.0,4,6.666666666666667,2,3.333333333333333,0,0.0,0,0.0,47,78.33333333333333,1,1.6666666666666667,2,3.333333333333333,乙丑,己丑,戊辰,乙,丑,己,丑,戊,辰,False,False,False,False,,False,False,False,,False,False,False,,False,False,False,,False,,False,,False,False,False,False,False,0,1,Friday
1986-01-25,46,0,0.0,4,8.695652173913043,0,0.0,2,4.3478260869565215,0,0.0,2,4.3478260869565215,3,6.521739130434782,0,0.0,0,0.0,37,80.43478260869566,0,0.0,1,2.1739130434782608,乙丑,己丑,己巳,乙,丑,己,丑,己,巳,False,False,False,False,,True,True,True,year+month,False,False,False,,False,False,False,,False,,False,,False,False,True,False,False,1,1,Saturday
1986-01-26,44,1,2.272727272727273,7,15.909090909090908,0,0.0,0,0.0,0,0.0,4,9.090909090909092,2,4.545454545454546,0,0.0,1,2.272727272727273,30,68.18181818181819,1,2.272727272727273,1,2.272727272727273,乙丑,己丑,庚午,乙,丑,己,丑,庚,午,False,True,False,True,year,False,False,False,,False,False,False,,False,False,False,,False,,True,year+month,True,False,True,True,True,2,1,Sunday
1986-01-27,41,0,0.0,3,7.317073170731708,1,2.4390243902439024,0,0.0,0,0.0,4,9.75609756097561,2,4.878048780487805,0,0.0,2,4.878048780487805,27,65.85365853658537,0,0.0,0,0.0,乙丑,己丑,辛未,乙,丑,己,丑,辛,未,False,False,False,False,,False,False,False,,False,False,False,,True,True,True,year+month,True,year+month,False,,True,False,False,True,False,2,1,Monday
1986-01-28,37,0,0.0,3,8.108108108108109,0,0.0,2,5.405405405405405,0,0.0,1,2.702702702702702,2,5.405405405405405,0,0.0,1,2.702702702702702,30,81.08108108108108,1,2.702702702702702,0,0.0,乙丑,己丑,壬申,乙,丑,己,丑,壬,申,False,False,False,False,,False,False,False,,False,False,False,,False,False,False,,False,,False,,False,False,False,False,False,0,1,Tuesday
1986-01-29,47,2,4.25531914893617,6,12.76595744680851,0,0.0,0,0.0,0,0.0,4,8.51063829787234,1,2.127659574468085,0,0.0,0,0.0,34,72.34042553191489,0,0.0,1,2.127659574468085,乙丑,己丑,癸酉,乙,丑,己,丑,癸,酉,False,False,False,False,,True,True,True,year+month,False,False,False,,False,False,False,,False,,False,,False,False,True,False,False,1,1,Wednesday
1986-01-30,44,0,0.0,3,6.818181818181818,0,0.0,0,0.0,0,0.0,3,6.818181818181818,3,6.818181818181818,0,0.0,0,0.0,31,70.45454545454545,2,4.545454545454546,1,2.272727272727273,乙丑,己丑,甲戌,乙,丑,己,丑,甲,戌,False,False,True,True,month,False,False,False,,False,False,False,,False,False,False,,True,year+month,False,,True,False,True,True,True,2,1,Thursday
1986-01-31,49,1,2.0408163265306123,4,8.16326530612245,1,2.0408163265306123,0,0.0,0,0.0,1,2.0408163265306123,2,4.081632653061225,0,0.0,0,0.0,40,81.63265306122449,0,0.0,1,2.0408163265306123,乙丑,己丑,乙亥,乙,丑,己,丑,乙,亥,False,False,False,False,,False,False,False,,False,False,False,,False,False,False,,False,,False,,False,False,False,False,False,0,1,Friday
1986-02-01,45,0,0.0,6,13.333333333333334,0,0.0,0,0.0,0,0.0,1,2.2222222222222223,1,2.2222222222222223,0,0.0,0,0.0,31,68.88888888888889,3,6.666666666666667,3,6.666666666666667,乙丑,己丑,丙子,乙,丑,己,丑,丙,子,False,False,False,False,,False,False,False,,True,True,True,year+month,False,False,False,,False,,False,,False,False,True,False,False,1,2,Saturday
1986-02-02,47,0,0.0,4,8.51063829787234,0,0.0,0,0.0,0,0.0,3,6.382978723404255,1,2.127659574468085,0,0.0,1,2.127659574468085,33,70.2127659574468,0,0.0,0,0.0,乙丑,己丑,丁丑,乙,丑,己,丑,丁,丑,False,False,False,False,,False,False,False,,False,False,False,,False,False,False,,False,,False,,False,False,False,False,False,0,2,Sunday
1986-02-03,35,0,0.0,2,5.714285714285714,1,2.857142857142857,0,0.0,0,0.0,2,5.714285714285714,1,2.857142857142857,0,0.0,1,2.857142857142857,28,80.0,0,0.0,0,0.0,乙丑,己丑,戊寅,乙,丑,己,丑,戊,寅,False,False,False,False,,False,False,False,,False,False,False,,False,False,False,,False,,False,,False,False,False,False,False,0,2,Monday
1986-02-04,59,0,0.0,6,10.169491525423728,0,0.0,0,0.0,0,0.0,2,3.389830508474576,3,5.084745762711864,0,0.0,0,0.0,41,69.49152542372882,0,0.0,2,3.389830508474576,丙寅,庚寅,己卯,丙,寅,庚,寅,己,卯,True,False,False,False,,False,False,False,,False,False,False,,False,False,False,,False,,False,,False,False,False,False,False,0,2,Tuesday
1986-02-05,58,1,1.7241379310344829,5,8.620689655172415,0,0.0,0,0.0,0,0.0,6,10.344827586206897,1,1.7241379310344829,0,0.0,0,0.0,43,74.13793103448276,1,1.7241379310344829,1,1.7241379310344829,丙寅,庚寅,庚辰,丙,寅,庚,寅,庚,辰,False,False,False,False,,False,False,False,,False,False,False,,False,False,False,,False,,False,,False,False,False,False,False,0,2,Wednesday
1986-02-06,38,0,0.0,3,7.894736842105263,0,0.0,0,0.0,0,0.0,1,2.631578947368421,1,2.631578947368421,0,0.0,0,0.0,29,76.3157894736842,0,0.0,0,0.0,丙寅,庚寅,辛巳,丙,寅,庚,寅,辛,巳,False,True,False,True,year,False,False,False,,False,False,False,,False,False,False,,True,year+month,True,year+month,True,False,True,True,True,3,2,Thursday
1986-02-07,54,0,0.0,6,11.11111111111111,0,0.0,0,0.0,1,1.851851851851852,4,7.407407407407407,4,7.407407407407407,0,0.0,0,0.0,38,70.37037037037037,0,0.0,3,5.555555555555555,丙寅,庚寅,壬午,丙,寅,庚,寅,壬,午,False,False,False,False,,True,True,True,year+month,False,False,False,,False,False,False,,False,,False,,False,False,True,False,False,1,2,Friday
1986-02-08,37,1,2.702702702702702,3,8.108108108108109,0,0.0,0,0.0,0,0.0,4,10.81081081081081,0,0.0,0,0.0,0,0.0,25,67.56756756756756,0,0.0,1,2.702702702702702,丙寅,庚寅,癸未,丙,寅,庚,寅,癸,未,False,False,False,False,,False,False,False,,False,False,False,,False,False,False,,False,,False,,False,False,False,False,False,0,2,Saturday
1986-02-09,38,0,0.0,5,13.157894736842104,0,0.0,0,0.0,0,0.0,3,7.894736842105263,0,0.0,0,0.0,0,0.0,25,65.78947368421052,5,13.157894736842104,2,5.2631578947368425,丙寅,庚寅,甲申,丙,寅,庚,寅,甲,申,False,False,False,False,,False,False,False,,False,False,False,,True,True,True,year+month,True,year+month,False,,True,False,False,True,False,2,2,Sunday
1986-02-10,51,1,1.96078431372549,2,3.92156862745098,0,0.0,0,0.0,1,1.96078431372549,1,1.96078431372549,1,1.96078431372549,0,0.0,0,0.0,42,82.3529411764706,0,0.0,0,0.0,丙寅,庚寅,乙酉,丙,寅,庚,寅,乙,酉,False,False,True,True,month,False,False,False,,False,False,False,,False,False,False,,False,,False,,False,False,True,False,False,1,2,Monday
1986-02-11,49,0,0.0,2,4.081632653061225,0,0.0,0,0.0,0,0.0,2,4.081632653061225,2,4.081632653061225,0,0.0,1,2.0408163265306123,38,77.55102040816327,0,0.0,0,0.0,丙寅,庚寅,丙戌,丙,寅,庚,寅,丙,戌,False,False,False,False,,True,True,True,year+month,False,False,False,,False,False,False,,False,,False,,False,False,True,False,False,1,2,Tuesday
1986-02-12,46,0,0.0,5,10.869565217391305,1,2.1739130434782608,0,0.0,0,0.0,2,4.3478260869565215,0,0.0,0,0.0,0,0.0,36,78.26086956521739,0,0.0,0,0.0,丙寅,庚寅,丁亥,丙,寅,庚,寅,丁,亥,False,False,False,False,,False,False,False,,True,True,True,year+month,False,False,False,,False,,False,,False,False,True,False,False,1,2,Wednesday
1986-02-13,47,0,0.0,0,0.0,0,0.0,1,2.127659574468085,0,0.0,2,4.25531914893617,2,4.25531914893617,0,0.0,1,2.127659574468085,38,80.85106382978724,0,0.0,0,0.0,丙寅,庚寅,戊子,丙,寅,庚,寅,戊,子,False,False,False,False,,False,False,False,,False,False,False,,False,False,False,,False,,False,,False,False,False,False,False,0,2,Thursday
1986-02-14,71,0,0.0,7,9.859154929577464,0,0.0,0,0.0,0,0.0,7,9.859154929577464,2,2.816901408450704,0,0.0,1,1.408450704225352,48,67.6056338028169,1,1.408450704225352,3,4.225352112676056,丙寅,庚寅,己丑,丙,寅,庚,寅,己,丑,False,False,False,False,,False,False,False,,False,False,False,,False,False,False,,False,,False,,False,False,False,False,False,0,2,Friday
1986-02-15,46,0,0.0,6,13.043478260869565,1,2.1739130434782608,0,0.0,0,0.0,5,10.869565217391305,0,0.0,0,0.0,0,0.0,32,69.56521739130434,0,0.0,0,0.0,丙寅,庚寅,庚寅,丙,寅,庚,寅,庚,寅,False,False,False,False,,False,False,False,,False,False,False,,False,False,False,,False,,False,,False,False,False,False,False,0,2,Saturday
1986-02-16,43,0,0.0,3,6.976744186046512,0,0.0,0,0.0,0,0.0,1,2.3255813953488373,0,0.0,0,0.0,0,0.0,35,81.3953488372093,0,0.0,1,2.3255813953488373,丙寅,庚寅,辛卯,丙,寅,庚,寅,辛,卯,False,True,False,True,year,False,False,False,,False,False,False,,False,False,False,,False,,False,,False,False,True,False,False,1,2,Sunday
1986-02-17,40,2,5.0,2,5.0,0,0.0,0,0.0,0,0.0,2,5.0,2,5.0,0,0.0,0,0.0,28,70.0,0,0.0,2,5.0,丙寅,庚寅,壬辰,丙,寅,庚,寅,壬,辰,False,False,False,False,,False,False,False,,False,False,False,,False,False,False,,False,,False,,False,False,False,False,False,0,2,Monday
1986-02-18,56,0,0.0,5,8.928571428571429,0,0.0,1,1.7857142857142858,0,0.0,9,16.071428571428573,1,1.7857142857142858,0,0.0,1,1.7857142857142858,38,67.85714285714286,0,0.0,0,0.0,丙寅,庚寅,癸巳,丙,寅,庚,寅,癸,巳,False,False,False,False,,False,False,False,,False,False,False,,False,False,False,,True,year+month,True,year+month,True,False,False,True,False,2,2,Tuesday
1986-02-19,61,2,3.278688524590164,6,9.836065573770492,0,0.0,0,0.0,0,0.0,3,4.918032786885246,3,4.918032786885246,0,0.0,0,0.0,42,68.85245901639344,0,0.0,2,3.278688524590164,丙寅,庚寅,甲午,丙,寅,庚,寅,甲,午,False,False,False,False,,True,True,True,year+month,False,False,False,,False,False,False,,False,,False,,False,False,True,False,False,1,2,Wednesday
1986-02-20,45,0,0.0,2,4.444444444444445,0,0.0,0,0.0,0,0.0,1,2.2222222222222223,2,4.444444444444445,0,0.0,0,0.0,35,77.77777777777777,1,2.2222222222222223,0,0.0,丙寅,庚寅,乙未,丙,寅,庚,寅,乙,未,False,False,True,True,month,False,False,False,,False,False,False,,False,False,False,,False,,False,,False,False,True,False,False,1,2,Thursday
1986-02-21,40,1,2.5,3,7.5,0,0.0,0,0.0,0,0.0,4,10.0,1,2.5,0,0.0,1,2.5,30,75.0,0,0.0,1,2.5,丙寅,庚寅,丙申,丙,寅,庚,寅,丙,申,False,False,False,False,,False,False,False,,False,False,False,,True,True,True,year+month,True,year+month,False,,True,False,False,True,False,2,2,Friday
1986-02-22,44,0,0.0,4,9.090909090909092,1,2.272727272727273,0,0.0,0,0.0,1,2.272727272727273,1,2.272727272727273,0,0.0,0,0.0,31,70.45454545454545,0,0.0,1,2.272727272727273,丙寅,庚寅,丁酉,丙,寅,庚,寅,丁,酉,False,False,False,False,,False,False,False,,False,False,False,,False,False,False,,False,,False,,False,False,False,False,False,0,2,Saturday
1986-02-23,50,1,2.0,3,6.0,0,0.0,1,2.0,0,0.0,5,10.0,4,8.0,0,0.0,0,0.0,32,64.0,0,0.0,2,4.0,丙寅,庚寅,戊戌,丙,寅,庚,寅,戊,戌,False,False,False,False,,True,True,True,year+month,False,False,False,,False,False,False,,False,,False,,False,False,True,False,False,1,2,Sunday
1986-02-24,46,0,0.0,5,10.869565217391305,0,0.0,0,0.0,0,0.0,1,2.1739130434782608,0,0.0,0,0.0,0,0.0,33,71.73913043478261,1,2.1739130434782608,2,4.3478260869565215,丙寅,庚寅,己亥,丙,寅,庚,寅,己,亥,False,False,False,False,,False,False,False,,True,True,True,year+month,False,False,False,,False,,False,,False,False,True,False,False,1,2,Monday
1986-02-25,52,2,3.8461538461538463,11,21.153846153846157,1,1.9230769230769231,0,0.0,0,0.0,2,3.8461538461538463,1,1.9230769230769231,0,0.0,0,0.0,40,76.92307692307692,0,0.0,1,1.9230769230769231,丙寅,庚寅,庚子,丙,寅,庚,寅,庚,子,False,False,False,False,,False,False,False,,False,False,False,,False,False,False,,False,,False,,False,False,False,False,False,0,2,Tuesday
1986-02-26,61,0,0.0,6,9.836065573770492,1,1.639344262295082,0,0.0,0,0.0,7,11.475409836065571,4,6.557377049180328,0,0.0,0,0.0,43,70.49180327868852,0,0.0,2,3.278688524590164,丙寅,庚寅,辛丑,丙,寅,庚,寅,辛,丑,False,True,False,True,year,False,False,False,,False,False,False,,False,False,False,,False,,False,,False,False,True,False,False,1,2,Wednesday
1986-02-27,52,0,0.0,1,1.9230769230769231,0,0.0,1,1.9230769230769231,0,0.0,2,3.8461538461538463,2,3.8461538461538463,0,0.0,1,1.9230769230769231,42,80.76923076923077,0,0.0,0,0.0,丙寅,庚寅,壬寅,丙,寅,庚,寅,壬,寅,False,False,False,False,,False,False,False,,False,False,False,,False,False,False,,False,,False,,False,False,False,False,False,0,2,Thursday
1986-02-28,53,2,3.7735849056603774,5,9.433962264150944,1,1.8867924528301887,0,0.0,0,0.0,2,3.7735849056603774,4,7.547169811320755,0,0.0,1,1.8867924528301887,39,73.58490566037736,0,0.0,1,1.8867924528301887,丙寅,庚寅,癸卯,丙,寅,庚,寅,癸,卯,False,False,False,False,,False,False,False,,False,False,False,,False,False,False,,False,,False,,False,False,False,False,False,0,2,Friday
1986-03-01,47,0,0.0,6,12.76595744680851,1,2.127659574468085,0,0.0,0,0.0,3,6.382978723404255,2,4.25531914893617,0,0.0,1,2.127659574468085,31,65.95744680851064,0,0.0,1,2.127659574468085,丙寅,庚寅,甲辰,丙,寅,庚,寅,甲,辰,False,False,False,False,,False,False,False,,False,False,False,,False,False,False,,False,,False,,False,False,False,False,False,0,3,Saturday
1986-03-02,46,0,0.0,2,4.3478260869565215,0,0.0,0,0.0,0,0.0,4,8.695652173913043,1,2.1739130434782608,0,0.0,0,0.0,37,80.43478260869566,0,0.0,0,0.0,丙寅,庚寅,乙巳,丙,寅,庚,寅,乙,巳,False,False,True,True,month,False,False,False,,False,False,False,,False,False,False,,True,year+month,True,year+month,True,False,True,True,True,3,3,Sunday
1986-03-03,47,0,0.0,7,14.893617021276595,0,0.0,0,0.0,0,0.0,4,8.51063829787234,1,2.127659574468085,0,0.0,0,0.0,37,78.72340425531915,0,0.0,0,0.0,丙寅,庚寅,丙午,丙,寅,庚,寅,丙,午,False,False,False,False,,True,True,True,year+month,False,False,False,,False,False,False,,False,,False,,False,False,True,False,False,1,3,Monday
1986-03-04,63,1,1.5873015873015872,7,11.11111111111111,0,0.0,0,0.0,3,4.761904761904762,4,6.349206349206349,3,4.761904761904762,0,0.0,1,1.5873015873015872,45,71.42857142857143,1,1.5873015873015872,2,3.1746031746031744,丙寅,庚寅,丁未,丙,寅,庚,寅,丁,未,False,False,False,False,,False,False,False,,False,False,False,,False,False,False,,False,,False,,False,False,False,False,False,0,3,Tuesday
1986-03-05,60,0,0.0,9,15.0,0,0.0,0,0.0,1,1.6666666666666667,3,5.0,0,0.0,0,0.0,0,0.0,44,73.33333333333333,2,3.333333333333333,3,5.0,丙寅,庚寅,戊申,丙,寅,庚,寅,戊,申,False,False,False,False,,False,False,False,,False,False,False,,True,True,True,year+month,True,year+month,False,,True,False,False,True,False,2,3,Wednesday
1986-03-06,57,1,1.7543859649122806,7,12.280701754385966,0,0.0,0,0.0,0,0.0,3,5.2631578947368425,2,3.508771929824561,0,0.0,0,0.0,43,75.43859649122807,0,0.0,0,0.0,丙寅,辛卯,己酉,丙,寅,辛,卯,己,酉,True,False,False,False,,False,False,False,,False,False,False,,False,True,True,month,False,,False,,False,False,False,True,False,1,3,Thursday
1986-03-07,46,0,0.0,1,2.1739130434782608,0,0.0,0,0.0,0,0.0,2,4.3478260869565215,1,2.1739130434782608,1,2.1739130434782608,1,2.1739130434782608,37,80.43478260869566,1,2.1739130434782608,3,6.521739130434782,丙寅,辛卯,庚戌,丙,寅,辛,卯,庚,戌,False,False,False,False,,True,False,True,year,False,True,True,month,False,False,False,,False,,False,,False,False,True,False,False,2,3,Friday
1986-03-08,41,0,0.0,1,2.4390243902439024,0,0.0,0,0.0,1,2.4390243902439024,1,2.4390243902439024,4,9.75609756097561,0,0.0,1,2.4390243902439024,32,78.04878048780488,1,2.4390243902439024,0,0.0,丙寅,辛卯,辛亥,丙,寅,辛,卯,辛,亥,False,True,False,True,year,False,True,True,month,True,False,True,year,False,False,False,,False,,False,,False,True,True,False,False,3,3,Saturday
1986-03-09,49,1,2.0408163265306123,6,12.244897959183673,0,0.0,1,2.0408163265306123,0,0.0,6,12.244897959183673,1,2.0408163265306123,0,0.0,0,0.0,30,61.224489795918366,0,0.0,3,6.122448979591836,丙寅,辛卯,壬子,丙,寅,辛,卯,壬,子,False,False,False,False,,False,False,False,,False,False,False,,False,False,False,,True,month,False,,True,False,False,True,False,1,3,Sunday
1986-03-10,40,2,5.0,4,10.0,0,0.0,0,0.0,0,0.0,2,5.0,1,2.5,0,0.0,0,0.0,31,77.5,0,0.0,1,2.5,丙寅,辛卯,癸丑,丙,寅,辛,卯,癸,丑,False,False,False,False,,False,False,False,,False,False,False,,False,False,False,,False,,False,,False,False,False,False,False,0,3,Monday
1986-03-11,57,0,0.0,5,8.771929824561404,0,0.0,0,0.0,0,0.0,3,5.2631578947368425,1,1.7543859649122806,0,0.0,0,0.0,42,73.6842105263158,2,3.508771929824561,2,3.508771929824561,丙寅,辛卯,甲寅,丙,寅,辛,卯,甲,寅,False,False,False,False,,False,False,False,,False,False,False,,False,False,False,,False,,False,,False,False,False,False,False,0,3,Tuesday
1986-03-12,35,0,0.0,3,8.571428571428571,1,2.857142857142857,0,0.0,0,0.0,3,8.571428571428571,2,5.714285714285714,0,0.0,2,5.714285714285714,21,60.0,1,2.857142857142857,1,2.857142857142857,丙寅,辛卯,乙卯,丙,寅,辛,卯,乙,卯,False,False,False,False,,False,False,False,,False,False,False,,False,False,False,,False,,False,,False,False,False,False,False,0,3,Wednesday
1986-03-13,45,0,0.0,4,8.88888888888889,0,0.0,0,0.0,0,0.0,6,13.333333333333334,2,4.444444444444445,0,0.0,0,0.0,30,66.66666666666667,0,0.0,1,2.2222222222222223,丙寅,辛卯,丙辰,丙,寅,辛,卯,丙,辰,False,False,True,True,month,False,False,False,,False,False,False,,False,False,False,,False,,True,month,True,False,True,True,True,2,3,Thursday
1986-03-14,49,0,0.0,3,6.122448979591836,1,2.0408163265306123,0,0.0,0,0.0,4,8.16326530612245,7,14.285714285714286,0,0.0,1,2.0408163265306123,30,61.224489795918366,1,2.0408163265306123,2,4.081632653061225,丙寅,辛卯,丁巳,丙,寅,辛,卯,丁,巳,False,False,False,False,,False,False,False,,False,False,False,,False,False,False,,True,year,True,year,True,False,False,True,False,2,3,Friday
1986-03-15,52,0,0.0,2,3.8461538461538463,1,1.9230769230769231,0,0.0,0,0.0,5,9.615384615384617,4,7.6923076923076925,0,0.0,0,0.0,38,73.07692307692308,1,1.9230769230769231,0,0.0,丙寅,辛卯,戊午,丙,寅,辛,卯,戊,午,False,False,False,False,,True,False,True,year,False,False,False,,False,False,False,,False,,False,,False,False,True,False,False,1,3,Saturday
1986-03-16,35,0,0.0,3,8.571428571428571,0,0.0,0,0.0,0,0.0,1,2.857142857142857,1,2.857142857142857,0,0.0,0,0.0,29,82.85714285714286,1,2.857142857142857,1,2.857142857142857,丙寅,辛卯,己未,丙,寅,辛,卯,己,未,False,False,False,False,,False,True,True,month,False,False,False,,False,False,False,,False,,False,,False,False,True,False,False,1,3,Sunday
1986-03-17,51,3,5.882352941176471,4,7.84313725490196,0,0.0,0,0.0,0,0.0,8,15.68627450980392,2,3.92156862745098,0,0.0,0,0.0,33,64.70588235294117,2,3.92156862745098,0,0.0,丙寅,辛卯,庚申,丙,寅,辛,卯,庚,申,False,False,False,False,,False,False,False,,False,False,False,,True,False,True,year,True,year,False,,True,False,False,True,False,2,3,Monday
1986-03-18,39,0,0.0,3,7.6923076923076925,0,0.0,0,0.0,0,0.0,3,7.6923076923076925,4,10.256410256410255,0,0.0,0,0.0,31,79.48717948717949,1,2.5641025641025643,0,0.0,丙寅,辛卯,辛酉,丙,寅,辛,卯,辛,酉,False,True,False,True,year,False,False,False,,False,False,False,,False,True,True,month,False,,False,,False,False,True,True,True,2,3,Tuesday
1986-03-19,41,0,0.0,5,12.195121951219512,0,0.0,0,0.0,0,0.0,4,9.75609756097561,0,0.0,0,0.0,0,0.0,31,75.60975609756098,0,0.0,0,0.0,丙寅,辛卯,壬戌,丙,寅,辛,卯,壬,戌,False,False,False,False,,True,False,True,year,False,True,True,month,False,False,False,,False,,False,,False,False,True,False,False,2,3,Wednesday
1986-03-20,55,2,3.636363636363636,5,9.090909090909092,0,0.0,1,1.818181818181818,0,0.0,7,12.727272727272728,3,5.454545454545454,0,0.0,1,1.818181818181818,33,60.0,0,0.0,2,3.636363636363636,丙寅,辛卯,癸亥,丙,寅,辛,卯,癸,亥,False,False,False,False,,False,True,True,month,True,False,True,year,False,False,False,,False,,False,,False,False,True,False,False,2,3,Thursday
1986-03-21,53,0,0.0,6,11.320754716981131,1,1.8867924528301887,0,0.0,0,0.0,1,1.8867924528301887,0,0.0,0,0.0,0,0.0,41,77.35849056603773,1,1.8867924528301887,0,0.0,丙寅,辛卯,甲子,丙,寅,辛,卯,甲,子,False,False,False,False,,False,False,False,,False,False,False,,False,False,False,,True,month,False,,True,False,False,True,False,1,3,Friday
1986-03-22,41,0,0.0,5,12.195121951219512,0,0.0,0,0.0,0,0.0,4,9.75609756097561,0,0.0,0,0.0,0,0.0,27,65.85365853658537,0,0.0,1,2.4390243902439024,丙寅,辛卯,乙丑,丙,寅,辛,卯,乙,丑,False,False,False,False,,False,False,False,,False,False,False,,False,False,False,,False,,False,,False,False,False,False,False,0,3,Saturday
1986-03-23,45,0,0.0,4,8.88888888888889,0,0.0,0,0.0,0,0.0,5,11.11111111111111,3,6.666666666666667,0,0.0,2,4.444444444444445,30,66.66666666666667,2,4.444444444444445,1,2.2222222222222223,丙寅,辛卯,丙寅,丙,寅,辛,卯,丙,寅,False,False,True,True,month,False,False,False,,False,False,False,,False,False,False,,False,,False,,False,False,True,False,False,1,3,Sunday
1986-03-24,37,0,0.0,5,13.513513513513514,0,0.0,0,0.0,0,0.0,1,2.702702702702702,2,5.405405405405405,0,0.0,0,0.0,23,62.16216216216216,0,0.0,1,2.702702702702702,丙寅,辛卯,丁卯,丙,寅,辛,卯,丁,卯,False,False,False,False,,False,False,False,,False,False,False,,False,False,False,,False,,False,,False,False,False,False,False,0,3,Monday
1986-03-25,40,0,0.0,4,10.0,0,0.0,0,0.0,0,0.0,5,12.5,3,7.5,0,0.0,1,2.5,28,70.0,0,0.0,1,2.5,丙寅,辛卯,戊辰,丙,寅,辛,卯,戊,辰,False,False,False,False,,False,False,False,,False,False,False,,False,False,False,,False,,True,month,True,False,False,True,False,1,3,Tuesday
1986-03-26,56,0,0.0,6,10.714285714285714,0,0.0,0,0.0,0,0.0,6,10.714285714285714,0,0.0,0,0.0,1,1.7857142857142858,39,69.64285714285714,1,1.7857142857142858,1,1.7857142857142858,丙寅,辛卯,己巳,丙,寅,辛,卯,己,巳,False,False,False,False,,False,False,False,,False,False,False,,False,False,False,,True,year,True,year,True,False,False,True,False,2,3,Wednesday
1986-03-27,50,0,0.0,7,14.0,1,2.0,0,0.0,0,0.0,6,12.0,1,2.0,0,0.0,1,2.0,32,64.0,2,4.0,1,2.0,丙寅,辛卯,庚午,丙,寅,辛,卯,庚,午,False,False,False,False,,True,False,True,year,False,False,False,,False,False,False,,False,,False,,False,False,True,False,False,1,3,Thursday
1986-03-28,50,0,0.0,5,10.0,0,0.0,0,0.0,0,0.0,6,12.0,0,0.0,0,0.0,1,2.0,36,72.0,0,0.0,1,2.0,丙寅,辛卯,辛未,丙,寅,辛,卯,辛,未,False,True,False,True,year,False,True,True,month,False,False,False,,False,False,False,,False,,False,,False,True,True,False,False,2,3,Friday
1986-03-29,30,1,3.333333333333333,3,10.0,0,0.0,0,0.0,0,0.0,2,6.666666666666667,3,10.0,0,0.0,2,6.666666666666667,24,80.0,1,3.333333333333333,1,3.333333333333333,丙寅,辛卯,壬申,丙,寅,辛,卯,壬,申,False,False,False,False,,False,False,False,,False,False,False,,True,False,True,year,True,year,False,,True,False,False,True,False,2,3,Saturday
1986-03-30,43,1,2.3255813953488373,5,11.627906976744184,1,2.3255813953488373,0,0.0,0,0.0,5,11.627906976744184,3,6.976744186046512,0,0.0,2,4.651162790697675,27,62.7906976744186,0,0.0,3,6.976744186046512,丙寅,辛卯,癸酉,丙,寅,辛,卯,癸,酉,False,False,False,False,,False,False,False,,False,False,False,,False,True,True,month,False,,False,,False,False,False,True,False,1,3,Sunday
1986-03-31,43,0,0.0,5,11.627906976744184,0,0.0,0,0.0,0,0.0,3,6.976744186046512,0,0.0,0,0.0,0,0.0,29,67.44186046511628,1,2.3255813953488373,2,4.651162790697675,丙寅,辛卯,甲戌,丙,寅,辛,卯,甲,戌,False,False,False,False,,True,False,True,year,False,True,True,month,False,False,False,,False,,False,,False,False,True,False,False,2,3,Monday
1986-04-01,54,0,0.0,4,7.407407407407407,0,0.0,1,1.851851851851852,0,0.0,9,16.666666666666668,4,7.407407407407407,0,0.0,0,0.0,35,64.81481481481481,0,0.0,2,3.703703703703704,丙寅,辛卯,乙亥,丙,寅,辛,卯,乙,亥,False,False,False,False,,False,True,True,month,True,False,True,year,False,False,False,,False,,False,,False,False,True,False,False,2,4,Tuesday
1986-04-02,52,0,0.0,2,3.8461538461538463,0,0.0,1,1.9230769230769231,0,0.0,6,11.538461538461538,3,5.769230769230769,0,0.0,0,0.0,39,75.0,2,3.8461538461538463,0,0.0,丙寅,辛卯,丙子,丙,寅,辛,卯,丙,子,False,False,True,True,month,False,False,False,,False,False,False,,False,False,False,,True,month,False,,True,False,True,True,True,2,4,Wednesday
1986-04-03,48,0,0.0,5,10.416666666666666,0,0.0,0,0.0,0,0.0,4,8.333333333333334,2,4.166666666666667,0,0.0,0,0.0,34,70.83333333333333,1,2.083333333333333,2,4.166666666666667,丙寅,辛卯,丁丑,丙,寅,辛,卯,丁,丑,False,False,False,False,,False,False,False,,False,False,False,,False,False,False,,False,,False,,False,False,False,False,False,0,4,Thursday
1986-04-04,61,0,0.0,5,8.19672131147541,0,0.0,2,3.278688524590164,0,0.0,1,1.639344262295082,3,4.918032786885246,0,0.0,0,0.0,44,72.1311475409836,0,0.0,0,0.0,丙寅,辛卯,戊寅,丙,寅,辛,卯,戊,寅,False,False,False,False,,False,False,False,,False,False,False,,False,False,False,,False,,False,,False,False,False,False,False,0,4,Friday
1986-04-05,39,0,0.0,2,5.128205128205129,1,2.5641025641025643,0,0.0,0,0.0,2,5.128205128205129,3,7.6923076923076925,0,0.0,0,0.0,29,74.35897435897436,0,0.0,0,0.0,丙寅,壬辰,己卯,丙,寅,壬,辰,己,卯,True,False,False,False,,False,False,False,,False,False,False,,False,False,False,,False,,True,month,True,False,False,True,False,1,4,Saturday
1986-04-06,37,0,0.0,2,5.405405405405405,0,0.0,0,0.0,0,0.0,1,2.702702702702702,4,10.81081081081081,0,0.0,1,2.702702702702702,24,64.86486486486487,0,0.0,0,0.0,丙寅,壬辰,庚辰,丙,寅,壬,辰,庚,辰,False,False,False,False,,False,False,False,,False,False,False,,False,False,False,,True,month,False,,True,False,False,True,False,1,4,Sunday
1986-04-07,56,0,0.0,6,10.714285714285714,0,0.0,0,0.0,0,0.0,5,8.928571428571429,4,7.142857142857143,0,0.0,1,1.7857142857142858,38,67.85714285714286,0,0.0,0,0.0,丙寅,壬辰,辛巳,丙,寅,壬,辰,辛,巳,False,True,False,True,year,False,False,False,,False,False,False,,False,False,False,,True,year,True,year,True,False,True,True,True,3,4,Monday
1986-04-08,50,0,0.0,2,4.0,0,0.0,0,0.0,0,0.0,3,6.0,2,4.0,0,0.0,0,0.0,38,76.0,0,0.0,1,2.0,丙寅,壬辰,壬午,丙,寅,壬,辰,壬,午,False,False,False,False,,True,False,True,year,False,False,False,,False,False,False,,False,,False,,False,False,True,False,False,1,4,Tuesday
1986-04-09,49,0,0.0,7,14.285714285714286,0,0.0,0,0.0,0,0.0,5,10.20408163265306,0,0.0,0,0.0,0,0.0,36,73.46938775510205,0,0.0,2,4.081632653061225,丙寅,壬辰,癸未,丙,寅,壬,辰,癸,未,False,False,False,False,,False,False,False,,False,False,False,,False,False,False,,False,,False,,False,False,False,False,False,0,4,Wednesday
1986-04-10,44,0,0.0,7,15.909090909090908,0,0.0,1,2.272727272727273,0,0.0,2,4.545454545454546,2,4.545454545454546,0,0.0,0,0.0,31,70.45454545454545,0,0.0,0,0.0,丙寅,壬辰,甲申,丙,寅,壬,辰,甲,申,False,False,False,False,,False,True,True,month,False,False,False,,True,False,True,year,True,year,False,,True,False,True,True,True,3,4,Thursday
1986-04-11,56,1,1.7857142857142858,6,10.714285714285714,2,3.571428571428572,1,1.7857142857142858,0,0.0,4,7.142857142857143,1,1.7857142857142858,0,0.0,0,0.0,35,62.5,2,3.571428571428572,1,1.7857142857142858,丙寅,壬辰,乙酉,丙,寅,壬,辰,乙,酉,False,False,False,False,,False,False,False,,False,True,True,month,False,False,False,,False,,False,,False,False,True,False,False,1,4,Friday
1986-04-12,47,0,0.0,9,19.148936170212767,0,0.0,0,0.0,0,0.0,2,4.25531914893617,4,8.51063829787234,0,0.0,0,0.0,31,65.95744680851064,2,4.25531914893617,0,0.0,丙寅,壬辰,丙戌,丙,寅,壬,辰,丙,戌,False,False,False,False,,True,False,True,year,False,False,False,,False,True,True,month,False,,False,,False,False,True,True,True,2,4,Saturday
1986-04-13,29,0,0.0,2,6.896551724137931,0,0.0,0,0.0,0,0.0,0,0.0,1,3.4482758620689653,0,0.0,0,0.0,22,75.86206896551724,1,3.4482758620689653,1,3.4482758620689653,丙寅,壬辰,丁亥,丙,寅,壬,辰,丁,亥,False,False,True,True,month,False,False,False,,True,False,True,year,False,False,False,,False,,False,,False,False,True,False,False,2,4,Sunday
1986-04-14,42,0,0.0,4,9.523809523809524,0,0.0,0,0.0,0,0.0,5,11.904761904761903,2,4.761904761904762,0,0.0,0,0.0,30,71.42857142857143,0,0.0,2,4.761904761904762,丙寅,壬辰,戊子,丙,寅,壬,辰,戊,子,False,False,False,False,,False,True,True,month,False,False,False,,False,False,False,,False,,False,,False,False,True,False,False,1,4,Monday
1986-04-15,42,0,0.0,3,7.142857142857143,0,0.0,0,0.0,0,0.0,1,2.380952380952381,1,2.380952380952381,0,0.0,0,0.0,31,73.80952380952381,2,4.761904761904762,2,4.761904761904762,丙寅,壬辰,己丑,丙,寅,壬,辰,己,丑,False,False,False,False,,False,False,False,,False,False,False,,False,False,False,,False,,False,,False,False,False,False,False,0,4,Tuesday
1986-04-16,49,0,0.0,2,4.081632653061225,1,2.0408163265306123,1,2.0408163265306123,0,0.0,3,6.122448979591836,2,4.081632653061225,0,0.0,0,0.0,33,67.34693877551021,1,2.0408163265306123,0,0.0,丙寅,壬辰,庚寅,丙,寅,壬,辰,庚,寅,False,False,False,False,,False,False,False,,False,False,False,,False,False,False,,False,,False,,False,False,False,False,False,0,4,Wednesday
1986-04-17,43,0,0.0,6,13.953488372093023,0,0.0,1,2.3255813953488373,0,0.0,3,6.976744186046512,2,4.651162790697675,0,0.0,0,0.0,27,62.7906976744186,0,0.0,1,2.3255813953488373,丙寅,壬辰,辛卯,丙,寅,壬,辰,辛,卯,False,True,False,True,year,False,False,False,,False,False,False,,False,False,False,,False,,True,month,True,False,True,True,True,2,4,Thursday
1986-04-18,44,0,0.0,5,11.363636363636363,0,0.0,0,0.0,0,0.0,0,0.0,1,2.272727272727273,0,0.0,0,0.0,35,79.54545454545455,2,4.545454545454546,0,0.0,丙寅,壬辰,壬辰,丙,寅,壬,辰,壬,辰,False,False,False,False,,False,False,False,,False,False,False,,False,False,False,,True,month,False,,True,False,False,True,False,1,4,Friday
1986-04-19,41,0,0.0,6,14.634146341463415,2,4.878048780487805,0,0.0,0,0.0,2,4.878048780487805,1,2.4390243902439024,0,0.0,0,0.0,31,75.60975609756098,2,4.878048780487805,1,2.4390243902439024,丙寅,壬辰,癸巳,丙,寅,壬,辰,癸,巳,False,False,False,False,,False,False,False,,False,False,False,,False,False,False,,True,year,True,year,True,False,False,True,False,2,4,Saturday
1986-04-20,45,0,0.0,5,11.11111111111111,0,0.0,0,0.0,0,0.0,2,4.444444444444445,0,0.0,0,0.0,0,0.0,36,80.0,0,0.0,1,2.2222222222222223,丙寅,壬辰,甲午,丙,寅,壬,辰,甲,午,False,False,False,False,,True,False,True,year,False,False,False,,False,False,False,,False,,False,,False,False,True,False,False,1,4,Sunday
1986-04-21,33,0,0.0,2,6.0606060606060606,0,0.0,1,3.0303030303030303,0,0.0,0,0.0,0,0.0,0,0.0,0,0.0,25,75.75757575757575,1,3.0303030303030303,0,0.0,丙寅,壬辰,乙未,丙,寅,壬,辰,乙,未,False,False,False,False,,False,False,False,,False,False,False,,False,False,False,,False,,False,,False,False,False,False,False,0,4,Monday
1986-04-22,56,0,0.0,8,14.285714285714286,0,0.0,0,0.0,0,0.0,2,3.571428571428572,3,5.357142857142857,0,0.0,0,0.0,44,78.57142857142857,0,0.0,1,1.7857142857142858,丙寅,壬辰,丙申,丙,寅,壬,辰,丙,申,False,False,False,False,,False,True,True,month,False,False,False,,True,False,True,year,True,year,False,,True,False,True,True,True,3,4,Tuesday
1986-04-23,58,0,0.0,5,8.620689655172415,0,0.0,0,0.0,0,0.0,3,5.172413793103448,0,0.0,0,0.0,0,0.0,46,79.3103448275862,0,0.0,0,0.0,丙寅,壬辰,丁酉,丙,寅,壬,辰,丁,酉,False,False,True,True,month,False,False,False,,False,True,True,month,False,False,False,,False,,False,,False,False,True,False,False,2,4,Wednesday
1986-04-24,49,0,0.0,5,10.20408163265306,0,0.0,1,2.0408163265306123,0,0.0,3,6.122448979591836,7,14.285714285714286,0,0.0,3,6.122448979591836,31,63.265306122448976,1,2.0408163265306123,1,2.0408163265306123,丙寅,壬辰,戊戌,丙,寅,壬,辰,戊,戌,False,False,False,False,,True,False,True,year,False,False,False,,False,True,True,month,False,,False,,False,False,True,True,True,2,4,Thursday
1986-04-25,40,0,0.0,3,7.5,0,0.0,1,2.5,0,0.0,1,2.5,2,5.0,0,0.0,0,0.0,32,80.0,0,0.0,1,2.5,丙寅,壬辰,己亥,丙,寅,壬,辰,己,亥,False,False,False,False,,False,False,False,,True,False,True,year,False,False,False,,False,,False,,False,False,True,False,False,1,4,Friday
1986-04-26,42,0,0.0,5,11.904761904761903,0,0.0,0,0.0,0,0.0,3,7.142857142857143,2,4.761904761904762,0,0.0,1,2.380952380952381,24,57.142857142857146,0,0.0,0,0.0,丙寅,壬辰,庚子,丙,寅,壬,辰,庚,子,False,False,False,False,,False,True,True,month,False,False,False,,False,False,False,,False,,False,,False,False,True,False,False,1,4,Saturday
1986-04-27,35,0,0.0,2,5.714285714285714,1,2.857142857142857,0,0.0,1,2.857142857142857,2,5.714285714285714,0,0.0,0,0.0,1,2.857142857142857,25,71.42857142857143,2,5.714285714285714,3,8.571428571428571,丙寅,壬辰,辛丑,丙,寅,壬,辰,辛,丑,False,True,False,True,year,False,False,False,,False,False,False,,False,False,False,,False,,False,,False,False,True,False,False,1,4,Sunday
1986-04-28,52,0,0.0,7,13.461538461538462,1,1.9230769230769231,1,1.9230769230769231,0,0.0,4,7.6923076923076925,2,3.8461538461538463,0,0.0,0,0.0,36,69.23076923076923,3,5.769230769230769,1,1.9230769230769231,丙寅,壬辰,壬寅,丙,寅,壬,辰,壬,寅,False,False,False,False,,False,False,False,,False,False,False,,False,False,False,,False,,False,,False,False,False,False,False,0,4,Monday
1986-04-29,58,1,1.7241379310344829,7,12.06896551724138,0,0.0,0,0.0,0,0.0,6,10.344827586206897,2,3.4482758620689653,0,0.0,0,0.0,36,62.06896551724138,2,3.4482758620689653,0,0.0,丙寅,壬辰,癸卯,丙,寅,壬,辰,癸,卯,False,False,False,False,,False,False,False,,False,False,False,,False,False,False,,False,,True,month,True,False,False,True,False,1,4,Tuesday
1986-04-30,47,0,0.0,8,17.02127659574468,0,0.0,0,0.0,0,0.0,5,10.638297872340424,1,2.127659574468085,0,0.0,0,0.0,32,68.08510638297872,0,0.0,1,2.127659574468085,丙寅,壬辰,甲辰,丙,寅,壬,辰,甲,辰,False,False,False,False,,False,False,False,,False,False,False,,False,False,False,,True,month,False,,True,False,False,True,False,1,4,Wednesday
1986-05-01,66,1,1.5151515151515151,9,13.636363636363637,0,0.0,0,0.0,0,0.0,4,6.0606060606060606,7,10.606060606060606,0,0.0,2,3.0303030303030303,43,65.15151515151516,0,0.0,1,1.5151515151515151,丙寅,壬辰,乙巳,丙,寅,壬,辰,乙,巳,False,False,False,False,,False,False,False,,False,False,False,,False,False,False,,True,year,True,year,True,False,False,True,False,2,5,Thursday
1986-05-02,45,0,0.0,5,11.11111111111111,0,0.0,0,0.0,0,0.0,5,11.11111111111111,2,4.444444444444445,0,0.0,0,0.0,34,75.55555555555556,1,2.2222222222222223,0,0.0,丙寅,壬辰,丙午,丙,寅,壬,辰,丙,午,False,False,False,False,,True,False,True,year,False,False,False,,False,False,False,,False,,False,,False,False,True,False,False,1,5,Friday
1986-05-03,48,1,2.083333333333333,6,12.5,1,2.083333333333333,0,0.0,0,0.0,3,6.25,3,6.25,0,0.0,0,0.0,31,64.58333333333333,0,0.0,1,2.083333333333333,丙寅,壬辰,丁未,丙,寅,壬,辰,丁,未,False,False,True,True,month,False,False,False,,False,False,False,,False,False,False,,False,,False,,False,False,True,False,False,1,5,Saturday
1986-05-04,32,0,0.0,4,12.5,0,0.0,0,0.0,0,0.0,2,6.25,1,3.125,0,0.0,1,3.125,23,71.875,1,3.125,0,0.0,丙寅,壬辰,戊申,丙,寅,壬,辰,戊,申,False,False,False,False,,False,True,True,month,False,False,False,,True,False,True,year,True,year,False,,True,False,True,True,True,3,5,Sunday
1986-05-05,56,1,1.7857142857142858,9,16.071428571428573,0,0.0,1,1.7857142857142858,0,0.0,6,10.714285714285714,1,1.7857142857142858,0,0.0,0,0.0,36,64.28571428571429,1,1.7857142857142858,2,3.571428571428572,丙寅,壬辰,己酉,丙,寅,壬,辰,己,酉,False,False,False,False,,False,False,False,,False,True,True,month,False,False,False,,False,,False,,False,False,True,False,False,1,5,Monday
1986-05-06,55,0,0.0,5,9.090909090909092,1,1.818181818181818,1,1.818181818181818,0,0.0,3,5.454545454545454,1,1.818181818181818,0,0.0,0,0.0,39,70.9090909090909,0,0.0,2,3.636363636363636,丙寅,癸巳,庚戌,丙,寅,癸,巳,庚,戌,True,False,False,False,,True,False,True,year,False,False,False,,False,False,False,,False,,False,,False,False,True,False,False,1,5,Tuesday
1986-05-07,44,0,0.0,2,4.545454545454546,1,2.272727272727273,0,0.0,0,0.0,4,9.090909090909092,0,0.0,0,0.0,0,0.0,33,75.0,1,2.272727272727273,0,0.0,丙寅,癸巳,辛亥,丙,寅,癸,巳,辛,亥,False,True,False,True,year,False,False,False,,True,False,True,year,False,True,True,month,False,,False,,False,False,True,True,True,3,5,Wednesday
1986-05-08,44,0,0.0,3,6.818181818181818,2,4.545454545454546,0,0.0,0,0.0,5,11.363636363636363,2,4.545454545454546,0,0.0,1,2.272727272727273,31,70.45454545454545,1,2.272727272727273,0,0.0,丙寅,癸巳,壬子,丙,寅,癸,巳,壬,子,False,False,False,False,,False,False,False,,False,False,False,,False,False,False,,False,,False,,False,False,False,False,False,0,5,Thursday
1986-05-09,53,0,0.0,2,3.7735849056603774,0,0.0,0,0.0,0,0.0,3,5.660377358490566,2,3.7735849056603774,0,0.0,0,0.0,40,75.47169811320755,0,0.0,1,1.8867924528301887,丙寅,癸巳,癸丑,丙,寅,癸,巳,癸,丑,False,False,False,False,,False,True,True,month,False,False,False,,False,False,False,,False,,False,,False,False,True,False,False,1,5,Friday
1986-05-10,42,0,0.0,1,2.380952380952381,2,4.761904761904762,0,0.0,0,0.0,2,4.761904761904762,2,4.761904761904762,0,0.0,0,0.0,36,85.71428571428571,0,0.0,0,0.0,丙寅,癸巳,甲寅,丙,寅,癸,巳,甲,寅,False,False,False,False,,False,False,False,,False,False,False,,False,False,False,,True,month,True,month,True,False,False,True,False,2,5,Saturday
1986-05-11,42,0,0.0,3,7.142857142857143,1,2.380952380952381,0,0.0,0,0.0,3,7.142857142857143,1,2.380952380952381,0,0.0,0,0.0,28,66.66666666666667,1,2.380952380952381,0,0.0,丙寅,癸巳,乙卯,丙,寅,癸,巳,乙,卯,False,False,False,False,,False,False,False,,False,False,False,,False,False,False,,False,,False,,False,False,False,False,False,0,5,Sunday
1986-05-12,49,0,0.0,4,8.16326530612245,0,0.0,0,0.0,0,0.0,3,6.122448979591836,1,2.0408163265306123,0,0.0,0,0.0,37,75.51020408163265,0,0.0,1,2.0408163265306123,丙寅,癸巳,丙辰,丙,寅,癸,巳,丙,辰,False,False,False,False,,False,False,False,,False,False,False,,False,False,False,,False,,False,,False,False,False,False,False,0,5,Monday
1986-05-13,55,0,0.0,5,9.090909090909092,0,0.0,0,0.0,0,0.0,4,7.272727272727272,2,3.636363636363636,0,0.0,0,0.0,41,74.54545454545455,1,1.818181818181818,3,5.454545454545454,丙寅,癸巳,丁巳,丙,寅,癸,巳,丁,巳,False,False,False,False,,False,False,False,,False,False,False,,False,False,False,,True,year,True,year,True,False,False,True,False,2,5,Tuesday
1986-05-14,49,0,0.0,3,6.122448979591836,0,0.0,0,0.0,0,0.0,6,12.244897959183673,2,4.081632653061225,0,0.0,0,0.0,36,73.46938775510205,2,4.081632653061225,0,0.0,丙寅,癸巳,戊午,丙,寅,癸,巳,戊,午,False,False,True,True,month,True,False,True,year,False,False,False,,False,False,False,,False,,False,,False,True,True,False,False,2,5,Wednesday
1986-05-15,57,0,0.0,8,14.035087719298245,0,0.0,0,0.0,0,0.0,4,7.017543859649122,2,3.508771929824561,0,0.0,0,0.0,42,73.6842105263158,3,5.2631578947368425,0,0.0,丙寅,癸巳,己未,丙,寅,癸,巳,己,未,False,False,False,False,,False,False,False,,False,False,False,,False,False,False,,False,,False,,False,False,False,False,False,0,5,Thursday
1986-05-16,64,0,0.0,9,14.0625,1,1.5625,0,0.0,0,0.0,5,7.8125,2,3.125,0,0.0,1,1.5625,41,64.0625,1,1.5625,2,3.125,丙寅,癸巳,庚申,丙,寅,癸,巳,庚,申,False,False,False,False,,False,False,False,,False,True,True,month,True,False,True,year,True,year+month,False,,True,False,True,True,True,3,5,Friday
1986-05-17,38,0,0.0,3,7.894736842105263,2,5.2631578947368425,0,0.0,0,0.0,1,2.631578947368421,2,5.2631578947368425,0,0.0,0,0.0,27,71.05263157894737,0,0.0,0,0.0,丙寅,癸巳,辛酉,丙,寅,癸,巳,辛,酉,False,True,False,True,year,False,True,True,month,False,False,False,,False,False,False,,False,,False,,False,True,True,False,False,2,5,Saturday
1986-05-18,39,1,2.5641025641025643,3,7.6923076923076925,0,0.0,0,0.0,0,0.0,3,7.6923076923076925,2,5.128205128205129,0,0.0,0,0.0,26,66.66666666666667,0,0.0,1,2.5641025641025643,丙寅,癸巳,壬戌,丙,寅,癸,巳,壬,戌,False,False,False,False,,True,False,True,year,False,False,False,,False,False,False,,False,,False,,False,False,True,False,False,1,5,Sunday
1986-05-19,40,1,2.5,4,10.0,0,0.0,0,0.0,0,0.0,5,12.5,0,0.0,0,0.0,1,2.5,30,75.0,0,0.0,1,2.5,丙寅,癸巳,癸亥,丙,寅,癸,巳,癸,亥,False,False,False,False,,False,False,False,,True,False,True,year,False,True,True,month,False,,False,,False,False,True,True,True,2,5,Monday
1986-05-20,43,3,6.976744186046512,10,23.25581395348837,0,0.0,1,2.3255813953488373,0,0.0,6,13.953488372093023,3,6.976744186046512,0,0.0,0,0.0,23,53.48837209302326,0,0.0,1,2.3255813953488373,丙寅,癸巳,甲子,丙,寅,癸,巳,甲,子,False,False,False,False,,False,False,False,,False,False,False,,False,False,False,,False,,False,,False,False,False,False,False,0,5,Tuesday
1986-05-21,60,0,0.0,7,11.666666666666666,1,1.6666666666666667,0,0.0,0,0.0,8,13.333333333333334,2,3.333333333333333,0,0.0,1,1.6666666666666667,40,66.66666666666667,1,1.6666666666666667,1,1.6666666666666667,丙寅,癸巳,乙丑,丙,寅,癸,巳,乙,丑,False,False,False,False,,False,True,True,month,False,False,False,,False,False,False,,False,,False,,False,False,True,False,False,1,5,Wednesday
1986-05-22,46,0,0.0,7,15.217391304347826,0,0.0,0,0.0,0,0.0,4,8.695652173913043,2,4.3478260869565215,0,0.0,1,2.1739130434782608,32,69.56521739130434,0,0.0,1,2.1739130434782608,丙寅,癸巳,丙寅,丙,寅,癸,巳,丙,寅,False,False,False,False,,False,False,False,,False,False,False,,False,False,False,,True,month,True,month,True,False,False,True,False,2,5,Thursday
1986-05-23,57,2,3.508771929824561,6,10.526315789473683,2,3.508771929824561,0,0.0,0,0.0,3,5.2631578947368425,1,1.7543859649122806,0,0.0,0,0.0,39,68.42105263157895,1,1.7543859649122806,1,1.7543859649122806,丙寅,癸巳,丁卯,丙,寅,癸,巳,丁,卯,False,False,False,False,,False,False,False,,False,False,False,,False,False,False,,False,,False,,False,False,False,False,False,0,5,Friday
1986-05-24,39,0,0.0,4,10.256410256410255,0,0.0,0,0.0,0,0.0,3,7.6923076923076925,2,5.128205128205129,0,0.0,2,5.128205128205129,30,76.92307692307692,0,0.0,1,2.5641025641025643,丙寅,癸巳,戊辰,丙,寅,癸,巳,戊,辰,False,False,True,True,month,False,False,False,,False,False,False,,False,False,False,,False,,False,,False,False,True,False,False,1,5,Saturday
1986-05-25,57,0,0.0,7,12.280701754385966,0,0.0,0,0.0,0,0.0,3,5.2631578947368425,3,5.2631578947368425,0,0.0,0,0.0,40,70.17543859649123,0,0.0,1,1.7543859649122806,丙寅,癸巳,己巳,丙,寅,癸,巳,己,巳,False,False,False,False,,False,False,False,,False,False,False,,False,False,False,,True,year,True,year,True,False,False,True,False,2,5,Sunday
1986-05-26,49,0,0.0,8,16.3265306122449,0,0.0,0,0.0,0,0.0,4,8.16326530612245,2,4.081632653061225,0,0.0,0,0.0,31,63.265306122448976,0,0.0,1,2.0408163265306123,丙寅,癸巳,庚午,丙,寅,癸,巳,庚,午,False,False,False,False,,True,False,True,year,False,False,False,,False,False,False,,False,,False,,False,False,True,False,False,1,5,Monday
1986-05-27,38,0,0.0,2,5.2631578947368425,0,0.0,0,0.0,0,0.0,3,7.894736842105263,1,2.631578947368421,0,0.0,1,2.631578947368421,28,73.6842105263158,1,2.631578947368421,2,5.2631578947368425,丙寅,癸巳,辛未,丙,寅,癸,巳,辛,未,False,True,False,True,year,False,False,False,,False,False,False,,False,False,False,,False,,False,,False,False,True,False,False,1,5,Tuesday
1986-05-28,48,0,0.0,1,2.083333333333333,0,0.0,0,0.0,0,0.0,3,6.25,1,2.083333333333333,1,2.083333333333333,0,0.0,37,77.08333333333333,1,2.083333333333333,3,6.25,丙寅,癸巳,壬申,丙,寅,癸,巳,壬,申,False,False,False,False,,False,False,False,,False,True,True,month,True,False,True,year,True,year+month,False,,True,False,True,True,True,3,5,Wednesday
1986-05-29,41,1,2.4390243902439024,5,12.195121951219512,0,0.0,0,0.0,0,0.0,4,9.75609756097561,1,2.4390243902439024,0,0.0,0,0.0,30,73.17073170731707,0,0.0,1,2.4390243902439024,丙寅,癸巳,癸酉,丙,寅,癸,巳,癸,酉,False,False,False,False,,False,True,True,month,False,False,False,,False,False,False,,False,,False,,False,False,True,False,False,1,5,Thursday
1986-05-30,38,0,0.0,1,2.631578947368421,0,0.0,1,2.631578947368421,0,0.0,4,10.526315789473683,3,7.894736842105263,0,0.0,0,0.0,27,71.05263157894737,1,2.631578947368421,1,2.631578947368421,丙寅,癸巳,甲戌,丙,寅,癸,巳,甲,戌,False,False,False,False,,True,False,True,year,False,False,False,,False,False,False,,False,,False,,False,False,True,False,False,1,5,Friday
1986-05-31,54,0,0.0,4,7.407407407407407,1,1.851851851851852,1,1.851851851851852,1,1.851851851851852,5,9.25925925925926,1,1.851851851851852,0,0.0,1,1.851851851851852,42,77.77777777777777,2,3.703703703703704,1,1.851851851851852,丙寅,癸巳,乙亥,丙,寅,癸,巳,乙,亥,False,False,False,False,,False,False,False,,True,False,True,year,False,True,True,month,False,,False,,False,False,True,True,True,2,5,Saturday
1986-06-01,38,1,2.631578947368421,8,21.05263157894737,0,0.0,0,0.0,0,0.0,4,10.526315789473683,2,5.2631578947368425,0,0.0,0,0.0,25,65.78947368421052,0,0.0,0,0.0,丙寅,癸巳,丙子,丙,寅,癸,巳,丙,子,False,False,False,False,,False,False,False,,False,False,False,,False,False,False,,False,,False,,False,False,False,False,False,0,6,Sunday
1986-06-02,32,0,0.0,1,3.125,0,0.0,0,0.0,0,0.0,4,12.5,1,3.125,0,0.0,0,0.0,25,78.125,0,0.0,0,0.0,丙寅,癸巳,丁丑,丙,寅,癸,巳,丁,丑,False,False,False,False,,False,True,True,month,False,False,False,,False,False,False,,False,,False,,False,False,True,False,False,1,6,Monday
1986-06-03,42,0,0.0,7,16.666666666666668,1,2.380952380952381,2,4.761904761904762,0,0.0,2,4.761904761904762,1,2.380952380952381,0,0.0,0,0.0,30,71.42857142857143,1,2.380952380952381,3,7.142857142857143,丙寅,癸巳,戊寅,丙,寅,癸,巳,戊,寅,False,False,True,True,month,False,False,False,,False,False,False,,False,False,False,,True,month,True,month,True,False,True,True,True,3,6,Tuesday
1986-06-04,41,0,0.0,7,17.073170731707318,2,4.878048780487805,0,0.0,1,2.4390243902439024,4,9.75609756097561,1,2.4390243902439024,0,0.0,0,0.0,19,46.34146341463415,0,0.0,3,7.317073170731708,丙寅,癸巳,己卯,丙,寅,癸,巳,己,卯,False,False,False,False,,False,False,False,,False,False,False,,False,False,False,,False,,False,,False,False,False,False,False,0,6,Wednesday
1986-06-05,39,1,2.5641025641025643,5,12.82051282051282,0,0.0,0,0.0,0,0.0,3,7.6923076923076925,1,2.5641025641025643,0,0.0,1,2.5641025641025643,28,71.7948717948718,0,0.0,0,0.0,丙寅,癸巳,庚辰,丙,寅,癸,巳,庚,辰,False,False,False,False,,False,False,False,,False,False,False,,False,False,False,,False,,False,,False,False,False,False,False,0,6,Thursday
1986-06-06,65,0,0.0,7,10.76923076923077,1,1.5384615384615383,1,1.5384615384615383,0,0.0,6,9.23076923076923,2,3.076923076923077,0,0.0,0,0.0,39,60.0,0,0.0,1,1.5384615384615383,丙寅,甲午,辛巳,丙,寅,甲,午,辛,巳,True,True,False,True,year,False,False,False,,False,False,False,,False,False,False,,True,year,True,year,True,False,True,True,True,3,6,Friday
1986-06-07,31,1,3.225806451612903,3,9.67741935483871,0,0.0,1,3.225806451612903,0,0.0,1,3.225806451612903,2,6.451612903225806,0,0.0,2,6.451612903225806,23,74.19354838709677,0,0.0,0,0.0,丙寅,甲午,壬午,丙,寅,甲,午,壬,午,False,False,False,False,,True,False,True,year,False,False,False,,False,False,False,,True,month,False,,True,False,True,True,True,2,6,Saturday
1986-06-08,40,1,2.5,3,7.5,0,0.0,0,0.0,0,0.0,2,5.0,2,5.0,0,0.0,2,5.0,27,67.5,0,0.0,2,5.0,丙寅,甲午,癸未,丙,寅,甲,午,癸,未,False,False,False,False,,False,False,False,,False,True,True,month,False,False,False,,False,,False,,False,False,True,False,False,1,6,Sunday
1986-06-09,31,0,0.0,4,12.903225806451612,0,0.0,0,0.0,0,0.0,4,12.903225806451612,1,3.225806451612903,0,0.0,1,3.225806451612903,21,67.74193548387096,1,3.225806451612903,0,0.0,丙寅,甲午,甲申,丙,寅,甲,午,甲,申,False,False,False,False,,False,False,False,,False,False,False,,True,False,True,year,True,year,False,,True,False,False,True,False,2,6,Monday
1986-06-10,48,0,0.0,7,14.583333333333334,1,2.083333333333333,0,0.0,0,0.0,5,10.416666666666666,2,4.166666666666667,0,0.0,0,0.0,29,60.41666666666666,0,0.0,1,2.083333333333333,丙寅,甲午,乙酉,丙,寅,甲,午,乙,酉,False,False,False,False,,False,False,False,,False,False,False,,False,False,False,,False,,False,,False,False,False,False,False,0,6,Tuesday
1986-06-11,35,1,2.857142857142857,2,5.714285714285714,0,0.0,0,0.0,0,0.0,4,11.428571428571429,2,5.714285714285714,0,0.0,0,0.0,24,68.57142857142857,1,2.857142857142857,1,2.857142857142857,丙寅,甲午,丙戌,丙,寅,甲,午,丙,戌,False,False,False,False,,True,True,True,year+month,False,False,False,,False,False,False,,False,,False,,False,False,True,False,False,1,6,Wednesday
1986-06-12,48,1,2.083333333333333,7,14.583333333333334,0,0.0,0,0.0,0,0.0,5,10.416666666666666,1,2.083333333333333,0,0.0,1,2.083333333333333,28,58.333333333333336,2,4.166666666666667,2,4.166666666666667,丙寅,甲午,丁亥,丙,寅,甲,午,丁,亥,False,False,False,False,,False,False,False,,True,False,True,year,False,False,False,,False,,False,,False,False,True,False,False,1,6,Thursday
1986-06-13,54,4,7.407407407407407,11,20.37037037037037,0,0.0,0,0.0,0,0.0,6,11.11111111111111,0,0.0,0,0.0,2,3.703703703703704,33,61.11111111111112,3,5.555555555555555,0,0.0,丙寅,甲午,戊子,丙,寅,甲,午,戊,子,False,False,False,False,,False,False,False,,False,False,False,,False,True,True,month,False,,False,,False,False,False,True,False,1,6,Friday
1986-06-14,32,0,0.0,5,15.625,0,0.0,0,0.0,0,0.0,0,0.0,0,0.0,0,0.0,1,3.125,23,71.875,0,0.0,1,3.125,丙寅,甲午,己丑,丙,寅,甲,午,己,丑,False,False,True,True,month,False,False,False,,False,False,False,,False,False,False,,False,,True,month,True,False,True,True,True,2,6,Saturday
1986-06-15,39,0,0.0,2,5.128205128205129,2,5.128205128205129,0,0.0,0,0.0,5,12.82051282051282,0,0.0,0,0.0,0,0.0,26,66.66666666666667,1,2.5641025641025643,0,0.0,丙寅,甲午,庚寅,丙,寅,甲,午,庚,寅,False,False,False,False,,False,True,True,month,False,False,False,,False,False,False,,False,,False,,False,False,True,False,False,1,6,Sunday
1986-06-16,40,0,0.0,3,7.5,0,0.0,1,2.5,0,0.0,2,5.0,1,2.5,0,0.0,0,0.0,34,85.0,1,2.5,0,0.0,丙寅,甲午,辛卯,丙,寅,甲,午,辛,卯,False,True,False,True,year,False,False,False,,False,False,False,,False,False,False,,False,,False,,False,False,True,False,False,1,6,Monday
1986-06-17,50,2,4.0,7,14.0,0,0.0,1,2.0,0,0.0,2,4.0,2,4.0,0,0.0,0,0.0,33,66.0,0,0.0,1,2.0,丙寅,甲午,壬辰,丙,寅,甲,午,壬,辰,False,False,False,False,,False,False,False,,False,False,False,,False,False,False,,False,,False,,False,False,False,False,False,0,6,Tuesday
1986-06-18,43,0,0.0,6,13.953488372093023,1,2.3255813953488373,0,0.0,0,0.0,2,4.651162790697675,4,9.30232558139535,0,0.0,1,2.3255813953488373,25,58.13953488372093,1,2.3255813953488373,2,4.651162790697675,丙寅,甲午,癸巳,丙,寅,甲,午,癸,巳,False,False,False,False,,False,False,False,,False,False,False,,False,False,False,,True,year,True,year,True,False,False,True,False,2,6,Wednesday
1986-06-19,47,0,0.0,5,10.638297872340424,0,0.0,0,0.0,0,0.0,3,6.382978723404255,1,2.127659574468085,0,0.0,0,0.0,35,74.46808510638297,0,0.0,0,0.0,丙寅,甲午,甲午,丙,寅,甲,午,甲,午,False,False,False,False,,True,False,True,year,False,False,False,,False,False,False,,True,month,False,,True,False,True,True,True,2,6,Thursday
1986-06-20,47,0,0.0,9,19.148936170212767,0,0.0,0,0.0,0,0.0,5,10.638297872340424,2,4.25531914893617,0,0.0,1,2.127659574468085,33,70.2127659574468,0,0.0,2,4.25531914893617,丙寅,甲午,乙未,丙,寅,甲,午,乙,未,False,False,False,False,,False,False,False,,False,True,True,month,False,False,False,,False,,False,,False,False,True,False,False,1,6,Friday
1986-06-21,41,1,2.4390243902439024,4,9.75609756097561,0,0.0,0,0.0,0,0.0,1,2.4390243902439024,2,4.878048780487805,0,0.0,1,2.4390243902439024,30,73.17073170731707,0,0.0,0,0.0,丙寅,甲午,丙申,丙,寅,甲,午,丙,申,False,False,False,False,,False,False,False,,False,False,False,,True,False,True,year,True,year,False,,True,False,False,True,False,2,6,Saturday
1986-06-22,30,0,0.0,3,10.0,0,0.0,0,0.0,0,0.0,1,3.333333333333333,3,10.0,0,0.0,0,0.0,21,70.0,0,0.0,0,0.0,丙寅,甲午,丁酉,丙,寅,甲,午,丁,酉,False,False,False,False,,False,False,False,,False,False,False,,False,False,False,,False,,False,,False,False,False,False,False,0,6,Sunday
1986-06-23,42,0,0.0,4,9.523809523809524,0,0.0,0,0.0,0,0.0,1,2.380952380952381,1,2.380952380952381,0,0.0,1,2.380952380952381,28,66.66666666666667,0,0.0,2,4.761904761904762,丙寅,甲午,戊戌,丙,寅,甲,午,戊,戌,False,False,False,False,,True,True,True,year+month,False,False,False,,False,False,False,,False,,False,,False,False,True,False,False,1,6,Monday
1986-06-24,51,1,1.96078431372549,4,7.84313725490196,1,1.96078431372549,1,1.96078431372549,0,0.0,6,11.764705882352942,4,7.84313725490196,0,0.0,1,1.96078431372549,33,64.70588235294117,4,7.84313725490196,2,3.92156862745098,丙寅,甲午,己亥,丙,寅,甲,午,己,亥,False,False,True,True,month,False,False,False,,True,False,True,year,False,False,False,,False,,False,,False,False,True,False,False,2,6,Tuesday
1986-06-25,51,0,0.0,3,5.882352941176471,1,1.96078431372549,0,0.0,0,0.0,4,7.84313725490196,0,0.0,0,0.0,0,0.0,38,74.50980392156863,1,1.96078431372549,1,1.96078431372549,丙寅,甲午,庚子,丙,寅,甲,午,庚,子,False,False,False,False,,False,False,False,,False,False,False,,False,True,True,month,False,,False,,False,False,False,True,False,1,6,Wednesday
1986-06-26,49,0,0.0,4,8.16326530612245,2,4.081632653061225,0,0.0,0,0.0,4,8.16326530612245,1,2.0408163265306123,0,0.0,0,0.0,35,71.42857142857143,0,0.0,0,0.0,丙寅,甲午,辛丑,丙,寅,甲,午,辛,丑,False,True,False,True,year,False,False,False,,False,False,False,,False,False,False,,False,,True,month,True,False,True,True,True,2,6,Thursday
1986-06-27,50,0,0.0,4,8.0,2,4.0,0,0.0,0,0.0,4,8.0,3,6.0,0,0.0,0,0.0,36,72.0,0,0.0,2,4.0,丙寅,甲午,壬寅,丙,寅,甲,午,壬,寅,False,False,False,False,,False,True,True,month,False,False,False,,False,False,False,,False,,False,,False,False,True,False,False,1,6,Friday
1986-06-28,43,0,0.0,5,11.627906976744184,1,2.3255813953488373,1,2.3255813953488373,0,0.0,3,6.976744186046512,1,2.3255813953488373,0,0.0,1,2.3255813953488373,28,65.11627906976744,0,0.0,0,0.0,丙寅,甲午,癸卯,丙,寅,甲,午,癸,卯,False,False,False,False,,False,False,False,,False,False,False,,False,False,False,,False,,False,,False,False,False,False,False,0,6,Saturday
1986-06-29,36,1,2.7777777777777777,3,8.333333333333334,0,0.0,0,0.0,0,0.0,4,11.11111111111111,2,5.555555555555555,0,0.0,1,2.7777777777777777,27,75.0,0,0.0,0,0.0,丙寅,甲午,甲辰,丙,寅,甲,午,甲,辰,False,False,False,False,,False,False,False,,False,False,False,,False,False,False,,False,,False,,False,False,False,False,False,0,6,Sunday
1986-06-30,46,1,2.1739130434782608,9,19.565217391304348,0,0.0,0,0.0,0,0.0,1,2.1739130434782608,1,2.1739130434782608,0,0.0,0,0.0,33,71.73913043478261,1,2.1739130434782608,2,4.3478260869565215,丙寅,甲午,乙巳,丙,寅,甲,午,乙,巳,False,False,False,False,,False,False,False,,False,False,False,,False,False,False,,True,year,True,year,True,False,False,True,False,2,6,Monday
1986-07-01,62,3,4.838709677419355,7,11.290322580645162,2,3.225806451612903,1,1.6129032258064515,0,0.0,5,8.064516129032258,3,4.838709677419355,0,0.0,1,1.6129032258064515,39,62.903225806451616,0,0.0,2,3.225806451612903,丙寅,甲午,丙午,丙,寅,甲,午,丙,午,False,False,False,False,,True,False,True,year,False,False,False,,False,False,False,,True,month,False,,True,False,True,True,True,2,7,Tuesday
1986-07-02,44,1,2.272727272727273,2,4.545454545454546,2,4.545454545454546,0,0.0,0,0.0,5,11.363636363636363,0,0.0,1,2.272727272727273,0,0.0,26,59.09090909090909,0,0.0,0,0.0,丙寅,甲午,丁未,丙,寅,甲,午,丁,未,False,False,False,False,,False,False,False,,False,True,True,month,False,False,False,,False,,False,,False,False,True,False,False,1,7,Wednesday
1986-07-03,39,1,2.5641025641025643,5,12.82051282051282,0,0.0,0,0.0,0,0.0,1,2.5641025641025643,1,2.5641025641025643,0,0.0,0,0.0,27,69.23076923076923,0,0.0,4,10.256410256410255,丙寅,甲午,戊申,丙,寅,甲,午,戊,申,False,False,False,False,,False,False,False,,False,False,False,,True,False,True,year,True,year,False,,True,False,False,True,False,2,7,Thursday
1986-07-04,46,1,2.1739130434782608,5,10.869565217391305,0,0.0,1,2.1739130434782608,0,0.0,6,13.043478260869565,5,10.869565217391305,0,0.0,0,0.0,32,69.56521739130434,0,0.0,0,0.0,丙寅,甲午,己酉,丙,寅,甲,午,己,酉,False,False,True,True,month,False,False,False,,False,False,False,,False,False,False,,False,,False,,False,False,True,False,False,1,7,Friday
1986-07-05,35,0,0.0,1,2.857142857142857,1,2.857142857142857,0,0.0,0,0.0,1,2.857142857142857,2,5.714285714285714,0,0.0,1,2.857142857142857,29,82.85714285714286,1,2.857142857142857,1,2.857142857142857,丙寅,甲午,庚戌,丙,寅,甲,午,庚,戌,False,False,False,False,,True,True,True,year+month,False,False,False,,False,False,False,,False,,False,,False,False,True,False,False,1,7,Saturday
1986-07-06,30,1,3.333333333333333,3,10.0,0,0.0,0,0.0,0,0.0,0,0.0,4,13.333333333333334,0,0.0,1,3.333333333333333,20,66.66666666666667,0,0.0,1,3.333333333333333,丙寅,甲午,辛亥,丙,寅,甲,午,辛,亥,False,True,False,True,year,False,False,False,,True,False,True,year,False,False,False,,False,,False,,False,False,True,False,False,2,7,Sunday
1986-07-07,46,0,0.0,7,15.217391304347826,1,2.1739130434782608,0,0.0,0,0.0,5,10.869565217391305,2,4.3478260869565215,0,0.0,0,0.0,29,63.04347826086956,1,2.1739130434782608,2,4.3478260869565215,丙寅,甲午,壬子,丙,寅,甲,午,壬,子,True,False,False,False,,False,False,False,,False,False,False,,False,True,True,month,False,,False,,False,False,False,True,False,1,7,Monday
1986-07-08,52,0,0.0,6,11.538461538461538,0,0.0,0,0.0,0,0.0,4,7.6923076923076925,5,9.615384615384617,0,0.0,0,0.0,36,69.23076923076923,0,0.0,2,3.8461538461538463,丙寅,乙未,癸丑,丙,寅,乙,未,癸,丑,False,False,False,False,,False,False,False,,False,False,False,,False,True,True,month,True,month,False,,True,False,False,True,False,2,7,Tuesday
1986-07-09,48,2,4.166666666666667,9,18.75,0,0.0,0,0.0,0,0.0,1,2.083333333333333,3,6.25,0,0.0,0,0.0,34,70.83333333333333,0,0.0,3,6.25,丙寅,乙未,甲寅,丙,寅,乙,未,甲,寅,False,False,False,False,,False,False,False,,False,False,False,,False,False,False,,False,,False,,False,False,False,False,False,0,7,Wednesday
1986-07-10,50,0,0.0,6,12.0,1,2.0,1,2.0,0,0.0,5,10.0,4,8.0,0,0.0,0,0.0,36,72.0,0,0.0,2,4.0,丙寅,乙未,乙卯,丙,寅,乙,未,乙,卯,False,False,False,False,,False,True,True,month,False,False,False,,False,False,False,,False,,False,,False,False,True,False,False,1,7,Thursday
1986-07-11,40,1,2.5,2,5.0,0,0.0,0,0.0,0,0.0,1,2.5,1,2.5,0,0.0,0,0.0,32,80.0,1,2.5,0,0.0,丙寅,乙未,丙辰,丙,寅,乙,未,丙,辰,False,False,False,False,,False,False,False,,False,False,False,,False,False,False,,False,,False,,False,False,False,False,False,0,7,Friday
1986-07-12,35,1,2.857142857142857,3,8.571428571428571,0,0.0,0,0.0,0,0.0,3,8.571428571428571,1,2.857142857142857,0,0.0,2,5.714285714285714,26,74.28571428571429,0,0.0,1,2.857142857142857,丙寅,乙未,丁巳,丙,寅,乙,未,丁,巳,False,False,False,False,,False,False,False,,False,False,False,,False,False,False,,True,year,True,year,True,False,False,True,False,2,7,Saturday
1986-07-13,27,1,3.703703703703704,1,3.703703703703704,0,0.0,0,0.0,0,0.0,1,3.703703703703704,3,11.11111111111111,0,0.0,0,0.0,19,70.37037037037037,0,0.0,1,3.703703703703704,丙寅,乙未,戊午,丙,寅,乙,未,戊,午,False,False,False,False,,True,False,True,year,False,True,True,month,False,False,False,,False,,False,,False,False,True,False,False,2,7,Sunday
1986-07-14,42,0,0.0,1,2.380952380952381,1,2.380952380952381,0,0.0,0,0.0,4,9.523809523809524,2,4.761904761904762,0,0.0,0,0.0,31,73.80952380952381,0,0.0,0,0.0,丙寅,乙未,己未,丙,寅,乙,未,己,未,False,False,False,False,,False,False,False,,False,False,False,,False,False,False,,False,,False,,False,False,False,False,False,0,7,Monday
1986-07-15,47,1,2.127659574468085,10,21.27659574468085,0,0.0,0,0.0,0,0.0,1,2.127659574468085,1,2.127659574468085,0,0.0,1,2.127659574468085,29,61.70212765957447,2,4.25531914893617,1,2.127659574468085,丙寅,乙未,庚申,丙,寅,乙,未,庚,申,False,False,True,True,month,False,False,False,,False,False,False,,True,False,True,year,True,year,False,,True,False,True,True,True,3,7,Tuesday
1986-07-16,37,0,0.0,4,10.81081081081081,0,0.0,0,0.0,0,0.0,2,5.405405405405405,0,0.0,0,0.0,0,0.0,29,78.37837837837837,2,5.405405405405405,2,5.405405405405405,丙寅,乙未,辛酉,丙,寅,乙,未,辛,酉,False,True,False,True,year,False,False,False,,False,False,False,,False,False,False,,False,,False,,False,False,True,False,False,1,7,Wednesday
1986-07-17,44,0,0.0,9,20.454545454545453,0,0.0,0,0.0,0,0.0,5,11.363636363636363,2,4.545454545454546,0,0.0,0,0.0,27,61.36363636363637,0,0.0,2,4.545454545454546,丙寅,乙未,壬戌,丙,寅,乙,未,壬,戌,False,False,False,False,,True,False,True,year,False,False,False,,False,False,False,,True,month,False,,True,False,True,True,True,2,7,Thursday
1986-07-18,58,1,1.7241379310344829,7,12.06896551724138,1,1.7241379310344829,0,0.0,0,0.0,6,10.344827586206897,3,5.172413793103448,0,0.0,0,0.0,41,70.6896551724138,0,0.0,1,1.7241379310344829,丙寅,乙未,癸亥,丙,寅,乙,未,癸,亥,False,False,False,False,,False,True,True,month,True,False,True,year,False,False,False,,False,,False,,False,False,True,False,False,2,7,Friday
1986-07-19,44,0,0.0,5,11.363636363636363,0,0.0,0,0.0,0,0.0,3,6.818181818181818,5,11.363636363636363,0,0.0,2,4.545454545454546,26,59.09090909090909,2,4.545454545454546,4,9.090909090909092,丙寅,乙未,甲子,丙,寅,乙,未,甲,子,False,False,False,False,,False,False,False,,False,False,False,,False,False,False,,False,,True,month,True,False,False,True,False,1,7,Saturday
1986-07-20,26,0,0.0,1,3.8461538461538463,0,0.0,0,0.0,0,0.0,3,11.538461538461538,0,0.0,0,0.0,0,0.0,19,73.07692307692308,0,0.0,0,0.0,丙寅,乙未,乙丑,丙,寅,乙,未,乙,丑,False,False,False,False,,False,False,False,,False,False,False,,False,True,True,month,True,month,False,,True,False,False,True,False,2,7,Sunday
1986-07-21,49,0,0.0,8,16.3265306122449,0,0.0,0,0.0,0,0.0,4,8.16326530612245,1,2.0408163265306123,0,0.0,1,2.0408163265306123,31,63.265306122448976,4,8.16326530612245,4,8.16326530612245,丙寅,乙未,丙寅,丙,寅,乙,未,丙,寅,False,False,False,False,,False,False,False,,False,False,False,,False,False,False,,False,,False,,False,False,False,False,False,0,7,Monday
1986-07-22,58,0,0.0,7,12.06896551724138,0,0.0,0,0.0,0,0.0,5,8.620689655172415,2,3.4482758620689653,0,0.0,0,0.0,40,68.96551724137932,3,5.172413793103448,2,3.4482758620689653,丙寅,乙未,丁卯,丙,寅,乙,未,丁,卯,False,False,False,False,,False,True,True,month,False,False,False,,False,False,False,,False,,False,,False,False,True,False,False,1,7,Tuesday
1986-07-23,38,3,7.894736842105263,3,7.894736842105263,0,0.0,0,0.0,0,0.0,6,15.789473684210526,2,5.2631578947368425,0,0.0,0,0.0,20,52.63157894736842,0,0.0,1,2.631578947368421,丙寅,乙未,戊辰,丙,寅,乙,未,戊,辰,False,False,False,False,,False,False,False,,False,False,False,,False,False,False,,False,,False,,False,False,False,False,False,0,7,Wednesday
1986-07-24,47,0,0.0,7,14.893617021276595,1,2.127659574468085,0,0.0,1,2.127659574468085,4,8.51063829787234,5,10.638297872340424,0,0.0,0,0.0,28,59.57446808510638,0,0.0,1,2.127659574468085,丙寅,乙未,己巳,丙,寅,乙,未,己,巳,False,False,False,False,,False,False,False,,False,False,False,,False,False,False,,True,year,True,year,True,False,False,True,False,2,7,Thursday
1986-07-25,38,0,0.0,2,5.2631578947368425,0,0.0,0,0.0,0,0.0,4,10.526315789473683,0,0.0,0,0.0,0,0.0,29,76.3157894736842,0,0.0,1,2.631578947368421,丙寅,乙未,庚午,丙,寅,乙,未,庚,午,False,False,True,True,month,True,False,True,year,False,True,True,month,False,False,False,,False,,False,,False,True,True,False,False,3,7,Friday
1986-07-26,40,0,0.0,6,15.0,0,0.0,0,0.0,0,0.0,4,10.0,0,0.0,0,0.0,0,0.0,29,72.5,2,5.0,1,2.5,丙寅,乙未,辛未,丙,寅,乙,未,辛,未,False,True,False,True,year,False,False,False,,False,False,False,,False,False,False,,False,,False,,False,False,True,False,False,1,7,Saturday
1986-07-27,35,0,0.0,3,8.571428571428571,0,0.0,0,0.0,0,0.0,1,2.857142857142857,1,2.857142857142857,0,0.0,0,0.0,25,71.42857142857143,0,0.0,0,0.0,丙寅,乙未,壬申,丙,寅,乙,未,壬,申,False,False,False,False,,False,False,False,,False,False,False,,True,False,True,year,True,year,False,,True,False,False,True,False,2,7,Sunday
1986-07-28,51,0,0.0,8,15.68627450980392,0,0.0,1,1.96078431372549,0,0.0,5,9.803921568627452,2,3.92156862745098,0,0.0,2,3.92156862745098,27,52.94117647058823,0,0.0,2,3.92156862745098,丙寅,乙未,癸酉,丙,寅,乙,未,癸,酉,False,False,False,False,,False,False,False,,False,False,False,,False,False,False,,False,,False,,False,False,False,False,False,0,7,Monday
1986-07-29,53,1,1.8867924528301887,6,11.320754716981131,0,0.0,0,0.0,0,0.0,5,9.433962264150944,0,0.0,0,0.0,0,0.0,40,75.47169811320755,0,0.0,1,1.8867924528301887,丙寅,乙未,甲戌,丙,寅,乙,未,甲,戌,False,False,False,False,,True,False,True,year,False,False,False,,False,False,False,,True,month,False,,True,False,True,True,True,2,7,Tuesday
1986-07-30,34,1,2.9411764705882355,3,8.823529411764707,1,2.9411764705882355,1,2.9411764705882355,0,0.0,1,2.9411764705882355,0,0.0,0,0.0,0,0.0,25,73.52941176470588,0,0.0,0,0.0,丙寅,乙未,乙亥,丙,寅,乙,未,乙,亥,False,False,False,False,,False,True,True,month,True,False,True,year,False,False,False,,False,,False,,False,False,True,False,False,2,7,Wednesday
1986-07-31,53,1,1.8867924528301887,6,11.320754716981131,0,0.0,0,0.0,0,0.0,5,9.433962264150944,4,7.547169811320755,0,0.0,0,0.0,36,67.9245283018868,0,0.0,1,1.8867924528301887,丙寅,乙未,丙子,丙,寅,乙,未,丙,子,False,False,False,False,,False,False,False,,False,False,False,,False,False,False,,False,,True,month,True,False,False,True,False,1,7,Thursday
1986-08-01,54,3,5.555555555555555,2,3.703703703703704,0,0.0,0,0.0,0,0.0,10,18.51851851851852,3,5.555555555555555,0,0.0,0,0.0,37,68.51851851851852,0,0.0,1,1.851851851851852,丙寅,乙未,丁丑,丙,寅,乙,未,丁,丑,False,False,False,False,,False,False,False,,False,False,False,,False,True,True,month,True,month,False,,True,False,False,True,False,2,8,Friday
1986-08-02,34,0,0.0,5,14.705882352941176,1,2.9411764705882355,0,0.0,0,0.0,0,0.0,3,8.823529411764707,0,0.0,0,0.0,25,73.52941176470588,1,2.9411764705882355,0,0.0,丙寅,乙未,戊寅,丙,寅,乙,未,戊,寅,False,False,False,False,,False,False,False,,False,False,False,,False,False,False,,False,,False,,False,False,False,False,False,0,8,Saturday
1986-08-03,32,0,0.0,2,6.25,2,6.25,0,0.0,0,0.0,2,6.25,1,3.125,0,0.0,1,3.125,17,53.125,0,0.0,3,9.375,丙寅,乙未,己卯,丙,寅,乙,未,己,卯,False,False,False,False,,False,True,True,month,False,False,False,,False,False,False,,False,,False,,False,False,True,False,False,1,8,Sunday
1986-08-04,35,0,0.0,2,5.714285714285714,0,0.0,0,0.0,0,0.0,2,5.714285714285714,1,2.857142857142857,0,0.0,0,0.0,29,82.85714285714286,0,0.0,1,2.857142857142857,丙寅,乙未,庚辰,丙,寅,乙,未,庚,辰,False,False,True,True,month,False,False,False,,False,False,False,,False,False,False,,False,,False,,False,False,True,False,False,1,8,Monday
1986-08-05,45,0,0.0,5,11.11111111111111,1,2.2222222222222223,0,0.0,0,0.0,2,4.444444444444445,3,6.666666666666667,0,0.0,0,0.0,30,66.66666666666667,1,2.2222222222222223,0,0.0,丙寅,乙未,辛巳,丙,寅,乙,未,辛,巳,False,True,False,True,year,False,False,False,,False,False,False,,False,False,False,,True,year,True,year,True,False,True,True,True,3,8,Tuesday
1986-08-06,45,1,2.2222222222222223,5,11.11111111111111,0,0.0,0,0.0,0,0.0,5,11.11111111111111,4,8.88888888888889,0,0.0,1,2.2222222222222223,29,64.44444444444444,1,2.2222222222222223,0,0.0,丙寅,乙未,壬午,丙,寅,乙,未,壬,午,False,False,False,False,,True,False,True,year,False,True,True,month,False,False,False,,False,,False,,False,False,True,False,False,2,8,Wednesday
1986-08-07,49,1,2.0408163265306123,8,16.3265306122449,0,0.0,0,0.0,0,0.0,3,6.122448979591836,4,8.16326530612245,0,0.0,1,2.0408163265306123,33,67.34693877551021,0,0.0,1,2.0408163265306123,丙寅,乙未,癸未,丙,寅,乙,未,癸,未,False,False,False,False,,False,False,False,,False,False,False,,False,False,False,,False,,False,,False,False,False,False,False,0,8,Thursday
1986-08-08,47,2,4.25531914893617,8,17.02127659574468,1,2.127659574468085,1,2.127659574468085,0,0.0,2,4.25531914893617,1,2.127659574468085,0,0.0,0,0.0,30,63.82978723404256,0,0.0,1,2.127659574468085,丙寅,丙申,甲申,丙,寅,丙,申,甲,申,True,False,False,False,,False,False,False,,False,False,False,,True,False,True,year,True,year,False,,True,False,False,True,False,2,8,Friday
1986-08-09,48,0,0.0,5,10.416666666666666,0,0.0,0,0.0,0,0.0,2,4.166666666666667,4,8.333333333333334,0,0.0,1,2.083333333333333,32,66.66666666666667,1,2.083333333333333,0,0.0,丙寅,丙申,乙酉,丙,寅,丙,申,乙,酉,False,False,False,False,,False,False,False,,False,False,False,,False,False,False,,False,,False,,False,False,False,False,False,0,8,Saturday
1986-08-10,43,1,2.3255813953488373,2,4.651162790697675,0,0.0,0,0.0,0,0.0,1,2.3255813953488373,2,4.651162790697675,0,0.0,1,2.3255813953488373,30,69.76744186046511,0,0.0,2,4.651162790697675,丙寅,丙申,丙戌,丙,寅,丙,申,丙,戌,False,False,False,False,,True,False,True,year,False,False,False,,False,False,False,,False,,False,,False,False,True,False,False,1,8,Sunday
1986-08-11,46,0,0.0,1,2.1739130434782608,1,2.1739130434782608,0,0.0,0,0.0,0,0.0,1,2.1739130434782608,0,0.0,1,2.1739130434782608,37,80.43478260869566,2,4.3478260869565215,0,0.0,丙寅,丙申,丁亥,丙,寅,丙,申,丁,亥,False,False,False,False,,False,False,False,,True,False,True,year,False,False,False,,False,,True,month,True,False,True,True,True,2,8,Monday
1986-08-12,41,0,0.0,3,7.317073170731708,0,0.0,1,2.4390243902439024,1,2.4390243902439024,5,12.195121951219512,2,4.878048780487805,0,0.0,0,0.0,27,65.85365853658537,2,4.878048780487805,2,4.878048780487805,丙寅,丙申,戊子,丙,寅,丙,申,戊,子,False,False,False,False,,False,True,True,month,False,False,False,,False,False,False,,False,,False,,False,False,True,False,False,1,8,Tuesday
1986-08-13,54,0,0.0,2,3.703703703703704,0,0.0,0,0.0,0,0.0,2,3.703703703703704,3,5.555555555555555,0,0.0,2,3.703703703703704,41,75.92592592592592,0,0.0,1,1.851851851851852,丙寅,丙申,己丑,丙,寅,丙,申,己,丑,False,False,False,False,,False,False,False,,False,False,False,,False,False,False,,False,,False,,False,False,False,False,False,0,8,Wednesday
1986-08-14,41,0,0.0,2,4.878048780487805,0,0.0,1,2.4390243902439024,0,0.0,3,7.317073170731708,5,12.195121951219512,0,0.0,0,0.0,28,68.29268292682927,2,4.878048780487805,1,2.4390243902439024,丙寅,丙申,庚寅,丙,寅,丙,申,庚,寅,False,False,False,False,,False,False,False,,False,False,False,,False,True,True,month,True,month,False,,True,False,False,True,False,2,8,Thursday
1986-08-15,42,0,0.0,4,9.523809523809524,0,0.0,0,0.0,0,0.0,5,11.904761904761903,5,11.904761904761903,0,0.0,0,0.0,23,54.76190476190476,2,4.761904761904762,0,0.0,丙寅,丙申,辛卯,丙,寅,丙,申,辛,卯,False,True,True,True,year+month,False,False,False,,False,False,False,,False,False,False,,False,,False,,False,False,True,False,False,1,8,Friday
1986-08-16,38,1,2.631578947368421,5,13.157894736842104,1,2.631578947368421,0,0.0,0,0.0,2,5.2631578947368425,0,0.0,0,0.0,1,2.631578947368421,24,63.1578947368421,0,0.0,2,5.2631578947368425,丙寅,丙申,壬辰,丙,寅,丙,申,壬,辰,False,False,False,False,,False,True,True,month,False,False,False,,False,False,False,,False,,False,,False,False,True,False,False,1,8,Saturday
1986-08-17,37,0,0.0,6,16.216216216216218,1,2.702702702702702,0,0.0,0,0.0,3,8.108108108108109,1,2.702702702702702,0,0.0,0,0.0,22,59.45945945945946,0,0.0,3,8.108108108108109,丙寅,丙申,癸巳,丙,寅,丙,申,癸,巳,False,False,False,False,,False,False,False,,False,True,True,month,False,False,False,,True,year+month,True,year,True,False,True,True,True,3,8,Sunday
1986-08-18,47,0,0.0,3,6.382978723404255,1,2.127659574468085,1,2.127659574468085,0,0.0,3,6.382978723404255,1,2.127659574468085,0,0.0,0,0.0,34,72.34042553191489,1,2.127659574468085,3,6.382978723404255,丙寅,丙申,甲午,丙,寅,丙,申,甲,午,False,False,False,False,,True,False,True,year,False,False,False,,False,False,False,,False,,False,,False,False,True,False,False,1,8,Monday
1986-08-19,59,0,0.0,2,3.389830508474576,0,0.0,1,1.694915254237288,0,0.0,6,10.169491525423728,2,3.389830508474576,0,0.0,0,0.0,41,69.49152542372882,3,5.084745762711864,0,0.0,丙寅,丙申,乙未,丙,寅,丙,申,乙,未,False,False,False,False,,False,False,False,,False,False,False,,False,False,False,,False,,False,,False,False,False,False,False,0,8,Tuesday
1986-08-20,48,1,2.083333333333333,3,6.25,1,2.083333333333333,0,0.0,0,0.0,2,4.166666666666667,1,2.083333333333333,0,0.0,0,0.0,30,62.5,1,2.083333333333333,0,0.0,丙寅,丙申,丙申,丙,寅,丙,申,丙,申,False,False,False,False,,False,False,False,,False,False,False,,True,False,True,year,True,year,False,,True,False,False,True,False,2,8,Wednesday
1986-08-21,58,4,6.896551724137931,6,10.344827586206897,0,0.0,0,0.0,0,0.0,2,3.4482758620689653,8,13.79310344827586,0,0.0,2,3.4482758620689653,41,70.6896551724138,0,0.0,1,1.7241379310344829,丙寅,丙申,丁酉,丙,寅,丙,申,丁,酉,False,False,False,False,,False,False,False,,False,False,False,,False,False,False,,False,,False,,False,False,False,False,False,0,8,Thursday
1986-08-22,39,0,0.0,3,7.6923076923076925,0,0.0,0,0.0,0,0.0,0,0.0,0,0.0,0,0.0,0,0.0,27,69.23076923076923,1,2.5641025641025643,2,5.128205128205129,丙寅,丙申,戊戌,丙,寅,丙,申,戊,戌,False,False,False,False,,True,False,True,year,False,False,False,,False,False,False,,False,,False,,False,False,True,False,False,1,8,Friday
1986-08-23,40,0,0.0,2,5.0,0,0.0,0,0.0,0,0.0,6,15.0,3,7.5,0,0.0,0,0.0,27,67.5,2,5.0,3,7.5,丙寅,丙申,己亥,丙,寅,丙,申,己,亥,False,False,False,False,,False,False,False,,True,False,True,year,False,False,False,,False,,True,month,True,False,True,True,True,2,8,Saturday
1986-08-24,36,1,2.7777777777777777,3,8.333333333333334,1,2.7777777777777777,1,2.7777777777777777,0,0.0,3,8.333333333333334,2,5.555555555555555,0,0.0,1,2.7777777777777777,24,66.66666666666667,0,0.0,1,2.7777777777777777,丙寅,丙申,庚子,丙,寅,丙,申,庚,子,False,False,False,False,,False,True,True,month,False,False,False,,False,False,False,,False,,False,,False,False,True,False,False,1,8,Sunday
1986-08-25,44,0,0.0,1,2.272727272727273,0,0.0,0,0.0,0,0.0,2,4.545454545454546,1,2.272727272727273,0,0.0,0,0.0,34,77.27272727272727,0,0.0,0,0.0,丙寅,丙申,辛丑,丙,寅,丙,申,辛,丑,False,True,True,True,year+month,False,False,False,,False,False,False,,False,False,False,,False,,False,,False,False,True,False,False,1,8,Monday
1986-08-26,51,0,0.0,4,7.84313725490196,0,0.0,0,0.0,0,0.0,4,7.84313725490196,2,3.92156862745098,0,0.0,0,0.0,37,72.54901960784314,0,0.0,1,1.96078431372549,丙寅,丙申,壬寅,丙,寅,丙,申,壬,寅,False,False,False,False,,False,False,False,,False,False,False,,False,True,True,month,True,month,False,,True,False,False,True,False,2,8,Tuesday
1986-08-27,41,1,2.4390243902439024,7,17.073170731707318,0,0.0,0,0.0,0,0.0,4,9.75609756097561,2,4.878048780487805,0,0.0,1,2.4390243902439024,20,48.78048780487805,1,2.4390243902439024,2,4.878048780487805,丙寅,丙申,癸卯,丙,寅,丙,申,癸,卯,False,False,False,False,,False,False,False,,False,False,False,,False,False,False,,False,,False,,False,False,False,False,False,0,8,Wednesday
1986-08-28,49,1,2.0408163265306123,6,12.244897959183673,0,0.0,0,0.0,0,0.0,3,6.122448979591836,0,0.0,0,0.0,0,0.0,31,63.265306122448976,1,2.0408163265306123,2,4.081632653061225,丙寅,丙申,甲辰,丙,寅,丙,申,甲,辰,False,False,False,False,,False,True,True,month,False,False,False,,False,False,False,,False,,False,,False,False,True,False,False,1,8,Thursday
1986-08-29,50,0,0.0,8,16.0,0,0.0,1,2.0,0,0.0,3,6.0,4,8.0,0,0.0,0,0.0,32,64.0,3,6.0,1,2.0,丙寅,丙申,乙巳,丙,寅,丙,申,乙,巳,False,False,False,False,,False,False,False,,False,True,True,month,False,False,False,,True,year+month,True,year,True,False,True,True,True,3,8,Friday
1986-08-30,43,1,2.3255813953488373,3,6.976744186046512,0,0.0,0,0.0,0,0.0,3,6.976744186046512,2,4.651162790697675,0,0.0,0,0.0,30,69.76744186046511,1,2.3255813953488373,3,6.976744186046512,丙寅,丙申,丙午,丙,寅,丙,申,丙,午,False,False,False,False,,True,False,True,year,False,False,False,,False,False,False,,False,,False,,False,False,True,False,False,1,8,Saturday
1986-08-31,40,0,0.0,5,12.5,0,0.0,0,0.0,0,0.0,1,2.5,3,7.5,0,0.0,0,0.0,29,72.5,0,0.0,1,2.5,丙寅,丙申,丁未,丙,寅,丙,申,丁,未,False,False,False,False,,False,False,False,,False,False,False,,False,False,False,,False,,False,,False,False,False,False,False,0,8,Sunday
1986-09-01,48,2,4.166666666666667,5,10.416666666666666,0,0.0,0,0.0,0,0.0,4,8.333333333333334,4,8.333333333333334,0,0.0,0,0.0,31,64.58333333333333,0,0.0,1,2.083333333333333,丙寅,丙申,戊申,丙,寅,丙,申,戊,申,False,False,False,False,,False,False,False,,False,False,False,,True,False,True,year,True,year,False,,True,False,False,True,False,2,9,Monday
1986-09-02,52,1,1.9230769230769231,6,11.538461538461538,0,0.0,1,1.9230769230769231,0,0.0,5,9.615384615384617,1,1.9230769230769231,0,0.0,0,0.0,38,73.07692307692308,0,0.0,1,1.9230769230769231,丙寅,丙申,己酉,丙,寅,丙,申,己,酉,False,False,False,False,,False,False,False,,False,False,False,,False,False,False,,False,,False,,False,False,False,False,False,0,9,Tuesday
1986-09-03,55,0,0.0,5,9.090909090909092,0,0.0,0,0.0,0,0.0,4,7.272727272727272,3,5.454545454545454,0,0.0,1,1.818181818181818,35,63.63636363636363,2,3.636363636363636,1,1.818181818181818,丙寅,丙申,庚戌,丙,寅,丙,申,庚,戌,False,False,False,False,,True,False,True,year,False,False,False,,False,False,False,,False,,False,,False,False,True,False,False,1,9,Wednesday
1986-09-04,47,1,2.127659574468085,5,10.638297872340424,1,2.127659574468085,0,0.0,1,2.127659574468085,3,6.382978723404255,1,2.127659574468085,0,0.0,1,2.127659574468085,36,76.59574468085107,0,0.0,1,2.127659574468085,丙寅,丙申,辛亥,丙,寅,丙,申,辛,亥,False,True,True,True,year+month,False,False,False,,True,False,True,year,False,False,False,,False,,True,month,True,False,True,True,True,3,9,Thursday
1986-09-05,49,0,0.0,3,6.122448979591836,0,0.0,1,2.0408163265306123,0,0.0,3,6.122448979591836,1,2.0408163265306123,0,0.0,1,2.0408163265306123,34,69.38775510204081,0,0.0,3,6.122448979591836,丙寅,丙申,壬子,丙,寅,丙,申,壬,子,False,False,False,False,,False,True,True,month,False,False,False,,False,False,False,,False,,False,,False,False,True,False,False,1,9,Friday
1986-09-06,56,0,0.0,4,7.142857142857143,1,1.7857142857142858,0,0.0,0,0.0,3,5.357142857142857,1,1.7857142857142858,0,0.0,0,0.0,43,76.78571428571429,1,1.7857142857142858,2,3.571428571428572,丙寅,丙申,癸丑,丙,寅,丙,申,癸,丑,False,False,False,False,,False,False,False,,False,False,False,,False,False,False,,False,,False,,False,False,False,False,False,0,9,Saturday
1986-09-07,43,0,0.0,3,6.976744186046512,0,0.0,0,0.0,0,0.0,1,2.3255813953488373,2,4.651162790697675,0,0.0,0,0.0,33,76.74418604651163,0,0.0,1,2.3255813953488373,丙寅,丙申,甲寅,丙,寅,丙,申,甲,寅,False,False,False,False,,False,False,False,,False,False,False,,False,True,True,month,True,month,False,,True,False,False,True,False,2,9,Sunday
1986-09-08,49,0,0.0,5,10.20408163265306,0,0.0,0,0.0,0,0.0,3,6.122448979591836,0,0.0,0,0.0,0,0.0,34,69.38775510204081,1,2.0408163265306123,1,2.0408163265306123,丙寅,丁酉,乙卯,丙,寅,丁,酉,乙,卯,True,False,False,False,,False,False,False,,False,False,False,,False,True,True,month,False,,False,,False,False,False,True,False,1,9,Monday
1986-09-09,46,0,0.0,5,10.869565217391305,0,0.0,0,0.0,0,0.0,3,6.521739130434782,3,6.521739130434782,1,2.1739130434782608,0,0.0,33,71.73913043478261,1,2.1739130434782608,0,0.0,丙寅,丁酉,丙辰,丙,寅,丁,酉,丙,辰,False,False,False,False,,False,False,False,,False,True,True,month,False,False,False,,False,,False,,False,False,True,False,False,1,9,Tuesday
1986-09-10,50,0,0.0,6,12.0,1,2.0,0,0.0,0,0.0,6,12.0,1,2.0,0,0.0,0,0.0,34,68.0,1,2.0,1,2.0,丙寅,丁酉,丁巳,丙,寅,丁,酉,丁,巳,False,False,False,False,,False,True,True,month,False,False,False,,False,False,False,,True,year,True,year,True,False,True,True,True,3,9,Wednesday
1986-09-11,53,0,0.0,6,11.320754716981131,0,0.0,0,0.0,0,0.0,0,0.0,1,1.8867924528301887,1,1.8867924528301887,0,0.0,40,75.47169811320755,1,1.8867924528301887,0,0.0,丙寅,丁酉,戊午,丙,寅,丁,酉,戊,午,False,False,False,False,,True,False,True,year,False,False,False,,False,False,False,,False,,False,,False,False,True,False,False,1,9,Thursday
1986-09-12,48,0,0.0,8,16.666666666666668,0,0.0,0,0.0,0,0.0,3,6.25,1,2.083333333333333,0,0.0,0,0.0,31,64.58333333333333,0,0.0,1,2.083333333333333,丙寅,丁酉,己未,丙,寅,丁,酉,己,未,False,False,False,False,,False,False,False,,False,False,False,,False,False,False,,False,,False,,False,False,False,False,False,0,9,Friday
1986-09-13,37,0,0.0,0,0.0,0,0.0,0,0.0,0,0.0,0,0.0,3,8.108108108108109,0,0.0,2,5.405405405405405,26,70.27027027027027,0,0.0,2,5.405405405405405,丙寅,丁酉,庚申,丙,寅,丁,酉,庚,申,False,False,False,False,,False,False,False,,False,False,False,,True,False,True,year,True,year,False,,True,False,False,True,False,2,9,Saturday
1986-09-14,54,0,0.0,5,9.25925925925926,2,3.703703703703704,0,0.0,0,0.0,4,7.407407407407407,2,3.703703703703704,0,0.0,0,0.0,37,68.51851851851852,1,1.851851851851852,3,5.555555555555555,丙寅,丁酉,辛酉,丙,寅,丁,酉,辛,酉,False,True,False,True,year,False,False,False,,False,False,False,,False,False,False,,True,month,False,,True,False,True,True,True,2,9,Sunday
1986-09-15,56,0,0.0,5,8.928571428571429,0,0.0,0,0.0,0,0.0,7,12.5,3,5.357142857142857,0,0.0,0,0.0,39,69.64285714285714,3,5.357142857142857,1,1.7857142857142858,丙寅,丁酉,壬戌,丙,寅,丁,酉,壬,戌,False,False,True,True,month,True,False,True,year,False,False,False,,False,False,False,,False,,True,month,True,True,True,True,True,3,9,Monday
1986-09-16,46,1,2.1739130434782608,6,13.043478260869565,0,0.0,0,0.0,0,0.0,3,6.521739130434782,2,4.3478260869565215,0,0.0,0,0.0,29,63.04347826086956,0,0.0,1,2.1739130434782608,丙寅,丁酉,癸亥,丙,寅,丁,酉,癸,亥,False,False,False,False,,False,False,False,,True,False,True,year,False,False,False,,False,,False,,False,False,True,False,False,1,9,Tuesday
1986-09-17,40,0,0.0,3,7.5,0,0.0,0,0.0,0,0.0,3,7.5,2,5.0,0,0.0,0,0.0,29,72.5,0,0.0,0,0.0,丙寅,丁酉,甲子,丙,寅,丁,酉,甲,子,False,False,False,False,,False,False,False,,False,False,False,,False,False,False,,False,,False,,False,False,False,False,False,0,9,Wednesday
1986-09-18,35,1,2.857142857142857,6,17.142857142857142,0,0.0,1,2.857142857142857,0,0.0,2,5.714285714285714,2,5.714285714285714,0,0.0,0,0.0,21,60.0,0,0.0,3,8.571428571428571,丙寅,丁酉,乙丑,丙,寅,丁,酉,乙,丑,False,False,False,False,,False,True,True,month,False,False,False,,False,False,False,,False,,False,,False,False,True,False,False,1,9,Thursday
1986-09-19,57,0,0.0,8,14.035087719298245,0,0.0,0,0.0,1,1.7543859649122806,2,3.508771929824561,1,1.7543859649122806,0,0.0,1,1.7543859649122806,40,70.17543859649123,1,1.7543859649122806,1,1.7543859649122806,丙寅,丁酉,丙寅,丙,寅,丁,酉,丙,寅,False,False,False,False,,False,False,False,,False,False,False,,False,False,False,,False,,False,,False,False,False,False,False,0,9,Friday
1986-09-20,47,0,0.0,3,6.382978723404255,0,0.0,0,0.0,0,0.0,2,4.25531914893617,0,0.0,0,0.0,1,2.127659574468085,36,76.59574468085107,3,6.382978723404255,4,8.51063829787234,丙寅,丁酉,丁卯,丙,寅,丁,酉,丁,卯,False,False,False,False,,False,False,False,,False,False,False,,False,True,True,month,False,,False,,False,False,False,True,False,1,9,Saturday
1986-09-21,46,1,2.1739130434782608,2,4.3478260869565215,0,0.0,0,0.0,1,2.1739130434782608,4,8.695652173913043,3,6.521739130434782,0,0.0,2,4.3478260869565215,30,65.21739130434783,1,2.1739130434782608,3,6.521739130434782,丙寅,丁酉,戊辰,丙,寅,丁,酉,戊,辰,False,False,False,False,,False,False,False,,False,True,True,month,False,False,False,,False,,False,,False,False,True,False,False,1,9,Sunday
1986-09-22,58,0,0.0,6,10.344827586206897,0,0.0,0,0.0,0,0.0,2,3.4482758620689653,4,6.896551724137931,0,0.0,2,3.4482758620689653,39,67.24137931034483,3,5.172413793103448,1,1.7241379310344829,丙寅,丁酉,己巳,丙,寅,丁,酉,己,巳,False,False,False,False,,False,True,True,month,False,False,False,,False,False,False,,True,year,True,year,True,False,True,True,True,3,9,Monday
1986-09-23,43,0,0.0,3,6.976744186046512,0,0.0,0,0.0,0,0.0,3,6.976744186046512,1,2.3255813953488373,0,0.0,0,0.0,32,74.4186046511628,0,0.0,1,2.3255813953488373,丙寅,丁酉,庚午,丙,寅,丁,酉,庚,午,False,False,False,False,,True,False,True,year,False,False,False,,False,False,False,,False,,False,,False,False,True,False,False,1,9,Tuesday
1986-09-24,34,0,0.0,5,14.705882352941176,0,0.0,3,8.823529411764707,0,0.0,3,8.823529411764707,5,14.705882352941176,0,0.0,0,0.0,21,61.76470588235294,0,0.0,1,2.9411764705882355,丙寅,丁酉,辛未,丙,寅,丁,酉,辛,未,False,True,False,True,year,False,False,False,,False,False,False,,False,False,False,,False,,False,,False,False,True,False,False,1,9,Wednesday
1986-09-25,46,0,0.0,5,10.869565217391305,0,0.0,0,0.0,0,0.0,3,6.521739130434782,0,0.0,0,0.0,0,0.0,38,82.6086956521739,0,0.0,0,0.0,丙寅,丁酉,壬申,丙,寅,丁,酉,壬,申,False,False,True,True,month,False,False,False,,False,False,False,,True,False,True,year,True,year,False,,True,False,True,True,True,3,9,Thursday
1986-09-26,48,0,0.0,5,10.416666666666666,0,0.0,0,0.0,0,0.0,4,8.333333333333334,4,8.333333333333334,0,0.0,1,2.083333333333333,33,68.75,0,0.0,1,2.083333333333333,丙寅,丁酉,癸酉,丙,寅,丁,酉,癸,酉,False,False,False,False,,False,False,False,,False,False,False,,False,False,False,,True,month,False,,True,False,False,True,False,1,9,Friday
1986-09-27,52,1,1.9230769230769231,6,11.538461538461538,1,1.9230769230769231,0,0.0,0,0.0,5,9.615384615384617,0,0.0,0,0.0,1,1.9230769230769231,35,67.3076923076923,1,1.9230769230769231,2,3.8461538461538463,丙寅,丁酉,甲戌,丙,寅,丁,酉,甲,戌,False,False,False,False,,True,False,True,year,False,False,False,,False,False,False,,False,,True,month,True,False,True,True,True,2,9,Saturday
1986-09-28,30,0,0.0,5,16.666666666666668,0,0.0,0,0.0,0,0.0,1,3.333333333333333,1,3.333333333333333,0,0.0,0,0.0,19,63.333333333333336,0,0.0,2,6.666666666666667,丙寅,丁酉,乙亥,丙,寅,丁,酉,乙,亥,False,False,False,False,,False,False,False,,True,False,True,year,False,False,False,,False,,False,,False,False,True,False,False,1,9,Sunday
1986-09-29,54,1,1.851851851851852,6,11.11111111111111,3,5.555555555555555,0,0.0,0,0.0,3,5.555555555555555,1,1.851851851851852,0,0.0,1,1.851851851851852,35,64.81481481481481,1,1.851851851851852,3,5.555555555555555,丙寅,丁酉,丙子,丙,寅,丁,酉,丙,子,False,False,False,False,,False,False,False,,False,False,False,,False,False,False,,False,,False,,False,False,False,False,False,0,9,Monday
1986-09-30,47,1,2.127659574468085,4,8.51063829787234,2,4.25531914893617,0,0.0,0,0.0,4,8.51063829787234,1,2.127659574468085,0,0.0,0,0.0,33,70.2127659574468,1,2.127659574468085,0,0.0,丙寅,丁酉,丁丑,丙,寅,丁,酉,丁,丑,False,False,False,False,,False,True,True,month,False,False,False,,False,False,False,,False,,False,,False,False,True,False,False,1,9,Tuesday
1986-10-01,37,0,0.0,8,21.62162162162162,0,0.0,0,0.0,0,0.0,4,10.81081081081081,1,2.702702702702702,0,0.0,0,0.0,24,64.86486486486487,0,0.0,1,2.702702702702702,丙寅,丁酉,戊寅,丙,寅,丁,酉,戊,寅,False,False,False,False,,False,False,False,,False,False,False,,False,False,False,,False,,False,,False,False,False,False,False,0,10,Wednesday
1986-10-02,40,0,0.0,4,10.0,0,0.0,1,2.5,0,0.0,2,5.0,3,7.5,0,0.0,0,0.0,28,70.0,0,0.0,0,0.0,丙寅,丁酉,己卯,丙,寅,丁,酉,己,卯,False,False,False,False,,False,False,False,,False,False,False,,False,True,True,month,False,,False,,False,False,False,True,False,1,10,Thursday
1986-10-03,41,0,0.0,3,7.317073170731708,1,2.4390243902439024,0,0.0,0,0.0,5,12.195121951219512,2,4.878048780487805,0,0.0,2,4.878048780487805,29,70.73170731707317,1,2.4390243902439024,0,0.0,丙寅,丁酉,庚辰,丙,寅,丁,酉,庚,辰,False,False,False,False,,False,False,False,,False,True,True,month,False,False,False,,False,,False,,False,False,True,False,False,1,10,Friday
1986-10-04,34,0,0.0,4,11.764705882352942,0,0.0,2,5.882352941176471,1,2.9411764705882355,3,8.823529411764707,4,11.764705882352942,0,0.0,1,2.9411764705882355,22,64.70588235294117,2,5.882352941176471,0,0.0,丙寅,丁酉,辛巳,丙,寅,丁,酉,辛,巳,False,True,False,True,year,False,True,True,month,False,False,False,,False,False,False,,True,year,True,year,True,True,True,True,True,4,10,Saturday
1986-10-05,38,0,0.0,5,13.157894736842104,0,0.0,0,0.0,0,0.0,5,13.157894736842104,0,0.0,0,0.0,0,0.0,27,71.05263157894737,1,2.631578947368421,0,0.0,丙寅,丁酉,壬午,丙,寅,丁,酉,壬,午,False,False,True,True,month,True,False,True,year,False,False,False,,False,False,False,,False,,False,,False,True,True,False,False,2,10,Sunday
1986-10-06,44,1,2.272727272727273,6,13.636363636363637,0,0.0,0,0.0,0,0.0,3,6.818181818181818,2,4.545454545454546,0,0.0,1,2.272727272727273,30,68.18181818181819,0,0.0,0,0.0,丙寅,丁酉,癸未,丙,寅,丁,酉,癸,未,False,False,False,False,,False,False,False,,False,False,False,,False,False,False,,False,,False,,False,False,False,False,False,0,10,Monday
1986-10-07,58,0,0.0,11,18.96551724137931,1,1.7241379310344829,1,1.7241379310344829,0,0.0,3,5.172413793103448,2,3.4482758620689653,0,0.0,0,0.0,40,68.96551724137932,1,1.7241379310344829,0,0.0,丙寅,丁酉,甲申,丙,寅,丁,酉,甲,申,False,False,False,False,,False,False,False,,False,False,False,,True,False,True,year,True,year,False,,True,False,False,True,False,2,10,Tuesday
1986-10-08,42,0,0.0,6,14.285714285714286,0,0.0,0,0.0,0,0.0,4,9.523809523809524,1,2.380952380952381,0,0.0,0,0.0,28,66.66666666666667,0,0.0,1,2.380952380952381,丙寅,丁酉,乙酉,丙,寅,丁,酉,乙,酉,True,False,False,False,,False,False,False,,False,False,False,,False,False,False,,True,month,False,,True,False,False,True,False,1,10,Wednesday
1986-10-09,41,1,2.4390243902439024,4,9.75609756097561,0,0.0,0,0.0,0,0.0,3,7.317073170731708,2,4.878048780487805,0,0.0,2,4.878048780487805,26,63.41463414634146,2,4.878048780487805,1,2.4390243902439024,丙寅,戊戌,丙戌,丙,寅,戊,戌,丙,戌,False,False,False,False,,True,False,True,year,False,False,False,,False,False,False,,False,,False,,False,False,True,False,False,1,10,Thursday
1986-10-10,46,1,2.1739130434782608,1,2.1739130434782608,0,0.0,0,0.0,0,0.0,6,13.043478260869565,0,0.0,0,0.0,0,0.0,34,73.91304347826087,0,0.0,0,0.0,丙寅,戊戌,丁亥,丙,寅,戊,戌,丁,亥,False,False,False,False,,False,False,False,,True,False,True,year,False,False,False,,False,,False,,False,False,True,False,False,1,10,Friday
1986-10-11,31,0,0.0,2,6.451612903225806,0,0.0,0,0.0,0,0.0,0,0.0,3,9.67741935483871,0,0.0,0,0.0,21,67.74193548387096,1,3.225806451612903,1,3.225806451612903,丙寅,戊戌,戊子,丙,寅,戊,戌,戊,子,False,False,False,False,,False,False,False,,False,False,False,,False,False,False,,False,,False,,False,False,False,False,False,0,10,Saturday
1986-10-12,45,0,0.0,4,8.88888888888889,0,0.0,0,0.0,0,0.0,4,8.88888888888889,2,4.444444444444445,0,0.0,0,0.0,34,75.55555555555556,0,0.0,1,2.2222222222222223,丙寅,戊戌,己丑,丙,寅,戊,戌,己,丑,False,False,False,False,,False,False,False,,False,False,False,,False,False,False,,True,month,False,,True,False,False,True,False,1,10,Sunday
1986-10-13,42,0,0.0,1,2.380952380952381,0,0.0,0,0.0,0,0.0,6,14.285714285714286,0,0.0,0,0.0,0,0.0,30,71.42857142857143,0,0.0,0,0.0,丙寅,戊戌,庚寅,丙,寅,戊,戌,庚,寅,False,False,False,False,,False,True,True,month,False,False,False,,False,False,False,,False,,False,,False,False,True,False,False,1,10,Monday
1986-10-14,49,2,4.081632653061225,5,10.20408163265306,0,0.0,0,0.0,0,0.0,5,10.20408163265306,3,6.122448979591836,0,0.0,0,0.0,33,67.34693877551021,1,2.0408163265306123,0,0.0,丙寅,戊戌,辛卯,丙,寅,戊,戌,辛,卯,False,True,False,True,year,False,False,False,,False,True,True,month,False,False,False,,False,,False,,False,False,True,False,False,2,10,Tuesday
1986-10-15,44,0,0.0,7,15.909090909090908,1,2.272727272727273,0,0.0,0,0.0,4,9.090909090909092,2,4.545454545454546,0,0.0,0,0.0,27,61.36363636363637,0,0.0,0,0.0,丙寅,戊戌,壬辰,丙,寅,戊,戌,壬,辰,False,False,False,False,,False,False,False,,False,False,False,,False,True,True,month,False,,False,,False,False,False,True,False,1,10,Wednesday
1986-10-16,42,1,2.380952380952381,3,7.142857142857143,0,0.0,1,2.380952380952381,1,2.380952380952381,2,4.761904761904762,2,4.761904761904762,0,0.0,0,0.0,31,73.80952380952381,0,0.0,2,4.761904761904762,丙寅,戊戌,癸巳,丙,寅,戊,戌,癸,巳,False,False,True,True,month,False,False,False,,False,False,False,,False,False,False,,True,year,True,year,True,False,True,True,True,3,10,Thursday
1986-10-17,52,0,0.0,4,7.6923076923076925,1,1.9230769230769231,0,0.0,0,0.0,5,9.615384615384617,6,11.538461538461538,0,0.0,0,0.0,33,63.46153846153846,0,0.0,0,0.0,丙寅,戊戌,甲午,丙,寅,戊,戌,甲,午,False,False,False,False,,True,True,True,year+month,False,False,False,,False,False,False,,False,,False,,False,False,True,False,False,1,10,Friday
1986-10-18,30,0,0.0,3,10.0,0,0.0,1,3.333333333333333,0,0.0,4,13.333333333333334,5,16.666666666666668,0,0.0,0,0.0,15,50.0,0,0.0,2,6.666666666666667,丙寅,戊戌,乙未,丙,寅,戊,戌,乙,未,False,False,False,False,,False,False,False,,False,False,False,,False,False,False,,True,month,False,,True,False,False,True,False,1,10,Saturday
1986-10-19,32,1,3.125,3,9.375,0,0.0,0,0.0,0,0.0,2,6.25,3,9.375,0,0.0,0,0.0,25,78.125,0,0.0,1,3.125,丙寅,戊戌,丙申,丙,寅,戊,戌,丙,申,False,False,False,False,,False,False,False,,False,False,False,,True,False,True,year,True,year,False,,True,False,False,True,False,2,10,Sunday
1986-10-20,46,0,0.0,1,2.1739130434782608,1,2.1739130434782608,0,0.0,0,0.0,3,6.521739130434782,3,6.521739130434782,0,0.0,0,0.0,32,69.56521739130434,1,2.1739130434782608,2,4.3478260869565215,丙寅,戊戌,丁酉,丙,寅,戊,戌,丁,酉,False,False,False,False,,False,False,False,,False,False,False,,False,False,False,,False,,True,month,True,False,False,True,False,1,10,Monday
1986-10-21,33,0,0.0,1,3.0303030303030303,0,0.0,0,0.0,0,0.0,4,12.12121212121212,0,0.0,0,0.0,0,0.0,27,81.81818181818181,2,6.0606060606060606,0,0.0,丙寅,戊戌,戊戌,丙,寅,戊,戌,戊,戌,False,False,False,False,,True,False,True,year,False,False,False,,False,False,False,,False,,False,,False,False,True,False,False,1,10,Tuesday
1986-10-22,44,0,0.0,4,9.090909090909092,0,0.0,0,0.0,0,0.0,3,6.818181818181818,2,4.545454545454546,0,0.0,0,0.0,27,61.36363636363637,0,0.0,0,0.0,丙寅,戊戌,己亥,丙,寅,戊,戌,己,亥,False,False,False,False,,False,False,False,,True,False,True,year,False,False,False,,False,,False,,False,False,True,False,False,1,10,Wednesday
1986-10-23,37,0,0.0,4,10.81081081081081,0,0.0,0,0.0,0,0.0,1,2.702702702702702,2,5.405405405405405,0,0.0,1,2.702702702702702,25,67.56756756756756,1,2.702702702702702,2,5.405405405405405,丙寅,戊戌,庚子,丙,寅,戊,戌,庚,子,False,False,False,False,,False,False,False,,False,False,False,,False,False,False,,False,,False,,False,False,False,False,False,0,10,Thursday
1986-10-24,47,1,2.127659574468085,4,8.51063829787234,0,0.0,0,0.0,0,0.0,3,6.382978723404255,1,2.127659574468085,0,0.0,0,0.0,38,80.85106382978724,0,0.0,0,0.0,丙寅,戊戌,辛丑,丙,寅,戊,戌,辛,丑,False,True,False,True,year,False,False,False,,False,False,False,,False,False,False,,True,month,False,,True,False,True,True,True,2,10,Friday
1986-10-25,37,0,0.0,5,13.513513513513514,0,0.0,0,0.0,0,0.0,5,13.513513513513514,1,2.702702702702702,0,0.0,0,0.0,27,72.97297297297297,0,0.0,1,2.702702702702702,丙寅,戊戌,壬寅,丙,寅,戊,戌,壬,寅,False,False,False,False,,False,True,True,month,False,False,False,,False,False,False,,False,,False,,False,False,True,False,False,1,10,Saturday
1986-10-26,37,0,0.0,3,8.108108108108109,0,0.0,0,0.0,0,0.0,5,13.513513513513514,2,5.405405405405405,0,0.0,0,0.0,25,67.56756756756756,0,0.0,0,0.0,丙寅,戊戌,癸卯,丙,寅,戊,戌,癸,卯,False,False,True,True,month,False,False,False,,False,True,True,month,False,False,False,,False,,False,,False,False,True,False,False,2,10,Sunday
1986-10-27,50,0,0.0,12,24.0,0,0.0,0,0.0,1,2.0,4,8.0,5,10.0,0,0.0,0,0.0,33,66.0,1,2.0,2,4.0,丙寅,戊戌,甲辰,丙,寅,戊,戌,甲,辰,False,False,False,False,,False,False,False,,False,False,False,,False,True,True,month,False,,False,,False,False,False,True,False,1,10,Monday
1986-10-28,42,0,0.0,5,11.904761904761903,0,0.0,1,2.380952380952381,1,2.380952380952381,4,9.523809523809524,3,7.142857142857143,0,0.0,0,0.0,25,59.523809523809526,2,4.761904761904762,1,2.380952380952381,丙寅,戊戌,乙巳,丙,寅,戊,戌,乙,巳,False,False,False,False,,False,False,False,,False,False,False,,False,False,False,,True,year,True,year,True,False,False,True,False,2,10,Tuesday
1986-10-29,37,0,0.0,7,18.91891891891892,0,0.0,0,0.0,0,0.0,2,5.405405405405405,1,2.702702702702702,0,0.0,0,0.0,25,67.56756756756756,1,2.702702702702702,1,2.702702702702702,丙寅,戊戌,丙午,丙,寅,戊,戌,丙,午,False,False,False,False,,True,True,True,year+month,False,False,False,,False,False,False,,False,,False,,False,False,True,False,False,1,10,Wednesday
1986-10-30,41,1,2.4390243902439024,6,14.634146341463415,1,2.4390243902439024,0,0.0,0,0.0,3,7.317073170731708,1,2.4390243902439024,0,0.0,1,2.4390243902439024,26,63.41463414634146,1,2.4390243902439024,0,0.0,丙寅,戊戌,丁未,丙,寅,戊,戌,丁,未,False,False,False,False,,False,False,False,,False,False,False,,False,False,False,,True,month,False,,True,False,False,True,False,1,10,Thursday
1986-10-31,37,1,2.702702702702702,6,16.216216216216218,0,0.0,0,0.0,0,0.0,2,5.405405405405405,2,5.405405405405405,0,0.0,0,0.0,26,70.27027027027027,0,0.0,1,2.702702702702702,丙寅,戊戌,戊申,丙,寅,戊,戌,戊,申,False,False,False,False,,False,False,False,,False,False,False,,True,False,True,year,True,year,False,,True,False,False,True,False,2,10,Friday
1986-11-01,34,0,0.0,5,14.705882352941176,0,0.0,1,2.9411764705882355,0,0.0,2,5.882352941176471,1,2.9411764705882355,0,0.0,0,0.0,26,76.47058823529412,0,0.0,1,2.9411764705882355,丙寅,戊戌,己酉,丙,寅,戊,戌,己,酉,False,False,False,False,,False,False,False,,False,False,False,,False,False,False,,False,,True,month,True,False,False,True,False,1,11,Saturday
1986-11-02,41,0,0.0,5,12.195121951219512,0,0.0,0,0.0,0,0.0,5,12.195121951219512,1,2.4390243902439024,0,0.0,0,0.0,30,73.17073170731707,1,2.4390243902439024,2,4.878048780487805,丙寅,戊戌,庚戌,丙,寅,戊,戌,庚,戌,False,False,False,False,,True,False,True,year,False,False,False,,False,False,False,,False,,False,,False,False,True,False,False,1,11,Sunday
1986-11-03,47,2,4.25531914893617,8,17.02127659574468,1,2.127659574468085,0,0.0,0,0.0,8,17.02127659574468,5,10.638297872340424,0,0.0,2,4.25531914893617,27,57.4468085106383,1,2.127659574468085,1,2.127659574468085,丙寅,戊戌,辛亥,丙,寅,戊,戌,辛,亥,False,True,False,True,year,False,False,False,,True,False,True,year,False,False,False,,False,,False,,False,False,True,False,False,2,11,Monday
1986-11-04,52,2,3.8461538461538463,10,19.23076923076923,1,1.9230769230769231,2,3.8461538461538463,0,0.0,2,3.8461538461538463,5,9.615384615384617,0,0.0,1,1.9230769230769231,29,55.76923076923077,1,1.9230769230769231,1,1.9230769230769231,丙寅,戊戌,壬子,丙,寅,戊,戌,壬,子,False,False,False,False,,False,False,False,,False,False,False,,False,False,False,,False,,False,,False,False,False,False,False,0,11,Tuesday
1986-11-05,42,0,0.0,3,7.142857142857143,0,0.0,0,0.0,0,0.0,4,9.523809523809524,1,2.380952380952381,0,0.0,0,0.0,31,73.80952380952381,2,4.761904761904762,0,0.0,丙寅,戊戌,癸丑,丙,寅,戊,戌,癸,丑,False,False,True,True,month,False,False,False,,False,False,False,,False,False,False,,True,month,False,,True,False,True,True,True,2,11,Wednesday
1986-11-06,45,1,2.2222222222222223,3,6.666666666666667,0,0.0,0,0.0,0,0.0,3,6.666666666666667,1,2.2222222222222223,0,0.0,0,0.0,31,68.88888888888889,0,0.0,1,2.2222222222222223,丙寅,戊戌,甲寅,丙,寅,戊,戌,甲,寅,False,False,False,False,,False,True,True,month,False,False,False,,False,False,False,,False,,False,,False,False,True,False,False,1,11,Thursday
1986-11-07,42,0,0.0,4,9.523809523809524,0,0.0,0,0.0,0,0.0,3,7.142857142857143,3,7.142857142857143,0,0.0,2,4.761904761904762,27,64.28571428571429,0,0.0,3,7.142857142857143,丙寅,戊戌,乙卯,丙,寅,戊,戌,乙,卯,False,False,False,False,,False,False,False,,False,True,True,month,False,False,False,,False,,False,,False,False,True,False,False,1,11,Friday
1986-11-08,33,1,3.0303030303030303,4,12.12121212121212,1,3.0303030303030303,0,0.0,1,3.0303030303030303,5,15.151515151515152,1,3.0303030303030303,0,0.0,1,3.0303030303030303,22,66.66666666666667,0,0.0,1,3.0303030303030303,丙寅,己亥,丙辰,丙,寅,己,亥,丙,辰,True,False,False,False,,False,False,False,,False,False,False,,False,False,False,,False,,False,,False,False,False,False,False,0,11,Saturday
1986-11-09,30,0,0.0,3,10.0,0,0.0,1,3.333333333333333,0,0.0,3,10.0,1,3.333333333333333,0,0.0,0,0.0,20,66.66666666666667,0,0.0,0,0.0,丙寅,己亥,丁巳,丙,寅,己,亥,丁,巳,False,False,False,False,,False,False,False,,False,False,False,,False,True,True,month,True,year,True,year,True,False,False,True,False,3,11,Sunday
1986-11-10,44,1,2.272727272727273,6,13.636363636363637,0,0.0,0,0.0,0,0.0,2,4.545454545454546,0,0.0,0,0.0,1,2.272727272727273,30,68.18181818181819,0,0.0,1,2.272727272727273,丙寅,己亥,戊午,丙,寅,己,亥,戊,午,False,False,False,False,,True,False,True,year,False,False,False,,False,False,False,,False,,False,,False,False,True,False,False,1,11,Monday
1986-11-11,43,0,0.0,4,9.30232558139535,0,0.0,0,0.0,0,0.0,9,20.930232558139537,0,0.0,0,0.0,1,2.3255813953488373,26,60.46511627906977,1,2.3255813953488373,0,0.0,丙寅,己亥,己未,丙,寅,己,亥,己,未,False,False,False,False,,False,True,True,month,False,False,False,,False,False,False,,False,,False,,False,False,True,False,False,1,11,Tuesday
1986-11-12,35,2,5.714285714285714,2,5.714285714285714,1,2.857142857142857,0,0.0,0,0.0,3,8.571428571428571,1,2.857142857142857,0,0.0,1,2.857142857142857,25,71.42857142857143,0,0.0,1,2.857142857142857,丙寅,己亥,庚申,丙,寅,己,亥,庚,申,False,False,False,False,,False,False,False,,False,False,False,,True,False,True,year,True,year,True,month,True,False,False,True,False,3,11,Wednesday
1986-11-13,46,2,4.3478260869565215,6,13.043478260869565,0,0.0,1,2.1739130434782608,0,0.0,3,6.521739130434782,5,10.869565217391305,0,0.0,0,0.0,27,58.69565217391305,0,0.0,1,2.1739130434782608,丙寅,己亥,辛酉,丙,寅,己,亥,辛,酉,False,True,False,True,year,False,False,False,,False,False,False,,False,False,False,,False,,False,,False,False,True,False,False,1,11,Thursday
1986-11-14,55,2,3.636363636363636,7,12.727272727272728,0,0.0,0,0.0,0,0.0,5,9.090909090909092,5,9.090909090909092,0,0.0,0,0.0,32,58.18181818181818,3,5.454545454545454,1,1.818181818181818,丙寅,己亥,壬戌,丙,寅,己,亥,壬,戌,False,False,False,False,,True,False,True,year,False,False,False,,False,False,False,,False,,False,,False,False,True,False,False,1,11,Friday
1986-11-15,52,0,0.0,7,13.461538461538462,2,3.8461538461538463,1,1.9230769230769231,0,0.0,2,3.8461538461538463,2,3.8461538461538463,0,0.0,0,0.0,34,65.38461538461539,0,0.0,0,0.0,丙寅,己亥,癸亥,丙,寅,己,亥,癸,亥,False,False,False,False,,False,False,False,,True,False,True,year,False,False,False,,True,month,False,,True,False,True,True,True,2,11,Saturday
1986-11-16,31,1,3.225806451612903,4,12.903225806451612,0,0.0,0,0.0,0,0.0,4,12.903225806451612,1,3.225806451612903,0,0.0,0,0.0,21,67.74193548387096,0,0.0,0,0.0,丙寅,己亥,甲子,丙,寅,己,亥,甲,子,False,False,True,True,month,False,False,False,,False,False,False,,False,False,False,,False,,False,,False,False,True,False,False,1,11,Sunday
1986-11-17,50,0,0.0,4,8.0,0,0.0,0,0.0,0,0.0,2,4.0,1,2.0,0,0.0,0,0.0,42,84.0,1,2.0,0,0.0,丙寅,己亥,乙丑,丙,寅,己,亥,乙,丑,False,False,False,False,,False,False,False,,False,False,False,,False,False,False,,False,,False,,False,False,False,False,False,0,11,Monday
1986-11-18,44,0,0.0,6,13.636363636363637,1,2.272727272727273,0,0.0,0,0.0,5,11.363636363636363,0,0.0,0,0.0,0,0.0,26,59.09090909090909,0,0.0,0,0.0,丙寅,己亥,丙寅,丙,寅,己,亥,丙,寅,False,False,False,False,,False,False,False,,False,True,True,month,False,False,False,,False,,False,,False,False,True,False,False,1,11,Tuesday
1986-11-19,47,0,0.0,4,8.51063829787234,0,0.0,0,0.0,0,0.0,2,4.25531914893617,2,4.25531914893617,0,0.0,0,0.0,37,78.72340425531915,1,2.127659574468085,0,0.0,丙寅,己亥,丁卯,丙,寅,己,亥,丁,卯,False,False,False,False,,False,True,True,month,False,False,False,,False,False,False,,False,,False,,False,False,True,False,False,1,11,Wednesday
1986-11-20,38,1,2.631578947368421,5,13.157894736842104,0,0.0,0,0.0,1,2.631578947368421,2,5.2631578947368425,1,2.631578947368421,0,0.0,2,5.2631578947368425,26,68.42105263157895,2,5.2631578947368425,2,5.2631578947368425,丙寅,己亥,戊辰,丙,寅,己,亥,戊,辰,False,False,False,False,,False,False,False,,False,False,False,,False,False,False,,False,,False,,False,False,False,False,False,0,11,Thursday
1986-11-21,36,0,0.0,3,8.333333333333334,0,0.0,0,0.0,0,0.0,2,5.555555555555555,1,2.7777777777777777,0,0.0,0,0.0,27,75.0,0,0.0,1,2.7777777777777777,丙寅,己亥,己巳,丙,寅,己,亥,己,巳,False,False,False,False,,False,False,False,,False,False,False,,False,True,True,month,True,year,True,year,True,False,False,True,False,3,11,Friday
1986-11-22,38,1,2.631578947368421,7,18.42105263157895,0,0.0,0,0.0,1,2.631578947368421,2,5.2631578947368425,3,7.894736842105263,0,0.0,2,5.2631578947368425,23,60.526315789473685,0,0.0,3,7.894736842105263,丙寅,己亥,庚午,丙,寅,己,亥,庚,午,False,False,False,False,,True,False,True,year,False,False,False,,False,False,False,,False,,False,,False,False,True,False,False,1,11,Saturday
1986-11-23,29,2,6.896551724137931,4,13.79310344827586,0,0.0,0,0.0,0,0.0,1,3.4482758620689653,0,0.0,0,0.0,0,0.0,18,62.06896551724138,0,0.0,1,3.4482758620689653,丙寅,己亥,辛未,丙,寅,己,亥,辛,未,False,True,False,True,year,False,True,True,month,False,False,False,,False,False,False,,False,,False,,False,True,True,False,False,2,11,Sunday
1986-11-24,46,0,0.0,6,13.043478260869565,0,0.0,0,0.0,0,0.0,1,2.1739130434782608,1,2.1739130434782608,0,0.0,0,0.0,34,73.91304347826087,0,0.0,0,0.0,丙寅,己亥,壬申,丙,寅,己,亥,壬,申,False,False,False,False,,False,False,False,,False,False,False,,True,False,True,year,True,year,True,month,True,False,False,True,False,3,11,Monday
1986-11-25,31,0,0.0,4,12.903225806451612,0,0.0,0,0.0,0,0.0,4,12.903225806451612,3,9.67741935483871,0,0.0,0,0.0,16,51.61290322580645,0,0.0,1,3.225806451612903,丙寅,己亥,癸酉,丙,寅,己,亥,癸,酉,False,False,False,False,,False,False,False,,False,False,False,,False,False,False,,False,,False,,False,False,False,False,False,0,11,Tuesday
1986-11-26,50,0,0.0,8,16.0,1,2.0,1,2.0,0,0.0,5,10.0,5,10.0,0,0.0,1,2.0,29,58.0,1,2.0,1,2.0,丙寅,己亥,甲戌,丙,寅,己,亥,甲,戌,False,False,True,True,month,True,False,True,year,False,False,False,,False,False,False,,False,,False,,False,True,True,False,False,2,11,Wednesday
1986-11-27,42,1,2.380952380952381,4,9.523809523809524,0,0.0,0,0.0,0,0.0,1,2.380952380952381,3,7.142857142857143,0,0.0,0,0.0,29,69.04761904761905,0,0.0,1,2.380952380952381,丙寅,己亥,乙亥,丙,寅,己,亥,乙,亥,False,False,False,False,,False,False,False,,True,False,True,year,False,False,False,,True,month,False,,True,False,True,True,True,2,11,Thursday
1986-11-28,50,1,2.0,11,22.0,0,0.0,0,0.0,0,0.0,5,10.0,1,2.0,0,0.0,0,0.0,29,58.0,0,0.0,1,2.0,丙寅,己亥,丙子,丙,寅,己,亥,丙,子,False,False,False,False,,False,False,False,,False,False,False,,False,False,False,,False,,False,,False,False,False,False,False,0,11,Friday
1986-11-29,31,1,3.225806451612903,4,12.903225806451612,0,0.0,0,0.0,0,0.0,4,12.903225806451612,0,0.0,0,0.0,0,0.0,20,64.51612903225806,0,0.0,1,3.225806451612903,丙寅,己亥,丁丑,丙,寅,己,亥,丁,丑,False,False,False,False,,False,False,False,,False,False,False,,False,False,False,,False,,False,,False,False,False,False,False,0,11,Saturday
1986-11-30,31,1,3.225806451612903,2,6.451612903225806,0,0.0,0,0.0,0,0.0,2,6.451612903225806,2,6.451612903225806,0,0.0,0,0.0,24,77.41935483870968,0,0.0,0,0.0,丙寅,己亥,戊寅,丙,寅,己,亥,戊,寅,False,False,False,False,,False,False,False,,False,True,True,month,False,False,False,,False,,False,,False,False,True,False,False,1,11,Sunday
1986-12-01,32,0,0.0,2,6.25,0,0.0,0,0.0,0,0.0,1,3.125,2,6.25,0,0.0,0,0.0,22,68.75,0,0.0,0,0.0,丙寅,己亥,己卯,丙,寅,己,亥,己,卯,False,False,False,False,,False,True,True,month,False,False,False,,False,False,False,,False,,False,,False,False,True,False,False,1,12,Monday
1986-12-02,36,0,0.0,2,5.555555555555555,0,0.0,0,0.0,0,0.0,1,2.7777777777777777,0,0.0,0,0.0,1,2.7777777777777777,29,80.55555555555556,0,0.0,1,2.7777777777777777,丙寅,己亥,庚辰,丙,寅,己,亥,庚,辰,False,False,False,False,,False,False,False,,False,False,False,,False,False,False,,False,,False,,False,False,False,False,False,0,12,Tuesday
1986-12-03,30,1,3.333333333333333,2,6.666666666666667,0,0.0,1,3.333333333333333,0,0.0,2,6.666666666666667,0,0.0,0,0.0,0,0.0,22,73.33333333333333,2,6.666666666666667,0,0.0,丙寅,己亥,辛巳,丙,寅,己,亥,辛,巳,False,True,False,True,year,False,False,False,,False,False,False,,False,True,True,month,True,year,True,year,True,False,True,True,True,4,12,Wednesday
1986-12-04,33,1,3.0303030303030303,1,3.0303030303030303,0,0.0,1,3.0303030303030303,0,0.0,2,6.0606060606060606,4,12.12121212121212,0,0.0,0,0.0,26,78.78787878787878,1,3.0303030303030303,1,3.0303030303030303,丙寅,己亥,壬午,丙,寅,己,亥,壬,午,False,False,False,False,,True,False,True,year,False,False,False,,False,False,False,,False,,False,,False,False,True,False,False,1,12,Thursday
1986-12-05,46,0,0.0,3,6.521739130434782,1,2.1739130434782608,0,0.0,0,0.0,2,4.3478260869565215,1,2.1739130434782608,0,0.0,1,2.1739130434782608,32,69.56521739130434,0,0.0,0,0.0,丙寅,己亥,癸未,丙,寅,己,亥,癸,未,False,False,False,False,,False,True,True,month,False,False,False,,False,False,False,,False,,False,,False,False,True,False,False,1,12,Friday
1986-12-06,38,1,2.631578947368421,2,5.2631578947368425,1,2.631578947368421,0,0.0,0,0.0,3,7.894736842105263,0,0.0,0,0.0,0,0.0,26,68.42105263157895,0,0.0,0,0.0,丙寅,己亥,甲申,丙,寅,己,亥,甲,申,False,False,True,True,month,False,False,False,,False,False,False,,True,False,True,year,True,year,True,month,True,False,True,True,True,4,12,Saturday
1986-12-07,41,0,0.0,3,7.317073170731708,0,0.0,0,0.0,0,0.0,3,7.317073170731708,2,4.878048780487805,0,0.0,1,2.4390243902439024,26,63.41463414634146,1,2.4390243902439024,1,2.4390243902439024,丙寅,己亥,乙酉,丙,寅,己,亥,乙,酉,True,False,False,False,,False,False,False,,False,False,False,,False,False,False,,False,,False,,False,False,False,False,False,0,12,Sunday
1986-12-08,48,0,0.0,8,16.666666666666668,0,0.0,0,0.0,0,0.0,4,8.333333333333334,1,2.083333333333333,0,0.0,2,4.166666666666667,33,68.75,0,0.0,0,0.0,丙寅,庚子,丙戌,丙,寅,庚,子,丙,戌,False,False,False,False,,True,False,True,year,False,False,False,,False,False,False,,False,,False,,False,False,True,False,False,1,12,Monday
1986-12-09,41,0,0.0,3,7.317073170731708,0,0.0,2,4.878048780487805,0,0.0,2,4.878048780487805,3,7.317073170731708,0,0.0,0,0.0,28,68.29268292682927,2,4.878048780487805,0,0.0,丙寅,庚子,丁亥,丙,寅,庚,子,丁,亥,False,False,False,False,,False,False,False,,True,False,True,year,False,False,False,,False,,False,,False,False,True,False,False,1,12,Tuesday
1986-12-10,48,0,0.0,2,4.166666666666667,0,0.0,1,2.083333333333333,0,0.0,2,4.166666666666667,1,2.083333333333333,0,0.0,0,0.0,34,70.83333333333333,0,0.0,1,2.083333333333333,丙寅,庚子,戊子,丙,寅,庚,子,戊,子,False,False,False,False,,False,False,False,,False,False,False,,False,False,False,,False,,False,,False,False,False,False,False,0,12,Wednesday
1986-12-11,34,1,2.9411764705882355,9,26.47058823529412,0,0.0,0,0.0,0,0.0,4,11.764705882352942,3,8.823529411764707,0,0.0,0,0.0,18,52.94117647058823,0,0.0,1,2.9411764705882355,丙寅,庚子,己丑,丙,寅,庚,子,己,丑,False,False,False,False,,False,False,False,,False,True,True,month,False,False,False,,False,,False,,False,False,True,False,False,1,12,Thursday
1986-12-12,53,1,1.8867924528301887,6,11.320754716981131,1,1.8867924528301887,0,0.0,0,0.0,6,11.320754716981131,1,1.8867924528301887,0,0.0,0,0.0,34,64.15094339622641,1,1.8867924528301887,1,1.8867924528301887,丙寅,庚子,庚寅,丙,寅,庚,子,庚,寅,False,False,False,False,,False,False,False,,False,False,False,,False,False,False,,False,,False,,False,False,False,False,False,0,12,Friday
1986-12-13,44,0,0.0,5,11.363636363636363,0,0.0,0,0.0,0,0.0,2,4.545454545454546,1,2.272727272727273,0,0.0,0,0.0,32,72.72727272727273,1,2.272727272727273,1,2.272727272727273,丙寅,庚子,辛卯,丙,寅,庚,子,辛,卯,False,True,False,True,year,False,False,False,,False,False,False,,False,False,False,,True,month,False,,True,False,True,True,True,2,12,Saturday
1986-12-14,28,0,0.0,4,14.285714285714286,0,0.0,0,0.0,0,0.0,5,17.857142857142858,0,0.0,0,0.0,0,0.0,18,64.28571428571429,1,3.571428571428572,0,0.0,丙寅,庚子,壬辰,丙,寅,庚,子,壬,辰,False,False,False,False,,False,True,True,month,False,False,False,,False,False,False,,False,,False,,False,False,True,False,False,1,12,Sunday
1986-12-15,60,0,0.0,6,10.0,1,1.6666666666666667,0,0.0,0,0.0,5,8.333333333333334,6,10.0,0,0.0,0,0.0,41,68.33333333333333,2,3.333333333333333,0,0.0,丙寅,庚子,癸巳,丙,寅,庚,子,癸,巳,False,False,False,False,,False,False,False,,False,False,False,,False,False,False,,True,year,True,year,True,False,False,True,False,2,12,Monday
1986-12-16,51,0,0.0,5,9.803921568627452,0,0.0,0,0.0,1,1.96078431372549,5,9.803921568627452,4,7.84313725490196,0,0.0,1,1.96078431372549,32,62.74509803921568,0,0.0,2,3.92156862745098,丙寅,庚子,甲午,丙,寅,庚,子,甲,午,False,False,False,False,,True,False,True,year,False,False,False,,False,True,True,month,False,,False,,False,False,True,True,True,2,12,Tuesday
1986-12-17,42,0,0.0,6,14.285714285714286,0,0.0,0,0.0,0,0.0,6,14.285714285714286,2,4.761904761904762,1,2.380952380952381,1,2.380952380952381,24,57.142857142857146,1,2.380952380952381,3,7.142857142857143,丙寅,庚子,乙未,丙,寅,庚,子,乙,未,False,False,True,True,month,False,False,False,,False,False,False,,False,False,False,,False,,True,month,True,False,True,True,True,2,12,Wednesday
1986-12-18,41,0,0.0,4,9.75609756097561,0,0.0,0,0.0,0,0.0,4,9.75609756097561,2,4.878048780487805,0,0.0,0,0.0,29,70.73170731707317,0,0.0,0,0.0,丙寅,庚子,丙申,丙,寅,庚,子,丙,申,False,False,False,False,,False,True,True,month,False,False,False,,True,False,True,year,True,year,False,,True,False,True,True,True,3,12,Thursday
1986-12-19,43,1,2.3255813953488373,4,9.30232558139535,1,2.3255813953488373,0,0.0,0,0.0,4,9.30232558139535,1,2.3255813953488373,0,0.0,0,0.0,32,74.4186046511628,0,0.0,0,0.0,丙寅,庚子,丁酉,丙,寅,庚,子,丁,酉,False,False,False,False,,False,False,False,,False,False,False,,False,False,False,,False,,False,,False,False,False,False,False,0,12,Friday
1986-12-20,49,0,0.0,5,10.20408163265306,1,2.0408163265306123,1,2.0408163265306123,0,0.0,7,14.285714285714286,4,8.16326530612245,0,0.0,1,2.0408163265306123,33,67.34693877551021,0,0.0,2,4.081632653061225,丙寅,庚子,戊戌,丙,寅,庚,子,戊,戌,False,False,False,False,,True,False,True,year,False,False,False,,False,False,False,,False,,False,,False,False,True,False,False,1,12,Saturday
1986-12-21,17,0,0.0,3,17.647058823529413,0,0.0,0,0.0,0,0.0,2,11.764705882352942,1,5.882352941176471,0,0.0,0,0.0,11,64.70588235294117,1,5.882352941176471,1,5.882352941176471,丙寅,庚子,己亥,丙,寅,庚,子,己,亥,False,False,False,False,,False,False,False,,True,False,True,year,False,False,False,,False,,False,,False,False,True,False,False,1,12,Sunday
1986-12-22,34,0,0.0,4,11.764705882352942,1,2.9411764705882355,0,0.0,0,0.0,4,11.764705882352942,0,0.0,0,0.0,2,5.882352941176471,24,70.58823529411765,1,2.9411764705882355,1,2.9411764705882355,丙寅,庚子,庚子,丙,寅,庚,子,庚,子,False,False,False,False,,False,False,False,,False,False,False,,False,False,False,,False,,False,,False,False,False,False,False,0,12,Monday
1986-12-23,36,0,0.0,3,8.333333333333334,0,0.0,0,0.0,0,0.0,3,8.333333333333334,1,2.7777777777777777,0,0.0,0,0.0,27,75.0,0,0.0,0,0.0,丙寅,庚子,辛丑,丙,寅,庚,子,辛,丑,False,True,False,True,year,False,False,False,,False,True,True,month,False,False,False,,False,,False,,False,False,True,False,False,2,12,Tuesday
1986-12-24,33,1,3.0303030303030303,11,33.333333333333336,0,0.0,0,0.0,0,0.0,5,15.151515151515152,0,0.0,0,0.0,0,0.0,17,51.51515151515152,2,6.0606060606060606,1,3.0303030303030303,丙寅,庚子,壬寅,丙,寅,庚,子,壬,寅,False,False,False,False,,False,False,False,,False,False,False,,False,False,False,,False,,False,,False,False,False,False,False,0,12,Wednesday
1986-12-25,42,0,0.0,5,11.904761904761903,0,0.0,0,0.0,0,0.0,2,4.761904761904762,2,4.761904761904762,0,0.0,0,0.0,31,73.80952380952381,1,2.380952380952381,0,0.0,丙寅,庚子,癸卯,丙,寅,庚,子,癸,卯,False,False,False,False,,False,False,False,,False,False,False,,False,False,False,,True,month,False,,True,False,False,True,False,1,12,Thursday
1986-12-26,36,0,0.0,6,16.666666666666668,0,0.0,0,0.0,0,0.0,3,8.333333333333334,0,0.0,0,0.0,0,0.0,21,58.333333333333336,0,0.0,0,0.0,丙寅,庚子,甲辰,丙,寅,庚,子,甲,辰,False,False,False,False,,False,True,True,month,False,False,False,,False,False,False,,False,,False,,False,False,True,False,False,1,12,Friday
1986-12-27,30,0,0.0,3,10.0,0,0.0,0,0.0,1,3.333333333333333,9,30.0,2,6.666666666666667,0,0.0,0,0.0,17,56.66666666666666,0,0.0,0,0.0,丙寅,庚子,乙巳,丙,寅,庚,子,乙,巳,False,False,True,True,month,False,False,False,,False,False,False,,False,False,False,,True,year,True,year,True,False,True,True,True,3,12,Saturday
1986-12-28,38,2,5.2631578947368425,2,5.2631578947368425,1,2.631578947368421,0,0.0,0,0.0,4,10.526315789473683,1,2.631578947368421,0,0.0,0,0.0,23,60.526315789473685,2,5.2631578947368425,0,0.0,丙寅,庚子,丙午,丙,寅,庚,子,丙,午,False,False,False,False,,True,False,True,year,False,False,False,,False,True,True,month,False,,False,,False,False,True,True,True,2,12,Sunday
1986-12-29,26,0,0.0,1,3.8461538461538463,1,3.8461538461538463,0,0.0,0,0.0,3,11.538461538461538,1,3.8461538461538463,0,0.0,0,0.0,15,57.69230769230769,1,3.8461538461538463,1,3.8461538461538463,丙寅,庚子,丁未,丙,寅,庚,子,丁,未,False,False,False,False,,False,False,False,,False,False,False,,False,False,False,,False,,True,month,True,False,False,True,False,1,12,Monday
1986-12-30,44,0,0.0,9,20.454545454545453,0,0.0,0,0.0,0,0.0,4,9.090909090909092,2,4.545454545454546,0,0.0,0,0.0,33,75.0,1,2.272727272727273,0,0.0,丙寅,庚子,戊申,丙,寅,庚,子,戊,申,False,False,False,False,,False,True,True,month,False,False,False,,True,False,True,year,True,year,False,,True,False,True,True,True,3,12,Tuesday
1986-12-31,42,0,0.0,6,14.285714285714286,0,0.0,0,0.0,0,0.0,1,2.380952380952381,1,2.380952380952381,0,0.0,0,0.0,28,66.66666666666667,1,2.380952380952381,1,2.380952380952381,丙寅,庚子,己酉,丙,寅,庚,子,己,酉,False,False,False,False,,False,False,False,,False,False,False,,False,False,False,,False,,False,,False,False,False,False,False,0,12,Wednesday
