cohort_key,display_name,election_year,old_location,new_location
LEO_robert-wilhelm-bunsen,Prof. Dr. Robert Wilhelm Bunsen,1851,"Heidelberg, Germany Election year 1851","Heidelberg, Germany"
LEO_michael-faraday,Michael Faraday,1857,"London, United Kingdom Election year 1857","London, United Kingdom"
LEO_albert-wangerin,Albert Wangerin,1883,"Halle (Saale), Germany Election year 1883","Halle (Saale), Germany"
LEO_otto-wallach,Prof. Dr. Otto Wallach,1885,"Göttingen, Germany Election year 1885","Göttingen, Germany"
LEO_karl-friedrich-geiser,Karl Friedrich Geiser,1888,"Küsnacht, Switzerland Election year 1888","Küsnacht, Switzerland"
LEO_august-gutzmer,August Gutzmer,1900,"Halle (Saale), Germany Election year 1900","Halle (Saale), Germany"
LEO_eduard-buchner,Eduard Buchner,1909,"Würzburg, Germany Election year 1909","Würzburg, Germany"
LEO_hans-fischer,Prof. Dr. Hans Fischer,1919,"München, Germany Election year 1919","München, Germany"
LEO_richard-willstaetter,Professor Dr Richard Willstätter,1919,"München, Germany Election year 1919","München, Germany"
LEO_adolf-windaus,Prof. Dr. Adolf Windaus,1922,"Göttingen, Germany Election year 1922","Göttingen, Germany"
LEO_hans-von-euler-chelpin,Prof. Dr. Hans von Euler-Chelpin,1922,"Stockholm, Sweden Election year 1922","Stockholm, Sweden"
LEO_tsuruichi-hayashi,Professor Dr Tsuruichi Hayashi,1924,"Sendai, Japan Election year 1924","Sendai, Japan"
LEO_paul-karrer,Paul Karrer,1925,"Zürich, Switzerland Election year 1925","Zürich, Switzerland"
LEO_heinrich-otto-wieland,Prof. Dr. Heinrich Otto Wieland,1925,"München, Germany Election year 1925","München, Germany"
LEO_carl-bosch,Carl Bosch,1926,"Heidelberg, Germany Election year 1926","Heidelberg, Germany"
LEO_fritz-haber,Fritz Haber,1926,"Berlin, Germany Election year 1926","Berlin, Germany"
LEO_otto-hahn,Otto Hahn,1926,"Göttingen, Germany Election year 1926","Göttingen, Germany"
LEO_david-hilbert,David Hilbert,1932,"Göttingen, Germany Election year 1932","Göttingen, Germany"
LEO_hermann-staudinger,Hermann Staudinger,1932,"Freiburg (Br.), Germany Election year 1932","Freiburg (Br.), Germany"
LEO_otto-diels,Otto Diels,1932,"Kiel, Germany Election year 1932","Kiel, Germany"
LEO_leopold-ruzicka,Prof. Dr. Leopold Ružička,1932,"Zürich, Switzerland Election year 1932","Zürich, Switzerland"
LEO_sir-robert-robinson,Prof. Dr. Sir Robert Robinson,1933,"Oxford, United Kingdom Election year 1933","Oxford, United Kingdom"
LEO_richard-kuhn,Richard Kuhn,1936,"Heidelberg, Germany Election year 1936","Heidelberg, Germany"
LEO_karl-waldemar-ziegler,Karl Waldemar Ziegler,1938,"Mülheim, Germany Election year 1938","Mülheim, Germany"
LEO_kurt-alder,Kurt Alder,1939,"Köln, Germany Election year 1939","Köln, Germany"
LEO_karl-freudenberg,Karl Freudenberg,1940,"Heidelberg, Germany Election year 1940","Heidelberg, Germany"
LEO_lord-alexander-r-todd,Lord Alexander R. Todd,1959,"Cambridge, United Kingdom Election year 1959","Cambridge, United Kingdom"
LEO_melvin-calvin,Melvin Calvin,1959,"Berkeley, CA, United States Election year 1959","Berkeley, CA, United States"
LEO_sir-cyril-hinshelwood,Sir Cyril Hinshelwood,1959,"Oxford, United Kingdom Election year 1959","Oxford, United Kingdom"
LEO_georg-von-hevesy,Georg von Hevesy,1960,"Stockholm, Sweden Election year 1960","Stockholm, Sweden"
LEO_igor-rostislawowitsch-safarevic,Prof. Dr. Igor Rostislawowitsch Safarevic,1960,"Moskau, Russian Federation Election year 1960","Moskau, Russian Federation"
LEO_linus-pauling,Prof. Dr. Linus Pauling,1960,"Pasadena, CA, United States Election year 1960","Pasadena, CA, United States"
LEO_hilgard-oreilly-sternberg,Prof. Dr. Hilgard O'Reilly Sternberg,1961,"Berkeley, CA, United States Election year 1961","Berkeley, CA, United States"
LEO_georg-wittig,Prof. Dr. Georg Wittig,1962,"Heidelberg, Germany Election year 1962","Heidelberg, Germany"
LEO_friedrich-hirzebruch,Prof. Dr. Friedrich Hirzebruch,1963,"Bonn, Germany Election year 1963","Bonn, Germany"
LEO_vladimir-prelog,Prof. Dr. Vladimir Prelog,1963,"Zürich, Switzerland Election year 1963","Zürich, Switzerland"
LEO_rolf-huisgen,Professor Dr Rolf Huisgen,1964,"München, Germany Election year 1964","München, Germany"
LEO_klaus-schreiber,Klaus Schreiber,1966,"Halle (Saale), Germany Election year 1966","Halle (Saale), Germany"
LEO_ernst-schmitz,Prof. Dr. Ernst Schmitz,1966,"Berlin, Germany Election year 1966","Berlin, Germany"
LEO_tadeus-reichstein,Tadeus Reichstein,1966,"Basel, Switzerland Election year 1966","Basel, Switzerland"
LEO_sir-alan-r-battersby,Sir Alan R. Battersby,1967,"Cambridge, United Kingdom Election year 1967","Cambridge, United Kingdom"
LEO_hugo-strunz,Prof. Dr. Dr. Hugo Strunz,1968,"Berlin, Germany Election year 1968","Berlin, Germany"
LEO_hans-kuhn,Prof. Dr. Hans Kuhn,1968,"Tschingel ob Gunten, Switzerland Election year 1968","Tschingel ob Gunten, Switzerland"
LEO_robert-burns-woodward,Prof. Dr. Robert Burns Woodward,1968,"Cambridge, MA, United States Election year 1968","Cambridge, MA, United States"
LEO_siegfried-herzog,Prof. Dr. Siegfried Herzog,1968,"Greiz, Germany Election year 1968","Greiz, Germany"
LEO_carl-djerassi,Professor Dr Carl Djerassi,1968,"San Francisco, CA, United States Election year 1968","San Francisco, CA, United States"
LEO_dorothy-crowfoot-hodgkin,Professor Dr Dorothy Crowfoot Hodgkin,1968,"Oxford, United Kingdom Election year 1968","Oxford, United Kingdom"
LEO_ernst-otto-fischer,Ernst Otto Fischer,1969,"München, Germany Election year 1969","München, Germany"
LEO_margot-becke,Margot Becke,1969,"Heidelberg, Germany Election year 1969","Heidelberg, Germany"
LEO_rudolf-hoppe,Prof. Dr. Rudolf Hoppe,1969,"Gießen, Germany Election year 1969","Gießen, Germany"
LEO_shoji-shibata,Prof. Dr. Shoji Shibata,1969,"Tokio, Japan Election year 1969","Tokio, Japan"
LEO_karl-nickel,Karl Nickel,1970,"Freiburg (Br.), Germany Election year 1970","Freiburg (Br.), Germany"
LEO_kirill-y-kondratyev,Kirill Y. Kondratyev,1970,"St. Petersburg, Russian Federation Election year 1970","St. Petersburg, Russian Federation"
LEO_hans-gross,Prof. Dr. Hans Groß,1970,"Berlin, Germany Election year 1970","Berlin, Germany"
LEO_lothar-berg,Prof. Dr. Lothar Berg,1970,"Rostock, Germany Election year 1970","Rostock, Germany"
LEO_valeria-a-troitskaya,Prof. Dr. Valeria A. Troitskaya,1970,"Macleod, Victoria, Australia Election year 1970","Macleod, Victoria, Australia"
LEO_walter-h-munk,Prof. Dr. Walter H. Munk,1970,"La Jolla, CA, United States Election year 1970","La Jolla, CA, United States"
LEO_eugen-seibold,Professor Dr Eugen Seibold,1971,"Freiburg (Br.), Germany Election year 1971","Freiburg (Br.), Germany"
LEO_bernhard-witkop,Prof. Dr. Bernhard Witkop,1972,"Chevy Chase, MD, United States Election year 1972","Chevy Chase, MD, United States"
LEO_gerwalt-zinner,Prof. Dr. Dr. h. c. Gerwalt Zinner,1972,"Braunschweig, Germany Election year 1972","Braunschweig, Germany"
LEO_walter-roubitschek,Prof. Dr. Walter Roubitschek,1972,"Halle (Saale), Germany Election year 1972","Halle (Saale), Germany"
LEO_glenn-t-seaborg,Glenn T. Seaborg,1973,"Berkeley, CA, United States Election year 1973","Berkeley, CA, United States"
LEO_heinz-kliewe,Heinz Kliewe,1973,"Greifswald, Germany Election year 1973","Greifswald, Germany"
LEO_roland-mayer,Prof. Dr. Roland Mayer,1973,"Dresden, Germany Election year 1973","Dresden, Germany"
LEO_wilhelm-pritzkow,Prof. Dr. Wilhelm Pritzkow,1973,"Merseburg, Germany Election year 1973","Merseburg, Germany"
LEO_karl-armin-troeger,Professor Dr Karl-Armin Tröger,1973,"Freiberg (Sa.), Germany Election year 1973","Freiberg (Sa.), Germany"
LEO_anders-kjaer,Prof. Dr. Anders Kjær,1974,"Horsholm, Denmark Election year 1974","Horsholm, Denmark"
LEO_heinz-a-staab,Prof. Dr. Heinz A. Staab,1974,"Heidelberg, Germany Election year 1974","Heidelberg, Germany"
LEO_noam-chomsky,Prof. Dr. Noam Chomsky,1974,"Lexington, MA, United States Election year 1974","Lexington, MA, United States"
LEO_albrecht-pietsch,Professor Dr Albrecht Pietsch,1974,"Jena, Germany Election year 1974","Jena, Germany"
LEO_paul-hagenmuller,Prof. Dr. Paul Hagenmuller,1975,"Pessac, France Election year 1975","Pessac, France"
LEO_albert-eschenmoser,Prof. Dr. Albert Eschenmoser,1976,"Küsnacht, Switzerland Election year 1976","Küsnacht, Switzerland"
LEO_andrzej-schinzel,Prof. Dr. Andrzej Schinzel,1976,"Warschau, Poland Election year 1976","Warschau, Poland"
LEO_bogdan-baranowski,Prof. Dr. Bogdan Baranowski,1976,"Warschau, Poland Election year 1976","Warschau, Poland"
LEO_duilio-arigoni,Prof. Dr. Duilio Arigoni,1976,"Zürich, Switzerland Election year 1976","Zürich, Switzerland"
LEO_guenther-wilke,Prof. Dr. Günther Wilke,1976,"Mülheim, Germany Election year 1976","Mülheim, Germany"
LEO_peter-l-pauson,Prof. Dr. Peter L. Pauson,1976,"Glasgow, United Kingdom Election year 1976","Glasgow, United Kingdom"
LEO_heinz-guenter-viehe,Heinz Günter Viehe,1977,"Beersel, Belgium Election year 1977","Beersel, Belgium"
LEO_dietmar-seyferth,Prof. Dr. Dietmar Seyferth,1977,"Lexington, MA, United States Election year 1977","Lexington, MA, United States"
LEO_evgeny-e-nikitin,Prof. Dr. Evgeny E. Nikitin,1977,"Haifa, Israel Election year 1977","Haifa, Israel"
LEO_jacques-tits,Prof. Dr. Jacques Tits,1977,"Paris, France Election year 1977","Paris, France"
LEO_raymond-kern,Prof. Dr. Raymond Kern,1977,"Marseille, France Election year 1977","Marseille, France"
LEO_sir-michael-f-atiyah,Prof. Dr. Sir Michael F. Atiyah,1977,"Edinburgh, United Kingdom Election year 1977","Edinburgh, United Kingdom"
LEO_zbigniew-r-grabowski,Professor Dr Zbigniew R. Grabowski,1977,"Warschau, Poland Election year 1977","Warschau, Poland"
LEO_guenter-moebus,Günter Möbus,1978,"Greifswald, Germany Election year 1978","Greifswald, Germany"
LEO_jaromir-demek,Prof. Dr. Jaromír Demek,1978,"Kunstát na Morave, Czechia Election year 1978","Kunstát na Morave, Czechia"
LEO_leonhard-bittner,Prof. Dr. Leonhard Bittner,1978,"Greifswald, Germany Election year 1978","Greifswald, Germany"
LEO_osamu-hayaishi,Prof. Dr. Osamu Hayaishi,1978,"Osaka, Japan Election year 1978","Osaka, Japan"
LEO_jack-david-dunitz,Prof. Dr. Jack David Dunitz,1979,"Zürich, Switzerland Election year 1979","Zürich, Switzerland"
LEO_juergen-troe,Prof. Dr. Jürgen Troe,1979,"Göttingen, Germany Election year 1979","Göttingen, Germany"
LEO_robert-gomer,Prof. Dr. Robert Gomer,1979,"Chicago, United States Election year 1979","Chicago, United States"
LEO_piet-hartman,Prof. Dr. Piet Hartman,1981,"Zeist, Netherlands Election year 1981","Zeist, Netherlands"
LEO_heinz-georg-wagner,Professor Dr Heinz Georg Wagner,1981,"Göttingen, Germany Election year 1981","Göttingen, Germany"
LEO_siegfried-huenig,Professor Dr Siegfried Hünig,1981,"Würzburg, Germany Election year 1981","Würzburg, Germany"
LEO_guenther-haase,Günther Haase,1982,"Leipzig, Germany Election year 1982","Leipzig, Germany"
LEO_fritz-eiden,Prof. Dr. Fritz Eiden,1982,"Gräfelfing, Germany Election year 1982","Gräfelfing, Germany"
LEO_hans-berckhemer,Prof. Dr. Hans Berckhemer,1982,"Bad Homburg, Germany Election year 1982","Bad Homburg, Germany"
LEO_hans-grauert,Prof. Dr. Hans Grauert,1982,"Göttingen, Germany Election year 1982","Göttingen, Germany"
LEO_emanuel-vogel,Prof. Dr. Emanuel Vogel,1983,"Ettlingen, Germany Election year 1983","Ettlingen, Germany"
LEO_heinz-fortak,Prof. Dr. Heinz Fortak,1983,"Berlin, Germany Election year 1983","Berlin, Germany"
LEO_jens-taubenheim,Prof. Dr. Jens Taubenheim,1983,"Berlin, Germany Election year 1983","Berlin, Germany"
LEO_klaus-krickeberg,Professor Dr Klaus Krickeberg,1983,"Bielefeld, Germany Election year 1983","Bielefeld, Germany"
LEO_rudolf-truempy,Rudolf Trümpy,1983,"Küsnacht, Switzerland Election year 1983","Küsnacht, Switzerland"
LEO_josef-zemann,Proessor Dr Josef Zemann,1984,"Wien, Austria Election year 1984","Wien, Austria"
LEO_bruno-messerli,Prof. Dr. Bruno Messerli,1984,"Zimmerwald, Switzerland Election year 1984","Zimmerwald, Switzerland"
LEO_dieter-seebach,Prof. Dr. Dieter Seebach,1984,"Zürich, Switzerland Election year 1984","Zürich, Switzerland"
LEO_friedrich-l-bauer,Prof. Dr. Friedrich L. Bauer,1984,"Kottgeisering, Germany Election year 1984","Kottgeisering, Germany"
LEO_hans-j-stetter,Prof. Dr. Hans J. Stetter,1984,"Wien, Austria Election year 1984","Wien, Austria"
LEO_albrecht-dold,Prof. Dr. Albrecht Dold,1985,"Neckargemünd, Germany Election year 1985","Neckargemünd, Germany"
LEO_hans-walter-georgii,Prof. Dr. Hans-Walter Georgii,1985,"Oberursel, Germany Election year 1985","Oberursel, Germany"
LEO_heinrich-noeth,Prof. Dr. Heinrich Nöth,1985,"Grünwald, Germany Election year 1985","Grünwald, Germany"
LEO_helmut-koch-1,Prof. Dr. Helmut Koch,1985,"Dresden, Germany Election year 1985","Dresden, Germany"
LEO_peter-j-roquette,Prof. Dr. Peter J. Roquette,1985,"Heidelberg, Germany Election year 1985","Heidelberg, Germany"
LEO_stefan-hildebrandt,Prof. Dr. Stefan Hildebrandt,1985,"St. Augustin, Germany Election year 1985","St. Augustin, Germany"
LEO_jean-marie-lehn,Professor Dr Jean-Marie Lehn,1985,"Strasbourg, France Election year 1985","Strasbourg, France"
LEO_andre-authier,Prof. Dr. André Authier,1986,"Peyrat-le-Chateau, France Election year 1986","Peyrat-le-Chateau, France"
LEO_gerhard-ertl,Prof. Dr. Gerhard Ertl,1986,"Berlin, Germany Election year 1986","Berlin, Germany"
LEO_herbert-w-roesky,Prof. Dr. Herbert W. Roesky,1986,"Göttingen, Germany Election year 1986","Göttingen, Germany"
LEO_klaus-hafner,Prof. Dr. Klaus Hafner,1986,"Darmstadt, Germany Election year 1986","Darmstadt, Germany"
LEO_rudolf-taube,Prof. Dr. Rudolf Taube,1986,"Halle (Saale), Germany Election year 1986","Halle (Saale), Germany"
LEO_vlastislav-cerveny,Prof. Dr. Vlastislav Cerveny,1986,"Prag, Czechia Election year 1986","Prag, Czechia"
LEO_william-winn-hay,Professor Dr William Winn Hay,1986,"Estes Park, United States Election year 1986","Estes Park, United States"
LEO_erich-thenius,Prof. Dr. Erich Thenius,1987,"Wien, Austria Election year 1987","Wien, Austria"
LEO_helmut-moritz,Prof. Dr. Helmut Moritz,1987,"Graz, Austria Election year 1987","Graz, Austria"
LEO_olli-lehto,Prof. Dr. Olli Lehto,1987,"Helsinki, Finland Election year 1987","Helsinki, Finland"
LEO_emilie-jaeger,Prof. Dr. Emilie Jäger,1988,"Meikirch, Switzerland Election year 1988","Meikirch, Switzerland"
LEO_gerhard-quinkert,Prof. Dr. Gerhard Quinkert,1988,"Frankfurt am Main, Germany Election year 1988","Frankfurt am Main, Germany"
LEO_helmut-werner,Prof. Dr. Helmut Werner,1988,"Würzburg, Germany Election year 1988","Würzburg, Germany"
LEO_manfred-schulz,Prof. Dr. Manfred Schulz,1988,"Merseburg, Germany Election year 1988","Merseburg, Germany"
LEO_richard-r-ernst,Prof. Dr. Richard R. Ernst,1988,"Zürich, Switzerland Election year 1988","Zürich, Switzerland"
LEO_rolf-kloetzler,Professor Dr Rolf Klötzler,1988,"Borsdorf, Germany Election year 1988","Borsdorf, Germany"
LEO_hans-richter,Prof. Dr. Hans Richter,1989,"Leipzig, Germany Election year 1989","Leipzig, Germany"
LEO_hans-wondratschek,Prof. Dr. Hans Wondratschek,1989,"Karlsruhe, Germany Election year 1989","Karlsruhe, Germany"
LEO_werner-schroth,Prof. Dr. Werner Schroth,1989,"Leipzig, Germany Election year 1989","Leipzig, Germany"
LEO_dietrich-demus,Prof. Dr. Dietrich Demus,1990,"Halle (Saale), Germany Election year 1990","Halle (Saale), Germany"
LEO_hermann-schmalzried,Prof. Dr. Hermann Schmalzried,1990,"Göttingen, Germany Election year 1990","Göttingen, Germany"
LEO_hubert-schmidbaur,Prof. Dr. Hubert Schmidbaur,1990,"Garching, Germany Election year 1990","Garching, Germany"
LEO_marian-mikolajczyk,Prof. Dr. Marian Mikołajczyk,1990,"Lodz, Poland Election year 1990","Lodz, Poland"
LEO_reinhard-kuehnau,Prof. Dr. Reinhard Kühnau,1990,"Halle (Saale), Germany Election year 1990","Halle (Saale), Germany"
LEO_christoph-ruechardt,Prof. Dr. Christoph Rüchardt,1991,"Stegen, Germany Election year 1991","Stegen, Germany"
LEO_friedrich-a-seifert,Prof. Dr. Friedrich A. Seifert,1991,"Berlin, Germany Election year 1991","Berlin, Germany"
LEO_max-schwab,Prof. Dr. Max Schwab,1991,"Halle (Saale), Germany Election year 1991","Halle (Saale), Germany"
LEO_wolfgang-steglich,Prof. Dr. Wolfgang Steglich,1991,"München, Germany Election year 1991","München, Germany"
LEO_fritz-peter-schaefer,Prof. Dr. Fritz Peter Schäfer,1992,"Göttingen, Germany Election year 1992","Göttingen, Germany"
LEO_gerd-faltings,Prof. Dr. Gerd Faltings,1992,"Bonn, Germany Election year 1992","Bonn, Germany"
LEO_guenter-harder,Prof. Dr. Günter Harder,1992,"Bonn, Germany Election year 1992","Bonn, Germany"
LEO_hanskarl-mueller-buschbaum,Prof. Dr. Hanskarl Müller-Buschbaum,1992,"Kiel, Germany Election year 1992","Kiel, Germany"
LEO_juergen-hagedorn,Prof. Dr. Jürgen Hagedorn,1992,"Göttingen, Germany Election year 1992","Göttingen, Germany"
LEO_volker-strassen,Prof. Dr. Volker Strassen,1992,"Dresden, Germany Election year 1992","Dresden, Germany"
LEO_helmut-schwarz,Professor Dr Helmut Schwarz,1992,"Berlin, Germany Election year 1992","Berlin, Germany"
LEO_paul-j-crutzen,Professor Dr Paul J. Crutzen,1992,"Mainz, Germany Election year 1992","Mainz, Germany"
LEO_francois-mathey,Prof. Dr. François Mathey,1993,"Riverside, CA, USA, United States Election year 1993","Riverside, CA, USA, United States"
LEO_horst-hagedorn,Prof. Dr. Horst Hagedorn,1993,"Würzburg, Germany Election year 1993","Würzburg, Germany"
LEO_kurt-schaffner,Prof. Dr. Kurt Schaffner,1993,"Mülheim, Germany Election year 1993","Mülheim, Germany"
LEO_peter-paufler,Prof. Dr. Peter Paufler,1993,"Dresden, Germany Election year 1993","Dresden, Germany"
LEO_lord-ronald-oxburgh,Lord Ronald Oxburgh,1994,"London, United Kingdom Election year 1994","London, United Kingdom"
LEO_achim-mueller,Prof. Dr. Achim Müller,1994,"Bielefeld, Germany Election year 1994","Bielefeld, Germany"
LEO_eberhard-zeidler,Prof. Dr. Eberhard Zeidler,1994,"Leipzig, Germany Election year 1994","Leipzig, Germany"
LEO_ekhard-k-h-salje,Prof. Dr. Ekhard K. H. Salje,1994,"Cambridge, United Kingdom Election year 1994","Cambridge, United Kingdom"
LEO_john-barry-dawson,Prof. Dr. John Barry Dawson,1994,"Edinburgh, United Kingdom Election year 1994","Edinburgh, United Kingdom"
LEO_manfred-regitz,Prof. Dr. Manfred Regitz,1994,"Kaiserslautern, Germany Election year 1994","Kaiserslautern, Germany"
LEO_michael-sarnthein,Prof. Dr. Michael Sarnthein,1994,"Kiel, Germany Election year 1994","Kiel, Germany"
LEO_karl-heinz-buechel,Professor Dr Karl Heinz Büchel,1994,"Burscheid, Germany Election year 1994","Burscheid, Germany"
LEO_daniel-kastler,Prof. Dr. Daniel Kastler,1995,"Bandol, France Election year 1995","Bandol, France"
LEO_jean-aubouin,Prof. Dr. Jean Aubouin,1995,"Nice, France Election year 1995","Nice, France"
LEO_joshua-jortner,Prof. Dr. Joshua Jortner,1995,"Tel Aviv, Israel Election year 1995","Tel Aviv, Israel"
LEO_karl-heinz-hoffmann,Prof. Dr. Karl-Heinz Hoffmann,1995,"Garching, Germany Election year 1995","Garching, Germany"
LEO_paul-j-kuehn,Prof. Dr.-Ing. Paul J. Kühn,1995,"Leinfelden-Echterdingen, Germany Election year 1995","Leinfelden-Echterdingen, Germany"
LEO_gerhard-krueger,Professor Dr Gerhard Krüger,1995,"Waldbronn, Germany Election year 1995","Waldbronn, Germany"
LEO_wolfgang-a-herrmann,Professor Dr Wolfgang A. Herrmann,1995,"München, Germany Election year 1995","München, Germany"
LEO_bernhard-korte,Prof. Dr. Bernhard Korte,1996,"Bonn, Germany Election year 1996","Bonn, Germany"
LEO_hans-foellmer,Prof. Dr. Hans Föllmer,1996,"Berlin, Germany Election year 1996","Berlin, Germany"
LEO_harald-niederreiter,Prof. Dr. Harald Niederreiter,1996,"Linz, Austria Election year 1996","Linz, Austria"
LEO_wolfgang-schlager,Prof. Dr. Wolfgang Schlager,1996,"Amsterdam, Netherlands Election year 1996","Amsterdam, Netherlands"
LEO_ekkehard-winterfeldt,Professor Dr Ekkehard Winterfeldt,1996,"Isernhagen, Germany Election year 1996","Isernhagen, Germany"
LEO_peter-noll,Professor Dr Peter Noll,1996,"Berlin, Germany Election year 1996","Berlin, Germany"
LEO_wolfgang-franke,Professor Dr Wolfgang Franke,1996,"Gießen, Germany Election year 1996","Gießen, Germany"
LEO_friedrich-hensel,Prof. Dr. Friedrich Hensel,1997,"Marburg, Germany Election year 1997","Marburg, Germany"
LEO_gernot-patzelt,Prof. Dr. Gernot Patzelt,1997,"Innsbruck, Austria Election year 1997","Innsbruck, Austria"
LEO_heinz-schulz,Prof. Dr. Heinz Schulz,1997,"München, Germany Election year 1997","München, Germany"
LEO_leslie-leiserowitz,Prof. Dr. Leslie Leiserowitz,1997,"Rehovot, Israel Election year 1997","Rehovot, Israel"
LEO_manfred-t-reetz,Prof. Dr. Manfred T. Reetz,1997,"Mülheim, Germany Election year 1997","Mülheim, Germany"
LEO_meir-lahav,Prof. Dr. Meir Lahav,1997,"Rehovot, Israel Election year 1997","Rehovot, Israel"
LEO_bernd-giese,Prof. Dr. Bernd Giese,1998,"Fribourg, Switzerland Election year 1998","Fribourg, Switzerland"
LEO_carl-de-boor,Prof. Dr. Carl de Boor,1998,"Eastsound, WA, United States Election year 1998","Eastsound, WA, United States"
LEO_dagmar-schipanski,Prof. Dr. Dagmar Schipanski,1998,"Ilmenau, Germany Election year 1998","Ilmenau, Germany"
LEO_dieter-stoeffler,Prof. Dr. Dieter Stöffler,1998,"Berlin, Germany Election year 1998","Berlin, Germany"
LEO_don-zagier,Prof. Dr. Don Zagier,1998,"Bonn, Germany Election year 1998","Bonn, Germany"
LEO_heinrich-soffel,Prof. Dr. Heinrich Soffel,1998,"Gauting, Germany Election year 1998","Gauting, Germany"
LEO_mieczyslaw-makosza,Prof. Dr. Mieczysław Mąkosza,1998,"Warschau, Poland Election year 1998","Warschau, Poland"
LEO_pierre-albrecht,Prof. Dr. Pierre Albrecht,1998,"Strasbourg, France Election year 1998","Strasbourg, France"
LEO_sigrid-d-peyerimhoff,Prof. Dr. Sigrid D. Peyerimhoff,1998,"Bonn, Germany Election year 1998","Bonn, Germany"
LEO_arndt-simon,Professor Dr Arndt Simon,1998,"Stuttgart, Germany Election year 1998","Stuttgart, Germany"
LEO_francois-diederich,Professor Dr François Diederich,1998,"Zürich, Switzerland Election year 1998","Zürich, Switzerland"
LEO_martin-quack,Professor Dr Martin Quack,1998,"Zürich, Switzerland Election year 1998","Zürich, Switzerland"
LEO_peter-fritz,Professor Dr Peter Fritz,1998,"Leipzig, Germany Election year 1998","Leipzig, Germany"
LEO_sigmar-wittig,Professor Dr Sigmar Wittig,1998,"Karlsruhe, Germany Election year 1998","Karlsruhe, Germany"
LEO_bernt-krebs,Prof. Dr. Bernt Krebs,1999,"Münster, Germany Election year 1999","Münster, Germany"
LEO_eduard-zehnder,Prof. Dr. Eduard Zehnder,1999,"Greifensee, Switzerland Election year 1999","Greifensee, Switzerland"
LEO_franz-jacobs,Prof. Dr. Franz Jacobs,1999,"Leipzig, Germany Election year 1999","Leipzig, Germany"
LEO_klaus-muellen,Professor Dr Klaus Müllen,1999,"Mainz, Germany Election year 1999","Mainz, Germany"
LEO_ulrich-christensen,Professor Dr Ulrich Christensen,1999,"Göttingen, Germany Election year 1999","Göttingen, Germany"
LEO_sir-j-fraser-stoddart,Professor Sir J. Fraser Stoddart,1999,"Evanston, United States Election year 1999","Evanston, United States"
LEO_ekkehart-tillmanns,Prof. Dr. Ekkehart Tillmanns,2000,"Wien, Austria Election year 2000","Wien, Austria"
LEO_fritz-f-steininger,Prof. Dr. Fritz F. Steininger,2000,"Eggenburg, Austria Election year 2000","Eggenburg, Austria"
LEO_gisbert-wuestholz,Prof. Dr. Gisbert Wüstholz,2000,"Zürich, Switzerland Election year 2000","Zürich, Switzerland"
LEO_istvan-klinghammer,Prof. Dr. István Klinghammer,2000,"Budapest, Hungary Election year 2000","Budapest, Hungary"
LEO_herbert-fischer,Professor Dr Herbert Fischer,2000,"Gräfelfing, Germany Election year 2000","Gräfelfing, Germany"
LEO_martin-jansen,Professor Dr Martin Jansen,2000,"Stuttgart, Germany Election year 2000","Stuttgart, Germany"
LEO_roald-hoffmann,Professor Dr Roald Hoffmann,2000,"Ithaca, NY, United States Election year 2000","Ithaca, NY, United States"
LEO_yuri-i-manin,Professor Dr Yuri I. Manin,2000,"Bonn, Germany Election year 2000","Bonn, Germany"
LEO_karl-heinz-glassmeier,Professor Dr Karl-Heinz Glaßmeier,2001,"Braunschweig, Germany Election year 2001","Braunschweig, Germany"
LEO_guenter-pritschow,Prof. Dr. Günter Pritschow,2002,"Baden-Baden, Germany Election year 2002","Baden-Baden, Germany"
LEO_hans-r-thierstein,Prof. Dr. Hans R. Thierstein,2002,"Zürich, Switzerland Election year 2002","Zürich, Switzerland"
LEO_hans-rudolf-bork,Prof. Dr. Hans-Rudolf Bork,2002,"Kiel, Germany Election year 2002","Kiel, Germany"
LEO_herbert-palme,Prof. Dr. Herbert Palme,2002,"Mainz, Germany Election year 2002","Mainz, Germany"
LEO_laszlo-lovasz,Prof. Dr. László Lovász,2002,"Budapest, Hungary Election year 2002","Budapest, Hungary"
LEO_mariano-giaquinta,Prof. Dr. Mariano Giaquinta,2002,"Pisa, Italy Election year 2002","Pisa, Italy"
LEO_michel-che,Prof. Dr. Michel Che,2002,"Paris, France Election year 2002","Paris, France"
LEO_michel-pouchard,Prof. Dr. Michel Pouchard,2002,"Le Pian-Medoc, France Election year 2002","Le Pian-Medoc, France"
LEO_nanny-wermuth,Prof. Dr. Nanny Wermuth,2002,"Göteborg, Sweden Election year 2002","Göteborg, Sweden"
LEO_sir-richard-j-brook,Prof. Sir Richard J. Brook,2002,"London, United Kingdom Election year 2002","London, United Kingdom"
LEO_alois-fuerstner,Professor Dr Alois Fürstner,2002,"Mülheim, Germany Election year 2002","Mülheim, Germany"
LEO_claus-weyrich,Professor Dr Claus Weyrich,2002,"Riemerling, Germany Election year 2002","Riemerling, Germany"
LEO_dietrich-stoyan,Professor Dr Dietrich Stoyan,2002,"Freiberg (Sa.), Germany Election year 2002","Freiberg (Sa.), Germany"
LEO_horst-kessler,Professor Dr Horst Kessler,2002,"Garching, Germany Election year 2002","Garching, Germany"
LEO_johann-dietrich-woerner,Professor Dr Johann-Dietrich Wörner,2002,"Paris, France Election year 2002","Paris, France"
LEO_juergen-jost,Professor Dr Jürgen Jost,2002,"Leipzig, Germany Election year 2002","Leipzig, Germany"
LEO_nicolas-moussiopoulos,Professor Dr Nicolas Moussiopoulos,2002,"Thessaloniki, Greece Election year 2002","Thessaloniki, Greece"
LEO_onno-oncken,Professor Dr Onno Oncken,2002,"Potsdam, Germany Election year 2002","Potsdam, Germany"
LEO_stefan-mueller,Professor Dr Stefan Müller,2002,"Bonn, Germany Election year 2002","Bonn, Germany"
LEO_christopher-deninger,Prof. Dr. Christopher Deninger,2003,"Münster, Germany Election year 2003","Münster, Germany"
LEO_lorenz-hurni,Prof. Dr. Lorenz Hurni,2003,"Zürich, Switzerland Election year 2003","Zürich, Switzerland"
LEO_michael-rapoport,Prof. Dr. Michael Rapoport,2003,"Bonn, Germany Election year 2003","Bonn, Germany"
LEO_thomas-zink,Prof. Dr. Thomas Zink,2003,"Bielefeld, Germany Election year 2003","Bielefeld, Germany"
LEO_werner-f-kuhs,Prof. Dr. Werner F. Kuhs,2003,"Göttingen, Germany Election year 2003","Göttingen, Germany"
LEO_werner-mueller,Prof. Dr. Werner Müller,2003,"Bonn, Germany Election year 2003","Bonn, Germany"
LEO_thomas-lengauer,Professor Dr Dr Thomas Lengauer,2003,"Saarbrücken, Germany Election year 2003","Saarbrücken, Germany"
LEO_friedemann-mattern,Professor Dr Friedemann Mattern,2003,"Zürich, Switzerland Election year 2003","Zürich, Switzerland"
LEO_jef-vandenberghe,Professor Dr Jef Vandenberghe,2003,"Amsterdam, Netherlands Election year 2003","Amsterdam, Netherlands"
LEO_karl-sigmund,Professor Dr Karl Sigmund,2003,"Wien, Austria Election year 2003","Wien, Austria"
LEO_manfred-broy,Professor Dr Manfred Broy,2003,"Garching, Germany Election year 2003","Garching, Germany"
LEO_martin-claussen,Professor Dr Martin Claußen,2003,"Hamburg, Germany Election year 2003","Hamburg, Germany"
LEO_wolf-dieter-bluemel,Professor Dr Wolf Dieter Blümel,2003,"Stuttgart, Germany Election year 2003","Stuttgart, Germany"
LEO_dante-gatteschi,Prof. Dr. Dante Gatteschi,2004,"Sesto Fiorentino, Italy Election year 2004","Sesto Fiorentino, Italy"
LEO_ernst-messerschmid,Prof. Dr. Ernst Messerschmid,2004,"Stuttgart, Germany Election year 2004","Stuttgart, Germany"
LEO_herbert-waldmann,Prof. Dr. Herbert Waldmann,2004,"Dortmund, Germany Election year 2004","Dortmund, Germany"
LEO_jean-michel-bismut,Prof. Dr. Jean-Michel Bismut,2004,"Orsay, France Election year 2004","Orsay, France"
LEO_kurt-mehlhorn,Prof. Dr. Kurt Mehlhorn,2004,"Saarbrücken, Germany Election year 2004","Saarbrücken, Germany"
LEO_lothar-thiele,Prof. Dr. Lothar Thiele,2004,"Zürich, Switzerland Election year 2004","Zürich, Switzerland"
LEO_malcolm-h-chisholm,Prof. Dr. Malcolm H. Chisholm,2004,"Columbus, OH, United States Election year 2004","Columbus, OH, United States"
LEO_peter-b-dervan,Prof. Dr. Peter B. Dervan,2004,"Pasadena, United States Election year 2004","Pasadena, United States"
LEO_stefan-levedag,Prof. Dr. Stefan Levedag,2004,"Cremlingen-Hordorf, Germany Election year 2004","Cremlingen-Hordorf, Germany"
LEO_stephen-j-lippard,Prof. Dr. Stephen J. Lippard,2004,"Cambridge, MA, USA, United States Election year 2004","Cambridge, MA, USA, United States"
LEO_ulrich-radtke,Prof. Dr. Ulrich Radtke,2004,"Duisburg, Germany Election year 2004","Duisburg, Germany"
LEO_konrad-bergmeister,Professor Dr Dr Dr Konrad Bergmeister,2004,"Wien, Austria Election year 2004","Wien, Austria"
LEO_gerhard-huisken,Professor Dr Gerhard Huisken,2004,"Tübingen, Germany Election year 2004","Tübingen, Germany"
LEO_martin-vingron,Professor Dr Martin Vingron,2004,"Berlin, Germany Election year 2004","Berlin, Germany"
LEO_michael-veith,Professor Dr Michael Veith,2004,"Saarbrücken, Germany Election year 2004","Saarbrücken, Germany"
LEO_reinhard-rummel,Professor Dr Reinhard Rummel,2004,"München, Germany Election year 2004","München, Germany"
LEO_robert-danzer,Professor Dr Robert Danzer,2004,"Leoben, Austria Election year 2004","Leoben, Austria"
LEO_volker-mosbrugger,Professor Dr Volker Mosbrugger,2004,"Frankfurt am Main, Germany Election year 2004","Frankfurt am Main, Germany"
LEO_wilfried-endlicher,Professor Dr Wilfried Endlicher,2004,"Berlin, Germany Election year 2004","Berlin, Germany"
LEO_wolf-christian-dullo,Professor Dr Wolf-Christian Dullo,2004,"Kiel, Germany Election year 2004","Kiel, Germany"
LEO_wolfgang-wahlster,Professor Dr Wolfgang Wahlster,2004,"Saarbrücken, Germany Election year 2004","Saarbrücken, Germany"
LEO_emo-welzl,Prof. Dr. Emo Welzl,2005,"Zürich, Switzerland Election year 2005","Zürich, Switzerland"
LEO_frank-scherbaum,Prof. Dr. Frank Scherbaum,2005,"Potsdam, Germany Election year 2005","Potsdam, Germany"
LEO_joachim-milberg,Prof. Dr. Joachim Milberg,2005,"München, Germany Election year 2005","München, Germany"
LEO_thomas-a-henzinger,Prof. Dr. Thomas A. Henzinger,2005,"Lausanne, Switzerland Election year 2005","Lausanne, Switzerland"
LEO_tobin-j-marks,Prof. Dr. Tobin J. Marks,2005,"Evanston, Il, USA, United States Election year 2005","Evanston, Il, USA, United States"
LEO_yongxiang-lu,Prof. Dr. Yongxiang Lu,2005,"Beijing, China Election year 2005","Beijing, China"
LEO_bengt-norden,Professor Dr Bengt Nordén,2005,"Gothenburg, Sweden Election year 2005","Gothenburg, Sweden"
LEO_christian-chopin,Professor Dr Christian Chopin,2005,"Paris, France Election year 2005","Paris, France"
LEO_ellen-ivers-tiffee,Professor Dr Ellen Ivers-Tiffée,2005,"Karlsruhe, Germany Election year 2005","Karlsruhe, Germany"
LEO_joerg-eberspaecher,Professor Dr Jörg Eberspächer,2005,"München, Germany Election year 2005","München, Germany"
LEO_martin-groetschel,Professor Dr Martin Grötschel,2005,"Berlin-Dahlem, Germany Election year 2005","Berlin-Dahlem, Germany"
LEO_pierre-braunstein,Professor Dr Pierre Braunstein,2005,"Strasbourg, France Election year 2005","Strasbourg, France"
LEO_alexander-schrijver,Prof. Dr. Alexander Schrijver,2006,"Amsterdam, Netherlands Election year 2006","Amsterdam, Netherlands"
LEO_georg-gottlob,Prof. Dr. Georg Gottlob,2006,"Oxford, United Kingdom Election year 2006","Oxford, United Kingdom"
LEO_luis-a-oro,Prof. Dr. Luis A. Oro,2006,"Zaragoza, Spain Election year 2006","Zaragoza, Spain"
LEO_bernhard-kraeutler,Professor Dr Bernhard Kräutler,2006,"Innsbruck, Austria Election year 2006","Innsbruck, Austria"
LEO_david-milstein,Professor Dr David Milstein,2006,"Rehovot, Israel Election year 2006","Rehovot, Israel"
LEO_didier-astruc,Professor Dr Didier Astruc,2006,"Talence, France Election year 2006","Talence, France"
LEO_eugene-w-myers,Professor Dr Eugene W. Myers,2006,"Dresden, Germany Election year 2006","Dresden, Germany"
LEO_herbert-mayr,Professor Dr Herbert Mayr,2006,"München, Germany Election year 2006","München, Germany"
LEO_hermann-josef-wagner,Professor Dr Hermann-Josef Wagner,2006,"Bochum, Germany Election year 2006","Bochum, Germany"
LEO_karl-wieghardt,Professor Dr Karl Wieghardt,2006,"Mülheim an der Ruhr, Germany Election year 2006","Mülheim an der Ruhr, Germany"
LEO_matthias-kleiner,Professor Dr Matthias Kleiner,2006,"Dortmund, Germany Election year 2006","Dortmund, Germany"
LEO_siegfried-blechert,Professor Dr Siegfried Blechert,2006,"Berlin, Germany Election year 2006","Berlin, Germany"
LEO_thorsten-bach,Professor Dr Thorsten Bach,2006,"München, Germany Election year 2006","München, Germany"
LEO_ulrich-schubert,Professor Dr Ulrich Schubert,2006,"Wien, Austria Election year 2006","Wien, Austria"
LEO_walter-michaeli,Professor Dr Walter Michaeli,2006,"Aachen, Germany Election year 2006","Aachen, Germany"
LEO_wolfgang-hackbusch,Professor Dr Wolfgang Hackbusch,2006,"Leipzig, Germany Election year 2006","Leipzig, Germany"
LEO_angelika-steger,Prof. Dr. Angelika Steger,2007,"Zürich, Switzerland Election year 2007","Zürich, Switzerland"
LEO_dieter-fenske,Prof. Dr. Dieter Fenske,2007,"Ettlingen, Germany Election year 2007","Ettlingen, Germany"
LEO_erwin-bolthausen,Prof. Dr. Erwin Bolthausen,2007,"Zürich, Switzerland Election year 2007","Zürich, Switzerland"
LEO_friedhelm-meyer-auf-der-heide,Prof. Dr. Friedhelm Meyer auf der Heide,2007,"Paderborn, Germany Election year 2007","Paderborn, Germany"
LEO_martina-havenith-newen,Prof. Dr. Martina Havenith-Newen,2007,"Bochum, Germany Election year 2007","Bochum, Germany"
LEO_michael-famulok,Prof. Dr. Michael Famulok,2007,"Bonn, Germany Election year 2007","Bonn, Germany"
LEO_stephan-luckhaus,Prof. Dr. Stephan Luckhaus,2007,"Leipzig, Germany Election year 2007","Leipzig, Germany"
LEO_ueli-maurer,Prof. Dr. Ueli Maurer,2007,"Zürich, Switzerland Election year 2007","Zürich, Switzerland"
LEO_walter-schachermayer,Prof. Dr. Walter Schachermayer,2007,"Wien, Austria Election year 2007","Wien, Austria"
LEO_werner-ballmann,Prof. Dr. Werner Ballmann,2007,"Bonn, Germany Election year 2007","Bonn, Germany"
LEO_bernd-girod,Professor Dr Bernd Girod,2007,"Stanford, CA, United States Election year 2007","Stanford, CA, United States"
LEO_dieter-enders,Professor Dr Dieter Enders,2007,"Aachen, Germany Election year 2007","Aachen, Germany"
LEO_gregor-markl,Professor Dr Gregor Markl,2007,"Tübingen, Germany Election year 2007","Tübingen, Germany"
LEO_hans-georg-bohle,Professor Dr Hans-Georg Bohle,2007,"Bonn, Germany Election year 2007","Bonn, Germany"
LEO_joachim-sauer,Professor Dr Joachim Sauer,2007,"Berlin, Germany Election year 2007","Berlin, Germany"
LEO_jochem-marotzke,Professor Dr Jochem Marotzke,2007,"Hamburg, Germany Election year 2007","Hamburg, Germany"
LEO_joern-thiede,Professor Dr Jörn Thiede,2007,"Kiel, Germany Election year 2007","Kiel, Germany"
LEO_sebastian-thrun,Professor Dr Sebastian Thrun,2007,"Stanford, CA, USA, United States Election year 2007","Stanford, CA, USA, United States"
LEO_walter-thiel,Professor Dr Walter Thiel,2007,"Mülheim, Germany Election year 2007","Mülheim, Germany"
LEO_holger-boche,Prof. Dr. Dr. Holger Boche,2008,"München, Germany Election year 2008","München, Germany"
LEO_hans-keppler,Prof. Dr. Hans Keppler,2008,"Bayreuth, Germany Election year 2008","Bayreuth, Germany"
LEO_helmut-brueckner,Prof. Dr. Helmut Brückner,2008,"Köln, Germany Election year 2008","Köln, Germany"
LEO_herbert-edelsbrunner,Prof. Dr. Herbert Edelsbrunner,2008,"Graz, Austria Election year 2008","Graz, Austria"
LEO_tilmann-maerk,Prof. Dr. Tilmann Märk,2008,"Innsbruck, Austria Election year 2008","Innsbruck, Austria"
LEO_angelika-heinzel,Professor Dr Angelika Heinzel,2008,"Duisburg, Germany Election year 2008","Duisburg, Germany"
LEO_annette-huber-klawitter,Professor Dr Annette Huber-Klawitter,2008,"Freiburg (Br.), Germany Election year 2008","Freiburg (Br.), Germany"
LEO_carolyn-r-bertozzi,Professor Dr Carolyn R. Bertozzi,2008,"Berkeley, United States Election year 2008","Berkeley, United States"
LEO_christian-griesinger,Professor Dr Christian Griesinger,2008,"Göttingen, Germany Election year 2008","Göttingen, Germany"
LEO_felix-otto,Professor Dr Felix Otto,2008,"Bonn, Germany Election year 2008","Bonn, Germany"
LEO_ferdi-schueth,Professor Dr Ferdi Schüth,2008,"Mülheim, Germany Election year 2008","Mülheim, Germany"
LEO_gerd-hirzinger,Professor Dr Gerd Hirzinger,2008,"Wessling, Germany Election year 2008","Wessling, Germany"
LEO_gerhard-gerold,Professor Dr Gerhard Gerold,2008,"Göttingen, Germany Election year 2008","Göttingen, Germany"
LEO_helene-esnault,Professor Dr Hélène Esnault,2008,"Berlin, Germany Election year 2008","Berlin, Germany"
LEO_katharina-kohse-hoeinghaus,Professor Dr Katharina Kohse-Höinghaus,2008,"Bielefeld, Germany Election year 2008","Bielefeld, Germany"
LEO_martin-gruebele,Professor Dr Martin Gruebele,2008,"Urbana, IL, United States Election year 2008","Urbana, IL, United States"
LEO_peter-druschel,Professor Dr Peter Druschel,2008,"Saarbrücken, Germany Election year 2008","Saarbrücken, Germany"
LEO_peter-gumbsch,Professor Dr Peter Gumbsch,2008,"Freiburg (Br.), Germany Election year 2008","Freiburg (Br.), Germany"
LEO_thomas-carell,Professor Dr Thomas Carell,2008,"München, Germany Election year 2008","München, Germany"
LEO_eckart-viehweg,Eckart Viehweg,2009,"Essen, Germany Election year 2009","Essen, Germany"
LEO_friedrich-goetze,Prof. Dr. Friedrich Götze,2009,"Bielefeld, Germany Election year 2009","Bielefeld, Germany"
LEO_horst-hahn,Prof. Dr. Horst Hahn,2009,"Eggenstein-Leopoldshafen, Germany Election year 2009","Eggenstein-Leopoldshafen, Germany"
LEO_itamar-willner,Prof. Dr. Itamar Willner,2009,"Jerusalem, Israel Election year 2009","Jerusalem, Israel"
LEO_kyriacos-costa-nicolaou,Prof. Dr. Kyriacos Costa Nicolaou,2009,"Houston, TX, United States Election year 2009","Houston, TX, United States"
LEO_matthias-beller,Prof. Dr. Matthias Beller,2009,"Rostock, Germany Election year 2009","Rostock, Germany"
LEO_peter-p-edwards,Prof. Dr. Peter P. Edwards,2009,"Oxford, United Kingdom Election year 2009","Oxford, United Kingdom"
LEO_wolfgang-schnick,Prof. Dr. Wolfgang Schnick,2009,"München, Germany Election year 2009","München, Germany"
LEO_anja-feldmann,Professor Dr Anja Feldmann,2009,"Saarbrücken, Germany Election year 2009","Saarbrücken, Germany"
LEO_antje-boetius,Professor Dr Antje Boetius,2009,"Bremen, Germany Election year 2009","Bremen, Germany"
LEO_bernhard-nebel,Professor Dr Bernhard Nebel,2009,"Freiburg (Br.), Germany Election year 2009","Freiburg (Br.), Germany"
LEO_claire-voisin,Professor Dr Claire Voisin,2009,"Palaiseau, France Election year 2009","Palaiseau, France"
LEO_frauke-kraas,Professor Dr Frauke Kraas,2009,"Köln, Germany Election year 2009","Köln, Germany"
LEO_friedhelm-von-blanckenburg,Professor Dr Friedhelm von Blanckenburg,2009,"Berlin, Germany Election year 2009","Berlin, Germany"
LEO_frederic-merkt,Professor Dr Frédéric Merkt,2009,"Zürich, Switzerland Election year 2009","Zürich, Switzerland"
LEO_guenter-m-ziegler,Professor Dr Günter M. Ziegler,2009,"Berlin, Germany Election year 2009","Berlin, Germany"
LEO_hans-joachim-freund,Professor Dr Hans-Joachim Freund,2009,"Berlin, Germany Election year 2009","Berlin, Germany"
LEO_joern-manz,Professor Dr Jörn Manz,2009,"Berlin, Germany Election year 2009","Berlin, Germany"
LEO_paul-knochel,Professor Dr Paul Knochel,2009,"München, Germany Election year 2009","München, Germany"
LEO_wolfgang-dahmen,Professor Dr Wolfgang Dahmen,2009,"Columbia, South Carolina, United States Election year 2009","Columbia, South Carolina, United States"
LEO_bernhard-eitel,Prof. Dr. Bernhard Eitel,2010,"Heidelberg, Germany Election year 2010","Heidelberg, Germany"
LEO_elisabeth-andre,Prof. Dr. Elisabeth André,2010,"Augsburg, Germany Election year 2010","Augsburg, Germany"
LEO_heinz-wanner,Prof. Dr. Heinz Wanner,2010,"Bern, Switzerland Election year 2010","Bern, Switzerland"
LEO_wolfgang-lueck,Prof. Dr. Wolfgang Lück,2010,"Bonn, Germany Election year 2010","Bonn, Germany"
LEO_helmut-hofer,Professor Dr Helmut Hofer,2010,"Princeton, United States Election year 2010","Princeton, United States"
LEO_jacob-palis,Professor Dr Jacob Palis,2010,"Rio de Janeiro, Brazil Election year 2010","Rio de Janeiro, Brazil"
LEO_klaus-mezger,Professor Dr Klaus Mezger,2010,"Bern, Switzerland Election year 2010","Bern, Switzerland"
LEO_susanne-albers,Professor Dr Susanne Albers,2010,"Garching, Germany Election year 2010","Garching, Germany"
LEO_wolfgang-baumjohann,Professor Dr Wolfgang Baumjohann,2010,"Graz, Austria Election year 2010","Graz, Austria"
LEO_andreas-pfaltz,Andreas Pfaltz,2011,"Basel, Switzerland Election year 2011","Basel, Switzerland"
LEO_anthony-k-cheetham,Anthony K. Cheetham,2011,"Cambridge, United Kingdom Election year 2011","Cambridge, United Kingdom"
LEO_holger-braunschweig,Holger Braunschweig,2011,"Würzburg, Germany Election year 2011","Würzburg, Germany"
LEO_cynthia-volkert,Prof. Dr. Cynthia Volkert,2011,"Göttingen, Germany Election year 2011","Göttingen, Germany"
LEO_manfred-m-kappes,Prof. Dr. Manfred M. Kappes,2011,"Karlsruhe, Germany Election year 2011","Karlsruhe, Germany"
LEO_wendelin-werner,Prof. Dr. Wendelin Werner,2011,"Zürich, Switzerland Election year 2011","Zürich, Switzerland"
LEO_christoph-clauser,Professor Dr Christoph Clauser,2011,"Aachen, Germany Election year 2011","Aachen, Germany"
LEO_gerhard-erker,Professor Dr Gerhard Erker,2011,"Münster, Germany Election year 2011","Münster, Germany"
LEO_johannes-buchmann,Professor Dr Johannes Buchmann,2011,"Darmstadt, Germany Election year 2011","Darmstadt, Germany"
LEO_joerg-bendix,Professor Dr Jörg Bendix,2011,"Marburg, Germany Election year 2011","Marburg, Germany"
LEO_liqiu-meng,Professor Dr Liqiu Meng,2011,"München, Germany Election year 2011","München, Germany"
LEO_markus-gross,Professor Dr Markus Gross,2011,"Zürich, Switzerland Election year 2011","Zürich, Switzerland"
LEO_robert-schloegl,Professor Dr Robert Schlögl,2011,"Berlin, Germany Election year 2011","Berlin, Germany"
LEO_tamar-seideman,Professor Dr Tamar Seideman,2011,"Evanston, United States Election year 2011","Evanston, United States"
LEO_roland-zengerle,Roland Zengerle,2011,"Freiburg (Br.), Germany Election year 2011","Freiburg (Br.), Germany"
LEO_william-h-miller,William H. Miller,2011,"Berkeley, United States Election year 2011","Berkeley, United States"
LEO_william-b-durham,Ph.D. William B. Durham,2012,"Cambridge, MA, United States Election year 2012","Cambridge, MA, United States"
LEO_gerald-h-haug,Prof. (ETHZ)* Dr. Gerald H. Haug,2012,"Mainz, Germany Election year 2012","Mainz, Germany"
LEO_brigitta-schuett,Prof. Dr. Brigitta Schütt,2012,"Berlin, Germany Election year 2012","Berlin, Germany"
LEO_marc-burger,Prof. Dr. Marc Burger,2012,"Zürich, Switzerland Election year 2012","Zürich, Switzerland"
LEO_ali-mehmet-celal-sengoer,Professor Dr Ali Mehmet Celâl Şengör,2012,"Istanbul, Türkiye Election year 2012","Istanbul, Türkiye"
LEO_annette-beck-sickinger,Professor Dr Annette Beck-Sickinger,2012,"Leipzig, Germany Election year 2012","Leipzig, Germany"
LEO_klaus-robert-mueller,Professor Dr Klaus-Robert Müller,2012,"Berlin, Germany Election year 2012","Berlin, Germany"
LEO_martin-suhm,Professor Dr Martin Suhm,2012,"Göttingen, Germany Election year 2012","Göttingen, Germany"
LEO_matthias-driess,Professor Dr Matthias Drieß,2012,"Berlin, Germany Election year 2012","Berlin, Germany"
LEO_sara-anna-van-de-geer,Professor Dr Sara Anna van de Geer,2012,"Zürich, Switzerland Election year 2012","Zürich, Switzerland"
LEO_ursula-hamenstaedt,Professor Dr Ursula Hamenstädt,2012,"Bonn, Germany Election year 2012","Bonn, Germany"
LEO_christof-woell,Prof. Dr. Christof Wöll,2013,"Eggenstein-Leopoldshafen, Germany Election year 2013","Eggenstein-Leopoldshafen, Germany"
LEO_katharina-al-shamery,Prof. Dr. Katharina Al-Shamery,2013,"Oldenburg, Germany Election year 2013","Oldenburg, Germany"
LEO_martin-bossert,Prof. Dr. Martin Bossert,2013,"Ulm, Germany Election year 2013","Ulm, Germany"
LEO_peter-baeuerle,Prof. Dr. Peter Bäuerle,2013,"Ulm, Germany Election year 2013","Ulm, Germany"
LEO_reinhard-wilhelm,Prof. Dr. Reinhard Wilhelm,2013,"Saarbrücken, Germany Election year 2013","Saarbrücken, Germany"
LEO_dierk-raabe,Professor Dr Dierk Raabe,2013,"Düsseldorf, Germany Election year 2013","Düsseldorf, Germany"
LEO_frank-neese,Professor Dr Frank Neese,2013,"Mülheim, Germany Election year 2013","Mülheim, Germany"
LEO_klara-nahrstedt,Professor Dr Klara Nahrstedt,2013,"Urbana, IL, United States Election year 2013","Urbana, IL, United States"
LEO_manfred-curbach,Professor Dr Manfred Curbach,2013,"Dresden, Germany Election year 2013","Dresden, Germany"
LEO_marc-n-levine,Professor Dr Marc N. Levine,2013,"Essen, Germany Election year 2013","Essen, Germany"
LEO_michael-struwe,Professor Dr Michael Struwe,2013,"Zürich, Switzerland Election year 2013","Zürich, Switzerland"
LEO_paul-biran,Professor Dr Paul Biran,2013,"Zürich, Switzerland Election year 2013","Zürich, Switzerland"
LEO_peter-r-schreiner,Professor Dr Peter R. Schreiner,2013,"Gießen, Germany Election year 2013","Gießen, Germany"
LEO_wolfgang-marquardt,Professor Dr Wolfgang Marquardt,2013,"Aachen, Germany Election year 2013","Aachen, Germany"
LEO_ulrich-platt,Prof. Dr. Ulrich Platt,2014,"Heidelberg, Germany Election year 2014","Heidelberg, Germany"
LEO_wolfram-burgard,Prof. Dr. Wolfram Burgard,2014,"Freiburg (Br.), Germany Election year 2014","Freiburg (Br.), Germany"
LEO_detlef-guenther,Professor Dr Detlef Günther,2014,"Zürich, Switzerland Election year 2014","Zürich, Switzerland"
LEO_joachim-cuntz,Professor Dr Joachim Cuntz,2014,"Münster, Germany Election year 2014","Münster, Germany"
LEO_luisa-de-cola,Professor Dr Luisa De Cola,2014,"Straßburg, France Election year 2014","Straßburg, France"
LEO_manfred-strecker,Professor Dr Manfred Strecker,2014,"Potsdam, Germany Election year 2014","Potsdam, Germany"
LEO_michael-graetzel,Professor Dr Michael Grätzel,2014,"Lausanne, Switzerland Election year 2014","Lausanne, Switzerland"
LEO_monika-henzinger,Professor Dr Monika Henzinger,2014,"Wien, Austria Election year 2014","Wien, Austria"
LEO_reimund-neugebauer,Professor Dr Reimund Neugebauer,2014,"München, Germany Election year 2014","München, Germany"
LEO_ulrike-lohmann,Professor Dr Ulrike Lohmann,2014,"Zürich, Switzerland Election year 2014","Zürich, Switzerland"
LEO_heike-riel,Dr Heike Riel,2015,"Rüschlikon, Switzerland Election year 2015","Rüschlikon, Switzerland"
LEO_marion-merklein,Prof. Dr. Marion Merklein,2015,"Erlangen, Germany Election year 2015","Erlangen, Germany"
LEO_franc-meyer,Professor Dr Franc Meyer,2015,"Göttingen, Germany Election year 2015","Göttingen, Germany"
LEO_johannes-lelieveld,Professor Dr Johannes Lelieveld,2015,"Mainz, Germany Election year 2015","Mainz, Germany"
LEO_klement-tockner,Professor Dr Klement Tockner,2015,"Frankfurt am Main, Germany Election year 2015","Frankfurt am Main, Germany"
LEO_lorenz-s-cederbaum,Professor Dr Lorenz S. Cederbaum,2015,"Heidelberg, Germany Election year 2015","Heidelberg, Germany"
LEO_martin-hairer,Professor Dr Martin Hairer,2015,"Lausanne, Switzerland Election year 2015","Lausanne, Switzerland"
LEO_tresa-m-pollock,Professor Dr Tresa M. Pollock,2015,"Santa Barbara, United States Election year 2015","Santa Barbara, United States"
LEO_ulrike-diebold,Professor Dr Ulrike Diebold,2015,"Wien, Austria Election year 2015","Wien, Austria"
LEO_beat-h-meier,Prof. Dr. Beat H. Meier,2016,"Zürich, Switzerland Election year 2016","Zürich, Switzerland"
LEO_frank-wuerthner,Prof. Dr. Frank Würthner,2016,"Würzburg, Germany Election year 2016","Würzburg, Germany"
LEO_hans-peter-steinrueck,Prof. Dr. Hans-Peter Steinrück,2016,"Erlangen, Germany Election year 2016","Erlangen, Germany"
LEO_peter-schneider-1,Prof. Dr. Peter Schneider,2016,"Münster, Germany Election year 2016","Münster, Germany"
LEO_bernhard-schoelkopf,Professor Dr Bernhard Schölkopf,2016,"Tübingen, Germany Election year 2016","Tübingen, Germany"
LEO_burkhard-wilking,Professor Dr Burkhard Wilking,2016,"Münster, Germany Election year 2016","Münster, Germany"
LEO_gerhard-fettweis,Professor Dr Gerhard Fettweis,2016,"Dresden, Germany Election year 2016","Dresden, Germany"
LEO_heiner-igel,Professor Dr Heiner Igel,2016,"München, Germany Election year 2016","München, Germany"
LEO_katja-windt,Professor Dr Katja Windt,2016,"Düsseldorf, Germany Election year 2016","Düsseldorf, Germany"
LEO_peter-schlosser,Professor Dr Peter Schlosser,2016,"Tempe, United States Election year 2016","Tempe, United States"
LEO_cordelia-schmid,Dr. Cordelia Schmid,2017,"Grenoble, France Election year 2017","Grenoble, France"
LEO_dirk-trauner,Prof. Dr. Dirk Trauner,2017,"Philadelphia, PA, United States Election year 2017","Philadelphia, PA, United States"
LEO_alexander-waibel,Professor Dr Alexander Waibel,2017,"Karlsruhe, Germany Election year 2017","Karlsruhe, Germany"
LEO_donald-bruce-dingwell,Professor Dr Donald Bruce Dingwell,2017,"München, Germany Election year 2017","München, Germany"
LEO_huajian-gao,Professor Dr Huajian Gao,2017,"Providence, United States Election year 2017","Providence, United States"
LEO_peter-scholze,Professor Dr Peter Scholze,2017,"Bonn, Germany Election year 2017","Bonn, Germany"
LEO_ulrike-tillmann,Professor Dr Ulrike Tillmann,2017,"Oxford, United Kingdom Election year 2017","Oxford, United Kingdom"
LEO_catharina-stroppel,Prof. Dr. Catharina Stroppel,2018,"Bonn, Germany Election year 2018","Bonn, Germany"
LEO_claudia-felser,Prof. Dr. Claudia Felser,2018,"Dresden, Germany Election year 2018","Dresden, Germany"
LEO_horst-fischer,Prof. Dr. Horst Fischer,2018,"Aachen, Germany Election year 2018","Aachen, Germany"
LEO_manfred-scheer,Prof. Dr. Manfred Scheer,2018,"Regensburg, Germany Election year 2018","Regensburg, Germany"
LEO_stefan-grimme,Prof. Dr. Stefan Grimme,2018,"Bonn, Germany Election year 2018","Bonn, Germany"
LEO_benjamin-list,Professor Dr Benjamin List,2018,"Mülheim an der Ruhr, Germany Election year 2018","Mülheim an der Ruhr, Germany"
LEO_daniel-j-frost,Professor Dr Daniel J. Frost,2018,"Bayreuth, Germany Election year 2018","Bayreuth, Germany"
LEO_gabriele-hegerl,Professor Dr Gabriele Hegerl,2018,"Edinburgh, United Kingdom Election year 2018","Edinburgh, United Kingdom"
LEO_gerhard-weikum,Professor Dr Gerhard Weikum,2018,"Saarbrücken, Germany Election year 2018","Saarbrücken, Germany"
LEO_liane-g-benning,Professor Dr Liane G. Benning,2018,"Potsdam, Germany Election year 2018","Potsdam, Germany"
LEO_thomas-wiegand,Professor Dr Thomas Wiegand,2018,"Berlin, Germany Election year 2018","Berlin, Germany"
LEO_yuri-tschinkel,Professor Dr Yuri Tschinkel,2018,"New York, United States Election year 2018","New York, United States"
LEO_ben-l-feringa,Professor Dr Ben L. Feringa,2019,"Groningen, Netherlands Election year 2019","Groningen, Netherlands"
LEO_christof-paar,Professor Dr Christof Paar,2019,"Bochum, Germany Election year 2019","Bochum, Germany"
LEO_ingrid-daubechies,Professor Dr Ingrid Daubechies,2019,"Durham, NC, United States Election year 2019","Durham, NC, United States"
LEO_joachim-maier,Professor Dr Joachim Maier,2019,"Stuttgart, Germany Election year 2019","Stuttgart, Germany"
LEO_kai-uwe-hinrichs,Professor Dr Kai-Uwe Hinrichs,2019,"Bremen, Germany Election year 2019","Bremen, Germany"
LEO_laszlo-szekelyhidi,Professor Dr László Székelyhidi,2019,"Leipzig, Germany Election year 2019","Leipzig, Germany"
LEO_stefano-passerini,Professor Dr Stefano Passerini,2019,"Rom, Italy Election year 2019","Rom, Italy"
LEO_thomas-f-stocker,Professor Dr Thomas F. Stocker,2019,"Bern, Switzerland Election year 2019","Bern, Switzerland"
LEO_albrecht-schmidt,Prof. Dr. Albrecht Schmidt,2020,"München, Germany Election year 2020","München, Germany"
LEO_ingo-krossing,Prof. Dr. Ingo Krossing,2020,"Freiburg (Br.), Germany Election year 2020","Freiburg (Br.), Germany"
LEO_john-p-burrows,Prof. Dr. John P. Burrows,2020,"Bremen, Germany Election year 2020","Bremen, Germany"
LEO_martin-stratmann,Prof. Dr. Martin Stratmann,2020,"München, Germany Election year 2020","München, Germany"
LEO_armido-studer,Professor Dr Armido Studer,2020,"Münster, Germany Election year 2020","Münster, Germany"
LEO_donna-g-blackmond,Professor Dr Donna G. Blackmond,2020,"La Jolla, CA, United States Election year 2020","La Jolla, CA, United States"
LEO_johan-rockstroem,Professor Dr Johan Rockström,2020,"Potsdam, Germany Election year 2020","Potsdam, Germany"
LEO_sir-richard-catlow,Professor Dr Sir Richard Catlow,2020,"London, United Kingdom Election year 2020","London, United Kingdom"
LEO_stefanie-dehnen,Professor Dr Stefanie Dehnen,2020,"Karlsruhe, Germany Election year 2020","Karlsruhe, Germany"
LEO_ulrike-von-luxburg,Professor Dr Ulrike von Luxburg,2020,"Tübingen, Germany Election year 2020","Tübingen, Germany"
LEO_eva-viehmann,Prof. Dr. Eva Viehmann,2021,"Münster/Westf., Germany Election year 2021","Münster/Westf., Germany"
LEO_frank-glorius,Prof. Dr. Frank Glorius,2021,"Münster, Germany Election year 2021","Münster, Germany"
LEO_susanne-crewell,Prof. Dr. Susanne Crewell,2021,"Köln, Germany Election year 2021","Köln, Germany"
LEO_bernt-schiele,Professor Dr Bernt Schiele,2021,"Saarbrücken, Germany Election year 2021","Saarbrücken, Germany"
LEO_camillo-de-lellis,Professor Dr Camillo De Lellis,2021,"Princeton, United States Election year 2021","Princeton, United States"
LEO_joseph-s-francisco,Professor Dr Joseph S. Francisco,2021,"Philadelphia, PA, United States Election year 2021","Philadelphia, PA, United States"
LEO_manfred-k-warmuth,Professor Dr Manfred K. Warmuth,2021,"Santa Cruz, CA, United States Election year 2021","Santa Cruz, CA, United States"
LEO_michael-j-black,Professor Dr Michael J. Black,2021,"Tübingen, Germany Election year 2021","Tübingen, Germany"
LEO_michael-kaschke,Professor Dr Michael Kaschke,2021,"Karlsruhe, Germany Election year 2021","Karlsruhe, Germany"
LEO_gisela-lanza,Prof. Dr. Gisela Lanza,2022,"Karlsruhe, Germany Election year 2022","Karlsruhe, Germany"
LEO_martin-grosjean,Prof. Dr. Martin Grosjean,2022,"Bern, Switzerland Election year 2022","Bern, Switzerland"
LEO_muriel-medard,Prof. Dr. Muriel Médard,2022,"Cambridge, United States Election year 2022","Cambridge, United States"
LEO_peter-buehlmann,Prof. Dr. Peter Bühlmann,2022,"Zürich, Switzerland Election year 2022","Zürich, Switzerland"
LEO_adrian-constantin,Professor Dr Adrian Constantin,2022,"Wien, Austria Election year 2022","Wien, Austria"
LEO_barbara-wohlmuth,Professor Dr Barbara Wohlmuth,2022,"München, Germany Election year 2022","München, Germany"
LEO_erick-m-carreira,Professor Dr Erick M. Carreira,2022,"Zürich, Switzerland Election year 2022","Zürich, Switzerland"
LEO_juergen-janek,Professor Dr Jürgen Janek,2022,"Gießen, Germany Election year 2022","Gießen, Germany"
LEO_laura-gagliardi,Professor Dr Laura Gagliardi,2022,"Chicago, United States Election year 2022","Chicago, United States"
LEO_leigh-royden,Professor Dr Leigh Royden,2022,"Cambridge, United States Election year 2022","Cambridge, United States"
LEO_matthias-wessling,Professor Dr Matthias Wessling,2022,"Aachen, Germany Election year 2022","Aachen, Germany"
LEO_omar-m-yaghi,Professor Dr Omar M. Yaghi,2022,"Berkeley, CA, United States Election year 2022","Berkeley, CA, United States"
LEO_nicola-a-spaldin,Professor Nicola A. Spaldin,2022,"Zürich, Switzerland Election year 2022","Zürich, Switzerland"
LEO_alain-sol-sznitman,Professor Dr Alain-Sol Sznitman,2023,"Zürich, Switzerland Election year 2023","Zürich, Switzerland"
LEO_anke-weidenkaff,Professor Dr Anke Weidenkaff,2023,"Darmstadt, Germany Election year 2023","Darmstadt, Germany"
LEO_anna-wienhard,Professor Dr Anna Wienhard,2023,"Leipzig, Germany Election year 2023","Leipzig, Germany"
LEO_daniel-rueckert,Professor Dr Daniel Rückert,2023,"München, Germany Election year 2023","München, Germany"
LEO_gernot-heiser,Professor Dr Gernot Heiser,2023,"Sydney, Australia Election year 2023","Sydney, Australia"
LEO_guy-bertrand,Professor Dr Guy Bertrand,2023,"La Jolla, CA, United States Election year 2023","La Jolla, CA, United States"
LEO_jan-esper,Professor Dr Jan Esper,2023,"Mainz, Germany Election year 2023","Mainz, Germany"
LEO_martina-angela-sasse,Professor Dr Martina Angela Sasse,2023,"Bochum, Germany Election year 2023","Bochum, Germany"
LEO_roberta-sessoli,Professor Dr Roberta Sessoli,2023,"Florenz, Italy Election year 2023","Florenz, Italy"
LEO_thomas-schmitz-rode,Professor Dr Thomas Schmitz-Rode,2023,"Aachen, Germany Election year 2023","Aachen, Germany"
LEO_beatriz-roldan-cuenya,Prof. Dr. Beatriz Roldán Cuenya,2024,"Berlin, Germany Election year 2024","Berlin, Germany"
LEO_jennifer-rupp,Prof. Dr. Jennifer Rupp,2024,"München, Germany Election year 2024","München, Germany"
LEO_wolfgang-soergel-1,Prof. Dr. Wolfgang Soergel,2024,"Freiburg/Br., Germany Election year 2024","Freiburg/Br., Germany"
LEO_giuseppe-caire,Professor Dr Giuseppe Caire,2024,"Berlin, Germany Election year 2024","Berlin, Germany"
LEO_iryna-gurevych,Professor Dr Iryna Gurevych,2024,"Darmstadt, Germany Election year 2024","Darmstadt, Germany"
LEO_joost-pieter-katoen,Professor Dr Joost-Pieter Katoen,2024,"Aachen, Germany Election year 2024","Aachen, Germany"
LEO_maryna-viazovska,Professor Dr Maryna Viazovska,2024,"Lausanne, Switzerland Election year 2024","Lausanne, Switzerland"
LEO_sir-peter-bruce,Professor Dr Sir Peter Bruce,2024,"Oxford, United Kingdom Election year 2024","Oxford, United Kingdom"
LEO_vasilis-ntziachristos,Professor Dr Vasilis Ntziachristos,2024,"München, Germany Election year 2024","München, Germany"
LEO_xiaodong-chen,Professor Dr Xiaodong Chen,2024,"Singapur, Singapore Election year 2024","Singapur, Singapore"
LEO_xinliang-feng,Professor Dr Xinliang Feng,2024,"Dresden, Germany Election year 2024","Dresden, Germany"
LEO_aimee-van-wynsberghe,Professor Dr Aimee van Wynsberghe,2025,"Bonn, Germany Election year 2025","Bonn, Germany"
LEO_burkhard-koenig,Professor Dr Burkhard König,2025,"Regensburg, Germany Election year 2025","Regensburg, Germany"
LEO_daniel-huybrechts,Professor Dr Daniel Huybrechts,2025,"Bonn, Germany Election year 2025","Bonn, Germany"
LEO_edouard-bard,Professor Dr Edouard Bard,2025,"Aix-en-Provence, France Election year 2025","Aix-en-Provence, France"
LEO_fabian-j-theis,Professor Dr Fabian J. Theis,2025,"Neuherberg, Germany Election year 2025","Neuherberg, Germany"
LEO_heike-vallery,Professor Dr Heike Vallery,2025,"Aachen, Germany Election year 2025","Aachen, Germany"
LEO_julia-pongratz,Professor Dr Julia Pongratz,2025,"München, Germany Election year 2025","München, Germany"
LEO_mira-mezini,Professor Dr Mira Mezini,2025,"Darmstadt, Germany Election year 2025","Darmstadt, Germany"
LEO_peter-roesky,Professor Dr Peter Roesky,2025,"Karlsruhe, Germany Election year 2025","Karlsruhe, Germany"
LEO_robert-schober,Professor Dr Robert Schober,2025,"Erlangen, Germany Election year 2025","Erlangen, Germany"
LEO_sepp-hochreiter,Professor Dr Sepp Hochreiter,2025,"Linz, Austria Election year 2025","Linz, Austria"
LEO_svitlana-mayboroda,Professor Dr Svitlana Mayboroda,2025,"Zürich, Switzerland Election year 2025","Zürich, Switzerland"
LEO_laszlo-erdos,Professor László Erdős,2025,"Klosterneuburg, Austria Election year 2025","Klosterneuburg, Austria"
LEO_emil-abderhalden,Prof. Dr. Emil Abderhalden,1912,"Zürich, Switzerland Election year 1912","Zürich, Switzerland"
LEO_bernhard-nocht,Bernhard Nocht,1932,"Wiesbaden, Germany Election year 1932","Wiesbaden, Germany"
LEO_john-h-northrop,John H. Northrop,1932,"New York, NY, United States Election year 1932","New York, NY, United States"
LEO_sir-arthur-harden,Sir Arthur Harden,1932,"London, United Kingdom Election year 1932","London, United Kingdom"
LEO_theodor-svedberg,Theodor Svedberg,1932,"Uppsala, Sweden Election year 1932","Uppsala, Sweden"
LEO_albert-szent-gyoergyi,Albert Szent-Györgyi,1934,"Woods Hole, MA, United States Election year 1934","Woods Hole, MA, United States"
LEO_adolf-butenandt,Prof. Dr. Adolf Butenandt,1934,"München, Germany Election year 1934","München, Germany"
LEO_johannes-kathe,Prof. Dr. Johannes Kathe,1955,"Rostock, Germany Election year 1955","Rostock, Germany"
LEO_sir-hans-adolf-krebs,Sir Hans Adolf Krebs,1956,"Oxford, United Kingdom Election year 1956","Oxford, United Kingdom"
LEO_john-franklin-enders,John Franklin Enders,1958,"Boston, MA, United States Election year 1958","Boston, MA, United States"
LEO_severo-ochoa,Prof. Dr. Severo Ochoa,1958,"New York, NY, United States Election year 1958","New York, NY, United States"
LEO_feodor-lynen,Prof. Dr. Feodor Lynen,1959,"München, Germany Election year 1959","München, Germany"
LEO_artturi-virtanen,Prof. Dr. Artturi Virtanen,1963,"Helsinki, Finland Election year 1963","Helsinki, Finland"
LEO_max-delbrueck,Professor Dr Max Delbrück,1963,"Pasadena, CA, United States Election year 1963","Pasadena, CA, United States"
LEO_arthur-kornberg,Arthur Kornberg,1964,"Stanford, CA, United States Election year 1964","Stanford, CA, United States"
LEO_max-ferdinand-perutz,Max Ferdinand Perutz,1964,"Cambridge, United Kingdom Election year 1964","Cambridge, United Kingdom"
LEO_alfred-gierer,Prof. Dr. Alfred Gierer,1964,"Tübingen, Germany Election year 1964","Tübingen, Germany"
LEO_hugh-esmor-huxley,Prof. Dr. Hugh Esmor Huxley,1964,"Waltham, MA, United States Election year 1964","Waltham, MA, United States"
LEO_jacques-monod,Prof. Dr. Jacques Monod,1964,"Paris, France Election year 1964","Paris, France"
LEO_manfred-eigen,Prof. Dr. Manfred Eigen,1964,"Göttingen, Germany Election year 1964","Göttingen, Germany"
LEO_sir-alan-lloyd-hodgkin,Sir Alan Lloyd Hodgkin,1964,"Cambridge, United Kingdom Election year 1964","Cambridge, United Kingdom"
LEO_sir-andrew-f-huxley,Sir Andrew F. Huxley,1964,"Cambridge, United Kingdom Election year 1964","Cambridge, United Kingdom"
LEO_bernhard-hassenstein,Prof. Dr. Bernhard Hassenstein,1965,"Merzhausen, Germany Election year 1965","Merzhausen, Germany"
LEO_fritz-markwardt,Prof. Dr. Fritz Markwardt,1965,"Erfurt-Frienstedt, Germany Election year 1965","Erfurt-Frienstedt, Germany"
LEO_guenter-tembrock,Prof. Dr. Günter Tembrock,1965,"Berlin, Germany Election year 1965","Berlin, Germany"
LEO_hans-tuppy,Prof. Dr. Hans Tuppy,1965,"Wien, Austria Election year 1965","Wien, Austria"
LEO_sir-john-kendrew,Professor Dr Sir John Kendrew,1965,"Cambridge, United Kingdom Election year 1965","Cambridge, United Kingdom"
LEO_marshall-w-nirenberg,Dr. Marshall W. Nirenberg,1966,"New York, NY, United States Election year 1966","New York, NY, United States"
LEO_hugo-theorell,Hugo Theorell,1966,"Stockholm, Sweden Election year 1966","Stockholm, Sweden"
LEO_hans-guenter-schlegel,Prof. Dr. Hans Günter Schlegel,1966,"Bovenden, Germany Election year 1966","Bovenden, Germany"
LEO_hans-mohr,Prof. Dr. Hans Mohr,1966,"Freiburg (Br.), Germany Election year 1966","Freiburg (Br.), Germany"
LEO_platon-g-kostjuk,Prof. Dr. Platon G. Kostjuk,1966,"Kyjiw, Ukraine Election year 1966","Kyjiw, Ukraine"
LEO_hans-georg-zachau,Prof. Dr. Hans Georg Zachau,1967,"München, Germany Election year 1967","München, Germany"
LEO_werner-koehler,Prof. Dr. Werner Köhler,1968,"Jena, Germany Election year 1968","Jena, Germany"
LEO_h-gobind-khorana,Professor Dr H. Gobind Khorana,1968,"Cambridge, MA, United States Election year 1968","Cambridge, MA, United States"
LEO_fritz-lipmann,Fritz Lipmann,1969,"New York, NY, United States Election year 1969","New York, NY, United States"
LEO_diter-h-von-wettstein,Prof. Dr. Diter H. von Wettstein,1969,"Værlose, Denmark Election year 1969","Værlose, Denmark"
LEO_gerhard-reuter,Prof. Dr. Gerhard Reuter,1969,"Rostock, Germany Election year 1969","Rostock, Germany"
LEO_hartmut-hoffmann-berling,Prof. Dr. Hartmut Hoffmann-Berling,1969,"Heidelberg, Germany Election year 1969","Heidelberg, Germany"
LEO_helmut-boehme,Prof. Dr. Helmut Böhme,1969,"Aschersleben, Germany Election year 1969","Aschersleben, Germany"
LEO_karl-j-ullrich,Prof. Dr. Karl J. Ullrich,1969,"Königstein-Falkenstein, Germany Election year 1969","Königstein-Falkenstein, Germany"
LEO_peter-sitte,Prof. Dr. Peter Sitte,1969,"Merzhausen, Germany Election year 1969","Merzhausen, Germany"
LEO_rigomar-rieger,Prof. Dr. Rigomar Rieger,1969,"Gatersleben, Germany Election year 1969","Gatersleben, Germany"
LEO_wilhelm-hasselbach,Prof. Dr. Wilhelm Hasselbach,1969,"Heidelberg, Germany Election year 1969","Heidelberg, Germany"
LEO_wilhelm-stoffel,Prof. Dr. Wilhelm Stoffel,1969,"Köln, Germany Election year 1969","Köln, Germany"
LEO_guenther-schilling,Professor Dr Günther Schilling,1969,"Halle (Saale), Germany Election year 1969","Halle (Saale), Germany"
LEO_rudolf-hagemann,Professor Dr Rudolf Hagemann,1969,"Halle (Saale), Germany Election year 1969","Halle (Saale), Germany"
LEO_alfred-schellenberger,Prof. Dr. Alfred Schellenberger,1970,"Potsdam, Germany Election year 1970","Potsdam, Germany"
LEO_andre-lwoff,Prof. Dr. André Lwoff,1970,"Paris, France Election year 1970","Paris, France"
LEO_guenther-sterba,Prof. Dr. Günther Sterba,1970,"Markkleeberg, Germany Election year 1970","Markkleeberg, Germany"
LEO_heinz-bielka,Prof. Dr. Heinz Bielka,1970,"Berlin, Germany Election year 1970","Berlin, Germany"
LEO_wolf-d-keidel,Prof. Dr. Wolf D. Keidel,1970,"Bayreuth, Germany Election year 1970","Bayreuth, Germany"
LEO_britton-chance,Prof. Dr. Britton Chance,1971,"Philadelphia, PA, United States Election year 1971","Philadelphia, PA, United States"
LEO_david-h-hubel,Prof. Dr. David H. Hubel,1971,"Boston, MA, United States Election year 1971","Boston, MA, United States"
LEO_georgii-p-georgiev,Prof. Dr. Georgii P. Georgiev,1971,"Moskau, Russian Federation Election year 1971","Moskau, Russian Federation"
LEO_gustav-vr-born,Prof. Dr. Gustav V.R. Born,1971,"London, United Kingdom Election year 1971","London, United Kingdom"
LEO_karl-maramorosch,Prof. Dr. Karl Maramorosch,1971,"New Brunswick, NJ, United States Election year 1971","New Brunswick, NJ, United States"
LEO_oleh-hornykiewicz,Prof. Dr. Oleh Hornykiewicz,1971,"Wien, Austria Election year 1971","Wien, Austria"
LEO_otto-kandler,Prof. Dr. Otto Kandler,1971,"München, Germany Election year 1971","München, Germany"
LEO_sir-leslie-fowden,Sir Leslie Fowden,1971,"Cambridge, United Kingdom Election year 1971","Cambridge, United Kingdom"
LEO_armen-l-takhtajan,Armen L. Takhtajan,1972,"St. Petersburg, Russian Federation Election year 1972","St. Petersburg, Russian Federation"
LEO_hubert-ziegler,Hubert Ziegler,1972,"München, Germany Election year 1972","München, Germany"
LEO_otto-l-lange,Professor Dr Otto L. Lange,1972,"Würzburg, Germany Election year 1972","Würzburg, Germany"
LEO_annemarie-weber,Prof. Dr. Annemarie Weber,1973,"Merion, PA, United States Election year 1973","Merion, PA, United States"
LEO_christian-de-duve,Prof. Dr. Christian de Duve,1973,"Nethen, Belgium Election year 1973","Nethen, Belgium"
LEO_george-e-palade,Prof. Dr. George E. Palade,1973,"San Diego, CA, United States Election year 1973","San Diego, CA, United States"
LEO_herbert-roeller,Prof. Dr. Herbert Röller,1973,"Houston, TX, United States Election year 1973","Houston, TX, United States"
LEO_walter-beier,Prof. Dr. phil. Walter Beier,1973,"Leipzig, Germany Election year 1973","Leipzig, Germany"
LEO_achim-trebst,Prof. Dr. Achim Trebst,1974,"Bochum, Germany Election year 1974","Bochum, Germany"
LEO_aleksandr-s-spirin,Prof. Dr. Aleksandr S. Spirin,1974,"Pushchino, Russian Federation Election year 1974","Pushchino, Russian Federation"
LEO_dietmar-glaesser,Prof. Dr. Dietmar Gläßer,1974,"Halle (Saale), Germany Election year 1974","Halle (Saale), Germany"
LEO_eberhard-schnepf,Prof. Dr. Eberhard Schnepf,1974,"Wiesloch, Germany Election year 1974","Wiesloch, Germany"
LEO_franz-huber,Prof. Dr. Franz Huber,1974,"Starnberg, Germany Election year 1974","Starnberg, Germany"
LEO_guenter-doerner,Prof. Dr. Günter Dörner,1974,"Berlin, Germany Election year 1974","Berlin, Germany"
LEO_heinz-flamm,Prof. Dr. Heinz Flamm,1974,"Klosterneuburg, Austria Election year 1974","Klosterneuburg, Austria"
LEO_helmut-rische,Prof. Dr. Helmut Rische,1974,"Wernigerode, Germany Election year 1974","Wernigerode, Germany"
LEO_josef-knoll,Prof. Dr. Josef Knoll,1974,"Budapest, Hungary Election year 1974","Budapest, Hungary"
LEO_kurt-unger,Prof. Dr. Kurt Unger,1974,"Quedlinburg, Germany Election year 1974","Quedlinburg, Germany"
LEO_udo-taubeneck,Prof. Dr. Udo Taubeneck,1974,"Jena, Germany Election year 1974","Jena, Germany"
LEO_benno-parthier,Professor Dr Benno Parthier,1974,"Halle (Saale), Germany Election year 1974","Halle (Saale), Germany"
LEO_jean-pierre-changeux,Professor Dr Jean-Pierre Changeux,1974,"Paris, France Election year 1974","Paris, France"
LEO_norbert-hilschmann,Prof. Dr. Norbert Hilschmann,1975,"Göttingen, Germany Election year 1975","Göttingen, Germany"
LEO_sydney-brenner,Professor Dr Sydney Brenner,1975,"La Jolla, CA, United States Election year 1975","La Jolla, CA, United States"
LEO_charles-yanofsky,Prof. Dr. Charles Yanofsky,1976,"Stanford, CA, United States Election year 1976","Stanford, CA, United States"
LEO_ernst-jm-helmreich,Prof. Dr. Ernst J.M. Helmreich,1976,"Würzburg, Germany Election year 1976","Würzburg, Germany"
LEO_karl-decker,Prof. Dr. Karl Decker,1976,"Ingelheim, Germany Election year 1976","Ingelheim, Germany"
LEO_paul-champagnat,Prof. Dr. Paul Champagnat,1976,"Aubusson, France Election year 1976","Aubusson, France"
LEO_reinhard-j-haschen,Reinhard J. Haschen,1976,"Köln, Germany Election year 1976","Köln, Germany"
LEO_friedrich-ehrendorfer,Prof. Dr. Friedrich Ehrendorfer,1977,"Wien, Austria Election year 1977","Wien, Austria"
LEO_irenaeus-eibl-eibesfeldt,Prof. Dr. Irenäus Eibl-Eibesfeldt,1977,"Andechs, Germany Election year 1977","Andechs, Germany"
LEO_philippe-matile,Prof. Dr. Philippe Matile,1977,"Uerikon, Switzerland Election year 1977","Uerikon, Switzerland"
LEO_werner-scheler,Prof. Dr. Werner Scheler,1977,"Berlin, Germany Election year 1977","Berlin, Germany"
LEO_edward-o-wilson,Professor Dr Edward O. Wilson,1977,"Cambridge, MA, United States Election year 1977","Cambridge, MA, United States"
LEO_jens-christian-skou,Professor Dr Jens Christian Skou,1977,"Risskov, Denmark Election year 1977","Risskov, Denmark"
LEO_sune-bergstroem,Sune Bergström,1977,"Stockholm, Sweden Election year 1977","Stockholm, Sweden"
LEO_marco-mumenthaler,Prof. Dr. Marco Mumenthaler,1978,"Zürich, Switzerland Election year 1978","Zürich, Switzerland"
LEO_guenther-osche,Günther Osche,1979,"Freiburg (Br.), Germany Election year 1979","Freiburg (Br.), Germany"
LEO_dimitrij-a-charkevic,Prof. Dr. Dimitrij A. Charkevic,1979,"Moskau, Russian Federation Election year 1979","Moskau, Russian Federation"
LEO_genji-matsuda,Prof. Dr. Genji Matsuda,1979,"Nagasaki, Japan Election year 1979","Nagasaki, Japan"
LEO_laszlo-szekeres,Prof. Dr. László Szekeres,1979,"Szeged, Hungary Election year 1979","Szeged, Hungary"
LEO_eberhard-hofmann,Prof. Dr. Eberhard Hofmann,1980,"Halle (Saale), Germany Election year 1980","Halle (Saale), Germany"
LEO_georg-schoenmuth,Prof. Dr. Georg Schönmuth,1980,"Berlin, Germany Election year 1980","Berlin, Germany"
LEO_heinz-l-saenger,Prof. Dr. Heinz L. Sänger,1980,"Berg am Starnberger See, Germany Election year 1980","Berg am Starnberger See, Germany"
LEO_theodor-o-diener,Prof. Dr. Theodor O. Diener,1980,"Beltsville, United States Election year 1980","Beltsville, United States"
LEO_charles-weissmann,Professor Dr Charles Weissmann,1980,"Jupiter, FL, United States Election year 1980","Jupiter, FL, United States"
LEO_cesar-milstein,César Milstein,1982,"Cambridge, United Kingdom Election year 1982","Cambridge, United Kingdom"
LEO_axel-michelsen,Prof. Dr. Axel Michelsen,1982,"Odense SV, Denmark Election year 1982","Odense SV, Denmark"
LEO_hans-j-eggers,Prof. Dr. Hans J. Eggers,1982,"Köln, Germany Election year 1982","Köln, Germany"
LEO_norbert-bischof,Prof. Dr. Norbert Bischof,1982,"Bernried, Germany Election year 1982","Bernried, Germany"
LEO_sir-hans-kornberg,Prof. Dr. Sir Hans Kornberg,1982,"Boston, MA, United States Election year 1982","Boston, MA, United States"
LEO_hans-kummer,Professor Dr Hans Kummer,1982,"Mettmenstetten, Switzerland Election year 1982","Mettmenstetten, Switzerland"
LEO_carl-r-woese,Prof. Dr. Carl R. Woese,1983,"Urbana, IL, United States Election year 1983","Urbana, IL, United States"
LEO_eberhard-wecker,Prof. Dr. Eberhard Wecker,1983,"Würzburg, Germany Election year 1983","Würzburg, Germany"
LEO_fred-lembeck,Prof. Dr. Fred Lembeck,1983,"Graz, Austria Election year 1983","Graz, Austria"
LEO_manfred-kirchgessner,Prof. Dr. Manfred Kirchgeßner,1983,"Freising, Germany Election year 1983","Freising, Germany"
LEO_meinhart-h-zenk,Prof. Dr. Meinhart H. Zenk,1983,"St. Louis, MO, United States Election year 1983","St. Louis, MO, United States"
LEO_guenter-blobel,Professor Dr Günter Blobel,1983,"New York, NY, United States Election year 1983","New York, NY, United States"
LEO_albert-herz,Prof. Dr. Albert Herz,1984,"München, Germany Election year 1984","München, Germany"
LEO_paul-stefanovits,Prof. Dr. Paul Stefanovits,1984,"Budapest, Hungary Election year 1984","Budapest, Hungary"
LEO_sir-arnold-burgen,Prof. Dr. Sir Arnold Burgen,1984,"Cambridge, United Kingdom Election year 1984","Cambridge, United Kingdom"
LEO_rudolf-k-thauer,Professor Dr Rudolf K. Thauer,1984,"Marburg, Germany Election year 1984","Marburg, Germany"
LEO_volker-ter-meulen,Professor Dr Volker ter Meulen,1984,"Würzburg, Germany Election year 1984","Würzburg, Germany"
LEO_georges-koehler,Georges Köhler,1985,"Freiburg (Br.), Germany Election year 1985","Freiburg (Br.), Germany"
LEO_gottfried-schatz,Prof. Dr. Gottfried Schatz,1985,"Reinach, Switzerland Election year 1985","Reinach, Switzerland"
LEO_horst-kleinkauf,Prof. Dr. Horst Kleinkauf,1985,"Berlin, Germany Election year 1985","Berlin, Germany"
LEO_john-m-opitz,Prof. Dr. John M. Opitz,1985,"Salt Lake City, UT, United States Election year 1985","Salt Lake City, UT, United States"
LEO_martin-kramer,Prof. Dr. Martin Kramer,1985,"Wiesbaden, Germany Election year 1985","Wiesbaden, Germany"
LEO_wolfgang-trautwein,Prof. Dr. Wolfgang Trautwein,1985,"Homburg, Germany Election year 1985","Homburg, Germany"
LEO_hubert-markl,Professor Dr Hubert Markl,1985,"Konstanz, Germany Election year 1985","Konstanz, Germany"
LEO_ruediger-wehner,Professor Dr Rüdiger Wehner,1985,"Zürich, Switzerland Election year 1985","Zürich, Switzerland"
LEO_dietrich-seidel,Prof. Dr. Dietrich Seidel,1986,"München, Germany Election year 1986","München, Germany"
LEO_thomas-eisner,Prof. Dr. Thomas Eisner,1986,"Ithaca, NY, United States Election year 1986","Ithaca, NY, United States"
LEO_ulrich-schneeweiss,Prof. Dr. Ulrich Schneeweiß,1986,"Berlin, Germany Election year 1986","Berlin, Germany"
LEO_ulrich-wolf,Prof. Dr. Ulrich Wolf,1986,"Freiburg (Br.), Germany Election year 1986","Freiburg (Br.), Germany"
LEO_winslow-r-briggs,Prof. Dr. Winslow R. Briggs,1986,"Palo Alto, CA, United States Election year 1986","Palo Alto, CA, United States"
LEO_jacques-henry-weil,Prof. Dr. Jacques-Henry Weil,1987,"Strasbourg, France Election year 1987","Strasbourg, France"
LEO_klaus-starke,Prof. Dr. Klaus Starke,1987,"Freiburg (Br.), Germany Election year 1987","Freiburg (Br.), Germany"
LEO_max-l-birnstiel,Prof. Dr. Max L. Birnstiel,1987,"Wollerau, Switzerland Election year 1987","Wollerau, Switzerland"
LEO_udo-schwertmann,Prof. Dr. Udo Schwertmann,1987,"Freising-Weihenstephan, Germany Election year 1987","Freising-Weihenstephan, Germany"
LEO_walter-j-gehring,Prof. Dr. Walter J. Gehring,1987,"Basel, Switzerland Election year 1987","Basel, Switzerland"
LEO_zvi-laron,Prof. Dr. Zvi Laron,1987,"Ramat Efal, Israel Election year 1987","Ramat Efal, Israel"
LEO_harald-zur-hausen,Professor Dr Harald zur Hausen,1987,"Heidelberg, Germany Election year 1987","Heidelberg, Germany"
LEO_kurt-wuethrich,Professor Dr Kurt Wüthrich,1987,"La Jolla, CA, United States Election year 1987","La Jolla, CA, United States"
LEO_august-boeck,Prof. Dr. August Böck,1988,"München, Germany Election year 1988","München, Germany"
LEO_ernst-georg-krause,Prof. Dr. Ernst-Georg Krause,1988,"Berlin, Germany Election year 1988","Berlin, Germany"
LEO_ernst-ludwig-winnacker,Prof. Dr. Ernst-Ludwig Winnacker,1988,"München, Germany Election year 1988","München, Germany"
LEO_gerhard-pulverer,Prof. Dr. Gerhard Pulverer,1988,"Überlingen, Germany Election year 1988","Überlingen, Germany"
LEO_heinz-saedler,Prof. Dr. Heinz Saedler,1988,"Köln, Germany Election year 1988","Köln, Germany"
LEO_klaus-muentz,Prof. Dr. Klaus Müntz,1988,"Gatersleben, Germany Election year 1988","Gatersleben, Germany"
LEO_werner-goebel,Prof. Dr. Werner Goebel,1988,"München, Germany Election year 1988","München, Germany"
LEO_gerhard-h-giebisch,Professor Dr Gerhard H. Giebisch,1988,"New Haven, CT, United States Election year 1988","New Haven, CT, United States"
LEO_hermann-passow,Professor Dr Hermann Passow,1988,"Wetter, Germany Election year 1988","Wetter, Germany"
LEO_jules-a-hoffmann,Professor Dr Jules A. Hoffmann,1988,"Strasbourg, France Election year 1988","Strasbourg, France"
LEO_dieter-oesterhelt,Prof. Dr. Dieter Oesterhelt,1989,"Martinsried, Germany Election year 1989","Martinsried, Germany"
LEO_erich-hecker,Prof. Dr. Erich Hecker,1989,"Heidelberg, Germany Election year 1989","Heidelberg, Germany"
LEO_klaus-sander,Prof. Dr. Klaus Sander,1989,"Freiburg (Br.), Germany Election year 1989","Freiburg (Br.), Germany"
LEO_kuno-kirschfeld,Prof. Dr. Kuno Kirschfeld,1989,"Tübingen, Germany Election year 1989","Tübingen, Germany"
LEO_lothar-jaenicke,Prof. Dr. Lothar Jaenicke,1989,"Köln, Germany Election year 1989","Köln, Germany"
LEO_renate-hanitzsch,Prof. Dr. Renate Hanitzsch,1989,"Leipzig, Germany Election year 1989","Leipzig, Germany"
LEO_rudolf-schubert,Prof. Dr. Rudolf Schubert,1989,"Halle (Saale), Germany Election year 1989","Halle (Saale), Germany"
LEO_ewald-r-weibel,Professor Dr Ewald R. Weibel,1989,"Bern, Switzerland Election year 1989","Bern, Switzerland"
LEO_heinz-luellmann,Professor Dr Heinz Lüllmann,1989,"Kiel, Germany Election year 1989","Kiel, Germany"
LEO_martin-heisenberg,Professor Dr Martin Heisenberg,1989,"Würzburg, Germany Election year 1989","Würzburg, Germany"
LEO_michael-sela,Professor Dr Michael Sela,1989,"Rehovot, Israel Election year 1989","Rehovot, Israel"
LEO_ernst-detlef-schulze,Prof. Dr. Ernst-Detlef Schulze,1990,"Jena, Germany Election year 1990","Jena, Germany"
LEO_gerhard-roebbelen,Prof. Dr. Gerhard Röbbelen,1990,"Göttingen, Germany Election year 1990","Göttingen, Germany"
LEO_klaus-hahlbrock,Prof. Dr. Klaus Hahlbrock,1990,"Hinterzarten, Germany Election year 1990","Hinterzarten, Germany"
LEO_robert-huber,Prof. Dr. Robert Huber,1990,"Martinsried, Germany Election year 1990","Martinsried, Germany"
LEO_ulrich-heber,Prof. Dr. Ulrich Heber,1990,"Würzburg, Germany Election year 1990","Würzburg, Germany"
LEO_nikolaus-amrhein,Prof. Dr. Nikolaus Amrhein,1991,"Zürich, Switzerland Election year 1991","Zürich, Switzerland"
LEO_rainer-jaenicke,Prof. Dr. Rainer Jaenicke,1991,"Schwalbach a. Ts., Germany Election year 1991","Schwalbach a. Ts., Germany"
LEO_widmar-tanner,Prof. Dr. Widmar Tanner,1991,"Regensburg, Germany Election year 1991","Regensburg, Germany"
LEO_yuri-y-gleba,Prof. Dr. Yuri Y. Gleba,1991,"Halle (Saale), Germany Election year 1991","Halle (Saale), Germany"
LEO_christiane-nuesslein-volhard,Professor Dr Christiane Nüsslein-Volhard,1991,"Tübingen, Germany Election year 1991","Tübingen, Germany"
LEO_andrej-v-popov,Andrej V. Popov,1992,"St. Petersburg, Russian Federation Election year 1992","St. Petersburg, Russian Federation"
LEO_fritz-melchers,Prof. Dr. Fritz Melchers,1992,"Berlin, Germany Election year 1992","Berlin, Germany"
LEO_gotthilf-hempel,Prof. Dr. Gotthilf Hempel,1992,"Molfsee, Germany Election year 1992","Molfsee, Germany"
LEO_karsten-schroer,Prof. Dr. Karsten Schrör,1992,"Düsseldorf, Germany Election year 1992","Düsseldorf, Germany"
LEO_reinhold-herrmann,Prof. Dr. Reinhold Herrmann,1992,"München, Germany Election year 1992","München, Germany"
LEO_satoshi-oomura,Professor Dr Dr Satoshi Ōmura,1992,"Tokio, Japan Election year 1992","Tokio, Japan"
LEO_andreas-sievers,Andreas Sievers,1993,"Kaiserslautern, Germany Election year 1993","Kaiserslautern, Germany"
LEO_stig-e-holm,Prof. Dr. Stig E. Holm,1993,"Askim, Sweden Election year 1993","Askim, Sweden"
LEO_ulrich-wobus,Prof. Dr. Ulrich Wobus,1993,"Gatersleben, Germany Election year 1993","Gatersleben, Germany"
LEO_walter-neupert,Prof. Dr. Walter Neupert,1993,"Martinsried, Germany Election year 1993","Martinsried, Germany"
LEO_bert-sakmann,Professor Dr Bert Sakmann,1993,"Martinsried, Germany Election year 1993","Martinsried, Germany"
LEO_gunter-s-fischer,Professor Dr Gunter S. Fischer,1993,"Halle (Saale), Germany Election year 1993","Halle (Saale), Germany"
LEO_harald-reuter,Professor Dr Harald Reuter,1993,"Hinterkappelen, Switzerland Election year 1993","Hinterkappelen, Switzerland"
LEO_peter-schuster,Professor Dr Peter Schuster,1993,"Wien, Austria Election year 1993","Wien, Austria"
LEO_friedrich-bonhoeffer,Prof. Dr. Friedrich Bonhoeffer,1994,"Tübingen, Germany Election year 1994","Tübingen, Germany"
LEO_hans-dieter-klenk,Prof. Dr. Hans Dieter Klenk,1994,"Marburg, Germany Election year 1994","Marburg, Germany"
LEO_lucas-andrew-staehelin,Prof. Dr. Lucas Andrew Staehelin,1994,"Boulder, CO, United States Election year 1994","Boulder, CO, United States"
LEO_alexander-von-graevenitz,Professor Dr Alexander von Graevenitz,1994,"Kilchberg, Switzerland Election year 1994","Kilchberg, Switzerland"
LEO_baerbel-friedrich,Professor Dr Bärbel Friedrich,1994,"Berlin, Germany Election year 1994","Berlin, Germany"
LEO_rolf-m-zinkernagel,Professor Dr Rolf M. Zinkernagel,1994,"Zürich, Switzerland Election year 1994","Zürich, Switzerland"
LEO_karl-o-stetter,Prof. Dr. Karl O. Stetter,1995,"Regensburg, Germany Election year 1995","Regensburg, Germany"
LEO_klaus-rajewsky,Prof. Dr. Klaus Rajewsky,1995,"Berlin, Germany Election year 1995","Berlin, Germany"
LEO_pal-venetianer,Prof. Dr. Pál Venetianer,1995,"Szeged, Hungary Election year 1995","Szeged, Hungary"
LEO_bernhard-fleischer,Professor Dr Bernhard Fleischer,1995,"Hamburg, Germany Election year 1995","Hamburg, Germany"
LEO_hartmut-michel,Professor Dr Hartmut Michel,1995,"Frankfurt am Main, Germany Election year 1995","Frankfurt am Main, Germany"
LEO_lutz-nover,Professor Dr Lutz Nover,1995,"Frankfurt am Main, Germany Election year 1995","Frankfurt am Main, Germany"
LEO_peter-gruss,Professor Dr Peter Gruss,1995,"München, Germany Election year 1995","München, Germany"
LEO_bernhard-dobberstein,Prof. Dr. Bernhard Dobberstein,1996,"Heidelberg, Germany Election year 1996","Heidelberg, Germany"
LEO_bernhard-fleckenstein,Prof. Dr. Bernhard Fleckenstein,1996,"Erlangen, Germany Election year 1996","Erlangen, Germany"
LEO_eckehart-j-jaeger,Prof. Dr. Eckehart J. Jäger,1996,"Halle (Saale), Germany Election year 1996","Halle (Saale), Germany"
LEO_friedrich-widdel,Prof. Dr. Friedrich Widdel,1996,"Bremen, Germany Election year 1996","Bremen, Germany"
LEO_randolf-menzel,Prof. Dr. Randolf Menzel,1996,"Berlin, Germany Election year 1996","Berlin, Germany"
LEO_heinz-penzlin,Professor Dr Heinz Penzlin,1996,"Jena, Germany Election year 1996","Jena, Germany"
LEO_ulrich-luettge,Professor Dr Ulrich Lüttge,1996,"Mühltal, Germany Election year 1996","Mühltal, Germany"
LEO_eduard-linsenmair,Prof. Dr. Eduard Linsenmair,1997,"Würzburg, Germany Election year 1997","Würzburg, Germany"
LEO_gerd-utermann,Prof. Dr. Gerd Utermann,1997,"Innsbruck, Austria Election year 1997","Innsbruck, Austria"
LEO_gottfried-brem,Prof. Dr. Gottfried Brem,1997,"Hilgertshausen, Germany Election year 1997","Hilgertshausen, Germany"
LEO_karl-sperling,Prof. Dr. Karl Sperling,1997,"Berlin, Germany Election year 1997","Berlin, Germany"
LEO_peter-k-vogt,Prof. Dr. Peter K. Vogt,1997,"La Jolla, CA, United States Election year 1997","La Jolla, CA, United States"
LEO_rudolf-rigler,Prof. Dr. Rudolf Rigler,1997,"Stockholm, Sweden Election year 1997","Stockholm, Sweden"
LEO_walter-doerfler,Prof. Dr. Walter Doerfler,1997,"Erlangen, Germany Election year 1997","Erlangen, Germany"
LEO_eberhard-froemter,Prof. Dr. Eberhard Frömter,1998,"Heusenstamm, Germany Election year 1998","Heusenstamm, Germany"
LEO_eckard-wimmer,Prof. Dr. Eckard Wimmer,1998,"E. Setauket, NY, United States Election year 1998","E. Setauket, NY, United States"
LEO_georg-e-schulz,Prof. Dr. Georg E. Schulz,1998,"Freiburg (Br.), Germany Election year 1998","Freiburg (Br.), Germany"
LEO_gerhard-gottschalk,Prof. Dr. Gerhard Gottschalk,1998,"Göttingen, Germany Election year 1998","Göttingen, Germany"
LEO_gerrit-isenberg,Prof. Dr. Gerrit Isenberg,1998,"Halle (Saale), Germany Election year 1998","Halle (Saale), Germany"
LEO_ingo-hansmann,Prof. Dr. Ingo Hansmann,1998,"Halle (Saale), Germany Election year 1998","Halle (Saale), Germany"
LEO_john-g-hildebrand,Prof. Dr. John G. Hildebrand,1998,"Tucson, Arizona, United States Election year 1998","Tucson, Arizona, United States"
LEO_manfred-goethert,Prof. Dr. Manfred Göthert,1998,"Bonn, Germany Election year 1998","Bonn, Germany"
LEO_otto-a-haller,Prof. Dr. Otto A. Haller,1998,"Freiburg (Br.), Germany Election year 1998","Freiburg (Br.), Germany"
LEO_pieter-adriaan-van-zwieten,Prof. Dr. Pieter Adriaan van Zwieten,1998,"Amsterdam, Netherlands Election year 1998","Amsterdam, Netherlands"
LEO_stefan-jentsch,Prof. Dr. Stefan Jentsch,1998,"Martinsried, Germany Election year 1998","Martinsried, Germany"
LEO_erwin-neher,Professor Dr Erwin Neher,1998,"Göttingen, Germany Election year 1998","Göttingen, Germany"
LEO_herbert-jaeckle,Professor Dr Herbert Jäckle,1998,"Göttingen, Germany Election year 1998","Göttingen, Germany"
LEO_joerg-hacker,Professor Dr Jörg Hacker,1998,"Halle (Saale), Germany Election year 1998","Halle (Saale), Germany"
LEO_axel-brennicke,Prof. Dr. Axel Brennicke,1999,"Ulm, Germany Election year 1999","Ulm, Germany"
LEO_hasso-scholz,Prof. Dr. Hasso Scholz,1999,"Hamburg, Germany Election year 1999","Hamburg, Germany"
LEO_horst-malke,Prof. Dr. Horst Malke,1999,"Jena, Germany Election year 1999","Jena, Germany"
LEO_irene-schulz-hofer,Prof. Dr. Irene Schulz-Hofer,1999,"Konstanz, Germany Election year 1999","Konstanz, Germany"
LEO_klaus-peter-sauer,Prof. Dr. Klaus Peter Sauer,1999,"Bonn, Germany Election year 1999","Bonn, Germany"
LEO_konrad-sandhoff,Prof. Dr. Konrad Sandhoff,1999,"Bonn, Germany Election year 1999","Bonn, Germany"
LEO_lothar-willmitzer,Prof. Dr. Lothar Willmitzer,1999,"Potsdam, Germany Election year 1999","Potsdam, Germany"
LEO_manfred-schliwa,Prof. Dr. Manfred Schliwa,1999,"München, Germany Election year 1999","München, Germany"
LEO_martyn-m-caldwell,Prof. Dr. Martyn M. Caldwell,1999,"Washington DC, United States Election year 1999","Washington DC, United States"
LEO_ulrich-koszinowski,Prof. Dr. Ulrich Koszinowski,1999,"München, Germany Election year 1999","München, Germany"
LEO_alfred-puehler,Professor Dr Alfred Pühler,1999,"Bielefeld, Germany Election year 1999","Bielefeld, Germany"
LEO_franz-oesch,Professor Dr Franz Oesch,1999,"Wackernheim, Germany Election year 1999","Wackernheim, Germany"
LEO_friedrich-g-barth,Professor Dr Friedrich G. Barth,1999,"Wien, Austria Election year 1999","Wien, Austria"
LEO_kai-simons,Professor Dr Kai Simons,1999,"Dresden, Germany Election year 1999","Dresden, Germany"
LEO_michael-hecker,Professor Dr Michael Hecker,1999,"Greifswald, Germany Election year 1999","Greifswald, Germany"
LEO_wilhelm-barthlott,Professor Dr Wilhelm Barthlott,1999,"Bonn, Germany Election year 1999","Bonn, Germany"
LEO_anthony-paul-pugsley,Prof. Dr. Anthony Paul Pugsley,2000,"Paris, France Election year 2000","Paris, France"
LEO_axel-ullrich,Prof. Dr. Axel Ullrich,2000,"Martinsried, Germany Election year 2000","Martinsried, Germany"
LEO_brigitte-m-jockusch,Prof. Dr. Brigitte M. Jockusch,2000,"Braunschweig, Germany Election year 2000","Braunschweig, Germany"
LEO_christian-koerner,Prof. Dr. Christian Körner,2000,"Basel, Switzerland Election year 2000","Basel, Switzerland"
LEO_dierk-scheel,Prof. Dr. Dierk Scheel,2000,"Halle (Saale), Germany Election year 2000","Halle (Saale), Germany"
LEO_ernst-th-rietschel,Prof. Dr. Ernst Th. Rietschel,2000,"Berlin, Germany Election year 2000","Berlin, Germany"
LEO_franz-xaver-heinz,Prof. Dr. Franz Xaver Heinz,2000,"Wien, Austria Election year 2000","Wien, Austria"
LEO_franz-xaver-schmid,Prof. Dr. Franz-Xaver Schmid,2000,"Bayreuth, Germany Election year 2000","Bayreuth, Germany"
LEO_gerd-assmann,Prof. Dr. Gerd Assmann,2000,"Münster, Germany Election year 2000","Münster, Germany"
LEO_gunther-neuhaus,Prof. Dr. Gunther Neuhaus,2000,"Freiburg (Br.), Germany Election year 2000","Freiburg (Br.), Germany"
LEO_guenther-schuetz,Prof. Dr. Günther Schütz,2000,"Heidelberg, Germany Election year 2000","Heidelberg, Germany"
LEO_guenther-wolfram,Prof. Dr. Günther Wolfram,2000,"Freising-Weihenstephan, Germany Election year 2000","Freising-Weihenstephan, Germany"
LEO_heini-murer,Prof. Dr. Heini Murer,2000,"Zürich, Switzerland Election year 2000","Zürich, Switzerland"
LEO_juergen-heesemann,Prof. Dr. Jürgen Heesemann,2000,"München, Germany Election year 2000","München, Germany"
LEO_klaus-peter-hofmann,Prof. Dr. Klaus Peter Hofmann,2000,"Berlin, Germany Election year 2000","Berlin, Germany"
LEO_manfred-sumper,Prof. Dr. Manfred Sumper,2000,"Sinzing, Germany Election year 2000","Sinzing, Germany"
LEO_michel-rohmer,Prof. Dr. Michel Rohmer,2000,"Strasbourg, France Election year 2000","Strasbourg, France"
LEO_nikolaus-pfanner,Prof. Dr. Nikolaus Pfanner,2000,"Freiburg (Br.), Germany Election year 2000","Freiburg (Br.), Germany"
LEO_norbert-elsner,Prof. Dr. Norbert Elsner,2000,"Göttingen, Germany Election year 2000","Göttingen, Germany"
LEO_peter-k-endress,Prof. Dr. Peter K. Endress,2000,"Zürich, Switzerland Election year 2000","Zürich, Switzerland"
LEO_bernhard-schink,Professor Dr Bernhard Schink,2000,"Konstanz, Germany Election year 2000","Konstanz, Germany"
LEO_eric-westhof,Professor Dr Eric Westhof,2000,"Strasbourg, France Election year 2000","Strasbourg, France"
LEO_helmut-sies,Professor Dr Helmut Sies,2000,"Düsseldorf, Germany Election year 2000","Düsseldorf, Germany"
LEO_martin-j-lohse,Professor Dr Martin J. Lohse,2000,"Berlin, Germany Election year 2000","Berlin, Germany"
LEO_rolf-kinne,Professor Dr Rolf Kinne,2000,"Dortmund, Germany Election year 2000","Dortmund, Germany"
LEO_stefan-h-e-kaufmann,Professor Dr Stefan H. E. Kaufmann,2000,"Berlin, Germany Election year 2000","Berlin, Germany"
LEO_wolfgang-loescher,Professor Dr Wolfgang Löscher,2000,"Hannover, Germany Election year 2000","Hannover, Germany"
LEO_barry-osmond,Prof. Dr. Barry Osmond,2001,"Weston Creek, Australia Election year 2001","Weston Creek, Australia"
LEO_brigitte-nixdorf,Prof. Dr. Brigitte Nixdorf,2001,"Bad Saarow, Germany Election year 2001","Bad Saarow, Germany"
LEO_thomas-braun,Prof. Dr. Dr. Thomas Braun,2001,"Bad Nauheim, Germany Election year 2001","Bad Nauheim, Germany"
LEO_eugene-d-sverdlov,Prof. Dr. Eugene D. Sverdlov,2001,"Moskau, Russian Federation Election year 2001","Moskau, Russian Federation"
LEO_gerd-juergens,Prof. Dr. Gerd Jürgens,2001,"Tübingen, Germany Election year 2001","Tübingen, Germany"
LEO_hannes-fluehler,Prof. Dr. Hannes Flühler,2001,"Zürich, Switzerland Election year 2001","Zürich, Switzerland"
LEO_mathias-mueller,Prof. Dr. Mathias Müller,2001,"Wien, Austria Election year 2001","Wien, Austria"
LEO_michel-eichelbaum,Prof. Dr. Michel Eichelbaum,2001,"Adelaide, Australia Election year 2001","Adelaide, Australia"
LEO_reinhard-luehrmann,Prof. Dr. Reinhard Lührmann,2001,"Göttingen, Germany Election year 2001","Göttingen, Germany"
LEO_thomas-f-meyer,Prof. Dr. Thomas F. Meyer,2001,"Berlin, Germany Election year 2001","Berlin, Germany"
LEO_walter-g-land,Prof. Dr. Walter G. Land,2001,"München, Germany Election year 2001","München, Germany"
LEO_wolfgang-baumeister,Prof. Dr. Wolfgang Baumeister,2001,"Martinsried, Germany Election year 2001","Martinsried, Germany"
LEO_alfred-wittinghofer,Professor Dr Alfred Wittinghofer,2001,"Dortmund, Germany Election year 2001","Dortmund, Germany"
LEO_andreas-graner,Professor Dr Andreas Graner,2001,"Gatersleben, Germany Election year 2001","Gatersleben, Germany"
LEO_anna-m-wobus,Professor Dr Anna M. Wobus,2001,"Gatersleben, Germany Election year 2001","Gatersleben, Germany"
LEO_ari-helenius,Professor Dr Ari Helenius,2001,"Zürich, Switzerland Election year 2001","Zürich, Switzerland"
LEO_bertram-brenig,Professor Dr Bertram Brenig,2001,"Göttingen, Germany Election year 2001","Göttingen, Germany"
LEO_eberhard-schaefer,Professor Dr Eberhard Schäfer,2001,"Freiburg (Br.), Germany Election year 2001","Freiburg (Br.), Germany"
LEO_franz-hofmann,Professor Dr Franz Hofmann,2001,"München, Germany Election year 2001","München, Germany"
LEO_guenter-schultz,Professor Dr Günter Schultz,2001,"Berlin, Germany Election year 2001","Berlin, Germany"
LEO_hauke-hennecke,Professor Dr Hauke Hennecke,2001,"Zürich, Switzerland Election year 2001","Zürich, Switzerland"
LEO_ingrid-koegel-knabner,Professor Dr Ingrid Kögel-Knabner,2001,"Freising-Weihenstephan, Germany Election year 2001","Freising-Weihenstephan, Germany"
LEO_john-a-pickett,Professor Dr John A. Pickett,2001,"Hertfordshire, United Kingdom Election year 2001","Hertfordshire, United Kingdom"
LEO_klaus-eder,Professor Dr Klaus Eder,2001,"Freising-Weihenstephan, Germany Election year 2001","Freising-Weihenstephan, Germany"
LEO_martin-roellinghoff,Professor Dr Martin Röllinghoff,2001,"Erlangen, Germany Election year 2001","Erlangen, Germany"
LEO_pascale-cossart,Professor Dr Pascale Cossart,2001,"Paris, France Election year 2001","Paris, France"
LEO_peter-propping,Professor Dr Peter Propping,2001,"Bonn, Germany Election year 2001","Bonn, Germany"
LEO_regine-hengge,Professor Dr Regine Hengge,2001,"Berlin, Germany Election year 2001","Berlin, Germany"
LEO_svante-paeaebo,Professor Dr Svante Pääbo,2001,"Leipzig, Germany Election year 2001","Leipzig, Germany"
LEO_ursula-ravens,Professor Dr Ursula Ravens,2001,"Dresden, Germany Election year 2001","Dresden, Germany"
LEO_bernard-c-rossier,Prof. Dr. Bernard C. Rossier,2002,"Lausanne, Switzerland Election year 2002","Lausanne, Switzerland"
LEO_dietmar-vestweber,Prof. Dr. Dietmar Vestweber,2002,"Münster, Germany Election year 2002","Münster, Germany"
LEO_hans-hoppeler,Prof. Dr. Hans Hoppeler,2002,"Bern, Switzerland Election year 2002","Bern, Switzerland"
LEO_ilkka-hanski,Prof. Dr. Ilkka Hanski,2002,"Helsinki, Finland Election year 2002","Helsinki, Finland"
LEO_philippe-j-sansonetti,Prof. Dr. Philippe J. Sansonetti,2002,"Paris, France Election year 2002","Paris, France"
LEO_thomas-boehm,Prof. Dr. Thomas Boehm,2002,"Freiburg (Br.), Germany Election year 2002","Freiburg (Br.), Germany"
LEO_vladimir-a-shuvalov,Prof. Dr. Vladimir A. Shuvalov,2002,"Pushchino-na-Oka, Russian Federation Election year 2002","Pushchino-na-Oka, Russian Federation"
LEO_wolfgang-hillen,Prof. Dr. Wolfgang Hillen,2002,"Erlangen, Germany Election year 2002","Erlangen, Germany"
LEO_christof-niehrs,Professor Dr Christof Niehrs,2002,"Mainz, Germany Election year 2002","Mainz, Germany"
LEO_elmar-w-weiler,Professor Dr Elmar W. Weiler,2002,"Bochum, Germany Election year 2002","Bochum, Germany"
LEO_f-ulrich-hartl,Professor Dr F. Ulrich Hartl,2002,"Martinsried, Germany Election year 2002","Martinsried, Germany"
LEO_gerhard-burckhardt,Professor Dr Gerhard Burckhardt,2002,"Göttingen, Germany Election year 2002","Göttingen, Germany"
LEO_peter-schopfer,Professor Dr Peter Schopfer,2002,"Freiburg (Br.), Germany Election year 2002","Freiburg (Br.), Germany"
LEO_ilme-schlichting,PD Dr. Ilme Schlichting,2003,"Heidelberg, Germany Election year 2003","Heidelberg, Germany"
LEO_christian-haass,Prof. Dr. Christian Haass,2003,"München, Germany Election year 2003","München, Germany"
LEO_enrico-martinoia,Prof. Dr. Enrico Martinoia,2003,"Zürich, Switzerland Election year 2003","Zürich, Switzerland"
LEO_felix-wieland,Prof. Dr. Felix Wieland,2003,"Heidelberg, Germany Election year 2003","Heidelberg, Germany"
LEO_hans-hauner,Prof. Dr. Hans Hauner,2003,"München, Germany Election year 2003","München, Germany"
LEO_harald-von-boehmer,Prof. Dr. Harald von Boehmer,2003,"Boston, MA, United States Election year 2003","Boston, MA, United States"
LEO_johann-deisenhofer,Prof. Dr. Johann Deisenhofer,2003,"Dallas, TX, United States Election year 2003","Dallas, TX, United States"
LEO_klaus-aktories,Prof. Dr. Klaus Aktories,2003,"Freiburg (Br.), Germany Election year 2003","Freiburg (Br.), Germany"
LEO_rudi-glockshuber,Prof. Dr. Rudi Glockshuber,2003,"Bachs, Switzerland Election year 2003","Bachs, Switzerland"
LEO_ulf-r-rapp,Prof. Dr. Ulf R. Rapp,2003,"Würzburg, Germany Election year 2003","Würzburg, Germany"
LEO_andreas-plueckthun,Professor Dr Andreas Plückthun,2003,"Zürich, Switzerland Election year 2003","Zürich, Switzerland"
LEO_andreas-radbruch,Professor Dr Andreas Radbruch,2003,"Berlin, Germany Election year 2003","Berlin, Germany"
LEO_florian-lang,Professor Dr Florian Lang,2003,"Tübingen, Germany Election year 2003","Tübingen, Germany"
LEO_hannelore-daniel,Professor Dr Hannelore Daniel,2003,"Freising-Weihenstephan, Germany Election year 2003","Freising-Weihenstephan, Germany"
LEO_hans-georg-joost,Professor Dr Hans-Georg Joost,2003,"Nuthetal, Germany Election year 2003","Nuthetal, Germany"
LEO_jeff-l-dangl,Professor Dr Jeff L. Dangl,2003,"Chapel Hill, NC , United States Election year 2003","Chapel Hill, NC , United States"
LEO_roger-s-goody,Professor Dr Roger S. Goody,2003,"Dortmund, Germany Election year 2003","Dortmund, Germany"
LEO_tasuku-honjo,Professor Dr Tasuku Honjo,2003,"Kyoto, Japan Election year 2003","Kyoto, Japan"
LEO_tom-a-rapoport,Professor Dr Tom A. Rapoport,2003,"Boston, MA, United States Election year 2003","Boston, MA, United States"
LEO_veit-flockerzi,Professor Dr Veit Flockerzi,2003,"Saarbrücken, Germany Election year 2003","Saarbrücken, Germany"
LEO_werner-kuehlbrandt,Professor Dr Werner Kühlbrandt,2003,"Frankfurt am Main, Germany Election year 2003","Frankfurt am Main, Germany"
LEO_cesare-montecucco,Prof. Dr. Cesare Montecucco,2004,"Padova, Italy Election year 2004","Padova, Italy"
LEO_thomas-j-jentsch,Prof. Dr. Dr. Thomas J. Jentsch,2004,"Berlin-Buch, Germany Election year 2004","Berlin-Buch, Germany"
LEO_heinz-rennenberg,Prof. Dr. Heinz Rennenberg,2004,"Freiburg (Br.), Germany Election year 2004","Freiburg (Br.), Germany"
LEO_hermann-e-gaub,Prof. Dr. Hermann E. Gaub,2004,"München, Germany Election year 2004","München, Germany"
LEO_josef-pfeilschifter,Prof. Dr. Josef Pfeilschifter,2004,"Frankfurt am Main, Germany Election year 2004","Frankfurt am Main, Germany"
LEO_juergen-soll,Prof. Dr. Jürgen Soll,2004,"München, Germany Election year 2004","München, Germany"
LEO_mohamed-a-marahiel,Prof. Dr. Mohamed A. Marahiel,2004,"Marburg, Germany Election year 2004","Marburg, Germany"
LEO_peter-j-meier-abt,Prof. Dr. Peter J. Meier-Abt,2004,"Zürich, Switzerland Election year 2004","Zürich, Switzerland"
LEO_peter-lichter,Prof. Dr. Peter Lichter,2004,"Heidelberg, Germany Election year 2004","Heidelberg, Germany"
LEO_stefan-mundlos,Prof. Dr. Stefan Mundlos,2004,"Berlin, Germany Election year 2004","Berlin, Germany"
LEO_susan-lindquist,Prof. Dr. Susan Lindquist,2004,"Cambridge, MA, United States Election year 2004","Cambridge, MA, United States"
LEO_thomas-boerner,Prof. Dr. Thomas Börner,2004,"Berlin, Germany Election year 2004","Berlin, Germany"
LEO_timothy-j-richmond,Prof. Dr. Timothy J. Richmond,2004,"Zürich, Switzerland Election year 2004","Zürich, Switzerland"
LEO_bernhard-horsthemke,Professor Dr Bernhard Horsthemke,2004,"Essen, Germany Election year 2004","Essen, Germany"
LEO_claus-r-bartram,Professor Dr Claus R. Bartram,2004,"Heidelberg, Germany Election year 2004","Heidelberg, Germany"
LEO_hans-hengartner,Professor Dr Hans Hengartner,2004,"Zürich, Switzerland Election year 2004","Zürich, Switzerland"
LEO_hans-schoeler,Professor Dr Hans Schöler,2004,"Münster, Germany Election year 2004","Münster, Germany"
LEO_hermann-koepsell,Professor Dr Hermann Koepsell,2004,"Würzburg, Germany Election year 2004","Würzburg, Germany"
LEO_josef-penninger,Professor Dr Josef Penninger,2004,"Wien, Austria Election year 2004","Wien, Austria"
LEO_juergen-heinze,Professor Dr Jürgen Heinze,2004,"Regensburg, Germany Election year 2004","Regensburg, Germany"
LEO_kurt-von-figura,Professor Dr Kurt von Figura,2004,"Göttingen, Germany Election year 2004","Göttingen, Germany"
LEO_markus-riederer,Professor Dr Markus Riederer,2004,"Würzburg, Germany Election year 2004","Würzburg, Germany"
LEO_paul-schmid-hempel,Professor Dr Paul Schmid-Hempel,2004,"Zürich, Switzerland Election year 2004","Zürich, Switzerland"
LEO_peter-h-krammer,Professor Dr Peter H. Krammer,2004,"Heidelberg, Germany Election year 2004","Heidelberg, Germany"
LEO_reinhard-jahn,Professor Dr Reinhard Jahn,2004,"Göttingen, Germany Election year 2004","Göttingen, Germany"
LEO_rudolf-jaenisch,Professor Dr Rudolf Jaenisch,2004,"Cambridge, MA, United States Election year 2004","Cambridge, MA, United States"
LEO_ulrich-walter,Professor Dr Ulrich Walter,2004,"Mainz, Germany Election year 2004","Mainz, Germany"
LEO_sir-peter-r-crane,Sir Peter R. Crane,2004,"Chicago, United States Election year 2004","Chicago, United States"
LEO_dirk-goerlich,Prof. Dr. Dirk Görlich,2005,"Göttingen, Germany Election year 2005","Göttingen, Germany"
LEO_georg-wick,Prof. Dr. Georg Wick,2005,"Innsbruck, Austria Election year 2005","Innsbruck, Austria"
LEO_rainer-hedrich,Prof. Dr. Rainer Hedrich,2005,"Würzburg, Germany Election year 2005","Würzburg, Germany"
LEO_rainer-rudolph,Prof. Dr. Rainer Rudolph,2005,"Halle (Saale), Germany Election year 2005","Halle (Saale), Germany"
LEO_ulrich-benjamin-kaupp,Prof. Dr. Ulrich Benjamin Kaupp,2005,"Bonn, Germany Election year 2005","Bonn, Germany"
LEO_armin-kurtz,Professor Dr Armin Kurtz,2005,"Regensburg, Germany Election year 2005","Regensburg, Germany"
LEO_bernd-bukau,Professor Dr Bernd Bukau,2005,"Heidelberg, Germany Election year 2005","Heidelberg, Germany"
LEO_dan-eric-nilsson,Professor Dr Dan-Eric Nilsson,2005,"Lund, Sweden Election year 2005","Lund, Sweden"
LEO_eduard-christian-hurt,Professor Dr Eduard Christian Hurt,2005,"Heidelberg, Germany Election year 2005","Heidelberg, Germany"
LEO_erich-a-nigg,Professor Dr Erich A. Nigg,2005,"Basel, Switzerland Election year 2005","Basel, Switzerland"
LEO_gerhard-wagner,Professor Dr Gerhard Wagner,2005,"Chestnut Hill, MA, United States Election year 2005","Chestnut Hill, MA, United States"
LEO_iain-w-mattaj,Professor Dr Iain W. Mattaj,2005,"Heidelberg, Germany Election year 2005","Heidelberg, Germany"
LEO_roni-aloni,Professor Dr Roni Aloni,2005,"Tel Aviv, Israel Election year 2005","Tel Aviv, Israel"
LEO_tadamitsu-kishimoto,Professor Dr Tadamitsu Kishimoto,2005,"Osaka, Japan Election year 2005","Osaka, Japan"
LEO_ernest-m-wright,Prof. Dr. Ernest M. Wright,2006,"Los Angeles, CA, United States Election year 2006","Los Angeles, CA, United States"
LEO_hans-reimer-rodewald,Prof. Dr. Hans-Reimer Rodewald,2006,"Heidelberg, Germany Election year 2006","Heidelberg, Germany"
LEO_horst-bleckmann,Prof. Dr. Horst Bleckmann,2006,"Bonn, Germany Election year 2006","Bonn, Germany"
LEO_juergen-schrader,Prof. Dr. Jürgen Schrader,2006,"Düsseldorf, Germany Election year 2006","Düsseldorf, Germany"
LEO_markus-stoffel,Prof. Dr. Markus Stoffel,2006,"Zürich, Switzerland Election year 2006","Zürich, Switzerland"
LEO_michael-reth,Prof. Dr. Michael Reth,2006,"Freiburg (Br.), Germany Election year 2006","Freiburg (Br.), Germany"
LEO_norbert-sauer,Prof. Dr. Norbert Sauer,2006,"Erlangen, Germany Election year 2006","Erlangen, Germany"
LEO_stefan-offermanns,Prof. Dr. Stefan Offermanns,2006,"Frankfurt am Main, Germany Election year 2006","Frankfurt am Main, Germany"
LEO_thomas-boller,Prof. Dr. Thomas Boller,2006,"Oberwil, Switzerland Election year 2006","Oberwil, Switzerland"
LEO_thomas-cremer,Prof. Dr. Thomas Cremer,2006,"Martinsried, Germany Election year 2006","Martinsried, Germany"
LEO_hans-georg-kraeusslich,Professor Dr Hans-Georg Kräusslich,2006,"Heidelberg, Germany Election year 2006","Heidelberg, Germany"
LEO_johannes-buchner,Professor Dr Johannes Buchner,2006,"Garching, Germany Election year 2006","Garching, Germany"
LEO_matthias-w-hentze,Professor Dr Matthias W. Hentze,2006,"Heidelberg, Germany Election year 2006","Heidelberg, Germany"
LEO_peter-palese,Professor Dr Peter Palese,2006,"New York, NY, United States Election year 2006","New York, NY, United States"
LEO_peter-walter,Professor Dr Peter Walter,2006,"San Francisco, CA, United States Election year 2006","San Francisco, CA, United States"
LEO_seyed-e-hasnain,Professor Dr Seyed E. Hasnain,2006,"Hyderabad, Indien, India Election year 2006","Hyderabad, Indien, India"
LEO_susanne-von-caemmerer,Professor Dr Susanne von Caemmerer,2006,"Canberra, Australia Election year 2006","Canberra, Australia"
LEO_andre-reis,Prof. Dr. André Reis,2007,"Erlangen, Germany Election year 2007","Erlangen, Germany"
LEO_arturo-zychlinsky,Prof. Dr. Arturo Zychlinsky,2007,"Berlin, Germany Election year 2007","Berlin, Germany"
LEO_diane-mathis,Prof. Dr. Diane Mathis,2007,"Boston, MA, USA, United States Election year 2007","Boston, MA, USA, United States"
LEO_georg-fuchs,Prof. Dr. Georg Fuchs,2007,"Freiburg (Br.), Germany Election year 2007","Freiburg (Br.), Germany"
LEO_guido-kroemer,Prof. Dr. Guido Kroemer,2007,"Villejuif, France Election year 2007","Villejuif, France"
LEO_joerg-striessnig,Prof. Dr. Jörg Striessnig,2007,"Innsbruck, Austria Election year 2007","Innsbruck, Austria"
LEO_nina-buchmann,Prof. Dr. Nina Buchmann,2007,"Zürich, Switzerland Election year 2007","Zürich, Switzerland"
LEO_rudolf-amann,Prof. Dr. Rudolf Amann,2007,"Bremen, Germany Election year 2007","Bremen, Germany"
LEO_susan-m-gasser,Prof. Dr. Susan M. Gasser,2007,"Basel, Switzerland Election year 2007","Basel, Switzerland"
LEO_ellen-fanning,Professor Dr Ellen Fanning,2007,"Nashville, TN, United States Election year 2007","Nashville, TN, United States"
LEO_joachim-messing,Professor Dr Joachim Messing,2007,"Piscataway, NJ , United States Election year 2007","Piscataway, NJ , United States"
LEO_magdalena-goetz,Professor Dr Magdalena Götz,2007,"München, Germany Election year 2007","München, Germany"
LEO_martin-giurfa,Professor Dr Martin Giurfa,2007,"Toulouse, France Election year 2007","Toulouse, France"
LEO_peter-b-becker,Professor Dr Peter B. Becker,2007,"München, Germany Election year 2007","München, Germany"
LEO_roland-lill,Professor Dr Roland Lill,2007,"Marburg, Germany Election year 2007","Marburg, Germany"
LEO_ingrid-grummt,Prof. Dr. Ingrid Grummt,2008,"Heidelberg, Germany Election year 2008","Heidelberg, Germany"
LEO_markus-affolter,Prof. Dr. Markus Affolter,2008,"Basel, Switzerland Election year 2008","Basel, Switzerland"
LEO_paola-ricciardi-castagnoli,Prof. Dr. Paola Ricciardi-Castagnoli,2008,"Milano, Italy Election year 2008","Milano, Italy"
LEO_reinhard-kurth,Prof. Dr. Reinhard Kurth,2008,"Berlin, Germany Election year 2008","Berlin, Germany"
LEO_thomas-eschenhagen,Prof. Dr. Thomas Eschenhagen,2008,"Hamburg, Germany Election year 2008","Hamburg, Germany"
LEO_volkmar-braun,Prof. Dr. Volkmar Braun,2008,"Tübingen, Germany Election year 2008","Tübingen, Germany"
LEO_alastair-compston,Professor Dr Alastair Compston,2008,"Cambridge, United Kingdom Election year 2008","Cambridge, United Kingdom"
LEO_axel-a-brakhage,Professor Dr Axel A. Brakhage,2008,"Jena, Germany Election year 2008","Jena, Germany"
LEO_caroline-dean,Professor Dr Caroline Dean,2008,"Norwich, United Kingdom Election year 2008","Norwich, United Kingdom"
LEO_detlef-weigel,Professor Dr Detlef Weigel,2008,"Tübingen, Germany Election year 2008","Tübingen, Germany"
LEO_diethard-tautz,Professor Dr Diethard Tautz,2008,"Plön, Germany Election year 2008","Plön, Germany"
LEO_doris-koesling,Professor Dr Doris Koesling,2008,"Bochum, Germany Election year 2008","Bochum, Germany"
LEO_ferenc-nagy,Professor Dr Ferenc Nagy,2008,"Szeged, Hungary Election year 2008","Szeged, Hungary"
LEO_giulio-superti-furga,Professor Dr Giulio Superti-Furga,2008,"Wien, Austria Election year 2008","Wien, Austria"
LEO_hermann-wagner,Professor Dr Hermann Wagner,2008,"München, Germany Election year 2008","München, Germany"
LEO_jens-rettig,Professor Dr Jens Rettig,2008,"Homburg (Saar), Germany Election year 2008","Homburg (Saar), Germany"
LEO_joanne-chory,Professor Dr Joanne Chory,2008,"La Jolla, CA, United States Election year 2008","La Jolla, CA, United States"
LEO_lotte-soegaard-andersen,Professor Dr Lotte Søgaard-Andersen,2008,"Marburg, Germany Election year 2008","Marburg, Germany"
LEO_marina-v-rodnina,Professor Dr Marina V. Rodnina,2008,"Göttingen, Germany Election year 2008","Göttingen, Germany"
LEO_nenad-ban,Professor Dr Nenad Ban,2008,"Zürich, Switzerland Election year 2008","Zürich, Switzerland"
LEO_regine-kahmann,Professor Dr Regine Kahmann,2008,"Marburg, Germany Election year 2008","Marburg, Germany"
LEO_stefan-meuer,Professor Dr Stefan Meuer,2008,"Heidelberg, Germany Election year 2008","Heidelberg, Germany"
LEO_ulla-bonas,Professor Dr Ulla Bonas,2008,"Halle (Saale), Germany Election year 2008","Halle (Saale), Germany"
LEO_elisa-izaurralde,Dr. Elisa Izaurralde,2009,"Tübingen, Germany Election year 2009","Tübingen, Germany"
LEO_frank-kirchhoff,Prof. Dr. Frank Kirchhoff,2009,"Ulm, Germany Election year 2009","Ulm, Germany"
LEO_george-michael-coupland,Prof. Dr. George Michael Coupland,2009,"Köln, Germany Election year 2009","Köln, Germany"
LEO_mark-stitt,Prof. Dr. Mark Stitt,2009,"Potsdam, Germany Election year 2009","Potsdam, Germany"
LEO_markus-m-noethen,Prof. Dr. Markus M. Nöthen,2009,"Bonn, Germany Election year 2009","Bonn, Germany"
LEO_thomas-gudermann,Prof. Dr. Thomas Gudermann,2009,"München, Germany Election year 2009","München, Germany"
LEO_bernhard-hc-ronacher,Prof. Dr. rer. nat. Bernhard H.C. Ronacher,2009,"Berlin, Germany Election year 2009","Berlin, Germany"
LEO_markus-hoth,Prof. Dr. rer. nat. Markus Hoth,2009,"Homburg, Germany Election year 2009","Homburg, Germany"
LEO_michael-o-hengartner,Prof. Ph.D. Michael O. Hengartner,2009,"Zürich, Switzerland Election year 2009","Zürich, Switzerland"
LEO_robert-eugene-page,Prof. Ph.D. Robert Eugene Page,2009,"Tempe, United States Election year 2009","Tempe, United States"
LEO_axel-meyer,Professor Dr Axel Meyer,2009,"Konstanz, Germany Election year 2009","Konstanz, Germany"
LEO_elena-conti,Professor Dr Elena Conti,2009,"Martinsried, Germany Election year 2009","Martinsried, Germany"
LEO_federica-sallusto,Professor Dr Federica Sallusto,2009,"Bellinzona, Switzerland Election year 2009","Bellinzona, Switzerland"
LEO_hans-oberleithner,Professor Dr Hans Oberleithner,2009,"Münster, Germany Election year 2009","Münster, Germany"
LEO_hans-uwe-simon,Professor Dr Hans-Uwe Simon,2009,"Bern, Switzerland Election year 2009","Bern, Switzerland"
LEO_jorge-e-galan,Professor Dr Jorge E. Galán,2009,"New Haven, United States Election year 2009","New Haven, United States"
LEO_katja-becker,Professor Dr Katja Becker,2009,"Gießen, Germany Election year 2009","Gießen, Germany"
LEO_michael-wagner,Professor Dr Michael Wagner,2009,"Wien, Austria Election year 2009","Wien, Austria"
LEO_oliver-bruestle,Professor Dr Oliver Brüstle,2009,"Bonn, Germany Election year 2009","Bonn, Germany"
LEO_patrick-cramer,Professor Dr Patrick Cramer,2009,"Göttingen, Germany Election year 2009","Göttingen, Germany"
LEO_susanne-renner,Professor Dr Susanne Renner,2009,"München, Germany Election year 2009","München, Germany"
LEO_thomas-tuschl,Professor Dr Thomas Tuschl,2009,"New York, United States Election year 2009","New York, United States"
LEO_tosso-leeb,Professor Dr Tosso Leeb,2009,"Bern, Switzerland Election year 2009","Bern, Switzerland"
LEO_alice-dautry,Professor Dr. Alice Dautry,2009,"Paris, France Election year 2009","Paris, France"
LEO_bernd-fakler,Prof. Dr. Bernd Fakler,2010,"Freiburg, Germany Election year 2010","Freiburg, Germany"
LEO_christoph-dehio,Prof. Dr. Christoph Dehio,2010,"Basel, Switzerland Election year 2010","Basel, Switzerland"
LEO_erwin-grill,Prof. Dr. Erwin Grill,2010,"Weihenstephan, Germany Election year 2010","Weihenstephan, Germany"
LEO_friedrich-hermann-wagner,Prof. Dr. Friedrich Hermann Wagner,2010,"Aachen, Germany Election year 2010","Aachen, Germany"
LEO_irmgard-sinning,Prof. Dr. Irmgard Sinning,2010,"Heidelberg, Germany Election year 2010","Heidelberg, Germany"
LEO_paul-schulze-lefert,Prof. Dr. Paul Schulze-Lefert,2010,"Köln, Germany Election year 2010","Köln, Germany"
LEO_roland-beckmann,Prof. Dr. Roland Beckmann,2010,"München, Germany Election year 2010","München, Germany"
LEO_toni-m-kutchan,Prof. Dr. Toni M. Kutchan,2010,"St. Louis, United States Election year 2010","St. Louis, United States"
LEO_ivan-dikic,Professor Dr Ivan Dikic,2010,"Frankfurt am Main, Germany Election year 2010","Frankfurt am Main, Germany"
LEO_manfred-milinski,Professor Dr Manfred Milinski,2010,"Plön, Germany Election year 2010","Plön, Germany"
LEO_ole-holger-petersen,Professor Dr Ole Holger Petersen,2010,"Cardiff, United Kingdom Election year 2010","Cardiff, United Kingdom"
LEO_ralph-bock,Professor Dr Ralph Bock,2010,"Potsdam, Germany Election year 2010","Potsdam, Germany"
LEO_venkatraman-ramakrishnan,Professor Dr Venkatraman Ramakrishnan,2010,"Cambridge, United Kingdom Election year 2010","Cambridge, United Kingdom"
LEO_maciej-zylicz,Prof. Dr. Maciej Żylicz,2011,"Warschau, Poland Election year 2011","Warschau, Poland"
LEO_manfred-schartl,Prof. Dr. Manfred Schartl,2011,"Würzburg, Germany Election year 2011","Würzburg, Germany"
LEO_stanislav-n-gorb,Prof. Dr. Stanislav N. Gorb,2011,"Kiel, Germany Election year 2011","Kiel, Germany"
LEO_ueli-grossniklaus,Prof. Dr. Ueli Grossniklaus,2011,"Zürich, Switzerland Election year 2011","Zürich, Switzerland"
LEO_ulf-ingo-fluegge,Prof. Dr. Ulf-Ingo Flügge,2011,"Köln, Germany Election year 2011","Köln, Germany"
LEO_alexander-borst,Professor Dr Alexander Borst,2011,"Martinsried, Germany Election year 2011","Martinsried, Germany"
LEO_andreas-eckhard-kulozik,Professor Dr Andreas Eckhard Kulozik,2011,"Heidelberg, Germany Election year 2011","Heidelberg, Germany"
LEO_barbara-demmig-adams,Professor Dr Barbara Demmig-Adams,2011,"Boulder (Colorado), United States Election year 2011","Boulder (Colorado), United States"
LEO_caroline-kisker,Professor Dr Caroline Kisker,2011,"Würzburg, Germany Election year 2011","Würzburg, Germany"
LEO_christian-bogdan,Professor Dr Christian Bogdan,2011,"Erlangen, Germany Election year 2011","Erlangen, Germany"
LEO_erich-gulbins,Professor Dr Erich Gulbins,2011,"Essen, Germany Election year 2011","Essen, Germany"
LEO_ernst-bamberg,Professor Dr Ernst Bamberg,2011,"Frankfurt am Main, Germany Election year 2011","Frankfurt am Main, Germany"
LEO_frits-richard-rosendaal,Professor Dr Frits Richard Rosendaal,2011,"Leiden, Netherlands Election year 2011","Leiden, Netherlands"
LEO_g-balakrish-nair,Professor Dr G. Balakrish Nair,2011,"Neu Delhi, India Election year 2011","Neu Delhi, India"
LEO_geoffrey-smith,Professor Dr Geoffrey Smith,2011,"Cambridge, United Kingdom Election year 2011","Cambridge, United Kingdom"
LEO_sebastian-suerbaum,Professor Dr Sebastian Suerbaum,2011,"München, Germany Election year 2011","München, Germany"
LEO_walter-rosenthal,Professor Dr Walter Rosenthal,2011,"Jena, Germany Election year 2011","Jena, Germany"
LEO_gerald-rimbach,Prof. Dr. Gerald Rimbach,2012,"Kiel, Germany Election year 2012","Kiel, Germany"
LEO_huanming-yang,Prof. Dr. Huanming Yang,2012,"Shenzhen, China Election year 2012","Shenzhen, China"
LEO_jiayang-li,Prof. Dr. Jiayang Li,2012,"Beijing, China Election year 2012","Beijing, China"
LEO_julia-anne-vorholt,Prof. Dr. Julia Anne Vorholt,2012,"Zürich, Switzerland Election year 2012","Zürich, Switzerland"
LEO_stipan-jonjic,Prof. Dr. Stipan Jonjić,2012,"Rijeka, Croatia Election year 2012","Rijeka, Croatia"
LEO_thomas-langer,Prof. Dr. Thomas Langer,2012,"Köln, Germany Election year 2012","Köln, Germany"
LEO_ulrike-kutay,Prof. Dr. Ulrike Kutay,2012,"Zürich, Switzerland Election year 2012","Zürich, Switzerland"
LEO_amparo-acker-palmer,Professor Dr Amparo Acker-Palmer,2012,"Frankfurt am Main, Germany Election year 2012","Frankfurt am Main, Germany"
LEO_brett-b-finlay,Professor Dr Brett B. Finlay,2012,"Vancouver, Canada Election year 2012","Vancouver, Canada"
LEO_bruce-beutler,Professor Dr Bruce Beutler,2012,"Dallas, TX, United States Election year 2012","Dallas, TX, United States"
LEO_hanns-hatt,Professor Dr Hanns Hatt,2012,"Bochum, Germany Election year 2012","Bochum, Germany"
LEO_lutz-hein,Professor Dr Lutz Hein,2012,"Freiburg (Br.), Germany Election year 2012","Freiburg (Br.), Germany"
LEO_peter-hegemann,Professor Dr Peter Hegemann,2012,"Berlin, Germany Election year 2012","Berlin, Germany"
LEO_raghavendra-gadagkar,Professor Dr Raghavendra Gadagkar,2012,"Bangalore, India Election year 2012","Bangalore, India"
LEO_webster-k-cavenee,Professor Dr Webster K. Cavenee,2012,"La Jolla, CA, United States Election year 2012","La Jolla, CA, United States"
LEO_wolfgang-meyerhof,Professor Dr Wolfgang Meyerhof,2012,"Nuthetal, Germany Election year 2012","Nuthetal, Germany"
LEO_ada-yonath,Prof. Dr. Ada Yonath,2013,"Rehovot, Israel Election year 2013","Rehovot, Israel"
LEO_ingo-schubert,Prof. Dr. Ingo Schubert,2013,"Gatersleben, Germany Election year 2013","Gatersleben, Germany"
LEO_jan-loewe,Prof. Dr. Jan Löwe,2013,"Cambridge, United Kingdom Election year 2013","Cambridge, United Kingdom"
LEO_jane-parker,Prof. Dr. Jane Parker,2013,"Köln, Germany Election year 2013","Köln, Germany"
LEO_markus-aebi,Prof. Dr. Markus Aebi,2013,"Zürich, Switzerland Election year 2013","Zürich, Switzerland"
LEO_peter-westhoff,Prof. Dr. Peter Westhoff,2013,"Düsseldorf, Germany Election year 2013","Düsseldorf, Germany"
LEO_xuetao-cao,Prof. Dr. Xuetao Cao,2013,"Shanghai, China Election year 2013","Shanghai, China"
LEO_christian-jung,Professor Dr Christian Jung,2013,"Kiel, Germany Election year 2013","Kiel, Germany"
LEO_gabriel-waksman,Professor Dr Gabriel Waksman,2013,"London, United Kingdom Election year 2013","London, United Kingdom"
LEO_gunther-hartmann,Professor Dr Gunther Hartmann,2013,"Bonn, Germany Election year 2013","Bonn, Germany"
LEO_ian-thomas-baldwin,Professor Dr Ian Thomas Baldwin,2013,"Jena, Germany Election year 2013","Jena, Germany"
LEO_johannes-peter-stasch,Professor Dr Johannes-Peter Stasch,2013,"Wuppertal, Germany Election year 2013","Wuppertal, Germany"
LEO_joerg-vogel,Professor Dr Jörg Vogel,2013,"Würzburg, Germany Election year 2013","Würzburg, Germany"
LEO_lord-john-r-krebs,Professor Dr Lord John R. Krebs,2013,"Oxford, United Kingdom Election year 2013","Oxford, United Kingdom"
LEO_martin-biel,Professor Dr Martin Biel,2013,"München, Germany Election year 2013","München, Germany"
LEO_matthias-mann,Professor Dr Matthias Mann,2013,"Martinsried, Germany Election year 2013","Martinsried, Germany"
LEO_matthias-tschoep,Professor Dr Matthias Tschöp,2013,"München, Germany Election year 2013","München, Germany"
LEO_matthias-wilmanns,Professor Dr Matthias Wilmanns,2013,"Hamburg, Germany Election year 2013","Hamburg, Germany"
LEO_rainer-matyssek,Professor Dr Rainer Matyssek,2013,"München, Germany Election year 2013","München, Germany"
LEO_ralf-bartenschlager,Professor Dr Ralf Bartenschlager,2013,"Heidelberg, Germany Election year 2013","Heidelberg, Germany"
LEO_frauke-melchior,Prof. Dr. Frauke Melchior,2014,"Heidelberg, Germany Election year 2014","Heidelberg, Germany"
LEO_klaus-armin-nave,Prof. Dr. Klaus-Armin Nave,2014,"Göttingen, Germany Election year 2014","Göttingen, Germany"
LEO_matthias-rief,Prof. Dr. Matthias Rief,2014,"München, Germany Election year 2014","München, Germany"
LEO_matthias-schwab,Prof. Dr. Matthias Schwab,2014,"Stuttgart, Germany Election year 2014","Stuttgart, Germany"
LEO_peer-bork,Prof. Dr. Peer Bork,2014,"Heidelberg, Germany Election year 2014","Heidelberg, Germany"
LEO_ruedi-aebersold,Prof. Dr. Ruedi Aebersold,2014,"Zürich, Switzerland Election year 2014","Zürich, Switzerland"
LEO_angela-m-gronenborn,Professor Dr Angela M. Gronenborn,2014,"Pittsburgh, United States Election year 2014","Pittsburgh, United States"
LEO_carmen-buchrieser,Professor Dr Carmen Buchrieser,2014,"Paris, France Election year 2014","Paris, France"
LEO_christian-kurts,Professor Dr Christian Kurts,2014,"Bonn, Germany Election year 2014","Bonn, Germany"
LEO_erika-von-mutius,Professor Dr Erika von Mutius,2014,"München, Germany Election year 2014","München, Germany"
LEO_karl-peter-hopfner,Professor Dr Karl-Peter Hopfner,2014,"München, Germany Election year 2014","München, Germany"
LEO_maarten-koornneef,Professor Dr Maarten Koornneef,2014,"Köln, Germany Election year 2014","Köln, Germany"
LEO_martin-wikelski,Professor Dr Martin Wikelski,2014,"Radolfzell, Germany Election year 2014","Radolfzell, Germany"
LEO_nils-brose,Professor Dr Nils Brose,2014,"Göttingen, Germany Election year 2014","Göttingen, Germany"
LEO_ottoline-leyser,Professor Dr Ottoline Leyser,2014,"Cambridge, United Kingdom Election year 2014","Cambridge, United Kingdom"
LEO_andreas-weber,Prof. Dr. Andreas Weber,2015,"Düsseldorf, Germany Election year 2015","Düsseldorf, Germany"
LEO_beat-keller,Prof. Dr. Beat Keller,2015,"Zürich, Switzerland Election year 2015","Zürich, Switzerland"
LEO_carl-philipp-heisenberg,Prof. Dr. Carl-Philipp Heisenberg,2015,"Klosterneuburg, Austria Election year 2015","Klosterneuburg, Austria"
LEO_dieter-ebert,Prof. Dr. Dieter Ebert,2015,"Basel, Switzerland Election year 2015","Basel, Switzerland"
LEO_jan-o-korbel,Prof. Dr. Jan O. Korbel,2015,"Heidelberg, Germany Election year 2015","Heidelberg, Germany"
LEO_juergen-ruland,Prof. Dr. Jürgen Ruland,2015,"München, Germany Election year 2015","München, Germany"
LEO_katrin-boehning-gaese,Prof. Dr. Katrin Böhning-Gaese,2015,"Frankfurt am Main, Germany Election year 2015","Frankfurt am Main, Germany"
LEO_martin-eilers,Prof. Dr. Martin Eilers,2015,"Würzburg, Germany Election year 2015","Würzburg, Germany"
LEO_stephan-becker,Prof. Dr. Stephan Becker,2015,"Marburg, Germany Election year 2015","Marburg, Germany"
LEO_winfried-denk,Prof. Dr. Winfried Denk,2015,"Martinsried, Germany Election year 2015","Martinsried, Germany"
LEO_wolf-b-frommer,Prof. Dr. Wolf B. Frommer,2015,"Düsseldorf, Germany Election year 2015","Düsseldorf, Germany"
LEO_anita-rauch,Professor Dr Anita Rauch,2015,"Zürich, Switzerland Election year 2015","Zürich, Switzerland"
LEO_bernd-fritzsch,Professor Dr Bernd Fritzsch,2015,"Iowa City, United States Election year 2015","Iowa City, United States"
LEO_christian-hertweck,Professor Dr Christian Hertweck,2015,"Jena, Germany Election year 2015","Jena, Germany"
LEO_elisabeth-knust,Professor Dr Elisabeth Knust,2015,"Dresden, Germany Election year 2015","Dresden, Germany"
LEO_emmanuelle-charpentier,Professor Dr Emmanuelle Charpentier,2015,"Berlin, Germany Election year 2015","Berlin, Germany"
LEO_eva-kondorosi,Professor Dr Eva Kondorosi,2015,"Szeged, Hungary Election year 2015","Szeged, Hungary"
LEO_nicole-dubilier,Professor Dr Nicole Dubilier,2015,"Bremen, Germany Election year 2015","Bremen, Germany"
LEO_susan-trumbore,Professor Dr Susan Trumbore,2015,"Jena, Germany Election year 2015","Jena, Germany"
LEO_albert-osterhaus,Prof. Dr. Albert Osterhaus,2016,"Hannover, Germany Election year 2016","Hannover, Germany"
LEO_ekkehard-neuhaus,Prof. Dr. Ekkehard Neuhaus,2016,"Kaiserslautern, Germany Election year 2016","Kaiserslautern, Germany"
LEO_ingrid-fleming,Prof. Dr. Ingrid Fleming,2016,"Frankfurt am Main, Germany Election year 2016","Frankfurt am Main, Germany"
LEO_maria-leptin,Prof. Dr. Maria Leptin,2016,"Köln, Germany Election year 2016","Köln, Germany"
LEO_aaron-ciechanover,Professor Dr Aaron Ciechanover,2016,"Haifa, Israel Election year 2016","Haifa, Israel"
LEO_alexander-pfeifer,Professor Dr Alexander Pfeifer,2016,"Bonn, Germany Election year 2016","Bonn, Germany"
LEO_christian-spahn,Professor Dr Christian Spahn,2016,"Berlin, Germany Election year 2016","Berlin, Germany"
LEO_edvard-moser,Professor Dr Edvard Moser,2016,"Trondheim, Norway Election year 2016","Trondheim, Norway"
LEO_eicke-latz,Professor Dr Eicke Latz,2016,"Bonn, Germany Election year 2016","Bonn, Germany"
LEO_may-britt-moser,Professor Dr May-Britt Moser,2016,"Trondheim, Norway Election year 2016","Trondheim, Norway"
LEO_rajeev-kumar-varshney,Professor Dr Rajeev Kumar Varshney,2016,"Patancheru, India Election year 2016","Patancheru, India"
LEO_rolf-mueller,Professor Dr Rolf Müller,2016,"Saarbrücken, Germany Election year 2016","Saarbrücken, Germany"
LEO_sabeeha-merchant,Professor Dr Sabeeha Merchant,2016,"Los Angeles, CA, United States Election year 2016","Los Angeles, CA, United States"
LEO_veit-hornung,Professor Dr Veit Hornung,2016,"München, Germany Election year 2016","München, Germany"
LEO_william-e-evans,Professor Dr William E. Evans,2016,"Memphis, United States Election year 2016","Memphis, United States"
LEO_katayoon-dehesh,Katayoon Dehesh,2017,"Riverside, CA, USA, United States Election year 2017","Riverside, CA, USA, United States"
LEO_dario-leister,Prof. Dr. Dario Leister,2017,"Planegg-Martinsried, Germany Election year 2017","Planegg-Martinsried, Germany"
LEO_michael-brunner,Prof. Dr. Michael Brunner,2017,"Heidelberg, Germany Election year 2017","Heidelberg, Germany"
LEO_bernd-fleischmann,Professor Dr Bernd Fleischmann,2017,"Bonn, Germany Election year 2017","Bonn, Germany"
LEO_bill-s-hansson,Professor Dr Bill S. Hansson,2017,"Jena, Germany Election year 2017","Jena, Germany"
LEO_dirk-h-busch,Professor Dr Dirk H. Busch,2017,"München, Germany Election year 2017","München, Germany"
LEO_dorothee-kern,Professor Dr Dorothee Kern,2017,"Waltham, MA, United States Election year 2017","Waltham, MA, United States"
LEO_erin-schuman,Professor Dr Erin Schuman,2017,"Frankfurt am Main, Germany Election year 2017","Frankfurt am Main, Germany"
LEO_jens-c-bruening,Professor Dr Jens C. Brüning,2017,"Köln, Germany Election year 2017","Köln, Germany"
LEO_julian-schroeder,Professor Dr Julian Schroeder,2017,"La Jolla, CA, United States Election year 2017","La Jolla, CA, United States"
LEO_maike-sander,Professor Dr Maike Sander,2017,"Berlin, Germany Election year 2017","Berlin, Germany"
LEO_mandyam-v-srinivasan,Professor Dr Mandyam V. Srinivasan,2017,"Brisbane, Australia Election year 2017","Brisbane, Australia"
LEO_michael-sattler,Professor Dr Michael Sattler,2017,"München, Germany Election year 2017","München, Germany"
LEO_volker-haucke,Professor Dr Volker Haucke,2017,"Berlin, Germany Election year 2017","Berlin, Germany"
LEO_jan-ellenberg,Dr Jan Ellenberg,2018,"Heidelberg, Germany Election year 2018","Heidelberg, Germany"
LEO_manajit-hayer-hartl,Dr Manajit Hayer-Hartl,2018,"Martinsried, Germany Election year 2018","Martinsried, Germany"
LEO_heinz-feldmann,"M.D., Ph.D. Heinz Feldmann",2018,"Huntington, United States Election year 2018","Huntington, United States"
LEO_carmen-birchmeier,Prof. Dr. Carmen Birchmeier,2018,"Berlin, Germany Election year 2018","Berlin, Germany"
LEO_chris-carolin-schoen,Prof. Dr. Chris-Carolin Schön,2018,"Freising, Germany Election year 2018","Freising, Germany"
LEO_claudia-koehler,Prof. Dr. Claudia Köhler,2018,"Uppsala, Sweden Election year 2018","Uppsala, Sweden"
LEO_helga-ruebsamen-schaeff,Prof. Dr. Helga Rübsamen-Schaeff,2018,"Wuppertal, Germany Election year 2018","Wuppertal, Germany"
LEO_holger-stark,Prof. Dr. Holger Stark,2018,"Göttingen, Germany Election year 2018","Göttingen, Germany"
LEO_johannes-lehmann,Prof. Dr. Johannes Lehmann,2018,"Ithaca, NY, United States Election year 2018","Ithaca, NY, United States"
LEO_matin-qaim,Prof. Dr. Matin Qaim,2018,"Bonn, Germany Election year 2018","Bonn, Germany"
LEO_miguel-vences,Prof. Dr. Miguel Vences,2018,"Braunschweig, Germany Election year 2018","Braunschweig, Germany"
LEO_roland-eils,Prof. Dr. Roland Eils,2018,"Berlin, Germany Election year 2018","Berlin, Germany"
LEO_garret-a-fitzgerald,Professor Dr Garret A. FitzGerald,2018,"Philadelphia, PA, United States Election year 2018","Philadelphia, PA, United States"
LEO_heyo-k-kroemer,Professor Dr Heyo K. Kroemer,2018,"Berlin, Germany Election year 2018","Berlin, Germany"
LEO_joachim-von-braun,Professor Dr Joachim von Braun,2018,"Bonn, Germany Election year 2018","Bonn, Germany"
LEO_peter-piot,Professor Dr Peter Piot,2018,"London, United Kingdom Election year 2018","London, United Kingdom"
LEO_peter-rehling,Professor Dr Peter Rehling,2018,"Göttingen, Germany Election year 2018","Göttingen, Germany"
LEO_wolf-dietrich-hardt,Professor Dr Wolf-Dietrich Hardt,2018,"Zürich, Switzerland Election year 2018","Zürich, Switzerland"
LEO_constance-scharff,Prof. Dr. Constance Scharff,2019,"Berlin, Germany Election year 2019","Berlin, Germany"
LEO_kaspar-locher,Prof. Dr. Kaspar Locher,2019,"Zürich, Switzerland Election year 2019","Zürich, Switzerland"
LEO_mathias-heikenwaelder,Prof. Dr. Mathias Heikenwälder,2019,"Heidelberg, Germany Election year 2019","Heidelberg, Germany"
LEO_michael-speicher,Prof. Dr. Michael Speicher,2019,"Graz, Austria Election year 2019","Graz, Austria"
LEO_nikolaus-rajewsky,Prof. Dr. Nikolaus Rajewsky,2019,"Berlin, Germany Election year 2019","Berlin, Germany"
LEO_stefan-raunser,Prof. Dr. Stefan Raunser,2019,"Dortmund, Germany Election year 2019","Dortmund, Germany"
LEO_asifa-akhtar,Professor Dr Asifa Akhtar,2019,"Freiburg, Germany Election year 2019","Freiburg, Germany"
LEO_brenda-a-schulman,Professor Dr Brenda A. Schulman,2019,"Martinsried, Germany Election year 2019","Martinsried, Germany"
LEO_christian-fankhauser,Professor Dr Christian Fankhauser,2019,"Lausanne, Switzerland Election year 2019","Lausanne, Switzerland"
LEO_christian-rosenmund,Professor Dr Christian Rosenmund,2019,"Berlin, Germany Election year 2019","Berlin, Germany"
LEO_ludger-johannes,Professor Dr Ludger Johannes,2019,"Paris, France Election year 2019","Paris, France"
LEO_melina-schuh,Professor Dr Melina Schuh,2019,"Göttingen, Germany Election year 2019","Göttingen, Germany"
LEO_rohini-kuner,Professor Dr Rohini Kuner,2019,"Heidelberg, Germany Election year 2019","Heidelberg, Germany"
LEO_thomas-d-seeley,Professor Dr Thomas D. Seeley,2019,"Ithaca, NY, United States Election year 2019","Ithaca, NY, United States"
LEO_feng-shao,Professor Dr. Feng Shao,2019,"Beijing, China Election year 2019","Beijing, China"
LEO_george-f-gao,Prof Dr George F. Gao,2020,"Peking, China Election year 2020","Peking, China"
LEO_gang-pei,Prof. Dr. Gang Pei,2020,"Shanghai, China Election year 2020","Shanghai, China"
LEO_johannes-herrmann,Prof. Dr. Johannes Herrmann,2020,"Kaiserslautern, Germany Election year 2020","Kaiserslautern, Germany"
LEO_joern-piel,Prof. Dr. Jörn Piel,2020,"Zürich, Switzerland Election year 2020","Zürich, Switzerland"
LEO_martina-muckenthaler,Prof. Dr. Martina Muckenthaler,2020,"Heidelberg, Germany Election year 2020","Heidelberg, Germany"
LEO_ulrich-technau,Prof. Dr. Ulrich Technau,2020,"Wien, Austria Election year 2020","Wien, Austria"
LEO_uwe-sonnewald,Prof. Dr. Uwe Sonnewald,2020,"Erlangen, Germany Election year 2020","Erlangen, Germany"
LEO_andreas-j-baeumler,Professor Dr Andreas J. Bäumler,2020,"Davis, CA, United States Election year 2020","Davis, CA, United States"
LEO_marja-c-p-timmermans,Professor Dr Marja C. P. Timmermans,2020,"Tübingen, Germany Election year 2020","Tübingen, Germany"
LEO_maya-schuldiner,Professor Dr Maya Schuldiner,2020,"Rehovot, Israel Election year 2020","Rehovot, Israel"
LEO_oliver-einsle,Professor Dr Oliver Einsle,2020,"Freiburg (Br.), Germany Election year 2020","Freiburg (Br.), Germany"
LEO_ruth-ley,Professor Dr Ruth Ley,2020,"Tübingen, Germany Election year 2020","Tübingen, Germany"
LEO_sir-peter-j-ratcliffe,Professor Dr Sir Peter J. Ratcliffe,2020,"Oxford, United Kingdom Election year 2020","Oxford, United Kingdom"
LEO_ursula-jakob,Professor Dr Ursula Jakob,2020,"Ann Arbor, MI, United States Election year 2020","Ann Arbor, MI, United States"
LEO_paola-picotti,Professor Paola Picotti,2020,"Zürich, Switzerland Election year 2020","Zürich, Switzerland"
LEO_barbara-rehermann,Dr Barbara Rehermann,2021,"Bethesda, United States Election year 2021","Bethesda, United States"
LEO_anna-koettgen,Prof. Dr. Anna Köttgen,2021,"Freiburg (Br.), Germany Election year 2021","Freiburg (Br.), Germany"
LEO_anne-spang,Prof. Dr. Anne Spang,2021,"Basel, Switzerland Election year 2021","Basel, Switzerland"
LEO_bernhard-kuester,Prof. Dr. Bernhard Küster,2021,"Freising, Germany Election year 2021","Freising, Germany"
LEO_helle-ulrich,Prof. Dr. Helle Ulrich,2021,"Mainz, Germany Election year 2021","Mainz, Germany"
LEO_matthias-c-rillig,Prof. Dr. Matthias C. Rillig,2021,"Berlin, Germany Election year 2021","Berlin, Germany"
LEO_melanie-blokesch,Prof. Dr. Melanie Blokesch,2021,"Lausanne, Switzerland Election year 2021","Lausanne, Switzerland"
LEO_anthony-hyman,Professor Dr Anthony Hyman,2021,"Dresden, Germany Election year 2021","Dresden, Germany"
LEO_blanche-schwappach-pignataro,Professor Dr Blanche Schwappach-Pignataro,2021,"Hamburg, Germany Election year 2021","Hamburg, Germany"
LEO_charlotte-foerster,Professor Dr Charlotte Förster,2021,"Würzburg, Germany Election year 2021","Würzburg, Germany"
LEO_christian-drosten,Professor Dr Christian Drosten,2021,"Berlin, Germany Election year 2021","Berlin, Germany"
LEO_edith-heard,Professor Dr Edith Heard,2021,"Heidelberg, Germany Election year 2021","Heidelberg, Germany"
LEO_gerhard-hummer,Professor Dr Gerhard Hummer,2021,"Frankfurt am Main, Germany Election year 2021","Frankfurt am Main, Germany"
LEO_jeanette-erdmann,Professor Dr Jeanette Erdmann,2021,"Lübeck, Germany Election year 2021","Lübeck, Germany"
LEO_jonathan-gershenzon,Professor Dr Jonathan Gershenzon,2021,"Jena, Germany Election year 2021","Jena, Germany"
LEO_joseph-heitman,Professor Dr Joseph Heitman,2021,"Durham, NC, United States Election year 2021","Durham, NC, United States"
LEO_lars-chittka,Professor Dr Lars Chittka,2021,"London, United Kingdom Election year 2021","London, United Kingdom"
LEO_marco-prinz,Professor Dr Marco Prinz,2021,"Freiburg (Br.), Germany Election year 2021","Freiburg (Br.), Germany"
LEO_maria-von-korff-schmising,Professor Dr Maria von Korff Schmising,2021,"Düsseldorf, Germany Election year 2021","Düsseldorf, Germany"
LEO_nicolaus-von-wiren,Professor Dr Nicolaus von Wirén,2021,"Gatersleben, Germany Election year 2021","Gatersleben, Germany"
LEO_patrick-a-baeuerle,Professor Dr Patrick A. Baeuerle,2021,"Cambridge, United States Election year 2021","Cambridge, United States"
LEO_ulrich-brandt,Professor Dr Ulrich Brandt,2021,"Nijmegen, Netherlands Election year 2021","Nijmegen, Netherlands"
LEO_ute-kraemer,Professor Dr Ute Krämer,2021,"Bochum, Germany Election year 2021","Bochum, Germany"
LEO_ugur-sahin,Professor Dr Uğur Şahin,2021,"Mainz, Germany Election year 2021","Mainz, Germany"
LEO_oezlem-tuereci,Professor Dr Özlem Türeci,2021,"Mainz, Germany Election year 2021","Mainz, Germany"
LEO_andreas-peschel,Prof. Dr. Andreas Peschel,2022,"Tübingen, Germany Election year 2022","Tübingen, Germany"
LEO_claudia-hoebartner,Prof. Dr. Claudia Höbartner,2022,"Würzburg, Germany Election year 2022","Würzburg, Germany"
LEO_helmut-grubmueller,Prof. Dr. Helmut Grubmüller,2022,"Göttingen, Germany Election year 2022","Göttingen, Germany"
LEO_ivo-feussner,Prof. Dr. Ivo Feußner,2022,"Göttingen, Germany Election year 2022","Göttingen, Germany"
LEO_kai-uwe-eckardt,Prof. Dr. Kai-Uwe Eckardt,2022,"Berlin, Germany Election year 2022","Berlin, Germany"
LEO_michael-boutros,Prof. Dr. Michael Boutros,2022,"Heidelberg, Germany Election year 2022","Heidelberg, Germany"
LEO_wulf-amelung,Prof. Dr. Wulf Amelung,2022,"Bonn, Germany Election year 2022","Bonn, Germany"
LEO_alexandra-zoe-worden,Professor Dr Alexandra Zoe Worden,2022,"Kiel, Germany Election year 2022","Kiel, Germany"
LEO_andrea-ablasser,Professor Dr Andrea Ablasser,2022,"Lausanne, Switzerland Election year 2022","Lausanne, Switzerland"
LEO_hans-georg-rammensee,Professor Dr Hans-Georg Rammensee,2022,"Tübingen, Germany Election year 2022","Tübingen, Germany"
LEO_robert-grosse,Professor Dr Robert Grosse,2022,"Freiburg (Br.), Germany Election year 2022","Freiburg (Br.), Germany"
LEO_sonja-verena-albers,Professor Dr Sonja-Verena Albers,2022,"Freiburg (Br.), Germany Election year 2022","Freiburg (Br.), Germany"
LEO_tina-romeis,Professor Dr Tina Romeis,2022,"Halle (Saale), Germany Election year 2022","Halle (Saale), Germany"
LEO_katalin-kariko,Professor Katalin Karikó,2022,"Mainz, Germany Election year 2022","Mainz, Germany"
LEO_rotem-sorek,Rotem Sorek,2022,"Rehovot, Israel Election year 2022","Rehovot, Israel"
LEO_tanja-stadler,Prof. Dr. Tanja Stadler,2023,"Zürich, Switzerland Election year 2023","Zürich, Switzerland"
LEO_agnieszka-chacinska,Professor Dr Agnieszka Chacinska,2023,"Warschau, Poland Election year 2023","Warschau, Poland"
LEO_andrea-musacchio,Professor Dr Andrea Musacchio,2023,"Dortmund, Germany Election year 2023","Dortmund, Germany"
LEO_annette-oxenius,Professor Dr Annette Oxenius,2023,"Zürich, Switzerland Election year 2023","Zürich, Switzerland"
LEO_christa-e-mueller,Professor Dr Christa E. Müller,2023,"Bonn, Germany Election year 2023","Bonn, Germany"
LEO_christian-wolfrum,Professor Dr Christian Wolfrum,2023,"Zürich, Switzerland Election year 2023","Zürich, Switzerland"
LEO_christoph-plass,Professor Dr Christoph Plass,2023,"Heidelberg, Germany Election year 2023","Heidelberg, Germany"
LEO_dame-linda-partridge,Professor Dr Dame Linda Partridge,2023,"London, United Kingdom Election year 2023","London, United Kingdom"
LEO_eric-james-warrant,Professor Dr Eric James Warrant,2023,"Lund, Sweden Election year 2023","Lund, Sweden"
LEO_karl-josef-dietz,Professor Dr Karl-Josef Dietz,2023,"Bielefeld, Germany Election year 2023","Bielefeld, Germany"
LEO_maria-elena-torres-padilla,Professor Dr Maria-Elena Torres-Padilla,2023,"München, Germany Election year 2023","München, Germany"
LEO_martin-beck,Professor Dr Martin Beck,2023,"Frankfurt am Main, Germany Election year 2023","Frankfurt am Main, Germany"
LEO_mikael-simons,Professor Dr Mikael Simons,2023,"München, Germany Election year 2023","München, Germany"
LEO_nico-eisenhauer,Professor Dr Nico Eisenhauer,2023,"Leipzig, Germany Election year 2023","Leipzig, Germany"
LEO_petra-dersch,Professor Dr Petra Dersch,2023,"Münster, Germany Election year 2023","Münster, Germany"
LEO_tobias-j-erb,Professor Dr Tobias J. Erb,2023,"Marburg, Germany Election year 2023","Marburg, Germany"
LEO_uta-paszkowski,Professor Dr Uta Paszkowski,2023,"Cambridge, United Kingdom Election year 2023","Cambridge, United Kingdom"
LEO_anne-ephrussi,Dr Anne Ephrussi,2024,"Heidelberg, Germany Election year 2024","Heidelberg, Germany"
LEO_holger-puchta,Prof. Dr. Holger Puchta,2024,"Karlsruhe, Germany Election year 2024","Karlsruhe, Germany"
LEO_rudolf-zechner,Prof. Dr. Rudolf Zechner,2024,"Graz, Austria Election year 2024","Graz, Austria"
LEO_sarah-oconnor,Prof. Dr. Sarah O'Connor,2024,"Jena, Germany Election year 2024","Jena, Germany"
LEO_alessandra-moretti,Professor Dr Alessandra Moretti,2024,"München, Germany Election year 2024","München, Germany"
LEO_andreas-nieder,Professor Dr Andreas Nieder,2024,"Tübingen, Germany Election year 2024","Tübingen, Germany"
LEO_chiara-romagnani,Professor Dr Chiara Romagnani,2024,"Berlin, Germany Election year 2024","Berlin, Germany"
LEO_christian-ungermann,Professor Dr Christian Ungermann,2024,"Osnabrück, Germany Election year 2024","Osnabrück, Germany"
LEO_christian-wirth,Professor Dr Christian Wirth,2024,"Leipzig, Germany Election year 2024","Leipzig, Germany"
LEO_dirk-bumann,Professor Dr Dirk Bumann,2024,"Basel, Switzerland Election year 2024","Basel, Switzerland"
LEO_eileen-em-furlong,Professor Dr Eileen E.M. Furlong,2024,"Heidelberg, Germany Election year 2024","Heidelberg, Germany"
LEO_elly-margaret-tanaka,Professor Dr Elly Margaret Tanaka,2024,"Wien, Austria Election year 2024","Wien, Austria"
LEO_juergen-knoblich,Professor Dr Jürgen Knoblich,2024,"Wien, Austria Election year 2024","Wien, Austria"
LEO_kai-tittmann,Professor Dr Kai Tittmann,2024,"Göttingen, Germany Election year 2024","Göttingen, Germany"
LEO_marino-zerial,Professor Dr Marino Zerial,2024,"Dresden, Germany Election year 2024","Dresden, Germany"
LEO_simone-sommer,Professor Dr Simone Sommer,2024,"Ulm, Germany Election year 2024","Ulm, Germany"
LEO_ute-hentschel-humeida,Professor Dr Ute Hentschel-Humeida,2024,"Kiel, Germany Election year 2024","Kiel, Germany"
LEO_volker-mueller,Professor Dr Volker Müller,2024,"Frankfurt am Main, Germany Election year 2024","Frankfurt am Main, Germany"
LEO_john-a-g-briggs,Dr John A. G. Briggs,2025,"Martinsried, Germany Election year 2025","Martinsried, Germany"
LEO_ana-j-garcia-saez,Prof. Dr. Ana J. Garcia Saez,2025,"Frankfurt am Main, Germany Election year 2025","Frankfurt am Main, Germany"
LEO_ana-martin-villalba,Prof. Dr. Ana Martin-Villalba,2025,"Heidelberg, Germany Election year 2025","Heidelberg, Germany"
LEO_catherine-h-graham,Prof. Dr. Catherine H. Graham,2025,"Birmensdorf, Switzerland Election year 2025","Birmensdorf, Switzerland"
LEO_cynthia-m-sharma,Prof. Dr. Cynthia M. Sharma,2025,"Würzburg, Germany Election year 2025","Würzburg, Germany"
LEO_eran-elinav,Prof. Dr. Eran Elinav,2025,"Rehovot, Israel Election year 2025","Rehovot, Israel"
LEO_hanna-kokko,Prof. Dr. Hanna Kokko,2025,"Mainz, Germany Election year 2025","Mainz, Germany"
LEO_kirsten-kuesel,Prof. Dr. Kirsten Küsel,2025,"Jena, Germany Election year 2025","Jena, Germany"
LEO_markus-reichstein,Prof. Dr. Markus Reichstein,2025,"Jena, Germany Election year 2025","Jena, Germany"
LEO_percy-knolle,Prof. Dr. Percy Knolle,2025,"München, Germany Election year 2025","München, Germany"
LEO_stefan-engelhardt,Prof. Dr. Stefan Engelhardt,2025,"München, Germany Election year 2025","München, Germany"
LEO_benjamin-schuler,Professor Dr Benjamin Schuler,2025,"Zürich, Switzerland Election year 2025","Zürich, Switzerland"
LEO_florian-klein,Professor Dr Florian Klein,2025,"Köln, Germany Election year 2025","Köln, Germany"
LEO_meritxell-huch-ortega,Professor Dr Meritxell Huch Ortega,2025,"Dresden, Germany Election year 2025","Dresden, Germany"
LEO_thomas-c-g-bosch,Professor Dr Thomas C. G. Bosch,2025,"Kiel, Germany Election year 2025","Kiel, Germany"
LEO_veronika-sexl,Professor Dr Veronika Sexl,2025,"Innsbruck, Austria Election year 2025","Innsbruck, Austria"
LEO_robert-von-ostertag,Prof. Dr. Robert von Ostertag,1929,"Tübingen, Germany Election year 1929","Tübingen, Germany"
LEO_ioan-ciurea,Prof. Ioan Ciurea,1939,"Bukarest, Romania Election year 1939","Bukarest, Romania"
LEO_joachim-hermann-scharf,Prof. Dr. Dr. Joachim-Hermann Scharf,1961,"Halle (Saale), Germany Election year 1961","Halle (Saale), Germany"
LEO_hans-erhard-bock,Hans Erhard Bock,1962,"Tübingen, Germany Election year 1962","Tübingen, Germany"
LEO_stefania-jablonska,Prof. Dr. Stefania Jabłońska,1964,"Warschau, Poland Election year 1964","Warschau, Poland"
LEO_boris-a-lapin,Prof. Dr. Boris A. Lapin,1966,"Sochi-Adler, Russian Federation Election year 1966","Sochi-Adler, Russian Federation"
LEO_karl-lennert,Prof. Dr. Karl Lennert,1966,"Kiel, Germany Election year 1966","Kiel, Germany"
LEO_klaus-betke,Prof. Dr. Klaus Betke,1966,"Lochham, Germany Election year 1966","Lochham, Germany"
LEO_otto-braun-falco,Prof. Dr. Otto Braun-Falco,1966,"München, Germany Election year 1966","München, Germany"
LEO_otto-prokop,Otto Prokop,1967,"Berlin, Germany Election year 1967","Berlin, Germany"
LEO_christian-mueller,Prof. Dr. Christian Müller,1968,"Bern, Switzerland Election year 1968","Bern, Switzerland"
LEO_hans-mau,Prof. Dr. Hans Mau,1968,"Tübingen, Germany Election year 1968","Tübingen, Germany"
LEO_theodor-heinrich-schiebler,Prof. Dr. Theodor Heinrich Schiebler,1968,"Würzburg, Germany Election year 1968","Würzburg, Germany"
LEO_francis-crick,Francis Crick,1969,"La Jolla, CA, United States Election year 1969","La Jolla, CA, United States"
LEO_paul-speiser,Paul Speiser,1969,"Wien, Austria Election year 1969","Wien, Austria"
LEO_gottfried-geiler,Prof. Dr. Gottfried Geiler,1969,"Leipzig, Germany Election year 1969","Leipzig, Germany"
LEO_heinrich-harms,Heinrich Harms,1970,"Tübingen, Germany Election year 1970","Tübingen, Germany"
LEO_anton-mayr,Prof. Dr. Anton Mayr,1970,"Starnberg, Germany Election year 1970","Starnberg, Germany"
LEO_gert-horst-schumacher,Prof. Dr. Gert-Horst Schumacher,1970,"Rostock, Germany Election year 1970","Rostock, Germany"
LEO_jacques-bernheim,Prof. Dr. Jacques Bernheim,1970,"Genf, Switzerland Election year 1970","Genf, Switzerland"
LEO_walter-frommhold,Prof. Dr. Walter Frommhold,1970,"Baden-Baden, Germany Election year 1970","Baden-Baden, Germany"
LEO_wolfgang-spann,Prof. Dr. Wolfgang Spann,1970,"München, Germany Election year 1970","München, Germany"
LEO_georg-dhom,Prof. Dr. Georg Dhom,1971,"Homburg, Germany Election year 1971","Homburg, Germany"
LEO_heinrich-koele,Prof. Dr. Heinrich Köle,1971,"Graz, Austria Election year 1971","Graz, Austria"
LEO_yves-laporte,Prof. Dr. Yves Laporte,1971,"Paris, France Election year 1971","Paris, France"
LEO_hans-jorgen-bendixen,Prof. Dr. Hans Jorgen Bendixen,1972,"Holeby, Denmark Election year 1972","Holeby, Denmark"
LEO_helmut-roessler,Prof. Dr. Helmut Rössler,1972,"Bonn, Germany Election year 1972","Bonn, Germany"
LEO_willy-taillard,Prof. Dr. Willy Taillard,1972,"Collonge-Bellerive, Switzerland Election year 1972","Collonge-Bellerive, Switzerland"
LEO_maurice-e-mueller,Maurice E. Müller,1973,"Bern, Switzerland Election year 1973","Bern, Switzerland"
LEO_andreas-oksche,Prof. Dr. Andreas Oksche,1973,"Gießen, Germany Election year 1973","Gießen, Germany"
LEO_egbert-schmiedt,Prof. Dr. Egbert Schmiedt,1973,"Grünwald, Germany Election year 1973","Grünwald, Germany"
LEO_hisao-takayasu,Prof. Dr. Hisao Takayasu,1973,"Tokio, Japan Election year 1973","Tokio, Japan"
LEO_jean-civatte,Prof. Dr. Jean Civatte,1973,"Paris, France Election year 1973","Paris, France"
LEO_kalle-a-achte,Prof. Dr. Kalle A. Achté,1973,"Helsinki, Finland Election year 1973","Helsinki, Finland"
LEO_niilo-hallman,Prof. Dr. Niilo Hallman,1973,"Helsinki, Finland Election year 1973","Helsinki, Finland"
LEO_vasilij-v-kuprijanov,Prof. Dr. Vasilij V. Kuprijanov,1973,"Moskau, Russian Federation Election year 1973","Moskau, Russian Federation"
LEO_wolfgang-kuenzer,Prof. Dr. Wolfgang Künzer,1973,"Freiburg (Br.), Germany Election year 1973","Freiburg (Br.), Germany"
LEO_dietfried-jorke,Prof. Dr. Dietfried Jorke,1974,"Jena, Germany Election year 1974","Jena, Germany"
LEO_harro-seyfarth,Prof. Dr. Harro Seyfarth,1974,"Leipzig, Germany Election year 1974","Leipzig, Germany"
LEO_louis-francois-hollender,Prof. Dr. Louis François Hollender,1974,"Strasbourg, France Election year 1974","Strasbourg, France"
LEO_paul-otte,Prof. Dr. Paul Otte,1974,"Mainz, Germany Election year 1974","Mainz, Germany"
LEO_simon-n-checinasvili,Prof. Dr. Simon N. Checinasvili,1974,"Tbilisi, Georgia Election year 1974","Tbilisi, Georgia"
LEO_eberhard-sander,Prof. Dr. Eberhard Sander,1976,"Halle (Saale), Germany Election year 1976","Halle (Saale), Germany"
LEO_g-roberto-burgio,Prof. Dr. G. Roberto Burgio,1976,"Pavia, Italy Election year 1976","Pavia, Italy"
LEO_guenther-panzram,Prof. Dr. Günther Panzram,1976,"Erfurt, Germany Election year 1976","Erfurt, Germany"
LEO_hans-werner-altmann,Prof. Dr. Hans-Werner Altmann,1976,"Würzburg, Germany Election year 1976","Würzburg, Germany"
LEO_horst-cotta,Prof. Dr. Horst Cotta,1976,"München, Germany Election year 1976","München, Germany"
LEO_konrad-seige,Prof. Dr. Konrad Seige,1976,"Lieskau, Germany Election year 1976","Lieskau, Germany"
LEO_leonid-s-rosenstrauch-ross,Prof. Dr. Leonid S. Rosenstrauch-Ross,1976,"Stamford, CT, United States Election year 1976","Stamford, CT, United States"
LEO_mieczyslaw-wender,Prof. Dr. Mieczysław Wender,1976,"Posen, Poland Election year 1976","Posen, Poland"
LEO_mstislav-v-volkov,Prof. Dr. Mstislav V. Volkov,1976,"Moskau, Russian Federation Election year 1976","Moskau, Russian Federation"
LEO_paul-schoelmerich,Prof. Dr. Paul Schölmerich,1976,"Mainz, Germany Election year 1976","Mainz, Germany"
LEO_yutaka-sano,Prof. Dr. Yutaka Sano,1976,"Kyoto, Japan Election year 1976","Kyoto, Japan"
LEO_ernst-kern,Prof. Dr. Ernst Kern,1977,"Würzburg, Germany Election year 1977","Würzburg, Germany"
LEO_hanns-hippius,Prof. Dr. Hanns Hippius,1977,"Untershofen-Söchtenau, Germany Election year 1977","Untershofen-Söchtenau, Germany"
LEO_manfred-tost,Prof. Dr. Manfred Tost,1977,"Halle (Saale), Germany Election year 1977","Halle (Saale), Germany"
LEO_michel-jaubert-de-beaujeu,Prof. Dr. Michel Jaubert de Beaujeu,1977,"Lyon, France Election year 1977","Lyon, France"
LEO_vladimir-zvara,Prof. Dr. Vladimir Zvara,1977,"Bratislava-Kramáre, Slovakia Election year 1977","Bratislava-Kramáre, Slovakia"
LEO_zdenek-lodin,Prof. Dr. Zdenék Lodin,1977,"Prag, Czechia Election year 1977","Prag, Czechia"
LEO_alois-stacher,Prof. Dr. Alois Stacher,1978,"Wien, Austria Election year 1978","Wien, Austria"
LEO_erol-dueren,Prof. Dr. Erol Düren,1978,"Istanbul, Türkiye Election year 1978","Istanbul, Türkiye"
LEO_ole-wasz-hoeckert,Prof. Dr. Ole Wasz-Höckert,1978,"Helsinki, Finland Election year 1978","Helsinki, Finland"
LEO_sakari-timonen,Prof. Dr. Sakari Timonen,1978,"Helsinki, Finland Election year 1978","Helsinki, Finland"
LEO_wilhelm-oelssner,Prof. Dr. Wilhelm Oelßner,1978,"Leipzig, Germany Election year 1978","Leipzig, Germany"
LEO_ikuo-ishiyama,Professor Dr Ikuo Ishiyama,1978,"Saitama, Japan Election year 1978","Saitama, Japan"
LEO_christian-nezelof,Prof. Dr. Christian Nezelof,1979,"Paris, France Election year 1979","Paris, France"
LEO_hans-thoenen,Prof. Dr. Hans Thoenen,1979,"Martinsried, Germany Election year 1979","Martinsried, Germany"
LEO_hugo-l-obwegeser,Prof. Dr. Hugo L. Obwegeser,1979,"Schwerzenbach, Switzerland Election year 1979","Schwerzenbach, Switzerland"
LEO_jacob-karl-frenkel,Prof. Dr. Jacob Karl Frenkel,1979,"Santa Fe, NM, United States Election year 1979","Santa Fe, NM, United States"
LEO_kurt-arbeiter,Prof. Dr. Kurt Arbeiter,1979,"Wien, Austria Election year 1979","Wien, Austria"
LEO_robert-m-frank,Prof. Dr. Robert M. Frank,1979,"Strasbourg, France Election year 1979","Strasbourg, France"
LEO_rudolf-manfred-schmidt,Prof. Dr. Rudolf Manfred Schmidt,1979,"Halle (Saale), Germany Election year 1979","Halle (Saale), Germany"
LEO_friedrich-ernst-stieve,Prof. Dr. Friedrich-Ernst Stieve,1980,"München, Germany Election year 1980","München, Germany"
LEO_theodor-hiepe,Prof. Dr. Theodor Hiepe,1980,"Berlin, Germany Election year 1980","Berlin, Germany"
LEO_werner-janzarik,Prof. Dr. Werner Janzarik,1980,"Heidelberg, Germany Election year 1980","Heidelberg, Germany"
LEO_wolfgang-gerok,Prof. Dr. Wolfgang Gerok,1980,"Freiburg (Br.), Germany Election year 1980","Freiburg (Br.), Germany"
LEO_gerd-klaus-steigleder,Prof. Dr. med. Dr. med. h.c. Gerd Klaus Steigleder,1980,"Köln, Germany Election year 1980","Köln, Germany"
LEO_gerhard-seifert,Prof. Dr. Gerhard Seifert,1981,"Hamburg, Germany Election year 1981","Hamburg, Germany"
LEO_hans-georg-schwarzacher,Prof. Dr. Hans Georg Schwarzacher,1981,"Wien, Austria Election year 1981","Wien, Austria"
LEO_hans-haller,Prof. Dr. Hans Haller,1981,"Dresden, Germany Election year 1981","Dresden, Germany"
LEO_hellmuth-petsche,Prof. Dr. Hellmuth Petsche,1981,"Wien, Austria Election year 1981","Wien, Austria"
LEO_walter-siegenthaler,Prof. Dr. Walter Siegenthaler,1981,"Zürich, Switzerland Election year 1981","Zürich, Switzerland"
LEO_otto-h-wolff,Otto H. Wolff,1982,"London, United Kingdom Election year 1982","London, United Kingdom"
LEO_dieter-lohmann,Prof. Dr. Dieter Lohmann,1982,"Leipzig, Germany Election year 1982","Leipzig, Germany"
LEO_fritz-kuemmerle,Prof. Dr. Fritz Kümmerle,1982,"Mainz, Germany Election year 1982","Mainz, Germany"
LEO_hans-juergen-eichhorn,Prof. Dr. Hans-Jürgen Eichhorn,1982,"Berlin, Germany Election year 1982","Berlin, Germany"
LEO_helmut-koch,Prof. Dr. Helmut Koch,1982,"Schweinfurt, Germany Election year 1982","Schweinfurt, Germany"
LEO_marian-truszczynski,Prof. Dr. Marian Truszczynski,1982,"Puławy, Poland Election year 1982","Puławy, Poland"
LEO_urs-w-schnyder,Prof. Dr. Urs W. Schnyder,1982,"Zürich, Switzerland Election year 1982","Zürich, Switzerland"
LEO_ehrig-lange,Ehrig Lange,1983,"Dresden, Germany Election year 1983","Dresden, Germany"
LEO_bertalan-csillik,Prof. Dr. Bertalan Csillik,1983,"Szeged, Hungary Election year 1983","Szeged, Hungary"
LEO_erich-muscholl,Prof. Dr. Erich Muscholl,1983,"Mainz, Germany Election year 1983","Mainz, Germany"
LEO_reinhold-schwarz,Prof. Dr. Reinhold Schwarz,1983,"Rostock, Germany Election year 1983","Rostock, Germany"
LEO_tibor-l-vizkelety,Prof. Dr. Tibor L. Vizkelety,1983,"Budapest, Hungary Election year 1983","Budapest, Hungary"
LEO_vince-varro,Professor Dr Vince Varró,1983,"Szeged, Hungary Election year 1983","Szeged, Hungary"
LEO_lothar-cossel,Lothar Cossel,1984,"Leipzig, Germany Election year 1984","Leipzig, Germany"
LEO_dietrich-plester,Prof. Dr. Dietrich Plester,1984,"Tübingen, Germany Election year 1984","Tübingen, Germany"
LEO_j-heinrich-holzner,Prof. Dr. J. Heinrich Holzner,1984,"Wien, Austria Election year 1984","Wien, Austria"
LEO_klaus-riegel,Prof. Dr. Klaus Riegel,1984,"München, Germany Election year 1984","München, Germany"
LEO_klaus-wolff,Prof. Dr. Klaus Wolff,1984,"Wien, Austria Election year 1984","Wien, Austria"
LEO_mario-sangiorgi,Prof. Dr. Mario Sangiorgi,1984,"Rom, Italy Election year 1984","Rom, Italy"
LEO_otto-erich-lund,Prof. Dr. Otto-Erich Lund,1984,"München, Germany Election year 1984","München, Germany"
LEO_ruediger-thalmann,Prof. Dr. Rüdiger Thalmann,1984,"St. Louis, MO, United States Election year 1984","St. Louis, MO, United States"
LEO_theodor-nasemann,Prof. Dr. Theodor Nasemann,1984,"Bernried, Germany Election year 1984","Bernried, Germany"
LEO_eberhard-buchborn,Eberhard Buchborn,1985,"Grünwald, Germany Election year 1985","Grünwald, Germany"
LEO_enno-christophers,Prof. Dr. Enno Christophers,1985,"Kiel, Germany Election year 1985","Kiel, Germany"
LEO_frederick-a-murphy,Prof. Dr. Frederick A. Murphy,1985,"Galveston, TX, United States Election year 1985","Galveston, TX, United States"
LEO_gottfried-benad,Prof. Dr. Gottfried Benad,1985,"Beselin, Germany Election year 1985","Beselin, Germany"
LEO_guy-delorme,Prof. Dr. Guy Delorme,1985,"Mérignac, France Election year 1985","Mérignac, France"
LEO_johannes-w-rohen,Prof. Dr. Johannes W. Rohen,1985,"Erlangen, Germany Election year 1985","Erlangen, Germany"
LEO_otto-mayrhofer,Prof. Dr. Otto Mayrhofer,1985,"Wien, Austria Election year 1985","Wien, Austria"
LEO_rudolf-kloeti,Prof. Dr. Rudolf Klöti,1985,"Zürich, Switzerland Election year 1985","Zürich, Switzerland"
LEO_michail-s-davidoff,Professor Dr Michail S. Davidoff,1985,"Hamburg, Germany Election year 1985","Hamburg, Germany"
LEO_eduard-gitsch,Prof. Dr. Eduard Gitsch,1986,"Wien, Austria Election year 1986","Wien, Austria"
LEO_ekkehard-grundmann,Prof. Dr. Ekkehard Grundmann,1986,"Münster, Germany Election year 1986","Münster, Germany"
LEO_enno-kleihauer,Prof. Dr. Enno Kleihauer,1986,"Weißenhorn, Germany Election year 1986","Weißenhorn, Germany"
LEO_fritz-taege,Prof. Dr. Fritz Taege,1986,"Halle (Saale), Germany Election year 1986","Halle (Saale), Germany"
LEO_hans-georg-borst,Prof. Dr. Hans-Georg Borst,1986,"München, Germany Election year 1986","München, Germany"
LEO_salvatore-auricchio,Prof. Dr. Salvatore Auricchio,1986,"Neapel, Italy Election year 1986","Neapel, Italy"
LEO_horst-klinkmann,Professor Dr Horst Klinkmann,1986,"Rostock, Germany Election year 1986","Rostock, Germany"
LEO_andre-aeschlimann,Prof. Dr. André Aeschlimann,1987,"Rochefort, Switzerland Election year 1987","Rochefort, Switzerland"
LEO_friedrich-stelzner,Prof. Dr. Friedrich Stelzner,1987,"Bonn, Germany Election year 1987","Bonn, Germany"
LEO_hans-lauter,Prof. Dr. Hans Lauter,1987,"München, Germany Election year 1987","München, Germany"
LEO_hans-rorsman,Prof. Dr. Hans Rorsman,1987,"Lund, Sweden Election year 1987","Lund, Sweden"
LEO_heiner-greten,Prof. Dr. Heiner Greten,1987,"Hamburg, Germany Election year 1987","Hamburg, Germany"
LEO_horst-koeditz,Prof. Dr. Horst Köditz,1987,"Magdeburg, Germany Election year 1987","Magdeburg, Germany"
LEO_juergen-w-spranger,Prof. Dr. Jürgen W. Spranger,1987,"Mainz, Germany Election year 1987","Mainz, Germany"
LEO_koichi-shimizu,Prof. Dr. Koichi Shimizu,1987,"Tokio, Japan Election year 1987","Tokio, Japan"
LEO_lothar-jaeger,Prof. Dr. Lothar Jäger,1987,"Jena, Germany Election year 1987","Jena, Germany"
LEO_michel-portmann,Prof. Dr. Michel Portmann,1987,"Bordeaux, France Election year 1987","Bordeaux, France"
LEO_peter-c-scriba,Prof. Dr. Peter C. Scriba,1987,"München, Germany Election year 1987","München, Germany"
LEO_rudolf-bauer,Prof. Dr. Rudolf Bauer,1987,"Mils, Austria Election year 1987","Mils, Austria"
LEO_werner-janssen,Prof. Dr. Werner Janssen,1987,"Hamburg, Germany Election year 1987","Hamburg, Germany"
LEO_arnulf-fritsch,Prof. Dr. Arnulf Fritsch,1988,"Wien, Austria Election year 1988","Wien, Austria"
LEO_dankwart-stiller,Prof. Dr. Dankwart Stiller,1988,"Halle (Saale), Germany Election year 1988","Halle (Saale), Germany"
LEO_felix-largiader,Prof. Dr. Felix Largiadèr,1988,"Erlenbach, Switzerland Election year 1988","Erlenbach, Switzerland"
LEO_hans-dierck-waller,Prof. Dr. Hans Dierck Waller,1988,"Tübingen, Germany Election year 1988","Tübingen, Germany"
LEO_johannes-eckert,Prof. Dr. Johannes Eckert,1988,"Zürich, Switzerland Election year 1988","Zürich, Switzerland"
LEO_niels-soennichsen,Prof. Dr. Niels Sönnichsen,1988,"Berlin, Germany Election year 1988","Berlin, Germany"
LEO_werner-schroeter,Prof. Dr. Werner Schröter,1988,"Göttingen, Germany Election year 1988","Göttingen, Germany"
LEO_heinz-haefner,Prof. Dr. Dr. Heinz Häfner,1989,"Heidelberg, Germany Election year 1989","Heidelberg, Germany"
LEO_erkki-koivisto,Prof. Dr. Erkki Koivisto,1989,"Tampere, Finland Election year 1989","Tampere, Finland"
LEO_eugen-weiss,Prof. Dr. Eugen Weiss,1989,"Gießen, Germany Election year 1989","Gießen, Germany"
LEO_hiroaki-ueki,Prof. Dr. Hiroaki Ueki,1989,"Okayama, Japan Election year 1989","Okayama, Japan"
LEO_kurt-kochsiek,Prof. Dr. Kurt Kochsiek,1989,"Würzburg, Germany Election year 1989","Würzburg, Germany"
LEO_leopold-g-koss,Prof. Dr. Leopold G. Koss,1989,"New York, NY, United States Election year 1989","New York, NY, United States"
LEO_malte-e-wigand,Prof. Dr. Malte E. Wigand,1989,"Nürnberg, Germany Election year 1989","Nürnberg, Germany"
LEO_michael-trede,Prof. Dr. Michael Trede,1989,"Mannheim, Germany Election year 1989","Mannheim, Germany"
LEO_eric-r-kandel,Professor Dr Eric R. Kandel,1989,"New York, NY, United States Election year 1989","New York, NY, United States"
LEO_hermann-hepp,Professor Dr Hermann Hepp,1989,"Buch am Ammersee, Germany Election year 1989","Buch am Ammersee, Germany"
LEO_philipp-u-heitz,Professor Dr Philipp U. Heitz,1989,"Au, Switzerland Election year 1989","Au, Switzerland"
LEO_dame-jane-goodall,Dr Dame Jane Goodall,1990,"Hants, United Kingdom Election year 1990","Hants, United Kingdom"
LEO_hans-g-beger,Prof. Dr. Hans G. Beger,1990,"Ulm, Germany Election year 1990","Ulm, Germany"
LEO_horst-stoeckel,Prof. Dr. Horst Stoeckel,1990,"Bonn, Germany Election year 1990","Bonn, Germany"
LEO_stephan-perren,Prof. Dr. Stephan Perren,1990,"Davos, Switzerland Election year 1990","Davos, Switzerland"
LEO_bernd-brinkmann,Prof. Dr. Bernd Brinkmann,1991,"Münster, Germany Election year 1991","Münster, Germany"
LEO_christian-herfarth,Prof. Dr. Christian Herfarth,1991,"Heidelberg, Germany Election year 1991","Heidelberg, Germany"
LEO_ernst-wolner,Prof. Dr. Ernst Wolner,1991,"Wien, Austria Election year 1991","Wien, Austria"
LEO_hubert-moerl,Prof. Dr. Hubert Mörl,1991,"Bammental, Germany Election year 1991","Bammental, Germany"
LEO_jacques-j-diebold,Prof. Dr. Jacques J. Diebold,1991,"Paris, France Election year 1991","Paris, France"
LEO_johannes-klammt,Prof. Dr. Johannes Klammt,1991,"Schwerin, Germany Election year 1991","Schwerin, Germany"
LEO_lothar-pelz,Prof. Dr. Lothar Pelz,1991,"Rostock, Germany Election year 1991","Rostock, Germany"
LEO_werner-linss,Prof. Dr. Werner Linß,1991,"Jena, Germany Election year 1991","Jena, Germany"
LEO_helmut-remschmidt,Professor Dr Helmut Remschmidt,1991,"Marburg, Germany Election year 1991","Marburg, Germany"
LEO_meinhard-classen,Professor Dr Meinhard Classen,1991,"München, Germany Election year 1991","München, Germany"
LEO_paul-c-lauterbur,Paul C. Lauterbur,1992,"Chicago, United States Election year 1992","Chicago, United States"
LEO_hans-slezak,Prof. Dr. Hans Slezak,1992,"Wien, Austria Election year 1992","Wien, Austria"
LEO_klaus-peter,Prof. Dr. Klaus Peter,1992,"München, Germany Election year 1992","München, Germany"
LEO_konrad-beyreuther,Prof. Dr. Konrad Beyreuther,1992,"Heidelberg, Germany Election year 1992","Heidelberg, Germany"
LEO_miklos-miltenyi,Prof. Dr. Miklós Miltényi,1992,"Budapest, Hungary Election year 1992","Budapest, Hungary"
LEO_robert-fischer,Prof. Dr. Robert Fischer,1992,"Köln, Germany Election year 1992","Köln, Germany"
LEO_ulrich-pfeifer,Prof. Dr. Ulrich Pfeifer,1992,"Bonn, Germany Election year 1992","Bonn, Germany"
LEO_klaus-unsicker,Professor Dr Klaus Unsicker,1992,"Freiburg (Br.), Germany Election year 1992","Freiburg (Br.), Germany"
LEO_detlef-petzoldt,Prof. Dr. Detlef Petzoldt,1993,"Heidelberg, Germany Election year 1993","Heidelberg, Germany"
LEO_ernst-poeppel,Prof. Dr. Ernst Pöppel,1993,"München, Germany Election year 1993","München, Germany"
LEO_francis-a-waldvogel,Prof. Dr. Francis A. Waldvogel,1993,"Genf, Switzerland Election year 1993","Genf, Switzerland"
LEO_hanfried-helmchen,Prof. Dr. Hanfried Helmchen,1993,"Berlin, Germany Election year 1993","Berlin, Germany"
LEO_juergen-van-de-loo,Prof. Dr. Jürgen van de Loo,1993,"Münster, Germany Election year 1993","Münster, Germany"
LEO_rudolf-cohen,Prof. Dr. Rudolf Cohen,1993,"München, Germany Election year 1993","München, Germany"
LEO_sir-colin-berry,Prof. Dr. Sir Colin Berry,1993,"London, United Kingdom Election year 1993","London, United Kingdom"
LEO_detlev-ganten,Professor Dr Detlev Ganten,1993,"Berlin, Germany Election year 1993","Berlin, Germany"
LEO_joerg-ruediger-siewert,Professor Dr Jörg Rüdiger Siewert,1993,"Heidelberg, Germany Election year 1993","Heidelberg, Germany"
LEO_eberhard-stennert,Prof. Dr. Eberhard Stennert,1994,"Köln, Germany Election year 1994","Köln, Germany"
LEO_hans-konrad-mueller-hermelink,Prof. Dr. Hans Konrad Müller-Hermelink,1994,"Lübeck, Germany Election year 1994","Lübeck, Germany"
LEO_helene-matras,Prof. Dr. Helene Matras,1994,"Wien, Austria Election year 1994","Wien, Austria"
LEO_hubert-e-blum,Prof. Dr. Hubert E. Blum,1994,"Freiburg (Br.), Germany Election year 1994","Freiburg (Br.), Germany"
LEO_georg-stingl,Professor Dr Georg Stingl,1994,"Wien, Austria Election year 1994","Wien, Austria"
LEO_michael-frotscher,Prof. Dr. Michael Frotscher,1995,"Freiburg (Br.), Germany Election year 1995","Freiburg (Br.), Germany"
LEO_pekka-juhani-saukko,Prof. Dr. Pekka Juhani Saukko,1995,"Turku, Finland Election year 1995","Turku, Finland"
LEO_peter-von-wichert,Prof. Dr. Peter von Wichert,1995,"Hamburg, Germany Election year 1995","Hamburg, Germany"
LEO_rudolf-happle,Prof. Dr. Rudolf Happle,1995,"Marburg, Germany Election year 1995","Marburg, Germany"
LEO_wolfgang-eisenmenger,Prof. Dr. Wolfgang Eisenmenger,1995,"München, Germany Election year 1995","München, Germany"
LEO_d-yves-von-cramon,Prof. Dr. D. Yves von Cramon,1996,"Leipzig, Germany Election year 1996","Leipzig, Germany"
LEO_erwin-schoepf,Prof. Dr. Erwin Schöpf,1996,"Freiburg (Br.), Germany Election year 1996","Freiburg (Br.), Germany"
LEO_hans-joachim-freund-1,Prof. Dr. Hans-Joachim Freund,1996,"Ratingen, Germany Election year 1996","Ratingen, Germany"
LEO_hubert-e-schroeder,Prof. Dr. Hubert E. Schroeder,1996,"Opfikon, Switzerland Election year 1996","Opfikon, Switzerland"
LEO_jan-helms,Prof. Dr. Jan Helms,1996,"Würzburg, Germany Election year 1996","Würzburg, Germany"
LEO_jan-l-breslow,Prof. Dr. Jan L. Breslow,1996,"New York, NY, United States Election year 1996","New York, NY, United States"
LEO_johannes-dichgans,Prof. Dr. Johannes Dichgans,1996,"Tübingen, Germany Election year 1996","Tübingen, Germany"
LEO_karlheinz-bauch,Prof. Dr. Karlheinz Bauch,1996,"Chemnitz, Germany Election year 1996","Chemnitz, Germany"
LEO_klaus-lechner,Prof. Dr. Klaus Lechner,1996,"Wien, Austria Election year 1996","Wien, Austria"
LEO_thomas-herrmann,Prof. Dr. Thomas Herrmann,1996,"Dresden, Germany Election year 1996","Dresden, Germany"
LEO_wilhelm-thal,Prof. Dr. Wilhelm Thal,1996,"Zerbst, Germany Election year 1996","Zerbst, Germany"
LEO_eberhart-zrenner,Prof Dr Eberhart Zrenner,1997,"Tübingen, Germany Election year 1997","Tübingen, Germany"
LEO_hermann-f-sailer,Prof. Dr. Hermann F. Sailer,1997,"Zürich, Switzerland Election year 1997","Zürich, Switzerland"
LEO_juergen-kraemer,Prof. Dr. Jürgen Krämer,1997,"Bochum, Germany Election year 1997","Bochum, Germany"
LEO_per-brandtzaeg,Prof. Dr. Per Brandtzaeg,1997,"Oslo, Norway Election year 1997","Oslo, Norway"
LEO_stefan-pollak,Prof. Dr. Stefan Pollak,1997,"Freiburg (Br.), Germany Election year 1997","Freiburg (Br.), Germany"
LEO_wolfgang-kuenzel,Prof. Dr. Wolfgang Künzel,1997,"Gießen, Germany Election year 1997","Gießen, Germany"
LEO_yoshiki-hiki,Prof. em. Dr. Yoshiki Hiki,1997,"Tokio, Japan Election year 1997","Tokio, Japan"
LEO_karl-zilles,Professor Dr Karl Zilles,1997,"Jülich, Germany Election year 1997","Jülich, Germany"
LEO_thomas-krieg,Professor Dr Thomas Krieg,1997,"Köln, Germany Election year 1997","Köln, Germany"
LEO_walter-baer,Professor Dr Walter Bär,1997,"Zürich, Switzerland Election year 1997","Zürich, Switzerland"
LEO_bernd-herrmann,Prof. Dr. Bernd Herrmann,1998,"Göttingen, Germany Election year 1998","Göttingen, Germany"
LEO_johannes-schubert,Prof. Dr. Dr. Johannes Schubert,1998,"Halle (Saale), Germany Election year 1998","Halle (Saale), Germany"
LEO_fritz-a-henn,Prof. Dr. Fritz A. Henn,1998,"Cold Spring Harbor, NY, United States Election year 1998","Cold Spring Harbor, NY, United States"
LEO_gottfried-o-h-naumann,Prof. Dr. Gottfried O. H. Naumann,1998,"Erlangen, Germany Election year 1998","Erlangen, Germany"
LEO_guenter-burg,Prof. Dr. Günter Burg,1998,"Maur ZH, Switzerland Election year 1998","Maur ZH, Switzerland"
LEO_hans-wolfram-neumann,Prof. Dr. Hans Wolfram Neumann,1998,"Magdeburg, Germany Election year 1998","Magdeburg, Germany"
LEO_helmut-denk,Prof. Dr. Helmut Denk,1998,"Graz, Austria Election year 1998","Graz, Austria"
LEO_henning-beier,Prof. Dr. Henning Beier,1998,"Aachen, Germany Election year 1998","Aachen, Germany"
LEO_holger-martens,Prof. Dr. Holger Martens,1998,"Berlin, Germany Election year 1998","Berlin, Germany"
LEO_jochen-schulte-am-esch,Prof. Dr. Jochen Schulte am Esch,1998,"Hamburg, Germany Election year 1998","Hamburg, Germany"
LEO_martin-schmidt,Prof. Dr. Martin Schmidt,1998,"Schriesheim, Germany Election year 1998","Schriesheim, Germany"
LEO_michael-molls,Prof. Dr. Michael Molls,1998,"München, Germany Election year 1998","München, Germany"
LEO_paul-kleihues,Prof. Dr. Paul Kleihues,1998,"Zürich, Switzerland Election year 1998","Zürich, Switzerland"
LEO_wolfram-h-knapp,Prof. Dr. Wolfram H. Knapp,1998,"Hannover, Germany Election year 1998","Hannover, Germany"
LEO_rolf-w-guenther,Professor D Rolf W. Günther,1998,"Aachen, Germany Election year 1998","Aachen, Germany"
LEO_hans-peter-zenner,Professor Dr Hans-Peter Zenner,1998,"Tübingen, Germany Election year 1998","Tübingen, Germany"
LEO_wolf-singer,Professor Dr Wolf Singer,1998,"Frankfurt am Main, Germany Election year 1998","Frankfurt am Main, Germany"
LEO_carl-joachim-wirth,Prof. Dr. Carl Joachim Wirth,1999,"Isernhagen KB, Germany Election year 1999","Isernhagen KB, Germany"
LEO_daniel-van-steenberghe,Prof. Dr. Daniel van Steenberghe,1999,"Brüssel, Belgium Election year 1999","Brüssel, Belgium"
LEO_florian-holsboer,Prof. Dr. Dr. Florian Holsboer,1999,"München, Germany Election year 1999","München, Germany"
LEO_friedrich-wilhelm-mohr,Prof. Dr. Friedrich-Wilhelm Mohr,1999,"Leipzig, Germany Election year 1999","Leipzig, Germany"
LEO_gunther-bastert,Prof. Dr. Gunther Bastert,1999,"Heidelberg, Germany Election year 1999","Heidelberg, Germany"
LEO_guenter-stein,Prof. Dr. Günter Stein,1999,"Jena, Germany Election year 1999","Jena, Germany"
LEO_hans-peter-bruch,Prof. Dr. Hans-Peter Bruch,1999,"Lübeck, Germany Election year 1999","Lübeck, Germany"
LEO_hartwig-bostedt,Prof. Dr. Hartwig Bostedt,1999,"Gießen, Germany Election year 1999","Gießen, Germany"
LEO_heinz-hoefler,Prof. Dr. Heinz Höfler,1999,"München, Germany Election year 1999","München, Germany"
LEO_heinz-waessle,Prof. Dr. Heinz Wässle,1999,"Frankfurt am Main, Germany Election year 1999","Frankfurt am Main, Germany"
LEO_karl-juergen-wolf,Prof. Dr. Karl-Jürgen Wolf,1999,"Berlin, Germany Election year 1999","Berlin, Germany"
LEO_peter-diedrich,Prof. Dr. Peter Diedrich,1999,"Essen, Germany Election year 1999","Essen, Germany"
LEO_reinhard-putz,Prof. Dr. Reinhard Putz,1999,"München, Germany Election year 1999","München, Germany"
LEO_wolf-dieter-heiss,Prof. Dr. Wolf-Dieter Heiss,1999,"Köln, Germany Election year 1999","Köln, Germany"
LEO_wolf-georg-forssmann,Prof. Dr. Wolf-Georg Forssmann,1999,"Hannover, Germany Election year 1999","Hannover, Germany"
LEO_guenter-kloeppel,Professor Dr Günter Klöppel,1999,"Kiel, Germany Election year 1999","Kiel, Germany"
LEO_joachim-moessner,Professor Dr Joachim Mössner,1999,"Leipzig, Germany Election year 1999","Leipzig, Germany"
LEO_karl-werdan,Professor Dr Karl Werdan,1999,"Halle (Saale), Germany Election year 1999","Halle (Saale), Germany"
LEO_michael-bamberg,Professor Dr Michael Bamberg,1999,"Tübingen, Germany Election year 1999","Tübingen, Germany"
LEO_ole-petter-ottersen,Professor Dr Ole Petter Ottersen,1999,"Stockholm, Sweden Election year 1999","Stockholm, Sweden"
LEO_brigitte-rockstroh,Prof. Dr. Brigitte Rockstroh,2000,"Konstanz, Germany Election year 2000","Konstanz, Germany"
LEO_christian-lindqvist,Prof. Dr. Christian Lindqvist,2000,"Helsinki, Finland Election year 2000","Helsinki, Finland"
LEO_christoph-reiners,Prof. Dr. Christoph Reiners,2000,"Würzburg, Germany Election year 2000","Würzburg, Germany"
LEO_eckhard-wolf,Prof. Dr. Eckhard Wolf,2000,"München, Germany Election year 2000","München, Germany"
LEO_elmar-peschke,Prof. Dr. Elmar Peschke,2000,"Halle (Saale), Germany Election year 2000","Halle (Saale), Germany"
LEO_hans-f-merk,Prof. Dr. Hans F. Merk,2000,"Aachen, Germany Election year 2000","Aachen, Germany"
LEO_hans-detlev-saeger,Prof. Dr. Hans-Detlev Saeger,2000,"Dresden, Germany Election year 2000","Dresden, Germany"
LEO_horst-aspoeck,Prof. Dr. Horst Aspöck,2000,"Wien, Austria Election year 2000","Wien, Austria"
LEO_reinhard-graf,Prof. Dr. Reinhard Graf,2000,"Stolzalpe, Austria Election year 2000","Stolzalpe, Austria"
LEO_thomas-brandt,Prof. Dr. Thomas Brandt,2000,"München, Germany Election year 2000","München, Germany"
LEO_volker-diehl,Prof. Dr. Volker Diehl,2000,"Berlin, Germany Election year 2000","Berlin, Germany"
LEO_wolfgang-maier,Prof. Dr. Wolfgang Maier,2000,"Bonn, Germany Election year 2000","Bonn, Germany"
LEO_wolfram-sterry,Prof. Dr. Wolfram Sterry,2000,"Berlin, Germany Election year 2000","Berlin, Germany"
LEO_norbert-suttorp,Professor Dr Norbert Suttorp,2000,"Berlin, Germany Election year 2000","Berlin, Germany"
LEO_thomas-c-mettenleiter,Professor Dr Thomas C. Mettenleiter,2000,"Insel Riems, Germany Election year 2000","Insel Riems, Germany"
LEO_werner-seeger,Professor Dr Werner Seeger,2000,"Gießen, Germany Election year 2000","Gießen, Germany"
LEO_alexander-berghaus,Prof. Dr. Alexander Berghaus,2001,"München, Germany Election year 2001","München, Germany"
LEO_arthur-konnerth,Prof. Dr. Arthur Konnerth,2001,"München, Germany Election year 2001","München, Germany"
LEO_detlev-drenckhahn,Prof. Dr. Detlev Drenckhahn,2001,"Würzburg, Germany Election year 2001","Würzburg, Germany"
LEO_felix-unger,Prof. Dr. Felix Unger,2001,"Salzburg, Austria Election year 2001","Salzburg, Austria"
LEO_gerhard-opelz,Prof. Dr. Gerhard Opelz,2001,"Heidelberg, Germany Election year 2001","Heidelberg, Germany"
LEO_gernot-duncker,Prof. Dr. Gernot Duncker,2001,"Halle (Saale), Germany Election year 2001","Halle (Saale), Germany"
LEO_hans-gert-struck,Prof. Dr. Hans Gert Struck,2001,"Halle (Saale), Germany Election year 2001","Halle (Saale), Germany"
LEO_hans-kaercher,Prof. Dr. Hans Kärcher,2001,"Graz, Austria Election year 2001","Graz, Austria"
LEO_klaus-ruediger-trott,Prof. Dr. Klaus-Rüdiger Trott,2001,"Gmund, Germany Election year 2001","Gmund, Germany"
LEO_martin-e-schwab,Prof. Dr. Martin E. Schwab,2001,"Zürich, Switzerland Election year 2001","Zürich, Switzerland"
LEO_matthias-brandis,Prof. Dr. Matthias Brandis,2001,"Freiburg (Br.), Germany Election year 2001","Freiburg (Br.), Germany"
LEO_michael-landthaler,Prof. Dr. Michael Landthaler,2001,"Regensburg, Germany Election year 2001","Regensburg, Germany"
LEO_peter-jonas,Prof. Dr. Peter Jonas,2001,"Klosterneuburg, Austria Election year 2001","Klosterneuburg, Austria"
LEO_reinhard-pabst,Prof. Dr. Reinhard Pabst,2001,"Hannover, Germany Election year 2001","Hannover, Germany"
LEO_rolf-sauer,Prof. Dr. Rolf Sauer,2001,"Bräuningshof, Germany Election year 2001","Bräuningshof, Germany"
LEO_thomas-a-luger,Prof. Dr. Thomas A. Luger,2001,"Münster, Germany Election year 2001","Münster, Germany"
LEO_udo-loehrs,Prof. Dr. Udo Löhrs,2001,"München, Germany Election year 2001","München, Germany"
LEO_volker-ewerbeck,Prof. Dr. Volker Ewerbeck,2001,"Heidelberg, Germany Election year 2001","Heidelberg, Germany"
LEO_wieland-b-huttner,Prof. Dr. Wieland B. Huttner,2001,"Dresden, Germany Election year 2001","Dresden, Germany"
LEO_wolfgang-gaebel,Prof. Dr. Wolfgang Gaebel,2001,"Düsseldorf, Germany Election year 2001","Düsseldorf, Germany"
LEO_zoltan-papp,Prof. Dr. Zoltán Papp,2001,"Budapest, Hungary Election year 2001","Budapest, Hungary"
LEO_adriano-aguzzi,Professor Dr Adriano Aguzzi,2001,"Zürich, Switzerland Election year 2001","Zürich, Switzerland"
LEO_bodo-christ,Professor Dr Bodo Christ,2001,"Freiburg (Br.), Germany Election year 2001","Freiburg (Br.), Germany"
LEO_hans-georg-bender,Professor Dr Hans Georg Bender,2001,"Düsseldorf, Germany Election year 2001","Düsseldorf, Germany"
LEO_harald-schicha,Professor Dr Harald Schicha,2001,"Köln, Germany Election year 2001","Köln, Germany"
LEO_klaus-hoeffken,Professor Dr Klaus Höffken,2001,"Düsseldorf, Germany Election year 2001","Düsseldorf, Germany"
LEO_klaus-michael-debatin,Professor Dr Klaus-Michael Debatin,2001,"Ulm, Germany Election year 2001","Ulm, Germany"
LEO_otmar-d-wiestler,Professor Dr Otmar D. Wiestler,2001,"Berlin, Germany Election year 2001","Berlin, Germany"
LEO_wolfgang-holzgreve,Professor Dr Wolfgang Holzgreve,2001,"Bonn, Germany Election year 2001","Bonn, Germany"
LEO_wolfgang-kummer,Professor Dr Wolfgang Kummer,2001,"Gießen, Germany Election year 2001","Gießen, Germany"
LEO_tamas-f-freund,Professor Tamás F. Freund,2001,"Budapest, Hungary Election year 2001","Budapest, Hungary"
LEO_detlef-schloendorff,Prof. Dr. Detlef Schlöndorff,2002,"New York, NY, United States Election year 2002","New York, NY, United States"
LEO_friedrich-c-luft,Prof. Dr. Friedrich C. Luft,2002,"Berlin, Germany Election year 2002","Berlin, Germany"
LEO_gerard-keck,Prof. Dr. Gérard Keck,2002,"Marcy l'Etoile, France Election year 2002","Marcy l'Etoile, France"
LEO_leo-brunnberg,Prof. Dr. Leo Brunnberg,2002,"Berlin, Germany Election year 2002","Berlin, Germany"
LEO_manfred-thelen,Prof. Dr. Manfred Thelen,2002,"Mainz, Germany Election year 2002","Mainz, Germany"
LEO_matthias-rothmund,Prof. Dr. Matthias Rothmund,2002,"Marburg, Germany Election year 2002","Marburg, Germany"
LEO_peter-m-schlag,Prof. Dr. Peter M. Schlag,2002,"Berlin, Germany Election year 2002","Berlin, Germany"
LEO_werner-a-scherbaum,Prof. Dr. Werner A. Scherbaum,2002,"Düsseldorf, Germany Election year 2002","Düsseldorf, Germany"
LEO_dieter-haeussinger,Professor Dr Dieter Häussinger,2002,"Düsseldorf, Germany Election year 2002","Düsseldorf, Germany"
LEO_eva-bettina-broecker,Professor Dr Eva-Bettina Bröcker,2002,"Würzburg, Germany Election year 2002","Würzburg, Germany"
LEO_georg-ertl,Professor Dr Georg Ertl,2002,"Würzburg, Germany Election year 2002","Würzburg, Germany"
LEO_hartmut-wekerle,Professor Dr Hartmut Wekerle,2002,"Planegg-Martinsried, Germany Election year 2002","Planegg-Martinsried, Germany"
LEO_henning-dralle,Professor Dr Henning Dralle,2002,"Halle (Saale), Germany Election year 2002","Halle (Saale), Germany"
LEO_joachim-r-kalden,Professor Dr Joachim R. Kalden,2002,"Erlangen, Germany Election year 2002","Erlangen, Germany"
LEO_juergen-knop,Professor Dr Jürgen Knop,2002,"Mainz, Germany Election year 2002","Mainz, Germany"
LEO_karsten-fehlhaber,Professor Dr Karsten Fehlhaber,2002,"Leipzig, Germany Election year 2002","Leipzig, Germany"
LEO_michael-peter-manns,Professor Dr Michael Peter Manns,2002,"Hannover, Germany Election year 2002","Hannover, Germany"
LEO_thomas-bieber,Professor Dr Thomas Bieber,2002,"Bonn, Germany Election year 2002","Bonn, Germany"
LEO_werner-hohenberger,Professor Dr Werner Hohenberger,2002,"Erlangen, Germany Election year 2002","Erlangen, Germany"
LEO_andrea-superti-furga,Prof. Dr. Andrea Superti-Furga,2003,"Lausanne, Switzerland Election year 2003","Lausanne, Switzerland"
LEO_beat-steinmann,Prof. Dr. Beat Steinmann,2003,"Zürich, Switzerland Election year 2003","Zürich, Switzerland"
LEO_bernhard-zabel,Prof. Dr. Bernhard Zabel,2003,"Freiburg (Br.), Germany Election year 2003","Freiburg (Br.), Germany"
LEO_david-joseph-apple,Prof. Dr. David Joseph Apple,2003,"Sullivan Island, United States Election year 2003","Sullivan Island, United States"
LEO_hans-lutz,Prof. Dr. Hans Lutz,2003,"Zürich, Switzerland Election year 2003","Zürich, Switzerland"
LEO_hans-christian-pape,Prof. Dr. Hans-Christian Pape,2003,"Münster, Germany Election year 2003","Münster, Germany"
LEO_heinz-juergen-thiel,Prof. Dr. Heinz-Jürgen Thiel,2003,"Gießen, Germany Election year 2003","Gießen, Germany"
LEO_helmut-kettenmann,Prof. Dr. Helmut Kettenmann,2003,"Berlin, Germany Election year 2003","Berlin, Germany"
LEO_klaus-diedrich,Prof. Dr. Klaus Diedrich,2003,"Lübeck, Germany Election year 2003","Lübeck, Germany"
LEO_mathias-ackermann,Prof. Dr. Mathias Ackermann,2003,"Zürich, Switzerland Election year 2003","Zürich, Switzerland"
LEO_peter-husslein,Prof. Dr. Peter Husslein,2003,"Wien, Austria Election year 2003","Wien, Austria"
LEO_rolf-kreienberg,Prof. Dr. Rolf Kreienberg,2003,"Ulm, Germany Election year 2003","Ulm, Germany"
LEO_achim-schneider,Professor Dr Achim Schneider,2003,"Berlin, Germany Election year 2003","Berlin, Germany"
LEO_axel-haverich,Professor Dr Axel Haverich,2003,"Hannover, Germany Election year 2003","Hannover, Germany"
LEO_elke-luetjen-drecoll,Professor Dr Elke Lütjen-Drecoll,2003,"Erlangen, Germany Election year 2003","Erlangen, Germany"
LEO_horst-werner-korf,Professor Dr Horst-Werner Korf,2003,"Frankfurt am Main, Germany Election year 2003","Frankfurt am Main, Germany"
LEO_jean-pierre-timmermans,Professor Dr Jean-Pierre Timmermans,2003,"Antwerpen, Belgium Election year 2003","Antwerpen, Belgium"
LEO_niels-birbaumer,Professor Dr Niels Birbaumer,2003,"Tübingen, Germany Election year 2003","Tübingen, Germany"
LEO_peter-wiedemann,Professor Dr Peter Wiedemann,2003,"Leipzig, Germany Election year 2003","Leipzig, Germany"
LEO_bernard-devauchelle,Prof. Dr. Bernard Devauchelle,2004,"Amiens Cedex 1, France Election year 2004","Amiens Cedex 1, France"
LEO_jens-michael-schroeder,Prof. Dr. Jens-Michael Schröder,2004,"Kiel, Germany Election year 2004","Kiel, Germany"
LEO_markus-schwaiger,Prof. Dr. Markus Schwaiger,2004,"München, Germany Election year 2004","München, Germany"
LEO_martin-roecken,Prof. Dr. Martin Röcken,2004,"Tübingen, Germany Election year 2004","Tübingen, Germany"
LEO_maximilian-reiser,Prof. Dr. Maximilian Reiser,2004,"München, Germany Election year 2004","München, Germany"
LEO_michael-j-lentze,Prof. Dr. Michael J. Lentze,2004,"Bonn, Germany Election year 2004","Bonn, Germany"
LEO_peter-nawroth,Prof. Dr. Peter Nawroth,2004,"Heidelberg, Germany Election year 2004","Heidelberg, Germany"
LEO_thomas-kirchner,Prof. Dr. Thomas Kirchner,2004,"München, Germany Election year 2004","München, Germany"
LEO_walter-jonat,Prof. Dr. Walter Jonat,2004,"Kiel, Germany Election year 2004","Kiel, Germany"
LEO_heinz-koelbl,Professor Dr Heinz Kölbl,2004,"Wien, Austria Election year 2004","Wien, Austria"
LEO_michael-baumann,Professor Dr Michael Baumann,2004,"Heidelberg, Germany Election year 2004","Heidelberg, Germany"
LEO_reinhard-buettner,Professor Dr Reinhard Büttner,2004,"Köln, Germany Election year 2004","Köln, Germany"
LEO_steffen-gay,Professor Dr Steffen Gay,2004,"Zürich, Switzerland Election year 2004","Zürich, Switzerland"
LEO_valer-j-csernus,Professor Dr Valér J. Csernus,2004,"Pécs, Hungary Election year 2004","Pécs, Hungary"
LEO_hannah-monyer,Prof. Dr. Hannah Monyer,2005,"Heidelberg, Germany Election year 2005","Heidelberg, Germany"
LEO_ian-wilmut,Prof. Dr. Ian Wilmut,2005,"Edinburgh, United Kingdom Election year 2005","Edinburgh, United Kingdom"
LEO_nikos-k-logothetis,Prof. Dr. Nikos K. Logothetis,2005,"Tübingen, Germany Election year 2005","Tübingen, Germany"
LEO_roger-m-nitsch,Prof. Dr. Roger M. Nitsch,2005,"Zürich, Switzerland Election year 2005","Zürich, Switzerland"
LEO_soeren-jepsen,Prof. Dr. Sören Jepsen,2005,"Bonn, Germany Election year 2005","Bonn, Germany"
LEO_barbara-wollenberg,Professor Dr Barbara Wollenberg,2005,"München, Germany Election year 2005","München, Germany"
LEO_bernhard-zwissler,Professor Dr Bernhard Zwißler,2005,"München, Germany Election year 2005","München, Germany"
LEO_hans-k-schackert,Professor Dr Hans K. Schackert,2005,"Dresden, Germany Election year 2005","Dresden, Germany"
LEO_hans-jochen-heinze,Professor Dr Hans-Jochen Heinze,2005,"Magdeburg, Germany Election year 2005","Magdeburg, Germany"
LEO_jukka-h-meurman,Professor Dr Jukka H. Meurman,2005,"Helsinki, Finland Election year 2005","Helsinki, Finland"
LEO_karl-max-einhaeupl,Professor Dr Karl Max Einhäupl,2005,"Berlin, Germany Election year 2005","Berlin, Germany"
LEO_klaus-v-toyka,Professor Dr Klaus V. Toyka,2005,"Reichenberg, Germany Election year 2005","Reichenberg, Germany"
LEO_mathias-baehr,Professor Dr Mathias Bähr,2005,"Göttingen, Germany Election year 2005","Göttingen, Germany"
LEO_reinhard-hohlfeld,Professor Dr Reinhard Hohlfeld,2005,"München, Germany Election year 2005","München, Germany"
LEO_rudolf-guthoff,Professor Dr Rudolf Guthoff,2005,"Warnemünde, Germany Election year 2005","Warnemünde, Germany"
LEO_bruno-gottstein,Prof. Dr. Bruno Gottstein,2006,"Bern, Switzerland Election year 2006","Bern, Switzerland"
LEO_gerd-ruediger-burmester,Prof. Dr. Gerd-Rüdiger Burmester,2006,"Berlin, Germany Election year 2006","Berlin, Germany"
LEO_gottfried-schmalz,Prof. Dr. Gottfried Schmalz,2006,"Regensburg, Germany Election year 2006","Regensburg, Germany"
LEO_jan-c-simon,Prof. Dr. Jan C. Simon,2006,"Leipzig, Germany Election year 2006","Leipzig, Germany"
LEO_ulrich-t-hopt,Prof. Dr. Ulrich T. Hopt,2006,"Freiburg, Germany Election year 2006","Freiburg, Germany"
LEO_franco-locatelli,Professor Dr Franco Locatelli,2006,"Pavia, Italy Election year 2006","Pavia, Italy"
LEO_jens-scholz,Professor Dr Jens Scholz,2006,"Kiel, Germany Election year 2006","Kiel, Germany"
LEO_jonathan-barker,Professor Dr Jonathan Barker,2006,"London, United Kingdom Election year 2006","London, United Kingdom"
LEO_jost-b-jonas,Professor Dr Jost B. Jonas,2006,"Mannheim, Germany Election year 2006","Mannheim, Germany"
LEO_luigi-d-notarangelo,Professor Dr Luigi D. Notarangelo,2006,"Boston, MA, United States Election year 2006","Boston, MA, United States"
LEO_peter-somogyi,Professor Dr Péter Somogyi,2006,"Oxford, United Kingdom Election year 2006","Oxford, United Kingdom"
LEO_tivadar-tulassay,Professor Dr Tivadar Tulassay,2006,"Budapest, Hungary Election year 2006","Budapest, Hungary"
LEO_winfried-henke,Professor Dr Winfried Henke,2006,"Mainz, Germany Election year 2006","Mainz, Germany"
LEO_bernd-hamm,Prof. Dr. Bernd Hamm,2007,"Berlin, Germany Election year 2007","Berlin, Germany"
LEO_dontscho-kerjaschki,Prof. Dr. Dontscho Kerjaschki,2007,"Wien, Austria Election year 2007","Wien, Austria"
LEO_ferdinand-hofstaedter,Prof. Dr. Ferdinand Hofstädter,2007,"Regensburg, Germany Election year 2007","Regensburg, Germany"
LEO_friedhelm-hildebrandt,Prof. Dr. Friedhelm Hildebrandt,2007,"Boston, MA, United States Election year 2007","Boston, MA, United States"
LEO_hans-h-kreipe,Prof. Dr. Hans H. Kreipe,2007,"Hannover, Germany Election year 2007","Hannover, Germany"
LEO_josef-smolen,Prof. Dr. Josef Smolen,2007,"Wien, Austria Election year 2007","Wien, Austria"
LEO_leena-k-bruckner-tuderman,Prof. Dr. Leena K. Bruckner-Tuderman,2007,"Freiburg (Br.), Germany Election year 2007","Freiburg (Br.), Germany"
LEO_mathias-berger,Prof. Dr. Mathias Berger,2007,"Freiburg (Br.), Germany Election year 2007","Freiburg (Br.), Germany"
LEO_robert-nitsch,Prof. Dr. Robert Nitsch,2007,"Berlin, Germany Election year 2007","Berlin, Germany"
LEO_thomas-schwarz,Prof. Dr. Thomas Schwarz,2007,"Kiel, Germany Election year 2007","Kiel, Germany"
LEO_dieter-kohn,Professor Dr Dieter Kohn,2007,"Homburg (Saar), Germany Election year 2007","Homburg (Saar), Germany"
LEO_holger-moch,Professor Dr Holger Moch,2007,"Zürich, Switzerland Election year 2007","Zürich, Switzerland"
LEO_kerstin-krieglstein,Professor Dr Kerstin Krieglstein,2007,"Freiburg (Br.), Germany Election year 2007","Freiburg (Br.), Germany"
LEO_martin-reincke,Professor Dr Martin Reincke,2007,"München, Germany Election year 2007","München, Germany"
LEO_paul-a-kyrle,Professor Dr Paul A. Kyrle,2007,"Wien, Austria Election year 2007","Wien, Austria"
LEO_peter-falkai,Professor Dr Peter Falkai,2007,"München, Germany Election year 2007","München, Germany"
LEO_peter-riederer,Professor Dr Peter Riederer,2007,"Würzburg, Germany Election year 2007","Würzburg, Germany"
LEO_reinhold-e-schmidt,Professor Dr Reinhold E. Schmidt,2007,"Hannover, Germany Election year 2007","Hannover, Germany"
LEO_karin-scharffetter-kochanek,Prof. Dr. Karin Scharffetter-Kochanek,2008,"Ulm, Germany Election year 2008","Ulm, Germany"
LEO_ulf-eysel,Prof. Dr. Ulf Eysel,2008,"Bochum, Germany Election year 2008","Bochum, Germany"
LEO_heiner-niemann,Professor Dr Heiner Niemann,2008,"Neustadt, Germany Election year 2008","Neustadt, Germany"
LEO_lars-french,Professor Dr Lars French,2008,"München, Germany Election year 2008","München, Germany"
LEO_thomas-ruzicka,Professor Dr Thomas Ruzicka,2008,"München, Germany Election year 2008","München, Germany"
LEO_bertrand-ludes,Prof. Dr. Bertrand Ludes,2009,"Strasbourg, France Election year 2009","Strasbourg, France"
LEO_gerd-walz,Prof. Dr. Gerd Walz,2009,"Freiburg (Br.), Germany Election year 2009","Freiburg (Br.), Germany"
LEO_harald-stein,Prof. Dr. Harald Stein,2009,"Berlin, Germany Election year 2009","Berlin, Germany"
LEO_heiko-braak,Prof. Dr. Heiko Braak,2009,"Ulm, Germany Election year 2009","Ulm, Germany"
LEO_johannes-henricus-josephus-van-krieken,Prof. Dr. Johannes Henricus Josephus van Krieken,2009,"Nijmegen, Netherlands Election year 2009","Nijmegen, Netherlands"
LEO_marlies-knipper,Prof. Dr. Marlies Knipper,2009,"Tübingen, Germany Election year 2009","Tübingen, Germany"
LEO_martin-leo-hansmann,Prof. Dr. Martin-Leo Hansmann,2009,"Frankfurt am Main, Germany Election year 2009","Frankfurt am Main, Germany"
LEO_stefan-r-bornstein,Prof. Dr. Stefan R. Bornstein,2009,"Dresden, Germany Election year 2009","Dresden, Germany"
LEO_walther-parson,Prof. Dr. Walther Parson,2009,"Innsbruck, Austria Election year 2009","Innsbruck, Austria"
LEO_werner-geurtsen,Prof. Dr. Werner Geurtsen,2009,"Hannover, Germany Election year 2009","Hannover, Germany"
LEO_wilfried-wagner,Prof. Dr. Wilfried Wagner,2009,"Mainz, Germany Election year 2009","Mainz, Germany"
LEO_miguel-angel-piris,Prof. Ph.D. Miguel Angel Piris,2009,"Madrid, Spain Election year 2009","Madrid, Spain"
LEO_sarolta-karpati,Prof. Ph.D. Sarolta Kárpáti,2009,"Budapest, Hungary Election year 2009","Budapest, Hungary"
LEO_alexander-enk,Professor Dr Alexander Enk,2009,"Heidelberg, Germany Election year 2009","Heidelberg, Germany"
LEO_andreas-meyer-lindenberg,Professor Dr Andreas Meyer-Lindenberg,2009,"Mannheim, Germany Election year 2009","Mannheim, Germany"
LEO_dorairajan-balasubramanian,Professor Dr Dorairajan Balasubramanian,2009,"Hyderabad, India Election year 2009","Hyderabad, India"
LEO_helmut-kerl,Professor Dr Helmut Kerl,2009,"Graz, Austria Election year 2009","Graz, Austria"
LEO_hugo-karel-van-aken,Professor Dr Hugo Karel van Aken,2009,"Münster, Germany Election year 2009","Münster, Germany"
LEO_johanna-plendl,Professor Dr Johanna Plendl,2009,"Berlin, Germany Election year 2009","Berlin, Germany"
LEO_juergen-schoelmerich,Professor Dr Jürgen Schölmerich,2009,"Frankfurt am Main, Germany Election year 2009","Frankfurt am Main, Germany"
LEO_katharina-staerk,Professor Dr Katharina Stärk,2009,"Hatfield, United Kingdom Election year 2009","Hatfield, United Kingdom"
LEO_markus-w-buechler,Professor Dr Markus W. Büchler,2009,"Heidelberg, Germany Election year 2009","Heidelberg, Germany"
LEO_orlando-guntinas-lichius,Professor Dr Orlando Guntinas-Lichius,2009,"Jena, Germany Election year 2009","Jena, Germany"
LEO_thomas-benzing,Professor Dr Thomas Benzing,2009,"Köln, Germany Election year 2009","Köln, Germany"
LEO_valerie-joan-lund,Professor Dr Valerie Joan Lund,2009,"London, United Kingdom Election year 2009","London, United Kingdom"
LEO_willi-a-kalender,Professor Dr Willi A. Kalender,2009,"Erlangen, Germany Election year 2009","Erlangen, Germany"
LEO_ad-aertsen,Prof. Dr. Ad Aertsen,2010,"Freiburg (Br.), Germany Election year 2010","Freiburg (Br.), Germany"
LEO_gerold-schuler,Prof. Dr. Gerold Schuler,2010,"Erlangen, Germany Election year 2010","Erlangen, Germany"
LEO_karl-heinz-plate,Prof. Dr. Karl Heinz Plate,2010,"Frankfurt am Main, Germany Election year 2010","Frankfurt am Main, Germany"
LEO_karl-heinz-welte,Prof. Dr. Karl Heinz Welte,2010,"Hannover, Germany Election year 2010","Hannover, Germany"
LEO_manfred-dietel,Prof. Dr. Manfred Dietel,2010,"Berlin, Germany Election year 2010","Berlin, Germany"
LEO_matthias-w-beckmann,Prof. Dr. Matthias W. Beckmann,2010,"Erlangen, Germany Election year 2010","Erlangen, Germany"
LEO_michael-hertl,Prof. Dr. Michael Hertl,2010,"Marburg, Germany Election year 2010","Marburg, Germany"
LEO_peter-carmeliet,Prof. Dr. Peter Carmeliet,2010,"Leuven, Belgium Election year 2010","Leuven, Belgium"
LEO_charlotte-niemeyer,Professor Dr Charlotte Niemeyer,2010,"Freiburg (Br.), Germany Election year 2010","Freiburg (Br.), Germany"
LEO_guenter-emons,Professor Dr Günter Emons,2010,"Göttingen, Germany Election year 2010","Göttingen, Germany"
LEO_hannu-juhani-korkeala,Professor Dr Hannu Juhani Korkeala,2010,"Helsinki, Finland Election year 2010","Helsinki, Finland"
LEO_hans-lassmann,Professor Dr Hans Lassmann,2010,"Wien, Austria Election year 2010","Wien, Austria"
LEO_heidi-pfeiffer,Professor Dr Heidi Pfeiffer,2010,"Münster, Germany Election year 2010","Münster, Germany"
LEO_jean-krutmann,Professor Dr Jean Krutmann,2010,"Düsseldorf, Germany Election year 2010","Düsseldorf, Germany"
LEO_joachim-grifka,Professor Dr Joachim Grifka,2010,"Bad Abbach, Germany Election year 2010","Bad Abbach, Germany"
LEO_moussa-bh-youdim,Professor Dr Moussa B.H. Youdim,2010,"Haifa, Israel Election year 2010","Haifa, Israel"
LEO_rolf-rossaint,Professor Dr Rolf Rossaint,2010,"Aachen, Germany Election year 2010","Aachen, Germany"
LEO_tobias-bonhoeffer,Professor Dr Tobias Bonhoeffer,2010,"Martinsried, Germany Election year 2010","Martinsried, Germany"
LEO_brigitte-vollmar,Prof. Dr. Brigitte Vollmar,2011,"Rostock, Germany Election year 2011","Rostock, Germany"
LEO_christian-werner,Prof. Dr. Christian Werner,2011,"Mainz, Germany Election year 2011","Mainz, Germany"
LEO_claudia-spies,Prof. Dr. Claudia Spies,2011,"Berlin, Germany Election year 2011","Berlin, Germany"
LEO_henning-schliephake,Prof. Dr. Dr. Henning Schliephake,2011,"Göttingen, Germany Election year 2011","Göttingen, Germany"
LEO_h-peter-rodemann,Prof. Dr. H. Peter Rodemann,2011,"Tübingen, Germany Election year 2011","Tübingen, Germany"
LEO_heymut-omran,Prof. Dr. Heymut Omran,2011,"Münster, Germany Election year 2011","Münster, Germany"
LEO_jochen-werner,Prof. Dr. Jochen Werner,2011,"Essen, Germany Election year 2011","Essen, Germany"
LEO_juergen-c-hennig,Prof. Dr. Jürgen C. Hennig,2011,"Freiburg (Br.), Germany Election year 2011","Freiburg (Br.), Germany"
LEO_marcella-rietschel,Prof. Dr. Marcella Rietschel,2011,"Mannheim, Germany Election year 2011","Mannheim, Germany"
LEO_reinhard-faessler,Prof. Dr. Reinhard Fässler,2011,"München, Germany Election year 2011","München, Germany"
LEO_sabine-werner,Prof. Dr. Sabine Werner,2011,"Zürich, Switzerland Election year 2011","Zürich, Switzerland"
LEO_andreas-bockisch,Professor Dr Andreas Bockisch,2011,"Essen, Germany Election year 2011","Essen, Germany"
LEO_angelika-schnieke,Professor Dr Angelika Schnieke,2011,"München, Germany Election year 2011","München, Germany"
LEO_annette-grueters-kieslich,Professor Dr Annette Grüters-Kieslich,2011,"Heidelberg, Germany Election year 2011","Heidelberg, Germany"
LEO_berthold-seitz,Professor Dr Berthold Seitz,2011,"Homburg (Saar), Germany Election year 2011","Homburg (Saar), Germany"
LEO_boris-bastian,Professor Dr Boris Bastian,2011,"San Francisco, CA, United States Election year 2011","San Francisco, CA, United States"
LEO_frauke-zipp,Professor Dr Frauke Zipp,2011,"Mainz, Germany Election year 2011","Mainz, Germany"
LEO_hans-juergen-schlitt,Professor Dr Hans Jürgen Schlitt,2011,"Regensburg, Germany Election year 2011","Regensburg, Germany"
LEO_konrad-reinhart,Professor Dr Konrad Reinhart,2011,"Jena, Germany Election year 2011","Jena, Germany"
LEO_maode-lai,Professor Dr Maode Lai,2011,"Hangzhou, China Election year 2011","Hangzhou, China"
LEO_maria-elisabeth-krautwald-junghanns,Professor Dr Maria-Elisabeth Krautwald-Junghanns,2011,"Leipzig, Germany Election year 2011","Leipzig, Germany"
LEO_michael-hallek,Professor Dr Michael Hallek,2011,"Köln, Germany Election year 2011","Köln, Germany"
LEO_stephan-lang,Professor Dr Stephan Lang,2011,"Essen, Germany Election year 2011","Essen, Germany"
LEO_peter-forster,Dr Peter Forster,2012,"Cambridge, United Kingdom Election year 2012","Cambridge, United Kingdom"
LEO_arndt-borkhardt,Prof. Dr. Arndt Borkhardt,2012,"Düsseldorf, Germany Election year 2012","Düsseldorf, Germany"
LEO_bernd-gerber,Prof. Dr. Bernd Gerber,2012,"Rostock, Germany Election year 2012","Rostock, Germany"
LEO_melitta-schachner-camartin,Prof. Dr. Melitta Schachner Camartin,2012,"Hamburg, Germany Election year 2012","Hamburg, Germany"
LEO_michael-boehm,Prof. Dr. Michael Böhm,2012,"Homburg (Saar), Germany Election year 2012","Homburg (Saar), Germany"
LEO_peter-schirmacher,Prof. Dr. Peter Schirmacher,2012,"Heidelberg, Germany Election year 2012","Heidelberg, Germany"
LEO_reinhard-georg-dummer,Prof. Dr. Reinhard Georg Dummer,2012,"Zürich, Switzerland Election year 2012","Zürich, Switzerland"
LEO_rena-n-dsouza,Prof. Dr. Rena N. D'Souza,2012,"Salt Lake City, UT, United States Election year 2012","Salt Lake City, UT, United States"
LEO_felix-eckstein,Professor Dr Felix Eckstein,2012,"Salzburg, Austria Election year 2012","Salzburg, Austria"
LEO_gabriele-stangl,Professor Dr Gabriele Stangl,2012,"Halle (Saale), Germany Election year 2012","Halle (Saale), Germany"
LEO_michael-forsting,Professor Dr Michael Forsting,2012,"Essen, Germany Election year 2012","Essen, Germany"
LEO_norbert-pfeiffer,Professor Dr Norbert Pfeiffer,2012,"Mainz, Germany Election year 2012","Mainz, Germany"
LEO_ueli-braun,Professor Dr Ueli Braun,2012,"Zürich, Switzerland Election year 2012","Zürich, Switzerland"
LEO_alexei-verkhratsky,Prof. Dr. Alexei Verkhratsky,2013,"Manchester, United Kingdom Election year 2013","Manchester, United Kingdom"
LEO_greet-van-den-berghe,Prof. Dr. Greet Van den Berghe,2013,"Leuven, Belgium Election year 2013","Leuven, Belgium"
LEO_juergen-schuettler,Prof. Dr. Jürgen Schüttler,2013,"Erlangen, Germany Election year 2013","Erlangen, Germany"
LEO_karl-walter-jauch,Prof. Dr. Karl-Walter Jauch,2013,"München, Germany Election year 2013","München, Germany"
LEO_martin-zeitz,Prof. Dr. Martin Zeitz,2013,"Hamburg, Germany Election year 2013","Hamburg, Germany"
LEO_paul-a-sieving,Prof. Dr. Paul A. Sieving,2013,"Bethesda, United States Election year 2013","Bethesda, United States"
LEO_thomas-lenarz,Prof. Dr. Thomas Lenarz,2013,"Hannover, Germany Election year 2013","Hannover, Germany"
LEO_wolf-mutschler,Prof. Dr. Wolf Mutschler,2013,"München, Germany Election year 2013","München, Germany"
LEO_brigitte-tag,Professor Dr Brigitte Tag,2013,"Zürich, Switzerland Election year 2013","Zürich, Switzerland"
LEO_gesine-hansen,Professor Dr Gesine Hansen,2013,"Hannover, Germany Election year 2013","Hannover, Germany"
LEO_gian-paolo-dotto,Professor Dr Gian-Paolo Dotto,2013,"Lausanne, Switzerland Election year 2013","Lausanne, Switzerland"
LEO_hans-ulrich-haering,Professor Dr Hans-Ulrich Häring,2013,"Tübingen, Germany Election year 2013","Tübingen, Germany"
LEO_juergen-peter-debus,Professor Dr Jürgen Peter Debus,2013,"Heidelberg, Germany Election year 2013","Heidelberg, Germany"
LEO_klaus-pueschel,Professor Dr Klaus Püschel,2013,"Hamburg, Germany Election year 2013","Hamburg, Germany"
LEO_peter-neuhaus,Professor Dr Peter Neuhaus,2013,"Berlin, Germany Election year 2013","Berlin, Germany"
LEO_ralph-hruban,Professor Dr Ralph Hruban,2013,"Baltimore, United States Election year 2013","Baltimore, United States"
LEO_andreas-neubauer,Prof. Dr. Andreas Neubauer,2014,"Marburg, Germany Election year 2014","Marburg, Germany"
LEO_maria-teschler-nicola,Prof. Dr. Maria Teschler-Nicola,2014,"Wien, Austria Election year 2014","Wien, Austria"
LEO_bernd-walter-boettiger,Professor Dr Bernd Walter Böttiger,2014,"Köln, Germany Election year 2014","Köln, Germany"
LEO_claus-bachert,Professor Dr Claus Bachert,2014,"Gent, Belgium Election year 2014","Gent, Belgium"
LEO_erwin-tschachler,Professor Dr Erwin Tschachler,2014,"Wien, Austria Election year 2014","Wien, Austria"
LEO_frank-bradke,Professor Dr Frank Bradke,2014,"Bonn, Germany Election year 2014","Bonn, Germany"
LEO_heidrun-potschka,Professor Dr Heidrun Potschka,2014,"München, Germany Election year 2014","München, Germany"
LEO_jose-alain-sahel,Professor Dr Jose Alain Sahel,2014,"Paris, France Election year 2014","Paris, France"
LEO_jutta-gaertner,Professor Dr Jutta Gärtner,2014,"Göttingen, Germany Election year 2014","Göttingen, Germany"
LEO_karl-deisseroth,Professor Dr Karl Deisseroth,2014,"Stanford, CA, United States Election year 2014","Stanford, CA, United States"
LEO_marion-kiechle,Professor Dr Marion Kiechle,2014,"München, Germany Election year 2014","München, Germany"
LEO_reinhard-hickel,Professor Dr Reinhard Hickel,2014,"München, Germany Election year 2014","München, Germany"
LEO_ulrich-gembruch,Professor Dr Ulrich Gembruch,2014,"Bonn, Germany Election year 2014","Bonn, Germany"
LEO_ania-c-muntau,Prof. Dr. Ania C. Muntau,2015,"Hamburg, Germany Election year 2015","Hamburg, Germany"
LEO_andreas-heinz,Prof. Dr. Dr. Andreas Heinz,2015,"Berlin, Germany Election year 2015","Berlin, Germany"
LEO_michael-amling,Prof. Dr. Michael Amling,2015,"Hamburg, Germany Election year 2015","Hamburg, Germany"
LEO_michael-detmar,Prof. Dr. Michael Detmar,2015,"Zürich, Switzerland Election year 2015","Zürich, Switzerland"
LEO_michael-thali,Prof. Dr. Michael Thali,2015,"Zürich, Switzerland Election year 2015","Zürich, Switzerland"
LEO_tobias-moser,Prof. Dr. Tobias Moser,2015,"Göttingen, Germany Election year 2015","Göttingen, Germany"
LEO_ralph-weissleder,Prof. PhD Ralph Weissleder,2015,"Boston, MA, United States Election year 2015","Boston, MA, United States"
LEO_rupert-handgretinger,Professor Dr Rupert Handgretinger,2015,"Tübingen, Germany Election year 2015","Tübingen, Germany"
LEO_thomas-c-suedhof,Professor Dr Thomas C. Südhof,2015,"Stanford, CA, United States Election year 2015","Stanford, CA, United States"
LEO_andreas-rosenwald,Prof. Dr. Andreas Rosenwald,2016,"Würzburg, Germany Election year 2016","Würzburg, Germany"
LEO_benedikt-grothe,Prof. Dr. Benedikt Grothe,2016,"Martinsried, Germany Election year 2016","Martinsried, Germany"
LEO_hannelore-ehrenreich,Prof. Dr. Dr. Hannelore Ehrenreich,2016,"Göttingen, Germany Election year 2016","Göttingen, Germany"
LEO_elisabeth-binder,Prof. Dr. Elisabeth Binder,2016,"München, Germany Election year 2016","München, Germany"
LEO_marion-de-jong,Prof. Dr. Marion de Jong,2016,"Rotterdam, Netherlands Election year 2016","Rotterdam, Netherlands"
LEO_claus-cursiefen,Professor Dr Claus Cursiefen,2016,"Köln, Germany Election year 2016","Köln, Germany"
LEO_gero-miesenboeck,Professor Dr Gero Miesenböck,2016,"Oxford, United Kingdom Election year 2016","Oxford, United Kingdom"
LEO_kai-zacharowski,Professor Dr Kai Zacharowski,2016,"Frankfurt am Main, Germany Election year 2016","Frankfurt am Main, Germany"
LEO_kathleen-j-green,Professor Dr Kathleen J. Green,2016,"Chicago, United States Election year 2016","Chicago, United States"
LEO_matthias-endres,Professor Dr Matthias Endres,2016,"Berlin, Germany Election year 2016","Berlin, Germany"
LEO_max-gassmann,Professor Dr Max Gassmann,2016,"Zürich, Switzerland Election year 2016","Zürich, Switzerland"
LEO_michael-d-menger,Professor Dr Michael D. Menger,2016,"Homburg, Germany Election year 2016","Homburg, Germany"
LEO_pierluigi-nicotera,Professor Dr Pierluigi Nicotera,2016,"Bonn, Germany Election year 2016","Bonn, Germany"
LEO_ulf-mueller-ladner,Professor Dr Ulf Müller-Ladner,2016,"Gießen/Bad Nauheim, Germany Election year 2016","Gießen/Bad Nauheim, Germany"
LEO_andreas-von-deimling,Prof. Dr. Andreas von Deimling,2017,"Heidelberg, Germany Election year 2017","Heidelberg, Germany"
LEO_andrej-kral,Prof. Dr. Andrej Kral,2017,"Hannover, Germany Election year 2017","Hannover, Germany"
LEO_katharina-domschke,Prof. Dr. Dr. M.A. (USA) Katharina Domschke,2017,"Freiburg (Br.), Germany Election year 2017","Freiburg (Br.), Germany"
LEO_stefanie-ritz-timme,Prof. Dr. Stefanie Ritz-Timme,2017,"Düsseldorf, Germany Election year 2017","Düsseldorf, Germany"
LEO_bernd-pichler,Professor Dr Bernd Pichler,2017,"Tübingen, Germany Election year 2017","Tübingen, Germany"
LEO_britta-siegmund,Professor Dr Britta Siegmund,2017,"Berlin, Germany Election year 2017","Berlin, Germany"
LEO_ernst-r-tamm,Professor Dr Ernst R. Tamm,2017,"Regensburg, Germany Election year 2017","Regensburg, Germany"
LEO_jochen-reiser,Professor Dr Jochen Reiser,2017,"Chicago, United States Election year 2017","Chicago, United States"
LEO_severine-vermeire,Professor Dr Severine Vermeire,2017,"Leuven, Belgium Election year 2017","Leuven, Belgium"
LEO_stefanie-dimmeler,Professor Dr Stefanie Dimmeler,2017,"Frankfurt am Main, Germany Election year 2017","Frankfurt am Main, Germany"
LEO_wolfgang-janni,Professor Dr Wolfgang Janni,2017,"Ulm, Germany Election year 2017","Ulm, Germany"
LEO_christiane-j-bruns,Prof. Dr. Christiane J. Bruns,2018,"Köln, Germany Election year 2018","Köln, Germany"
LEO_frank-heppner,Prof. Dr. Frank Heppner,2018,"Berlin, Germany Election year 2018","Berlin, Germany"
LEO_georg-f-hoffmann,Prof. Dr. Georg F. Hoffmann,2018,"Heidelberg, Germany Election year 2018","Heidelberg, Germany"
LEO_martin-hrabe-de-angelis,Prof. Dr. Martin Hrabě de Angelis,2018,"Neuherberg, Germany Election year 2018","Neuherberg, Germany"
LEO_peter-rosenberger,Prof. Dr. Peter Rosenberger,2018,"Tübingen, Germany Election year 2018","Tübingen, Germany"
LEO_susanne-hartmann,Prof. Dr. Susanne Hartmann,2018,"Berlin, Germany Election year 2018","Berlin, Germany"
LEO_thomas-deller,Prof. Dr. Thomas Deller,2018,"Frankfurt am Main, Germany Election year 2018","Frankfurt am Main, Germany"
LEO_ursula-schloetzer-schrehardt,Prof. Dr. Ursula Schlötzer-Schrehardt,2018,"Erlangen, Germany Election year 2018","Erlangen, Germany"
LEO_anca-l-grosu,Professor Dr Anca-Ligia Grosu,2018,"Freiburg (Br.), Germany Election year 2018","Freiburg (Br.), Germany"
LEO_dietmar-schmitz,Professor Dr Dietmar Schmitz,2018,"Berlin, Germany Election year 2018","Berlin, Germany"
LEO_simone-fulda,Professor Dr Simone Fulda,2018,"Kiel, Germany Election year 2018","Kiel, Germany"
LEO_thomas-gasser,Professor Dr Thomas Gasser,2018,"Tübingen, Germany Election year 2018","Tübingen, Germany"
LEO_christiane-kuhl,Prof. Dr. Christiane Kuhl,2019,"Aachen, Germany Election year 2019","Aachen, Germany"
LEO_lukas-radbruch,Prof. Dr. Lukas Radbruch,2019,"Bonn, Germany Election year 2019","Bonn, Germany"
LEO_nicole-rotter,Prof. Dr. Nicole Rotter,2019,"Mannheim, Germany Election year 2019","Mannheim, Germany"
LEO_thomas-brabletz,Prof. Dr. Thomas Brabletz,2019,"Erlangen, Germany Election year 2019","Erlangen, Germany"
LEO_alexander-zarbock,Professor Dr Alexander Zarbock,2019,"Münster, Germany Election year 2019","Münster, Germany"
LEO_aurel-perren,Professor Dr Aurel Perren,2019,"Bern, Switzerland Election year 2019","Bern, Switzerland"
LEO_carien-niessen,Professor Dr Carien Niessen,2019,"Köln, Germany Election year 2019","Köln, Germany"
LEO_christian-weber,Professor Dr Christian Weber,2019,"München, Germany Election year 2019","München, Germany"
LEO_gerd-hasenfuss,Professor Dr Gerd Hasenfuß,2019,"Göttingen, Germany Election year 2019","Göttingen, Germany"
LEO_gerhard-rogler,Professor Dr Gerhard Rogler,2019,"Zürich, Switzerland Election year 2019","Zürich, Switzerland"
LEO_hilmar-bading,Professor Dr Hilmar Bading,2019,"Heidelberg, Germany Election year 2019","Heidelberg, Germany"
LEO_monique-m-b-breteler,Professor Dr Monique M. B. Breteler,2019,"Bonn, Germany Election year 2019","Bonn, Germany"
LEO_nektarios-tavernarakis,Professor Dr Nektarios Tavernarakis,2019,"Heraklion, Greece Election year 2019","Heraklion, Greece"
LEO_tobias-boeckers,Professor Dr Tobias Böckers,2019,"Ulm, Germany Election year 2019","Ulm, Germany"
LEO_christian-g-stief,Prof. Dr. Christian G. Stief,2020,"München, Germany Election year 2020","München, Germany"
LEO_juliane-winkelmann,Prof. Dr. Juliane Winkelmann,2020,"Neuherberg, Germany Election year 2020","Neuherberg, Germany"
LEO_karl-u-bartz-schmidt,Prof. Dr. Karl U. Bartz-Schmidt,2020,"Tübingen, Germany Election year 2020","Tübingen, Germany"
LEO_martin-kerschensteiner,Prof. Dr. Martin Kerschensteiner,2020,"Martinsried, Germany Election year 2020","Martinsried, Germany"
LEO_michael-trauner,Prof. Dr. Michael Trauner,2020,"Wien, Austria Election year 2020","Wien, Austria"
LEO_robert-thimme,Prof. Dr. Robert Thimme,2020,"Freiburg (Br.), Germany Election year 2020","Freiburg (Br.), Germany"
LEO_sabine-a-eming,Prof. Dr. Sabine A. Eming,2020,"Köln, Germany Election year 2020","Köln, Germany"
LEO_stefan-m-pfister,Prof. Dr. Stefan M. Pfister,2020,"Heidelberg, Germany Election year 2020","Heidelberg, Germany"
LEO_stefan-schwarz,Prof. Dr. Stefan Schwarz,2020,"Berlin, Germany Election year 2020","Berlin, Germany"
LEO_stephan-ehl,Prof. Dr. Stephan Ehl,2020,"Freiburg (Br.), Germany Election year 2020","Freiburg (Br.), Germany"
LEO_tanja-fehm,Prof. Dr. Tanja Fehm,2020,"Düsseldorf, Germany Election year 2020","Düsseldorf, Germany"
LEO_uwe-haberkorn,Prof. Dr. Uwe Haberkorn,2020,"Heidelberg, Germany Election year 2020","Heidelberg, Germany"
LEO_wolfgang-wick,Professor Dr Wolfgang Wick,2020,"Heidelberg, Germany Election year 2020","Heidelberg, Germany"
LEO_angelika-eggert,Professor Dr Angelika Eggert,2021,"Berlin, Germany Election year 2021","Berlin, Germany"
LEO_benedikt-pannen,Professor Dr Benedikt Pannen,2021,"Düsseldorf, Germany Election year 2021","Düsseldorf, Germany"
LEO_christine-klein,Professor Dr Christine Klein,2021,"Lübeck, Germany Election year 2021","Lübeck, Germany"
LEO_frank-g-holz,Professor Dr Frank G. Holz,2021,"Bonn, Germany Election year 2021","Bonn, Germany"
LEO_georg-schett,Professor Dr Georg Schett,2021,"Erlangen, Germany Election year 2021","Erlangen, Germany"
LEO_hermann-haller,Professor Dr Hermann Haller,2021,"Hannover, Germany Election year 2021","Hannover, Germany"
LEO_sabine-kastner,Professor Dr Sabine Kastner,2021,"New York, NY, United States Election year 2021","New York, NY, United States"
LEO_svenja-caspers,Professor Dr Svenja Caspers,2021,"Düsseldorf, Germany Election year 2021","Düsseldorf, Germany"
LEO_thomas-bortfeld,Professor Dr Thomas Bortfeld,2021,"Boston, MA, United States Election year 2021","Boston, MA, United States"
LEO_thomas-g-schulze,Professor Dr Thomas G. Schulze,2021,"München, Germany Election year 2021","München, Germany"
LEO_tobias-b-huber,Professor Dr Tobias B. Huber,2021,"Hamburg, Germany Election year 2021","Hamburg, Germany"
LEO_michael-roden,Prof. Dr. Michael Roden,2022,"Düsseldorf, Germany Election year 2022","Düsseldorf, Germany"
LEO_miranda-wolpert,Prof. Dr. Miranda Wolpert,2022,"London, United Kingdom Election year 2022","London, United Kingdom"
LEO_angela-huebner,Professor Dr Angela Hübner,2022,"Dresden, Germany Election year 2022","Dresden, Germany"
LEO_arndt-hartmann,Professor Dr Arndt Hartmann,2022,"Erlangen, Germany Election year 2022","Erlangen, Germany"
LEO_denise-manahan-vaughan,Professor Dr Denise Manahan-Vaughan,2022,"Bochum, Germany Election year 2022","Bochum, Germany"
LEO_gerd-kempermann,Professor Dr Gerd Kempermann,2022,"Dresden, Germany Election year 2022","Dresden, Germany"
LEO_hans-ulrich-kauczor,Professor Dr Hans-Ulrich Kauczor,2022,"Heidelberg, Germany Election year 2022","Heidelberg, Germany"
LEO_joerg-kalff,Professor Dr Jörg Kalff,2022,"Bonn, Germany Election year 2022","Bonn, Germany"
LEO_katerina-harvati-papatheodorou,Professor Dr Katerina Harvati-Papatheodorou,2022,"Tübingen, Germany Election year 2022","Tübingen, Germany"
LEO_knut-brockmann,Professor Dr Knut Brockmann,2022,"Göttingen, Germany Election year 2022","Göttingen, Germany"
LEO_marius-ueffing,Professor Dr Marius Ueffing,2022,"Tübingen, Germany Election year 2022","Tübingen, Germany"
LEO_peter-a-fasching,Professor Dr Peter A. Fasching,2022,"Erlangen, Germany Election year 2022","Erlangen, Germany"
LEO_ryuichi-shigemoto,Professor Dr Ryuichi Shigemoto,2022,"Klosterneuburg, Austria Election year 2022","Klosterneuburg, Austria"
LEO_pauline-wimberger,Prof. Dr. Pauline Wimberger,2023,"Dresden, Germany Election year 2023","Dresden, Germany"
LEO_roger-stephan,Prof. Dr. Roger Stephan,2023,"Zürich, Switzerland Election year 2023","Zürich, Switzerland"
LEO_soni-pullamsetti,Prof. Dr. Soni Pullamsetti,2023,"Gießen, Germany Election year 2023","Gießen, Germany"
LEO_triantafyllos-chavakis,Prof. Dr. Triantafyllos Chavakis,2023,"Dresden, Germany Election year 2023","Dresden, Germany"
LEO_wolfgang-henrich,Prof. Dr. Wolfgang Henrich,2023,"Berlin, Germany Election year 2023","Berlin, Germany"
LEO_jan-henning-klusmann,Professor Dr Jan-Henning Klusmann,2023,"Frankfurt am Main, Germany Election year 2023","Frankfurt am Main, Germany"
LEO_jens-peter-klussmann,Professor Dr Jens Peter Klußmann,2023,"Köln, Germany Election year 2023","Köln, Germany"
LEO_karin-michels,Professor Dr Karin Michels,2023,"Freiburg, Germany Election year 2023","Freiburg, Germany"
LEO_leticia-quintanilla-martinez-de-fend,Professor Dr Leticia Quintanilla-Martínez de Fend,2023,"Tübingen, Germany Election year 2023","Tübingen, Germany"
LEO_marlene-bartos,Professor Dr Marlene Bartos,2023,"Freiburg (Br.), Germany Election year 2023","Freiburg (Br.), Germany"
LEO_michel-gilliet,Professor Dr Michel Gilliet,2023,"Lausanne, Switzerland Election year 2023","Lausanne, Switzerland"
LEO_peter-dayan,Professor Dr Peter Dayan,2023,"Tübingen, Germany Election year 2023","Tübingen, Germany"
LEO_wolfgang-weber,Professor Dr Wolfgang Weber,2023,"München, Germany Election year 2023","München, Germany"
LEO_carla-nau,Professor Dr Carla Nau,2024,"Lübeck, Germany Election year 2024","Lübeck, Germany"
LEO_clare-bambra,Professor Dr Clare Bambra,2024,"Newcastle, United Kingdom Election year 2024","Newcastle, United Kingdom"
LEO_claudia-bausewein,Professor Dr Claudia Bausewein,2024,"München, Germany Election year 2024","München, Germany"
LEO_frederick-klauschen,Professor Dr Frederick Klauschen,2024,"München, Germany Election year 2024","München, Germany"
LEO_gereon-fink,Professor Dr Gereon Fink,2024,"Köln, Germany Election year 2024","Köln, Germany"
LEO_hermann-einsele,Professor Dr Hermann Einsele,2024,"Würzburg, Germany Election year 2024","Würzburg, Germany"
LEO_ibrahim-abubakar,Professor Dr Ibrahim Abubakar,2024,"London, United Kingdom Election year 2024","London, United Kingdom"
LEO_johannes-krause,Professor Dr Johannes Krause,2024,"Leipzig, Germany Election year 2024","Leipzig, Germany"
LEO_josef-priller,Professor Dr Josef Priller,2024,"München, Germany Election year 2024","München, Germany"
LEO_karin-haustermans,Professor Dr Karin Haustermans,2024,"Leuven, Belgium Election year 2024","Leuven, Belgium"
LEO_marcus-mall,Professor Dr Marcus Mall,2024,"Berlin, Germany Election year 2024","Berlin, Germany"
LEO_markus-lerch,Professor Dr Markus Lerch,2024,"München, Germany Election year 2024","München, Germany"
LEO_michael-ghadimi,Professor Dr Michael Ghadimi,2024,"Göttingen, Germany Election year 2024","Göttingen, Germany"
LEO_stefan-treue,Professor Dr Stefan Treue,2024,"Göttingen, Germany Election year 2024","Göttingen, Germany"
LEO_ulrike-ravens-sieberer,Professor Dr Ulrike Ravens-Sieberer,2024,"Hamburg, Germany Election year 2024","Hamburg, Germany"
LEO_fabian-bamberg,Prof. Dr. Fabian Bamberg,2025,"Freiburg (Br.), Germany Election year 2025","Freiburg (Br.), Germany"
LEO_gilles-laurent,Prof. Dr. Gilles Laurent,2025,"Frankfurt am Main, Germany Election year 2025","Frankfurt am Main, Germany"
LEO_irene-esposito,Prof. Dr. Irene Esposito,2025,"Düsseldorf, Germany Election year 2025","Düsseldorf, Germany"
LEO_lukas-sommer,Prof. Dr. Lukas Sommer,2025,"Zürich, Switzerland Election year 2025","Zürich, Switzerland"
LEO_meike-stiesch,Prof. Dr. Meike Stiesch,2025,"Hannover, Germany Election year 2025","Hannover, Germany"
LEO_patrick-meybohm,Prof. Dr. Patrick Meybohm,2025,"Würzburg, Germany Election year 2025","Würzburg, Germany"
LEO_susanne-herold,Prof. Dr. Susanne Herold,2025,"Gießen, Germany Election year 2025","Gießen, Germany"
LEO_thomas-misgeld,Prof. Dr. Thomas Misgeld,2025,"München, Germany Election year 2025","München, Germany"
LEO_thomas-tueting,Prof. Dr. Thomas Tüting,2025,"Magdeburg, Germany Election year 2025","Magdeburg, Germany"
LEO_andrea-a-kuehn,Professor Dr Andrea A. Kühn,2025,"Berlin, Germany Election year 2025","Berlin, Germany"
LEO_jochen-gensichen,Professor Dr Jochen Gensichen,2025,"München, Germany Election year 2025","München, Germany"
LEO_martine-jager,Professor Dr Martine Jager,2025,"Leiden, Netherlands Election year 2025","Leiden, Netherlands"
