fide_id,name,fed,sex,title,wtitle,otitle,foa,rating,games,kfactor,birth_year,flag,active,identity_bridge_modern_fide_id,exact_dob_frozen,dob_status_2023,birthplace_hemisphere,hemisphere_status,wikidata_person_qids,birthplace_qids,birthplace_labels,birthplace_latitudes,birthplace_longitudes,eligible_north_2023,exclusion_reason_2023,snapshot,analysis_sex,seen_in_1994_2013
1503014,"Carlsen, Magnus",NOR,M,GM,,,,2859,0,10,1990,,True,1503014,1990-11-30,wikidata_exact_year_agrees,north,resolved_unique_birthplace,Q106807,Q107392,Tønsberg,59.29805556,10.42361111,True,,2023-01,M,True
8603677,"Ding, Liren",CHN,M,GM,,,,2811,0,10,1992,,True,8603677,1992-10-24,wikidata_exact_year_agrees,north,resolved_unique_birthplace,Q1191198,Q42635,Wenzhou,27.999128,120.656075,True,,2023-01,M,True
4168119,"Nepomniachtchi, Ian",RUS,M,GM,,,,2793,0,10,1990,,True,4168119,1990-07-14,wikidata_exact_year_agrees,north,resolved_unique_birthplace,Q521817,Q2801,Bryansk,53.2425,34.36666667,True,,2023-01,M,True
12573981,"Firouzja, Alireza",FRA,M,GM,,,,2785,0,10,2003,,True,12573981,2003-06-18,wikidata_exact_year_agrees,north,resolved_unique_birthplace,Q22338182,Q605157,Babol,36.55111111,52.67861111,True,,2023-01,M,False
2016192,"Nakamura, Hikaru",USA,M,GM,,,,2768,0,10,1987,,True,2016192,1987-12-09,wikidata_exact_year_agrees,north,resolved_unique_birthplace,Q337223,Q270912,Hirakata,34.81436111,135.65063889,True,,2023-01,M,True
2020009,"Caruana, Fabiano",USA,M,GM,,,,2766,0,10,1992,,True,2020009,1992-07-30,wikidata_exact_year_agrees,north,resolved_unique_birthplace,Q367277,Q8652,Miami,25.77416667,-80.19361111,True,,2023-01,M,True
24116068,"Giri, Anish",NED,M,GM,,,,2764,0,10,1994,,True,24116068,1994-06-28,wikidata_exact_year_agrees,north,resolved_unique_birthplace,Q548946,Q656,Saint Petersburg,59.95,30.31666667,True,,2023-01,M,True
5202213,"So, Wesley",USA,M,GM,,,,2760,0,10,1993,,True,5202213,1993-10-09,wikidata_exact_year_agrees,north,resolved_unique_birthplace,Q147495,Q63129,Bacoor,14.46242222,120.96445278,True,,2023-01,M,False
5000017,"Anand, Viswanathan",IND,M,GM,,FST,,2754,0,10,1969,,True,5000017,1969-12-11,wikidata_exact_year_agrees,north,resolved_unique_birthplace,Q45747,Q1352,Chennai,13.0825,80.275,True,,2023-01,M,True
14109603,"Karjakin, Sergey",RUS,M,GM,,,,2747,0,10,1990,,True,14109603,1990-01-12,wikidata_exact_year_agrees,north,resolved_unique_birthplace,Q217198,Q19566,Simferopol,44.948376,34.100039,True,,2023-01,M,True
13400924,"Radjabov, Teimour",AZE,M,GM,,,,2747,0,10,1987,,True,13400924,1987-03-12,wikidata_exact_year_agrees,north,resolved_unique_birthplace,Q211634,Q9248,Baku,40.36665556,49.83518333,True,,2023-01,M,True
4126025,"Grischuk, Alexander",RUS,M,GM,,,,2745,0,10,1983,,True,4126025,1983-10-31,wikidata_exact_year_agrees,north,resolved_unique_birthplace,Q314531,Q649,Moscow,55.75055556,37.6175,True,,2023-01,M,True
3503240,"Dominguez Perez, Leinier",USA,M,GM,,,,2743,0,10,1983,,True,3503240,1983-09-23,wikidata_exact_year_agrees,north,resolved_unique_birthplace,Q506421,Q1563,Havana,23.13666667,-82.35888889,True,,2023-01,M,True
13401319,"Mamedyarov, Shakhriyar",AZE,M,GM,,,,2740,0,10,1985,,True,13401319,1985-04-12,wikidata_exact_year_agrees,north,resolved_unique_birthplace,Q312267,Q179833,Sumgait,40.59611111,49.67,True,,2023-01,M,True
738590,"Rapport, Richard",ROU,M,GM,,,,2740,0,10,1996,,True,738590,1996-03-25,wikidata_exact_year_agrees,north,resolved_unique_birthplace,Q945565,Q42007,Szombathely,47.23333333,16.63333333,True,,2023-01,M,True
623539,"Vachier-Lagrave, Maxime",FRA,M,GM,,,,2737,0,10,1990,,True,623539,1990-10-21,wikidata_exact_year_agrees,north,resolved_unique_birthplace,Q256923,Q212274,Nogent-sur-Marne,48.83666667,2.4825,True,,2023-01,M,True
13300474,"Aronian, Levon",USA,M,GM,,,,2735,0,10,1982,,True,13300474,1982-10-06,wikidata_exact_year_agrees,north,resolved_unique_birthplace,Q154586,Q1953,Yerevan,40.18138889,44.51444444,True,,2023-01,M,True
5029465,"Vidit, Santosh Gujrathi",IND,M,GM,,,,2730,0,10,1994,,True,5029465,1994-10-24,wikidata_exact_year_agrees,north,resolved_unique_birthplace,Q15614436,Q200235,Nashik,20.0,73.78333333,True,,2023-01,M,True
4158814,"Andreikin, Dmitry",FID,M,GM,,,,2729,0,10,1990,,True,4158814,1990-02-05,wikidata_exact_year_agrees,north,resolved_unique_birthplace,Q1232768,Q2746,Ryazan,54.63,39.7425,True,,2023-01,M,True
1170546,"Duda, Jan-Krzysztof",POL,M,GM,,,,2729,0,10,1998,,True,1170546,1998-04-26,wikidata_exact_year_agrees,north,resolved_unique_birthplace,Q10860652,Q31487,Kraków,50.06138889,19.93722222,True,,2023-01,M,False
8603820,"Yu, Yangyi",CHN,M,GM,,,,2729,19,10,1994,,True,8603820,1994-06-08,wikidata_exact_year_agrees,north,resolved_unique_birthplace,Q377866,Q71204,Huangshi,30.20178,115.03262,True,,2023-01,M,True
12401137,"Le, Quang Liem",VIE,M,GM,,,,2728,0,10,1991,,True,12401137,1991-03-13,wikidata_exact_year_agrees,north,resolved_unique_birthplace,Q734168,Q1854,Ho Chi Minh City,10.77555556,106.70194444,True,,2023-01,M,True
2900084,"Topalov, Veselin",BUL,M,GM,,,,2728,0,10,1975,,True,2900084,1975-03-15,wikidata_exact_year_agrees,north,resolved_unique_birthplace,Q172798,Q160173,Ruse,43.844532,25.953907,True,,2023-01,M,True
46616543,Gukesh D,IND,M,GM,,,,2725,0,10,2006,,True,46616543,2006-05-29,wikidata_exact_year_agrees,north,resolved_unique_birthplace,Q56026072,Q1352,Chennai,13.0825,80.275,True,,2023-01,M,False
4152956,"Vitiugov, Nikita",FID,M,GM,,,,2723,0,10,1987,,True,4152956,1987-02-04,wikidata_exact_year_agrees,north,resolved_unique_birthplace,Q555598,Q656,Saint Petersburg,59.95,30.31666667,True,,2023-01,M,True
35009192,Erigaisi Arjun,IND,M,GM,,,,2722,0,10,2003,,True,35009192,2003-09-03,wikidata_exact_year_agrees,north,resolved_unique_birthplace,Q27524847,Q16039783,Karimnagar,18.43554,79.13371,True,,2023-01,M,False
8602883,"Wang, Hao",CHN,M,GM,,,,2722,0,10,1989,,True,8602883,1989-08-04,wikidata_exact_year_agrees,north,resolved_unique_birthplace,Q964913,Q42956,Harbin,45.75,126.63333333,True,,2023-01,M,True
8603405,"Wei, Yi",CHN,M,GM,,,,2722,0,10,1999,,True,8603405,1999-06-02,wikidata_exact_year_agrees,north,resolved_unique_birthplace,Q13646741,Q57866,Yancheng,33.35,120.15694444,True,,2023-01,M,False
12539929,"Maghsoodloo, Parham",IRI,M,GM,,,,2719,0,10,2000,,True,12539929,2000-08-11,wikidata_exact_year_agrees,north,resolved_unique_birthplace,Q27527529,Q1975291,Gonbad-e Kavus,37.25004,55.16721,True,,2023-01,M,False
14204118,"Abdusattorov, Nodirbek",UZB,M,GM,,,,2713,0,10,2004,,True,14204118,2004-09-18,wikidata_exact_year_agrees,north,resolved_unique_birthplace,Q20908925,Q269,Tashkent,41.31111111,69.27972222,True,,2023-01,M,False
4189302,"Sjugirov, Sanan",RUS,M,GM,,,,2712,0,10,1993,,True,4189302,1993-01-31,wikidata_exact_year_agrees,north,resolved_unique_birthplace,Q937577,Q3977,Elista,46.31666667,44.26666667,True,,2023-01,M,True
2004887,"Shankland, Sam",USA,M,GM,,,,2710,0,10,1991,,True,2004887,1991-10-01,wikidata_exact_year_agrees,north,resolved_unique_birthplace,Q2218873,Q484678,Berkeley,37.87027778,-122.26805556,True,,2023-01,M,True
2205530,"Vallejo Pons, Francisco",ESP,M,GM,,FT,,2710,9,10,1982,,True,2205530,1982-08-21,wikidata_exact_year_agrees,north,resolved_unique_birthplace,Q543256,Q941533,Es Castell,39.88027778,4.29083333,True,,2023-01,M,True
24126055,"Dubov, Daniil",RUS,M,GM,,,,2708,0,10,1996,,True,24126055,1996-04-18,wikidata_exact_year_agrees,north,resolved_unique_birthplace,Q3078552,Q649,Moscow,55.75055556,37.6175,True,,2023-01,M,True
14102951,"Eljanov, Pavel",UKR,M,GM,,,,2706,0,10,1983,,True,14102951,1983-05-10,wikidata_exact_year_agrees,north,resolved_unique_birthplace,Q361454,Q42308,Kharkiv,49.9925,36.23111111,True,,2023-01,M,True
2093596,"Niemann, Hans Moke",USA,M,GM,,,,2706,19,10,2003,,True,2093596,2003-06-20,wikidata_exact_year_agrees,north,resolved_unique_birthplace,Q59137809,Q62,San Francisco,37.775;37.7775,-122.41944444;-122.41638889,True,,2023-01,M,False
5007003,"Harikrishna, Pentala",IND,M,GM,,,,2705,0,10,1986,,True,5007003,1986-05-10,wikidata_exact_year_agrees,north,resolved_unique_birthplace,Q555232,Q3120966,Guntur,16.3,80.45,True,,2023-01,M,True
2023970,"Robson, Ray",USA,M,GM,,,,2702,0,10,1994,,True,2023970,1994-10-25,wikidata_exact_year_agrees,north,resolved_unique_birthplace,Q2064538,Q16635,Guam,13.5,144.8,True,,2023-01,M,True
24101605,"Artemiev, Vladislav",RUS,M,GM,,,,2701,0,10,1998,,True,24101605,1998-03-05,wikidata_exact_year_agrees,north,resolved_unique_birthplace,Q16336094,Q898,Omsk,54.96666667,73.38333333,True,,2023-01,M,False
1226380,"Deac, Bogdan-Daniel",ROU,M,GM,,,,2700,0,10,2001,,True,1226380,2001-10-08,wikidata_exact_year_agrees,north,resolved_unique_birthplace,Q27524449,Q192758,Râmnicu Vâlcea,45.10472222,24.37555556,True,,2023-01,M,False
13300881,"Sargissian, Gabriel",ARM,M,GM,,,,2699,0,10,1983,,True,13300881,1983-09-03,wikidata_exact_year_agrees,north,resolved_unique_birthplace,Q718592,Q1953,Yerevan,40.18138889,44.51444444,True,,2023-01,M,True
8601445,"Bu, Xiangzhi",CHN,M,GM,,,,2698,0,10,1985,,True,8601445,1985-12-10,wikidata_exact_year_agrees,north,resolved_unique_birthplace,Q470788,Q170322,Qingdao,36.11666667,120.4,True,,2023-01,M,True
12940690,"Keymer, Vincent",GER,M,GM,,,,2696,0,10,2004,,True,12940690,2004-11-15,wikidata_exact_year_agrees,north,resolved_unique_birthplace,Q27526478,Q1720,Mainz,49.99944444,8.27361111,True,,2023-01,M,False
4147235,"Tomashevsky, Evgeny",RUS,M,GM,,,,2694,0,10,1987,,True,4147235,1987-07-01,wikidata_exact_year_agrees,north,resolved_unique_birthplace,Q442544,Q5332,Saratov,51.53,46.035,True,,2023-01,M,True
2047640,"Xiong, Jeffery",USA,M,GM,,,,2692,0,10,2000,,True,2047640,2000-10-30,wikidata_exact_year_agrees,north,resolved_unique_birthplace,Q20973724,Q51689,Plano,33.05,-96.75,True,,2023-01,M,False
400041,"Adams, Michael",ENG,M,GM,,,,2688,0,10,1971,,True,400041,1971-11-17,wikidata_exact_year_agrees,north,resolved_unique_birthplace,Q299636,Q180803,Truro,50.26,-5.051,True,,2023-01,M,True
2040506,"Sevian, Samuel",USA,M,GM,,,,2687,0,10,2000,,True,2040506,2000-12-26,wikidata_exact_year_agrees,north,resolved_unique_birthplace,Q7412591,Q576395,Corning,42.14805556,-77.05694444,True,,2023-01,M,False
4135539,"Alekseenko, Kirill",FID,M,GM,,,,2686,19,10,1997,,True,4135539,1997-06-22,wikidata_exact_year_agrees,north,resolved_unique_birthplace,Q18923582,Q14657,Vyborg,60.71055556,28.74972222,True,,2023-01,M,False
12521213,"Tabatabaei, M. Amin",IRI,M,GM,,,,2686,18,10,2001,,True,12521213,2001-02-05,wikidata_exact_year_agrees,north,resolved_unique_birthplace,Q23710569,Q3616,Tehran,35.68888889,51.38972222,True,,2023-01,M,False
1118358,"Wojtaszek, Radoslaw",POL,M,GM,,,,2686,0,10,1987,,True,1118358,1987-01-13,wikidata_exact_year_agrees,north,resolved_unique_birthplace,Q185236,Q104712,Elbląg,54.15222222,19.40888889,True,,2023-01,M,True
10601457,"Amin, Bassem",EGY,M,GM,,,,2684,4,10,1988,,True,10601457,1988-09-09,wikidata_exact_year_agrees,north,resolved_unique_birthplace,Q93674,Q271771,Tanta,30.78333333,31.0,True,,2023-01,M,True
25059530,Praggnanandhaa R,IND,M,GM,,,,2684,0,10,2005,,True,25059530,2005-08-10,wikidata_exact_year_agrees,north,resolved_unique_birthplace,Q26703041,Q1352,Chennai,13.0825,80.275,True,,2023-01,M,False
24107581,"Predke, Alexandr",FID,M,GM,,,,2684,0,10,1994,,True,24107581,1994-01-05,wikidata_exact_year_agrees,north,resolved_unique_birthplace,Q19915607,Q135285,Dimitrovgrad,54.23333333,49.58333333,True,,2023-01,M,False
13306553,"Martirosyan, Haik M.",ARM,M,GM,,,,2682,0,10,2000,,True,13306553,2000-07-14,wikidata_exact_year_agrees,north,resolved_unique_birthplace,Q27527783,Q2631973,Byuravan,40.016111,44.518611,True,,2023-01,M,False
309095,"Navara, David",CZE,M,GM,,,,2682,3,10,1985,,True,309095,1985-03-27,wikidata_exact_year_agrees,north,resolved_unique_birthplace,Q465524,Q1085,Prague,50.0875,14.42138889,True,,2023-01,M,True
642908,"Moussard, Jules",FRA,M,GM,,,,2681,10,10,1995,,True,642908,1995-01-16,wikidata_exact_year_agrees,north,resolved_unique_birthplace,Q25932923,Q90,Paris,48.85666667,2.35222222,True,,2023-01,M,False
1039784,"Van Foreest, Jorden",NED,M,GM,,,,2681,10,10,1999,,True,1039784,1999-04-30,wikidata_exact_year_agrees,north,resolved_unique_birthplace,Q15877133,Q803,Utrecht,52.09083333,5.12166667,True,,2023-01,M,False
2285525,"Anton Guijarro, David",ESP,M,GM,,,,2679,2,10,1995,,True,2285525,1995-06-23,wikidata_exact_year_agrees,north,resolved_unique_birthplace,Q15955505,Q12225,Murcia,37.98333333,-1.13027778,True,,2023-01,M,True
14200244,"Kasimdzhanov, Rustam",UZB,M,GM,,,,2678,0,10,1979,,True,14200244,1979-12-05,wikidata_exact_year_agrees,north,resolved_unique_birthplace,Q489015,Q269,Tashkent,41.31111111,69.27972222,True,,2023-01,M,True
702293,"Almasi, Zoltan",HUN,M,GM,,,,2677,0,10,1976,,True,702293,1976-08-29,wikidata_exact_year_agrees,north,resolved_unique_birthplace,Q218875,Q1781,Budapest,47.49833333,19.04083333,True,,2023-01,M,True
9301348,"Salem, A.R. Saleh",UAE,M,GM,,,,2677,0,10,1993,,True,9301348,1993-01-04,wikidata_exact_year_agrees,north,resolved_unique_birthplace,Q4405780,Q289693,Sharjah,25.3375,55.41194444,True,,2023-01,M,True
24175439,"Esipenko, Andrey",FID,M,GM,,,,2675,10,10,2002,,True,24175439,2002-03-22,wikidata_exact_year_agrees,north,resolved_unique_birthplace,Q27524878,Q175452,Novocherkassk,47.42222222,40.09388889,True,,2023-01,M,False
24130737,"Fedoseev, Vladimir",FID,M,GM,,,,2674,10,10,1995,,True,24130737,1995-02-16,wikidata_exact_year_agrees,north,resolved_unique_birthplace,Q4482094,Q656,Saint Petersburg,59.95,30.31666667,True,,2023-01,M,False
14117908,"Kovalenko, Igor",UKR,M,GM,,,,2674,0,10,1988,,True,14117908,1988-12-29,wikidata_exact_year_agrees,north,resolved_unique_birthplace,Q4225422,Q640680,Samar,48.631606,35.224519,True,,2023-01,M,True
8604436,"Li, Chao b",CHN,M,GM,,,,2672,0,10,1989,,True,8604436,1989-04-21,wikidata_exact_year_agrees,north,resolved_unique_birthplace,Q1364609,Q72778,Taiyuan,37.87326,112.54245,True,,2023-01,M,True
25092340,Nihal Sarin,IND,M,GM,,,,2670,0,10,2004,,True,25092340,2004-07-13,wikidata_exact_year_agrees,north,resolved_unique_birthplace,Q17386461,Q163798,Thrissur,10.52,76.21,True,,2023-01,M,False
24125890,"Oparin, Grigoriy",USA,M,GM,,,,2670,9,10,1997,,True,24125890,1997-07-01,wikidata_exact_year_agrees,north,resolved_unique_birthplace,Q15302250,Q1726,Munich,48.1375,11.575,True,,2023-01,M,False
5058422,Narayanan.S.L,IND,M,GM,,,,2669,10,10,1998,,True,5058422,1998-01-10,wikidata_exact_year_agrees,north,resolved_unique_birthplace,Q27532882,Q167715,Thiruvananthapuram,8.4875,76.9525,True,,2023-01,M,False
24133795,"Sarana, Alexey",FID,M,GM,,,,2668,0,10,2000,,True,24133795,2000-01-26,wikidata_exact_year_agrees,north,resolved_unique_birthplace,Q27531199,Q649,Moscow,55.75055556,37.6175,True,,2023-01,M,False
2805677,"Gelfand, Boris",ISR,M,GM,,,,2667,0,10,1968,,True,2805677,1968-06-24,wikidata_exact_year_agrees,north,resolved_unique_birthplace,Q486778,Q2280,Minsk,53.902246,27.561837,True,,2023-01,M,True
8601160,"Ni, Hua",CHN,M,GM,,,,2667,0,10,1983,,True,8601160,1983-05-31,wikidata_exact_year_agrees,north,resolved_unique_birthplace,Q1450826,Q8686,Shanghai,31.2325,121.46916667,True,,2023-01,M,True
2000024,"Kamsky, Gata",USA,M,GM,,,,2666,1,10,1974,,True,2000024,1974-06-02,wikidata_exact_year_agrees,north,resolved_unique_birthplace,Q315155,Q93910,Novokuznetsk,53.75,87.11666667,True,,2023-01,M,True
2209390,"Shirov, Alexei",ESP,M,GM,,,,2666,2,10,1972,,True,2209390,1972-07-04,wikidata_exact_year_agrees,north,resolved_unique_birthplace,Q214713,Q1773,Riga,56.9475,24.10694444,True,,2023-01,M,True
14107090,"Volokitin, Andrei",UKR,M,GM,,,,2666,1,10,1986,,True,14107090,1986-06-18,wikidata_exact_year_agrees,north,resolved_unique_birthplace,Q276885,Q36036,Lviv,49.838055;49.841952,24.023055;24.0315921,True,,2023-01,M,True
14100010,"Ivanchuk, Vasyl",UKR,M,GM,,,,2664,7,10,1969,,True,14100010,1969-03-18,wikidata_exact_year_agrees,north,resolved_unique_birthplace,Q208229,Q997381,Kopychyntsi,49.10867444,25.91187094,True,,2023-01,M,True
410608,"Howell, David W L",ENG,M,GM,,,,2663,1,10,1990,,True,410608,1990-11-14,wikidata_exact_year_agrees,north,resolved_unique_birthplace,Q1119406,Q208262,Eastbourne,50.76638889,0.28611111,True,,2023-01,M,True
4650891,"Naiditsch, Arkadij",AZE,M,GM,,,,2663,1,10,1985,,True,4650891,1985-10-25,wikidata_exact_year_agrees,north,resolved_unique_birthplace,Q77224,Q1773,Riga,56.9475,24.10694444,True,,2023-01,M,True
4168003,"Matlakov, Maxim",RUS,M,GM,,,,2662,0,10,1991,,True,4168003,1991-03-05,wikidata_exact_year_agrees,north,resolved_unique_birthplace,Q556485,Q656,Saint Petersburg,59.95,30.31666667,True,,2023-01,M,True
4118987,"Najer, Evgeniy",RUS,M,GM,,FST,,2662,0,10,1977,,True,4118987,1977-06-22,wikidata_exact_year_agrees,north,resolved_unique_birthplace,Q490636,Q649,Moscow,55.75055556,37.6175,True,,2023-01,M,True
14129574,"Shevchenko, Kirill",ROU,M,GM,,,,2662,9,10,2002,,True,14129574,2002-09-22,wikidata_exact_year_agrees,north,resolved_unique_birthplace,Q27531893,Q1899,Kyiv,50.45,30.52361111,True,,2023-01,M,False
24651516,"Bluebaum, Matthias",GER,M,GM,,,,2661,9,10,1997,,True,24651516,1997-04-18,wikidata_exact_year_agrees,north,resolved_unique_birthplace,Q19613834,Q14817,Lemgo,52.02768056,8.9043,True,,2023-01,M,False
13401378,"Guseinov, Gadir",AZE,M,GM,,,,2661,0,10,1986,,True,13401378,1986-05-21,wikidata_exact_year_agrees,north,resolved_unique_birthplace,Q725177,Q649,Moscow,55.75055556,37.6175,True,,2023-01,M,True
4162722,"Inarkiev, Ernesto",FID,M,GM,,,,2661,0,10,1985,,True,4162722,1985-12-09,wikidata_exact_year_agrees,north,resolved_unique_birthplace,Q1356780,Q47282,Osh,40.53333333,72.78333333,True,,2023-01,M,True
1710400,"Grandelius, Nils",SWE,M,GM,,,,2660,0,10,1993,,True,1710400,1993-06-03,wikidata_exact_year_agrees,north,resolved_unique_birthplace,Q1992344,Q2167,Lund,55.70831302,13.1991642,True,,2023-01,M,True
2905540,"Cheparinov, Ivan",BUL,M,GM,,,,2659,19,10,1986,,True,2905540,1986-11-26,wikidata_exact_year_agrees,north,resolved_unique_birthplace,Q525731,Q191871,Asenovgrad,42.008187,24.877295,True,,2023-01,M,True
8603154,"Ma, Qun",CHN,M,GM,,,,2659,0,10,1991,,True,8603154,1991-11-09,wikidata_exact_year_agrees,north,resolved_unique_birthplace,Q16225574,Q170322,Qingdao,36.11666667,120.4,True,,2023-01,M,True
2293307,"Santos Latasa, Jaime",ESP,M,GM,,FI,,2657,9,10,1996,,True,2293307,1996-07-03,wikidata_exact_year_agrees,north,resolved_unique_birthplace,Q27531181,Q10313,San Sebastián,43.32,-1.98,True,,2023-01,M,False
14508150,"Saric, Ivan",CRO,M,GM,,,,2657,12,10,1990,,True,14508150,1990-08-17,wikidata_exact_year_agrees,north,resolved_unique_birthplace,Q993350,Q1663,Split,43.51,16.44,True,,2023-01,M,True
358878,"Nguyen, Thai Dai Van",CZE,M,GM,,,,2656,0,10,2001,,True,358878,2001-12-12,wikidata_exact_year_agrees,north,resolved_unique_birthplace,Q27528849,Q1085,Prague,50.0875,14.42138889,True,,2023-01,M,False
14103320,"Ponomariov, Ruslan",UKR,M,GM,,,,2655,2,10,1983,,True,14103320,1983-10-11,wikidata_exact_year_agrees,north,resolved_unique_birthplace,Q207723,Q157260,Horlivka,48.33361111,38.0925,True,,2023-01,M,True
14118084,"Nyzhnyk, Illya",UKR,M,GM,,,,2654,14,10,1996,,True,14118084,1996-09-27,wikidata_exact_year_agrees,north,resolved_unique_birthplace,Q494656,Q157144,Vinnytsia,49.23722222,28.46722222,True,,2023-01,M,True
14205483,"Sindarov, Javokhir",UZB,M,GM,,,,2654,0,10,2005,,True,14205483,2005-12-08,wikidata_exact_year_agrees,north,resolved_unique_birthplace,Q27532037,Q269,Tashkent,41.31111111,69.27972222,True,,2023-01,M,False
605506,"Bacrot, Etienne",FRA,M,GM,,,,2653,0,10,1983,,True,605506,1983-01-22,wikidata_exact_year_agrees,north,resolved_unique_birthplace,Q289349,Q648,Lille,50.63194444,3.0575,True,,2023-01,M,True
1510045,"Tari, Aryan",NOR,M,GM,,,,2653,9,10,1999,,True,1510045,1999-06-04,wikidata_exact_year_agrees,north,resolved_unique_birthplace,Q20808228,Q20,Norway,59.93333333,10.68333333,True,,2023-01,M,False
3802272,"Cori, Jorge",PER,M,GM,,FT,,2652,9,10,1995,,True,3802272,1995-07-30,wikidata_exact_year_agrees,south,resolved_unique_birthplace,Q730058,Q2868,Lima,-12.06,-77.0375,False,hemisphere:south:resolved_unique_birthplace,2023-01,M,False
14105730,"Korobov, Anton",UKR,M,GM,,,,2651,12,10,1985,,True,14105730,1985-06-25,wikidata_exact_year_agrees,north,resolved_unique_birthplace,Q591200,Q158751,Mezhdurechensk,53.68638889,88.07027778,True,,2023-01,M,True
4120787,"Malakhov, Vladimir",FID,M,GM,,,,2650,0,10,1980,,True,4120787,1980-11-27,wikidata_exact_year_agrees,north,resolved_unique_birthplace,Q703625,Q2630,Ivanovo,57.0,41.0,True,,2023-01,M,True
14109182,"Kryvoruchko, Yuriy",UKR,M,GM,,,,2649,0,10,1986,,True,14109182,1986-12-19,wikidata_exact_year_agrees,north,resolved_unique_birthplace,Q1713972,Q36036,Lviv,49.838055;49.841952,24.023055;24.0315921,True,,2023-01,M,True
1000268,"Van Wely, Loek",NED,M,GM,,,,2648,1,10,1972,,True,1000268,1972-10-07,wikidata_exact_year_agrees,north,resolved_unique_birthplace,Q956390,Q9815,Bernheze,51.6931,5.5253,True,,2023-01,M,True
13401653,"Mamedov, Rauf",AZE,M,GM,,,,2646,0,10,1988,,True,13401653,1988-04-26,wikidata_exact_year_agrees,north,resolved_unique_birthplace,Q574962,Q9248,Baku,40.36665556,49.83518333,True,,2023-01,M,True
1126881,"Swiercz, Dariusz",USA,M,GM,,,,2646,0,10,1994,,True,1126881,1994-05-31,wikidata_exact_year_agrees,north,resolved_unique_birthplace,Q1992664,Q329833,Tarnowskie Góry,50.44527778,18.86138889,True,,2023-01,M,True
13302485,"Melkumyan, Hrant",ARM,M,GM,,,,2645,0,10,1989,,True,13302485,1989-04-30,wikidata_exact_year_agrees,north,resolved_unique_birthplace,Q1382386,Q1953,Yerevan,40.18138889,44.51444444,True,,2023-01,M,True
12401110,"Nguyen, Ngoc Truong Son",VIE,M,GM,,,,2645,0,10,1990,,True,12401110,1990-02-23,wikidata_exact_year_agrees,north,resolved_unique_birthplace,Q2111035,Q36093,Rạch Giá,10.0125,105.08083333,True,,2023-01,M,True
13402960,"Abasov, Nijat",AZE,M,GM,,,,2643,0,10,1995,,True,13402960,1995-05-14,wikidata_exact_year_agrees,north,resolved_unique_birthplace,Q388220,Q9248,Baku,40.36665556,49.83518333,True,,2023-01,M,False
5021596,"Sethuraman, S.P.",IND,M,GM,,,,2642,0,10,1993,,True,5021596,1993-02-25,wikidata_exact_year_agrees,north,resolved_unique_birthplace,Q11802586,Q1352,Chennai,13.0825,80.275,True,,2023-01,M,True
911925,"Indjic, Aleksandar",SRB,M,GM,,,,2641,9,10,1995,,True,911925,1995-08-24,wikidata_exact_year_agrees,north,resolved_unique_birthplace,Q16655550,Q3711,Belgrade,44.81777778,20.45694444,True,,2023-01,M,False
14102536,"Fedorchuk, Sergey A.",UKR,M,GM,,,,2640,1,10,1981,,True,14102536,1981-03-14,wikidata_exact_year_agrees,north,resolved_unique_birthplace,Q303873,Q157144,Vinnytsia,49.23722222,28.46722222,True,,2023-01,M,True
2056437,"Liang, Awonder",USA,M,GM,,,,2640,16,10,2003,,True,2056437,2003-04-09,wikidata_exact_year_agrees,north,resolved_unique_birthplace,Q4830120,Q43788,Madison,43.07472222,-89.38416667,True,,2023-01,M,False
712779,"Gledura, Benjamin",HUN,M,GM,,FI,,2639,9,10,1999,,True,712779,1999-07-04,wikidata_exact_year_agrees,north,resolved_unique_birthplace,Q22570141,Q167109,Eger,47.89888889,20.37472222,True,,2023-01,M,False
1610856,"Ragger, Markus",AUT,M,GM,,,,2638,3,10,1988,,True,1610856,1988-02-05,wikidata_exact_year_agrees,north,resolved_unique_birthplace,Q688382,Q41753,Klagenfurt am Wörthersee,46.61666667,14.3,True,,2023-01,M,True
14926970,"Pechac, Jergus",SVK,M,GM,,,,2637,3,10,2001,,True,14926970,2001-10-31,wikidata_exact_year_agrees,north,resolved_unique_birthplace,Q27529495,Q214,Slovakia,48.7,19.7,True,,2023-01,M,False
3901211,"Iturrizaga Bonelli, Eduardo",ESP,M,GM,,,,2636,0,10,1989,,True,3901211,1989-11-01,wikidata_exact_year_agrees,north,resolved_unique_birthplace,Q5340641,Q1533,Caracas,10.50611111,-66.91444444,True,,2023-01,M,True
4173708,"Rakhmanov, Aleksandr",FID,M,GM,,FT,,2635,9,10,1989,,True,4173708,1989-08-28,wikidata_exact_year_agrees,north,resolved_unique_birthplace,Q4391159,Q2144,Cherepovets,59.13333333,37.91666667,True,,2023-01,M,True
5004985,"Sasikiran, Krishnan",IND,M,GM,,,,2635,0,10,1981,,True,5004985,1981-01-07,wikidata_exact_year_agrees,north,resolved_unique_birthplace,Q371180,Q1352,Chennai,13.0825,80.275,True,,2023-01,M,True
110973,"Pichot, Alan",ARG,M,GM,,,,2634,11,10,1998,,True,110973,1998-08-13,wikidata_exact_year_agrees,south,resolved_unique_birthplace,Q18202642,Q1486,Buenos Aires,-34.59972222,-58.38194444,False,hemisphere:south:resolved_unique_birthplace,2023-01,M,False
718572,"Berkes, Ferenc",HUN,M,GM,,,,2633,12,10,1985,,True,718572,1985-08-08,wikidata_exact_year_agrees,north,resolved_unique_birthplace,Q793526,Q203344,Baja,46.18333333,18.95361111,True,,2023-01,M,True
12510130,"Idani, Pouya",IRI,M,GM,,,,2633,10,10,1995,,True,12510130,1995-09-22,wikidata_exact_year_agrees,north,resolved_unique_birthplace,Q27525927,Q170366,Ahvaz,31.31888889,48.68416667,True,,2023-01,M,False
4108116,"Chigaev, Maksim",FID,M,GM,,,,2632,0,10,1996,,True,4108116,1996-11-07,wikidata_exact_year_agrees,north,resolved_unique_birthplace,Q26990815,Q6066,Kemerovo,55.33333333,86.06666667,True,,2023-01,M,False
2809052,"Nabaty, Tamir",ISR,M,GM,,,,2632,5,10,1991,,True,2809052,1991-05-04,wikidata_exact_year_agrees,north,resolved_unique_birthplace,Q1620593,Q168162,Ness Ziona,31.93333333,34.8,True,,2023-01,M,True
13300857,"Petrosyan, Manuel",ARM,M,GM,,,,2632,10,10,1998,,True,13300857,1998-05-06,wikidata_exact_year_agrees,north,resolved_unique_birthplace,Q27529864,Q129352,Khankendi,39.81527778,46.75194444,True,,2023-01,M,False
14109530,"Areshchenko, Alexander",UKR,M,GM,,,,2631,0,10,1986,,True,14109530,1986-06-15,wikidata_exact_year_agrees,north,resolved_unique_birthplace,Q251611,Q134279,Luhansk,48.5717084,39.2973153,True,,2023-01,M,True
404853,"McShane, Luke J",ENG,M,GM,,,,2631,0,10,1984,,True,404853,1984-01-07,wikidata_exact_year_agrees,north,resolved_unique_birthplace,Q392661,Q84,London,51.50722222,-0.1275,True,,2023-01,M,True
1503707,"Hammer, Jon Ludvig",NOR,M,GM,,,,2630,0,10,1990,,True,1503707,1990-06-02,wikidata_exact_year_agrees,north,resolved_unique_birthplace,Q1152824,Q26793,Bergen,60.3925,5.32333333,True,,2023-01,M,True
13306766,"Sargsyan, Shant",ARM,M,GM,,,,2630,9,10,2002,,True,13306766,2002-01-27,wikidata_exact_year_agrees,north,resolved_unique_birthplace,Q27531213,Q1953,Yerevan,40.18138889,44.51444444,True,,2023-01,M,False
14203987,"Yakubboev, Nodirbek",UZB,M,GM,,,,2630,9,10,2002,,True,14203987,2002-01-23,wikidata_exact_year_agrees,north,resolved_unique_birthplace,Q27534239,Q269,Tashkent,41.31111111,69.27972222,True,,2023-01,M,False
14603853,"Lenic, Luka",SLO,M,GM,,,,2629,0,10,1988,,True,14603853,1988-05-13,wikidata_exact_year_agrees,north,resolved_unique_birthplace,Q780927,Q437,Ljubljana,46.05138889,14.50611111,True,,2023-01,M,True
4201345,"Papaioannou, Ioannis",GRE,M,GM,,FT,,2628,0,10,1976,,True,4201345,1976-04-20,wikidata_exact_year_agrees,north,resolved_unique_birthplace,Q3657177,Q1524,Athens,37.98416667,23.72805556,True,,2023-01,M,True
24603295,"Donchenko, Alexander",GER,M,GM,,,,2627,9,10,1998,,True,24603295,1998-03-22,wikidata_exact_year_agrees,north,resolved_unique_birthplace,Q19615148,Q649,Moscow,55.75055556,37.6175,True,,2023-01,M,False
1007998,"L'Ami, Erwin",NED,M,GM,,,,2627,0,10,1985,,True,1007998,1985-04-05,wikidata_exact_year_agrees,north,resolved_unique_birthplace,Q1363654,Q5128,Woerden,52.08583333,4.88333333,True,,2023-01,M,True
4170350,"Popov, Ivan",RUS,M,GM,,,,2627,0,10,1990,,True,4170350,1990-03-20,wikidata_exact_year_agrees,north,resolved_unique_birthplace,Q3429656,Q908,Rostov-on-Don,47.2225,39.71,True,,2023-01,M,True
35093487,"Sadhwani, Raunak",IND,M,GM,,,,2627,0,10,2005,,True,35093487,2005-12-22,wikidata_exact_year_agrees,north,resolved_unique_birthplace,Q72088964,Q1513,Nagpur,21.14972222,79.08055556,True,,2023-01,M,False
13306677,"Hakobyan, Aram",ARM,M,GM,,,,2626,9,10,2001,,True,13306677,2001-04-01,wikidata_exact_year_agrees,north,resolved_unique_birthplace,Q27525651,Q1953,Yerevan,40.18138889,44.51444444,True,,2023-01,M,False
5074452,"Karthikeyan, Murali",IND,M,GM,,,,2626,19,10,1999,,True,5074452,1999-05-01,wikidata_exact_year_agrees,north,resolved_unique_birthplace,Q6937282,Q41496,Thanjavur,10.787,79.137806,True,,2023-01,M,False
4125029,"Riazantsev, Alexander",RUS,M,GM,,,,2626,0,10,1985,,True,4125029,1985-09-12,wikidata_exact_year_agrees,north,resolved_unique_birthplace,Q115814,Q649,Moscow,55.75055556,37.6175,True,,2023-01,M,True
4160258,"Demchenko, Anton",FID,M,GM,,,,2625,10,10,1987,,True,4160258,1987-08-20,wikidata_exact_year_agrees,north,resolved_unique_birthplace,Q4157722,Q15760,Novorossiysk,44.71666667,37.76666667,True,,2023-01,M,True
112275,"Mareco, Sandro",ARG,M,GM,,,,2625,21,10,1987,,True,112275,1987-05-13,wikidata_exact_year_agrees,south,resolved_unique_birthplace,Q4281305,Q635862,Haedo,-34.65,-58.6,False,hemisphere:south:resolved_unique_birthplace,2023-01,M,False
4121830,"Motylev, Alexander",FID,M,GM,,FST,,2624,2,10,1979,,True,4121830,1979-06-17,wikidata_exact_year_agrees,north,resolved_unique_birthplace,Q938831,Q887,Yekaterinburg,56.83555556,60.61277778,True,,2023-01,M,True
5016690,"Negi, Parimarjan",IND,M,GM,,,,2624,9,10,1993,,True,5016690,1993-02-09,wikidata_exact_year_agrees,north,resolved_unique_birthplace,Q500436,Q987,New Delhi,28.61388889,77.20888889,True,,2023-01,M,True
3409350,"Henriquez Villagra, Cristobal",CHI,M,GM,,,,2623,30,10,1996,,True,3409350,1996-08-07,wikidata_exact_year_agrees,south,resolved_unique_birthplace,Q21006540,Q14460,La Florida,-33.55,-70.56666667,False,hemisphere:south:resolved_unique_birthplace,2023-01,M,False
409561,"Jones, Gawain C B",ENG,M,GM,,,,2623,10,10,1987,,True,409561,1987-12-11,wikidata_exact_year_agrees,north,resolved_unique_birthplace,Q541729,Q990168,Keighley,53.86666667,-1.91666667,True,,2023-01,M,True
14116804,"Zherebukh, Yaroslav",USA,M,GM,,,,2623,0,10,1993,,True,14116804,1993-07-14,wikidata_exact_year_agrees,north,resolved_unique_birthplace,Q982242,Q36036,Lviv,49.838055;49.841952,24.023055;24.0315921,True,,2023-01,M,True
608742,"Fressinet, Laurent",FRA,M,GM,,,,2622,0,10,1981,,True,608742,1981-11-30,wikidata_exact_year_agrees,north,resolved_unique_birthplace,Q1383467,Q188878,Dax,43.70694444,-1.05138889,True,,2023-01,M,True
2026961,"Naroditsky, Daniel",USA,M,GM,,,,2622,7,10,1995,,True,2026961,1995-11-09,wikidata_exact_year_agrees,north,resolved_unique_birthplace,Q5218240,Q169943,San Mateo,37.55416667,-122.31305556,True,,2023-01,M,False
13301004,"Grigoryan, Karen H.",ARM,M,GM,,,,2621,10,10,1995,,True,13301004,1995-02-25,wikidata_exact_year_agrees,north,resolved_unique_birthplace,Q14920221,Q1953,Yerevan,40.18138889,44.51444444,True,,2023-01,M,False
1107038,"Socko, Bartosz",POL,M,GM,,,,2620,0,10,1978,,True,1107038,1978-11-10,wikidata_exact_year_agrees,north,resolved_unique_birthplace,Q809574,Q741876,Piaseczno,52.0747377,21.0270885,True,,2023-01,M,True
4657101,"Svane, Rasmus",GER,M,GM,,,,2620,9,10,1997,,True,4657101,1997-05-21,wikidata_exact_year_agrees,north,resolved_unique_birthplace,Q20179966,Q499479,Allerød Municipality,55.86666667,12.36666667,True,,2023-01,M,False
14114038,"Onyshchuk, Volodymyr",UKR,M,GM,,,,2619,0,10,1991,,True,14114038,1991-07-21,wikidata_exact_year_agrees,north,resolved_unique_birthplace,Q4334927,Q156726,Ivano-Frankivsk,48.92277778,24.71055556,True,,2023-01,M,True
813192,"Vocaturo, Daniele",ITA,M,GM,,,,2619,0,10,1989,,True,813192,1989-12-16,wikidata_exact_year_agrees,north,resolved_unique_birthplace,Q2392158,Q220,Rome,41.89305556,12.48277778,True,,2023-01,M,False
1017063,"Bok, Benjamin",NED,M,GM,,,,2618,0,10,1995,,True,1017063,1995-01-25,wikidata_exact_year_agrees,north,resolved_unique_birthplace,Q1853719,Q166065,Lelystad,52.51666667,5.48333333,True,,2023-01,M,False
13402935,"Durarbayli, Vasif",AZE,M,GM,,,,2618,10,10,1992,,True,13402935,1992-02-24,wikidata_exact_year_agrees,north,resolved_unique_birthplace,Q535368,Q179833,Sumgait,40.59611111,49.67,True,,2023-01,M,True
4625498,"Gustafsson, Jan",GER,M,GM,,FST,,2618,0,10,1979,,True,4625498,1979-06-25,wikidata_exact_year_agrees,north,resolved_unique_birthplace,Q70780,Q1055,Hamburg,53.55,10.0,True,,2023-01,M,True
14112906,"Kuzubov, Yuriy",UKR,M,GM,,,,2618,0,10,1990,,True,14112906,1990-01-26,wikidata_exact_year_agrees,north,resolved_unique_birthplace,Q965419,Q196533,Sychyovka,55.82527778,34.27361111,True,,2023-01,M,True
13402129,"Safarli, Eltaj",AZE,M,GM,,,,2618,18,10,1992,,True,13402129,1992-05-18,wikidata_exact_year_agrees,north,resolved_unique_birthplace,Q1334037,Q9248,Baku,40.36665556,49.83518333,True,,2023-01,M,True
1444948,"Bjerre, Jonas Buhl",DEN,M,GM,,,,2616,1,10,2004,,True,1444948,2004-06-26,wikidata_exact_year_agrees,north,resolved_unique_birthplace,Q27523653,Q21180,Silkeborg,56.16666667,9.55,True,,2023-01,M,False
2806851,"Rodshtein, Maxim",ISR,M,GM,,,,2616,3,10,1989,,True,2806851,1989-01-19,wikidata_exact_year_agrees,north,resolved_unique_birthplace,Q1335244,Q656,Saint Petersburg,59.95,30.31666667,True,,2023-01,M,True
1048104,"Warmerdam, Max",NED,M,GM,,,,2616,1,10,2000,,True,1048104,2000-03-30,wikidata_exact_year_agrees,north,resolved_unique_birthplace,Q27534104,Q1019522,Tegelen,51.3422,6.1364,True,,2023-01,M,False
1112635,"Bartel, Mateusz",POL,M,GM,,,,2615,9,10,1985,,True,1112635,1985-01-03,wikidata_exact_year_agrees,north,resolved_unique_birthplace,Q724047,Q270,Warsaw,52.23,21.01111111,True,,2023-01,M,True
4675789,"Meier, Georg",URU,M,GM,,,,2615,0,10,1987,,True,4675789,1987-08-26,wikidata_exact_year_agrees,north,resolved_unique_birthplace,Q68688,Q3138,Trier,49.75565,6.63935,True,,2023-01,M,True
310204,"Movsesian, Sergei",ARM,M,GM,,FT,,2615,2,10,1978,,True,310204,1978-11-03,wikidata_exact_year_agrees,north,resolved_unique_birthplace,Q460020,Q994,Tbilisi,41.7225,44.7925,True,,2023-01,M,True
2802007,"Sutovsky, Emil",ISR,M,GM,,,,2615,0,10,1977,,True,2802007,1977-09-19,wikidata_exact_year_agrees,north,resolved_unique_birthplace,Q670159,Q9248,Baku,40.36665556,49.83518333,True,,2023-01,M,True
2200015,"Illescas Cordoba, Miguel",ESP,M,GM,,,,2614,0,10,1965,,True,2200015,1965-12-03,wikidata_exact_year_agrees,north,resolved_unique_birthplace,Q212554,Q1492,Barcelona,41.3825,2.17694444,True,,2023-01,M,True
5072786,"Aravindh, Chithambaram VR.",IND,M,GM,,,,2613,10,10,1999,,True,5072786,1999-09-11,wikidata_exact_year_agrees,north,resolved_unique_birthplace,Q18202648,Q228405,Madurai,9.91966111,78.11939444,True,,2023-01,M,False
3503739,"Bruzon Batista, Lazaro",USA,M,GM,,,,2613,9,10,1982,,True,3503739,1982-05-02,wikidata_exact_year_agrees,north,resolved_unique_birthplace,Q932307,Q244154,Holguin,20.88722222,-76.26305556,True,,2023-01,M,True
240990,"Dardha, Daniel",BEL,M,GM,,,,2613,12,10,2005,,True,240990,2005-10-01,wikidata_exact_year_agrees,north,resolved_unique_birthplace,Q66923136,Q688781,Mortsel,51.17027778,4.45666667,True,,2023-01,M,False
13300032,"Akopian, Vladimir",USA,M,GM,,,,2612,0,10,1971,,True,13300032,1971-12-07,wikidata_exact_year_agrees,north,resolved_unique_birthplace,Q380839,Q9248,Baku,40.36665556,49.83518333,True,,2023-01,M,True
722413,"Banusz, Tamas",HUN,M,GM,,,,2611,2,10,1989,,True,722413,1989-04-08,wikidata_exact_year_agrees,north,resolved_unique_birthplace,Q1169976,Q320798,Mohács,45.99583333,18.67972222,True,,2023-01,M,True
5018471,"Adhiban, B.",IND,M,GM,,,,2610,10,10,1992,,True,5018471,1992-08-15,wikidata_exact_year_agrees,north,resolved_unique_birthplace,Q795182,Q339986,Mayiladuthurai,11.10194444,79.65,True,,2023-01,M,True
316385,"Laznicka, Viktor",CZE,M,GM,,,,2610,3,10,1988,,True,316385,,multiple_wikidata_exact_dobs,north,resolved_unique_birthplace,Q2004661,Q36989,Pardubice,50.03861,15.77916,False,dob:multiple_wikidata_exact_dobs,2023-01,M,False
1413864,"Andersen, Mads",DEN,M,GM,,,,2609,1,10,1995,,True,1413864,1995-03-01,wikidata_exact_year_agrees,north,resolved_unique_birthplace,Q26262320,Q226,Nuuk,64.175,-51.73333333,True,,2023-01,M,False
728446,"Balog, Imre",HUN,M,GM,,,,2609,3,10,1991,,True,728446,1991-10-28,wikidata_exact_year_agrees,north,resolved_unique_birthplace,Q1471416,Q178878,Békéscsaba,46.68333333,21.08333333,True,,2023-01,M,True
14100371,"Bernadskiy, Vitaliy",UKR,M,GM,,,,2609,19,10,1994,,True,14100371,1994-10-17,wikidata_exact_year_agrees,north,resolved_unique_birthplace,Q18236512,Q157725,Chernivtsi,48.29083333,25.93444444,True,,2023-01,M,False
2606771,"Hansen, Eric",CAN,M,GM,,,,2609,0,10,1992,,True,2606771,1992-05-24,wikidata_exact_year_agrees,north,resolved_unique_birthplace,Q5386660,Q49219,Irvine,33.68416667,-117.7925,True,,2023-01,M,True
13702661,"Jumabayev, Rinat",KAZ,M,GM,,,,2609,0,10,1989,,True,13702661,1989-07-23,wikidata_exact_year_agrees,north,resolved_unique_birthplace,Q4181620,Q485496,Shymkent,42.3,69.6,True,,2023-01,M,True
921637,"Markus, Robert",SRB,M,GM,,,,2609,2,10,1983,,True,921637,1983-10-07,wikidata_exact_year_agrees,north,resolved_unique_birthplace,Q1124934,Q597513,Bačka Topola,45.80888889,19.635,True,,2023-01,M,True
1130420,"Piorun, Kacper",POL,M,GM,,,,2609,2,10,1991,,True,1130420,1991-11-24,wikidata_exact_year_agrees,north,resolved_unique_birthplace,Q4386158,Q109992,Łowicz,52.1,19.93333333,True,,2023-01,M,True
6302718,"Yilmaz, Mustafa",TUR,M,GM,,,,2609,9,10,1992,,True,6302718,1992-11-05,wikidata_exact_year_agrees,north,resolved_unique_birthplace,Q14703323,Q483191,Kastamonu Province,41.51944444,33.68972222,True,,2023-01,M,True
2106388,"Supi, Luis Paulo",BRA,M,GM,,,,2608,5,10,1996,,True,2106388,1996-06-25,wikidata_exact_year_agrees,south,resolved_unique_birthplace,Q27532890,Q983683,Catanduva,-21.13777778,-48.97277778,False,hemisphere:south:resolved_unique_birthplace,2023-01,M,False
5084423,Aryan Chopra,IND,M,GM,,,,2607,18,10,2001,,True,5084423,2001-12-10,wikidata_exact_year_agrees,north,resolved_unique_birthplace,Q27063238,Q987,New Delhi,28.61388889,77.20888889,True,,2023-01,M,False
14201801,"Vakhidov, Jakhongir",UZB,M,GM,,,,2607,0,10,1995,,True,14201801,1995-04-27,wikidata_exact_year_agrees,north,resolved_unique_birthplace,Q20631628,Q5753,Samarkand,39.65472222,66.97583333,True,,2023-01,M,False
4100107,"Dreev, Aleksey",RUS,M,GM,,,,2606,0,10,1969,,True,4100107,1969-01-30,wikidata_exact_year_agrees,north,resolved_unique_birthplace,Q543241,Q5206,Stavropol,45.05,41.98333333,True,,2023-01,M,True
12909572,"Kollars, Dmitrij",GER,M,GM,,,,2606,10,10,1999,,True,12909572,1999-08-13,wikidata_exact_year_agrees,north,resolved_unique_birthplace,Q27526663,Q24879,Bremen,53.07583333,8.80722222,True,,2023-01,M,False
11601388,"Neiksans, Arturs",LAT,M,GM,,,,2606,0,10,1983,,True,11601388,1983-03-16,wikidata_exact_year_agrees,north,resolved_unique_birthplace,Q1973188,Q323774,Valka,57.77527778,26.02138889,True,,2023-01,M,True
5045185,"Vaibhav, Suri",IND,M,GM,,,,2606,0,10,1997,,True,5045185,1997-02-08,wikidata_exact_year_agrees,north,resolved_unique_birthplace,Q16628894,Q987,New Delhi,28.61388889,77.20888889,True,,2023-01,M,False
4202694,"Mastrovasilis, Dimitrios",GRE,M,GM,,,,2605,0,10,1983,,True,4202694,1983-06-12,wikidata_exact_year_agrees,north,resolved_unique_birthplace,Q2616379,Q17151,Thessaloniki,40.64027778,22.93555556,True,,2023-01,M,True
13302531,"Ter-Sahakyan, Samvel",ARM,M,GM,,,,2605,0,10,1993,,True,13302531,1993-09-19,wikidata_exact_year_agrees,north,resolved_unique_birthplace,Q4455415,Q62337,Vanadzor,40.81277778,44.48833333,True,,2023-01,M,True
3700488,"Bachmann, Axel",PAR,M,GM,,,,2604,10,10,1989,,True,3700488,1989-11-04,wikidata_exact_year_agrees,south,resolved_unique_birthplace,Q112168,Q192235,Ciudad del Este,-25.51666667,-54.61666667,False,hemisphere:south:resolved_unique_birthplace,2023-01,M,False
1304364,"Milov, Vadim",SUI,M,GM,,,,2604,1,10,1972,,True,1304364,1972-08-01,wikidata_exact_year_agrees,north,resolved_unique_birthplace,Q667067,Q911,Ufa,54.72611111,55.9475,True,,2023-01,M,True
3509362,"Quesada Perez, Yasser",CUB,M,GM,,,,2604,9,10,1992,,True,3509362,1992-05-23,wikidata_exact_year_agrees,north,resolved_unique_birthplace,Q27530208,Q211590,Santa Clara,22.40666667,-79.95305556,True,,2023-01,M,False
24131423,"Yuffa, Daniil",ESP,M,GM,,,,2604,9,10,1997,,True,24131423,1997-02-25,wikidata_exact_year_agrees,north,resolved_unique_birthplace,Q26990817,Q5815,Tyumen,57.15,65.53333333,True,,2023-01,M,False
8600694,"Zhang, Zhong",CHN,M,GM,,,,2604,0,10,1978,,True,8600694,1978-09-05,wikidata_exact_year_agrees,north,resolved_unique_birthplace,Q197348,Q11725,Chongqing,29.55,106.50694444,True,,2023-01,M,True
8601674,"Zhou, Weiqi",CHN,M,GM,,,,2604,0,10,1986,,True,8601674,,multiple_wikidata_exact_dobs,north,resolved_unique_birthplace,Q8071059,Q57970,Changzhou,31.81216667,119.96916667,False,dob:multiple_wikidata_exact_dobs,2023-01,M,False
3805662,"Martinez Alcantara, Jose Eduardo",PER,M,GM,,,,2603,27,10,1999,,True,3805662,1999-01-31,wikidata_exact_year_agrees,south,resolved_unique_birthplace,Q20004353,Q2868,Lima,-12.06,-77.0375,False,hemisphere:south:resolved_unique_birthplace,2023-01,M,False
2107139,"Fier, Alexandr",BRA,M,GM,,,,2602,20,10,1988,,True,2107139,1988-03-11,wikidata_exact_year_agrees,south,resolved_unique_birthplace,Q1308965,Q156819,Joinville,-26.30388889,-48.84583333,False,hemisphere:south:resolved_unique_birthplace,2023-01,M,False
14200937,"Gareyev, Timur",USA,M,GM,,,,2602,0,10,1988,,True,14200937,1988-03-03,wikidata_exact_year_agrees,north,resolved_unique_birthplace,Q1347365,Q269,Tashkent,41.31111111,69.27972222,True,,2023-01,M,True
1202758,"Nisipeanu, Liviu-Dieter",GER,M,GM,,,,2602,0,10,1976,,True,1202758,1976-08-01,wikidata_exact_year_agrees,north,resolved_unique_birthplace,Q550688,Q82174,Brașov,45.65222222,25.61055556,True,,2023-01,M,True
8602522,"Zhao, Jun",CHN,M,GM,,FT,,2602,0,10,1986,,True,8602522,1986-12-12,wikidata_exact_year_agrees,north,resolved_unique_birthplace,Q3357852,Q170247,Jinan,36.66666667,116.98333333,True,,2023-01,M,True
4667719,"Baramidze, David",GER,M,GM,,,,2601,0,10,1988,,True,4667719,1988-09-27,wikidata_exact_year_agrees,north,resolved_unique_birthplace,Q66850,Q994,Tbilisi,41.7225,44.7925,True,,2023-01,M,True
13301527,"Gharamian, Tigran",FRA,M,GM,,,,2601,0,10,1984,,True,13301527,1984-07-24,wikidata_exact_year_agrees,north,resolved_unique_birthplace,Q968861,Q1953,Yerevan,40.18138889,44.51444444,True,,2023-01,M,True
5010608,"Gupta, Abhijeet",IND,M,GM,,FT,,2601,0,10,1989,,True,5010608,1989-10-16,wikidata_exact_year_agrees,north,resolved_unique_birthplace,Q320570,Q760146,Bhilwara,25.34694444;25.35,74.63333333;74.64083333,True,,2023-01,M,True
603767,"Bauer, Christian",FRA,M,GM,,,,2600,3,10,1977,,True,603767,1977-01-11,wikidata_exact_year_agrees,north,resolved_unique_birthplace,Q1078924,Q22703,Forbach,49.18805556,6.9,True,,2023-01,M,True
14506688,"Brkic, Ante",CRO,M,GM,,FT,,2600,12,10,1988,,True,14506688,1988-03-31,wikidata_exact_year_agrees,north,multiple_birthplaces_same_hemisphere,Q360308,Q1284329;Q209062,Socialist Republic of Croatia;Stari Mikanovci,45.28333333;45.81611111,15.97416667;18.55,True,,2023-01,M,True
6302181,"Can, Emre",TUR,M,GM,,,,2600,0,10,1990,,True,6302181,1990-01-21,wikidata_exact_year_agrees,north,resolved_unique_birthplace,Q1339557,Q35997,İzmir,38.41273,27.13838,True,,2023-01,M,False
4107012,"Antipov, Mikhail Al.",FID,M,GM,,,,2599,9,10,1997,,True,4107012,1997-06-10,wikidata_exact_year_agrees,north,resolved_unique_birthplace,Q16272457,Q649,Moscow,55.75055556,37.6175,True,,2023-01,M,False
4202031,"Banikas, Hristos",GRE,M,GM,,,,2599,0,10,1978,,True,4202031,1978-05-20,wikidata_exact_year_agrees,north,resolved_unique_birthplace,Q2565820,Q17151,Thessaloniki,40.64027778,22.93555556,True,,2023-01,M,True
5078776,Harsha Bharathakoti,IND,M,GM,,,,2599,10,10,2000,,True,5078776,2000-02-07,wikidata_exact_year_agrees,north,resolved_unique_birthplace,Q27525699,Q3764410,Guntur Lok Sabha constituency,16.3,80.4,True,,2023-01,M,False
14700077,"Amonatov, Farrukh",TJK,M,GM,,FST,,2598,0,10,1978,,True,14700077,1978-04-13,wikidata_exact_year_agrees,north,resolved_unique_birthplace,Q1293356,Q9365,Dushanbe,38.57305556,68.78638889,True,,2023-01,M,True
24604747,"Huschenbeth, Niclas",GER,M,GM,,,,2598,0,10,1992,,True,24604747,1992-02-29,wikidata_exact_year_agrees,north,resolved_unique_birthplace,Q109717,Q165380,Hann. Münden,51.41666667,9.65,True,,2023-01,M,False
13400312,"Iskandarov, Misratdin",AZE,M,GM,,,,2598,0,10,1995,,True,13400312,1995-01-14,wikidata_exact_year_agrees,north,resolved_unique_birthplace,Q27525982,Q179833,Sumgait,40.59611111,49.67,True,,2023-01,M,False
5804418,"Tin, Jingyao",SGP,M,GM,,,,2598,19,10,2000,,True,5804418,2000-07-13,wikidata_exact_year_agrees,unknown,person_no_birthplace,Q27533162,,,,,False,hemisphere:unknown:person_no_birthplace,2023-01,M,False
4113403,"Zvjaginsev, Vadim",RUS,M,GM,,,,2598,0,10,1976,,True,4113403,1976-08-18,wikidata_exact_year_agrees,north,resolved_unique_birthplace,Q910231,Q649,Moscow,55.75055556,37.6175,True,,2023-01,M,True
4663527,"Braun, Arik",GER,M,GM,,,,2597,0,10,1988,,True,4663527,1988-02-08,wikidata_exact_year_agrees,north,resolved_unique_birthplace,Q85170,Q522443,Aresing,48.53333333,11.3,True,,2023-01,M,True
13302507,"Hovhannisyan, Robert",ARM,M,GM,,,,2597,0,10,1991,,True,13302507,1991-03-23,wikidata_exact_year_agrees,north,resolved_unique_birthplace,Q2616692,Q1953,Yerevan,40.18138889,44.51444444,True,,2023-01,M,True
4150120,"Lysyj, Igor",FID,M,GM,,"FST,FST",,2597,0,10,1987,,True,4150120,1987-01-01,wikidata_exact_year_agrees,north,resolved_unique_birthplace,Q4270810,Q887,Yekaterinburg,56.83555556,60.61277778,True,,2023-01,M,True
13602071,"Pantsulaia, Levan",GEO,M,GM,,,,2597,8,10,1986,,True,13602071,1986-02-26,wikidata_exact_year_agrees,north,resolved_unique_birthplace,Q359802,Q994,Tbilisi,41.7225,44.7925,True,,2023-01,M,True
400025,"Short, Nigel D",ENG,M,GM,,,,2597,0,10,1965,,True,400025,1965-06-01,wikidata_exact_year_agrees,north,resolved_unique_birthplace,Q313778,Q2588021,Leigh,53.4975,-2.515,True,,2023-01,M,True
315303,"Zilka, Stepan",CZE,M,GM,,,,2597,8,10,1988,,True,315303,1988-11-11,wikidata_exact_year_agrees,north,resolved_unique_birthplace,Q18274585,Q383850,Litovel,49.70122518,17.07619065,True,,2023-01,M,True
10601619,"Adly, Ahmed",EGY,M,GM,,,,2596,0,10,1987,,True,10601619,1987-02-19,wikidata_exact_year_agrees,north,resolved_unique_birthplace,Q93883,Q85,Cairo,30.04444444,31.23583333,True,,2023-01,M,True
8603332,"Lu, Shanglei",CHN,M,GM,,,,2596,0,10,1995,,True,8603332,1995-07-10,wikidata_exact_year_agrees,north,resolved_unique_birthplace,Q1631301,Q11720,Shenyang,41.8025,123.42805556,True,,2023-01,M,False
105309,"Peralta, Fernando",ARG,M,GM,,,,2596,11,10,1979,,True,105309,1979-12-16,wikidata_exact_year_agrees,south,resolved_unique_birthplace,Q1278611,Q642057,Lomas de Zamora,-34.76666667,-58.4,False,hemisphere:south:resolved_unique_birthplace,2023-01,M,False
5061245,"Puranik, Abhimanyu",IND,M,GM,,,,2596,14,10,2000,,True,5061245,2000-02-11,wikidata_exact_year_agrees,north,resolved_unique_birthplace,Q27530183,Q1156,Mumbai,19.07583333,72.8775,True,,2023-01,M,False
4148843,"Romanov, Evgeny",NOR,M,GM,,,,2596,1,10,1988,,True,4148843,1988-11-02,wikidata_exact_year_agrees,north,resolved_unique_birthplace,Q4397154,Q1829,Kaliningrad,54.71666667,20.5,True,,2023-01,M,True
2801990,"Smirin, Ilia",ISR,M,GM,,,,2596,0,10,1968,,True,2801990,1968-01-12,wikidata_exact_year_agrees,north,resolved_unique_birthplace,Q535460,Q102217,Vitebsk,55.18333333,30.16666667,True,,2023-01,M,True
1124668,"Tomczak, Jacek",POL,M,GM,,,,2596,0,10,1990,,True,1124668,1990-03-05,wikidata_exact_year_agrees,north,resolved_unique_birthplace,Q195296,Q387260,Śrem,52.08861111,17.015,True,,2023-01,M,True
11600454,"Fridman, Daniel",GER,M,GM,,FST,,2595,1,10,1976,,True,11600454,1976-02-15,wikidata_exact_year_agrees,north,resolved_unique_birthplace,Q72463,Q1773,Riga,56.9475,24.10694444,True,,2023-01,M,True
1116207,"Gajewski, Grzegorz",POL,M,GM,,,,2594,0,10,1985,,True,1116207,1985-07-19,wikidata_exact_year_agrees,north,resolved_unique_birthplace,Q4131618,Q2734,Skierniewice,51.95485;51.9568581,20.1430044;20.15837,True,,2023-01,M,True
4142578,"Khismatullin, Denis",RUS,M,GM,,,,2594,0,10,1984,,True,4142578,1984-12-28,wikidata_exact_year_agrees,north,resolved_unique_birthplace,Q504960,Q172601,Neftekamsk,56.08333333,54.25,True,,2023-01,M,True
4152417,"Oleksiyenko, Mykhaylo",UKR,M,GM,,,,2594,0,10,1986,,True,4152417,1986-09-30,wikidata_exact_year_agrees,north,resolved_unique_birthplace,Q2074715,Q36036,Lviv,49.838055;49.841952,24.023055;24.0315921,True,,2023-01,M,True
13301578,"Pashikian, Arman",ARM,M,GM,,,,2594,0,10,1987,,True,13301578,1987-07-28,wikidata_exact_year_agrees,north,resolved_unique_birthplace,Q676954,Q6576,Irkutsk,52.28916667,104.28,True,,2023-01,M,True
4129199,"Grachev, Boris",RUS,M,GM,,,,2592,8,10,1986,,True,4129199,1986-03-27,wikidata_exact_year_agrees,north,resolved_unique_birthplace,Q893748,Q649,Moscow,55.75055556,37.6175,True,,2023-01,M,True
1207822,"Lupulescu, Constantin",ROU,M,GM,,,,2592,0,10,1984,,True,1207822,1984-03-25,wikidata_exact_year_agrees,north,resolved_unique_birthplace,Q725279,Q217131,Buftea,44.57,25.95,True,,2023-01,M,True
13300580,"Akobian, Varuzhan",USA,M,GM,,,,2591,0,10,1983,,True,13300580,1983-11-19,wikidata_exact_year_agrees,north,resolved_unique_birthplace,Q585320,Q1953,Yerevan,40.18138889,44.51444444,True,,2023-01,M,True
616915,"Gozzoli, Yannick",FRA,M,GM,,,,2591,0,10,1983,,True,616915,1983-06-02,wikidata_exact_year_agrees,north,resolved_unique_birthplace,Q9383356,Q23482,Marseille,43.29666667,5.37638889,True,,2023-01,M,True
2257327,"Salgado Lopez, Ivan",ESP,M,GM,,,,2591,0,10,1991,,True,2257327,1991-06-29,wikidata_exact_year_agrees,north,resolved_unique_birthplace,Q2357364,Q99151,Ourense,42.33556,-7.86406,True,,2023-01,M,True
6300545,"Sanal, Vahap",TUR,M,GM,,,,2590,19,10,1998,,True,6300545,1998-05-26,wikidata_exact_year_agrees,north,resolved_unique_birthplace,Q26255609,Q35997,İzmir,38.41273,27.13838,True,,2023-01,M,False
4262875,"Theodorou, Nikolas",GRE,M,GM,,,,2590,9,10,2000,,True,4262875,2000-09-17,wikidata_exact_year_agrees,north,resolved_unique_birthplace,Q27533120,Q1524,Athens,37.98416667,23.72805556,True,,2023-01,M,False
5015693,Gopal G.N.,IND,M,GM,,,,2589,0,10,1989,,True,5015693,1989-03-29,wikidata_exact_year_agrees,north,resolved_unique_birthplace,Q9266681,Q1186,Kerala,10.0,76.3,True,,2023-01,M,True
13400819,"Mamedov, Nidjat",AZE,M,GM,,,,2589,0,10,1985,,True,13400819,1985-04-02,wikidata_exact_year_agrees,north,resolved_unique_birthplace,Q1469278,Q230104,Nakhchivan,39.20888889,45.41222222,True,,2023-01,M,True
14102595,"Miroshnichenko, Evgenij",UKR,M,GM,,,,2589,0,10,1978,,True,14102595,1978-12-28,wikidata_exact_year_agrees,north,resolved_unique_birthplace,Q183284,Q43070,Donetsk,48.01583333,37.80277778,True,,2023-01,M,True
1122401,"Moranda, Wojciech",POL,M,GM,,,,2589,0,10,1988,,True,1122401,1988-08-17,wikidata_exact_year_agrees,north,resolved_unique_birthplace,Q4302345,Q102317,Kielce,50.86620958;50.8725,20.62722919;20.63194444,True,,2023-01,M,True
4104226,"Sakaev, Konstantin",RUS,M,GM,,,,2589,0,10,1974,,True,4104226,1974-04-13,wikidata_exact_year_agrees,north,resolved_unique_birthplace,Q964923,Q656,Saint Petersburg,59.95,30.31666667,True,,2023-01,M,True
14114089,"Tarlev, Konstantin",UKR,M,GM,,,,2589,0,10,1987,,True,14114089,1987-02-09,wikidata_exact_year_agrees,unknown,person_no_birthplace,Q15074706,,,,,False,hemisphere:unknown:person_no_birthplace,2023-01,M,False
14204223,"Vokhidov, Shamsiddin",UZB,M,GM,,,,2589,9,10,2002,,True,14204223,2002-01-11,wikidata_exact_year_agrees,north,resolved_unique_birthplace,Q27533974,Q265,Uzbekistan,41.0,66.0,True,,2023-01,M,False
4623606,"Dautov, Rustem",GER,M,GM,,,,2588,0,10,1965,,True,4623606,1965-11-28,wikidata_exact_year_agrees,north,resolved_unique_birthplace,Q67746,Q911,Ufa,54.72611111,55.9475,True,,2023-01,M,True
4627253,"Doettling, Fabian",GER,M,GM,,,,2588,0,10,1980,,True,4627253,1980-08-04,wikidata_exact_year_agrees,north,resolved_unique_birthplace,Q90489,Q715,Heilbronn,49.140428,9.217953,True,,2023-01,M,True
719978,"Erdos, Viktor",HUN,M,GM,,,,2588,2,10,1987,,True,719978,1987-09-02,wikidata_exact_year_agrees,north,resolved_unique_birthplace,Q2524265,Q178878,Békéscsaba,46.68333333,21.08333333,True,,2023-01,M,True
4132181,"Kokarev, Dmitry",RUS,M,GM,,,,2588,0,10,1982,,True,4132181,1982-02-18,wikidata_exact_year_agrees,north,resolved_unique_birthplace,Q466232,Q5540,Penza,53.2,45.0,True,,2023-01,M,True
14907526,"Michalik, Peter",CZE,M,GM,,,,2588,4,10,1990,,True,14907526,1990-09-15,wikidata_exact_year_agrees,north,resolved_unique_birthplace,Q539326,Q208750,Prievidza,48.77138889,18.62416667,True,,2023-01,M,False
14400030,"Sokolov, Ivan",NED,M,GM,,FST,,2588,1,10,1968,,True,14400030,1968-06-13,wikidata_exact_year_agrees,north,multiple_birthplaces_same_hemisphere,Q709548,Q11194;Q258429,Jajce;Sarajevo,43.85638889;44.34025278,17.25723333;18.41305556,True,,2023-01,M,True
22291482,"Santos Ruiz, Miguel",ESP,M,GM,,,,2587,0,10,1999,,True,22291482,1999-10-04,wikidata_exact_year_agrees,north,resolved_unique_birthplace,Q27531182,Q753825,Utrera,37.1824646,-5.7817506,True,,2023-01,M,False
14107201,"Efimenko, Zahar",UKR,M,GM,,,,2586,0,10,1985,,True,14107201,1985-07-03,wikidata_exact_year_agrees,north,resolved_unique_birthplace,Q562700,Q157134,Makiivka,48.05555556,37.96111111,True,,2023-01,M,True
200930,"Gurevich, Mikhail",BEL,M,GM,,FST,,2586,2,10,1959,,True,200930,1959-02-22,wikidata_exact_year_agrees,north,resolved_unique_birthplace,Q506493,Q42308,Kharkiv,49.9925,36.23111111,True,,2023-01,M,True
4194985,"Paravyan, David",FID,M,GM,,,,2586,0,10,1998,,True,4194985,1998-03-08,wikidata_exact_year_agrees,north,resolved_unique_birthplace,Q27529186,Q649,Moscow,55.75055556,37.6175,True,,2023-01,M,False
3208923,"Smirnov, Anton",AUS,M,GM,,,,2586,0,10,2001,,True,3208923,2001-01-28,wikidata_exact_year_agrees,south,resolved_unique_birthplace,Q27532122,Q3114,Canberra,-35.29305556,149.12694444,False,hemisphere:south:resolved_unique_birthplace,2023-01,M,False
916811,"Solak, Dragan",TUR,M,GM,,,,2586,0,10,1980,,True,916811,1980-03-30,wikidata_exact_year_agrees,north,resolved_unique_birthplace,Q4525983,Q511216,Vrbas,45.56972222,19.63777778,True,,2023-01,M,True
950122,"Ivic, Velimir",SRB,M,GM,,,,2585,10,10,2002,,True,950122,2002-08-27,wikidata_exact_year_agrees,north,resolved_unique_birthplace,Q56084845,Q3711,Belgrade,44.81777778,20.45694444,True,,2023-01,M,False
3504409,"Quesada Perez, Yuniesky",USA,M,GM,,,,2585,9,10,1984,,True,3504409,1984-07-31,wikidata_exact_year_agrees,north,resolved_unique_birthplace,Q924753,Q115434,Villa Clara Province,22.4053,-79.9542,True,,2023-01,M,True
8602956,"Wen, Yang",CHN,M,GM,,,,2585,0,10,1988,,True,8602956,1988-07-07,wikidata_exact_year_agrees,north,resolved_unique_birthplace,Q7982247,Q170247,Jinan,36.66666667,116.98333333,True,,2023-01,M,True
13900200,"Iordachescu, Viorel",MDA,M,GM,,,,2584,0,10,1977,,True,13900200,1977-04-20,wikidata_exact_year_agrees,north,resolved_unique_birthplace,Q1468090,Q21197,Chișinău,47.02277778,28.83527778,True,,2023-01,M,True
14403803,"Kadric, Denis",MNE,M,GM,,,,2584,0,10,1995,,True,14403803,1995-06-12,wikidata_exact_year_agrees,north,resolved_unique_birthplace,Q19616398,Q1794,Frankfurt,50.11055556,8.68222222,True,,2023-01,M,False
14100142,"Kruppa, Yuri",UKR,M,GM,,,,2584,0,10,1964,,True,14100142,1964-06-21,wikidata_exact_year_agrees,unknown,person_no_birthplace,Q3811404,,,,,False,hemisphere:unknown:person_no_birthplace,2023-01,M,False
24650684,"Wagner, Dennis",GER,M,GM,,,,2584,0,10,1997,,True,24650684,1997-06-19,wikidata_exact_year_agrees,north,resolved_unique_birthplace,Q19614121,Q2865,Kassel,51.31577778,9.49791667,True,,2023-01,M,False
30909694,"Yoo, Christopher Woojin",USA,M,GM,,,,2584,9,10,2006,,True,30909694,2006-12-19,wikidata_exact_year_agrees,north,resolved_unique_birthplace,Q60666311,Q49220,Fremont,37.54861111,-121.98833333,True,,2023-01,M,False
1500015,"Agdestein, Simen",NOR,M,GM,,,,2583,0,10,1967,,True,1500015,1967-05-15,wikidata_exact_year_agrees,north,resolved_unique_birthplace,Q381121,Q80593157,Asker,59.7,10.5,True,,2023-01,M,True
662399,"Lagarde, Maxime",FRA,M,GM,,,,2583,9,10,1994,,True,662399,1994-03-16,wikidata_exact_year_agrees,north,resolved_unique_birthplace,Q15206237,Q184159,Niort,46.325,-0.46222222,True,,2023-01,M,False
1039792,"Van Foreest, Lucas",NED,M,GM,,,,2583,9,10,2001,,True,1039792,2001-03-03,wikidata_exact_year_agrees,north,multiple_birthplaces_same_hemisphere,Q27533728,Q10006;Q749,Groningen;Hengelo,52.26555556;53.21888889,6.5675;6.79305556,True,,2023-01,M,False
708020,"Acs, Peter",HUN,M,GM,,,,2582,3,10,1981,,True,708020,1981-05-10,wikidata_exact_year_agrees,north,resolved_unique_birthplace,Q738343,Q167109,Eger,47.89888889,20.37472222,True,,2023-01,M,True
5002150,"Ganguly, Surya Shekhar",IND,M,GM,,,,2582,0,10,1983,,True,5002150,1983-02-24,wikidata_exact_year_agrees,north,resolved_unique_birthplace,Q952098,Q1348,Kolkata,22.5675,88.37,True,,2023-01,M,True
12923044,"Svane, Frederik",GER,M,GM,,,,2581,19,10,2004,,True,12923044,2004-01-21,wikidata_exact_year_agrees,north,resolved_unique_birthplace,Q108577394,Q2843,Lübeck,53.86972222,10.68638889,True,,2023-01,M,False
1003720,"Van den Doel, Erik",NED,M,GM,,,,2581,2,10,1979,,True,1003720,1979-05-15,wikidata_exact_year_agrees,north,resolved_unique_birthplace,Q63323,Q43631,Leiden,52.16,4.49,True,,2023-01,M,True
13302000,"Andriasian, Zaven",ARM,M,GM,,FT,,2580,0,10,1989,,True,13302000,1989-03-11,wikidata_exact_year_agrees,north,resolved_unique_birthplace,Q1289190,Q1953,Yerevan,40.18138889,44.51444444,True,,2023-01,M,True
8603847,"Zeng, Chongsheng",CHN,M,GM,,,,2580,0,10,1993,,True,8603847,1993-06-10,wikidata_exact_year_agrees,north,resolved_unique_birthplace,Q16225705,Q15175,Guangdong,23.4,113.5,True,,2023-01,M,False
2000059,"Christiansen, Larry",USA,M,GM,,,,2579,0,10,1956,,True,2000059,1956-06-27,wikidata_exact_year_agrees,north,resolved_unique_birthplace,Q534057,Q49243,Riverside,33.98222222,-117.3725,True,,2023-01,M,True
13303732,"Gabuzyan, Hovhannes",ARM,M,GM,,,,2579,9,10,1995,,True,13303732,1995-05-19,wikidata_exact_year_agrees,north,resolved_unique_birthplace,Q4130978,Q1953,Yerevan,40.18138889,44.51444444,True,,2023-01,M,False
400017,"Nunn, John D M",ENG,M,GM,,,,2579,0,10,1955,,True,400017,1955-04-25,wikidata_exact_year_agrees,north,resolved_unique_birthplace,Q450419,Q84,London,51.50722222,-0.1275,True,,2023-01,M,True
13601520,"Jobava, Baadur",GEO,M,GM,,,,2578,0,10,1983,,True,13601520,1983-11-26,wikidata_exact_year_agrees,north,resolved_unique_birthplace,Q709256,Q236673,Gali,42.6275,41.73694444,True,,2023-01,M,True
8608288,"Xu, Xiangyu",CHN,M,GM,,,,2578,0,10,1999,,True,8608288,1999-09-19,wikidata_exact_year_agrees,north,resolved_unique_birthplace,Q27534227,Q72778,Taiyuan,37.87326,112.54245,True,,2023-01,M,False
4119150,"Kobalia, Mikhail",RUS,M,GM,,FST,,2577,0,10,1978,,True,4119150,1978-05-03,wikidata_exact_year_agrees,north,resolved_unique_birthplace,Q1321833,Q649,Moscow,55.75055556,37.6175,True,,2023-01,M,True
14102560,"Moiseenko, Alexander",UKR,M,GM,,,,2577,0,10,1980,,True,14102560,1980-05-17,wikidata_exact_year_agrees,north,resolved_unique_birthplace,Q923453,Q193898,Severomorsk,69.06916667,33.41666667,True,,2023-01,M,True
4157800,"Ponkratov, Pavel",RUS,M,GM,,,,2577,0,10,1988,,True,4157800,1988-07-15,wikidata_exact_year_agrees,north,resolved_unique_birthplace,Q4371883,Q906,Chelyabinsk,55.15,61.4,True,,2023-01,M,True
2804158,"Roiz, Michael",ISR,M,GM,,,,2577,0,10,1983,,True,2804158,1983-10-12,wikidata_exact_year_agrees,north,resolved_unique_birthplace,Q1857837,Q5332,Saratov,51.53,46.035,True,,2023-01,M,True
3518736,"Albornoz Cabrera, Carlos Daniel",CUB,M,GM,,,,2576,10,10,2000,,True,3518736,2000-12-26,wikidata_exact_year_agrees,north,resolved_unique_birthplace,Q27522919,Q115329,Camagüey,21.37861111,-77.91861111,True,,2023-01,M,False
2288230,"Forcen Esteban, Daniel",ESP,M,GM,,,,2576,0,10,1994,,True,2288230,1994-06-12,wikidata_exact_year_agrees,north,resolved_unique_birthplace,Q23809805,Q10305,Zaragoza,41.65,-0.88333333,True,,2023-01,M,False
4671910,"Kraemer, Martin",GER,M,GM,,,,2576,10,10,1987,,True,4671910,1987-12-23,wikidata_exact_year_agrees,north,resolved_unique_birthplace,Q100444,Q1729,Erfurt,50.97805556,11.02888889,True,,2023-01,M,False
11602740,"Meshkovs, Nikita",LAT,M,GM,,,,2576,9,10,1994,,True,11602740,1994-06-30,wikidata_exact_year_agrees,north,resolved_unique_birthplace,Q27528282,Q1773,Riga,56.9475,24.10694444,True,,2023-01,M,False
865834,"Moroni, Luca Jr",ITA,M,GM,,,,2576,0,10,2000,,True,865834,2000-07-01,wikidata_exact_year_agrees,north,resolved_unique_birthplace,Q27528621,Q40416,Desio,45.61666667,9.21666667,True,,2023-01,M,False
1001302,"Reinderman, Dimitri",NED,M,GM,,,,2576,1,10,1972,,True,1001302,1972-08-12,wikidata_exact_year_agrees,north,resolved_unique_birthplace,Q1225926,Q9938,Hoorn,52.65333333,5.07333333,True,,2023-01,M,True
4138147,"Alekseev, Evgeny",RUS,M,GM,,,,2575,0,10,1985,,True,4138147,1985-11-28,wikidata_exact_year_agrees,north,resolved_unique_birthplace,Q708938,Q7947,Pushkin,59.71666667,30.41666667,True,,2023-01,M,True
718939,"Balogh, Csaba",HUN,M,GM,,,,2575,5,10,1987,,True,718939,1987-03-10,wikidata_exact_year_agrees,north,resolved_unique_birthplace,Q789568,Q1781,Budapest,47.49833333,19.04083333,True,,2023-01,M,True
4146786,"Maletin, Pavel",RUS,M,GM,,,,2575,0,10,1986,,True,4146786,1986-11-06,wikidata_exact_year_agrees,north,resolved_unique_birthplace,Q4277714,Q883,Novosibirsk,55.03333333,82.91666667,True,,2023-01,M,True
3702308,"Vazquez, Guillermo",PAR,M,GM,,,,2575,0,10,1997,,True,3702308,1997-03-16,wikidata_exact_year_agrees,south,resolved_unique_birthplace,Q21089281,Q2933,Asunción,-25.28,-57.63444444,False,hemisphere:south:resolved_unique_birthplace,2023-01,M,False
1512668,"Christiansen, Johan-Sebastian",NOR,M,GM,,,,2574,6,10,1998,,True,1512668,1998-06-10,wikidata_exact_year_agrees,unknown,person_no_birthplace,Q25511602,,,,,False,hemisphere:unknown:person_no_birthplace,2023-01,M,False
4131061,"Potkin, Vladimir",RUS,M,GM,,FST,,2574,0,10,1982,,True,4131061,1982-06-28,wikidata_exact_year_agrees,north,resolved_unique_birthplace,Q732938,Q193413,Rybinsk,58.05,38.83333333,True,,2023-01,M,True
726265,"Prohaszka, Peter",HUN,M,GM,,,,2574,11,10,1992,,True,726265,1992-01-13,wikidata_exact_year_agrees,north,resolved_unique_birthplace,Q382615,Q207408,Vác,47.77527778,19.13111111,True,,2023-01,M,True
4300033,"Cheng, Bobby",AUS,M,GM,,,,2573,10,10,1997,,True,4300033,1997-03-20,wikidata_exact_year_agrees,south,resolved_unique_birthplace,Q4934852,Q200028,Hamilton,-37.78333333,175.28333333,False,hemisphere:south:resolved_unique_birthplace,2023-01,M,False
2021285,"Lenderman, Aleksandr",USA,M,GM,,,,2572,3,10,1989,,True,2021285,1989-09-23,wikidata_exact_year_agrees,north,resolved_unique_birthplace,Q444473,Q656,Saint Petersburg,59.95,30.31666667,True,,2023-01,M,True
2210622,"Perez Candelario, Manuel",ESP,M,GM,,FT,,2572,0,10,1983,,True,2210622,1983-05-25,wikidata_exact_year_agrees,north,resolved_unique_birthplace,Q9028061,Q140203,Zafra,38.4258642,-6.4162027,True,,2023-01,M,True
6500617,"Ramirez, Alejandro",USA,M,GM,,,,2572,17,10,1988,,True,6500617,1988-06-21,wikidata_exact_year_agrees,north,resolved_unique_birthplace,Q1355179,Q3070,San José,9.93273889,-84.07961389,True,,2023-01,M,True
14603152,"Borisek, Jure",SLO,M,GM,,,,2570,0,10,1986,,True,14603152,1986-07-27,wikidata_exact_year_agrees,north,resolved_unique_birthplace,Q4094089,Q15853,Šempeter pri Gorici,45.928333,13.637778,True,,2023-01,M,True
14531534,"Livaic, Leon",CRO,M,GM,,,,2570,2,10,2000,,True,14531534,2000-10-16,wikidata_exact_year_agrees,unknown,person_no_birthplace,Q27527334,,,,,False,hemisphere:unknown:person_no_birthplace,2023-01,M,False
12809390,"Pultinevicius, Paulius",LTU,M,GM,,,,2570,9,10,2001,,True,12809390,2001-11-24,wikidata_exact_year_agrees,north,resolved_unique_birthplace,Q20503420,Q1351046,Marijampolė,54.55666667,23.35444444,True,,2023-01,M,False
4651340,"Buhmann, Rainer",GER,M,GM,,FT,,2569,0,10,1981,,True,4651340,1981-02-20,wikidata_exact_year_agrees,north,resolved_unique_birthplace,Q96768,Q23007,Leimen,49.34805556,8.69111111,True,,2023-01,M,True
13600044,"Giorgadze, Giorgi",GEO,M,GM,,,,2569,0,10,1964,,True,13600044,1964-10-10,wikidata_exact_year_agrees,north,resolved_unique_birthplace,Q2195871,Q230,Georgia,42.0,44.0,True,,2023-01,M,True
4130804,"Grigoriants, Sergey",HUN,M,GM,,,,2569,11,10,1983,,True,4130804,1983-11-02,wikidata_exact_year_agrees,north,resolved_unique_birthplace,Q364328,Q269,Tashkent,41.31111111,69.27972222,True,,2023-01,M,True
6300529,"Ali Marandi, Cemil Can",TUR,M,GM,,,,2568,0,10,1998,,True,6300529,1998-01-17,wikidata_exact_year_agrees,north,resolved_unique_birthplace,Q21077652,Q43,Turkey,39.0,36.0,True,,2023-01,M,False
14507927,"Bosiocic, Marin",CRO,M,GM,,,,2568,11,10,1988,,True,14507927,1988-08-08,wikidata_exact_year_agrees,north,resolved_unique_birthplace,Q2334059,Q1647,Rijeka,45.33333333,14.43333333,True,,2023-01,M,True
4197143,"Demidov, Mikhail",FID,M,GM,,,,2568,0,10,1992,,True,4197143,1992-06-17,wikidata_exact_year_agrees,north,resolved_unique_birthplace,Q27524482,Q175742,Odintsovo,55.67333333,37.27333333,True,,2023-01,M,False
12803731,"Laurusas, Tomas",LTU,M,GM,,,,2568,2,10,1996,,True,12803731,1996-02-13,wikidata_exact_year_agrees,north,resolved_unique_birthplace,Q16937772,Q4115712,Kaunas,54.9,23.93333333,True,,2023-01,M,False
24198455,"Nesterov, Arseniy",RUS,M,GM,,,,2568,9,10,2003,,True,24198455,2003-01-20,wikidata_exact_year_agrees,north,resolved_unique_birthplace,Q108376708,Q656,Saint Petersburg,59.95,30.31666667,True,,2023-01,M,False
1705024,"Agrest, Evgenij",SWE,M,GM,,,,2567,0,10,1966,,True,1705024,1966-08-15,wikidata_exact_year_agrees,north,resolved_unique_birthplace,Q975861,Q102217,Vitebsk,55.18333333,30.16666667,True,,2023-01,M,True
13405764,"Asadli, Vugar",AZE,M,GM,,,,2567,0,10,2001,,True,13405764,2001-10-09,wikidata_exact_year_agrees,north,resolved_unique_birthplace,Q27523180,Q9248,Baku,40.36665556,49.83518333,True,,2023-01,M,False
1115120,"Heberla, Bartlomiej",POL,M,GM,,,,2567,2,10,1985,,True,1115120,,multiple_wikidata_exact_dobs,north,resolved_unique_birthplace,Q4497033,Q107094,Rybnik,50.08333333,18.5,False,dob:multiple_wikidata_exact_dobs,2023-01,M,False
4111990,"Khanin, Semen",RUS,M,IM,,,,2567,9,10,1999,,True,4111990,1999-05-23,wikidata_exact_year_agrees,unknown,person_no_birthplace,Q27526493,,,,,False,hemisphere:unknown:person_no_birthplace,2023-01,M,False
503142,"Nyback, Tomi",FIN,M,GM,,,,2567,0,10,1985,,True,503142,1985-04-03,wikidata_exact_year_agrees,north,resolved_unique_birthplace,Q771709,Q208293,Järvenpää,60.47222222,25.08888889,True,,2023-01,M,True
4140419,"Timofeev, Artyom",RUS,M,GM,,,,2567,0,10,1985,,True,4140419,1985-01-06,wikidata_exact_year_agrees,north,resolved_unique_birthplace,Q713463,Q900,Kazan,55.79083333,49.11444444,True,,2023-01,M,True
8602280,"Bai, Jinshi",CHN,M,GM,,,,2566,0,10,1999,,True,8602280,1999-05-18,wikidata_exact_year_agrees,north,resolved_unique_birthplace,Q27523289,Q45208,Jilin,43.88416667,125.30833333,True,,2023-01,M,False
2070901,"Burke, John M",USA,M,GM,,,,2566,18,10,2001,,True,2070901,2001-07-01,wikidata_exact_year_agrees,north,resolved_unique_birthplace,Q20908924,Q1088694,Neptune City,40.20021111,-74.03361944,True,,2023-01,M,False
1300113,"Georgiadis, Nico",SUI,M,GM,,,,2566,0,10,1996,,True,1300113,1996-01-22,wikidata_exact_year_agrees,north,resolved_unique_birthplace,Q15713773,Q9093,Bülach,47.51888889,8.54222222,True,,2023-01,M,False
620084,"Cornette, Matthieu",FRA,M,GM,,,,2565,1,10,1985,,True,620084,1985-09-04,wikidata_exact_year_agrees,north,resolved_unique_birthplace,Q3299882,Q192438,Bègles,44.80777778,-0.54888889,True,,2023-01,M,True
1204297,"Parligras, Mircea-Emilian",ROU,M,GM,,,,2565,0,10,1980,,True,1204297,1980-12-28,wikidata_exact_year_agrees,north,resolved_unique_birthplace,Q1715662,Q187938,Pitești,44.86666667,24.88333333,True,,2023-01,M,True
2226332,"Ibarra Jerez, Jose Carlos",ESP,M,GM,,,,2563,4,10,1985,,True,2226332,1985-08-07,wikidata_exact_year_agrees,north,resolved_unique_birthplace,Q16654701,Q338174,Totana,37.7710024,-1.5001618,True,,2023-01,M,True
24183555,"Afanasiev, Nikita",RUS,M,GM,,,,2562,4,10,2000,,True,24183555,2000-08-29,wikidata_exact_year_agrees,unknown,person_no_birthplace,Q30309480,,,,,False,hemisphere:unknown:person_no_birthplace,2023-01,M,False
13501470,"Azarov, Sergei",FID,M,GM,,,,2562,0,10,1983,,True,13501470,1983-05-19,wikidata_exact_year_agrees,north,resolved_unique_birthplace,Q977595,Q2280,Minsk,53.902246,27.561837,True,,2023-01,M,True
3503631,"Delgado Ramirez, Neuris",PAR,M,GM,,,,2562,20,10,1981,,True,3503631,1981-09-17,wikidata_exact_year_agrees,north,resolved_unique_birthplace,Q630437,Q115382,Bayamo,20.38166667,-76.64277778,True,,2023-01,M,True
1634852,"Dragnev, Valentin",AUT,M,GM,,,,2562,9,10,1999,,True,1634852,1999-03-05,wikidata_exact_year_agrees,north,resolved_unique_birthplace,Q23837072,Q1741,Vienna,48.20833333,16.3725,True,,2023-01,M,False
44105681,"Makarian, Rudik",FID,M,IM,,,,2562,9,10,2004,,True,44105681,2004-07-30,wikidata_exact_year_agrees,north,resolved_unique_birthplace,Q62032738,Q12861498,Alatumani,41.58861,43.52722,True,,2023-01,M,False
2270544,"Alonso Rosell, Alvar",ESP,M,GM,,,,2561,0,10,1992,,True,2270544,1992-09-13,wikidata_exact_year_agrees,north,resolved_unique_birthplace,Q5692687,Q6839,Figueres,42.26666667,2.95,True,,2023-01,M,True
717312,"Antal, Gergely",HUN,M,GM,,,,2561,4,10,1985,,True,717312,1985-03-20,wikidata_exact_year_agrees,north,resolved_unique_birthplace,Q771677,Q1781,Budapest,47.49833333,19.04083333,True,,2023-01,M,False
35028561,"Mendonca, Leon Luke",IND,M,GM,,,,2561,10,10,2006,,True,35028561,2006-03-13,wikidata_exact_year_agrees,north,resolved_unique_birthplace,Q65563132,Q1171,Goa,15.40194444,74.04333333,True,,2023-01,M,False
13601652,"Gagunashvili, Merab",GEO,M,GM,,FT,,2560,0,10,1985,,True,13601652,1985-01-03,wikidata_exact_year_agrees,north,resolved_unique_birthplace,Q1368259,Q994,Tbilisi,41.7225,44.7925,True,,2023-01,M,True
4180887,"Bocharov, Ivan",RUS,M,GM,,,,2559,0,10,1990,,True,4180887,1990-01-06,wikidata_exact_year_agrees,unknown,person_no_birthplace,Q27523685,,,,,False,hemisphere:unknown:person_no_birthplace,2023-01,M,False
30920019,"Mishra, Abhimanyu",USA,M,GM,,,,2559,18,10,2009,,True,30920019,2009-02-05,wikidata_exact_year_agrees,north,resolved_unique_birthplace,Q55108712,Q995231,Long Branch,40.2954,-73.9899,True,,2023-01,M,False
5018420,"Narayanan, Srinath",IND,M,GM,,,,2559,0,10,1994,,True,5018420,1994-02-14,wikidata_exact_year_agrees,north,resolved_unique_birthplace,Q7586427,Q1352,Chennai,13.0825,80.275,True,,2023-01,M,False
24662259,"Schroeder, Jan-Christian",GER,M,GM,,,,2559,0,10,1998,,True,24662259,1998-01-31,wikidata_exact_year_agrees,north,resolved_unique_birthplace,Q21132830,Q16026,Limburg an der Lahn,50.38333333,8.06666667,True,,2023-01,M,False
4680804,"Graf, Alexander",GER,M,GM,,,,2558,0,10,1962,,True,4680804,1962-08-25,wikidata_exact_year_agrees,north,resolved_unique_birthplace,Q64220,Q269,Tashkent,41.31111111,69.27972222,True,,2023-01,M,True
753246,"Kozak, Adam",HUN,M,GM,,,,2558,12,10,2002,,True,753246,2002-06-15,wikidata_exact_year_agrees,north,resolved_unique_birthplace,Q27526807,Q1781,Budapest,47.49833333,19.04083333,True,,2023-01,M,False
14203049,"Kuybokarov, Temur",AUS,M,GM,,,,2558,0,10,2000,,True,14203049,2000-07-22,wikidata_exact_year_agrees,north,resolved_unique_birthplace,Q65029812,Q269,Tashkent,41.31111111,69.27972222,True,,2023-01,M,False
930849,"Predojevic, Borki",BIH,M,GM,,FT,,2558,0,10,1987,,True,930849,1987-04-06,wikidata_exact_year_agrees,north,resolved_unique_birthplace,Q893855,Q180753,Teslić,44.60666667,17.86,True,,2023-01,M,True
1007246,"Smeets, Jan",NED,M,GM,,,,2558,1,10,1985,,True,1007246,1985-04-05,wikidata_exact_year_agrees,north,resolved_unique_birthplace,Q1379765,Q43631,Leiden,52.16,4.49,True,,2023-01,M,True
895733,"Sonis, Francesco",ITA,M,GM,,,,2558,0,10,2002,,True,895733,2002-04-29,wikidata_exact_year_agrees,north,resolved_unique_birthplace,Q27532199,Q13652,Oristano,39.9058188,8.591609,True,,2023-01,M,False
1188062,"Gumularz, Szymon",POL,M,GM,,,,2557,2,10,2001,,True,1188062,2001-12-22,wikidata_exact_year_agrees,north,resolved_unique_birthplace,Q108395166,Q325550,Myślenice,49.83333333,19.93333333,True,,2023-01,M,False
24624632,"Heimann, Andreas",GER,M,GM,,,,2557,0,10,1992,,True,24624632,1992-01-10,wikidata_exact_year_agrees,north,resolved_unique_birthplace,Q497891,Q16077,Rheinfelden,47.56111111,7.79166667,True,,2023-01,M,False
2008564,"Kaidanov, Gregory",USA,M,GM,,,,2557,9,10,1959,,True,2008564,1959-10-11,wikidata_exact_year_agrees,north,resolved_unique_birthplace,Q1266603,Q158799,Berdychiv,49.89194444,28.6,True,,2023-01,M,True
4120680,"Sviridov, Valery",RUS,M,,,,,2557,0,10,1991,,True,4120680,1991-10-08,wikidata_exact_year_agrees,north,resolved_unique_birthplace,Q126974176,Q193909,Seversk,56.6,84.85,True,,2023-01,M,False
634654,"Feller, Sebastien",FRA,M,GM,,FT,,2556,2,10,1991,,True,634654,1991-03-11,wikidata_exact_year_agrees,north,resolved_unique_birthplace,Q969657,Q22640,Thionville,49.35805556,6.16833333,True,,2023-01,M,False
716855,"Hera, Imre Jr.",HUN,M,GM,,,,2556,1,10,1986,,True,716855,1986-09-03,wikidata_exact_year_agrees,north,resolved_unique_birthplace,Q1660495,Q1781,Budapest,47.49833333,19.04083333,True,,2023-01,M,True
202967,"Michiels, Bart",BEL,M,GM,,,,2556,1,10,1986,,True,202967,1986-10-30,wikidata_exact_year_agrees,north,resolved_unique_birthplace,Q3635279,Q1296,Ghent,51.05361111,3.72527778,True,,2023-01,M,False
728012,"Mihok, Oliver",HUN,M,GM,,,,2556,4,10,1993,,True,728012,1993-06-23,wikidata_exact_year_agrees,north,resolved_unique_birthplace,Q21108086,Q1781,Budapest,47.49833333,19.04083333,True,,2023-01,M,False
2804344,"Postny, Evgeny",ISR,M,GM,,,,2556,9,10,1981,,True,2804344,1981-07-03,wikidata_exact_year_agrees,north,resolved_unique_birthplace,Q969913,Q883,Novosibirsk,55.03333333,82.91666667,True,,2023-01,M,True
4114060,"Sychev, Klementy",FID,M,GM,,,,2556,0,10,1996,,True,4114060,1996-07-12,wikidata_exact_year_agrees,unknown,person_no_birthplace,Q27532936,,,,,False,hemisphere:unknown:person_no_birthplace,2023-01,M,False
12961523,"Engel, Luis",GER,M,GM,,,,2555,0,10,2002,,True,12961523,2002-10-14,wikidata_exact_year_agrees,north,resolved_unique_birthplace,Q27524829,Q1055,Hamburg,53.55,10.0,True,,2023-01,M,False
14928752,"Gazik, Viktor",SVK,M,GM,,,,2555,18,10,2001,,True,14928752,2001-12-13,wikidata_exact_year_agrees,north,resolved_unique_birthplace,Q27525231,Q842011,Handlová,48.72722222,18.76194444,True,,2023-01,M,False
14903474,"Markos, Jan",SVK,M,GM,,,,2555,0,10,1985,,True,14903474,1985-07-02,wikidata_exact_year_agrees,north,resolved_unique_birthplace,Q786107,Q144983,Banská Bystrica,48.73527778,19.14527778,True,,2023-01,M,True
4135148,"Shomoev, Anton",RUS,M,GM,,,,2555,0,10,1981,,True,4135148,1981-06-05,wikidata_exact_year_agrees,north,resolved_unique_birthplace,Q4526080,Q6816,Ulan-Ude,51.82722222,107.60638889,True,,2023-01,M,True
1185934,"Teclaf, Pawel",POL,M,IM,,,,2555,0,10,2003,,True,1185934,2003-06-18,wikidata_exact_year_agrees,north,resolved_unique_birthplace,Q15441556,Q640355,卡爾圖濟,54.33424,18.19735,True,,2023-01,M,False
1112953,"Dziuba, Marcin",POL,M,GM,,,,2554,0,10,1983,,True,1112953,1983-07-17,wikidata_exact_year_agrees,north,resolved_unique_birthplace,Q4160912,Q145972,Zamość,50.72055556,23.25861111,True,,2023-01,M,True
14509792,"Martinovic, Sasa",CRO,M,GM,,,,2554,11,10,1991,,True,14509792,1991-07-15,wikidata_exact_year_agrees,unknown,person_no_birthplace,Q4282611,,,,,False,hemisphere:unknown:person_no_birthplace,2023-01,M,False
14101866,"Ovsejevitsch, Sergei",UKR,M,GM,,,,2554,0,10,1977,,True,14101866,,wikidata_year_mismatch,unknown,person_no_birthplace,Q4330784,,,,,False,dob:wikidata_year_mismatch,2023-01,M,False
4212312,"Pavlidis, Antonios",GRE,M,GM,,,,2554,0,10,1993,,True,4212312,1993-04-01,wikidata_exact_year_agrees,north,resolved_unique_birthplace,Q18634723,Q41,Greece,38.5,23.0,True,,2023-01,M,False
922277,"Vuckovic, Bojan",SRB,M,GM,,,,2554,0,10,1980,,True,922277,1980-09-12,wikidata_exact_year_agrees,north,resolved_unique_birthplace,Q891157,Q3711,Belgrade,44.81777778,20.45694444,True,,2023-01,M,True
8600970,"Zhang, Pengxiang",CHN,M,GM,,,,2554,0,10,1980,,True,8600970,1980-06-29,wikidata_exact_year_agrees,north,resolved_unique_birthplace,Q197265,Q11736,Tianjin,39.14666667,117.20555556,True,,2023-01,M,True
2800055,"Boruchovsky, Avital",ISR,M,GM,,,,2553,9,10,1997,,True,2800055,1997-03-15,wikidata_exact_year_agrees,north,resolved_unique_birthplace,Q15633706,Q207350,Rehovot,31.89138889,34.80777778,True,,2023-01,M,True
5045207,"Ghosh, Diptayan",IND,M,GM,,,,2553,10,10,1998,,True,5045207,1998-08-10,wikidata_exact_year_agrees,north,resolved_unique_birthplace,Q5280086,Q1348,Kolkata,22.5675,88.37,True,,2023-01,M,False
13600966,"Mchedlishvili, Mikheil",GEO,M,GM,,FT,,2553,9,10,1979,,True,13600966,1979-06-04,wikidata_exact_year_agrees,unknown,person_no_birthplace,Q1645419,,,,,False,hemisphere:unknown:person_no_birthplace,2023-01,M,False
4115341,"Tregubov, Pavel V.",FID,M,GM,,,,2553,0,10,1971,,True,4115341,1971-12-21,wikidata_exact_year_agrees,north,resolved_unique_birthplace,Q1359225,Q3646,Krasnodar,45.03333333,38.98333333,True,,2023-01,M,True
14506661,"Kuljasevic, Davorin",CRO,M,GM,,FT,,2552,0,10,1986,,True,14506661,1986-10-22,wikidata_exact_year_agrees,north,resolved_unique_birthplace,Q4246824,Q1435,Zagreb,45.81305556,15.97722222,True,,2023-01,M,True
4147332,"Savchenko, Boris",RUS,M,GM,,,,2552,0,10,1986,,True,4147332,1986-07-10,wikidata_exact_year_agrees,north,resolved_unique_birthplace,Q4404275,Q656,Saint Petersburg,59.95,30.31666667,True,,2023-01,M,True
4169530,"Vavulin, Maxim",FID,M,GM,,,,2552,0,10,1998,,True,4169530,1998-05-06,wikidata_exact_year_agrees,north,resolved_unique_birthplace,Q27533806,Q649,Moscow,55.75055556,37.6175,True,,2023-01,M,False
4171055,"Lintchevski, Daniil",RUS,M,GM,,,,2551,18,10,1990,,True,4171055,1990-05-17,wikidata_exact_year_agrees,north,resolved_unique_birthplace,Q553222,Q7436,Gatchina,59.56841,30.122892,True,,2023-01,M,False
2107660,"Mekhitarian, Krikor Sevag",BRA,M,GM,,,,2551,0,10,1986,,True,2107660,1986-11-15,wikidata_exact_year_agrees,south,resolved_unique_birthplace,Q1190860,Q174,São Paulo,-23.55039444,-46.63394722,False,hemisphere:south:resolved_unique_birthplace,2023-01,M,False
13301616,"Petrosian, Tigran L.",ARM,M,GM,,,,2551,0,10,1984,,True,13301616,1984-09-17,wikidata_exact_year_agrees,north,resolved_unique_birthplace,Q528959,Q1953,Yerevan,40.18138889,44.51444444,True,,2023-01,M,True
3520773,"Quesada Perez, Luis Ernesto",CUB,M,GM,,,,2551,9,10,1999,,True,3520773,1999-01-04,wikidata_exact_year_agrees,north,resolved_unique_birthplace,Q27530207,Q115465,Ciego de Ávila,21.84805556,-78.76305556,True,,2023-01,M,False
1141686,"Nasuta, Grzegorz",POL,M,GM,,,,2550,9,10,1996,,True,1141686,1996-03-01,wikidata_exact_year_agrees,north,resolved_unique_birthplace,Q14469060,Q761,Białystok,53.13235582,23.16867245,True,,2023-01,M,False
2400561,"Rowson, Jonathan",SCO,M,GM,,,,2550,0,10,1977,,True,2400561,1977-04-18,wikidata_exact_year_agrees,north,resolved_unique_birthplace,Q1398291,Q36405,Aberdeen,57.15,-2.1,True,,2023-01,M,True
8603537,"Zhou, Jianchao",CHN,M,GM,,,,2550,6,10,1988,,True,8603537,1988-06-11,wikidata_exact_year_agrees,north,resolved_unique_birthplace,Q197984,Q8686,Shanghai,31.2325,121.46916667,True,,2023-01,M,True
1134167,"Dragun, Kamil",POL,M,GM,,,,2548,0,10,1995,,True,1134167,1995-06-25,wikidata_exact_year_agrees,north,resolved_unique_birthplace,Q3458758,Q104731,Gorzów Wielkopolski,52.73333333,15.25,True,,2023-01,M,False
817570,"Dvirnyy, Danyyil",ITA,M,GM,,,,2548,9,10,1990,,True,817570,1990-10-21,wikidata_exact_year_agrees,north,resolved_unique_birthplace,Q3702426,Q656,Saint Petersburg,59.95,30.31666667,True,,2023-01,M,True
13600702,"Gelashvili, Tamaz",GEO,M,GM,,,,2548,0,10,1978,,True,13600702,1978-04-08,wikidata_exact_year_agrees,north,resolved_unique_birthplace,Q2566001,Q130229,Georgian SSR,41.7167,44.7833,True,,2023-01,M,True
300071,"Hracek, Zbynek",CZE,M,GM,,,,2548,2,10,1970,,True,300071,1970-09-09,wikidata_exact_year_agrees,north,resolved_unique_birthplace,Q168312,Q502993,Uherské Hradiště,49.06975755,17.45969135,True,,2023-01,M,True
14923432,"Neugebauer, Martin",SVK,M,IM,,,,2548,6,10,1999,,True,14923432,1999-06-26,wikidata_exact_year_agrees,unknown,person_no_birthplace,Q27528789,,,,,False,hemisphere:unknown:person_no_birthplace,2023-01,M,False
1008013,"Tiviakov, Sergei",NED,M,GM,,,,2548,9,10,1973,,True,1008013,1973-02-14,wikidata_exact_year_agrees,north,resolved_unique_birthplace,Q710938,Q3646,Krasnodar,45.03333333,38.98333333,True,,2023-01,M,True
24171743,"Drygalov, Sergey",RUS,M,GM,,,,2547,0,10,1999,,True,24171743,1999-05-19,wikidata_exact_year_agrees,north,resolved_unique_birthplace,Q27524676,Q13379,Kurgan,55.44083333,65.34111111,True,,2023-01,M,False
605590,"Fontaine, Robert",SUI,M,GM,,,,2547,0,10,1980,,True,605590,1980-11-18,wikidata_exact_year_agrees,north,resolved_unique_birthplace,Q504254,Q193929,Suresnes,48.87111111,2.22694444,True,,2023-01,M,True
44155573,"Murzin, Volodar",RUS,M,GM,,,,2547,9,10,2006,,True,44155573,2006-07-18,wikidata_exact_year_agrees,north,resolved_unique_birthplace,Q47543943,Q98967,Nizhny Tagil,57.91666667,59.96666667,True,,2023-01,M,False
4119932,"Rychagov, Andrey",RUS,M,GM,,,,2547,0,10,1979,,True,4119932,1979-08-03,wikidata_exact_year_agrees,north,multiple_birthplaces_same_hemisphere,Q4402150,Q102217;Q649,Moscow;Vitebsk,55.18333333;55.75055556,30.16666667;37.6175,True,,2023-01,M,True
8604940,"Xu, Yinglun",CHN,M,GM,,,,2547,0,10,1996,,True,8604940,1996-12-03,wikidata_exact_year_agrees,unknown,person_no_birthplace,Q27534232,,,,,False,hemisphere:unknown:person_no_birthplace,2023-01,M,False
3801497,"Cordova, Emilio",PER,M,GM,,,,2546,27,10,1991,,True,3801497,1991-07-08,wikidata_exact_year_agrees,south,resolved_unique_birthplace,Q357092,Q2868,Lima,-12.06,-77.0375,False,hemisphere:south:resolved_unique_birthplace,2023-01,M,False
2900017,"Georgiev, Kiril",MKD,M,GM,,,,2546,0,10,1965,,True,2900017,1965-11-28,wikidata_exact_year_agrees,north,resolved_unique_birthplace,Q725606,Q191099,Petrich,41.398129,23.206857,True,,2023-01,M,True
30901561,"Jacobson, Brandon",USA,M,GM,,,,2546,9,10,2003,,True,30901561,2003-11-14,wikidata_exact_year_agrees,north,resolved_unique_birthplace,Q59139044,Q544890,Plainfield,40.61527778,-74.41611111,True,,2023-01,M,False
2812320,"Kobo, Ori",ISR,M,GM,,,,2546,9,10,1997,,True,2812320,1997-04-24,wikidata_exact_year_agrees,north,resolved_unique_birthplace,Q20726321,Q1218,Jerusalem,31.776679;31.77888889,35.22555556;35.234156,True,,2023-01,M,False
8607508,"Li, Di",CHN,M,GM,,,,2546,0,10,1999,,True,8607508,1999-12-15,wikidata_exact_year_agrees,north,resolved_unique_birthplace,Q27527265,Q30002,Chengdu,30.66,104.06333333,True,,2023-01,M,False
24164879,"Lomasov, Semyon",ISR,M,GM,,,,2546,0,10,2002,,True,24164879,2002-02-04,wikidata_exact_year_agrees,unknown,person_no_birthplace,Q27527388,,,,,False,hemisphere:unknown:person_no_birthplace,2023-01,M,False
7200595,"Ziska, Helgi Dam",FAI,M,GM,,,,2546,0,10,1990,,True,7200595,1990-07-26,wikidata_exact_year_agrees,north,resolved_unique_birthplace,Q331813,Q10704,Tórshavn,62.00981,-6.77135,True,,2023-01,M,False
2255570,"Cuenca Jimenez, Jose Fernando",ESP,M,GM,,FT,,2545,9,10,1987,,True,2255570,1987-03-17,wikidata_exact_year_agrees,north,resolved_unique_birthplace,Q5939119,Q8810,Granada,37.175,-3.6,True,,2023-01,M,False
25060783,"Pranav, V",IND,M,GM,,,,2545,0,10,2006,,True,25060783,2006-10-13,wikidata_exact_year_agrees,north,resolved_unique_birthplace,Q109923502,Q1355,Bengaluru,12.9791198,77.5912997,True,,2023-01,M,False
4123425,"Smirnov, Pavel",RUS,M,GM,,,,2545,0,10,1982,,True,4123425,1982-04-27,wikidata_exact_year_agrees,north,resolved_unique_birthplace,Q3775343,Q158751,Mezhdurechensk,53.68638889,88.07027778,True,,2023-01,M,True
14102196,"Baklan, Vladimir",UKR,M,GM,,,,2544,1,10,1978,,True,14102196,1978-02-25,wikidata_exact_year_agrees,north,resolved_unique_birthplace,Q1387247,Q1899,Kyiv,50.45,30.52361111,True,,2023-01,M,True
2106981,"El Debs, Felipe de Cresce",BRA,M,GM,,,,2544,9,10,1985,,True,2106981,1985-01-29,wikidata_exact_year_agrees,south,resolved_unique_birthplace,Q456442,Q194338,São Carlos,-22.01777778,-47.89083333,False,hemisphere:south:resolved_unique_birthplace,2023-01,M,False
2302241,"Gretarsson, Hjorvar Steinn",ISL,M,GM,,,,2544,0,10,1993,,True,2302241,1993-05-29,wikidata_exact_year_agrees,north,resolved_unique_birthplace,Q15883086,Q1764,Reykjavík,64.1475,-21.935,True,,2023-01,M,False
14505959,"Jankovic, Alojzije",CRO,M,GM,,,,2544,3,10,1983,,True,14505959,1983-04-02,wikidata_exact_year_agrees,north,resolved_unique_birthplace,Q514044,Q1435,Zagreb,45.81305556,15.97722222,True,,2023-01,M,True
751499,"Kantor, Gergely",HUN,M,GM,,,,2544,8,10,1999,,True,751499,1999-07-19,wikidata_exact_year_agrees,north,resolved_unique_birthplace,Q27526379,Q1781,Budapest,47.49833333,19.04083333,True,,2023-01,M,False
5024595,Lalit Babu M R,IND,M,GM,,,,2544,0,10,1993,,True,5024595,1993-01-05,wikidata_exact_year_agrees,north,resolved_unique_birthplace,Q2167879,Q200017,Vijayawada,16.51666667,80.61666667,True,,2023-01,M,True
14502569,"Stevic, Hrvoje",CRO,M,GM,,,,2544,12,10,1980,,True,14502569,1980-01-08,wikidata_exact_year_agrees,north,resolved_unique_birthplace,Q741069,Q1640,Osijek,45.56027778,18.67027778,True,,2023-01,M,True
113816,"Tristan, Leonardo",ARG,M,GM,,,,2544,0,10,1989,,True,113816,1989-11-22,wikidata_exact_year_agrees,south,resolved_unique_birthplace,Q27533344,Q52607,Mar del Plata,-38.0,-57.55,False,hemisphere:south:resolved_unique_birthplace,2023-01,M,False
25012223,Visakh N R,IND,M,GM,,,,2544,0,10,1999,,True,25012223,1999-04-24,wikidata_exact_year_agrees,north,resolved_unique_birthplace,Q27533923,Q847606,Nagercoil,8.1875,77.42944444,True,,2023-01,M,False
1211668,"Chirila, Ioan-Cristian",ROU,M,GM,,,,2543,0,10,1991,,True,1211668,1991-01-06,wikidata_exact_year_agrees,north,resolved_unique_birthplace,Q194852,Q19660,Bucharest,44.41336111,26.09777778,True,,2023-01,M,False
24105074,"Iljiushenok, Ilia",FID,M,GM,,,,2543,4,10,1993,,True,24105074,1993-08-16,wikidata_exact_year_agrees,north,resolved_unique_birthplace,Q27525944,Q157395,Langepas,61.25;61.25439,75.16666667;75.2124,True,,2023-01,M,False
921629,"Perunovic, Milos",SRB,M,GM,,,,2543,9,10,1984,,True,921629,1984-01-14,wikidata_exact_year_agrees,north,resolved_unique_birthplace,Q2325682,Q3711,Belgrade,44.81777778,20.45694444,True,,2023-01,M,True
121576,"Sosa, Tomas",ARG,M,GM,,,,2543,9,10,1998,,True,121576,1998-09-09,wikidata_exact_year_agrees,south,resolved_unique_birthplace,Q27532313,Q1486,Buenos Aires,-34.59972222,-58.38194444,False,hemisphere:south:resolved_unique_birthplace,2023-01,M,False
13413937,"Suleymanli, Aydin",AZE,M,GM,,,,2543,0,10,2005,,True,13413937,2005-03-22,wikidata_exact_year_agrees,north,resolved_unique_birthplace,Q47543934,Q9248,Baku,40.36665556,49.83518333,True,,2023-01,M,False
1132199,"Krzyzanowski, Marcin",POL,M,GM,,,,2542,9,10,1994,,True,1132199,1994-01-11,wikidata_exact_year_agrees,north,resolved_unique_birthplace,Q11767656,Q107094,Rybnik,50.08333333,18.5,True,,2023-01,M,False
12401153,"Le, Tuan Minh",VIE,M,GM,,,,2542,0,10,1996,,True,12401153,1996-10-21,wikidata_exact_year_agrees,north,resolved_unique_birthplace,Q27527190,Q1858,Hanoi,21.0245,105.84117,True,,2023-01,M,False
3503054,"Vazquez Igarza, Renier",ESP,M,GM,,FT,,2542,3,10,1979,,True,3503054,1979-01-08,wikidata_exact_year_agrees,north,resolved_unique_birthplace,Q2357275,Q241,Cuba,22.0,-79.5,True,,2023-01,M,True
4692055,"Bogner, Sebastian",SUI,M,GM,,,,2541,1,10,1991,,True,4692055,1991-01-17,wikidata_exact_year_agrees,north,resolved_unique_birthplace,Q96871,Q3046,Pforzheim,48.89;48.8908846;48.89154,8.7029532;8.71083;8.7156,True,,2023-01,M,True
604011,"Dorfman, Iossif",FRA,M,GM,,,,2541,0,10,1953,,True,604011,,wikidata_year_mismatch,north,resolved_unique_birthplace,Q1385250,Q156713,Zhytomyr,50.25444444,28.65777778,False,dob:wikidata_year_mismatch,2023-01,M,False
1113100,"Krasenkow, Michal",POL,M,GM,,,,2541,0,10,1963,,True,1113100,1963-11-14,wikidata_exact_year_agrees,north,resolved_unique_birthplace,Q961090,Q649,Moscow,55.75055556,37.6175,True,,2023-01,M,True
4155890,"Krivoborodov, Egor",RUS,M,GM,,,,2541,0,10,1989,,True,4155890,1989-12-24,wikidata_exact_year_agrees,north,resolved_unique_birthplace,Q4240726,Q649,Moscow,55.75055556,37.6175,True,,2023-01,M,False
718602,"Papp, Gabor",HUN,M,GM,,FT,,2541,12,10,1987,,True,718602,1987-05-04,wikidata_exact_year_agrees,north,resolved_unique_birthplace,Q1558687,Q45779,Pécs,46.07083333,18.23305556,True,,2023-01,M,True
14604299,"Skoberne, Jure",SLO,M,GM,,,,2541,4,10,1987,,True,14604299,1987-03-20,wikidata_exact_year_agrees,north,resolved_unique_birthplace,Q4525016,Q15853,Šempeter pri Gorici,45.928333,13.637778,True,,2023-01,M,True
4600070,"Wahls, Matthias",GER,M,GM,,,,2541,2,10,1968,,True,4600070,,multiple_wikidata_exact_dobs,north,resolved_unique_birthplace,Q86709,Q1055,Hamburg,53.55,10.0,False,dob:multiple_wikidata_exact_dobs,2023-01,M,False
4634527,"Handke, Florian, Dr.",GER,M,GM,,,,2540,0,10,1982,,True,4634527,1982-03-22,wikidata_exact_year_agrees,north,resolved_unique_birthplace,Q84620,Q365,Cologne,50.94222222,6.95777778,True,,2023-01,M,True
2034387,"Holt, Conrad",USA,M,GM,,,,2540,0,10,1993,,True,2034387,1993-07-09,wikidata_exact_year_agrees,north,resolved_unique_birthplace,Q12412716,Q49266,Wichita,37.68888889,-97.33611111,True,,2023-01,M,False
24183750,"Lobanov, Sergei",FID,M,GM,,,,2540,4,10,2001,,True,24183750,2001-05-19,wikidata_exact_year_agrees,unknown,person_no_birthplace,Q27527356,,,,,False,hemisphere:unknown:person_no_birthplace,2023-01,M,False
12511099,"Mousavi, Seyed Khalil",IRI,M,GM,,,,2540,0,10,1998,,True,12511099,1998-04-20,wikidata_exact_year_agrees,unknown,person_no_birthplace,Q27528676,,,,,False,hemisphere:unknown:person_no_birthplace,2023-01,M,False
13409301,"Muradli, Mahammad",AZE,M,GM,,,,2540,0,10,2003,,True,13409301,2003-08-01,wikidata_exact_year_agrees,north,resolved_unique_birthplace,Q55759143,Q9248,Baku,40.36665556,49.83518333,True,,2023-01,M,False
403989,"Pert, Nicholas",ENG,M,GM,,,,2540,0,10,1981,,True,403989,1981-01-22,wikidata_exact_year_agrees,north,resolved_unique_birthplace,Q4359259,Q184775,Ipswich,52.05944444,1.15555556,True,,2023-01,M,True
13507443,"Kazakouski, Valery",LTU,M,GM,,,,2539,0,10,2000,,True,13507443,2000-07-14,wikidata_exact_year_agrees,unknown,person_no_birthplace,Q27526453,,,,,False,hemisphere:unknown:person_no_birthplace,2023-01,M,False
1105663,"Kempinski, Robert",POL,M,GM,,,,2539,2,10,1977,,True,1105663,1977-07-11,wikidata_exact_year_agrees,north,resolved_unique_birthplace,Q686383,Q1792,Gdańsk,54.3482907;54.35,18.6540233;18.66666667,True,,2023-01,M,True
304760,"Stocek, Jiri",CZE,M,GM,,,,2539,2,10,1977,,True,304760,1977-05-10,wikidata_exact_year_agrees,north,resolved_unique_birthplace,Q743690,Q987487,Ostrov,50.306035,12.93915352,True,,2023-01,M,True
1709437,"Blomqvist, Erik",SWE,M,GM,,,,2538,2,10,1990,,True,1709437,1990-10-19,wikidata_exact_year_agrees,north,resolved_unique_birthplace,Q1353835,Q1754,Stockholm,59.32944444,18.06861111,True,,2023-01,M,False
13611860,"Kacharava, Nikolozi",GEO,M,IM,,,,2538,9,10,2004,,True,13611860,2004-03-03,wikidata_exact_year_agrees,unknown,person_no_birthplace,Q68772680,,,,,False,hemisphere:unknown:person_no_birthplace,2023-01,M,False
5900727,"Kelires, Andreas",GRE,M,GM,,,,2538,0,10,1999,,True,5900727,1999-07-01,wikidata_exact_year_agrees,north,resolved_unique_birthplace,Q27526459,Q3856,Nicosia,35.1725,33.365,True,,2023-01,M,False
116807,"Krysa, Leandro",ARG,M,GM,,,,2538,11,10,1992,,True,116807,1992-11-07,wikidata_exact_year_agrees,south,resolved_unique_birthplace,Q27526909,Q1486,Buenos Aires,-34.59972222,-58.38194444,False,hemisphere:south:resolved_unique_birthplace,2023-01,M,False
613762,"Maze, Sebastien",FRA,M,GM,,,,2538,0,10,1984,,True,613762,1984-02-08,wikidata_exact_year_agrees,north,resolved_unique_birthplace,Q1658816,Q90,Paris,48.85666667,2.35222222,True,,2023-01,M,True
14602296,"Sebenik, Matej",SLO,M,GM,,,,2538,0,10,1983,,True,14602296,1983-08-28,wikidata_exact_year_agrees,north,resolved_unique_birthplace,Q4521873,Q437,Ljubljana,46.05138889,14.50611111,True,,2023-01,M,True
1010891,"Spoelman, Wouter",NED,M,GM,,,,2538,0,10,1990,,True,1010891,1990-06-05,wikidata_exact_year_agrees,north,resolved_unique_birthplace,Q63321,Q793,Zwolle,52.51666667,6.1,True,,2023-01,M,True
633429,"Edouard, Romain",FRA,M,GM,,,,2537,0,10,1990,,True,633429,1990-11-28,wikidata_exact_year_agrees,north,resolved_unique_birthplace,Q968844,Q6616,Poitiers,46.58111111,0.33527778,True,,2023-01,M,True
4221990,"Kourkoulos-Arditis, Stamatis",GRE,M,IM,,,,2537,0,10,1998,,True,4221990,1998-06-07,wikidata_exact_year_agrees,unknown,person_no_birthplace,Q27526776,,,,,False,hemisphere:unknown:person_no_birthplace,2023-01,M,False
705713,"Ruck, Robert",HUN,M,GM,,,,2537,4,10,1977,,True,705713,1977-12-10,wikidata_exact_year_agrees,north,resolved_unique_birthplace,Q542985,Q42007,Szombathely,47.23333333,16.63333333,True,,2023-01,M,True
24176460,"Sorokin, Aleksey",RUS,M,GM,,,,2537,0,10,2000,,True,24176460,2000-04-13,wikidata_exact_year_agrees,north,resolved_unique_birthplace,Q27532242,Q6014,Barnaul,53.35666667,83.78722222,True,,2023-01,M,False
2801795,"Steinberg, Nitzan",ISR,M,GM,,,,2537,0,10,1998,,True,2801795,1998-01-12,wikidata_exact_year_agrees,north,resolved_unique_birthplace,Q20653465,Q41621,Haifa,32.81916667,34.99916667,True,,2023-01,M,False
4145097,"Zakhartsov, Vladimir",RUS,M,GM,,,,2537,4,10,1997,,True,4145097,1997-01-30,wikidata_exact_year_agrees,north,resolved_unique_birthplace,Q27534534,Q908,Rostov-on-Don,47.2225,39.71,True,,2023-01,M,False
301264,"Babula, Vlastimil",CZE,M,GM,,,,2536,3,10,1973,,True,301264,1973-10-02,wikidata_exact_year_agrees,north,resolved_unique_birthplace,Q1382022,Q664895,Uherský Brod,49.02513343,17.6471533,True,,2023-01,M,True
8608156,"Dai, Changren",CHN,M,IM,,,,2536,0,10,1999,,True,8608156,1999-01-10,wikidata_exact_year_agrees,north,resolved_unique_birthplace,Q41690394,Q11736,Tianjin,39.14666667,117.20555556,True,,2023-01,M,False
4156013,"Obolenskikh, Dmitry",RUS,M,IM,,,,2536,9,10,1985,,True,4156013,1985-09-27,wikidata_exact_year_agrees,unknown,person_no_birthplace,Q27528976,,,,,False,hemisphere:unknown:person_no_birthplace,2023-01,M,False
1506102,"Urkedal, Frode Olav Olsen",NOR,M,GM,,,,2536,0,10,1993,,True,1506102,1993-05-14,wikidata_exact_year_agrees,north,resolved_unique_birthplace,Q289875,Q585,奥斯陆,59.91333333,10.73888889,True,,2023-01,M,False
13601865,"Aroshidze, Levan",ESP,M,GM,,,,2535,0,10,1985,,True,13601865,1985-07-09,wikidata_exact_year_agrees,north,resolved_unique_birthplace,Q1822029,Q994,Tbilisi,41.7225,44.7925,True,,2023-01,M,True
3801969,"Cruz, Cristhian",PER,M,GM,,,,2535,29,10,1992,,True,3801969,1992-02-07,wikidata_exact_year_agrees,south,resolved_unique_birthplace,Q11691651,Q2868,Lima,-12.06,-77.0375,False,hemisphere:south:resolved_unique_birthplace,2023-01,M,False
1159259,"Janik, Igor",POL,M,GM,,,,2535,2,10,2000,,True,1159259,2000-06-09,wikidata_exact_year_agrees,north,resolved_unique_birthplace,Q27526075,Q104712,Elbląg,54.15222222,19.40888889,True,,2023-01,M,False
8608962,"Liu, Yan",CHN,M,GM,,,,2535,0,10,2000,,True,8608962,2000-03-29,wikidata_exact_year_agrees,north,resolved_unique_birthplace,Q27527332,Q11725,Chongqing,29.55,106.50694444,True,,2023-01,M,False
2911086,"Petrov, Martin",BUL,M,GM,,,,2535,0,10,2000,,True,2911086,2000-10-03,wikidata_exact_year_agrees,unknown,person_no_birthplace,Q27529872,,,,,False,hemisphere:unknown:person_no_birthplace,2023-01,M,False
4101286,"Petrov, Nikita",FID,M,GM,,,,2535,6,10,1996,,True,4101286,1996-07-01,wikidata_exact_year_agrees,north,resolved_unique_birthplace,Q27529873,Q15760,Novorossiysk,44.71666667,37.76666667,True,,2023-01,M,False
1013068,"Pruijssers, Roeland",NED,M,GM,,,,2535,1,10,1989,,True,1013068,1989-08-16,wikidata_exact_year_agrees,north,resolved_unique_birthplace,Q81853,Q538725,Hendrik-Ido-Ambacht,51.85,4.63,True,,2023-01,M,True
4108566,"Tsydypov, Zhamsaran",RUS,M,GM,,,,2535,6,10,1996,,True,4108566,1996-09-05,wikidata_exact_year_agrees,north,resolved_unique_birthplace,Q27533402,Q6816,Ulan-Ude,51.82722222,107.60638889,True,,2023-01,M,False
1124552,"Warakomski, Tomasz",POL,M,GM,,,,2535,3,10,1989,,True,1124552,1989-06-22,wikidata_exact_year_agrees,north,resolved_unique_birthplace,Q9359786,Q236083,Suwałki,54.1,22.93333333,True,,2023-01,M,False
14165414,"Galperin, Platon",UKR,M,GM,,,,2534,4,10,2003,,True,14165414,2003-12-10,wikidata_exact_year_agrees,unknown,person_no_birthplace,Q68664014,,,,,False,hemisphere:unknown:person_no_birthplace,2023-01,M,False
1110381,"Mista, Aleksander",POL,M,GM,,,,2534,0,10,1983,,True,1110381,1983-01-07,wikidata_exact_year_agrees,north,resolved_unique_birthplace,Q2640811,Q731079,Myszków,50.5752,19.32461,True,,2023-01,M,True
14109476,"Tukhaev, Adam",UKR,M,GM,,,,2534,0,10,1988,,True,14109476,1988-02-14,wikidata_exact_year_agrees,north,resolved_unique_birthplace,Q4466677,Q157065,Kerch,45.33861111,36.46805556,True,,2023-01,M,False
14113171,"Vovk, Yuri",UKR,M,GM,,,,2534,8,10,1988,,True,14113171,1988-11-11,wikidata_exact_year_agrees,north,resolved_unique_birthplace,Q2405566,Q36036,Lviv,49.838055;49.841952,24.023055;24.0315921,True,,2023-01,M,True
5100011,"Hernandez Guerrero, Gilberto",MEX,M,GM,,,,2533,20,10,1970,,True,5100011,1970-02-04,wikidata_exact_year_agrees,north,resolved_unique_birthplace,Q1372197,Q3849175,Ébano Municipality,22.16,-98.51,True,,2023-01,M,True
14129850,"Matviishen, Viktor",UKR,M,GM,,,,2533,8,10,2002,,True,14129850,2002-01-10,wikidata_exact_year_agrees,unknown,person_no_birthplace,Q27527841,,,,,False,hemisphere:unknown:person_no_birthplace,2023-01,M,False
7101384,"Megaranto, Susanto",INA,M,GM,,,,2533,0,10,1987,,True,7101384,1987-10-08,wikidata_exact_year_agrees,south,resolved_unique_birthplace,Q608600,Q838033,Indramayu,-6.32638889,108.32,False,hemisphere:south:resolved_unique_birthplace,2023-01,M,False
4119410,"Popov, Valerij",RUS,M,GM,,,,2533,0,10,1974,,True,4119410,1974-09-10,wikidata_exact_year_agrees,north,resolved_unique_birthplace,Q517854,Q656,Saint Petersburg,59.95,30.31666667,True,,2023-01,M,True
108049,"Flores, Diego",ARG,M,GM,,,,2532,11,10,1982,,True,108049,1982-12-18,wikidata_exact_year_agrees,north,resolved_unique_birthplace,Q613780,Q11974,Las Palmas de Gran Canaria,28.12722222,-15.43138889,True,,2023-01,M,False
24153729,"Khegay, Dmitriy",RUS,M,GM,,,,2532,0,10,1997,,True,24153729,1997-07-21,wikidata_exact_year_agrees,unknown,person_no_birthplace,Q27526511,,,,,False,hemisphere:unknown:person_no_birthplace,2023-01,M,False
13515110,"Lazavik, Denis",BLR,M,GM,,,,2532,9,10,2006,,True,13515110,2006-11-17,wikidata_exact_year_agrees,north,resolved_unique_birthplace,Q71319667,Q2280,Minsk,53.902246,27.561837,True,,2023-01,M,False
1406000,"Rasmussen, Allan Stig",DEN,M,GM,,,,2532,1,10,1983,,True,1406000,1983-11-20,wikidata_exact_year_agrees,north,resolved_unique_birthplace,Q4390194,Q25319,Aarhus,56.15638889,10.20972222,True,,2023-01,M,False
3503313,"Almeida Quintana, Omar",CUB,M,GM,,FT,,2531,18,10,1981,,True,3503313,1981-10-28,wikidata_exact_year_agrees,north,resolved_unique_birthplace,Q622100,Q1563,Havana,23.13666667,-82.35888889,True,,2023-01,M,False
912417,"Ivanisevic, Ivan",SRB,M,GM,,,,2531,11,10,1977,,True,912417,1977-11-23,wikidata_exact_year_agrees,north,resolved_unique_birthplace,Q2301888,Q403,Serbia,43.95,20.93333333,True,,2023-01,M,True
8603294,"Liu, Qingnan",CHN,M,GM,,,,2531,0,10,1992,,True,8603294,1992-05-23,wikidata_exact_year_agrees,north,resolved_unique_birthplace,Q27527328,Q170247,Jinan,36.66666667,116.98333333,True,,2023-01,M,False
14401290,"Saric, Ibro",BIH,M,GM,,,,2531,0,10,1982,,True,14401290,1982-02-20,wikidata_exact_year_agrees,north,resolved_unique_birthplace,Q1258424,Q994203,Cazin,44.96694444,15.94305556,True,,2023-01,M,False
2059630,"Tang, Andrew",USA,M,GM,,,,2531,3,10,1999,,True,2059630,1999-11-29,wikidata_exact_year_agrees,north,resolved_unique_birthplace,Q27533021,Q243007,Naperville,41.74826,-88.16585,True,,2023-01,M,False
4500016,"Ehlvest, Jaan",USA,M,GM,,,,2530,0,10,1962,,True,4500016,1962-10-14,wikidata_exact_year_agrees,north,resolved_unique_birthplace,Q499615,Q1770,Tallinn,59.43722222,24.745,True,,2023-01,M,True
1040634,"Kevlishvili, Robby",NED,M,GM,,,,2530,0,10,2001,,True,1040634,2001-04-15,wikidata_exact_year_agrees,north,resolved_unique_birthplace,Q27526476,Q328087,Dronten,52.52416667,5.7125,True,,2023-01,M,False
13602926,"Margvelashvili, Giorgi",GEO,M,GM,,,,2530,0,10,1990,,True,13602926,1990-02-09,wikidata_exact_year_agrees,north,resolved_unique_birthplace,Q4281192,Q994,Tbilisi,41.7225,44.7925,True,,2023-01,M,True
117927,"Perez Ponsa, Federico",ARG,M,GM,,,,2530,11,10,1993,,True,117927,1993-10-22,wikidata_exact_year_agrees,south,resolved_unique_birthplace,Q16685776,Q1486,Buenos Aires,-34.59972222,-58.38194444,False,hemisphere:south:resolved_unique_birthplace,2023-01,M,False
5702895,"Yeoh, Li Tian",MAS,M,IM,,,,2530,0,10,1999,,True,5702895,1999-10-16,wikidata_exact_year_agrees,unknown,person_no_birthplace,Q27534457,,,,,False,hemisphere:unknown:person_no_birthplace,2023-01,M,False
2064871,"Balakrishnan, Praveen",USA,M,GM,,,,2529,18,10,2002,,True,2064871,2002-05-21,wikidata_exact_year_agrees,unknown,person_no_birthplace,Q27523317,,,,,False,hemisphere:unknown:person_no_birthplace,2023-01,M,False
13400363,"Guliyev, Namig",AZE,M,GM,,,,2529,2,10,1974,,True,13400363,1974-02-13,wikidata_exact_year_agrees,north,resolved_unique_birthplace,Q1377816,Q4621474,Dünyamalılar,39.77079025,47.7622535,True,,2023-01,M,True
1303759,"Lampert, Jonas",GER,M,GM,,,,2529,0,10,1997,,True,1303759,1997-08-25,wikidata_exact_year_agrees,north,resolved_unique_birthplace,Q27527033,Q1055,Hamburg,53.55,10.0,True,,2023-01,M,False
4123700,"Moiseenko, Vadim",RUS,M,GM,,,,2529,0,10,1994,,True,4123700,1994-07-07,wikidata_exact_year_agrees,north,resolved_unique_birthplace,Q27528521,Q132732,Bratsk,56.152;56.16666667,101.61666667;101.633,True,,2023-01,M,False
1026356,"Ten Hertog, Hugo",NED,M,GM,,,,2529,1,10,1994,,True,1026356,1994-07-06,wikidata_exact_year_agrees,unknown,person_no_birthplace,Q27533076,,,,,False,hemisphere:unknown:person_no_birthplace,2023-01,M,False
4000013,"David, Alberto",ITA,M,GM,,,,2527,10,10,1970,,True,4000013,1970-03-26,wikidata_exact_year_agrees,north,resolved_unique_birthplace,Q964846,Q490,Milan,45.46694444,9.19,True,,2023-01,M,True
4600193,"Lutz, Christopher",GER,M,GM,,,,2527,0,10,1971,,True,4600193,1971-02-24,wikidata_exact_year_agrees,north,resolved_unique_birthplace,Q64754,Q162771,Neukirchen-Vluyn,51.44166667,6.55833333,True,,2023-01,M,True
14400014,"Nikolic, Predrag",BIH,M,GM,,,,2527,0,10,1960,,True,14400014,1960-09-11,wikidata_exact_year_agrees,north,resolved_unique_birthplace,Q634635,Q391033,Šamac,45.06666667,18.46666667,True,,2023-01,M,True
14100037,"Novikov, Igor",USA,M,GM,,,,2527,0,10,1962,,True,14100037,1962-05-23,wikidata_exact_year_agrees,north,resolved_unique_birthplace,Q1950207,Q42308,Kharkiv,49.9925,36.23111111,True,,2023-01,M,True
14116502,"Sivuk, Vitaly",SWE,M,GM,,,,2527,27,10,1992,,True,14116502,1992-01-01,wikidata_exact_year_agrees,north,resolved_unique_birthplace,Q18635043,Q41572,Mykolaiv,46.975,31.995,True,,2023-01,M,False
866970,"Basso, Pier Luigi",ITA,M,GM,,,,2526,18,10,1997,,True,866970,1997-12-15,wikidata_exact_year_agrees,north,resolved_unique_birthplace,Q27523405,Q46806,Montebelluna,45.77527778,12.03888889,True,,2023-01,M,False
24109959,"Goganov, Aleksey",RUS,M,GM,,,,2526,8,10,1991,,True,24109959,1991-07-26,wikidata_exact_year_agrees,north,resolved_unique_birthplace,Q16225500,Q656,Saint Petersburg,59.95,30.31666667,True,,2023-01,M,True
9000011,"Hamdouchi, Hicham",MAR,M,GM,,,,2526,0,10,1972,,True,9000011,1972-10-08,wikidata_exact_year_agrees,north,resolved_unique_birthplace,Q1617234,Q126148,Tangier,35.7696302,-5.8033522,True,,2023-01,M,True
1400266,"Hansen, Sune Berg",DEN,M,GM,,,,2526,1,10,1971,,True,1400266,1971-04-21,wikidata_exact_year_agrees,north,resolved_unique_birthplace,Q724807,Q3255441,Gentofte,55.7517,12.5508,True,,2023-01,M,True
2803828,"Huzman, Alexander",ISR,M,GM,,,,2526,0,10,1962,,True,2803828,1962-04-10,wikidata_exact_year_agrees,north,resolved_unique_birthplace,Q2495398,Q156713,Zhytomyr,50.25444444,28.65777778,True,,2023-01,M,True
4500261,"Kulaots, Kaido",EST,M,GM,,,,2526,18,10,1976,,True,4500261,1976-02-28,wikidata_exact_year_agrees,north,resolved_unique_birthplace,Q638126,Q102365,Pärnu,58.38444444,24.49888889,True,,2023-01,M,True
2300087,"Stefansson, Hannes",ISL,M,GM,,,,2526,0,10,1972,,True,2300087,1972-07-18,wikidata_exact_year_agrees,north,resolved_unique_birthplace,Q2744238,Q1764,Reykjavík,64.1475,-21.935,True,,2023-01,M,True
12804444,"Stremavicius, Titas",LTU,M,GM,,,,2526,16,10,1998,,True,12804444,1998-02-15,wikidata_exact_year_agrees,north,resolved_unique_birthplace,Q20503481,Q4115712,Kaunas,54.9,23.93333333,True,,2023-01,M,False
1000012,"Timman, Jan H",NED,M,GM,,,,2526,1,10,1951,,True,1000012,1951-12-14,wikidata_exact_year_agrees,north,resolved_unique_birthplace,Q139438,Q727,Amsterdam,52.36666667,4.88333333,True,,2023-01,M,True
4902920,"Batsuren, Dambasuren",MGL,M,GM,,,,2525,0,10,2004,,True,4902920,2004-01-22,wikidata_exact_year_agrees,north,resolved_unique_birthplace,Q30310085,Q23430,Ulaanbaatar,47.921357,106.905515,True,,2023-01,M,False
3503321,"Gonzalez Vidal, Yuri",CUB,M,GM,,,,2525,0,10,1981,,True,3503321,1981-01-12,wikidata_exact_year_agrees,north,resolved_unique_birthplace,Q630491,Q2553350,Marianao,23.08333333,-82.43333333,True,,2023-01,M,True
114286,"Iermito, Sebastian",ARG,M,IM,,,,2525,0,10,1993,,True,114286,1993-05-10,wikidata_exact_year_agrees,unknown,person_no_birthplace,Q27525929,,,,,False,hemisphere:unknown:person_no_birthplace,2023-01,M,False
1501984,"Lie, Kjetil A.",NOR,M,GM,,,,2525,1,10,1980,,True,1501984,1980-11-18,wikidata_exact_year_agrees,north,resolved_unique_birthplace,Q628862,Q2290,Porsgrunn,59.1419,9.6568,True,,2023-01,M,True
1104306,"Macieja, Bartlomiej",POL,M,GM,,"IO,FST",,2525,9,10,1977,,True,1104306,1977-10-04,wikidata_exact_year_agrees,north,resolved_unique_birthplace,Q809621,Q270,Warsaw,52.23,21.01111111,True,,2023-01,M,True
5019141,"Shyam, Sundar M.",IND,M,GM,,,,2525,9,10,1992,,True,5019141,1992-05-28,wikidata_exact_year_agrees,north,resolved_unique_birthplace,Q16720159,Q300577,Vellore,12.93333333,79.13333333,True,,2023-01,M,False
6305962,"Yilmazyerli, Mert",TUR,M,GM,,,,2525,9,10,1992,,True,6305962,1992-09-17,wikidata_exact_year_agrees,unknown,person_no_birthplace,Q27534463,,,,,False,hemisphere:unknown:person_no_birthplace,2023-01,M,False
13404938,"Gadimbayli, Abdulla",AZE,M,GM,,,,2524,0,10,2002,,True,13404938,2002-01-02,wikidata_exact_year_agrees,north,resolved_unique_birthplace,Q27525118,Q9248,Baku,40.36665556,49.83518333,True,,2023-01,M,False
727709,"Aczel, Gergely",HUN,M,GM,,,,2523,4,10,1991,,True,727709,1991-02-27,wikidata_exact_year_agrees,north,resolved_unique_birthplace,Q27522803,Q1781,Budapest,47.49833333,19.04083333,True,,2023-01,M,False
4135229,"Anisimov, Pavel",FID,M,GM,,,,2523,0,10,1986,,True,4135229,1986-04-19,wikidata_exact_year_agrees,north,resolved_unique_birthplace,Q27523064,Q656,Saint Petersburg,59.95,30.31666667,True,,2023-01,M,True
813613,"Brunello, Sabino",ITA,M,GM,,,,2523,18,10,1989,,True,813613,1989-06-27,wikidata_exact_year_agrees,north,resolved_unique_birthplace,Q786173,Q6221,Brescia,45.53888889,10.22028056,True,,2023-01,M,True
1010697,"Burg, Twan",NED,M,GM,,,,2523,1,10,1990,,True,1010697,1990-04-02,wikidata_exact_year_agrees,north,resolved_unique_birthplace,Q2301328,Q9864,Schijndel,51.6183,5.4364,True,,2023-01,M,False
2000075,"Dlugy, Maxim",USA,M,GM,,,,2523,0,10,1966,,True,2000075,1966-01-29,wikidata_exact_year_agrees,north,resolved_unique_birthplace,Q735208,Q649,Moscow,55.75055556,37.6175,True,,2023-01,M,True
2921642,"Petkov, Momchil",BUL,M,GM,,,,2523,9,10,2005,,True,2921642,2005-11-11,wikidata_exact_year_agrees,unknown,person_no_birthplace,Q71319599,,,,,False,hemisphere:unknown:person_no_birthplace,2023-01,M,False
1700014,"Andersson, Ulf",SWE,M,GM,,,,2522,5,10,1951,,True,1700014,,multiple_wikidata_exact_dobs,north,resolved_unique_birthplace,Q434364,Q25412,Västerås,59.61731938,16.5421575,False,dob:multiple_wikidata_exact_dobs,2023-01,M,False
1227190,"Gavrilescu, David",ROU,M,IM,,,,2522,0,10,2003,,True,1227190,2003-03-29,wikidata_exact_year_agrees,north,resolved_unique_birthplace,Q65493830,Q168057,Craiova,44.33333333,23.81666667,True,,2023-01,M,False
415820,"Haria, Ravi",ENG,M,GM,,,,2522,0,10,1999,,True,415820,1999-02-07,wikidata_exact_year_agrees,north,resolved_unique_birthplace,Q27525690,Q19931,Elstree,51.64,-0.3,True,,2023-01,M,False
4135202,"Kharitonov, Alexandr",RUS,M,GM,,,,2522,0,10,1986,,True,4135202,1986-11-08,wikidata_exact_year_agrees,north,resolved_unique_birthplace,Q2505504,Q175651,Obninsk,55.1,36.61666667,True,,2023-01,M,True
322156,"Krejci, Jan",CZE,M,GM,,,,2522,3,10,1992,,True,322156,1992-09-27,wikidata_exact_year_agrees,unknown,person_no_birthplace,Q1630579,,,,,False,hemisphere:unknown:person_no_birthplace,2023-01,M,False
600261,"Lamard, Guillaume",FRA,M,IM,,,,2522,9,10,1997,,True,600261,1997-05-02,wikidata_exact_year_agrees,unknown,person_no_birthplace,Q27527028,,,,,False,hemisphere:unknown:person_no_birthplace,2023-01,M,False
25072846,Aronyak Ghosh,IND,M,IM,,,,2521,0,10,2003,,True,25072846,2003-12-06,wikidata_exact_year_agrees,unknown,person_no_birthplace,Q108583288,,,,,False,hemisphere:unknown:person_no_birthplace,2023-01,M,False
655830,"Bailet, Pierre",FRA,M,GM,,,,2521,0,10,1988,,True,655830,1988-10-15,wikidata_exact_year_agrees,unknown,person_no_birthplace,Q27523292,,,,,False,hemisphere:unknown:person_no_birthplace,2023-01,M,False
14502879,"Kozul, Zdenko",CRO,M,GM,,,,2521,13,10,1966,,True,14502879,1966-05-21,wikidata_exact_year_agrees,north,resolved_unique_birthplace,Q168943,Q204434,Bihać,44.81472222,15.86916667,True,,2023-01,M,True
4189825,"Mozharov, Mikhail",RUS,M,GM,,,,2521,0,10,1990,,True,4189825,1990-10-19,wikidata_exact_year_agrees,north,resolved_unique_birthplace,Q16677285,Q193722,Sergiyev Posad,56.3,38.13333333,True,,2023-01,M,False
1204580,"Nanu, Costica-Ciprian",ROU,M,GM,,,,2521,0,10,1977,,True,1204580,1977-07-28,wikidata_exact_year_agrees,north,resolved_unique_birthplace,Q649291,Q82174,Brașov,45.65222222,25.61055556,True,,2023-01,M,False
1416928,"Ochsner, Bjorn Moller",DEN,M,IM,,,,2521,1,10,1994,,True,1416928,1994-10-23,wikidata_exact_year_agrees,north,resolved_unique_birthplace,Q27528984,Q25319,Aarhus,56.15638889,10.20972222,True,,2023-01,M,False
1121251,"Olszewski, Michal",POL,M,GM,,,,2521,0,10,1989,,True,1121251,1989-09-23,wikidata_exact_year_agrees,north,resolved_unique_birthplace,Q4334486,Q270,Warsaw,52.23,21.01111111,True,,2023-01,M,True
3507165,"Ortiz Suarez, Isan Reynaldo",CUB,M,GM,,,,2521,9,10,1985,,True,3507165,,wikidata_year_mismatch,north,resolved_unique_birthplace,Q4337114,Q185156,Guantánamo,20.138333,-75.206111,False,dob:wikidata_year_mismatch,2023-01,M,False
13600095,"Sturua, Zurab",GEO,M,GM,,,,2521,18,10,1959,,True,13600095,1959-06-08,wikidata_exact_year_agrees,north,resolved_unique_birthplace,Q2030950,Q994,Tbilisi,41.7225,44.7925,True,,2023-01,M,True
2252627,"Alsina Leal, Daniel",ESP,M,GM,,,,2520,18,10,1988,,True,2252627,1988-05-10,wikidata_exact_year_agrees,north,resolved_unique_birthplace,Q472966,Q1492,Barcelona,41.3825,2.17694444,True,,2023-01,M,False
4700236,"Dervishi, Erald",ALB,M,GM,,,,2520,0,10,1979,,True,4700236,1979-11-10,wikidata_exact_year_agrees,north,resolved_unique_birthplace,Q980449,Q83285,Durrës,41.31333333,19.44583333,True,,2023-01,M,True
330027,"Kriebel, Tadeas",CZE,M,IM,,,,2520,2,10,1995,,True,330027,1995-11-08,wikidata_exact_year_agrees,unknown,person_no_birthplace,Q27526869,,,,,False,hemisphere:unknown:person_no_birthplace,2023-01,M,False
4201990,"Mastrovasilis, Athanasios",GRE,M,GM,,FT,,2520,0,10,1979,,True,4201990,1979-04-18,wikidata_exact_year_agrees,north,resolved_unique_birthplace,Q3656900,Q17151,Thessaloniki,40.64027778,22.93555556,True,,2023-01,M,False
36083534,"Maurizzi, Marc`Andria",FRA,M,GM,,,,2520,18,10,2007,,True,36083534,2007-05-16,wikidata_exact_year_agrees,north,resolved_unique_birthplace,Q47543951,Q134698,Bastia,42.7,9.44944444,True,,2023-01,M,False
14112620,"Peng, Li Min",UKR,M,GM,,,,2520,5,10,1997,,True,14112620,1997-01-15,wikidata_exact_year_agrees,north,resolved_unique_birthplace,Q59140195,Q41572,Mykolaiv,46.975,31.995,True,,2023-01,M,False
35042025,Aditya Mittal,IND,M,IM,,,,2519,19,10,2006,,True,35042025,2006-09-19,wikidata_exact_year_agrees,unknown,person_no_birthplace,Q65528701,,,,,False,hemisphere:unknown:person_no_birthplace,2023-01,M,False
4194128,"Kiselev, Vitaliy",RUS,M,GM,,,,2519,0,10,1988,,True,4194128,1988-06-16,wikidata_exact_year_agrees,north,resolved_unique_birthplace,Q4222045,Q908,Rostov-on-Don,47.2225,39.71,True,,2023-01,M,False
1105680,"Markowski, Tomasz",POL,M,GM,,,,2519,0,10,1975,,True,1105680,1975-07-30,wikidata_exact_year_agrees,north,resolved_unique_birthplace,Q724051,Q66013,Głogów,51.65888889,16.08027778,True,,2023-01,M,True
1533533,"Abdrlauf, Elham",NOR,M,IM,,,,2518,0,10,2005,,True,1533533,2005-01-02,wikidata_exact_year_agrees,unknown,person_no_birthplace,Q71319508,,,,,False,hemisphere:unknown:person_no_birthplace,2023-01,M,False
1004689,"Ernst, Sipke",NED,M,GM,,,,2518,2,10,1979,,True,1004689,1979-01-08,wikidata_exact_year_agrees,north,resolved_unique_birthplace,Q738658,Q2272796,Damwâld,53.2886,5.9953,True,,2023-01,M,True
600113,"Hauchard, Arnaud",FRA,M,GM,,,,2518,0,10,1971,,True,600113,1971-11-15,wikidata_exact_year_agrees,north,resolved_unique_birthplace,Q2863141,Q30974,Rouen,49.44305556,1.1025,True,,2023-01,M,True
1208110,"Jianu, Vlad-Cristian",ROU,M,GM,,,,2518,0,10,1984,,True,1208110,1984-09-27,wikidata_exact_year_agrees,north,resolved_unique_birthplace,Q647494,Q19660,Bucharest,44.41336111,26.09777778,True,,2023-01,M,False
4611420,"Luther, Thomas",GER,M,GM,,FST,,2518,0,10,1969,,True,4611420,1969-11-04,wikidata_exact_year_agrees,north,resolved_unique_birthplace,Q68610,Q1729,Erfurt,50.97805556,11.02888889,True,,2023-01,M,True
2117568,"Quintiliano Pinto, Renato R.",BRA,M,GM,,,,2518,0,10,1992,,True,2117568,1992-10-04,wikidata_exact_year_agrees,unknown,person_no_birthplace,Q27530215,,,,,False,hemisphere:unknown:person_no_birthplace,2023-01,M,False
46634827,Bharath Subramaniyam H,IND,M,GM,,,,2517,0,10,2007,,True,46634827,2007-10-17,wikidata_exact_year_agrees,north,resolved_unique_birthplace,Q87410547,Q1352,Chennai,13.0825,80.275,True,,2023-01,M,False
13308327,"Davtyan, Artur",ARM,M,IM,,,,2517,0,10,2002,,True,13308327,2002-08-27,wikidata_exact_year_agrees,unknown,person_no_birthplace,Q108562352,,,,,False,hemisphere:unknown:person_no_birthplace,2023-01,M,False
1910850,"Ferreira, Jorge Viterbo",POR,M,GM,,,,2517,0,10,1994,,True,1910850,,multiple_wikidata_exact_dobs,north,resolved_unique_birthplace,Q23060671,Q36433,Porto,41.15,-8.61083333,False,dob:multiple_wikidata_exact_dobs,2023-01,M,False
24112798,"Gordievsky, Dmitry",RUS,M,GM,,,,2517,0,10,1996,,True,24112798,1996-04-24,wikidata_exact_year_agrees,north,resolved_unique_birthplace,Q27525428,Q649,Moscow,55.75055556,37.6175,True,,2023-01,M,False
2099438,"Hong, Andrew",USA,M,GM,,,,2517,0,10,2004,,True,2099438,2004-11-23,wikidata_exact_year_agrees,north,resolved_unique_birthplace,Q60666477,Q16553,San Jose,37.30416667,-121.87277778,True,,2023-01,M,False
14505320,"Jovanovic, Zoran",CRO,M,GM,,,,2517,12,10,1979,,True,14505320,1979-06-07,wikidata_exact_year_agrees,unknown,person_no_birthplace,Q4205857,,,,,False,hemisphere:unknown:person_no_birthplace,2023-01,M,False
26017962,"Laurent-Paoli, Pierre",FRA,M,IM,,,,2517,14,10,2000,,True,26017962,2000-12-03,wikidata_exact_year_agrees,north,resolved_unique_birthplace,Q27527159,Q6441,Montpellier,43.61091944,3.87723056,True,,2023-01,M,False
4614950,"Mons, Leon",GER,M,GM,,,,2517,1,10,1995,,True,4614950,1995-09-10,wikidata_exact_year_agrees,north,resolved_unique_birthplace,Q27528565,Q2843,Lübeck,53.86972222,10.68638889,True,,2023-01,M,False
14600986,"Pavasovic, Dusko",SLO,M,GM,,,,2517,0,10,1976,,True,14600986,1976-10-15,wikidata_exact_year_agrees,north,resolved_unique_birthplace,Q1268259,Q1663,Split,43.51,16.44,True,,2023-01,M,True
325740,"Plat, Vojtech",CZE,M,GM,,,,2517,4,10,1994,,True,325740,1994-01-23,wikidata_exact_year_agrees,north,resolved_unique_birthplace,Q27529966,Q1000091,Rychnov nad Kněžnou,50.16287079,16.27495476,True,,2023-01,M,False
35018701,Arjun Kalyan,IND,M,GM,,,,2516,19,10,2002,,True,35018701,2002-06-17,wikidata_exact_year_agrees,north,resolved_unique_birthplace,Q57416087,Q1352,Chennai,13.0825,80.275,True,,2023-01,M,False
4138716,"Bocharov, Dmitry",RUS,M,GM,,,,2516,0,10,1982,,True,4138716,1982-10-20,wikidata_exact_year_agrees,north,resolved_unique_birthplace,Q2081744,Q883,Novosibirsk,55.03333333,82.91666667,True,,2023-01,M,True
2069342,"Checa, Nicolas",USA,M,GM,,,,2516,0,10,2001,,True,2069342,2001-12-19,wikidata_exact_year_agrees,north,multiple_birthplaces_same_hemisphere,Q27524142,Q1233173;Q60,Dobbs Ferry;New York City,40.71277778;41.01277778,-74.00611111;-73.86611111,True,,2023-01,M,False
2108356,"Diamant, Andre",BRA,M,GM,,,,2516,9,10,1990,,True,2108356,1990-02-09,wikidata_exact_year_agrees,south,resolved_unique_birthplace,Q81759,Q43463,Fortaleza,-3.7275,-38.5275,False,hemisphere:south:resolved_unique_birthplace,2023-01,M,False
4201809,"Halkias, Stelios",GRE,M,GM,,,,2516,0,10,1980,,True,4201809,1980-04-11,wikidata_exact_year_agrees,north,resolved_unique_birthplace,Q3657764,Q17151,Thessaloniki,40.64027778,22.93555556,True,,2023-01,M,True
2801914,"Mikhalevski, Victor",ISR,M,GM,,,,2516,9,10,1972,,True,2801914,1972-07-08,wikidata_exact_year_agrees,north,resolved_unique_birthplace,Q2472255,Q2678,Gomel,52.44166667,30.98333333,True,,2023-01,M,True
912123,"Nenezic, Marko",SRB,M,IM,,,,2516,1,10,1995,,True,912123,1995-08-24,wikidata_exact_year_agrees,unknown,person_no_birthplace,Q27528821,,,,,False,hemisphere:unknown:person_no_birthplace,2023-01,M,False
24692018,"Noe, Christopher",GER,M,IM,,,,2516,0,10,1996,,True,24692018,1996-04-27,wikidata_exact_year_agrees,north,resolved_unique_birthplace,Q27528909,Q14950,Sinsheim,49.25,8.88333333,True,,2023-01,M,False
1734687,"Seo, Jung Min",SWE,M,IM,,,,2516,9,10,2002,,True,1734687,2002-05-25,wikidata_exact_year_agrees,unknown,person_no_birthplace,Q71318661,,,,,False,hemisphere:unknown:person_no_birthplace,2023-01,M,False
1010824,"Swinkels, Robin",NED,M,GM,,,,2516,2,10,1989,,True,1010824,1989-04-06,wikidata_exact_year_agrees,north,resolved_unique_birthplace,Q63343,Q9810,Asten,51.4031,5.7472,True,,2023-01,M,False
3803457,"Terry, Renato",PER,M,IM,,FT,,2516,0,10,1992,,True,3803457,1992-02-22,wikidata_exact_year_agrees,unknown,person_no_birthplace,Q27533103,,,,,False,hemisphere:unknown:person_no_birthplace,2023-01,M,False
615013,"Wirig, Anthony",FRA,M,GM,,,,2516,1,10,1983,,True,615013,1983-02-03,wikidata_exact_year_agrees,north,resolved_unique_birthplace,Q9156220,Q22640,Thionville,49.35805556,6.16833333,True,,2023-01,M,False
4655192,"Zaragatski, Ilja",GER,M,GM,,,,2516,2,10,1985,,True,4655192,1985-09-26,wikidata_exact_year_agrees,north,resolved_unique_birthplace,Q1658638,Q656,Saint Petersburg,59.95,30.31666667,True,,2023-01,M,False
1030108,"Beerdsen, Thomas",NED,M,IM,,,,2515,10,10,1998,,True,1030108,1998-09-13,wikidata_exact_year_agrees,north,resolved_unique_birthplace,Q27523463,Q3018561,Apeldoorn,52.21,5.97,True,,2023-01,M,False
24113441,"Nozdrachev, Vladislav",RUS,M,IM,,,,2515,2,10,1992,,True,24113441,1992-11-26,wikidata_exact_year_agrees,unknown,person_no_birthplace,Q27528951,,,,,False,hemisphere:unknown:person_no_birthplace,2023-01,M,False
13905465,"Schitco, Ivan",MDA,M,GM,,,,2515,9,10,2003,,True,13905465,2003-01-04,wikidata_exact_year_agrees,north,resolved_unique_birthplace,Q65461017,Q21197,Chișinău,47.02277778,28.83527778,True,,2023-01,M,False
922412,"Djukic, Nikola",MNE,M,GM,,,,2514,0,10,1983,,True,922412,1983-01-26,wikidata_exact_year_agrees,north,resolved_unique_birthplace,Q2927210,Q23564,Podgorica,42.44138889,19.26277778,True,,2023-01,M,False
706671,"Korpa, Bence",HUN,M,GM,,,,2514,11,10,1998,,True,706671,1998-01-12,wikidata_exact_year_agrees,north,resolved_unique_birthplace,Q27526725,Q102397,Miskolc,48.1,20.78333333,True,,2023-01,M,False
30940303,"Liang, Jason",USA,M,IM,,,,2514,4,10,2007,,True,30940303,2007-02-07,wikidata_exact_year_agrees,unknown,person_no_birthplace,Q71319707,,,,,False,hemisphere:unknown:person_no_birthplace,2023-01,M,False
12501255,"Moradiabadi, Elshan",USA,M,GM,,,,2514,0,10,1985,,True,12501255,1985-05-22,wikidata_exact_year_agrees,north,resolved_unique_birthplace,Q8215536,Q3616,Tehran,35.68888889,51.38972222,True,,2023-01,M,True
13602934,"Paichadze, Luka",GEO,M,GM,,,,2514,0,10,1991,,True,13602934,1991-03-06,wikidata_exact_year_agrees,unknown,person_no_birthplace,Q27529122,,,,,False,hemisphere:unknown:person_no_birthplace,2023-01,M,False
4642325,"Prusikin, Michael",GER,M,GM,,FST,,2514,1,10,1978,,True,4642325,1978-01-19,wikidata_exact_year_agrees,north,resolved_unique_birthplace,Q75491,Q42308,Kharkiv,49.9925,36.23111111,True,,2023-01,M,True
14104369,"Solodovnichenko, Yuri",UKR,M,GM,,,,2514,9,10,1978,,True,14104369,1978-02-08,wikidata_exact_year_agrees,north,resolved_unique_birthplace,Q4428181,Q156732,Kherson,46.6425,32.625,True,,2023-01,M,True
1205064,"Szabo, Gergely-Andras-Gyula",ROU,M,GM,,,,2514,0,10,1983,,True,1205064,1983-04-13,wikidata_exact_year_agrees,north,resolved_unique_birthplace,Q9267485,Q19660,Bucharest,44.41336111,26.09777778,True,,2023-01,M,True
4437128,"Avila Pavas, Santiago",COL,M,IM,,,,2513,30,10,2004,,True,4437128,,wikidata_non_day_precision,unknown,person_no_birthplace,Q108620727,,,,,False,dob:wikidata_non_day_precision,2023-01,M,False
931152,"Bogosavljevic, Boban",SRB,M,GM,,,,2513,9,10,1988,,True,931152,1988-04-26,wikidata_exact_year_agrees,north,resolved_unique_birthplace,Q13214081,Q209329,Vršac,45.12055556,21.29861111,True,,2023-01,M,False
24124621,"Kezin, Roman",RUS,M,IM,,,,2513,0,10,1995,,True,24124621,1995-03-15,wikidata_exact_year_agrees,north,resolved_unique_birthplace,Q27526479,Q883,Novosibirsk,55.03333333,82.91666667,True,,2023-01,M,False
14201356,"Kvon, Andrey",UZB,M,GM,,,,2513,0,10,1989,,True,14201356,1989-04-16,wikidata_exact_year_agrees,north,resolved_unique_birthplace,Q27527008,Q269,Tashkent,41.31111111,69.27972222,True,,2023-01,M,False
13402390,"Rasulov, Vugar",AZE,M,GM,,,,2513,9,10,1991,,True,13402390,1991-04-05,wikidata_exact_year_agrees,north,resolved_unique_birthplace,Q966957,Q131290,Ganja,40.68277778,46.36055556,True,,2023-01,M,False
24104272,"Rozum, Ivan",RUS,M,GM,,,,2513,2,10,1991,,True,24104272,1991-12-09,wikidata_exact_year_agrees,north,resolved_unique_birthplace,Q18276835,Q1957,Vologda,59.21666667,39.9,True,,2023-01,M,False
34299360,"Trushnikov, Sergey",RUS,M,,,,,2513,0,10,1975,,True,34299360,,no_wikidata_match,unknown,no_wikidata_match,,,,,,False,dob:no_wikidata_match,2023-01,M,False
4174003,"Belous, Vladimir",RUS,M,GM,,,,2512,17,10,1993,,True,4174003,1993-07-29,wikidata_exact_year_agrees,north,resolved_unique_birthplace,Q4082822,Q4275320,Makarykha,48.81805556,32.80888889,True,,2023-01,M,True
1509276,"Hauge, Lars Oskar",NOR,M,GM,,,,2512,0,10,1998,,True,1509276,1998-11-17,wikidata_exact_year_agrees,unknown,person_no_birthplace,Q25512163,,,,,False,hemisphere:unknown:person_no_birthplace,2023-01,M,False
4125282,"Orlov, Andrey",FID,M,GM,,,,2512,2,10,1977,,True,4125282,1977-03-19,wikidata_exact_year_agrees,north,resolved_unique_birthplace,Q4336614,Q656,Saint Petersburg,59.95,30.31666667,True,,2023-01,M,True
46626786,Pranav Anand,IND,M,GM,,,,2512,0,10,2006,,True,46626786,2006-11-03,wikidata_exact_year_agrees,north,resolved_unique_birthplace,Q71319679,Q207754,Tiruchirappalli,10.82694444,78.69277778,True,,2023-01,M,False
14506254,"Saric, Ante",CRO,M,GM,,,,2512,11,10,1984,,True,14506254,1984-04-06,wikidata_exact_year_agrees,north,resolved_unique_birthplace,Q487783,Q1663,Split,43.51,16.44,True,,2023-01,M,True
3203824,"Song, Raymond",TPE,M,IM,,,,2512,0,10,1994,,True,3203824,1994-01-11,wikidata_exact_year_agrees,south,resolved_unique_birthplace,Q68665819,Q23661,Wellington,-41.28888889,174.77722222,False,hemisphere:south:resolved_unique_birthplace,2023-01,M,False
723762,"Fodor, Tamas Jr.",HUN,M,GM,,FI,,2511,12,10,1991,,True,723762,1991-06-02,wikidata_exact_year_agrees,north,resolved_unique_birthplace,Q16712241,Q679249,Kalocsa,46.53333333,18.98555556,True,,2023-01,M,False
13303635,"Harutyunyan, Tigran K.",ARM,M,GM,,,,2511,0,10,1997,,True,13303635,1997-01-15,wikidata_exact_year_agrees,north,resolved_unique_birthplace,Q27525706,Q1953,Yerevan,40.18138889,44.51444444,True,,2023-01,M,False
884189,"Lodici, Lorenzo",ITA,M,GM,,,,2511,0,10,2000,,True,884189,2000-04-16,wikidata_exact_year_agrees,north,resolved_unique_birthplace,Q27527363,Q6221,Brescia,45.53888889,10.22028056,True,,2023-01,M,False
4202139,"Nikolaidis, Ioannis",GRE,M,GM,,,,2511,0,10,1971,,True,4202139,1971-01-04,wikidata_exact_year_agrees,unknown,person_no_birthplace,Q2114635,,,,,False,hemisphere:unknown:person_no_birthplace,2023-01,M,False
1301837,"Pelletier, Yannick",SUI,M,GM,,,,2511,2,10,1976,,True,1301837,1976-09-22,wikidata_exact_year_agrees,north,resolved_unique_birthplace,Q685064,Q1034,Biel/Bienne,47.13722222,7.24722222,True,,2023-01,M,True
14918781,"Repka, Christopher",SVK,M,GM,,,,2511,0,10,1998,,True,14918781,1998-10-06,wikidata_exact_year_agrees,north,resolved_unique_birthplace,Q27530682,Q605521,Stará Ľubovňa,49.31666667,20.68333333,True,,2023-01,M,False
14915650,"Druska, Juraj",SVK,M,IM,,,,2510,9,10,1994,,True,14915650,1994-08-31,wikidata_exact_year_agrees,unknown,person_no_birthplace,Q27524673,,,,,False,hemisphere:unknown:person_no_birthplace,2023-01,M,False
2907313,"Grigorov, Grigor",BUL,M,GM,,,,2510,0,10,1987,,True,2907313,1987-05-26,wikidata_exact_year_agrees,north,resolved_unique_birthplace,Q3657804,Q191099,Petrich,41.398129,23.206857,True,,2023-01,M,False
4901045,"Gundavaa, Bayarsaikhan",MGL,M,GM,,,,2510,0,10,1989,,True,4901045,1989-05-29,wikidata_exact_year_agrees,north,resolved_unique_birthplace,Q15254899,Q234713,Övörkhangai Province,45.75,102.75,True,,2023-01,M,False
25002767,"Iniyan, P",IND,M,GM,,,,2510,10,10,2002,,True,25002767,2002-09-13,wikidata_exact_year_agrees,north,resolved_unique_birthplace,Q27525954,Q9824,Erode,11.34083333;11.3428,77.71722222;77.72741,True,,2023-01,M,False
2200074,"Magem Badals, Jordi",ESP,M,GM,,FST,,2510,0,10,1967,,True,2200074,1967-08-24,wikidata_exact_year_agrees,north,resolved_unique_birthplace,Q3824586,Q16697,Manresa,41.72638889,1.82916667,True,,2023-01,M,True
1210920,"Miron, Lucian-Costin",ROU,M,GM,,FT,,2510,0,10,1987,,True,1210920,1987-04-14,wikidata_exact_year_agrees,north,resolved_unique_birthplace,Q11763245,Q179585,Ploiești,44.94111111,26.0225,True,,2023-01,M,False
5029104,"Stany, G.A.",IND,M,GM,,,,2510,0,10,1993,,True,5029104,1993-01-22,wikidata_exact_year_agrees,north,resolved_unique_birthplace,Q27532688,Q2284099,Bhadravathi,13.84,75.702,True,,2023-01,M,False
8605564,"Xu, Yi",CHN,M,GM,,,,2510,0,10,1998,,True,8605564,1998-05-28,wikidata_exact_year_agrees,north,resolved_unique_birthplace,Q27534230,Q8686,Shanghai,31.2325,121.46916667,True,,2023-01,M,False
944335,"Draskovic, Luka",MNE,M,GM,,FI,,2509,0,10,1995,,True,944335,1995-09-20,wikidata_exact_year_agrees,unknown,person_no_birthplace,Q27524660,,,,,False,hemisphere:unknown:person_no_birthplace,2023-01,M,False
5021103,"Grover, Sahaj",IND,M,GM,,,,2509,0,10,1995,,True,5021103,1995-09-07,wikidata_exact_year_agrees,north,resolved_unique_birthplace,Q7399424,Q1353,Delhi,28.66666667,77.21666667,True,,2023-01,M,False
25073060,Koustav Chatterjee,IND,M,IM,,,,2509,10,10,2003,,True,25073060,2003-07-21,wikidata_exact_year_agrees,north,resolved_unique_birthplace,Q68797856,Q1348,Kolkata,22.5675,88.37,True,,2023-01,M,False
609404,"Le Roux, Jean-Pierre",FRA,M,GM,,,,2509,0,10,1982,,True,609404,1982-05-18,wikidata_exact_year_agrees,north,resolved_unique_birthplace,Q11723676,Q193808,Guingamp,48.5625,-3.15111111,True,,2023-01,M,True
616834,"Libiszewski, Fabien",FRA,M,GM,,,,2509,0,10,1984,,True,616834,1984-01-05,wikidata_exact_year_agrees,north,resolved_unique_birthplace,Q437865,Q42716,Saint-Étienne,45.43388889,4.38972222,True,,2023-01,M,False
708402,"Medvegy, Zoltan",HUN,M,GM,,,,2509,2,10,1979,,True,708402,1979-03-21,wikidata_exact_year_agrees,unknown,person_no_birthplace,Q219000,,,,,False,hemisphere:unknown:person_no_birthplace,2023-01,M,False
3900410,"Pulvett Marin, Daniel Eduardo",ESP,M,IM,,,,2509,2,10,1991,,True,3900410,1991-09-24,wikidata_exact_year_agrees,north,resolved_unique_birthplace,Q21001419,Q717,Venezuela,8.0,-67.0,True,,2023-01,M,False
14116367,"Vorontsov, Pavlo",UKR,M,GM,,,,2509,0,10,1998,,True,14116367,1998-01-23,wikidata_exact_year_agrees,north,resolved_unique_birthplace,Q27534006,Q1899,Kyiv,50.45,30.52361111,True,,2023-01,M,False
13502247,"Zhigalko, Andrey",BLR,M,GM,,,,2509,0,10,1985,,True,13502247,1985-09-18,wikidata_exact_year_agrees,north,resolved_unique_birthplace,Q2066039,Q2280,Minsk,53.902246,27.561837,True,,2023-01,M,True
2809958,"Baron, Tal",ISR,M,GM,,,,2508,0,10,1992,,True,2809958,1992-08-07,wikidata_exact_year_agrees,north,resolved_unique_birthplace,Q2893294,Q33935,Tel Aviv,32.08,34.78,True,,2023-01,M,False
1700812,"Hillarp Persson, Tiger",SWE,M,GM,,,,2508,5,10,1970,,True,1700812,1970-10-28,wikidata_exact_year_agrees,north,resolved_unique_birthplace,Q728133,Q2211,Malmö,55.58333333,13.0,True,,2023-01,M,True
1004816,"Janssen, Ruud",NED,M,GM,,,,2508,0,10,1979,,True,1004816,,multiple_wikidata_exact_dobs,north,resolved_unique_birthplace,Q77168,Q9775,Venray,51.5258,5.9747,False,dob:multiple_wikidata_exact_dobs,2023-01,M,False
509825,"Keinanen, Toivo",FIN,M,IM,,,,2508,0,10,2002,,True,509825,2002-10-02,wikidata_exact_year_agrees,unknown,person_no_birthplace,Q27526457,,,,,False,hemisphere:unknown:person_no_birthplace,2023-01,M,False
4659600,"Khenkin, Igor",GER,M,GM,,,,2508,0,10,1968,,True,4659600,1968-03-21,wikidata_exact_year_agrees,north,resolved_unique_birthplace,Q70779,Q2684,Vladimir,56.12861111,40.40583333,True,,2023-01,M,True
4128737,"Kunin, Vitaly",GER,M,GM,,,,2508,13,10,1983,,True,4128737,1983-10-02,wikidata_exact_year_agrees,north,resolved_unique_birthplace,Q98877,Q649,Moscow,55.75055556,37.6175,True,,2023-01,M,False
318299,"Petr, Martin",CZE,M,GM,,,,2508,2,10,1988,,True,318299,1988-08-23,wikidata_exact_year_agrees,unknown,person_no_birthplace,Q11770701,,,,,False,hemisphere:unknown:person_no_birthplace,2023-01,M,False
1438832,"Thybo, Jesper Sondergaard",DEN,M,GM,,,,2508,1,10,1999,,True,1438832,1999-01-10,wikidata_exact_year_agrees,unknown,person_no_birthplace,Q27533137,,,,,False,hemisphere:unknown:person_no_birthplace,2023-01,M,False
600164,"Apicella, Manuel",FRA,M,GM,,,,2507,0,10,1970,,True,600164,1970-04-19,wikidata_exact_year_agrees,north,resolved_unique_birthplace,Q1377927,Q219045,Longjumeau,48.69694444,2.29555556,True,,2023-01,M,True
14109743,"Aveskulov, Valeriy",UKR,M,GM,,,,2507,20,10,1986,,True,14109743,1986-01-31,wikidata_exact_year_agrees,north,resolved_unique_birthplace,Q2566087,Q612773,Khrustalnyi,48.12138889,38.94527778,True,,2023-01,M,False
4401190,"Cuartas, Jaime Alexander",COL,M,GM,,,,2507,0,10,1975,,True,4401190,1975-10-28,wikidata_exact_year_agrees,north,resolved_unique_birthplace,Q11716203,Q816024,Bello,6.33495232,-75.55828824,True,,2023-01,M,False
2090759,"Daggupati, Balaji",USA,M,GM,,,,2507,0,10,2005,,True,2090759,2005-05-03,wikidata_exact_year_agrees,unknown,person_no_birthplace,Q71319547,,,,,False,hemisphere:unknown:person_no_birthplace,2023-01,M,False
3509265,"Garcia Pantoja, Roberto",CUB,M,GM,,,,2507,20,10,1992,,True,3509265,1992-10-31,wikidata_exact_year_agrees,north,resolved_unique_birthplace,Q27525186,Q1563,Havana,23.13666667,-82.35888889,True,,2023-01,M,False
4203380,"Miladinovic, Igor",SRB,M,GM,,,,2507,0,10,1974,,True,4203380,1974-01-25,wikidata_exact_year_agrees,north,resolved_unique_birthplace,Q1657753,Q129259,Niš,43.31916667,21.89611111,True,,2023-01,M,True
13506862,"Nikitenko, Mihail",BLR,M,GM,,,,2507,18,10,2000,,True,13506862,2000-03-08,wikidata_exact_year_agrees,north,resolved_unique_birthplace,Q27528864,Q2280,Minsk,53.902246,27.561837,True,,2023-01,M,False
7105029,"Priasmoro, Novendra",INA,M,GM,,,,2507,9,10,1999,,True,7105029,1999-11-24,wikidata_exact_year_agrees,unknown,person_no_birthplace,Q27530108,,,,,False,hemisphere:unknown:person_no_birthplace,2023-01,M,False
12800023,"Rozentalis, Eduardas",LTU,M,GM,,,,2507,1,10,1963,,True,12800023,1963-05-27,wikidata_exact_year_agrees,north,resolved_unique_birthplace,Q964881,Q216,Vilnius,54.68722222,25.28,True,,2023-01,M,True
1122452,"Tazbir, Marcin",POL,M,GM,,,,2507,1,10,1988,,True,1122452,1988-08-22,wikidata_exact_year_agrees,north,resolved_unique_birthplace,Q11767833,Q158004,Piotrków Trybunalski,51.4,19.68333333,True,,2023-01,M,True
1704060,"Berg, Emanuel",SWE,M,GM,,,,2506,0,10,1981,,True,1704060,1981-12-28,wikidata_exact_year_agrees,north,resolved_unique_birthplace,Q1334637,Q21166,Skövde,58.39948683,13.85377068,True,,2023-01,M,True
311995,"Bernasek, Jan",CZE,M,GM,,,,2506,3,10,1986,,True,311995,1986-05-31,wikidata_exact_year_agrees,north,resolved_unique_birthplace,Q12022410,Q1000078,Moravská Třebová,49.75795387,16.66430399,True,,2023-01,M,False
32096585,"Henderson de La Fuente, Lance",AND,M,GM,,,,2506,0,10,2003,,True,32096585,2003-05-19,wikidata_exact_year_agrees,north,resolved_unique_birthplace,Q27525762,Q484799,Marbella,36.51136389,-4.88344167,True,,2023-01,M,False
2021030,"Hungaski, Robert",USA,M,GM,,,,2506,0,10,1987,,True,2021030,1987-12-08,wikidata_exact_year_agrees,north,resolved_unique_birthplace,Q16714995,Q49169,Stamford,41.09666667,-73.55222222,True,,2023-01,M,False
111724,"Obregon, Andres Carlos",ARG,M,GM,,,,2506,10,10,1986,,True,111724,1986-10-22,wikidata_exact_year_agrees,south,resolved_unique_birthplace,Q19521590,Q1486,Buenos Aires,-34.59972222,-58.38194444,False,hemisphere:south:resolved_unique_birthplace,2023-01,M,False
300560,"Polak, Tomas",CZE,M,GM,,FT,,2506,4,10,1974,,True,300560,1974-04-24,wikidata_exact_year_agrees,north,resolved_unique_birthplace,Q366566,Q14960,Brno,49.19527778,16.60833333,True,,2023-01,M,False
4107730,"Shchekachev, Andrei",FRA,M,GM,,,,2506,0,10,1972,,True,4107730,1972-10-27,wikidata_exact_year_agrees,unknown,person_no_birthplace,Q4528568,,,,,False,hemisphere:unknown:person_no_birthplace,2023-01,M,False
3516016,"Berdayes Ason, Dylan Isidro",CUB,M,IM,,,,2505,9,10,1998,,True,3516016,1998-05-15,wikidata_exact_year_agrees,north,resolved_unique_birthplace,Q27523544,Q1563,Havana,23.13666667,-82.35888889,True,,2023-01,M,False
32080190,"Gines Esteo, Pedro Antonio",ESP,M,GM,,,,2505,19,10,2004,,True,32080190,2004-01-15,wikidata_exact_year_agrees,north,resolved_unique_birthplace,Q58013808,Q10305,Zaragoza,41.65,-0.88333333,True,,2023-01,M,False
13902393,"Hamitevici, Vladimir",MDA,M,GM,,,,2505,9,10,1991,,True,13902393,1991-02-19,wikidata_exact_year_agrees,north,resolved_unique_birthplace,Q27525674,Q192176,Bendery,46.83333333,29.48333333,True,,2023-01,M,False
4153278,"Kryakvin, Dmitry",RUS,M,GM,,,,2505,0,10,1984,,True,4153278,1984-04-10,wikidata_exact_year_agrees,north,resolved_unique_birthplace,Q4243246,Q908,Rostov-on-Don,47.2225,39.71,True,,2023-01,M,True
818860,"Valsecchi, Alessio",ITA,M,GM,,,,2505,0,10,1992,,True,818860,1992-04-25,wikidata_exact_year_agrees,north,resolved_unique_birthplace,Q27533716,Q628,Bergamo,45.695,9.67,True,,2023-01,M,False
1133950,"Wieczorek, Oskar",POL,M,GM,,,,2505,9,10,1994,,True,1133950,1994-06-13,wikidata_exact_year_agrees,north,resolved_unique_birthplace,Q15881135,Q1799,Wrocław,51.11,17.0325,True,,2023-01,M,False
4688210,"Baldauf, Marco",GER,M,GM,,,,2504,0,10,1990,,True,4688210,,multiple_wikidata_exact_dobs,north,resolved_unique_birthplace,Q27523326,Q4007,Rosenheim,47.85611111,12.12888889,False,dob:multiple_wikidata_exact_dobs,2023-01,M,False
2811634,"Erenberg, Ariel",ISR,M,IM,,,,2504,8,10,2001,,True,2811634,2001-10-11,wikidata_exact_year_agrees,north,resolved_unique_birthplace,Q27524845,Q201051,Rishon LeZion,31.95,34.8,True,,2023-01,M,False
13304852,"Mikaelyan, Arman",ARM,M,GM,,,,2504,9,10,1996,,True,13304852,1996-11-25,wikidata_exact_year_agrees,north,resolved_unique_birthplace,Q27528348,Q1953,Yerevan,40.18138889,44.51444444,True,,2023-01,M,False
927031,"Popovic, Dusan",SRB,M,GM,,,,2504,3,10,1983,,True,927031,1983-02-28,wikidata_exact_year_agrees,north,resolved_unique_birthplace,Q4372680,Q204475,Sombor,45.78,19.12,True,,2023-01,M,True
4127870,"Pridorozhni, Aleksei",RUS,M,GM,,,,2504,0,10,1981,,True,4127870,1981-08-27,wikidata_exact_year_agrees,north,resolved_unique_birthplace,Q4378178,Q183002,Surgut,61.25,73.43333333,True,,2023-01,M,False
5097010,Sankalp Gupta,IND,M,GM,,,,2504,19,10,2003,,True,5097010,2003-08-18,wikidata_exact_year_agrees,north,resolved_unique_birthplace,Q68938502,Q1513,Nagpur,21.14972222,79.08055556,True,,2023-01,M,False
12513342,"Gholami, Aryan",IRI,M,GM,,,,2503,0,10,2001,,True,12513342,2001-07-26,wikidata_exact_year_agrees,north,resolved_unique_birthplace,Q5739994,Q720937,Qaem Shahr,36.46305556,52.86,True,,2023-01,M,False
25006479,Karthik Venkataraman,IND,M,GM,,,,2503,0,10,1999,,True,25006479,1999-12-22,wikidata_exact_year_agrees,north,resolved_unique_birthplace,Q27526417,Q300577,Vellore,12.93333333,79.13333333,True,,2023-01,M,False
2012529,"Perelshteyn, Eugene",USA,M,GM,,,,2503,0,10,1980,,True,2012529,1980-02-02,wikidata_exact_year_agrees,north,resolved_unique_birthplace,Q4350533,Q156713,Zhytomyr,50.25444444,28.65777778,True,,2023-01,M,True
1132253,"Sadzikowski, Daniel",POL,M,GM,,,,2503,0,10,1994,,True,1132253,1994-01-20,wikidata_exact_year_agrees,north,resolved_unique_birthplace,Q9201427,Q93323,Chrzanów,50.13333333,19.4,True,,2023-01,M,False
2300117,"Steingrimsson, Hedinn",ISL,M,GM,,,,2503,17,10,1975,,True,2300117,1975-01-11,wikidata_exact_year_agrees,north,resolved_unique_birthplace,Q4497063,Q1764,Reykjavík,64.1475,-21.935,True,,2023-01,M,True
3206882,"Tan, Justin",AUS,M,GM,,,,2503,0,10,1997,,True,3206882,1997-03-19,wikidata_exact_year_agrees,south,resolved_unique_birthplace,Q27533018,Q5038359,Cardiff,-32.94305556,151.6552778,False,hemisphere:south:resolved_unique_birthplace,2023-01,M,False
8603189,"Wan, Yunguo",CHN,M,GM,,FI,,2503,0,10,1990,,True,8603189,1990-06-28,wikidata_exact_year_agrees,north,resolved_unique_birthplace,Q27534078,Q29520,China,35.0,105.0,True,,2023-01,M,False
960047,"Budisavljevic, Luka",SRB,M,GM,,,,2502,9,10,2004,,True,960047,2004-01-22,wikidata_exact_year_agrees,north,resolved_unique_birthplace,Q71319133,Q3711,Belgrade,44.81777778,20.45694444,True,,2023-01,M,False
1121219,"Czarnota, Pawel",POL,M,GM,,,,2502,0,10,1988,,True,1121219,,multiple_wikidata_exact_dobs,north,resolved_unique_birthplace,Q2065105,Q764943,Olkusz,50.27916667,19.55972222,False,dob:multiple_wikidata_exact_dobs,2023-01,M,False
24171735,"Drygalov, Andrey",RUS,M,GM,,,,2502,2,10,1999,,True,24171735,1999-05-19,wikidata_exact_year_agrees,north,resolved_unique_birthplace,Q27524675,Q13379,Kurgan,55.44083333,65.34111111,True,,2023-01,M,False
4100875,"Ionov, Sergey",RUS,M,GM,,,,2502,0,10,1962,,True,4100875,1962-01-07,wikidata_exact_year_agrees,north,resolved_unique_birthplace,Q1760310,Q2235,Veliky Novgorod,58.52099,31.27579,True,,2023-01,M,True
14105500,"Sumets, Andrey",UKR,M,GM,,,,2502,10,10,1980,,True,14105500,1980-04-15,wikidata_exact_year_agrees,north,resolved_unique_birthplace,Q4445986,Q1874,Odesa,46.47747,30.73262,True,,2023-01,M,True
14122480,"Vetoshko, Volodymyr",UKR,M,GM,,,,2502,0,10,1998,,True,14122480,1998-04-16,wikidata_exact_year_agrees,north,resolved_unique_birthplace,Q27533862,Q930449,Horodok,49.78222222,23.64361111,True,,2023-01,M,False
2260735,"Asis Gargatagli, Hipolito",ESP,M,GM,,,,2501,0,10,1986,,True,2260735,1986-08-17,wikidata_exact_year_agrees,north,resolved_unique_birthplace,Q20003090,Q1492,Barcelona,41.3825,2.17694444,True,,2023-01,M,False
1000047,"Brenninkmeijer, Joris",NED,M,IM,,,,2501,0,10,1969,,True,1000047,1969-09-14,wikidata_exact_year_agrees,unknown,person_no_birthplace,Q11728285,,,,,False,hemisphere:unknown:person_no_birthplace,2023-01,M,False
3506690,"Corrales Jimenez, Fidel",USA,M,GM,,,,2501,30,10,1987,,True,3506690,1987-07-07,wikidata_exact_year_agrees,north,resolved_unique_birthplace,Q627195,Q244139,Pinar del Río,22.41222222,-83.67194444,True,,2023-01,M,False
2908549,"Dimitrov, Radoslav",BUL,M,GM,,,,2501,0,10,1993,,True,2908549,1993-03-27,wikidata_exact_year_agrees,north,resolved_unique_birthplace,Q27524553,Q173474,Veliko Tarnovo,43.078652,25.628291,True,,2023-01,M,False
2804140,"Golod, Vitali",ISR,M,GM,,,,2501,0,10,1971,,True,2804140,1971-06-23,wikidata_exact_year_agrees,north,resolved_unique_birthplace,Q1561350,Q36036,Lviv,49.838055;49.841952,24.023055;24.0315921,True,,2023-01,M,True
2088215,"He, Anthony",USA,M,IM,,,,2501,0,10,2005,,True,2088215,2005-02-16,wikidata_exact_year_agrees,unknown,person_no_birthplace,Q71319571,,,,,False,hemisphere:unknown:person_no_birthplace,2023-01,M,False
1642561,"Horvath, Dominik",AUT,M,IM,,,,2501,1,10,2003,,True,1642561,2003-08-29,wikidata_exact_year_agrees,north,resolved_unique_birthplace,Q108332144,Q126321,Eisenstadt,47.845649,16.52327,True,,2023-01,M,False
24114928,"Tilicheev, Viacheslav",FID,M,GM,,FT,,2501,0,10,1994,,True,24114928,1994-07-17,wikidata_exact_year_agrees,north,resolved_unique_birthplace,Q27533144,Q919,Krasnoyarsk,56.00888889,92.87194444,True,,2023-01,M,False
1048333,"Vrolijk, Liam",NED,M,GM,,,,2501,2,10,2002,,True,1048333,2002-07-05,wikidata_exact_year_agrees,north,resolved_unique_birthplace,Q57316060,Q734860,Capelle aan den IJssel,51.93567,4.57819,True,,2023-01,M,False
13604597,"Beradze, Irakli",GEO,M,IM,,,,2500,9,10,1996,,True,13604597,1996-02-02,wikidata_exact_year_agrees,unknown,person_no_birthplace,Q27523540,,,,,False,hemisphere:unknown:person_no_birthplace,2023-01,M,False
12576468,"Daneshvar, Bardiya",IRI,M,IM,,,,2500,0,10,2006,,True,12576468,2006-06-21,wikidata_exact_year_agrees,unknown,person_no_birthplace,Q108562291,,,,,False,hemisphere:unknown:person_no_birthplace,2023-01,M,False
3507424,"Espinosa Veloz, Ermes",CUB,M,GM,,,,2500,18,10,1987,,True,3507424,1987-07-30,wikidata_exact_year_agrees,north,resolved_unique_birthplace,Q27524885,Q115434,Villa Clara Province,22.4053,-79.9542,True,,2023-01,M,False
8603928,"Lou, Yiping",CHN,M,IM,,,,2500,0,10,1991,,True,8603928,1991-11-22,wikidata_exact_year_agrees,unknown,person_no_birthplace,Q27527441,,,,,False,hemisphere:unknown:person_no_birthplace,2023-01,M,False
3504727,"Martinez Duany, Lelys Stanley",CUB,M,GM,,,,2500,9,10,1985,,True,3504727,1985-07-10,wikidata_exact_year_agrees,north,resolved_unique_birthplace,Q4282583,Q117040,Santiago de Cuba,20.02166667,-75.82944444,True,,2023-01,M,False
400033,"Speelman, Jon S",ENG,M,GM,,,,2500,0,10,1956,,True,400033,1956-10-02,wikidata_exact_year_agrees,north,resolved_unique_birthplace,Q1356841,Q84,London,51.50722222,-0.1275,True,,2023-01,M,True
14602377,"Beliavsky, Alexander G",SLO,M,GM,,,,2499,0,10,1953,,True,14602377,1953-12-17,wikidata_exact_year_agrees,north,resolved_unique_birthplace,Q352413,Q36036,Lviv,49.838055;49.841952,24.023055;24.0315921,True,,2023-01,M,True
4402669,"Gallego Alcaraz, Andres Felipe",COL,M,GM,,,,2499,0,10,1989,,True,4402669,1989-12-10,wikidata_exact_year_agrees,north,resolved_unique_birthplace,Q27525147,Q48278,Medellín,6.25020015,-75.5675845,True,,2023-01,M,False
700118,"Horvath, Csaba",HUN,M,GM,,,,2499,12,10,1968,,True,700118,1968-06-05,wikidata_exact_year_agrees,north,resolved_unique_birthplace,Q1142618,Q1781,Budapest,47.49833333,19.04083333,True,,2023-01,M,True
11602945,"Kantans, Toms",LAT,M,GM,,,,2499,0,10,1994,,True,11602945,1994-01-16,wikidata_exact_year_agrees,north,resolved_unique_birthplace,Q27526373,Q1773,Riga,56.9475,24.10694444,True,,2023-01,M,False
13700316,"Kazhgaleyev, Murtas",KAZ,M,GM,,,,2499,13,10,1973,,True,13700316,1973-11-17,wikidata_exact_year_agrees,north,resolved_unique_birthplace,Q2567676,Q487439,Oral,51.2225,51.3725,True,,2023-01,M,True
737119,"Nagy, Gabor",HUN,M,GM,,,,2499,20,10,1994,,True,737119,1994-09-18,wikidata_exact_year_agrees,unknown,birthplace_no_coordinates,Q27528763,118d8adadab791abc9098ae34927fdc9,http://www.wikidata.org/.well-known/genid/118d8adadab791abc9098ae34927fdc9,,,False,hemisphere:unknown:birthplace_no_coordinates,2023-01,M,False
14500116,"Palac, Mladen",CRO,M,GM,,,,2499,3,10,1971,,True,14500116,1971-02-18,wikidata_exact_year_agrees,north,resolved_unique_birthplace,Q2085891,Q3036600,Donji Mamići,44.93333333,16.96666667,True,,2023-01,M,True
12511412,"Pourramezanali, Amirreza",IRI,M,GM,,,,2499,0,10,1992,,True,12511412,1992-09-23,wikidata_exact_year_agrees,north,resolved_unique_birthplace,Q24175803,Q178373,Rasht,37.27611111,49.58861111,True,,2023-01,M,False
14936372,"Sahidi, Samir",SVK,M,IM,,,,2499,4,10,2003,,True,14936372,2003-05-19,wikidata_exact_year_agrees,unknown,person_no_birthplace,Q71319006,,,,,False,hemisphere:unknown:person_no_birthplace,2023-01,M,False
14100045,"Shneider, Aleksandr",UKR,M,GM,,,,2499,0,10,1962,,True,14100045,1962-05-22,wikidata_exact_year_agrees,north,resolved_unique_birthplace,Q4525809,Q134279,Luhansk,48.5717084,39.2973153,True,,2023-01,M,True
2900041,"Spasov, Vasil",BUL,M,GM,,,,2499,0,10,1971,,True,2900041,1971-02-17,wikidata_exact_year_agrees,north,resolved_unique_birthplace,Q964563,Q6506,Varna,43.211375,27.91108,True,,2023-01,M,True
4611799,"Stern, Rene",GER,M,GM,,,,2499,0,10,1972,,True,4611799,,multiple_wikidata_exact_dobs,north,resolved_unique_birthplace,Q18019719,Q2861,Rostock,54.08333333,12.13333333,False,dob:multiple_wikidata_exact_dobs,2023-01,M,False
5019184,"Swapnil, S. Dhopade",IND,M,GM,,FT,,2499,0,10,1990,,True,5019184,1990-10-05,wikidata_exact_year_agrees,north,resolved_unique_birthplace,Q27532931,Q1513,Nagpur,21.14972222,79.08055556,True,,2023-01,M,False
2000091,"Benjamin, Joel",USA,M,GM,,,,2498,0,10,1964,,True,2000091,1964-03-11,wikidata_exact_year_agrees,north,multiple_birthplaces_same_hemisphere,Q1343565,Q18419;Q60,Brooklyn;New York City,40.65083333;40.71277778,-74.00611111;-73.94972222,True,,2023-01,M,True
4430492,"Cardoso Cardoso, Jose Gabriel",COL,M,GM,,,,2498,19,10,2004,,True,4430492,2004-10-10,wikidata_exact_year_agrees,unknown,person_no_birthplace,Q71319141,,,,,False,hemisphere:unknown:person_no_birthplace,2023-01,M,False
1400185,"Danielsen, Henrik",ISL,M,GM,,,,2498,1,10,1966,,True,1400185,1966-01-21,wikidata_exact_year_agrees,north,resolved_unique_birthplace,Q1606252,Q986435,Nykøbing Falster,54.76666667,11.88333333,True,,2023-01,M,True
2815532,"Gorshtein, Ido",ISR,M,IM,,,,2498,9,10,2002,,True,2815532,2002-04-13,wikidata_exact_year_agrees,north,resolved_unique_birthplace,Q71318473,Q152436,Kfar Saba,32.18578333,34.90768333,True,,2023-01,M,False
2217880,"Moreno Trujillo, Alejandro",ESP,M,IM,,,,2498,1,10,1985,,True,2217880,1985-10-20,wikidata_exact_year_agrees,unknown,person_no_birthplace,Q27528611,,,,,False,hemisphere:unknown:person_no_birthplace,2023-01,M,False
4623169,"Naumann, Alexander",GER,M,GM,,,,2498,0,10,1979,,True,4623169,1979-02-17,wikidata_exact_year_agrees,north,resolved_unique_birthplace,Q91571,Q1733,Magdeburg,52.1275;52.1315889,11.629166;11.6399609,True,,2023-01,M,True
3407128,"Salinas Herrera, Pablo",CHI,M,GM,,,,2498,10,10,1994,,True,3407128,1994-06-03,wikidata_exact_year_agrees,south,resolved_unique_birthplace,Q27531114,Q1880,Concepción,-36.82694444,-73.05027778,False,hemisphere:south:resolved_unique_birthplace,2023-01,M,False
4600169,"Schlosser, Philipp",GER,M,GM,,,,2498,1,10,1968,,True,4600169,1968-08-19,wikidata_exact_year_agrees,north,resolved_unique_birthplace,Q74873,Q1726,Munich,48.1375,11.575,True,,2023-01,M,True
13601784,"Shanava, Konstantine",GEO,M,GM,,,,2498,0,10,1985,,True,13601784,1985-05-05,wikidata_exact_year_agrees,north,resolved_unique_birthplace,Q1625928,Q130229,Georgian SSR,41.7167,44.7833,True,,2023-01,M,True
14101440,"Berelowitsch, Alexander",GER,M,GM,,FT,,2497,1,10,1967,,True,14101440,1967-07-02,wikidata_exact_year_agrees,north,resolved_unique_birthplace,Q324960,Q42308,Kharkiv,49.9925,36.23111111,True,,2023-01,M,True
2073250,"Brodsky, David",USA,M,GM,,,,2497,9,10,2002,,True,2073250,2002-08-19,wikidata_exact_year_agrees,north,resolved_unique_birthplace,Q69054044,Q2412514,Mount Kisco,41.20388889,-73.73055556,True,,2023-01,M,False
3508129,"Guerra Mendez, Jose Angel",ESP,M,GM,,,,2497,0,10,1988,,True,3508129,1988-01-20,wikidata_exact_year_agrees,north,resolved_unique_birthplace,Q27525567,Q115403,Manzanillo,20.33972222,-77.10861111,True,,2023-01,M,False
1046730,"Schoppen, Casper",NED,M,GM,,,,2497,2,10,2002,,True,1046730,2002-03-21,wikidata_exact_year_agrees,unknown,person_no_birthplace,Q27531695,,,,,False,hemisphere:unknown:person_no_birthplace,2023-01,M,False
8611572,"Xu, Zhihang",CHN,M,IM,,,,2497,0,10,2001,,True,8611572,2001-11-09,wikidata_exact_year_agrees,north,resolved_unique_birthplace,Q62056293,Q43407,Shandong,36.4,118.4,True,,2023-01,M,False
4105109,"Burmakin, Vladimir",RUS,M,GM,,,,2496,9,10,1967,,True,4105109,1967-06-06,wikidata_exact_year_agrees,north,resolved_unique_birthplace,Q489109,Q1763,Murmansk,68.96666667,33.08333333,True,,2023-01,M,True
720852,"Gonda, Laszlo",HUN,M,GM,,FST,,2496,2,10,1988,,True,720852,1988-04-24,wikidata_exact_year_agrees,north,resolved_unique_birthplace,Q1297072,Q187821,Tatabánya,47.58616,18.39485,True,,2023-01,M,True
5057000,"Mitrabha, Guha",IND,M,GM,,,,2496,10,10,2001,,True,5057000,2001-09-15,wikidata_exact_year_agrees,north,resolved_unique_birthplace,Q68936660,Q1348,Kolkata,22.5675,88.37,True,,2023-01,M,False
1119290,"Pakleza, Zbigniew",POL,M,GM,,,,2496,0,10,1986,,True,1119290,1986-12-05,wikidata_exact_year_agrees,north,resolved_unique_birthplace,Q9388200,Q105084,Gliwice,50.29416667,18.66583333,True,,2023-01,M,False
12572896,"Pour Agha Bala, Amirreza",IRI,M,,,,,2496,2,10,2004,,True,12572896,2004-05-15,wikidata_exact_year_agrees,north,resolved_unique_birthplace,Q113088066,Q80053,Tabriz,38.07388889,46.29611111,True,,2023-01,M,False
35080580,Samant Aditya S,IND,M,IM,,,,2496,19,10,2006,,True,35080580,2006-09-09,wikidata_exact_year_agrees,unknown,person_no_birthplace,Q109426797,,,,,False,hemisphere:unknown:person_no_birthplace,2023-01,M,False
14000563,"Annaberdiyev, Meylis",TKM,M,GM,,,,2495,0,10,1985,,True,14000563,1985-11-24,wikidata_exact_year_agrees,unknown,person_no_birthplace,Q27523070,,,,,False,hemisphere:unknown:person_no_birthplace,2023-01,M,False
618802,"Cossin, Sebastien",FRA,M,IM,,,,2495,0,10,1986,,True,618802,1986-03-20,wikidata_exact_year_agrees,unknown,person_no_birthplace,Q27524290,,,,,False,hemisphere:unknown:person_no_birthplace,2023-01,M,False
742910,"Csonka, Balazs",HUN,M,IM,,,,2495,2,10,1997,,True,742910,1997-04-15,wikidata_exact_year_agrees,unknown,person_no_birthplace,Q27524322,,,,,False,hemisphere:unknown:person_no_birthplace,2023-01,M,False
2900394,"Delchev, Aleksander",BUL,M,GM,,FST,,2495,0,10,1971,,True,2900394,1971-07-15,wikidata_exact_year_agrees,north,resolved_unique_birthplace,Q718236,Q472,Sofia,42.697886,23.321726,True,,2023-01,M,True
4151976,"Frolyanov, Dmitry",RUS,M,GM,,,,2495,0,10,1986,,True,4151976,1986-05-20,wikidata_exact_year_agrees,north,resolved_unique_birthplace,Q4493006,Q1341,Tolyatti,53.51666667,49.41666667,True,,2023-01,M,True
502081,"Karttunen, Mika",FIN,M,IM,,,,2495,0,10,1981,,True,502081,1981-05-30,wikidata_exact_year_agrees,north,resolved_unique_birthplace,Q3499622,Q33,Finland,65.0,27.0,True,,2023-01,M,False
903124,"Kovacevic, Aleksandar",SRB,M,GM,,,,2495,9,10,1974,,True,903124,1974-02-11,wikidata_exact_year_agrees,unknown,person_no_birthplace,Q4225706,,,,,False,hemisphere:unknown:person_no_birthplace,2023-01,M,False
24108260,"Kukhmazov, Arsen",FID,M,IM,,,,2495,0,10,1997,,True,24108260,1997-11-22,wikidata_exact_year_agrees,unknown,person_no_birthplace,Q27526928,,,,,False,hemisphere:unknown:person_no_birthplace,2023-01,M,False
14129558,"Roshka, Yevgeniy",UKR,M,IM,,,,2495,10,10,2001,,True,14129558,2001-08-28,wikidata_exact_year_agrees,unknown,person_no_birthplace,Q71318184,,,,,False,hemisphere:unknown:person_no_birthplace,2023-01,M,False
12401820,"Tran, Tuan Minh",VIE,M,GM,,,,2495,0,10,1997,,True,12401820,1997-10-21,wikidata_exact_year_agrees,north,resolved_unique_birthplace,Q27533264,Q1858,Hanoi,21.0245,105.84117,True,,2023-01,M,False
633046,"Vernay, Clovis",SUI,M,GM,,SI,,2495,0,10,1989,,True,633046,1989-07-15,wikidata_exact_year_agrees,unknown,person_no_birthplace,Q27533852,,,,,False,hemisphere:unknown:person_no_birthplace,2023-01,M,False
1108760,"Cyborowski, Lukasz",POL,M,GM,,,,2494,2,10,1980,,True,1108760,1980-06-21,wikidata_exact_year_agrees,north,resolved_unique_birthplace,Q345543,Q106274,Legnica,51.21006,16.1619,True,,2023-01,M,False
3507548,"Gonzalez Zamora, Juan Carlos",MEX,M,GM,,,,2494,18,10,1968,,True,3507548,1968-06-24,wikidata_exact_year_agrees,north,resolved_unique_birthplace,Q2355694,Q1563,Havana,23.13666667,-82.35888889,True,,2023-01,M,False
3507815,"Obregon Rivero, Juan Carlos",MEX,M,GM,,,,2494,9,10,1989,,True,3507815,1989-09-08,wikidata_exact_year_agrees,north,resolved_unique_birthplace,Q27528979,Q115527,Las Tunas,20.96666667,-76.95,True,,2023-01,M,False
24180327,"Yeletsky, Ivan",RUS,M,FM,,,,2494,0,10,1999,,True,24180327,1999-08-04,wikidata_exact_year_agrees,unknown,person_no_birthplace,Q27534456,,,,,False,hemisphere:unknown:person_no_birthplace,2023-01,M,False
14500310,"Zelcic, Robert",CRO,M,GM,,,,2494,11,10,1965,,True,14500310,1965-09-21,wikidata_exact_year_agrees,north,resolved_unique_birthplace,Q2333230,Q1435,Zagreb,45.81305556,15.97722222,True,,2023-01,M,True
13413007,"Ahmadzada, Ahmad",AZE,M,IM,,,,2493,0,10,2004,,True,13413007,2004-12-13,wikidata_exact_year_agrees,north,resolved_unique_birthplace,Q62055836,Q9248,Baku,40.36665556,49.83518333,True,,2023-01,M,False
13500767,"Charnushevich, Aliaksei",FRA,M,GM,,,,2493,0,10,1978,,True,13500767,1978-12-18,wikidata_exact_year_agrees,north,resolved_unique_birthplace,Q4514213,Q241475,Lida,53.89555556,25.29583333,True,,2023-01,M,False
14101270,"Komarov, Dimitri",UKR,M,GM,,FST,,2493,0,10,1968,,True,14101270,1968-12-01,wikidata_exact_year_agrees,north,resolved_unique_birthplace,Q4229283,Q1899,Kyiv,50.45,30.52361111,True,,2023-01,M,True
13400304,"Mirzoev, Azer",AZE,M,GM,,,,2493,20,10,1978,,True,13400304,1978-03-20,wikidata_exact_year_agrees,north,resolved_unique_birthplace,Q579491,Q9248,Baku,40.36665556,49.83518333,True,,2023-01,M,True
15000290,"Mitkov, Nikola",MKD,M,GM,,,,2493,10,10,1971,,True,15000290,1971-12-18,wikidata_exact_year_agrees,unknown,person_no_birthplace,Q357119,,,,,False,hemisphere:unknown:person_no_birthplace,2023-01,M,False
13300016,"Vaganian, Rafael A",ARM,M,GM,,,,2493,0,10,1951,,True,13300016,1951-10-15,wikidata_exact_year_agrees,north,resolved_unique_birthplace,Q738665,Q1953,Yerevan,40.18138889,44.51444444,True,,2023-01,M,True
25012215,Vignesh N R,IND,M,IM,,,,2493,0,10,1998,,True,25012215,1998-01-24,wikidata_exact_year_agrees,unknown,person_no_birthplace,Q27533886,,,,,False,hemisphere:unknown:person_no_birthplace,2023-01,M,False
2813416,"Gorodetzky, David",ISR,M,IM,,,,2492,9,10,2000,,True,2813416,2000-09-30,wikidata_exact_year_agrees,north,resolved_unique_birthplace,Q27525437,Q33935,Tel Aviv,32.08,34.78,True,,2023-01,M,False
4100972,"Ikonnikov, Vyacheslav",FID,M,GM,,,,2492,2,10,1966,,True,4100972,1966-03-15,wikidata_exact_year_agrees,north,resolved_unique_birthplace,Q2867758,Q915,Perm,58.01388889,56.24888889,True,,2023-01,M,True
14504081,"Jovanic, Ognjen",CRO,M,GM,,,,2492,0,10,1978,,True,14504081,1978-05-04,wikidata_exact_year_agrees,unknown,person_no_birthplace,Q2334084,,,,,False,hemisphere:unknown:person_no_birthplace,2023-01,M,False
4600037,"Lobron, Eric",GER,M,GM,,,,2492,2,10,1960,,True,4600037,1960-05-07,wikidata_exact_year_agrees,north,resolved_unique_birthplace,Q67772,Q1345,Philadelphia,39.95277778,-75.16361111,True,,2023-01,M,True
2806258,"Porat, Shay",ISR,M,IM,,,,2492,0,10,1985,,True,2806258,1985-06-02,wikidata_exact_year_agrees,unknown,person_no_birthplace,Q1857377,,,,,False,hemisphere:unknown:person_no_birthplace,2023-01,M,False
1509500,"Salomon, Johan",NOR,M,GM,,,,2492,0,10,1997,,True,1509500,1997-05-07,wikidata_exact_year_agrees,north,resolved_unique_birthplace,Q21001458,Q585,奥斯陆,59.91333333,10.73888889,True,,2023-01,M,False
3202305,"Smerdon, David C",AUS,M,GM,,,,2492,0,10,1984,,True,3202305,1984-09-17,wikidata_exact_year_agrees,south,resolved_unique_birthplace,Q2342711,Q34932,Brisbane,-27.46777778,153.02777778,False,hemisphere:south:resolved_unique_birthplace,2023-01,M,False
12800112,"Sulskis, Sarunas",LTU,M,GM,,,,2492,0,10,1972,,True,12800112,1972-11-26,wikidata_exact_year_agrees,north,resolved_unique_birthplace,Q391296,Q735138,Kėdainiai,55.28333333,23.96666667,True,,2023-01,M,True
5201640,"Barbosa, Oliver",PHI,M,GM,,FT,,2491,0,10,1986,,True,5201640,1986-09-29,wikidata_exact_year_agrees,north,resolved_unique_birthplace,Q14753868,Q1624,Pasig,14.5605,121.0765,True,,2023-01,M,False
1106880,"Bobras, Piotr",POL,M,GM,,,,2491,0,10,1977,,True,1106880,1977-09-09,wikidata_exact_year_agrees,north,resolved_unique_birthplace,Q357696,Q761,Białystok,53.13235582,23.16867245,True,,2023-01,M,True
2806070,"Grinberg, Eyal",ISR,M,IM,,,,2491,18,10,1998,,True,2806070,,wikidata_non_day_precision,unknown,person_no_birthplace,Q27525517,,,,,False,dob:wikidata_non_day_precision,2023-01,M,False
738808,"Juhasz, Kristof",HUN,M,IM,,,,2491,3,10,1994,,True,738808,1994-06-24,wikidata_exact_year_agrees,unknown,person_no_birthplace,Q27526281,,,,,False,hemisphere:unknown:person_no_birthplace,2023-01,M,False
1003623,"Klein, David",NED,M,GM,,,,2491,0,10,1993,,True,1003623,1993-12-20,wikidata_exact_year_agrees,north,resolved_unique_birthplace,Q16663864,Q9920,Haarlem,52.38138889,4.63555556,True,,2023-01,M,False
1124226,"Leniart, Arkadiusz",POL,M,GM,,,,2491,0,10,1991,,True,1124226,1991-06-20,wikidata_exact_year_agrees,north,resolved_unique_birthplace,Q9159751,Q270,Warsaw,52.23,21.01111111,True,,2023-01,M,False
2300010,"Olafsson, Helgi",ISL,M,GM,,,,2491,0,10,1956,,True,2300010,1956-08-15,wikidata_exact_year_agrees,north,resolved_unique_birthplace,Q1397091,Q211182,Heimaey,63.42696709,-20.26931488,True,,2023-01,M,True
2206609,"Reinaldo Castineira, Roi",ESP,M,IM,,FT,,2491,0,10,1980,,True,2206609,1980-04-21,wikidata_exact_year_agrees,unknown,person_no_birthplace,Q27530666,,,,,False,hemisphere:unknown:person_no_birthplace,2023-01,M,False
3400042,"Vasquez Schroeder, Rodrigo",CHI,M,GM,,,,2491,11,10,1969,,True,3400042,1969-12-06,wikidata_exact_year_agrees,south,resolved_unique_birthplace,Q6110832,Q298,Chile,-33.0,-71.0,False,hemisphere:south:resolved_unique_birthplace,2023-01,M,False
1005030,"Dambacher, Martijn",NED,M,GM,,,,2490,1,10,1979,,True,1005030,1979-10-22,wikidata_exact_year_agrees,north,resolved_unique_birthplace,Q1749712,Q3322237,Venlo,51.37,6.16806,True,,2023-01,M,False
32011601,"Garriga Cazorla, Pere",ESP,M,IM,,,,2490,0,10,1998,,True,32011601,1998-12-14,wikidata_exact_year_agrees,north,resolved_unique_birthplace,Q19301495,Q15430,Mollet del Vallès,41.535572,2.210705,True,,2023-01,M,False
1100106,"Gdanski, Jacek",POL,M,GM,,,,2490,0,10,1970,,True,1100106,1970-11-30,wikidata_exact_year_agrees,north,resolved_unique_birthplace,Q326862,Q848999,Szczecinek,53.70777778,16.69916667,True,,2023-01,M,True
13308300,"Gharibyan, Mamikon",ARM,M,IM,,,,2490,18,10,2004,,True,13308300,2004-09-21,wikidata_exact_year_agrees,north,resolved_unique_birthplace,Q47543935,Q199500,Gyumri,40.78333333,43.83333333,True,,2023-01,M,False
13504037,"Gorovets, Andrey",BLR,M,GM,,,,2490,3,10,1987,,True,13504037,1987-09-14,wikidata_exact_year_agrees,north,resolved_unique_birthplace,Q27525439,Q102217,Vitebsk,55.18333333,30.16666667,True,,2023-01,M,False
7900660,"Haddouche, Mohamed",ALG,M,GM,,,,2490,0,10,1984,,True,7900660,1984-08-19,wikidata_exact_year_agrees,north,resolved_unique_birthplace,Q16166345,Q852276,Sidi Bel Abbès,35.2,-0.63333333,True,,2023-01,M,False
1126822,"Kanarek, Marcel",POL,M,GM,,,,2490,0,10,1993,,True,1126822,1993-02-05,wikidata_exact_year_agrees,north,resolved_unique_birthplace,Q10860752,Q62868,Koszalin,54.19027778,16.18166667,True,,2023-01,M,False
3500799,"Oliva Castaneda, Kevel",CUB,M,GM,,,,2490,0,10,1994,,True,3500799,1994-05-04,wikidata_exact_year_agrees,north,resolved_unique_birthplace,Q27529019,Q272471,Matanzas,23.049444,-81.573611,True,,2023-01,M,False
208027,"Ringoir, Tanguy",BEL,M,GM,,,,2490,0,10,1994,,True,208027,1994-06-29,wikidata_exact_year_agrees,north,resolved_unique_birthplace,Q17429246,Q643980,Wetteren,51.0,3.88333333,True,,2023-01,M,False
13401416,"Sadikhov, Ulvi",AZE,M,GM,,,,2490,0,10,1998,,True,13401416,1998-11-23,wikidata_exact_year_agrees,north,resolved_unique_birthplace,Q27531045,Q9248,Baku,40.36665556,49.83518333,True,,2023-01,M,False
5024218,Shyaamnikhil P,IND,M,IM,,,,2490,0,10,1992,,True,5024218,1992-03-21,wikidata_exact_year_agrees,unknown,person_no_birthplace,Q27531979,,,,,False,hemisphere:unknown:person_no_birthplace,2023-01,M,False
1706446,"Tikkanen, Hans",SWE,M,GM,,,,2490,0,10,1985,,True,1706446,1985-02-06,wikidata_exact_year_agrees,north,resolved_unique_birthplace,Q471084,Q25457,Karlstad,59.38747061,13.50998029,True,,2023-01,M,True
2205092,"Arizmendi Martinez, Julen Luis",ESP,M,GM,,,,2489,9,10,1976,,True,2205092,1976-07-05,wikidata_exact_year_agrees,north,resolved_unique_birthplace,Q2356884,Q176410,Weehawken,40.77138889,-74.01944444,True,,2023-01,M,True
10613129,"Fawzy, Adham",EGY,M,GM,,,,2489,6,10,2000,,True,10613129,2000-01-03,wikidata_exact_year_agrees,north,resolved_unique_birthplace,Q27524930,Q87,Alexandria,31.1975,29.8925,True,,2023-01,M,False
1632051,"Blohberger, Felix",AUT,M,GM,,,,2488,1,10,2002,,True,1632051,2002-08-20,wikidata_exact_year_agrees,north,resolved_unique_birthplace,Q30310001,Q1741,Vienna,48.20833333,16.3725,True,,2023-01,M,False
6383742,"Can, Isik",TUR,M,IM,,,,2488,18,10,2005,,True,6383742,2005-04-20,wikidata_exact_year_agrees,unknown,person_no_birthplace,Q108311537,,,,,False,hemisphere:unknown:person_no_birthplace,2023-01,M,False
4901134,"Ider, Borya",FRA,M,IM,,,,2488,0,10,1994,,True,4901134,1994-09-24,wikidata_exact_year_agrees,unknown,person_no_birthplace,Q27525928,,,,,False,hemisphere:unknown:person_no_birthplace,2023-01,M,False
8602298,"Lin, Chen",CHN,M,GM,,,,2488,0,10,1988,,True,8602298,1988-09-14,wikidata_exact_year_agrees,unknown,person_no_birthplace,Q27527288,,,,,False,hemisphere:unknown:person_no_birthplace,2023-01,M,False
3405400,"Morovic Fernandez, Ivan",CHI,M,GM,,,,2488,0,10,1963,,True,3405400,1963-03-24,wikidata_exact_year_agrees,south,resolved_unique_birthplace,Q976380,Q184345,Viña del Mar,-33.0245,-71.5518,False,hemisphere:south:resolved_unique_birthplace,2023-01,M,False
13301152,"Movsziszian, Karen",ARM,M,GM,,,,2488,9,10,1963,,True,13301152,1963-01-06,wikidata_exact_year_agrees,north,resolved_unique_birthplace,Q821748,Q1953,Yerevan,40.18138889,44.51444444,True,,2023-01,M,False
2804336,"Reshef, Omer",ISR,M,IM,,,,2488,0,10,1997,,True,2804336,1997-07-08,wikidata_exact_year_agrees,unknown,person_no_birthplace,Q20760431,,,,,False,hemisphere:unknown:person_no_birthplace,2023-01,M,False
3202534,"Zhao, Zong-Yuan",AUS,M,GM,,,,2488,0,10,1986,,True,3202534,1986-06-26,wikidata_exact_year_agrees,north,resolved_unique_birthplace,Q4515476,Q956,Beijing,39.90403,116.407526,True,,2023-01,M,True
13400665,"Abbasov, Farid",AZE,M,GM,,,,2487,0,10,1979,,True,13400665,1979-01-31,wikidata_exact_year_agrees,north,resolved_unique_birthplace,Q945519,Q9248,Baku,40.36665556,49.83518333,True,,2023-01,M,True
24641120,"Berchtenbreiter, Maximilian",GER,M,IM,,,,2487,0,10,1994,,True,24641120,1994-04-09,wikidata_exact_year_agrees,unknown,person_no_birthplace,Q27523541,,,,,False,hemisphere:unknown:person_no_birthplace,2023-01,M,False
6380166,"Kucuksari, Kaan",SWE,M,IM,,,,2487,4,10,2003,,True,6380166,2003-07-18,wikidata_exact_year_agrees,unknown,person_no_birthplace,Q71318848,,,,,False,hemisphere:unknown:person_no_birthplace,2023-01,M,False
4694031,"Lubbe, Nikolas",GER,M,IM,,,,2487,10,10,1990,,True,4694031,1990-08-14,wikidata_exact_year_agrees,north,resolved_unique_birthplace,Q27527451,Q3857,Wilhelmshaven,53.52861111,8.10555556,True,,2023-01,M,False
2252813,"Pena Gomez, Manuel",ESP,M,GM,,,,2487,0,10,1988,,True,2252813,1988-06-13,wikidata_exact_year_agrees,north,resolved_unique_birthplace,Q27529693,Q29,Spain,40.2,-3.5,True,,2023-01,M,False
325511,"Zwardon, Vojtech",CZE,M,IM,,,,2487,3,10,1990,,True,325511,1990-04-24,wikidata_exact_year_agrees,unknown,person_no_birthplace,Q27534680,,,,,False,hemisphere:unknown:person_no_birthplace,2023-01,M,False
13500139,"Aleksandrov, Aleksej",BLR,M,GM,,,,2486,18,10,1973,,True,13500139,1973-05-11,wikidata_exact_year_agrees,north,resolved_unique_birthplace,Q2034176,Q955992,Kobryn,52.2125,24.35666667,True,,2023-01,M,True
6336760,"Gokerkan, Cem Kaan",TUR,M,IM,,,,2486,19,10,2000,,True,6336760,2000-11-09,wikidata_exact_year_agrees,north,resolved_unique_birthplace,Q108439224,Q35997,İzmir,38.41273,27.13838,True,,2023-01,M,False
14408120,"Maksimovic, Bojan",BIH,M,IM,,,,2486,0,10,2002,,True,14408120,2002-11-06,wikidata_exact_year_agrees,unknown,person_no_birthplace,Q71318569,,,,,False,hemisphere:unknown:person_no_birthplace,2023-01,M,False
3510697,"Miranda Mesa, Elier",CUB,M,GM,,,,2486,18,10,1993,,True,3510697,1993-01-29,wikidata_exact_year_agrees,north,resolved_unique_birthplace,Q27528461,Q289328,Caibarién,22.51583333,-79.47222222,True,,2023-01,M,False
5008352,"Sengupta, Deep",IND,M,GM,,,,2486,0,10,1988,,True,5008352,1988-06-30,wikidata_exact_year_agrees,north,resolved_unique_birthplace,Q5250305,Q278913,Chakradharpur,22.7,85.63,True,,2023-01,M,True
400157,"Watson, William N",ENG,M,GM,,,,2486,0,10,1962,,True,400157,1962-04-18,wikidata_exact_year_agrees,north,resolved_unique_birthplace,Q484932,Q1530,Baghdad,33.31527778,44.36611111,True,,2023-01,M,True
1700588,"Cicak, Slavko",SWE,M,GM,,,,2485,2,10,1969,,True,1700588,1969-10-25,wikidata_exact_year_agrees,north,resolved_unique_birthplace,Q362649,Q23564,Podgorica,42.44138889,19.26277778,True,,2023-01,M,True
3509915,"Hernandez Gonzalez, William",CUB,M,IM,,,,2485,9,10,1995,,True,3509915,1995-06-18,wikidata_exact_year_agrees,north,resolved_unique_birthplace,Q27525780,Q244139,Pinar del Río,22.41222222,-83.67194444,True,,2023-01,M,False
25095927,Manish Anto Cristiano F,IND,M,IM,,,,2485,0,10,2005,,True,25095927,2005-07-27,wikidata_exact_year_agrees,unknown,person_no_birthplace,Q108365780,,,,,False,hemisphere:unknown:person_no_birthplace,2023-01,M,False
2604493,"Panjwani, Raja",CAN,M,IM,,,,2485,0,10,1990,,True,2604493,1990-04-10,wikidata_exact_year_agrees,unknown,person_no_birthplace,Q27529167,,,,,False,hemisphere:unknown:person_no_birthplace,2023-01,M,False
322202,"Ponizil, Cyril",CZE,M,IM,,,,2485,3,10,1991,,True,322202,1991-05-13,wikidata_exact_year_agrees,unknown,person_no_birthplace,Q27530030,,,,,False,hemisphere:unknown:person_no_birthplace,2023-01,M,False
700010,"Ribli, Zoltan",HUN,M,GM,,,,2485,1,10,1951,,True,700010,1951-09-06,wikidata_exact_year_agrees,north,resolved_unique_birthplace,Q219019,Q320798,Mohács,45.99583333,18.67972222,True,,2023-01,M,True
14187086,"Samunenkov, Ihor",UKR,M,IM,,,,2485,9,10,2009,,True,14187086,2009-06-15,wikidata_exact_year_agrees,north,resolved_unique_birthplace,Q108396478,Q1899,Kyiv,50.45,30.52361111,True,,2023-01,M,False
14001101,"Atabayev, Maksat",TKM,M,GM,,,,2484,0,10,1994,,True,14001101,1994-11-28,wikidata_exact_year_agrees,north,resolved_unique_birthplace,Q19613312,Q23438,Ashgabat,37.95,58.38333333,True,,2023-01,M,False
8614733,"Chen, Qi b",CHN,M,IM,,,,2484,0,10,2000,,True,8614733,,wikidata_non_day_precision,unknown,person_no_birthplace,Q108313464,,,,,False,dob:wikidata_non_day_precision,2023-01,M,False
14201143,"Khamrakulov, Djurabek",UZB,M,GM,,,,2484,9,10,1988,,True,14201143,1988-07-12,wikidata_exact_year_agrees,north,resolved_unique_birthplace,Q27526488,Q5753,Samarkand,39.65472222,66.97583333,True,,2023-01,M,False
8607206,"Ma, Zhonghan",CHN,M,IM,,,,2484,0,10,1995,,True,8607206,1995-01-27,wikidata_exact_year_agrees,unknown,person_no_birthplace,Q27527505,,,,,False,hemisphere:unknown:person_no_birthplace,2023-01,M,False
24692085,"Neef, Maximilian",GER,M,IM,,,,2484,9,10,1996,,True,24692085,1996-09-08,wikidata_exact_year_agrees,unknown,person_no_birthplace,Q27528806,,,,,False,hemisphere:unknown:person_no_birthplace,2023-01,M,False
813575,"Rombaldoni, Denis",ITA,M,IM,,,,2484,0,10,1989,,True,813575,1989-03-14,wikidata_exact_year_agrees,north,resolved_unique_birthplace,Q3705451,Q13134,Pesaro,43.91015,12.9133,True,,2023-01,M,False
1111078,"Antoniewski, Rafal",POL,M,GM,,,,2483,2,10,1980,,True,1111078,1980-12-03,wikidata_exact_year_agrees,north,resolved_unique_birthplace,Q964449,Q106583,Bielsko-Biała,49.8225,19.04444444,True,,2023-01,M,True
14001128,"Atabayev, Yusup",TKM,M,IM,,FT,,2483,20,10,1994,,True,14001128,1994-05-11,wikidata_exact_year_agrees,unknown,person_no_birthplace,Q27523212,,,,,False,hemisphere:unknown:person_no_birthplace,2023-01,M,False
34189030,"Grebnev, Aleksey",RUS,M,IM,,,,2483,9,10,2006,,True,34189030,2006-07-26,wikidata_exact_year_agrees,unknown,person_no_birthplace,Q108327288,,,,,False,hemisphere:unknown:person_no_birthplace,2023-01,M,False
13707647,"Makhnev, Denis",KAZ,M,GM,,,,2483,13,10,2000,,True,13707647,2000-02-20,wikidata_exact_year_agrees,north,resolved_unique_birthplace,Q27527551,Q486282,Pavlodar,52.31555556,76.95638889,True,,2023-01,M,False
927570,"Pezelj, Novak",SRB,M,IM,,,,2483,0,10,1983,,True,927570,1983-07-18,wikidata_exact_year_agrees,unknown,person_no_birthplace,Q27529894,,,,,False,hemisphere:unknown:person_no_birthplace,2023-01,M,False
914517,"Ratkovic, Miloje",SRB,M,GM,,FI,,2483,0,10,1996,,True,914517,1996-04-05,wikidata_exact_year_agrees,north,resolved_unique_birthplace,Q71316510,Q1038291,Mramorak,44.87527778,20.96861111,True,,2023-01,M,False
937614,"Roganovic, Milos",SRB,M,GM,,,,2483,1,10,1991,,True,937614,1991-12-23,wikidata_exact_year_agrees,north,resolved_unique_birthplace,Q27530811,Q511216,Vrbas,45.56972222,19.63777778,True,,2023-01,M,False
4663306,"Schneider, Ilja",GER,M,IM,,,,2483,0,10,1984,,True,4663306,1984-12-08,wikidata_exact_year_agrees,north,resolved_unique_birthplace,Q1658608,Q649,Moscow,55.75055556,37.6175,True,,2023-01,M,False
4663098,"Seel, Christian, Dr.",GER,M,IM,,,,2483,0,10,1983,,True,4663098,1983-12-28,wikidata_exact_year_agrees,north,resolved_unique_birthplace,Q1081870,Q3900,Troisdorf,50.81611111,7.15555556,True,,2023-01,M,False
3507475,"Soto Hernandez, Henry",CUB,M,IM,,,,2483,0,10,1987,,True,3507475,,wikidata_non_day_precision,unknown,person_no_birthplace,Q27532366,,,,,False,dob:wikidata_non_day_precision,2023-01,M,False
24101940,"Zanan, Evgeny",ISR,M,GM,,,,2483,8,10,1998,,True,24101940,1998-02-05,wikidata_exact_year_agrees,north,resolved_unique_birthplace,Q27534545,Q656,Saint Petersburg,59.95,30.31666667,True,,2023-01,M,False
14206323,"Abdisalimov, Abdimalik",UZB,M,IM,,,,2482,19,10,2002,,True,14206323,2002-03-03,wikidata_exact_year_agrees,north,resolved_unique_birthplace,Q27522353,Q1645123,Yakkabog District,38.89304;38.9325,66.7606;66.77132,True,,2023-01,M,False
13400215,"Aghamaliyev, Cemil",TUR,M,GM,,,,2482,0,10,1974,,True,13400215,1974-08-31,wikidata_exact_year_agrees,unknown,person_no_birthplace,Q966554,,,,,False,hemisphere:unknown:person_no_birthplace,2023-01,M,False
2115824,"Barbosa, Evandro Amorim",BRA,M,GM,,,,2482,10,10,1992,,True,2115824,1992-08-24,wikidata_exact_year_agrees,south,resolved_unique_birthplace,Q27523365,Q1755708,São Sebastião do Paraíso,-20.91694444,-46.99083333,False,hemisphere:south:resolved_unique_birthplace,2023-01,M,False
600270,"Degraeve, Jean-Marc",FRA,M,GM,,,,2482,0,10,1971,,True,600270,1971-01-26,wikidata_exact_year_agrees,north,resolved_unique_birthplace,Q969892,Q182481,Tourcoing,50.7225,3.16027778,True,,2023-01,M,True
642274,"Demuth, Adrien",FRA,M,GM,,FT,,2482,0,10,1991,,True,642274,1991-04-14,wikidata_exact_year_agrees,south,resolved_unique_birthplace,Q19614700,Q47045,Saint-Denis,-20.87888889,55.44805556,False,hemisphere:south:resolved_unique_birthplace,2023-01,M,False
14400057,"Kurajica, Bojan",CRO,M,GM,,,,2482,13,10,1947,,True,14400057,1947-11-15,wikidata_exact_year_agrees,north,resolved_unique_birthplace,Q891144,Q437,Ljubljana,46.05138889,14.50611111,True,,2023-01,M,True
12521604,"Lorparizangeneh, Shahin",IRI,M,GM,,,,2482,0,10,1999,,True,12521604,1999-01-16,wikidata_exact_year_agrees,north,resolved_unique_birthplace,Q27527430,Q42053,Isfahan,32.6525,51.67472222,True,,2023-01,M,False
4155351,"Moskalenko, Alexander",RUS,M,GM,,,,2482,0,10,1988,,True,4155351,1988-06-08,wikidata_exact_year_agrees,north,resolved_unique_birthplace,Q27528653,Q40637,Zhytomyr Oblast,50.65,28.52,True,,2023-01,M,False
2811154,"Raznikov, Danny",ISR,M,GM,,,,2482,0,10,1993,,True,2811154,1993-03-29,wikidata_exact_year_agrees,north,resolved_unique_birthplace,Q19918025,Q167582,Yokneam Illit,32.65944444,35.11,True,,2023-01,M,False
1400070,"Schandorff, Lars",DEN,M,GM,,,,2482,1,10,1965,,True,1400070,1965-04-20,wikidata_exact_year_agrees,north,resolved_unique_birthplace,Q593192,Q25319,Aarhus,56.15638889,10.20972222,True,,2023-01,M,False
13601270,"Shengelia, David",AUT,M,GM,,FST,,2482,5,10,1980,,True,13601270,1980-03-06,wikidata_exact_year_agrees,north,resolved_unique_birthplace,Q439610,Q994,Tbilisi,41.7225,44.7925,True,,2023-01,M,True
4131606,"Zablotsky, Sergei",RUS,M,GM,,,,2482,0,10,1982,,True,4131606,1982-01-15,wikidata_exact_year_agrees,north,resolved_unique_birthplace,Q4182479,Q919,Krasnoyarsk,56.00888889,92.87194444,True,,2023-01,M,False
5801605,"Fernandez, Daniel Howard",ENG,M,GM,,,,2481,0,10,1995,,True,5801605,1995-03-05,wikidata_exact_year_agrees,unknown,person_no_birthplace,Q27524992,,,,,False,hemisphere:unknown:person_no_birthplace,2023-01,M,False
24176729,"Golubov, Saveliy",RUS,M,IM,,,,2481,0,10,2000,,True,24176729,2000-12-30,wikidata_exact_year_agrees,unknown,person_no_birthplace,Q27525391,,,,,False,hemisphere:unknown:person_no_birthplace,2023-01,M,False
4156803,"Korneev, Oleg",ESP,M,GM,,,,2481,20,10,1969,,True,4156803,1969-07-25,wikidata_exact_year_agrees,unknown,person_no_birthplace,Q569622,,,,,False,hemisphere:unknown:person_no_birthplace,2023-01,M,False
331708,"Kraus, Tomas",CZE,M,IM,,,,2481,4,10,1995,,True,331708,1995-08-30,wikidata_exact_year_agrees,unknown,person_no_birthplace,Q27526855,,,,,False,hemisphere:unknown:person_no_birthplace,2023-01,M,False
934526,"Nestorovic, Nikola",SRB,M,GM,,,,2481,0,10,1989,,True,934526,1989-10-13,wikidata_exact_year_agrees,north,resolved_unique_birthplace,Q27528829,Q3711,Belgrade,44.81777778,20.45694444,True,,2023-01,M,False
14618583,"Subelj, Jan",SLO,M,IM,,,,2481,5,10,2004,,True,14618583,2004-09-13,wikidata_exact_year_agrees,unknown,person_no_birthplace,Q71319435,,,,,False,hemisphere:unknown:person_no_birthplace,2023-01,M,False
300535,"Votava, Jan",CZE,M,GM,,,,2481,3,10,1974,,True,300535,1974-11-29,wikidata_exact_year_agrees,unknown,person_no_birthplace,Q1682332,,,,,False,hemisphere:unknown:person_no_birthplace,2023-01,M,False
30911370,"Wang, Justin",USA,M,IM,,,,2481,9,10,2005,,True,30911370,2005-05-23,wikidata_exact_year_agrees,north,resolved_unique_birthplace,Q60666398,Q49179,Worcester,42.27138889,-71.79888889,True,,2023-01,M,False
14116723,"Baikovsky, Yuriy",UKR,M,IM,,,,2480,0,10,1959,,True,14116723,1959-05-27,wikidata_exact_year_agrees,unknown,person_no_birthplace,Q27523290,,,,,False,hemisphere:unknown:person_no_birthplace,2023-01,M,False
5037883,"Gagare, Shardul",IND,M,GM,,,,2480,0,10,1997,,True,5037883,1997-09-02,wikidata_exact_year_agrees,north,resolved_unique_birthplace,Q27525123,Q2466083,Sangamner,19.57,74.22,True,,2023-01,M,False
1900072,"Galego, Luis",POR,M,GM,,,,2480,9,10,1966,,True,1900072,1966-04-25,wikidata_exact_year_agrees,north,resolved_unique_birthplace,Q492446,Q36433,Porto,41.15,-8.61083333,True,,2023-01,M,False
1509268,"Haug, Johannes",NOR,M,IM,,,,2480,0,10,2000,,True,1509268,2000-05-02,wikidata_exact_year_agrees,north,resolved_unique_birthplace,Q62056368,Q57860,Lørenskog,59.89888889,10.96416667,True,,2023-01,M,False
1508083,"Holm, Kristian Stuvik",NOR,M,IM,,,,2480,1,10,1998,,True,1508083,1998-02-16,wikidata_exact_year_agrees,north,resolved_unique_birthplace,Q25511607,Q104400,Hamar Municipality,60.79451,11.0783,True,,2023-01,M,False
5018625,Krishna C R G,IND,M,IM,,,,2480,0,10,1991,,True,5018625,1991-10-19,wikidata_exact_year_agrees,unknown,person_no_birthplace,Q27526871,,,,,False,hemisphere:unknown:person_no_birthplace,2023-01,M,False
2905710,"Nikolov, Momchil",BUL,M,GM,,,,2480,0,10,1985,,True,2905710,1985-03-03,wikidata_exact_year_agrees,north,resolved_unique_birthplace,Q3657838,Q168668,Dobrich,43.562212;43.56666667,27.83189;27.83333333,True,,2023-01,M,True
25059653,Rahul Srivatshav P,IND,M,GM,,,,2480,17,10,2002,,True,25059653,2002-12-29,wikidata_exact_year_agrees,unknown,person_no_birthplace,Q108575069,,,,,False,hemisphere:unknown:person_no_birthplace,2023-01,M,False
2008572,"Shabalov, Alexander",USA,M,GM,,,,2480,0,10,1967,,True,2008572,1967-09-12,wikidata_exact_year_agrees,north,resolved_unique_birthplace,Q722108,Q1773,Riga,56.9475,24.10694444,True,,2023-01,M,True
2600013,"Spraggett, Kevin",CAN,M,GM,,,,2480,0,10,1954,,True,2600013,1954-11-10,wikidata_exact_year_agrees,north,resolved_unique_birthplace,Q948688,Q340,Montreal,45.5033426,-73.5868411,True,,2023-01,M,True
7900872,"Arab, Adlane",ALG,M,IM,,,,2479,0,10,1980,,True,7900872,1980-02-29,wikidata_exact_year_agrees,unknown,person_no_birthplace,Q16944970,,,,,False,hemisphere:unknown:person_no_birthplace,2023-01,M,False
13413554,"Babazada, Khazar",AZE,M,IM,,,,2479,9,10,2005,,True,13413554,2005-03-12,wikidata_exact_year_agrees,north,resolved_unique_birthplace,Q71319521,Q2043938,Bilasuvar,39.45527778,48.54583333,True,,2023-01,M,False
4401824,"Barrientos, Sergio E",COL,M,GM,,,,2479,19,10,1986,,True,4401824,1986-06-28,wikidata_exact_year_agrees,north,resolved_unique_birthplace,Q9352821,Q48278,Medellín,6.25020015,-75.5675845,True,,2023-01,M,False
2904292,"Bojkov, Dejan",BUL,M,GM,,,,2479,0,10,1977,,True,2904292,1977-07-03,wikidata_exact_year_agrees,north,resolved_unique_birthplace,Q2535535,Q181830,Shumen,43.274585,26.93486,True,,2023-01,M,False
14104490,"Firman, Nazar",UKR,M,GM,,,,2479,0,10,1983,,True,14104490,1983-03-22,wikidata_exact_year_agrees,north,resolved_unique_birthplace,Q1965564,Q36036,Lviv,49.838055;49.841952,24.023055;24.0315921,True,,2023-01,M,True
1213300,"Georgescu, Tiberiu-Marian",ROU,M,GM,,FT,,2479,0,10,1991,,True,1213300,1991-02-08,wikidata_exact_year_agrees,north,resolved_unique_birthplace,Q26776713,Q19660,Bucharest,44.41336111,26.09777778,True,,2023-01,M,False
24608297,"Kaczmarczyk, Dennis",GER,M,IM,,,,2479,1,10,1991,,True,24608297,,wikidata_non_day_precision,unknown,person_no_birthplace,Q27526308,,,,,False,dob:wikidata_non_day_precision,2023-01,M,False
322121,"Kociscak, Jiri",CZE,M,IM,,,,2479,0,10,1993,,True,322121,1993-04-02,wikidata_exact_year_agrees,north,resolved_unique_birthplace,Q27526633,Q48194,Frýdek-Místek,49.68805556,18.35361111,True,,2023-01,M,False
4113250,"Lazarev, Vladimir",FRA,M,GM,,FT,,2479,0,10,1964,,True,4113250,1964-06-05,wikidata_exact_year_agrees,north,resolved_unique_birthplace,Q3561809,Q5332,Saratov,51.53,46.035,True,,2023-01,M,True
2057360,"Sheng, Joshua",USA,M,GM,,,,2479,9,10,2000,,True,2057360,2000-09-25,wikidata_exact_year_agrees,unknown,person_no_birthplace,Q27531879,,,,,False,hemisphere:unknown:person_no_birthplace,2023-01,M,False
1019716,"Admiraal, Miguoel",NED,M,IM,,,,2478,0,10,1994,,True,1019716,1994-11-18,wikidata_exact_year_agrees,unknown,person_no_birthplace,Q27522826,,,,,False,hemisphere:unknown:person_no_birthplace,2023-01,M,False
4601718,"Bezold, Michael",GER,M,GM,,,,2478,0,10,1972,,True,4601718,1972-05-23,wikidata_exact_year_agrees,north,resolved_unique_birthplace,Q96470,Q3923,Bayreuth,49.94805556,11.57833333,True,,2023-01,M,True
4600045,"Bischoff, Klaus",GER,M,GM,,,,2478,0,10,1961,,True,4600045,1961-06-09,wikidata_exact_year_agrees,north,resolved_unique_birthplace,Q69937,Q3012,Ulm,48.39861111,9.99111111,True,,2023-01,M,True
12500739,"Ghaem Maghami, Ehsan",IRI,M,GM,,,,2478,9,10,1982,,True,12500739,1982-08-11,wikidata_exact_year_agrees,north,resolved_unique_birthplace,Q1300969,Q3616,Tehran,35.68888889,51.38972222,True,,2023-01,M,True
3507904,"Gomez Garrido, Camilo Ernesto",CUB,M,GM,,,,2478,8,10,1987,,True,3507904,1987-10-23,wikidata_exact_year_agrees,north,resolved_unique_birthplace,Q27067762,Q115302,Holguín Province,20.87711991,-76.26672792,True,,2023-01,M,False
13700278,"Kotsur, Pavel",KAZ,M,GM,,,,2478,0,10,1974,,True,13700278,1974-01-03,wikidata_exact_year_agrees,north,resolved_unique_birthplace,Q115303,Q1520,Astana,51.13333333,71.43333333,True,,2023-01,M,True
4182596,"Levin, Evgeny A.",RUS,M,GM,,,,2478,0,10,1990,,True,4182596,1990-06-26,wikidata_exact_year_agrees,unknown,person_no_birthplace,Q21246051,,,,,False,hemisphere:unknown:person_no_birthplace,2023-01,M,False
400122,"Mestel, A Jonathan",ENG,M,GM,,,,2478,0,10,1957,,True,400122,1957-03-13,wikidata_exact_year_agrees,north,resolved_unique_birthplace,Q951469,Q350,Cambridge,52.20805556,0.1225,True,,2023-01,M,True
2613280,"Preotu, Razvan",CAN,M,GM,,,,2478,17,10,1999,,True,2613280,1999-08-11,wikidata_exact_year_agrees,north,resolved_unique_birthplace,Q27530104,Q172,Toronto,43.67027778,-79.38666667,True,,2023-01,M,False
2905434,"Rusev, Krasimir",BUL,M,GM,,,,2478,0,10,1983,,True,2905434,1983-10-16,wikidata_exact_year_agrees,north,resolved_unique_birthplace,Q3481330,Q331048,Dimitrovgrad,42.057407,25.586168,True,,2023-01,M,True
124311,"Acosta, Pablo Ismael",ARG,M,IM,,,,2477,11,10,1999,,True,124311,1999-12-25,wikidata_exact_year_agrees,unknown,person_no_birthplace,Q27522799,,,,,False,hemisphere:unknown:person_no_birthplace,2023-01,M,False
14124890,"Bakhmatsky, Vladislav",UKR,M,IM,,,,2477,9,10,1998,,True,14124890,,wikidata_non_day_precision,north,resolved_unique_birthplace,Q65465022,Q134279,Luhansk,48.5717084,39.2973153,False,dob:wikidata_non_day_precision,2023-01,M,False
4208900,"Georgiadis, Ioannis",GRE,M,IM,,,,2477,0,10,1987,,True,4208900,1987-01-01,wikidata_exact_year_agrees,unknown,person_no_birthplace,Q27525253,,,,,False,hemisphere:unknown:person_no_birthplace,2023-01,M,False
13603647,"Javakhadze, Zurab",GEO,M,IM,,,,2477,7,10,1993,,True,13603647,1993-08-27,wikidata_exact_year_agrees,unknown,person_no_birthplace,Q27526095,,,,,False,hemisphere:unknown:person_no_birthplace,2023-01,M,False
1132717,"Klekowski, Maciej",POL,M,GM,,,,2477,0,10,1992,,True,1132717,1992-09-05,wikidata_exact_year_agrees,north,resolved_unique_birthplace,Q11765434,Q103217,Częstochowa,50.80964,19.12217,True,,2023-01,M,False
1205730,"Nevednichy, Vladislav",ROU,M,GM,,,,2477,10,10,1969,,True,1205730,1969-09-03,wikidata_exact_year_agrees,north,resolved_unique_birthplace,Q3622636,Q21197,Chișinău,47.02277778,28.83527778,True,,2023-01,M,True
24615137,"Poetsch, Hagen",GER,M,GM,,,,2477,9,10,1991,,True,24615137,1991-08-27,wikidata_exact_year_agrees,north,resolved_unique_birthplace,Q1568426,Q64,Berlin,52.51666667,13.38333333,True,,2023-01,M,False
4601475,"Rabiega, Robert",GER,M,GM,,,,2477,0,10,1971,,True,4601475,1971-02-01,wikidata_exact_year_agrees,north,resolved_unique_birthplace,Q91145,Q64,Berlin,52.51666667,13.38333333,True,,2023-01,M,True
415804,"Wadsworth, Matthew J",ENG,M,IM,,,,2477,19,10,2000,,True,415804,2000-06-27,wikidata_exact_year_agrees,north,resolved_unique_birthplace,Q65515939,Q723329,Ascot,51.4084,-0.6707,True,,2023-01,M,False
8601020,"Wang, Chen",CHN,M,IM,,,,2477,0,10,1993,,True,8601020,1993-09-19,wikidata_exact_year_agrees,unknown,person_no_birthplace,Q27534081,,,,,False,hemisphere:unknown:person_no_birthplace,2023-01,M,False
2266237,"Camacho Collados, Marcos",ESP,M,IM,,,,2476,0,10,1991,,True,2266237,1991-05-16,wikidata_exact_year_agrees,unknown,person_no_birthplace,Q27524028,,,,,False,hemisphere:unknown:person_no_birthplace,2023-01,M,False
1217518,"Costachi, Mihnea",ROU,M,IM,,FI,,2476,0,10,2000,,True,1217518,2000-03-23,wikidata_exact_year_agrees,unknown,person_no_birthplace,Q27524292,,,,,False,hemisphere:unknown:person_no_birthplace,2023-01,M,False
2300044,"Hjartarson, Johann",ISL,M,GM,,,,2476,0,10,1963,,True,2300044,1963-02-08,wikidata_exact_year_agrees,north,resolved_unique_birthplace,Q923807,Q1764,Reykjavík,64.1475,-21.935,True,,2023-01,M,True
4229274,"Ioannidis, Evgenios",GRE,M,IM,,,,2476,6,10,2001,,True,4229274,2001-01-12,wikidata_exact_year_agrees,unknown,person_no_birthplace,Q27525957,,,,,False,hemisphere:unknown:person_no_birthplace,2023-01,M,False
2805340,"Khmelniker, Ilya",ISR,M,GM,,,,2476,0,10,1985,,True,2805340,1985-09-21,wikidata_exact_year_agrees,north,resolved_unique_birthplace,Q4498445,Q887,Yekaterinburg,56.83555556,60.61277778,True,,2023-01,M,False
2212943,"Lopez Martinez, Josep Manuel",ESP,M,GM,,,,2476,8,10,1980,,True,2212943,1980-04-24,wikidata_exact_year_agrees,north,resolved_unique_birthplace,Q3824526,Q1492,Barcelona,41.3825,2.17694444,True,,2023-01,M,False
3204405,"Ly, Moulthun",AUS,M,GM,,,,2476,0,10,1991,,True,3204405,1991-11-20,wikidata_exact_year_agrees,north,resolved_unique_birthplace,Q27527492,Q424,Cambodia,12.5,105.0,True,,2023-01,M,False
1407970,"Mikkelsen, Nikolaj",DEN,M,IM,,,,2476,0,10,1988,,True,1407970,1988-01-19,wikidata_exact_year_agrees,unknown,person_no_birthplace,Q27528424,,,,,False,hemisphere:unknown:person_no_birthplace,2023-01,M,False
1701754,"Westerberg, Jonathan",SWE,M,GM,,,,2476,0,10,1994,,True,1701754,1994-02-25,wikidata_exact_year_agrees,north,resolved_unique_birthplace,Q25935633,Q34,Sweden,61.0,15.0,True,,2023-01,M,False
8600031,"Xu, Jun",CHN,M,GM,,,,2476,0,10,1962,,True,8600031,1962-09-17,wikidata_exact_year_agrees,north,resolved_unique_birthplace,Q2191949,Q42622,Suzhou,31.3,120.61944444,True,,2023-01,M,True
3404650,"Castellanos Rodriguez, Renier",ESP,M,IM,,,,2475,0,10,1982,,True,3404650,1982-07-13,wikidata_exact_year_agrees,unknown,person_no_birthplace,Q27524087,,,,,False,hemisphere:unknown:person_no_birthplace,2023-01,M,False
307424,"Cvek, Robert",CZE,M,GM,,,,2475,3,10,1979,,True,307424,1979-01-06,wikidata_exact_year_agrees,north,resolved_unique_birthplace,Q360261,Q1789604,Krnov,50.08966692,17.70390892,True,,2023-01,M,True
5034426,"Das, Sayantan",IND,M,IM,,,,2475,0,10,1997,,True,5034426,1997-04-08,wikidata_exact_year_agrees,unknown,person_no_birthplace,Q7429115,,,,,False,hemisphere:unknown:person_no_birthplace,2023-01,M,False
24103209,"Faizrakhmanov, Ramil",RUS,M,IM,,,,2475,9,10,1997,,True,24103209,1997-10-03,wikidata_exact_year_agrees,unknown,person_no_birthplace,Q27524906,,,,,False,hemisphere:unknown:person_no_birthplace,2023-01,M,False
13500465,"Fedorov, Alexei",BLR,M,GM,,,,2475,0,10,1972,,True,13500465,1972-08-05,wikidata_exact_year_agrees,north,resolved_unique_birthplace,Q1376746,Q154835,Mahilyow,53.90894,30.34296,True,,2023-01,M,True
611123,"Guidarelli, Laurent",FRA,M,GM,,,,2475,0,10,1981,,True,611123,1981-06-01,wikidata_exact_year_agrees,north,resolved_unique_birthplace,Q18238001,Q202560,Carpentras,44.055,5.04805556,True,,2023-01,M,False
1112848,"Jakubowski, Krzysztof",POL,M,GM,,,,2475,0,10,1983,,True,1112848,1983-09-23,wikidata_exact_year_agrees,north,resolved_unique_birthplace,Q2629681,Q215633,Łomża,53.18333333,22.08333333,True,,2023-01,M,False
5105269,"Leon Hoyos, Manuel",MEX,M,GM,,,,2475,8,10,1989,,True,5105269,1989-02-10,wikidata_exact_year_agrees,north,resolved_unique_birthplace,Q2356100,Q165204,Mérida,20.97,-89.62,True,,2023-01,M,True
14108640,"Mirzoev, Emil",UKR,M,GM,,,,2475,0,10,1996,,True,14108640,1996-08-15,wikidata_exact_year_agrees,unknown,person_no_birthplace,Q27528470,,,,,False,hemisphere:unknown:person_no_birthplace,2023-01,M,False
35028600,Pranesh M,IND,M,IM,,,,2475,0,10,2006,,True,35028600,2006-08-26,wikidata_exact_year_agrees,unknown,person_no_birthplace,Q71319681,,,,,False,hemisphere:unknown:person_no_birthplace,2023-01,M,False
2800047,"Rechlis, Gad",ISR,M,GM,,,,2475,0,10,1967,,True,2800047,1967-02-05,wikidata_exact_year_agrees,north,resolved_unique_birthplace,Q2182051,Q21197,Chișinău,47.02277778,28.83527778,True,,2023-01,M,True
2800101,"Soffer, Ram",ISR,M,GM,,,,2475,7,10,1965,,True,2800101,1965-09-06,wikidata_exact_year_agrees,north,resolved_unique_birthplace,Q2602082,Q192807,Ramat Gan,32.070007,34.823541,True,,2023-01,M,True
916366,"Stojanovic, Mihajlo",SRB,M,GM,,,,2475,0,10,1977,,True,916366,1977-05-11,wikidata_exact_year_agrees,north,resolved_unique_birthplace,Q4443239,Q3711,Belgrade,44.81777778,20.45694444,True,,2023-01,M,True
3804623,"Vera Siguenas, Deivy",PER,M,GM,,,,2475,8,10,1992,,True,3804623,1992-01-18,wikidata_exact_year_agrees,south,resolved_unique_birthplace,Q16555772,Q5095918,Chicama,-7.8445,-79.1455,False,hemisphere:south:resolved_unique_birthplace,2023-01,M,False
349658,"Vykouk, Jan",CZE,M,IM,,,,2475,3,10,2000,,True,349658,2000-03-17,wikidata_exact_year_agrees,unknown,person_no_birthplace,Q27534051,,,,,False,hemisphere:unknown:person_no_birthplace,2023-01,M,False
13300660,"Arzumanian, Georgy",ARM,M,GM,,,,2474,0,10,1980,,True,13300660,1980-08-16,wikidata_exact_year_agrees,north,resolved_unique_birthplace,Q983901,Q994,Tbilisi,41.7225,44.7925,True,,2023-01,M,False
4901541,"Bilguun, Sumiya",MGL,M,GM,,,,2474,0,10,1997,,True,4901541,,multiple_wikidata_exact_dobs,north,resolved_unique_birthplace,Q27523620,Q23430,Ulaanbaatar,47.921357,106.905515,False,dob:multiple_wikidata_exact_dobs,2023-01,M,False
1501100,"Elsness, Frode",NOR,M,IM,,,,2474,1,10,1973,,True,1501100,1973-06-15,wikidata_exact_year_agrees,unknown,person_no_birthplace,Q1805904,,,,,False,hemisphere:unknown:person_no_birthplace,2023-01,M,False
5201381,"Gomez, John Paul",PHI,M,GM,,,,2474,9,10,1986,,True,5201381,1986-05-23,wikidata_exact_year_agrees,north,resolved_unique_birthplace,Q11727893,Q75961,Biñan,14.33333333,121.08333333,True,,2023-01,M,False
1506536,"Notkevich, Benjamin Arvola",NOR,M,GM,,,,2474,0,10,1993,,True,1506536,1993-02-09,wikidata_exact_year_agrees,north,resolved_unique_birthplace,Q59912429,Q585,奥斯陆,59.91333333,10.73888889,True,,2023-01,M,False
2087456,"Tiglon, Bryce",USA,M,IM,,,,2474,0,10,2000,,True,2087456,2000-12-28,wikidata_exact_year_agrees,unknown,person_no_birthplace,Q108407191,,,,,False,hemisphere:unknown:person_no_birthplace,2023-01,M,False
2803879,"Bar, Roman",ISR,M,IM,,,,2473,0,10,1982,,True,2803879,1982-06-20,wikidata_exact_year_agrees,unknown,person_no_birthplace,Q27523351,,,,,False,hemisphere:unknown:person_no_birthplace,2023-01,M,False
696358,"Bellahcene, Bilel",ALG,M,GM,,,,2473,2,10,1998,,True,696358,1998-03-14,wikidata_exact_year_agrees,north,resolved_unique_birthplace,Q27523490,Q6602,Strasbourg,48.57333333,7.75222222,True,,2023-01,M,False
5004225,"Chanda, Sandipan",IND,M,GM,,,,2473,10,10,1983,,True,5004225,1983-08-13,wikidata_exact_year_agrees,north,resolved_unique_birthplace,Q968772,Q1348,Kolkata,22.5675,88.37,True,,2023-01,M,True
25006711,"Chandra, Akshat",USA,M,GM,,,,2473,9,10,1999,,True,25006711,1999-05-28,wikidata_exact_year_agrees,north,resolved_unique_birthplace,Q22003609,Q987,New Delhi,28.61388889,77.20888889,True,,2023-01,M,False
4600428,"Holzke, Frank",GER,M,GM,,,,2473,0,10,1971,,True,4600428,1971-07-08,wikidata_exact_year_agrees,north,resolved_unique_birthplace,Q95764,Q365,Cologne,50.94222222,6.95777778,True,,2023-01,M,False
1038257,"Lai, Hing Ting",NED,M,IM,,,,2473,2,10,1997,,True,1038257,1997-05-03,wikidata_exact_year_agrees,unknown,person_no_birthplace,Q27527019,,,,,False,hemisphere:unknown:person_no_birthplace,2023-01,M,False
4277023,"Alexakis, Dimitris",GRE,M,IM,,,,2472,9,10,2003,,True,4277023,2003-04-25,wikidata_exact_year_agrees,unknown,person_no_birthplace,Q71318740,,,,,False,hemisphere:unknown:person_no_birthplace,2023-01,M,False
4635248,"Bromberger, Stefan",GER,M,GM,,,,2472,0,10,1982,,True,4635248,1982-03-19,wikidata_exact_year_agrees,north,resolved_unique_birthplace,Q1586498,Q2948,Neuss,51.20027778,6.69388889,True,,2023-01,M,False
2807394,"Caspi, Israel",ISR,M,GM,,,,2472,0,10,1989,,True,2807394,1989-03-11,wikidata_exact_year_agrees,unknown,person_no_birthplace,Q27524081,,,,,False,hemisphere:unknown:person_no_birthplace,2023-01,M,False
3814017,"Cori Quispe, Kevin Joel",PER,M,GM,,,,2472,20,10,1999,,True,3814017,1999-08-02,wikidata_exact_year_agrees,south,resolved_unique_birthplace,Q27524285,Q2868,Lima,-12.06,-77.0375,False,hemisphere:south:resolved_unique_birthplace,2023-01,M,False
12572381,"Daghli, Arash",IRI,M,IM,,,,2472,0,10,2003,,True,12572381,,wikidata_non_day_precision,unknown,person_no_birthplace,Q71318766,,,,,False,dob:wikidata_non_day_precision,2023-01,M,False
3504387,"Hernandez Carmenate, Holden",USA,M,GM,,,,2472,0,10,1984,,True,3504387,1984-08-10,wikidata_exact_year_agrees,north,resolved_unique_birthplace,Q648268,Q1563,Havana,23.13666667,-82.35888889,True,,2023-01,M,True
12519278,"Mosadeghpour, Masoud",IRI,M,GM,,,,2472,1,10,1997,,True,12519278,1997-12-03,wikidata_exact_year_agrees,north,resolved_unique_birthplace,Q85974863,Q121157,Mashhad,36.29749444,59.60592306,True,,2023-01,M,False
13710427,"Nogerbek, Kazybek",KAZ,M,IM,,,,2472,13,10,2004,,True,13710427,2004-05-13,wikidata_exact_year_agrees,unknown,person_no_birthplace,Q71319359,,,,,False,hemisphere:unknown:person_no_birthplace,2023-01,M,False
3504301,"Ortega Amarelle, Mariano",CPV,M,IM,,FT,,2472,7,10,1981,,True,3504301,1981-07-18,wikidata_exact_year_agrees,unknown,person_no_birthplace,Q27529069,,,,,False,hemisphere:unknown:person_no_birthplace,2023-01,M,False
4618920,"Richter, Michael",GER,M,GM,,,,2472,0,10,1978,,True,4618920,1978-07-20,wikidata_exact_year_agrees,north,resolved_unique_birthplace,Q1929026,Q64,Berlin,52.51666667,13.38333333,True,,2023-01,M,False
4122763,"Volkov, Sergey",RUS,M,GM,,,,2472,2,10,1974,,True,4122763,1974-02-07,wikidata_exact_year_agrees,north,resolved_unique_birthplace,Q2033533,Q5343,Saransk,54.18333333,45.18333333,True,,2023-01,M,True
4121341,"Vorobiov, Evgeny E.",RUS,M,GM,,,,2472,2,10,1976,,True,4121341,1976-12-13,wikidata_exact_year_agrees,north,resolved_unique_birthplace,Q4125169,Q649,Moscow,55.75055556,37.6175,True,,2023-01,M,True
24684074,"Yankelevich, Lev",GER,M,GM,,,,2472,3,10,1997,,True,24684074,1997-10-28,wikidata_exact_year_agrees,unknown,person_no_birthplace,Q27534378,,,,,False,hemisphere:unknown:person_no_birthplace,2023-01,M,False
5018137,"Ashwin, Jayaram",IND,M,GM,,,,2471,0,10,1990,,True,5018137,1990-08-14,wikidata_exact_year_agrees,north,resolved_unique_birthplace,Q27523192,Q588793,Aluva,10.1004,76.357,True,,2023-01,M,False
3502783,"Cabrera, Alexis",ESP,M,GM,,,,2471,0,10,1976,,True,3502783,1976-12-25,wikidata_exact_year_agrees,north,resolved_unique_birthplace,Q555620,Q272471,Matanzas,23.049444,-81.573611,True,,2023-01,M,True
2900440,"Chatalbashev, Boris",DEN,M,GM,,,,2471,1,10,1974,,True,2900440,1974-01-30,wikidata_exact_year_agrees,north,resolved_unique_birthplace,Q2605559,Q165420,Pleven,43.413188,24.616916,True,,2023-01,M,True
24176702,"Fakhrutdinov, Timur",RUS,M,FM,,,,2471,0,10,2001,,True,24176702,2001-08-04,wikidata_exact_year_agrees,unknown,person_no_birthplace,Q27524908,,,,,False,hemisphere:unknown:person_no_birthplace,2023-01,M,False
6305881,"Firat, Burak",TUR,M,GM,,,,2471,10,10,1993,,True,6305881,1993-01-01,wikidata_exact_year_agrees,north,resolved_unique_birthplace,Q22826024,Q2279529,Konak,38.41894,27.12848,True,,2023-01,M,False
409200,"Ghasi, Ameet K",ENG,M,IM,,,,2471,0,10,1987,,True,409200,1987-02-04,wikidata_exact_year_agrees,unknown,person_no_birthplace,Q4742140,,,,,False,hemisphere:unknown:person_no_birthplace,2023-01,M,False
705098,"Kaczur, Florian",HUN,M,IM,,,,2471,5,10,1998,,True,705098,1998-02-22,wikidata_exact_year_agrees,unknown,person_no_birthplace,Q27526309,,,,,False,hemisphere:unknown:person_no_birthplace,2023-01,M,False
2800802,"Kogan, Arthur",ISR,M,GM,,FST,,2471,0,10,1974,,True,2800802,1974-01-29,wikidata_exact_year_agrees,north,resolved_unique_birthplace,Q936073,Q157725,Chernivtsi,48.29083333,25.93444444,True,,2023-01,M,True
1721003,"Pantzar, Milton",SWE,M,IM,,,,2471,4,10,2001,,True,1721003,2001-06-16,wikidata_exact_year_agrees,unknown,person_no_birthplace,Q71318144,,,,,False,hemisphere:unknown:person_no_birthplace,2023-01,M,False
2103877,"Santiago, Yago De Moura",BRA,M,GM,,,,2471,11,10,1992,,True,2103877,1992-04-17,wikidata_exact_year_agrees,south,resolved_unique_birthplace,Q10394489,Q48344,Recife,-8.05388889,-34.88083333,False,hemisphere:south:resolved_unique_birthplace,2023-01,M,False
26092131,"Travadon, Loic",FRA,M,IM,,,,2471,4,10,2002,,True,26092131,,wikidata_non_day_precision,unknown,person_no_birthplace,Q108408602,,,,,False,dob:wikidata_non_day_precision,2023-01,M,False
1207091,"Ardelean, George-Catalin",ROU,M,IM,,,,2470,0,10,1981,,True,1207091,1981-04-30,wikidata_exact_year_agrees,unknown,person_no_birthplace,Q27523128,,,,,False,hemisphere:unknown:person_no_birthplace,2023-01,M,False
900885,"Blagojevic, Dragisa",MNE,M,GM,,,,2470,0,10,1966,,True,900885,1966-01-01,wikidata_exact_year_agrees,north,resolved_unique_birthplace,Q1254724,Q174684,Tuzla,44.5391105,18.675193,True,,2023-01,M,True
632023,"Delorme, Axel",FRA,M,GM,,,,2470,0,10,1990,,True,632023,1990-05-08,wikidata_exact_year_agrees,north,resolved_unique_birthplace,Q27524480,Q456,Lyon,45.7675,4.835,True,,2023-01,M,False
6302114,"Esen, Baris",TUR,M,GM,,,,2470,0,10,1986,,True,6302114,1986-11-03,wikidata_exact_year_agrees,north,resolved_unique_birthplace,Q9166503,Q6487,Antalya,36.90812,30.69556,True,,2023-01,M,True
4601556,"Heinemann, Thies",GER,M,GM,,,,2470,0,10,1971,,True,4601556,1971-03-07,wikidata_exact_year_agrees,north,resolved_unique_birthplace,Q1569036,Q1055,Hamburg,53.55,10.0,True,,2023-01,M,False
1502778,"Ostmoe, Geir Sune Tallaksen",NOR,M,IM,,,,2470,2,10,1985,,True,1502778,1985-03-14,wikidata_exact_year_agrees,unknown,person_no_birthplace,Q11971728,,,,,False,hemisphere:unknown:person_no_birthplace,2023-01,M,False
4403940,"Rios, Cristhian Camilo",COL,M,GM,,FT,,2470,19,10,1993,,True,4403940,1993-04-09,wikidata_exact_year_agrees,north,resolved_unique_birthplace,Q27530743,Q1002577,Tuluá,4.08472222,-76.19861111,True,,2023-01,M,False
922900,"Sedlak, Nikola",SRB,M,GM,,,,2470,14,10,1983,,True,922900,1983-12-13,wikidata_exact_year_agrees,north,resolved_unique_birthplace,Q3656357,Q170287,Subotica,46.1002058,19.6653273,True,,2023-01,M,True
307165,"Simacek, Pavel",CZE,M,GM,,FT,,2470,3,10,1979,,True,307165,,multiple_wikidata_exact_dobs,north,resolved_unique_birthplace,Q11813878,Q33946,Czechoslovakia,50.08333333,14.41666667,False,dob:multiple_wikidata_exact_dobs,2023-01,M,False
2007304,"Sturt, Raven",USA,M,GM,,,,2470,0,10,1993,,True,2007304,1993-08-01,wikidata_exact_year_agrees,unknown,person_no_birthplace,Q27532842,,,,,False,hemisphere:unknown:person_no_birthplace,2023-01,M,False
113433,"Villanueva, Mario",ARG,M,IM,,,,2470,0,10,1984,,True,113433,1984-12-27,wikidata_exact_year_agrees,unknown,person_no_birthplace,Q27533901,,,,,False,hemisphere:unknown:person_no_birthplace,2023-01,M,False
4131002,"Gabrielian, Artur",RUS,M,GM,,,,2469,9,10,1982,,True,4131002,1982-12-26,wikidata_exact_year_agrees,north,resolved_unique_birthplace,Q4130938,Q9248,Baku,40.36665556,49.83518333,True,,2023-01,M,True
4617495,"Hausrath, Daniel",GER,M,GM,,,,2469,2,10,1976,,True,4617495,1976-04-08,wikidata_exact_year_agrees,north,resolved_unique_birthplace,Q1161064,Q2899,Mülheim an der Ruhr,51.4275,6.8825,True,,2023-01,M,False
14607913,"Janzelj, Tim",SLO,M,IM,,,,2469,0,10,1994,,True,14607913,1994-12-23,wikidata_exact_year_agrees,unknown,person_no_birthplace,Q108587822,,,,,False,hemisphere:unknown:person_no_birthplace,2023-01,M,False
4646410,"Markgraf, Alexander",GER,M,IM,,,,2469,0,10,1981,,True,4646410,1981-08-17,wikidata_exact_year_agrees,north,resolved_unique_birthplace,Q1247059,Q3033,Göttingen,51.53388889,9.93555556,True,,2023-01,M,False
2000490,"Root, Douglas",USA,M,IM,,,,2469,0,10,1963,,True,2000490,1963-02-12,wikidata_exact_year_agrees,unknown,person_no_birthplace,Q27530848,,,,,False,hemisphere:unknown:person_no_birthplace,2023-01,M,False
14200058,"Saltaev, Mihail",UZB,M,GM,,,,2469,0,10,1962,,True,14200058,1962-11-19,wikidata_exact_year_agrees,north,resolved_unique_birthplace,Q2227066,Q913406,Chirchiq,41.46666667,69.58333333,True,,2023-01,M,True
6351921,"Saraci, Nderim",KOS,M,IM,,,,2469,3,10,1996,,True,6351921,1996-09-16,wikidata_exact_year_agrees,unknown,person_no_birthplace,Q27531198,,,,,False,hemisphere:unknown:person_no_birthplace,2023-01,M,False
3819566,"Escalante Ramirez, Brian Sebasti",PER,M,IM,,,,2468,18,10,1999,,True,3819566,1999-09-20,wikidata_exact_year_agrees,unknown,person_no_birthplace,Q27524869,,,,,False,hemisphere:unknown:person_no_birthplace,2023-01,M,False
4600088,"Hertneck, Gerald",GER,M,GM,,,,2468,0,10,1963,,True,4600088,1963-09-18,wikidata_exact_year_agrees,north,resolved_unique_birthplace,Q90505,Q1726,Munich,48.1375,11.575,True,,2023-01,M,True
2039796,"Katz, Alexander",USA,M,IM,,,,2468,9,10,1996,,True,2039796,,wikidata_non_day_precision,unknown,person_no_birthplace,Q27526436,,,,,False,dob:wikidata_non_day_precision,2023-01,M,False
2033801,"Korley, Kassa",DEN,M,IM,,,,2468,9,10,1993,,True,2033801,1993-05-20,wikidata_exact_year_agrees,unknown,person_no_birthplace,Q27526706,,,,,False,hemisphere:unknown:person_no_birthplace,2023-01,M,False
5900212,"Kotronias, Vasilios",GRE,M,GM,,,,2468,0,10,1964,,True,5900212,1964-08-25,wikidata_exact_year_agrees,north,resolved_unique_birthplace,Q1335802,Q1524,Athens,37.98416667,23.72805556,True,,2023-01,M,True
12921742,"Kramer, Julian",GER,M,IM,,,,2468,1,10,1997,,True,12921742,1997-06-12,wikidata_exact_year_agrees,unknown,person_no_birthplace,Q27526843,,,,,False,hemisphere:unknown:person_no_birthplace,2023-01,M,False
4126297,"Loginov, Valery A",RUS,M,GM,,,,2468,0,10,1955,,True,4126297,1955-12-13,wikidata_exact_year_agrees,north,resolved_unique_birthplace,Q2542149,Q2219,Syzran,53.16666667,48.46666667,True,,2023-01,M,False
4646258,"Sprenger, Jan Michael, Dr.",GER,M,GM,,,,2468,0,10,1982,,True,4646258,1982-11-26,wikidata_exact_year_agrees,north,resolved_unique_birthplace,Q99230,Q365,Cologne,50.94222222,6.95777778,True,,2023-01,M,False
681091,"Velten, Paul",FRA,M,GM,,,,2468,19,10,1993,,True,681091,1993-08-10,wikidata_exact_year_agrees,north,resolved_unique_birthplace,Q27533831,Q1858,Hanoi,21.0245,105.84117,True,,2023-01,M,False
5200059,"Barcenilla, Rogelio",PHI,M,GM,,,,2467,0,10,1972,,True,5200059,1972-01-23,wikidata_exact_year_agrees,north,resolved_unique_birthplace,Q15614863,Q5217,巴科洛德,10.67645833,122.95091667,True,,2023-01,M,True
22235256,"Diaz Camallonga, Carles",ESP,M,IM,,,,2467,0,10,1996,,True,22235256,1996-06-01,wikidata_exact_year_agrees,unknown,person_no_birthplace,Q24255670,,,,,False,hemisphere:unknown:person_no_birthplace,2023-01,M,False
34184934,"Dudin, Gleb",FID,M,IM,,,,2467,18,10,2004,,True,34184934,2004-10-11,wikidata_exact_year_agrees,unknown,person_no_birthplace,Q71319181,,,,,False,hemisphere:unknown:person_no_birthplace,2023-01,M,False
400254,"Emms, John M",ENG,M,GM,,FT,,2467,0,10,1967,,True,400254,1967-03-14,wikidata_exact_year_agrees,unknown,person_no_birthplace,Q2469515,,,,,False,hemisphere:unknown:person_no_birthplace,2023-01,M,False
1301764,"Forster, Richard",SUI,M,IM,,,,2467,0,10,1975,,True,1301764,1975-01-18,wikidata_exact_year_agrees,unknown,person_no_birthplace,Q27525056,,,,,False,hemisphere:unknown:person_no_birthplace,2023-01,M,False
14900017,"Ftacnik, Lubomir",SVK,M,GM,,FST,,2467,2,10,1957,,True,14900017,1957-10-30,wikidata_exact_year_agrees,north,resolved_unique_birthplace,Q344716,Q1780,Bratislava,48.14816;48.1516988,17.10674;17.1093063,True,,2023-01,M,True
4151364,"Krylov, Mikhail",RUS,M,GM,,,,2467,0,10,1987,,True,4151364,1987-06-14,wikidata_exact_year_agrees,north,resolved_unique_birthplace,Q4242779,Q159,Russia,66.41666667,94.25,True,,2023-01,M,False
2021722,"Molner, Mackenzie",USA,M,GM,,,,2467,11,10,1988,,True,2021722,1988-08-01,wikidata_exact_year_agrees,north,resolved_unique_birthplace,Q16677466,Q678437,Montclair,40.8244,-74.2123,True,,2023-01,M,False
2813408,"Parkhov, Yair",ISR,M,IM,,,,2467,9,10,2002,,True,2813408,2002-11-24,wikidata_exact_year_agrees,unknown,person_no_birthplace,Q41957691,,,,,False,hemisphere:unknown:person_no_birthplace,2023-01,M,False
404454,"Williams, Simon K",ENG,M,GM,,,,2467,0,10,1979,,True,404454,1979-11-30,wikidata_exact_year_agrees,north,resolved_unique_birthplace,Q4470100,Q213465,Guildford,51.2354,-0.5746,True,,2023-01,M,False
1036432,"Zwirs, Nico",NED,M,IM,,,,2467,10,10,1994,,True,1036432,1994-12-12,wikidata_exact_year_agrees,north,resolved_unique_birthplace,Q65465198,Q3018561,Apeldoorn,52.21,5.97,True,,2023-01,M,False
4630572,"Balcerak, Jakob",GER,M,IM,,,,2466,0,10,1979,,True,4630572,1979-08-01,wikidata_exact_year_agrees,north,resolved_unique_birthplace,Q1678900,Q1799,Wrocław,51.11,17.0325,True,,2023-01,M,False
4900847,"Batchuluun, Tsegmed",MGL,M,GM,,,,2466,0,10,1987,,True,4900847,1987-02-04,wikidata_exact_year_agrees,north,resolved_unique_birthplace,Q15220811,Q23430,Ulaanbaatar,47.921357,106.905515,True,,2023-01,M,False
30908604,"Ghazarian, Kirk",USA,M,IM,,,,2466,8,10,2006,,True,30908604,,wikidata_non_day_precision,unknown,person_no_birthplace,Q108324842,,,,,False,dob:wikidata_non_day_precision,2023-01,M,False
400092,"Harvey, Marcus R",ENG,M,IM,,,,2466,0,10,1996,,True,400092,1996-07-24,wikidata_exact_year_agrees,unknown,person_no_birthplace,Q71316445,,,,,False,hemisphere:unknown:person_no_birthplace,2023-01,M,False
13302639,"Hayrapetyan, Hovik",ARM,M,GM,,,,2466,10,10,1990,,True,13302639,1990-02-15,wikidata_exact_year_agrees,north,resolved_unique_birthplace,Q16166858,Q129352,Khankendi,39.81527778,46.75194444,True,,2023-01,M,False
1185080,"Kosakowski, Jakub",POL,M,IM,,,,2466,9,10,2002,,True,1185080,2002-01-07,wikidata_exact_year_agrees,unknown,person_no_birthplace,Q71318509,,,,,False,hemisphere:unknown:person_no_birthplace,2023-01,M,False
13500023,"Kovalev, Andrei",BLR,M,GM,,FST,,2466,18,10,1961,,True,13500023,1961-11-07,wikidata_exact_year_agrees,north,resolved_unique_birthplace,Q3917277,Q102217,Vitebsk,55.18333333,30.16666667,True,,2023-01,M,True
1119125,"Kuzmicz, Krystian",POL,M,IM,,,,2466,0,10,1987,,True,1119125,1987-01-08,wikidata_exact_year_agrees,north,resolved_unique_birthplace,Q11748607,Q270,Warsaw,52.23,21.01111111,True,,2023-01,M,False
612200,"Petitcunot, Pierre",FRA,M,IM,,,,2466,0,10,1980,,True,612200,1980-05-30,wikidata_exact_year_agrees,unknown,person_no_birthplace,Q27529846,,,,,False,hemisphere:unknown:person_no_birthplace,2023-01,M,False
5089000,Raja Harshit,IND,M,GM,,,,2466,9,10,2001,,True,5089000,2001-04-03,wikidata_exact_year_agrees,unknown,person_no_birthplace,Q27530268,,,,,False,hemisphere:unknown:person_no_birthplace,2023-01,M,False
24199052,"Salemgareev, Tagir",RUS,M,IM,,,,2466,0,10,2002,,True,24199052,2002-02-28,wikidata_exact_year_agrees,unknown,person_no_birthplace,Q27531105,,,,,False,hemisphere:unknown:person_no_birthplace,2023-01,M,False
4137329,"Yanchenko, Roman",RUS,M,FM,,,,2466,0,10,1996,,True,4137329,1996-04-04,wikidata_exact_year_agrees,unknown,person_no_birthplace,Q27534266,,,,,False,hemisphere:unknown:person_no_birthplace,2023-01,M,False
742570,"Bagi, Mate",HUN,M,IM,,,,2465,2,10,1995,,True,742570,1995-01-03,wikidata_exact_year_agrees,unknown,person_no_birthplace,Q27523287,,,,,False,hemisphere:unknown:person_no_birthplace,2023-01,M,False
1011014,"Brandenburg, Daan",NED,M,GM,,,,2465,1,10,1987,,True,1011014,1987-11-14,wikidata_exact_year_agrees,north,resolved_unique_birthplace,Q434047,Q166065,Lelystad,52.51666667,5.48333333,True,,2023-01,M,True
24638056,"Dann, Matthias",GER,M,IM,,,,2465,0,10,1991,,True,24638056,1991-11-01,wikidata_exact_year_agrees,unknown,person_no_birthplace,Q27524383,,,,,False,hemisphere:unknown:person_no_birthplace,2023-01,M,False
4100379,"Dvoirys, Semen I.",RUS,M,GM,,,,2465,16,10,1958,,True,4100379,1958-11-02,wikidata_exact_year_agrees,north,resolved_unique_birthplace,Q4155852,Q906,Chelyabinsk,55.15,61.4,True,,2023-01,M,True
4129776,"Kim, Alexey",KOR,M,GM,,,,2465,0,10,1986,,True,4129776,1986-04-05,wikidata_exact_year_agrees,north,resolved_unique_birthplace,Q9146859,Q269,Tashkent,41.31111111,69.27972222,True,,2023-01,M,False
15000605,"Nedev, Trajko",MKD,M,GM,,FST,,2465,0,10,1973,,True,15000605,1973-02-27,wikidata_exact_year_agrees,north,resolved_unique_birthplace,Q1371501,Q384,Skopje,41.99611111,21.43166667,True,,2023-01,M,False
5201241,"Paragua, Mark",PHI,M,GM,,,,2465,0,10,1984,,True,5201241,1984-03-29,wikidata_exact_year_agrees,north,resolved_unique_birthplace,Q6769148,Q928,Philippines,12.0,123.0,True,,2023-01,M,False
13602250,"Quparadze, Giga",GEO,M,GM,,,,2465,8,10,1987,,True,13602250,1987-08-23,wikidata_exact_year_agrees,north,resolved_unique_birthplace,Q27530221,Q172415,Kutaisi,42.27166667,42.70555556,True,,2023-01,M,False
1917617,"Sousa, Andre Ventura",POR,M,IM,,,,2465,10,10,2000,,True,1917617,2000-04-14,wikidata_exact_year_agrees,unknown,person_no_birthplace,Q27532447,,,,,False,hemisphere:unknown:person_no_birthplace,2023-01,M,False
4611500,"Teske, Henrik",GER,M,GM,,,,2465,0,10,1968,,True,4611500,1968-02-28,wikidata_exact_year_agrees,unknown,person_no_birthplace,Q92504,,,,,False,hemisphere:unknown:person_no_birthplace,2023-01,M,False
105198,"Alonso, Salvador",ARG,M,GM,,,,2464,18,10,1974,,True,105198,1974-09-13,wikidata_exact_year_agrees,south,resolved_unique_birthplace,Q1689046,Q1486,Buenos Aires,-34.59972222,-58.38194444,False,hemisphere:south:resolved_unique_birthplace,2023-01,M,False
14142317,"Baidetskyi, Valentin",UKR,M,IM,,,,2464,2,10,2002,,True,14142317,2002-10-06,wikidata_exact_year_agrees,north,resolved_unique_birthplace,Q65464909,Q212,Ukraine,49.0,32.0,True,,2023-01,M,False
1125893,"Gajek, Radoslaw",AUT,M,IM,,,,2464,0,10,1998,,True,1125893,1998-04-26,wikidata_exact_year_agrees,north,resolved_unique_birthplace,Q55972155,Q123511,Grudziądz,53.4875,18.755,True,,2023-01,M,False
1308173,"Kurmann, Oliver",SUI,M,IM,,,,2464,0,10,1985,,True,1308173,1985-02-22,wikidata_exact_year_agrees,unknown,person_no_birthplace,Q27526963,,,,,False,hemisphere:unknown:person_no_birthplace,2023-01,M,False
13501720,"Maiorov, Nikita",FID,M,GM,,,,2464,0,10,1985,,True,13501720,1985-04-19,wikidata_exact_year_agrees,north,resolved_unique_birthplace,Q4275004,Q102217,Vitebsk,55.18333333,30.16666667,True,,2023-01,M,True
2800110,"Manor, Ilan",ISR,M,GM,,,,2464,0,10,1969,,True,2800110,1969-10-26,wikidata_exact_year_agrees,north,resolved_unique_birthplace,Q2194745,Q41621,Haifa,32.81916667,34.99916667,True,,2023-01,M,True
4169786,"Potapov, Pavel",RUS,M,GM,,,,2464,0,10,1990,,True,4169786,1990-09-28,wikidata_exact_year_agrees,unknown,person_no_birthplace,Q27530073,,,,,False,hemisphere:unknown:person_no_birthplace,2023-01,M,False
100242,"Ricardi, Pablo",ARG,M,GM,,,,2464,0,10,1962,,True,100242,1962-02-25,wikidata_exact_year_agrees,south,resolved_unique_birthplace,Q1443810,Q1486,Buenos Aires,-34.59972222,-58.38194444,False,hemisphere:south:resolved_unique_birthplace,2023-01,M,False
1011480,"Ris, Robert",NED,M,IM,,,,2464,1,10,1988,,True,1011480,1988-04-14,wikidata_exact_year_agrees,unknown,person_no_birthplace,Q2054550,,,,,False,hemisphere:unknown:person_no_birthplace,2023-01,M,False
723720,"Vertetics, Attila",HUN,M,IM,,,,2464,2,10,1985,,True,723720,1985-09-17,wikidata_exact_year_agrees,unknown,person_no_birthplace,Q27533858,,,,,False,hemisphere:unknown:person_no_birthplace,2023-01,M,False
2800659,"Zifroni, Dov",ISR,M,GM,,,,2464,0,10,1976,,True,2800659,1976-02-17,wikidata_exact_year_agrees,north,resolved_unique_birthplace,Q358103,Q152491,Herzliya,32.15555556,34.84222222,True,,2023-01,M,False
4165314,"Bryakin, Mikhail",FID,M,GM,,,,2463,18,10,1997,,True,4165314,1997-01-09,wikidata_exact_year_agrees,unknown,person_no_birthplace,Q27523907,,,,,False,hemisphere:unknown:person_no_birthplace,2023-01,M,False
14103109,"Feygin, Michael",GER,M,GM,,,,2463,1,10,1975,,True,14103109,1975-02-01,wikidata_exact_year_agrees,north,resolved_unique_birthplace,Q4482389,Q42308,Kharkiv,49.9925,36.23111111,True,,2023-01,M,True
2212501,"Fluvia Poyatos, Joan",ESP,M,IM,,,,2463,0,10,1982,,True,2212501,1982-05-20,wikidata_exact_year_agrees,north,resolved_unique_birthplace,Q5931414,Q12596,Tordera,41.70083333,2.72,True,,2023-01,M,False
1102222,"Jaracz, Pawel",POL,M,GM,,,,2463,2,10,1975,,True,1102222,1975-07-22,wikidata_exact_year_agrees,north,resolved_unique_birthplace,Q504267,Q142101,Kożuchów,51.75,15.6,True,,2023-01,M,True
3508188,"Jimenez Fraga, Pedro Alejandro",CUB,M,IM,,,,2463,0,10,1990,,True,3508188,1990-03-22,wikidata_exact_year_agrees,unknown,person_no_birthplace,Q27526134,,,,,False,hemisphere:unknown:person_no_birthplace,2023-01,M,False
4901266,"Munkhgal, Gombosuren",MGL,M,GM,,,,2463,0,10,1988,,True,4901266,1988-09-06,wikidata_exact_year_agrees,unknown,person_no_birthplace,Q27528713,,,,,False,hemisphere:unknown:person_no_birthplace,2023-01,M,False
25002112,"Rathanvel, V S",IND,M,IM,,,,2463,0,10,2001,,True,25002112,2001-04-04,wikidata_exact_year_agrees,north,resolved_unique_birthplace,Q27530531,Q9885,Coimbatore,11.00083333,76.96333333,True,,2023-01,M,False
12908088,"Vogel, Roven",GER,M,IM,,,,2463,0,10,2000,,True,12908088,2000-07-17,wikidata_exact_year_agrees,north,resolved_unique_birthplace,Q27533958,Q12056,Oschatz,51.30027778,13.10722222,True,,2023-01,M,False
3518388,"Fernandez De La Vara, Arnaldo",CUB,M,IM,,,,2462,0,10,1999,,True,3518388,1999-12-22,wikidata_exact_year_agrees,north,resolved_unique_birthplace,Q27524976,Q244154,Holguin,20.88722222,-76.26305556,True,,2023-01,M,False
4681932,"Feuerstack, Aljoscha",GER,M,IM,,,,2462,0,10,1988,,True,4681932,1988-06-01,wikidata_exact_year_agrees,unknown,person_no_birthplace,Q27525000,,,,,False,hemisphere:unknown:person_no_birthplace,2023-01,M,False
800090,"Godena, Michele",ITA,M,GM,,FT,,2462,9,10,1967,,True,800090,1967-06-30,wikidata_exact_year_agrees,north,resolved_unique_birthplace,Q1347335,Q47428,Valdobbiadene,45.91629995,12.01416545,True,,2023-01,M,True
708003,"Horvath, Adam",HUN,M,GM,,,,2462,20,10,1981,,True,708003,1981-07-14,wikidata_exact_year_agrees,unknown,birthplace_no_coordinates,Q249547,e96fe0e0576aeec2fdee58c4e667edeb,http://www.wikidata.org/.well-known/genid/e96fe0e0576aeec2fdee58c4e667edeb,,,False,hemisphere:unknown:birthplace_no_coordinates,2023-01,M,False
34506896,"Isik, Alparslan",TUR,M,IM,,,,2462,9,10,2003,,True,34506896,2003-01-18,wikidata_exact_year_agrees,unknown,person_no_birthplace,Q71318833,,,,,False,hemisphere:unknown:person_no_birthplace,2023-01,M,False
2012111,"Khmelnitsky, Igor",USA,M,IM,,,,2462,0,10,1968,,True,2012111,1968-08-21,wikidata_exact_year_agrees,unknown,person_no_birthplace,Q27526520,,,,,False,hemisphere:unknown:person_no_birthplace,2023-01,M,False
12400025,Nguyen Anh Dung,VIE,M,GM,,,,2462,0,10,1976,,True,12400025,1976-03-17,wikidata_exact_year_agrees,unknown,person_no_birthplace,Q7022760,,,,,False,hemisphere:unknown:person_no_birthplace,2023-01,M,False
2901188,"Petkov, Vladimir",BUL,M,GM,,,,2462,0,10,1971,,True,2901188,1971-01-26,wikidata_exact_year_agrees,north,resolved_unique_birthplace,Q937480,Q178531,Vidin,43.98869,22.874058,True,,2023-01,M,True
1706993,"Semcesen, Daniel",SWE,M,GM,,,,2462,0,10,1986,,True,1706993,1986-08-17,wikidata_exact_year_agrees,north,resolved_unique_birthplace,Q16334608,Q34,Sweden,61.0,15.0,True,,2023-01,M,False
4611268,"Boensch, Uwe",GER,M,GM,,,,2461,0,10,1958,,True,4611268,1958-10-15,wikidata_exact_year_agrees,north,resolved_unique_birthplace,Q90555,Q2814,Halle (Saale),51.48277778,11.96972222,True,,2023-01,M,True
2000105,"De Firmian, Nick",USA,M,GM,,,,2461,3,10,1957,,True,2000105,1957-07-26,wikidata_exact_year_agrees,north,resolved_unique_birthplace,Q690938,Q43301,Fresno,36.78166667,-119.79222222,True,,2023-01,M,True
1200186,"Grigore, George-Gabriel",ROU,M,GM,,FT,,2461,0,10,1970,,True,1200186,1970-11-13,wikidata_exact_year_agrees,north,resolved_unique_birthplace,Q647615,Q79808,Constanța,44.17333333;44.1767161;44.21414,28.61862;28.63833333;28.6507598,True,,2023-01,M,True
4159659,"Yudin, Sergei",RUS,M,GM,,,,2461,18,10,1986,,True,4159659,1986-06-10,wikidata_exact_year_agrees,north,resolved_unique_birthplace,Q4533809,Q883,Novosibirsk,55.03333333,82.91666667,True,,2023-01,M,True
24624322,"Zelbel, Patrick",GER,M,IM,,,,2461,1,10,1993,,True,24624322,1993-05-08,wikidata_exact_year_agrees,north,resolved_unique_birthplace,Q1664270,Q1295,Dortmund,51.51388889,7.46527778,True,,2023-01,M,False
2800705,"Zoler, Dan",ISR,M,GM,,,,2461,0,10,1974,,True,2800705,,multiple_wikidata_exact_dobs,north,resolved_unique_birthplace,Q4506055,Q46852,Iași,47.16222222,27.58888889,False,dob:multiple_wikidata_exact_dobs,2023-01,M,False
4120213,"Belozerov, Andrei",RUS,M,GM,,,,2460,0,10,1977,,True,4120213,1977-06-17,wikidata_exact_year_agrees,north,resolved_unique_birthplace,Q4082477,Q976,Tomsk,56.48861111,84.95222222,True,,2023-01,M,False
2800039,"Greenfeld, Alon",ISR,M,GM,,,,2460,0,10,1964,,True,2800039,1964-04-17,wikidata_exact_year_agrees,north,resolved_unique_birthplace,Q486592,Q60,New York City,40.71277778,-74.00611111,True,,2023-01,M,True
305421,"Kalod, Radek",CZE,M,GM,,,,2460,0,10,1978,,True,305421,1978-08-08,wikidata_exact_year_agrees,north,resolved_unique_birthplace,Q2125544,Q14960,Brno,49.19527778,16.60833333,True,,2023-01,M,False
1000063,"Nijboer, Friso",NED,M,GM,,,,2460,10,10,1965,,True,1000063,1965-05-26,wikidata_exact_year_agrees,north,resolved_unique_birthplace,Q1379866,Q47887,Nijmegen,51.8475,5.8625,True,,2023-01,M,True
5007429,"Panchanathan, Magesh Chandran",IND,M,GM,,,,2460,0,10,1983,,True,5007429,1983-08-10,wikidata_exact_year_agrees,north,resolved_unique_birthplace,Q2483493,Q228405,Madurai,9.91966111,78.11939444,True,,2023-01,M,True
4662997,"Rotstein, Arkadij",GER,M,GM,,,,2460,0,10,1961,,True,4662997,1961-04-29,wikidata_exact_year_agrees,north,resolved_unique_birthplace,Q442846,Q36036,Lviv,49.838055;49.841952,24.023055;24.0315921,True,,2023-01,M,False
4400704,"Ruiz Castillo, Joshua Daniel",COL,M,GM,,,,2460,0,10,1997,,True,4400704,1997-07-08,wikidata_exact_year_agrees,north,resolved_unique_birthplace,Q27530930,Q2841,Bogotá,4.60971,-74.08175,True,,2023-01,M,False
627089,"Sokolov, Andrei",FRA,M,GM,,,,2460,1,10,1963,,True,627089,1963-03-20,wikidata_exact_year_agrees,north,resolved_unique_birthplace,Q502570,Q133529,Vorkuta,67.5,64.03333333,True,,2023-01,M,True
1119966,"Stachowiak, Kamil",POL,M,IM,,,,2460,1,10,1986,,True,1119966,1986-07-12,wikidata_exact_year_agrees,north,resolved_unique_birthplace,Q14469068,Q1799,Wrocław,51.11,17.0325,True,,2023-01,M,False
13709810,"Urazayev, Arystanbek",KAZ,M,IM,,,,2460,13,10,1998,,True,13709810,1998-04-08,wikidata_exact_year_agrees,north,resolved_unique_birthplace,Q27533566,Q477232,Aktobe,50.28361111,57.22972222,True,,2023-01,M,False
3501728,"Becerra Rivero, Julio",USA,M,GM,,,,2459,9,10,1973,,True,3501728,1973-10-15,wikidata_exact_year_agrees,north,resolved_unique_birthplace,Q3774349,Q1563,Havana,23.13666667,-82.35888889,True,,2023-01,M,True
4400801,"Escobar Forero, Alder",COL,M,GM,,,,2459,16,10,1977,,True,4400801,1977-03-11,wikidata_exact_year_agrees,north,resolved_unique_birthplace,Q18280463,Q739,Colombia,4.0,-73.25,True,,2023-01,M,False
2204088,"Garbisu de Goni, Unai",ESP,M,IM,,,,2459,0,10,1975,,True,2204088,1975-07-15,wikidata_exact_year_agrees,unknown,person_no_birthplace,Q27525168,,,,,False,hemisphere:unknown:person_no_birthplace,2023-01,M,False
14933080,"Haring, Filip",SVK,M,IM,,,,2459,4,10,2003,,True,14933080,2003-09-25,wikidata_exact_year_agrees,unknown,person_no_birthplace,Q71318804,,,,,False,hemisphere:unknown:person_no_birthplace,2023-01,M,False
1516647,"Kaasen, Tor Fredrik",NOR,M,IM,,,,2459,19,10,2002,,True,1516647,2002-07-15,wikidata_exact_year_agrees,north,resolved_unique_birthplace,Q108444378,Q109021,Moss Municipality,59.43403,10.65771,True,,2023-01,M,False
604399,"Lepelletier, Benoit",FRA,M,IM,,,,2459,0,10,1978,,True,604399,1978-07-10,wikidata_exact_year_agrees,unknown,person_no_birthplace,Q818122,,,,,False,hemisphere:unknown:person_no_birthplace,2023-01,M,False
14608502,"Markoja, Boris",SLO,M,IM,,,,2459,2,10,1998,,True,14608502,1998-02-20,wikidata_exact_year_agrees,unknown,person_no_birthplace,Q27527701,,,,,False,hemisphere:unknown:person_no_birthplace,2023-01,M,False
940313,"Radovanovic, Mihajlo",SRB,M,IM,,,,2459,0,10,2001,,True,940313,2001-11-02,wikidata_exact_year_agrees,unknown,person_no_birthplace,Q27530250,,,,,False,hemisphere:unknown:person_no_birthplace,2023-01,M,False
10200037,"Rahman, Ziaur",BAN,M,GM,,,,2459,22,10,1974,,True,10200037,1974-05-01,wikidata_exact_year_agrees,unknown,person_no_birthplace,Q3350653,,,,,False,hemisphere:unknown:person_no_birthplace,2023-01,M,False
35007394,Raja Rithvik R,IND,M,GM,,,,2459,10,10,2004,,True,35007394,2004-05-04,wikidata_exact_year_agrees,north,resolved_unique_birthplace,Q57418584,Q1361,Hyderabad,17.36166667,78.47472222,True,,2023-01,M,False
25004301,"Sardana, Rishi",AUS,M,IM,,,,2459,10,10,1997,,True,25004301,1997-10-05,wikidata_exact_year_agrees,unknown,person_no_birthplace,Q27531205,,,,,False,hemisphere:unknown:person_no_birthplace,2023-01,M,False
14100487,"Sulypa, Oleksandr",UKR,M,GM,,,,2459,0,10,1972,,True,14100487,1972-06-03,wikidata_exact_year_agrees,north,resolved_unique_birthplace,Q4445754,Q36036,Lviv,49.838055;49.841952,24.023055;24.0315921,True,,2023-01,M,False
5005779,"Venkatesh, M.R.",IND,M,GM,,,,2459,0,10,1985,,True,5005779,,multiple_wikidata_exact_dobs,north,resolved_unique_birthplace,Q16629718,Q1352,Chennai,13.0825,80.275,False,dob:multiple_wikidata_exact_dobs,2023-01,M,False
2261090,"Vila Gazquez, Xavier",ESP,M,GM,,,,2459,0,10,1990,,True,2261090,1990-03-08,wikidata_exact_year_agrees,north,multiple_birthplaces_same_hemisphere,Q557787,Q15088;Q669570,Santa Coloma de Queralt;Tarragona,41.1175;41.532435,1.25277778;1.383852,True,,2023-01,M,False
943746,"Cabarkapa, Novak",SRB,M,IM,,,,2458,0,10,1996,,True,943746,1996-01-07,wikidata_exact_year_agrees,unknown,person_no_birthplace,Q27524006,,,,,False,hemisphere:unknown:person_no_birthplace,2023-01,M,False
1705814,"Carlsson, Pontus",SWE,M,GM,,,,2458,0,10,1982,,True,1705814,1982-12-18,wikidata_exact_year_agrees,north,resolved_unique_birthplace,Q730478,Q51103,Cali,3.44,-76.51972222,True,,2023-01,M,False
3700267,"Cubas, Jose Fernando",PAR,M,GM,,,,2458,0,10,1981,,True,3700267,1981-04-09,wikidata_exact_year_agrees,south,resolved_unique_birthplace,Q11728571,Q2933,Asunción,-25.28,-57.63444444,False,hemisphere:south:resolved_unique_birthplace,2023-01,M,False
2105446,"Di Berardino, Diego Rafael",BRA,M,IM,,,,2458,11,10,1987,,True,2105446,1987-07-29,wikidata_exact_year_agrees,south,resolved_unique_birthplace,Q5274635,Q8678,Rio de Janeiro,-22.91111111,-43.20555556,False,hemisphere:south:resolved_unique_birthplace,2023-01,M,False
3902463,"Gascon Del Nogal, Jose Rafael",VEN,M,GM,,FT,,2458,0,10,1995,,True,3902463,1995-05-23,wikidata_exact_year_agrees,north,resolved_unique_birthplace,Q27525207,Q1533,Caracas,10.50611111,-66.91444444,True,,2023-01,M,False
5101174,"Gonzalez Garcia, Jose",ESP,M,GM,,,,2458,0,10,1973,,True,5101174,1973-08-12,wikidata_exact_year_agrees,north,resolved_unique_birthplace,Q4143132,Q2807,Madrid,40.41694444,-3.70333333,True,,2023-01,M,False
4615840,"Illner, Achim, Dr.",GER,M,IM,,,,2458,0,10,1970,,True,4615840,1970-05-25,wikidata_exact_year_agrees,unknown,person_no_birthplace,Q27525945,,,,,False,hemisphere:unknown:person_no_birthplace,2023-01,M,False
13417444,"Samadov, Read",AZE,M,FM,,,,2458,9,10,2007,,True,13417444,,wikidata_non_day_precision,unknown,person_no_birthplace,Q108475107,,,,,False,dob:wikidata_non_day_precision,2023-01,M,False
812633,"Shytaj, Iart Luca",ITA,M,GM,,,,2458,0,10,1986,,True,812633,1986-02-03,wikidata_exact_year_agrees,north,resolved_unique_birthplace,Q27531982,Q19689,Tirana,41.32833333,19.81805556,True,,2023-01,M,False
2308649,"Stefansson, Vignir Vatnar",ISL,M,IM,,,,2458,0,10,2003,,True,2308649,2003-02-07,wikidata_exact_year_agrees,unknown,person_no_birthplace,Q71319035,,,,,False,hemisphere:unknown:person_no_birthplace,2023-01,M,False
14000571,"Atabayev, Saparmyrat",TKM,M,IM,,,,2457,0,10,1999,,True,14000571,1999-05-30,wikidata_exact_year_agrees,north,multiple_birthplaces_same_hemisphere,Q27523210,Q23438;Q47045335,Ashgabat;Saparmyrat Türkmenbaşy,37.95;42.38333333,58.38333333;58.8,True,,2023-01,M,False
2066149,"Bora, Safal",USA,M,IM,,,,2457,18,10,1998,,True,2066149,1998-05-19,wikidata_exact_year_agrees,unknown,person_no_birthplace,Q27523749,,,,,False,hemisphere:unknown:person_no_birthplace,2023-01,M,False
5011132,Deepan Chakkravarthy J.,IND,M,GM,,,,2457,0,10,1987,,True,5011132,1987-06-03,wikidata_exact_year_agrees,north,resolved_unique_birthplace,Q5068363,Q228405,Madurai,9.91966111,78.11939444,True,,2023-01,M,False
2209381,"Franco Ocampos, Zenon",PAR,M,GM,,,,2457,0,10,1956,,True,2209381,1956-05-12,wikidata_exact_year_agrees,south,resolved_unique_birthplace,Q3774327,Q2933,Asunción,-25.28,-57.63444444,False,hemisphere:south:resolved_unique_birthplace,2023-01,M,False
24661490,"Grigorian, Spartak",GER,M,IM,,,,2457,0,10,1998,,True,24661490,1998-04-21,wikidata_exact_year_agrees,north,resolved_unique_birthplace,Q106907560,Q3907,Delmenhorst,53.05055556,8.63166667,True,,2023-01,M,False
4122160,"Hasangatin, Ramil",RUS,M,GM,,,,2457,0,10,1972,,True,4122160,1972-07-01,wikidata_exact_year_agrees,north,resolved_unique_birthplace,Q4496413,Q900,Kazan,55.79083333,49.11444444,True,,2023-01,M,False
4600053,"Kindermann, Stefan",AUT,M,GM,,,,2457,0,10,1959,,True,4600053,1959-12-28,wikidata_exact_year_agrees,north,resolved_unique_birthplace,Q114505,Q1741,Vienna,48.20833333,16.3725,True,,2023-01,M,True
1179250,"Licznerski, Lukasz",POL,M,IM,,,,2457,9,10,1995,,True,1179250,1995-03-28,wikidata_exact_year_agrees,north,resolved_unique_birthplace,Q15939101,Q41252,Bydgoszcz,53.11666667,18.0,True,,2023-01,M,False
13303678,"Petrosyan, Tigran S.",ARM,M,IM,,,,2457,2,10,1994,,True,13303678,1994-03-01,wikidata_exact_year_agrees,unknown,person_no_birthplace,Q27529865,,,,,False,hemisphere:unknown:person_no_birthplace,2023-01,M,False
2901773,"Petrov, Marian",BUL,M,GM,,FT,,2457,0,10,1975,,True,2901773,1975-09-14,wikidata_exact_year_agrees,north,resolved_unique_birthplace,Q3657819,Q173474,Veliko Tarnovo,43.078652,25.628291,True,,2023-01,M,False
600822,"Relange, Eloi",FRA,M,GM,,,,2457,0,10,1976,,True,600822,1976-07-01,wikidata_exact_year_agrees,unknown,person_no_birthplace,Q748791,,,,,False,hemisphere:unknown:person_no_birthplace,2023-01,M,False
4112253,"Samusenko, Maksim",RUS,M,IM,,,,2457,9,10,1997,,True,4112253,1997-10-12,wikidata_exact_year_agrees,unknown,person_no_birthplace,Q27531139,,,,,False,hemisphere:unknown:person_no_birthplace,2023-01,M,False
720631,"Sipos, Istvan",HUN,M,IM,,,,2457,5,10,1987,,True,720631,1987-12-31,wikidata_exact_year_agrees,unknown,person_no_birthplace,Q27532047,,,,,False,hemisphere:unknown:person_no_birthplace,2023-01,M,False
12942766,"Buckels, Valentin",GER,M,IM,,,,2456,1,10,2001,,True,12942766,2001-12-12,wikidata_exact_year_agrees,unknown,person_no_birthplace,Q57399693,,,,,False,hemisphere:unknown:person_no_birthplace,2023-01,M,False
2501198,"Collins, Sam E.",IRL,M,IM,,,,2456,1,10,1982,,True,2501198,1982-09-05,wikidata_exact_year_agrees,north,resolved_unique_birthplace,Q20853588,Q1761,Dublin,53.34972222,-6.26027778,True,,2023-01,M,False
1618423,"Froewis, Georg",AUT,M,IM,,,,2456,0,10,1990,,True,1618423,1990-07-12,wikidata_exact_year_agrees,unknown,person_no_birthplace,Q1504398,,,,,False,hemisphere:unknown:person_no_birthplace,2023-01,M,False
5800706,"Goh, Wei Ming Kevin",SGP,M,GM,,FT,,2456,10,10,1983,,True,5800706,1983-07-07,wikidata_exact_year_agrees,north,resolved_unique_birthplace,Q16222195,Q334,Singapore,1.3,103.8,True,,2023-01,M,False
2300931,"Gunnarsson, Jon Viktor",ISL,M,IM,,,,2456,0,10,1980,,True,2300931,1980-07-18,wikidata_exact_year_agrees,unknown,person_no_birthplace,Q3463129,,,,,False,hemisphere:unknown:person_no_birthplace,2023-01,M,False
4203445,"Kapnisis, Spyridon",GRE,M,GM,,,,2456,0,10,1981,,True,4203445,1981-05-11,wikidata_exact_year_agrees,unknown,person_no_birthplace,Q4213132,,,,,False,hemisphere:unknown:person_no_birthplace,2023-01,M,False
3205800,"Morris, James",AUS,M,IM,,,,2456,0,10,1994,,True,3205800,1994-04-22,wikidata_exact_year_agrees,south,resolved_unique_birthplace,Q1680858,Q3141,Melbourne,-37.81416667,144.96305556,False,hemisphere:south:resolved_unique_birthplace,2023-01,M,False
2296276,"Pardo Simon, David",ESP,M,IM,,,,2456,1,10,1995,,True,2296276,,wikidata_non_day_precision,north,resolved_unique_birthplace,Q21001387,Q487786,Orihuela,38.08555556,-0.94694444,False,dob:wikidata_non_day_precision,2023-01,M,False
32059566,"Plazuelo Pascual, Juan",ESP,M,IM,,,,2456,3,10,2001,,True,32059566,,wikidata_non_day_precision,unknown,person_no_birthplace,Q108467104,,,,,False,dob:wikidata_non_day_precision,2023-01,M,False
448869,"Royal, Shreyas",ENG,M,IM,,,,2456,9,10,2009,,True,448869,2009-01-09,wikidata_exact_year_agrees,north,resolved_unique_birthplace,Q108394449,Q1355,Bengaluru,12.9791198,77.5912997,True,,2023-01,M,False
4157052,"Sklyarov, Dmitry V.",FIN,M,IM,,,,2456,0,10,1983,,True,4157052,1983-01-12,wikidata_exact_year_agrees,unknown,person_no_birthplace,Q27532080,,,,,False,hemisphere:unknown:person_no_birthplace,2023-01,M,False
1401815,"Aagaard, Jacob",SCO,M,GM,,,,2455,1,10,1973,,True,1401815,1973-07-31,wikidata_exact_year_agrees,north,resolved_unique_birthplace,Q276818,Q20835,Hørsholm,55.87861111,12.49916667,True,,2023-01,M,False
3508455,"Aguero Jimenez, Luis Lazaro",CUB,M,GM,,,,2455,20,10,1991,,True,3508455,1991-01-05,wikidata_exact_year_agrees,north,resolved_unique_birthplace,Q27522848,Q1563,Havana,23.13666667,-82.35888889,True,,2023-01,M,False
1124480,"Brodowski, Piotr",POL,M,IM,,,,2455,0,10,1989,,True,1124480,1989-02-18,wikidata_exact_year_agrees,north,resolved_unique_birthplace,Q11817329,Q66013,Głogów,51.65888889,16.08027778,True,,2023-01,M,False
1238175,"Ghimpu, Samuel-Timotei",ROU,M,FM,,,,2455,0,10,2003,,True,1238175,2003-04-03,wikidata_exact_year_agrees,unknown,person_no_birthplace,Q108324875,,,,,False,hemisphere:unknown:person_no_birthplace,2023-01,M,False
8610134,"Huang, Renjie",CHN,M,,,,,2455,0,10,2004,,True,8610134,2004-01-22,wikidata_exact_year_agrees,unknown,person_no_birthplace,Q122182886,,,,,False,hemisphere:unknown:person_no_birthplace,2023-01,M,False
1160664,"Jarmula, Lukasz",POL,M,GM,,,,2455,7,10,1998,,True,1160664,1998-11-10,wikidata_exact_year_agrees,north,resolved_unique_birthplace,Q27526087,Q270,Warsaw,52.23,21.01111111,True,,2023-01,M,False
1711113,"Johansson, Linus",SWE,M,IM,,,,2455,1,10,1995,,True,1711113,1995-01-28,wikidata_exact_year_agrees,unknown,person_no_birthplace,Q27526172,,,,,False,hemisphere:unknown:person_no_birthplace,2023-01,M,False
46686614,Jubin Jimmy,IND,M,FM,,,AGM,2455,19,10,2006,,True,46686614,2006-01-17,wikidata_exact_year_agrees,unknown,person_no_birthplace,Q71319657,,,,,False,hemisphere:unknown:person_no_birthplace,2023-01,M,False
4611250,"Knaak, Rainer",GER,M,GM,,,,2455,0,10,1953,,True,4611250,1953-03-16,wikidata_exact_year_agrees,north,resolved_unique_birthplace,Q76254,Q493924,Pasewalk,53.50627,13.98997,True,,2023-01,M,True
14602385,"Mikhalchishin, Adrian",SLO,M,GM,,,,2455,0,10,1954,,True,14602385,1954-11-18,wikidata_exact_year_agrees,north,resolved_unique_birthplace,Q373570,Q36036,Lviv,49.838055;49.841952,24.023055;24.0315921,True,,2023-01,M,False
8610550,"Peng, Xiongjian",CHN,M,,,,,2455,0,10,2000,,True,8610550,2000-05-20,wikidata_exact_year_agrees,north,resolved_unique_birthplace,Q27529725,Q425415,Panzhihua,26.58487,101.71487,True,,2023-01,M,False
2620049,"Rodrigue-Lemieux, Shawn",CAN,M,IM,,,,2455,14,10,2004,,True,2620049,2004-03-22,wikidata_exact_year_agrees,unknown,person_no_birthplace,Q71319409,,,,,False,hemisphere:unknown:person_no_birthplace,2023-01,M,False
2031213,"Shetty, Atulya",USA,M,IM,,,,2455,0,10,1996,,True,2031213,1996-03-14,wikidata_exact_year_agrees,unknown,person_no_birthplace,Q16225642,,,,,False,hemisphere:unknown:person_no_birthplace,2023-01,M,False
1601776,"Stanec, Nikolaus",AUT,M,GM,,,,2455,11,10,1968,,True,1601776,1968-04-29,wikidata_exact_year_agrees,north,resolved_unique_birthplace,Q675556,Q1741,Vienna,48.20833333,16.3725,True,,2023-01,M,True
22275991,"Suarez Gomez, Julio",ESP,M,IM,,SI,,2455,0,10,1998,,True,22275991,1998-11-18,wikidata_exact_year_agrees,unknown,person_no_birthplace,Q27532847,,,,,False,hemisphere:unknown:person_no_birthplace,2023-01,M,False
12528846,"Tahbaz, Arash",IRI,M,IM,,,,2455,0,10,2000,,True,12528846,2000-11-04,wikidata_exact_year_agrees,unknown,person_no_birthplace,Q27533008,,,,,False,hemisphere:unknown:person_no_birthplace,2023-01,M,False
14104954,"Bagrationi, Alexander",ISR,M,GM,,,,2454,0,10,1990,,True,14104954,1990-07-13,wikidata_exact_year_agrees,north,resolved_unique_birthplace,Q19613364,Q156743,Ternopil,49.56666667,25.6,True,,2023-01,M,False
3512428,"Fernandez Guillen, Ernesto J.",CUB,M,IM,,,,2454,10,10,1994,,True,3512428,,wikidata_non_day_precision,unknown,person_no_birthplace,Q27524983,,,,,False,dob:wikidata_non_day_precision,2023-01,M,False
4208935,"Gkoumas, Georgios",GRE,M,IM,,,,2454,0,10,1991,,True,4208935,1991-02-09,wikidata_exact_year_agrees,unknown,person_no_birthplace,Q27525448,,,,,False,hemisphere:unknown:person_no_birthplace,2023-01,M,False
44507356,"Gurel, Ediz",TUR,M,IM,,,,2454,0,10,2008,,True,44507356,2008-12-05,wikidata_exact_year_agrees,north,resolved_unique_birthplace,Q108328207,Q40738,Bursa,40.19133056,29.08053889,True,,2023-01,M,False
303224,"Jirovsky, Milos",CZE,M,GM,,,,2454,1,10,1974,,True,303224,1974-03-17,wikidata_exact_year_agrees,north,resolved_unique_birthplace,Q1935746,Q470369,Kolín,50.02819399,15.20063375,True,,2023-01,M,False
1201530,"Manolache, Marius",ROU,M,GM,,,,2454,0,10,1973,,True,1201530,1973-04-22,wikidata_exact_year_agrees,north,resolved_unique_birthplace,Q276822,Q170996,Galați,45.43361111,28.05527778,True,,2023-01,M,True
13100050,"Rakotomaharo, Fy Antenaina",MAD,M,IM,,,,2454,1,10,1999,,True,13100050,1999-09-20,wikidata_exact_year_agrees,unknown,person_no_birthplace,Q27530277,,,,,False,hemisphere:unknown:person_no_birthplace,2023-01,M,False
7900309,"Rizouk, Aimen",ALG,M,GM,,,,2454,0,10,1979,,True,7900309,1979-08-03,wikidata_exact_year_agrees,north,resolved_unique_birthplace,Q9142829,Q3561,Algiers,36.77638889,3.05861111,True,,2023-01,M,True
2009161,"Sokolin, Leonid",USA,M,IM,,,,2454,0,10,1966,,True,2009161,1966-09-05,wikidata_exact_year_agrees,unknown,person_no_birthplace,Q27532147,,,,,False,hemisphere:unknown:person_no_birthplace,2023-01,M,False
14515555,"Srbis, Jurica",CRO,M,IM,,,,2454,4,10,1995,,True,14515555,1995-04-10,wikidata_exact_year_agrees,unknown,person_no_birthplace,Q27532657,,,,,False,hemisphere:unknown:person_no_birthplace,2023-01,M,False
13707833,"Suleymenov, Alisher",KAZ,M,IM,,,,2454,13,10,2000,,True,13707833,2000-08-05,wikidata_exact_year_agrees,north,resolved_unique_birthplace,Q62056195,Q486282,Pavlodar,52.31555556,76.95638889,True,,2023-01,M,False
916412,"Tadic, Branko",SRB,M,GM,,,,2454,0,10,1973,,True,916412,1973-10-04,wikidata_exact_year_agrees,north,resolved_unique_birthplace,Q16704151,Q3711,Belgrade,44.81777778,20.45694444,True,,2023-01,M,False
4195639,"Chekhov, Sergei",RUS,M,IM,,,,2453,0,10,1992,,True,4195639,1992-06-15,wikidata_exact_year_agrees,unknown,person_no_birthplace,Q27524146,,,,,False,hemisphere:unknown:person_no_birthplace,2023-01,M,False
2301318,"Kjartansson, Gudmundur",ISL,M,GM,,,,2453,0,10,1988,,True,2301318,1988-03-06,wikidata_exact_year_agrees,unknown,person_no_birthplace,Q27526580,,,,,False,hemisphere:unknown:person_no_birthplace,2023-01,M,False
13301250,"Kotanjian, Tigran",ARM,M,GM,,,,2453,0,10,1981,,True,13301250,1981-09-01,wikidata_exact_year_agrees,north,resolved_unique_birthplace,Q2008484,Q1953,Yerevan,40.18138889,44.51444444,True,,2023-01,M,False
13904680,"Macovei, Andrei",MDA,M,IM,,,,2453,18,10,2000,,True,13904680,2000-01-05,wikidata_exact_year_agrees,north,resolved_unique_birthplace,Q27527525,Q21197,Chișinău,47.02277778,28.83527778,True,,2023-01,M,False
1200020,"Marin, Mihail",ROU,M,GM,,,,2453,0,10,1965,,True,1200020,1965-04-21,wikidata_exact_year_agrees,north,resolved_unique_birthplace,Q576461,Q19660,Bucharest,44.41336111,26.09777778,True,,2023-01,M,True
1000152,"Meng, Roger",NED,M,FM,,,,2453,1,10,1996,,True,1000152,1996-08-09,wikidata_exact_year_agrees,unknown,person_no_birthplace,Q27528037,,,,,False,hemisphere:unknown:person_no_birthplace,2023-01,M,False
2011271,"Orlov, Georgi",USA,M,IM,,,,2453,0,10,1964,,True,2011271,,wikidata_non_day_precision,unknown,person_no_birthplace,Q27529059,,,,,False,dob:wikidata_non_day_precision,2023-01,M,False
5017220,"Ravi, Teja S.",IND,M,IM,,,,2453,0,10,1993,,True,5017220,1993-12-25,wikidata_exact_year_agrees,unknown,person_no_birthplace,Q27530636,,,,,False,hemisphere:unknown:person_no_birthplace,2023-01,M,False
4686683,"Zuyev, Igor",GER,M,FM,,,,2453,0,10,1964,,True,4686683,,wikidata_non_day_precision,unknown,person_no_birthplace,Q27534675,,,,,False,dob:wikidata_non_day_precision,2023-01,M,False
12501891,"Ahmadinia, Ebrahim",IRI,M,IM,,,,2452,0,10,1986,,True,12501891,1986-05-11,wikidata_exact_year_agrees,unknown,person_no_birthplace,Q27522860,,,,,False,hemisphere:unknown:person_no_birthplace,2023-01,M,False
2907127,"Arnaudov, G. Petar",BUL,M,GM,,,,2452,0,10,1986,,True,2907127,1986-08-08,wikidata_exact_year_agrees,north,resolved_unique_birthplace,Q15980109,Q459,Plovdiv,42.142086,24.741454,True,,2023-01,M,False
9953698,"De Silva, L M S T",SRI,M,IM,,,,2452,0,10,2006,,True,9953698,2006-06-08,wikidata_exact_year_agrees,unknown,person_no_birthplace,Q71319648,,,,,False,hemisphere:unknown:person_no_birthplace,2023-01,M,False
44599790,"Erdogmus, Yagiz Kaan",TUR,M,IM,,,,2452,10,10,2011,,True,44599790,2011-06-03,wikidata_exact_year_agrees,north,resolved_unique_birthplace,Q83732440,Q40738,Bursa,40.19133056,29.08053889,True,,2023-01,M,False
14102803,"Fish, Gennadij",GER,M,GM,,,,2452,0,10,1973,,True,14102803,1973-04-20,wikidata_exact_year_agrees,north,resolved_unique_birthplace,Q119806,Q19566,Simferopol,44.948376,34.100039,True,,2023-01,M,False
14100207,"Gurevich, Vladimir",UKR,M,GM,,,,2452,0,10,1959,,True,14100207,1959-08-04,wikidata_exact_year_agrees,unknown,person_no_birthplace,Q4152293,,,,,False,hemisphere:unknown:person_no_birthplace,2023-01,M,False
1609580,"Handler, Lukas",AUT,M,IM,,,,2452,2,10,1994,,True,1609580,,wikidata_non_day_precision,unknown,person_no_birthplace,Q27525677,,,,,False,dob:wikidata_non_day_precision,2023-01,M,False
720232,"Nemeth, Miklos",HUN,M,IM,,,,2452,14,10,1986,,True,720232,1986-06-13,wikidata_exact_year_agrees,unknown,person_no_birthplace,Q27528818,,,,,False,hemisphere:unknown:person_no_birthplace,2023-01,M,False
15002187,"Pancevski, Filip",MKD,M,IM,,,,2452,0,10,1988,,True,15002187,1988-08-01,wikidata_exact_year_agrees,unknown,person_no_birthplace,Q27529151,,,,,False,hemisphere:unknown:person_no_birthplace,2023-01,M,False
7105347,"Taher, Yoseph Theolifus",INA,M,IM,,,,2452,0,10,1999,,True,7105347,1999-03-26,wikidata_exact_year_agrees,unknown,person_no_birthplace,Q27533009,,,,,False,hemisphere:unknown:person_no_birthplace,2023-01,M,False
406252,"Adair, James R",ENG,M,IM,,,,2451,0,10,1992,,True,406252,1992-11-09,wikidata_exact_year_agrees,unknown,person_no_birthplace,Q27522804,,,,,False,hemisphere:unknown:person_no_birthplace,2023-01,M,False
3507408,"Alvarez Pedraza, Aramis",CUB,M,GM,,,,2451,0,10,1988,,True,3507408,1988-07-27,wikidata_exact_year_agrees,north,resolved_unique_birthplace,Q473141,Q211590,Santa Clara,22.40666667,-79.95305556,True,,2023-01,M,False
2300699,"Gretarsson, Helgi Ass",ISL,M,GM,,,,2451,0,10,1977,,True,2300699,1977-02-18,wikidata_exact_year_agrees,north,resolved_unique_birthplace,Q913136,Q1764,Reykjavík,64.1475,-21.935,True,,2023-01,M,False
30940346,"Levine, Joseph",USA,M,FM,,,,2451,0,10,2007,,True,30940346,,wikidata_non_day_precision,unknown,person_no_birthplace,Q116983670,,,,,False,dob:wikidata_non_day_precision,2023-01,M,False
3600017,"Matamoros Franco, Carlos S.",ECU,M,GM,,,,2451,0,10,1966,,True,3600017,1966-12-17,wikidata_exact_year_agrees,unknown,person_no_birthplace,Q9184712,,,,,False,hemisphere:unknown:person_no_birthplace,2023-01,M,False
402893,"Turner, Matthew J",SCO,M,GM,,,,2451,0,10,1975,,True,402893,1975-12-11,wikidata_exact_year_agrees,unknown,person_no_birthplace,Q4468159,,,,,False,hemisphere:unknown:person_no_birthplace,2023-01,M,False
324752,"Vlasak, Lukas",CZE,M,IM,,FI,,2451,2,10,1993,,True,324752,1993-12-08,wikidata_exact_year_agrees,unknown,person_no_birthplace,Q27533940,,,,,False,hemisphere:unknown:person_no_birthplace,2023-01,M,False
400319,"Clarke, Brandon G I",ENG,M,IM,,,,2450,18,10,1995,,True,400319,1995-12-14,wikidata_exact_year_agrees,north,multiple_birthplaces_same_hemisphere,Q62060283,Q23106;Q83065,Leicester;Leicestershire,52.63611111;52.71666667,-1.18333333;-1.13305556,True,,2023-01,M,False
828688,"De Filomeno, Simone",ITA,M,IM,,,,2450,0,10,1995,,True,828688,1995-06-18,wikidata_exact_year_agrees,unknown,person_no_birthplace,Q27524417,,,,,False,hemisphere:unknown:person_no_birthplace,2023-01,M,False
2203138,"Del Rio De Angelis, Salvador G.",ESP,M,GM,,,,2450,0,10,1976,,True,2203138,1976-10-02,wikidata_exact_year_agrees,south,resolved_unique_birthplace,Q3820787,Q414,Argentina,-34.0,-64.0,False,hemisphere:south:resolved_unique_birthplace,2023-01,M,False
4162714,"Epishin, Vladimir",RUS,M,GM,,,,2450,8,10,1965,,True,4162714,1965-07-11,wikidata_exact_year_agrees,north,resolved_unique_birthplace,Q1370851,Q656,Saint Petersburg,59.95,30.31666667,True,,2023-01,M,True
406465,"Gormally, Daniel W",ENG,M,GM,,,,2450,0,10,1976,,True,406465,1976-05-04,wikidata_exact_year_agrees,north,resolved_unique_birthplace,Q2184474,Q25287,Gothenburg,57.7075,11.9675,True,,2023-01,M,False
4195540,"Gutenev, Alexander",FID,M,IM,,,,2450,0,10,1990,,True,4195540,1990-02-24,wikidata_exact_year_agrees,unknown,person_no_birthplace,Q27525613,,,,,False,hemisphere:unknown:person_no_birthplace,2023-01,M,False
300160,"Haba, Petr",CZE,M,GM,,,,2450,3,10,1965,,True,300160,1965-01-06,wikidata_exact_year_agrees,north,resolved_unique_birthplace,Q363291,Q171018,Zlín,49.23305556,17.66694444,True,,2023-01,M,True
14103052,"Kovchan, Alexander",UKR,M,GM,,,,2450,0,10,1983,,True,14103052,1983-10-21,wikidata_exact_year_agrees,north,resolved_unique_birthplace,Q2231095,Q157053,Chernihiv,51.49388889,31.29472222,True,,2023-01,M,True
14152894,"Larkin, Vladyslav",UKR,M,IM,,,,2450,1,10,2004,,True,14152894,2004-02-05,wikidata_exact_year_agrees,unknown,person_no_birthplace,Q71319275,,,,,False,hemisphere:unknown:person_no_birthplace,2023-01,M,False
2804271,"Livshits, Gaby",ISR,M,IM,,,,2450,0,10,1985,,True,2804271,1985-04-01,wikidata_exact_year_agrees,unknown,person_no_birthplace,Q27527337,,,,,False,hemisphere:unknown:person_no_birthplace,2023-01,M,False
5092442,Muthaiah AL,IND,M,IM,,FT,,2450,19,10,1999,,True,5092442,1999-10-24,wikidata_exact_year_agrees,unknown,person_no_birthplace,Q57418536,,,,,False,hemisphere:unknown:person_no_birthplace,2023-01,M,False
14202131,"Nigmatov, Ortik",UZB,M,IM,,,,2450,19,10,2000,,True,14202131,2000-10-03,wikidata_exact_year_agrees,north,resolved_unique_birthplace,Q27528859,Q265,Uzbekistan,41.0,66.0,True,,2023-01,M,False
900150,"Strikovic, Aleksa",SRB,M,GM,,,,2450,10,10,1961,,True,900150,1961-05-12,wikidata_exact_year_agrees,north,resolved_unique_birthplace,Q4444009,Q384,Skopje,41.99611111,21.43166667,True,,2023-01,M,True
4135741,"Usmanov, Vasily",RUS,M,IM,,,,2450,0,10,1996,,True,4135741,1996-02-13,wikidata_exact_year_agrees,unknown,person_no_birthplace,Q27533676,,,,,False,hemisphere:unknown:person_no_birthplace,2023-01,M,False
4603230,"Xu, Xianliang",GER,M,IM,,,,2450,0,10,1997,,True,4603230,,wikidata_non_day_precision,unknown,person_no_birthplace,Q71316845,,,,,False,dob:wikidata_non_day_precision,2023-01,M,False
4177916,"Airapetian, Gor",RUS,M,IM,,,,2449,0,10,1990,,True,4177916,1990-06-01,wikidata_exact_year_agrees,unknown,person_no_birthplace,Q27522867,,,,,False,hemisphere:unknown:person_no_birthplace,2023-01,M,False
2200040,"De La Villa Garcia, Jesus Maria",ESP,M,GM,,FST,,2449,0,10,1958,,True,2200040,1958-06-30,wikidata_exact_year_agrees,north,resolved_unique_birthplace,Q2615276,Q8378,Palencia,42.01666667,-4.53333333,True,,2023-01,M,True
1512633,"Haldorsen, Benjamin",NOR,M,IM,,,,2449,0,10,1999,,True,1512633,1999-04-04,wikidata_exact_year_agrees,north,resolved_unique_birthplace,Q59081994,Q26793,Bergen,60.3925,5.32333333,True,,2023-01,M,False
1619543,"Halvax, Georg",AUT,M,IM,,,,2449,3,10,1993,,True,1619543,1993-01-19,wikidata_exact_year_agrees,unknown,person_no_birthplace,Q27525667,,,,,False,hemisphere:unknown:person_no_birthplace,2023-01,M,False
4650905,"Levin, Felix",GER,M,GM,,,,2449,1,10,1958,,True,4650905,1958-11-05,wikidata_exact_year_agrees,north,resolved_unique_birthplace,Q76108,Q36036,Lviv,49.838055;49.841952,24.023055;24.0315921,True,,2023-01,M,False
607274,"Marcelin, Cyril",FRA,M,GM,,,,2449,0,10,1979,,True,607274,1979-05-16,wikidata_exact_year_agrees,north,resolved_unique_birthplace,Q3009033,Q193929,Suresnes,48.87111111,2.22694444,True,,2023-01,M,False
12942839,"Pajeken, Jakob Leon",GER,M,IM,,,,2449,1,10,2003,,True,12942839,2003-12-12,wikidata_exact_year_agrees,north,resolved_unique_birthplace,Q62053907,Q1055,Hamburg,53.55,10.0,True,,2023-01,M,False
36069884,"Razafindratsima, Timothe",FRA,M,IM,,,,2449,9,10,2006,,True,36069884,2006-10-18,wikidata_exact_year_agrees,unknown,person_no_birthplace,Q108469488,,,,,False,hemisphere:unknown:person_no_birthplace,2023-01,M,False
108154,"Real De Azua, Ernesto",ARG,M,IM,,SI,,2449,0,10,1985,,True,108154,1985-06-11,wikidata_exact_year_agrees,unknown,person_no_birthplace,Q27530651,,,,,False,hemisphere:unknown:person_no_birthplace,2023-01,M,False
5073421,"Sammed Jaykumar, Shete",IND,M,IM,,,,2449,19,10,1999,,True,5073421,1999-11-12,wikidata_exact_year_agrees,unknown,person_no_birthplace,Q109396179,,,,,False,hemisphere:unknown:person_no_birthplace,2023-01,M,False
3508684,"Sanchez Alvarez, Roberto Carlos",PAN,M,IM,,,,2449,19,10,1987,,True,3508684,1987-01-29,wikidata_exact_year_agrees,north,resolved_unique_birthplace,Q27531151,Q115465,Ciego de Ávila,21.84805556,-78.76305556,True,,2023-01,M,False
13602608,"Sanikidze, Tornike",GEO,M,GM,,,,2449,9,10,1989,,True,13602608,1989-01-01,wikidata_exact_year_agrees,unknown,person_no_birthplace,Q2342174,,,,,False,hemisphere:unknown:person_no_birthplace,2023-01,M,False
34119962,"Shubin, Kirill",FID,M,IM,,,,2449,9,10,2003,,True,34119962,2003-04-02,wikidata_exact_year_agrees,unknown,person_no_birthplace,Q27531960,,,,,False,hemisphere:unknown:person_no_birthplace,2023-01,M,False
1202936,"Sofronie, Iulian",ROU,M,IM,,,,2449,0,10,1974,,True,1202936,1974-06-25,wikidata_exact_year_agrees,unknown,person_no_birthplace,Q27532145,,,,,False,hemisphere:unknown:person_no_birthplace,2023-01,M,False
827061,"Stella, Andrea",ITA,M,GM,,,,2449,0,10,1993,,True,827061,1993-08-14,wikidata_exact_year_agrees,north,resolved_unique_birthplace,Q27532745,Q6231,Cremona,45.13333333,10.02472222,True,,2023-01,M,False
4501950,"Volodin, Aleksandr",EST,M,GM,,,,2449,9,10,1990,,True,4501950,1990-12-10,wikidata_exact_year_agrees,north,resolved_unique_birthplace,Q920337,Q201391,Kohtla-Järve,59.4,27.28333333,True,,2023-01,M,False
2260409,"Aloma Vidal, Robert",ESP,M,IM,,,,2448,0,10,1989,,True,2260409,1989-11-19,wikidata_exact_year_agrees,unknown,person_no_birthplace,Q20006503,,,,,False,hemisphere:unknown:person_no_birthplace,2023-01,M,False
710458,"Bokros, Albert",HUN,M,IM,,,,2448,4,10,1982,,True,710458,1982-08-16,wikidata_exact_year_agrees,unknown,person_no_birthplace,Q27523728,,,,,False,hemisphere:unknown:person_no_birthplace,2023-01,M,False
4692098,"Braun, Christian",GER,M,IM,,FT,,2448,3,10,1986,,True,4692098,,wikidata_non_day_precision,unknown,person_no_birthplace,Q27523834,,,,,False,dob:wikidata_non_day_precision,2023-01,M,False
200778,"Docx, Stefan",BEL,M,IM,,,,2448,0,10,1974,,True,200778,1974-01-12,wikidata_exact_year_agrees,unknown,person_no_birthplace,Q2173651,,,,,False,hemisphere:unknown:person_no_birthplace,2023-01,M,False
14507200,"Doric, Darko",CRO,M,IM,,,,2448,11,10,1984,,True,14507200,1984-03-09,wikidata_exact_year_agrees,unknown,person_no_birthplace,Q27524624,,,,,False,hemisphere:unknown:person_no_birthplace,2023-01,M,False
3504379,"Fernandez Cardoso, Alexey",CUB,M,IM,,,,2448,9,10,1981,,True,3504379,,wikidata_non_day_precision,unknown,person_no_birthplace,Q27524975,,,,,False,dob:wikidata_non_day_precision,2023-01,M,False
400084,"Hebden, Mark L",ENG,M,GM,,,,2448,0,10,1958,,True,400084,1958-02-15,wikidata_exact_year_agrees,north,resolved_unique_birthplace,Q2155549,Q83065,Leicester,52.63611111,-1.13305556,True,,2023-01,M,True
14110709,"Ivanov, Oleg V",UKR,M,IM,,,,2448,0,10,1982,,True,14110709,1982-04-20,wikidata_exact_year_agrees,unknown,person_no_birthplace,Q27526013,,,,,False,hemisphere:unknown:person_no_birthplace,2023-01,M,False
6304990,"Kanmazalp, Ogulcan",TUR,M,IM,,,,2448,0,10,1992,,True,6304990,1992-07-22,wikidata_exact_year_agrees,north,multiple_birthplaces_same_hemisphere,Q16225547,Q35997;Q43,Turkey;İzmir,38.41273;39.0,27.13838;36.0,True,,2023-01,M,False
1013564,"Kleijn, Christov",NED,M,IM,,,,2448,0,10,1991,,True,1013564,1991-08-03,wikidata_exact_year_agrees,unknown,person_no_birthplace,Q27526590,,,,,False,hemisphere:unknown:person_no_birthplace,2023-01,M,False
13603078,"Nigalidze, Gaioz",GEO,M,IM,,,,2448,6,10,1989,,True,13603078,1989-04-24,wikidata_exact_year_agrees,unknown,person_no_birthplace,Q16470401,,,,,False,hemisphere:unknown:person_no_birthplace,2023-01,M,False
2800012,"Psakhis, Lev",ISR,M,GM,,,,2448,0,10,1958,,True,2800012,1958-11-29,wikidata_exact_year_agrees,north,resolved_unique_birthplace,Q723552,Q2288,Tver,56.85782778,35.92192778,True,,2023-01,M,True
14501228,"Rogic, Davor",CRO,M,GM,,,,2448,0,10,1971,,True,14501228,1971-07-27,wikidata_exact_year_agrees,north,resolved_unique_birthplace,Q1938369,Q209062,Socialist Republic of Croatia,45.81611111,15.97416667,True,,2023-01,M,True
4614054,"Schmaltz, Roland",GER,M,GM,,,,2448,0,10,1974,,True,4614054,1974-11-15,wikidata_exact_year_agrees,north,resolved_unique_birthplace,Q70094,Q2119,Mannheim,49.48777778,8.46611111,True,,2023-01,M,True
4617347,"Slobodjan, Roman",GER,M,GM,,,,2448,0,10,1975,,True,4617347,1975-01-01,wikidata_exact_year_agrees,north,resolved_unique_birthplace,Q69958,Q1711,Potsdam,52.39886;52.4009309,13.0591397;13.06566,True,,2023-01,M,True
922692,"Stojanovic, Dalibor",BIH,M,GM,,FT,,2448,7,10,1983,,True,922692,1983-12-09,wikidata_exact_year_agrees,north,resolved_unique_birthplace,Q4443235,Q174684,Tuzla,44.5391105,18.675193,True,,2023-01,M,False
32067607,"Ayats Llobera, Gerard",ESP,M,IM,,,,2447,9,10,2001,,True,32067607,2001-08-16,wikidata_exact_year_agrees,unknown,person_no_birthplace,Q71317901,,,,,False,hemisphere:unknown:person_no_birthplace,2023-01,M,False
2815770,"Bronstein, Or",ISR,M,IM,,,,2447,9,10,2001,,True,2815770,2001-12-02,wikidata_exact_year_agrees,unknown,person_no_birthplace,Q27523877,,,,,False,hemisphere:unknown:person_no_birthplace,2023-01,M,False
5105048,"Ibarra Chami, Luis Fernando",MEX,M,GM,,,,2447,9,10,1989,,True,5105048,1989-05-15,wikidata_exact_year_agrees,north,resolved_unique_birthplace,Q27525922,Q165204,Mérida,20.97,-89.62,True,,2023-01,M,False
21856222,"Klimkowski, Jan",POL,M,FM,,,,2447,0,10,2007,,True,21856222,2007-01-30,wikidata_exact_year_agrees,unknown,person_no_birthplace,Q108447751,,,,,False,hemisphere:unknown:person_no_birthplace,2023-01,M,False
1701975,"Lyrberg, Patrik",SWE,M,IM,,,,2447,0,10,1976,,True,1701975,1976-08-30,wikidata_exact_year_agrees,unknown,person_no_birthplace,Q1500996,,,,,False,hemisphere:unknown:person_no_birthplace,2023-01,M,False
313874,"Malinovsky, Karel",CZE,M,IM,,,,2447,4,10,1988,,True,313874,1988-04-17,wikidata_exact_year_agrees,unknown,person_no_birthplace,Q27527581,,,,,False,hemisphere:unknown:person_no_birthplace,2023-01,M,False
3500020,"Nogueiras Santiago, Jesus",CUB,M,GM,,,,2447,0,10,1959,,True,3500020,1959-07-17,wikidata_exact_year_agrees,north,resolved_unique_birthplace,Q1361566,Q211590,Santa Clara,22.40666667,-79.95305556,True,,2023-01,M,True
2604922,"Noritsyn, Nikolay",CAN,M,IM,,,,2447,5,10,1991,,True,2604922,1991-05-28,wikidata_exact_year_agrees,north,resolved_unique_birthplace,Q16225611,Q1829,Kaliningrad,54.71666667,20.5,True,,2023-01,M,False
13708309,"Agmanov, Zhandos",KAZ,M,IM,,,,2446,13,10,2000,,True,13708309,2000-01-25,wikidata_exact_year_agrees,north,resolved_unique_birthplace,Q27522844,Q485496,Shymkent,42.3,69.6,True,,2023-01,M,False
501840,"Agopov, Mikael",FIN,M,IM,,,,2446,0,10,1978,,True,501840,1978-03-05,wikidata_exact_year_agrees,unknown,person_no_birthplace,Q26776743,,,,,False,hemisphere:unknown:person_no_birthplace,2023-01,M,False
12500607,"Alavi, Sayed Javad",IRI,M,IM,,FT,,2446,0,10,1987,,True,12500607,1987-07-25,wikidata_exact_year_agrees,unknown,person_no_birthplace,Q27522914,,,,,False,hemisphere:unknown:person_no_birthplace,2023-01,M,False
663727,"Barbot, Pierre",FRA,M,IM,,,,2446,0,10,1995,,True,663727,1995-10-22,wikidata_exact_year_agrees,unknown,person_no_birthplace,Q27523366,,,,,False,hemisphere:unknown:person_no_birthplace,2023-01,M,False
24634468,"Braeuer, Franz",GER,M,IM,,,,2446,0,10,1994,,True,24634468,1994-01-09,wikidata_exact_year_agrees,unknown,person_no_birthplace,Q27523811,,,,,False,hemisphere:unknown:person_no_birthplace,2023-01,M,False
14500086,"Cvitan, Ognjen",CRO,M,GM,,,,2446,0,10,1961,,True,14500086,1961-10-10,wikidata_exact_year_agrees,north,resolved_unique_birthplace,Q1999428,Q3549,Šibenik,43.73388889,15.89555556,True,,2023-01,M,True
717274,"Flumbort, Andras Dr.",HUN,M,GM,,,,2446,2,10,1984,,True,717274,1984-08-17,wikidata_exact_year_agrees,north,resolved_unique_birthplace,Q515979,Q14424,Nagykanizsa,46.45583333,16.9975,True,,2023-01,M,False
1270968,"Hacker, Jonas",GER,M,IM,,,,2446,0,10,1996,,True,1270968,1996-02-19,wikidata_exact_year_agrees,unknown,person_no_birthplace,Q27525627,,,,,False,hemisphere:unknown:person_no_birthplace,2023-01,M,False
1700090,"Hector, Jonny",SWE,M,GM,,,,2446,5,10,1964,,True,1700090,1964-02-13,wikidata_exact_year_agrees,north,resolved_unique_birthplace,Q1703454,Q2211,Malmö,55.58333333,13.0,True,,2023-01,M,True
4127820,"Kabanov, Nikolai",RUS,M,GM,,,,2446,0,10,1980,,True,4127820,1980-01-22,wikidata_exact_year_agrees,unknown,person_no_birthplace,Q4206565,,,,,False,hemisphere:unknown:person_no_birthplace,2023-01,M,False
1271703,"Krassowizkij, Jaroslaw",GER,M,IM,,FT,,2446,0,10,1992,,True,1271703,1992-06-08,wikidata_exact_year_agrees,north,resolved_unique_birthplace,Q27526852,Q19566,Simferopol,44.948376,34.100039,True,,2023-01,M,False
14119846,"Omelja, Artem",UKR,M,GM,,,,2446,3,10,1991,,True,14119846,1991-10-18,wikidata_exact_year_agrees,unknown,person_no_birthplace,Q27529047,,,,,False,hemisphere:unknown:person_no_birthplace,2023-01,M,False
662569,"Sochacki, Christophe",FRA,M,GM,,,,2446,16,10,1994,,True,662569,1994-06-19,wikidata_exact_year_agrees,unknown,person_no_birthplace,Q27532139,,,,,False,hemisphere:unknown:person_no_birthplace,2023-01,M,False
2917173,"Stoyanov, Tsvetan",BUL,M,IM,,,,2446,0,10,2004,,True,2917173,2004-03-25,wikidata_exact_year_agrees,unknown,person_no_birthplace,Q47543945,,,,,False,hemisphere:unknown:person_no_birthplace,2023-01,M,False
622591,"Terrieux, Kevin",FRA,M,IM,,,,2446,0,10,1985,,True,622591,1985-09-21,wikidata_exact_year_agrees,unknown,person_no_birthplace,Q16945462,,,,,False,hemisphere:unknown:person_no_birthplace,2023-01,M,False
603252,"Vaisser, Anatoly",FRA,M,GM,,,,2446,0,10,1949,,True,603252,1949-03-05,wikidata_exact_year_agrees,north,resolved_unique_birthplace,Q488112,Q35493,Almaty,43.24,76.915,True,,2023-01,M,True
30953499,"Woodward, Andy",USA,M,IM,,,,2446,27,10,2010,,True,30953499,2010-05-02,wikidata_exact_year_agrees,north,resolved_unique_birthplace,Q109386679,Q128269,Frisco,33.1414,-96.8131,True,,2023-01,M,False
1612468,"Diermair, Andreas",AUT,M,GM,,,,2445,1,10,1986,,True,1612468,1986-09-29,wikidata_exact_year_agrees,north,resolved_unique_birthplace,Q15783291,Q573106,Deutschlandsberg,46.81611111,15.215,True,,2023-01,M,False
30903114,"Guo, Arthur",USA,M,IM,,,,2445,0,10,2006,,True,30903114,2006-05-19,wikidata_exact_year_agrees,unknown,person_no_birthplace,Q108328174,,,,,False,hemisphere:unknown:person_no_birthplace,2023-01,M,False
4102541,"Meister, Jakob",GER,M,GM,,,,2445,0,10,1955,,True,4102541,1955-09-11,wikidata_exact_year_agrees,north,resolved_unique_birthplace,Q1679230,Q155148,Kopeysk,55.1,61.61666667,True,,2023-01,M,True
24199044,"Obgolts, Erik",RUS,M,FM,,,,2445,0,10,2001,,True,24199044,2001-07-18,wikidata_exact_year_agrees,unknown,person_no_birthplace,Q71318107,,,,,False,hemisphere:unknown:person_no_birthplace,2023-01,M,False
1019554,"Pijpers, Arthur",NED,M,IM,,,,2445,2,10,1994,,True,1019554,1994-05-19,wikidata_exact_year_agrees,unknown,person_no_birthplace,Q27529916,,,,,False,hemisphere:unknown:person_no_birthplace,2023-01,M,False
624110,"Pile, Richard",FRA,M,IM,,,,2445,0,10,1987,,True,624110,1987-04-14,wikidata_exact_year_agrees,unknown,person_no_birthplace,Q27529919,,,,,False,hemisphere:unknown:person_no_birthplace,2023-01,M,False
4657594,"Rau, Hannes",GER,M,IM,,,,2445,0,10,1985,,True,4657594,1985-07-11,wikidata_exact_year_agrees,unknown,person_no_birthplace,Q27530631,,,,,False,hemisphere:unknown:person_no_birthplace,2023-01,M,False
13600052,"Ubilava, Elizbar",ESP,M,GM,,,,2445,0,10,1950,,True,13600052,1950-08-27,wikidata_exact_year_agrees,north,resolved_unique_birthplace,Q2563589,Q994,Tbilisi,41.7225,44.7925,True,,2023-01,M,True
45102422,"Boyer, Mahel",FRA,M,IM,,,,2444,10,10,2004,,True,45102422,2004-12-27,wikidata_exact_year_agrees,unknown,person_no_birthplace,Q71319129,,,,,False,hemisphere:unknown:person_no_birthplace,2023-01,M,False
2907712,"Enchev, Ivajlo",BUL,M,GM,,,,2444,0,10,1989,,True,2907712,1989-09-05,wikidata_exact_year_agrees,north,resolved_unique_birthplace,Q27524828,Q189650,Razgrad,43.540895,26.528818,True,,2023-01,M,False
1303422,"Gallagher, Joseph G.",SUI,M,GM,,,,2444,4,10,1964,,True,1303422,1964-05-04,wikidata_exact_year_agrees,north,resolved_unique_birthplace,Q685117,Q84,London,51.50722222,-0.1275,True,,2023-01,M,False
13602276,"Maghalashvili, Davit",GEO,M,GM,,,,2444,0,10,1987,,True,13602276,1987-06-27,wikidata_exact_year_agrees,unknown,person_no_birthplace,Q16470437,,,,,False,hemisphere:unknown:person_no_birthplace,2023-01,M,False
900389,"Pavlovic, Milos",SRB,M,GM,,,,2444,0,10,1964,,True,900389,1964-01-05,wikidata_exact_year_agrees,north,resolved_unique_birthplace,Q4341601,Q3711,Belgrade,44.81777778,20.45694444,True,,2023-01,M,True
4699033,"Seyb, Alexander",GER,M,IM,,,,2444,0,10,1991,,True,4699033,1991-04-29,wikidata_exact_year_agrees,unknown,person_no_birthplace,Q27531825,,,,,False,hemisphere:unknown:person_no_birthplace,2023-01,M,False
13503758,"Stupak, Kirill",BLR,M,GM,,,,2444,9,10,1990,,True,13503758,1990-03-16,wikidata_exact_year_agrees,north,resolved_unique_birthplace,Q551687,Q2280,Minsk,53.902246,27.561837,True,,2023-01,M,False
2903237,"Todorov, Todor",BEL,M,GM,,,,2444,0,10,1974,,True,2903237,1974-11-08,wikidata_exact_year_agrees,north,resolved_unique_birthplace,Q4459345,Q6506,Varna,43.211375,27.91108,True,,2023-01,M,False
13509373,"Zarubitski, Viachaslau",BLR,M,IM,,,,2444,18,10,2002,,True,13509373,2002-02-13,wikidata_exact_year_agrees,unknown,person_no_birthplace,Q27534558,,,,,False,hemisphere:unknown:person_no_birthplace,2023-01,M,False
24692050,"Carow, Johannes",GER,M,IM,,,,2443,0,10,1996,,True,24692050,1996-04-07,wikidata_exact_year_agrees,north,resolved_unique_birthplace,Q27524064,Q1720,Mainz,49.99944444,8.27361111,True,,2023-01,M,False
2203987,"Gamundi Salamanca, Antonio",ESP,M,IM,,,,2443,7,10,1965,,True,2203987,1965-07-22,wikidata_exact_year_agrees,unknown,person_no_birthplace,Q27525156,,,,,False,hemisphere:unknown:person_no_birthplace,2023-01,M,False
2268795,"Huerga Leache, Mikel",ESP,M,GM,,FT,,2443,0,10,1989,,True,2268795,1989-12-22,wikidata_exact_year_agrees,north,resolved_unique_birthplace,Q21001270,Q10282,Pamplona,42.81666667,-1.65,True,,2023-01,M,False
4120027,"Iskusnyh, Sergei",RUS,M,GM,,,,2443,0,10,1974,,True,4120027,1974-09-05,wikidata_exact_year_agrees,unknown,person_no_birthplace,Q4203958,,,,,False,hemisphere:unknown:person_no_birthplace,2023-01,M,False
1709569,"Lokander, Martin",SWE,M,IM,,,,2443,0,10,1996,,True,1709569,1996-06-08,wikidata_exact_year_agrees,north,resolved_unique_birthplace,Q27527383,Q1754,Stockholm,59.32944444,18.06861111,True,,2023-01,M,False
4215079,"Malikentzos, Sotirios",GRE,M,IM,,,,2443,0,10,1992,,True,4215079,1992-07-01,wikidata_exact_year_agrees,unknown,person_no_birthplace,Q27527576,,,,,False,hemisphere:unknown:person_no_birthplace,2023-01,M,False
11600136,"Miezis, Normunds",LAT,M,GM,,,,2443,1,10,1971,,True,11600136,1971-05-11,wikidata_exact_year_agrees,north,resolved_unique_birthplace,Q631301,Q249715,Olaine,56.78444444,23.93694444,True,,2023-01,M,True
2809060,"Popilski, Gil",ISR,M,GM,,,,2443,0,10,1993,,True,2809060,1993-10-06,wikidata_exact_year_agrees,north,resolved_unique_birthplace,Q1523842,Q207350,Rehovot,31.89138889,34.80777778,True,,2023-01,M,False
24608513,"Rosner, Jonas",GER,M,IM,,,,2443,0,10,1990,,True,24608513,1990-12-11,wikidata_exact_year_agrees,unknown,person_no_birthplace,Q27530869,,,,,False,hemisphere:unknown:person_no_birthplace,2023-01,M,False
26093189,"Vlachos, Anatole",GRE,M,IM,,,,2443,3,10,2002,,True,26093189,2002-02-11,wikidata_exact_year_agrees,unknown,person_no_birthplace,Q71318710,,,,,False,hemisphere:unknown:person_no_birthplace,2023-01,M,False
4651332,"Voigt, Roland",GER,M,IM,,,,2443,0,10,1981,,True,4651332,1981-04-11,wikidata_exact_year_agrees,north,resolved_unique_birthplace,Q27533963,Q10744,Borna,51.11666667,12.5,True,,2023-01,M,False
4611411,"Volke, Karsten",GER,M,IM,,,,2443,1,10,1965,,True,4611411,1965-04-18,wikidata_exact_year_agrees,unknown,person_no_birthplace,Q27533979,,,,,False,hemisphere:unknown:person_no_birthplace,2023-01,M,False
35011685,Ajay Karthikeyan,IND,M,IM,,,,2442,10,10,2004,,True,35011685,2004-07-04,wikidata_exact_year_agrees,unknown,person_no_birthplace,Q71319111,,,,,False,hemisphere:unknown:person_no_birthplace,2023-01,M,False
2810301,"Bakalchuk, Johnatan",ISR,M,IM,,,,2442,0,10,1998,,True,2810301,1998-03-13,wikidata_exact_year_agrees,north,resolved_unique_birthplace,Q27523297,Q152436,Kfar Saba,32.18578333,34.90768333,True,,2023-01,M,False
14120836,"Bortnyk, Mykola",UKR,M,IM,,,,2442,10,10,1994,,True,14120836,1994-01-13,wikidata_exact_year_agrees,unknown,person_no_birthplace,Q27523779,,,,,False,hemisphere:unknown:person_no_birthplace,2023-01,M,False
24175480,"Galchenko, Matvey",RUS,M,IM,,,,2442,0,10,2000,,True,24175480,2000-06-21,wikidata_exact_year_agrees,north,resolved_unique_birthplace,Q71317581,Q1763,Murmansk,68.96666667,33.08333333,True,,2023-01,M,False
4100484,"Glek, Igor",BEL,M,GM,,,,2442,10,10,1961,,True,4100484,1961-11-07,wikidata_exact_year_agrees,north,resolved_unique_birthplace,Q664157,Q649,Moscow,55.75055556,37.6175,True,,2023-01,M,True
1500058,"Ostenstad, Berge",NOR,M,GM,,,,2442,0,10,1964,,True,1500058,1964-09-15,wikidata_exact_year_agrees,north,resolved_unique_birthplace,Q1152779,Q585,奥斯陆,59.91333333,10.73888889,True,,2023-01,M,False
12585807,"Poormosavi, Seyed Kian",IRI,M,IM,,,,2442,0,10,2005,,True,12585807,,wikidata_non_day_precision,unknown,person_no_birthplace,Q109425000,,,,,False,dob:wikidata_non_day_precision,2023-01,M,False
4298977,"Spyropoulos, Nikolaos",GRE,M,FM,,,,2442,0,10,2004,,True,4298977,2004-08-20,wikidata_exact_year_agrees,unknown,person_no_birthplace,Q71319433,,,,,False,hemisphere:unknown:person_no_birthplace,2023-01,M,False
204412,"Vandenbussche, Thibaut",BEL,M,IM,,,,2442,2,10,1987,,True,204412,1987-07-17,wikidata_exact_year_agrees,unknown,person_no_birthplace,Q2622582,,,,,False,hemisphere:unknown:person_no_birthplace,2023-01,M,False
4901606,"Agibileg, Uurtsaikh",MGL,M,IM,,,,2441,0,10,2001,,True,4901606,,wikidata_non_day_precision,unknown,person_no_birthplace,Q84234343,,,,,False,dob:wikidata_non_day_precision,2023-01,M,False
14401487,"Atalik, Suat",SRB,M,GM,,,,2441,0,10,1964,,True,14401487,1964-10-10,wikidata_exact_year_agrees,north,resolved_unique_birthplace,Q1346942,Q406,Istanbul,41.01,28.96027778,True,,2023-01,M,True
1131710,"Barski, Radoslaw",POL,M,IM,,,,2441,0,10,1993,,True,1131710,1993-02-12,wikidata_exact_year_agrees,north,resolved_unique_birthplace,Q27523384,Q105060,Sosnowiec,50.2711;50.3,19.16666667;19.1946,True,,2023-01,M,False
4137752,"Bedia, Melor",RUS,M,GM,,,,2441,0,10,1979,,True,4137752,1979-09-26,wikidata_exact_year_agrees,unknown,person_no_birthplace,Q4080595,,,,,False,hemisphere:unknown:person_no_birthplace,2023-01,M,False
14106469,"Bodnar, Nikolay",UKR,M,IM,,,,2441,0,10,1972,,True,14106469,1972-01-29,wikidata_exact_year_agrees,north,resolved_unique_birthplace,Q19595088,Q997469,Mohyliv-Podilskyi,48.45,27.78333333,True,,2023-01,M,False
25005812,Dhulipalla Bala Chandra Prasad,IND,M,IM,,,,2441,13,10,1996,,True,25005812,1996-09-20,wikidata_exact_year_agrees,unknown,person_no_birthplace,Q27524514,,,,,False,hemisphere:unknown:person_no_birthplace,2023-01,M,False
3506703,"Diaz Murgada, Rider",CUB,M,IM,,,,2441,11,10,1984,,True,3506703,,wikidata_non_day_precision,unknown,person_no_birthplace,Q27524529,,,,,False,dob:wikidata_non_day_precision,2023-01,M,False
2254131,"Llorente Zaro, Alfonso",ESP,M,IM,,,,2441,0,10,1989,,True,2254131,1989-04-27,wikidata_exact_year_agrees,unknown,person_no_birthplace,Q27527353,,,,,False,hemisphere:unknown:person_no_birthplace,2023-01,M,False
13611216,"Petriashvili, Nikoloz",GEO,M,IM,,,,2441,0,10,2002,,True,13611216,2002-07-16,wikidata_exact_year_agrees,unknown,person_no_birthplace,Q59945555,,,,,False,hemisphere:unknown:person_no_birthplace,2023-01,M,False
2096889,"Posthuma, Joshua",USA,M,IM,,,,2441,6,10,2000,,True,2096889,2000-06-05,wikidata_exact_year_agrees,unknown,person_no_birthplace,Q71317772,,,,,False,hemisphere:unknown:person_no_birthplace,2023-01,M,False
1202600,"Szuhanek, Ranko",SRB,M,IM,,,,2441,0,10,1974,,True,1202600,1974-07-24,wikidata_exact_year_agrees,unknown,person_no_birthplace,Q27532976,,,,,False,hemisphere:unknown:person_no_birthplace,2023-01,M,False
14526948,"Tica, Sven",CRO,M,IM,,,,2441,0,10,1999,,True,14526948,1999-06-03,wikidata_exact_year_agrees,unknown,person_no_birthplace,Q27533139,,,,,False,hemisphere:unknown:person_no_birthplace,2023-01,M,False
15000729,"Colovic, Aleksandar",MKD,M,GM,,,,2440,0,10,1976,,True,15000729,1976-01-06,wikidata_exact_year_agrees,north,resolved_unique_birthplace,Q9163287,Q384,Skopje,41.99611111,21.43166667,True,,2023-01,M,False
6900224,"De La Riva Aguado, Oscar",AND,M,GM,,FT,,2440,0,10,1972,,True,6900224,1972-07-15,wikidata_exact_year_agrees,north,resolved_unique_birthplace,Q2618666,Q1492,Barcelona,41.3825,2.17694444,True,,2023-01,M,False
2221667,"Gonzalez De La Torre, Santiago",ESP,M,IM,,,,2440,0,10,1981,,True,2221667,1981-07-28,wikidata_exact_year_agrees,unknown,person_no_birthplace,Q27525412,,,,,False,hemisphere:unknown:person_no_birthplace,2023-01,M,False
1103261,"Jakubiec, Artur",POL,M,GM,,,,2440,0,10,1973,,True,1103261,1973-12-03,wikidata_exact_year_agrees,north,resolved_unique_birthplace,Q4537110,Q212856,Wadowice,49.88333333,19.5,True,,2023-01,M,False
1018400,"Kuipers, Stefan",NED,M,IM,,,,2440,2,10,1990,,True,1018400,1990-02-02,wikidata_exact_year_agrees,unknown,person_no_birthplace,Q2330202,,,,,False,hemisphere:unknown:person_no_birthplace,2023-01,M,False
1903063,"Pereira, Ruben",POR,M,IM,,,,2440,0,10,1991,,True,1903063,1991-01-09,wikidata_exact_year_agrees,north,resolved_unique_birthplace,Q7386745,Q45,Portugal,38.7,-9.18333333,True,,2023-01,M,False
2816750,"Rozen, Eytan",ISR,M,IM,,,,2440,11,10,2006,,True,2816750,2006-01-16,wikidata_exact_year_agrees,unknown,person_no_birthplace,Q71319685,,,,,False,hemisphere:unknown:person_no_birthplace,2023-01,M,False
24104302,"Sek, Konstantin",RUS,M,,,,,2440,9,10,1989,,True,24104302,1989-06-05,wikidata_exact_year_agrees,unknown,person_no_birthplace,Q125733096,,,,,False,hemisphere:unknown:person_no_birthplace,2023-01,M,False
1602829,"Baumegger, Siegfried",AUT,M,IM,,,,2439,1,10,1972,,True,1602829,1972-11-11,wikidata_exact_year_agrees,north,resolved_unique_birthplace,Q2207602,Q13298,Graz,47.07083333,15.43861111,True,,2023-01,M,False
16207378,"Koelle, Tobias",GER,M,FM,,,,2439,0,10,2004,,True,16207378,,wikidata_non_day_precision,unknown,person_no_birthplace,Q108338091,,,,,False,dob:wikidata_non_day_precision,2023-01,M,False
2100045,"Lima, Darcy",BRA,M,GM,,FT,,2439,19,10,1962,,True,2100045,1962-05-22,wikidata_exact_year_agrees,south,resolved_unique_birthplace,Q934236,Q8678,Rio de Janeiro,-22.91111111,-43.20555556,False,hemisphere:south:resolved_unique_birthplace,2023-01,M,False
665274,"Loiseau, Quentin",FRA,M,IM,,,,2439,17,10,1995,,True,665274,1995-05-24,wikidata_exact_year_agrees,unknown,person_no_birthplace,Q27527381,,,,,False,hemisphere:unknown:person_no_birthplace,2023-01,M,False
14104202,"Malakhatko, Vadim",BEL,M,GM,,,,2439,9,10,1977,,True,14104202,1977-03-22,wikidata_exact_year_agrees,north,resolved_unique_birthplace,Q1372339,Q1899,Kyiv,50.45,30.52361111,True,,2023-01,M,True
12401269,"Nguyen, Huynh Minh Huy",VIE,M,GM,,,,2439,1,10,1987,,True,12401269,1987-10-11,wikidata_exact_year_agrees,north,resolved_unique_birthplace,Q18246803,Q36676,Đồng Tháp,10.38834833,106.0,True,,2023-01,M,False
4122488,"Oganian, Miran",RUS,M,IM,,,,2439,0,10,1996,,True,4122488,1996-07-27,wikidata_exact_year_agrees,unknown,person_no_birthplace,Q27529001,,,,,False,hemisphere:unknown:person_no_birthplace,2023-01,M,False
8703884,"Sorensen, Hampus",SWE,M,IM,,,,2439,5,10,2003,,True,8703884,,wikidata_non_day_precision,unknown,person_no_birthplace,Q71319015,,,,,False,dob:wikidata_non_day_precision,2023-01,M,False
2276119,"Alvarado Diaz, Alejandro",ESP,M,IM,,,,2438,0,10,1993,,True,2276119,,wikidata_non_day_precision,unknown,person_no_birthplace,Q27523008,,,,,False,dob:wikidata_non_day_precision,2023-01,M,False
1213415,"Anton, Teodor",ROU,M,IM,,,,2438,0,10,1991,,True,1213415,1991-04-17,wikidata_exact_year_agrees,unknown,person_no_birthplace,Q27523081,,,,,False,hemisphere:unknown:person_no_birthplace,2023-01,M,False
14407701,"Burovic, Rijad",BIH,M,IM,,,,2438,1,10,2000,,True,14407701,2000-05-25,wikidata_exact_year_agrees,unknown,person_no_birthplace,Q27523975,,,,,False,hemisphere:unknown:person_no_birthplace,2023-01,M,False
5003610,"Das, Arghyadip",IND,M,IM,,,,2438,0,10,1985,,True,5003610,1985-07-08,wikidata_exact_year_agrees,unknown,person_no_birthplace,Q27524393,,,,,False,hemisphere:unknown:person_no_birthplace,2023-01,M,False
3507076,"Gomez Ledo, Roberto Carlos",CUB,M,IM,,,,2438,0,10,1985,,True,3507076,1985-04-16,wikidata_exact_year_agrees,unknown,person_no_birthplace,Q27525400,,,,,False,hemisphere:unknown:person_no_birthplace,2023-01,M,False
621838,"Govciyan, Pavel",FRA,M,IM,,,,2438,0,10,1984,,True,621838,1984-04-01,wikidata_exact_year_agrees,unknown,person_no_birthplace,Q27525455,,,,,False,hemisphere:unknown:person_no_birthplace,2023-01,M,False
426520,"Grieve, Harry",ENG,M,IM,,,,2438,9,10,2001,,True,426520,2001-04-12,wikidata_exact_year_agrees,unknown,person_no_birthplace,Q71317999,,,,,False,hemisphere:unknown:person_no_birthplace,2023-01,M,False
24131750,"Korchmar, Vasiliy",RUS,M,IM,,,,2438,0,10,1996,,True,24131750,1996-08-12,wikidata_exact_year_agrees,unknown,person_no_birthplace,Q27526700,,,,,False,hemisphere:unknown:person_no_birthplace,2023-01,M,False
1008439,"Leenhouts, Koen",NED,M,IM,,,,2438,1,10,1984,,True,1008439,1984-01-10,wikidata_exact_year_agrees,unknown,person_no_birthplace,Q2757783,,,,,False,hemisphere:unknown:person_no_birthplace,2023-01,M,False
24522767,"Merario Alarcon, Andres",ESP,M,IM,,,,2438,0,10,1996,,True,24522767,,wikidata_non_day_precision,unknown,person_no_birthplace,Q108368462,,,,,False,dob:wikidata_non_day_precision,2023-01,M,False
418811,"Merry, Alan B",ENG,M,IM,,,,2438,0,10,1996,,True,418811,1996-11-08,wikidata_exact_year_agrees,unknown,person_no_birthplace,Q27528198,,,,,False,hemisphere:unknown:person_no_birthplace,2023-01,M,False
2203146,"Moreno Ruiz, Javier",ESP,M,IM,,,,2438,2,10,1970,,True,2203146,1970-11-10,wikidata_exact_year_agrees,unknown,person_no_birthplace,Q5928023,,,,,False,hemisphere:unknown:person_no_birthplace,2023-01,M,False
1440640,"Olsen, Filip Boe",DEN,M,IM,,,AGM,2438,5,10,2003,,True,1440640,2003-01-13,wikidata_exact_year_agrees,unknown,person_no_birthplace,Q69057775,,,,,False,hemisphere:unknown:person_no_birthplace,2023-01,M,False
1182838,"Psyk, Radoslaw",POL,M,,,,,2438,0,10,2002,,True,1182838,,no_wikidata_match,unknown,no_wikidata_match,,,,,,False,dob:no_wikidata_match,2023-01,M,False
14900025,"Stohl, Igor",SVK,M,GM,,FST,,2438,6,10,1964,,True,14900025,1964-09-27,wikidata_exact_year_agrees,north,resolved_unique_birthplace,Q717486,Q1780,Bratislava,48.14816;48.1516988,17.10674;17.1093063,True,,2023-01,M,True
1728113,"Storme, Isak",SWE,M,IM,,,,2438,4,10,2001,,True,1728113,2001-07-12,wikidata_exact_year_agrees,unknown,person_no_birthplace,Q71318244,,,,,False,hemisphere:unknown:person_no_birthplace,2023-01,M,False
12962791,"Wachinger, Nikolas",GER,M,IM,,,,2438,0,10,2003,,True,12962791,2003-05-22,wikidata_exact_year_agrees,unknown,person_no_birthplace,Q112199652,,,,,False,hemisphere:unknown:person_no_birthplace,2023-01,M,False
4181247,"Zubritskiy, Artyom",RUS,M,IM,,,,2438,0,10,1990,,True,4181247,1990-12-16,wikidata_exact_year_agrees,north,resolved_unique_birthplace,Q27534658,Q1763,Murmansk,68.96666667,33.08333333,True,,2023-01,M,False
13601938,"Akhvlediani, Irakli",GEO,M,FM,,,,2437,0,10,2000,,True,13601938,2000-02-08,wikidata_exact_year_agrees,unknown,person_no_birthplace,Q71317501,,,,,False,hemisphere:unknown:person_no_birthplace,2023-01,M,False
620246,"Brunner, Nicolas",FRA,M,IM,,,,2437,2,10,1984,,True,620246,,no_exact_dob,north,resolved_unique_birthplace,Q27523902,Q142,France,47.0,2.0,False,dob:no_exact_dob,2023-01,M,False
2214067,"Franco Alonso, Alejandro",ESP,M,IM,,,,2437,0,10,1982,,True,2214067,1982-09-08,wikidata_exact_year_agrees,unknown,person_no_birthplace,Q27525068,,,,,False,hemisphere:unknown:person_no_birthplace,2023-01,M,False
4104358,"Gavrilov, Alexei",RUS,M,GM,,,,2437,0,10,1960,,True,4104358,1960-10-20,wikidata_exact_year_agrees,north,resolved_unique_birthplace,Q4131151,Q649,Moscow,55.75055556,37.6175,True,,2023-01,M,False
1270337,"Gschnitzer, Adrian",GER,M,IM,,,,2437,0,10,1999,,True,1270337,1999-11-15,wikidata_exact_year_agrees,north,resolved_unique_birthplace,Q69060789,Q2966,Heidelberg,49.4075;49.40768;49.4093582,8.69055556;8.69079;8.694724,True,,2023-01,M,False
4667557,"Heinz, Axel",GER,M,IM,,,,2437,0,10,1987,,True,4667557,1987-12-27,wikidata_exact_year_agrees,north,resolved_unique_birthplace,Q792185,Q516262,Kemnath,49.86666667,11.88333333,True,,2023-01,M,False
1007092,"Lahaye, Rick",NED,M,,,,,2437,1,10,1983,,True,1007092,1983-12-09,wikidata_exact_year_agrees,unknown,person_no_birthplace,Q2640358,,,,,False,hemisphere:unknown:person_no_birthplace,2023-01,M,False
14909332,"Mazur, Stefan",SVK,M,IM,,FT,,2437,3,10,1992,,True,14909332,1992-10-12,wikidata_exact_year_agrees,unknown,person_no_birthplace,Q27527882,,,,,False,hemisphere:unknown:person_no_birthplace,2023-01,M,False
4116887,"Mesropov, Konstantin",RUS,M,IM,,,,2437,0,10,1971,,True,4116887,1971-05-28,wikidata_exact_year_agrees,unknown,person_no_birthplace,Q27528296,,,,,False,hemisphere:unknown:person_no_birthplace,2023-01,M,False
1400045,"Mortensen, Erling",DEN,M,IM,,,,2437,0,10,1955,,True,1400045,1955-04-05,wikidata_exact_year_agrees,unknown,person_no_birthplace,Q9254639,,,,,False,hemisphere:unknown:person_no_birthplace,2023-01,M,False
8609497,"Zhao, Yuanhe",CHN,M,IM,,,,2437,0,10,2000,,True,8609497,2000-11-27,wikidata_exact_year_agrees,unknown,person_no_birthplace,Q27534595,,,,,False,hemisphere:unknown:person_no_birthplace,2023-01,M,False
722960,"Berczes, David",HUN,M,GM,,,,2436,12,10,1990,,True,722960,1990-01-14,wikidata_exact_year_agrees,north,resolved_unique_birthplace,Q839967,Q26040,Borås,57.71710358,12.94572599,True,,2023-01,M,False
45105987,"Droin, Augustin",FRA,M,FM,,,,2436,0,10,2006,,True,45105987,2006-11-04,wikidata_exact_year_agrees,unknown,person_no_birthplace,Q108435146,,,,,False,hemisphere:unknown:person_no_birthplace,2023-01,M,False
3517470,"Elias Reyes, Jorge Roberto",CUB,M,FM,,,,2436,11,10,1999,,True,3517470,,wikidata_non_day_precision,unknown,person_no_birthplace,Q27524804,,,,,False,dob:wikidata_non_day_precision,2023-01,M,False
2214334,"Fluvia Poyatos, Jordi",AND,M,IM,,FT,,2436,0,10,1984,,True,2214334,1984-08-31,wikidata_exact_year_agrees,north,resolved_unique_birthplace,Q597431,Q12596,Tordera,41.70083333,2.72,True,,2023-01,M,False
2616840,"Gedajlovic, Max",CAN,M,FM,,,,2436,22,10,2001,,True,2616840,2001-03-30,wikidata_exact_year_agrees,unknown,person_no_birthplace,Q27525232,,,,,False,hemisphere:unknown:person_no_birthplace,2023-01,M,False
2803712,"Kantarji, Pinchas",ISR,M,IM,,,,2436,0,10,1977,,True,2803712,1977-09-08,wikidata_exact_year_agrees,unknown,person_no_birthplace,Q27526375,,,,,False,hemisphere:unknown:person_no_birthplace,2023-01,M,False
1700057,"Karlsson, Lars",SWE,M,GM,,,,2436,0,10,1955,,True,1700057,1955-07-11,wikidata_exact_year_agrees,north,resolved_unique_birthplace,Q768198,Q1754,Stockholm,59.32944444,18.06861111,True,,2023-01,M,True
4600533,"Koch, Thomas",GER,M,IM,,,,2436,0,10,1972,,True,4600533,1972-02-12,wikidata_exact_year_agrees,north,resolved_unique_birthplace,Q1261337,Q1017,Aachen,50.776207,6.083788,True,,2023-01,M,False
600040,"Renet, Olivier",FRA,M,GM,,,,2436,1,10,1964,,True,600040,1964-12-21,wikidata_exact_year_agrees,unknown,person_no_birthplace,Q651846,,,,,False,hemisphere:unknown:person_no_birthplace,2023-01,M,False
1000250,"Riemersma, Li",NED,M,IM,,,,2436,1,10,1967,,True,1000250,1967-06-14,wikidata_exact_year_agrees,unknown,person_no_birthplace,Q2279007,,,,,False,hemisphere:unknown:person_no_birthplace,2023-01,M,False
100188,"Servat, Roberto",ARG,M,IM,,,,2436,0,10,1968,,True,100188,1968-02-06,wikidata_exact_year_agrees,unknown,person_no_birthplace,Q27531818,,,,,False,hemisphere:unknown:person_no_birthplace,2023-01,M,False
1700146,"Wiedenkeller, Michael",LUX,M,IM,,,,2436,3,10,1963,,True,1700146,1963-01-10,wikidata_exact_year_agrees,unknown,person_no_birthplace,Q466407,,,,,False,hemisphere:unknown:person_no_birthplace,2023-01,M,False
13703706,"Akhmetov, Ayan",KAZ,M,IM,,,,2435,0,10,1997,,True,13703706,1997-04-02,wikidata_exact_year_agrees,unknown,person_no_birthplace,Q27522884,,,,,False,hemisphere:unknown:person_no_birthplace,2023-01,M,False
3501841,"Gonzalez, Renier",USA,M,GM,,,,2435,0,10,1972,,True,3501841,1972-11-21,wikidata_exact_year_agrees,north,resolved_unique_birthplace,Q649950,Q115438,Matanzas Province,23.0511,-81.5753,True,,2023-01,M,False
1000713,"Hendriks, Willy",NED,M,IM,,,,2435,1,10,1966,,True,1000713,1966-02-21,wikidata_exact_year_agrees,unknown,person_no_birthplace,Q2198287,,,,,False,hemisphere:unknown:person_no_birthplace,2023-01,M,False
4106148,"Ivanov, Victor L",RUS,M,IM,,,,2435,0,10,1969,,True,4106148,1969-01-30,wikidata_exact_year_agrees,unknown,person_no_birthplace,Q27526022,,,,,False,hemisphere:unknown:person_no_birthplace,2023-01,M,False
30919495,"Mardov, Dimitar",USA,M,IM,,,,2435,7,10,2008,,True,30919495,2008-07-27,wikidata_exact_year_agrees,unknown,person_no_birthplace,Q108366194,,,,,False,hemisphere:unknown:person_no_birthplace,2023-01,M,False
4161289,"Novikov, Maxim",RUS,M,GM,,,,2435,0,10,1972,,True,4161289,1972-05-02,wikidata_exact_year_agrees,north,resolved_unique_birthplace,Q4322688,Q2770,Tula,54.2,37.61666667,True,,2023-01,M,False
24673390,"Petkidis, Anthony",GER,M,IM,,,,2435,1,10,1994,,True,24673390,,wikidata_non_day_precision,unknown,person_no_birthplace,Q111837946,,,,,False,dob:wikidata_non_day_precision,2023-01,M,False
3000010,"Rodriguez Vila, Andres",URU,M,GM,,,,2435,0,10,1973,,True,3000010,1973-12-19,wikidata_exact_year_agrees,south,resolved_unique_birthplace,Q9154377,Q1335,Montevideo,-34.90591667,-56.19131111,False,hemisphere:south:resolved_unique_birthplace,2023-01,M,False
505455,"Sipila, Vilka",FIN,M,IM,,,,2435,4,10,1987,,True,505455,1987-12-13,wikidata_exact_year_agrees,unknown,person_no_birthplace,Q2805883,,,,,False,hemisphere:unknown:person_no_birthplace,2023-01,M,False
8608547,"Xiang, Zeyu",CHN,M,IM,,,,2435,0,10,1999,,True,8608547,1999-04-27,wikidata_exact_year_agrees,unknown,person_no_birthplace,Q27534222,,,,,False,hemisphere:unknown:person_no_birthplace,2023-01,M,False
24104795,"Belyakov, Bogdan",RUS,M,IM,,,,2434,0,10,1989,,True,24104795,1989-12-27,wikidata_exact_year_agrees,unknown,person_no_birthplace,Q27523516,,,,,False,hemisphere:unknown:person_no_birthplace,2023-01,M,False
2043858,"Bodek, Michael",USA,M,IM,,,,2434,9,10,1997,,True,2043858,1997-09-25,wikidata_exact_year_agrees,unknown,person_no_birthplace,Q27523691,,,,,False,hemisphere:unknown:person_no_birthplace,2023-01,M,False
13603264,"Bregadze, Levan",GEO,M,IM,,,,2434,0,10,1992,,True,13603264,1992-04-28,wikidata_exact_year_agrees,unknown,person_no_birthplace,Q27523846,,,,,False,hemisphere:unknown:person_no_birthplace,2023-01,M,False
600075,"Chabanon, Jean-Luc",FRA,M,GM,,,,2434,0,10,1971,,True,600075,1971-08-13,wikidata_exact_year_agrees,north,resolved_unique_birthplace,Q1658513,Q42168,Clermont-Ferrand,45.77972222,3.08694444,True,,2023-01,M,False
707244,"Galyas, Miklos",HUN,M,IM,,FT,,2434,3,10,1978,,True,707244,1978-09-25,wikidata_exact_year_agrees,unknown,person_no_birthplace,Q27525154,,,,,False,hemisphere:unknown:person_no_birthplace,2023-01,M,False
25059009,Harshavardhan G B,IND,M,IM,,,,2434,0,10,2003,,True,25059009,2003-11-15,wikidata_exact_year_agrees,unknown,person_no_birthplace,Q109418760,,,,,False,hemisphere:unknown:person_no_birthplace,2023-01,M,False
15900045,"Lopez, Jasel",ARU,M,IM,,,,2434,2,10,1994,,True,15900045,1994-07-07,wikidata_exact_year_agrees,north,resolved_unique_birthplace,Q68647800,Q131243,Oranjestad,12.51861111,-70.03583333,True,,2023-01,M,False
14100100,"Moskalenko, Viktor",ESP,M,GM,,,,2434,0,10,1960,,True,14100100,1960-12-04,wikidata_exact_year_agrees,north,resolved_unique_birthplace,Q616042,Q1874,Odesa,46.47747,30.73262,True,,2023-01,M,True
4102924,"Novik, Maxim",LTU,M,GM,,,,2434,0,10,1970,,True,4102924,1970-04-03,wikidata_exact_year_agrees,north,resolved_unique_birthplace,Q4322600,Q656,Saint Petersburg,59.95,30.31666667,True,,2023-01,M,False
12902195,"Perske, Thore",GER,M,IM,,,,2434,0,10,1999,,True,12902195,1999-07-25,wikidata_exact_year_agrees,north,resolved_unique_birthplace,Q27529821,Q285879,Bingen am Rhein,49.96694444,7.895,True,,2023-01,M,False
2300028,"Petursson, Margeir",ISL,M,GM,,,,2434,1,10,1960,,True,2300028,1960-02-15,wikidata_exact_year_agrees,north,resolved_unique_birthplace,Q1396774,Q1764,Reykjavík,64.1475,-21.935,True,,2023-01,M,True
13602853,"Tutisani, Noe",GEO,M,IM,,,,2434,0,10,1998,,True,13602853,1998-03-14,wikidata_exact_year_agrees,unknown,person_no_birthplace,Q27533429,,,,,False,hemisphere:unknown:person_no_birthplace,2023-01,M,False
13901419,"Baltag, Iulian",MDA,M,IM,,,,2433,0,10,1986,,True,13901419,1986-07-01,wikidata_exact_year_agrees,unknown,person_no_birthplace,Q27523343,,,,,False,hemisphere:unknown:person_no_birthplace,2023-01,M,False
44506759,"Celik, Hasan Huseyin",TUR,M,FM,,,,2433,18,10,2008,,True,44506759,2008-09-04,wikidata_exact_year_agrees,unknown,person_no_birthplace,Q108313203,,,,,False,hemisphere:unknown:person_no_birthplace,2023-01,M,False
2200325,"Comas Fabrego, Lluis",ESP,M,GM,,,,2433,0,10,1971,,True,2200325,1971-06-22,wikidata_exact_year_agrees,north,resolved_unique_birthplace,Q3824620,Q13834,Santa Eugènia de Berga,41.90222222,2.28416667,True,,2023-01,M,True
32010311,"Garcia Ramos, Daniel",ESP,M,IM,,,,2433,19,10,1999,,True,32010311,1999-06-09,wikidata_exact_year_agrees,unknown,person_no_birthplace,Q71317213,,,,,False,hemisphere:unknown:person_no_birthplace,2023-01,M,False
1701878,"Hermansson, Emil",SWE,M,IM,,,,2433,0,10,1971,,True,1701878,1971-07-19,wikidata_exact_year_agrees,north,resolved_unique_birthplace,Q2513172,Q83232,Kiruna,67.84888889,20.30277778,True,,2023-01,M,False
5201330,"Laylo, Darwin",PHI,M,GM,,,,2433,9,10,1980,,True,5201330,1980-07-01,wikidata_exact_year_agrees,unknown,person_no_birthplace,Q5225999,,,,,False,hemisphere:unknown:person_no_birthplace,2023-01,M,False
8609950,"Pang, Tao",CHN,M,IM,,,,2433,0,10,2001,,True,8609950,2001-02-20,wikidata_exact_year_agrees,unknown,person_no_birthplace,Q109423696,,,,,False,hemisphere:unknown:person_no_birthplace,2023-01,M,False
3800040,"Reyes, Juan",PER,M,IM,,,,2433,3,10,1963,,True,3800040,1963-04-26,wikidata_exact_year_agrees,unknown,person_no_birthplace,Q22283699,,,,,False,hemisphere:unknown:person_no_birthplace,2023-01,M,False
1700537,"Sjodahl, Pontus",SWE,M,IM,,,,2433,0,10,1971,,True,1700537,1971-07-28,wikidata_exact_year_agrees,unknown,person_no_birthplace,Q27532071,,,,,False,hemisphere:unknown:person_no_birthplace,2023-01,M,False
938190,"Stankovic, Milos",SRB,M,IM,,,,2433,0,10,1991,,True,938190,1991-08-04,wikidata_exact_year_agrees,unknown,person_no_birthplace,Q27532685,,,,,False,hemisphere:unknown:person_no_birthplace,2023-01,M,False
700126,"Tolnai, Tibor",HUN,M,GM,,,,2433,0,10,1964,,True,700126,1964-09-23,wikidata_exact_year_agrees,north,resolved_unique_birthplace,Q2431599,Q124375,Hódmezővásárhely,46.43027778,20.31888889,True,,2023-01,M,True
13702467,"Utegaliyev, Azamat",KAZ,M,,,,,2433,22,10,1991,,True,13702467,,wikidata_non_day_precision,unknown,person_no_birthplace,Q104386337,,,,,False,dob:wikidata_non_day_precision,2023-01,M,False
1003992,"Van Haastert, Edwin",NED,M,IM,,,,2433,0,10,1974,,True,1003992,1974-08-12,wikidata_exact_year_agrees,unknown,person_no_birthplace,Q2591388,,,,,False,hemisphere:unknown:person_no_birthplace,2023-01,M,False
24662402,"Baskin, Robert",GER,M,IM,,FT,,2432,5,10,1999,,True,24662402,1999-03-06,wikidata_exact_year_agrees,unknown,person_no_birthplace,Q27523399,,,,,False,hemisphere:unknown:person_no_birthplace,2023-01,M,False
5206995,"Bersamina, Paulo",PHI,M,IM,,,,2432,0,10,1998,,True,5206995,1998-02-01,wikidata_exact_year_agrees,unknown,person_no_birthplace,Q27523583,,,,,False,hemisphere:unknown:person_no_birthplace,2023-01,M,False
1002830,"De Jager, Jaap",NED,M,IM,,,,2432,0,10,1972,,True,1002830,1972-02-25,wikidata_exact_year_agrees,unknown,person_no_birthplace,Q27524426,,,,,False,hemisphere:unknown:person_no_birthplace,2023-01,M,False
1700227,"Degerman, Lars",SWE,M,IM,,,,2432,0,10,1963,,True,1700227,1963-04-20,wikidata_exact_year_agrees,unknown,person_no_birthplace,Q5619385,,,,,False,hemisphere:unknown:person_no_birthplace,2023-01,M,False
654833,"Duboue, Peio",FRA,M,IM,,,,2432,0,10,1993,,True,654833,,wikidata_non_day_precision,unknown,person_no_birthplace,Q27524690,,,,,False,dob:wikidata_non_day_precision,2023-01,M,False
600067,"Kirk, Ezra",ENG,M,IM,,,,2432,0,10,1996,,True,600067,1996-09-02,wikidata_exact_year_agrees,unknown,person_no_birthplace,Q27526564,,,,,False,hemisphere:unknown:person_no_birthplace,2023-01,M,True
2800071,"Mindlin, Alon",ISR,M,IM,,,,2432,0,10,1996,,True,2800071,1996-12-21,wikidata_exact_year_agrees,unknown,person_no_birthplace,Q22680196,,,,,False,hemisphere:unknown:person_no_birthplace,2023-01,M,False
5053196,Mohammad Nubairshah Shaikh,IND,M,IM,,,,2432,10,10,1998,,True,5053196,,wikidata_non_day_precision,unknown,person_no_birthplace,Q27528516,,,,,False,dob:wikidata_non_day_precision,2023-01,M,False
14149494,"Mosesov, Danyil",UKR,M,IM,,,,2432,9,10,2003,,True,14149494,2003-10-31,wikidata_exact_year_agrees,unknown,person_no_birthplace,Q71318942,,,,,False,hemisphere:unknown:person_no_birthplace,2023-01,M,False
2201500,"Narciso Dublan, Marc",ESP,M,GM,,,,2432,19,10,1974,,True,2201500,1974-01-20,wikidata_exact_year_agrees,north,resolved_unique_birthplace,Q2237917,Q1492,Barcelona,41.3825,2.17694444,True,,2023-01,M,True
13307550,"Parvanyan, Ashot",GER,M,IM,,,,2432,0,10,2001,,True,13307550,,wikidata_non_day_precision,unknown,person_no_birthplace,Q108523961,,,,,False,dob:wikidata_non_day_precision,2023-01,M,False
611190,"Riff, Jean-Noel",FRA,M,GM,,,,2432,1,10,1981,,True,611190,,multiple_wikidata_exact_dobs,north,resolved_unique_birthplace,Q1685110,Q325837,Bisel,47.53527778,7.21833333,False,dob:multiple_wikidata_exact_dobs,2023-01,M,False
4637607,"Sebastian, Dirk",GER,M,IM,,,,2432,0,10,1979,,True,4637607,1979-04-21,wikidata_exact_year_agrees,north,resolved_unique_birthplace,Q27531742,Q1055,Hamburg,53.55,10.0,True,,2023-01,M,False
13304380,"Shahinyan, David",ARM,M,IM,,,,2432,0,10,1994,,True,13304380,1994-04-02,wikidata_exact_year_agrees,unknown,person_no_birthplace,Q27531842,,,,,False,hemisphere:unknown:person_no_birthplace,2023-01,M,False
726559,"Toth, Ervin",HUN,M,IM,,,,2432,0,10,1990,,True,726559,1990-01-29,wikidata_exact_year_agrees,unknown,person_no_birthplace,Q27533252,,,,,False,hemisphere:unknown:person_no_birthplace,2023-01,M,False
13304585,"Barseghyan, Harutyun",FRA,M,IM,,,,2431,0,10,1998,,True,13304585,1998-04-12,wikidata_exact_year_agrees,north,resolved_unique_birthplace,Q27523381,Q1953,Yerevan,40.18138889,44.51444444,True,,2023-01,M,False
14210207,"Begmuratov, Khumoyun",UZB,M,FM,,,,2431,9,10,2010,,True,14210207,2010-02-07,wikidata_exact_year_agrees,unknown,person_no_birthplace,Q108503068,,,,,False,hemisphere:unknown:person_no_birthplace,2023-01,M,False
408514,"Hanley, Craig A",ENG,M,IM,,,,2431,0,10,1984,,True,408514,1984-03-23,wikidata_exact_year_agrees,unknown,person_no_birthplace,Q27525680,,,,,False,hemisphere:unknown:person_no_birthplace,2023-01,M,False
2028441,"Heimann, Mark",USA,M,FM,,,,2431,9,10,1993,,True,2028441,1993-01-25,wikidata_exact_year_agrees,unknown,person_no_birthplace,Q27525742,,,,,False,hemisphere:unknown:person_no_birthplace,2023-01,M,False
4626605,"Henrichs, Thomas",GER,M,IM,,,,2431,0,10,1973,,True,4626605,,no_wikidata_match,unknown,no_wikidata_match,,,,,,False,dob:no_wikidata_match,2023-01,M,False
4122178,"Iljushin, Alexei",RUS,M,GM,,,,2431,0,10,1980,,True,4122178,1980-07-29,wikidata_exact_year_agrees,unknown,person_no_birthplace,Q4200063,,,,,False,hemisphere:unknown:person_no_birthplace,2023-01,M,False
24670499,"Kotainy, Jens",GER,M,IM,,,,2431,0,10,1994,,True,24670499,1994-05-19,wikidata_exact_year_agrees,north,resolved_unique_birthplace,Q27526758,Q2871,Hagen,51.35944444,7.475,True,,2023-01,M,False
14188767,"Lutsko, Artem",UKR,M,IM,,,,2431,0,10,2006,,True,14188767,2006-04-06,wikidata_exact_year_agrees,unknown,person_no_birthplace,Q114408338,,,,,False,hemisphere:unknown:person_no_birthplace,2023-01,M,False
1127993,"Nguyen, Piotr",POL,M,IM,,,,2431,0,10,1991,,True,1127993,1991-07-18,wikidata_exact_year_agrees,north,resolved_unique_birthplace,Q17558320,Q911009,Tomaszów Lubelski,50.45,23.41666667,True,,2023-01,M,False
2130734,"Proudian, Armen",BRA,M,FM,,,,2431,0,10,1994,,True,2130734,1994-02-07,wikidata_exact_year_agrees,unknown,person_no_birthplace,Q27530151,,,,,False,hemisphere:unknown:person_no_birthplace,2023-01,M,False
3506770,"Rodriguez Hernandez, Luis Daniel",CUB,M,FM,,,,2431,0,10,1996,,True,3506770,,wikidata_non_day_precision,unknown,person_no_birthplace,Q71316515,,,,,False,dob:wikidata_non_day_precision,2023-01,M,False
13302337,"Simonian, Hrair",ARM,M,GM,,,,2431,6,10,1991,,True,13302337,1991-01-08,wikidata_exact_year_agrees,unknown,person_no_birthplace,Q4419811,,,,,False,hemisphere:unknown:person_no_birthplace,2023-01,M,False
2820242,"Sokolovsky, Yahli",ISR,M,IM,,,,2431,11,10,2006,,True,2820242,2006-09-21,wikidata_exact_year_agrees,north,resolved_unique_birthplace,Q106348270,Q152501,Kiryat Ono,32.06361111,34.85527778,True,,2023-01,M,False
100587,"Valerga, Diego",ARG,M,GM,,,,2431,11,10,1971,,True,100587,1971-10-01,wikidata_exact_year_agrees,south,resolved_unique_birthplace,Q784862,Q1486,Buenos Aires,-34.59972222,-58.38194444,False,hemisphere:south:resolved_unique_birthplace,2023-01,M,False
438804,"Willow, Jonah B",ENG,M,IM,,,,2431,10,10,2002,,True,438804,2002-12-30,wikidata_exact_year_agrees,unknown,person_no_birthplace,Q71318714,,,,,False,hemisphere:unknown:person_no_birthplace,2023-01,M,False
14207346,"Abdurakhmonov, Mukhammadali",UZB,M,IM,,,,2430,19,10,2002,,True,14207346,2002-06-07,wikidata_exact_year_agrees,unknown,person_no_birthplace,Q71318313,,,,,False,hemisphere:unknown:person_no_birthplace,2023-01,M,False
1300024,"Brunner, Lucas",SUI,M,GM,,,,2430,0,10,1967,,True,1300024,1967-05-29,wikidata_exact_year_agrees,north,resolved_unique_birthplace,Q122628,Q70,Bern,46.94798,7.44743,True,,2023-01,M,True
30908477,"Chasin, Nico",USA,M,FM,,,,2430,7,10,2006,,True,30908477,2006-06-19,wikidata_exact_year_agrees,unknown,person_no_birthplace,Q71319638,,,,,False,hemisphere:unknown:person_no_birthplace,2023-01,M,False
1900030,"Damaso, Rui",POR,M,IM,,FT,,2430,0,10,1968,,True,1900030,1968-04-24,wikidata_exact_year_agrees,north,resolved_unique_birthplace,Q10365243,Q217394,Barreiro,38.66088889,-9.07327778,True,,2023-01,M,True
2015390,"Fernandez, Daniel",USA,M,GM,,,,2430,0,10,1985,,True,2015390,1985-05-09,wikidata_exact_year_agrees,unknown,person_no_birthplace,Q27524990,,,,,False,hemisphere:unknown:person_no_birthplace,2023-01,M,False
2808528,"Galburd, Yan",ISR,M,IM,,,,2430,0,10,1992,,True,2808528,1992-12-25,wikidata_exact_year_agrees,unknown,person_no_birthplace,Q65465092,,,,,False,hemisphere:unknown:person_no_birthplace,2023-01,M,False
2801841,"Givon, Asaf",ISR,M,IM,,,,2430,0,10,1994,,True,2801841,1994-07-08,wikidata_exact_year_agrees,north,resolved_unique_birthplace,Q16132993,Q152436,Kfar Saba,32.18578333,34.90768333,True,,2023-01,M,False
4117751,"Karavaev, Vladimir",RUS,M,FM,,,,2430,0,10,1970,,True,4117751,1970-03-25,wikidata_exact_year_agrees,unknown,person_no_birthplace,Q27526389,,,,,False,hemisphere:unknown:person_no_birthplace,2023-01,M,False
14109840,"Klyuner, Vyacheslav",UKR,M,IM,,,,2430,0,10,1969,,True,14109840,,wikidata_non_day_precision,unknown,person_no_birthplace,Q27526613,,,,,False,dob:wikidata_non_day_precision,2023-01,M,False
14905361,"Krnan, Tomas",CAN,M,IM,,,,2430,2,10,1988,,True,14905361,1988-03-31,wikidata_exact_year_agrees,unknown,person_no_birthplace,Q27526882,,,,,False,hemisphere:unknown:person_no_birthplace,2023-01,M,False
14210703,"Madaminov, Mukhiddin",UZB,M,IM,,,,2430,18,10,2006,,True,14210703,2006-11-02,wikidata_exact_year_agrees,unknown,person_no_birthplace,Q108518314,,,,,False,hemisphere:unknown:person_no_birthplace,2023-01,M,False
1617001,"Menezes, Christoph",AUT,M,IM,,,,2430,7,10,1996,,True,1617001,1996-04-21,wikidata_exact_year_agrees,unknown,person_no_birthplace,Q27528024,,,,,False,hemisphere:unknown:person_no_birthplace,2023-01,M,False
2214814,"Montoliu Cervero, Francisco",ESP,M,FM,,,,2430,0,10,1996,,True,2214814,1996-08-19,wikidata_exact_year_agrees,unknown,person_no_birthplace,Q27528572,,,,,False,hemisphere:unknown:person_no_birthplace,2023-01,M,False
2811111,"Nakar, Eylon",ISR,M,IM,,,,2430,4,10,1993,,True,2811111,1993-12-24,wikidata_exact_year_agrees,unknown,person_no_birthplace,Q27528767,,,,,False,hemisphere:unknown:person_no_birthplace,2023-01,M,False
12908150,"Schmidek, Emil",GER,M,IM,,,,2430,0,10,2001,,True,12908150,2001-05-13,wikidata_exact_year_agrees,unknown,person_no_birthplace,Q71318214,,,,,False,hemisphere:unknown:person_no_birthplace,2023-01,M,False
4620437,"Sielecki, Christof",GER,M,IM,,,,2430,0,10,1974,,True,4620437,1974-05-24,wikidata_exact_year_agrees,north,resolved_unique_birthplace,Q15794313,Q3939,Dinslaken,51.56666667,6.73333333,True,,2023-01,M,False
2300958,"Thorfinnsson, Bragi",ISL,M,GM,,,,2430,0,10,1981,,True,2300958,1981-04-10,wikidata_exact_year_agrees,north,resolved_unique_birthplace,Q16421706,Q1764,Reykjavík,64.1475,-21.935,True,,2023-01,M,False
13900790,"Vedmediuc, Serghei",MDA,M,IM,,,,2430,0,10,1980,,True,13900790,1980-07-02,wikidata_exact_year_agrees,unknown,person_no_birthplace,Q27533814,,,,,False,hemisphere:unknown:person_no_birthplace,2023-01,M,False
2807670,"Zaslavsky, Mikhail",ISR,M,IM,,,,2430,0,10,1990,,True,2807670,,wikidata_non_day_precision,unknown,person_no_birthplace,Q27534561,,,,,False,dob:wikidata_non_day_precision,2023-01,M,False
872555,"Barp, Alberto",ITA,M,IM,,,,2429,0,10,1999,,True,872555,1999-10-30,wikidata_exact_year_agrees,north,resolved_unique_birthplace,Q30309771,Q1465,Feltre,46.01666667,11.9,True,,2023-01,M,False
800252,"Bellini, Fabio",ITA,M,IM,,,,2429,0,10,1969,,True,800252,1969-10-17,wikidata_exact_year_agrees,north,resolved_unique_birthplace,Q3737609,Q147015,Castellanza,45.61666667,8.9,True,,2023-01,M,False
1204920,"Berescu, Alin-Mile",ROU,M,GM,,FT,,2429,0,10,1980,,True,1204920,1980-04-14,wikidata_exact_year_agrees,north,resolved_unique_birthplace,Q4084752,Q83404,Timișoara,45.75972222,21.23,True,,2023-01,M,False
24614386,"Carlstedt, Jonathan",GER,M,IM,,FI,,2429,0,10,1990,,True,24614386,1990-10-19,wikidata_exact_year_agrees,north,resolved_unique_birthplace,Q27524054,Q16073,Itzehoe,53.925,9.51638889,True,,2023-01,M,False
24614467,"Englert, Fabian",GER,M,IM,,,,2429,0,10,1990,,True,24614467,1990-03-06,wikidata_exact_year_agrees,north,resolved_unique_birthplace,Q27524833,Q502401,Erlenbach am Main,49.80388889,9.16388889,True,,2023-01,M,False
12993190,"Fromm, Marius",GER,M,FM,,,,2429,0,10,2004,,True,12993190,,wikidata_non_day_precision,unknown,person_no_birthplace,Q108321753,,,,,False,dob:wikidata_non_day_precision,2023-01,M,False
2802430,"Gershon, Alik",ISR,M,GM,,,,2429,0,10,1980,,True,2802430,1980-06-03,wikidata_exact_year_agrees,north,resolved_unique_birthplace,Q2063393,Q48256,Dnipro,48.4675,35.04,True,,2023-01,M,False
13701703,"Khusnutdinov, Rustam",KAZ,M,GM,,,,2429,18,10,1987,,True,13701703,1987-07-11,wikidata_exact_year_agrees,north,resolved_unique_birthplace,Q4502506,Q484706,Karaganda,49.8,73.11666667,True,,2023-01,M,False
600148,"Koch, Jean-Rene",FRA,M,IM,,,,2429,1,10,1970,,True,600148,1970-11-08,wikidata_exact_year_agrees,unknown,person_no_birthplace,Q507711,,,,,False,hemisphere:unknown:person_no_birthplace,2023-01,M,False
421669,"Murphy, Conor E",IRL,M,IM,,,,2429,9,10,1999,,True,421669,1999-07-15,wikidata_exact_year_agrees,unknown,person_no_birthplace,Q66371348,,,,,False,hemisphere:unknown:person_no_birthplace,2023-01,M,False
5094160,Neelash Saha,IND,M,IM,,,,2429,0,10,2002,,True,5094160,2002-11-01,wikidata_exact_year_agrees,unknown,person_no_birthplace,Q65533251,,,,,False,hemisphere:unknown:person_no_birthplace,2023-01,M,False
25091794,Panda Sambit,IND,M,FM,,,,2429,18,10,2004,,True,25091794,2004-04-16,wikidata_exact_year_agrees,unknown,person_no_birthplace,Q113674450,,,,,False,hemisphere:unknown:person_no_birthplace,2023-01,M,False
725323,"Pap, Gyula",HUN,M,GM,,,,2429,1,10,1991,,True,725323,1991-04-20,wikidata_exact_year_agrees,north,resolved_unique_birthplace,Q1229335,Q189761,Szekszárd,46.35583333,18.70388889,True,,2023-01,M,True
46617116,Srihari L R,IND,M,IM,,,AGM,2429,0,10,2005,,True,46617116,2005-11-24,wikidata_exact_year_agrees,unknown,person_no_birthplace,Q71319613,,,,,False,hemisphere:unknown:person_no_birthplace,2023-01,M,False
4687400,"Strohhaeker, Raoul",GER,M,IM,,,,2429,0,10,1987,,True,4687400,1987-04-03,wikidata_exact_year_agrees,north,resolved_unique_birthplace,Q2131278,Q53742,Donauwörth,48.71843056,10.77698889,True,,2023-01,M,False
319996,"Biolek, Richard Jr.",CZE,M,IM,,,,2428,3,10,1990,,True,319996,1990-03-26,wikidata_exact_year_agrees,unknown,person_no_birthplace,Q27523629,,,,,False,hemisphere:unknown:person_no_birthplace,2023-01,M,False
3802299,"Fernandez, Fernando",PER,M,IM,,,,2428,10,10,1990,,True,3802299,1990-07-07,wikidata_exact_year_agrees,unknown,person_no_birthplace,Q27524994,,,,,False,hemisphere:unknown:person_no_birthplace,2023-01,M,False
680281,"Giroyan, Gary",FRA,M,IM,,,,2428,0,10,1996,,True,680281,1996-06-12,wikidata_exact_year_agrees,unknown,person_no_birthplace,Q27525317,,,,,False,hemisphere:unknown:person_no_birthplace,2023-01,M,False
900290,"Kosic, Dragan",MNE,M,GM,,FT,,2428,12,10,1970,,True,900290,1970-02-15,wikidata_exact_year_agrees,unknown,person_no_birthplace,Q1254587,,,,,False,hemisphere:unknown:person_no_birthplace,2023-01,M,False
4612396,"Maiwald, Jens-Uwe",GER,M,GM,,,,2428,0,10,1974,,True,4612396,1974-05-06,wikidata_exact_year_agrees,north,resolved_unique_birthplace,Q95478,Q1731,Dresden,51.0493286;51.05089;51.0833,13.7381437;13.73832;13.7666,True,,2023-01,M,True
922722,"Miljkovic, Miroslav D",SRB,M,GM,,,,2428,0,10,1985,,True,922722,1985-05-06,wikidata_exact_year_agrees,north,resolved_unique_birthplace,Q16676435,Q129259,Niš,43.31916667,21.89611111,True,,2023-01,M,False
12909300,"Reuker, Jari",GER,M,IM,,,,2428,0,10,2001,,True,12909300,2001-05-01,wikidata_exact_year_agrees,unknown,person_no_birthplace,Q112334951,,,,,False,hemisphere:unknown:person_no_birthplace,2023-01,M,False
1184989,"Szpar, Milosz",POL,M,IM,,,,2428,0,10,2002,,True,1184989,2002-06-05,wikidata_exact_year_agrees,north,resolved_unique_birthplace,Q71318673,Q598,Rzeszów,50.04111111,21.99888889,True,,2023-01,M,False
2005492,"Yermolinsky, Alex",USA,M,GM,,,,2428,5,10,1958,,True,2005492,1958-04-11,wikidata_exact_year_agrees,north,resolved_unique_birthplace,Q955831,Q656,Saint Petersburg,59.95,30.31666667,True,,2023-01,M,True
13706357,"Zhalmakhanov, Ramazan",KAZ,M,IM,,,,2428,13,10,2002,,True,13706357,2002-11-04,wikidata_exact_year_agrees,unknown,person_no_birthplace,Q71318720,,,,,False,hemisphere:unknown:person_no_birthplace,2023-01,M,False
34115290,"Bykov, Egor",RUS,M,FM,,,,2427,0,10,2000,,True,34115290,2000-12-10,wikidata_exact_year_agrees,unknown,person_no_birthplace,Q71317531,,,,,False,hemisphere:unknown:person_no_birthplace,2023-01,M,False
311707,"Cernousek, Lukas",CZE,M,IM,,,,2427,3,10,1983,,True,311707,1983-12-09,wikidata_exact_year_agrees,unknown,person_no_birthplace,Q27524106,,,,,False,hemisphere:unknown:person_no_birthplace,2023-01,M,False
700053,"Groszpeter, Attila",HUN,M,GM,,,,2427,2,10,1960,,True,700053,1960-06-09,wikidata_exact_year_agrees,north,resolved_unique_birthplace,Q250157,Q124375,Hódmezővásárhely,46.43027778,20.31888889,True,,2023-01,M,True
2000202,"Ivanov, Alexander",USA,M,GM,,,,2427,6,10,1956,,True,2000202,1956-05-01,wikidata_exact_year_agrees,north,resolved_unique_birthplace,Q2833146,Q898,Omsk,54.96666667,73.38333333,True,,2023-01,M,True
13602047,"Jobava, Beglar",GEO,M,IM,,,,2427,0,10,1985,,True,13602047,1985-01-21,wikidata_exact_year_agrees,unknown,person_no_birthplace,Q27526156,,,,,False,hemisphere:unknown:person_no_birthplace,2023-01,M,False
942952,"Lukovic, Vladimir",SRB,M,IM,,,,2427,0,10,1995,,True,942952,1995-11-21,wikidata_exact_year_agrees,unknown,person_no_birthplace,Q27527470,,,,,False,hemisphere:unknown:person_no_birthplace,2023-01,M,False
173444,"Paveto, Kevin",ARG,M,IM,,,,2427,11,10,1992,,True,173444,1992-07-25,wikidata_exact_year_agrees,unknown,person_no_birthplace,Q27529231,,,,,False,hemisphere:unknown:person_no_birthplace,2023-01,M,False
300306,"Rasik, Vitezslav",CZE,M,GM,,,,2427,3,10,1973,,True,300306,1973-11-07,wikidata_exact_year_agrees,unknown,person_no_birthplace,Q27530477,,,,,False,hemisphere:unknown:person_no_birthplace,2023-01,M,False
4403304,"Sanchez, Sebastian Felipe",COL,M,IM,,,,2427,0,10,1989,,True,4403304,1989-02-23,wikidata_exact_year_agrees,unknown,person_no_birthplace,Q27531160,,,,,False,hemisphere:unknown:person_no_birthplace,2023-01,M,False
2039311,"Schmakel, Sam",USA,M,IM,,,,2427,0,10,1996,,True,2039311,1996-05-28,wikidata_exact_year_agrees,unknown,person_no_birthplace,Q27531660,,,,,False,hemisphere:unknown:person_no_birthplace,2023-01,M,False
4186214,"Sharafiev, Azat",RUS,M,IM,,,,2427,8,10,1990,,True,4186214,1990-02-07,wikidata_exact_year_agrees,unknown,person_no_birthplace,Q27531860,,,,,False,hemisphere:unknown:person_no_birthplace,2023-01,M,False
30932980,"Zeltsan, Joseph",USA,M,,,,,2427,0,10,2002,,True,30932980,,wikidata_non_day_precision,unknown,person_no_birthplace,Q128015863,,,,,False,dob:wikidata_non_day_precision,2023-01,M,False
12940968,"Ehmann, Thilo",GER,M,FM,,,,2426,0,10,1999,,True,12940968,,wikidata_non_day_precision,unknown,person_no_birthplace,Q71317164,,,,,False,dob:wikidata_non_day_precision,2023-01,M,False
11600780,"Friedmann, Rafael",GER,M,IM,,,,2426,0,10,1979,,True,11600780,1979-09-04,wikidata_exact_year_agrees,unknown,person_no_birthplace,Q27525084,,,,,False,hemisphere:unknown:person_no_birthplace,2023-01,M,False
2100169,"Matsuura, Everaldo",BRA,M,GM,,,,2426,11,10,1970,,True,2100169,1970-10-01,wikidata_exact_year_agrees,south,resolved_unique_birthplace,Q9256537,Q208669,Maringá,-23.425,-51.93888889,False,hemisphere:south:resolved_unique_birthplace,2023-01,M,False
5084768,Nitish Belurkar,IND,M,IM,,,,2426,17,10,2001,,True,5084768,2001-10-19,wikidata_exact_year_agrees,unknown,person_no_birthplace,Q27528900,,,,,False,hemisphere:unknown:person_no_birthplace,2023-01,M,False
811416,"Ortega, Lexy",ITA,M,GM,,,,2426,9,10,1960,,True,811416,1960-03-08,wikidata_exact_year_agrees,north,resolved_unique_birthplace,Q622093,Q115329,Camagüey,21.37861111,-77.91861111,True,,2023-01,M,False
13503111,"Samsonkin, Artiom",CAN,M,IM,,,,2426,0,10,1989,,True,13503111,1989-06-23,wikidata_exact_year_agrees,unknown,person_no_birthplace,Q27531135,,,,,False,hemisphere:unknown:person_no_birthplace,2023-01,M,False
312509,"Straka, Vojtech",CZE,M,IM,,,,2426,4,10,1993,,True,312509,1993-11-04,wikidata_exact_year_agrees,unknown,person_no_birthplace,Q27532801,,,,,False,hemisphere:unknown:person_no_birthplace,2023-01,M,False
2803089,"Tyomkin, Dimitri",CAN,M,GM,,,,2426,0,10,1977,,True,2803089,1977-03-25,wikidata_exact_year_agrees,north,resolved_unique_birthplace,Q3774502,Q2746,Ryazan,54.63,39.7425,True,,2023-01,M,False
30931649,"Vidyarthi, Vyom",USA,M,IM,,,,2426,27,10,2007,,True,30931649,,wikidata_non_day_precision,unknown,person_no_birthplace,Q108411974,,,,,False,dob:wikidata_non_day_precision,2023-01,M,False
24521060,"Alonso Garcia, Aaron",ESP,M,IM,,,,2425,4,10,2003,,True,24521060,2003-08-08,wikidata_exact_year_agrees,unknown,person_no_birthplace,Q71318742,,,,,False,hemisphere:unknown:person_no_birthplace,2023-01,M,False
4403177,"Arenas, David",COL,M,GM,,,,2425,10,10,1991,,True,4403177,1991-12-24,wikidata_exact_year_agrees,north,resolved_unique_birthplace,Q27523135,Q123304,Antioquia,6.68333333,-75.56666667,True,,2023-01,M,False
2283352,"Arribas Lopez, Angel",ESP,M,GM,,,,2425,0,10,1993,,True,2283352,1993-11-27,wikidata_exact_year_agrees,north,multiple_birthplaces_same_hemisphere,Q18235917,Q2807;Q77433,Leganés;Madrid,40.32825;40.41694444,-3.76540278;-3.70333333,True,,2023-01,M,False
4644786,"Berger, Steve",GER,M,IM,,,,2425,0,10,1981,,True,4644786,1981-09-18,wikidata_exact_year_agrees,north,resolved_unique_birthplace,Q27523559,Q1055,Hamburg,53.55,10.0,True,,2023-01,M,False
2235366,"Bernabeu Lopez, Carlos Javier",ESP,M,FM,,,,2425,0,10,1997,,True,2235366,,wikidata_non_day_precision,unknown,person_no_birthplace,Q71316584,,,,,False,dob:wikidata_non_day_precision,2023-01,M,False
14117517,"Grinev, Valeriy",UKR,M,IM,,,,2425,0,10,1989,,True,14117517,1989-07-31,wikidata_exact_year_agrees,unknown,person_no_birthplace,Q27525523,,,,,False,hemisphere:unknown:person_no_birthplace,2023-01,M,False
12401749,"Le, Quang Long",CAN,M,IM,,,,2425,0,10,1989,,True,12401749,1989-01-16,wikidata_exact_year_agrees,unknown,person_no_birthplace,Q27527188,,,,,False,hemisphere:unknown:person_no_birthplace,2023-01,M,False
36016810,"Makkar, Rajat",FRA,M,FM,,,,2425,13,10,2007,,True,36016810,,wikidata_non_day_precision,unknown,person_no_birthplace,Q108360408,,,,,False,dob:wikidata_non_day_precision,2023-01,M,False
3509079,"Martinez Ramirez, Lennis",CUB,M,IM,,,,2425,7,10,1993,,True,3509079,1993-12-24,wikidata_exact_year_agrees,unknown,person_no_birthplace,Q27527758,,,,,False,hemisphere:unknown:person_no_birthplace,2023-01,M,False
24129100,"Matinian, Nikita",FID,M,GM,,,,2425,0,10,1992,,True,24129100,1992-04-21,wikidata_exact_year_agrees,north,resolved_unique_birthplace,Q27527818,Q2672616,Aygehovit,40.97444444,45.25194444,True,,2023-01,M,False
367222,"Miesbauer, Jan",CZE,M,IM,,,,2425,3,10,2001,,True,367222,2001-01-26,wikidata_exact_year_agrees,unknown,person_no_birthplace,Q71318085,,,,,False,hemisphere:unknown:person_no_birthplace,2023-01,M,False
4100603,"Rashkovsky, Nukhim N",RUS,M,GM,,,,2425,0,10,1946,,True,4100603,1946-04-18,wikidata_exact_year_agrees,north,resolved_unique_birthplace,Q1749802,Q887,Yekaterinburg,56.83555556,60.61277778,True,,2023-01,M,True
4207645,"Sandalakis, Angelos",GRE,M,IM,,FT,,2425,0,10,1988,,True,4207645,1988-08-25,wikidata_exact_year_agrees,unknown,person_no_birthplace,Q27531162,,,,,False,hemisphere:unknown:person_no_birthplace,2023-01,M,False
920479,"Savic, Miodrag R",SRB,M,GM,,,,2425,13,10,1977,,True,920479,1977-04-06,wikidata_exact_year_agrees,north,resolved_unique_birthplace,Q4404107,Q806935,Banovići,44.40888889,18.52866667,True,,2023-01,M,True
8610959,"Zou, Chen",CHN,M,IM,,,,2425,0,10,2001,,True,8610959,2001-09-25,wikidata_exact_year_agrees,unknown,person_no_birthplace,Q27534644,,,,,False,hemisphere:unknown:person_no_birthplace,2023-01,M,False
13704613,"Aitbayev, Aslan",KAZ,M,IM,,,,2424,13,10,1990,,True,13704613,1990-06-15,wikidata_exact_year_agrees,north,resolved_unique_birthplace,Q27522870,Q1520,Astana,51.13333333,71.43333333,True,,2023-01,M,False
927368,"Boskovic, Drasko",SRB,M,IM,,,,2424,0,10,1982,,True,927368,1982-11-04,wikidata_exact_year_agrees,unknown,person_no_birthplace,Q27523784,,,,,False,hemisphere:unknown:person_no_birthplace,2023-01,M,False
241725,"Maerevoet, Sim",BEL,M,FM,,,,2424,3,10,2001,,True,241725,2001-09-13,wikidata_exact_year_agrees,unknown,person_no_birthplace,Q71318067,,,,,False,hemisphere:unknown:person_no_birthplace,2023-01,M,False
4620895,"Meins, Gerlef",GER,M,IM,,,,2424,0,10,1970,,True,4620895,1970-06-30,wikidata_exact_year_agrees,unknown,person_no_birthplace,Q1441553,,,,,False,hemisphere:unknown:person_no_birthplace,2023-01,M,False
12802476,"Pileckis, Emilis",LTU,M,IM,,,,2424,0,10,1990,,True,12802476,1990-06-27,wikidata_exact_year_agrees,north,resolved_unique_birthplace,Q20503427,Q216,Vilnius,54.68722222,25.28,True,,2023-01,M,False
1210319,"Rogozenco, Dorian",ROU,M,GM,,,,2424,2,10,1973,,True,1210319,1973-08-18,wikidata_exact_year_agrees,north,resolved_unique_birthplace,Q382635,Q21197,Chișinău,47.02277778,28.83527778,True,,2023-01,M,False
15000796,"Stojanovski, Dejan",MKD,M,IM,,FT,AGM,2424,0,10,1984,,True,15000796,1984-09-11,wikidata_exact_year_agrees,unknown,person_no_birthplace,Q27532784,,,,,False,hemisphere:unknown:person_no_birthplace,2023-01,M,False
22230858,"Suarez Garcia, Carlos",ESP,M,IM,,,,2424,0,10,1996,,True,22230858,1996-05-21,wikidata_exact_year_agrees,unknown,person_no_birthplace,Q27532844,,,,,False,hemisphere:unknown:person_no_birthplace,2023-01,M,False
14500450,"Zaja, Ivan",CRO,M,GM,,,,2424,0,10,1965,,True,14500450,1965-07-29,wikidata_exact_year_agrees,unknown,person_no_birthplace,Q13553682,,,,,False,hemisphere:unknown:person_no_birthplace,2023-01,M,False
13403028,"Bajarani, Ulvi",AZE,M,GM,,,,2423,0,10,1995,,True,13403028,1995-01-27,wikidata_exact_year_agrees,north,resolved_unique_birthplace,Q9393701,Q9248,Baku,40.36665556,49.83518333,True,,2023-01,M,False
1700855,"Barkhagen, Jonas",SWE,M,IM,,,,2423,0,10,1974,,True,1700855,1974-08-15,wikidata_exact_year_agrees,unknown,person_no_birthplace,Q1362953,,,,,False,hemisphere:unknown:person_no_birthplace,2023-01,M,False
14121379,"Gilevych, Artem",ITA,M,IM,,,,2423,0,10,1993,,True,14121379,1993-04-20,wikidata_exact_year_agrees,unknown,person_no_birthplace,Q27525300,,,,,False,hemisphere:unknown:person_no_birthplace,2023-01,M,False
1054430,"Han, Yichen",NED,M,FM,,,,2423,0,10,2007,,True,1054430,2007-11-17,wikidata_exact_year_agrees,unknown,person_no_birthplace,Q109391876,,,,,False,hemisphere:unknown:person_no_birthplace,2023-01,M,False
14100584,"Maksimenko, Andrei",UKR,M,GM,,,,2423,1,10,1969,,True,14100584,1969-12-07,wikidata_exact_year_agrees,north,resolved_unique_birthplace,Q510942,Q157055,Cherkasy,49.44444444,32.05972222,True,,2023-01,M,True
14101068,"Milov, Leonid",GER,M,GM,,,,2423,1,10,1966,,True,14101068,1966-02-06,wikidata_exact_year_agrees,north,resolved_unique_birthplace,Q4037671,Q48256,Dnipro,48.4675,35.04,True,,2023-01,M,True
117234,"Perez, Maximiliano",ARG,M,IM,,,,2423,0,10,1992,,True,117234,,wikidata_non_day_precision,unknown,person_no_birthplace,Q27529809,,,,,False,dob:wikidata_non_day_precision,2023-01,M,False
14527146,"Plenca, Jadranko",CRO,M,IM,,,,2423,0,10,1999,,True,14527146,1999-12-25,wikidata_exact_year_agrees,unknown,person_no_birthplace,Q27529973,,,,,False,hemisphere:unknown:person_no_birthplace,2023-01,M,False
14508044,"Plenca, Julijan",CRO,M,IM,,FT,,2423,0,10,1989,,True,14508044,1989-12-22,wikidata_exact_year_agrees,unknown,person_no_birthplace,Q27529974,,,,,False,hemisphere:unknown:person_no_birthplace,2023-01,M,False
372048,"Stalmach, Richard",CZE,M,FM,,,,2423,4,10,2006,,True,372048,2006-03-12,wikidata_exact_year_agrees,unknown,person_no_birthplace,Q71319699,,,,,False,hemisphere:unknown:person_no_birthplace,2023-01,M,False
14401401,"Tomic, Bosko",BIH,M,IM,,,,2423,0,10,1983,,True,14401401,1983-12-08,wikidata_exact_year_agrees,unknown,person_no_birthplace,Q27533216,,,,,False,hemisphere:unknown:person_no_birthplace,2023-01,M,False
2049929,"Williams, Justus",USA,M,IM,,,,2423,16,10,1998,,True,2049929,1998-05-25,wikidata_exact_year_agrees,unknown,person_no_birthplace,Q27534169,,,,,False,hemisphere:unknown:person_no_birthplace,2023-01,M,False
13002783,"Wynn, Zaw Htun",MYA,M,IM,,,,2423,0,10,1982,,True,13002783,1982-09-15,wikidata_exact_year_agrees,north,resolved_unique_birthplace,Q27534218,Q836,Myanmar,22.0,96.0,True,,2023-01,M,False
