fide_id,name,fed,sex,title,wtitle,otitle,foa,rating,games,kfactor,birth_year,flag,active,identity_bridge_modern_fide_id,exact_dob_frozen,dob_status_2023,birthplace_hemisphere,hemisphere_status,wikidata_person_qids,birthplace_qids,birthplace_labels,birthplace_latitudes,birthplace_longitudes,eligible_north_2023,exclusion_reason_2023,snapshot,analysis_sex,seen_in_1994_2013,analysis_rank_within_sex,elo_z_within_2023_sex_cohort
1503014,"Carlsen, Magnus",NOR,M,GM,,,,2859,0,10,1990,,True,1503014,1990-11-30,wikidata_exact_year_agrees,north,resolved_unique_birthplace,Q106807,Q107392,Tønsberg,59.29805556,10.42361111,True,,2023-01,M,True,1,4.172570496542789
8603677,"Ding, Liren",CHN,M,GM,,,,2811,0,10,1992,,True,8603677,1992-10-24,wikidata_exact_year_agrees,north,resolved_unique_birthplace,Q1191198,Q42635,Wenzhou,27.999128,120.656075,True,,2023-01,M,True,2,3.4187373575299427
4168119,"Nepomniachtchi, Ian",RUS,M,GM,,,,2793,0,10,1990,,True,4168119,1990-07-14,wikidata_exact_year_agrees,north,resolved_unique_birthplace,Q521817,Q2801,Bryansk,53.2425,34.36666667,True,,2023-01,M,True,3,3.1360499304001253
12573981,"Firouzja, Alireza",FRA,M,GM,,,,2785,0,10,2003,,True,12573981,2003-06-18,wikidata_exact_year_agrees,north,resolved_unique_birthplace,Q22338182,Q605157,Babol,36.55111111,52.67861111,True,,2023-01,M,False,4,3.0104110738979846
2016192,"Nakamura, Hikaru",USA,M,GM,,,,2768,0,10,1987,,True,2016192,1987-12-09,wikidata_exact_year_agrees,north,resolved_unique_birthplace,Q337223,Q270912,Hirakata,34.81436111,135.65063889,True,,2023-01,M,True,5,2.7434285038309345
2020009,"Caruana, Fabiano",USA,M,GM,,,,2766,0,10,1992,,True,2020009,1992-07-30,wikidata_exact_year_agrees,north,resolved_unique_birthplace,Q367277,Q8652,Miami,25.77416667,-80.19361111,True,,2023-01,M,True,6,2.7120187897053993
24116068,"Giri, Anish",NED,M,GM,,,,2764,0,10,1994,,True,24116068,1994-06-28,wikidata_exact_year_agrees,north,resolved_unique_birthplace,Q548946,Q656,Saint Petersburg,59.95,30.31666667,True,,2023-01,M,True,7,2.680609075579864
5202213,"So, Wesley",USA,M,GM,,,,2760,0,10,1993,,True,5202213,1993-10-09,wikidata_exact_year_agrees,north,resolved_unique_birthplace,Q147495,Q63129,Bacoor,14.46242222,120.96445278,True,,2023-01,M,False,8,2.6177896473287934
5000017,"Anand, Viswanathan",IND,M,GM,,FST,,2754,0,10,1969,,True,5000017,1969-12-11,wikidata_exact_year_agrees,north,resolved_unique_birthplace,Q45747,Q1352,Chennai,13.0825,80.275,True,,2023-01,M,True,9,2.523560504952188
14109603,"Karjakin, Sergey",RUS,M,GM,,,,2747,0,10,1990,,True,14109603,1990-01-12,wikidata_exact_year_agrees,north,resolved_unique_birthplace,Q217198,Q19566,Simferopol,44.948376,34.100039,True,,2023-01,M,True,10,2.413626505512814
13400924,"Radjabov, Teimour",AZE,M,GM,,,,2747,0,10,1987,,True,13400924,1987-03-12,wikidata_exact_year_agrees,north,resolved_unique_birthplace,Q211634,Q9248,Baku,40.36665556,49.83518333,True,,2023-01,M,True,10,2.413626505512814
4126025,"Grischuk, Alexander",RUS,M,GM,,,,2745,0,10,1983,,True,4126025,1983-10-31,wikidata_exact_year_agrees,north,resolved_unique_birthplace,Q314531,Q649,Moscow,55.75055556,37.6175,True,,2023-01,M,True,12,2.382216791387279
3503240,"Dominguez Perez, Leinier",USA,M,GM,,,,2743,0,10,1983,,True,3503240,1983-09-23,wikidata_exact_year_agrees,north,resolved_unique_birthplace,Q506421,Q1563,Havana,23.13666667,-82.35888889,True,,2023-01,M,True,13,2.3508070772617438
13401319,"Mamedyarov, Shakhriyar",AZE,M,GM,,,,2740,0,10,1985,,True,13401319,1985-04-12,wikidata_exact_year_agrees,north,resolved_unique_birthplace,Q312267,Q179833,Sumgait,40.59611111,49.67,True,,2023-01,M,True,14,2.303692506073441
738590,"Rapport, Richard",ROU,M,GM,,,,2740,0,10,1996,,True,738590,1996-03-25,wikidata_exact_year_agrees,north,resolved_unique_birthplace,Q945565,Q42007,Szombathely,47.23333333,16.63333333,True,,2023-01,M,True,14,2.303692506073441
623539,"Vachier-Lagrave, Maxime",FRA,M,GM,,,,2737,0,10,1990,,True,623539,1990-10-21,wikidata_exact_year_agrees,north,resolved_unique_birthplace,Q256923,Q212274,Nogent-sur-Marne,48.83666667,2.4825,True,,2023-01,M,True,16,2.256577934885138
13300474,"Aronian, Levon",USA,M,GM,,,,2735,0,10,1982,,True,13300474,1982-10-06,wikidata_exact_year_agrees,north,resolved_unique_birthplace,Q154586,Q1953,Yerevan,40.18138889,44.51444444,True,,2023-01,M,True,17,2.2251682207596026
5029465,"Vidit, Santosh Gujrathi",IND,M,GM,,,,2730,0,10,1994,,True,5029465,1994-10-24,wikidata_exact_year_agrees,north,resolved_unique_birthplace,Q15614436,Q200235,Nashik,20.0,73.78333333,True,,2023-01,M,True,18,2.1466439354457645
4158814,"Andreikin, Dmitry",FID,M,GM,,,,2729,0,10,1990,,True,4158814,1990-02-05,wikidata_exact_year_agrees,north,resolved_unique_birthplace,Q1232768,Q2746,Ryazan,54.63,39.7425,True,,2023-01,M,True,19,2.1309390783829967
1170546,"Duda, Jan-Krzysztof",POL,M,GM,,,,2729,0,10,1998,,True,1170546,1998-04-26,wikidata_exact_year_agrees,north,resolved_unique_birthplace,Q10860652,Q31487,Kraków,50.06138889,19.93722222,True,,2023-01,M,False,19,2.1309390783829967
8603820,"Yu, Yangyi",CHN,M,GM,,,,2729,19,10,1994,,True,8603820,1994-06-08,wikidata_exact_year_agrees,north,resolved_unique_birthplace,Q377866,Q71204,Huangshi,30.20178,115.03262,True,,2023-01,M,True,19,2.1309390783829967
12401137,"Le, Quang Liem",VIE,M,GM,,,,2728,0,10,1991,,True,12401137,1991-03-13,wikidata_exact_year_agrees,north,resolved_unique_birthplace,Q734168,Q1854,Ho Chi Minh City,10.77555556,106.70194444,True,,2023-01,M,True,22,2.1152342213202293
2900084,"Topalov, Veselin",BUL,M,GM,,,,2728,0,10,1975,,True,2900084,1975-03-15,wikidata_exact_year_agrees,north,resolved_unique_birthplace,Q172798,Q160173,Ruse,43.844532,25.953907,True,,2023-01,M,True,22,2.1152342213202293
46616543,Gukesh D,IND,M,GM,,,,2725,0,10,2006,,True,46616543,2006-05-29,wikidata_exact_year_agrees,north,resolved_unique_birthplace,Q56026072,Q1352,Chennai,13.0825,80.275,True,,2023-01,M,False,24,2.0681196501319263
4152956,"Vitiugov, Nikita",FID,M,GM,,,,2723,0,10,1987,,True,4152956,1987-02-04,wikidata_exact_year_agrees,north,resolved_unique_birthplace,Q555598,Q656,Saint Petersburg,59.95,30.31666667,True,,2023-01,M,True,25,2.036709936006391
35009192,Erigaisi Arjun,IND,M,GM,,,,2722,0,10,2003,,True,35009192,2003-09-03,wikidata_exact_year_agrees,north,resolved_unique_birthplace,Q27524847,Q16039783,Karimnagar,18.43554,79.13371,True,,2023-01,M,False,26,2.0210050789436234
8602883,"Wang, Hao",CHN,M,GM,,,,2722,0,10,1989,,True,8602883,1989-08-04,wikidata_exact_year_agrees,north,resolved_unique_birthplace,Q964913,Q42956,Harbin,45.75,126.63333333,True,,2023-01,M,True,26,2.0210050789436234
8603405,"Wei, Yi",CHN,M,GM,,,,2722,0,10,1999,,True,8603405,1999-06-02,wikidata_exact_year_agrees,north,resolved_unique_birthplace,Q13646741,Q57866,Yancheng,33.35,120.15694444,True,,2023-01,M,False,26,2.0210050789436234
12539929,"Maghsoodloo, Parham",IRI,M,GM,,,,2719,0,10,2000,,True,12539929,2000-08-11,wikidata_exact_year_agrees,north,resolved_unique_birthplace,Q27527529,Q1975291,Gonbad-e Kavus,37.25004,55.16721,True,,2023-01,M,False,29,1.9738905077553206
14204118,"Abdusattorov, Nodirbek",UZB,M,GM,,,,2713,0,10,2004,,True,14204118,2004-09-18,wikidata_exact_year_agrees,north,resolved_unique_birthplace,Q20908925,Q269,Tashkent,41.31111111,69.27972222,True,,2023-01,M,False,30,1.8796613653787146
4189302,"Sjugirov, Sanan",RUS,M,GM,,,,2712,0,10,1993,,True,4189302,1993-01-31,wikidata_exact_year_agrees,north,resolved_unique_birthplace,Q937577,Q3977,Elista,46.31666667,44.26666667,True,,2023-01,M,True,31,1.863956508315947
2004887,"Shankland, Sam",USA,M,GM,,,,2710,0,10,1991,,True,2004887,1991-10-01,wikidata_exact_year_agrees,north,resolved_unique_birthplace,Q2218873,Q484678,Berkeley,37.87027778,-122.26805556,True,,2023-01,M,True,32,1.8325467941904119
2205530,"Vallejo Pons, Francisco",ESP,M,GM,,FT,,2710,9,10,1982,,True,2205530,1982-08-21,wikidata_exact_year_agrees,north,resolved_unique_birthplace,Q543256,Q941533,Es Castell,39.88027778,4.29083333,True,,2023-01,M,True,32,1.8325467941904119
24126055,"Dubov, Daniil",RUS,M,GM,,,,2708,0,10,1996,,True,24126055,1996-04-18,wikidata_exact_year_agrees,north,resolved_unique_birthplace,Q3078552,Q649,Moscow,55.75055556,37.6175,True,,2023-01,M,True,34,1.8011370800648765
14102951,"Eljanov, Pavel",UKR,M,GM,,,,2706,0,10,1983,,True,14102951,1983-05-10,wikidata_exact_year_agrees,north,resolved_unique_birthplace,Q361454,Q42308,Kharkiv,49.9925,36.23111111,True,,2023-01,M,True,35,1.7697273659393413
2093596,"Niemann, Hans Moke",USA,M,GM,,,,2706,19,10,2003,,True,2093596,2003-06-20,wikidata_exact_year_agrees,north,resolved_unique_birthplace,Q59137809,Q62,San Francisco,37.775;37.7775,-122.41944444;-122.41638889,True,,2023-01,M,False,35,1.7697273659393413
5007003,"Harikrishna, Pentala",IND,M,GM,,,,2705,0,10,1986,,True,5007003,1986-05-10,wikidata_exact_year_agrees,north,resolved_unique_birthplace,Q555232,Q3120966,Guntur,16.3,80.45,True,,2023-01,M,True,37,1.7540225088765737
2023970,"Robson, Ray",USA,M,GM,,,,2702,0,10,1994,,True,2023970,1994-10-25,wikidata_exact_year_agrees,north,resolved_unique_birthplace,Q2064538,Q16635,Guam,13.5,144.8,True,,2023-01,M,True,38,1.7069079376882708
24101605,"Artemiev, Vladislav",RUS,M,GM,,,,2701,0,10,1998,,True,24101605,1998-03-05,wikidata_exact_year_agrees,north,resolved_unique_birthplace,Q16336094,Q898,Omsk,54.96666667,73.38333333,True,,2023-01,M,False,39,1.6912030806255032
1226380,"Deac, Bogdan-Daniel",ROU,M,GM,,,,2700,0,10,2001,,True,1226380,2001-10-08,wikidata_exact_year_agrees,north,resolved_unique_birthplace,Q27524449,Q192758,Râmnicu Vâlcea,45.10472222,24.37555556,True,,2023-01,M,False,40,1.6754982235627356
13300881,"Sargissian, Gabriel",ARM,M,GM,,,,2699,0,10,1983,,True,13300881,1983-09-03,wikidata_exact_year_agrees,north,resolved_unique_birthplace,Q718592,Q1953,Yerevan,40.18138889,44.51444444,True,,2023-01,M,True,41,1.6597933664999678
8601445,"Bu, Xiangzhi",CHN,M,GM,,,,2698,0,10,1985,,True,8601445,1985-12-10,wikidata_exact_year_agrees,north,resolved_unique_birthplace,Q470788,Q170322,Qingdao,36.11666667,120.4,True,,2023-01,M,True,42,1.6440885094372002
12940690,"Keymer, Vincent",GER,M,GM,,,,2696,0,10,2004,,True,12940690,2004-11-15,wikidata_exact_year_agrees,north,resolved_unique_birthplace,Q27526478,Q1720,Mainz,49.99944444,8.27361111,True,,2023-01,M,False,43,1.612678795311665
4147235,"Tomashevsky, Evgeny",RUS,M,GM,,,,2694,0,10,1987,,True,4147235,1987-07-01,wikidata_exact_year_agrees,north,resolved_unique_birthplace,Q442544,Q5332,Saratov,51.53,46.035,True,,2023-01,M,True,44,1.5812690811861296
2047640,"Xiong, Jeffery",USA,M,GM,,,,2692,0,10,2000,,True,2047640,2000-10-30,wikidata_exact_year_agrees,north,resolved_unique_birthplace,Q20973724,Q51689,Plano,33.05,-96.75,True,,2023-01,M,False,45,1.5498593670605945
400041,"Adams, Michael",ENG,M,GM,,,,2688,0,10,1971,,True,400041,1971-11-17,wikidata_exact_year_agrees,north,resolved_unique_birthplace,Q299636,Q180803,Truro,50.26,-5.051,True,,2023-01,M,True,46,1.487039938809524
2040506,"Sevian, Samuel",USA,M,GM,,,,2687,0,10,2000,,True,2040506,2000-12-26,wikidata_exact_year_agrees,north,resolved_unique_birthplace,Q7412591,Q576395,Corning,42.14805556,-77.05694444,True,,2023-01,M,False,47,1.4713350817467563
4135539,"Alekseenko, Kirill",FID,M,GM,,,,2686,19,10,1997,,True,4135539,1997-06-22,wikidata_exact_year_agrees,north,resolved_unique_birthplace,Q18923582,Q14657,Vyborg,60.71055556,28.74972222,True,,2023-01,M,False,48,1.4556302246839887
12521213,"Tabatabaei, M. Amin",IRI,M,GM,,,,2686,18,10,2001,,True,12521213,2001-02-05,wikidata_exact_year_agrees,north,resolved_unique_birthplace,Q23710569,Q3616,Tehran,35.68888889,51.38972222,True,,2023-01,M,False,48,1.4556302246839887
1118358,"Wojtaszek, Radoslaw",POL,M,GM,,,,2686,0,10,1987,,True,1118358,1987-01-13,wikidata_exact_year_agrees,north,resolved_unique_birthplace,Q185236,Q104712,Elbląg,54.15222222,19.40888889,True,,2023-01,M,True,48,1.4556302246839887
10601457,"Amin, Bassem",EGY,M,GM,,,,2684,4,10,1988,,True,10601457,1988-09-09,wikidata_exact_year_agrees,north,resolved_unique_birthplace,Q93674,Q271771,Tanta,30.78333333,31.0,True,,2023-01,M,True,51,1.4242205105584533
25059530,Praggnanandhaa R,IND,M,GM,,,,2684,0,10,2005,,True,25059530,2005-08-10,wikidata_exact_year_agrees,north,resolved_unique_birthplace,Q26703041,Q1352,Chennai,13.0825,80.275,True,,2023-01,M,False,51,1.4242205105584533
24107581,"Predke, Alexandr",FID,M,GM,,,,2684,0,10,1994,,True,24107581,1994-01-05,wikidata_exact_year_agrees,north,resolved_unique_birthplace,Q19915607,Q135285,Dimitrovgrad,54.23333333,49.58333333,True,,2023-01,M,False,51,1.4242205105584533
13306553,"Martirosyan, Haik M.",ARM,M,GM,,,,2682,0,10,2000,,True,13306553,2000-07-14,wikidata_exact_year_agrees,north,resolved_unique_birthplace,Q27527783,Q2631973,Byuravan,40.016111,44.518611,True,,2023-01,M,False,54,1.3928107964329182
309095,"Navara, David",CZE,M,GM,,,,2682,3,10,1985,,True,309095,1985-03-27,wikidata_exact_year_agrees,north,resolved_unique_birthplace,Q465524,Q1085,Prague,50.0875,14.42138889,True,,2023-01,M,True,54,1.3928107964329182
642908,"Moussard, Jules",FRA,M,GM,,,,2681,10,10,1995,,True,642908,1995-01-16,wikidata_exact_year_agrees,north,resolved_unique_birthplace,Q25932923,Q90,Paris,48.85666667,2.35222222,True,,2023-01,M,False,56,1.3771059393701506
1039784,"Van Foreest, Jorden",NED,M,GM,,,,2681,10,10,1999,,True,1039784,1999-04-30,wikidata_exact_year_agrees,north,resolved_unique_birthplace,Q15877133,Q803,Utrecht,52.09083333,5.12166667,True,,2023-01,M,False,56,1.3771059393701506
2285525,"Anton Guijarro, David",ESP,M,GM,,,,2679,2,10,1995,,True,2285525,1995-06-23,wikidata_exact_year_agrees,north,resolved_unique_birthplace,Q15955505,Q12225,Murcia,37.98333333,-1.13027778,True,,2023-01,M,True,58,1.3456962252446152
14200244,"Kasimdzhanov, Rustam",UZB,M,GM,,,,2678,0,10,1979,,True,14200244,1979-12-05,wikidata_exact_year_agrees,north,resolved_unique_birthplace,Q489015,Q269,Tashkent,41.31111111,69.27972222,True,,2023-01,M,True,59,1.3299913681818476
702293,"Almasi, Zoltan",HUN,M,GM,,,,2677,0,10,1976,,True,702293,1976-08-29,wikidata_exact_year_agrees,north,resolved_unique_birthplace,Q218875,Q1781,Budapest,47.49833333,19.04083333,True,,2023-01,M,True,60,1.31428651111908
9301348,"Salem, A.R. Saleh",UAE,M,GM,,,,2677,0,10,1993,,True,9301348,1993-01-04,wikidata_exact_year_agrees,north,resolved_unique_birthplace,Q4405780,Q289693,Sharjah,25.3375,55.41194444,True,,2023-01,M,True,60,1.31428651111908
24175439,"Esipenko, Andrey",FID,M,GM,,,,2675,10,10,2002,,True,24175439,2002-03-22,wikidata_exact_year_agrees,north,resolved_unique_birthplace,Q27524878,Q175452,Novocherkassk,47.42222222,40.09388889,True,,2023-01,M,False,62,1.2828767969935446
24130737,"Fedoseev, Vladimir",FID,M,GM,,,,2674,10,10,1995,,True,24130737,1995-02-16,wikidata_exact_year_agrees,north,resolved_unique_birthplace,Q4482094,Q656,Saint Petersburg,59.95,30.31666667,True,,2023-01,M,False,63,1.267171939930777
14117908,"Kovalenko, Igor",UKR,M,GM,,,,2674,0,10,1988,,True,14117908,1988-12-29,wikidata_exact_year_agrees,north,resolved_unique_birthplace,Q4225422,Q640680,Samar,48.631606,35.224519,True,,2023-01,M,True,63,1.267171939930777
8604436,"Li, Chao b",CHN,M,GM,,,,2672,0,10,1989,,True,8604436,1989-04-21,wikidata_exact_year_agrees,north,resolved_unique_birthplace,Q1364609,Q72778,Taiyuan,37.87326,112.54245,True,,2023-01,M,True,65,1.2357622258052419
25092340,Nihal Sarin,IND,M,GM,,,,2670,0,10,2004,,True,25092340,2004-07-13,wikidata_exact_year_agrees,north,resolved_unique_birthplace,Q17386461,Q163798,Thrissur,10.52,76.21,True,,2023-01,M,False,66,1.2043525116797065
24125890,"Oparin, Grigoriy",USA,M,GM,,,,2670,9,10,1997,,True,24125890,1997-07-01,wikidata_exact_year_agrees,north,resolved_unique_birthplace,Q15302250,Q1726,Munich,48.1375,11.575,True,,2023-01,M,False,66,1.2043525116797065
5058422,Narayanan.S.L,IND,M,GM,,,,2669,10,10,1998,,True,5058422,1998-01-10,wikidata_exact_year_agrees,north,resolved_unique_birthplace,Q27532882,Q167715,Thiruvananthapuram,8.4875,76.9525,True,,2023-01,M,False,68,1.1886476546169389
24133795,"Sarana, Alexey",FID,M,GM,,,,2668,0,10,2000,,True,24133795,2000-01-26,wikidata_exact_year_agrees,north,resolved_unique_birthplace,Q27531199,Q649,Moscow,55.75055556,37.6175,True,,2023-01,M,False,69,1.1729427975541713
2805677,"Gelfand, Boris",ISR,M,GM,,,,2667,0,10,1968,,True,2805677,1968-06-24,wikidata_exact_year_agrees,north,resolved_unique_birthplace,Q486778,Q2280,Minsk,53.902246,27.561837,True,,2023-01,M,True,70,1.1572379404914035
8601160,"Ni, Hua",CHN,M,GM,,,,2667,0,10,1983,,True,8601160,1983-05-31,wikidata_exact_year_agrees,north,resolved_unique_birthplace,Q1450826,Q8686,Shanghai,31.2325,121.46916667,True,,2023-01,M,True,70,1.1572379404914035
2000024,"Kamsky, Gata",USA,M,GM,,,,2666,1,10,1974,,True,2000024,1974-06-02,wikidata_exact_year_agrees,north,resolved_unique_birthplace,Q315155,Q93910,Novokuznetsk,53.75,87.11666667,True,,2023-01,M,True,72,1.141533083428636
2209390,"Shirov, Alexei",ESP,M,GM,,,,2666,2,10,1972,,True,2209390,1972-07-04,wikidata_exact_year_agrees,north,resolved_unique_birthplace,Q214713,Q1773,Riga,56.9475,24.10694444,True,,2023-01,M,True,72,1.141533083428636
14107090,"Volokitin, Andrei",UKR,M,GM,,,,2666,1,10,1986,,True,14107090,1986-06-18,wikidata_exact_year_agrees,north,resolved_unique_birthplace,Q276885,Q36036,Lviv,49.838055;49.841952,24.023055;24.0315921,True,,2023-01,M,True,72,1.141533083428636
14100010,"Ivanchuk, Vasyl",UKR,M,GM,,,,2664,7,10,1969,,True,14100010,1969-03-18,wikidata_exact_year_agrees,north,resolved_unique_birthplace,Q208229,Q997381,Kopychyntsi,49.10867444,25.91187094,True,,2023-01,M,True,75,1.1101233693031007
410608,"Howell, David W L",ENG,M,GM,,,,2663,1,10,1990,,True,410608,1990-11-14,wikidata_exact_year_agrees,north,resolved_unique_birthplace,Q1119406,Q208262,Eastbourne,50.76638889,0.28611111,True,,2023-01,M,True,76,1.0944185122403332
4650891,"Naiditsch, Arkadij",AZE,M,GM,,,,2663,1,10,1985,,True,4650891,1985-10-25,wikidata_exact_year_agrees,north,resolved_unique_birthplace,Q77224,Q1773,Riga,56.9475,24.10694444,True,,2023-01,M,True,76,1.0944185122403332
4168003,"Matlakov, Maxim",RUS,M,GM,,,,2662,0,10,1991,,True,4168003,1991-03-05,wikidata_exact_year_agrees,north,resolved_unique_birthplace,Q556485,Q656,Saint Petersburg,59.95,30.31666667,True,,2023-01,M,True,78,1.0787136551775653
4118987,"Najer, Evgeniy",RUS,M,GM,,FST,,2662,0,10,1977,,True,4118987,1977-06-22,wikidata_exact_year_agrees,north,resolved_unique_birthplace,Q490636,Q649,Moscow,55.75055556,37.6175,True,,2023-01,M,True,78,1.0787136551775653
14129574,"Shevchenko, Kirill",ROU,M,GM,,,,2662,9,10,2002,,True,14129574,2002-09-22,wikidata_exact_year_agrees,north,resolved_unique_birthplace,Q27531893,Q1899,Kyiv,50.45,30.52361111,True,,2023-01,M,False,78,1.0787136551775653
24651516,"Bluebaum, Matthias",GER,M,GM,,,,2661,9,10,1997,,True,24651516,1997-04-18,wikidata_exact_year_agrees,north,resolved_unique_birthplace,Q19613834,Q14817,Lemgo,52.02768056,8.9043,True,,2023-01,M,False,81,1.0630087981147978
13401378,"Guseinov, Gadir",AZE,M,GM,,,,2661,0,10,1986,,True,13401378,1986-05-21,wikidata_exact_year_agrees,north,resolved_unique_birthplace,Q725177,Q649,Moscow,55.75055556,37.6175,True,,2023-01,M,True,81,1.0630087981147978
4162722,"Inarkiev, Ernesto",FID,M,GM,,,,2661,0,10,1985,,True,4162722,1985-12-09,wikidata_exact_year_agrees,north,resolved_unique_birthplace,Q1356780,Q47282,Osh,40.53333333,72.78333333,True,,2023-01,M,True,81,1.0630087981147978
1710400,"Grandelius, Nils",SWE,M,GM,,,,2660,0,10,1993,,True,1710400,1993-06-03,wikidata_exact_year_agrees,north,resolved_unique_birthplace,Q1992344,Q2167,Lund,55.70831302,13.1991642,True,,2023-01,M,True,84,1.0473039410520302
2905540,"Cheparinov, Ivan",BUL,M,GM,,,,2659,19,10,1986,,True,2905540,1986-11-26,wikidata_exact_year_agrees,north,resolved_unique_birthplace,Q525731,Q191871,Asenovgrad,42.008187,24.877295,True,,2023-01,M,True,85,1.0315990839892626
8603154,"Ma, Qun",CHN,M,GM,,,,2659,0,10,1991,,True,8603154,1991-11-09,wikidata_exact_year_agrees,north,resolved_unique_birthplace,Q16225574,Q170322,Qingdao,36.11666667,120.4,True,,2023-01,M,True,85,1.0315990839892626
2293307,"Santos Latasa, Jaime",ESP,M,GM,,FI,,2657,9,10,1996,,True,2293307,1996-07-03,wikidata_exact_year_agrees,north,resolved_unique_birthplace,Q27531181,Q10313,San Sebastián,43.32,-1.98,True,,2023-01,M,False,87,1.0001893698637272
14508150,"Saric, Ivan",CRO,M,GM,,,,2657,12,10,1990,,True,14508150,1990-08-17,wikidata_exact_year_agrees,north,resolved_unique_birthplace,Q993350,Q1663,Split,43.51,16.44,True,,2023-01,M,True,87,1.0001893698637272
358878,"Nguyen, Thai Dai Van",CZE,M,GM,,,,2656,0,10,2001,,True,358878,2001-12-12,wikidata_exact_year_agrees,north,resolved_unique_birthplace,Q27528849,Q1085,Prague,50.0875,14.42138889,True,,2023-01,M,False,89,0.9844845128009596
14103320,"Ponomariov, Ruslan",UKR,M,GM,,,,2655,2,10,1983,,True,14103320,1983-10-11,wikidata_exact_year_agrees,north,resolved_unique_birthplace,Q207723,Q157260,Horlivka,48.33361111,38.0925,True,,2023-01,M,True,90,0.968779655738192
14118084,"Nyzhnyk, Illya",UKR,M,GM,,,,2654,14,10,1996,,True,14118084,1996-09-27,wikidata_exact_year_agrees,north,resolved_unique_birthplace,Q494656,Q157144,Vinnytsia,49.23722222,28.46722222,True,,2023-01,M,True,91,0.9530747986754243
14205483,"Sindarov, Javokhir",UZB,M,GM,,,,2654,0,10,2005,,True,14205483,2005-12-08,wikidata_exact_year_agrees,north,resolved_unique_birthplace,Q27532037,Q269,Tashkent,41.31111111,69.27972222,True,,2023-01,M,False,91,0.9530747986754243
605506,"Bacrot, Etienne",FRA,M,GM,,,,2653,0,10,1983,,True,605506,1983-01-22,wikidata_exact_year_agrees,north,resolved_unique_birthplace,Q289349,Q648,Lille,50.63194444,3.0575,True,,2023-01,M,True,93,0.9373699416126567
1510045,"Tari, Aryan",NOR,M,GM,,,,2653,9,10,1999,,True,1510045,1999-06-04,wikidata_exact_year_agrees,north,resolved_unique_birthplace,Q20808228,Q20,Norway,59.93333333,10.68333333,True,,2023-01,M,False,93,0.9373699416126567
14105730,"Korobov, Anton",UKR,M,GM,,,,2651,12,10,1985,,True,14105730,1985-06-25,wikidata_exact_year_agrees,north,resolved_unique_birthplace,Q591200,Q158751,Mezhdurechensk,53.68638889,88.07027778,True,,2023-01,M,True,95,0.9059602274871215
4120787,"Malakhov, Vladimir",FID,M,GM,,,,2650,0,10,1980,,True,4120787,1980-11-27,wikidata_exact_year_agrees,north,resolved_unique_birthplace,Q703625,Q2630,Ivanovo,57.0,41.0,True,,2023-01,M,True,96,0.8902553704243539
14109182,"Kryvoruchko, Yuriy",UKR,M,GM,,,,2649,0,10,1986,,True,14109182,1986-12-19,wikidata_exact_year_agrees,north,resolved_unique_birthplace,Q1713972,Q36036,Lviv,49.838055;49.841952,24.023055;24.0315921,True,,2023-01,M,True,97,0.8745505133615862
1000268,"Van Wely, Loek",NED,M,GM,,,,2648,1,10,1972,,True,1000268,1972-10-07,wikidata_exact_year_agrees,north,resolved_unique_birthplace,Q956390,Q9815,Bernheze,51.6931,5.5253,True,,2023-01,M,True,98,0.8588456562988186
13401653,"Mamedov, Rauf",AZE,M,GM,,,,2646,0,10,1988,,True,13401653,1988-04-26,wikidata_exact_year_agrees,north,resolved_unique_birthplace,Q574962,Q9248,Baku,40.36665556,49.83518333,True,,2023-01,M,True,99,0.8274359421732833
1126881,"Swiercz, Dariusz",USA,M,GM,,,,2646,0,10,1994,,True,1126881,1994-05-31,wikidata_exact_year_agrees,north,resolved_unique_birthplace,Q1992664,Q329833,Tarnowskie Góry,50.44527778,18.86138889,True,,2023-01,M,True,99,0.8274359421732833
13302485,"Melkumyan, Hrant",ARM,M,GM,,,,2645,0,10,1989,,True,13302485,1989-04-30,wikidata_exact_year_agrees,north,resolved_unique_birthplace,Q1382386,Q1953,Yerevan,40.18138889,44.51444444,True,,2023-01,M,True,101,0.8117310851105156
12401110,"Nguyen, Ngoc Truong Son",VIE,M,GM,,,,2645,0,10,1990,,True,12401110,1990-02-23,wikidata_exact_year_agrees,north,resolved_unique_birthplace,Q2111035,Q36093,Rạch Giá,10.0125,105.08083333,True,,2023-01,M,True,101,0.8117310851105156
13402960,"Abasov, Nijat",AZE,M,GM,,,,2643,0,10,1995,,True,13402960,1995-05-14,wikidata_exact_year_agrees,north,resolved_unique_birthplace,Q388220,Q9248,Baku,40.36665556,49.83518333,True,,2023-01,M,False,103,0.7803213709849803
5021596,"Sethuraman, S.P.",IND,M,GM,,,,2642,0,10,1993,,True,5021596,1993-02-25,wikidata_exact_year_agrees,north,resolved_unique_birthplace,Q11802586,Q1352,Chennai,13.0825,80.275,True,,2023-01,M,True,104,0.7646165139222127
911925,"Indjic, Aleksandar",SRB,M,GM,,,,2641,9,10,1995,,True,911925,1995-08-24,wikidata_exact_year_agrees,north,resolved_unique_birthplace,Q16655550,Q3711,Belgrade,44.81777778,20.45694444,True,,2023-01,M,False,105,0.7489116568594452
14102536,"Fedorchuk, Sergey A.",UKR,M,GM,,,,2640,1,10,1981,,True,14102536,1981-03-14,wikidata_exact_year_agrees,north,resolved_unique_birthplace,Q303873,Q157144,Vinnytsia,49.23722222,28.46722222,True,,2023-01,M,True,106,0.7332067997966775
2056437,"Liang, Awonder",USA,M,GM,,,,2640,16,10,2003,,True,2056437,2003-04-09,wikidata_exact_year_agrees,north,resolved_unique_birthplace,Q4830120,Q43788,Madison,43.07472222,-89.38416667,True,,2023-01,M,False,106,0.7332067997966775
712779,"Gledura, Benjamin",HUN,M,GM,,FI,,2639,9,10,1999,,True,712779,1999-07-04,wikidata_exact_year_agrees,north,resolved_unique_birthplace,Q22570141,Q167109,Eger,47.89888889,20.37472222,True,,2023-01,M,False,108,0.7175019427339099
1610856,"Ragger, Markus",AUT,M,GM,,,,2638,3,10,1988,,True,1610856,1988-02-05,wikidata_exact_year_agrees,north,resolved_unique_birthplace,Q688382,Q41753,Klagenfurt am Wörthersee,46.61666667,14.3,True,,2023-01,M,True,109,0.7017970856711422
14926970,"Pechac, Jergus",SVK,M,GM,,,,2637,3,10,2001,,True,14926970,2001-10-31,wikidata_exact_year_agrees,north,resolved_unique_birthplace,Q27529495,Q214,Slovakia,48.7,19.7,True,,2023-01,M,False,110,0.6860922286083746
3901211,"Iturrizaga Bonelli, Eduardo",ESP,M,GM,,,,2636,0,10,1989,,True,3901211,1989-11-01,wikidata_exact_year_agrees,north,resolved_unique_birthplace,Q5340641,Q1533,Caracas,10.50611111,-66.91444444,True,,2023-01,M,True,111,0.6703873715456069
4173708,"Rakhmanov, Aleksandr",FID,M,GM,,FT,,2635,9,10,1989,,True,4173708,1989-08-28,wikidata_exact_year_agrees,north,resolved_unique_birthplace,Q4391159,Q2144,Cherepovets,59.13333333,37.91666667,True,,2023-01,M,True,112,0.6546825144828393
5004985,"Sasikiran, Krishnan",IND,M,GM,,,,2635,0,10,1981,,True,5004985,1981-01-07,wikidata_exact_year_agrees,north,resolved_unique_birthplace,Q371180,Q1352,Chennai,13.0825,80.275,True,,2023-01,M,True,112,0.6546825144828393
718572,"Berkes, Ferenc",HUN,M,GM,,,,2633,12,10,1985,,True,718572,1985-08-08,wikidata_exact_year_agrees,north,resolved_unique_birthplace,Q793526,Q203344,Baja,46.18333333,18.95361111,True,,2023-01,M,True,114,0.623272800357304
12510130,"Idani, Pouya",IRI,M,GM,,,,2633,10,10,1995,,True,12510130,1995-09-22,wikidata_exact_year_agrees,north,resolved_unique_birthplace,Q27525927,Q170366,Ahvaz,31.31888889,48.68416667,True,,2023-01,M,False,114,0.623272800357304
4108116,"Chigaev, Maksim",FID,M,GM,,,,2632,0,10,1996,,True,4108116,1996-11-07,wikidata_exact_year_agrees,north,resolved_unique_birthplace,Q26990815,Q6066,Kemerovo,55.33333333,86.06666667,True,,2023-01,M,False,116,0.6075679432945364
2809052,"Nabaty, Tamir",ISR,M,GM,,,,2632,5,10,1991,,True,2809052,1991-05-04,wikidata_exact_year_agrees,north,resolved_unique_birthplace,Q1620593,Q168162,Ness Ziona,31.93333333,34.8,True,,2023-01,M,True,116,0.6075679432945364
13300857,"Petrosyan, Manuel",ARM,M,GM,,,,2632,10,10,1998,,True,13300857,1998-05-06,wikidata_exact_year_agrees,north,resolved_unique_birthplace,Q27529864,Q129352,Khankendi,39.81527778,46.75194444,True,,2023-01,M,False,116,0.6075679432945364
14109530,"Areshchenko, Alexander",UKR,M,GM,,,,2631,0,10,1986,,True,14109530,1986-06-15,wikidata_exact_year_agrees,north,resolved_unique_birthplace,Q251611,Q134279,Luhansk,48.5717084,39.2973153,True,,2023-01,M,True,119,0.5918630862317688
404853,"McShane, Luke J",ENG,M,GM,,,,2631,0,10,1984,,True,404853,1984-01-07,wikidata_exact_year_agrees,north,resolved_unique_birthplace,Q392661,Q84,London,51.50722222,-0.1275,True,,2023-01,M,True,119,0.5918630862317688
1503707,"Hammer, Jon Ludvig",NOR,M,GM,,,,2630,0,10,1990,,True,1503707,1990-06-02,wikidata_exact_year_agrees,north,resolved_unique_birthplace,Q1152824,Q26793,Bergen,60.3925,5.32333333,True,,2023-01,M,True,121,0.5761582291690012
13306766,"Sargsyan, Shant",ARM,M,GM,,,,2630,9,10,2002,,True,13306766,2002-01-27,wikidata_exact_year_agrees,north,resolved_unique_birthplace,Q27531213,Q1953,Yerevan,40.18138889,44.51444444,True,,2023-01,M,False,121,0.5761582291690012
14203987,"Yakubboev, Nodirbek",UZB,M,GM,,,,2630,9,10,2002,,True,14203987,2002-01-23,wikidata_exact_year_agrees,north,resolved_unique_birthplace,Q27534239,Q269,Tashkent,41.31111111,69.27972222,True,,2023-01,M,False,121,0.5761582291690012
14603853,"Lenic, Luka",SLO,M,GM,,,,2629,0,10,1988,,True,14603853,1988-05-13,wikidata_exact_year_agrees,north,resolved_unique_birthplace,Q780927,Q437,Ljubljana,46.05138889,14.50611111,True,,2023-01,M,True,124,0.5604533721062335
4201345,"Papaioannou, Ioannis",GRE,M,GM,,FT,,2628,0,10,1976,,True,4201345,1976-04-20,wikidata_exact_year_agrees,north,resolved_unique_birthplace,Q3657177,Q1524,Athens,37.98416667,23.72805556,True,,2023-01,M,True,125,0.5447485150434659
24603295,"Donchenko, Alexander",GER,M,GM,,,,2627,9,10,1998,,True,24603295,1998-03-22,wikidata_exact_year_agrees,north,resolved_unique_birthplace,Q19615148,Q649,Moscow,55.75055556,37.6175,True,,2023-01,M,False,126,0.5290436579806982
1007998,"L'Ami, Erwin",NED,M,GM,,,,2627,0,10,1985,,True,1007998,1985-04-05,wikidata_exact_year_agrees,north,resolved_unique_birthplace,Q1363654,Q5128,Woerden,52.08583333,4.88333333,True,,2023-01,M,True,126,0.5290436579806982
4170350,"Popov, Ivan",RUS,M,GM,,,,2627,0,10,1990,,True,4170350,1990-03-20,wikidata_exact_year_agrees,north,resolved_unique_birthplace,Q3429656,Q908,Rostov-on-Don,47.2225,39.71,True,,2023-01,M,True,126,0.5290436579806982
35093487,"Sadhwani, Raunak",IND,M,GM,,,,2627,0,10,2005,,True,35093487,2005-12-22,wikidata_exact_year_agrees,north,resolved_unique_birthplace,Q72088964,Q1513,Nagpur,21.14972222,79.08055556,True,,2023-01,M,False,126,0.5290436579806982
13306677,"Hakobyan, Aram",ARM,M,GM,,,,2626,9,10,2001,,True,13306677,2001-04-01,wikidata_exact_year_agrees,north,resolved_unique_birthplace,Q27525651,Q1953,Yerevan,40.18138889,44.51444444,True,,2023-01,M,False,130,0.5133388009179306
5074452,"Karthikeyan, Murali",IND,M,GM,,,,2626,19,10,1999,,True,5074452,1999-05-01,wikidata_exact_year_agrees,north,resolved_unique_birthplace,Q6937282,Q41496,Thanjavur,10.787,79.137806,True,,2023-01,M,False,130,0.5133388009179306
4125029,"Riazantsev, Alexander",RUS,M,GM,,,,2626,0,10,1985,,True,4125029,1985-09-12,wikidata_exact_year_agrees,north,resolved_unique_birthplace,Q115814,Q649,Moscow,55.75055556,37.6175,True,,2023-01,M,True,130,0.5133388009179306
4160258,"Demchenko, Anton",FID,M,GM,,,,2625,10,10,1987,,True,4160258,1987-08-20,wikidata_exact_year_agrees,north,resolved_unique_birthplace,Q4157722,Q15760,Novorossiysk,44.71666667,37.76666667,True,,2023-01,M,True,133,0.49763394385516296
4121830,"Motylev, Alexander",FID,M,GM,,FST,,2624,2,10,1979,,True,4121830,1979-06-17,wikidata_exact_year_agrees,north,resolved_unique_birthplace,Q938831,Q887,Yekaterinburg,56.83555556,60.61277778,True,,2023-01,M,True,134,0.4819290867923953
5016690,"Negi, Parimarjan",IND,M,GM,,,,2624,9,10,1993,,True,5016690,1993-02-09,wikidata_exact_year_agrees,north,resolved_unique_birthplace,Q500436,Q987,New Delhi,28.61388889,77.20888889,True,,2023-01,M,True,134,0.4819290867923953
409561,"Jones, Gawain C B",ENG,M,GM,,,,2623,10,10,1987,,True,409561,1987-12-11,wikidata_exact_year_agrees,north,resolved_unique_birthplace,Q541729,Q990168,Keighley,53.86666667,-1.91666667,True,,2023-01,M,True,136,0.4662242297296277
14116804,"Zherebukh, Yaroslav",USA,M,GM,,,,2623,0,10,1993,,True,14116804,1993-07-14,wikidata_exact_year_agrees,north,resolved_unique_birthplace,Q982242,Q36036,Lviv,49.838055;49.841952,24.023055;24.0315921,True,,2023-01,M,True,136,0.4662242297296277
608742,"Fressinet, Laurent",FRA,M,GM,,,,2622,0,10,1981,,True,608742,1981-11-30,wikidata_exact_year_agrees,north,resolved_unique_birthplace,Q1383467,Q188878,Dax,43.70694444,-1.05138889,True,,2023-01,M,True,138,0.4505193726668601
2026961,"Naroditsky, Daniel",USA,M,GM,,,,2622,7,10,1995,,True,2026961,1995-11-09,wikidata_exact_year_agrees,north,resolved_unique_birthplace,Q5218240,Q169943,San Mateo,37.55416667,-122.31305556,True,,2023-01,M,False,138,0.4505193726668601
13301004,"Grigoryan, Karen H.",ARM,M,GM,,,,2621,10,10,1995,,True,13301004,1995-02-25,wikidata_exact_year_agrees,north,resolved_unique_birthplace,Q14920221,Q1953,Yerevan,40.18138889,44.51444444,True,,2023-01,M,False,140,0.43481451560409246
1107038,"Socko, Bartosz",POL,M,GM,,,,2620,0,10,1978,,True,1107038,1978-11-10,wikidata_exact_year_agrees,north,resolved_unique_birthplace,Q809574,Q741876,Piaseczno,52.0747377,21.0270885,True,,2023-01,M,True,141,0.4191096585413248
4657101,"Svane, Rasmus",GER,M,GM,,,,2620,9,10,1997,,True,4657101,1997-05-21,wikidata_exact_year_agrees,north,resolved_unique_birthplace,Q20179966,Q499479,Allerød Municipality,55.86666667,12.36666667,True,,2023-01,M,False,141,0.4191096585413248
14114038,"Onyshchuk, Volodymyr",UKR,M,GM,,,,2619,0,10,1991,,True,14114038,1991-07-21,wikidata_exact_year_agrees,north,resolved_unique_birthplace,Q4334927,Q156726,Ivano-Frankivsk,48.92277778,24.71055556,True,,2023-01,M,True,143,0.4034048014785572
813192,"Vocaturo, Daniele",ITA,M,GM,,,,2619,0,10,1989,,True,813192,1989-12-16,wikidata_exact_year_agrees,north,resolved_unique_birthplace,Q2392158,Q220,Rome,41.89305556,12.48277778,True,,2023-01,M,False,143,0.4034048014785572
1017063,"Bok, Benjamin",NED,M,GM,,,,2618,0,10,1995,,True,1017063,1995-01-25,wikidata_exact_year_agrees,north,resolved_unique_birthplace,Q1853719,Q166065,Lelystad,52.51666667,5.48333333,True,,2023-01,M,False,145,0.38769994441578953
13402935,"Durarbayli, Vasif",AZE,M,GM,,,,2618,10,10,1992,,True,13402935,1992-02-24,wikidata_exact_year_agrees,north,resolved_unique_birthplace,Q535368,Q179833,Sumgait,40.59611111,49.67,True,,2023-01,M,True,145,0.38769994441578953
4625498,"Gustafsson, Jan",GER,M,GM,,FST,,2618,0,10,1979,,True,4625498,1979-06-25,wikidata_exact_year_agrees,north,resolved_unique_birthplace,Q70780,Q1055,Hamburg,53.55,10.0,True,,2023-01,M,True,145,0.38769994441578953
14112906,"Kuzubov, Yuriy",UKR,M,GM,,,,2618,0,10,1990,,True,14112906,1990-01-26,wikidata_exact_year_agrees,north,resolved_unique_birthplace,Q965419,Q196533,Sychyovka,55.82527778,34.27361111,True,,2023-01,M,True,145,0.38769994441578953
13402129,"Safarli, Eltaj",AZE,M,GM,,,,2618,18,10,1992,,True,13402129,1992-05-18,wikidata_exact_year_agrees,north,resolved_unique_birthplace,Q1334037,Q9248,Baku,40.36665556,49.83518333,True,,2023-01,M,True,145,0.38769994441578953
1444948,"Bjerre, Jonas Buhl",DEN,M,GM,,,,2616,1,10,2004,,True,1444948,2004-06-26,wikidata_exact_year_agrees,north,resolved_unique_birthplace,Q27523653,Q21180,Silkeborg,56.16666667,9.55,True,,2023-01,M,False,150,0.35629023029025425
2806851,"Rodshtein, Maxim",ISR,M,GM,,,,2616,3,10,1989,,True,2806851,1989-01-19,wikidata_exact_year_agrees,north,resolved_unique_birthplace,Q1335244,Q656,Saint Petersburg,59.95,30.31666667,True,,2023-01,M,True,150,0.35629023029025425
1048104,"Warmerdam, Max",NED,M,GM,,,,2616,1,10,2000,,True,1048104,2000-03-30,wikidata_exact_year_agrees,north,resolved_unique_birthplace,Q27534104,Q1019522,Tegelen,51.3422,6.1364,True,,2023-01,M,False,150,0.35629023029025425
1112635,"Bartel, Mateusz",POL,M,GM,,,,2615,9,10,1985,,True,1112635,1985-01-03,wikidata_exact_year_agrees,north,resolved_unique_birthplace,Q724047,Q270,Warsaw,52.23,21.01111111,True,,2023-01,M,True,153,0.34058537322748667
4675789,"Meier, Georg",URU,M,GM,,,,2615,0,10,1987,,True,4675789,1987-08-26,wikidata_exact_year_agrees,north,resolved_unique_birthplace,Q68688,Q3138,Trier,49.75565,6.63935,True,,2023-01,M,True,153,0.34058537322748667
310204,"Movsesian, Sergei",ARM,M,GM,,FT,,2615,2,10,1978,,True,310204,1978-11-03,wikidata_exact_year_agrees,north,resolved_unique_birthplace,Q460020,Q994,Tbilisi,41.7225,44.7925,True,,2023-01,M,True,153,0.34058537322748667
2802007,"Sutovsky, Emil",ISR,M,GM,,,,2615,0,10,1977,,True,2802007,1977-09-19,wikidata_exact_year_agrees,north,resolved_unique_birthplace,Q670159,Q9248,Baku,40.36665556,49.83518333,True,,2023-01,M,True,153,0.34058537322748667
2200015,"Illescas Cordoba, Miguel",ESP,M,GM,,,,2614,0,10,1965,,True,2200015,1965-12-03,wikidata_exact_year_agrees,north,resolved_unique_birthplace,Q212554,Q1492,Barcelona,41.3825,2.17694444,True,,2023-01,M,True,157,0.324880516164719
5072786,"Aravindh, Chithambaram VR.",IND,M,GM,,,,2613,10,10,1999,,True,5072786,1999-09-11,wikidata_exact_year_agrees,north,resolved_unique_birthplace,Q18202648,Q228405,Madurai,9.91966111,78.11939444,True,,2023-01,M,False,158,0.3091756591019514
3503739,"Bruzon Batista, Lazaro",USA,M,GM,,,,2613,9,10,1982,,True,3503739,1982-05-02,wikidata_exact_year_agrees,north,resolved_unique_birthplace,Q932307,Q244154,Holguin,20.88722222,-76.26305556,True,,2023-01,M,True,158,0.3091756591019514
240990,"Dardha, Daniel",BEL,M,GM,,,,2613,12,10,2005,,True,240990,2005-10-01,wikidata_exact_year_agrees,north,resolved_unique_birthplace,Q66923136,Q688781,Mortsel,51.17027778,4.45666667,True,,2023-01,M,False,158,0.3091756591019514
13300032,"Akopian, Vladimir",USA,M,GM,,,,2612,0,10,1971,,True,13300032,1971-12-07,wikidata_exact_year_agrees,north,resolved_unique_birthplace,Q380839,Q9248,Baku,40.36665556,49.83518333,True,,2023-01,M,True,161,0.29347080203918374
722413,"Banusz, Tamas",HUN,M,GM,,,,2611,2,10,1989,,True,722413,1989-04-08,wikidata_exact_year_agrees,north,resolved_unique_birthplace,Q1169976,Q320798,Mohács,45.99583333,18.67972222,True,,2023-01,M,True,162,0.2777659449764161
5018471,"Adhiban, B.",IND,M,GM,,,,2610,10,10,1992,,True,5018471,1992-08-15,wikidata_exact_year_agrees,north,resolved_unique_birthplace,Q795182,Q339986,Mayiladuthurai,11.10194444,79.65,True,,2023-01,M,True,163,0.26206108791364846
1413864,"Andersen, Mads",DEN,M,GM,,,,2609,1,10,1995,,True,1413864,1995-03-01,wikidata_exact_year_agrees,north,resolved_unique_birthplace,Q26262320,Q226,Nuuk,64.175,-51.73333333,True,,2023-01,M,False,164,0.24635623085088085
728446,"Balog, Imre",HUN,M,GM,,,,2609,3,10,1991,,True,728446,1991-10-28,wikidata_exact_year_agrees,north,resolved_unique_birthplace,Q1471416,Q178878,Békéscsaba,46.68333333,21.08333333,True,,2023-01,M,True,164,0.24635623085088085
14100371,"Bernadskiy, Vitaliy",UKR,M,GM,,,,2609,19,10,1994,,True,14100371,1994-10-17,wikidata_exact_year_agrees,north,resolved_unique_birthplace,Q18236512,Q157725,Chernivtsi,48.29083333,25.93444444,True,,2023-01,M,False,164,0.24635623085088085
2606771,"Hansen, Eric",CAN,M,GM,,,,2609,0,10,1992,,True,2606771,1992-05-24,wikidata_exact_year_agrees,north,resolved_unique_birthplace,Q5386660,Q49219,Irvine,33.68416667,-117.7925,True,,2023-01,M,True,164,0.24635623085088085
13702661,"Jumabayev, Rinat",KAZ,M,GM,,,,2609,0,10,1989,,True,13702661,1989-07-23,wikidata_exact_year_agrees,north,resolved_unique_birthplace,Q4181620,Q485496,Shymkent,42.3,69.6,True,,2023-01,M,True,164,0.24635623085088085
921637,"Markus, Robert",SRB,M,GM,,,,2609,2,10,1983,,True,921637,1983-10-07,wikidata_exact_year_agrees,north,resolved_unique_birthplace,Q1124934,Q597513,Bačka Topola,45.80888889,19.635,True,,2023-01,M,True,164,0.24635623085088085
1130420,"Piorun, Kacper",POL,M,GM,,,,2609,2,10,1991,,True,1130420,1991-11-24,wikidata_exact_year_agrees,north,resolved_unique_birthplace,Q4386158,Q109992,Łowicz,52.1,19.93333333,True,,2023-01,M,True,164,0.24635623085088085
6302718,"Yilmaz, Mustafa",TUR,M,GM,,,,2609,9,10,1992,,True,6302718,1992-11-05,wikidata_exact_year_agrees,north,resolved_unique_birthplace,Q14703323,Q483191,Kastamonu Province,41.51944444,33.68972222,True,,2023-01,M,True,164,0.24635623085088085
5084423,Aryan Chopra,IND,M,GM,,,,2607,18,10,2001,,True,5084423,2001-12-10,wikidata_exact_year_agrees,north,resolved_unique_birthplace,Q27063238,Q987,New Delhi,28.61388889,77.20888889,True,,2023-01,M,False,172,0.21494651672534557
14201801,"Vakhidov, Jakhongir",UZB,M,GM,,,,2607,0,10,1995,,True,14201801,1995-04-27,wikidata_exact_year_agrees,north,resolved_unique_birthplace,Q20631628,Q5753,Samarkand,39.65472222,66.97583333,True,,2023-01,M,False,172,0.21494651672534557
4100107,"Dreev, Aleksey",RUS,M,GM,,,,2606,0,10,1969,,True,4100107,1969-01-30,wikidata_exact_year_agrees,north,resolved_unique_birthplace,Q543241,Q5206,Stavropol,45.05,41.98333333,True,,2023-01,M,True,174,0.19924165966257792
12909572,"Kollars, Dmitrij",GER,M,GM,,,,2606,10,10,1999,,True,12909572,1999-08-13,wikidata_exact_year_agrees,north,resolved_unique_birthplace,Q27526663,Q24879,Bremen,53.07583333,8.80722222,True,,2023-01,M,False,174,0.19924165966257792
11601388,"Neiksans, Arturs",LAT,M,GM,,,,2606,0,10,1983,,True,11601388,1983-03-16,wikidata_exact_year_agrees,north,resolved_unique_birthplace,Q1973188,Q323774,Valka,57.77527778,26.02138889,True,,2023-01,M,True,174,0.19924165966257792
5045185,"Vaibhav, Suri",IND,M,GM,,,,2606,0,10,1997,,True,5045185,1997-02-08,wikidata_exact_year_agrees,north,resolved_unique_birthplace,Q16628894,Q987,New Delhi,28.61388889,77.20888889,True,,2023-01,M,False,174,0.19924165966257792
4202694,"Mastrovasilis, Dimitrios",GRE,M,GM,,,,2605,0,10,1983,,True,4202694,1983-06-12,wikidata_exact_year_agrees,north,resolved_unique_birthplace,Q2616379,Q17151,Thessaloniki,40.64027778,22.93555556,True,,2023-01,M,True,178,0.1835368025998103
13302531,"Ter-Sahakyan, Samvel",ARM,M,GM,,,,2605,0,10,1993,,True,13302531,1993-09-19,wikidata_exact_year_agrees,north,resolved_unique_birthplace,Q4455415,Q62337,Vanadzor,40.81277778,44.48833333,True,,2023-01,M,True,178,0.1835368025998103
1304364,"Milov, Vadim",SUI,M,GM,,,,2604,1,10,1972,,True,1304364,1972-08-01,wikidata_exact_year_agrees,north,resolved_unique_birthplace,Q667067,Q911,Ufa,54.72611111,55.9475,True,,2023-01,M,True,180,0.16783194553704267
3509362,"Quesada Perez, Yasser",CUB,M,GM,,,,2604,9,10,1992,,True,3509362,1992-05-23,wikidata_exact_year_agrees,north,resolved_unique_birthplace,Q27530208,Q211590,Santa Clara,22.40666667,-79.95305556,True,,2023-01,M,False,180,0.16783194553704267
24131423,"Yuffa, Daniil",ESP,M,GM,,,,2604,9,10,1997,,True,24131423,1997-02-25,wikidata_exact_year_agrees,north,resolved_unique_birthplace,Q26990817,Q5815,Tyumen,57.15,65.53333333,True,,2023-01,M,False,180,0.16783194553704267
8600694,"Zhang, Zhong",CHN,M,GM,,,,2604,0,10,1978,,True,8600694,1978-09-05,wikidata_exact_year_agrees,north,resolved_unique_birthplace,Q197348,Q11725,Chongqing,29.55,106.50694444,True,,2023-01,M,True,180,0.16783194553704267
14200937,"Gareyev, Timur",USA,M,GM,,,,2602,0,10,1988,,True,14200937,1988-03-03,wikidata_exact_year_agrees,north,resolved_unique_birthplace,Q1347365,Q269,Tashkent,41.31111111,69.27972222,True,,2023-01,M,True,184,0.1364222314115074
1202758,"Nisipeanu, Liviu-Dieter",GER,M,GM,,,,2602,0,10,1976,,True,1202758,1976-08-01,wikidata_exact_year_agrees,north,resolved_unique_birthplace,Q550688,Q82174,Brașov,45.65222222,25.61055556,True,,2023-01,M,True,184,0.1364222314115074
8602522,"Zhao, Jun",CHN,M,GM,,FT,,2602,0,10,1986,,True,8602522,1986-12-12,wikidata_exact_year_agrees,north,resolved_unique_birthplace,Q3357852,Q170247,Jinan,36.66666667,116.98333333,True,,2023-01,M,True,184,0.1364222314115074
4667719,"Baramidze, David",GER,M,GM,,,,2601,0,10,1988,,True,4667719,1988-09-27,wikidata_exact_year_agrees,north,resolved_unique_birthplace,Q66850,Q994,Tbilisi,41.7225,44.7925,True,,2023-01,M,True,187,0.12071737434873976
13301527,"Gharamian, Tigran",FRA,M,GM,,,,2601,0,10,1984,,True,13301527,1984-07-24,wikidata_exact_year_agrees,north,resolved_unique_birthplace,Q968861,Q1953,Yerevan,40.18138889,44.51444444,True,,2023-01,M,True,187,0.12071737434873976
5010608,"Gupta, Abhijeet",IND,M,GM,,FT,,2601,0,10,1989,,True,5010608,1989-10-16,wikidata_exact_year_agrees,north,resolved_unique_birthplace,Q320570,Q760146,Bhilwara,25.34694444;25.35,74.63333333;74.64083333,True,,2023-01,M,True,187,0.12071737434873976
603767,"Bauer, Christian",FRA,M,GM,,,,2600,3,10,1977,,True,603767,1977-01-11,wikidata_exact_year_agrees,north,resolved_unique_birthplace,Q1078924,Q22703,Forbach,49.18805556,6.9,True,,2023-01,M,True,190,0.10501251728597213
14506688,"Brkic, Ante",CRO,M,GM,,FT,,2600,12,10,1988,,True,14506688,1988-03-31,wikidata_exact_year_agrees,north,multiple_birthplaces_same_hemisphere,Q360308,Q1284329;Q209062,Socialist Republic of Croatia;Stari Mikanovci,45.28333333;45.81611111,15.97416667;18.55,True,,2023-01,M,True,190,0.10501251728597213
6302181,"Can, Emre",TUR,M,GM,,,,2600,0,10,1990,,True,6302181,1990-01-21,wikidata_exact_year_agrees,north,resolved_unique_birthplace,Q1339557,Q35997,İzmir,38.41273,27.13838,True,,2023-01,M,False,190,0.10501251728597213
4107012,"Antipov, Mikhail Al.",FID,M,GM,,,,2599,9,10,1997,,True,4107012,1997-06-10,wikidata_exact_year_agrees,north,resolved_unique_birthplace,Q16272457,Q649,Moscow,55.75055556,37.6175,True,,2023-01,M,False,193,0.0893076602232045
4202031,"Banikas, Hristos",GRE,M,GM,,,,2599,0,10,1978,,True,4202031,1978-05-20,wikidata_exact_year_agrees,north,resolved_unique_birthplace,Q2565820,Q17151,Thessaloniki,40.64027778,22.93555556,True,,2023-01,M,True,193,0.0893076602232045
5078776,Harsha Bharathakoti,IND,M,GM,,,,2599,10,10,2000,,True,5078776,2000-02-07,wikidata_exact_year_agrees,north,resolved_unique_birthplace,Q27525699,Q3764410,Guntur Lok Sabha constituency,16.3,80.4,True,,2023-01,M,False,193,0.0893076602232045
14700077,"Amonatov, Farrukh",TJK,M,GM,,FST,,2598,0,10,1978,,True,14700077,1978-04-13,wikidata_exact_year_agrees,north,resolved_unique_birthplace,Q1293356,Q9365,Dushanbe,38.57305556,68.78638889,True,,2023-01,M,True,196,0.07360280316043687
24604747,"Huschenbeth, Niclas",GER,M,GM,,,,2598,0,10,1992,,True,24604747,1992-02-29,wikidata_exact_year_agrees,north,resolved_unique_birthplace,Q109717,Q165380,Hann. Münden,51.41666667,9.65,True,,2023-01,M,False,196,0.07360280316043687
13400312,"Iskandarov, Misratdin",AZE,M,GM,,,,2598,0,10,1995,,True,13400312,1995-01-14,wikidata_exact_year_agrees,north,resolved_unique_birthplace,Q27525982,Q179833,Sumgait,40.59611111,49.67,True,,2023-01,M,False,196,0.07360280316043687
4113403,"Zvjaginsev, Vadim",RUS,M,GM,,,,2598,0,10,1976,,True,4113403,1976-08-18,wikidata_exact_year_agrees,north,resolved_unique_birthplace,Q910231,Q649,Moscow,55.75055556,37.6175,True,,2023-01,M,True,196,0.07360280316043687
4663527,"Braun, Arik",GER,M,GM,,,,2597,0,10,1988,,True,4663527,1988-02-08,wikidata_exact_year_agrees,north,resolved_unique_birthplace,Q85170,Q522443,Aresing,48.53333333,11.3,True,,2023-01,M,True,200,0.05789794609766923
13302507,"Hovhannisyan, Robert",ARM,M,GM,,,,2597,0,10,1991,,True,13302507,1991-03-23,wikidata_exact_year_agrees,north,resolved_unique_birthplace,Q2616692,Q1953,Yerevan,40.18138889,44.51444444,True,,2023-01,M,True,200,0.05789794609766923
4150120,"Lysyj, Igor",FID,M,GM,,"FST,FST",,2597,0,10,1987,,True,4150120,1987-01-01,wikidata_exact_year_agrees,north,resolved_unique_birthplace,Q4270810,Q887,Yekaterinburg,56.83555556,60.61277778,True,,2023-01,M,True,200,0.05789794609766923
13602071,"Pantsulaia, Levan",GEO,M,GM,,,,2597,8,10,1986,,True,13602071,1986-02-26,wikidata_exact_year_agrees,north,resolved_unique_birthplace,Q359802,Q994,Tbilisi,41.7225,44.7925,True,,2023-01,M,True,200,0.05789794609766923
400025,"Short, Nigel D",ENG,M,GM,,,,2597,0,10,1965,,True,400025,1965-06-01,wikidata_exact_year_agrees,north,resolved_unique_birthplace,Q313778,Q2588021,Leigh,53.4975,-2.515,True,,2023-01,M,True,200,0.05789794609766923
315303,"Zilka, Stepan",CZE,M,GM,,,,2597,8,10,1988,,True,315303,1988-11-11,wikidata_exact_year_agrees,north,resolved_unique_birthplace,Q18274585,Q383850,Litovel,49.70122518,17.07619065,True,,2023-01,M,True,200,0.05789794609766923
10601619,"Adly, Ahmed",EGY,M,GM,,,,2596,0,10,1987,,True,10601619,1987-02-19,wikidata_exact_year_agrees,north,resolved_unique_birthplace,Q93883,Q85,Cairo,30.04444444,31.23583333,True,,2023-01,M,True,206,0.0421930890349016
8603332,"Lu, Shanglei",CHN,M,GM,,,,2596,0,10,1995,,True,8603332,1995-07-10,wikidata_exact_year_agrees,north,resolved_unique_birthplace,Q1631301,Q11720,Shenyang,41.8025,123.42805556,True,,2023-01,M,False,206,0.0421930890349016
5061245,"Puranik, Abhimanyu",IND,M,GM,,,,2596,14,10,2000,,True,5061245,2000-02-11,wikidata_exact_year_agrees,north,resolved_unique_birthplace,Q27530183,Q1156,Mumbai,19.07583333,72.8775,True,,2023-01,M,False,206,0.0421930890349016
4148843,"Romanov, Evgeny",NOR,M,GM,,,,2596,1,10,1988,,True,4148843,1988-11-02,wikidata_exact_year_agrees,north,resolved_unique_birthplace,Q4397154,Q1829,Kaliningrad,54.71666667,20.5,True,,2023-01,M,True,206,0.0421930890349016
2801990,"Smirin, Ilia",ISR,M,GM,,,,2596,0,10,1968,,True,2801990,1968-01-12,wikidata_exact_year_agrees,north,resolved_unique_birthplace,Q535460,Q102217,Vitebsk,55.18333333,30.16666667,True,,2023-01,M,True,206,0.0421930890349016
1124668,"Tomczak, Jacek",POL,M,GM,,,,2596,0,10,1990,,True,1124668,1990-03-05,wikidata_exact_year_agrees,north,resolved_unique_birthplace,Q195296,Q387260,Śrem,52.08861111,17.015,True,,2023-01,M,True,206,0.0421930890349016
11600454,"Fridman, Daniel",GER,M,GM,,FST,,2595,1,10,1976,,True,11600454,1976-02-15,wikidata_exact_year_agrees,north,resolved_unique_birthplace,Q72463,Q1773,Riga,56.9475,24.10694444,True,,2023-01,M,True,212,0.02648823197213396
1116207,"Gajewski, Grzegorz",POL,M,GM,,,,2594,0,10,1985,,True,1116207,1985-07-19,wikidata_exact_year_agrees,north,resolved_unique_birthplace,Q4131618,Q2734,Skierniewice,51.95485;51.9568581,20.1430044;20.15837,True,,2023-01,M,True,213,0.010783374909366327
4142578,"Khismatullin, Denis",RUS,M,GM,,,,2594,0,10,1984,,True,4142578,1984-12-28,wikidata_exact_year_agrees,north,resolved_unique_birthplace,Q504960,Q172601,Neftekamsk,56.08333333,54.25,True,,2023-01,M,True,213,0.010783374909366327
4152417,"Oleksiyenko, Mykhaylo",UKR,M,GM,,,,2594,0,10,1986,,True,4152417,1986-09-30,wikidata_exact_year_agrees,north,resolved_unique_birthplace,Q2074715,Q36036,Lviv,49.838055;49.841952,24.023055;24.0315921,True,,2023-01,M,True,213,0.010783374909366327
13301578,"Pashikian, Arman",ARM,M,GM,,,,2594,0,10,1987,,True,13301578,1987-07-28,wikidata_exact_year_agrees,north,resolved_unique_birthplace,Q676954,Q6576,Irkutsk,52.28916667,104.28,True,,2023-01,M,True,213,0.010783374909366327
4129199,"Grachev, Boris",RUS,M,GM,,,,2592,8,10,1986,,True,4129199,1986-03-27,wikidata_exact_year_agrees,north,resolved_unique_birthplace,Q893748,Q649,Moscow,55.75055556,37.6175,True,,2023-01,M,True,217,-0.02062633921616894
1207822,"Lupulescu, Constantin",ROU,M,GM,,,,2592,0,10,1984,,True,1207822,1984-03-25,wikidata_exact_year_agrees,north,resolved_unique_birthplace,Q725279,Q217131,Buftea,44.57,25.95,True,,2023-01,M,True,217,-0.02062633921616894
13300580,"Akobian, Varuzhan",USA,M,GM,,,,2591,0,10,1983,,True,13300580,1983-11-19,wikidata_exact_year_agrees,north,resolved_unique_birthplace,Q585320,Q1953,Yerevan,40.18138889,44.51444444,True,,2023-01,M,True,219,-0.03633119627893657
616915,"Gozzoli, Yannick",FRA,M,GM,,,,2591,0,10,1983,,True,616915,1983-06-02,wikidata_exact_year_agrees,north,resolved_unique_birthplace,Q9383356,Q23482,Marseille,43.29666667,5.37638889,True,,2023-01,M,True,219,-0.03633119627893657
2257327,"Salgado Lopez, Ivan",ESP,M,GM,,,,2591,0,10,1991,,True,2257327,1991-06-29,wikidata_exact_year_agrees,north,resolved_unique_birthplace,Q2357364,Q99151,Ourense,42.33556,-7.86406,True,,2023-01,M,True,219,-0.03633119627893657
6300545,"Sanal, Vahap",TUR,M,GM,,,,2590,19,10,1998,,True,6300545,1998-05-26,wikidata_exact_year_agrees,north,resolved_unique_birthplace,Q26255609,Q35997,İzmir,38.41273,27.13838,True,,2023-01,M,False,222,-0.052036053341704205
4262875,"Theodorou, Nikolas",GRE,M,GM,,,,2590,9,10,2000,,True,4262875,2000-09-17,wikidata_exact_year_agrees,north,resolved_unique_birthplace,Q27533120,Q1524,Athens,37.98416667,23.72805556,True,,2023-01,M,False,222,-0.052036053341704205
5015693,Gopal G.N.,IND,M,GM,,,,2589,0,10,1989,,True,5015693,1989-03-29,wikidata_exact_year_agrees,north,resolved_unique_birthplace,Q9266681,Q1186,Kerala,10.0,76.3,True,,2023-01,M,True,224,-0.06774091040447185
13400819,"Mamedov, Nidjat",AZE,M,GM,,,,2589,0,10,1985,,True,13400819,1985-04-02,wikidata_exact_year_agrees,north,resolved_unique_birthplace,Q1469278,Q230104,Nakhchivan,39.20888889,45.41222222,True,,2023-01,M,True,224,-0.06774091040447185
14102595,"Miroshnichenko, Evgenij",UKR,M,GM,,,,2589,0,10,1978,,True,14102595,1978-12-28,wikidata_exact_year_agrees,north,resolved_unique_birthplace,Q183284,Q43070,Donetsk,48.01583333,37.80277778,True,,2023-01,M,True,224,-0.06774091040447185
1122401,"Moranda, Wojciech",POL,M,GM,,,,2589,0,10,1988,,True,1122401,1988-08-17,wikidata_exact_year_agrees,north,resolved_unique_birthplace,Q4302345,Q102317,Kielce,50.86620958;50.8725,20.62722919;20.63194444,True,,2023-01,M,True,224,-0.06774091040447185
4104226,"Sakaev, Konstantin",RUS,M,GM,,,,2589,0,10,1974,,True,4104226,1974-04-13,wikidata_exact_year_agrees,north,resolved_unique_birthplace,Q964923,Q656,Saint Petersburg,59.95,30.31666667,True,,2023-01,M,True,224,-0.06774091040447185
14204223,"Vokhidov, Shamsiddin",UZB,M,GM,,,,2589,9,10,2002,,True,14204223,2002-01-11,wikidata_exact_year_agrees,north,resolved_unique_birthplace,Q27533974,Q265,Uzbekistan,41.0,66.0,True,,2023-01,M,False,224,-0.06774091040447185
4623606,"Dautov, Rustem",GER,M,GM,,,,2588,0,10,1965,,True,4623606,1965-11-28,wikidata_exact_year_agrees,north,resolved_unique_birthplace,Q67746,Q911,Ufa,54.72611111,55.9475,True,,2023-01,M,True,230,-0.08344576746723947
4627253,"Doettling, Fabian",GER,M,GM,,,,2588,0,10,1980,,True,4627253,1980-08-04,wikidata_exact_year_agrees,north,resolved_unique_birthplace,Q90489,Q715,Heilbronn,49.140428,9.217953,True,,2023-01,M,True,230,-0.08344576746723947
719978,"Erdos, Viktor",HUN,M,GM,,,,2588,2,10,1987,,True,719978,1987-09-02,wikidata_exact_year_agrees,north,resolved_unique_birthplace,Q2524265,Q178878,Békéscsaba,46.68333333,21.08333333,True,,2023-01,M,True,230,-0.08344576746723947
4132181,"Kokarev, Dmitry",RUS,M,GM,,,,2588,0,10,1982,,True,4132181,1982-02-18,wikidata_exact_year_agrees,north,resolved_unique_birthplace,Q466232,Q5540,Penza,53.2,45.0,True,,2023-01,M,True,230,-0.08344576746723947
14907526,"Michalik, Peter",CZE,M,GM,,,,2588,4,10,1990,,True,14907526,1990-09-15,wikidata_exact_year_agrees,north,resolved_unique_birthplace,Q539326,Q208750,Prievidza,48.77138889,18.62416667,True,,2023-01,M,False,230,-0.08344576746723947
14400030,"Sokolov, Ivan",NED,M,GM,,FST,,2588,1,10,1968,,True,14400030,1968-06-13,wikidata_exact_year_agrees,north,multiple_birthplaces_same_hemisphere,Q709548,Q11194;Q258429,Jajce;Sarajevo,43.85638889;44.34025278,17.25723333;18.41305556,True,,2023-01,M,True,230,-0.08344576746723947
22291482,"Santos Ruiz, Miguel",ESP,M,GM,,,,2587,0,10,1999,,True,22291482,1999-10-04,wikidata_exact_year_agrees,north,resolved_unique_birthplace,Q27531182,Q753825,Utrera,37.1824646,-5.7817506,True,,2023-01,M,False,236,-0.09915062453000711
14107201,"Efimenko, Zahar",UKR,M,GM,,,,2586,0,10,1985,,True,14107201,1985-07-03,wikidata_exact_year_agrees,north,resolved_unique_birthplace,Q562700,Q157134,Makiivka,48.05555556,37.96111111,True,,2023-01,M,True,237,-0.11485548159277474
200930,"Gurevich, Mikhail",BEL,M,GM,,FST,,2586,2,10,1959,,True,200930,1959-02-22,wikidata_exact_year_agrees,north,resolved_unique_birthplace,Q506493,Q42308,Kharkiv,49.9925,36.23111111,True,,2023-01,M,True,237,-0.11485548159277474
4194985,"Paravyan, David",FID,M,GM,,,,2586,0,10,1998,,True,4194985,1998-03-08,wikidata_exact_year_agrees,north,resolved_unique_birthplace,Q27529186,Q649,Moscow,55.75055556,37.6175,True,,2023-01,M,False,237,-0.11485548159277474
916811,"Solak, Dragan",TUR,M,GM,,,,2586,0,10,1980,,True,916811,1980-03-30,wikidata_exact_year_agrees,north,resolved_unique_birthplace,Q4525983,Q511216,Vrbas,45.56972222,19.63777778,True,,2023-01,M,True,237,-0.11485548159277474
950122,"Ivic, Velimir",SRB,M,GM,,,,2585,10,10,2002,,True,950122,2002-08-27,wikidata_exact_year_agrees,north,resolved_unique_birthplace,Q56084845,Q3711,Belgrade,44.81777778,20.45694444,True,,2023-01,M,False,241,-0.13056033865554237
3504409,"Quesada Perez, Yuniesky",USA,M,GM,,,,2585,9,10,1984,,True,3504409,1984-07-31,wikidata_exact_year_agrees,north,resolved_unique_birthplace,Q924753,Q115434,Villa Clara Province,22.4053,-79.9542,True,,2023-01,M,True,241,-0.13056033865554237
8602956,"Wen, Yang",CHN,M,GM,,,,2585,0,10,1988,,True,8602956,1988-07-07,wikidata_exact_year_agrees,north,resolved_unique_birthplace,Q7982247,Q170247,Jinan,36.66666667,116.98333333,True,,2023-01,M,True,241,-0.13056033865554237
13900200,"Iordachescu, Viorel",MDA,M,GM,,,,2584,0,10,1977,,True,13900200,1977-04-20,wikidata_exact_year_agrees,north,resolved_unique_birthplace,Q1468090,Q21197,Chișinău,47.02277778,28.83527778,True,,2023-01,M,True,244,-0.14626519571831
14403803,"Kadric, Denis",MNE,M,GM,,,,2584,0,10,1995,,True,14403803,1995-06-12,wikidata_exact_year_agrees,north,resolved_unique_birthplace,Q19616398,Q1794,Frankfurt,50.11055556,8.68222222,True,,2023-01,M,False,244,-0.14626519571831
24650684,"Wagner, Dennis",GER,M,GM,,,,2584,0,10,1997,,True,24650684,1997-06-19,wikidata_exact_year_agrees,north,resolved_unique_birthplace,Q19614121,Q2865,Kassel,51.31577778,9.49791667,True,,2023-01,M,False,244,-0.14626519571831
30909694,"Yoo, Christopher Woojin",USA,M,GM,,,,2584,9,10,2006,,True,30909694,2006-12-19,wikidata_exact_year_agrees,north,resolved_unique_birthplace,Q60666311,Q49220,Fremont,37.54861111,-121.98833333,True,,2023-01,M,False,244,-0.14626519571831
1500015,"Agdestein, Simen",NOR,M,GM,,,,2583,0,10,1967,,True,1500015,1967-05-15,wikidata_exact_year_agrees,north,resolved_unique_birthplace,Q381121,Q80593157,Asker,59.7,10.5,True,,2023-01,M,True,248,-0.16197005278107765
662399,"Lagarde, Maxime",FRA,M,GM,,,,2583,9,10,1994,,True,662399,1994-03-16,wikidata_exact_year_agrees,north,resolved_unique_birthplace,Q15206237,Q184159,Niort,46.325,-0.46222222,True,,2023-01,M,False,248,-0.16197005278107765
1039792,"Van Foreest, Lucas",NED,M,GM,,,,2583,9,10,2001,,True,1039792,2001-03-03,wikidata_exact_year_agrees,north,multiple_birthplaces_same_hemisphere,Q27533728,Q10006;Q749,Groningen;Hengelo,52.26555556;53.21888889,6.5675;6.79305556,True,,2023-01,M,False,248,-0.16197005278107765
708020,"Acs, Peter",HUN,M,GM,,,,2582,3,10,1981,,True,708020,1981-05-10,wikidata_exact_year_agrees,north,resolved_unique_birthplace,Q738343,Q167109,Eger,47.89888889,20.37472222,True,,2023-01,M,True,251,-0.1776749098438453
5002150,"Ganguly, Surya Shekhar",IND,M,GM,,,,2582,0,10,1983,,True,5002150,1983-02-24,wikidata_exact_year_agrees,north,resolved_unique_birthplace,Q952098,Q1348,Kolkata,22.5675,88.37,True,,2023-01,M,True,251,-0.1776749098438453
12923044,"Svane, Frederik",GER,M,GM,,,,2581,19,10,2004,,True,12923044,2004-01-21,wikidata_exact_year_agrees,north,resolved_unique_birthplace,Q108577394,Q2843,Lübeck,53.86972222,10.68638889,True,,2023-01,M,False,253,-0.1933797669066129
1003720,"Van den Doel, Erik",NED,M,GM,,,,2581,2,10,1979,,True,1003720,1979-05-15,wikidata_exact_year_agrees,north,resolved_unique_birthplace,Q63323,Q43631,Leiden,52.16,4.49,True,,2023-01,M,True,253,-0.1933797669066129
13302000,"Andriasian, Zaven",ARM,M,GM,,FT,,2580,0,10,1989,,True,13302000,1989-03-11,wikidata_exact_year_agrees,north,resolved_unique_birthplace,Q1289190,Q1953,Yerevan,40.18138889,44.51444444,True,,2023-01,M,True,255,-0.20908462396938055
8603847,"Zeng, Chongsheng",CHN,M,GM,,,,2580,0,10,1993,,True,8603847,1993-06-10,wikidata_exact_year_agrees,north,resolved_unique_birthplace,Q16225705,Q15175,Guangdong,23.4,113.5,True,,2023-01,M,False,255,-0.20908462396938055
2000059,"Christiansen, Larry",USA,M,GM,,,,2579,0,10,1956,,True,2000059,1956-06-27,wikidata_exact_year_agrees,north,resolved_unique_birthplace,Q534057,Q49243,Riverside,33.98222222,-117.3725,True,,2023-01,M,True,257,-0.2247894810321482
13303732,"Gabuzyan, Hovhannes",ARM,M,GM,,,,2579,9,10,1995,,True,13303732,1995-05-19,wikidata_exact_year_agrees,north,resolved_unique_birthplace,Q4130978,Q1953,Yerevan,40.18138889,44.51444444,True,,2023-01,M,False,257,-0.2247894810321482
400017,"Nunn, John D M",ENG,M,GM,,,,2579,0,10,1955,,True,400017,1955-04-25,wikidata_exact_year_agrees,north,resolved_unique_birthplace,Q450419,Q84,London,51.50722222,-0.1275,True,,2023-01,M,True,257,-0.2247894810321482
13601520,"Jobava, Baadur",GEO,M,GM,,,,2578,0,10,1983,,True,13601520,1983-11-26,wikidata_exact_year_agrees,north,resolved_unique_birthplace,Q709256,Q236673,Gali,42.6275,41.73694444,True,,2023-01,M,True,260,-0.2404943380949158
8608288,"Xu, Xiangyu",CHN,M,GM,,,,2578,0,10,1999,,True,8608288,1999-09-19,wikidata_exact_year_agrees,north,resolved_unique_birthplace,Q27534227,Q72778,Taiyuan,37.87326,112.54245,True,,2023-01,M,False,260,-0.2404943380949158
4119150,"Kobalia, Mikhail",RUS,M,GM,,FST,,2577,0,10,1978,,True,4119150,1978-05-03,wikidata_exact_year_agrees,north,resolved_unique_birthplace,Q1321833,Q649,Moscow,55.75055556,37.6175,True,,2023-01,M,True,262,-0.25619919515768347
14102560,"Moiseenko, Alexander",UKR,M,GM,,,,2577,0,10,1980,,True,14102560,1980-05-17,wikidata_exact_year_agrees,north,resolved_unique_birthplace,Q923453,Q193898,Severomorsk,69.06916667,33.41666667,True,,2023-01,M,True,262,-0.25619919515768347
4157800,"Ponkratov, Pavel",RUS,M,GM,,,,2577,0,10,1988,,True,4157800,1988-07-15,wikidata_exact_year_agrees,north,resolved_unique_birthplace,Q4371883,Q906,Chelyabinsk,55.15,61.4,True,,2023-01,M,True,262,-0.25619919515768347
2804158,"Roiz, Michael",ISR,M,GM,,,,2577,0,10,1983,,True,2804158,1983-10-12,wikidata_exact_year_agrees,north,resolved_unique_birthplace,Q1857837,Q5332,Saratov,51.53,46.035,True,,2023-01,M,True,262,-0.25619919515768347
3518736,"Albornoz Cabrera, Carlos Daniel",CUB,M,GM,,,,2576,10,10,2000,,True,3518736,2000-12-26,wikidata_exact_year_agrees,north,resolved_unique_birthplace,Q27522919,Q115329,Camagüey,21.37861111,-77.91861111,True,,2023-01,M,False,266,-0.27190405222045105
2288230,"Forcen Esteban, Daniel",ESP,M,GM,,,,2576,0,10,1994,,True,2288230,1994-06-12,wikidata_exact_year_agrees,north,resolved_unique_birthplace,Q23809805,Q10305,Zaragoza,41.65,-0.88333333,True,,2023-01,M,False,266,-0.27190405222045105
4671910,"Kraemer, Martin",GER,M,GM,,,,2576,10,10,1987,,True,4671910,1987-12-23,wikidata_exact_year_agrees,north,resolved_unique_birthplace,Q100444,Q1729,Erfurt,50.97805556,11.02888889,True,,2023-01,M,False,266,-0.27190405222045105
11602740,"Meshkovs, Nikita",LAT,M,GM,,,,2576,9,10,1994,,True,11602740,1994-06-30,wikidata_exact_year_agrees,north,resolved_unique_birthplace,Q27528282,Q1773,Riga,56.9475,24.10694444,True,,2023-01,M,False,266,-0.27190405222045105
865834,"Moroni, Luca Jr",ITA,M,GM,,,,2576,0,10,2000,,True,865834,2000-07-01,wikidata_exact_year_agrees,north,resolved_unique_birthplace,Q27528621,Q40416,Desio,45.61666667,9.21666667,True,,2023-01,M,False,266,-0.27190405222045105
1001302,"Reinderman, Dimitri",NED,M,GM,,,,2576,1,10,1972,,True,1001302,1972-08-12,wikidata_exact_year_agrees,north,resolved_unique_birthplace,Q1225926,Q9938,Hoorn,52.65333333,5.07333333,True,,2023-01,M,True,266,-0.27190405222045105
4138147,"Alekseev, Evgeny",RUS,M,GM,,,,2575,0,10,1985,,True,4138147,1985-11-28,wikidata_exact_year_agrees,north,resolved_unique_birthplace,Q708938,Q7947,Pushkin,59.71666667,30.41666667,True,,2023-01,M,True,272,-0.2876089092832187
718939,"Balogh, Csaba",HUN,M,GM,,,,2575,5,10,1987,,True,718939,1987-03-10,wikidata_exact_year_agrees,north,resolved_unique_birthplace,Q789568,Q1781,Budapest,47.49833333,19.04083333,True,,2023-01,M,True,272,-0.2876089092832187
4146786,"Maletin, Pavel",RUS,M,GM,,,,2575,0,10,1986,,True,4146786,1986-11-06,wikidata_exact_year_agrees,north,resolved_unique_birthplace,Q4277714,Q883,Novosibirsk,55.03333333,82.91666667,True,,2023-01,M,True,272,-0.2876089092832187
4131061,"Potkin, Vladimir",RUS,M,GM,,FST,,2574,0,10,1982,,True,4131061,1982-06-28,wikidata_exact_year_agrees,north,resolved_unique_birthplace,Q732938,Q193413,Rybinsk,58.05,38.83333333,True,,2023-01,M,True,275,-0.30331376634598634
726265,"Prohaszka, Peter",HUN,M,GM,,,,2574,11,10,1992,,True,726265,1992-01-13,wikidata_exact_year_agrees,north,resolved_unique_birthplace,Q382615,Q207408,Vác,47.77527778,19.13111111,True,,2023-01,M,True,275,-0.30331376634598634
2021285,"Lenderman, Aleksandr",USA,M,GM,,,,2572,3,10,1989,,True,2021285,1989-09-23,wikidata_exact_year_agrees,north,resolved_unique_birthplace,Q444473,Q656,Saint Petersburg,59.95,30.31666667,True,,2023-01,M,True,277,-0.3347234804715216
2210622,"Perez Candelario, Manuel",ESP,M,GM,,FT,,2572,0,10,1983,,True,2210622,1983-05-25,wikidata_exact_year_agrees,north,resolved_unique_birthplace,Q9028061,Q140203,Zafra,38.4258642,-6.4162027,True,,2023-01,M,True,277,-0.3347234804715216
6500617,"Ramirez, Alejandro",USA,M,GM,,,,2572,17,10,1988,,True,6500617,1988-06-21,wikidata_exact_year_agrees,north,resolved_unique_birthplace,Q1355179,Q3070,San José,9.93273889,-84.07961389,True,,2023-01,M,True,277,-0.3347234804715216
14603152,"Borisek, Jure",SLO,M,GM,,,,2570,0,10,1986,,True,14603152,1986-07-27,wikidata_exact_year_agrees,north,resolved_unique_birthplace,Q4094089,Q15853,Šempeter pri Gorici,45.928333,13.637778,True,,2023-01,M,True,280,-0.3661331945970569
12809390,"Pultinevicius, Paulius",LTU,M,GM,,,,2570,9,10,2001,,True,12809390,2001-11-24,wikidata_exact_year_agrees,north,resolved_unique_birthplace,Q20503420,Q1351046,Marijampolė,54.55666667,23.35444444,True,,2023-01,M,False,280,-0.3661331945970569
4651340,"Buhmann, Rainer",GER,M,GM,,FT,,2569,0,10,1981,,True,4651340,1981-02-20,wikidata_exact_year_agrees,north,resolved_unique_birthplace,Q96768,Q23007,Leimen,49.34805556,8.69111111,True,,2023-01,M,True,282,-0.38183805165982454
13600044,"Giorgadze, Giorgi",GEO,M,GM,,,,2569,0,10,1964,,True,13600044,1964-10-10,wikidata_exact_year_agrees,north,resolved_unique_birthplace,Q2195871,Q230,Georgia,42.0,44.0,True,,2023-01,M,True,282,-0.38183805165982454
4130804,"Grigoriants, Sergey",HUN,M,GM,,,,2569,11,10,1983,,True,4130804,1983-11-02,wikidata_exact_year_agrees,north,resolved_unique_birthplace,Q364328,Q269,Tashkent,41.31111111,69.27972222,True,,2023-01,M,True,282,-0.38183805165982454
6300529,"Ali Marandi, Cemil Can",TUR,M,GM,,,,2568,0,10,1998,,True,6300529,1998-01-17,wikidata_exact_year_agrees,north,resolved_unique_birthplace,Q21077652,Q43,Turkey,39.0,36.0,True,,2023-01,M,False,285,-0.3975429087225921
14507927,"Bosiocic, Marin",CRO,M,GM,,,,2568,11,10,1988,,True,14507927,1988-08-08,wikidata_exact_year_agrees,north,resolved_unique_birthplace,Q2334059,Q1647,Rijeka,45.33333333,14.43333333,True,,2023-01,M,True,285,-0.3975429087225921
4197143,"Demidov, Mikhail",FID,M,GM,,,,2568,0,10,1992,,True,4197143,1992-06-17,wikidata_exact_year_agrees,north,resolved_unique_birthplace,Q27524482,Q175742,Odintsovo,55.67333333,37.27333333,True,,2023-01,M,False,285,-0.3975429087225921
12803731,"Laurusas, Tomas",LTU,M,GM,,,,2568,2,10,1996,,True,12803731,1996-02-13,wikidata_exact_year_agrees,north,resolved_unique_birthplace,Q16937772,Q4115712,Kaunas,54.9,23.93333333,True,,2023-01,M,False,285,-0.3975429087225921
24198455,"Nesterov, Arseniy",RUS,M,GM,,,,2568,9,10,2003,,True,24198455,2003-01-20,wikidata_exact_year_agrees,north,resolved_unique_birthplace,Q108376708,Q656,Saint Petersburg,59.95,30.31666667,True,,2023-01,M,False,285,-0.3975429087225921
1705024,"Agrest, Evgenij",SWE,M,GM,,,,2567,0,10,1966,,True,1705024,1966-08-15,wikidata_exact_year_agrees,north,resolved_unique_birthplace,Q975861,Q102217,Vitebsk,55.18333333,30.16666667,True,,2023-01,M,True,290,-0.41324776578535977
13405764,"Asadli, Vugar",AZE,M,GM,,,,2567,0,10,2001,,True,13405764,2001-10-09,wikidata_exact_year_agrees,north,resolved_unique_birthplace,Q27523180,Q9248,Baku,40.36665556,49.83518333,True,,2023-01,M,False,290,-0.41324776578535977
503142,"Nyback, Tomi",FIN,M,GM,,,,2567,0,10,1985,,True,503142,1985-04-03,wikidata_exact_year_agrees,north,resolved_unique_birthplace,Q771709,Q208293,Järvenpää,60.47222222,25.08888889,True,,2023-01,M,True,290,-0.41324776578535977
4140419,"Timofeev, Artyom",RUS,M,GM,,,,2567,0,10,1985,,True,4140419,1985-01-06,wikidata_exact_year_agrees,north,resolved_unique_birthplace,Q713463,Q900,Kazan,55.79083333,49.11444444,True,,2023-01,M,True,290,-0.41324776578535977
8602280,"Bai, Jinshi",CHN,M,GM,,,,2566,0,10,1999,,True,8602280,1999-05-18,wikidata_exact_year_agrees,north,resolved_unique_birthplace,Q27523289,Q45208,Jilin,43.88416667,125.30833333,True,,2023-01,M,False,294,-0.4289526228481274
2070901,"Burke, John M",USA,M,GM,,,,2566,18,10,2001,,True,2070901,2001-07-01,wikidata_exact_year_agrees,north,resolved_unique_birthplace,Q20908924,Q1088694,Neptune City,40.20021111,-74.03361944,True,,2023-01,M,False,294,-0.4289526228481274
1300113,"Georgiadis, Nico",SUI,M,GM,,,,2566,0,10,1996,,True,1300113,1996-01-22,wikidata_exact_year_agrees,north,resolved_unique_birthplace,Q15713773,Q9093,Bülach,47.51888889,8.54222222,True,,2023-01,M,False,294,-0.4289526228481274
620084,"Cornette, Matthieu",FRA,M,GM,,,,2565,1,10,1985,,True,620084,1985-09-04,wikidata_exact_year_agrees,north,resolved_unique_birthplace,Q3299882,Q192438,Bègles,44.80777778,-0.54888889,True,,2023-01,M,True,297,-0.44465747991089505
1204297,"Parligras, Mircea-Emilian",ROU,M,GM,,,,2565,0,10,1980,,True,1204297,1980-12-28,wikidata_exact_year_agrees,north,resolved_unique_birthplace,Q1715662,Q187938,Pitești,44.86666667,24.88333333,True,,2023-01,M,True,297,-0.44465747991089505
2226332,"Ibarra Jerez, Jose Carlos",ESP,M,GM,,,,2563,4,10,1985,,True,2226332,1985-08-07,wikidata_exact_year_agrees,north,resolved_unique_birthplace,Q16654701,Q338174,Totana,37.7710024,-1.5001618,True,,2023-01,M,True,299,-0.47606719403643033
13501470,"Azarov, Sergei",FID,M,GM,,,,2562,0,10,1983,,True,13501470,1983-05-19,wikidata_exact_year_agrees,north,resolved_unique_birthplace,Q977595,Q2280,Minsk,53.902246,27.561837,True,,2023-01,M,True,300,-0.49177205109919797
3503631,"Delgado Ramirez, Neuris",PAR,M,GM,,,,2562,20,10,1981,,True,3503631,1981-09-17,wikidata_exact_year_agrees,north,resolved_unique_birthplace,Q630437,Q115382,Bayamo,20.38166667,-76.64277778,True,,2023-01,M,True,300,-0.49177205109919797
1634852,"Dragnev, Valentin",AUT,M,GM,,,,2562,9,10,1999,,True,1634852,1999-03-05,wikidata_exact_year_agrees,north,resolved_unique_birthplace,Q23837072,Q1741,Vienna,48.20833333,16.3725,True,,2023-01,M,False,300,-0.49177205109919797
44105681,"Makarian, Rudik",FID,M,IM,,,,2562,9,10,2004,,True,44105681,2004-07-30,wikidata_exact_year_agrees,north,resolved_unique_birthplace,Q62032738,Q12861498,Alatumani,41.58861,43.52722,True,,2023-01,M,False,300,-0.49177205109919797
2270544,"Alonso Rosell, Alvar",ESP,M,GM,,,,2561,0,10,1992,,True,2270544,1992-09-13,wikidata_exact_year_agrees,north,resolved_unique_birthplace,Q5692687,Q6839,Figueres,42.26666667,2.95,True,,2023-01,M,True,304,-0.5074769081619656
717312,"Antal, Gergely",HUN,M,GM,,,,2561,4,10,1985,,True,717312,1985-03-20,wikidata_exact_year_agrees,north,resolved_unique_birthplace,Q771677,Q1781,Budapest,47.49833333,19.04083333,True,,2023-01,M,False,304,-0.5074769081619656
35028561,"Mendonca, Leon Luke",IND,M,GM,,,,2561,10,10,2006,,True,35028561,2006-03-13,wikidata_exact_year_agrees,north,resolved_unique_birthplace,Q65563132,Q1171,Goa,15.40194444,74.04333333,True,,2023-01,M,False,304,-0.5074769081619656
13601652,"Gagunashvili, Merab",GEO,M,GM,,FT,,2560,0,10,1985,,True,13601652,1985-01-03,wikidata_exact_year_agrees,north,resolved_unique_birthplace,Q1368259,Q994,Tbilisi,41.7225,44.7925,True,,2023-01,M,True,307,-0.5231817652247333
30920019,"Mishra, Abhimanyu",USA,M,GM,,,,2559,18,10,2009,,True,30920019,2009-02-05,wikidata_exact_year_agrees,north,resolved_unique_birthplace,Q55108712,Q995231,Long Branch,40.2954,-73.9899,True,,2023-01,M,False,308,-0.5388866222875008
5018420,"Narayanan, Srinath",IND,M,GM,,,,2559,0,10,1994,,True,5018420,1994-02-14,wikidata_exact_year_agrees,north,resolved_unique_birthplace,Q7586427,Q1352,Chennai,13.0825,80.275,True,,2023-01,M,False,308,-0.5388866222875008
24662259,"Schroeder, Jan-Christian",GER,M,GM,,,,2559,0,10,1998,,True,24662259,1998-01-31,wikidata_exact_year_agrees,north,resolved_unique_birthplace,Q21132830,Q16026,Limburg an der Lahn,50.38333333,8.06666667,True,,2023-01,M,False,308,-0.5388866222875008
4680804,"Graf, Alexander",GER,M,GM,,,,2558,0,10,1962,,True,4680804,1962-08-25,wikidata_exact_year_agrees,north,resolved_unique_birthplace,Q64220,Q269,Tashkent,41.31111111,69.27972222,True,,2023-01,M,True,311,-0.5545914793502685
753246,"Kozak, Adam",HUN,M,GM,,,,2558,12,10,2002,,True,753246,2002-06-15,wikidata_exact_year_agrees,north,resolved_unique_birthplace,Q27526807,Q1781,Budapest,47.49833333,19.04083333,True,,2023-01,M,False,311,-0.5545914793502685
14203049,"Kuybokarov, Temur",AUS,M,GM,,,,2558,0,10,2000,,True,14203049,2000-07-22,wikidata_exact_year_agrees,north,resolved_unique_birthplace,Q65029812,Q269,Tashkent,41.31111111,69.27972222,True,,2023-01,M,False,311,-0.5545914793502685
930849,"Predojevic, Borki",BIH,M,GM,,FT,,2558,0,10,1987,,True,930849,1987-04-06,wikidata_exact_year_agrees,north,resolved_unique_birthplace,Q893855,Q180753,Teslić,44.60666667,17.86,True,,2023-01,M,True,311,-0.5545914793502685
1007246,"Smeets, Jan",NED,M,GM,,,,2558,1,10,1985,,True,1007246,1985-04-05,wikidata_exact_year_agrees,north,resolved_unique_birthplace,Q1379765,Q43631,Leiden,52.16,4.49,True,,2023-01,M,True,311,-0.5545914793502685
895733,"Sonis, Francesco",ITA,M,GM,,,,2558,0,10,2002,,True,895733,2002-04-29,wikidata_exact_year_agrees,north,resolved_unique_birthplace,Q27532199,Q13652,Oristano,39.9058188,8.591609,True,,2023-01,M,False,311,-0.5545914793502685
1188062,"Gumularz, Szymon",POL,M,GM,,,,2557,2,10,2001,,True,1188062,2001-12-22,wikidata_exact_year_agrees,north,resolved_unique_birthplace,Q108395166,Q325550,Myślenice,49.83333333,19.93333333,True,,2023-01,M,False,317,-0.5702963364130361
24624632,"Heimann, Andreas",GER,M,GM,,,,2557,0,10,1992,,True,24624632,1992-01-10,wikidata_exact_year_agrees,north,resolved_unique_birthplace,Q497891,Q16077,Rheinfelden,47.56111111,7.79166667,True,,2023-01,M,False,317,-0.5702963364130361
2008564,"Kaidanov, Gregory",USA,M,GM,,,,2557,9,10,1959,,True,2008564,1959-10-11,wikidata_exact_year_agrees,north,resolved_unique_birthplace,Q1266603,Q158799,Berdychiv,49.89194444,28.6,True,,2023-01,M,True,317,-0.5702963364130361
4120680,"Sviridov, Valery",RUS,M,,,,,2557,0,10,1991,,True,4120680,1991-10-08,wikidata_exact_year_agrees,north,resolved_unique_birthplace,Q126974176,Q193909,Seversk,56.6,84.85,True,,2023-01,M,False,317,-0.5702963364130361
634654,"Feller, Sebastien",FRA,M,GM,,FT,,2556,2,10,1991,,True,634654,1991-03-11,wikidata_exact_year_agrees,north,resolved_unique_birthplace,Q969657,Q22640,Thionville,49.35805556,6.16833333,True,,2023-01,M,False,321,-0.5860011934758037
716855,"Hera, Imre Jr.",HUN,M,GM,,,,2556,1,10,1986,,True,716855,1986-09-03,wikidata_exact_year_agrees,north,resolved_unique_birthplace,Q1660495,Q1781,Budapest,47.49833333,19.04083333,True,,2023-01,M,True,321,-0.5860011934758037
202967,"Michiels, Bart",BEL,M,GM,,,,2556,1,10,1986,,True,202967,1986-10-30,wikidata_exact_year_agrees,north,resolved_unique_birthplace,Q3635279,Q1296,Ghent,51.05361111,3.72527778,True,,2023-01,M,False,321,-0.5860011934758037
728012,"Mihok, Oliver",HUN,M,GM,,,,2556,4,10,1993,,True,728012,1993-06-23,wikidata_exact_year_agrees,north,resolved_unique_birthplace,Q21108086,Q1781,Budapest,47.49833333,19.04083333,True,,2023-01,M,False,321,-0.5860011934758037
2804344,"Postny, Evgeny",ISR,M,GM,,,,2556,9,10,1981,,True,2804344,1981-07-03,wikidata_exact_year_agrees,north,resolved_unique_birthplace,Q969913,Q883,Novosibirsk,55.03333333,82.91666667,True,,2023-01,M,True,321,-0.5860011934758037
12961523,"Engel, Luis",GER,M,GM,,,,2555,0,10,2002,,True,12961523,2002-10-14,wikidata_exact_year_agrees,north,resolved_unique_birthplace,Q27524829,Q1055,Hamburg,53.55,10.0,True,,2023-01,M,False,326,-0.6017060505385714
14928752,"Gazik, Viktor",SVK,M,GM,,,,2555,18,10,2001,,True,14928752,2001-12-13,wikidata_exact_year_agrees,north,resolved_unique_birthplace,Q27525231,Q842011,Handlová,48.72722222,18.76194444,True,,2023-01,M,False,326,-0.6017060505385714
14903474,"Markos, Jan",SVK,M,GM,,,,2555,0,10,1985,,True,14903474,1985-07-02,wikidata_exact_year_agrees,north,resolved_unique_birthplace,Q786107,Q144983,Banská Bystrica,48.73527778,19.14527778,True,,2023-01,M,True,326,-0.6017060505385714
4135148,"Shomoev, Anton",RUS,M,GM,,,,2555,0,10,1981,,True,4135148,1981-06-05,wikidata_exact_year_agrees,north,resolved_unique_birthplace,Q4526080,Q6816,Ulan-Ude,51.82722222,107.60638889,True,,2023-01,M,True,326,-0.6017060505385714
1185934,"Teclaf, Pawel",POL,M,IM,,,,2555,0,10,2003,,True,1185934,2003-06-18,wikidata_exact_year_agrees,north,resolved_unique_birthplace,Q15441556,Q640355,卡爾圖濟,54.33424,18.19735,True,,2023-01,M,False,326,-0.6017060505385714
1112953,"Dziuba, Marcin",POL,M,GM,,,,2554,0,10,1983,,True,1112953,1983-07-17,wikidata_exact_year_agrees,north,resolved_unique_birthplace,Q4160912,Q145972,Zamość,50.72055556,23.25861111,True,,2023-01,M,True,331,-0.617410907601339
4212312,"Pavlidis, Antonios",GRE,M,GM,,,,2554,0,10,1993,,True,4212312,1993-04-01,wikidata_exact_year_agrees,north,resolved_unique_birthplace,Q18634723,Q41,Greece,38.5,23.0,True,,2023-01,M,False,331,-0.617410907601339
922277,"Vuckovic, Bojan",SRB,M,GM,,,,2554,0,10,1980,,True,922277,1980-09-12,wikidata_exact_year_agrees,north,resolved_unique_birthplace,Q891157,Q3711,Belgrade,44.81777778,20.45694444,True,,2023-01,M,True,331,-0.617410907601339
8600970,"Zhang, Pengxiang",CHN,M,GM,,,,2554,0,10,1980,,True,8600970,1980-06-29,wikidata_exact_year_agrees,north,resolved_unique_birthplace,Q197265,Q11736,Tianjin,39.14666667,117.20555556,True,,2023-01,M,True,331,-0.617410907601339
2800055,"Boruchovsky, Avital",ISR,M,GM,,,,2553,9,10,1997,,True,2800055,1997-03-15,wikidata_exact_year_agrees,north,resolved_unique_birthplace,Q15633706,Q207350,Rehovot,31.89138889,34.80777778,True,,2023-01,M,True,335,-0.6331157646641067
5045207,"Ghosh, Diptayan",IND,M,GM,,,,2553,10,10,1998,,True,5045207,1998-08-10,wikidata_exact_year_agrees,north,resolved_unique_birthplace,Q5280086,Q1348,Kolkata,22.5675,88.37,True,,2023-01,M,False,335,-0.6331157646641067
4115341,"Tregubov, Pavel V.",FID,M,GM,,,,2553,0,10,1971,,True,4115341,1971-12-21,wikidata_exact_year_agrees,north,resolved_unique_birthplace,Q1359225,Q3646,Krasnodar,45.03333333,38.98333333,True,,2023-01,M,True,335,-0.6331157646641067
14506661,"Kuljasevic, Davorin",CRO,M,GM,,FT,,2552,0,10,1986,,True,14506661,1986-10-22,wikidata_exact_year_agrees,north,resolved_unique_birthplace,Q4246824,Q1435,Zagreb,45.81305556,15.97722222,True,,2023-01,M,True,338,-0.6488206217268743
4147332,"Savchenko, Boris",RUS,M,GM,,,,2552,0,10,1986,,True,4147332,1986-07-10,wikidata_exact_year_agrees,north,resolved_unique_birthplace,Q4404275,Q656,Saint Petersburg,59.95,30.31666667,True,,2023-01,M,True,338,-0.6488206217268743
4169530,"Vavulin, Maxim",FID,M,GM,,,,2552,0,10,1998,,True,4169530,1998-05-06,wikidata_exact_year_agrees,north,resolved_unique_birthplace,Q27533806,Q649,Moscow,55.75055556,37.6175,True,,2023-01,M,False,338,-0.6488206217268743
4171055,"Lintchevski, Daniil",RUS,M,GM,,,,2551,18,10,1990,,True,4171055,1990-05-17,wikidata_exact_year_agrees,north,resolved_unique_birthplace,Q553222,Q7436,Gatchina,59.56841,30.122892,True,,2023-01,M,False,341,-0.664525478789642
13301616,"Petrosian, Tigran L.",ARM,M,GM,,,,2551,0,10,1984,,True,13301616,1984-09-17,wikidata_exact_year_agrees,north,resolved_unique_birthplace,Q528959,Q1953,Yerevan,40.18138889,44.51444444,True,,2023-01,M,True,341,-0.664525478789642
3520773,"Quesada Perez, Luis Ernesto",CUB,M,GM,,,,2551,9,10,1999,,True,3520773,1999-01-04,wikidata_exact_year_agrees,north,resolved_unique_birthplace,Q27530207,Q115465,Ciego de Ávila,21.84805556,-78.76305556,True,,2023-01,M,False,341,-0.664525478789642
1141686,"Nasuta, Grzegorz",POL,M,GM,,,,2550,9,10,1996,,True,1141686,1996-03-01,wikidata_exact_year_agrees,north,resolved_unique_birthplace,Q14469060,Q761,Białystok,53.13235582,23.16867245,True,,2023-01,M,False,344,-0.6802303358524096
2400561,"Rowson, Jonathan",SCO,M,GM,,,,2550,0,10,1977,,True,2400561,1977-04-18,wikidata_exact_year_agrees,north,resolved_unique_birthplace,Q1398291,Q36405,Aberdeen,57.15,-2.1,True,,2023-01,M,True,344,-0.6802303358524096
8603537,"Zhou, Jianchao",CHN,M,GM,,,,2550,6,10,1988,,True,8603537,1988-06-11,wikidata_exact_year_agrees,north,resolved_unique_birthplace,Q197984,Q8686,Shanghai,31.2325,121.46916667,True,,2023-01,M,True,344,-0.6802303358524096
1134167,"Dragun, Kamil",POL,M,GM,,,,2548,0,10,1995,,True,1134167,1995-06-25,wikidata_exact_year_agrees,north,resolved_unique_birthplace,Q3458758,Q104731,Gorzów Wielkopolski,52.73333333,15.25,True,,2023-01,M,False,347,-0.7116400499779448
817570,"Dvirnyy, Danyyil",ITA,M,GM,,,,2548,9,10,1990,,True,817570,1990-10-21,wikidata_exact_year_agrees,north,resolved_unique_birthplace,Q3702426,Q656,Saint Petersburg,59.95,30.31666667,True,,2023-01,M,True,347,-0.7116400499779448
13600702,"Gelashvili, Tamaz",GEO,M,GM,,,,2548,0,10,1978,,True,13600702,1978-04-08,wikidata_exact_year_agrees,north,resolved_unique_birthplace,Q2566001,Q130229,Georgian SSR,41.7167,44.7833,True,,2023-01,M,True,347,-0.7116400499779448
300071,"Hracek, Zbynek",CZE,M,GM,,,,2548,2,10,1970,,True,300071,1970-09-09,wikidata_exact_year_agrees,north,resolved_unique_birthplace,Q168312,Q502993,Uherské Hradiště,49.06975755,17.45969135,True,,2023-01,M,True,347,-0.7116400499779448
1008013,"Tiviakov, Sergei",NED,M,GM,,,,2548,9,10,1973,,True,1008013,1973-02-14,wikidata_exact_year_agrees,north,resolved_unique_birthplace,Q710938,Q3646,Krasnodar,45.03333333,38.98333333,True,,2023-01,M,True,347,-0.7116400499779448
24171743,"Drygalov, Sergey",RUS,M,GM,,,,2547,0,10,1999,,True,24171743,1999-05-19,wikidata_exact_year_agrees,north,resolved_unique_birthplace,Q27524676,Q13379,Kurgan,55.44083333,65.34111111,True,,2023-01,M,False,352,-0.7273449070407124
605590,"Fontaine, Robert",SUI,M,GM,,,,2547,0,10,1980,,True,605590,1980-11-18,wikidata_exact_year_agrees,north,resolved_unique_birthplace,Q504254,Q193929,Suresnes,48.87111111,2.22694444,True,,2023-01,M,True,352,-0.7273449070407124
44155573,"Murzin, Volodar",RUS,M,GM,,,,2547,9,10,2006,,True,44155573,2006-07-18,wikidata_exact_year_agrees,north,resolved_unique_birthplace,Q47543943,Q98967,Nizhny Tagil,57.91666667,59.96666667,True,,2023-01,M,False,352,-0.7273449070407124
4119932,"Rychagov, Andrey",RUS,M,GM,,,,2547,0,10,1979,,True,4119932,1979-08-03,wikidata_exact_year_agrees,north,multiple_birthplaces_same_hemisphere,Q4402150,Q102217;Q649,Moscow;Vitebsk,55.18333333;55.75055556,30.16666667;37.6175,True,,2023-01,M,True,352,-0.7273449070407124
2900017,"Georgiev, Kiril",MKD,M,GM,,,,2546,0,10,1965,,True,2900017,1965-11-28,wikidata_exact_year_agrees,north,resolved_unique_birthplace,Q725606,Q191099,Petrich,41.398129,23.206857,True,,2023-01,M,True,356,-0.7430497641034801
30901561,"Jacobson, Brandon",USA,M,GM,,,,2546,9,10,2003,,True,30901561,2003-11-14,wikidata_exact_year_agrees,north,resolved_unique_birthplace,Q59139044,Q544890,Plainfield,40.61527778,-74.41611111,True,,2023-01,M,False,356,-0.7430497641034801
2812320,"Kobo, Ori",ISR,M,GM,,,,2546,9,10,1997,,True,2812320,1997-04-24,wikidata_exact_year_agrees,north,resolved_unique_birthplace,Q20726321,Q1218,Jerusalem,31.776679;31.77888889,35.22555556;35.234156,True,,2023-01,M,False,356,-0.7430497641034801
8607508,"Li, Di",CHN,M,GM,,,,2546,0,10,1999,,True,8607508,1999-12-15,wikidata_exact_year_agrees,north,resolved_unique_birthplace,Q27527265,Q30002,Chengdu,30.66,104.06333333,True,,2023-01,M,False,356,-0.7430497641034801
7200595,"Ziska, Helgi Dam",FAI,M,GM,,,,2546,0,10,1990,,True,7200595,1990-07-26,wikidata_exact_year_agrees,north,resolved_unique_birthplace,Q331813,Q10704,Tórshavn,62.00981,-6.77135,True,,2023-01,M,False,356,-0.7430497641034801
2255570,"Cuenca Jimenez, Jose Fernando",ESP,M,GM,,FT,,2545,9,10,1987,,True,2255570,1987-03-17,wikidata_exact_year_agrees,north,resolved_unique_birthplace,Q5939119,Q8810,Granada,37.175,-3.6,True,,2023-01,M,False,361,-0.7587546211662477
25060783,"Pranav, V",IND,M,GM,,,,2545,0,10,2006,,True,25060783,2006-10-13,wikidata_exact_year_agrees,north,resolved_unique_birthplace,Q109923502,Q1355,Bengaluru,12.9791198,77.5912997,True,,2023-01,M,False,361,-0.7587546211662477
4123425,"Smirnov, Pavel",RUS,M,GM,,,,2545,0,10,1982,,True,4123425,1982-04-27,wikidata_exact_year_agrees,north,resolved_unique_birthplace,Q3775343,Q158751,Mezhdurechensk,53.68638889,88.07027778,True,,2023-01,M,True,361,-0.7587546211662477
14102196,"Baklan, Vladimir",UKR,M,GM,,,,2544,1,10,1978,,True,14102196,1978-02-25,wikidata_exact_year_agrees,north,resolved_unique_birthplace,Q1387247,Q1899,Kyiv,50.45,30.52361111,True,,2023-01,M,True,364,-0.7744594782290154
2302241,"Gretarsson, Hjorvar Steinn",ISL,M,GM,,,,2544,0,10,1993,,True,2302241,1993-05-29,wikidata_exact_year_agrees,north,resolved_unique_birthplace,Q15883086,Q1764,Reykjavík,64.1475,-21.935,True,,2023-01,M,False,364,-0.7744594782290154
14505959,"Jankovic, Alojzije",CRO,M,GM,,,,2544,3,10,1983,,True,14505959,1983-04-02,wikidata_exact_year_agrees,north,resolved_unique_birthplace,Q514044,Q1435,Zagreb,45.81305556,15.97722222,True,,2023-01,M,True,364,-0.7744594782290154
751499,"Kantor, Gergely",HUN,M,GM,,,,2544,8,10,1999,,True,751499,1999-07-19,wikidata_exact_year_agrees,north,resolved_unique_birthplace,Q27526379,Q1781,Budapest,47.49833333,19.04083333,True,,2023-01,M,False,364,-0.7744594782290154
5024595,Lalit Babu M R,IND,M,GM,,,,2544,0,10,1993,,True,5024595,1993-01-05,wikidata_exact_year_agrees,north,resolved_unique_birthplace,Q2167879,Q200017,Vijayawada,16.51666667,80.61666667,True,,2023-01,M,True,364,-0.7744594782290154
14502569,"Stevic, Hrvoje",CRO,M,GM,,,,2544,12,10,1980,,True,14502569,1980-01-08,wikidata_exact_year_agrees,north,resolved_unique_birthplace,Q741069,Q1640,Osijek,45.56027778,18.67027778,True,,2023-01,M,True,364,-0.7744594782290154
25012223,Visakh N R,IND,M,GM,,,,2544,0,10,1999,,True,25012223,1999-04-24,wikidata_exact_year_agrees,north,resolved_unique_birthplace,Q27533923,Q847606,Nagercoil,8.1875,77.42944444,True,,2023-01,M,False,364,-0.7744594782290154
1211668,"Chirila, Ioan-Cristian",ROU,M,GM,,,,2543,0,10,1991,,True,1211668,1991-01-06,wikidata_exact_year_agrees,north,resolved_unique_birthplace,Q194852,Q19660,Bucharest,44.41336111,26.09777778,True,,2023-01,M,False,371,-0.790164335291783
24105074,"Iljiushenok, Ilia",FID,M,GM,,,,2543,4,10,1993,,True,24105074,1993-08-16,wikidata_exact_year_agrees,north,resolved_unique_birthplace,Q27525944,Q157395,Langepas,61.25;61.25439,75.16666667;75.2124,True,,2023-01,M,False,371,-0.790164335291783
921629,"Perunovic, Milos",SRB,M,GM,,,,2543,9,10,1984,,True,921629,1984-01-14,wikidata_exact_year_agrees,north,resolved_unique_birthplace,Q2325682,Q3711,Belgrade,44.81777778,20.45694444,True,,2023-01,M,True,371,-0.790164335291783
13413937,"Suleymanli, Aydin",AZE,M,GM,,,,2543,0,10,2005,,True,13413937,2005-03-22,wikidata_exact_year_agrees,north,resolved_unique_birthplace,Q47543934,Q9248,Baku,40.36665556,49.83518333,True,,2023-01,M,False,371,-0.790164335291783
1132199,"Krzyzanowski, Marcin",POL,M,GM,,,,2542,9,10,1994,,True,1132199,1994-01-11,wikidata_exact_year_agrees,north,resolved_unique_birthplace,Q11767656,Q107094,Rybnik,50.08333333,18.5,True,,2023-01,M,False,375,-0.8058691923545507
12401153,"Le, Tuan Minh",VIE,M,GM,,,,2542,0,10,1996,,True,12401153,1996-10-21,wikidata_exact_year_agrees,north,resolved_unique_birthplace,Q27527190,Q1858,Hanoi,21.0245,105.84117,True,,2023-01,M,False,375,-0.8058691923545507
3503054,"Vazquez Igarza, Renier",ESP,M,GM,,FT,,2542,3,10,1979,,True,3503054,1979-01-08,wikidata_exact_year_agrees,north,resolved_unique_birthplace,Q2357275,Q241,Cuba,22.0,-79.5,True,,2023-01,M,True,375,-0.8058691923545507
4692055,"Bogner, Sebastian",SUI,M,GM,,,,2541,1,10,1991,,True,4692055,1991-01-17,wikidata_exact_year_agrees,north,resolved_unique_birthplace,Q96871,Q3046,Pforzheim,48.89;48.8908846;48.89154,8.7029532;8.71083;8.7156,True,,2023-01,M,True,378,-0.8215740494173183
1113100,"Krasenkow, Michal",POL,M,GM,,,,2541,0,10,1963,,True,1113100,1963-11-14,wikidata_exact_year_agrees,north,resolved_unique_birthplace,Q961090,Q649,Moscow,55.75055556,37.6175,True,,2023-01,M,True,378,-0.8215740494173183
4155890,"Krivoborodov, Egor",RUS,M,GM,,,,2541,0,10,1989,,True,4155890,1989-12-24,wikidata_exact_year_agrees,north,resolved_unique_birthplace,Q4240726,Q649,Moscow,55.75055556,37.6175,True,,2023-01,M,False,378,-0.8215740494173183
718602,"Papp, Gabor",HUN,M,GM,,FT,,2541,12,10,1987,,True,718602,1987-05-04,wikidata_exact_year_agrees,north,resolved_unique_birthplace,Q1558687,Q45779,Pécs,46.07083333,18.23305556,True,,2023-01,M,True,378,-0.8215740494173183
14604299,"Skoberne, Jure",SLO,M,GM,,,,2541,4,10,1987,,True,14604299,1987-03-20,wikidata_exact_year_agrees,north,resolved_unique_birthplace,Q4525016,Q15853,Šempeter pri Gorici,45.928333,13.637778,True,,2023-01,M,True,378,-0.8215740494173183
4634527,"Handke, Florian, Dr.",GER,M,GM,,,,2540,0,10,1982,,True,4634527,1982-03-22,wikidata_exact_year_agrees,north,resolved_unique_birthplace,Q84620,Q365,Cologne,50.94222222,6.95777778,True,,2023-01,M,True,383,-0.8372789064800858
2034387,"Holt, Conrad",USA,M,GM,,,,2540,0,10,1993,,True,2034387,1993-07-09,wikidata_exact_year_agrees,north,resolved_unique_birthplace,Q12412716,Q49266,Wichita,37.68888889,-97.33611111,True,,2023-01,M,False,383,-0.8372789064800858
13409301,"Muradli, Mahammad",AZE,M,GM,,,,2540,0,10,2003,,True,13409301,2003-08-01,wikidata_exact_year_agrees,north,resolved_unique_birthplace,Q55759143,Q9248,Baku,40.36665556,49.83518333,True,,2023-01,M,False,383,-0.8372789064800858
403989,"Pert, Nicholas",ENG,M,GM,,,,2540,0,10,1981,,True,403989,1981-01-22,wikidata_exact_year_agrees,north,resolved_unique_birthplace,Q4359259,Q184775,Ipswich,52.05944444,1.15555556,True,,2023-01,M,True,383,-0.8372789064800858
1105663,"Kempinski, Robert",POL,M,GM,,,,2539,2,10,1977,,True,1105663,1977-07-11,wikidata_exact_year_agrees,north,resolved_unique_birthplace,Q686383,Q1792,Gdańsk,54.3482907;54.35,18.6540233;18.66666667,True,,2023-01,M,True,387,-0.8529837635428535
304760,"Stocek, Jiri",CZE,M,GM,,,,2539,2,10,1977,,True,304760,1977-05-10,wikidata_exact_year_agrees,north,resolved_unique_birthplace,Q743690,Q987487,Ostrov,50.306035,12.93915352,True,,2023-01,M,True,387,-0.8529837635428535
1709437,"Blomqvist, Erik",SWE,M,GM,,,,2538,2,10,1990,,True,1709437,1990-10-19,wikidata_exact_year_agrees,north,resolved_unique_birthplace,Q1353835,Q1754,Stockholm,59.32944444,18.06861111,True,,2023-01,M,False,389,-0.8686886206056211
5900727,"Kelires, Andreas",GRE,M,GM,,,,2538,0,10,1999,,True,5900727,1999-07-01,wikidata_exact_year_agrees,north,resolved_unique_birthplace,Q27526459,Q3856,Nicosia,35.1725,33.365,True,,2023-01,M,False,389,-0.8686886206056211
613762,"Maze, Sebastien",FRA,M,GM,,,,2538,0,10,1984,,True,613762,1984-02-08,wikidata_exact_year_agrees,north,resolved_unique_birthplace,Q1658816,Q90,Paris,48.85666667,2.35222222,True,,2023-01,M,True,389,-0.8686886206056211
14602296,"Sebenik, Matej",SLO,M,GM,,,,2538,0,10,1983,,True,14602296,1983-08-28,wikidata_exact_year_agrees,north,resolved_unique_birthplace,Q4521873,Q437,Ljubljana,46.05138889,14.50611111,True,,2023-01,M,True,389,-0.8686886206056211
1010891,"Spoelman, Wouter",NED,M,GM,,,,2538,0,10,1990,,True,1010891,1990-06-05,wikidata_exact_year_agrees,north,resolved_unique_birthplace,Q63321,Q793,Zwolle,52.51666667,6.1,True,,2023-01,M,True,389,-0.8686886206056211
633429,"Edouard, Romain",FRA,M,GM,,,,2537,0,10,1990,,True,633429,1990-11-28,wikidata_exact_year_agrees,north,resolved_unique_birthplace,Q968844,Q6616,Poitiers,46.58111111,0.33527778,True,,2023-01,M,True,394,-0.8843934776683888
705713,"Ruck, Robert",HUN,M,GM,,,,2537,4,10,1977,,True,705713,1977-12-10,wikidata_exact_year_agrees,north,resolved_unique_birthplace,Q542985,Q42007,Szombathely,47.23333333,16.63333333,True,,2023-01,M,True,394,-0.8843934776683888
24176460,"Sorokin, Aleksey",RUS,M,GM,,,,2537,0,10,2000,,True,24176460,2000-04-13,wikidata_exact_year_agrees,north,resolved_unique_birthplace,Q27532242,Q6014,Barnaul,53.35666667,83.78722222,True,,2023-01,M,False,394,-0.8843934776683888
2801795,"Steinberg, Nitzan",ISR,M,GM,,,,2537,0,10,1998,,True,2801795,1998-01-12,wikidata_exact_year_agrees,north,resolved_unique_birthplace,Q20653465,Q41621,Haifa,32.81916667,34.99916667,True,,2023-01,M,False,394,-0.8843934776683888
4145097,"Zakhartsov, Vladimir",RUS,M,GM,,,,2537,4,10,1997,,True,4145097,1997-01-30,wikidata_exact_year_agrees,north,resolved_unique_birthplace,Q27534534,Q908,Rostov-on-Don,47.2225,39.71,True,,2023-01,M,False,394,-0.8843934776683888
301264,"Babula, Vlastimil",CZE,M,GM,,,,2536,3,10,1973,,True,301264,1973-10-02,wikidata_exact_year_agrees,north,resolved_unique_birthplace,Q1382022,Q664895,Uherský Brod,49.02513343,17.6471533,True,,2023-01,M,True,399,-0.9000983347311564
8608156,"Dai, Changren",CHN,M,IM,,,,2536,0,10,1999,,True,8608156,1999-01-10,wikidata_exact_year_agrees,north,resolved_unique_birthplace,Q41690394,Q11736,Tianjin,39.14666667,117.20555556,True,,2023-01,M,False,399,-0.9000983347311564
1506102,"Urkedal, Frode Olav Olsen",NOR,M,GM,,,,2536,0,10,1993,,True,1506102,1993-05-14,wikidata_exact_year_agrees,north,resolved_unique_birthplace,Q289875,Q585,奥斯陆,59.91333333,10.73888889,True,,2023-01,M,False,399,-0.9000983347311564
13601865,"Aroshidze, Levan",ESP,M,GM,,,,2535,0,10,1985,,True,13601865,1985-07-09,wikidata_exact_year_agrees,north,resolved_unique_birthplace,Q1822029,Q994,Tbilisi,41.7225,44.7925,True,,2023-01,M,True,402,-0.9158031917939241
1159259,"Janik, Igor",POL,M,GM,,,,2535,2,10,2000,,True,1159259,2000-06-09,wikidata_exact_year_agrees,north,resolved_unique_birthplace,Q27526075,Q104712,Elbląg,54.15222222,19.40888889,True,,2023-01,M,False,402,-0.9158031917939241
8608962,"Liu, Yan",CHN,M,GM,,,,2535,0,10,2000,,True,8608962,2000-03-29,wikidata_exact_year_agrees,north,resolved_unique_birthplace,Q27527332,Q11725,Chongqing,29.55,106.50694444,True,,2023-01,M,False,402,-0.9158031917939241
4101286,"Petrov, Nikita",FID,M,GM,,,,2535,6,10,1996,,True,4101286,1996-07-01,wikidata_exact_year_agrees,north,resolved_unique_birthplace,Q27529873,Q15760,Novorossiysk,44.71666667,37.76666667,True,,2023-01,M,False,402,-0.9158031917939241
1013068,"Pruijssers, Roeland",NED,M,GM,,,,2535,1,10,1989,,True,1013068,1989-08-16,wikidata_exact_year_agrees,north,resolved_unique_birthplace,Q81853,Q538725,Hendrik-Ido-Ambacht,51.85,4.63,True,,2023-01,M,True,402,-0.9158031917939241
4108566,"Tsydypov, Zhamsaran",RUS,M,GM,,,,2535,6,10,1996,,True,4108566,1996-09-05,wikidata_exact_year_agrees,north,resolved_unique_birthplace,Q27533402,Q6816,Ulan-Ude,51.82722222,107.60638889,True,,2023-01,M,False,402,-0.9158031917939241
1124552,"Warakomski, Tomasz",POL,M,GM,,,,2535,3,10,1989,,True,1124552,1989-06-22,wikidata_exact_year_agrees,north,resolved_unique_birthplace,Q9359786,Q236083,Suwałki,54.1,22.93333333,True,,2023-01,M,False,402,-0.9158031917939241
1110381,"Mista, Aleksander",POL,M,GM,,,,2534,0,10,1983,,True,1110381,1983-01-07,wikidata_exact_year_agrees,north,resolved_unique_birthplace,Q2640811,Q731079,Myszków,50.5752,19.32461,True,,2023-01,M,True,409,-0.9315080488566917
14109476,"Tukhaev, Adam",UKR,M,GM,,,,2534,0,10,1988,,True,14109476,1988-02-14,wikidata_exact_year_agrees,north,resolved_unique_birthplace,Q4466677,Q157065,Kerch,45.33861111,36.46805556,True,,2023-01,M,False,409,-0.9315080488566917
14113171,"Vovk, Yuri",UKR,M,GM,,,,2534,8,10,1988,,True,14113171,1988-11-11,wikidata_exact_year_agrees,north,resolved_unique_birthplace,Q2405566,Q36036,Lviv,49.838055;49.841952,24.023055;24.0315921,True,,2023-01,M,True,409,-0.9315080488566917
5100011,"Hernandez Guerrero, Gilberto",MEX,M,GM,,,,2533,20,10,1970,,True,5100011,1970-02-04,wikidata_exact_year_agrees,north,resolved_unique_birthplace,Q1372197,Q3849175,Ébano Municipality,22.16,-98.51,True,,2023-01,M,True,412,-0.9472129059194593
4119410,"Popov, Valerij",RUS,M,GM,,,,2533,0,10,1974,,True,4119410,1974-09-10,wikidata_exact_year_agrees,north,resolved_unique_birthplace,Q517854,Q656,Saint Petersburg,59.95,30.31666667,True,,2023-01,M,True,412,-0.9472129059194593
108049,"Flores, Diego",ARG,M,GM,,,,2532,11,10,1982,,True,108049,1982-12-18,wikidata_exact_year_agrees,north,resolved_unique_birthplace,Q613780,Q11974,Las Palmas de Gran Canaria,28.12722222,-15.43138889,True,,2023-01,M,False,414,-0.962917762982227
13515110,"Lazavik, Denis",BLR,M,GM,,,,2532,9,10,2006,,True,13515110,2006-11-17,wikidata_exact_year_agrees,north,resolved_unique_birthplace,Q71319667,Q2280,Minsk,53.902246,27.561837,True,,2023-01,M,False,414,-0.962917762982227
1406000,"Rasmussen, Allan Stig",DEN,M,GM,,,,2532,1,10,1983,,True,1406000,1983-11-20,wikidata_exact_year_agrees,north,resolved_unique_birthplace,Q4390194,Q25319,Aarhus,56.15638889,10.20972222,True,,2023-01,M,False,414,-0.962917762982227
3503313,"Almeida Quintana, Omar",CUB,M,GM,,FT,,2531,18,10,1981,,True,3503313,1981-10-28,wikidata_exact_year_agrees,north,resolved_unique_birthplace,Q622100,Q1563,Havana,23.13666667,-82.35888889,True,,2023-01,M,False,417,-0.9786226200449946
912417,"Ivanisevic, Ivan",SRB,M,GM,,,,2531,11,10,1977,,True,912417,1977-11-23,wikidata_exact_year_agrees,north,resolved_unique_birthplace,Q2301888,Q403,Serbia,43.95,20.93333333,True,,2023-01,M,True,417,-0.9786226200449946
8603294,"Liu, Qingnan",CHN,M,GM,,,,2531,0,10,1992,,True,8603294,1992-05-23,wikidata_exact_year_agrees,north,resolved_unique_birthplace,Q27527328,Q170247,Jinan,36.66666667,116.98333333,True,,2023-01,M,False,417,-0.9786226200449946
14401290,"Saric, Ibro",BIH,M,GM,,,,2531,0,10,1982,,True,14401290,1982-02-20,wikidata_exact_year_agrees,north,resolved_unique_birthplace,Q1258424,Q994203,Cazin,44.96694444,15.94305556,True,,2023-01,M,False,417,-0.9786226200449946
2059630,"Tang, Andrew",USA,M,GM,,,,2531,3,10,1999,,True,2059630,1999-11-29,wikidata_exact_year_agrees,north,resolved_unique_birthplace,Q27533021,Q243007,Naperville,41.74826,-88.16585,True,,2023-01,M,False,417,-0.9786226200449946
4500016,"Ehlvest, Jaan",USA,M,GM,,,,2530,0,10,1962,,True,4500016,1962-10-14,wikidata_exact_year_agrees,north,resolved_unique_birthplace,Q499615,Q1770,Tallinn,59.43722222,24.745,True,,2023-01,M,True,422,-0.9943274771077623
1040634,"Kevlishvili, Robby",NED,M,GM,,,,2530,0,10,2001,,True,1040634,2001-04-15,wikidata_exact_year_agrees,north,resolved_unique_birthplace,Q27526476,Q328087,Dronten,52.52416667,5.7125,True,,2023-01,M,False,422,-0.9943274771077623
13602926,"Margvelashvili, Giorgi",GEO,M,GM,,,,2530,0,10,1990,,True,13602926,1990-02-09,wikidata_exact_year_agrees,north,resolved_unique_birthplace,Q4281192,Q994,Tbilisi,41.7225,44.7925,True,,2023-01,M,True,422,-0.9943274771077623
13400363,"Guliyev, Namig",AZE,M,GM,,,,2529,2,10,1974,,True,13400363,1974-02-13,wikidata_exact_year_agrees,north,resolved_unique_birthplace,Q1377816,Q4621474,Dünyamalılar,39.77079025,47.7622535,True,,2023-01,M,True,425,-1.01003233417053
1303759,"Lampert, Jonas",GER,M,GM,,,,2529,0,10,1997,,True,1303759,1997-08-25,wikidata_exact_year_agrees,north,resolved_unique_birthplace,Q27527033,Q1055,Hamburg,53.55,10.0,True,,2023-01,M,False,425,-1.01003233417053
4123700,"Moiseenko, Vadim",RUS,M,GM,,,,2529,0,10,1994,,True,4123700,1994-07-07,wikidata_exact_year_agrees,north,resolved_unique_birthplace,Q27528521,Q132732,Bratsk,56.152;56.16666667,101.61666667;101.633,True,,2023-01,M,False,425,-1.01003233417053
4000013,"David, Alberto",ITA,M,GM,,,,2527,10,10,1970,,True,4000013,1970-03-26,wikidata_exact_year_agrees,north,resolved_unique_birthplace,Q964846,Q490,Milan,45.46694444,9.19,True,,2023-01,M,True,428,-1.0414420482960651
4600193,"Lutz, Christopher",GER,M,GM,,,,2527,0,10,1971,,True,4600193,1971-02-24,wikidata_exact_year_agrees,north,resolved_unique_birthplace,Q64754,Q162771,Neukirchen-Vluyn,51.44166667,6.55833333,True,,2023-01,M,True,428,-1.0414420482960651
14400014,"Nikolic, Predrag",BIH,M,GM,,,,2527,0,10,1960,,True,14400014,1960-09-11,wikidata_exact_year_agrees,north,resolved_unique_birthplace,Q634635,Q391033,Šamac,45.06666667,18.46666667,True,,2023-01,M,True,428,-1.0414420482960651
14100037,"Novikov, Igor",USA,M,GM,,,,2527,0,10,1962,,True,14100037,1962-05-23,wikidata_exact_year_agrees,north,resolved_unique_birthplace,Q1950207,Q42308,Kharkiv,49.9925,36.23111111,True,,2023-01,M,True,428,-1.0414420482960651
14116502,"Sivuk, Vitaly",SWE,M,GM,,,,2527,27,10,1992,,True,14116502,1992-01-01,wikidata_exact_year_agrees,north,resolved_unique_birthplace,Q18635043,Q41572,Mykolaiv,46.975,31.995,True,,2023-01,M,False,428,-1.0414420482960651
866970,"Basso, Pier Luigi",ITA,M,GM,,,,2526,18,10,1997,,True,866970,1997-12-15,wikidata_exact_year_agrees,north,resolved_unique_birthplace,Q27523405,Q46806,Montebelluna,45.77527778,12.03888889,True,,2023-01,M,False,433,-1.0571469053588327
24109959,"Goganov, Aleksey",RUS,M,GM,,,,2526,8,10,1991,,True,24109959,1991-07-26,wikidata_exact_year_agrees,north,resolved_unique_birthplace,Q16225500,Q656,Saint Petersburg,59.95,30.31666667,True,,2023-01,M,True,433,-1.0571469053588327
9000011,"Hamdouchi, Hicham",MAR,M,GM,,,,2526,0,10,1972,,True,9000011,1972-10-08,wikidata_exact_year_agrees,north,resolved_unique_birthplace,Q1617234,Q126148,Tangier,35.7696302,-5.8033522,True,,2023-01,M,True,433,-1.0571469053588327
1400266,"Hansen, Sune Berg",DEN,M,GM,,,,2526,1,10,1971,,True,1400266,1971-04-21,wikidata_exact_year_agrees,north,resolved_unique_birthplace,Q724807,Q3255441,Gentofte,55.7517,12.5508,True,,2023-01,M,True,433,-1.0571469053588327
2803828,"Huzman, Alexander",ISR,M,GM,,,,2526,0,10,1962,,True,2803828,1962-04-10,wikidata_exact_year_agrees,north,resolved_unique_birthplace,Q2495398,Q156713,Zhytomyr,50.25444444,28.65777778,True,,2023-01,M,True,433,-1.0571469053588327
4500261,"Kulaots, Kaido",EST,M,GM,,,,2526,18,10,1976,,True,4500261,1976-02-28,wikidata_exact_year_agrees,north,resolved_unique_birthplace,Q638126,Q102365,Pärnu,58.38444444,24.49888889,True,,2023-01,M,True,433,-1.0571469053588327
2300087,"Stefansson, Hannes",ISL,M,GM,,,,2526,0,10,1972,,True,2300087,1972-07-18,wikidata_exact_year_agrees,north,resolved_unique_birthplace,Q2744238,Q1764,Reykjavík,64.1475,-21.935,True,,2023-01,M,True,433,-1.0571469053588327
12804444,"Stremavicius, Titas",LTU,M,GM,,,,2526,16,10,1998,,True,12804444,1998-02-15,wikidata_exact_year_agrees,north,resolved_unique_birthplace,Q20503481,Q4115712,Kaunas,54.9,23.93333333,True,,2023-01,M,False,433,-1.0571469053588327
1000012,"Timman, Jan H",NED,M,GM,,,,2526,1,10,1951,,True,1000012,1951-12-14,wikidata_exact_year_agrees,north,resolved_unique_birthplace,Q139438,Q727,Amsterdam,52.36666667,4.88333333,True,,2023-01,M,True,433,-1.0571469053588327
4902920,"Batsuren, Dambasuren",MGL,M,GM,,,,2525,0,10,2004,,True,4902920,2004-01-22,wikidata_exact_year_agrees,north,resolved_unique_birthplace,Q30310085,Q23430,Ulaanbaatar,47.921357,106.905515,True,,2023-01,M,False,442,-1.0728517624216003
3503321,"Gonzalez Vidal, Yuri",CUB,M,GM,,,,2525,0,10,1981,,True,3503321,1981-01-12,wikidata_exact_year_agrees,north,resolved_unique_birthplace,Q630491,Q2553350,Marianao,23.08333333,-82.43333333,True,,2023-01,M,True,442,-1.0728517624216003
1501984,"Lie, Kjetil A.",NOR,M,GM,,,,2525,1,10,1980,,True,1501984,1980-11-18,wikidata_exact_year_agrees,north,resolved_unique_birthplace,Q628862,Q2290,Porsgrunn,59.1419,9.6568,True,,2023-01,M,True,442,-1.0728517624216003
1104306,"Macieja, Bartlomiej",POL,M,GM,,"IO,FST",,2525,9,10,1977,,True,1104306,1977-10-04,wikidata_exact_year_agrees,north,resolved_unique_birthplace,Q809621,Q270,Warsaw,52.23,21.01111111,True,,2023-01,M,True,442,-1.0728517624216003
5019141,"Shyam, Sundar M.",IND,M,GM,,,,2525,9,10,1992,,True,5019141,1992-05-28,wikidata_exact_year_agrees,north,resolved_unique_birthplace,Q16720159,Q300577,Vellore,12.93333333,79.13333333,True,,2023-01,M,False,442,-1.0728517624216003
13404938,"Gadimbayli, Abdulla",AZE,M,GM,,,,2524,0,10,2002,,True,13404938,2002-01-02,wikidata_exact_year_agrees,north,resolved_unique_birthplace,Q27525118,Q9248,Baku,40.36665556,49.83518333,True,,2023-01,M,False,447,-1.088556619484368
727709,"Aczel, Gergely",HUN,M,GM,,,,2523,4,10,1991,,True,727709,1991-02-27,wikidata_exact_year_agrees,north,resolved_unique_birthplace,Q27522803,Q1781,Budapest,47.49833333,19.04083333,True,,2023-01,M,False,448,-1.1042614765471357
4135229,"Anisimov, Pavel",FID,M,GM,,,,2523,0,10,1986,,True,4135229,1986-04-19,wikidata_exact_year_agrees,north,resolved_unique_birthplace,Q27523064,Q656,Saint Petersburg,59.95,30.31666667,True,,2023-01,M,True,448,-1.1042614765471357
813613,"Brunello, Sabino",ITA,M,GM,,,,2523,18,10,1989,,True,813613,1989-06-27,wikidata_exact_year_agrees,north,resolved_unique_birthplace,Q786173,Q6221,Brescia,45.53888889,10.22028056,True,,2023-01,M,True,448,-1.1042614765471357
1010697,"Burg, Twan",NED,M,GM,,,,2523,1,10,1990,,True,1010697,1990-04-02,wikidata_exact_year_agrees,north,resolved_unique_birthplace,Q2301328,Q9864,Schijndel,51.6183,5.4364,True,,2023-01,M,False,448,-1.1042614765471357
2000075,"Dlugy, Maxim",USA,M,GM,,,,2523,0,10,1966,,True,2000075,1966-01-29,wikidata_exact_year_agrees,north,resolved_unique_birthplace,Q735208,Q649,Moscow,55.75055556,37.6175,True,,2023-01,M,True,448,-1.1042614765471357
1227190,"Gavrilescu, David",ROU,M,IM,,,,2522,0,10,2003,,True,1227190,2003-03-29,wikidata_exact_year_agrees,north,resolved_unique_birthplace,Q65493830,Q168057,Craiova,44.33333333,23.81666667,True,,2023-01,M,False,453,-1.1199663336099033
415820,"Haria, Ravi",ENG,M,GM,,,,2522,0,10,1999,,True,415820,1999-02-07,wikidata_exact_year_agrees,north,resolved_unique_birthplace,Q27525690,Q19931,Elstree,51.64,-0.3,True,,2023-01,M,False,453,-1.1199663336099033
4135202,"Kharitonov, Alexandr",RUS,M,GM,,,,2522,0,10,1986,,True,4135202,1986-11-08,wikidata_exact_year_agrees,north,resolved_unique_birthplace,Q2505504,Q175651,Obninsk,55.1,36.61666667,True,,2023-01,M,True,453,-1.1199663336099033
14502879,"Kozul, Zdenko",CRO,M,GM,,,,2521,13,10,1966,,True,14502879,1966-05-21,wikidata_exact_year_agrees,north,resolved_unique_birthplace,Q168943,Q204434,Bihać,44.81472222,15.86916667,True,,2023-01,M,True,456,-1.1356711906726709
4189825,"Mozharov, Mikhail",RUS,M,GM,,,,2521,0,10,1990,,True,4189825,1990-10-19,wikidata_exact_year_agrees,north,resolved_unique_birthplace,Q16677285,Q193722,Sergiyev Posad,56.3,38.13333333,True,,2023-01,M,False,456,-1.1356711906726709
1204580,"Nanu, Costica-Ciprian",ROU,M,GM,,,,2521,0,10,1977,,True,1204580,1977-07-28,wikidata_exact_year_agrees,north,resolved_unique_birthplace,Q649291,Q82174,Brașov,45.65222222,25.61055556,True,,2023-01,M,False,456,-1.1356711906726709
1416928,"Ochsner, Bjorn Moller",DEN,M,IM,,,,2521,1,10,1994,,True,1416928,1994-10-23,wikidata_exact_year_agrees,north,resolved_unique_birthplace,Q27528984,Q25319,Aarhus,56.15638889,10.20972222,True,,2023-01,M,False,456,-1.1356711906726709
1121251,"Olszewski, Michal",POL,M,GM,,,,2521,0,10,1989,,True,1121251,1989-09-23,wikidata_exact_year_agrees,north,resolved_unique_birthplace,Q4334486,Q270,Warsaw,52.23,21.01111111,True,,2023-01,M,True,456,-1.1356711906726709
13600095,"Sturua, Zurab",GEO,M,GM,,,,2521,18,10,1959,,True,13600095,1959-06-08,wikidata_exact_year_agrees,north,resolved_unique_birthplace,Q2030950,Q994,Tbilisi,41.7225,44.7925,True,,2023-01,M,True,456,-1.1356711906726709
2252627,"Alsina Leal, Daniel",ESP,M,GM,,,,2520,18,10,1988,,True,2252627,1988-05-10,wikidata_exact_year_agrees,north,resolved_unique_birthplace,Q472966,Q1492,Barcelona,41.3825,2.17694444,True,,2023-01,M,False,462,-1.1513760477354387
4700236,"Dervishi, Erald",ALB,M,GM,,,,2520,0,10,1979,,True,4700236,1979-11-10,wikidata_exact_year_agrees,north,resolved_unique_birthplace,Q980449,Q83285,Durrës,41.31333333,19.44583333,True,,2023-01,M,True,462,-1.1513760477354387
4201990,"Mastrovasilis, Athanasios",GRE,M,GM,,FT,,2520,0,10,1979,,True,4201990,1979-04-18,wikidata_exact_year_agrees,north,resolved_unique_birthplace,Q3656900,Q17151,Thessaloniki,40.64027778,22.93555556,True,,2023-01,M,False,462,-1.1513760477354387
36083534,"Maurizzi, Marc`Andria",FRA,M,GM,,,,2520,18,10,2007,,True,36083534,2007-05-16,wikidata_exact_year_agrees,north,resolved_unique_birthplace,Q47543951,Q134698,Bastia,42.7,9.44944444,True,,2023-01,M,False,462,-1.1513760477354387
14112620,"Peng, Li Min",UKR,M,GM,,,,2520,5,10,1997,,True,14112620,1997-01-15,wikidata_exact_year_agrees,north,resolved_unique_birthplace,Q59140195,Q41572,Mykolaiv,46.975,31.995,True,,2023-01,M,False,462,-1.1513760477354387
4194128,"Kiselev, Vitaliy",RUS,M,GM,,,,2519,0,10,1988,,True,4194128,1988-06-16,wikidata_exact_year_agrees,north,resolved_unique_birthplace,Q4222045,Q908,Rostov-on-Don,47.2225,39.71,True,,2023-01,M,False,467,-1.1670809047982063
1105680,"Markowski, Tomasz",POL,M,GM,,,,2519,0,10,1975,,True,1105680,1975-07-30,wikidata_exact_year_agrees,north,resolved_unique_birthplace,Q724051,Q66013,Głogów,51.65888889,16.08027778,True,,2023-01,M,True,467,-1.1670809047982063
1004689,"Ernst, Sipke",NED,M,GM,,,,2518,2,10,1979,,True,1004689,1979-01-08,wikidata_exact_year_agrees,north,resolved_unique_birthplace,Q738658,Q2272796,Damwâld,53.2886,5.9953,True,,2023-01,M,True,469,-1.1827857618609738
600113,"Hauchard, Arnaud",FRA,M,GM,,,,2518,0,10,1971,,True,600113,1971-11-15,wikidata_exact_year_agrees,north,resolved_unique_birthplace,Q2863141,Q30974,Rouen,49.44305556,1.1025,True,,2023-01,M,True,469,-1.1827857618609738
1208110,"Jianu, Vlad-Cristian",ROU,M,GM,,,,2518,0,10,1984,,True,1208110,1984-09-27,wikidata_exact_year_agrees,north,resolved_unique_birthplace,Q647494,Q19660,Bucharest,44.41336111,26.09777778,True,,2023-01,M,False,469,-1.1827857618609738
4611420,"Luther, Thomas",GER,M,GM,,FST,,2518,0,10,1969,,True,4611420,1969-11-04,wikidata_exact_year_agrees,north,resolved_unique_birthplace,Q68610,Q1729,Erfurt,50.97805556,11.02888889,True,,2023-01,M,True,469,-1.1827857618609738
46634827,Bharath Subramaniyam H,IND,M,GM,,,,2517,0,10,2007,,True,46634827,2007-10-17,wikidata_exact_year_agrees,north,resolved_unique_birthplace,Q87410547,Q1352,Chennai,13.0825,80.275,True,,2023-01,M,False,473,-1.1984906189237414
24112798,"Gordievsky, Dmitry",RUS,M,GM,,,,2517,0,10,1996,,True,24112798,1996-04-24,wikidata_exact_year_agrees,north,resolved_unique_birthplace,Q27525428,Q649,Moscow,55.75055556,37.6175,True,,2023-01,M,False,473,-1.1984906189237414
2099438,"Hong, Andrew",USA,M,GM,,,,2517,0,10,2004,,True,2099438,2004-11-23,wikidata_exact_year_agrees,north,resolved_unique_birthplace,Q60666477,Q16553,San Jose,37.30416667,-121.87277778,True,,2023-01,M,False,473,-1.1984906189237414
26017962,"Laurent-Paoli, Pierre",FRA,M,IM,,,,2517,14,10,2000,,True,26017962,2000-12-03,wikidata_exact_year_agrees,north,resolved_unique_birthplace,Q27527159,Q6441,Montpellier,43.61091944,3.87723056,True,,2023-01,M,False,473,-1.1984906189237414
4614950,"Mons, Leon",GER,M,GM,,,,2517,1,10,1995,,True,4614950,1995-09-10,wikidata_exact_year_agrees,north,resolved_unique_birthplace,Q27528565,Q2843,Lübeck,53.86972222,10.68638889,True,,2023-01,M,False,473,-1.1984906189237414
14600986,"Pavasovic, Dusko",SLO,M,GM,,,,2517,0,10,1976,,True,14600986,1976-10-15,wikidata_exact_year_agrees,north,resolved_unique_birthplace,Q1268259,Q1663,Split,43.51,16.44,True,,2023-01,M,True,473,-1.1984906189237414
325740,"Plat, Vojtech",CZE,M,GM,,,,2517,4,10,1994,,True,325740,1994-01-23,wikidata_exact_year_agrees,north,resolved_unique_birthplace,Q27529966,Q1000091,Rychnov nad Kněžnou,50.16287079,16.27495476,True,,2023-01,M,False,473,-1.1984906189237414
35018701,Arjun Kalyan,IND,M,GM,,,,2516,19,10,2002,,True,35018701,2002-06-17,wikidata_exact_year_agrees,north,resolved_unique_birthplace,Q57416087,Q1352,Chennai,13.0825,80.275,True,,2023-01,M,False,480,-1.214195475986509
4138716,"Bocharov, Dmitry",RUS,M,GM,,,,2516,0,10,1982,,True,4138716,1982-10-20,wikidata_exact_year_agrees,north,resolved_unique_birthplace,Q2081744,Q883,Novosibirsk,55.03333333,82.91666667,True,,2023-01,M,True,480,-1.214195475986509
2069342,"Checa, Nicolas",USA,M,GM,,,,2516,0,10,2001,,True,2069342,2001-12-19,wikidata_exact_year_agrees,north,multiple_birthplaces_same_hemisphere,Q27524142,Q1233173;Q60,Dobbs Ferry;New York City,40.71277778;41.01277778,-74.00611111;-73.86611111,True,,2023-01,M,False,480,-1.214195475986509
4201809,"Halkias, Stelios",GRE,M,GM,,,,2516,0,10,1980,,True,4201809,1980-04-11,wikidata_exact_year_agrees,north,resolved_unique_birthplace,Q3657764,Q17151,Thessaloniki,40.64027778,22.93555556,True,,2023-01,M,True,480,-1.214195475986509
2801914,"Mikhalevski, Victor",ISR,M,GM,,,,2516,9,10,1972,,True,2801914,1972-07-08,wikidata_exact_year_agrees,north,resolved_unique_birthplace,Q2472255,Q2678,Gomel,52.44166667,30.98333333,True,,2023-01,M,True,480,-1.214195475986509
24692018,"Noe, Christopher",GER,M,IM,,,,2516,0,10,1996,,True,24692018,1996-04-27,wikidata_exact_year_agrees,north,resolved_unique_birthplace,Q27528909,Q14950,Sinsheim,49.25,8.88333333,True,,2023-01,M,False,480,-1.214195475986509
1010824,"Swinkels, Robin",NED,M,GM,,,,2516,2,10,1989,,True,1010824,1989-04-06,wikidata_exact_year_agrees,north,resolved_unique_birthplace,Q63343,Q9810,Asten,51.4031,5.7472,True,,2023-01,M,False,480,-1.214195475986509
615013,"Wirig, Anthony",FRA,M,GM,,,,2516,1,10,1983,,True,615013,1983-02-03,wikidata_exact_year_agrees,north,resolved_unique_birthplace,Q9156220,Q22640,Thionville,49.35805556,6.16833333,True,,2023-01,M,False,480,-1.214195475986509
4655192,"Zaragatski, Ilja",GER,M,GM,,,,2516,2,10,1985,,True,4655192,1985-09-26,wikidata_exact_year_agrees,north,resolved_unique_birthplace,Q1658638,Q656,Saint Petersburg,59.95,30.31666667,True,,2023-01,M,False,480,-1.214195475986509
1030108,"Beerdsen, Thomas",NED,M,IM,,,,2515,10,10,1998,,True,1030108,1998-09-13,wikidata_exact_year_agrees,north,resolved_unique_birthplace,Q27523463,Q3018561,Apeldoorn,52.21,5.97,True,,2023-01,M,False,489,-1.2299003330492768
13905465,"Schitco, Ivan",MDA,M,GM,,,,2515,9,10,2003,,True,13905465,2003-01-04,wikidata_exact_year_agrees,north,resolved_unique_birthplace,Q65461017,Q21197,Chișinău,47.02277778,28.83527778,True,,2023-01,M,False,489,-1.2299003330492768
922412,"Djukic, Nikola",MNE,M,GM,,,,2514,0,10,1983,,True,922412,1983-01-26,wikidata_exact_year_agrees,north,resolved_unique_birthplace,Q2927210,Q23564,Podgorica,42.44138889,19.26277778,True,,2023-01,M,False,491,-1.2456051901120444
706671,"Korpa, Bence",HUN,M,GM,,,,2514,11,10,1998,,True,706671,1998-01-12,wikidata_exact_year_agrees,north,resolved_unique_birthplace,Q27526725,Q102397,Miskolc,48.1,20.78333333,True,,2023-01,M,False,491,-1.2456051901120444
12501255,"Moradiabadi, Elshan",USA,M,GM,,,,2514,0,10,1985,,True,12501255,1985-05-22,wikidata_exact_year_agrees,north,resolved_unique_birthplace,Q8215536,Q3616,Tehran,35.68888889,51.38972222,True,,2023-01,M,True,491,-1.2456051901120444
4642325,"Prusikin, Michael",GER,M,GM,,FST,,2514,1,10,1978,,True,4642325,1978-01-19,wikidata_exact_year_agrees,north,resolved_unique_birthplace,Q75491,Q42308,Kharkiv,49.9925,36.23111111,True,,2023-01,M,True,491,-1.2456051901120444
14104369,"Solodovnichenko, Yuri",UKR,M,GM,,,,2514,9,10,1978,,True,14104369,1978-02-08,wikidata_exact_year_agrees,north,resolved_unique_birthplace,Q4428181,Q156732,Kherson,46.6425,32.625,True,,2023-01,M,True,491,-1.2456051901120444
1205064,"Szabo, Gergely-Andras-Gyula",ROU,M,GM,,,,2514,0,10,1983,,True,1205064,1983-04-13,wikidata_exact_year_agrees,north,resolved_unique_birthplace,Q9267485,Q19660,Bucharest,44.41336111,26.09777778,True,,2023-01,M,True,491,-1.2456051901120444
931152,"Bogosavljevic, Boban",SRB,M,GM,,,,2513,9,10,1988,,True,931152,1988-04-26,wikidata_exact_year_agrees,north,resolved_unique_birthplace,Q13214081,Q209329,Vršac,45.12055556,21.29861111,True,,2023-01,M,False,497,-1.261310047174812
24124621,"Kezin, Roman",RUS,M,IM,,,,2513,0,10,1995,,True,24124621,1995-03-15,wikidata_exact_year_agrees,north,resolved_unique_birthplace,Q27526479,Q883,Novosibirsk,55.03333333,82.91666667,True,,2023-01,M,False,497,-1.261310047174812
14201356,"Kvon, Andrey",UZB,M,GM,,,,2513,0,10,1989,,True,14201356,1989-04-16,wikidata_exact_year_agrees,north,resolved_unique_birthplace,Q27527008,Q269,Tashkent,41.31111111,69.27972222,True,,2023-01,M,False,497,-1.261310047174812
13402390,"Rasulov, Vugar",AZE,M,GM,,,,2513,9,10,1991,,True,13402390,1991-04-05,wikidata_exact_year_agrees,north,resolved_unique_birthplace,Q966957,Q131290,Ganja,40.68277778,46.36055556,True,,2023-01,M,False,497,-1.261310047174812
24104272,"Rozum, Ivan",RUS,M,GM,,,,2513,2,10,1991,,True,24104272,1991-12-09,wikidata_exact_year_agrees,north,resolved_unique_birthplace,Q18276835,Q1957,Vologda,59.21666667,39.9,True,,2023-01,M,False,497,-1.261310047174812
