class_index,class,election_year,primary_window,member_slug,detail_url
0,"Class I: Mathematics, Natural Sciences and Engineering",1831,1,carl-bergemann,https://www.leopoldina.org/en/members/member-list/detail/carl-bergemann
0,"Class I: Mathematics, Natural Sciences and Engineering",1840,1,clamor-marquardt,https://www.leopoldina.org/en/members/member-list/detail/clamor-marquardt
0,"Class I: Mathematics, Natural Sciences and Engineering",1843,1,karl-thomae,https://www.leopoldina.org/en/members/member-list/detail/karl-thomae
0,"Class I: Mathematics, Natural Sciences and Engineering",1849,1,theodor-poleck,https://www.leopoldina.org/en/members/member-list/detail/theodor-poleck
0,"Class I: Mathematics, Natural Sciences and Engineering",1850,1,eugen-frhr-von-gorup-besanez,https://www.leopoldina.org/en/members/member-list/detail/eugen-frhr-von-gorup-besanez
0,"Class I: Mathematics, Natural Sciences and Engineering",1850,1,joseph-henry,https://www.leopoldina.org/en/members/member-list/detail/joseph-henry
0,"Class I: Mathematics, Natural Sciences and Engineering",1851,1,robert-wilhelm-bunsen,https://www.leopoldina.org/en/members/member-list/detail/robert-wilhelm-bunsen
0,"Class I: Mathematics, Natural Sciences and Engineering",1852,1,carl-friedrich-goldenberg,https://www.leopoldina.org/en/members/member-list/detail/carl-friedrich-goldenberg
0,"Class I: Mathematics, Natural Sciences and Engineering",1852,1,carl-remigius-fresenius,https://www.leopoldina.org/en/members/member-list/detail/carl-remigius-fresenius
0,"Class I: Mathematics, Natural Sciences and Engineering",1853,1,moritz-sadebeck,https://www.leopoldina.org/en/members/member-list/detail/moritz-sadebeck
0,"Class I: Mathematics, Natural Sciences and Engineering",1854,1,conrad-gideon-theodor-schuchardt,https://www.leopoldina.org/en/members/member-list/detail/conrad-gideon-theodor-schuchardt
0,"Class I: Mathematics, Natural Sciences and Engineering",1854,1,hugo-bernhard-sigismund-von-rothkirch,https://www.leopoldina.org/en/members/member-list/detail/hugo-bernhard-sigismund-von-rothkirch
0,"Class I: Mathematics, Natural Sciences and Engineering",1855,1,georg-carl-theophilius-sattler,https://www.leopoldina.org/en/members/member-list/detail/georg-carl-theophilius-sattler
0,"Class I: Mathematics, Natural Sciences and Engineering",1855,1,michael-august-friedrich-prestel,https://www.leopoldina.org/en/members/member-list/detail/michael-august-friedrich-prestel
0,"Class I: Mathematics, Natural Sciences and Engineering",1856,1,adolf-eduard-arppe,https://www.leopoldina.org/en/members/member-list/detail/adolf-eduard-arppe
0,"Class I: Mathematics, Natural Sciences and Engineering",1856,1,anton-ritter-schroetter-von-kristelli,https://www.leopoldina.org/en/members/member-list/detail/anton-ritter-schroetter-von-kristelli
0,"Class I: Mathematics, Natural Sciences and Engineering",1856,1,johann-jens-caspar-sattler,https://www.leopoldina.org/en/members/member-list/detail/johann-jens-caspar-sattler
0,"Class I: Mathematics, Natural Sciences and Engineering",1857,1,alexis-caswell,https://www.leopoldina.org/en/members/member-list/detail/alexis-caswell
0,"Class I: Mathematics, Natural Sciences and Engineering",1857,1,cajetan-georg-von-kaiser,https://www.leopoldina.org/en/members/member-list/detail/cajetan-georg-von-kaiser
0,"Class I: Mathematics, Natural Sciences and Engineering",1857,1,herrmann-schaeffer,https://www.leopoldina.org/en/members/member-list/detail/herrmann-schaeffer
0,"Class I: Mathematics, Natural Sciences and Engineering",1857,1,julius-eugen-schlossberger,https://www.leopoldina.org/en/members/member-list/detail/julius-eugen-schlossberger
0,"Class I: Mathematics, Natural Sciences and Engineering",1857,1,michael-faraday,https://www.leopoldina.org/en/members/member-list/detail/michael-faraday
0,"Class I: Mathematics, Natural Sciences and Engineering",1858,1,christian-friedrich-schoenbein,https://www.leopoldina.org/en/members/member-list/detail/christian-friedrich-schoenbein
0,"Class I: Mathematics, Natural Sciences and Engineering",1858,1,eduard-reichardt,https://www.leopoldina.org/en/members/member-list/detail/eduard-reichardt
0,"Class I: Mathematics, Natural Sciences and Engineering",1858,1,friedrich-woehler,https://www.leopoldina.org/en/members/member-list/detail/friedrich-woehler
0,"Class I: Mathematics, Natural Sciences and Engineering",1858,1,heinrich-wilhelm-birner,https://www.leopoldina.org/en/members/member-list/detail/heinrich-wilhelm-birner
0,"Class I: Mathematics, Natural Sciences and Engineering",1858,1,karl-gotthelf-lehmann,https://www.leopoldina.org/en/members/member-list/detail/karl-gotthelf-lehmann
0,"Class I: Mathematics, Natural Sciences and Engineering",1859,1,charles-arad-joy,https://www.leopoldina.org/en/members/member-list/detail/charles-arad-joy
0,"Class I: Mathematics, Natural Sciences and Engineering",1859,1,justus-frhr-von-liebig,https://www.leopoldina.org/en/members/member-list/detail/justus-frhr-von-liebig
0,"Class I: Mathematics, Natural Sciences and Engineering",1860,1,eilhard-mitscherlich,https://www.leopoldina.org/en/members/member-list/detail/eilhard-mitscherlich
0,"Class I: Mathematics, Natural Sciences and Engineering",1860,1,heinrich-rose,https://www.leopoldina.org/en/members/member-list/detail/heinrich-rose
0,"Class I: Mathematics, Natural Sciences and Engineering",1860,1,josef-redtenbacher,https://www.leopoldina.org/en/members/member-list/detail/josef-redtenbacher
0,"Class I: Mathematics, Natural Sciences and Engineering",1861,1,eduard-heis,https://www.leopoldina.org/en/members/member-list/detail/eduard-heis
0,"Class I: Mathematics, Natural Sciences and Engineering",1861,1,hermann-franz-moritz-kopp,https://www.leopoldina.org/en/members/member-list/detail/hermann-franz-moritz-kopp
0,"Class I: Mathematics, Natural Sciences and Engineering",1862,1,carl-ludwig-albert-kunze,https://www.leopoldina.org/en/members/member-list/detail/carl-ludwig-albert-kunze
0,"Class I: Mathematics, Natural Sciences and Engineering",1862,1,georg-daniel-eduard-weyer,https://www.leopoldina.org/en/members/member-list/detail/georg-daniel-eduard-weyer
0,"Class I: Mathematics, Natural Sciences and Engineering",1862,1,julius-carl-schnauss,https://www.leopoldina.org/en/members/member-list/detail/julius-carl-schnauss
0,"Class I: Mathematics, Natural Sciences and Engineering",1862,1,karl-karmarsch,https://www.leopoldina.org/en/members/member-list/detail/karl-karmarsch
0,"Class I: Mathematics, Natural Sciences and Engineering",1863,1,adolf-drechsler,https://www.leopoldina.org/en/members/member-list/detail/adolf-drechsler
0,"Class I: Mathematics, Natural Sciences and Engineering",1863,1,oskar-xaver-schloemilch,https://www.leopoldina.org/en/members/member-list/detail/oskar-xaver-schloemilch
0,"Class I: Mathematics, Natural Sciences and Engineering",1864,1,julius-gottfried-sussdorf,https://www.leopoldina.org/en/members/member-list/detail/julius-gottfried-sussdorf
0,"Class I: Mathematics, Natural Sciences and Engineering",1864,1,philipp-ludwig-ritter-von-seidel,https://www.leopoldina.org/en/members/member-list/detail/philipp-ludwig-ritter-von-seidel
0,"Class I: Mathematics, Natural Sciences and Engineering",1873,1,anton-geuther,https://www.leopoldina.org/en/members/member-list/detail/anton-geuther
0,"Class I: Mathematics, Natural Sciences and Engineering",1873,1,august-wilhelm-von-hofmann,https://www.leopoldina.org/en/members/member-list/detail/august-wilhelm-von-hofmann
0,"Class I: Mathematics, Natural Sciences and Engineering",1873,1,carl-maximilian-von-bauernfeind,https://www.leopoldina.org/en/members/member-list/detail/carl-maximilian-von-bauernfeind
0,"Class I: Mathematics, Natural Sciences and Engineering",1873,1,karl-wiebel,https://www.leopoldina.org/en/members/member-list/detail/karl-wiebel
0,"Class I: Mathematics, Natural Sciences and Engineering",1874,1,carl-immanuel-gerhardt,https://www.leopoldina.org/en/members/member-list/detail/carl-immanuel-gerhardt
0,"Class I: Mathematics, Natural Sciences and Engineering",1874,1,hans-heinrich-landolt,https://www.leopoldina.org/en/members/member-list/detail/hans-heinrich-landolt
0,"Class I: Mathematics, Natural Sciences and Engineering",1874,1,paul-gordan,https://www.leopoldina.org/en/members/member-list/detail/paul-gordan
0,"Class I: Mathematics, Natural Sciences and Engineering",1877,1,moritz-cantor,https://www.leopoldina.org/en/members/member-list/detail/moritz-cantor
0,"Class I: Mathematics, Natural Sciences and Engineering",1877,1,siegmund-guenther,https://www.leopoldina.org/en/members/member-list/detail/siegmund-guenther
0,"Class I: Mathematics, Natural Sciences and Engineering",1878,1,clemens-winkler,https://www.leopoldina.org/en/members/member-list/detail/clemens-winkler
0,"Class I: Mathematics, Natural Sciences and Engineering",1878,1,paul-guessfeldt,https://www.leopoldina.org/en/members/member-list/detail/paul-guessfeldt
0,"Class I: Mathematics, Natural Sciences and Engineering",1879,1,carl-engler,https://www.leopoldina.org/en/members/member-list/detail/carl-engler
0,"Class I: Mathematics, Natural Sciences and Engineering",1879,1,theodor-petersen,https://www.leopoldina.org/en/members/member-list/detail/theodor-petersen
0,"Class I: Mathematics, Natural Sciences and Engineering",1880,1,albert-ladenburg,https://www.leopoldina.org/en/members/member-list/detail/albert-ladenburg
0,"Class I: Mathematics, Natural Sciences and Engineering",1880,1,carl-cech,https://www.leopoldina.org/en/members/member-list/detail/carl-cech
0,"Class I: Mathematics, Natural Sciences and Engineering",1880,1,laurence-parsons-earl-of-rosse,https://www.leopoldina.org/en/members/member-list/detail/laurence-parsons-earl-of-rosse
0,"Class I: Mathematics, Natural Sciences and Engineering",1880,1,leopold-prowe,https://www.leopoldina.org/en/members/member-list/detail/leopold-prowe
0,"Class I: Mathematics, Natural Sciences and Engineering",1881,1,gustav-holzmueller,https://www.leopoldina.org/en/members/member-list/detail/gustav-holzmueller
0,"Class I: Mathematics, Natural Sciences and Engineering",1882,1,august-michaelis,https://www.leopoldina.org/en/members/member-list/detail/august-michaelis
0,"Class I: Mathematics, Natural Sciences and Engineering",1882,1,eduard-heinrich-von-baumhauer,https://www.leopoldina.org/en/members/member-list/detail/eduard-heinrich-von-baumhauer
0,"Class I: Mathematics, Natural Sciences and Engineering",1882,1,gustav-von-huefner,https://www.leopoldina.org/en/members/member-list/detail/gustav-von-huefner
0,"Class I: Mathematics, Natural Sciences and Engineering",1882,1,victor-meyer,https://www.leopoldina.org/en/members/member-list/detail/victor-meyer
0,"Class I: Mathematics, Natural Sciences and Engineering",1883,1,albert-wangerin,https://www.leopoldina.org/en/members/member-list/detail/albert-wangerin
0,"Class I: Mathematics, Natural Sciences and Engineering",1883,1,carl-liebermann,https://www.leopoldina.org/en/members/member-list/detail/carl-liebermann
0,"Class I: Mathematics, Natural Sciences and Engineering",1883,1,carl-von-orff,https://www.leopoldina.org/en/members/member-list/detail/carl-von-orff
0,"Class I: Mathematics, Natural Sciences and Engineering",1883,1,constantin-le-paige,https://www.leopoldina.org/en/members/member-list/detail/constantin-le-paige
0,"Class I: Mathematics, Natural Sciences and Engineering",1883,1,friedrich-emil-prym,https://www.leopoldina.org/en/members/member-list/detail/friedrich-emil-prym
0,"Class I: Mathematics, Natural Sciences and Engineering",1883,1,heinrich-martin-weber,https://www.leopoldina.org/en/members/member-list/detail/heinrich-martin-weber
0,"Class I: Mathematics, Natural Sciences and Engineering",1883,1,heinrich-schroeter,https://www.leopoldina.org/en/members/member-list/detail/heinrich-schroeter
0,"Class I: Mathematics, Natural Sciences and Engineering",1883,1,jacob-lueroth,https://www.leopoldina.org/en/members/member-list/detail/jacob-lueroth
0,"Class I: Mathematics, Natural Sciences and Engineering",1883,1,jakob-volhard,https://www.leopoldina.org/en/members/member-list/detail/jakob-volhard
0,"Class I: Mathematics, Natural Sciences and Engineering",1883,1,karl-johannes-thomae,https://www.leopoldina.org/en/members/member-list/detail/karl-johannes-thomae
0,"Class I: Mathematics, Natural Sciences and Engineering",1883,1,karl-weierstrass,https://www.leopoldina.org/en/members/member-list/detail/karl-weierstrass
0,"Class I: Mathematics, Natural Sciences and Engineering",1883,1,lazarus-fuchs,https://www.leopoldina.org/en/members/member-list/detail/lazarus-fuchs
0,"Class I: Mathematics, Natural Sciences and Engineering",1883,1,paul-du-bois-reymond,https://www.leopoldina.org/en/members/member-list/detail/paul-du-bois-reymond
0,"Class I: Mathematics, Natural Sciences and Engineering",1883,1,rudolf-lipschitz,https://www.leopoldina.org/en/members/member-list/detail/rudolf-lipschitz
0,"Class I: Mathematics, Natural Sciences and Engineering",1883,1,theodor-zincke,https://www.leopoldina.org/en/members/member-list/detail/theodor-zincke
0,"Class I: Mathematics, Natural Sciences and Engineering",1884,1,alfred-pringsheim,https://www.leopoldina.org/en/members/member-list/detail/alfred-pringsheim
0,"Class I: Mathematics, Natural Sciences and Engineering",1884,1,ferdinand-von-lindemann,https://www.leopoldina.org/en/members/member-list/detail/ferdinand-von-lindemann
0,"Class I: Mathematics, Natural Sciences and Engineering",1884,1,gottfried-asimont,https://www.leopoldina.org/en/members/member-list/detail/gottfried-asimont
0,"Class I: Mathematics, Natural Sciences and Engineering",1884,1,gustav-conrad-bauer,https://www.leopoldina.org/en/members/member-list/detail/gustav-conrad-bauer
0,"Class I: Mathematics, Natural Sciences and Engineering",1884,1,hannibal-ferrero,https://www.leopoldina.org/en/members/member-list/detail/hannibal-ferrero
0,"Class I: Mathematics, Natural Sciences and Engineering",1884,1,hermann-schubert,https://www.leopoldina.org/en/members/member-list/detail/hermann-schubert
0,"Class I: Mathematics, Natural Sciences and Engineering",1884,1,karl-wacker,https://www.leopoldina.org/en/members/member-list/detail/karl-wacker
0,"Class I: Mathematics, Natural Sciences and Engineering",1884,1,leopold-kronecker,https://www.leopoldina.org/en/members/member-list/detail/leopold-kronecker
0,"Class I: Mathematics, Natural Sciences and Engineering",1884,1,ludwig-burmester,https://www.leopoldina.org/en/members/member-list/detail/ludwig-burmester
0,"Class I: Mathematics, Natural Sciences and Engineering",1884,1,victor-schlegel,https://www.leopoldina.org/en/members/member-list/detail/victor-schlegel
0,"Class I: Mathematics, Natural Sciences and Engineering",1885,1,anton-puchta,https://www.leopoldina.org/en/members/member-list/detail/anton-puchta
0,"Class I: Mathematics, Natural Sciences and Engineering",1885,1,bernhard-rathke,https://www.leopoldina.org/en/members/member-list/detail/bernhard-rathke
0,"Class I: Mathematics, Natural Sciences and Engineering",1885,1,ernst-von-meyer,https://www.leopoldina.org/en/members/member-list/detail/ernst-von-meyer
0,"Class I: Mathematics, Natural Sciences and Engineering",1885,1,georg-roth,https://www.leopoldina.org/en/members/member-list/detail/georg-roth
0,"Class I: Mathematics, Natural Sciences and Engineering",1885,1,guido-goldschmiedt,https://www.leopoldina.org/en/members/member-list/detail/guido-goldschmiedt
0,"Class I: Mathematics, Natural Sciences and Engineering",1885,1,hermann-schwarz,https://www.leopoldina.org/en/members/member-list/detail/hermann-schwarz
0,"Class I: Mathematics, Natural Sciences and Engineering",1885,1,johann-von-rogner,https://www.leopoldina.org/en/members/member-list/detail/johann-von-rogner
0,"Class I: Mathematics, Natural Sciences and Engineering",1885,1,johannes-frischauf,https://www.leopoldina.org/en/members/member-list/detail/johannes-frischauf
0,"Class I: Mathematics, Natural Sciences and Engineering",1885,1,ludwig-barth-ritter-v-barthenau,https://www.leopoldina.org/en/members/member-list/detail/ludwig-barth-ritter-v-barthenau
0,"Class I: Mathematics, Natural Sciences and Engineering",1885,1,otto-wallach,https://www.leopoldina.org/en/members/member-list/detail/otto-wallach
0,"Class I: Mathematics, Natural Sciences and Engineering",1885,1,peter-griess,https://www.leopoldina.org/en/members/member-list/detail/peter-griess
0,"Class I: Mathematics, Natural Sciences and Engineering",1885,1,richard-dedekind,https://www.leopoldina.org/en/members/member-list/detail/richard-dedekind
0,"Class I: Mathematics, Natural Sciences and Engineering",1885,1,wilhelm-killing,https://www.leopoldina.org/en/members/member-list/detail/wilhelm-killing
0,"Class I: Mathematics, Natural Sciences and Engineering",1885,1,wilhelm-staedel,https://www.leopoldina.org/en/members/member-list/detail/wilhelm-staedel
0,"Class I: Mathematics, Natural Sciences and Engineering",1886,1,anders-lindstedt,https://www.leopoldina.org/en/members/member-list/detail/anders-lindstedt
0,"Class I: Mathematics, Natural Sciences and Engineering",1886,1,eduard-wiltheiss,https://www.leopoldina.org/en/members/member-list/detail/eduard-wiltheiss
0,"Class I: Mathematics, Natural Sciences and Engineering",1886,1,ernst-schmidt,https://www.leopoldina.org/en/members/member-list/detail/ernst-schmidt
0,"Class I: Mathematics, Natural Sciences and Engineering",1886,1,felix-klein,https://www.leopoldina.org/en/members/member-list/detail/felix-klein
0,"Class I: Mathematics, Natural Sciences and Engineering",1886,1,leopold-von-pebal,https://www.leopoldina.org/en/members/member-list/detail/leopold-von-pebal
0,"Class I: Mathematics, Natural Sciences and Engineering",1886,1,max-maercker,https://www.leopoldina.org/en/members/member-list/detail/max-maercker
0,"Class I: Mathematics, Natural Sciences and Engineering",1886,1,robert-helmert,https://www.leopoldina.org/en/members/member-list/detail/robert-helmert
0,"Class I: Mathematics, Natural Sciences and Engineering",1887,1,adolf-pinner,https://www.leopoldina.org/en/members/member-list/detail/adolf-pinner
0,"Class I: Mathematics, Natural Sciences and Engineering",1887,1,adolph-mayer,https://www.leopoldina.org/en/members/member-list/detail/adolph-mayer
0,"Class I: Mathematics, Natural Sciences and Engineering",1887,1,arthur-hantzsch,https://www.leopoldina.org/en/members/member-list/detail/arthur-hantzsch
0,"Class I: Mathematics, Natural Sciences and Engineering",1887,1,aurel-voss,https://www.leopoldina.org/en/members/member-list/detail/aurel-voss
0,"Class I: Mathematics, Natural Sciences and Engineering",1887,1,carl-graebe,https://www.leopoldina.org/en/members/member-list/detail/carl-graebe
0,"Class I: Mathematics, Natural Sciences and Engineering",1887,1,carl-schorlemmer,https://www.leopoldina.org/en/members/member-list/detail/carl-schorlemmer
0,"Class I: Mathematics, Natural Sciences and Engineering",1887,1,charles-de-marignac,https://www.leopoldina.org/en/members/member-list/detail/charles-de-marignac
0,"Class I: Mathematics, Natural Sciences and Engineering",1887,1,heinrich-brunner,https://www.leopoldina.org/en/members/member-list/detail/heinrich-brunner
0,"Class I: Mathematics, Natural Sciences and Engineering",1887,1,johann-repsold,https://www.leopoldina.org/en/members/member-list/detail/johann-repsold
0,"Class I: Mathematics, Natural Sciences and Engineering",1887,1,joseph-koenig,https://www.leopoldina.org/en/members/member-list/detail/joseph-koenig
0,"Class I: Mathematics, Natural Sciences and Engineering",1887,1,karl-richard-hornberger,https://www.leopoldina.org/en/members/member-list/detail/karl-richard-hornberger
0,"Class I: Mathematics, Natural Sciences and Engineering",1887,1,karl-von-der-muehll,https://www.leopoldina.org/en/members/member-list/detail/karl-von-der-muehll
0,"Class I: Mathematics, Natural Sciences and Engineering",1887,1,max-conrad,https://www.leopoldina.org/en/members/member-list/detail/max-conrad
0,"Class I: Mathematics, Natural Sciences and Engineering",1887,1,oscar-gustav-doebner,https://www.leopoldina.org/en/members/member-list/detail/oscar-gustav-doebner
0,"Class I: Mathematics, Natural Sciences and Engineering",1887,1,otto-staude,https://www.leopoldina.org/en/members/member-list/detail/otto-staude
0,"Class I: Mathematics, Natural Sciences and Engineering",1887,1,richard-anschuetz-zu-poppelsdorf,https://www.leopoldina.org/en/members/member-list/detail/richard-anschuetz-zu-poppelsdorf
0,"Class I: Mathematics, Natural Sciences and Engineering",1887,1,rudolf-lehmann-filhes,https://www.leopoldina.org/en/members/member-list/detail/rudolf-lehmann-filhes
0,"Class I: Mathematics, Natural Sciences and Engineering",1887,1,rudolf-schmitt,https://www.leopoldina.org/en/members/member-list/detail/rudolf-schmitt
0,"Class I: Mathematics, Natural Sciences and Engineering",1887,1,sir-henry-roscoe,https://www.leopoldina.org/en/members/member-list/detail/sir-henry-roscoe
0,"Class I: Mathematics, Natural Sciences and Engineering",1887,1,ulrich-kreusler,https://www.leopoldina.org/en/members/member-list/detail/ulrich-kreusler
0,"Class I: Mathematics, Natural Sciences and Engineering",1887,1,walter-von-funke,https://www.leopoldina.org/en/members/member-list/detail/walter-von-funke
0,"Class I: Mathematics, Natural Sciences and Engineering",1887,1,walther-von-dyck,https://www.leopoldina.org/en/members/member-list/detail/walther-von-dyck
0,"Class I: Mathematics, Natural Sciences and Engineering",1887,1,wilhelm-lossen,https://www.leopoldina.org/en/members/member-list/detail/wilhelm-lossen
0,"Class I: Mathematics, Natural Sciences and Engineering",1887,1,wilhelm-von-miller,https://www.leopoldina.org/en/members/member-list/detail/wilhelm-von-miller
0,"Class I: Mathematics, Natural Sciences and Engineering",1887,1,zdenko-skraup,https://www.leopoldina.org/en/members/member-list/detail/zdenko-skraup
0,"Class I: Mathematics, Natural Sciences and Engineering",1888,1,adolf-lieben,https://www.leopoldina.org/en/members/member-list/detail/adolf-lieben
0,"Class I: Mathematics, Natural Sciences and Engineering",1888,1,benzion-igel,https://www.leopoldina.org/en/members/member-list/detail/benzion-igel
0,"Class I: Mathematics, Natural Sciences and Engineering",1888,1,carl-adam-bischoff,https://www.leopoldina.org/en/members/member-list/detail/carl-adam-bischoff
0,"Class I: Mathematics, Natural Sciences and Engineering",1888,1,christian-august-nagel,https://www.leopoldina.org/en/members/member-list/detail/christian-august-nagel
0,"Class I: Mathematics, Natural Sciences and Engineering",1888,1,christian-wiener,https://www.leopoldina.org/en/members/member-list/detail/christian-wiener
0,"Class I: Mathematics, Natural Sciences and Engineering",1888,1,conrad-willgerodt,https://www.leopoldina.org/en/members/member-list/detail/conrad-willgerodt
0,"Class I: Mathematics, Natural Sciences and Engineering",1888,1,edmund-hess,https://www.leopoldina.org/en/members/member-list/detail/edmund-hess
0,"Class I: Mathematics, Natural Sciences and Engineering",1888,1,emil-weyr,https://www.leopoldina.org/en/members/member-list/detail/emil-weyr
0,"Class I: Mathematics, Natural Sciences and Engineering",1888,1,ernst-hintz,https://www.leopoldina.org/en/members/member-list/detail/ernst-hintz
0,"Class I: Mathematics, Natural Sciences and Engineering",1888,1,ferdinand-tiemann,https://www.leopoldina.org/en/members/member-list/detail/ferdinand-tiemann
0,"Class I: Mathematics, Natural Sciences and Engineering",1888,1,franz-unferdinger,https://www.leopoldina.org/en/members/member-list/detail/franz-unferdinger
0,"Class I: Mathematics, Natural Sciences and Engineering",1888,1,friedrich-graefe,https://www.leopoldina.org/en/members/member-list/detail/friedrich-graefe
0,"Class I: Mathematics, Natural Sciences and Engineering",1888,1,georg-lunge,https://www.leopoldina.org/en/members/member-list/detail/georg-lunge
0,"Class I: Mathematics, Natural Sciences and Engineering",1888,1,gustav-von-peschka,https://www.leopoldina.org/en/members/member-list/detail/gustav-von-peschka
0,"Class I: Mathematics, Natural Sciences and Engineering",1888,1,hans-frhr-von-pechmann,https://www.leopoldina.org/en/members/member-list/detail/hans-frhr-von-pechmann
0,"Class I: Mathematics, Natural Sciences and Engineering",1888,1,heinrich-beckurts,https://www.leopoldina.org/en/members/member-list/detail/heinrich-beckurts
0,"Class I: Mathematics, Natural Sciences and Engineering",1888,1,heinrich-limpricht,https://www.leopoldina.org/en/members/member-list/detail/heinrich-limpricht
0,"Class I: Mathematics, Natural Sciences and Engineering",1888,1,johann-bauschinger,https://www.leopoldina.org/en/members/member-list/detail/johann-bauschinger
0,"Class I: Mathematics, Natural Sciences and Engineering",1888,1,josef-finger,https://www.leopoldina.org/en/members/member-list/detail/josef-finger
0,"Class I: Mathematics, Natural Sciences and Engineering",1888,1,julius-mauthner,https://www.leopoldina.org/en/members/member-list/detail/julius-mauthner
0,"Class I: Mathematics, Natural Sciences and Engineering",1888,1,karl-friedrich-geiser,https://www.leopoldina.org/en/members/member-list/detail/karl-friedrich-geiser
0,"Class I: Mathematics, Natural Sciences and Engineering",1888,1,ludwig-claisen,https://www.leopoldina.org/en/members/member-list/detail/ludwig-claisen
0,"Class I: Mathematics, Natural Sciences and Engineering",1888,1,ludwig-gattermann,https://www.leopoldina.org/en/members/member-list/detail/ludwig-gattermann
0,"Class I: Mathematics, Natural Sciences and Engineering",1888,1,max-schmidt,https://www.leopoldina.org/en/members/member-list/detail/max-schmidt
0,"Class I: Mathematics, Natural Sciences and Engineering",1888,1,oskar-simony,https://www.leopoldina.org/en/members/member-list/detail/oskar-simony
0,"Class I: Mathematics, Natural Sciences and Engineering",1888,1,oswald-hesse,https://www.leopoldina.org/en/members/member-list/detail/oswald-hesse
0,"Class I: Mathematics, Natural Sciences and Engineering",1888,1,paul-ehrhardt-jannasch,https://www.leopoldina.org/en/members/member-list/detail/paul-ehrhardt-jannasch
0,"Class I: Mathematics, Natural Sciences and Engineering",1888,1,rudolf-benedikt,https://www.leopoldina.org/en/members/member-list/detail/rudolf-benedikt
0,"Class I: Mathematics, Natural Sciences and Engineering",1888,1,siegmund-gabriel,https://www.leopoldina.org/en/members/member-list/detail/siegmund-gabriel
0,"Class I: Mathematics, Natural Sciences and Engineering",1888,1,sigmund-gundelfinger,https://www.leopoldina.org/en/members/member-list/detail/sigmund-gundelfinger
0,"Class I: Mathematics, Natural Sciences and Engineering",1888,1,walther-hempel,https://www.leopoldina.org/en/members/member-list/detail/walther-hempel
0,"Class I: Mathematics, Natural Sciences and Engineering",1888,1,wilhelm-fresenius,https://www.leopoldina.org/en/members/member-list/detail/wilhelm-fresenius
0,"Class I: Mathematics, Natural Sciences and Engineering",1888,1,wilhelm-veltmann,https://www.leopoldina.org/en/members/member-list/detail/wilhelm-veltmann
0,"Class I: Mathematics, Natural Sciences and Engineering",1888,1,wilhelm-will,https://www.leopoldina.org/en/members/member-list/detail/wilhelm-will
0,"Class I: Mathematics, Natural Sciences and Engineering",1889,1,carl-adolf-joseph-krazer,https://www.leopoldina.org/en/members/member-list/detail/carl-adolf-joseph-krazer
0,"Class I: Mathematics, Natural Sciences and Engineering",1889,1,edvard-neovius,https://www.leopoldina.org/en/members/member-list/detail/edvard-neovius
0,"Class I: Mathematics, Natural Sciences and Engineering",1889,1,felix-mueller,https://www.leopoldina.org/en/members/member-list/detail/felix-mueller
0,"Class I: Mathematics, Natural Sciences and Engineering",1889,1,georg-frobenius,https://www.leopoldina.org/en/members/member-list/detail/georg-frobenius
0,"Class I: Mathematics, Natural Sciences and Engineering",1889,1,georg-pick,https://www.leopoldina.org/en/members/member-list/detail/georg-pick
0,"Class I: Mathematics, Natural Sciences and Engineering",1889,1,john-landauer,https://www.leopoldina.org/en/members/member-list/detail/john-landauer
0,"Class I: Mathematics, Natural Sciences and Engineering",1889,1,joseph-maria-eder,https://www.leopoldina.org/en/members/member-list/detail/joseph-maria-eder
0,"Class I: Mathematics, Natural Sciences and Engineering",1889,1,otto-wilhelm-fiedler,https://www.leopoldina.org/en/members/member-list/detail/otto-wilhelm-fiedler
0,"Class I: Mathematics, Natural Sciences and Engineering",1890,1,carl-boettinger,https://www.leopoldina.org/en/members/member-list/detail/carl-boettinger
0,"Class I: Mathematics, Natural Sciences and Engineering",1890,1,ernst-hartig,https://www.leopoldina.org/en/members/member-list/detail/ernst-hartig
0,"Class I: Mathematics, Natural Sciences and Engineering",1890,1,ernst-otto-beckmann,https://www.leopoldina.org/en/members/member-list/detail/ernst-otto-beckmann
0,"Class I: Mathematics, Natural Sciences and Engineering",1890,1,heinrich-kiliani,https://www.leopoldina.org/en/members/member-list/detail/heinrich-kiliani
0,"Class I: Mathematics, Natural Sciences and Engineering",1890,1,julius-weingarten,https://www.leopoldina.org/en/members/member-list/detail/julius-weingarten
0,"Class I: Mathematics, Natural Sciences and Engineering",1890,1,reinhold-hoppe,https://www.leopoldina.org/en/members/member-list/detail/reinhold-hoppe
0,"Class I: Mathematics, Natural Sciences and Engineering",1890,1,robert-behrend,https://www.leopoldina.org/en/members/member-list/detail/robert-behrend
0,"Class I: Mathematics, Natural Sciences and Engineering",1890,1,theodor-richter,https://www.leopoldina.org/en/members/member-list/detail/theodor-richter
0,"Class I: Mathematics, Natural Sciences and Engineering",1891,1,alfred-einhorn,https://www.leopoldina.org/en/members/member-list/detail/alfred-einhorn
0,"Class I: Mathematics, Natural Sciences and Engineering",1891,1,carl-scheibler,https://www.leopoldina.org/en/members/member-list/detail/carl-scheibler
0,"Class I: Mathematics, Natural Sciences and Engineering",1891,1,friedrich-fittica,https://www.leopoldina.org/en/members/member-list/detail/friedrich-fittica
0,"Class I: Mathematics, Natural Sciences and Engineering",1891,1,gustav-schultz,https://www.leopoldina.org/en/members/member-list/detail/gustav-schultz
0,"Class I: Mathematics, Natural Sciences and Engineering",1891,1,wilhelm-fraenkel,https://www.leopoldina.org/en/members/member-list/detail/wilhelm-fraenkel
0,"Class I: Mathematics, Natural Sciences and Engineering",1891,1,wilhelm-schell,https://www.leopoldina.org/en/members/member-list/detail/wilhelm-schell
0,"Class I: Mathematics, Natural Sciences and Engineering",1892,1,alexander-bauer,https://www.leopoldina.org/en/members/member-list/detail/alexander-bauer
0,"Class I: Mathematics, Natural Sciences and Engineering",1892,1,emilio-noelting,https://www.leopoldina.org/en/members/member-list/detail/emilio-noelting
0,"Class I: Mathematics, Natural Sciences and Engineering",1892,1,franz-meyer,https://www.leopoldina.org/en/members/member-list/detail/franz-meyer
0,"Class I: Mathematics, Natural Sciences and Engineering",1892,1,friedrich-krafft,https://www.leopoldina.org/en/members/member-list/detail/friedrich-krafft
0,"Class I: Mathematics, Natural Sciences and Engineering",1892,1,friedrich-stohmann,https://www.leopoldina.org/en/members/member-list/detail/friedrich-stohmann
0,"Class I: Mathematics, Natural Sciences and Engineering",1892,1,julius-von-jobst,https://www.leopoldina.org/en/members/member-list/detail/julius-von-jobst
0,"Class I: Mathematics, Natural Sciences and Engineering",1892,1,karl-stoelzel,https://www.leopoldina.org/en/members/member-list/detail/karl-stoelzel
0,"Class I: Mathematics, Natural Sciences and Engineering",1892,1,karl-zulkowski,https://www.leopoldina.org/en/members/member-list/detail/karl-zulkowski
0,"Class I: Mathematics, Natural Sciences and Engineering",1892,1,max-delbrueck-1,https://www.leopoldina.org/en/members/member-list/detail/max-delbrueck-1
0,"Class I: Mathematics, Natural Sciences and Engineering",1892,1,moritz-ruehlmann,https://www.leopoldina.org/en/members/member-list/detail/moritz-ruehlmann
0,"Class I: Mathematics, Natural Sciences and Engineering",1892,1,richard-moehlau,https://www.leopoldina.org/en/members/member-list/detail/richard-moehlau
0,"Class I: Mathematics, Natural Sciences and Engineering",1893,1,friedrich-goppelsroeder,https://www.leopoldina.org/en/members/member-list/detail/friedrich-goppelsroeder
0,"Class I: Mathematics, Natural Sciences and Engineering",1893,1,hans-bunte,https://www.leopoldina.org/en/members/member-list/detail/hans-bunte
0,"Class I: Mathematics, Natural Sciences and Engineering",1893,1,hugo-schwanert,https://www.leopoldina.org/en/members/member-list/detail/hugo-schwanert
0,"Class I: Mathematics, Natural Sciences and Engineering",1893,1,karl-elbs,https://www.leopoldina.org/en/members/member-list/detail/karl-elbs
0,"Class I: Mathematics, Natural Sciences and Engineering",1893,1,karl-kraut,https://www.leopoldina.org/en/members/member-list/detail/karl-kraut
0,"Class I: Mathematics, Natural Sciences and Engineering",1893,1,leopold-ruegheimer,https://www.leopoldina.org/en/members/member-list/detail/leopold-ruegheimer
0,"Class I: Mathematics, Natural Sciences and Engineering",1893,1,reinhart-blochmann,https://www.leopoldina.org/en/members/member-list/detail/reinhart-blochmann
0,"Class I: Mathematics, Natural Sciences and Engineering",1893,1,robert-otto,https://www.leopoldina.org/en/members/member-list/detail/robert-otto
0,"Class I: Mathematics, Natural Sciences and Engineering",1893,1,rudolf-arendt,https://www.leopoldina.org/en/members/member-list/detail/rudolf-arendt
0,"Class I: Mathematics, Natural Sciences and Engineering",1894,1,archibald-liversidge,https://www.leopoldina.org/en/members/member-list/detail/archibald-liversidge
0,"Class I: Mathematics, Natural Sciences and Engineering",1894,1,friedrich-dingeldey,https://www.leopoldina.org/en/members/member-list/detail/friedrich-dingeldey
0,"Class I: Mathematics, Natural Sciences and Engineering",1894,1,heinrich-schotten,https://www.leopoldina.org/en/members/member-list/detail/heinrich-schotten
0,"Class I: Mathematics, Natural Sciences and Engineering",1895,1,carl-reinhertz,https://www.leopoldina.org/en/members/member-list/detail/carl-reinhertz
0,"Class I: Mathematics, Natural Sciences and Engineering",1895,1,emil-lampe,https://www.leopoldina.org/en/members/member-list/detail/emil-lampe
0,"Class I: Mathematics, Natural Sciences and Engineering",1895,1,georg-hettner,https://www.leopoldina.org/en/members/member-list/detail/georg-hettner
0,"Class I: Mathematics, Natural Sciences and Engineering",1895,1,george-thoms,https://www.leopoldina.org/en/members/member-list/detail/george-thoms
0,"Class I: Mathematics, Natural Sciences and Engineering",1895,1,gottlob-frege,https://www.leopoldina.org/en/members/member-list/detail/gottlob-frege
0,"Class I: Mathematics, Natural Sciences and Engineering",1895,1,hermann-wiener,https://www.leopoldina.org/en/members/member-list/detail/hermann-wiener
0,"Class I: Mathematics, Natural Sciences and Engineering",1895,1,johannes-wislicenus,https://www.leopoldina.org/en/members/member-list/detail/johannes-wislicenus
0,"Class I: Mathematics, Natural Sciences and Engineering",1895,1,ludwig-stickelberger,https://www.leopoldina.org/en/members/member-list/detail/ludwig-stickelberger
0,"Class I: Mathematics, Natural Sciences and Engineering",1895,1,meyer-hamburger,https://www.leopoldina.org/en/members/member-list/detail/meyer-hamburger
0,"Class I: Mathematics, Natural Sciences and Engineering",1895,1,paul-staeckel,https://www.leopoldina.org/en/members/member-list/detail/paul-staeckel
0,"Class I: Mathematics, Natural Sciences and Engineering",1895,1,rudolf-mehmke,https://www.leopoldina.org/en/members/member-list/detail/rudolf-mehmke
0,"Class I: Mathematics, Natural Sciences and Engineering",1895,1,victor-dantscher-ritter-von,https://www.leopoldina.org/en/members/member-list/detail/victor-dantscher-ritter-von
0,"Class I: Mathematics, Natural Sciences and Engineering",1896,1,arthur-schoenflies,https://www.leopoldina.org/en/members/member-list/detail/arthur-schoenflies
0,"Class I: Mathematics, Natural Sciences and Engineering",1896,1,august-vogler,https://www.leopoldina.org/en/members/member-list/detail/august-vogler
0,"Class I: Mathematics, Natural Sciences and Engineering",1896,1,heinrich-burkhardt,https://www.leopoldina.org/en/members/member-list/detail/heinrich-burkhardt
0,"Class I: Mathematics, Natural Sciences and Engineering",1896,1,matthaeus-haid,https://www.leopoldina.org/en/members/member-list/detail/matthaeus-haid
0,"Class I: Mathematics, Natural Sciences and Engineering",1896,1,wilhelm-jordan,https://www.leopoldina.org/en/members/member-list/detail/wilhelm-jordan
0,"Class I: Mathematics, Natural Sciences and Engineering",1897,1,anton-von-braunmuehl,https://www.leopoldina.org/en/members/member-list/detail/anton-von-braunmuehl
0,"Class I: Mathematics, Natural Sciences and Engineering",1897,1,goesta-mittag-leffler,https://www.leopoldina.org/en/members/member-list/detail/goesta-mittag-leffler
0,"Class I: Mathematics, Natural Sciences and Engineering",1897,1,heinrich-dahlen,https://www.leopoldina.org/en/members/member-list/detail/heinrich-dahlen
0,"Class I: Mathematics, Natural Sciences and Engineering",1898,1,edmund-von-lippmann,https://www.leopoldina.org/en/members/member-list/detail/edmund-von-lippmann
0,"Class I: Mathematics, Natural Sciences and Engineering",1899,1,hans-meyer,https://www.leopoldina.org/en/members/member-list/detail/hans-meyer
0,"Class I: Mathematics, Natural Sciences and Engineering",1900,1,august-gutzmer,https://www.leopoldina.org/en/members/member-list/detail/august-gutzmer
0,"Class I: Mathematics, Natural Sciences and Engineering",1900,1,leopold-gegenbauer,https://www.leopoldina.org/en/members/member-list/detail/leopold-gegenbauer
0,"Class I: Mathematics, Natural Sciences and Engineering",1900,1,reinhold-mueller,https://www.leopoldina.org/en/members/member-list/detail/reinhold-mueller
0,"Class I: Mathematics, Natural Sciences and Engineering",1900,1,richard-abegg,https://www.leopoldina.org/en/members/member-list/detail/richard-abegg
0,"Class I: Mathematics, Natural Sciences and Engineering",1900,1,richard-emil-meyer,https://www.leopoldina.org/en/members/member-list/detail/richard-emil-meyer
0,"Class I: Mathematics, Natural Sciences and Engineering",1900,1,robert-fricke,https://www.leopoldina.org/en/members/member-list/detail/robert-fricke
0,"Class I: Mathematics, Natural Sciences and Engineering",1900,1,wilhelm-koenigs,https://www.leopoldina.org/en/members/member-list/detail/wilhelm-koenigs
0,"Class I: Mathematics, Natural Sciences and Engineering",1902,1,friedrich-schur,https://www.leopoldina.org/en/members/member-list/detail/friedrich-schur
0,"Class I: Mathematics, Natural Sciences and Engineering",1902,1,ludwig-kiepert,https://www.leopoldina.org/en/members/member-list/detail/ludwig-kiepert
0,"Class I: Mathematics, Natural Sciences and Engineering",1902,1,reinhold-von-lilienthal,https://www.leopoldina.org/en/members/member-list/detail/reinhold-von-lilienthal
0,"Class I: Mathematics, Natural Sciences and Engineering",1903,1,friedrich-giesel,https://www.leopoldina.org/en/members/member-list/detail/friedrich-giesel
0,"Class I: Mathematics, Natural Sciences and Engineering",1904,1,hermann-grassmann,https://www.leopoldina.org/en/members/member-list/detail/hermann-grassmann
0,"Class I: Mathematics, Natural Sciences and Engineering",1905,1,daniel-vorlaender,https://www.leopoldina.org/en/members/member-list/detail/daniel-vorlaender
0,"Class I: Mathematics, Natural Sciences and Engineering",1905,1,ernst-erdmann,https://www.leopoldina.org/en/members/member-list/detail/ernst-erdmann
0,"Class I: Mathematics, Natural Sciences and Engineering",1906,1,carl-duisberg,https://www.leopoldina.org/en/members/member-list/detail/carl-duisberg
0,"Class I: Mathematics, Natural Sciences and Engineering",1906,1,emil-haentzschel,https://www.leopoldina.org/en/members/member-list/detail/emil-haentzschel
0,"Class I: Mathematics, Natural Sciences and Engineering",1906,1,franz-feist,https://www.leopoldina.org/en/members/member-list/detail/franz-feist
0,"Class I: Mathematics, Natural Sciences and Engineering",1906,1,friedrich-pietzker,https://www.leopoldina.org/en/members/member-list/detail/friedrich-pietzker
0,"Class I: Mathematics, Natural Sciences and Engineering",1906,1,giovanni-battista-guccia,https://www.leopoldina.org/en/members/member-list/detail/giovanni-battista-guccia
0,"Class I: Mathematics, Natural Sciences and Engineering",1906,1,gomes-teixeira,https://www.leopoldina.org/en/members/member-list/detail/gomes-teixeira
0,"Class I: Mathematics, Natural Sciences and Engineering",1906,1,jules-molk,https://www.leopoldina.org/en/members/member-list/detail/jules-molk
0,"Class I: Mathematics, Natural Sciences and Engineering",1906,1,niels-nielsen,https://www.leopoldina.org/en/members/member-list/detail/niels-nielsen
0,"Class I: Mathematics, Natural Sciences and Engineering",1906,1,tullio-levi-civita,https://www.leopoldina.org/en/members/member-list/detail/tullio-levi-civita
0,"Class I: Mathematics, Natural Sciences and Engineering",1907,1,coenraad-prinsen-geerligs,https://www.leopoldina.org/en/members/member-list/detail/coenraad-prinsen-geerligs
0,"Class I: Mathematics, Natural Sciences and Engineering",1907,1,jacob-kobus,https://www.leopoldina.org/en/members/member-list/detail/jacob-kobus
0,"Class I: Mathematics, Natural Sciences and Engineering",1907,1,karl-windisch,https://www.leopoldina.org/en/members/member-list/detail/karl-windisch
0,"Class I: Mathematics, Natural Sciences and Engineering",1908,1,jean-gaston-darboux,https://www.leopoldina.org/en/members/member-list/detail/jean-gaston-darboux
0,"Class I: Mathematics, Natural Sciences and Engineering",1908,1,kurt-hensel,https://www.leopoldina.org/en/members/member-list/detail/kurt-hensel
0,"Class I: Mathematics, Natural Sciences and Engineering",1908,1,stanislaus-jolles,https://www.leopoldina.org/en/members/member-list/detail/stanislaus-jolles
0,"Class I: Mathematics, Natural Sciences and Engineering",1908,1,vilhelm-herman-oluff-madsen,https://www.leopoldina.org/en/members/member-list/detail/vilhelm-herman-oluff-madsen
0,"Class I: Mathematics, Natural Sciences and Engineering",1909,1,carl-arnold,https://www.leopoldina.org/en/members/member-list/detail/carl-arnold
0,"Class I: Mathematics, Natural Sciences and Engineering",1909,1,carl-harries,https://www.leopoldina.org/en/members/member-list/detail/carl-harries
0,"Class I: Mathematics, Natural Sciences and Engineering",1909,1,eduard-buchner,https://www.leopoldina.org/en/members/member-list/detail/eduard-buchner
0,"Class I: Mathematics, Natural Sciences and Engineering",1909,1,hermann-decker,https://www.leopoldina.org/en/members/member-list/detail/hermann-decker
0,"Class I: Mathematics, Natural Sciences and Engineering",1909,1,johann-stobbe,https://www.leopoldina.org/en/members/member-list/detail/johann-stobbe
0,"Class I: Mathematics, Natural Sciences and Engineering",1909,1,karl-von-auwers,https://www.leopoldina.org/en/members/member-list/detail/karl-von-auwers
0,"Class I: Mathematics, Natural Sciences and Engineering",1909,1,ludwig-schlesinger,https://www.leopoldina.org/en/members/member-list/detail/ludwig-schlesinger
0,"Class I: Mathematics, Natural Sciences and Engineering",1910,1,erwin-papperitz,https://www.leopoldina.org/en/members/member-list/detail/erwin-papperitz
0,"Class I: Mathematics, Natural Sciences and Engineering",1910,1,eugen-jahnke,https://www.leopoldina.org/en/members/member-list/detail/eugen-jahnke
0,"Class I: Mathematics, Natural Sciences and Engineering",1910,1,fritz-koetter,https://www.leopoldina.org/en/members/member-list/detail/fritz-koetter
0,"Class I: Mathematics, Natural Sciences and Engineering",1910,1,georg-scheffers,https://www.leopoldina.org/en/members/member-list/detail/georg-scheffers
0,"Class I: Mathematics, Natural Sciences and Engineering",1910,1,louis-krueger,https://www.leopoldina.org/en/members/member-list/detail/louis-krueger
0,"Class I: Mathematics, Natural Sciences and Engineering",1910,1,robert-haussner,https://www.leopoldina.org/en/members/member-list/detail/robert-haussner
0,"Class I: Mathematics, Natural Sciences and Engineering",1911,1,ernest-hobson,https://www.leopoldina.org/en/members/member-list/detail/ernest-hobson
0,"Class I: Mathematics, Natural Sciences and Engineering",1912,1,alfred-loewy,https://www.leopoldina.org/en/members/member-list/detail/alfred-loewy
0,"Class I: Mathematics, Natural Sciences and Engineering",1912,1,emanuel-czuber,https://www.leopoldina.org/en/members/member-list/detail/emanuel-czuber
0,"Class I: Mathematics, Natural Sciences and Engineering",1912,1,hans-frhr-jueptner-von-jonstorff,https://www.leopoldina.org/en/members/member-list/detail/hans-frhr-jueptner-von-jonstorff
0,"Class I: Mathematics, Natural Sciences and Engineering",1912,1,lothar-heffter,https://www.leopoldina.org/en/members/member-list/detail/lothar-heffter
0,"Class I: Mathematics, Natural Sciences and Engineering",1912,1,maximilian-georg-mathias-bamberger,https://www.leopoldina.org/en/members/member-list/detail/maximilian-georg-mathias-bamberger
0,"Class I: Mathematics, Natural Sciences and Engineering",1912,1,oskar-bolza,https://www.leopoldina.org/en/members/member-list/detail/oskar-bolza
0,"Class I: Mathematics, Natural Sciences and Engineering",1913,1,gino-loria,https://www.leopoldina.org/en/members/member-list/detail/gino-loria
0,"Class I: Mathematics, Natural Sciences and Engineering",1913,1,karl-arnold-reissert,https://www.leopoldina.org/en/members/member-list/detail/karl-arnold-reissert
0,"Class I: Mathematics, Natural Sciences and Engineering",1916,1,ernst-koetter,https://www.leopoldina.org/en/members/member-list/detail/ernst-koetter
0,"Class I: Mathematics, Natural Sciences and Engineering",1916,1,gerhard-hessenberg,https://www.leopoldina.org/en/members/member-list/detail/gerhard-hessenberg
0,"Class I: Mathematics, Natural Sciences and Engineering",1916,1,karl-boehm,https://www.leopoldina.org/en/members/member-list/detail/karl-boehm
0,"Class I: Mathematics, Natural Sciences and Engineering",1917,1,emil-gustav-adolf-borrass,https://www.leopoldina.org/en/members/member-list/detail/emil-gustav-adolf-borrass
0,"Class I: Mathematics, Natural Sciences and Engineering",1917,1,hermann-bertrab,https://www.leopoldina.org/en/members/member-list/detail/hermann-bertrab
0,"Class I: Mathematics, Natural Sciences and Engineering",1917,1,karl-haussmann,https://www.leopoldina.org/en/members/member-list/detail/karl-haussmann
0,"Class I: Mathematics, Natural Sciences and Engineering",1917,1,richard-schumann,https://www.leopoldina.org/en/members/member-list/detail/richard-schumann
0,"Class I: Mathematics, Natural Sciences and Engineering",1918,1,carl-kostka,https://www.leopoldina.org/en/members/member-list/detail/carl-kostka
0,"Class I: Mathematics, Natural Sciences and Engineering",1918,1,eduard-doletal,https://www.leopoldina.org/en/members/member-list/detail/eduard-doletal
0,"Class I: Mathematics, Natural Sciences and Engineering",1918,1,emil-mueller,https://www.leopoldina.org/en/members/member-list/detail/emil-mueller
0,"Class I: Mathematics, Natural Sciences and Engineering",1918,1,emil-timerding,https://www.leopoldina.org/en/members/member-list/detail/emil-timerding
0,"Class I: Mathematics, Natural Sciences and Engineering",1918,1,hans-beck,https://www.leopoldina.org/en/members/member-list/detail/hans-beck
0,"Class I: Mathematics, Natural Sciences and Engineering",1918,1,theodor-schmid,https://www.leopoldina.org/en/members/member-list/detail/theodor-schmid
0,"Class I: Mathematics, Natural Sciences and Engineering",1918,1,walther-lietzmann,https://www.leopoldina.org/en/members/member-list/detail/walther-lietzmann
0,"Class I: Mathematics, Natural Sciences and Engineering",1918,1,wilhelm-lorey,https://www.leopoldina.org/en/members/member-list/detail/wilhelm-lorey
0,"Class I: Mathematics, Natural Sciences and Engineering",1919,1,andreas-galle,https://www.leopoldina.org/en/members/member-list/detail/andreas-galle
0,"Class I: Mathematics, Natural Sciences and Engineering",1919,1,gustav-kohn,https://www.leopoldina.org/en/members/member-list/detail/gustav-kohn
0,"Class I: Mathematics, Natural Sciences and Engineering",1919,1,hans-fischer,https://www.leopoldina.org/en/members/member-list/detail/hans-fischer
0,"Class I: Mathematics, Natural Sciences and Engineering",1919,1,heinrich-wieleitner,https://www.leopoldina.org/en/members/member-list/detail/heinrich-wieleitner
0,"Class I: Mathematics, Natural Sciences and Engineering",1919,1,issai-schur,https://www.leopoldina.org/en/members/member-list/detail/issai-schur
0,"Class I: Mathematics, Natural Sciences and Engineering",1919,1,olof-hammarsten,https://www.leopoldina.org/en/members/member-list/detail/olof-hammarsten
0,"Class I: Mathematics, Natural Sciences and Engineering",1919,1,oskar-perron,https://www.leopoldina.org/en/members/member-list/detail/oskar-perron
0,"Class I: Mathematics, Natural Sciences and Engineering",1919,1,richard-willstaetter,https://www.leopoldina.org/en/members/member-list/detail/richard-willstaetter
0,"Class I: Mathematics, Natural Sciences and Engineering",1919,1,william-kuester,https://www.leopoldina.org/en/members/member-list/detail/william-kuester
0,"Class I: Mathematics, Natural Sciences and Engineering",1920,1,heinrich-jung,https://www.leopoldina.org/en/members/member-list/detail/heinrich-jung
0,"Class I: Mathematics, Natural Sciences and Engineering",1920,1,ilmari-bonsdorff,https://www.leopoldina.org/en/members/member-list/detail/ilmari-bonsdorff
0,"Class I: Mathematics, Natural Sciences and Engineering",1920,1,otto-eggert,https://www.leopoldina.org/en/members/member-list/detail/otto-eggert
0,"Class I: Mathematics, Natural Sciences and Engineering",1920,1,paul-wilski,https://www.leopoldina.org/en/members/member-list/detail/paul-wilski
0,"Class I: Mathematics, Natural Sciences and Engineering",1920,1,richard-grammel,https://www.leopoldina.org/en/members/member-list/detail/richard-grammel
0,"Class I: Mathematics, Natural Sciences and Engineering",1921,1,edmund-landau,https://www.leopoldina.org/en/members/member-list/detail/edmund-landau
0,"Class I: Mathematics, Natural Sciences and Engineering",1921,1,erich-salkowski,https://www.leopoldina.org/en/members/member-list/detail/erich-salkowski
0,"Class I: Mathematics, Natural Sciences and Engineering",1921,1,hans-hahn,https://www.leopoldina.org/en/members/member-list/detail/hans-hahn
0,"Class I: Mathematics, Natural Sciences and Engineering",1921,1,hendrik-heuvelink,https://www.leopoldina.org/en/members/member-list/detail/hendrik-heuvelink
0,"Class I: Mathematics, Natural Sciences and Engineering",1921,1,jakob-horn,https://www.leopoldina.org/en/members/member-list/detail/jakob-horn
0,"Class I: Mathematics, Natural Sciences and Engineering",1921,1,rudolf-schuessler,https://www.leopoldina.org/en/members/member-list/detail/rudolf-schuessler
0,"Class I: Mathematics, Natural Sciences and Engineering",1922,1,adolf-windaus,https://www.leopoldina.org/en/members/member-list/detail/adolf-windaus
0,"Class I: Mathematics, Natural Sciences and Engineering",1922,1,hans-von-euler-chelpin,https://www.leopoldina.org/en/members/member-list/detail/hans-von-euler-chelpin
0,"Class I: Mathematics, Natural Sciences and Engineering",1922,1,richard-stoermer,https://www.leopoldina.org/en/members/member-list/detail/richard-stoermer
0,"Class I: Mathematics, Natural Sciences and Engineering",1922,1,walther-borsche,https://www.leopoldina.org/en/members/member-list/detail/walther-borsche
0,"Class I: Mathematics, Natural Sciences and Engineering",1923,1,emil-loewenhardt,https://www.leopoldina.org/en/members/member-list/detail/emil-loewenhardt
0,"Class I: Mathematics, Natural Sciences and Engineering",1923,1,ernst-neumann,https://www.leopoldina.org/en/members/member-list/detail/ernst-neumann
0,"Class I: Mathematics, Natural Sciences and Engineering",1923,1,ernst-weitz,https://www.leopoldina.org/en/members/member-list/detail/ernst-weitz
0,"Class I: Mathematics, Natural Sciences and Engineering",1923,1,federigo-enriques,https://www.leopoldina.org/en/members/member-list/detail/federigo-enriques
0,"Class I: Mathematics, Natural Sciences and Engineering",1923,1,francesco-severi,https://www.leopoldina.org/en/members/member-list/detail/francesco-severi
0,"Class I: Mathematics, Natural Sciences and Engineering",1923,1,guido-castelnuovo,https://www.leopoldina.org/en/members/member-list/detail/guido-castelnuovo
0,"Class I: Mathematics, Natural Sciences and Engineering",1923,1,hermann-weyl,https://www.leopoldina.org/en/members/member-list/detail/hermann-weyl
0,"Class I: Mathematics, Natural Sciences and Engineering",1923,1,otto-blumenthal,https://www.leopoldina.org/en/members/member-list/detail/otto-blumenthal
0,"Class I: Mathematics, Natural Sciences and Engineering",1923,1,richard-von-mises,https://www.leopoldina.org/en/members/member-list/detail/richard-von-mises
0,"Class I: Mathematics, Natural Sciences and Engineering",1923,1,william-osgood,https://www.leopoldina.org/en/members/member-list/detail/william-osgood
0,"Class I: Mathematics, Natural Sciences and Engineering",1924,1,egbertus-brouwer,https://www.leopoldina.org/en/members/member-list/detail/egbertus-brouwer
0,"Class I: Mathematics, Natural Sciences and Engineering",1924,1,ludwig-bieberbach,https://www.leopoldina.org/en/members/member-list/detail/ludwig-bieberbach
0,"Class I: Mathematics, Natural Sciences and Engineering",1924,1,niels-erik-noerlund,https://www.leopoldina.org/en/members/member-list/detail/niels-erik-noerlund
0,"Class I: Mathematics, Natural Sciences and Engineering",1924,1,tsuruichi-hayashi,https://www.leopoldina.org/en/members/member-list/detail/tsuruichi-hayashi
0,"Class I: Mathematics, Natural Sciences and Engineering",1925,1,aldo-mieli,https://www.leopoldina.org/en/members/member-list/detail/aldo-mieli
0,"Class I: Mathematics, Natural Sciences and Engineering",1925,1,berthold-rassow,https://www.leopoldina.org/en/members/member-list/detail/berthold-rassow
0,"Class I: Mathematics, Natural Sciences and Engineering",1925,1,carl-paal,https://www.leopoldina.org/en/members/member-list/detail/carl-paal
0,"Class I: Mathematics, Natural Sciences and Engineering",1925,1,friedrich-pfeiffer,https://www.leopoldina.org/en/members/member-list/detail/friedrich-pfeiffer
0,"Class I: Mathematics, Natural Sciences and Engineering",1925,1,godfrey-harold-hardy,https://www.leopoldina.org/en/members/member-list/detail/godfrey-harold-hardy
0,"Class I: Mathematics, Natural Sciences and Engineering",1925,1,heinrich-otto-wieland,https://www.leopoldina.org/en/members/member-list/detail/heinrich-otto-wieland
0,"Class I: Mathematics, Natural Sciences and Engineering",1925,1,karl-fries,https://www.leopoldina.org/en/members/member-list/detail/karl-fries
0,"Class I: Mathematics, Natural Sciences and Engineering",1925,1,paul-karrer,https://www.leopoldina.org/en/members/member-list/detail/paul-karrer
0,"Class I: Mathematics, Natural Sciences and Engineering",1925,1,paul-pfeiffer,https://www.leopoldina.org/en/members/member-list/detail/paul-pfeiffer
0,"Class I: Mathematics, Natural Sciences and Engineering",1925,1,thomas-burr-osborne,https://www.leopoldina.org/en/members/member-list/detail/thomas-burr-osborne
0,"Class I: Mathematics, Natural Sciences and Engineering",1925,1,volkmar-kohlschuetter,https://www.leopoldina.org/en/members/member-list/detail/volkmar-kohlschuetter
0,"Class I: Mathematics, Natural Sciences and Engineering",1926,1,aladar-skita,https://www.leopoldina.org/en/members/member-list/detail/aladar-skita
0,"Class I: Mathematics, Natural Sciences and Engineering",1926,1,alfred-stock,https://www.leopoldina.org/en/members/member-list/detail/alfred-stock
0,"Class I: Mathematics, Natural Sciences and Engineering",1926,1,bernhard-heymann,https://www.leopoldina.org/en/members/member-list/detail/bernhard-heymann
0,"Class I: Mathematics, Natural Sciences and Engineering",1926,1,carl-bosch,https://www.leopoldina.org/en/members/member-list/detail/carl-bosch
0,"Class I: Mathematics, Natural Sciences and Engineering",1926,1,elmer-peter-kohler,https://www.leopoldina.org/en/members/member-list/detail/elmer-peter-kohler
0,"Class I: Mathematics, Natural Sciences and Engineering",1926,1,friedrich-raschig,https://www.leopoldina.org/en/members/member-list/detail/friedrich-raschig
0,"Class I: Mathematics, Natural Sciences and Engineering",1926,1,fritz-haber,https://www.leopoldina.org/en/members/member-list/detail/fritz-haber
0,"Class I: Mathematics, Natural Sciences and Engineering",1926,1,helmut-hasse,https://www.leopoldina.org/en/members/member-list/detail/helmut-hasse
0,"Class I: Mathematics, Natural Sciences and Engineering",1926,1,john-mandel,https://www.leopoldina.org/en/members/member-list/detail/john-mandel
0,"Class I: Mathematics, Natural Sciences and Engineering",1926,1,kurt-hess,https://www.leopoldina.org/en/members/member-list/detail/kurt-hess
0,"Class I: Mathematics, Natural Sciences and Engineering",1926,1,otto-hahn,https://www.leopoldina.org/en/members/member-list/detail/otto-hahn
0,"Class I: Mathematics, Natural Sciences and Engineering",1926,1,rudolf-rothe,https://www.leopoldina.org/en/members/member-list/detail/rudolf-rothe
0,"Class I: Mathematics, Natural Sciences and Engineering",1926,1,wilhelm-traube,https://www.leopoldina.org/en/members/member-list/detail/wilhelm-traube
0,"Class I: Mathematics, Natural Sciences and Engineering",1927,1,franz-aubell,https://www.leopoldina.org/en/members/member-list/detail/franz-aubell
0,"Class I: Mathematics, Natural Sciences and Engineering",1927,1,friedrich-emich,https://www.leopoldina.org/en/members/member-list/detail/friedrich-emich
0,"Class I: Mathematics, Natural Sciences and Engineering",1927,1,georg-prange,https://www.leopoldina.org/en/members/member-list/detail/georg-prange
0,"Class I: Mathematics, Natural Sciences and Engineering",1927,1,theodor-von-fellenberg,https://www.leopoldina.org/en/members/member-list/detail/theodor-von-fellenberg
0,"Class I: Mathematics, Natural Sciences and Engineering",1931,1,gustav-komppa,https://www.leopoldina.org/en/members/member-list/detail/gustav-komppa
0,"Class I: Mathematics, Natural Sciences and Engineering",1931,1,wilhelm-biltz,https://www.leopoldina.org/en/members/member-list/detail/wilhelm-biltz
0,"Class I: Mathematics, Natural Sciences and Engineering",1932,1,alexander-mckenzie,https://www.leopoldina.org/en/members/member-list/detail/alexander-mckenzie
0,"Class I: Mathematics, Natural Sciences and Engineering",1932,1,alfred-wohl,https://www.leopoldina.org/en/members/member-list/detail/alfred-wohl
0,"Class I: Mathematics, Natural Sciences and Engineering",1932,1,ame-pictet,https://www.leopoldina.org/en/members/member-list/detail/ame-pictet
0,"Class I: Mathematics, Natural Sciences and Engineering",1932,1,andreas-speiser,https://www.leopoldina.org/en/members/member-list/detail/andreas-speiser
0,"Class I: Mathematics, Natural Sciences and Engineering",1932,1,anton-skrabal,https://www.leopoldina.org/en/members/member-list/detail/anton-skrabal
0,"Class I: Mathematics, Natural Sciences and Engineering",1932,1,arthur-von-weinberg,https://www.leopoldina.org/en/members/member-list/detail/arthur-von-weinberg
0,"Class I: Mathematics, Natural Sciences and Engineering",1932,1,carl-wehmer,https://www.leopoldina.org/en/members/member-list/detail/carl-wehmer
0,"Class I: Mathematics, Natural Sciences and Engineering",1932,1,claude-hudson,https://www.leopoldina.org/en/members/member-list/detail/claude-hudson
0,"Class I: Mathematics, Natural Sciences and Engineering",1932,1,david-hilbert,https://www.leopoldina.org/en/members/member-list/detail/david-hilbert
0,"Class I: Mathematics, Natural Sciences and Engineering",1932,1,ernest-fourneau,https://www.leopoldina.org/en/members/member-list/detail/ernest-fourneau
0,"Class I: Mathematics, Natural Sciences and Engineering",1932,1,ernst-spaeth,https://www.leopoldina.org/en/members/member-list/detail/ernst-spaeth
0,"Class I: Mathematics, Natural Sciences and Engineering",1932,1,felix-ehrlich,https://www.leopoldina.org/en/members/member-list/detail/felix-ehrlich
0,"Class I: Mathematics, Natural Sciences and Engineering",1932,1,franz-fischer,https://www.leopoldina.org/en/members/member-list/detail/franz-fischer
0,"Class I: Mathematics, Natural Sciences and Engineering",1932,1,friedrich-fichter-bernoulli,https://www.leopoldina.org/en/members/member-list/detail/friedrich-fichter-bernoulli
0,"Class I: Mathematics, Natural Sciences and Engineering",1932,1,georg-lockemann,https://www.leopoldina.org/en/members/member-list/detail/georg-lockemann
0,"Class I: Mathematics, Natural Sciences and Engineering",1932,1,george-barger,https://www.leopoldina.org/en/members/member-list/detail/george-barger
0,"Class I: Mathematics, Natural Sciences and Engineering",1932,1,geza-zemplen,https://www.leopoldina.org/en/members/member-list/detail/geza-zemplen
0,"Class I: Mathematics, Natural Sciences and Engineering",1932,1,hans-rupe,https://www.leopoldina.org/en/members/member-list/detail/hans-rupe
0,"Class I: Mathematics, Natural Sciences and Engineering",1932,1,heinrich-brandt,https://www.leopoldina.org/en/members/member-list/detail/heinrich-brandt
0,"Class I: Mathematics, Natural Sciences and Engineering",1932,1,hermann-staudinger,https://www.leopoldina.org/en/members/member-list/detail/hermann-staudinger
0,"Class I: Mathematics, Natural Sciences and Engineering",1932,1,irving-langmuir,https://www.leopoldina.org/en/members/member-list/detail/irving-langmuir
0,"Class I: Mathematics, Natural Sciences and Engineering",1932,1,james-bryant-conant,https://www.leopoldina.org/en/members/member-list/detail/james-bryant-conant
0,"Class I: Mathematics, Natural Sciences and Engineering",1932,1,leopold-ruzicka,https://www.leopoldina.org/en/members/member-list/detail/leopold-ruzicka
0,"Class I: Mathematics, Natural Sciences and Engineering",1932,1,louis-dennis,https://www.leopoldina.org/en/members/member-list/detail/louis-dennis
0,"Class I: Mathematics, Natural Sciences and Engineering",1932,1,max-bergmann,https://www.leopoldina.org/en/members/member-list/detail/max-bergmann
0,"Class I: Mathematics, Natural Sciences and Engineering",1932,1,otto-diels,https://www.leopoldina.org/en/members/member-list/detail/otto-diels
0,"Class I: Mathematics, Natural Sciences and Engineering",1932,1,otto-hoenigschmid,https://www.leopoldina.org/en/members/member-list/detail/otto-hoenigschmid
0,"Class I: Mathematics, Natural Sciences and Engineering",1932,1,paul-von-walden,https://www.leopoldina.org/en/members/member-list/detail/paul-von-walden
0,"Class I: Mathematics, Natural Sciences and Engineering",1932,1,rudolf-fueter,https://www.leopoldina.org/en/members/member-list/detail/rudolf-fueter
0,"Class I: Mathematics, Natural Sciences and Engineering",1932,1,rudolf-wegscheider,https://www.leopoldina.org/en/members/member-list/detail/rudolf-wegscheider
0,"Class I: Mathematics, Natural Sciences and Engineering",1932,1,sir-norman-haworth,https://www.leopoldina.org/en/members/member-list/detail/sir-norman-haworth
0,"Class I: Mathematics, Natural Sciences and Engineering",1932,1,treat-baldwin-johnson,https://www.leopoldina.org/en/members/member-list/detail/treat-baldwin-johnson
0,"Class I: Mathematics, Natural Sciences and Engineering",1932,1,umetaro-suzuki,https://www.leopoldina.org/en/members/member-list/detail/umetaro-suzuki
0,"Class I: Mathematics, Natural Sciences and Engineering",1932,1,wilhelm-boettger,https://www.leopoldina.org/en/members/member-list/detail/wilhelm-boettger
0,"Class I: Mathematics, Natural Sciences and Engineering",1933,1,burkhardt-helferich,https://www.leopoldina.org/en/members/member-list/detail/burkhardt-helferich
0,"Class I: Mathematics, Natural Sciences and Engineering",1933,1,felix-vening-meinesz,https://www.leopoldina.org/en/members/member-list/detail/felix-vening-meinesz
0,"Class I: Mathematics, Natural Sciences and Engineering",1933,1,hans-meerwein,https://www.leopoldina.org/en/members/member-list/detail/hans-meerwein
0,"Class I: Mathematics, Natural Sciences and Engineering",1933,1,karl-hofmann,https://www.leopoldina.org/en/members/member-list/detail/karl-hofmann
0,"Class I: Mathematics, Natural Sciences and Engineering",1933,1,otto-ruff,https://www.leopoldina.org/en/members/member-list/detail/otto-ruff
0,"Class I: Mathematics, Natural Sciences and Engineering",1933,1,rudolf-schenck,https://www.leopoldina.org/en/members/member-list/detail/rudolf-schenck
0,"Class I: Mathematics, Natural Sciences and Engineering",1933,1,sir-robert-robinson,https://www.leopoldina.org/en/members/member-list/detail/sir-robert-robinson
0,"Class I: Mathematics, Natural Sciences and Engineering",1933,1,wilhelm-schlenk-sen,https://www.leopoldina.org/en/members/member-list/detail/wilhelm-schlenk-sen
0,"Class I: Mathematics, Natural Sciences and Engineering",1934,1,fritz-koegl,https://www.leopoldina.org/en/members/member-list/detail/fritz-koegl
0,"Class I: Mathematics, Natural Sciences and Engineering",1934,1,heinrich-hoerlein,https://www.leopoldina.org/en/members/member-list/detail/heinrich-hoerlein
0,"Class I: Mathematics, Natural Sciences and Engineering",1935,1,georg-hamel,https://www.leopoldina.org/en/members/member-list/detail/georg-hamel
0,"Class I: Mathematics, Natural Sciences and Engineering",1935,1,karl-reinhold-kuppfer,https://www.leopoldina.org/en/members/member-list/detail/karl-reinhold-kuppfer
0,"Class I: Mathematics, Natural Sciences and Engineering",1936,1,gustav-pistor,https://www.leopoldina.org/en/members/member-list/detail/gustav-pistor
0,"Class I: Mathematics, Natural Sciences and Engineering",1936,1,heinrich-behnke,https://www.leopoldina.org/en/members/member-list/detail/heinrich-behnke
0,"Class I: Mathematics, Natural Sciences and Engineering",1936,1,julius-bredt,https://www.leopoldina.org/en/members/member-list/detail/julius-bredt
0,"Class I: Mathematics, Natural Sciences and Engineering",1936,1,richard-kuhn,https://www.leopoldina.org/en/members/member-list/detail/richard-kuhn
0,"Class I: Mathematics, Natural Sciences and Engineering",1936,1,riko-majima,https://www.leopoldina.org/en/members/member-list/detail/riko-majima
0,"Class I: Mathematics, Natural Sciences and Engineering",1936,1,yasuhiko-asahina,https://www.leopoldina.org/en/members/member-list/detail/yasuhiko-asahina
0,"Class I: Mathematics, Natural Sciences and Engineering",1937,1,alwin-mittasch,https://www.leopoldina.org/en/members/member-list/detail/alwin-mittasch
0,"Class I: Mathematics, Natural Sciences and Engineering",1937,1,arthur-stoll,https://www.leopoldina.org/en/members/member-list/detail/arthur-stoll
0,"Class I: Mathematics, Natural Sciences and Engineering",1937,1,georg-kraenzlein,https://www.leopoldina.org/en/members/member-list/detail/georg-kraenzlein
0,"Class I: Mathematics, Natural Sciences and Engineering",1937,1,peter-pt-sah,https://www.leopoldina.org/en/members/member-list/detail/peter-pt-sah
0,"Class I: Mathematics, Natural Sciences and Engineering",1937,1,soeren-soerensen,https://www.leopoldina.org/en/members/member-list/detail/soeren-soerensen
0,"Class I: Mathematics, Natural Sciences and Engineering",1938,1,hermann-leuchs,https://www.leopoldina.org/en/members/member-list/detail/hermann-leuchs
0,"Class I: Mathematics, Natural Sciences and Engineering",1938,1,karl-waldemar-ziegler,https://www.leopoldina.org/en/members/member-list/detail/karl-waldemar-ziegler
0,"Class I: Mathematics, Natural Sciences and Engineering",1938,1,walter-schoeller,https://www.leopoldina.org/en/members/member-list/detail/walter-schoeller
0,"Class I: Mathematics, Natural Sciences and Engineering",1939,1,alfred-lottermoser,https://www.leopoldina.org/en/members/member-list/detail/alfred-lottermoser
0,"Class I: Mathematics, Natural Sciences and Engineering",1939,1,kurt-alder,https://www.leopoldina.org/en/members/member-list/detail/kurt-alder
0,"Class I: Mathematics, Natural Sciences and Engineering",1939,1,philipp-furtwaengler,https://www.leopoldina.org/en/members/member-list/detail/philipp-furtwaengler
0,"Class I: Mathematics, Natural Sciences and Engineering",1940,1,conrad-weygand,https://www.leopoldina.org/en/members/member-list/detail/conrad-weygand
0,"Class I: Mathematics, Natural Sciences and Engineering",1940,1,ernst-nottbohm,https://www.leopoldina.org/en/members/member-list/detail/ernst-nottbohm
0,"Class I: Mathematics, Natural Sciences and Engineering",1940,1,karl-freudenberg,https://www.leopoldina.org/en/members/member-list/detail/karl-freudenberg
0,"Class I: Mathematics, Natural Sciences and Engineering",1940,1,max-dohrn,https://www.leopoldina.org/en/members/member-list/detail/max-dohrn
0,"Class I: Mathematics, Natural Sciences and Engineering",1940,1,max-samec,https://www.leopoldina.org/en/members/member-list/detail/max-samec
0,"Class I: Mathematics, Natural Sciences and Engineering",1940,1,oskar-eduard-carl-hackl,https://www.leopoldina.org/en/members/member-list/detail/oskar-eduard-carl-hackl
0,"Class I: Mathematics, Natural Sciences and Engineering",1940,1,raphael-liesegang,https://www.leopoldina.org/en/members/member-list/detail/raphael-liesegang
0,"Class I: Mathematics, Natural Sciences and Engineering",1940,1,robert-schwarz,https://www.leopoldina.org/en/members/member-list/detail/robert-schwarz
0,"Class I: Mathematics, Natural Sciences and Engineering",1940,1,walter-hueckel,https://www.leopoldina.org/en/members/member-list/detail/walter-hueckel
0,"Class I: Mathematics, Natural Sciences and Engineering",1940,1,wilhelm-klemm,https://www.leopoldina.org/en/members/member-list/detail/wilhelm-klemm
0,"Class I: Mathematics, Natural Sciences and Engineering",1942,1,carl-krauch,https://www.leopoldina.org/en/members/member-list/detail/carl-krauch
0,"Class I: Mathematics, Natural Sciences and Engineering",1942,1,clemens-schoepf,https://www.leopoldina.org/en/members/member-list/detail/clemens-schoepf
0,"Class I: Mathematics, Natural Sciences and Engineering",1942,1,conrad-matschoss,https://www.leopoldina.org/en/members/member-list/detail/conrad-matschoss
0,"Class I: Mathematics, Natural Sciences and Engineering",1942,1,matthias-pier,https://www.leopoldina.org/en/members/member-list/detail/matthias-pier
0,"Class I: Mathematics, Natural Sciences and Engineering",1942,1,walter-reppe,https://www.leopoldina.org/en/members/member-list/detail/walter-reppe
0,"Class I: Mathematics, Natural Sciences and Engineering",1942,1,wilhelm-geilmann,https://www.leopoldina.org/en/members/member-list/detail/wilhelm-geilmann
0,"Class I: Mathematics, Natural Sciences and Engineering",1943,1,erich-hecke,https://www.leopoldina.org/en/members/member-list/detail/erich-hecke
0,"Class I: Mathematics, Natural Sciences and Engineering",1943,1,wilhelm-blaschke,https://www.leopoldina.org/en/members/member-list/detail/wilhelm-blaschke
0,"Class I: Mathematics, Natural Sciences and Engineering",1943,1,wilhelm-suess,https://www.leopoldina.org/en/members/member-list/detail/wilhelm-suess
0,"Class I: Mathematics, Natural Sciences and Engineering",1945,1,hans-schmidt,https://www.leopoldina.org/en/members/member-list/detail/hans-schmidt
0,"Class I: Mathematics, Natural Sciences and Engineering",1950,1,arthur-luettringhaus,https://www.leopoldina.org/en/members/member-list/detail/arthur-luettringhaus
0,"Class I: Mathematics, Natural Sciences and Engineering",1952,1,ernst-hoelder,https://www.leopoldina.org/en/members/member-list/detail/ernst-hoelder
0,"Class I: Mathematics, Natural Sciences and Engineering",1952,1,friedrich-adolf-willers,https://www.leopoldina.org/en/members/member-list/detail/friedrich-adolf-willers
0,"Class I: Mathematics, Natural Sciences and Engineering",1952,1,wolfgang-langenbeck,https://www.leopoldina.org/en/members/member-list/detail/wolfgang-langenbeck
0,"Class I: Mathematics, Natural Sciences and Engineering",1953,1,franz-runge,https://www.leopoldina.org/en/members/member-list/detail/franz-runge
0,"Class I: Mathematics, Natural Sciences and Engineering",1953,1,friedrich-von-bruchhausen,https://www.leopoldina.org/en/members/member-list/detail/friedrich-von-bruchhausen
0,"Class I: Mathematics, Natural Sciences and Engineering",1953,1,oskar-keller,https://www.leopoldina.org/en/members/member-list/detail/oskar-keller
0,"Class I: Mathematics, Natural Sciences and Engineering",1954,1,arthur-simon,https://www.leopoldina.org/en/members/member-list/detail/arthur-simon
0,"Class I: Mathematics, Natural Sciences and Engineering",1955,1,franz-hein,https://www.leopoldina.org/en/members/member-list/detail/franz-hein
0,"Class I: Mathematics, Natural Sciences and Engineering",1955,1,ivan-n-nazarov,https://www.leopoldina.org/en/members/member-list/detail/ivan-n-nazarov
0,"Class I: Mathematics, Natural Sciences and Engineering",1955,1,kurt-taeufel,https://www.leopoldina.org/en/members/member-list/detail/kurt-taeufel
0,"Class I: Mathematics, Natural Sciences and Engineering",1956,1,erich-thilo,https://www.leopoldina.org/en/members/member-list/detail/erich-thilo
0,"Class I: Mathematics, Natural Sciences and Engineering",1956,1,friedrich-weygand,https://www.leopoldina.org/en/members/member-list/detail/friedrich-weygand
0,"Class I: Mathematics, Natural Sciences and Engineering",1956,1,hans-brockmann,https://www.leopoldina.org/en/members/member-list/detail/hans-brockmann
0,"Class I: Mathematics, Natural Sciences and Engineering",1956,1,walter-hieber,https://www.leopoldina.org/en/members/member-list/detail/walter-hieber
0,"Class I: Mathematics, Natural Sciences and Engineering",1957,1,erich-kaehler,https://www.leopoldina.org/en/members/member-list/detail/erich-kaehler
0,"Class I: Mathematics, Natural Sciences and Engineering",1957,1,eugen-bamann,https://www.leopoldina.org/en/members/member-list/detail/eugen-bamann
0,"Class I: Mathematics, Natural Sciences and Engineering",1957,1,rolf-nevanlinna,https://www.leopoldina.org/en/members/member-list/detail/rolf-nevanlinna
0,"Class I: Mathematics, Natural Sciences and Engineering",1957,1,wolf-baron-von-engelhardt,https://www.leopoldina.org/en/members/member-list/detail/wolf-baron-von-engelhardt
0,"Class I: Mathematics, Natural Sciences and Engineering",1958,1,aleksandr-n-nesmejanov,https://www.leopoldina.org/en/members/member-list/detail/aleksandr-n-nesmejanov
0,"Class I: Mathematics, Natural Sciences and Engineering",1958,1,carl-siegel,https://www.leopoldina.org/en/members/member-list/detail/carl-siegel
0,"Class I: Mathematics, Natural Sciences and Engineering",1958,1,heinz-hopf,https://www.leopoldina.org/en/members/member-list/detail/heinz-hopf
0,"Class I: Mathematics, Natural Sciences and Engineering",1958,1,josef-goubeau,https://www.leopoldina.org/en/members/member-list/detail/josef-goubeau
0,"Class I: Mathematics, Natural Sciences and Engineering",1958,1,munio-kotake,https://www.leopoldina.org/en/members/member-list/detail/munio-kotake
0,"Class I: Mathematics, Natural Sciences and Engineering",1958,1,ott-heinrich-keller,https://www.leopoldina.org/en/members/member-list/detail/ott-heinrich-keller
0,"Class I: Mathematics, Natural Sciences and Engineering",1958,1,sankichi-takei,https://www.leopoldina.org/en/members/member-list/detail/sankichi-takei
0,"Class I: Mathematics, Natural Sciences and Engineering",1959,1,alfred-rieche,https://www.leopoldina.org/en/members/member-list/detail/alfred-rieche
0,"Class I: Mathematics, Natural Sciences and Engineering",1959,1,andrej-n-kolmogorov,https://www.leopoldina.org/en/members/member-list/detail/andrej-n-kolmogorov
0,"Class I: Mathematics, Natural Sciences and Engineering",1959,1,edmund-hlawka,https://www.leopoldina.org/en/members/member-list/detail/edmund-hlawka
0,"Class I: Mathematics, Natural Sciences and Engineering",1959,1,egon-wiberg,https://www.leopoldina.org/en/members/member-list/detail/egon-wiberg
0,"Class I: Mathematics, Natural Sciences and Engineering",1959,1,guenther-rienaecker,https://www.leopoldina.org/en/members/member-list/detail/guenther-rienaecker
0,"Class I: Mathematics, Natural Sciences and Engineering",1959,1,hans-schubert,https://www.leopoldina.org/en/members/member-list/detail/hans-schubert
0,"Class I: Mathematics, Natural Sciences and Engineering",1959,1,herbert-groetzsch,https://www.leopoldina.org/en/members/member-list/detail/herbert-groetzsch
0,"Class I: Mathematics, Natural Sciences and Engineering",1959,1,lord-alexander-r-todd,https://www.leopoldina.org/en/members/member-list/detail/lord-alexander-r-todd
0,"Class I: Mathematics, Natural Sciences and Engineering",1959,1,melvin-calvin,https://www.leopoldina.org/en/members/member-list/detail/melvin-calvin
0,"Class I: Mathematics, Natural Sciences and Engineering",1959,1,pavel-s-aleksandrov,https://www.leopoldina.org/en/members/member-list/detail/pavel-s-aleksandrov
0,"Class I: Mathematics, Natural Sciences and Engineering",1959,1,sir-cyril-hinshelwood,https://www.leopoldina.org/en/members/member-list/detail/sir-cyril-hinshelwood
0,"Class I: Mathematics, Natural Sciences and Engineering",1959,1,wilhelm-treibs,https://www.leopoldina.org/en/members/member-list/detail/wilhelm-treibs
0,"Class I: Mathematics, Natural Sciences and Engineering",1960,1,bartel-l-van-der-waerden,https://www.leopoldina.org/en/members/member-list/detail/bartel-l-van-der-waerden
0,"Class I: Mathematics, Natural Sciences and Engineering",1960,1,emil-artin,https://www.leopoldina.org/en/members/member-list/detail/emil-artin
0,"Class I: Mathematics, Natural Sciences and Engineering",1960,1,georg-von-hevesy,https://www.leopoldina.org/en/members/member-list/detail/georg-von-hevesy
0,"Class I: Mathematics, Natural Sciences and Engineering",1960,1,gunnar-haegg,https://www.leopoldina.org/en/members/member-list/detail/gunnar-haegg
0,"Class I: Mathematics, Natural Sciences and Engineering",1960,1,harry-emeleus,https://www.leopoldina.org/en/members/member-list/detail/harry-emeleus
0,"Class I: Mathematics, Natural Sciences and Engineering",1960,1,horst-boehme,https://www.leopoldina.org/en/members/member-list/detail/horst-boehme
0,"Class I: Mathematics, Natural Sciences and Engineering",1960,1,igor-rostislawowitsch-safarevic,https://www.leopoldina.org/en/members/member-list/detail/igor-rostislawowitsch-safarevic
0,"Class I: Mathematics, Natural Sciences and Engineering",1960,1,karl-myrbaeck,https://www.leopoldina.org/en/members/member-list/detail/karl-myrbaeck
0,"Class I: Mathematics, Natural Sciences and Engineering",1960,1,krishnasami-venkataraman,https://www.leopoldina.org/en/members/member-list/detail/krishnasami-venkataraman
0,"Class I: Mathematics, Natural Sciences and Engineering",1960,1,linus-pauling,https://www.leopoldina.org/en/members/member-list/detail/linus-pauling
0,"Class I: Mathematics, Natural Sciences and Engineering",1960,1,tadeusz-urbanski,https://www.leopoldina.org/en/members/member-list/detail/tadeusz-urbanski
0,"Class I: Mathematics, Natural Sciences and Engineering",1960,1,wiktor-kemula,https://www.leopoldina.org/en/members/member-list/detail/wiktor-kemula
0,"Class I: Mathematics, Natural Sciences and Engineering",1961,1,clifford-frondel,https://www.leopoldina.org/en/members/member-list/detail/clifford-frondel
0,"Class I: Mathematics, Natural Sciences and Engineering",1961,1,eduard-m-murzaev,https://www.leopoldina.org/en/members/member-list/detail/eduard-m-murzaev
0,"Class I: Mathematics, Natural Sciences and Engineering",1961,1,hilgard-oreilly-sternberg,https://www.leopoldina.org/en/members/member-list/detail/hilgard-oreilly-sternberg
0,"Class I: Mathematics, Natural Sciences and Engineering",1961,1,tiruvenkata-rajendra-seshadri,https://www.leopoldina.org/en/members/member-list/detail/tiruvenkata-rajendra-seshadri
0,"Class I: Mathematics, Natural Sciences and Engineering",1962,1,boris-n-delone,https://www.leopoldina.org/en/members/member-list/detail/boris-n-delone
0,"Class I: Mathematics, Natural Sciences and Engineering",1962,1,frantisek-sorm,https://www.leopoldina.org/en/members/member-list/detail/frantisek-sorm
0,"Class I: Mathematics, Natural Sciences and Engineering",1962,1,franz-feher,https://www.leopoldina.org/en/members/member-list/detail/franz-feher
0,"Class I: Mathematics, Natural Sciences and Engineering",1962,1,friedrich-wessely-von-karnegg,https://www.leopoldina.org/en/members/member-list/detail/friedrich-wessely-von-karnegg
0,"Class I: Mathematics, Natural Sciences and Engineering",1962,1,georg-wittig,https://www.leopoldina.org/en/members/member-list/detail/georg-wittig
0,"Class I: Mathematics, Natural Sciences and Engineering",1962,1,hans-reichardt,https://www.leopoldina.org/en/members/member-list/detail/hans-reichardt
0,"Class I: Mathematics, Natural Sciences and Engineering",1962,1,ivan-m-vinogradov,https://www.leopoldina.org/en/members/member-list/detail/ivan-m-vinogradov
0,"Class I: Mathematics, Natural Sciences and Engineering",1962,1,karl-marguerre,https://www.leopoldina.org/en/members/member-list/detail/karl-marguerre
0,"Class I: Mathematics, Natural Sciences and Engineering",1962,1,ladislaus-redei,https://www.leopoldina.org/en/members/member-list/detail/ladislaus-redei
0,"Class I: Mathematics, Natural Sciences and Engineering",1962,1,lothar-collatz,https://www.leopoldina.org/en/members/member-list/detail/lothar-collatz
0,"Class I: Mathematics, Natural Sciences and Engineering",1962,1,oskar-glemser,https://www.leopoldina.org/en/members/member-list/detail/oskar-glemser
0,"Class I: Mathematics, Natural Sciences and Engineering",1962,1,robert-sauer,https://www.leopoldina.org/en/members/member-list/detail/robert-sauer
0,"Class I: Mathematics, Natural Sciences and Engineering",1962,1,sabir-j-junusov,https://www.leopoldina.org/en/members/member-list/detail/sabir-j-junusov
0,"Class I: Mathematics, Natural Sciences and Engineering",1962,1,ulrich-hofmann,https://www.leopoldina.org/en/members/member-list/detail/ulrich-hofmann
0,"Class I: Mathematics, Natural Sciences and Engineering",1963,1,costin-d-nenitzescu,https://www.leopoldina.org/en/members/member-list/detail/costin-d-nenitzescu
0,"Class I: Mathematics, Natural Sciences and Engineering",1963,1,friedrich-hirzebruch,https://www.leopoldina.org/en/members/member-list/detail/friedrich-hirzebruch
0,"Class I: Mathematics, Natural Sciences and Engineering",1963,1,henry-goertler,https://www.leopoldina.org/en/members/member-list/detail/henry-goertler
0,"Class I: Mathematics, Natural Sciences and Engineering",1963,1,leo-aario,https://www.leopoldina.org/en/members/member-list/detail/leo-aario
0,"Class I: Mathematics, Natural Sciences and Engineering",1963,1,vladimir-prelog,https://www.leopoldina.org/en/members/member-list/detail/vladimir-prelog
0,"Class I: Mathematics, Natural Sciences and Engineering",1964,1,eduard-stiefel,https://www.leopoldina.org/en/members/member-list/detail/eduard-stiefel
0,"Class I: Mathematics, Natural Sciences and Engineering",1964,1,fritz-arndt,https://www.leopoldina.org/en/members/member-list/detail/fritz-arndt
0,"Class I: Mathematics, Natural Sciences and Engineering",1964,1,helmut-heinrich,https://www.leopoldina.org/en/members/member-list/detail/helmut-heinrich
0,"Class I: Mathematics, Natural Sciences and Engineering",1964,1,rolf-huisgen,https://www.leopoldina.org/en/members/member-list/detail/rolf-huisgen
0,"Class I: Mathematics, Natural Sciences and Engineering",1964,1,theodor-wieland,https://www.leopoldina.org/en/members/member-list/detail/theodor-wieland
0,"Class I: Mathematics, Natural Sciences and Engineering",1964,1,wladislaw-pozaryski,https://www.leopoldina.org/en/members/member-list/detail/wladislaw-pozaryski
0,"Class I: Mathematics, Natural Sciences and Engineering",1965,1,arno-hermann-mueller,https://www.leopoldina.org/en/members/member-list/detail/arno-hermann-mueller
0,"Class I: Mathematics, Natural Sciences and Engineering",1965,1,josef-schormueller,https://www.leopoldina.org/en/members/member-list/detail/josef-schormueller
0,"Class I: Mathematics, Natural Sciences and Engineering",1965,1,kurt-walter-merz,https://www.leopoldina.org/en/members/member-list/detail/kurt-walter-merz
0,"Class I: Mathematics, Natural Sciences and Engineering",1965,1,lars-gunnar-sillen,https://www.leopoldina.org/en/members/member-list/detail/lars-gunnar-sillen
0,"Class I: Mathematics, Natural Sciences and Engineering",1965,1,mstislav-v-keldys,https://www.leopoldina.org/en/members/member-list/detail/mstislav-v-keldys
0,"Class I: Mathematics, Natural Sciences and Engineering",1966,1,ernst-schmitz,https://www.leopoldina.org/en/members/member-list/detail/ernst-schmitz
0,"Class I: Mathematics, Natural Sciences and Engineering",1966,1,franz-sondheimer,https://www.leopoldina.org/en/members/member-list/detail/franz-sondheimer
0,"Class I: Mathematics, Natural Sciences and Engineering",1966,1,herbert-koelbel,https://www.leopoldina.org/en/members/member-list/detail/herbert-koelbel
0,"Class I: Mathematics, Natural Sciences and Engineering",1966,1,jean-albert-gautier,https://www.leopoldina.org/en/members/member-list/detail/jean-albert-gautier
0,"Class I: Mathematics, Natural Sciences and Engineering",1966,1,karl-schwarzenbach,https://www.leopoldina.org/en/members/member-list/detail/karl-schwarzenbach
0,"Class I: Mathematics, Natural Sciences and Engineering",1966,1,karl-steinbuch,https://www.leopoldina.org/en/members/member-list/detail/karl-steinbuch
0,"Class I: Mathematics, Natural Sciences and Engineering",1966,1,klaus-schreiber,https://www.leopoldina.org/en/members/member-list/detail/klaus-schreiber
0,"Class I: Mathematics, Natural Sciences and Engineering",1966,1,martin-kneser,https://www.leopoldina.org/en/members/member-list/detail/martin-kneser
0,"Class I: Mathematics, Natural Sciences and Engineering",1966,1,max-friedrich-deuring,https://www.leopoldina.org/en/members/member-list/detail/max-friedrich-deuring
0,"Class I: Mathematics, Natural Sciences and Engineering",1966,1,shiro-akabori,https://www.leopoldina.org/en/members/member-list/detail/shiro-akabori
0,"Class I: Mathematics, Natural Sciences and Engineering",1966,1,sir-derek-h-r-barton,https://www.leopoldina.org/en/members/member-list/detail/sir-derek-h-r-barton
0,"Class I: Mathematics, Natural Sciences and Engineering",1966,1,tadeus-reichstein,https://www.leopoldina.org/en/members/member-list/detail/tadeus-reichstein
0,"Class I: Mathematics, Natural Sciences and Engineering",1966,1,willem-paul-de-roever,https://www.leopoldina.org/en/members/member-list/detail/willem-paul-de-roever
0,"Class I: Mathematics, Natural Sciences and Engineering",1966,1,willi-rinow,https://www.leopoldina.org/en/members/member-list/detail/willi-rinow
0,"Class I: Mathematics, Natural Sciences and Engineering",1967,1,gyoergy-hajos,https://www.leopoldina.org/en/members/member-list/detail/gyoergy-hajos
0,"Class I: Mathematics, Natural Sciences and Engineering",1967,1,sir-alan-r-battersby,https://www.leopoldina.org/en/members/member-list/detail/sir-alan-r-battersby
0,"Class I: Mathematics, Natural Sciences and Engineering",1967,1,viktor-bruckner,https://www.leopoldina.org/en/members/member-list/detail/viktor-bruckner
0,"Class I: Mathematics, Natural Sciences and Engineering",1967,1,waclaw-olszak,https://www.leopoldina.org/en/members/member-list/detail/waclaw-olszak
0,"Class I: Mathematics, Natural Sciences and Engineering",1968,1,andor-kertesz,https://www.leopoldina.org/en/members/member-list/detail/andor-kertesz
0,"Class I: Mathematics, Natural Sciences and Engineering",1968,1,carl-djerassi,https://www.leopoldina.org/en/members/member-list/detail/carl-djerassi
0,"Class I: Mathematics, Natural Sciences and Engineering",1968,1,dorothy-crowfoot-hodgkin,https://www.leopoldina.org/en/members/member-list/detail/dorothy-crowfoot-hodgkin
0,"Class I: Mathematics, Natural Sciences and Engineering",1968,1,german-ancochea,https://www.leopoldina.org/en/members/member-list/detail/german-ancochea
0,"Class I: Mathematics, Natural Sciences and Engineering",1968,1,gottfried-koethe,https://www.leopoldina.org/en/members/member-list/detail/gottfried-koethe
0,"Class I: Mathematics, Natural Sciences and Engineering",1968,1,gunnar-hoppe,https://www.leopoldina.org/en/members/member-list/detail/gunnar-hoppe
0,"Class I: Mathematics, Natural Sciences and Engineering",1968,1,hans-kuhn,https://www.leopoldina.org/en/members/member-list/detail/hans-kuhn
0,"Class I: Mathematics, Natural Sciences and Engineering",1968,1,hans-schmid,https://www.leopoldina.org/en/members/member-list/detail/hans-schmid
0,"Class I: Mathematics, Natural Sciences and Engineering",1968,1,hermann-klare,https://www.leopoldina.org/en/members/member-list/detail/hermann-klare
0,"Class I: Mathematics, Natural Sciences and Engineering",1968,1,hugo-strunz,https://www.leopoldina.org/en/members/member-list/detail/hugo-strunz
0,"Class I: Mathematics, Natural Sciences and Engineering",1968,1,ilja-n-vekua,https://www.leopoldina.org/en/members/member-list/detail/ilja-n-vekua
0,"Class I: Mathematics, Natural Sciences and Engineering",1968,1,michail-m-semjakin,https://www.leopoldina.org/en/members/member-list/detail/michail-m-semjakin
0,"Class I: Mathematics, Natural Sciences and Engineering",1968,1,robert-burns-woodward,https://www.leopoldina.org/en/members/member-list/detail/robert-burns-woodward
0,"Class I: Mathematics, Natural Sciences and Engineering",1968,1,rudolf-criegee,https://www.leopoldina.org/en/members/member-list/detail/rudolf-criegee
0,"Class I: Mathematics, Natural Sciences and Engineering",1968,1,siegfried-herzog,https://www.leopoldina.org/en/members/member-list/detail/siegfried-herzog
0,"Class I: Mathematics, Natural Sciences and Engineering",1968,1,walter-dieminger,https://www.leopoldina.org/en/members/member-list/detail/walter-dieminger
0,"Class I: Mathematics, Natural Sciences and Engineering",1969,1,carolina-h-macgillavry,https://www.leopoldina.org/en/members/member-list/detail/carolina-h-macgillavry
0,"Class I: Mathematics, Natural Sciences and Engineering",1969,1,ernst-otto-fischer,https://www.leopoldina.org/en/members/member-list/detail/ernst-otto-fischer
0,"Class I: Mathematics, Natural Sciences and Engineering",1969,1,harald-schaefer,https://www.leopoldina.org/en/members/member-list/detail/harald-schaefer
0,"Class I: Mathematics, Natural Sciences and Engineering",1969,1,hellmut-bredereck,https://www.leopoldina.org/en/members/member-list/detail/hellmut-bredereck
0,"Class I: Mathematics, Natural Sciences and Engineering",1969,1,herbert-beckert,https://www.leopoldina.org/en/members/member-list/detail/herbert-beckert
0,"Class I: Mathematics, Natural Sciences and Engineering",1969,1,horst-pracejus,https://www.leopoldina.org/en/members/member-list/detail/horst-pracejus
0,"Class I: Mathematics, Natural Sciences and Engineering",1969,1,kurt-issleib,https://www.leopoldina.org/en/members/member-list/detail/kurt-issleib
0,"Class I: Mathematics, Natural Sciences and Engineering",1969,1,leonid-i-sedov,https://www.leopoldina.org/en/members/member-list/detail/leonid-i-sedov
0,"Class I: Mathematics, Natural Sciences and Engineering",1969,1,margot-becke,https://www.leopoldina.org/en/members/member-list/detail/margot-becke
0,"Class I: Mathematics, Natural Sciences and Engineering",1969,1,neil-bartlett,https://www.leopoldina.org/en/members/member-list/detail/neil-bartlett
0,"Class I: Mathematics, Natural Sciences and Engineering",1969,1,paul-d-bartlett,https://www.leopoldina.org/en/members/member-list/detail/paul-d-bartlett
0,"Class I: Mathematics, Natural Sciences and Engineering",1969,1,rudolf-hoppe,https://www.leopoldina.org/en/members/member-list/detail/rudolf-hoppe
0,"Class I: Mathematics, Natural Sciences and Engineering",1969,1,shoji-shibata,https://www.leopoldina.org/en/members/member-list/detail/shoji-shibata
0,"Class I: Mathematics, Natural Sciences and Engineering",1970,1,aleksandre-g-kuros,https://www.leopoldina.org/en/members/member-list/detail/aleksandre-g-kuros
0,"Class I: Mathematics, Natural Sciences and Engineering",1970,1,arnt-eliassen,https://www.leopoldina.org/en/members/member-list/detail/arnt-eliassen
0,"Class I: Mathematics, Natural Sciences and Engineering",1970,1,claude-e-shannon,https://www.leopoldina.org/en/members/member-list/detail/claude-e-shannon
0,"Class I: Mathematics, Natural Sciences and Engineering",1970,1,george-h-cady,https://www.leopoldina.org/en/members/member-list/detail/george-h-cady
0,"Class I: Mathematics, Natural Sciences and Engineering",1970,1,guy-ourisson,https://www.leopoldina.org/en/members/member-list/detail/guy-ourisson
0,"Class I: Mathematics, Natural Sciences and Engineering",1970,1,hans-gross,https://www.leopoldina.org/en/members/member-list/detail/hans-gross
0,"Class I: Mathematics, Natural Sciences and Engineering",1970,1,karl-nickel,https://www.leopoldina.org/en/members/member-list/detail/karl-nickel
0,"Class I: Mathematics, Natural Sciences and Engineering",1970,1,kirill-y-kondratyev,https://www.leopoldina.org/en/members/member-list/detail/kirill-y-kondratyev
0,"Class I: Mathematics, Natural Sciences and Engineering",1970,1,leopold-schmetterer,https://www.leopoldina.org/en/members/member-list/detail/leopold-schmetterer
0,"Class I: Mathematics, Natural Sciences and Engineering",1970,1,lothar-berg,https://www.leopoldina.org/en/members/member-list/detail/lothar-berg
0,"Class I: Mathematics, Natural Sciences and Engineering",1970,1,rezsoe-bognar,https://www.leopoldina.org/en/members/member-list/detail/rezsoe-bognar
0,"Class I: Mathematics, Natural Sciences and Engineering",1970,1,roland-paetzold,https://www.leopoldina.org/en/members/member-list/detail/roland-paetzold
0,"Class I: Mathematics, Natural Sciences and Engineering",1970,1,solomon-g-michlin,https://www.leopoldina.org/en/members/member-list/detail/solomon-g-michlin
0,"Class I: Mathematics, Natural Sciences and Engineering",1970,1,valeria-a-troitskaya,https://www.leopoldina.org/en/members/member-list/detail/valeria-a-troitskaya
0,"Class I: Mathematics, Natural Sciences and Engineering",1970,1,viktor-m-gluskov,https://www.leopoldina.org/en/members/member-list/detail/viktor-m-gluskov
0,"Class I: Mathematics, Natural Sciences and Engineering",1970,1,walter-h-munk,https://www.leopoldina.org/en/members/member-list/detail/walter-h-munk
0,"Class I: Mathematics, Natural Sciences and Engineering",1970,1,wilhelm-kaemmerer,https://www.leopoldina.org/en/members/member-list/detail/wilhelm-kaemmerer
0,"Class I: Mathematics, Natural Sciences and Engineering",1971,1,eugen-seibold,https://www.leopoldina.org/en/members/member-list/detail/eugen-seibold
0,"Class I: Mathematics, Natural Sciences and Engineering",1971,1,michail-a-lavrentev,https://www.leopoldina.org/en/members/member-list/detail/michail-a-lavrentev
0,"Class I: Mathematics, Natural Sciences and Engineering",1972,1,bernhard-witkop,https://www.leopoldina.org/en/members/member-list/detail/bernhard-witkop
0,"Class I: Mathematics, Natural Sciences and Engineering",1972,1,felix-zymalkowski,https://www.leopoldina.org/en/members/member-list/detail/felix-zymalkowski
0,"Class I: Mathematics, Natural Sciences and Engineering",1972,1,gerhard-fritz,https://www.leopoldina.org/en/members/member-list/detail/gerhard-fritz
0,"Class I: Mathematics, Natural Sciences and Engineering",1972,1,gerwalt-zinner,https://www.leopoldina.org/en/members/member-list/detail/gerwalt-zinner
0,"Class I: Mathematics, Natural Sciences and Engineering",1972,1,harry-auterhoff,https://www.leopoldina.org/en/members/member-list/detail/harry-auterhoff
0,"Class I: Mathematics, Natural Sciences and Engineering",1972,1,henri-normant,https://www.leopoldina.org/en/members/member-list/detail/henri-normant
0,"Class I: Mathematics, Natural Sciences and Engineering",1972,1,hermann-schildknecht,https://www.leopoldina.org/en/members/member-list/detail/hermann-schildknecht
0,"Class I: Mathematics, Natural Sciences and Engineering",1972,1,konrad-zuse,https://www.leopoldina.org/en/members/member-list/detail/konrad-zuse
0,"Class I: Mathematics, Natural Sciences and Engineering",1972,1,miron-nicolescu,https://www.leopoldina.org/en/members/member-list/detail/miron-nicolescu
0,"Class I: Mathematics, Natural Sciences and Engineering",1972,1,solomon-a-hiller,https://www.leopoldina.org/en/members/member-list/detail/solomon-a-hiller
0,"Class I: Mathematics, Natural Sciences and Engineering",1972,1,walter-roubitschek,https://www.leopoldina.org/en/members/member-list/detail/walter-roubitschek
0,"Class I: Mathematics, Natural Sciences and Engineering",1973,1,franz-fliri,https://www.leopoldina.org/en/members/member-list/detail/franz-fliri
0,"Class I: Mathematics, Natural Sciences and Engineering",1973,1,gaetano-fichera-1,https://www.leopoldina.org/en/members/member-list/detail/gaetano-fichera-1
0,"Class I: Mathematics, Natural Sciences and Engineering",1973,1,glenn-t-seaborg,https://www.leopoldina.org/en/members/member-list/detail/glenn-t-seaborg
0,"Class I: Mathematics, Natural Sciences and Engineering",1973,1,guenther-wagner,https://www.leopoldina.org/en/members/member-list/detail/guenther-wagner
0,"Class I: Mathematics, Natural Sciences and Engineering",1973,1,heinz-kliewe,https://www.leopoldina.org/en/members/member-list/detail/heinz-kliewe
0,"Class I: Mathematics, Natural Sciences and Engineering",1973,1,helmut-thiele,https://www.leopoldina.org/en/members/member-list/detail/helmut-thiele
0,"Class I: Mathematics, Natural Sciences and Engineering",1973,1,herbert-grunze,https://www.leopoldina.org/en/members/member-list/detail/herbert-grunze
0,"Class I: Mathematics, Natural Sciences and Engineering",1973,1,herbert-wilhelmy,https://www.leopoldina.org/en/members/member-list/detail/herbert-wilhelmy
0,"Class I: Mathematics, Natural Sciences and Engineering",1973,1,karl-armin-troeger,https://www.leopoldina.org/en/members/member-list/detail/karl-armin-troeger
0,"Class I: Mathematics, Natural Sciences and Engineering",1973,1,peter-mauersberger,https://www.leopoldina.org/en/members/member-list/detail/peter-mauersberger
0,"Class I: Mathematics, Natural Sciences and Engineering",1973,1,roland-mayer,https://www.leopoldina.org/en/members/member-list/detail/roland-mayer
0,"Class I: Mathematics, Natural Sciences and Engineering",1973,1,wilhelm-pritzkow,https://www.leopoldina.org/en/members/member-list/detail/wilhelm-pritzkow
0,"Class I: Mathematics, Natural Sciences and Engineering",1974,1,albrecht-pietsch,https://www.leopoldina.org/en/members/member-list/detail/albrecht-pietsch
0,"Class I: Mathematics, Natural Sciences and Engineering",1974,1,anders-kjaer,https://www.leopoldina.org/en/members/member-list/detail/anders-kjaer
0,"Class I: Mathematics, Natural Sciences and Engineering",1974,1,frantisek-santavy,https://www.leopoldina.org/en/members/member-list/detail/frantisek-santavy
0,"Class I: Mathematics, Natural Sciences and Engineering",1974,1,fritz-john,https://www.leopoldina.org/en/members/member-list/detail/fritz-john
0,"Class I: Mathematics, Natural Sciences and Engineering",1974,1,heinz-a-staab,https://www.leopoldina.org/en/members/member-list/detail/heinz-a-staab
0,"Class I: Mathematics, Natural Sciences and Engineering",1974,1,horst-mensching,https://www.leopoldina.org/en/members/member-list/detail/horst-mensching
0,"Class I: Mathematics, Natural Sciences and Engineering",1974,1,ivan-kostov,https://www.leopoldina.org/en/members/member-list/detail/ivan-kostov
0,"Class I: Mathematics, Natural Sciences and Engineering",1974,1,noam-chomsky,https://www.leopoldina.org/en/members/member-list/detail/noam-chomsky
0,"Class I: Mathematics, Natural Sciences and Engineering",1974,1,ulrich-schmidt,https://www.leopoldina.org/en/members/member-list/detail/ulrich-schmidt
0,"Class I: Mathematics, Natural Sciences and Engineering",1974,1,viktor-gutmann,https://www.leopoldina.org/en/members/member-list/detail/viktor-gutmann
0,"Class I: Mathematics, Natural Sciences and Engineering",1975,1,henry-eyring,https://www.leopoldina.org/en/members/member-list/detail/henry-eyring
0,"Class I: Mathematics, Natural Sciences and Engineering",1975,1,leopold-horner,https://www.leopoldina.org/en/members/member-list/detail/leopold-horner
0,"Class I: Mathematics, Natural Sciences and Engineering",1975,1,martin-i-kabacnik,https://www.leopoldina.org/en/members/member-list/detail/martin-i-kabacnik
0,"Class I: Mathematics, Natural Sciences and Engineering",1975,1,paul-hagenmuller,https://www.leopoldina.org/en/members/member-list/detail/paul-hagenmuller
0,"Class I: Mathematics, Natural Sciences and Engineering",1975,1,rene-raynal,https://www.leopoldina.org/en/members/member-list/detail/rene-raynal
0,"Class I: Mathematics, Natural Sciences and Engineering",1976,1,albert-eschenmoser,https://www.leopoldina.org/en/members/member-list/detail/albert-eschenmoser
0,"Class I: Mathematics, Natural Sciences and Engineering",1976,1,andrzej-schinzel,https://www.leopoldina.org/en/members/member-list/detail/andrzej-schinzel
0,"Class I: Mathematics, Natural Sciences and Engineering",1976,1,bogdan-baranowski,https://www.leopoldina.org/en/members/member-list/detail/bogdan-baranowski
0,"Class I: Mathematics, Natural Sciences and Engineering",1976,1,duilio-arigoni,https://www.leopoldina.org/en/members/member-list/detail/duilio-arigoni
0,"Class I: Mathematics, Natural Sciences and Engineering",1976,1,ernst-becker,https://www.leopoldina.org/en/members/member-list/detail/ernst-becker
0,"Class I: Mathematics, Natural Sciences and Engineering",1976,1,ernst-ulrich-franck,https://www.leopoldina.org/en/members/member-list/detail/ernst-ulrich-franck
0,"Class I: Mathematics, Natural Sciences and Engineering",1976,1,guenther-wilke,https://www.leopoldina.org/en/members/member-list/detail/guenther-wilke
0,"Class I: Mathematics, Natural Sciences and Engineering",1976,1,manfred-herrmann,https://www.leopoldina.org/en/members/member-list/detail/manfred-herrmann
0,"Class I: Mathematics, Natural Sciences and Engineering",1976,1,peter-l-pauson,https://www.leopoldina.org/en/members/member-list/detail/peter-l-pauson
0,"Class I: Mathematics, Natural Sciences and Engineering",1976,1,raymond-m-redheffer,https://www.leopoldina.org/en/members/member-list/detail/raymond-m-redheffer
0,"Class I: Mathematics, Natural Sciences and Engineering",1976,1,warner-t-koiter,https://www.leopoldina.org/en/members/member-list/detail/warner-t-koiter
0,"Class I: Mathematics, Natural Sciences and Engineering",1977,1,alfred-jahn,https://www.leopoldina.org/en/members/member-list/detail/alfred-jahn
0,"Class I: Mathematics, Natural Sciences and Engineering",1977,1,dietmar-seyferth,https://www.leopoldina.org/en/members/member-list/detail/dietmar-seyferth
0,"Class I: Mathematics, Natural Sciences and Engineering",1977,1,evgeny-e-nikitin,https://www.leopoldina.org/en/members/member-list/detail/evgeny-e-nikitin
0,"Class I: Mathematics, Natural Sciences and Engineering",1977,1,heinz-guenter-viehe,https://www.leopoldina.org/en/members/member-list/detail/heinz-guenter-viehe
0,"Class I: Mathematics, Natural Sciences and Engineering",1977,1,jacques-tits,https://www.leopoldina.org/en/members/member-list/detail/jacques-tits
0,"Class I: Mathematics, Natural Sciences and Engineering",1977,1,joachim-knabe,https://www.leopoldina.org/en/members/member-list/detail/joachim-knabe
0,"Class I: Mathematics, Natural Sciences and Engineering",1977,1,raymond-kern,https://www.leopoldina.org/en/members/member-list/detail/raymond-kern
0,"Class I: Mathematics, Natural Sciences and Engineering",1977,1,sir-michael-f-atiyah,https://www.leopoldina.org/en/members/member-list/detail/sir-michael-f-atiyah
0,"Class I: Mathematics, Natural Sciences and Engineering",1977,1,zbigniew-r-grabowski,https://www.leopoldina.org/en/members/member-list/detail/zbigniew-r-grabowski
0,"Class I: Mathematics, Natural Sciences and Engineering",1978,1,guenter-moebus,https://www.leopoldina.org/en/members/member-list/detail/guenter-moebus
0,"Class I: Mathematics, Natural Sciences and Engineering",1978,1,helmut-werner-1,https://www.leopoldina.org/en/members/member-list/detail/helmut-werner-1
0,"Class I: Mathematics, Natural Sciences and Engineering",1978,1,jaromir-demek,https://www.leopoldina.org/en/members/member-list/detail/jaromir-demek
0,"Class I: Mathematics, Natural Sciences and Engineering",1978,1,leonhard-bittner,https://www.leopoldina.org/en/members/member-list/detail/leonhard-bittner
0,"Class I: Mathematics, Natural Sciences and Engineering",1978,1,osamu-hayaishi,https://www.leopoldina.org/en/members/member-list/detail/osamu-hayaishi
0,"Class I: Mathematics, Natural Sciences and Engineering",1978,1,rene-thom,https://www.leopoldina.org/en/members/member-list/detail/rene-thom
0,"Class I: Mathematics, Natural Sciences and Engineering",1979,1,jack-david-dunitz,https://www.leopoldina.org/en/members/member-list/detail/jack-david-dunitz
0,"Class I: Mathematics, Natural Sciences and Engineering",1979,1,juergen-troe,https://www.leopoldina.org/en/members/member-list/detail/juergen-troe
0,"Class I: Mathematics, Natural Sciences and Engineering",1979,1,robert-gomer,https://www.leopoldina.org/en/members/member-list/detail/robert-gomer
0,"Class I: Mathematics, Natural Sciences and Engineering",1980,1,hans-fuechtbauer,https://www.leopoldina.org/en/members/member-list/detail/hans-fuechtbauer
0,"Class I: Mathematics, Natural Sciences and Engineering",1980,1,raoul-bott,https://www.leopoldina.org/en/members/member-list/detail/raoul-bott
0,"Class I: Mathematics, Natural Sciences and Engineering",1981,1,heinz-georg-wagner,https://www.leopoldina.org/en/members/member-list/detail/heinz-georg-wagner
0,"Class I: Mathematics, Natural Sciences and Engineering",1981,1,piet-hartman,https://www.leopoldina.org/en/members/member-list/detail/piet-hartman
0,"Class I: Mathematics, Natural Sciences and Engineering",1981,1,siegfried-huenig,https://www.leopoldina.org/en/members/member-list/detail/siegfried-huenig
0,"Class I: Mathematics, Natural Sciences and Engineering",1982,1,fritz-eiden,https://www.leopoldina.org/en/members/member-list/detail/fritz-eiden
0,"Class I: Mathematics, Natural Sciences and Engineering",1982,1,guenter-meinardus,https://www.leopoldina.org/en/members/member-list/detail/guenter-meinardus
0,"Class I: Mathematics, Natural Sciences and Engineering",1982,1,guenther-haase,https://www.leopoldina.org/en/members/member-list/detail/guenther-haase
0,"Class I: Mathematics, Natural Sciences and Engineering",1982,1,hans-berckhemer,https://www.leopoldina.org/en/members/member-list/detail/hans-berckhemer
0,"Class I: Mathematics, Natural Sciences and Engineering",1982,1,hans-grauert,https://www.leopoldina.org/en/members/member-list/detail/hans-grauert
0,"Class I: Mathematics, Natural Sciences and Engineering",1982,1,juergen-moser,https://www.leopoldina.org/en/members/member-list/detail/juergen-moser
0,"Class I: Mathematics, Natural Sciences and Engineering",1982,1,marianne-baudler,https://www.leopoldina.org/en/members/member-list/detail/marianne-baudler
0,"Class I: Mathematics, Natural Sciences and Engineering",1982,1,paul-guenther,https://www.leopoldina.org/en/members/member-list/detail/paul-guenther
0,"Class I: Mathematics, Natural Sciences and Engineering",1982,1,werner-schreyer,https://www.leopoldina.org/en/members/member-list/detail/werner-schreyer
0,"Class I: Mathematics, Natural Sciences and Engineering",1983,1,emanuel-vogel,https://www.leopoldina.org/en/members/member-list/detail/emanuel-vogel
0,"Class I: Mathematics, Natural Sciences and Engineering",1983,1,heinz-fortak,https://www.leopoldina.org/en/members/member-list/detail/heinz-fortak
0,"Class I: Mathematics, Natural Sciences and Engineering",1983,1,jens-taubenheim,https://www.leopoldina.org/en/members/member-list/detail/jens-taubenheim
0,"Class I: Mathematics, Natural Sciences and Engineering",1983,1,klaus-krickeberg,https://www.leopoldina.org/en/members/member-list/detail/klaus-krickeberg
0,"Class I: Mathematics, Natural Sciences and Engineering",1983,1,loo-keng-hua,https://www.leopoldina.org/en/members/member-list/detail/loo-keng-hua
0,"Class I: Mathematics, Natural Sciences and Engineering",1983,1,rudolf-truempy,https://www.leopoldina.org/en/members/member-list/detail/rudolf-truempy
0,"Class I: Mathematics, Natural Sciences and Engineering",1983,1,sir-james-lighthill,https://www.leopoldina.org/en/members/member-list/detail/sir-james-lighthill
0,"Class I: Mathematics, Natural Sciences and Engineering",1984,1,bruno-messerli,https://www.leopoldina.org/en/members/member-list/detail/bruno-messerli
0,"Class I: Mathematics, Natural Sciences and Engineering",1984,1,dieter-seebach,https://www.leopoldina.org/en/members/member-list/detail/dieter-seebach
0,"Class I: Mathematics, Natural Sciences and Engineering",1984,1,ernst-niggli,https://www.leopoldina.org/en/members/member-list/detail/ernst-niggli
0,"Class I: Mathematics, Natural Sciences and Engineering",1984,1,friedrich-l-bauer,https://www.leopoldina.org/en/members/member-list/detail/friedrich-l-bauer
0,"Class I: Mathematics, Natural Sciences and Engineering",1984,1,hans-j-stetter,https://www.leopoldina.org/en/members/member-list/detail/hans-j-stetter
0,"Class I: Mathematics, Natural Sciences and Engineering",1984,1,josef-zemann,https://www.leopoldina.org/en/members/member-list/detail/josef-zemann
0,"Class I: Mathematics, Natural Sciences and Engineering",1984,1,ulrich-wannagat,https://www.leopoldina.org/en/members/member-list/detail/ulrich-wannagat
0,"Class I: Mathematics, Natural Sciences and Engineering",1985,1,albrecht-dold,https://www.leopoldina.org/en/members/member-list/detail/albrecht-dold
0,"Class I: Mathematics, Natural Sciences and Engineering",1985,1,hans-walter-georgii,https://www.leopoldina.org/en/members/member-list/detail/hans-walter-georgii
0,"Class I: Mathematics, Natural Sciences and Engineering",1985,1,heinrich-noeth,https://www.leopoldina.org/en/members/member-list/detail/heinrich-noeth
0,"Class I: Mathematics, Natural Sciences and Engineering",1985,1,helmut-koch-1,https://www.leopoldina.org/en/members/member-list/detail/helmut-koch-1
0,"Class I: Mathematics, Natural Sciences and Engineering",1985,1,jean-marie-lehn,https://www.leopoldina.org/en/members/member-list/detail/jean-marie-lehn
0,"Class I: Mathematics, Natural Sciences and Engineering",1985,1,olga-a-ladysenskaja,https://www.leopoldina.org/en/members/member-list/detail/olga-a-ladysenskaja
0,"Class I: Mathematics, Natural Sciences and Engineering",1985,1,peter-j-roquette,https://www.leopoldina.org/en/members/member-list/detail/peter-j-roquette
0,"Class I: Mathematics, Natural Sciences and Engineering",1985,1,stefan-hildebrandt,https://www.leopoldina.org/en/members/member-list/detail/stefan-hildebrandt
0,"Class I: Mathematics, Natural Sciences and Engineering",1985,1,walter-eberhard-steger,https://www.leopoldina.org/en/members/member-list/detail/walter-eberhard-steger
0,"Class I: Mathematics, Natural Sciences and Engineering",1986,1,andre-authier,https://www.leopoldina.org/en/members/member-list/detail/andre-authier
0,"Class I: Mathematics, Natural Sciences and Engineering",1986,1,bror-anders-rapp,https://www.leopoldina.org/en/members/member-list/detail/bror-anders-rapp
0,"Class I: Mathematics, Natural Sciences and Engineering",1986,1,gerhard-ertl,https://www.leopoldina.org/en/members/member-list/detail/gerhard-ertl
0,"Class I: Mathematics, Natural Sciences and Engineering",1986,1,heinz-bauer,https://www.leopoldina.org/en/members/member-list/detail/heinz-bauer
0,"Class I: Mathematics, Natural Sciences and Engineering",1986,1,herbert-w-roesky,https://www.leopoldina.org/en/members/member-list/detail/herbert-w-roesky
0,"Class I: Mathematics, Natural Sciences and Engineering",1986,1,klaus-hafner,https://www.leopoldina.org/en/members/member-list/detail/klaus-hafner
0,"Class I: Mathematics, Natural Sciences and Engineering",1986,1,marton-pecsi,https://www.leopoldina.org/en/members/member-list/detail/marton-pecsi
0,"Class I: Mathematics, Natural Sciences and Engineering",1986,1,rudolf-taube,https://www.leopoldina.org/en/members/member-list/detail/rudolf-taube
0,"Class I: Mathematics, Natural Sciences and Engineering",1986,1,vlastislav-cerveny,https://www.leopoldina.org/en/members/member-list/detail/vlastislav-cerveny
0,"Class I: Mathematics, Natural Sciences and Engineering",1986,1,william-winn-hay,https://www.leopoldina.org/en/members/member-list/detail/william-winn-hay
0,"Class I: Mathematics, Natural Sciences and Engineering",1987,1,erich-thenius,https://www.leopoldina.org/en/members/member-list/detail/erich-thenius
0,"Class I: Mathematics, Natural Sciences and Engineering",1987,1,hans-georg-von-schnering,https://www.leopoldina.org/en/members/member-list/detail/hans-georg-von-schnering
0,"Class I: Mathematics, Natural Sciences and Engineering",1987,1,helmut-moritz,https://www.leopoldina.org/en/members/member-list/detail/helmut-moritz
0,"Class I: Mathematics, Natural Sciences and Engineering",1987,1,olli-lehto,https://www.leopoldina.org/en/members/member-list/detail/olli-lehto
0,"Class I: Mathematics, Natural Sciences and Engineering",1987,1,wilhelm-lauer,https://www.leopoldina.org/en/members/member-list/detail/wilhelm-lauer
0,"Class I: Mathematics, Natural Sciences and Engineering",1988,1,emilie-jaeger,https://www.leopoldina.org/en/members/member-list/detail/emilie-jaeger
0,"Class I: Mathematics, Natural Sciences and Engineering",1988,1,gerhard-quinkert,https://www.leopoldina.org/en/members/member-list/detail/gerhard-quinkert
0,"Class I: Mathematics, Natural Sciences and Engineering",1988,1,hans-oeschger,https://www.leopoldina.org/en/members/member-list/detail/hans-oeschger
0,"Class I: Mathematics, Natural Sciences and Engineering",1988,1,helmut-werner,https://www.leopoldina.org/en/members/member-list/detail/helmut-werner
0,"Class I: Mathematics, Natural Sciences and Engineering",1988,1,manfred-schulz,https://www.leopoldina.org/en/members/member-list/detail/manfred-schulz
0,"Class I: Mathematics, Natural Sciences and Engineering",1988,1,richard-r-ernst,https://www.leopoldina.org/en/members/member-list/detail/richard-r-ernst
0,"Class I: Mathematics, Natural Sciences and Engineering",1988,1,rolf-kloetzler,https://www.leopoldina.org/en/members/member-list/detail/rolf-kloetzler
0,"Class I: Mathematics, Natural Sciences and Engineering",1989,1,hans-richter,https://www.leopoldina.org/en/members/member-list/detail/hans-richter
0,"Class I: Mathematics, Natural Sciences and Engineering",1989,1,hans-wondratschek,https://www.leopoldina.org/en/members/member-list/detail/hans-wondratschek
0,"Class I: Mathematics, Natural Sciences and Engineering",1989,1,werner-schroth,https://www.leopoldina.org/en/members/member-list/detail/werner-schroth
0,"Class I: Mathematics, Natural Sciences and Engineering",1990,1,dietrich-demus,https://www.leopoldina.org/en/members/member-list/detail/dietrich-demus
0,"Class I: Mathematics, Natural Sciences and Engineering",1990,1,edwin-hengge,https://www.leopoldina.org/en/members/member-list/detail/edwin-hengge
0,"Class I: Mathematics, Natural Sciences and Engineering",1990,1,hermann-schmalzried,https://www.leopoldina.org/en/members/member-list/detail/hermann-schmalzried
0,"Class I: Mathematics, Natural Sciences and Engineering",1990,1,hubert-schmidbaur,https://www.leopoldina.org/en/members/member-list/detail/hubert-schmidbaur
0,"Class I: Mathematics, Natural Sciences and Engineering",1990,1,marian-mikolajczyk,https://www.leopoldina.org/en/members/member-list/detail/marian-mikolajczyk
0,"Class I: Mathematics, Natural Sciences and Engineering",1990,1,reinhard-kuehnau,https://www.leopoldina.org/en/members/member-list/detail/reinhard-kuehnau
0,"Class I: Mathematics, Natural Sciences and Engineering",1991,1,christoph-ruechardt,https://www.leopoldina.org/en/members/member-list/detail/christoph-ruechardt
0,"Class I: Mathematics, Natural Sciences and Engineering",1991,1,friedrich-a-seifert,https://www.leopoldina.org/en/members/member-list/detail/friedrich-a-seifert
0,"Class I: Mathematics, Natural Sciences and Engineering",1991,1,hans-bock,https://www.leopoldina.org/en/members/member-list/detail/hans-bock
0,"Class I: Mathematics, Natural Sciences and Engineering",1991,1,max-schwab,https://www.leopoldina.org/en/members/member-list/detail/max-schwab
0,"Class I: Mathematics, Natural Sciences and Engineering",1991,1,wolfgang-steglich,https://www.leopoldina.org/en/members/member-list/detail/wolfgang-steglich
0,"Class I: Mathematics, Natural Sciences and Engineering",1992,1,fritz-peter-schaefer,https://www.leopoldina.org/en/members/member-list/detail/fritz-peter-schaefer
0,"Class I: Mathematics, Natural Sciences and Engineering",1992,1,gerd-faltings,https://www.leopoldina.org/en/members/member-list/detail/gerd-faltings
0,"Class I: Mathematics, Natural Sciences and Engineering",1992,1,guenter-harder,https://www.leopoldina.org/en/members/member-list/detail/guenter-harder
0,"Class I: Mathematics, Natural Sciences and Engineering",1992,1,hanskarl-mueller-buschbaum,https://www.leopoldina.org/en/members/member-list/detail/hanskarl-mueller-buschbaum
0,"Class I: Mathematics, Natural Sciences and Engineering",1992,1,helmut-schwarz,https://www.leopoldina.org/en/members/member-list/detail/helmut-schwarz
0,"Class I: Mathematics, Natural Sciences and Engineering",1992,1,juergen-hagedorn,https://www.leopoldina.org/en/members/member-list/detail/juergen-hagedorn
0,"Class I: Mathematics, Natural Sciences and Engineering",1992,1,paul-j-crutzen,https://www.leopoldina.org/en/members/member-list/detail/paul-j-crutzen
0,"Class I: Mathematics, Natural Sciences and Engineering",1992,1,volker-strassen,https://www.leopoldina.org/en/members/member-list/detail/volker-strassen
0,"Class I: Mathematics, Natural Sciences and Engineering",1993,1,francois-mathey,https://www.leopoldina.org/en/members/member-list/detail/francois-mathey
0,"Class I: Mathematics, Natural Sciences and Engineering",1993,1,horst-hagedorn,https://www.leopoldina.org/en/members/member-list/detail/horst-hagedorn
0,"Class I: Mathematics, Natural Sciences and Engineering",1993,1,kurt-schaffner,https://www.leopoldina.org/en/members/member-list/detail/kurt-schaffner
0,"Class I: Mathematics, Natural Sciences and Engineering",1993,1,peter-paufler,https://www.leopoldina.org/en/members/member-list/detail/peter-paufler
0,"Class I: Mathematics, Natural Sciences and Engineering",1994,1,achim-mueller,https://www.leopoldina.org/en/members/member-list/detail/achim-mueller
0,"Class I: Mathematics, Natural Sciences and Engineering",1994,1,eberhard-zeidler,https://www.leopoldina.org/en/members/member-list/detail/eberhard-zeidler
0,"Class I: Mathematics, Natural Sciences and Engineering",1994,1,ekhard-k-h-salje,https://www.leopoldina.org/en/members/member-list/detail/ekhard-k-h-salje
0,"Class I: Mathematics, Natural Sciences and Engineering",1994,1,ivo-chlupac,https://www.leopoldina.org/en/members/member-list/detail/ivo-chlupac
0,"Class I: Mathematics, Natural Sciences and Engineering",1994,1,john-barry-dawson,https://www.leopoldina.org/en/members/member-list/detail/john-barry-dawson
0,"Class I: Mathematics, Natural Sciences and Engineering",1994,1,karl-heinz-buechel,https://www.leopoldina.org/en/members/member-list/detail/karl-heinz-buechel
0,"Class I: Mathematics, Natural Sciences and Engineering",1994,1,lord-ronald-oxburgh,https://www.leopoldina.org/en/members/member-list/detail/lord-ronald-oxburgh
0,"Class I: Mathematics, Natural Sciences and Engineering",1994,1,manfred-regitz,https://www.leopoldina.org/en/members/member-list/detail/manfred-regitz
0,"Class I: Mathematics, Natural Sciences and Engineering",1994,1,michael-sarnthein,https://www.leopoldina.org/en/members/member-list/detail/michael-sarnthein
0,"Class I: Mathematics, Natural Sciences and Engineering",1995,1,daniel-kastler,https://www.leopoldina.org/en/members/member-list/detail/daniel-kastler
0,"Class I: Mathematics, Natural Sciences and Engineering",1995,1,gerhard-krueger,https://www.leopoldina.org/en/members/member-list/detail/gerhard-krueger
0,"Class I: Mathematics, Natural Sciences and Engineering",1995,1,jean-aubouin,https://www.leopoldina.org/en/members/member-list/detail/jean-aubouin
0,"Class I: Mathematics, Natural Sciences and Engineering",1995,1,joshua-jortner,https://www.leopoldina.org/en/members/member-list/detail/joshua-jortner
0,"Class I: Mathematics, Natural Sciences and Engineering",1995,1,karl-heinz-hoffmann,https://www.leopoldina.org/en/members/member-list/detail/karl-heinz-hoffmann
0,"Class I: Mathematics, Natural Sciences and Engineering",1995,1,paul-j-kuehn,https://www.leopoldina.org/en/members/member-list/detail/paul-j-kuehn
0,"Class I: Mathematics, Natural Sciences and Engineering",1995,1,wolfgang-a-herrmann,https://www.leopoldina.org/en/members/member-list/detail/wolfgang-a-herrmann
0,"Class I: Mathematics, Natural Sciences and Engineering",1996,1,bernhard-korte,https://www.leopoldina.org/en/members/member-list/detail/bernhard-korte
0,"Class I: Mathematics, Natural Sciences and Engineering",1996,1,ekkehard-winterfeldt,https://www.leopoldina.org/en/members/member-list/detail/ekkehard-winterfeldt
0,"Class I: Mathematics, Natural Sciences and Engineering",1996,1,hans-foellmer,https://www.leopoldina.org/en/members/member-list/detail/hans-foellmer
0,"Class I: Mathematics, Natural Sciences and Engineering",1996,1,harald-niederreiter,https://www.leopoldina.org/en/members/member-list/detail/harald-niederreiter
0,"Class I: Mathematics, Natural Sciences and Engineering",1996,1,peter-noll,https://www.leopoldina.org/en/members/member-list/detail/peter-noll
0,"Class I: Mathematics, Natural Sciences and Engineering",1996,1,wolfgang-franke,https://www.leopoldina.org/en/members/member-list/detail/wolfgang-franke
0,"Class I: Mathematics, Natural Sciences and Engineering",1996,1,wolfgang-schlager,https://www.leopoldina.org/en/members/member-list/detail/wolfgang-schlager
0,"Class I: Mathematics, Natural Sciences and Engineering",1997,1,ernst-volkmar-trommsdorff,https://www.leopoldina.org/en/members/member-list/detail/ernst-volkmar-trommsdorff
0,"Class I: Mathematics, Natural Sciences and Engineering",1997,1,friedrich-hensel,https://www.leopoldina.org/en/members/member-list/detail/friedrich-hensel
0,"Class I: Mathematics, Natural Sciences and Engineering",1997,1,gernot-patzelt,https://www.leopoldina.org/en/members/member-list/detail/gernot-patzelt
0,"Class I: Mathematics, Natural Sciences and Engineering",1997,1,heinz-schulz,https://www.leopoldina.org/en/members/member-list/detail/heinz-schulz
0,"Class I: Mathematics, Natural Sciences and Engineering",1997,1,jean-rouxel,https://www.leopoldina.org/en/members/member-list/detail/jean-rouxel
0,"Class I: Mathematics, Natural Sciences and Engineering",1997,1,leslie-leiserowitz,https://www.leopoldina.org/en/members/member-list/detail/leslie-leiserowitz
0,"Class I: Mathematics, Natural Sciences and Engineering",1997,1,manfred-t-reetz,https://www.leopoldina.org/en/members/member-list/detail/manfred-t-reetz
0,"Class I: Mathematics, Natural Sciences and Engineering",1997,1,meir-lahav,https://www.leopoldina.org/en/members/member-list/detail/meir-lahav
0,"Class I: Mathematics, Natural Sciences and Engineering",1998,1,arndt-simon,https://www.leopoldina.org/en/members/member-list/detail/arndt-simon
0,"Class I: Mathematics, Natural Sciences and Engineering",1998,1,bernd-giese,https://www.leopoldina.org/en/members/member-list/detail/bernd-giese
0,"Class I: Mathematics, Natural Sciences and Engineering",1998,1,carl-de-boor,https://www.leopoldina.org/en/members/member-list/detail/carl-de-boor
0,"Class I: Mathematics, Natural Sciences and Engineering",1998,1,dagmar-schipanski,https://www.leopoldina.org/en/members/member-list/detail/dagmar-schipanski
0,"Class I: Mathematics, Natural Sciences and Engineering",1998,1,dieter-stoeffler,https://www.leopoldina.org/en/members/member-list/detail/dieter-stoeffler
0,"Class I: Mathematics, Natural Sciences and Engineering",1998,1,don-zagier,https://www.leopoldina.org/en/members/member-list/detail/don-zagier
0,"Class I: Mathematics, Natural Sciences and Engineering",1998,1,francois-diederich,https://www.leopoldina.org/en/members/member-list/detail/francois-diederich
0,"Class I: Mathematics, Natural Sciences and Engineering",1998,1,heinrich-soffel,https://www.leopoldina.org/en/members/member-list/detail/heinrich-soffel
0,"Class I: Mathematics, Natural Sciences and Engineering",1998,1,martin-quack,https://www.leopoldina.org/en/members/member-list/detail/martin-quack
0,"Class I: Mathematics, Natural Sciences and Engineering",1998,1,mieczyslaw-makosza,https://www.leopoldina.org/en/members/member-list/detail/mieczyslaw-makosza
0,"Class I: Mathematics, Natural Sciences and Engineering",1998,1,peter-fritz,https://www.leopoldina.org/en/members/member-list/detail/peter-fritz
0,"Class I: Mathematics, Natural Sciences and Engineering",1998,1,pierre-albrecht,https://www.leopoldina.org/en/members/member-list/detail/pierre-albrecht
0,"Class I: Mathematics, Natural Sciences and Engineering",1998,1,sigmar-wittig,https://www.leopoldina.org/en/members/member-list/detail/sigmar-wittig
0,"Class I: Mathematics, Natural Sciences and Engineering",1998,1,sigrid-d-peyerimhoff,https://www.leopoldina.org/en/members/member-list/detail/sigrid-d-peyerimhoff
0,"Class I: Mathematics, Natural Sciences and Engineering",1999,1,adolfs-krauklis,https://www.leopoldina.org/en/members/member-list/detail/adolfs-krauklis
0,"Class I: Mathematics, Natural Sciences and Engineering",1999,1,bernt-krebs,https://www.leopoldina.org/en/members/member-list/detail/bernt-krebs
0,"Class I: Mathematics, Natural Sciences and Engineering",1999,1,eduard-zehnder,https://www.leopoldina.org/en/members/member-list/detail/eduard-zehnder
0,"Class I: Mathematics, Natural Sciences and Engineering",1999,1,franz-jacobs,https://www.leopoldina.org/en/members/member-list/detail/franz-jacobs
0,"Class I: Mathematics, Natural Sciences and Engineering",1999,1,klaus-muellen,https://www.leopoldina.org/en/members/member-list/detail/klaus-muellen
0,"Class I: Mathematics, Natural Sciences and Engineering",1999,1,sir-j-fraser-stoddart,https://www.leopoldina.org/en/members/member-list/detail/sir-j-fraser-stoddart
0,"Class I: Mathematics, Natural Sciences and Engineering",1999,1,ulrich-christensen,https://www.leopoldina.org/en/members/member-list/detail/ulrich-christensen
0,"Class I: Mathematics, Natural Sciences and Engineering",2000,1,ekkehart-tillmanns,https://www.leopoldina.org/en/members/member-list/detail/ekkehart-tillmanns
0,"Class I: Mathematics, Natural Sciences and Engineering",2000,1,fritz-f-steininger,https://www.leopoldina.org/en/members/member-list/detail/fritz-f-steininger
0,"Class I: Mathematics, Natural Sciences and Engineering",2000,1,gisbert-wuestholz,https://www.leopoldina.org/en/members/member-list/detail/gisbert-wuestholz
0,"Class I: Mathematics, Natural Sciences and Engineering",2000,1,herbert-fischer,https://www.leopoldina.org/en/members/member-list/detail/herbert-fischer
0,"Class I: Mathematics, Natural Sciences and Engineering",2000,1,istvan-klinghammer,https://www.leopoldina.org/en/members/member-list/detail/istvan-klinghammer
0,"Class I: Mathematics, Natural Sciences and Engineering",2000,1,martin-jansen,https://www.leopoldina.org/en/members/member-list/detail/martin-jansen
0,"Class I: Mathematics, Natural Sciences and Engineering",2000,1,roald-hoffmann,https://www.leopoldina.org/en/members/member-list/detail/roald-hoffmann
0,"Class I: Mathematics, Natural Sciences and Engineering",2000,1,yuri-i-manin,https://www.leopoldina.org/en/members/member-list/detail/yuri-i-manin
0,"Class I: Mathematics, Natural Sciences and Engineering",2001,1,karl-heinz-glassmeier,https://www.leopoldina.org/en/members/member-list/detail/karl-heinz-glassmeier
0,"Class I: Mathematics, Natural Sciences and Engineering",2002,1,alois-fuerstner,https://www.leopoldina.org/en/members/member-list/detail/alois-fuerstner
0,"Class I: Mathematics, Natural Sciences and Engineering",2002,1,claus-weyrich,https://www.leopoldina.org/en/members/member-list/detail/claus-weyrich
0,"Class I: Mathematics, Natural Sciences and Engineering",2002,1,dietrich-stoyan,https://www.leopoldina.org/en/members/member-list/detail/dietrich-stoyan
0,"Class I: Mathematics, Natural Sciences and Engineering",2002,1,guenter-pritschow,https://www.leopoldina.org/en/members/member-list/detail/guenter-pritschow
0,"Class I: Mathematics, Natural Sciences and Engineering",2002,1,hans-r-thierstein,https://www.leopoldina.org/en/members/member-list/detail/hans-r-thierstein
0,"Class I: Mathematics, Natural Sciences and Engineering",2002,1,hans-rudolf-bork,https://www.leopoldina.org/en/members/member-list/detail/hans-rudolf-bork
0,"Class I: Mathematics, Natural Sciences and Engineering",2002,1,herbert-palme,https://www.leopoldina.org/en/members/member-list/detail/herbert-palme
0,"Class I: Mathematics, Natural Sciences and Engineering",2002,1,horst-kessler,https://www.leopoldina.org/en/members/member-list/detail/horst-kessler
0,"Class I: Mathematics, Natural Sciences and Engineering",2002,1,johann-dietrich-woerner,https://www.leopoldina.org/en/members/member-list/detail/johann-dietrich-woerner
0,"Class I: Mathematics, Natural Sciences and Engineering",2002,1,juergen-jost,https://www.leopoldina.org/en/members/member-list/detail/juergen-jost
0,"Class I: Mathematics, Natural Sciences and Engineering",2002,1,laszlo-lovasz,https://www.leopoldina.org/en/members/member-list/detail/laszlo-lovasz
0,"Class I: Mathematics, Natural Sciences and Engineering",2002,1,mariano-giaquinta,https://www.leopoldina.org/en/members/member-list/detail/mariano-giaquinta
0,"Class I: Mathematics, Natural Sciences and Engineering",2002,1,michel-che,https://www.leopoldina.org/en/members/member-list/detail/michel-che
0,"Class I: Mathematics, Natural Sciences and Engineering",2002,1,michel-pouchard,https://www.leopoldina.org/en/members/member-list/detail/michel-pouchard
0,"Class I: Mathematics, Natural Sciences and Engineering",2002,1,nanny-wermuth,https://www.leopoldina.org/en/members/member-list/detail/nanny-wermuth
0,"Class I: Mathematics, Natural Sciences and Engineering",2002,1,nicolas-moussiopoulos,https://www.leopoldina.org/en/members/member-list/detail/nicolas-moussiopoulos
0,"Class I: Mathematics, Natural Sciences and Engineering",2002,1,onno-oncken,https://www.leopoldina.org/en/members/member-list/detail/onno-oncken
0,"Class I: Mathematics, Natural Sciences and Engineering",2002,1,sir-richard-j-brook,https://www.leopoldina.org/en/members/member-list/detail/sir-richard-j-brook
0,"Class I: Mathematics, Natural Sciences and Engineering",2002,1,stefan-mueller,https://www.leopoldina.org/en/members/member-list/detail/stefan-mueller
0,"Class I: Mathematics, Natural Sciences and Engineering",2002,1,wolfgang-andres,https://www.leopoldina.org/en/members/member-list/detail/wolfgang-andres
0,"Class I: Mathematics, Natural Sciences and Engineering",2003,1,christopher-deninger,https://www.leopoldina.org/en/members/member-list/detail/christopher-deninger
0,"Class I: Mathematics, Natural Sciences and Engineering",2003,1,friedemann-mattern,https://www.leopoldina.org/en/members/member-list/detail/friedemann-mattern
0,"Class I: Mathematics, Natural Sciences and Engineering",2003,1,jef-vandenberghe,https://www.leopoldina.org/en/members/member-list/detail/jef-vandenberghe
0,"Class I: Mathematics, Natural Sciences and Engineering",2003,1,karl-sigmund,https://www.leopoldina.org/en/members/member-list/detail/karl-sigmund
0,"Class I: Mathematics, Natural Sciences and Engineering",2003,1,lorenz-hurni,https://www.leopoldina.org/en/members/member-list/detail/lorenz-hurni
0,"Class I: Mathematics, Natural Sciences and Engineering",2003,1,manfred-broy,https://www.leopoldina.org/en/members/member-list/detail/manfred-broy
0,"Class I: Mathematics, Natural Sciences and Engineering",2003,1,martin-claussen,https://www.leopoldina.org/en/members/member-list/detail/martin-claussen
0,"Class I: Mathematics, Natural Sciences and Engineering",2003,1,michael-rapoport,https://www.leopoldina.org/en/members/member-list/detail/michael-rapoport
0,"Class I: Mathematics, Natural Sciences and Engineering",2003,1,thomas-lengauer,https://www.leopoldina.org/en/members/member-list/detail/thomas-lengauer
0,"Class I: Mathematics, Natural Sciences and Engineering",2003,1,thomas-zink,https://www.leopoldina.org/en/members/member-list/detail/thomas-zink
0,"Class I: Mathematics, Natural Sciences and Engineering",2003,1,werner-f-kuhs,https://www.leopoldina.org/en/members/member-list/detail/werner-f-kuhs
0,"Class I: Mathematics, Natural Sciences and Engineering",2003,1,werner-mueller,https://www.leopoldina.org/en/members/member-list/detail/werner-mueller
0,"Class I: Mathematics, Natural Sciences and Engineering",2003,1,wolf-dieter-bluemel,https://www.leopoldina.org/en/members/member-list/detail/wolf-dieter-bluemel
0,"Class I: Mathematics, Natural Sciences and Engineering",2004,1,dante-gatteschi,https://www.leopoldina.org/en/members/member-list/detail/dante-gatteschi
0,"Class I: Mathematics, Natural Sciences and Engineering",2004,1,ernst-messerschmid,https://www.leopoldina.org/en/members/member-list/detail/ernst-messerschmid
0,"Class I: Mathematics, Natural Sciences and Engineering",2004,1,gerhard-huisken,https://www.leopoldina.org/en/members/member-list/detail/gerhard-huisken
0,"Class I: Mathematics, Natural Sciences and Engineering",2004,1,herbert-waldmann,https://www.leopoldina.org/en/members/member-list/detail/herbert-waldmann
0,"Class I: Mathematics, Natural Sciences and Engineering",2004,1,ingo-wegener,https://www.leopoldina.org/en/members/member-list/detail/ingo-wegener
0,"Class I: Mathematics, Natural Sciences and Engineering",2004,1,jean-michel-bismut,https://www.leopoldina.org/en/members/member-list/detail/jean-michel-bismut
0,"Class I: Mathematics, Natural Sciences and Engineering",2004,1,konrad-bergmeister,https://www.leopoldina.org/en/members/member-list/detail/konrad-bergmeister
0,"Class I: Mathematics, Natural Sciences and Engineering",2004,1,kurt-mehlhorn,https://www.leopoldina.org/en/members/member-list/detail/kurt-mehlhorn
0,"Class I: Mathematics, Natural Sciences and Engineering",2004,1,lothar-thiele,https://www.leopoldina.org/en/members/member-list/detail/lothar-thiele
0,"Class I: Mathematics, Natural Sciences and Engineering",2004,1,malcolm-h-chisholm,https://www.leopoldina.org/en/members/member-list/detail/malcolm-h-chisholm
0,"Class I: Mathematics, Natural Sciences and Engineering",2004,1,martin-vingron,https://www.leopoldina.org/en/members/member-list/detail/martin-vingron
0,"Class I: Mathematics, Natural Sciences and Engineering",2004,1,michael-veith,https://www.leopoldina.org/en/members/member-list/detail/michael-veith
0,"Class I: Mathematics, Natural Sciences and Engineering",2004,1,peter-b-dervan,https://www.leopoldina.org/en/members/member-list/detail/peter-b-dervan
0,"Class I: Mathematics, Natural Sciences and Engineering",2004,1,reinhard-rummel,https://www.leopoldina.org/en/members/member-list/detail/reinhard-rummel
0,"Class I: Mathematics, Natural Sciences and Engineering",2004,1,robert-danzer,https://www.leopoldina.org/en/members/member-list/detail/robert-danzer
0,"Class I: Mathematics, Natural Sciences and Engineering",2004,1,stefan-levedag,https://www.leopoldina.org/en/members/member-list/detail/stefan-levedag
0,"Class I: Mathematics, Natural Sciences and Engineering",2004,1,stephen-j-lippard,https://www.leopoldina.org/en/members/member-list/detail/stephen-j-lippard
0,"Class I: Mathematics, Natural Sciences and Engineering",2004,1,ulrich-radtke,https://www.leopoldina.org/en/members/member-list/detail/ulrich-radtke
0,"Class I: Mathematics, Natural Sciences and Engineering",2004,1,volker-mosbrugger,https://www.leopoldina.org/en/members/member-list/detail/volker-mosbrugger
0,"Class I: Mathematics, Natural Sciences and Engineering",2004,1,wilfried-endlicher,https://www.leopoldina.org/en/members/member-list/detail/wilfried-endlicher
0,"Class I: Mathematics, Natural Sciences and Engineering",2004,1,wolf-christian-dullo,https://www.leopoldina.org/en/members/member-list/detail/wolf-christian-dullo
0,"Class I: Mathematics, Natural Sciences and Engineering",2004,1,wolfgang-wahlster,https://www.leopoldina.org/en/members/member-list/detail/wolfgang-wahlster
0,"Class I: Mathematics, Natural Sciences and Engineering",2005,1,bengt-norden,https://www.leopoldina.org/en/members/member-list/detail/bengt-norden
0,"Class I: Mathematics, Natural Sciences and Engineering",2005,1,christian-chopin,https://www.leopoldina.org/en/members/member-list/detail/christian-chopin
0,"Class I: Mathematics, Natural Sciences and Engineering",2005,1,ellen-ivers-tiffee,https://www.leopoldina.org/en/members/member-list/detail/ellen-ivers-tiffee
0,"Class I: Mathematics, Natural Sciences and Engineering",2005,1,emo-welzl,https://www.leopoldina.org/en/members/member-list/detail/emo-welzl
0,"Class I: Mathematics, Natural Sciences and Engineering",2005,1,frank-scherbaum,https://www.leopoldina.org/en/members/member-list/detail/frank-scherbaum
0,"Class I: Mathematics, Natural Sciences and Engineering",2005,1,joachim-milberg,https://www.leopoldina.org/en/members/member-list/detail/joachim-milberg
0,"Class I: Mathematics, Natural Sciences and Engineering",2005,1,joerg-eberspaecher,https://www.leopoldina.org/en/members/member-list/detail/joerg-eberspaecher
0,"Class I: Mathematics, Natural Sciences and Engineering",2005,1,martin-groetschel,https://www.leopoldina.org/en/members/member-list/detail/martin-groetschel
0,"Class I: Mathematics, Natural Sciences and Engineering",2005,1,pierre-braunstein,https://www.leopoldina.org/en/members/member-list/detail/pierre-braunstein
0,"Class I: Mathematics, Natural Sciences and Engineering",2005,1,thomas-a-henzinger,https://www.leopoldina.org/en/members/member-list/detail/thomas-a-henzinger
0,"Class I: Mathematics, Natural Sciences and Engineering",2005,1,tobin-j-marks,https://www.leopoldina.org/en/members/member-list/detail/tobin-j-marks
0,"Class I: Mathematics, Natural Sciences and Engineering",2005,1,yongxiang-lu,https://www.leopoldina.org/en/members/member-list/detail/yongxiang-lu
0,"Class I: Mathematics, Natural Sciences and Engineering",2006,1,alexander-schrijver,https://www.leopoldina.org/en/members/member-list/detail/alexander-schrijver
0,"Class I: Mathematics, Natural Sciences and Engineering",2006,1,bernhard-kraeutler,https://www.leopoldina.org/en/members/member-list/detail/bernhard-kraeutler
0,"Class I: Mathematics, Natural Sciences and Engineering",2006,1,david-milstein,https://www.leopoldina.org/en/members/member-list/detail/david-milstein
0,"Class I: Mathematics, Natural Sciences and Engineering",2006,1,didier-astruc,https://www.leopoldina.org/en/members/member-list/detail/didier-astruc
0,"Class I: Mathematics, Natural Sciences and Engineering",2006,1,eugene-w-myers,https://www.leopoldina.org/en/members/member-list/detail/eugene-w-myers
0,"Class I: Mathematics, Natural Sciences and Engineering",2006,1,georg-gottlob,https://www.leopoldina.org/en/members/member-list/detail/georg-gottlob
0,"Class I: Mathematics, Natural Sciences and Engineering",2006,1,herbert-mayr,https://www.leopoldina.org/en/members/member-list/detail/herbert-mayr
0,"Class I: Mathematics, Natural Sciences and Engineering",2006,1,hermann-josef-wagner,https://www.leopoldina.org/en/members/member-list/detail/hermann-josef-wagner
0,"Class I: Mathematics, Natural Sciences and Engineering",2006,1,karl-wieghardt,https://www.leopoldina.org/en/members/member-list/detail/karl-wieghardt
0,"Class I: Mathematics, Natural Sciences and Engineering",2006,1,luis-a-oro,https://www.leopoldina.org/en/members/member-list/detail/luis-a-oro
0,"Class I: Mathematics, Natural Sciences and Engineering",2006,1,matthias-kleiner,https://www.leopoldina.org/en/members/member-list/detail/matthias-kleiner
0,"Class I: Mathematics, Natural Sciences and Engineering",2006,1,siegfried-blechert,https://www.leopoldina.org/en/members/member-list/detail/siegfried-blechert
0,"Class I: Mathematics, Natural Sciences and Engineering",2006,1,thorsten-bach,https://www.leopoldina.org/en/members/member-list/detail/thorsten-bach
0,"Class I: Mathematics, Natural Sciences and Engineering",2006,1,ulrich-schubert,https://www.leopoldina.org/en/members/member-list/detail/ulrich-schubert
0,"Class I: Mathematics, Natural Sciences and Engineering",2006,1,walter-michaeli,https://www.leopoldina.org/en/members/member-list/detail/walter-michaeli
0,"Class I: Mathematics, Natural Sciences and Engineering",2006,1,wolfgang-hackbusch,https://www.leopoldina.org/en/members/member-list/detail/wolfgang-hackbusch
0,"Class I: Mathematics, Natural Sciences and Engineering",2007,1,angelika-steger,https://www.leopoldina.org/en/members/member-list/detail/angelika-steger
0,"Class I: Mathematics, Natural Sciences and Engineering",2007,1,bernd-girod,https://www.leopoldina.org/en/members/member-list/detail/bernd-girod
0,"Class I: Mathematics, Natural Sciences and Engineering",2007,1,dieter-enders,https://www.leopoldina.org/en/members/member-list/detail/dieter-enders
0,"Class I: Mathematics, Natural Sciences and Engineering",2007,1,dieter-fenske,https://www.leopoldina.org/en/members/member-list/detail/dieter-fenske
0,"Class I: Mathematics, Natural Sciences and Engineering",2007,1,erwin-bolthausen,https://www.leopoldina.org/en/members/member-list/detail/erwin-bolthausen
0,"Class I: Mathematics, Natural Sciences and Engineering",2007,1,friedhelm-meyer-auf-der-heide,https://www.leopoldina.org/en/members/member-list/detail/friedhelm-meyer-auf-der-heide
0,"Class I: Mathematics, Natural Sciences and Engineering",2007,1,gregor-markl,https://www.leopoldina.org/en/members/member-list/detail/gregor-markl
0,"Class I: Mathematics, Natural Sciences and Engineering",2007,1,hans-georg-bohle,https://www.leopoldina.org/en/members/member-list/detail/hans-georg-bohle
0,"Class I: Mathematics, Natural Sciences and Engineering",2007,1,joachim-sauer,https://www.leopoldina.org/en/members/member-list/detail/joachim-sauer
0,"Class I: Mathematics, Natural Sciences and Engineering",2007,1,jochem-marotzke,https://www.leopoldina.org/en/members/member-list/detail/jochem-marotzke
0,"Class I: Mathematics, Natural Sciences and Engineering",2007,1,joern-thiede,https://www.leopoldina.org/en/members/member-list/detail/joern-thiede
0,"Class I: Mathematics, Natural Sciences and Engineering",2007,1,martina-havenith-newen,https://www.leopoldina.org/en/members/member-list/detail/martina-havenith-newen
0,"Class I: Mathematics, Natural Sciences and Engineering",2007,1,michael-famulok,https://www.leopoldina.org/en/members/member-list/detail/michael-famulok
0,"Class I: Mathematics, Natural Sciences and Engineering",2007,1,sebastian-thrun,https://www.leopoldina.org/en/members/member-list/detail/sebastian-thrun
0,"Class I: Mathematics, Natural Sciences and Engineering",2007,1,stephan-luckhaus,https://www.leopoldina.org/en/members/member-list/detail/stephan-luckhaus
0,"Class I: Mathematics, Natural Sciences and Engineering",2007,1,ueli-maurer,https://www.leopoldina.org/en/members/member-list/detail/ueli-maurer
0,"Class I: Mathematics, Natural Sciences and Engineering",2007,1,walter-schachermayer,https://www.leopoldina.org/en/members/member-list/detail/walter-schachermayer
0,"Class I: Mathematics, Natural Sciences and Engineering",2007,1,walter-thiel,https://www.leopoldina.org/en/members/member-list/detail/walter-thiel
0,"Class I: Mathematics, Natural Sciences and Engineering",2007,1,werner-ballmann,https://www.leopoldina.org/en/members/member-list/detail/werner-ballmann
0,"Class I: Mathematics, Natural Sciences and Engineering",2008,1,angelika-heinzel,https://www.leopoldina.org/en/members/member-list/detail/angelika-heinzel
0,"Class I: Mathematics, Natural Sciences and Engineering",2008,1,annette-huber-klawitter,https://www.leopoldina.org/en/members/member-list/detail/annette-huber-klawitter
0,"Class I: Mathematics, Natural Sciences and Engineering",2008,1,carolyn-r-bertozzi,https://www.leopoldina.org/en/members/member-list/detail/carolyn-r-bertozzi
0,"Class I: Mathematics, Natural Sciences and Engineering",2008,1,christian-griesinger,https://www.leopoldina.org/en/members/member-list/detail/christian-griesinger
0,"Class I: Mathematics, Natural Sciences and Engineering",2008,1,felix-otto,https://www.leopoldina.org/en/members/member-list/detail/felix-otto
0,"Class I: Mathematics, Natural Sciences and Engineering",2008,1,ferdi-schueth,https://www.leopoldina.org/en/members/member-list/detail/ferdi-schueth
0,"Class I: Mathematics, Natural Sciences and Engineering",2008,1,gerd-hirzinger,https://www.leopoldina.org/en/members/member-list/detail/gerd-hirzinger
0,"Class I: Mathematics, Natural Sciences and Engineering",2008,1,gerhard-gerold,https://www.leopoldina.org/en/members/member-list/detail/gerhard-gerold
0,"Class I: Mathematics, Natural Sciences and Engineering",2008,1,hans-keppler,https://www.leopoldina.org/en/members/member-list/detail/hans-keppler
0,"Class I: Mathematics, Natural Sciences and Engineering",2008,1,helene-esnault,https://www.leopoldina.org/en/members/member-list/detail/helene-esnault
0,"Class I: Mathematics, Natural Sciences and Engineering",2008,1,helmut-brueckner,https://www.leopoldina.org/en/members/member-list/detail/helmut-brueckner
0,"Class I: Mathematics, Natural Sciences and Engineering",2008,1,herbert-edelsbrunner,https://www.leopoldina.org/en/members/member-list/detail/herbert-edelsbrunner
0,"Class I: Mathematics, Natural Sciences and Engineering",2008,1,holger-boche,https://www.leopoldina.org/en/members/member-list/detail/holger-boche
0,"Class I: Mathematics, Natural Sciences and Engineering",2008,1,katharina-kohse-hoeinghaus,https://www.leopoldina.org/en/members/member-list/detail/katharina-kohse-hoeinghaus
0,"Class I: Mathematics, Natural Sciences and Engineering",2008,1,martin-gruebele,https://www.leopoldina.org/en/members/member-list/detail/martin-gruebele
0,"Class I: Mathematics, Natural Sciences and Engineering",2008,1,peter-druschel,https://www.leopoldina.org/en/members/member-list/detail/peter-druschel
0,"Class I: Mathematics, Natural Sciences and Engineering",2008,1,peter-gumbsch,https://www.leopoldina.org/en/members/member-list/detail/peter-gumbsch
0,"Class I: Mathematics, Natural Sciences and Engineering",2008,1,thomas-carell,https://www.leopoldina.org/en/members/member-list/detail/thomas-carell
0,"Class I: Mathematics, Natural Sciences and Engineering",2008,1,tilmann-maerk,https://www.leopoldina.org/en/members/member-list/detail/tilmann-maerk
0,"Class I: Mathematics, Natural Sciences and Engineering",2009,1,anja-feldmann,https://www.leopoldina.org/en/members/member-list/detail/anja-feldmann
0,"Class I: Mathematics, Natural Sciences and Engineering",2009,1,antje-boetius,https://www.leopoldina.org/en/members/member-list/detail/antje-boetius
0,"Class I: Mathematics, Natural Sciences and Engineering",2009,1,bernhard-nebel,https://www.leopoldina.org/en/members/member-list/detail/bernhard-nebel
0,"Class I: Mathematics, Natural Sciences and Engineering",2009,1,claire-voisin,https://www.leopoldina.org/en/members/member-list/detail/claire-voisin
0,"Class I: Mathematics, Natural Sciences and Engineering",2009,1,eckart-viehweg,https://www.leopoldina.org/en/members/member-list/detail/eckart-viehweg
0,"Class I: Mathematics, Natural Sciences and Engineering",2009,1,frauke-kraas,https://www.leopoldina.org/en/members/member-list/detail/frauke-kraas
0,"Class I: Mathematics, Natural Sciences and Engineering",2009,1,frederic-merkt,https://www.leopoldina.org/en/members/member-list/detail/frederic-merkt
0,"Class I: Mathematics, Natural Sciences and Engineering",2009,1,friedhelm-von-blanckenburg,https://www.leopoldina.org/en/members/member-list/detail/friedhelm-von-blanckenburg
0,"Class I: Mathematics, Natural Sciences and Engineering",2009,1,friedrich-goetze,https://www.leopoldina.org/en/members/member-list/detail/friedrich-goetze
0,"Class I: Mathematics, Natural Sciences and Engineering",2009,1,guenter-m-ziegler,https://www.leopoldina.org/en/members/member-list/detail/guenter-m-ziegler
0,"Class I: Mathematics, Natural Sciences and Engineering",2009,1,hans-joachim-freund,https://www.leopoldina.org/en/members/member-list/detail/hans-joachim-freund
0,"Class I: Mathematics, Natural Sciences and Engineering",2009,1,horst-hahn,https://www.leopoldina.org/en/members/member-list/detail/horst-hahn
0,"Class I: Mathematics, Natural Sciences and Engineering",2009,1,itamar-willner,https://www.leopoldina.org/en/members/member-list/detail/itamar-willner
0,"Class I: Mathematics, Natural Sciences and Engineering",2009,1,joern-manz,https://www.leopoldina.org/en/members/member-list/detail/joern-manz
0,"Class I: Mathematics, Natural Sciences and Engineering",2009,1,kyriacos-costa-nicolaou,https://www.leopoldina.org/en/members/member-list/detail/kyriacos-costa-nicolaou
0,"Class I: Mathematics, Natural Sciences and Engineering",2009,1,matthias-beller,https://www.leopoldina.org/en/members/member-list/detail/matthias-beller
0,"Class I: Mathematics, Natural Sciences and Engineering",2009,1,paul-knochel,https://www.leopoldina.org/en/members/member-list/detail/paul-knochel
0,"Class I: Mathematics, Natural Sciences and Engineering",2009,1,peter-p-edwards,https://www.leopoldina.org/en/members/member-list/detail/peter-p-edwards
0,"Class I: Mathematics, Natural Sciences and Engineering",2009,1,wolfgang-dahmen,https://www.leopoldina.org/en/members/member-list/detail/wolfgang-dahmen
0,"Class I: Mathematics, Natural Sciences and Engineering",2009,1,wolfgang-schnick,https://www.leopoldina.org/en/members/member-list/detail/wolfgang-schnick
0,"Class I: Mathematics, Natural Sciences and Engineering",2010,1,bernhard-eitel,https://www.leopoldina.org/en/members/member-list/detail/bernhard-eitel
0,"Class I: Mathematics, Natural Sciences and Engineering",2010,1,elisabeth-andre,https://www.leopoldina.org/en/members/member-list/detail/elisabeth-andre
0,"Class I: Mathematics, Natural Sciences and Engineering",2010,1,heinz-wanner,https://www.leopoldina.org/en/members/member-list/detail/heinz-wanner
0,"Class I: Mathematics, Natural Sciences and Engineering",2010,1,helmut-hofer,https://www.leopoldina.org/en/members/member-list/detail/helmut-hofer
0,"Class I: Mathematics, Natural Sciences and Engineering",2010,1,jacob-palis,https://www.leopoldina.org/en/members/member-list/detail/jacob-palis
0,"Class I: Mathematics, Natural Sciences and Engineering",2010,1,klaus-mezger,https://www.leopoldina.org/en/members/member-list/detail/klaus-mezger
0,"Class I: Mathematics, Natural Sciences and Engineering",2010,1,susanne-albers,https://www.leopoldina.org/en/members/member-list/detail/susanne-albers
0,"Class I: Mathematics, Natural Sciences and Engineering",2010,1,wolfgang-baumjohann,https://www.leopoldina.org/en/members/member-list/detail/wolfgang-baumjohann
0,"Class I: Mathematics, Natural Sciences and Engineering",2010,1,wolfgang-lueck,https://www.leopoldina.org/en/members/member-list/detail/wolfgang-lueck
0,"Class I: Mathematics, Natural Sciences and Engineering",2011,1,andreas-pfaltz,https://www.leopoldina.org/en/members/member-list/detail/andreas-pfaltz
0,"Class I: Mathematics, Natural Sciences and Engineering",2011,1,anthony-k-cheetham,https://www.leopoldina.org/en/members/member-list/detail/anthony-k-cheetham
0,"Class I: Mathematics, Natural Sciences and Engineering",2011,1,christoph-clauser,https://www.leopoldina.org/en/members/member-list/detail/christoph-clauser
0,"Class I: Mathematics, Natural Sciences and Engineering",2011,1,cynthia-volkert,https://www.leopoldina.org/en/members/member-list/detail/cynthia-volkert
0,"Class I: Mathematics, Natural Sciences and Engineering",2011,1,gerhard-erker,https://www.leopoldina.org/en/members/member-list/detail/gerhard-erker
0,"Class I: Mathematics, Natural Sciences and Engineering",2011,1,holger-braunschweig,https://www.leopoldina.org/en/members/member-list/detail/holger-braunschweig
0,"Class I: Mathematics, Natural Sciences and Engineering",2011,1,joerg-bendix,https://www.leopoldina.org/en/members/member-list/detail/joerg-bendix
0,"Class I: Mathematics, Natural Sciences and Engineering",2011,1,johannes-buchmann,https://www.leopoldina.org/en/members/member-list/detail/johannes-buchmann
0,"Class I: Mathematics, Natural Sciences and Engineering",2011,1,liqiu-meng,https://www.leopoldina.org/en/members/member-list/detail/liqiu-meng
0,"Class I: Mathematics, Natural Sciences and Engineering",2011,1,manfred-m-kappes,https://www.leopoldina.org/en/members/member-list/detail/manfred-m-kappes
0,"Class I: Mathematics, Natural Sciences and Engineering",2011,1,markus-gross,https://www.leopoldina.org/en/members/member-list/detail/markus-gross
0,"Class I: Mathematics, Natural Sciences and Engineering",2011,1,robert-schloegl,https://www.leopoldina.org/en/members/member-list/detail/robert-schloegl
0,"Class I: Mathematics, Natural Sciences and Engineering",2011,1,roland-zengerle,https://www.leopoldina.org/en/members/member-list/detail/roland-zengerle
0,"Class I: Mathematics, Natural Sciences and Engineering",2011,1,tamar-seideman,https://www.leopoldina.org/en/members/member-list/detail/tamar-seideman
0,"Class I: Mathematics, Natural Sciences and Engineering",2011,1,wendelin-werner,https://www.leopoldina.org/en/members/member-list/detail/wendelin-werner
0,"Class I: Mathematics, Natural Sciences and Engineering",2011,1,william-h-miller,https://www.leopoldina.org/en/members/member-list/detail/william-h-miller
0,"Class I: Mathematics, Natural Sciences and Engineering",2012,1,ali-mehmet-celal-sengoer,https://www.leopoldina.org/en/members/member-list/detail/ali-mehmet-celal-sengoer
0,"Class I: Mathematics, Natural Sciences and Engineering",2012,1,annette-beck-sickinger,https://www.leopoldina.org/en/members/member-list/detail/annette-beck-sickinger
0,"Class I: Mathematics, Natural Sciences and Engineering",2012,1,brigitta-schuett,https://www.leopoldina.org/en/members/member-list/detail/brigitta-schuett
0,"Class I: Mathematics, Natural Sciences and Engineering",2012,1,gerald-h-haug,https://www.leopoldina.org/en/members/member-list/detail/gerald-h-haug
0,"Class I: Mathematics, Natural Sciences and Engineering",2012,1,klaus-robert-mueller,https://www.leopoldina.org/en/members/member-list/detail/klaus-robert-mueller
0,"Class I: Mathematics, Natural Sciences and Engineering",2012,1,marc-burger,https://www.leopoldina.org/en/members/member-list/detail/marc-burger
0,"Class I: Mathematics, Natural Sciences and Engineering",2012,1,martin-suhm,https://www.leopoldina.org/en/members/member-list/detail/martin-suhm
0,"Class I: Mathematics, Natural Sciences and Engineering",2012,1,matthias-driess,https://www.leopoldina.org/en/members/member-list/detail/matthias-driess
0,"Class I: Mathematics, Natural Sciences and Engineering",2012,1,sara-anna-van-de-geer,https://www.leopoldina.org/en/members/member-list/detail/sara-anna-van-de-geer
0,"Class I: Mathematics, Natural Sciences and Engineering",2012,1,ursula-hamenstaedt,https://www.leopoldina.org/en/members/member-list/detail/ursula-hamenstaedt
0,"Class I: Mathematics, Natural Sciences and Engineering",2012,1,william-b-durham,https://www.leopoldina.org/en/members/member-list/detail/william-b-durham
0,"Class I: Mathematics, Natural Sciences and Engineering",2013,1,christof-woell,https://www.leopoldina.org/en/members/member-list/detail/christof-woell
0,"Class I: Mathematics, Natural Sciences and Engineering",2013,1,dierk-raabe,https://www.leopoldina.org/en/members/member-list/detail/dierk-raabe
0,"Class I: Mathematics, Natural Sciences and Engineering",2013,1,frank-neese,https://www.leopoldina.org/en/members/member-list/detail/frank-neese
0,"Class I: Mathematics, Natural Sciences and Engineering",2013,1,katharina-al-shamery,https://www.leopoldina.org/en/members/member-list/detail/katharina-al-shamery
0,"Class I: Mathematics, Natural Sciences and Engineering",2013,1,klara-nahrstedt,https://www.leopoldina.org/en/members/member-list/detail/klara-nahrstedt
0,"Class I: Mathematics, Natural Sciences and Engineering",2013,1,manfred-curbach,https://www.leopoldina.org/en/members/member-list/detail/manfred-curbach
0,"Class I: Mathematics, Natural Sciences and Engineering",2013,1,marc-n-levine,https://www.leopoldina.org/en/members/member-list/detail/marc-n-levine
0,"Class I: Mathematics, Natural Sciences and Engineering",2013,1,martin-bossert,https://www.leopoldina.org/en/members/member-list/detail/martin-bossert
0,"Class I: Mathematics, Natural Sciences and Engineering",2013,1,michael-struwe,https://www.leopoldina.org/en/members/member-list/detail/michael-struwe
0,"Class I: Mathematics, Natural Sciences and Engineering",2013,1,paul-biran,https://www.leopoldina.org/en/members/member-list/detail/paul-biran
0,"Class I: Mathematics, Natural Sciences and Engineering",2013,1,peter-baeuerle,https://www.leopoldina.org/en/members/member-list/detail/peter-baeuerle
0,"Class I: Mathematics, Natural Sciences and Engineering",2013,1,peter-r-schreiner,https://www.leopoldina.org/en/members/member-list/detail/peter-r-schreiner
0,"Class I: Mathematics, Natural Sciences and Engineering",2013,1,reinhard-wilhelm,https://www.leopoldina.org/en/members/member-list/detail/reinhard-wilhelm
0,"Class I: Mathematics, Natural Sciences and Engineering",2013,1,wolfgang-marquardt,https://www.leopoldina.org/en/members/member-list/detail/wolfgang-marquardt
0,"Class I: Mathematics, Natural Sciences and Engineering",2014,1,detlef-guenther,https://www.leopoldina.org/en/members/member-list/detail/detlef-guenther
0,"Class I: Mathematics, Natural Sciences and Engineering",2014,1,joachim-cuntz,https://www.leopoldina.org/en/members/member-list/detail/joachim-cuntz
0,"Class I: Mathematics, Natural Sciences and Engineering",2014,1,luisa-de-cola,https://www.leopoldina.org/en/members/member-list/detail/luisa-de-cola
0,"Class I: Mathematics, Natural Sciences and Engineering",2014,1,manfred-strecker,https://www.leopoldina.org/en/members/member-list/detail/manfred-strecker
0,"Class I: Mathematics, Natural Sciences and Engineering",2014,1,michael-graetzel,https://www.leopoldina.org/en/members/member-list/detail/michael-graetzel
0,"Class I: Mathematics, Natural Sciences and Engineering",2014,1,monika-henzinger,https://www.leopoldina.org/en/members/member-list/detail/monika-henzinger
0,"Class I: Mathematics, Natural Sciences and Engineering",2014,1,reimund-neugebauer,https://www.leopoldina.org/en/members/member-list/detail/reimund-neugebauer
0,"Class I: Mathematics, Natural Sciences and Engineering",2014,1,ulrich-platt,https://www.leopoldina.org/en/members/member-list/detail/ulrich-platt
0,"Class I: Mathematics, Natural Sciences and Engineering",2014,1,ulrike-lohmann,https://www.leopoldina.org/en/members/member-list/detail/ulrike-lohmann
0,"Class I: Mathematics, Natural Sciences and Engineering",2014,1,wolfram-burgard,https://www.leopoldina.org/en/members/member-list/detail/wolfram-burgard
0,"Class I: Mathematics, Natural Sciences and Engineering",2015,1,franc-meyer,https://www.leopoldina.org/en/members/member-list/detail/franc-meyer
0,"Class I: Mathematics, Natural Sciences and Engineering",2015,1,heike-riel,https://www.leopoldina.org/en/members/member-list/detail/heike-riel
0,"Class I: Mathematics, Natural Sciences and Engineering",2015,1,johannes-lelieveld,https://www.leopoldina.org/en/members/member-list/detail/johannes-lelieveld
0,"Class I: Mathematics, Natural Sciences and Engineering",2015,1,klement-tockner,https://www.leopoldina.org/en/members/member-list/detail/klement-tockner
0,"Class I: Mathematics, Natural Sciences and Engineering",2015,1,lorenz-s-cederbaum,https://www.leopoldina.org/en/members/member-list/detail/lorenz-s-cederbaum
0,"Class I: Mathematics, Natural Sciences and Engineering",2015,1,marion-merklein,https://www.leopoldina.org/en/members/member-list/detail/marion-merklein
0,"Class I: Mathematics, Natural Sciences and Engineering",2015,1,martin-hairer,https://www.leopoldina.org/en/members/member-list/detail/martin-hairer
0,"Class I: Mathematics, Natural Sciences and Engineering",2015,1,tresa-m-pollock,https://www.leopoldina.org/en/members/member-list/detail/tresa-m-pollock
0,"Class I: Mathematics, Natural Sciences and Engineering",2015,1,ulrike-diebold,https://www.leopoldina.org/en/members/member-list/detail/ulrike-diebold
0,"Class I: Mathematics, Natural Sciences and Engineering",2016,1,beat-h-meier,https://www.leopoldina.org/en/members/member-list/detail/beat-h-meier
0,"Class I: Mathematics, Natural Sciences and Engineering",2016,1,bernhard-schoelkopf,https://www.leopoldina.org/en/members/member-list/detail/bernhard-schoelkopf
0,"Class I: Mathematics, Natural Sciences and Engineering",2016,1,burkhard-wilking,https://www.leopoldina.org/en/members/member-list/detail/burkhard-wilking
0,"Class I: Mathematics, Natural Sciences and Engineering",2016,1,frank-wuerthner,https://www.leopoldina.org/en/members/member-list/detail/frank-wuerthner
0,"Class I: Mathematics, Natural Sciences and Engineering",2016,1,gerhard-fettweis,https://www.leopoldina.org/en/members/member-list/detail/gerhard-fettweis
0,"Class I: Mathematics, Natural Sciences and Engineering",2016,1,hans-peter-steinrueck,https://www.leopoldina.org/en/members/member-list/detail/hans-peter-steinrueck
0,"Class I: Mathematics, Natural Sciences and Engineering",2016,1,heiner-igel,https://www.leopoldina.org/en/members/member-list/detail/heiner-igel
0,"Class I: Mathematics, Natural Sciences and Engineering",2016,1,katja-windt,https://www.leopoldina.org/en/members/member-list/detail/katja-windt
0,"Class I: Mathematics, Natural Sciences and Engineering",2016,1,peter-schlosser,https://www.leopoldina.org/en/members/member-list/detail/peter-schlosser
0,"Class I: Mathematics, Natural Sciences and Engineering",2016,1,peter-schneider-1,https://www.leopoldina.org/en/members/member-list/detail/peter-schneider-1
0,"Class I: Mathematics, Natural Sciences and Engineering",2017,1,alexander-waibel,https://www.leopoldina.org/en/members/member-list/detail/alexander-waibel
0,"Class I: Mathematics, Natural Sciences and Engineering",2017,1,cordelia-schmid,https://www.leopoldina.org/en/members/member-list/detail/cordelia-schmid
0,"Class I: Mathematics, Natural Sciences and Engineering",2017,1,dirk-trauner,https://www.leopoldina.org/en/members/member-list/detail/dirk-trauner
0,"Class I: Mathematics, Natural Sciences and Engineering",2017,1,donald-bruce-dingwell,https://www.leopoldina.org/en/members/member-list/detail/donald-bruce-dingwell
0,"Class I: Mathematics, Natural Sciences and Engineering",2017,1,huajian-gao,https://www.leopoldina.org/en/members/member-list/detail/huajian-gao
0,"Class I: Mathematics, Natural Sciences and Engineering",2017,1,peter-scholze,https://www.leopoldina.org/en/members/member-list/detail/peter-scholze
0,"Class I: Mathematics, Natural Sciences and Engineering",2017,1,ulrike-tillmann,https://www.leopoldina.org/en/members/member-list/detail/ulrike-tillmann
0,"Class I: Mathematics, Natural Sciences and Engineering",2018,1,benjamin-list,https://www.leopoldina.org/en/members/member-list/detail/benjamin-list
0,"Class I: Mathematics, Natural Sciences and Engineering",2018,1,catharina-stroppel,https://www.leopoldina.org/en/members/member-list/detail/catharina-stroppel
0,"Class I: Mathematics, Natural Sciences and Engineering",2018,1,claudia-felser,https://www.leopoldina.org/en/members/member-list/detail/claudia-felser
0,"Class I: Mathematics, Natural Sciences and Engineering",2018,1,daniel-j-frost,https://www.leopoldina.org/en/members/member-list/detail/daniel-j-frost
0,"Class I: Mathematics, Natural Sciences and Engineering",2018,1,gabriele-hegerl,https://www.leopoldina.org/en/members/member-list/detail/gabriele-hegerl
0,"Class I: Mathematics, Natural Sciences and Engineering",2018,1,gerhard-weikum,https://www.leopoldina.org/en/members/member-list/detail/gerhard-weikum
0,"Class I: Mathematics, Natural Sciences and Engineering",2018,1,horst-fischer,https://www.leopoldina.org/en/members/member-list/detail/horst-fischer
0,"Class I: Mathematics, Natural Sciences and Engineering",2018,1,liane-g-benning,https://www.leopoldina.org/en/members/member-list/detail/liane-g-benning
0,"Class I: Mathematics, Natural Sciences and Engineering",2018,1,manfred-scheer,https://www.leopoldina.org/en/members/member-list/detail/manfred-scheer
0,"Class I: Mathematics, Natural Sciences and Engineering",2018,1,stefan-grimme,https://www.leopoldina.org/en/members/member-list/detail/stefan-grimme
0,"Class I: Mathematics, Natural Sciences and Engineering",2018,1,thomas-wiegand,https://www.leopoldina.org/en/members/member-list/detail/thomas-wiegand
0,"Class I: Mathematics, Natural Sciences and Engineering",2018,1,yuri-tschinkel,https://www.leopoldina.org/en/members/member-list/detail/yuri-tschinkel
0,"Class I: Mathematics, Natural Sciences and Engineering",2019,1,ben-l-feringa,https://www.leopoldina.org/en/members/member-list/detail/ben-l-feringa
0,"Class I: Mathematics, Natural Sciences and Engineering",2019,1,christof-paar,https://www.leopoldina.org/en/members/member-list/detail/christof-paar
0,"Class I: Mathematics, Natural Sciences and Engineering",2019,1,ingrid-daubechies,https://www.leopoldina.org/en/members/member-list/detail/ingrid-daubechies
0,"Class I: Mathematics, Natural Sciences and Engineering",2019,1,joachim-maier,https://www.leopoldina.org/en/members/member-list/detail/joachim-maier
0,"Class I: Mathematics, Natural Sciences and Engineering",2019,1,kai-uwe-hinrichs,https://www.leopoldina.org/en/members/member-list/detail/kai-uwe-hinrichs
0,"Class I: Mathematics, Natural Sciences and Engineering",2019,1,laszlo-szekelyhidi,https://www.leopoldina.org/en/members/member-list/detail/laszlo-szekelyhidi
0,"Class I: Mathematics, Natural Sciences and Engineering",2019,1,stefano-passerini,https://www.leopoldina.org/en/members/member-list/detail/stefano-passerini
0,"Class I: Mathematics, Natural Sciences and Engineering",2019,1,thomas-f-stocker,https://www.leopoldina.org/en/members/member-list/detail/thomas-f-stocker
0,"Class I: Mathematics, Natural Sciences and Engineering",2020,1,albrecht-schmidt,https://www.leopoldina.org/en/members/member-list/detail/albrecht-schmidt
0,"Class I: Mathematics, Natural Sciences and Engineering",2020,1,armido-studer,https://www.leopoldina.org/en/members/member-list/detail/armido-studer
0,"Class I: Mathematics, Natural Sciences and Engineering",2020,1,donna-g-blackmond,https://www.leopoldina.org/en/members/member-list/detail/donna-g-blackmond
0,"Class I: Mathematics, Natural Sciences and Engineering",2020,1,ingo-krossing,https://www.leopoldina.org/en/members/member-list/detail/ingo-krossing
0,"Class I: Mathematics, Natural Sciences and Engineering",2020,1,johan-rockstroem,https://www.leopoldina.org/en/members/member-list/detail/johan-rockstroem
0,"Class I: Mathematics, Natural Sciences and Engineering",2020,1,john-p-burrows,https://www.leopoldina.org/en/members/member-list/detail/john-p-burrows
0,"Class I: Mathematics, Natural Sciences and Engineering",2020,1,martin-stratmann,https://www.leopoldina.org/en/members/member-list/detail/martin-stratmann
0,"Class I: Mathematics, Natural Sciences and Engineering",2020,1,sir-richard-catlow,https://www.leopoldina.org/en/members/member-list/detail/sir-richard-catlow
0,"Class I: Mathematics, Natural Sciences and Engineering",2020,1,stefanie-dehnen,https://www.leopoldina.org/en/members/member-list/detail/stefanie-dehnen
0,"Class I: Mathematics, Natural Sciences and Engineering",2020,1,ulrike-von-luxburg,https://www.leopoldina.org/en/members/member-list/detail/ulrike-von-luxburg
0,"Class I: Mathematics, Natural Sciences and Engineering",2021,1,bernt-schiele,https://www.leopoldina.org/en/members/member-list/detail/bernt-schiele
0,"Class I: Mathematics, Natural Sciences and Engineering",2021,1,camillo-de-lellis,https://www.leopoldina.org/en/members/member-list/detail/camillo-de-lellis
0,"Class I: Mathematics, Natural Sciences and Engineering",2021,1,eva-viehmann,https://www.leopoldina.org/en/members/member-list/detail/eva-viehmann
0,"Class I: Mathematics, Natural Sciences and Engineering",2021,1,frank-glorius,https://www.leopoldina.org/en/members/member-list/detail/frank-glorius
0,"Class I: Mathematics, Natural Sciences and Engineering",2021,1,joseph-s-francisco,https://www.leopoldina.org/en/members/member-list/detail/joseph-s-francisco
0,"Class I: Mathematics, Natural Sciences and Engineering",2021,1,manfred-k-warmuth,https://www.leopoldina.org/en/members/member-list/detail/manfred-k-warmuth
0,"Class I: Mathematics, Natural Sciences and Engineering",2021,1,michael-j-black,https://www.leopoldina.org/en/members/member-list/detail/michael-j-black
0,"Class I: Mathematics, Natural Sciences and Engineering",2021,1,michael-kaschke,https://www.leopoldina.org/en/members/member-list/detail/michael-kaschke
0,"Class I: Mathematics, Natural Sciences and Engineering",2021,1,sami-haddadin,https://www.leopoldina.org/en/members/member-list/detail/sami-haddadin
0,"Class I: Mathematics, Natural Sciences and Engineering",2021,1,susanne-crewell,https://www.leopoldina.org/en/members/member-list/detail/susanne-crewell
0,"Class I: Mathematics, Natural Sciences and Engineering",2022,1,adrian-constantin,https://www.leopoldina.org/en/members/member-list/detail/adrian-constantin
0,"Class I: Mathematics, Natural Sciences and Engineering",2022,1,barbara-wohlmuth,https://www.leopoldina.org/en/members/member-list/detail/barbara-wohlmuth
0,"Class I: Mathematics, Natural Sciences and Engineering",2022,1,erick-m-carreira,https://www.leopoldina.org/en/members/member-list/detail/erick-m-carreira
0,"Class I: Mathematics, Natural Sciences and Engineering",2022,1,gisela-lanza,https://www.leopoldina.org/en/members/member-list/detail/gisela-lanza
0,"Class I: Mathematics, Natural Sciences and Engineering",2022,1,juergen-janek,https://www.leopoldina.org/en/members/member-list/detail/juergen-janek
0,"Class I: Mathematics, Natural Sciences and Engineering",2022,1,laura-gagliardi,https://www.leopoldina.org/en/members/member-list/detail/laura-gagliardi
0,"Class I: Mathematics, Natural Sciences and Engineering",2022,1,leigh-royden,https://www.leopoldina.org/en/members/member-list/detail/leigh-royden
0,"Class I: Mathematics, Natural Sciences and Engineering",2022,1,martin-grosjean,https://www.leopoldina.org/en/members/member-list/detail/martin-grosjean
0,"Class I: Mathematics, Natural Sciences and Engineering",2022,1,matthias-wessling,https://www.leopoldina.org/en/members/member-list/detail/matthias-wessling
0,"Class I: Mathematics, Natural Sciences and Engineering",2022,1,muriel-medard,https://www.leopoldina.org/en/members/member-list/detail/muriel-medard
0,"Class I: Mathematics, Natural Sciences and Engineering",2022,1,nicola-a-spaldin,https://www.leopoldina.org/en/members/member-list/detail/nicola-a-spaldin
0,"Class I: Mathematics, Natural Sciences and Engineering",2022,1,omar-m-yaghi,https://www.leopoldina.org/en/members/member-list/detail/omar-m-yaghi
0,"Class I: Mathematics, Natural Sciences and Engineering",2022,1,peter-buehlmann,https://www.leopoldina.org/en/members/member-list/detail/peter-buehlmann
0,"Class I: Mathematics, Natural Sciences and Engineering",2023,1,alain-sol-sznitman,https://www.leopoldina.org/en/members/member-list/detail/alain-sol-sznitman
0,"Class I: Mathematics, Natural Sciences and Engineering",2023,1,anke-weidenkaff,https://www.leopoldina.org/en/members/member-list/detail/anke-weidenkaff
0,"Class I: Mathematics, Natural Sciences and Engineering",2023,1,anna-wienhard,https://www.leopoldina.org/en/members/member-list/detail/anna-wienhard
0,"Class I: Mathematics, Natural Sciences and Engineering",2023,1,daniel-rueckert,https://www.leopoldina.org/en/members/member-list/detail/daniel-rueckert
0,"Class I: Mathematics, Natural Sciences and Engineering",2023,1,gernot-heiser,https://www.leopoldina.org/en/members/member-list/detail/gernot-heiser
0,"Class I: Mathematics, Natural Sciences and Engineering",2023,1,guy-bertrand,https://www.leopoldina.org/en/members/member-list/detail/guy-bertrand
0,"Class I: Mathematics, Natural Sciences and Engineering",2023,1,jan-esper,https://www.leopoldina.org/en/members/member-list/detail/jan-esper
0,"Class I: Mathematics, Natural Sciences and Engineering",2023,1,martina-angela-sasse,https://www.leopoldina.org/en/members/member-list/detail/martina-angela-sasse
0,"Class I: Mathematics, Natural Sciences and Engineering",2023,1,roberta-sessoli,https://www.leopoldina.org/en/members/member-list/detail/roberta-sessoli
0,"Class I: Mathematics, Natural Sciences and Engineering",2023,1,thomas-schmitz-rode,https://www.leopoldina.org/en/members/member-list/detail/thomas-schmitz-rode
0,"Class I: Mathematics, Natural Sciences and Engineering",2024,1,beatriz-roldan-cuenya,https://www.leopoldina.org/en/members/member-list/detail/beatriz-roldan-cuenya
0,"Class I: Mathematics, Natural Sciences and Engineering",2024,1,giuseppe-caire,https://www.leopoldina.org/en/members/member-list/detail/giuseppe-caire
0,"Class I: Mathematics, Natural Sciences and Engineering",2024,1,iryna-gurevych,https://www.leopoldina.org/en/members/member-list/detail/iryna-gurevych
0,"Class I: Mathematics, Natural Sciences and Engineering",2024,1,jennifer-rupp,https://www.leopoldina.org/en/members/member-list/detail/jennifer-rupp
0,"Class I: Mathematics, Natural Sciences and Engineering",2024,1,joost-pieter-katoen,https://www.leopoldina.org/en/members/member-list/detail/joost-pieter-katoen
0,"Class I: Mathematics, Natural Sciences and Engineering",2024,1,maryna-viazovska,https://www.leopoldina.org/en/members/member-list/detail/maryna-viazovska
0,"Class I: Mathematics, Natural Sciences and Engineering",2024,1,sir-peter-bruce,https://www.leopoldina.org/en/members/member-list/detail/sir-peter-bruce
0,"Class I: Mathematics, Natural Sciences and Engineering",2024,1,vasilis-ntziachristos,https://www.leopoldina.org/en/members/member-list/detail/vasilis-ntziachristos
0,"Class I: Mathematics, Natural Sciences and Engineering",2024,1,wolfgang-soergel-1,https://www.leopoldina.org/en/members/member-list/detail/wolfgang-soergel-1
0,"Class I: Mathematics, Natural Sciences and Engineering",2024,1,xiaodong-chen,https://www.leopoldina.org/en/members/member-list/detail/xiaodong-chen
0,"Class I: Mathematics, Natural Sciences and Engineering",2024,1,xinliang-feng,https://www.leopoldina.org/en/members/member-list/detail/xinliang-feng
0,"Class I: Mathematics, Natural Sciences and Engineering",2025,1,aimee-van-wynsberghe,https://www.leopoldina.org/en/members/member-list/detail/aimee-van-wynsberghe
0,"Class I: Mathematics, Natural Sciences and Engineering",2025,1,burkhard-koenig,https://www.leopoldina.org/en/members/member-list/detail/burkhard-koenig
0,"Class I: Mathematics, Natural Sciences and Engineering",2025,1,daniel-huybrechts,https://www.leopoldina.org/en/members/member-list/detail/daniel-huybrechts
0,"Class I: Mathematics, Natural Sciences and Engineering",2025,1,edouard-bard,https://www.leopoldina.org/en/members/member-list/detail/edouard-bard
0,"Class I: Mathematics, Natural Sciences and Engineering",2025,1,fabian-j-theis,https://www.leopoldina.org/en/members/member-list/detail/fabian-j-theis
0,"Class I: Mathematics, Natural Sciences and Engineering",2025,1,heike-vallery,https://www.leopoldina.org/en/members/member-list/detail/heike-vallery
0,"Class I: Mathematics, Natural Sciences and Engineering",2025,1,julia-pongratz,https://www.leopoldina.org/en/members/member-list/detail/julia-pongratz
0,"Class I: Mathematics, Natural Sciences and Engineering",2025,1,laszlo-erdos,https://www.leopoldina.org/en/members/member-list/detail/laszlo-erdos
0,"Class I: Mathematics, Natural Sciences and Engineering",2025,1,mira-mezini,https://www.leopoldina.org/en/members/member-list/detail/mira-mezini
0,"Class I: Mathematics, Natural Sciences and Engineering",2025,1,peter-roesky,https://www.leopoldina.org/en/members/member-list/detail/peter-roesky
0,"Class I: Mathematics, Natural Sciences and Engineering",2025,1,robert-schober,https://www.leopoldina.org/en/members/member-list/detail/robert-schober
0,"Class I: Mathematics, Natural Sciences and Engineering",2025,1,sepp-hochreiter,https://www.leopoldina.org/en/members/member-list/detail/sepp-hochreiter
0,"Class I: Mathematics, Natural Sciences and Engineering",2025,1,svitlana-mayboroda,https://www.leopoldina.org/en/members/member-list/detail/svitlana-mayboroda
1,Class II: Life Sciences,1859,1,max-von-pettenkofer,https://www.leopoldina.org/en/members/member-list/detail/max-von-pettenkofer
1,Class II: Life Sciences,1882,1,rudolf-blasius,https://www.leopoldina.org/en/members/member-list/detail/rudolf-blasius
1,Class II: Life Sciences,1883,1,friedrich-renk,https://www.leopoldina.org/en/members/member-list/detail/friedrich-renk
1,Class II: Life Sciences,1883,1,joseph-forster,https://www.leopoldina.org/en/members/member-list/detail/joseph-forster
1,Class II: Life Sciences,1884,1,eugen-baumann,https://www.leopoldina.org/en/members/member-list/detail/eugen-baumann
1,Class II: Life Sciences,1884,1,isidor-soyka,https://www.leopoldina.org/en/members/member-list/detail/isidor-soyka
1,Class II: Life Sciences,1887,1,gustav-wolffhuegel,https://www.leopoldina.org/en/members/member-list/detail/gustav-wolffhuegel
1,Class II: Life Sciences,1888,1,gustav-von-bunge,https://www.leopoldina.org/en/members/member-list/detail/gustav-von-bunge
1,Class II: Life Sciences,1889,1,max-schottelius,https://www.leopoldina.org/en/members/member-list/detail/max-schottelius
1,Class II: Life Sciences,1891,1,ferdinand-hueppe,https://www.leopoldina.org/en/members/member-list/detail/ferdinand-hueppe
1,Class II: Life Sciences,1891,1,oscar-loew,https://www.leopoldina.org/en/members/member-list/detail/oscar-loew
1,Class II: Life Sciences,1895,1,hans-buchner,https://www.leopoldina.org/en/members/member-list/detail/hans-buchner
1,Class II: Life Sciences,1903,1,ernst-levy,https://www.leopoldina.org/en/members/member-list/detail/ernst-levy
1,Class II: Life Sciences,1906,1,oskar-bail,https://www.leopoldina.org/en/members/member-list/detail/oskar-bail
1,Class II: Life Sciences,1909,1,carl-fraenken,https://www.leopoldina.org/en/members/member-list/detail/carl-fraenken
1,Class II: Life Sciences,1909,1,kurt-wolf,https://www.leopoldina.org/en/members/member-list/detail/kurt-wolf
1,Class II: Life Sciences,1912,1,emil-abderhalden,https://www.leopoldina.org/en/members/member-list/detail/emil-abderhalden
1,Class II: Life Sciences,1922,1,carl-neuberg,https://www.leopoldina.org/en/members/member-list/detail/carl-neuberg
1,Class II: Life Sciences,1922,1,casimir-funk,https://www.leopoldina.org/en/members/member-list/detail/casimir-funk
1,Class II: Life Sciences,1922,1,leonor-michaelis,https://www.leopoldina.org/en/members/member-list/detail/leonor-michaelis
1,Class II: Life Sciences,1922,1,paul-schmidt,https://www.leopoldina.org/en/members/member-list/detail/paul-schmidt
1,Class II: Life Sciences,1922,1,peter-rona,https://www.leopoldina.org/en/members/member-list/detail/peter-rona
1,Class II: Life Sciences,1925,1,elmer-verner-mccollum,https://www.leopoldina.org/en/members/member-list/detail/elmer-verner-mccollum
1,Class II: Life Sciences,1925,1,franz-g-knoop,https://www.leopoldina.org/en/members/member-list/detail/franz-g-knoop
1,Class II: Life Sciences,1925,1,ignaz-kaup,https://www.leopoldina.org/en/members/member-list/detail/ignaz-kaup
1,Class II: Life Sciences,1925,1,karl-thomas,https://www.leopoldina.org/en/members/member-list/detail/karl-thomas
1,Class II: Life Sciences,1925,1,lafayette-benedikt-mendel,https://www.leopoldina.org/en/members/member-list/detail/lafayette-benedikt-mendel
1,Class II: Life Sciences,1926,1,friedrich-fuelleborn,https://www.leopoldina.org/en/members/member-list/detail/friedrich-fuelleborn
1,Class II: Life Sciences,1927,1,richard-pfeiffer,https://www.leopoldina.org/en/members/member-list/detail/richard-pfeiffer
1,Class II: Life Sciences,1927,1,shibasaburo-kitasato,https://www.leopoldina.org/en/members/member-list/detail/shibasaburo-kitasato
1,Class II: Life Sciences,1928,1,aleksej-n-bach,https://www.leopoldina.org/en/members/member-list/detail/aleksej-n-bach
1,Class II: Life Sciences,1928,1,emil-gotschlich,https://www.leopoldina.org/en/members/member-list/detail/emil-gotschlich
1,Class II: Life Sciences,1928,1,markus-guggenheim,https://www.leopoldina.org/en/members/member-list/detail/markus-guggenheim
1,Class II: Life Sciences,1928,1,vladimir-s-gulevic,https://www.leopoldina.org/en/members/member-list/detail/vladimir-s-gulevic
1,Class II: Life Sciences,1932,1,aaron-levene,https://www.leopoldina.org/en/members/member-list/detail/aaron-levene
1,Class II: Life Sciences,1932,1,bernhard-nocht,https://www.leopoldina.org/en/members/member-list/detail/bernhard-nocht
1,Class II: Life Sciences,1932,1,carl-oppenheimer,https://www.leopoldina.org/en/members/member-list/detail/carl-oppenheimer
1,Class II: Life Sciences,1932,1,donald-van-slyke,https://www.leopoldina.org/en/members/member-list/detail/donald-van-slyke
1,Class II: Life Sciences,1932,1,ernesto-bertarelli,https://www.leopoldina.org/en/members/member-list/detail/ernesto-bertarelli
1,Class II: Life Sciences,1932,1,friedrich-kutscher,https://www.leopoldina.org/en/members/member-list/detail/friedrich-kutscher
1,Class II: Life Sciences,1932,1,gabriel-emile-bertrand,https://www.leopoldina.org/en/members/member-list/detail/gabriel-emile-bertrand
1,Class II: Life Sciences,1932,1,harry-steenbock,https://www.leopoldina.org/en/members/member-list/detail/harry-steenbock
1,Class II: Life Sciences,1932,1,howard-mueller,https://www.leopoldina.org/en/members/member-list/detail/howard-mueller
1,Class II: Life Sciences,1932,1,hsien-wu,https://www.leopoldina.org/en/members/member-list/detail/hsien-wu
1,Class II: Life Sciences,1932,1,jakob-parnas,https://www.leopoldina.org/en/members/member-list/detail/jakob-parnas
1,Class II: Life Sciences,1932,1,james-collip,https://www.leopoldina.org/en/members/member-list/detail/james-collip
1,Class II: Life Sciences,1932,1,john-h-northrop,https://www.leopoldina.org/en/members/member-list/detail/john-h-northrop
1,Class II: Life Sciences,1932,1,lawrence-joseph-henderson,https://www.leopoldina.org/en/members/member-list/detail/lawrence-joseph-henderson
1,Class II: Life Sciences,1932,1,maurice-nicloux,https://www.leopoldina.org/en/members/member-list/detail/maurice-nicloux
1,Class II: Life Sciences,1932,1,max-rubner,https://www.leopoldina.org/en/members/member-list/detail/max-rubner
1,Class II: Life Sciences,1932,1,otto-folin,https://www.leopoldina.org/en/members/member-list/detail/otto-folin
1,Class II: Life Sciences,1932,1,otto-rosenheim,https://www.leopoldina.org/en/members/member-list/detail/otto-rosenheim
1,Class II: Life Sciences,1932,1,paul-mayer,https://www.leopoldina.org/en/members/member-list/detail/paul-mayer
1,Class II: Life Sciences,1932,1,paul-uhlenhuth,https://www.leopoldina.org/en/members/member-list/detail/paul-uhlenhuth
1,Class II: Life Sciences,1932,1,robert-doerr,https://www.leopoldina.org/en/members/member-list/detail/robert-doerr
1,Class II: Life Sciences,1932,1,sir-arthur-harden,https://www.leopoldina.org/en/members/member-list/detail/sir-arthur-harden
1,Class II: Life Sciences,1932,1,theodor-svedberg,https://www.leopoldina.org/en/members/member-list/detail/theodor-svedberg
1,Class II: Life Sciences,1932,1,wilhelm-eduard-ringer,https://www.leopoldina.org/en/members/member-list/detail/wilhelm-eduard-ringer
1,Class II: Life Sciences,1932,1,yashiro-kotake,https://www.leopoldina.org/en/members/member-list/detail/yashiro-kotake
1,Class II: Life Sciences,1933,1,alfred-petterson,https://www.leopoldina.org/en/members/member-list/detail/alfred-petterson
1,Class II: Life Sciences,1933,1,dante-de-blasi,https://www.leopoldina.org/en/members/member-list/detail/dante-de-blasi
1,Class II: Life Sciences,1933,1,felix-hubert-dherelle,https://www.leopoldina.org/en/members/member-list/detail/felix-hubert-dherelle
1,Class II: Life Sciences,1933,1,gaetano-quagliariello,https://www.leopoldina.org/en/members/member-list/detail/gaetano-quagliariello
1,Class II: Life Sciences,1933,1,karl-bernhard-lehmann,https://www.leopoldina.org/en/members/member-list/detail/karl-bernhard-lehmann
1,Class II: Life Sciences,1933,1,karl-kisskalt,https://www.leopoldina.org/en/members/member-list/detail/karl-kisskalt
1,Class II: Life Sciences,1933,1,pierre-lecomte-du-nouey,https://www.leopoldina.org/en/members/member-list/detail/pierre-lecomte-du-nouey
1,Class II: Life Sciences,1933,1,rudolf-otto-neumann,https://www.leopoldina.org/en/members/member-list/detail/rudolf-otto-neumann
1,Class II: Life Sciences,1934,1,adolf-butenandt,https://www.leopoldina.org/en/members/member-list/detail/adolf-butenandt
1,Class II: Life Sciences,1934,1,albert-szent-gyoergyi,https://www.leopoldina.org/en/members/member-list/detail/albert-szent-gyoergyi
1,Class II: Life Sciences,1934,1,bruno-galli-valerio,https://www.leopoldina.org/en/members/member-list/detail/bruno-galli-valerio
1,Class II: Life Sciences,1934,1,mathias-boleto-ferreira-de-mira,https://www.leopoldina.org/en/members/member-list/detail/mathias-boleto-ferreira-de-mira
1,Class II: Life Sciences,1935,1,hans-reiter,https://www.leopoldina.org/en/members/member-list/detail/hans-reiter
1,Class II: Life Sciences,1935,1,henrique-da-rocha-lima,https://www.leopoldina.org/en/members/member-list/detail/henrique-da-rocha-lima
1,Class II: Life Sciences,1935,1,masaji-tomita,https://www.leopoldina.org/en/members/member-list/detail/masaji-tomita
1,Class II: Life Sciences,1935,1,peter-muehlens,https://www.leopoldina.org/en/members/member-list/detail/peter-muehlens
1,Class II: Life Sciences,1935,1,wilhelm-schueffner,https://www.leopoldina.org/en/members/member-list/detail/wilhelm-schueffner
1,Class II: Life Sciences,1936,1,anton-waldmann,https://www.leopoldina.org/en/members/member-list/detail/anton-waldmann
1,Class II: Life Sciences,1936,1,hugo-selter,https://www.leopoldina.org/en/members/member-list/detail/hugo-selter
1,Class II: Life Sciences,1936,1,takaoki-sasaki,https://www.leopoldina.org/en/members/member-list/detail/takaoki-sasaki
1,Class II: Life Sciences,1936,1,walter-kruse,https://www.leopoldina.org/en/members/member-list/detail/walter-kruse
1,Class II: Life Sciences,1937,1,albert-bessemans,https://www.leopoldina.org/en/members/member-list/detail/albert-bessemans
1,Class II: Life Sciences,1939,1,eugen-gildemeister,https://www.leopoldina.org/en/members/member-list/detail/eugen-gildemeister
1,Class II: Life Sciences,1940,1,ernst-rodenwaldt,https://www.leopoldina.org/en/members/member-list/detail/ernst-rodenwaldt
1,Class II: Life Sciences,1940,1,heinrich-alexander-gins,https://www.leopoldina.org/en/members/member-list/detail/heinrich-alexander-gins
1,Class II: Life Sciences,1940,1,hermann-dold,https://www.leopoldina.org/en/members/member-list/detail/hermann-dold
1,Class II: Life Sciences,1940,1,karl-wilhelm-joetten,https://www.leopoldina.org/en/members/member-list/detail/karl-wilhelm-joetten
1,Class II: Life Sciences,1941,1,gyula-von-daranyi,https://www.leopoldina.org/en/members/member-list/detail/gyula-von-daranyi
1,Class II: Life Sciences,1941,1,wladimir-markov,https://www.leopoldina.org/en/members/member-list/detail/wladimir-markov
1,Class II: Life Sciences,1942,1,hans-schlossberger,https://www.leopoldina.org/en/members/member-list/detail/hans-schlossberger
1,Class II: Life Sciences,1942,1,willi-rimpau,https://www.leopoldina.org/en/members/member-list/detail/willi-rimpau
1,Class II: Life Sciences,1943,1,boris-rajewsky,https://www.leopoldina.org/en/members/member-list/detail/boris-rajewsky
1,Class II: Life Sciences,1943,1,giovanni-petragnani,https://www.leopoldina.org/en/members/member-list/detail/giovanni-petragnani
1,Class II: Life Sciences,1943,1,heinz-heinrich-zeiss,https://www.leopoldina.org/en/members/member-list/detail/heinz-heinrich-zeiss
1,Class II: Life Sciences,1944,1,niels-eugen-haagen,https://www.leopoldina.org/en/members/member-list/detail/niels-eugen-haagen
1,Class II: Life Sciences,1952,1,erich-strack,https://www.leopoldina.org/en/members/member-list/detail/erich-strack
1,Class II: Life Sciences,1953,1,paula-hertwig,https://www.leopoldina.org/en/members/member-list/detail/paula-hertwig
1,Class II: Life Sciences,1953,1,theodor-messerschmidt,https://www.leopoldina.org/en/members/member-list/detail/theodor-messerschmidt
1,Class II: Life Sciences,1954,1,walther-fromme,https://www.leopoldina.org/en/members/member-list/detail/walther-fromme
1,Class II: Life Sciences,1955,1,andrej-l-kursanov,https://www.leopoldina.org/en/members/member-list/detail/andrej-l-kursanov
1,Class II: Life Sciences,1955,1,carl-martius,https://www.leopoldina.org/en/members/member-list/detail/carl-martius
1,Class II: Life Sciences,1955,1,horst-hanson,https://www.leopoldina.org/en/members/member-list/detail/horst-hanson
1,Class II: Life Sciences,1955,1,johannes-kathe,https://www.leopoldina.org/en/members/member-list/detail/johannes-kathe
1,Class II: Life Sciences,1955,1,karl-lohmann,https://www.leopoldina.org/en/members/member-list/detail/karl-lohmann
1,Class II: Life Sciences,1956,1,aleksandr-i-oparin,https://www.leopoldina.org/en/members/member-list/detail/aleksandr-i-oparin
1,Class II: Life Sciences,1956,1,claude-fromageot,https://www.leopoldina.org/en/members/member-list/detail/claude-fromageot
1,Class II: Life Sciences,1956,1,felix-haurowitz,https://www.leopoldina.org/en/members/member-list/detail/felix-haurowitz
1,Class II: Life Sciences,1956,1,jean-roche,https://www.leopoldina.org/en/members/member-list/detail/jean-roche
1,Class II: Life Sciences,1956,1,sir-hans-adolf-krebs,https://www.leopoldina.org/en/members/member-list/detail/sir-hans-adolf-krebs
1,Class II: Life Sciences,1956,1,vladimir-a-engelhardt,https://www.leopoldina.org/en/members/member-list/detail/vladimir-a-engelhardt
1,Class II: Life Sciences,1957,1,friedrich-winkler,https://www.leopoldina.org/en/members/member-list/detail/friedrich-winkler
1,Class II: Life Sciences,1957,1,hans-friedrich-freksa,https://www.leopoldina.org/en/members/member-list/detail/hans-friedrich-freksa
1,Class II: Life Sciences,1957,1,hansjochem-autrum,https://www.leopoldina.org/en/members/member-list/detail/hansjochem-autrum
1,Class II: Life Sciences,1957,1,hermann-g-eyer,https://www.leopoldina.org/en/members/member-list/detail/hermann-g-eyer
1,Class II: Life Sciences,1957,1,sven-gard,https://www.leopoldina.org/en/members/member-list/detail/sven-gard
1,Class II: Life Sciences,1958,1,aleksandr-e-braunstein,https://www.leopoldina.org/en/members/member-list/detail/aleksandr-e-braunstein
1,Class II: Life Sciences,1958,1,alfred-mirsky,https://www.leopoldina.org/en/members/member-list/detail/alfred-mirsky
1,Class II: Life Sciences,1958,1,bohumil-nemec,https://www.leopoldina.org/en/members/member-list/detail/bohumil-nemec
1,Class II: Life Sciences,1958,1,eduard-kellenberger,https://www.leopoldina.org/en/members/member-list/detail/eduard-kellenberger
1,Class II: Life Sciences,1958,1,ernst-klenk,https://www.leopoldina.org/en/members/member-list/detail/ernst-klenk
1,Class II: Life Sciences,1958,1,franz-leuthardt,https://www.leopoldina.org/en/members/member-list/detail/franz-leuthardt
1,Class II: Life Sciences,1958,1,horst-habs,https://www.leopoldina.org/en/members/member-list/detail/horst-habs
1,Class II: Life Sciences,1958,1,john-franklin-enders,https://www.leopoldina.org/en/members/member-list/detail/john-franklin-enders
1,Class II: Life Sciences,1958,1,karl-bernhard,https://www.leopoldina.org/en/members/member-list/detail/karl-bernhard
1,Class II: Life Sciences,1958,1,nikolaj-p-dubinin,https://www.leopoldina.org/en/members/member-list/detail/nikolaj-p-dubinin
1,Class II: Life Sciences,1958,1,severo-ochoa,https://www.leopoldina.org/en/members/member-list/detail/severo-ochoa
1,Class II: Life Sciences,1959,1,feodor-lynen,https://www.leopoldina.org/en/members/member-list/detail/feodor-lynen
1,Class II: Life Sciences,1959,1,hans-carl-bernhard-netter,https://www.leopoldina.org/en/members/member-list/detail/hans-carl-bernhard-netter
1,Class II: Life Sciences,1959,1,hans-joachim-mueller,https://www.leopoldina.org/en/members/member-list/detail/hans-joachim-mueller
1,Class II: Life Sciences,1959,1,james-bonner,https://www.leopoldina.org/en/members/member-list/detail/james-bonner
1,Class II: Life Sciences,1959,1,martin-lindauer,https://www.leopoldina.org/en/members/member-list/detail/martin-lindauer
1,Class II: Life Sciences,1961,1,edgar-lederer,https://www.leopoldina.org/en/members/member-list/detail/edgar-lederer
1,Class II: Life Sciences,1961,1,gerhard-michael,https://www.leopoldina.org/en/members/member-list/detail/gerhard-michael
1,Class II: Life Sciences,1961,1,josef-tomcsik,https://www.leopoldina.org/en/members/member-list/detail/josef-tomcsik
1,Class II: Life Sciences,1961,1,kurt-repke,https://www.leopoldina.org/en/members/member-list/detail/kurt-repke
1,Class II: Life Sciences,1961,1,marcel-florkin,https://www.leopoldina.org/en/members/member-list/detail/marcel-florkin
1,Class II: Life Sciences,1961,1,otto-westphal,https://www.leopoldina.org/en/members/member-list/detail/otto-westphal
1,Class II: Life Sciences,1961,1,walther-liese,https://www.leopoldina.org/en/members/member-list/detail/walther-liese
1,Class II: Life Sciences,1962,1,boerje-uvnaes,https://www.leopoldina.org/en/members/member-list/detail/boerje-uvnaes
1,Class II: Life Sciences,1962,1,f-bruno-straub,https://www.leopoldina.org/en/members/member-list/detail/f-bruno-straub
1,Class II: Life Sciences,1962,1,ilona-banga-balo,https://www.leopoldina.org/en/members/member-list/detail/ilona-banga-balo
1,Class II: Life Sciences,1962,1,ivan-malek,https://www.leopoldina.org/en/members/member-list/detail/ivan-malek
1,Class II: Life Sciences,1962,1,jean-brachet,https://www.leopoldina.org/en/members/member-list/detail/jean-brachet
1,Class II: Life Sciences,1962,1,jozef-heller,https://www.leopoldina.org/en/members/member-list/detail/jozef-heller
1,Class II: Life Sciences,1962,1,pierre-grabar,https://www.leopoldina.org/en/members/member-list/detail/pierre-grabar
1,Class II: Life Sciences,1962,1,wilhelm-menke,https://www.leopoldina.org/en/members/member-list/detail/wilhelm-menke
1,Class II: Life Sciences,1963,1,artturi-virtanen,https://www.leopoldina.org/en/members/member-list/detail/artturi-virtanen
1,Class II: Life Sciences,1963,1,david-nachmansohn,https://www.leopoldina.org/en/members/member-list/detail/david-nachmansohn
1,Class II: Life Sciences,1963,1,max-delbrueck,https://www.leopoldina.org/en/members/member-list/detail/max-delbrueck
1,Class II: Life Sciences,1963,1,robert-staempfli,https://www.leopoldina.org/en/members/member-list/detail/robert-staempfli
1,Class II: Life Sciences,1963,1,theodor-buecher,https://www.leopoldina.org/en/members/member-list/detail/theodor-buecher
1,Class II: Life Sciences,1964,1,alfred-gierer,https://www.leopoldina.org/en/members/member-list/detail/alfred-gierer
1,Class II: Life Sciences,1964,1,arnold-graffi,https://www.leopoldina.org/en/members/member-list/detail/arnold-graffi
1,Class II: Life Sciences,1964,1,arthur-kornberg,https://www.leopoldina.org/en/members/member-list/detail/arthur-kornberg
1,Class II: Life Sciences,1964,1,heinz-guenter-wittmann,https://www.leopoldina.org/en/members/member-list/detail/heinz-guenter-wittmann
1,Class II: Life Sciences,1964,1,hugh-esmor-huxley,https://www.leopoldina.org/en/members/member-list/detail/hugh-esmor-huxley
1,Class II: Life Sciences,1964,1,jacques-monod,https://www.leopoldina.org/en/members/member-list/detail/jacques-monod
1,Class II: Life Sciences,1964,1,manfred-eigen,https://www.leopoldina.org/en/members/member-list/detail/manfred-eigen
1,Class II: Life Sciences,1964,1,max-ferdinand-perutz,https://www.leopoldina.org/en/members/member-list/detail/max-ferdinand-perutz
1,Class II: Life Sciences,1964,1,sir-alan-lloyd-hodgkin,https://www.leopoldina.org/en/members/member-list/detail/sir-alan-lloyd-hodgkin
1,Class II: Life Sciences,1964,1,sir-andrew-f-huxley,https://www.leopoldina.org/en/members/member-list/detail/sir-andrew-f-huxley
1,Class II: Life Sciences,1965,1,bernhard-hassenstein,https://www.leopoldina.org/en/members/member-list/detail/bernhard-hassenstein
1,Class II: Life Sciences,1965,1,charles-stacy-french,https://www.leopoldina.org/en/members/member-list/detail/charles-stacy-french
1,Class II: Life Sciences,1965,1,fritz-markwardt,https://www.leopoldina.org/en/members/member-list/detail/fritz-markwardt
1,Class II: Life Sciences,1965,1,guenter-tembrock,https://www.leopoldina.org/en/members/member-list/detail/guenter-tembrock
1,Class II: Life Sciences,1965,1,hans-tuppy,https://www.leopoldina.org/en/members/member-list/detail/hans-tuppy
1,Class II: Life Sciences,1965,1,peter-alexander,https://www.leopoldina.org/en/members/member-list/detail/peter-alexander
1,Class II: Life Sciences,1965,1,sir-john-kendrew,https://www.leopoldina.org/en/members/member-list/detail/sir-john-kendrew
1,Class II: Life Sciences,1966,1,dionyz-blaskovic,https://www.leopoldina.org/en/members/member-list/detail/dionyz-blaskovic
1,Class II: Life Sciences,1966,1,edmund-mikulaszek,https://www.leopoldina.org/en/members/member-list/detail/edmund-mikulaszek
1,Class II: Life Sciences,1966,1,ernest-witebsky,https://www.leopoldina.org/en/members/member-list/detail/ernest-witebsky
1,Class II: Life Sciences,1966,1,gerhard-piekarski,https://www.leopoldina.org/en/members/member-list/detail/gerhard-piekarski
1,Class II: Life Sciences,1966,1,hans-guenter-schlegel,https://www.leopoldina.org/en/members/member-list/detail/hans-guenter-schlegel
1,Class II: Life Sciences,1966,1,hans-mohr,https://www.leopoldina.org/en/members/member-list/detail/hans-mohr
1,Class II: Life Sciences,1966,1,henryk-meisel,https://www.leopoldina.org/en/members/member-list/detail/henryk-meisel
1,Class II: Life Sciences,1966,1,hugo-theorell,https://www.leopoldina.org/en/members/member-list/detail/hugo-theorell
1,Class II: Life Sciences,1966,1,marshall-w-nirenberg,https://www.leopoldina.org/en/members/member-list/detail/marshall-w-nirenberg
1,Class II: Life Sciences,1966,1,platon-g-kostjuk,https://www.leopoldina.org/en/members/member-list/detail/platon-g-kostjuk
1,Class II: Life Sciences,1966,1,wolfgang-beermann,https://www.leopoldina.org/en/members/member-list/detail/wolfgang-beermann
1,Class II: Life Sciences,1967,1,ephraim-katchalski-katzir,https://www.leopoldina.org/en/members/member-list/detail/ephraim-katchalski-katzir
1,Class II: Life Sciences,1967,1,hans-georg-zachau,https://www.leopoldina.org/en/members/member-list/detail/hans-georg-zachau
1,Class II: Life Sciences,1968,1,georg-henneberg,https://www.leopoldina.org/en/members/member-list/detail/georg-henneberg
1,Class II: Life Sciences,1968,1,h-gobind-khorana,https://www.leopoldina.org/en/members/member-list/detail/h-gobind-khorana
1,Class II: Life Sciences,1968,1,karoly-rauss,https://www.leopoldina.org/en/members/member-list/detail/karoly-rauss
1,Class II: Life Sciences,1968,1,michail-p-cumakov,https://www.leopoldina.org/en/members/member-list/detail/michail-p-cumakov
1,Class II: Life Sciences,1968,1,robert-schwyzer,https://www.leopoldina.org/en/members/member-list/detail/robert-schwyzer
1,Class II: Life Sciences,1968,1,werner-koehler,https://www.leopoldina.org/en/members/member-list/detail/werner-koehler
1,Class II: Life Sciences,1969,1,diter-h-von-wettstein,https://www.leopoldina.org/en/members/member-list/detail/diter-h-von-wettstein
1,Class II: Life Sciences,1969,1,fritz-lipmann,https://www.leopoldina.org/en/members/member-list/detail/fritz-lipmann
1,Class II: Life Sciences,1969,1,gerhard-braunitzer,https://www.leopoldina.org/en/members/member-list/detail/gerhard-braunitzer
1,Class II: Life Sciences,1969,1,gerhard-reuter,https://www.leopoldina.org/en/members/member-list/detail/gerhard-reuter
1,Class II: Life Sciences,1969,1,guenther-schilling,https://www.leopoldina.org/en/members/member-list/detail/guenther-schilling
1,Class II: Life Sciences,1969,1,hartmut-hoffmann-berling,https://www.leopoldina.org/en/members/member-list/detail/hartmut-hoffmann-berling
1,Class II: Life Sciences,1969,1,helmut-boehme,https://www.leopoldina.org/en/members/member-list/detail/helmut-boehme
1,Class II: Life Sciences,1969,1,helmut-haenel,https://www.leopoldina.org/en/members/member-list/detail/helmut-haenel
1,Class II: Life Sciences,1969,1,karl-j-ullrich,https://www.leopoldina.org/en/members/member-list/detail/karl-j-ullrich
1,Class II: Life Sciences,1969,1,kurt-muehlethaler,https://www.leopoldina.org/en/members/member-list/detail/kurt-muehlethaler
1,Class II: Life Sciences,1969,1,peter-karlson,https://www.leopoldina.org/en/members/member-list/detail/peter-karlson
1,Class II: Life Sciences,1969,1,peter-sitte,https://www.leopoldina.org/en/members/member-list/detail/peter-sitte
1,Class II: Life Sciences,1969,1,rigomar-rieger,https://www.leopoldina.org/en/members/member-list/detail/rigomar-rieger
1,Class II: Life Sciences,1969,1,rudolf-hagemann,https://www.leopoldina.org/en/members/member-list/detail/rudolf-hagemann
1,Class II: Life Sciences,1969,1,werner-schaefer,https://www.leopoldina.org/en/members/member-list/detail/werner-schaefer
1,Class II: Life Sciences,1969,1,wilhelm-hasselbach,https://www.leopoldina.org/en/members/member-list/detail/wilhelm-hasselbach
1,Class II: Life Sciences,1969,1,wilhelm-stoffel,https://www.leopoldina.org/en/members/member-list/detail/wilhelm-stoffel
1,Class II: Life Sciences,1970,1,alfred-schellenberger,https://www.leopoldina.org/en/members/member-list/detail/alfred-schellenberger
1,Class II: Life Sciences,1970,1,andre-lwoff,https://www.leopoldina.org/en/members/member-list/detail/andre-lwoff
1,Class II: Life Sciences,1970,1,benno-hess,https://www.leopoldina.org/en/members/member-list/detail/benno-hess
1,Class II: Life Sciences,1970,1,guenther-sterba,https://www.leopoldina.org/en/members/member-list/detail/guenther-sterba
1,Class II: Life Sciences,1970,1,heinz-bielka,https://www.leopoldina.org/en/members/member-list/detail/heinz-bielka
1,Class II: Life Sciences,1970,1,helmut-holzer,https://www.leopoldina.org/en/members/member-list/detail/helmut-holzer
1,Class II: Life Sciences,1970,1,horst-t-witt,https://www.leopoldina.org/en/members/member-list/detail/horst-t-witt
1,Class II: Life Sciences,1970,1,matti-k-paasonen,https://www.leopoldina.org/en/members/member-list/detail/matti-k-paasonen
1,Class II: Life Sciences,1970,1,wolf-d-keidel,https://www.leopoldina.org/en/members/member-list/detail/wolf-d-keidel
1,Class II: Life Sciences,1971,1,andrej-n-belozerskij,https://www.leopoldina.org/en/members/member-list/detail/andrej-n-belozerskij
1,Class II: Life Sciences,1971,1,britton-chance,https://www.leopoldina.org/en/members/member-list/detail/britton-chance
1,Class II: Life Sciences,1971,1,david-h-hubel,https://www.leopoldina.org/en/members/member-list/detail/david-h-hubel
1,Class II: Life Sciences,1971,1,ernst-habermann,https://www.leopoldina.org/en/members/member-list/detail/ernst-habermann
1,Class II: Life Sciences,1971,1,erwin-chargaff,https://www.leopoldina.org/en/members/member-list/detail/erwin-chargaff
1,Class II: Life Sciences,1971,1,georgii-p-georgiev,https://www.leopoldina.org/en/members/member-list/detail/georgii-p-georgiev
1,Class II: Life Sciences,1971,1,gustav-vr-born,https://www.leopoldina.org/en/members/member-list/detail/gustav-vr-born
1,Class II: Life Sciences,1971,1,karl-maramorosch,https://www.leopoldina.org/en/members/member-list/detail/karl-maramorosch
1,Class II: Life Sciences,1971,1,oerjan-ouchterlony,https://www.leopoldina.org/en/members/member-list/detail/oerjan-ouchterlony
1,Class II: Life Sciences,1971,1,oleh-hornykiewicz,https://www.leopoldina.org/en/members/member-list/detail/oleh-hornykiewicz
1,Class II: Life Sciences,1971,1,otto-kandler,https://www.leopoldina.org/en/members/member-list/detail/otto-kandler
1,Class II: Life Sciences,1971,1,philip-handler,https://www.leopoldina.org/en/members/member-list/detail/philip-handler
1,Class II: Life Sciences,1971,1,sergej-e-severin,https://www.leopoldina.org/en/members/member-list/detail/sergej-e-severin
1,Class II: Life Sciences,1971,1,setsuro-ebashi,https://www.leopoldina.org/en/members/member-list/detail/setsuro-ebashi
1,Class II: Life Sciences,1971,1,sir-leslie-fowden,https://www.leopoldina.org/en/members/member-list/detail/sir-leslie-fowden
1,Class II: Life Sciences,1971,1,werner-reichardt,https://www.leopoldina.org/en/members/member-list/detail/werner-reichardt
1,Class II: Life Sciences,1972,1,armen-l-takhtajan,https://www.leopoldina.org/en/members/member-list/detail/armen-l-takhtajan
1,Class II: Life Sciences,1972,1,cornel-bodea,https://www.leopoldina.org/en/members/member-list/detail/cornel-bodea
1,Class II: Life Sciences,1972,1,ernst-mayr,https://www.leopoldina.org/en/members/member-list/detail/ernst-mayr
1,Class II: Life Sciences,1972,1,george-ledyard-stebbins,https://www.leopoldina.org/en/members/member-list/detail/george-ledyard-stebbins
1,Class II: Life Sciences,1972,1,hans-knoell,https://www.leopoldina.org/en/members/member-list/detail/hans-knoell
1,Class II: Life Sciences,1972,1,hratchia-ch-bunjatjan,https://www.leopoldina.org/en/members/member-list/detail/hratchia-ch-bunjatjan
1,Class II: Life Sciences,1972,1,hubert-ziegler,https://www.leopoldina.org/en/members/member-list/detail/hubert-ziegler
1,Class II: Life Sciences,1972,1,otto-l-lange,https://www.leopoldina.org/en/members/member-list/detail/otto-l-lange
1,Class II: Life Sciences,1972,1,robert-hegnauer,https://www.leopoldina.org/en/members/member-list/detail/robert-hegnauer
1,Class II: Life Sciences,1973,1,albert-lehninger,https://www.leopoldina.org/en/members/member-list/detail/albert-lehninger
1,Class II: Life Sciences,1973,1,annemarie-weber,https://www.leopoldina.org/en/members/member-list/detail/annemarie-weber
1,Class II: Life Sciences,1973,1,christian-de-duve,https://www.leopoldina.org/en/members/member-list/detail/christian-de-duve
1,Class II: Life Sciences,1973,1,friedrich-vogel,https://www.leopoldina.org/en/members/member-list/detail/friedrich-vogel
1,Class II: Life Sciences,1973,1,george-e-palade,https://www.leopoldina.org/en/members/member-list/detail/george-e-palade
1,Class II: Life Sciences,1973,1,gerhard-pfleiderer,https://www.leopoldina.org/en/members/member-list/detail/gerhard-pfleiderer
1,Class II: Life Sciences,1973,1,herbert-roeller,https://www.leopoldina.org/en/members/member-list/detail/herbert-roeller
1,Class II: Life Sciences,1973,1,jurij-a-ovcinnikov,https://www.leopoldina.org/en/members/member-list/detail/jurij-a-ovcinnikov
1,Class II: Life Sciences,1973,1,richard-ernst-bader,https://www.leopoldina.org/en/members/member-list/detail/richard-ernst-bader
1,Class II: Life Sciences,1973,1,robert-r-race,https://www.leopoldina.org/en/members/member-list/detail/robert-r-race
1,Class II: Life Sciences,1973,1,walter-beier,https://www.leopoldina.org/en/members/member-list/detail/walter-beier
1,Class II: Life Sciences,1974,1,achim-trebst,https://www.leopoldina.org/en/members/member-list/detail/achim-trebst
1,Class II: Life Sciences,1974,1,albert-wollenberger,https://www.leopoldina.org/en/members/member-list/detail/albert-wollenberger
1,Class II: Life Sciences,1974,1,aleksandr-s-spirin,https://www.leopoldina.org/en/members/member-list/detail/aleksandr-s-spirin
1,Class II: Life Sciences,1974,1,benno-parthier,https://www.leopoldina.org/en/members/member-list/detail/benno-parthier
1,Class II: Life Sciences,1974,1,dietmar-glaesser,https://www.leopoldina.org/en/members/member-list/detail/dietmar-glaesser
1,Class II: Life Sciences,1974,1,eberhard-schnepf,https://www.leopoldina.org/en/members/member-list/detail/eberhard-schnepf
1,Class II: Life Sciences,1974,1,everardus-jacobus-ariens,https://www.leopoldina.org/en/members/member-list/detail/everardus-jacobus-ariens
1,Class II: Life Sciences,1974,1,franz-huber,https://www.leopoldina.org/en/members/member-list/detail/franz-huber
1,Class II: Life Sciences,1974,1,georgij-k-skrjabin,https://www.leopoldina.org/en/members/member-list/detail/georgij-k-skrjabin
1,Class II: Life Sciences,1974,1,guenter-doerner,https://www.leopoldina.org/en/members/member-list/detail/guenter-doerner
1,Class II: Life Sciences,1974,1,heinz-flamm,https://www.leopoldina.org/en/members/member-list/detail/heinz-flamm
1,Class II: Life Sciences,1974,1,helmut-rische,https://www.leopoldina.org/en/members/member-list/detail/helmut-rische
1,Class II: Life Sciences,1974,1,henning-brandis,https://www.leopoldina.org/en/members/member-list/detail/henning-brandis
1,Class II: Life Sciences,1974,1,jean-pierre-changeux,https://www.leopoldina.org/en/members/member-list/detail/jean-pierre-changeux
1,Class II: Life Sciences,1974,1,josef-knoll,https://www.leopoldina.org/en/members/member-list/detail/josef-knoll
1,Class II: Life Sciences,1974,1,kurt-unger,https://www.leopoldina.org/en/members/member-list/detail/kurt-unger
1,Class II: Life Sciences,1974,1,mark-nickerson,https://www.leopoldina.org/en/members/member-list/detail/mark-nickerson
1,Class II: Life Sciences,1974,1,michael-fleischer,https://www.leopoldina.org/en/members/member-list/detail/michael-fleischer
1,Class II: Life Sciences,1974,1,sourindra-sircar,https://www.leopoldina.org/en/members/member-list/detail/sourindra-sircar
1,Class II: Life Sciences,1974,1,udo-taubeneck,https://www.leopoldina.org/en/members/member-list/detail/udo-taubeneck
1,Class II: Life Sciences,1975,1,aleksandr-a-krasnovskij,https://www.leopoldina.org/en/members/member-list/detail/aleksandr-a-krasnovskij
1,Class II: Life Sciences,1975,1,bert-hoelldobler,https://www.leopoldina.org/en/members/member-list/detail/bert-hoelldobler
1,Class II: Life Sciences,1975,1,dietrich-schneider,https://www.leopoldina.org/en/members/member-list/detail/dietrich-schneider
1,Class II: Life Sciences,1975,1,gerhard-mitscherlich,https://www.leopoldina.org/en/members/member-list/detail/gerhard-mitscherlich
1,Class II: Life Sciences,1975,1,norbert-hilschmann,https://www.leopoldina.org/en/members/member-list/detail/norbert-hilschmann
1,Class II: Life Sciences,1975,1,sydney-brenner,https://www.leopoldina.org/en/members/member-list/detail/sydney-brenner
1,Class II: Life Sciences,1975,1,wolfgang-haupt,https://www.leopoldina.org/en/members/member-list/detail/wolfgang-haupt
1,Class II: Life Sciences,1976,1,carlos-chagas-1,https://www.leopoldina.org/en/members/member-list/detail/carlos-chagas-1
1,Class II: Life Sciences,1976,1,charles-yanofsky,https://www.leopoldina.org/en/members/member-list/detail/charles-yanofsky
1,Class II: Life Sciences,1976,1,ernst-jm-helmreich,https://www.leopoldina.org/en/members/member-list/detail/ernst-jm-helmreich
1,Class II: Life Sciences,1976,1,hansferdinand-linskens,https://www.leopoldina.org/en/members/member-list/detail/hansferdinand-linskens
1,Class II: Life Sciences,1976,1,hanspeter-mochmann,https://www.leopoldina.org/en/members/member-list/detail/hanspeter-mochmann
1,Class II: Life Sciences,1976,1,karl-decker,https://www.leopoldina.org/en/members/member-list/detail/karl-decker
1,Class II: Life Sciences,1976,1,paul-champagnat,https://www.leopoldina.org/en/members/member-list/detail/paul-champagnat
1,Class II: Life Sciences,1976,1,reinhard-j-haschen,https://www.leopoldina.org/en/members/member-list/detail/reinhard-j-haschen
1,Class II: Life Sciences,1977,1,edward-o-wilson,https://www.leopoldina.org/en/members/member-list/detail/edward-o-wilson
1,Class II: Life Sciences,1977,1,friedrich-ehrendorfer,https://www.leopoldina.org/en/members/member-list/detail/friedrich-ehrendorfer
1,Class II: Life Sciences,1977,1,hans-herken,https://www.leopoldina.org/en/members/member-list/detail/hans-herken
1,Class II: Life Sciences,1977,1,irenaeus-eibl-eibesfeldt,https://www.leopoldina.org/en/members/member-list/detail/irenaeus-eibl-eibesfeldt
1,Class II: Life Sciences,1977,1,jens-christian-skou,https://www.leopoldina.org/en/members/member-list/detail/jens-christian-skou
1,Class II: Life Sciences,1977,1,juergen-peil,https://www.leopoldina.org/en/members/member-list/detail/juergen-peil
1,Class II: Life Sciences,1977,1,ladislav-borecky,https://www.leopoldina.org/en/members/member-list/detail/ladislav-borecky
1,Class II: Life Sciences,1977,1,peter-hans-hofschneider,https://www.leopoldina.org/en/members/member-list/detail/peter-hans-hofschneider
1,Class II: Life Sciences,1977,1,philippe-matile,https://www.leopoldina.org/en/members/member-list/detail/philippe-matile
1,Class II: Life Sciences,1977,1,sune-bergstroem,https://www.leopoldina.org/en/members/member-list/detail/sune-bergstroem
1,Class II: Life Sciences,1977,1,werner-scheler,https://www.leopoldina.org/en/members/member-list/detail/werner-scheler
1,Class II: Life Sciences,1978,1,juergen-aschoff,https://www.leopoldina.org/en/members/member-list/detail/juergen-aschoff
1,Class II: Life Sciences,1978,1,lewis-w-wannamaker,https://www.leopoldina.org/en/members/member-list/detail/lewis-w-wannamaker
1,Class II: Life Sciences,1978,1,marco-mumenthaler,https://www.leopoldina.org/en/members/member-list/detail/marco-mumenthaler
1,Class II: Life Sciences,1978,1,martin-luckner,https://www.leopoldina.org/en/members/member-list/detail/martin-luckner
1,Class II: Life Sciences,1979,1,dimitrij-a-charkevic,https://www.leopoldina.org/en/members/member-list/detail/dimitrij-a-charkevic
1,Class II: Life Sciences,1979,1,genji-matsuda,https://www.leopoldina.org/en/members/member-list/detail/genji-matsuda
1,Class II: Life Sciences,1979,1,gertrude-henle,https://www.leopoldina.org/en/members/member-list/detail/gertrude-henle
1,Class II: Life Sciences,1979,1,guenther-osche,https://www.leopoldina.org/en/members/member-list/detail/guenther-osche
1,Class II: Life Sciences,1979,1,laszlo-szekeres,https://www.leopoldina.org/en/members/member-list/detail/laszlo-szekeres
1,Class II: Life Sciences,1979,1,werner-henle,https://www.leopoldina.org/en/members/member-list/detail/werner-henle
1,Class II: Life Sciences,1980,1,charles-weissmann,https://www.leopoldina.org/en/members/member-list/detail/charles-weissmann
1,Class II: Life Sciences,1980,1,eberhard-hofmann,https://www.leopoldina.org/en/members/member-list/detail/eberhard-hofmann
1,Class II: Life Sciences,1980,1,georg-schoenmuth,https://www.leopoldina.org/en/members/member-list/detail/georg-schoenmuth
1,Class II: Life Sciences,1980,1,heinz-l-saenger,https://www.leopoldina.org/en/members/member-list/detail/heinz-l-saenger
1,Class II: Life Sciences,1980,1,otto-wieland,https://www.leopoldina.org/en/members/member-list/detail/otto-wieland
1,Class II: Life Sciences,1980,1,theodor-o-diener,https://www.leopoldina.org/en/members/member-list/detail/theodor-o-diener
1,Class II: Life Sciences,1981,1,jozef-schell,https://www.leopoldina.org/en/members/member-list/detail/jozef-schell
1,Class II: Life Sciences,1982,1,axel-michelsen,https://www.leopoldina.org/en/members/member-list/detail/axel-michelsen
1,Class II: Life Sciences,1982,1,carl-olof-tamm,https://www.leopoldina.org/en/members/member-list/detail/carl-olof-tamm
1,Class II: Life Sciences,1982,1,cesar-milstein,https://www.leopoldina.org/en/members/member-list/detail/cesar-milstein
1,Class II: Life Sciences,1982,1,hans-j-eggers,https://www.leopoldina.org/en/members/member-list/detail/hans-j-eggers
1,Class II: Life Sciences,1982,1,hans-kummer,https://www.leopoldina.org/en/members/member-list/detail/hans-kummer
1,Class II: Life Sciences,1982,1,klaus-hierholzer,https://www.leopoldina.org/en/members/member-list/detail/klaus-hierholzer
1,Class II: Life Sciences,1982,1,norbert-bischof,https://www.leopoldina.org/en/members/member-list/detail/norbert-bischof
1,Class II: Life Sciences,1982,1,sir-hans-kornberg,https://www.leopoldina.org/en/members/member-list/detail/sir-hans-kornberg
1,Class II: Life Sciences,1983,1,carl-r-woese,https://www.leopoldina.org/en/members/member-list/detail/carl-r-woese
1,Class II: Life Sciences,1983,1,eberhard-wecker,https://www.leopoldina.org/en/members/member-list/detail/eberhard-wecker
1,Class II: Life Sciences,1983,1,fred-lembeck,https://www.leopoldina.org/en/members/member-list/detail/fred-lembeck
1,Class II: Life Sciences,1983,1,guenter-blobel,https://www.leopoldina.org/en/members/member-list/detail/guenter-blobel
1,Class II: Life Sciences,1983,1,harald-aurich,https://www.leopoldina.org/en/members/member-list/detail/harald-aurich
1,Class II: Life Sciences,1983,1,manfred-kirchgessner,https://www.leopoldina.org/en/members/member-list/detail/manfred-kirchgessner
1,Class II: Life Sciences,1983,1,meinhart-h-zenk,https://www.leopoldina.org/en/members/member-list/detail/meinhart-h-zenk
1,Class II: Life Sciences,1984,1,albert-herz,https://www.leopoldina.org/en/members/member-list/detail/albert-herz
1,Class II: Life Sciences,1984,1,paul-stefanovits,https://www.leopoldina.org/en/members/member-list/detail/paul-stefanovits
1,Class II: Life Sciences,1984,1,rudolf-k-thauer,https://www.leopoldina.org/en/members/member-list/detail/rudolf-k-thauer
1,Class II: Life Sciences,1984,1,sir-arnold-burgen,https://www.leopoldina.org/en/members/member-list/detail/sir-arnold-burgen
1,Class II: Life Sciences,1984,1,volker-ter-meulen,https://www.leopoldina.org/en/members/member-list/detail/volker-ter-meulen
1,Class II: Life Sciences,1985,1,georges-koehler,https://www.leopoldina.org/en/members/member-list/detail/georges-koehler
1,Class II: Life Sciences,1985,1,gottfried-schatz,https://www.leopoldina.org/en/members/member-list/detail/gottfried-schatz
1,Class II: Life Sciences,1985,1,hans-kende,https://www.leopoldina.org/en/members/member-list/detail/hans-kende
1,Class II: Life Sciences,1985,1,horst-kleinkauf,https://www.leopoldina.org/en/members/member-list/detail/horst-kleinkauf
1,Class II: Life Sciences,1985,1,hubert-markl,https://www.leopoldina.org/en/members/member-list/detail/hubert-markl
1,Class II: Life Sciences,1985,1,john-m-opitz,https://www.leopoldina.org/en/members/member-list/detail/john-m-opitz
1,Class II: Life Sciences,1985,1,martin-kramer,https://www.leopoldina.org/en/members/member-list/detail/martin-kramer
1,Class II: Life Sciences,1985,1,ruediger-wehner,https://www.leopoldina.org/en/members/member-list/detail/ruediger-wehner
1,Class II: Life Sciences,1985,1,wolfgang-trautwein,https://www.leopoldina.org/en/members/member-list/detail/wolfgang-trautwein
1,Class II: Life Sciences,1986,1,dietrich-seidel,https://www.leopoldina.org/en/members/member-list/detail/dietrich-seidel
1,Class II: Life Sciences,1986,1,thomas-eisner,https://www.leopoldina.org/en/members/member-list/detail/thomas-eisner
1,Class II: Life Sciences,1986,1,ulrich-schneeweiss,https://www.leopoldina.org/en/members/member-list/detail/ulrich-schneeweiss
1,Class II: Life Sciences,1986,1,ulrich-wolf,https://www.leopoldina.org/en/members/member-list/detail/ulrich-wolf
1,Class II: Life Sciences,1986,1,winslow-r-briggs,https://www.leopoldina.org/en/members/member-list/detail/winslow-r-briggs
1,Class II: Life Sciences,1987,1,fritz-anders,https://www.leopoldina.org/en/members/member-list/detail/fritz-anders
1,Class II: Life Sciences,1987,1,harald-zur-hausen,https://www.leopoldina.org/en/members/member-list/detail/harald-zur-hausen
1,Class II: Life Sciences,1987,1,jacques-henry-weil,https://www.leopoldina.org/en/members/member-list/detail/jacques-henry-weil
1,Class II: Life Sciences,1987,1,klaus-starke,https://www.leopoldina.org/en/members/member-list/detail/klaus-starke
1,Class II: Life Sciences,1987,1,kurt-wuethrich,https://www.leopoldina.org/en/members/member-list/detail/kurt-wuethrich
1,Class II: Life Sciences,1987,1,max-l-birnstiel,https://www.leopoldina.org/en/members/member-list/detail/max-l-birnstiel
1,Class II: Life Sciences,1987,1,udo-schwertmann,https://www.leopoldina.org/en/members/member-list/detail/udo-schwertmann
1,Class II: Life Sciences,1987,1,walter-j-gehring,https://www.leopoldina.org/en/members/member-list/detail/walter-j-gehring
1,Class II: Life Sciences,1987,1,wolfram-zillig,https://www.leopoldina.org/en/members/member-list/detail/wolfram-zillig
1,Class II: Life Sciences,1987,1,zvi-laron,https://www.leopoldina.org/en/members/member-list/detail/zvi-laron
1,Class II: Life Sciences,1988,1,august-boeck,https://www.leopoldina.org/en/members/member-list/detail/august-boeck
1,Class II: Life Sciences,1988,1,ernst-georg-krause,https://www.leopoldina.org/en/members/member-list/detail/ernst-georg-krause
1,Class II: Life Sciences,1988,1,ernst-ludwig-winnacker,https://www.leopoldina.org/en/members/member-list/detail/ernst-ludwig-winnacker
1,Class II: Life Sciences,1988,1,gerhard-h-giebisch,https://www.leopoldina.org/en/members/member-list/detail/gerhard-h-giebisch
1,Class II: Life Sciences,1988,1,gerhard-pulverer,https://www.leopoldina.org/en/members/member-list/detail/gerhard-pulverer
1,Class II: Life Sciences,1988,1,heinz-saedler,https://www.leopoldina.org/en/members/member-list/detail/heinz-saedler
1,Class II: Life Sciences,1988,1,hermann-passow,https://www.leopoldina.org/en/members/member-list/detail/hermann-passow
1,Class II: Life Sciences,1988,1,jules-a-hoffmann,https://www.leopoldina.org/en/members/member-list/detail/jules-a-hoffmann
1,Class II: Life Sciences,1988,1,klaus-muentz,https://www.leopoldina.org/en/members/member-list/detail/klaus-muentz
1,Class II: Life Sciences,1988,1,werner-goebel,https://www.leopoldina.org/en/members/member-list/detail/werner-goebel
1,Class II: Life Sciences,1989,1,dieter-oesterhelt,https://www.leopoldina.org/en/members/member-list/detail/dieter-oesterhelt
1,Class II: Life Sciences,1989,1,erich-hecker,https://www.leopoldina.org/en/members/member-list/detail/erich-hecker
1,Class II: Life Sciences,1989,1,ewald-r-weibel,https://www.leopoldina.org/en/members/member-list/detail/ewald-r-weibel
1,Class II: Life Sciences,1989,1,heinz-luellmann,https://www.leopoldina.org/en/members/member-list/detail/heinz-luellmann
1,Class II: Life Sciences,1989,1,klaus-sander,https://www.leopoldina.org/en/members/member-list/detail/klaus-sander
1,Class II: Life Sciences,1989,1,kuno-kirschfeld,https://www.leopoldina.org/en/members/member-list/detail/kuno-kirschfeld
1,Class II: Life Sciences,1989,1,lothar-jaenicke,https://www.leopoldina.org/en/members/member-list/detail/lothar-jaenicke
1,Class II: Life Sciences,1989,1,martin-heisenberg,https://www.leopoldina.org/en/members/member-list/detail/martin-heisenberg
1,Class II: Life Sciences,1989,1,michael-sela,https://www.leopoldina.org/en/members/member-list/detail/michael-sela
1,Class II: Life Sciences,1989,1,renate-hanitzsch,https://www.leopoldina.org/en/members/member-list/detail/renate-hanitzsch
1,Class II: Life Sciences,1989,1,rudolf-schubert,https://www.leopoldina.org/en/members/member-list/detail/rudolf-schubert
1,Class II: Life Sciences,1989,1,wolfgang-klinger,https://www.leopoldina.org/en/members/member-list/detail/wolfgang-klinger
1,Class II: Life Sciences,1990,1,ernst-detlef-schulze,https://www.leopoldina.org/en/members/member-list/detail/ernst-detlef-schulze
1,Class II: Life Sciences,1990,1,gerhard-roebbelen,https://www.leopoldina.org/en/members/member-list/detail/gerhard-roebbelen
1,Class II: Life Sciences,1990,1,gerhard-thews,https://www.leopoldina.org/en/members/member-list/detail/gerhard-thews
1,Class II: Life Sciences,1990,1,klaus-hahlbrock,https://www.leopoldina.org/en/members/member-list/detail/klaus-hahlbrock
1,Class II: Life Sciences,1990,1,robert-huber,https://www.leopoldina.org/en/members/member-list/detail/robert-huber
1,Class II: Life Sciences,1990,1,shosaku-numa,https://www.leopoldina.org/en/members/member-list/detail/shosaku-numa
1,Class II: Life Sciences,1990,1,ulrich-heber,https://www.leopoldina.org/en/members/member-list/detail/ulrich-heber
1,Class II: Life Sciences,1991,1,christiane-nuesslein-volhard,https://www.leopoldina.org/en/members/member-list/detail/christiane-nuesslein-volhard
1,Class II: Life Sciences,1991,1,gerhard-neuweiler,https://www.leopoldina.org/en/members/member-list/detail/gerhard-neuweiler
1,Class II: Life Sciences,1991,1,nikolaus-amrhein,https://www.leopoldina.org/en/members/member-list/detail/nikolaus-amrhein
1,Class II: Life Sciences,1991,1,rainer-jaenicke,https://www.leopoldina.org/en/members/member-list/detail/rainer-jaenicke
1,Class II: Life Sciences,1991,1,widmar-tanner,https://www.leopoldina.org/en/members/member-list/detail/widmar-tanner
1,Class II: Life Sciences,1991,1,yuri-y-gleba,https://www.leopoldina.org/en/members/member-list/detail/yuri-y-gleba
1,Class II: Life Sciences,1992,1,andrej-v-popov,https://www.leopoldina.org/en/members/member-list/detail/andrej-v-popov
1,Class II: Life Sciences,1992,1,fritz-melchers,https://www.leopoldina.org/en/members/member-list/detail/fritz-melchers
1,Class II: Life Sciences,1992,1,gotthilf-hempel,https://www.leopoldina.org/en/members/member-list/detail/gotthilf-hempel
1,Class II: Life Sciences,1992,1,karsten-schroer,https://www.leopoldina.org/en/members/member-list/detail/karsten-schroer
1,Class II: Life Sciences,1992,1,rainer-greger,https://www.leopoldina.org/en/members/member-list/detail/rainer-greger
1,Class II: Life Sciences,1992,1,reinhold-herrmann,https://www.leopoldina.org/en/members/member-list/detail/reinhold-herrmann
1,Class II: Life Sciences,1992,1,satoshi-oomura,https://www.leopoldina.org/en/members/member-list/detail/satoshi-oomura
1,Class II: Life Sciences,1993,1,andreas-sievers,https://www.leopoldina.org/en/members/member-list/detail/andreas-sievers
1,Class II: Life Sciences,1993,1,bert-sakmann,https://www.leopoldina.org/en/members/member-list/detail/bert-sakmann
1,Class II: Life Sciences,1993,1,gunter-s-fischer,https://www.leopoldina.org/en/members/member-list/detail/gunter-s-fischer
1,Class II: Life Sciences,1993,1,harald-reuter,https://www.leopoldina.org/en/members/member-list/detail/harald-reuter
1,Class II: Life Sciences,1993,1,peter-schuster,https://www.leopoldina.org/en/members/member-list/detail/peter-schuster
1,Class II: Life Sciences,1993,1,stig-e-holm,https://www.leopoldina.org/en/members/member-list/detail/stig-e-holm
1,Class II: Life Sciences,1993,1,ulrich-wobus,https://www.leopoldina.org/en/members/member-list/detail/ulrich-wobus
1,Class II: Life Sciences,1993,1,walter-neupert,https://www.leopoldina.org/en/members/member-list/detail/walter-neupert
1,Class II: Life Sciences,1994,1,alexander-von-graevenitz,https://www.leopoldina.org/en/members/member-list/detail/alexander-von-graevenitz
1,Class II: Life Sciences,1994,1,baerbel-friedrich,https://www.leopoldina.org/en/members/member-list/detail/baerbel-friedrich
1,Class II: Life Sciences,1994,1,friedrich-bonhoeffer,https://www.leopoldina.org/en/members/member-list/detail/friedrich-bonhoeffer
1,Class II: Life Sciences,1994,1,hans-dieter-klenk,https://www.leopoldina.org/en/members/member-list/detail/hans-dieter-klenk
1,Class II: Life Sciences,1994,1,lucas-andrew-staehelin,https://www.leopoldina.org/en/members/member-list/detail/lucas-andrew-staehelin
1,Class II: Life Sciences,1994,1,rolf-m-zinkernagel,https://www.leopoldina.org/en/members/member-list/detail/rolf-m-zinkernagel
1,Class II: Life Sciences,1994,1,yasutomi-nishizuka,https://www.leopoldina.org/en/members/member-list/detail/yasutomi-nishizuka
1,Class II: Life Sciences,1995,1,bernhard-fleischer,https://www.leopoldina.org/en/members/member-list/detail/bernhard-fleischer
1,Class II: Life Sciences,1995,1,hartmut-michel,https://www.leopoldina.org/en/members/member-list/detail/hartmut-michel
1,Class II: Life Sciences,1995,1,karl-o-stetter,https://www.leopoldina.org/en/members/member-list/detail/karl-o-stetter
1,Class II: Life Sciences,1995,1,klaus-rajewsky,https://www.leopoldina.org/en/members/member-list/detail/klaus-rajewsky
1,Class II: Life Sciences,1995,1,lutz-nover,https://www.leopoldina.org/en/members/member-list/detail/lutz-nover
1,Class II: Life Sciences,1995,1,pal-venetianer,https://www.leopoldina.org/en/members/member-list/detail/pal-venetianer
1,Class II: Life Sciences,1995,1,peter-gruss,https://www.leopoldina.org/en/members/member-list/detail/peter-gruss
1,Class II: Life Sciences,1995,1,werner-rathmayer,https://www.leopoldina.org/en/members/member-list/detail/werner-rathmayer
1,Class II: Life Sciences,1996,1,bernhard-dobberstein,https://www.leopoldina.org/en/members/member-list/detail/bernhard-dobberstein
1,Class II: Life Sciences,1996,1,bernhard-fleckenstein,https://www.leopoldina.org/en/members/member-list/detail/bernhard-fleckenstein
1,Class II: Life Sciences,1996,1,eckehart-j-jaeger,https://www.leopoldina.org/en/members/member-list/detail/eckehart-j-jaeger
1,Class II: Life Sciences,1996,1,friedrich-widdel,https://www.leopoldina.org/en/members/member-list/detail/friedrich-widdel
1,Class II: Life Sciences,1996,1,heinz-penzlin,https://www.leopoldina.org/en/members/member-list/detail/heinz-penzlin
1,Class II: Life Sciences,1996,1,randolf-menzel,https://www.leopoldina.org/en/members/member-list/detail/randolf-menzel
1,Class II: Life Sciences,1996,1,ulrich-luettge,https://www.leopoldina.org/en/members/member-list/detail/ulrich-luettge
1,Class II: Life Sciences,1997,1,eduard-linsenmair,https://www.leopoldina.org/en/members/member-list/detail/eduard-linsenmair
1,Class II: Life Sciences,1997,1,gerd-utermann,https://www.leopoldina.org/en/members/member-list/detail/gerd-utermann
1,Class II: Life Sciences,1997,1,gottfried-brem,https://www.leopoldina.org/en/members/member-list/detail/gottfried-brem
1,Class II: Life Sciences,1997,1,karl-sperling,https://www.leopoldina.org/en/members/member-list/detail/karl-sperling
1,Class II: Life Sciences,1997,1,peter-k-vogt,https://www.leopoldina.org/en/members/member-list/detail/peter-k-vogt
1,Class II: Life Sciences,1997,1,rudolf-rigler,https://www.leopoldina.org/en/members/member-list/detail/rudolf-rigler
1,Class II: Life Sciences,1997,1,walter-doerfler,https://www.leopoldina.org/en/members/member-list/detail/walter-doerfler
1,Class II: Life Sciences,1998,1,andrei-d-mirzabekov,https://www.leopoldina.org/en/members/member-list/detail/andrei-d-mirzabekov
1,Class II: Life Sciences,1998,1,eberhard-froemter,https://www.leopoldina.org/en/members/member-list/detail/eberhard-froemter
1,Class II: Life Sciences,1998,1,eckard-wimmer,https://www.leopoldina.org/en/members/member-list/detail/eckard-wimmer
1,Class II: Life Sciences,1998,1,erwin-neher,https://www.leopoldina.org/en/members/member-list/detail/erwin-neher
1,Class II: Life Sciences,1998,1,georg-e-schulz,https://www.leopoldina.org/en/members/member-list/detail/georg-e-schulz
1,Class II: Life Sciences,1998,1,gerhard-gottschalk,https://www.leopoldina.org/en/members/member-list/detail/gerhard-gottschalk
1,Class II: Life Sciences,1998,1,gerrit-isenberg,https://www.leopoldina.org/en/members/member-list/detail/gerrit-isenberg
1,Class II: Life Sciences,1998,1,herbert-jaeckle,https://www.leopoldina.org/en/members/member-list/detail/herbert-jaeckle
1,Class II: Life Sciences,1998,1,ingo-hansmann,https://www.leopoldina.org/en/members/member-list/detail/ingo-hansmann
1,Class II: Life Sciences,1998,1,joerg-hacker,https://www.leopoldina.org/en/members/member-list/detail/joerg-hacker
1,Class II: Life Sciences,1998,1,john-g-hildebrand,https://www.leopoldina.org/en/members/member-list/detail/john-g-hildebrand
1,Class II: Life Sciences,1998,1,manfred-goethert,https://www.leopoldina.org/en/members/member-list/detail/manfred-goethert
1,Class II: Life Sciences,1998,1,otto-a-haller,https://www.leopoldina.org/en/members/member-list/detail/otto-a-haller
1,Class II: Life Sciences,1998,1,pieter-adriaan-van-zwieten,https://www.leopoldina.org/en/members/member-list/detail/pieter-adriaan-van-zwieten
1,Class II: Life Sciences,1998,1,stefan-jentsch,https://www.leopoldina.org/en/members/member-list/detail/stefan-jentsch
1,Class II: Life Sciences,1999,1,alfred-puehler,https://www.leopoldina.org/en/members/member-list/detail/alfred-puehler
1,Class II: Life Sciences,1999,1,axel-brennicke,https://www.leopoldina.org/en/members/member-list/detail/axel-brennicke
1,Class II: Life Sciences,1999,1,franz-oesch,https://www.leopoldina.org/en/members/member-list/detail/franz-oesch
1,Class II: Life Sciences,1999,1,friedrich-g-barth,https://www.leopoldina.org/en/members/member-list/detail/friedrich-g-barth
1,Class II: Life Sciences,1999,1,hasso-scholz,https://www.leopoldina.org/en/members/member-list/detail/hasso-scholz
1,Class II: Life Sciences,1999,1,horst-malke,https://www.leopoldina.org/en/members/member-list/detail/horst-malke
1,Class II: Life Sciences,1999,1,irene-schulz-hofer,https://www.leopoldina.org/en/members/member-list/detail/irene-schulz-hofer
1,Class II: Life Sciences,1999,1,kai-simons,https://www.leopoldina.org/en/members/member-list/detail/kai-simons
1,Class II: Life Sciences,1999,1,klaus-peter-sauer,https://www.leopoldina.org/en/members/member-list/detail/klaus-peter-sauer
1,Class II: Life Sciences,1999,1,konrad-sandhoff,https://www.leopoldina.org/en/members/member-list/detail/konrad-sandhoff
1,Class II: Life Sciences,1999,1,lothar-willmitzer,https://www.leopoldina.org/en/members/member-list/detail/lothar-willmitzer
1,Class II: Life Sciences,1999,1,manfred-schliwa,https://www.leopoldina.org/en/members/member-list/detail/manfred-schliwa
1,Class II: Life Sciences,1999,1,martyn-m-caldwell,https://www.leopoldina.org/en/members/member-list/detail/martyn-m-caldwell
1,Class II: Life Sciences,1999,1,michael-hecker,https://www.leopoldina.org/en/members/member-list/detail/michael-hecker
1,Class II: Life Sciences,1999,1,ulrich-koszinowski,https://www.leopoldina.org/en/members/member-list/detail/ulrich-koszinowski
1,Class II: Life Sciences,1999,1,wilhelm-barthlott,https://www.leopoldina.org/en/members/member-list/detail/wilhelm-barthlott
1,Class II: Life Sciences,2000,1,anthony-paul-pugsley,https://www.leopoldina.org/en/members/member-list/detail/anthony-paul-pugsley
1,Class II: Life Sciences,2000,1,axel-ullrich,https://www.leopoldina.org/en/members/member-list/detail/axel-ullrich
1,Class II: Life Sciences,2000,1,bernhard-schink,https://www.leopoldina.org/en/members/member-list/detail/bernhard-schink
1,Class II: Life Sciences,2000,1,brigitte-m-jockusch,https://www.leopoldina.org/en/members/member-list/detail/brigitte-m-jockusch
1,Class II: Life Sciences,2000,1,christian-koerner,https://www.leopoldina.org/en/members/member-list/detail/christian-koerner
1,Class II: Life Sciences,2000,1,dierk-scheel,https://www.leopoldina.org/en/members/member-list/detail/dierk-scheel
1,Class II: Life Sciences,2000,1,eric-westhof,https://www.leopoldina.org/en/members/member-list/detail/eric-westhof
1,Class II: Life Sciences,2000,1,ernst-th-rietschel,https://www.leopoldina.org/en/members/member-list/detail/ernst-th-rietschel
1,Class II: Life Sciences,2000,1,franz-xaver-heinz,https://www.leopoldina.org/en/members/member-list/detail/franz-xaver-heinz
1,Class II: Life Sciences,2000,1,franz-xaver-schmid,https://www.leopoldina.org/en/members/member-list/detail/franz-xaver-schmid
1,Class II: Life Sciences,2000,1,gerd-assmann,https://www.leopoldina.org/en/members/member-list/detail/gerd-assmann
1,Class II: Life Sciences,2000,1,guenther-schuetz,https://www.leopoldina.org/en/members/member-list/detail/guenther-schuetz
1,Class II: Life Sciences,2000,1,guenther-wolfram,https://www.leopoldina.org/en/members/member-list/detail/guenther-wolfram
1,Class II: Life Sciences,2000,1,gunther-neuhaus,https://www.leopoldina.org/en/members/member-list/detail/gunther-neuhaus
1,Class II: Life Sciences,2000,1,heini-murer,https://www.leopoldina.org/en/members/member-list/detail/heini-murer
1,Class II: Life Sciences,2000,1,helmut-sies,https://www.leopoldina.org/en/members/member-list/detail/helmut-sies
1,Class II: Life Sciences,2000,1,juergen-heesemann,https://www.leopoldina.org/en/members/member-list/detail/juergen-heesemann
1,Class II: Life Sciences,2000,1,klaus-peter-hofmann,https://www.leopoldina.org/en/members/member-list/detail/klaus-peter-hofmann
1,Class II: Life Sciences,2000,1,manfred-sumper,https://www.leopoldina.org/en/members/member-list/detail/manfred-sumper
1,Class II: Life Sciences,2000,1,martin-j-lohse,https://www.leopoldina.org/en/members/member-list/detail/martin-j-lohse
1,Class II: Life Sciences,2000,1,michel-rohmer,https://www.leopoldina.org/en/members/member-list/detail/michel-rohmer
1,Class II: Life Sciences,2000,1,nikolaus-pfanner,https://www.leopoldina.org/en/members/member-list/detail/nikolaus-pfanner
1,Class II: Life Sciences,2000,1,norbert-elsner,https://www.leopoldina.org/en/members/member-list/detail/norbert-elsner
1,Class II: Life Sciences,2000,1,peter-k-endress,https://www.leopoldina.org/en/members/member-list/detail/peter-k-endress
1,Class II: Life Sciences,2000,1,rolf-kinne,https://www.leopoldina.org/en/members/member-list/detail/rolf-kinne
1,Class II: Life Sciences,2000,1,stefan-h-e-kaufmann,https://www.leopoldina.org/en/members/member-list/detail/stefan-h-e-kaufmann
1,Class II: Life Sciences,2000,1,wolfgang-loescher,https://www.leopoldina.org/en/members/member-list/detail/wolfgang-loescher
1,Class II: Life Sciences,2001,1,alfred-wittinghofer,https://www.leopoldina.org/en/members/member-list/detail/alfred-wittinghofer
1,Class II: Life Sciences,2001,1,andreas-graner,https://www.leopoldina.org/en/members/member-list/detail/andreas-graner
1,Class II: Life Sciences,2001,1,anna-m-wobus,https://www.leopoldina.org/en/members/member-list/detail/anna-m-wobus
1,Class II: Life Sciences,2001,1,ari-helenius,https://www.leopoldina.org/en/members/member-list/detail/ari-helenius
1,Class II: Life Sciences,2001,1,barry-osmond,https://www.leopoldina.org/en/members/member-list/detail/barry-osmond
1,Class II: Life Sciences,2001,1,bertram-brenig,https://www.leopoldina.org/en/members/member-list/detail/bertram-brenig
1,Class II: Life Sciences,2001,1,brigitte-nixdorf,https://www.leopoldina.org/en/members/member-list/detail/brigitte-nixdorf
1,Class II: Life Sciences,2001,1,eberhard-schaefer,https://www.leopoldina.org/en/members/member-list/detail/eberhard-schaefer
1,Class II: Life Sciences,2001,1,eugene-d-sverdlov,https://www.leopoldina.org/en/members/member-list/detail/eugene-d-sverdlov
1,Class II: Life Sciences,2001,1,franz-hofmann,https://www.leopoldina.org/en/members/member-list/detail/franz-hofmann
1,Class II: Life Sciences,2001,1,gerd-juergens,https://www.leopoldina.org/en/members/member-list/detail/gerd-juergens
1,Class II: Life Sciences,2001,1,guenter-schultz,https://www.leopoldina.org/en/members/member-list/detail/guenter-schultz
1,Class II: Life Sciences,2001,1,hannes-fluehler,https://www.leopoldina.org/en/members/member-list/detail/hannes-fluehler
1,Class II: Life Sciences,2001,1,hauke-hennecke,https://www.leopoldina.org/en/members/member-list/detail/hauke-hennecke
1,Class II: Life Sciences,2001,1,ingrid-koegel-knabner,https://www.leopoldina.org/en/members/member-list/detail/ingrid-koegel-knabner
1,Class II: Life Sciences,2001,1,john-a-pickett,https://www.leopoldina.org/en/members/member-list/detail/john-a-pickett
1,Class II: Life Sciences,2001,1,klaus-eder,https://www.leopoldina.org/en/members/member-list/detail/klaus-eder
1,Class II: Life Sciences,2001,1,martin-roellinghoff,https://www.leopoldina.org/en/members/member-list/detail/martin-roellinghoff
1,Class II: Life Sciences,2001,1,mathias-mueller,https://www.leopoldina.org/en/members/member-list/detail/mathias-mueller
1,Class II: Life Sciences,2001,1,michel-eichelbaum,https://www.leopoldina.org/en/members/member-list/detail/michel-eichelbaum
1,Class II: Life Sciences,2001,1,pascale-cossart,https://www.leopoldina.org/en/members/member-list/detail/pascale-cossart
1,Class II: Life Sciences,2001,1,peter-propping,https://www.leopoldina.org/en/members/member-list/detail/peter-propping
1,Class II: Life Sciences,2001,1,regine-hengge,https://www.leopoldina.org/en/members/member-list/detail/regine-hengge
1,Class II: Life Sciences,2001,1,reinhard-luehrmann,https://www.leopoldina.org/en/members/member-list/detail/reinhard-luehrmann
1,Class II: Life Sciences,2001,1,svante-paeaebo,https://www.leopoldina.org/en/members/member-list/detail/svante-paeaebo
1,Class II: Life Sciences,2001,1,thomas-braun,https://www.leopoldina.org/en/members/member-list/detail/thomas-braun
1,Class II: Life Sciences,2001,1,thomas-f-meyer,https://www.leopoldina.org/en/members/member-list/detail/thomas-f-meyer
1,Class II: Life Sciences,2001,1,ursula-ravens,https://www.leopoldina.org/en/members/member-list/detail/ursula-ravens
1,Class II: Life Sciences,2001,1,walter-g-land,https://www.leopoldina.org/en/members/member-list/detail/walter-g-land
1,Class II: Life Sciences,2001,1,wolfgang-baumeister,https://www.leopoldina.org/en/members/member-list/detail/wolfgang-baumeister
1,Class II: Life Sciences,2002,1,bernard-c-rossier,https://www.leopoldina.org/en/members/member-list/detail/bernard-c-rossier
1,Class II: Life Sciences,2002,1,christof-niehrs,https://www.leopoldina.org/en/members/member-list/detail/christof-niehrs
1,Class II: Life Sciences,2002,1,dietmar-vestweber,https://www.leopoldina.org/en/members/member-list/detail/dietmar-vestweber
1,Class II: Life Sciences,2002,1,elmar-w-weiler,https://www.leopoldina.org/en/members/member-list/detail/elmar-w-weiler
1,Class II: Life Sciences,2002,1,f-ulrich-hartl,https://www.leopoldina.org/en/members/member-list/detail/f-ulrich-hartl
1,Class II: Life Sciences,2002,1,gerhard-burckhardt,https://www.leopoldina.org/en/members/member-list/detail/gerhard-burckhardt
1,Class II: Life Sciences,2002,1,hans-hoppeler,https://www.leopoldina.org/en/members/member-list/detail/hans-hoppeler
1,Class II: Life Sciences,2002,1,ilkka-hanski,https://www.leopoldina.org/en/members/member-list/detail/ilkka-hanski
1,Class II: Life Sciences,2002,1,peter-schopfer,https://www.leopoldina.org/en/members/member-list/detail/peter-schopfer
1,Class II: Life Sciences,2002,1,philippe-j-sansonetti,https://www.leopoldina.org/en/members/member-list/detail/philippe-j-sansonetti
1,Class II: Life Sciences,2002,1,rudi-busse,https://www.leopoldina.org/en/members/member-list/detail/rudi-busse
1,Class II: Life Sciences,2002,1,thomas-boehm,https://www.leopoldina.org/en/members/member-list/detail/thomas-boehm
1,Class II: Life Sciences,2002,1,vladimir-a-shuvalov,https://www.leopoldina.org/en/members/member-list/detail/vladimir-a-shuvalov
1,Class II: Life Sciences,2002,1,wolfgang-hillen,https://www.leopoldina.org/en/members/member-list/detail/wolfgang-hillen
1,Class II: Life Sciences,2003,1,andreas-plueckthun,https://www.leopoldina.org/en/members/member-list/detail/andreas-plueckthun
1,Class II: Life Sciences,2003,1,andreas-radbruch,https://www.leopoldina.org/en/members/member-list/detail/andreas-radbruch
1,Class II: Life Sciences,2003,1,christian-haass,https://www.leopoldina.org/en/members/member-list/detail/christian-haass
1,Class II: Life Sciences,2003,1,enrico-martinoia,https://www.leopoldina.org/en/members/member-list/detail/enrico-martinoia
1,Class II: Life Sciences,2003,1,felix-wieland,https://www.leopoldina.org/en/members/member-list/detail/felix-wieland
1,Class II: Life Sciences,2003,1,florian-lang,https://www.leopoldina.org/en/members/member-list/detail/florian-lang
1,Class II: Life Sciences,2003,1,hannelore-daniel,https://www.leopoldina.org/en/members/member-list/detail/hannelore-daniel
1,Class II: Life Sciences,2003,1,hans-georg-joost,https://www.leopoldina.org/en/members/member-list/detail/hans-georg-joost
1,Class II: Life Sciences,2003,1,hans-hauner,https://www.leopoldina.org/en/members/member-list/detail/hans-hauner
1,Class II: Life Sciences,2003,1,harald-von-boehmer,https://www.leopoldina.org/en/members/member-list/detail/harald-von-boehmer
1,Class II: Life Sciences,2003,1,ilme-schlichting,https://www.leopoldina.org/en/members/member-list/detail/ilme-schlichting
1,Class II: Life Sciences,2003,1,jeff-l-dangl,https://www.leopoldina.org/en/members/member-list/detail/jeff-l-dangl
1,Class II: Life Sciences,2003,1,johann-deisenhofer,https://www.leopoldina.org/en/members/member-list/detail/johann-deisenhofer
1,Class II: Life Sciences,2003,1,klaus-aktories,https://www.leopoldina.org/en/members/member-list/detail/klaus-aktories
1,Class II: Life Sciences,2003,1,roger-s-goody,https://www.leopoldina.org/en/members/member-list/detail/roger-s-goody
1,Class II: Life Sciences,2003,1,rudi-glockshuber,https://www.leopoldina.org/en/members/member-list/detail/rudi-glockshuber
1,Class II: Life Sciences,2003,1,tasuku-honjo,https://www.leopoldina.org/en/members/member-list/detail/tasuku-honjo
1,Class II: Life Sciences,2003,1,tom-a-rapoport,https://www.leopoldina.org/en/members/member-list/detail/tom-a-rapoport
1,Class II: Life Sciences,2003,1,ulf-r-rapp,https://www.leopoldina.org/en/members/member-list/detail/ulf-r-rapp
1,Class II: Life Sciences,2003,1,veit-flockerzi,https://www.leopoldina.org/en/members/member-list/detail/veit-flockerzi
1,Class II: Life Sciences,2003,1,werner-kuehlbrandt,https://www.leopoldina.org/en/members/member-list/detail/werner-kuehlbrandt
1,Class II: Life Sciences,2004,1,bernhard-horsthemke,https://www.leopoldina.org/en/members/member-list/detail/bernhard-horsthemke
1,Class II: Life Sciences,2004,1,cesare-montecucco,https://www.leopoldina.org/en/members/member-list/detail/cesare-montecucco
1,Class II: Life Sciences,2004,1,claus-r-bartram,https://www.leopoldina.org/en/members/member-list/detail/claus-r-bartram
1,Class II: Life Sciences,2004,1,hans-hengartner,https://www.leopoldina.org/en/members/member-list/detail/hans-hengartner
1,Class II: Life Sciences,2004,1,hans-schoeler,https://www.leopoldina.org/en/members/member-list/detail/hans-schoeler
1,Class II: Life Sciences,2004,1,heinz-rennenberg,https://www.leopoldina.org/en/members/member-list/detail/heinz-rennenberg
1,Class II: Life Sciences,2004,1,hermann-e-gaub,https://www.leopoldina.org/en/members/member-list/detail/hermann-e-gaub
1,Class II: Life Sciences,2004,1,hermann-koepsell,https://www.leopoldina.org/en/members/member-list/detail/hermann-koepsell
1,Class II: Life Sciences,2004,1,josef-penninger,https://www.leopoldina.org/en/members/member-list/detail/josef-penninger
1,Class II: Life Sciences,2004,1,josef-pfeilschifter,https://www.leopoldina.org/en/members/member-list/detail/josef-pfeilschifter
1,Class II: Life Sciences,2004,1,juergen-heinze,https://www.leopoldina.org/en/members/member-list/detail/juergen-heinze
1,Class II: Life Sciences,2004,1,juergen-soll,https://www.leopoldina.org/en/members/member-list/detail/juergen-soll
1,Class II: Life Sciences,2004,1,kurt-von-figura,https://www.leopoldina.org/en/members/member-list/detail/kurt-von-figura
1,Class II: Life Sciences,2004,1,markus-riederer,https://www.leopoldina.org/en/members/member-list/detail/markus-riederer
1,Class II: Life Sciences,2004,1,mohamed-a-marahiel,https://www.leopoldina.org/en/members/member-list/detail/mohamed-a-marahiel
1,Class II: Life Sciences,2004,1,paul-schmid-hempel,https://www.leopoldina.org/en/members/member-list/detail/paul-schmid-hempel
1,Class II: Life Sciences,2004,1,peter-h-krammer,https://www.leopoldina.org/en/members/member-list/detail/peter-h-krammer
1,Class II: Life Sciences,2004,1,peter-j-meier-abt,https://www.leopoldina.org/en/members/member-list/detail/peter-j-meier-abt
1,Class II: Life Sciences,2004,1,peter-lichter,https://www.leopoldina.org/en/members/member-list/detail/peter-lichter
1,Class II: Life Sciences,2004,1,reinhard-jahn,https://www.leopoldina.org/en/members/member-list/detail/reinhard-jahn
1,Class II: Life Sciences,2004,1,rudolf-jaenisch,https://www.leopoldina.org/en/members/member-list/detail/rudolf-jaenisch
1,Class II: Life Sciences,2004,1,sir-peter-r-crane,https://www.leopoldina.org/en/members/member-list/detail/sir-peter-r-crane
1,Class II: Life Sciences,2004,1,stefan-mundlos,https://www.leopoldina.org/en/members/member-list/detail/stefan-mundlos
1,Class II: Life Sciences,2004,1,susan-lindquist,https://www.leopoldina.org/en/members/member-list/detail/susan-lindquist
1,Class II: Life Sciences,2004,1,thomas-boerner,https://www.leopoldina.org/en/members/member-list/detail/thomas-boerner
1,Class II: Life Sciences,2004,1,thomas-j-jentsch,https://www.leopoldina.org/en/members/member-list/detail/thomas-j-jentsch
1,Class II: Life Sciences,2004,1,timothy-j-richmond,https://www.leopoldina.org/en/members/member-list/detail/timothy-j-richmond
1,Class II: Life Sciences,2004,1,ulrich-walter,https://www.leopoldina.org/en/members/member-list/detail/ulrich-walter
1,Class II: Life Sciences,2005,1,armin-kurtz,https://www.leopoldina.org/en/members/member-list/detail/armin-kurtz
1,Class II: Life Sciences,2005,1,bernd-bukau,https://www.leopoldina.org/en/members/member-list/detail/bernd-bukau
1,Class II: Life Sciences,2005,1,dan-eric-nilsson,https://www.leopoldina.org/en/members/member-list/detail/dan-eric-nilsson
1,Class II: Life Sciences,2005,1,dirk-goerlich,https://www.leopoldina.org/en/members/member-list/detail/dirk-goerlich
1,Class II: Life Sciences,2005,1,eduard-christian-hurt,https://www.leopoldina.org/en/members/member-list/detail/eduard-christian-hurt
1,Class II: Life Sciences,2005,1,erich-a-nigg,https://www.leopoldina.org/en/members/member-list/detail/erich-a-nigg
1,Class II: Life Sciences,2005,1,georg-wick,https://www.leopoldina.org/en/members/member-list/detail/georg-wick
1,Class II: Life Sciences,2005,1,gerhard-wagner,https://www.leopoldina.org/en/members/member-list/detail/gerhard-wagner
1,Class II: Life Sciences,2005,1,iain-w-mattaj,https://www.leopoldina.org/en/members/member-list/detail/iain-w-mattaj
1,Class II: Life Sciences,2005,1,rainer-hedrich,https://www.leopoldina.org/en/members/member-list/detail/rainer-hedrich
1,Class II: Life Sciences,2005,1,rainer-rudolph,https://www.leopoldina.org/en/members/member-list/detail/rainer-rudolph
1,Class II: Life Sciences,2005,1,roni-aloni,https://www.leopoldina.org/en/members/member-list/detail/roni-aloni
1,Class II: Life Sciences,2005,1,tadamitsu-kishimoto,https://www.leopoldina.org/en/members/member-list/detail/tadamitsu-kishimoto
1,Class II: Life Sciences,2005,1,ulrich-benjamin-kaupp,https://www.leopoldina.org/en/members/member-list/detail/ulrich-benjamin-kaupp
1,Class II: Life Sciences,2006,1,ernest-m-wright,https://www.leopoldina.org/en/members/member-list/detail/ernest-m-wright
1,Class II: Life Sciences,2006,1,hans-georg-kraeusslich,https://www.leopoldina.org/en/members/member-list/detail/hans-georg-kraeusslich
1,Class II: Life Sciences,2006,1,hans-reimer-rodewald,https://www.leopoldina.org/en/members/member-list/detail/hans-reimer-rodewald
1,Class II: Life Sciences,2006,1,horst-bleckmann,https://www.leopoldina.org/en/members/member-list/detail/horst-bleckmann
1,Class II: Life Sciences,2006,1,johannes-buchner,https://www.leopoldina.org/en/members/member-list/detail/johannes-buchner
1,Class II: Life Sciences,2006,1,juergen-schrader,https://www.leopoldina.org/en/members/member-list/detail/juergen-schrader
1,Class II: Life Sciences,2006,1,markus-stoffel,https://www.leopoldina.org/en/members/member-list/detail/markus-stoffel
1,Class II: Life Sciences,2006,1,matthias-w-hentze,https://www.leopoldina.org/en/members/member-list/detail/matthias-w-hentze
1,Class II: Life Sciences,2006,1,michael-reth,https://www.leopoldina.org/en/members/member-list/detail/michael-reth
1,Class II: Life Sciences,2006,1,norbert-sauer,https://www.leopoldina.org/en/members/member-list/detail/norbert-sauer
1,Class II: Life Sciences,2006,1,peter-palese,https://www.leopoldina.org/en/members/member-list/detail/peter-palese
1,Class II: Life Sciences,2006,1,peter-walter,https://www.leopoldina.org/en/members/member-list/detail/peter-walter
1,Class II: Life Sciences,2006,1,seyed-e-hasnain,https://www.leopoldina.org/en/members/member-list/detail/seyed-e-hasnain
1,Class II: Life Sciences,2006,1,stefan-offermanns,https://www.leopoldina.org/en/members/member-list/detail/stefan-offermanns
1,Class II: Life Sciences,2006,1,susanne-von-caemmerer,https://www.leopoldina.org/en/members/member-list/detail/susanne-von-caemmerer
1,Class II: Life Sciences,2006,1,thomas-boller,https://www.leopoldina.org/en/members/member-list/detail/thomas-boller
1,Class II: Life Sciences,2006,1,thomas-cremer,https://www.leopoldina.org/en/members/member-list/detail/thomas-cremer
1,Class II: Life Sciences,2007,1,andre-reis,https://www.leopoldina.org/en/members/member-list/detail/andre-reis
1,Class II: Life Sciences,2007,1,arturo-zychlinsky,https://www.leopoldina.org/en/members/member-list/detail/arturo-zychlinsky
1,Class II: Life Sciences,2007,1,diane-mathis,https://www.leopoldina.org/en/members/member-list/detail/diane-mathis
1,Class II: Life Sciences,2007,1,ellen-fanning,https://www.leopoldina.org/en/members/member-list/detail/ellen-fanning
1,Class II: Life Sciences,2007,1,georg-fuchs,https://www.leopoldina.org/en/members/member-list/detail/georg-fuchs
1,Class II: Life Sciences,2007,1,guido-kroemer,https://www.leopoldina.org/en/members/member-list/detail/guido-kroemer
1,Class II: Life Sciences,2007,1,joachim-messing,https://www.leopoldina.org/en/members/member-list/detail/joachim-messing
1,Class II: Life Sciences,2007,1,joerg-striessnig,https://www.leopoldina.org/en/members/member-list/detail/joerg-striessnig
1,Class II: Life Sciences,2007,1,magdalena-goetz,https://www.leopoldina.org/en/members/member-list/detail/magdalena-goetz
1,Class II: Life Sciences,2007,1,martin-giurfa,https://www.leopoldina.org/en/members/member-list/detail/martin-giurfa
1,Class II: Life Sciences,2007,1,nina-buchmann,https://www.leopoldina.org/en/members/member-list/detail/nina-buchmann
1,Class II: Life Sciences,2007,1,peter-b-becker,https://www.leopoldina.org/en/members/member-list/detail/peter-b-becker
1,Class II: Life Sciences,2007,1,roland-lill,https://www.leopoldina.org/en/members/member-list/detail/roland-lill
1,Class II: Life Sciences,2007,1,rudolf-amann,https://www.leopoldina.org/en/members/member-list/detail/rudolf-amann
1,Class II: Life Sciences,2007,1,susan-m-gasser,https://www.leopoldina.org/en/members/member-list/detail/susan-m-gasser
1,Class II: Life Sciences,2008,1,alastair-compston,https://www.leopoldina.org/en/members/member-list/detail/alastair-compston
1,Class II: Life Sciences,2008,1,axel-a-brakhage,https://www.leopoldina.org/en/members/member-list/detail/axel-a-brakhage
1,Class II: Life Sciences,2008,1,caroline-dean,https://www.leopoldina.org/en/members/member-list/detail/caroline-dean
1,Class II: Life Sciences,2008,1,detlef-weigel,https://www.leopoldina.org/en/members/member-list/detail/detlef-weigel
1,Class II: Life Sciences,2008,1,diethard-tautz,https://www.leopoldina.org/en/members/member-list/detail/diethard-tautz
1,Class II: Life Sciences,2008,1,doris-koesling,https://www.leopoldina.org/en/members/member-list/detail/doris-koesling
1,Class II: Life Sciences,2008,1,ferenc-nagy,https://www.leopoldina.org/en/members/member-list/detail/ferenc-nagy
1,Class II: Life Sciences,2008,1,giulio-superti-furga,https://www.leopoldina.org/en/members/member-list/detail/giulio-superti-furga
1,Class II: Life Sciences,2008,1,hermann-wagner,https://www.leopoldina.org/en/members/member-list/detail/hermann-wagner
1,Class II: Life Sciences,2008,1,ingrid-grummt,https://www.leopoldina.org/en/members/member-list/detail/ingrid-grummt
1,Class II: Life Sciences,2008,1,jens-rettig,https://www.leopoldina.org/en/members/member-list/detail/jens-rettig
1,Class II: Life Sciences,2008,1,joanne-chory,https://www.leopoldina.org/en/members/member-list/detail/joanne-chory
1,Class II: Life Sciences,2008,1,lotte-soegaard-andersen,https://www.leopoldina.org/en/members/member-list/detail/lotte-soegaard-andersen
1,Class II: Life Sciences,2008,1,marina-v-rodnina,https://www.leopoldina.org/en/members/member-list/detail/marina-v-rodnina
1,Class II: Life Sciences,2008,1,markus-affolter,https://www.leopoldina.org/en/members/member-list/detail/markus-affolter
1,Class II: Life Sciences,2008,1,nenad-ban,https://www.leopoldina.org/en/members/member-list/detail/nenad-ban
1,Class II: Life Sciences,2008,1,paola-ricciardi-castagnoli,https://www.leopoldina.org/en/members/member-list/detail/paola-ricciardi-castagnoli
1,Class II: Life Sciences,2008,1,regine-kahmann,https://www.leopoldina.org/en/members/member-list/detail/regine-kahmann
1,Class II: Life Sciences,2008,1,reinhard-kurth,https://www.leopoldina.org/en/members/member-list/detail/reinhard-kurth
1,Class II: Life Sciences,2008,1,stefan-meuer,https://www.leopoldina.org/en/members/member-list/detail/stefan-meuer
1,Class II: Life Sciences,2008,1,thomas-eschenhagen,https://www.leopoldina.org/en/members/member-list/detail/thomas-eschenhagen
1,Class II: Life Sciences,2008,1,ulla-bonas,https://www.leopoldina.org/en/members/member-list/detail/ulla-bonas
1,Class II: Life Sciences,2008,1,volkmar-braun,https://www.leopoldina.org/en/members/member-list/detail/volkmar-braun
1,Class II: Life Sciences,2009,1,alice-dautry,https://www.leopoldina.org/en/members/member-list/detail/alice-dautry
1,Class II: Life Sciences,2009,1,axel-meyer,https://www.leopoldina.org/en/members/member-list/detail/axel-meyer
1,Class II: Life Sciences,2009,1,bernhard-hc-ronacher,https://www.leopoldina.org/en/members/member-list/detail/bernhard-hc-ronacher
1,Class II: Life Sciences,2009,1,elena-conti,https://www.leopoldina.org/en/members/member-list/detail/elena-conti
1,Class II: Life Sciences,2009,1,elisa-izaurralde,https://www.leopoldina.org/en/members/member-list/detail/elisa-izaurralde
1,Class II: Life Sciences,2009,1,federica-sallusto,https://www.leopoldina.org/en/members/member-list/detail/federica-sallusto
1,Class II: Life Sciences,2009,1,frank-kirchhoff,https://www.leopoldina.org/en/members/member-list/detail/frank-kirchhoff
1,Class II: Life Sciences,2009,1,george-michael-coupland,https://www.leopoldina.org/en/members/member-list/detail/george-michael-coupland
1,Class II: Life Sciences,2009,1,hans-oberleithner,https://www.leopoldina.org/en/members/member-list/detail/hans-oberleithner
1,Class II: Life Sciences,2009,1,hans-uwe-simon,https://www.leopoldina.org/en/members/member-list/detail/hans-uwe-simon
1,Class II: Life Sciences,2009,1,jorge-e-galan,https://www.leopoldina.org/en/members/member-list/detail/jorge-e-galan
1,Class II: Life Sciences,2009,1,katja-becker,https://www.leopoldina.org/en/members/member-list/detail/katja-becker
1,Class II: Life Sciences,2009,1,mark-stitt,https://www.leopoldina.org/en/members/member-list/detail/mark-stitt
1,Class II: Life Sciences,2009,1,markus-hoth,https://www.leopoldina.org/en/members/member-list/detail/markus-hoth
1,Class II: Life Sciences,2009,1,markus-m-noethen,https://www.leopoldina.org/en/members/member-list/detail/markus-m-noethen
1,Class II: Life Sciences,2009,1,michael-o-hengartner,https://www.leopoldina.org/en/members/member-list/detail/michael-o-hengartner
1,Class II: Life Sciences,2009,1,michael-wagner,https://www.leopoldina.org/en/members/member-list/detail/michael-wagner
1,Class II: Life Sciences,2009,1,oliver-bruestle,https://www.leopoldina.org/en/members/member-list/detail/oliver-bruestle
1,Class II: Life Sciences,2009,1,patrick-cramer,https://www.leopoldina.org/en/members/member-list/detail/patrick-cramer
1,Class II: Life Sciences,2009,1,robert-eugene-page,https://www.leopoldina.org/en/members/member-list/detail/robert-eugene-page
1,Class II: Life Sciences,2009,1,susanne-renner,https://www.leopoldina.org/en/members/member-list/detail/susanne-renner
1,Class II: Life Sciences,2009,1,thomas-gudermann,https://www.leopoldina.org/en/members/member-list/detail/thomas-gudermann
1,Class II: Life Sciences,2009,1,thomas-tuschl,https://www.leopoldina.org/en/members/member-list/detail/thomas-tuschl
1,Class II: Life Sciences,2009,1,tosso-leeb,https://www.leopoldina.org/en/members/member-list/detail/tosso-leeb
1,Class II: Life Sciences,2010,1,bernd-fakler,https://www.leopoldina.org/en/members/member-list/detail/bernd-fakler
1,Class II: Life Sciences,2010,1,christoph-dehio,https://www.leopoldina.org/en/members/member-list/detail/christoph-dehio
1,Class II: Life Sciences,2010,1,erwin-grill,https://www.leopoldina.org/en/members/member-list/detail/erwin-grill
1,Class II: Life Sciences,2010,1,friedrich-hermann-wagner,https://www.leopoldina.org/en/members/member-list/detail/friedrich-hermann-wagner
1,Class II: Life Sciences,2010,1,irmgard-sinning,https://www.leopoldina.org/en/members/member-list/detail/irmgard-sinning
1,Class II: Life Sciences,2010,1,ivan-dikic,https://www.leopoldina.org/en/members/member-list/detail/ivan-dikic
1,Class II: Life Sciences,2010,1,manfred-milinski,https://www.leopoldina.org/en/members/member-list/detail/manfred-milinski
1,Class II: Life Sciences,2010,1,ole-holger-petersen,https://www.leopoldina.org/en/members/member-list/detail/ole-holger-petersen
1,Class II: Life Sciences,2010,1,paul-schulze-lefert,https://www.leopoldina.org/en/members/member-list/detail/paul-schulze-lefert
1,Class II: Life Sciences,2010,1,ralph-bock,https://www.leopoldina.org/en/members/member-list/detail/ralph-bock
1,Class II: Life Sciences,2010,1,roland-beckmann,https://www.leopoldina.org/en/members/member-list/detail/roland-beckmann
1,Class II: Life Sciences,2010,1,toni-m-kutchan,https://www.leopoldina.org/en/members/member-list/detail/toni-m-kutchan
1,Class II: Life Sciences,2010,1,venkatraman-ramakrishnan,https://www.leopoldina.org/en/members/member-list/detail/venkatraman-ramakrishnan
1,Class II: Life Sciences,2011,1,alexander-borst,https://www.leopoldina.org/en/members/member-list/detail/alexander-borst
1,Class II: Life Sciences,2011,1,andreas-eckhard-kulozik,https://www.leopoldina.org/en/members/member-list/detail/andreas-eckhard-kulozik
1,Class II: Life Sciences,2011,1,barbara-demmig-adams,https://www.leopoldina.org/en/members/member-list/detail/barbara-demmig-adams
1,Class II: Life Sciences,2011,1,caroline-kisker,https://www.leopoldina.org/en/members/member-list/detail/caroline-kisker
1,Class II: Life Sciences,2011,1,christian-bogdan,https://www.leopoldina.org/en/members/member-list/detail/christian-bogdan
1,Class II: Life Sciences,2011,1,erich-gulbins,https://www.leopoldina.org/en/members/member-list/detail/erich-gulbins
1,Class II: Life Sciences,2011,1,ernst-bamberg,https://www.leopoldina.org/en/members/member-list/detail/ernst-bamberg
1,Class II: Life Sciences,2011,1,frits-richard-rosendaal,https://www.leopoldina.org/en/members/member-list/detail/frits-richard-rosendaal
1,Class II: Life Sciences,2011,1,g-balakrish-nair,https://www.leopoldina.org/en/members/member-list/detail/g-balakrish-nair
1,Class II: Life Sciences,2011,1,geoffrey-smith,https://www.leopoldina.org/en/members/member-list/detail/geoffrey-smith
1,Class II: Life Sciences,2011,1,maciej-zylicz,https://www.leopoldina.org/en/members/member-list/detail/maciej-zylicz
1,Class II: Life Sciences,2011,1,manfred-schartl,https://www.leopoldina.org/en/members/member-list/detail/manfred-schartl
1,Class II: Life Sciences,2011,1,sebastian-suerbaum,https://www.leopoldina.org/en/members/member-list/detail/sebastian-suerbaum
1,Class II: Life Sciences,2011,1,stanislav-n-gorb,https://www.leopoldina.org/en/members/member-list/detail/stanislav-n-gorb
1,Class II: Life Sciences,2011,1,ueli-grossniklaus,https://www.leopoldina.org/en/members/member-list/detail/ueli-grossniklaus
1,Class II: Life Sciences,2011,1,ulf-ingo-fluegge,https://www.leopoldina.org/en/members/member-list/detail/ulf-ingo-fluegge
1,Class II: Life Sciences,2011,1,walter-rosenthal,https://www.leopoldina.org/en/members/member-list/detail/walter-rosenthal
1,Class II: Life Sciences,2012,1,amparo-acker-palmer,https://www.leopoldina.org/en/members/member-list/detail/amparo-acker-palmer
1,Class II: Life Sciences,2012,1,brett-b-finlay,https://www.leopoldina.org/en/members/member-list/detail/brett-b-finlay
1,Class II: Life Sciences,2012,1,bruce-beutler,https://www.leopoldina.org/en/members/member-list/detail/bruce-beutler
1,Class II: Life Sciences,2012,1,gerald-rimbach,https://www.leopoldina.org/en/members/member-list/detail/gerald-rimbach
1,Class II: Life Sciences,2012,1,hanns-hatt,https://www.leopoldina.org/en/members/member-list/detail/hanns-hatt
1,Class II: Life Sciences,2012,1,huanming-yang,https://www.leopoldina.org/en/members/member-list/detail/huanming-yang
1,Class II: Life Sciences,2012,1,jiayang-li,https://www.leopoldina.org/en/members/member-list/detail/jiayang-li
1,Class II: Life Sciences,2012,1,julia-anne-vorholt,https://www.leopoldina.org/en/members/member-list/detail/julia-anne-vorholt
1,Class II: Life Sciences,2012,1,lutz-hein,https://www.leopoldina.org/en/members/member-list/detail/lutz-hein
1,Class II: Life Sciences,2012,1,peter-hegemann,https://www.leopoldina.org/en/members/member-list/detail/peter-hegemann
1,Class II: Life Sciences,2012,1,raghavendra-gadagkar,https://www.leopoldina.org/en/members/member-list/detail/raghavendra-gadagkar
1,Class II: Life Sciences,2012,1,stipan-jonjic,https://www.leopoldina.org/en/members/member-list/detail/stipan-jonjic
1,Class II: Life Sciences,2012,1,thomas-langer,https://www.leopoldina.org/en/members/member-list/detail/thomas-langer
1,Class II: Life Sciences,2012,1,ulrike-kutay,https://www.leopoldina.org/en/members/member-list/detail/ulrike-kutay
1,Class II: Life Sciences,2012,1,webster-k-cavenee,https://www.leopoldina.org/en/members/member-list/detail/webster-k-cavenee
1,Class II: Life Sciences,2012,1,wolfgang-meyerhof,https://www.leopoldina.org/en/members/member-list/detail/wolfgang-meyerhof
1,Class II: Life Sciences,2013,1,ada-yonath,https://www.leopoldina.org/en/members/member-list/detail/ada-yonath
1,Class II: Life Sciences,2013,1,christian-jung,https://www.leopoldina.org/en/members/member-list/detail/christian-jung
1,Class II: Life Sciences,2013,1,gabriel-waksman,https://www.leopoldina.org/en/members/member-list/detail/gabriel-waksman
1,Class II: Life Sciences,2013,1,gunther-hartmann,https://www.leopoldina.org/en/members/member-list/detail/gunther-hartmann
1,Class II: Life Sciences,2013,1,ian-thomas-baldwin,https://www.leopoldina.org/en/members/member-list/detail/ian-thomas-baldwin
1,Class II: Life Sciences,2013,1,ingo-schubert,https://www.leopoldina.org/en/members/member-list/detail/ingo-schubert
1,Class II: Life Sciences,2013,1,jan-loewe,https://www.leopoldina.org/en/members/member-list/detail/jan-loewe
1,Class II: Life Sciences,2013,1,jane-parker,https://www.leopoldina.org/en/members/member-list/detail/jane-parker
1,Class II: Life Sciences,2013,1,joerg-vogel,https://www.leopoldina.org/en/members/member-list/detail/joerg-vogel
1,Class II: Life Sciences,2013,1,johannes-peter-stasch,https://www.leopoldina.org/en/members/member-list/detail/johannes-peter-stasch
1,Class II: Life Sciences,2013,1,lord-john-r-krebs,https://www.leopoldina.org/en/members/member-list/detail/lord-john-r-krebs
1,Class II: Life Sciences,2013,1,markus-aebi,https://www.leopoldina.org/en/members/member-list/detail/markus-aebi
1,Class II: Life Sciences,2013,1,martin-biel,https://www.leopoldina.org/en/members/member-list/detail/martin-biel
1,Class II: Life Sciences,2013,1,matthias-mann,https://www.leopoldina.org/en/members/member-list/detail/matthias-mann
1,Class II: Life Sciences,2013,1,matthias-tschoep,https://www.leopoldina.org/en/members/member-list/detail/matthias-tschoep
1,Class II: Life Sciences,2013,1,matthias-wilmanns,https://www.leopoldina.org/en/members/member-list/detail/matthias-wilmanns
1,Class II: Life Sciences,2013,1,peter-westhoff,https://www.leopoldina.org/en/members/member-list/detail/peter-westhoff
1,Class II: Life Sciences,2013,1,rainer-matyssek,https://www.leopoldina.org/en/members/member-list/detail/rainer-matyssek
1,Class II: Life Sciences,2013,1,ralf-bartenschlager,https://www.leopoldina.org/en/members/member-list/detail/ralf-bartenschlager
1,Class II: Life Sciences,2013,1,xuetao-cao,https://www.leopoldina.org/en/members/member-list/detail/xuetao-cao
1,Class II: Life Sciences,2014,1,angela-m-gronenborn,https://www.leopoldina.org/en/members/member-list/detail/angela-m-gronenborn
1,Class II: Life Sciences,2014,1,carmen-buchrieser,https://www.leopoldina.org/en/members/member-list/detail/carmen-buchrieser
1,Class II: Life Sciences,2014,1,christian-kurts,https://www.leopoldina.org/en/members/member-list/detail/christian-kurts
1,Class II: Life Sciences,2014,1,erika-von-mutius,https://www.leopoldina.org/en/members/member-list/detail/erika-von-mutius
1,Class II: Life Sciences,2014,1,frauke-melchior,https://www.leopoldina.org/en/members/member-list/detail/frauke-melchior
1,Class II: Life Sciences,2014,1,karl-peter-hopfner,https://www.leopoldina.org/en/members/member-list/detail/karl-peter-hopfner
1,Class II: Life Sciences,2014,1,klaus-armin-nave,https://www.leopoldina.org/en/members/member-list/detail/klaus-armin-nave
1,Class II: Life Sciences,2014,1,maarten-koornneef,https://www.leopoldina.org/en/members/member-list/detail/maarten-koornneef
1,Class II: Life Sciences,2014,1,martin-wikelski,https://www.leopoldina.org/en/members/member-list/detail/martin-wikelski
1,Class II: Life Sciences,2014,1,matthias-rief,https://www.leopoldina.org/en/members/member-list/detail/matthias-rief
1,Class II: Life Sciences,2014,1,matthias-schwab,https://www.leopoldina.org/en/members/member-list/detail/matthias-schwab
1,Class II: Life Sciences,2014,1,nils-brose,https://www.leopoldina.org/en/members/member-list/detail/nils-brose
1,Class II: Life Sciences,2014,1,ottoline-leyser,https://www.leopoldina.org/en/members/member-list/detail/ottoline-leyser
1,Class II: Life Sciences,2014,1,peer-bork,https://www.leopoldina.org/en/members/member-list/detail/peer-bork
1,Class II: Life Sciences,2014,1,ruedi-aebersold,https://www.leopoldina.org/en/members/member-list/detail/ruedi-aebersold
1,Class II: Life Sciences,2015,1,andreas-weber,https://www.leopoldina.org/en/members/member-list/detail/andreas-weber
1,Class II: Life Sciences,2015,1,anita-rauch,https://www.leopoldina.org/en/members/member-list/detail/anita-rauch
1,Class II: Life Sciences,2015,1,beat-keller,https://www.leopoldina.org/en/members/member-list/detail/beat-keller
1,Class II: Life Sciences,2015,1,bernd-fritzsch,https://www.leopoldina.org/en/members/member-list/detail/bernd-fritzsch
1,Class II: Life Sciences,2015,1,carl-philipp-heisenberg,https://www.leopoldina.org/en/members/member-list/detail/carl-philipp-heisenberg
1,Class II: Life Sciences,2015,1,christian-hertweck,https://www.leopoldina.org/en/members/member-list/detail/christian-hertweck
1,Class II: Life Sciences,2015,1,dieter-ebert,https://www.leopoldina.org/en/members/member-list/detail/dieter-ebert
1,Class II: Life Sciences,2015,1,elisabeth-knust,https://www.leopoldina.org/en/members/member-list/detail/elisabeth-knust
1,Class II: Life Sciences,2015,1,emmanuelle-charpentier,https://www.leopoldina.org/en/members/member-list/detail/emmanuelle-charpentier
1,Class II: Life Sciences,2015,1,eva-kondorosi,https://www.leopoldina.org/en/members/member-list/detail/eva-kondorosi
1,Class II: Life Sciences,2015,1,jan-o-korbel,https://www.leopoldina.org/en/members/member-list/detail/jan-o-korbel
1,Class II: Life Sciences,2015,1,juergen-ruland,https://www.leopoldina.org/en/members/member-list/detail/juergen-ruland
1,Class II: Life Sciences,2015,1,katrin-boehning-gaese,https://www.leopoldina.org/en/members/member-list/detail/katrin-boehning-gaese
1,Class II: Life Sciences,2015,1,martin-eilers,https://www.leopoldina.org/en/members/member-list/detail/martin-eilers
1,Class II: Life Sciences,2015,1,nicole-dubilier,https://www.leopoldina.org/en/members/member-list/detail/nicole-dubilier
1,Class II: Life Sciences,2015,1,stephan-becker,https://www.leopoldina.org/en/members/member-list/detail/stephan-becker
1,Class II: Life Sciences,2015,1,susan-trumbore,https://www.leopoldina.org/en/members/member-list/detail/susan-trumbore
1,Class II: Life Sciences,2015,1,winfried-denk,https://www.leopoldina.org/en/members/member-list/detail/winfried-denk
1,Class II: Life Sciences,2015,1,wolf-b-frommer,https://www.leopoldina.org/en/members/member-list/detail/wolf-b-frommer
1,Class II: Life Sciences,2016,1,aaron-ciechanover,https://www.leopoldina.org/en/members/member-list/detail/aaron-ciechanover
1,Class II: Life Sciences,2016,1,albert-osterhaus,https://www.leopoldina.org/en/members/member-list/detail/albert-osterhaus
1,Class II: Life Sciences,2016,1,alexander-pfeifer,https://www.leopoldina.org/en/members/member-list/detail/alexander-pfeifer
1,Class II: Life Sciences,2016,1,christian-spahn,https://www.leopoldina.org/en/members/member-list/detail/christian-spahn
1,Class II: Life Sciences,2016,1,edvard-moser,https://www.leopoldina.org/en/members/member-list/detail/edvard-moser
1,Class II: Life Sciences,2016,1,eicke-latz,https://www.leopoldina.org/en/members/member-list/detail/eicke-latz
1,Class II: Life Sciences,2016,1,ekkehard-neuhaus,https://www.leopoldina.org/en/members/member-list/detail/ekkehard-neuhaus
1,Class II: Life Sciences,2016,1,ingrid-fleming,https://www.leopoldina.org/en/members/member-list/detail/ingrid-fleming
1,Class II: Life Sciences,2016,1,maria-leptin,https://www.leopoldina.org/en/members/member-list/detail/maria-leptin
1,Class II: Life Sciences,2016,1,may-britt-moser,https://www.leopoldina.org/en/members/member-list/detail/may-britt-moser
1,Class II: Life Sciences,2016,1,rajeev-kumar-varshney,https://www.leopoldina.org/en/members/member-list/detail/rajeev-kumar-varshney
1,Class II: Life Sciences,2016,1,rolf-mueller,https://www.leopoldina.org/en/members/member-list/detail/rolf-mueller
1,Class II: Life Sciences,2016,1,sabeeha-merchant,https://www.leopoldina.org/en/members/member-list/detail/sabeeha-merchant
1,Class II: Life Sciences,2016,1,veit-hornung,https://www.leopoldina.org/en/members/member-list/detail/veit-hornung
1,Class II: Life Sciences,2016,1,william-e-evans,https://www.leopoldina.org/en/members/member-list/detail/william-e-evans
1,Class II: Life Sciences,2017,1,bernd-fleischmann,https://www.leopoldina.org/en/members/member-list/detail/bernd-fleischmann
1,Class II: Life Sciences,2017,1,bill-s-hansson,https://www.leopoldina.org/en/members/member-list/detail/bill-s-hansson
1,Class II: Life Sciences,2017,1,dario-leister,https://www.leopoldina.org/en/members/member-list/detail/dario-leister
1,Class II: Life Sciences,2017,1,dirk-h-busch,https://www.leopoldina.org/en/members/member-list/detail/dirk-h-busch
1,Class II: Life Sciences,2017,1,dorothee-kern,https://www.leopoldina.org/en/members/member-list/detail/dorothee-kern
1,Class II: Life Sciences,2017,1,erin-schuman,https://www.leopoldina.org/en/members/member-list/detail/erin-schuman
1,Class II: Life Sciences,2017,1,jens-c-bruening,https://www.leopoldina.org/en/members/member-list/detail/jens-c-bruening
1,Class II: Life Sciences,2017,1,julian-schroeder,https://www.leopoldina.org/en/members/member-list/detail/julian-schroeder
1,Class II: Life Sciences,2017,1,katayoon-dehesh,https://www.leopoldina.org/en/members/member-list/detail/katayoon-dehesh
1,Class II: Life Sciences,2017,1,maike-sander,https://www.leopoldina.org/en/members/member-list/detail/maike-sander
1,Class II: Life Sciences,2017,1,mandyam-v-srinivasan,https://www.leopoldina.org/en/members/member-list/detail/mandyam-v-srinivasan
1,Class II: Life Sciences,2017,1,michael-brunner,https://www.leopoldina.org/en/members/member-list/detail/michael-brunner
1,Class II: Life Sciences,2017,1,michael-sattler,https://www.leopoldina.org/en/members/member-list/detail/michael-sattler
1,Class II: Life Sciences,2017,1,volker-haucke,https://www.leopoldina.org/en/members/member-list/detail/volker-haucke
1,Class II: Life Sciences,2018,1,carmen-birchmeier,https://www.leopoldina.org/en/members/member-list/detail/carmen-birchmeier
1,Class II: Life Sciences,2018,1,chris-carolin-schoen,https://www.leopoldina.org/en/members/member-list/detail/chris-carolin-schoen
1,Class II: Life Sciences,2018,1,claudia-koehler,https://www.leopoldina.org/en/members/member-list/detail/claudia-koehler
1,Class II: Life Sciences,2018,1,garret-a-fitzgerald,https://www.leopoldina.org/en/members/member-list/detail/garret-a-fitzgerald
1,Class II: Life Sciences,2018,1,heinz-feldmann,https://www.leopoldina.org/en/members/member-list/detail/heinz-feldmann
1,Class II: Life Sciences,2018,1,helga-ruebsamen-schaeff,https://www.leopoldina.org/en/members/member-list/detail/helga-ruebsamen-schaeff
1,Class II: Life Sciences,2018,1,heyo-k-kroemer,https://www.leopoldina.org/en/members/member-list/detail/heyo-k-kroemer
1,Class II: Life Sciences,2018,1,holger-stark,https://www.leopoldina.org/en/members/member-list/detail/holger-stark
1,Class II: Life Sciences,2018,1,jan-ellenberg,https://www.leopoldina.org/en/members/member-list/detail/jan-ellenberg
1,Class II: Life Sciences,2018,1,joachim-von-braun,https://www.leopoldina.org/en/members/member-list/detail/joachim-von-braun
1,Class II: Life Sciences,2018,1,johannes-lehmann,https://www.leopoldina.org/en/members/member-list/detail/johannes-lehmann
1,Class II: Life Sciences,2018,1,manajit-hayer-hartl,https://www.leopoldina.org/en/members/member-list/detail/manajit-hayer-hartl
1,Class II: Life Sciences,2018,1,matin-qaim,https://www.leopoldina.org/en/members/member-list/detail/matin-qaim
1,Class II: Life Sciences,2018,1,miguel-vences,https://www.leopoldina.org/en/members/member-list/detail/miguel-vences
1,Class II: Life Sciences,2018,1,peter-piot,https://www.leopoldina.org/en/members/member-list/detail/peter-piot
1,Class II: Life Sciences,2018,1,peter-rehling,https://www.leopoldina.org/en/members/member-list/detail/peter-rehling
1,Class II: Life Sciences,2018,1,roland-eils,https://www.leopoldina.org/en/members/member-list/detail/roland-eils
1,Class II: Life Sciences,2018,1,wolf-dietrich-hardt,https://www.leopoldina.org/en/members/member-list/detail/wolf-dietrich-hardt
1,Class II: Life Sciences,2019,1,asifa-akhtar,https://www.leopoldina.org/en/members/member-list/detail/asifa-akhtar
1,Class II: Life Sciences,2019,1,brenda-a-schulman,https://www.leopoldina.org/en/members/member-list/detail/brenda-a-schulman
1,Class II: Life Sciences,2019,1,christian-fankhauser,https://www.leopoldina.org/en/members/member-list/detail/christian-fankhauser
1,Class II: Life Sciences,2019,1,christian-rosenmund,https://www.leopoldina.org/en/members/member-list/detail/christian-rosenmund
1,Class II: Life Sciences,2019,1,constance-scharff,https://www.leopoldina.org/en/members/member-list/detail/constance-scharff
1,Class II: Life Sciences,2019,1,feng-shao,https://www.leopoldina.org/en/members/member-list/detail/feng-shao
1,Class II: Life Sciences,2019,1,kaspar-locher,https://www.leopoldina.org/en/members/member-list/detail/kaspar-locher
1,Class II: Life Sciences,2019,1,ludger-johannes,https://www.leopoldina.org/en/members/member-list/detail/ludger-johannes
1,Class II: Life Sciences,2019,1,mathias-heikenwaelder,https://www.leopoldina.org/en/members/member-list/detail/mathias-heikenwaelder
1,Class II: Life Sciences,2019,1,melina-schuh,https://www.leopoldina.org/en/members/member-list/detail/melina-schuh
1,Class II: Life Sciences,2019,1,michael-speicher,https://www.leopoldina.org/en/members/member-list/detail/michael-speicher
1,Class II: Life Sciences,2019,1,nikolaus-rajewsky,https://www.leopoldina.org/en/members/member-list/detail/nikolaus-rajewsky
1,Class II: Life Sciences,2019,1,rohini-kuner,https://www.leopoldina.org/en/members/member-list/detail/rohini-kuner
1,Class II: Life Sciences,2019,1,stefan-raunser,https://www.leopoldina.org/en/members/member-list/detail/stefan-raunser
1,Class II: Life Sciences,2019,1,thomas-d-seeley,https://www.leopoldina.org/en/members/member-list/detail/thomas-d-seeley
1,Class II: Life Sciences,2020,1,andreas-j-baeumler,https://www.leopoldina.org/en/members/member-list/detail/andreas-j-baeumler
1,Class II: Life Sciences,2020,1,gang-pei,https://www.leopoldina.org/en/members/member-list/detail/gang-pei
1,Class II: Life Sciences,2020,1,george-f-gao,https://www.leopoldina.org/en/members/member-list/detail/george-f-gao
1,Class II: Life Sciences,2020,1,joern-piel,https://www.leopoldina.org/en/members/member-list/detail/joern-piel
1,Class II: Life Sciences,2020,1,johannes-herrmann,https://www.leopoldina.org/en/members/member-list/detail/johannes-herrmann
1,Class II: Life Sciences,2020,1,marja-c-p-timmermans,https://www.leopoldina.org/en/members/member-list/detail/marja-c-p-timmermans
1,Class II: Life Sciences,2020,1,martina-muckenthaler,https://www.leopoldina.org/en/members/member-list/detail/martina-muckenthaler
1,Class II: Life Sciences,2020,1,maya-schuldiner,https://www.leopoldina.org/en/members/member-list/detail/maya-schuldiner
1,Class II: Life Sciences,2020,1,oliver-einsle,https://www.leopoldina.org/en/members/member-list/detail/oliver-einsle
1,Class II: Life Sciences,2020,1,paola-picotti,https://www.leopoldina.org/en/members/member-list/detail/paola-picotti
1,Class II: Life Sciences,2020,1,ruth-ley,https://www.leopoldina.org/en/members/member-list/detail/ruth-ley
1,Class II: Life Sciences,2020,1,sir-peter-j-ratcliffe,https://www.leopoldina.org/en/members/member-list/detail/sir-peter-j-ratcliffe
1,Class II: Life Sciences,2020,1,ulrich-technau,https://www.leopoldina.org/en/members/member-list/detail/ulrich-technau
1,Class II: Life Sciences,2020,1,ursula-jakob,https://www.leopoldina.org/en/members/member-list/detail/ursula-jakob
1,Class II: Life Sciences,2020,1,uwe-sonnewald,https://www.leopoldina.org/en/members/member-list/detail/uwe-sonnewald
1,Class II: Life Sciences,2021,1,anna-koettgen,https://www.leopoldina.org/en/members/member-list/detail/anna-koettgen
1,Class II: Life Sciences,2021,1,anne-spang,https://www.leopoldina.org/en/members/member-list/detail/anne-spang
1,Class II: Life Sciences,2021,1,anthony-hyman,https://www.leopoldina.org/en/members/member-list/detail/anthony-hyman
1,Class II: Life Sciences,2021,1,barbara-rehermann,https://www.leopoldina.org/en/members/member-list/detail/barbara-rehermann
1,Class II: Life Sciences,2021,1,bernhard-kuester,https://www.leopoldina.org/en/members/member-list/detail/bernhard-kuester
1,Class II: Life Sciences,2021,1,blanche-schwappach-pignataro,https://www.leopoldina.org/en/members/member-list/detail/blanche-schwappach-pignataro
1,Class II: Life Sciences,2021,1,charlotte-foerster,https://www.leopoldina.org/en/members/member-list/detail/charlotte-foerster
1,Class II: Life Sciences,2021,1,christian-drosten,https://www.leopoldina.org/en/members/member-list/detail/christian-drosten
1,Class II: Life Sciences,2021,1,edith-heard,https://www.leopoldina.org/en/members/member-list/detail/edith-heard
1,Class II: Life Sciences,2021,1,gerhard-hummer,https://www.leopoldina.org/en/members/member-list/detail/gerhard-hummer
1,Class II: Life Sciences,2021,1,helle-ulrich,https://www.leopoldina.org/en/members/member-list/detail/helle-ulrich
1,Class II: Life Sciences,2021,1,jeanette-erdmann,https://www.leopoldina.org/en/members/member-list/detail/jeanette-erdmann
1,Class II: Life Sciences,2021,1,jonathan-gershenzon,https://www.leopoldina.org/en/members/member-list/detail/jonathan-gershenzon
1,Class II: Life Sciences,2021,1,joseph-heitman,https://www.leopoldina.org/en/members/member-list/detail/joseph-heitman
1,Class II: Life Sciences,2021,1,lars-chittka,https://www.leopoldina.org/en/members/member-list/detail/lars-chittka
1,Class II: Life Sciences,2021,1,marco-prinz,https://www.leopoldina.org/en/members/member-list/detail/marco-prinz
1,Class II: Life Sciences,2021,1,maria-von-korff-schmising,https://www.leopoldina.org/en/members/member-list/detail/maria-von-korff-schmising
1,Class II: Life Sciences,2021,1,matthias-c-rillig,https://www.leopoldina.org/en/members/member-list/detail/matthias-c-rillig
1,Class II: Life Sciences,2021,1,melanie-blokesch,https://www.leopoldina.org/en/members/member-list/detail/melanie-blokesch
1,Class II: Life Sciences,2021,1,nicolaus-von-wiren,https://www.leopoldina.org/en/members/member-list/detail/nicolaus-von-wiren
1,Class II: Life Sciences,2021,1,oezlem-tuereci,https://www.leopoldina.org/en/members/member-list/detail/oezlem-tuereci
1,Class II: Life Sciences,2021,1,patrick-a-baeuerle,https://www.leopoldina.org/en/members/member-list/detail/patrick-a-baeuerle
1,Class II: Life Sciences,2021,1,ugur-sahin,https://www.leopoldina.org/en/members/member-list/detail/ugur-sahin
1,Class II: Life Sciences,2021,1,ulrich-brandt,https://www.leopoldina.org/en/members/member-list/detail/ulrich-brandt
1,Class II: Life Sciences,2021,1,ute-kraemer,https://www.leopoldina.org/en/members/member-list/detail/ute-kraemer
1,Class II: Life Sciences,2022,1,alexandra-zoe-worden,https://www.leopoldina.org/en/members/member-list/detail/alexandra-zoe-worden
1,Class II: Life Sciences,2022,1,andrea-ablasser,https://www.leopoldina.org/en/members/member-list/detail/andrea-ablasser
1,Class II: Life Sciences,2022,1,andreas-peschel,https://www.leopoldina.org/en/members/member-list/detail/andreas-peschel
1,Class II: Life Sciences,2022,1,claudia-hoebartner,https://www.leopoldina.org/en/members/member-list/detail/claudia-hoebartner
1,Class II: Life Sciences,2022,1,hans-georg-rammensee,https://www.leopoldina.org/en/members/member-list/detail/hans-georg-rammensee
1,Class II: Life Sciences,2022,1,helmut-grubmueller,https://www.leopoldina.org/en/members/member-list/detail/helmut-grubmueller
1,Class II: Life Sciences,2022,1,ivo-feussner,https://www.leopoldina.org/en/members/member-list/detail/ivo-feussner
1,Class II: Life Sciences,2022,1,kai-uwe-eckardt,https://www.leopoldina.org/en/members/member-list/detail/kai-uwe-eckardt
1,Class II: Life Sciences,2022,1,katalin-kariko,https://www.leopoldina.org/en/members/member-list/detail/katalin-kariko
1,Class II: Life Sciences,2022,1,michael-boutros,https://www.leopoldina.org/en/members/member-list/detail/michael-boutros
1,Class II: Life Sciences,2022,1,robert-grosse,https://www.leopoldina.org/en/members/member-list/detail/robert-grosse
1,Class II: Life Sciences,2022,1,rotem-sorek,https://www.leopoldina.org/en/members/member-list/detail/rotem-sorek
1,Class II: Life Sciences,2022,1,sonja-verena-albers,https://www.leopoldina.org/en/members/member-list/detail/sonja-verena-albers
1,Class II: Life Sciences,2022,1,tina-romeis,https://www.leopoldina.org/en/members/member-list/detail/tina-romeis
1,Class II: Life Sciences,2022,1,wulf-amelung,https://www.leopoldina.org/en/members/member-list/detail/wulf-amelung
1,Class II: Life Sciences,2023,1,agnieszka-chacinska,https://www.leopoldina.org/en/members/member-list/detail/agnieszka-chacinska
1,Class II: Life Sciences,2023,1,andrea-musacchio,https://www.leopoldina.org/en/members/member-list/detail/andrea-musacchio
1,Class II: Life Sciences,2023,1,annette-oxenius,https://www.leopoldina.org/en/members/member-list/detail/annette-oxenius
1,Class II: Life Sciences,2023,1,christa-e-mueller,https://www.leopoldina.org/en/members/member-list/detail/christa-e-mueller
1,Class II: Life Sciences,2023,1,christian-wolfrum,https://www.leopoldina.org/en/members/member-list/detail/christian-wolfrum
1,Class II: Life Sciences,2023,1,christoph-plass,https://www.leopoldina.org/en/members/member-list/detail/christoph-plass
1,Class II: Life Sciences,2023,1,dame-linda-partridge,https://www.leopoldina.org/en/members/member-list/detail/dame-linda-partridge
1,Class II: Life Sciences,2023,1,eric-james-warrant,https://www.leopoldina.org/en/members/member-list/detail/eric-james-warrant
1,Class II: Life Sciences,2023,1,karl-josef-dietz,https://www.leopoldina.org/en/members/member-list/detail/karl-josef-dietz
1,Class II: Life Sciences,2023,1,maria-elena-torres-padilla,https://www.leopoldina.org/en/members/member-list/detail/maria-elena-torres-padilla
1,Class II: Life Sciences,2023,1,martin-beck,https://www.leopoldina.org/en/members/member-list/detail/martin-beck
1,Class II: Life Sciences,2023,1,mikael-simons,https://www.leopoldina.org/en/members/member-list/detail/mikael-simons
1,Class II: Life Sciences,2023,1,nico-eisenhauer,https://www.leopoldina.org/en/members/member-list/detail/nico-eisenhauer
1,Class II: Life Sciences,2023,1,petra-dersch,https://www.leopoldina.org/en/members/member-list/detail/petra-dersch
1,Class II: Life Sciences,2023,1,tanja-stadler,https://www.leopoldina.org/en/members/member-list/detail/tanja-stadler
1,Class II: Life Sciences,2023,1,tobias-j-erb,https://www.leopoldina.org/en/members/member-list/detail/tobias-j-erb
1,Class II: Life Sciences,2023,1,uta-paszkowski,https://www.leopoldina.org/en/members/member-list/detail/uta-paszkowski
1,Class II: Life Sciences,2024,1,alessandra-moretti,https://www.leopoldina.org/en/members/member-list/detail/alessandra-moretti
1,Class II: Life Sciences,2024,1,andreas-nieder,https://www.leopoldina.org/en/members/member-list/detail/andreas-nieder
1,Class II: Life Sciences,2024,1,anne-ephrussi,https://www.leopoldina.org/en/members/member-list/detail/anne-ephrussi
1,Class II: Life Sciences,2024,1,chiara-romagnani,https://www.leopoldina.org/en/members/member-list/detail/chiara-romagnani
1,Class II: Life Sciences,2024,1,christian-ungermann,https://www.leopoldina.org/en/members/member-list/detail/christian-ungermann
1,Class II: Life Sciences,2024,1,christian-wirth,https://www.leopoldina.org/en/members/member-list/detail/christian-wirth
1,Class II: Life Sciences,2024,1,dirk-bumann,https://www.leopoldina.org/en/members/member-list/detail/dirk-bumann
1,Class II: Life Sciences,2024,1,eileen-em-furlong,https://www.leopoldina.org/en/members/member-list/detail/eileen-em-furlong
1,Class II: Life Sciences,2024,1,elly-margaret-tanaka,https://www.leopoldina.org/en/members/member-list/detail/elly-margaret-tanaka
1,Class II: Life Sciences,2024,1,holger-puchta,https://www.leopoldina.org/en/members/member-list/detail/holger-puchta
1,Class II: Life Sciences,2024,1,juergen-knoblich,https://www.leopoldina.org/en/members/member-list/detail/juergen-knoblich
1,Class II: Life Sciences,2024,1,kai-tittmann,https://www.leopoldina.org/en/members/member-list/detail/kai-tittmann
1,Class II: Life Sciences,2024,1,marino-zerial,https://www.leopoldina.org/en/members/member-list/detail/marino-zerial
1,Class II: Life Sciences,2024,1,rudolf-zechner,https://www.leopoldina.org/en/members/member-list/detail/rudolf-zechner
1,Class II: Life Sciences,2024,1,sarah-oconnor,https://www.leopoldina.org/en/members/member-list/detail/sarah-oconnor
1,Class II: Life Sciences,2024,1,simone-sommer,https://www.leopoldina.org/en/members/member-list/detail/simone-sommer
1,Class II: Life Sciences,2024,1,ute-hentschel-humeida,https://www.leopoldina.org/en/members/member-list/detail/ute-hentschel-humeida
1,Class II: Life Sciences,2024,1,volker-mueller,https://www.leopoldina.org/en/members/member-list/detail/volker-mueller
1,Class II: Life Sciences,2025,1,ana-j-garcia-saez,https://www.leopoldina.org/en/members/member-list/detail/ana-j-garcia-saez
1,Class II: Life Sciences,2025,1,ana-martin-villalba,https://www.leopoldina.org/en/members/member-list/detail/ana-martin-villalba
1,Class II: Life Sciences,2025,1,benjamin-schuler,https://www.leopoldina.org/en/members/member-list/detail/benjamin-schuler
1,Class II: Life Sciences,2025,1,catherine-h-graham,https://www.leopoldina.org/en/members/member-list/detail/catherine-h-graham
1,Class II: Life Sciences,2025,1,cynthia-m-sharma,https://www.leopoldina.org/en/members/member-list/detail/cynthia-m-sharma
1,Class II: Life Sciences,2025,1,eran-elinav,https://www.leopoldina.org/en/members/member-list/detail/eran-elinav
1,Class II: Life Sciences,2025,1,florian-klein,https://www.leopoldina.org/en/members/member-list/detail/florian-klein
1,Class II: Life Sciences,2025,1,hanna-kokko,https://www.leopoldina.org/en/members/member-list/detail/hanna-kokko
1,Class II: Life Sciences,2025,1,john-a-g-briggs,https://www.leopoldina.org/en/members/member-list/detail/john-a-g-briggs
1,Class II: Life Sciences,2025,1,kirsten-kuesel,https://www.leopoldina.org/en/members/member-list/detail/kirsten-kuesel
1,Class II: Life Sciences,2025,1,markus-reichstein,https://www.leopoldina.org/en/members/member-list/detail/markus-reichstein
1,Class II: Life Sciences,2025,1,meritxell-huch-ortega,https://www.leopoldina.org/en/members/member-list/detail/meritxell-huch-ortega
1,Class II: Life Sciences,2025,1,percy-knolle,https://www.leopoldina.org/en/members/member-list/detail/percy-knolle
1,Class II: Life Sciences,2025,1,stefan-engelhardt,https://www.leopoldina.org/en/members/member-list/detail/stefan-engelhardt
1,Class II: Life Sciences,2025,1,thomas-c-g-bosch,https://www.leopoldina.org/en/members/member-list/detail/thomas-c-g-bosch
1,Class II: Life Sciences,2025,1,veronika-sexl,https://www.leopoldina.org/en/members/member-list/detail/veronika-sexl
2,Class III: Medicine,1835,1,eduard-august-von-hering,https://www.leopoldina.org/en/members/member-list/detail/eduard-august-von-hering
2,Class III: Medicine,1864,1,karl-friedrich-voigtlaender,https://www.leopoldina.org/en/members/member-list/detail/karl-friedrich-voigtlaender
2,Class III: Medicine,1883,1,hermann-munk,https://www.leopoldina.org/en/members/member-list/detail/hermann-munk
2,Class III: Medicine,1886,1,alexander-anton-rosenberg,https://www.leopoldina.org/en/members/member-list/detail/alexander-anton-rosenberg
2,Class III: Medicine,1886,1,martin-wilckens,https://www.leopoldina.org/en/members/member-list/detail/martin-wilckens
2,Class III: Medicine,1898,1,max-von-sussdorf,https://www.leopoldina.org/en/members/member-list/detail/max-von-sussdorf
2,Class III: Medicine,1909,1,carl-johann-christian-dammann,https://www.leopoldina.org/en/members/member-list/detail/carl-johann-christian-dammann
2,Class III: Medicine,1910,1,hermann-baum,https://www.leopoldina.org/en/members/member-list/detail/hermann-baum
2,Class III: Medicine,1923,1,ernst-joest,https://www.leopoldina.org/en/members/member-list/detail/ernst-joest
2,Class III: Medicine,1925,1,josef-marek,https://www.leopoldina.org/en/members/member-list/detail/josef-marek
2,Class III: Medicine,1928,1,otto-zietzschmann,https://www.leopoldina.org/en/members/member-list/detail/otto-zietzschmann
2,Class III: Medicine,1928,1,wilhelm-hermann-miessner,https://www.leopoldina.org/en/members/member-list/detail/wilhelm-hermann-miessner
2,Class III: Medicine,1929,1,robert-von-ostertag,https://www.leopoldina.org/en/members/member-list/detail/robert-von-ostertag
2,Class III: Medicine,1932,1,charles-porcher,https://www.leopoldina.org/en/members/member-list/detail/charles-porcher
2,Class III: Medicine,1932,1,eugen-froehner,https://www.leopoldina.org/en/members/member-list/detail/eugen-froehner
2,Class III: Medicine,1932,1,fritz-schmidt-hoensdorf,https://www.leopoldina.org/en/members/member-list/detail/fritz-schmidt-hoensdorf
2,Class III: Medicine,1932,1,reinhold-schmaltz,https://www.leopoldina.org/en/members/member-list/detail/reinhold-schmaltz
2,Class III: Medicine,1932,1,ulrich-duerst,https://www.leopoldina.org/en/members/member-list/detail/ulrich-duerst
2,Class III: Medicine,1933,1,gaston-ramon,https://www.leopoldina.org/en/members/member-list/detail/gaston-ramon
2,Class III: Medicine,1934,1,august-eber,https://www.leopoldina.org/en/members/member-list/detail/august-eber
2,Class III: Medicine,1934,1,karl-nieberle,https://www.leopoldina.org/en/members/member-list/detail/karl-nieberle
2,Class III: Medicine,1935,1,alfred-trautmann,https://www.leopoldina.org/en/members/member-list/detail/alfred-trautmann
2,Class III: Medicine,1936,1,emmanuel-leclainche,https://www.leopoldina.org/en/members/member-list/detail/emmanuel-leclainche
2,Class III: Medicine,1936,1,theodor-kitt,https://www.leopoldina.org/en/members/member-list/detail/theodor-kitt
2,Class III: Medicine,1936,1,valentin-stang,https://www.leopoldina.org/en/members/member-list/detail/valentin-stang
2,Class III: Medicine,1936,1,wilhelm-zwick,https://www.leopoldina.org/en/members/member-list/detail/wilhelm-zwick
2,Class III: Medicine,1937,1,claus-eduard-richters,https://www.leopoldina.org/en/members/member-list/detail/claus-eduard-richters
2,Class III: Medicine,1937,1,hermann-zeller,https://www.leopoldina.org/en/members/member-list/detail/hermann-zeller
2,Class III: Medicine,1938,1,otto-waldmann,https://www.leopoldina.org/en/members/member-list/detail/otto-waldmann
2,Class III: Medicine,1939,1,franz-benesch,https://www.leopoldina.org/en/members/member-list/detail/franz-benesch
2,Class III: Medicine,1939,1,franz-rosenbusch,https://www.leopoldina.org/en/members/member-list/detail/franz-rosenbusch
2,Class III: Medicine,1939,1,friedrich-muessemeier,https://www.leopoldina.org/en/members/member-list/detail/friedrich-muessemeier
2,Class III: Medicine,1939,1,hugo-rautmann,https://www.leopoldina.org/en/members/member-list/detail/hugo-rautmann
2,Class III: Medicine,1939,1,ioan-ciurea,https://www.leopoldina.org/en/members/member-list/detail/ioan-ciurea
2,Class III: Medicine,1939,1,johannes-dobberstein,https://www.leopoldina.org/en/members/member-list/detail/johannes-dobberstein
2,Class III: Medicine,1939,1,levinus-de-blieck,https://www.leopoldina.org/en/members/member-list/detail/levinus-de-blieck
2,Class III: Medicine,1939,1,oskar-proescholdt,https://www.leopoldina.org/en/members/member-list/detail/oskar-proescholdt
2,Class III: Medicine,1939,1,richard-goetze,https://www.leopoldina.org/en/members/member-list/detail/richard-goetze
2,Class III: Medicine,1939,1,richard-reinhardt,https://www.leopoldina.org/en/members/member-list/detail/richard-reinhardt
2,Class III: Medicine,1939,1,sir-john-macfadyean,https://www.leopoldina.org/en/members/member-list/detail/sir-john-macfadyean
2,Class III: Medicine,1939,1,stefan-angeloff,https://www.leopoldina.org/en/members/member-list/detail/stefan-angeloff
2,Class III: Medicine,1940,1,eberhard-ackerknecht,https://www.leopoldina.org/en/members/member-list/detail/eberhard-ackerknecht
2,Class III: Medicine,1940,1,ewald-berge,https://www.leopoldina.org/en/members/member-list/detail/ewald-berge
2,Class III: Medicine,1940,1,fritz-schoenberg,https://www.leopoldina.org/en/members/member-list/detail/fritz-schoenberg
2,Class III: Medicine,1940,1,oskar-seifried,https://www.leopoldina.org/en/members/member-list/detail/oskar-seifried
2,Class III: Medicine,1953,1,alf-meyer-zum-gottesberge,https://www.leopoldina.org/en/members/member-list/detail/alf-meyer-zum-gottesberge
2,Class III: Medicine,1955,1,valentin-horn,https://www.leopoldina.org/en/members/member-list/detail/valentin-horn
2,Class III: Medicine,1957,1,heinz-roehrer,https://www.leopoldina.org/en/members/member-list/detail/heinz-roehrer
2,Class III: Medicine,1957,1,kurt-wagener,https://www.leopoldina.org/en/members/member-list/detail/kurt-wagener
2,Class III: Medicine,1957,1,louis-j-baume,https://www.leopoldina.org/en/members/member-list/detail/louis-j-baume
2,Class III: Medicine,1958,1,dietrich-starck,https://www.leopoldina.org/en/members/member-list/detail/dietrich-starck
2,Class III: Medicine,1958,1,karl-vossschulte,https://www.leopoldina.org/en/members/member-list/detail/karl-vossschulte
2,Class III: Medicine,1960,1,guenter-bruns,https://www.leopoldina.org/en/members/member-list/detail/guenter-bruns
2,Class III: Medicine,1960,1,leonard-b-w-jongkees,https://www.leopoldina.org/en/members/member-list/detail/leonard-b-w-jongkees
2,Class III: Medicine,1961,1,joachim-hermann-scharf,https://www.leopoldina.org/en/members/member-list/detail/joachim-hermann-scharf
2,Class III: Medicine,1961,1,victor-goerttler,https://www.leopoldina.org/en/members/member-list/detail/victor-goerttler
2,Class III: Medicine,1962,1,alfred-bangerter,https://www.leopoldina.org/en/members/member-list/detail/alfred-bangerter
2,Class III: Medicine,1962,1,elmar-roots,https://www.leopoldina.org/en/members/member-list/detail/elmar-roots
2,Class III: Medicine,1962,1,ernst-georg-nauck,https://www.leopoldina.org/en/members/member-list/detail/ernst-georg-nauck
2,Class III: Medicine,1962,1,hans-erhard-bock,https://www.leopoldina.org/en/members/member-list/detail/hans-erhard-bock
2,Class III: Medicine,1964,1,adolf-miehlke,https://www.leopoldina.org/en/members/member-list/detail/adolf-miehlke
2,Class III: Medicine,1964,1,alfred-n-witt,https://www.leopoldina.org/en/members/member-list/detail/alfred-n-witt
2,Class III: Medicine,1964,1,j-ariens-kappers,https://www.leopoldina.org/en/members/member-list/detail/j-ariens-kappers
2,Class III: Medicine,1964,1,stefania-jablonska,https://www.leopoldina.org/en/members/member-list/detail/stefania-jablonska
2,Class III: Medicine,1965,1,hans-heinz-naumann,https://www.leopoldina.org/en/members/member-list/detail/hans-heinz-naumann
2,Class III: Medicine,1965,1,harry-jakobi,https://www.leopoldina.org/en/members/member-list/detail/harry-jakobi
2,Class III: Medicine,1965,1,hedwig-fritz-niggli,https://www.leopoldina.org/en/members/member-list/detail/hedwig-fritz-niggli
2,Class III: Medicine,1965,1,rosemarie-albrecht,https://www.leopoldina.org/en/members/member-list/detail/rosemarie-albrecht
2,Class III: Medicine,1966,1,boris-a-lapin,https://www.leopoldina.org/en/members/member-list/detail/boris-a-lapin
2,Class III: Medicine,1966,1,boris-v-petrovskij,https://www.leopoldina.org/en/members/member-list/detail/boris-v-petrovskij
2,Class III: Medicine,1966,1,hans-wolfgang-ocklitz,https://www.leopoldina.org/en/members/member-list/detail/hans-wolfgang-ocklitz
2,Class III: Medicine,1966,1,julius-berendes,https://www.leopoldina.org/en/members/member-list/detail/julius-berendes
2,Class III: Medicine,1966,1,karl-lennert,https://www.leopoldina.org/en/members/member-list/detail/karl-lennert
2,Class III: Medicine,1966,1,karl-oberdisse,https://www.leopoldina.org/en/members/member-list/detail/karl-oberdisse
2,Class III: Medicine,1966,1,klaus-betke,https://www.leopoldina.org/en/members/member-list/detail/klaus-betke
2,Class III: Medicine,1966,1,moshe-wolman,https://www.leopoldina.org/en/members/member-list/detail/moshe-wolman
2,Class III: Medicine,1966,1,otto-braun-falco,https://www.leopoldina.org/en/members/member-list/detail/otto-braun-falco
2,Class III: Medicine,1966,1,rudi-schmid,https://www.leopoldina.org/en/members/member-list/detail/rudi-schmid
2,Class III: Medicine,1967,1,otto-prokop,https://www.leopoldina.org/en/members/member-list/detail/otto-prokop
2,Class III: Medicine,1967,1,reinhard-aschenbrenner,https://www.leopoldina.org/en/members/member-list/detail/reinhard-aschenbrenner
2,Class III: Medicine,1968,1,aake-senning,https://www.leopoldina.org/en/members/member-list/detail/aake-senning
2,Class III: Medicine,1968,1,andrea-prader,https://www.leopoldina.org/en/members/member-list/detail/andrea-prader
2,Class III: Medicine,1968,1,christian-mueller,https://www.leopoldina.org/en/members/member-list/detail/christian-mueller
2,Class III: Medicine,1968,1,hans-mau,https://www.leopoldina.org/en/members/member-list/detail/hans-mau
2,Class III: Medicine,1968,1,johannes-sayk,https://www.leopoldina.org/en/members/member-list/detail/johannes-sayk
2,Class III: Medicine,1968,1,theodor-heinrich-schiebler,https://www.leopoldina.org/en/members/member-list/detail/theodor-heinrich-schiebler
2,Class III: Medicine,1969,1,dmitrij-f-tschebotarew,https://www.leopoldina.org/en/members/member-list/detail/dmitrij-f-tschebotarew
2,Class III: Medicine,1969,1,francis-crick,https://www.leopoldina.org/en/members/member-list/detail/francis-crick
2,Class III: Medicine,1969,1,franz-seitelberger,https://www.leopoldina.org/en/members/member-list/detail/franz-seitelberger
2,Class III: Medicine,1969,1,gottfried-geiler,https://www.leopoldina.org/en/members/member-list/detail/gottfried-geiler
2,Class III: Medicine,1969,1,hans-rudolf-wiedemann,https://www.leopoldina.org/en/members/member-list/detail/hans-rudolf-wiedemann
2,Class III: Medicine,1969,1,hubert-moehlmann,https://www.leopoldina.org/en/members/member-list/detail/hubert-moehlmann
2,Class III: Medicine,1969,1,karl-ludwig-schober,https://www.leopoldina.org/en/members/member-list/detail/karl-ludwig-schober
2,Class III: Medicine,1969,1,kurt-dietzel,https://www.leopoldina.org/en/members/member-list/detail/kurt-dietzel
2,Class III: Medicine,1969,1,martin-allgoewer,https://www.leopoldina.org/en/members/member-list/detail/martin-allgoewer
2,Class III: Medicine,1969,1,paul-speiser,https://www.leopoldina.org/en/members/member-list/detail/paul-speiser
2,Class III: Medicine,1969,1,rudolf-sachsenweger,https://www.leopoldina.org/en/members/member-list/detail/rudolf-sachsenweger
2,Class III: Medicine,1970,1,anton-mayr,https://www.leopoldina.org/en/members/member-list/detail/anton-mayr
2,Class III: Medicine,1970,1,carl-bertil-laurell,https://www.leopoldina.org/en/members/member-list/detail/carl-bertil-laurell
2,Class III: Medicine,1970,1,fritz-meissner,https://www.leopoldina.org/en/members/member-list/detail/fritz-meissner
2,Class III: Medicine,1970,1,gerhard-heidelmann,https://www.leopoldina.org/en/members/member-list/detail/gerhard-heidelmann
2,Class III: Medicine,1970,1,gert-horst-schumacher,https://www.leopoldina.org/en/members/member-list/detail/gert-horst-schumacher
2,Class III: Medicine,1970,1,heinrich-harms,https://www.leopoldina.org/en/members/member-list/detail/heinrich-harms
2,Class III: Medicine,1970,1,heinrich-schmidt-matthiesen,https://www.leopoldina.org/en/members/member-list/detail/heinrich-schmidt-matthiesen
2,Class III: Medicine,1970,1,jacques-bernheim,https://www.leopoldina.org/en/members/member-list/detail/jacques-bernheim
2,Class III: Medicine,1970,1,josef-zander,https://www.leopoldina.org/en/members/member-list/detail/josef-zander
2,Class III: Medicine,1970,1,torbjoern-caspersson,https://www.leopoldina.org/en/members/member-list/detail/torbjoern-caspersson
2,Class III: Medicine,1970,1,walter-frommhold,https://www.leopoldina.org/en/members/member-list/detail/walter-frommhold
2,Class III: Medicine,1970,1,walter-kirsche,https://www.leopoldina.org/en/members/member-list/detail/walter-kirsche
2,Class III: Medicine,1970,1,wolfgang-spann,https://www.leopoldina.org/en/members/member-list/detail/wolfgang-spann
2,Class III: Medicine,1971,1,georg-dhom,https://www.leopoldina.org/en/members/member-list/detail/georg-dhom
2,Class III: Medicine,1971,1,hanns-gotthard-lasch,https://www.leopoldina.org/en/members/member-list/detail/hanns-gotthard-lasch
2,Class III: Medicine,1971,1,heinrich-koele,https://www.leopoldina.org/en/members/member-list/detail/heinrich-koele
2,Class III: Medicine,1971,1,rodolfo-amprino,https://www.leopoldina.org/en/members/member-list/detail/rodolfo-amprino
2,Class III: Medicine,1971,1,yves-laporte,https://www.leopoldina.org/en/members/member-list/detail/yves-laporte
2,Class III: Medicine,1972,1,camiel-dierickx,https://www.leopoldina.org/en/members/member-list/detail/camiel-dierickx
2,Class III: Medicine,1972,1,detlev-ploog,https://www.leopoldina.org/en/members/member-list/detail/detlev-ploog
2,Class III: Medicine,1972,1,ettore-rossi,https://www.leopoldina.org/en/members/member-list/detail/ettore-rossi
2,Class III: Medicine,1972,1,georg-heberer,https://www.leopoldina.org/en/members/member-list/detail/georg-heberer
2,Class III: Medicine,1972,1,hans-jorgen-bendixen,https://www.leopoldina.org/en/members/member-list/detail/hans-jorgen-bendixen
2,Class III: Medicine,1972,1,helmut-roessler,https://www.leopoldina.org/en/members/member-list/detail/helmut-roessler
2,Class III: Medicine,1972,1,rudolf-fankhauser,https://www.leopoldina.org/en/members/member-list/detail/rudolf-fankhauser
2,Class III: Medicine,1972,1,willy-taillard,https://www.leopoldina.org/en/members/member-list/detail/willy-taillard
2,Class III: Medicine,1972,1,wolfgang-hans-lutzeyer,https://www.leopoldina.org/en/members/member-list/detail/wolfgang-hans-lutzeyer
2,Class III: Medicine,1973,1,ag-everson-pearse,https://www.leopoldina.org/en/members/member-list/detail/ag-everson-pearse
2,Class III: Medicine,1973,1,andreas-oksche,https://www.leopoldina.org/en/members/member-list/detail/andreas-oksche
2,Class III: Medicine,1973,1,egbert-schmiedt,https://www.leopoldina.org/en/members/member-list/detail/egbert-schmiedt
2,Class III: Medicine,1973,1,fritz-koller,https://www.leopoldina.org/en/members/member-list/detail/fritz-koller
2,Class III: Medicine,1973,1,george-g-glenner,https://www.leopoldina.org/en/members/member-list/detail/george-g-glenner
2,Class III: Medicine,1973,1,hisao-takayasu,https://www.leopoldina.org/en/members/member-list/detail/hisao-takayasu
2,Class III: Medicine,1973,1,horst-bickel,https://www.leopoldina.org/en/members/member-list/detail/horst-bickel
2,Class III: Medicine,1973,1,jean-civatte,https://www.leopoldina.org/en/members/member-list/detail/jean-civatte
2,Class III: Medicine,1973,1,juerg-eilhard-mitscherlich,https://www.leopoldina.org/en/members/member-list/detail/juerg-eilhard-mitscherlich
2,Class III: Medicine,1973,1,kalle-a-achte,https://www.leopoldina.org/en/members/member-list/detail/kalle-a-achte
2,Class III: Medicine,1973,1,maurice-e-mueller,https://www.leopoldina.org/en/members/member-list/detail/maurice-e-mueller
2,Class III: Medicine,1973,1,niilo-hallman,https://www.leopoldina.org/en/members/member-list/detail/niilo-hallman
2,Class III: Medicine,1973,1,rudolf-gross,https://www.leopoldina.org/en/members/member-list/detail/rudolf-gross
2,Class III: Medicine,1973,1,rudolf-rott,https://www.leopoldina.org/en/members/member-list/detail/rudolf-rott
2,Class III: Medicine,1973,1,szczesny-l-zgliczynski,https://www.leopoldina.org/en/members/member-list/detail/szczesny-l-zgliczynski
2,Class III: Medicine,1973,1,vasilij-v-kuprijanov,https://www.leopoldina.org/en/members/member-list/detail/vasilij-v-kuprijanov
2,Class III: Medicine,1973,1,wolfgang-kuenzer,https://www.leopoldina.org/en/members/member-list/detail/wolfgang-kuenzer
2,Class III: Medicine,1974,1,ben-roy-burmester,https://www.leopoldina.org/en/members/member-list/detail/ben-roy-burmester
2,Class III: Medicine,1974,1,dietfried-jorke,https://www.leopoldina.org/en/members/member-list/detail/dietfried-jorke
2,Class III: Medicine,1974,1,harro-seyfarth,https://www.leopoldina.org/en/members/member-list/detail/harro-seyfarth
2,Class III: Medicine,1974,1,louis-francois-hollender,https://www.leopoldina.org/en/members/member-list/detail/louis-francois-hollender
2,Class III: Medicine,1974,1,manfred-mussgay,https://www.leopoldina.org/en/members/member-list/detail/manfred-mussgay
2,Class III: Medicine,1974,1,paul-otte,https://www.leopoldina.org/en/members/member-list/detail/paul-otte
2,Class III: Medicine,1974,1,simon-n-checinasvili,https://www.leopoldina.org/en/members/member-list/detail/simon-n-checinasvili
2,Class III: Medicine,1974,1,william-beveridge,https://www.leopoldina.org/en/members/member-list/detail/william-beveridge
2,Class III: Medicine,1975,1,guenter-moebius,https://www.leopoldina.org/en/members/member-list/detail/guenter-moebius
2,Class III: Medicine,1975,1,jan-kucera,https://www.leopoldina.org/en/members/member-list/detail/jan-kucera
2,Class III: Medicine,1975,1,zdenek-lojda,https://www.leopoldina.org/en/members/member-list/detail/zdenek-lojda
2,Class III: Medicine,1976,1,eberhard-sander,https://www.leopoldina.org/en/members/member-list/detail/eberhard-sander
2,Class III: Medicine,1976,1,g-roberto-burgio,https://www.leopoldina.org/en/members/member-list/detail/g-roberto-burgio
2,Class III: Medicine,1976,1,guenther-panzram,https://www.leopoldina.org/en/members/member-list/detail/guenther-panzram
2,Class III: Medicine,1976,1,hans-werner-altmann,https://www.leopoldina.org/en/members/member-list/detail/hans-werner-altmann
2,Class III: Medicine,1976,1,helmut-fanta,https://www.leopoldina.org/en/members/member-list/detail/helmut-fanta
2,Class III: Medicine,1976,1,helmut-patzer,https://www.leopoldina.org/en/members/member-list/detail/helmut-patzer
2,Class III: Medicine,1976,1,horst-cotta,https://www.leopoldina.org/en/members/member-list/detail/horst-cotta
2,Class III: Medicine,1976,1,ihsan-dogramaci,https://www.leopoldina.org/en/members/member-list/detail/ihsan-dogramaci
2,Class III: Medicine,1976,1,konrad-seige,https://www.leopoldina.org/en/members/member-list/detail/konrad-seige
2,Class III: Medicine,1976,1,leonid-s-rosenstrauch-ross,https://www.leopoldina.org/en/members/member-list/detail/leonid-s-rosenstrauch-ross
2,Class III: Medicine,1976,1,mieczyslaw-wender,https://www.leopoldina.org/en/members/member-list/detail/mieczyslaw-wender
2,Class III: Medicine,1976,1,mstislav-v-volkov,https://www.leopoldina.org/en/members/member-list/detail/mstislav-v-volkov
2,Class III: Medicine,1976,1,paul-schoelmerich,https://www.leopoldina.org/en/members/member-list/detail/paul-schoelmerich
2,Class III: Medicine,1976,1,reinier-jam-van-dongen,https://www.leopoldina.org/en/members/member-list/detail/reinier-jam-van-dongen
2,Class III: Medicine,1976,1,stefan-soszka,https://www.leopoldina.org/en/members/member-list/detail/stefan-soszka
2,Class III: Medicine,1976,1,yutaka-sano,https://www.leopoldina.org/en/members/member-list/detail/yutaka-sano
2,Class III: Medicine,1977,1,emil-huraj,https://www.leopoldina.org/en/members/member-list/detail/emil-huraj
2,Class III: Medicine,1977,1,ernst-kern,https://www.leopoldina.org/en/members/member-list/detail/ernst-kern
2,Class III: Medicine,1977,1,ernst-winkelmann,https://www.leopoldina.org/en/members/member-list/detail/ernst-winkelmann
2,Class III: Medicine,1977,1,fritz-holle,https://www.leopoldina.org/en/members/member-list/detail/fritz-holle
2,Class III: Medicine,1977,1,hanns-hippius,https://www.leopoldina.org/en/members/member-list/detail/hanns-hippius
2,Class III: Medicine,1977,1,manfred-tost,https://www.leopoldina.org/en/members/member-list/detail/manfred-tost
2,Class III: Medicine,1977,1,michel-jaubert-de-beaujeu,https://www.leopoldina.org/en/members/member-list/detail/michel-jaubert-de-beaujeu
2,Class III: Medicine,1977,1,peter-feudell,https://www.leopoldina.org/en/members/member-list/detail/peter-feudell
2,Class III: Medicine,1977,1,rudolf-naujoks,https://www.leopoldina.org/en/members/member-list/detail/rudolf-naujoks
2,Class III: Medicine,1977,1,tamas-szent-ivanyi,https://www.leopoldina.org/en/members/member-list/detail/tamas-szent-ivanyi
2,Class III: Medicine,1977,1,vladimir-zvara,https://www.leopoldina.org/en/members/member-list/detail/vladimir-zvara
2,Class III: Medicine,1977,1,zdenek-lodin,https://www.leopoldina.org/en/members/member-list/detail/zdenek-lodin
2,Class III: Medicine,1977,1,zvonimir-dinter,https://www.leopoldina.org/en/members/member-list/detail/zvonimir-dinter
2,Class III: Medicine,1978,1,alois-stacher,https://www.leopoldina.org/en/members/member-list/detail/alois-stacher
2,Class III: Medicine,1978,1,erol-dueren,https://www.leopoldina.org/en/members/member-list/detail/erol-dueren
2,Class III: Medicine,1978,1,herbert-braunsteiner,https://www.leopoldina.org/en/members/member-list/detail/herbert-braunsteiner
2,Class III: Medicine,1978,1,ikuo-ishiyama,https://www.leopoldina.org/en/members/member-list/detail/ikuo-ishiyama
2,Class III: Medicine,1978,1,ole-wasz-hoeckert,https://www.leopoldina.org/en/members/member-list/detail/ole-wasz-hoeckert
2,Class III: Medicine,1978,1,sakari-timonen,https://www.leopoldina.org/en/members/member-list/detail/sakari-timonen
2,Class III: Medicine,1978,1,wilhelm-oelssner,https://www.leopoldina.org/en/members/member-list/detail/wilhelm-oelssner
2,Class III: Medicine,1978,1,william-p-longmire-jr,https://www.leopoldina.org/en/members/member-list/detail/william-p-longmire-jr
2,Class III: Medicine,1979,1,carl-rudolf-pfaltz,https://www.leopoldina.org/en/members/member-list/detail/carl-rudolf-pfaltz
2,Class III: Medicine,1979,1,christian-nezelof,https://www.leopoldina.org/en/members/member-list/detail/christian-nezelof
2,Class III: Medicine,1979,1,hans-thoenen,https://www.leopoldina.org/en/members/member-list/detail/hans-thoenen
2,Class III: Medicine,1979,1,helmut-leonhardt,https://www.leopoldina.org/en/members/member-list/detail/helmut-leonhardt
2,Class III: Medicine,1979,1,hugo-l-obwegeser,https://www.leopoldina.org/en/members/member-list/detail/hugo-l-obwegeser
2,Class III: Medicine,1979,1,jacob-karl-frenkel,https://www.leopoldina.org/en/members/member-list/detail/jacob-karl-frenkel
2,Class III: Medicine,1979,1,kurt-arbeiter,https://www.leopoldina.org/en/members/member-list/detail/kurt-arbeiter
2,Class III: Medicine,1979,1,robert-m-frank,https://www.leopoldina.org/en/members/member-list/detail/robert-m-frank
2,Class III: Medicine,1979,1,rudolf-manfred-schmidt,https://www.leopoldina.org/en/members/member-list/detail/rudolf-manfred-schmidt
2,Class III: Medicine,1979,1,sven-effert,https://www.leopoldina.org/en/members/member-list/detail/sven-effert
2,Class III: Medicine,1980,1,friedrich-ernst-stieve,https://www.leopoldina.org/en/members/member-list/detail/friedrich-ernst-stieve
2,Class III: Medicine,1980,1,gerd-klaus-steigleder,https://www.leopoldina.org/en/members/member-list/detail/gerd-klaus-steigleder
2,Class III: Medicine,1980,1,gerhard-pfeifer,https://www.leopoldina.org/en/members/member-list/detail/gerhard-pfeifer
2,Class III: Medicine,1980,1,hans-joachim-dietzsch,https://www.leopoldina.org/en/members/member-list/detail/hans-joachim-dietzsch
2,Class III: Medicine,1980,1,theodor-hiepe,https://www.leopoldina.org/en/members/member-list/detail/theodor-hiepe
2,Class III: Medicine,1980,1,werner-janzarik,https://www.leopoldina.org/en/members/member-list/detail/werner-janzarik
2,Class III: Medicine,1980,1,wolfgang-gerok,https://www.leopoldina.org/en/members/member-list/detail/wolfgang-gerok
2,Class III: Medicine,1981,1,gerhard-seifert,https://www.leopoldina.org/en/members/member-list/detail/gerhard-seifert
2,Class III: Medicine,1981,1,hans-georg-schwarzacher,https://www.leopoldina.org/en/members/member-list/detail/hans-georg-schwarzacher
2,Class III: Medicine,1981,1,hans-haller,https://www.leopoldina.org/en/members/member-list/detail/hans-haller
2,Class III: Medicine,1981,1,hans-wilhelm-schreiber,https://www.leopoldina.org/en/members/member-list/detail/hans-wilhelm-schreiber
2,Class III: Medicine,1981,1,hellmuth-petsche,https://www.leopoldina.org/en/members/member-list/detail/hellmuth-petsche
2,Class III: Medicine,1981,1,walter-siegenthaler,https://www.leopoldina.org/en/members/member-list/detail/walter-siegenthaler
2,Class III: Medicine,1982,1,dieter-lohmann,https://www.leopoldina.org/en/members/member-list/detail/dieter-lohmann
2,Class III: Medicine,1982,1,fritz-hartmann,https://www.leopoldina.org/en/members/member-list/detail/fritz-hartmann
2,Class III: Medicine,1982,1,fritz-kuemmerle,https://www.leopoldina.org/en/members/member-list/detail/fritz-kuemmerle
2,Class III: Medicine,1982,1,hans-juergen-eichhorn,https://www.leopoldina.org/en/members/member-list/detail/hans-juergen-eichhorn
2,Class III: Medicine,1982,1,harold-edgar-henkes,https://www.leopoldina.org/en/members/member-list/detail/harold-edgar-henkes
2,Class III: Medicine,1982,1,helmut-koch,https://www.leopoldina.org/en/members/member-list/detail/helmut-koch
2,Class III: Medicine,1982,1,marian-truszczynski,https://www.leopoldina.org/en/members/member-list/detail/marian-truszczynski
2,Class III: Medicine,1982,1,otto-h-wolff,https://www.leopoldina.org/en/members/member-list/detail/otto-h-wolff
2,Class III: Medicine,1982,1,urs-w-schnyder,https://www.leopoldina.org/en/members/member-list/detail/urs-w-schnyder
2,Class III: Medicine,1983,1,bertalan-csillik,https://www.leopoldina.org/en/members/member-list/detail/bertalan-csillik
2,Class III: Medicine,1983,1,ehrig-lange,https://www.leopoldina.org/en/members/member-list/detail/ehrig-lange
2,Class III: Medicine,1983,1,erich-muscholl,https://www.leopoldina.org/en/members/member-list/detail/erich-muscholl
2,Class III: Medicine,1983,1,leo-clemens-schulz,https://www.leopoldina.org/en/members/member-list/detail/leo-clemens-schulz
2,Class III: Medicine,1983,1,reinhold-schwarz,https://www.leopoldina.org/en/members/member-list/detail/reinhold-schwarz
2,Class III: Medicine,1983,1,tibor-l-vizkelety,https://www.leopoldina.org/en/members/member-list/detail/tibor-l-vizkelety
2,Class III: Medicine,1983,1,vince-varro,https://www.leopoldina.org/en/members/member-list/detail/vince-varro
2,Class III: Medicine,1984,1,carleton-gajdusek,https://www.leopoldina.org/en/members/member-list/detail/carleton-gajdusek
2,Class III: Medicine,1984,1,christoph-hedinger,https://www.leopoldina.org/en/members/member-list/detail/christoph-hedinger
2,Class III: Medicine,1984,1,dietrich-plester,https://www.leopoldina.org/en/members/member-list/detail/dietrich-plester
2,Class III: Medicine,1984,1,j-heinrich-holzner,https://www.leopoldina.org/en/members/member-list/detail/j-heinrich-holzner
2,Class III: Medicine,1984,1,joerg-rehn,https://www.leopoldina.org/en/members/member-list/detail/joerg-rehn
2,Class III: Medicine,1984,1,karl-august-bushe,https://www.leopoldina.org/en/members/member-list/detail/karl-august-bushe
2,Class III: Medicine,1984,1,klaus-riegel,https://www.leopoldina.org/en/members/member-list/detail/klaus-riegel
2,Class III: Medicine,1984,1,klaus-wolff,https://www.leopoldina.org/en/members/member-list/detail/klaus-wolff
2,Class III: Medicine,1984,1,laszlo-molnar,https://www.leopoldina.org/en/members/member-list/detail/laszlo-molnar
2,Class III: Medicine,1984,1,lothar-cossel,https://www.leopoldina.org/en/members/member-list/detail/lothar-cossel
2,Class III: Medicine,1984,1,mario-sangiorgi,https://www.leopoldina.org/en/members/member-list/detail/mario-sangiorgi
2,Class III: Medicine,1984,1,otto-erich-lund,https://www.leopoldina.org/en/members/member-list/detail/otto-erich-lund
2,Class III: Medicine,1984,1,ruediger-thalmann,https://www.leopoldina.org/en/members/member-list/detail/ruediger-thalmann
2,Class III: Medicine,1984,1,theodor-nasemann,https://www.leopoldina.org/en/members/member-list/detail/theodor-nasemann
2,Class III: Medicine,1985,1,eberhard-buchborn,https://www.leopoldina.org/en/members/member-list/detail/eberhard-buchborn
2,Class III: Medicine,1985,1,egon-macher,https://www.leopoldina.org/en/members/member-list/detail/egon-macher
2,Class III: Medicine,1985,1,enno-christophers,https://www.leopoldina.org/en/members/member-list/detail/enno-christophers
2,Class III: Medicine,1985,1,frederick-a-murphy,https://www.leopoldina.org/en/members/member-list/detail/frederick-a-murphy
2,Class III: Medicine,1985,1,gert-carstensen,https://www.leopoldina.org/en/members/member-list/detail/gert-carstensen
2,Class III: Medicine,1985,1,gottfried-benad,https://www.leopoldina.org/en/members/member-list/detail/gottfried-benad
2,Class III: Medicine,1985,1,guy-delorme,https://www.leopoldina.org/en/members/member-list/detail/guy-delorme
2,Class III: Medicine,1985,1,herbert-guertler,https://www.leopoldina.org/en/members/member-list/detail/herbert-guertler
2,Class III: Medicine,1985,1,joachim-boessneck,https://www.leopoldina.org/en/members/member-list/detail/joachim-boessneck
2,Class III: Medicine,1985,1,johannes-w-rohen,https://www.leopoldina.org/en/members/member-list/detail/johannes-w-rohen
2,Class III: Medicine,1985,1,michail-s-davidoff,https://www.leopoldina.org/en/members/member-list/detail/michail-s-davidoff
2,Class III: Medicine,1985,1,otto-mayrhofer,https://www.leopoldina.org/en/members/member-list/detail/otto-mayrhofer
2,Class III: Medicine,1985,1,rudolf-kloeti,https://www.leopoldina.org/en/members/member-list/detail/rudolf-kloeti
2,Class III: Medicine,1985,1,ruediger-becker,https://www.leopoldina.org/en/members/member-list/detail/ruediger-becker
2,Class III: Medicine,1986,1,eduard-gitsch,https://www.leopoldina.org/en/members/member-list/detail/eduard-gitsch
2,Class III: Medicine,1986,1,ekkehard-grundmann,https://www.leopoldina.org/en/members/member-list/detail/ekkehard-grundmann
2,Class III: Medicine,1986,1,enno-kleihauer,https://www.leopoldina.org/en/members/member-list/detail/enno-kleihauer
2,Class III: Medicine,1986,1,erwin-morscher,https://www.leopoldina.org/en/members/member-list/detail/erwin-morscher
2,Class III: Medicine,1986,1,franz-m-enzinger,https://www.leopoldina.org/en/members/member-list/detail/franz-m-enzinger
2,Class III: Medicine,1986,1,fritz-taege,https://www.leopoldina.org/en/members/member-list/detail/fritz-taege
2,Class III: Medicine,1986,1,hans-georg-borst,https://www.leopoldina.org/en/members/member-list/detail/hans-georg-borst
2,Class III: Medicine,1986,1,hans-heimann,https://www.leopoldina.org/en/members/member-list/detail/hans-heimann
2,Class III: Medicine,1986,1,horst-klinkmann,https://www.leopoldina.org/en/members/member-list/detail/horst-klinkmann
2,Class III: Medicine,1986,1,josef-lissner,https://www.leopoldina.org/en/members/member-list/detail/josef-lissner
2,Class III: Medicine,1986,1,kurt-semm,https://www.leopoldina.org/en/members/member-list/detail/kurt-semm
2,Class III: Medicine,1986,1,lennart-juhlin,https://www.leopoldina.org/en/members/member-list/detail/lennart-juhlin
2,Class III: Medicine,1986,1,max-eder,https://www.leopoldina.org/en/members/member-list/detail/max-eder
2,Class III: Medicine,1986,1,salvatore-auricchio,https://www.leopoldina.org/en/members/member-list/detail/salvatore-auricchio
2,Class III: Medicine,1986,1,theo-n-waubke,https://www.leopoldina.org/en/members/member-list/detail/theo-n-waubke
2,Class III: Medicine,1987,1,andre-aeschlimann,https://www.leopoldina.org/en/members/member-list/detail/andre-aeschlimann
2,Class III: Medicine,1987,1,friedrich-stelzner,https://www.leopoldina.org/en/members/member-list/detail/friedrich-stelzner
2,Class III: Medicine,1987,1,hans-lauter,https://www.leopoldina.org/en/members/member-list/detail/hans-lauter
2,Class III: Medicine,1987,1,hans-rorsman,https://www.leopoldina.org/en/members/member-list/detail/hans-rorsman
2,Class III: Medicine,1987,1,heiner-greten,https://www.leopoldina.org/en/members/member-list/detail/heiner-greten
2,Class III: Medicine,1987,1,horst-koeditz,https://www.leopoldina.org/en/members/member-list/detail/horst-koeditz
2,Class III: Medicine,1987,1,juergen-w-spranger,https://www.leopoldina.org/en/members/member-list/detail/juergen-w-spranger
2,Class III: Medicine,1987,1,koichi-shimizu,https://www.leopoldina.org/en/members/member-list/detail/koichi-shimizu
2,Class III: Medicine,1987,1,lothar-jaeger,https://www.leopoldina.org/en/members/member-list/detail/lothar-jaeger
2,Class III: Medicine,1987,1,michel-portmann,https://www.leopoldina.org/en/members/member-list/detail/michel-portmann
2,Class III: Medicine,1987,1,peter-c-scriba,https://www.leopoldina.org/en/members/member-list/detail/peter-c-scriba
2,Class III: Medicine,1987,1,peter-safar,https://www.leopoldina.org/en/members/member-list/detail/peter-safar
2,Class III: Medicine,1987,1,rudolf-bauer,https://www.leopoldina.org/en/members/member-list/detail/rudolf-bauer
2,Class III: Medicine,1987,1,werner-janssen,https://www.leopoldina.org/en/members/member-list/detail/werner-janssen
2,Class III: Medicine,1988,1,arnulf-fritsch,https://www.leopoldina.org/en/members/member-list/detail/arnulf-fritsch
2,Class III: Medicine,1988,1,dankwart-stiller,https://www.leopoldina.org/en/members/member-list/detail/dankwart-stiller
2,Class III: Medicine,1988,1,david-e-poswillo,https://www.leopoldina.org/en/members/member-list/detail/david-e-poswillo
2,Class III: Medicine,1988,1,felix-largiader,https://www.leopoldina.org/en/members/member-list/detail/felix-largiader
2,Class III: Medicine,1988,1,hans-dierck-waller,https://www.leopoldina.org/en/members/member-list/detail/hans-dierck-waller
2,Class III: Medicine,1988,1,johannes-eckert,https://www.leopoldina.org/en/members/member-list/detail/johannes-eckert
2,Class III: Medicine,1988,1,klaus-poeck,https://www.leopoldina.org/en/members/member-list/detail/klaus-poeck
2,Class III: Medicine,1988,1,niels-soennichsen,https://www.leopoldina.org/en/members/member-list/detail/niels-soennichsen
2,Class III: Medicine,1988,1,werner-schroeter,https://www.leopoldina.org/en/members/member-list/detail/werner-schroeter
2,Class III: Medicine,1988,1,zhongbi-wu,https://www.leopoldina.org/en/members/member-list/detail/zhongbi-wu
2,Class III: Medicine,1989,1,eric-r-kandel,https://www.leopoldina.org/en/members/member-list/detail/eric-r-kandel
2,Class III: Medicine,1989,1,erkki-koivisto,https://www.leopoldina.org/en/members/member-list/detail/erkki-koivisto
2,Class III: Medicine,1989,1,eugen-weiss,https://www.leopoldina.org/en/members/member-list/detail/eugen-weiss
2,Class III: Medicine,1989,1,hans-h-matthiass,https://www.leopoldina.org/en/members/member-list/detail/hans-h-matthiass
2,Class III: Medicine,1989,1,heinz-haefner,https://www.leopoldina.org/en/members/member-list/detail/heinz-haefner
2,Class III: Medicine,1989,1,hermann-hepp,https://www.leopoldina.org/en/members/member-list/detail/hermann-hepp
2,Class III: Medicine,1989,1,hiroaki-ueki,https://www.leopoldina.org/en/members/member-list/detail/hiroaki-ueki
2,Class III: Medicine,1989,1,kurt-kochsiek,https://www.leopoldina.org/en/members/member-list/detail/kurt-kochsiek
2,Class III: Medicine,1989,1,leopold-g-koss,https://www.leopoldina.org/en/members/member-list/detail/leopold-g-koss
2,Class III: Medicine,1989,1,malte-e-wigand,https://www.leopoldina.org/en/members/member-list/detail/malte-e-wigand
2,Class III: Medicine,1989,1,michael-trede,https://www.leopoldina.org/en/members/member-list/detail/michael-trede
2,Class III: Medicine,1989,1,philip-m-stell,https://www.leopoldina.org/en/members/member-list/detail/philip-m-stell
2,Class III: Medicine,1989,1,philipp-u-heitz,https://www.leopoldina.org/en/members/member-list/detail/philipp-u-heitz
2,Class III: Medicine,1990,1,dame-jane-goodall,https://www.leopoldina.org/en/members/member-list/detail/dame-jane-goodall
2,Class III: Medicine,1990,1,hans-g-beger,https://www.leopoldina.org/en/members/member-list/detail/hans-g-beger
2,Class III: Medicine,1990,1,horst-stoeckel,https://www.leopoldina.org/en/members/member-list/detail/horst-stoeckel
2,Class III: Medicine,1990,1,stephan-perren,https://www.leopoldina.org/en/members/member-list/detail/stephan-perren
2,Class III: Medicine,1991,1,bernd-brinkmann,https://www.leopoldina.org/en/members/member-list/detail/bernd-brinkmann
2,Class III: Medicine,1991,1,christian-herfarth,https://www.leopoldina.org/en/members/member-list/detail/christian-herfarth
2,Class III: Medicine,1991,1,ernst-wolner,https://www.leopoldina.org/en/members/member-list/detail/ernst-wolner
2,Class III: Medicine,1991,1,helmut-remschmidt,https://www.leopoldina.org/en/members/member-list/detail/helmut-remschmidt
2,Class III: Medicine,1991,1,hubert-moerl,https://www.leopoldina.org/en/members/member-list/detail/hubert-moerl
2,Class III: Medicine,1991,1,jacques-j-diebold,https://www.leopoldina.org/en/members/member-list/detail/jacques-j-diebold
2,Class III: Medicine,1991,1,johannes-klammt,https://www.leopoldina.org/en/members/member-list/detail/johannes-klammt
2,Class III: Medicine,1991,1,lothar-pelz,https://www.leopoldina.org/en/members/member-list/detail/lothar-pelz
2,Class III: Medicine,1991,1,meinhard-classen,https://www.leopoldina.org/en/members/member-list/detail/meinhard-classen
2,Class III: Medicine,1991,1,werner-linss,https://www.leopoldina.org/en/members/member-list/detail/werner-linss
2,Class III: Medicine,1991,1,wolfgang-wilmanns,https://www.leopoldina.org/en/members/member-list/detail/wolfgang-wilmanns
2,Class III: Medicine,1992,1,hans-slezak,https://www.leopoldina.org/en/members/member-list/detail/hans-slezak
2,Class III: Medicine,1992,1,klaus-peter,https://www.leopoldina.org/en/members/member-list/detail/klaus-peter
2,Class III: Medicine,1992,1,klaus-unsicker,https://www.leopoldina.org/en/members/member-list/detail/klaus-unsicker
2,Class III: Medicine,1992,1,konrad-beyreuther,https://www.leopoldina.org/en/members/member-list/detail/konrad-beyreuther
2,Class III: Medicine,1992,1,miklos-miltenyi,https://www.leopoldina.org/en/members/member-list/detail/miklos-miltenyi
2,Class III: Medicine,1992,1,paul-c-lauterbur,https://www.leopoldina.org/en/members/member-list/detail/paul-c-lauterbur
2,Class III: Medicine,1992,1,robert-fischer,https://www.leopoldina.org/en/members/member-list/detail/robert-fischer
2,Class III: Medicine,1992,1,ulrich-pfeifer,https://www.leopoldina.org/en/members/member-list/detail/ulrich-pfeifer
2,Class III: Medicine,1993,1,detlef-petzoldt,https://www.leopoldina.org/en/members/member-list/detail/detlef-petzoldt
2,Class III: Medicine,1993,1,detlev-ganten,https://www.leopoldina.org/en/members/member-list/detail/detlev-ganten
2,Class III: Medicine,1993,1,ernst-poeppel,https://www.leopoldina.org/en/members/member-list/detail/ernst-poeppel
2,Class III: Medicine,1993,1,francis-a-waldvogel,https://www.leopoldina.org/en/members/member-list/detail/francis-a-waldvogel
2,Class III: Medicine,1993,1,hanfried-helmchen,https://www.leopoldina.org/en/members/member-list/detail/hanfried-helmchen
2,Class III: Medicine,1993,1,joerg-ruediger-siewert,https://www.leopoldina.org/en/members/member-list/detail/joerg-ruediger-siewert
2,Class III: Medicine,1993,1,juergen-van-de-loo,https://www.leopoldina.org/en/members/member-list/detail/juergen-van-de-loo
2,Class III: Medicine,1993,1,rudolf-cohen,https://www.leopoldina.org/en/members/member-list/detail/rudolf-cohen
2,Class III: Medicine,1993,1,sir-colin-berry,https://www.leopoldina.org/en/members/member-list/detail/sir-colin-berry
2,Class III: Medicine,1994,1,eberhard-stennert,https://www.leopoldina.org/en/members/member-list/detail/eberhard-stennert
2,Class III: Medicine,1994,1,georg-stingl,https://www.leopoldina.org/en/members/member-list/detail/georg-stingl
2,Class III: Medicine,1994,1,hans-konrad-mueller-hermelink,https://www.leopoldina.org/en/members/member-list/detail/hans-konrad-mueller-hermelink
2,Class III: Medicine,1994,1,helene-matras,https://www.leopoldina.org/en/members/member-list/detail/helene-matras
2,Class III: Medicine,1994,1,hubert-e-blum,https://www.leopoldina.org/en/members/member-list/detail/hubert-e-blum
2,Class III: Medicine,1994,1,karoly-mehes,https://www.leopoldina.org/en/members/member-list/detail/karoly-mehes
2,Class III: Medicine,1994,1,mario-zingirian,https://www.leopoldina.org/en/members/member-list/detail/mario-zingirian
2,Class III: Medicine,1995,1,michael-frotscher,https://www.leopoldina.org/en/members/member-list/detail/michael-frotscher
2,Class III: Medicine,1995,1,pekka-juhani-saukko,https://www.leopoldina.org/en/members/member-list/detail/pekka-juhani-saukko
2,Class III: Medicine,1995,1,peter-von-wichert,https://www.leopoldina.org/en/members/member-list/detail/peter-von-wichert
2,Class III: Medicine,1995,1,rudolf-happle,https://www.leopoldina.org/en/members/member-list/detail/rudolf-happle
2,Class III: Medicine,1995,1,wolfgang-eisenmenger,https://www.leopoldina.org/en/members/member-list/detail/wolfgang-eisenmenger
2,Class III: Medicine,1996,1,d-yves-von-cramon,https://www.leopoldina.org/en/members/member-list/detail/d-yves-von-cramon
2,Class III: Medicine,1996,1,erwin-schoepf,https://www.leopoldina.org/en/members/member-list/detail/erwin-schoepf
2,Class III: Medicine,1996,1,hans-joachim-freund-1,https://www.leopoldina.org/en/members/member-list/detail/hans-joachim-freund-1
2,Class III: Medicine,1996,1,hubert-e-schroeder,https://www.leopoldina.org/en/members/member-list/detail/hubert-e-schroeder
2,Class III: Medicine,1996,1,jan-helms,https://www.leopoldina.org/en/members/member-list/detail/jan-helms
2,Class III: Medicine,1996,1,jan-l-breslow,https://www.leopoldina.org/en/members/member-list/detail/jan-l-breslow
2,Class III: Medicine,1996,1,johannes-dichgans,https://www.leopoldina.org/en/members/member-list/detail/johannes-dichgans
2,Class III: Medicine,1996,1,karlheinz-bauch,https://www.leopoldina.org/en/members/member-list/detail/karlheinz-bauch
2,Class III: Medicine,1996,1,klaus-lechner,https://www.leopoldina.org/en/members/member-list/detail/klaus-lechner
2,Class III: Medicine,1996,1,thomas-herrmann,https://www.leopoldina.org/en/members/member-list/detail/thomas-herrmann
2,Class III: Medicine,1996,1,wilhelm-thal,https://www.leopoldina.org/en/members/member-list/detail/wilhelm-thal
2,Class III: Medicine,1997,1,eberhart-zrenner,https://www.leopoldina.org/en/members/member-list/detail/eberhart-zrenner
2,Class III: Medicine,1997,1,hermann-f-sailer,https://www.leopoldina.org/en/members/member-list/detail/hermann-f-sailer
2,Class III: Medicine,1997,1,juergen-kraemer,https://www.leopoldina.org/en/members/member-list/detail/juergen-kraemer
2,Class III: Medicine,1997,1,karl-zilles,https://www.leopoldina.org/en/members/member-list/detail/karl-zilles
2,Class III: Medicine,1997,1,per-brandtzaeg,https://www.leopoldina.org/en/members/member-list/detail/per-brandtzaeg
2,Class III: Medicine,1997,1,stefan-pollak,https://www.leopoldina.org/en/members/member-list/detail/stefan-pollak
2,Class III: Medicine,1997,1,thomas-krieg,https://www.leopoldina.org/en/members/member-list/detail/thomas-krieg
2,Class III: Medicine,1997,1,walter-baer,https://www.leopoldina.org/en/members/member-list/detail/walter-baer
2,Class III: Medicine,1997,1,wolfgang-kuenzel,https://www.leopoldina.org/en/members/member-list/detail/wolfgang-kuenzel
2,Class III: Medicine,1997,1,yoshiki-hiki,https://www.leopoldina.org/en/members/member-list/detail/yoshiki-hiki
2,Class III: Medicine,1998,1,bernd-herrmann,https://www.leopoldina.org/en/members/member-list/detail/bernd-herrmann
2,Class III: Medicine,1998,1,fritz-a-henn,https://www.leopoldina.org/en/members/member-list/detail/fritz-a-henn
2,Class III: Medicine,1998,1,gottfried-o-h-naumann,https://www.leopoldina.org/en/members/member-list/detail/gottfried-o-h-naumann
2,Class III: Medicine,1998,1,guenter-burg,https://www.leopoldina.org/en/members/member-list/detail/guenter-burg
2,Class III: Medicine,1998,1,hans-peter-zenner,https://www.leopoldina.org/en/members/member-list/detail/hans-peter-zenner
2,Class III: Medicine,1998,1,hans-wolfram-neumann,https://www.leopoldina.org/en/members/member-list/detail/hans-wolfram-neumann
2,Class III: Medicine,1998,1,helmut-denk,https://www.leopoldina.org/en/members/member-list/detail/helmut-denk
2,Class III: Medicine,1998,1,henning-beier,https://www.leopoldina.org/en/members/member-list/detail/henning-beier
2,Class III: Medicine,1998,1,holger-martens,https://www.leopoldina.org/en/members/member-list/detail/holger-martens
2,Class III: Medicine,1998,1,jochen-schulte-am-esch,https://www.leopoldina.org/en/members/member-list/detail/jochen-schulte-am-esch
2,Class III: Medicine,1998,1,johannes-schubert,https://www.leopoldina.org/en/members/member-list/detail/johannes-schubert
2,Class III: Medicine,1998,1,martin-schmidt,https://www.leopoldina.org/en/members/member-list/detail/martin-schmidt
2,Class III: Medicine,1998,1,michael-molls,https://www.leopoldina.org/en/members/member-list/detail/michael-molls
2,Class III: Medicine,1998,1,paul-kleihues,https://www.leopoldina.org/en/members/member-list/detail/paul-kleihues
2,Class III: Medicine,1998,1,rolf-w-guenther,https://www.leopoldina.org/en/members/member-list/detail/rolf-w-guenther
2,Class III: Medicine,1998,1,wolf-singer,https://www.leopoldina.org/en/members/member-list/detail/wolf-singer
2,Class III: Medicine,1998,1,wolfram-h-knapp,https://www.leopoldina.org/en/members/member-list/detail/wolfram-h-knapp
2,Class III: Medicine,1999,1,carl-joachim-wirth,https://www.leopoldina.org/en/members/member-list/detail/carl-joachim-wirth
2,Class III: Medicine,1999,1,daniel-van-steenberghe,https://www.leopoldina.org/en/members/member-list/detail/daniel-van-steenberghe
2,Class III: Medicine,1999,1,florian-holsboer,https://www.leopoldina.org/en/members/member-list/detail/florian-holsboer
2,Class III: Medicine,1999,1,friedrich-kamprad,https://www.leopoldina.org/en/members/member-list/detail/friedrich-kamprad
2,Class III: Medicine,1999,1,friedrich-wilhelm-mohr,https://www.leopoldina.org/en/members/member-list/detail/friedrich-wilhelm-mohr
2,Class III: Medicine,1999,1,guenter-kloeppel,https://www.leopoldina.org/en/members/member-list/detail/guenter-kloeppel
2,Class III: Medicine,1999,1,guenter-stein,https://www.leopoldina.org/en/members/member-list/detail/guenter-stein
2,Class III: Medicine,1999,1,gunther-bastert,https://www.leopoldina.org/en/members/member-list/detail/gunther-bastert
2,Class III: Medicine,1999,1,hans-peter-bruch,https://www.leopoldina.org/en/members/member-list/detail/hans-peter-bruch
2,Class III: Medicine,1999,1,hartwig-bostedt,https://www.leopoldina.org/en/members/member-list/detail/hartwig-bostedt
2,Class III: Medicine,1999,1,heinz-hoefler,https://www.leopoldina.org/en/members/member-list/detail/heinz-hoefler
2,Class III: Medicine,1999,1,heinz-waessle,https://www.leopoldina.org/en/members/member-list/detail/heinz-waessle
2,Class III: Medicine,1999,1,joachim-moessner,https://www.leopoldina.org/en/members/member-list/detail/joachim-moessner
2,Class III: Medicine,1999,1,karl-juergen-wolf,https://www.leopoldina.org/en/members/member-list/detail/karl-juergen-wolf
2,Class III: Medicine,1999,1,karl-werdan,https://www.leopoldina.org/en/members/member-list/detail/karl-werdan
2,Class III: Medicine,1999,1,michael-bamberg,https://www.leopoldina.org/en/members/member-list/detail/michael-bamberg
2,Class III: Medicine,1999,1,ole-petter-ottersen,https://www.leopoldina.org/en/members/member-list/detail/ole-petter-ottersen
2,Class III: Medicine,1999,1,peter-diedrich,https://www.leopoldina.org/en/members/member-list/detail/peter-diedrich
2,Class III: Medicine,1999,1,reinhard-putz,https://www.leopoldina.org/en/members/member-list/detail/reinhard-putz
2,Class III: Medicine,1999,1,wolf-dieter-heiss,https://www.leopoldina.org/en/members/member-list/detail/wolf-dieter-heiss
2,Class III: Medicine,1999,1,wolf-georg-forssmann,https://www.leopoldina.org/en/members/member-list/detail/wolf-georg-forssmann
2,Class III: Medicine,2000,1,brigitte-rockstroh,https://www.leopoldina.org/en/members/member-list/detail/brigitte-rockstroh
2,Class III: Medicine,2000,1,christian-lindqvist,https://www.leopoldina.org/en/members/member-list/detail/christian-lindqvist
2,Class III: Medicine,2000,1,christoph-reiners,https://www.leopoldina.org/en/members/member-list/detail/christoph-reiners
2,Class III: Medicine,2000,1,eckhard-wolf,https://www.leopoldina.org/en/members/member-list/detail/eckhard-wolf
2,Class III: Medicine,2000,1,elmar-peschke,https://www.leopoldina.org/en/members/member-list/detail/elmar-peschke
2,Class III: Medicine,2000,1,hans-detlev-saeger,https://www.leopoldina.org/en/members/member-list/detail/hans-detlev-saeger
2,Class III: Medicine,2000,1,hans-f-merk,https://www.leopoldina.org/en/members/member-list/detail/hans-f-merk
2,Class III: Medicine,2000,1,horst-aspoeck,https://www.leopoldina.org/en/members/member-list/detail/horst-aspoeck
2,Class III: Medicine,2000,1,norbert-suttorp,https://www.leopoldina.org/en/members/member-list/detail/norbert-suttorp
2,Class III: Medicine,2000,1,reinhard-graf,https://www.leopoldina.org/en/members/member-list/detail/reinhard-graf
2,Class III: Medicine,2000,1,thomas-brandt,https://www.leopoldina.org/en/members/member-list/detail/thomas-brandt
2,Class III: Medicine,2000,1,thomas-c-mettenleiter,https://www.leopoldina.org/en/members/member-list/detail/thomas-c-mettenleiter
2,Class III: Medicine,2000,1,volker-diehl,https://www.leopoldina.org/en/members/member-list/detail/volker-diehl
2,Class III: Medicine,2000,1,werner-seeger,https://www.leopoldina.org/en/members/member-list/detail/werner-seeger
2,Class III: Medicine,2000,1,wolfgang-maier,https://www.leopoldina.org/en/members/member-list/detail/wolfgang-maier
2,Class III: Medicine,2000,1,wolfram-sterry,https://www.leopoldina.org/en/members/member-list/detail/wolfram-sterry
2,Class III: Medicine,2001,1,adriano-aguzzi,https://www.leopoldina.org/en/members/member-list/detail/adriano-aguzzi
2,Class III: Medicine,2001,1,alexander-berghaus,https://www.leopoldina.org/en/members/member-list/detail/alexander-berghaus
2,Class III: Medicine,2001,1,arthur-konnerth,https://www.leopoldina.org/en/members/member-list/detail/arthur-konnerth
2,Class III: Medicine,2001,1,bodo-christ,https://www.leopoldina.org/en/members/member-list/detail/bodo-christ
2,Class III: Medicine,2001,1,detlev-drenckhahn,https://www.leopoldina.org/en/members/member-list/detail/detlev-drenckhahn
2,Class III: Medicine,2001,1,felix-unger,https://www.leopoldina.org/en/members/member-list/detail/felix-unger
2,Class III: Medicine,2001,1,gerhard-opelz,https://www.leopoldina.org/en/members/member-list/detail/gerhard-opelz
2,Class III: Medicine,2001,1,gernot-duncker,https://www.leopoldina.org/en/members/member-list/detail/gernot-duncker
2,Class III: Medicine,2001,1,hans-georg-bender,https://www.leopoldina.org/en/members/member-list/detail/hans-georg-bender
2,Class III: Medicine,2001,1,hans-gert-struck,https://www.leopoldina.org/en/members/member-list/detail/hans-gert-struck
2,Class III: Medicine,2001,1,hans-kaercher,https://www.leopoldina.org/en/members/member-list/detail/hans-kaercher
2,Class III: Medicine,2001,1,harald-schicha,https://www.leopoldina.org/en/members/member-list/detail/harald-schicha
2,Class III: Medicine,2001,1,klaus-hoeffken,https://www.leopoldina.org/en/members/member-list/detail/klaus-hoeffken
2,Class III: Medicine,2001,1,klaus-michael-debatin,https://www.leopoldina.org/en/members/member-list/detail/klaus-michael-debatin
2,Class III: Medicine,2001,1,klaus-ruediger-trott,https://www.leopoldina.org/en/members/member-list/detail/klaus-ruediger-trott
2,Class III: Medicine,2001,1,martin-e-schwab,https://www.leopoldina.org/en/members/member-list/detail/martin-e-schwab
2,Class III: Medicine,2001,1,matthias-brandis,https://www.leopoldina.org/en/members/member-list/detail/matthias-brandis
2,Class III: Medicine,2001,1,michael-landthaler,https://www.leopoldina.org/en/members/member-list/detail/michael-landthaler
2,Class III: Medicine,2001,1,otmar-d-wiestler,https://www.leopoldina.org/en/members/member-list/detail/otmar-d-wiestler
2,Class III: Medicine,2001,1,peter-jonas,https://www.leopoldina.org/en/members/member-list/detail/peter-jonas
2,Class III: Medicine,2001,1,reinhard-pabst,https://www.leopoldina.org/en/members/member-list/detail/reinhard-pabst
2,Class III: Medicine,2001,1,rolf-sauer,https://www.leopoldina.org/en/members/member-list/detail/rolf-sauer
2,Class III: Medicine,2001,1,tamas-f-freund,https://www.leopoldina.org/en/members/member-list/detail/tamas-f-freund
2,Class III: Medicine,2001,1,thomas-a-luger,https://www.leopoldina.org/en/members/member-list/detail/thomas-a-luger
2,Class III: Medicine,2001,1,udo-loehrs,https://www.leopoldina.org/en/members/member-list/detail/udo-loehrs
2,Class III: Medicine,2001,1,volker-ewerbeck,https://www.leopoldina.org/en/members/member-list/detail/volker-ewerbeck
2,Class III: Medicine,2001,1,wieland-b-huttner,https://www.leopoldina.org/en/members/member-list/detail/wieland-b-huttner
2,Class III: Medicine,2001,1,wolfgang-gaebel,https://www.leopoldina.org/en/members/member-list/detail/wolfgang-gaebel
2,Class III: Medicine,2001,1,wolfgang-holzgreve,https://www.leopoldina.org/en/members/member-list/detail/wolfgang-holzgreve
2,Class III: Medicine,2001,1,wolfgang-kummer,https://www.leopoldina.org/en/members/member-list/detail/wolfgang-kummer
2,Class III: Medicine,2001,1,zoltan-papp,https://www.leopoldina.org/en/members/member-list/detail/zoltan-papp
2,Class III: Medicine,2002,1,detlef-schloendorff,https://www.leopoldina.org/en/members/member-list/detail/detlef-schloendorff
2,Class III: Medicine,2002,1,dieter-haeussinger,https://www.leopoldina.org/en/members/member-list/detail/dieter-haeussinger
2,Class III: Medicine,2002,1,eva-bettina-broecker,https://www.leopoldina.org/en/members/member-list/detail/eva-bettina-broecker
2,Class III: Medicine,2002,1,friedrich-c-luft,https://www.leopoldina.org/en/members/member-list/detail/friedrich-c-luft
2,Class III: Medicine,2002,1,georg-ertl,https://www.leopoldina.org/en/members/member-list/detail/georg-ertl
2,Class III: Medicine,2002,1,gerard-keck,https://www.leopoldina.org/en/members/member-list/detail/gerard-keck
2,Class III: Medicine,2002,1,hartmut-wekerle,https://www.leopoldina.org/en/members/member-list/detail/hartmut-wekerle
2,Class III: Medicine,2002,1,henning-dralle,https://www.leopoldina.org/en/members/member-list/detail/henning-dralle
2,Class III: Medicine,2002,1,joachim-r-kalden,https://www.leopoldina.org/en/members/member-list/detail/joachim-r-kalden
2,Class III: Medicine,2002,1,juergen-knop,https://www.leopoldina.org/en/members/member-list/detail/juergen-knop
2,Class III: Medicine,2002,1,karsten-fehlhaber,https://www.leopoldina.org/en/members/member-list/detail/karsten-fehlhaber
2,Class III: Medicine,2002,1,leo-brunnberg,https://www.leopoldina.org/en/members/member-list/detail/leo-brunnberg
2,Class III: Medicine,2002,1,manfred-thelen,https://www.leopoldina.org/en/members/member-list/detail/manfred-thelen
2,Class III: Medicine,2002,1,matthias-rothmund,https://www.leopoldina.org/en/members/member-list/detail/matthias-rothmund
2,Class III: Medicine,2002,1,michael-peter-manns,https://www.leopoldina.org/en/members/member-list/detail/michael-peter-manns
2,Class III: Medicine,2002,1,peter-m-schlag,https://www.leopoldina.org/en/members/member-list/detail/peter-m-schlag
2,Class III: Medicine,2002,1,thomas-bieber,https://www.leopoldina.org/en/members/member-list/detail/thomas-bieber
2,Class III: Medicine,2002,1,werner-a-scherbaum,https://www.leopoldina.org/en/members/member-list/detail/werner-a-scherbaum
2,Class III: Medicine,2002,1,werner-hohenberger,https://www.leopoldina.org/en/members/member-list/detail/werner-hohenberger
2,Class III: Medicine,2003,1,achim-schneider,https://www.leopoldina.org/en/members/member-list/detail/achim-schneider
2,Class III: Medicine,2003,1,andrea-superti-furga,https://www.leopoldina.org/en/members/member-list/detail/andrea-superti-furga
2,Class III: Medicine,2003,1,axel-haverich,https://www.leopoldina.org/en/members/member-list/detail/axel-haverich
2,Class III: Medicine,2003,1,beat-steinmann,https://www.leopoldina.org/en/members/member-list/detail/beat-steinmann
2,Class III: Medicine,2003,1,bernhard-zabel,https://www.leopoldina.org/en/members/member-list/detail/bernhard-zabel
2,Class III: Medicine,2003,1,david-joseph-apple,https://www.leopoldina.org/en/members/member-list/detail/david-joseph-apple
2,Class III: Medicine,2003,1,elke-luetjen-drecoll,https://www.leopoldina.org/en/members/member-list/detail/elke-luetjen-drecoll
2,Class III: Medicine,2003,1,hans-christian-pape,https://www.leopoldina.org/en/members/member-list/detail/hans-christian-pape
2,Class III: Medicine,2003,1,hans-lutz,https://www.leopoldina.org/en/members/member-list/detail/hans-lutz
2,Class III: Medicine,2003,1,heinz-juergen-thiel,https://www.leopoldina.org/en/members/member-list/detail/heinz-juergen-thiel
2,Class III: Medicine,2003,1,helmut-kettenmann,https://www.leopoldina.org/en/members/member-list/detail/helmut-kettenmann
2,Class III: Medicine,2003,1,horst-werner-korf,https://www.leopoldina.org/en/members/member-list/detail/horst-werner-korf
2,Class III: Medicine,2003,1,jean-pierre-timmermans,https://www.leopoldina.org/en/members/member-list/detail/jean-pierre-timmermans
2,Class III: Medicine,2003,1,klaus-diedrich,https://www.leopoldina.org/en/members/member-list/detail/klaus-diedrich
2,Class III: Medicine,2003,1,mathias-ackermann,https://www.leopoldina.org/en/members/member-list/detail/mathias-ackermann
2,Class III: Medicine,2003,1,niels-birbaumer,https://www.leopoldina.org/en/members/member-list/detail/niels-birbaumer
2,Class III: Medicine,2003,1,peter-husslein,https://www.leopoldina.org/en/members/member-list/detail/peter-husslein
2,Class III: Medicine,2003,1,peter-wiedemann,https://www.leopoldina.org/en/members/member-list/detail/peter-wiedemann
2,Class III: Medicine,2003,1,rolf-kreienberg,https://www.leopoldina.org/en/members/member-list/detail/rolf-kreienberg
2,Class III: Medicine,2004,1,bernard-devauchelle,https://www.leopoldina.org/en/members/member-list/detail/bernard-devauchelle
2,Class III: Medicine,2004,1,heinz-koelbl,https://www.leopoldina.org/en/members/member-list/detail/heinz-koelbl
2,Class III: Medicine,2004,1,jens-michael-schroeder,https://www.leopoldina.org/en/members/member-list/detail/jens-michael-schroeder
2,Class III: Medicine,2004,1,markus-schwaiger,https://www.leopoldina.org/en/members/member-list/detail/markus-schwaiger
2,Class III: Medicine,2004,1,martin-roecken,https://www.leopoldina.org/en/members/member-list/detail/martin-roecken
2,Class III: Medicine,2004,1,maximilian-reiser,https://www.leopoldina.org/en/members/member-list/detail/maximilian-reiser
2,Class III: Medicine,2004,1,michael-baumann,https://www.leopoldina.org/en/members/member-list/detail/michael-baumann
2,Class III: Medicine,2004,1,michael-j-lentze,https://www.leopoldina.org/en/members/member-list/detail/michael-j-lentze
2,Class III: Medicine,2004,1,peter-nawroth,https://www.leopoldina.org/en/members/member-list/detail/peter-nawroth
2,Class III: Medicine,2004,1,piet-eduard-jj-haers,https://www.leopoldina.org/en/members/member-list/detail/piet-eduard-jj-haers
2,Class III: Medicine,2004,1,reinhard-buettner,https://www.leopoldina.org/en/members/member-list/detail/reinhard-buettner
2,Class III: Medicine,2004,1,steffen-gay,https://www.leopoldina.org/en/members/member-list/detail/steffen-gay
2,Class III: Medicine,2004,1,thomas-kirchner,https://www.leopoldina.org/en/members/member-list/detail/thomas-kirchner
2,Class III: Medicine,2004,1,valer-j-csernus,https://www.leopoldina.org/en/members/member-list/detail/valer-j-csernus
2,Class III: Medicine,2004,1,walter-jonat,https://www.leopoldina.org/en/members/member-list/detail/walter-jonat
2,Class III: Medicine,2005,1,barbara-wollenberg,https://www.leopoldina.org/en/members/member-list/detail/barbara-wollenberg
2,Class III: Medicine,2005,1,bernhard-zwissler,https://www.leopoldina.org/en/members/member-list/detail/bernhard-zwissler
2,Class III: Medicine,2005,1,hannah-monyer,https://www.leopoldina.org/en/members/member-list/detail/hannah-monyer
2,Class III: Medicine,2005,1,hans-jochen-heinze,https://www.leopoldina.org/en/members/member-list/detail/hans-jochen-heinze
2,Class III: Medicine,2005,1,hans-k-schackert,https://www.leopoldina.org/en/members/member-list/detail/hans-k-schackert
2,Class III: Medicine,2005,1,ian-wilmut,https://www.leopoldina.org/en/members/member-list/detail/ian-wilmut
2,Class III: Medicine,2005,1,jukka-h-meurman,https://www.leopoldina.org/en/members/member-list/detail/jukka-h-meurman
2,Class III: Medicine,2005,1,karl-max-einhaeupl,https://www.leopoldina.org/en/members/member-list/detail/karl-max-einhaeupl
2,Class III: Medicine,2005,1,klaus-v-toyka,https://www.leopoldina.org/en/members/member-list/detail/klaus-v-toyka
2,Class III: Medicine,2005,1,mathias-baehr,https://www.leopoldina.org/en/members/member-list/detail/mathias-baehr
2,Class III: Medicine,2005,1,nikos-k-logothetis,https://www.leopoldina.org/en/members/member-list/detail/nikos-k-logothetis
2,Class III: Medicine,2005,1,reinhard-hohlfeld,https://www.leopoldina.org/en/members/member-list/detail/reinhard-hohlfeld
2,Class III: Medicine,2005,1,roger-m-nitsch,https://www.leopoldina.org/en/members/member-list/detail/roger-m-nitsch
2,Class III: Medicine,2005,1,rudolf-guthoff,https://www.leopoldina.org/en/members/member-list/detail/rudolf-guthoff
2,Class III: Medicine,2005,1,soeren-jepsen,https://www.leopoldina.org/en/members/member-list/detail/soeren-jepsen
2,Class III: Medicine,2006,1,bruno-gottstein,https://www.leopoldina.org/en/members/member-list/detail/bruno-gottstein
2,Class III: Medicine,2006,1,franco-locatelli,https://www.leopoldina.org/en/members/member-list/detail/franco-locatelli
2,Class III: Medicine,2006,1,gerd-ruediger-burmester,https://www.leopoldina.org/en/members/member-list/detail/gerd-ruediger-burmester
2,Class III: Medicine,2006,1,gottfried-schmalz,https://www.leopoldina.org/en/members/member-list/detail/gottfried-schmalz
2,Class III: Medicine,2006,1,jan-c-simon,https://www.leopoldina.org/en/members/member-list/detail/jan-c-simon
2,Class III: Medicine,2006,1,jens-scholz,https://www.leopoldina.org/en/members/member-list/detail/jens-scholz
2,Class III: Medicine,2006,1,jonathan-barker,https://www.leopoldina.org/en/members/member-list/detail/jonathan-barker
2,Class III: Medicine,2006,1,jost-b-jonas,https://www.leopoldina.org/en/members/member-list/detail/jost-b-jonas
2,Class III: Medicine,2006,1,luigi-d-notarangelo,https://www.leopoldina.org/en/members/member-list/detail/luigi-d-notarangelo
2,Class III: Medicine,2006,1,peter-somogyi,https://www.leopoldina.org/en/members/member-list/detail/peter-somogyi
2,Class III: Medicine,2006,1,tivadar-tulassay,https://www.leopoldina.org/en/members/member-list/detail/tivadar-tulassay
2,Class III: Medicine,2006,1,ulrich-t-hopt,https://www.leopoldina.org/en/members/member-list/detail/ulrich-t-hopt
2,Class III: Medicine,2006,1,winfried-henke,https://www.leopoldina.org/en/members/member-list/detail/winfried-henke
2,Class III: Medicine,2007,1,bernd-hamm,https://www.leopoldina.org/en/members/member-list/detail/bernd-hamm
2,Class III: Medicine,2007,1,dieter-kohn,https://www.leopoldina.org/en/members/member-list/detail/dieter-kohn
2,Class III: Medicine,2007,1,dontscho-kerjaschki,https://www.leopoldina.org/en/members/member-list/detail/dontscho-kerjaschki
2,Class III: Medicine,2007,1,ferdinand-hofstaedter,https://www.leopoldina.org/en/members/member-list/detail/ferdinand-hofstaedter
2,Class III: Medicine,2007,1,friedhelm-hildebrandt,https://www.leopoldina.org/en/members/member-list/detail/friedhelm-hildebrandt
2,Class III: Medicine,2007,1,hans-h-kreipe,https://www.leopoldina.org/en/members/member-list/detail/hans-h-kreipe
2,Class III: Medicine,2007,1,holger-moch,https://www.leopoldina.org/en/members/member-list/detail/holger-moch
2,Class III: Medicine,2007,1,josef-smolen,https://www.leopoldina.org/en/members/member-list/detail/josef-smolen
2,Class III: Medicine,2007,1,kerstin-krieglstein,https://www.leopoldina.org/en/members/member-list/detail/kerstin-krieglstein
2,Class III: Medicine,2007,1,leena-k-bruckner-tuderman,https://www.leopoldina.org/en/members/member-list/detail/leena-k-bruckner-tuderman
2,Class III: Medicine,2007,1,martin-reincke,https://www.leopoldina.org/en/members/member-list/detail/martin-reincke
2,Class III: Medicine,2007,1,mathias-berger,https://www.leopoldina.org/en/members/member-list/detail/mathias-berger
2,Class III: Medicine,2007,1,paul-a-kyrle,https://www.leopoldina.org/en/members/member-list/detail/paul-a-kyrle
2,Class III: Medicine,2007,1,peter-falkai,https://www.leopoldina.org/en/members/member-list/detail/peter-falkai
2,Class III: Medicine,2007,1,peter-riederer,https://www.leopoldina.org/en/members/member-list/detail/peter-riederer
2,Class III: Medicine,2007,1,reinhold-e-schmidt,https://www.leopoldina.org/en/members/member-list/detail/reinhold-e-schmidt
2,Class III: Medicine,2007,1,robert-nitsch,https://www.leopoldina.org/en/members/member-list/detail/robert-nitsch
2,Class III: Medicine,2007,1,thomas-schwarz,https://www.leopoldina.org/en/members/member-list/detail/thomas-schwarz
2,Class III: Medicine,2008,1,heiner-niemann,https://www.leopoldina.org/en/members/member-list/detail/heiner-niemann
2,Class III: Medicine,2008,1,karin-scharffetter-kochanek,https://www.leopoldina.org/en/members/member-list/detail/karin-scharffetter-kochanek
2,Class III: Medicine,2008,1,lars-french,https://www.leopoldina.org/en/members/member-list/detail/lars-french
2,Class III: Medicine,2008,1,thomas-ruzicka,https://www.leopoldina.org/en/members/member-list/detail/thomas-ruzicka
2,Class III: Medicine,2008,1,ulf-eysel,https://www.leopoldina.org/en/members/member-list/detail/ulf-eysel
2,Class III: Medicine,2009,1,alexander-enk,https://www.leopoldina.org/en/members/member-list/detail/alexander-enk
2,Class III: Medicine,2009,1,andreas-meyer-lindenberg,https://www.leopoldina.org/en/members/member-list/detail/andreas-meyer-lindenberg
2,Class III: Medicine,2009,1,bertrand-ludes,https://www.leopoldina.org/en/members/member-list/detail/bertrand-ludes
2,Class III: Medicine,2009,1,dorairajan-balasubramanian,https://www.leopoldina.org/en/members/member-list/detail/dorairajan-balasubramanian
2,Class III: Medicine,2009,1,gerd-walz,https://www.leopoldina.org/en/members/member-list/detail/gerd-walz
2,Class III: Medicine,2009,1,harald-stein,https://www.leopoldina.org/en/members/member-list/detail/harald-stein
2,Class III: Medicine,2009,1,heiko-braak,https://www.leopoldina.org/en/members/member-list/detail/heiko-braak
2,Class III: Medicine,2009,1,helmut-kerl,https://www.leopoldina.org/en/members/member-list/detail/helmut-kerl
2,Class III: Medicine,2009,1,hugo-karel-van-aken,https://www.leopoldina.org/en/members/member-list/detail/hugo-karel-van-aken
2,Class III: Medicine,2009,1,johanna-plendl,https://www.leopoldina.org/en/members/member-list/detail/johanna-plendl
2,Class III: Medicine,2009,1,johannes-henricus-josephus-van-krieken,https://www.leopoldina.org/en/members/member-list/detail/johannes-henricus-josephus-van-krieken
2,Class III: Medicine,2009,1,juergen-schoelmerich,https://www.leopoldina.org/en/members/member-list/detail/juergen-schoelmerich
2,Class III: Medicine,2009,1,katharina-staerk,https://www.leopoldina.org/en/members/member-list/detail/katharina-staerk
2,Class III: Medicine,2009,1,markus-w-buechler,https://www.leopoldina.org/en/members/member-list/detail/markus-w-buechler
2,Class III: Medicine,2009,1,marlies-knipper,https://www.leopoldina.org/en/members/member-list/detail/marlies-knipper
2,Class III: Medicine,2009,1,martin-leo-hansmann,https://www.leopoldina.org/en/members/member-list/detail/martin-leo-hansmann
2,Class III: Medicine,2009,1,miguel-angel-piris,https://www.leopoldina.org/en/members/member-list/detail/miguel-angel-piris
2,Class III: Medicine,2009,1,orlando-guntinas-lichius,https://www.leopoldina.org/en/members/member-list/detail/orlando-guntinas-lichius
2,Class III: Medicine,2009,1,sarolta-karpati,https://www.leopoldina.org/en/members/member-list/detail/sarolta-karpati
2,Class III: Medicine,2009,1,stefan-r-bornstein,https://www.leopoldina.org/en/members/member-list/detail/stefan-r-bornstein
2,Class III: Medicine,2009,1,thomas-benzing,https://www.leopoldina.org/en/members/member-list/detail/thomas-benzing
2,Class III: Medicine,2009,1,valerie-joan-lund,https://www.leopoldina.org/en/members/member-list/detail/valerie-joan-lund
2,Class III: Medicine,2009,1,walther-parson,https://www.leopoldina.org/en/members/member-list/detail/walther-parson
2,Class III: Medicine,2009,1,werner-geurtsen,https://www.leopoldina.org/en/members/member-list/detail/werner-geurtsen
2,Class III: Medicine,2009,1,wilfried-wagner,https://www.leopoldina.org/en/members/member-list/detail/wilfried-wagner
2,Class III: Medicine,2009,1,willi-a-kalender,https://www.leopoldina.org/en/members/member-list/detail/willi-a-kalender
2,Class III: Medicine,2010,1,ad-aertsen,https://www.leopoldina.org/en/members/member-list/detail/ad-aertsen
2,Class III: Medicine,2010,1,charlotte-niemeyer,https://www.leopoldina.org/en/members/member-list/detail/charlotte-niemeyer
2,Class III: Medicine,2010,1,gerold-schuler,https://www.leopoldina.org/en/members/member-list/detail/gerold-schuler
2,Class III: Medicine,2010,1,guenter-emons,https://www.leopoldina.org/en/members/member-list/detail/guenter-emons
2,Class III: Medicine,2010,1,hannu-juhani-korkeala,https://www.leopoldina.org/en/members/member-list/detail/hannu-juhani-korkeala
2,Class III: Medicine,2010,1,hans-lassmann,https://www.leopoldina.org/en/members/member-list/detail/hans-lassmann
2,Class III: Medicine,2010,1,heidi-pfeiffer,https://www.leopoldina.org/en/members/member-list/detail/heidi-pfeiffer
2,Class III: Medicine,2010,1,jean-krutmann,https://www.leopoldina.org/en/members/member-list/detail/jean-krutmann
2,Class III: Medicine,2010,1,joachim-grifka,https://www.leopoldina.org/en/members/member-list/detail/joachim-grifka
2,Class III: Medicine,2010,1,karl-heinz-plate,https://www.leopoldina.org/en/members/member-list/detail/karl-heinz-plate
2,Class III: Medicine,2010,1,karl-heinz-welte,https://www.leopoldina.org/en/members/member-list/detail/karl-heinz-welte
2,Class III: Medicine,2010,1,lothar-heinz-wieler,https://www.leopoldina.org/en/members/member-list/detail/lothar-heinz-wieler
2,Class III: Medicine,2010,1,manfred-dietel,https://www.leopoldina.org/en/members/member-list/detail/manfred-dietel
2,Class III: Medicine,2010,1,matthias-w-beckmann,https://www.leopoldina.org/en/members/member-list/detail/matthias-w-beckmann
2,Class III: Medicine,2010,1,michael-hertl,https://www.leopoldina.org/en/members/member-list/detail/michael-hertl
2,Class III: Medicine,2010,1,moussa-bh-youdim,https://www.leopoldina.org/en/members/member-list/detail/moussa-bh-youdim
2,Class III: Medicine,2010,1,peter-carmeliet,https://www.leopoldina.org/en/members/member-list/detail/peter-carmeliet
2,Class III: Medicine,2010,1,rolf-rossaint,https://www.leopoldina.org/en/members/member-list/detail/rolf-rossaint
2,Class III: Medicine,2010,1,tobias-bonhoeffer,https://www.leopoldina.org/en/members/member-list/detail/tobias-bonhoeffer
2,Class III: Medicine,2011,1,andreas-bockisch,https://www.leopoldina.org/en/members/member-list/detail/andreas-bockisch
2,Class III: Medicine,2011,1,angelika-schnieke,https://www.leopoldina.org/en/members/member-list/detail/angelika-schnieke
2,Class III: Medicine,2011,1,annette-grueters-kieslich,https://www.leopoldina.org/en/members/member-list/detail/annette-grueters-kieslich
2,Class III: Medicine,2011,1,berthold-seitz,https://www.leopoldina.org/en/members/member-list/detail/berthold-seitz
2,Class III: Medicine,2011,1,boris-bastian,https://www.leopoldina.org/en/members/member-list/detail/boris-bastian
2,Class III: Medicine,2011,1,brigitte-vollmar,https://www.leopoldina.org/en/members/member-list/detail/brigitte-vollmar
2,Class III: Medicine,2011,1,christian-werner,https://www.leopoldina.org/en/members/member-list/detail/christian-werner
2,Class III: Medicine,2011,1,claudia-spies,https://www.leopoldina.org/en/members/member-list/detail/claudia-spies
2,Class III: Medicine,2011,1,frauke-zipp,https://www.leopoldina.org/en/members/member-list/detail/frauke-zipp
2,Class III: Medicine,2011,1,h-peter-rodemann,https://www.leopoldina.org/en/members/member-list/detail/h-peter-rodemann
2,Class III: Medicine,2011,1,hans-juergen-schlitt,https://www.leopoldina.org/en/members/member-list/detail/hans-juergen-schlitt
2,Class III: Medicine,2011,1,henning-schliephake,https://www.leopoldina.org/en/members/member-list/detail/henning-schliephake
2,Class III: Medicine,2011,1,heymut-omran,https://www.leopoldina.org/en/members/member-list/detail/heymut-omran
2,Class III: Medicine,2011,1,jochen-werner,https://www.leopoldina.org/en/members/member-list/detail/jochen-werner
2,Class III: Medicine,2011,1,juergen-c-hennig,https://www.leopoldina.org/en/members/member-list/detail/juergen-c-hennig
2,Class III: Medicine,2011,1,konrad-reinhart,https://www.leopoldina.org/en/members/member-list/detail/konrad-reinhart
2,Class III: Medicine,2011,1,leslie-aiello,https://www.leopoldina.org/en/members/member-list/detail/leslie-aiello
2,Class III: Medicine,2011,1,maode-lai,https://www.leopoldina.org/en/members/member-list/detail/maode-lai
2,Class III: Medicine,2011,1,marcella-rietschel,https://www.leopoldina.org/en/members/member-list/detail/marcella-rietschel
2,Class III: Medicine,2011,1,maria-elisabeth-krautwald-junghanns,https://www.leopoldina.org/en/members/member-list/detail/maria-elisabeth-krautwald-junghanns
2,Class III: Medicine,2011,1,michael-hallek,https://www.leopoldina.org/en/members/member-list/detail/michael-hallek
2,Class III: Medicine,2011,1,reinhard-faessler,https://www.leopoldina.org/en/members/member-list/detail/reinhard-faessler
2,Class III: Medicine,2011,1,sabine-werner,https://www.leopoldina.org/en/members/member-list/detail/sabine-werner
2,Class III: Medicine,2011,1,stephan-lang,https://www.leopoldina.org/en/members/member-list/detail/stephan-lang
2,Class III: Medicine,2012,1,arndt-borkhardt,https://www.leopoldina.org/en/members/member-list/detail/arndt-borkhardt
2,Class III: Medicine,2012,1,bernd-gerber,https://www.leopoldina.org/en/members/member-list/detail/bernd-gerber
2,Class III: Medicine,2012,1,felix-eckstein,https://www.leopoldina.org/en/members/member-list/detail/felix-eckstein
2,Class III: Medicine,2012,1,gabriele-stangl,https://www.leopoldina.org/en/members/member-list/detail/gabriele-stangl
2,Class III: Medicine,2012,1,melitta-schachner-camartin,https://www.leopoldina.org/en/members/member-list/detail/melitta-schachner-camartin
2,Class III: Medicine,2012,1,michael-boehm,https://www.leopoldina.org/en/members/member-list/detail/michael-boehm
2,Class III: Medicine,2012,1,michael-forsting,https://www.leopoldina.org/en/members/member-list/detail/michael-forsting
2,Class III: Medicine,2012,1,norbert-pfeiffer,https://www.leopoldina.org/en/members/member-list/detail/norbert-pfeiffer
2,Class III: Medicine,2012,1,peter-forster,https://www.leopoldina.org/en/members/member-list/detail/peter-forster
2,Class III: Medicine,2012,1,peter-schirmacher,https://www.leopoldina.org/en/members/member-list/detail/peter-schirmacher
2,Class III: Medicine,2012,1,reinhard-georg-dummer,https://www.leopoldina.org/en/members/member-list/detail/reinhard-georg-dummer
2,Class III: Medicine,2012,1,rena-n-dsouza,https://www.leopoldina.org/en/members/member-list/detail/rena-n-dsouza
2,Class III: Medicine,2012,1,ueli-braun,https://www.leopoldina.org/en/members/member-list/detail/ueli-braun
2,Class III: Medicine,2013,1,alexei-verkhratsky,https://www.leopoldina.org/en/members/member-list/detail/alexei-verkhratsky
2,Class III: Medicine,2013,1,brigitte-tag,https://www.leopoldina.org/en/members/member-list/detail/brigitte-tag
2,Class III: Medicine,2013,1,gesine-hansen,https://www.leopoldina.org/en/members/member-list/detail/gesine-hansen
2,Class III: Medicine,2013,1,gian-paolo-dotto,https://www.leopoldina.org/en/members/member-list/detail/gian-paolo-dotto
2,Class III: Medicine,2013,1,greet-van-den-berghe,https://www.leopoldina.org/en/members/member-list/detail/greet-van-den-berghe
2,Class III: Medicine,2013,1,hans-ulrich-haering,https://www.leopoldina.org/en/members/member-list/detail/hans-ulrich-haering
2,Class III: Medicine,2013,1,juergen-peter-debus,https://www.leopoldina.org/en/members/member-list/detail/juergen-peter-debus
2,Class III: Medicine,2013,1,juergen-schuettler,https://www.leopoldina.org/en/members/member-list/detail/juergen-schuettler
2,Class III: Medicine,2013,1,karl-walter-jauch,https://www.leopoldina.org/en/members/member-list/detail/karl-walter-jauch
2,Class III: Medicine,2013,1,klaus-pueschel,https://www.leopoldina.org/en/members/member-list/detail/klaus-pueschel
2,Class III: Medicine,2013,1,martin-zeitz,https://www.leopoldina.org/en/members/member-list/detail/martin-zeitz
2,Class III: Medicine,2013,1,paul-a-sieving,https://www.leopoldina.org/en/members/member-list/detail/paul-a-sieving
2,Class III: Medicine,2013,1,peter-neuhaus,https://www.leopoldina.org/en/members/member-list/detail/peter-neuhaus
2,Class III: Medicine,2013,1,ralph-hruban,https://www.leopoldina.org/en/members/member-list/detail/ralph-hruban
2,Class III: Medicine,2013,1,thomas-lenarz,https://www.leopoldina.org/en/members/member-list/detail/thomas-lenarz
2,Class III: Medicine,2013,1,wolf-mutschler,https://www.leopoldina.org/en/members/member-list/detail/wolf-mutschler
2,Class III: Medicine,2014,1,andreas-neubauer,https://www.leopoldina.org/en/members/member-list/detail/andreas-neubauer
2,Class III: Medicine,2014,1,bernd-walter-boettiger,https://www.leopoldina.org/en/members/member-list/detail/bernd-walter-boettiger
2,Class III: Medicine,2014,1,claus-bachert,https://www.leopoldina.org/en/members/member-list/detail/claus-bachert
2,Class III: Medicine,2014,1,darius-moradpour,https://www.leopoldina.org/en/members/member-list/detail/darius-moradpour
2,Class III: Medicine,2014,1,erwin-tschachler,https://www.leopoldina.org/en/members/member-list/detail/erwin-tschachler
2,Class III: Medicine,2014,1,frank-bradke,https://www.leopoldina.org/en/members/member-list/detail/frank-bradke
2,Class III: Medicine,2014,1,heidrun-potschka,https://www.leopoldina.org/en/members/member-list/detail/heidrun-potschka
2,Class III: Medicine,2014,1,jose-alain-sahel,https://www.leopoldina.org/en/members/member-list/detail/jose-alain-sahel
2,Class III: Medicine,2014,1,jutta-gaertner,https://www.leopoldina.org/en/members/member-list/detail/jutta-gaertner
2,Class III: Medicine,2014,1,karl-deisseroth,https://www.leopoldina.org/en/members/member-list/detail/karl-deisseroth
2,Class III: Medicine,2014,1,maria-teschler-nicola,https://www.leopoldina.org/en/members/member-list/detail/maria-teschler-nicola
2,Class III: Medicine,2014,1,marion-kiechle,https://www.leopoldina.org/en/members/member-list/detail/marion-kiechle
2,Class III: Medicine,2014,1,reinhard-hickel,https://www.leopoldina.org/en/members/member-list/detail/reinhard-hickel
2,Class III: Medicine,2014,1,ulrich-gembruch,https://www.leopoldina.org/en/members/member-list/detail/ulrich-gembruch
2,Class III: Medicine,2015,1,andreas-heinz,https://www.leopoldina.org/en/members/member-list/detail/andreas-heinz
2,Class III: Medicine,2015,1,ania-c-muntau,https://www.leopoldina.org/en/members/member-list/detail/ania-c-muntau
2,Class III: Medicine,2015,1,michael-amling,https://www.leopoldina.org/en/members/member-list/detail/michael-amling
2,Class III: Medicine,2015,1,michael-detmar,https://www.leopoldina.org/en/members/member-list/detail/michael-detmar
2,Class III: Medicine,2015,1,michael-thali,https://www.leopoldina.org/en/members/member-list/detail/michael-thali
2,Class III: Medicine,2015,1,ralph-weissleder,https://www.leopoldina.org/en/members/member-list/detail/ralph-weissleder
2,Class III: Medicine,2015,1,rupert-handgretinger,https://www.leopoldina.org/en/members/member-list/detail/rupert-handgretinger
2,Class III: Medicine,2015,1,thomas-c-suedhof,https://www.leopoldina.org/en/members/member-list/detail/thomas-c-suedhof
2,Class III: Medicine,2015,1,tobias-moser,https://www.leopoldina.org/en/members/member-list/detail/tobias-moser
2,Class III: Medicine,2016,1,andreas-rosenwald,https://www.leopoldina.org/en/members/member-list/detail/andreas-rosenwald
2,Class III: Medicine,2016,1,benedikt-grothe,https://www.leopoldina.org/en/members/member-list/detail/benedikt-grothe
2,Class III: Medicine,2016,1,claus-cursiefen,https://www.leopoldina.org/en/members/member-list/detail/claus-cursiefen
2,Class III: Medicine,2016,1,elisabeth-binder,https://www.leopoldina.org/en/members/member-list/detail/elisabeth-binder
2,Class III: Medicine,2016,1,gero-miesenboeck,https://www.leopoldina.org/en/members/member-list/detail/gero-miesenboeck
2,Class III: Medicine,2016,1,hannelore-ehrenreich,https://www.leopoldina.org/en/members/member-list/detail/hannelore-ehrenreich
2,Class III: Medicine,2016,1,kai-zacharowski,https://www.leopoldina.org/en/members/member-list/detail/kai-zacharowski
2,Class III: Medicine,2016,1,kathleen-j-green,https://www.leopoldina.org/en/members/member-list/detail/kathleen-j-green
2,Class III: Medicine,2016,1,marion-de-jong,https://www.leopoldina.org/en/members/member-list/detail/marion-de-jong
2,Class III: Medicine,2016,1,matthias-endres,https://www.leopoldina.org/en/members/member-list/detail/matthias-endres
2,Class III: Medicine,2016,1,max-gassmann,https://www.leopoldina.org/en/members/member-list/detail/max-gassmann
2,Class III: Medicine,2016,1,michael-d-menger,https://www.leopoldina.org/en/members/member-list/detail/michael-d-menger
2,Class III: Medicine,2016,1,pierluigi-nicotera,https://www.leopoldina.org/en/members/member-list/detail/pierluigi-nicotera
2,Class III: Medicine,2016,1,ulf-mueller-ladner,https://www.leopoldina.org/en/members/member-list/detail/ulf-mueller-ladner
2,Class III: Medicine,2017,1,andreas-von-deimling,https://www.leopoldina.org/en/members/member-list/detail/andreas-von-deimling
2,Class III: Medicine,2017,1,andrej-kral,https://www.leopoldina.org/en/members/member-list/detail/andrej-kral
2,Class III: Medicine,2017,1,bernd-pichler,https://www.leopoldina.org/en/members/member-list/detail/bernd-pichler
2,Class III: Medicine,2017,1,britta-siegmund,https://www.leopoldina.org/en/members/member-list/detail/britta-siegmund
2,Class III: Medicine,2017,1,ernst-r-tamm,https://www.leopoldina.org/en/members/member-list/detail/ernst-r-tamm
2,Class III: Medicine,2017,1,jochen-reiser,https://www.leopoldina.org/en/members/member-list/detail/jochen-reiser
2,Class III: Medicine,2017,1,katharina-domschke,https://www.leopoldina.org/en/members/member-list/detail/katharina-domschke
2,Class III: Medicine,2017,1,severine-vermeire,https://www.leopoldina.org/en/members/member-list/detail/severine-vermeire
2,Class III: Medicine,2017,1,stefanie-dimmeler,https://www.leopoldina.org/en/members/member-list/detail/stefanie-dimmeler
2,Class III: Medicine,2017,1,stefanie-ritz-timme,https://www.leopoldina.org/en/members/member-list/detail/stefanie-ritz-timme
2,Class III: Medicine,2017,1,wolfgang-janni,https://www.leopoldina.org/en/members/member-list/detail/wolfgang-janni
2,Class III: Medicine,2018,1,anca-l-grosu,https://www.leopoldina.org/en/members/member-list/detail/anca-l-grosu
2,Class III: Medicine,2018,1,christiane-j-bruns,https://www.leopoldina.org/en/members/member-list/detail/christiane-j-bruns
2,Class III: Medicine,2018,1,dietmar-schmitz,https://www.leopoldina.org/en/members/member-list/detail/dietmar-schmitz
2,Class III: Medicine,2018,1,frank-heppner,https://www.leopoldina.org/en/members/member-list/detail/frank-heppner
2,Class III: Medicine,2018,1,georg-f-hoffmann,https://www.leopoldina.org/en/members/member-list/detail/georg-f-hoffmann
2,Class III: Medicine,2018,1,martin-hrabe-de-angelis,https://www.leopoldina.org/en/members/member-list/detail/martin-hrabe-de-angelis
2,Class III: Medicine,2018,1,peter-rosenberger,https://www.leopoldina.org/en/members/member-list/detail/peter-rosenberger
2,Class III: Medicine,2018,1,simone-fulda,https://www.leopoldina.org/en/members/member-list/detail/simone-fulda
2,Class III: Medicine,2018,1,susanne-hartmann,https://www.leopoldina.org/en/members/member-list/detail/susanne-hartmann
2,Class III: Medicine,2018,1,thomas-deller,https://www.leopoldina.org/en/members/member-list/detail/thomas-deller
2,Class III: Medicine,2018,1,thomas-gasser,https://www.leopoldina.org/en/members/member-list/detail/thomas-gasser
2,Class III: Medicine,2018,1,ursula-schloetzer-schrehardt,https://www.leopoldina.org/en/members/member-list/detail/ursula-schloetzer-schrehardt
2,Class III: Medicine,2019,1,alexander-zarbock,https://www.leopoldina.org/en/members/member-list/detail/alexander-zarbock
2,Class III: Medicine,2019,1,aurel-perren,https://www.leopoldina.org/en/members/member-list/detail/aurel-perren
2,Class III: Medicine,2019,1,carien-niessen,https://www.leopoldina.org/en/members/member-list/detail/carien-niessen
2,Class III: Medicine,2019,1,christian-weber,https://www.leopoldina.org/en/members/member-list/detail/christian-weber
2,Class III: Medicine,2019,1,christiane-kuhl,https://www.leopoldina.org/en/members/member-list/detail/christiane-kuhl
2,Class III: Medicine,2019,1,gerd-hasenfuss,https://www.leopoldina.org/en/members/member-list/detail/gerd-hasenfuss
2,Class III: Medicine,2019,1,gerhard-rogler,https://www.leopoldina.org/en/members/member-list/detail/gerhard-rogler
2,Class III: Medicine,2019,1,hilmar-bading,https://www.leopoldina.org/en/members/member-list/detail/hilmar-bading
2,Class III: Medicine,2019,1,lukas-radbruch,https://www.leopoldina.org/en/members/member-list/detail/lukas-radbruch
2,Class III: Medicine,2019,1,monique-m-b-breteler,https://www.leopoldina.org/en/members/member-list/detail/monique-m-b-breteler
2,Class III: Medicine,2019,1,nektarios-tavernarakis,https://www.leopoldina.org/en/members/member-list/detail/nektarios-tavernarakis
2,Class III: Medicine,2019,1,nicole-rotter,https://www.leopoldina.org/en/members/member-list/detail/nicole-rotter
2,Class III: Medicine,2019,1,thomas-brabletz,https://www.leopoldina.org/en/members/member-list/detail/thomas-brabletz
2,Class III: Medicine,2019,1,tobias-boeckers,https://www.leopoldina.org/en/members/member-list/detail/tobias-boeckers
2,Class III: Medicine,2020,1,christian-g-stief,https://www.leopoldina.org/en/members/member-list/detail/christian-g-stief
2,Class III: Medicine,2020,1,juliane-winkelmann,https://www.leopoldina.org/en/members/member-list/detail/juliane-winkelmann
2,Class III: Medicine,2020,1,karl-u-bartz-schmidt,https://www.leopoldina.org/en/members/member-list/detail/karl-u-bartz-schmidt
2,Class III: Medicine,2020,1,martin-kerschensteiner,https://www.leopoldina.org/en/members/member-list/detail/martin-kerschensteiner
2,Class III: Medicine,2020,1,michael-trauner,https://www.leopoldina.org/en/members/member-list/detail/michael-trauner
2,Class III: Medicine,2020,1,robert-thimme,https://www.leopoldina.org/en/members/member-list/detail/robert-thimme
2,Class III: Medicine,2020,1,sabine-a-eming,https://www.leopoldina.org/en/members/member-list/detail/sabine-a-eming
2,Class III: Medicine,2020,1,stefan-m-pfister,https://www.leopoldina.org/en/members/member-list/detail/stefan-m-pfister
2,Class III: Medicine,2020,1,stefan-schwarz,https://www.leopoldina.org/en/members/member-list/detail/stefan-schwarz
2,Class III: Medicine,2020,1,stephan-ehl,https://www.leopoldina.org/en/members/member-list/detail/stephan-ehl
2,Class III: Medicine,2020,1,tanja-fehm,https://www.leopoldina.org/en/members/member-list/detail/tanja-fehm
2,Class III: Medicine,2020,1,uwe-haberkorn,https://www.leopoldina.org/en/members/member-list/detail/uwe-haberkorn
2,Class III: Medicine,2020,1,wolfgang-wick,https://www.leopoldina.org/en/members/member-list/detail/wolfgang-wick
2,Class III: Medicine,2021,1,angelika-eggert,https://www.leopoldina.org/en/members/member-list/detail/angelika-eggert
2,Class III: Medicine,2021,1,benedikt-pannen,https://www.leopoldina.org/en/members/member-list/detail/benedikt-pannen
2,Class III: Medicine,2021,1,christine-klein,https://www.leopoldina.org/en/members/member-list/detail/christine-klein
2,Class III: Medicine,2021,1,frank-g-holz,https://www.leopoldina.org/en/members/member-list/detail/frank-g-holz
2,Class III: Medicine,2021,1,georg-schett,https://www.leopoldina.org/en/members/member-list/detail/georg-schett
2,Class III: Medicine,2021,1,hermann-haller,https://www.leopoldina.org/en/members/member-list/detail/hermann-haller
2,Class III: Medicine,2021,1,sabine-kastner,https://www.leopoldina.org/en/members/member-list/detail/sabine-kastner
2,Class III: Medicine,2021,1,svenja-caspers,https://www.leopoldina.org/en/members/member-list/detail/svenja-caspers
2,Class III: Medicine,2021,1,thomas-bortfeld,https://www.leopoldina.org/en/members/member-list/detail/thomas-bortfeld
2,Class III: Medicine,2021,1,thomas-g-schulze,https://www.leopoldina.org/en/members/member-list/detail/thomas-g-schulze
2,Class III: Medicine,2021,1,tobias-b-huber,https://www.leopoldina.org/en/members/member-list/detail/tobias-b-huber
2,Class III: Medicine,2022,1,angela-huebner,https://www.leopoldina.org/en/members/member-list/detail/angela-huebner
2,Class III: Medicine,2022,1,arndt-hartmann,https://www.leopoldina.org/en/members/member-list/detail/arndt-hartmann
2,Class III: Medicine,2022,1,denise-manahan-vaughan,https://www.leopoldina.org/en/members/member-list/detail/denise-manahan-vaughan
2,Class III: Medicine,2022,1,gerd-kempermann,https://www.leopoldina.org/en/members/member-list/detail/gerd-kempermann
2,Class III: Medicine,2022,1,hans-ulrich-kauczor,https://www.leopoldina.org/en/members/member-list/detail/hans-ulrich-kauczor
2,Class III: Medicine,2022,1,joerg-kalff,https://www.leopoldina.org/en/members/member-list/detail/joerg-kalff
2,Class III: Medicine,2022,1,katerina-harvati-papatheodorou,https://www.leopoldina.org/en/members/member-list/detail/katerina-harvati-papatheodorou
2,Class III: Medicine,2022,1,knut-brockmann,https://www.leopoldina.org/en/members/member-list/detail/knut-brockmann
2,Class III: Medicine,2022,1,marius-ueffing,https://www.leopoldina.org/en/members/member-list/detail/marius-ueffing
2,Class III: Medicine,2022,1,michael-roden,https://www.leopoldina.org/en/members/member-list/detail/michael-roden
2,Class III: Medicine,2022,1,miranda-wolpert,https://www.leopoldina.org/en/members/member-list/detail/miranda-wolpert
2,Class III: Medicine,2022,1,peter-a-fasching,https://www.leopoldina.org/en/members/member-list/detail/peter-a-fasching
2,Class III: Medicine,2022,1,ryuichi-shigemoto,https://www.leopoldina.org/en/members/member-list/detail/ryuichi-shigemoto
2,Class III: Medicine,2023,1,jan-henning-klusmann,https://www.leopoldina.org/en/members/member-list/detail/jan-henning-klusmann
2,Class III: Medicine,2023,1,jens-peter-klussmann,https://www.leopoldina.org/en/members/member-list/detail/jens-peter-klussmann
2,Class III: Medicine,2023,1,karin-michels,https://www.leopoldina.org/en/members/member-list/detail/karin-michels
2,Class III: Medicine,2023,1,leticia-quintanilla-martinez-de-fend,https://www.leopoldina.org/en/members/member-list/detail/leticia-quintanilla-martinez-de-fend
2,Class III: Medicine,2023,1,marlene-bartos,https://www.leopoldina.org/en/members/member-list/detail/marlene-bartos
2,Class III: Medicine,2023,1,michel-gilliet,https://www.leopoldina.org/en/members/member-list/detail/michel-gilliet
2,Class III: Medicine,2023,1,pauline-wimberger,https://www.leopoldina.org/en/members/member-list/detail/pauline-wimberger
2,Class III: Medicine,2023,1,peter-dayan,https://www.leopoldina.org/en/members/member-list/detail/peter-dayan
2,Class III: Medicine,2023,1,roger-stephan,https://www.leopoldina.org/en/members/member-list/detail/roger-stephan
2,Class III: Medicine,2023,1,soni-pullamsetti,https://www.leopoldina.org/en/members/member-list/detail/soni-pullamsetti
2,Class III: Medicine,2023,1,triantafyllos-chavakis,https://www.leopoldina.org/en/members/member-list/detail/triantafyllos-chavakis
2,Class III: Medicine,2023,1,wolfgang-henrich,https://www.leopoldina.org/en/members/member-list/detail/wolfgang-henrich
2,Class III: Medicine,2023,1,wolfgang-weber,https://www.leopoldina.org/en/members/member-list/detail/wolfgang-weber
2,Class III: Medicine,2024,1,carla-nau,https://www.leopoldina.org/en/members/member-list/detail/carla-nau
2,Class III: Medicine,2024,1,clare-bambra,https://www.leopoldina.org/en/members/member-list/detail/clare-bambra
2,Class III: Medicine,2024,1,claudia-bausewein,https://www.leopoldina.org/en/members/member-list/detail/claudia-bausewein
2,Class III: Medicine,2024,1,frederick-klauschen,https://www.leopoldina.org/en/members/member-list/detail/frederick-klauschen
2,Class III: Medicine,2024,1,gereon-fink,https://www.leopoldina.org/en/members/member-list/detail/gereon-fink
2,Class III: Medicine,2024,1,hermann-einsele,https://www.leopoldina.org/en/members/member-list/detail/hermann-einsele
2,Class III: Medicine,2024,1,ibrahim-abubakar,https://www.leopoldina.org/en/members/member-list/detail/ibrahim-abubakar
2,Class III: Medicine,2024,1,johannes-krause,https://www.leopoldina.org/en/members/member-list/detail/johannes-krause
2,Class III: Medicine,2024,1,josef-priller,https://www.leopoldina.org/en/members/member-list/detail/josef-priller
2,Class III: Medicine,2024,1,karin-haustermans,https://www.leopoldina.org/en/members/member-list/detail/karin-haustermans
2,Class III: Medicine,2024,1,marcus-mall,https://www.leopoldina.org/en/members/member-list/detail/marcus-mall
2,Class III: Medicine,2024,1,markus-lerch,https://www.leopoldina.org/en/members/member-list/detail/markus-lerch
2,Class III: Medicine,2024,1,michael-ghadimi,https://www.leopoldina.org/en/members/member-list/detail/michael-ghadimi
2,Class III: Medicine,2024,1,stefan-treue,https://www.leopoldina.org/en/members/member-list/detail/stefan-treue
2,Class III: Medicine,2024,1,ulrike-ravens-sieberer,https://www.leopoldina.org/en/members/member-list/detail/ulrike-ravens-sieberer
2,Class III: Medicine,2025,1,andrea-a-kuehn,https://www.leopoldina.org/en/members/member-list/detail/andrea-a-kuehn
2,Class III: Medicine,2025,1,fabian-bamberg,https://www.leopoldina.org/en/members/member-list/detail/fabian-bamberg
2,Class III: Medicine,2025,1,gilles-laurent,https://www.leopoldina.org/en/members/member-list/detail/gilles-laurent
2,Class III: Medicine,2025,1,irene-esposito,https://www.leopoldina.org/en/members/member-list/detail/irene-esposito
2,Class III: Medicine,2025,1,jochen-gensichen,https://www.leopoldina.org/en/members/member-list/detail/jochen-gensichen
2,Class III: Medicine,2025,1,lukas-sommer,https://www.leopoldina.org/en/members/member-list/detail/lukas-sommer
2,Class III: Medicine,2025,1,martine-jager,https://www.leopoldina.org/en/members/member-list/detail/martine-jager
2,Class III: Medicine,2025,1,meike-stiesch,https://www.leopoldina.org/en/members/member-list/detail/meike-stiesch
2,Class III: Medicine,2025,1,patrick-meybohm,https://www.leopoldina.org/en/members/member-list/detail/patrick-meybohm
2,Class III: Medicine,2025,1,susanne-herold,https://www.leopoldina.org/en/members/member-list/detail/susanne-herold
2,Class III: Medicine,2025,1,thomas-misgeld,https://www.leopoldina.org/en/members/member-list/detail/thomas-misgeld
2,Class III: Medicine,2025,1,thomas-tueting,https://www.leopoldina.org/en/members/member-list/detail/thomas-tueting
