fide_id,name,fed,sex,title,wtitle,otitle,foa,rating,games,kfactor,birth_year,flag,active,identity_bridge_modern_fide_id,exact_dob_frozen,dob_status_2023,birthplace_hemisphere,hemisphere_status,wikidata_person_qids,birthplace_qids,birthplace_labels,birthplace_latitudes,birthplace_longitudes,eligible_north_2023,exclusion_reason_2023,snapshot,analysis_sex,seen_in_1994_2013,analysis_rank_within_sex,elo_z_within_2023_sex_cohort,year_pillar,month_pillar,day_pillar,day_stem,day_master_element,stem_direction_score,six_position_tengods,shangguan_count_6pos,pianyin_count_6pos,analysis_group
12573981,"Firouzja, Alireza",FRA,M,GM,,,,2785,0,10,2003,,True,12573981,2003-06-18,wikidata_exact_year_agrees,north,resolved_unique_birthplace,Q22338182,Q605157,Babol,36.55111111,52.67861111,True,,2023-01,M,False,1,3.842791729683001,癸未,戊午,壬戌,壬,水,1,劫财|正官|七杀|正财|比肩|七杀,0,0,M_NEW_TARGET
5202213,"So, Wesley",USA,M,GM,,,,2760,0,10,1993,,True,5202213,1993-10-09,wikidata_exact_year_agrees,north,resolved_unique_birthplace,Q147495,Q63129,Bacoor,14.46242222,120.96445278,True,,2023-01,M,False,2,3.486033499026873,癸酉,壬戌,癸亥,癸,水,-1,比肩|偏印|劫财|正官|比肩|劫财,0,1,M_NEW_TARGET
1170546,"Duda, Jan-Krzysztof",POL,M,GM,,,,2729,0,10,1998,,True,1170546,1998-04-26,wikidata_exact_year_agrees,north,resolved_unique_birthplace,Q10860652,Q31487,Kraków,50.06138889,19.93722222,True,,2023-01,M,False,3,3.043653293013274,戊寅,丙辰,癸卯,癸,水,-1,正官|伤官|正财|正官|比肩|食神,1,0,M_NEW_TARGET
46616543,Gukesh D,IND,M,GM,,,,2725,0,10,2006,,True,46616543,2006-05-29,wikidata_exact_year_agrees,north,resolved_unique_birthplace,Q56026072,Q1352,Chennai,13.0825,80.275,True,,2023-01,M,False,4,2.9865719761082934,丙戌,癸巳,戊午,戊,土,1,偏印|比肩|正财|偏印|比肩|正印,0,2,M_NEW_TARGET
35009192,Erigaisi Arjun,IND,M,GM,,,,2722,0,10,2003,,True,35009192,2003-09-03,wikidata_exact_year_agrees,north,resolved_unique_birthplace,Q27524847,Q16039783,Karimnagar,18.43554,79.13371,True,,2023-01,M,False,5,2.943760988429558,癸未,庚申,己卯,己,土,-1,偏财|比肩|伤官|伤官|比肩|七杀,2,0,M_NEW_TARGET
8603405,"Wei, Yi",CHN,M,GM,,,,2722,0,10,1999,,True,8603405,1999-06-02,wikidata_exact_year_agrees,north,resolved_unique_birthplace,Q13646741,Q57866,Yancheng,33.35,120.15694444,True,,2023-01,M,False,5,2.943760988429558,己卯,己巳,乙酉,乙,木,1,偏财|比肩|偏财|伤官|比肩|七杀,1,0,M_NEW_TARGET
12539929,"Maghsoodloo, Parham",IRI,M,GM,,,,2719,0,10,2000,,True,12539929,2000-08-11,wikidata_exact_year_agrees,north,resolved_unique_birthplace,Q27527529,Q1975291,Gonbad-e Kavus,37.25004,55.16721,True,,2023-01,M,False,7,2.9009500007508224,庚辰,甲申,辛丑,辛,金,1,劫财|正印|正财|劫财|比肩|偏印,0,1,M_NEW_TARGET
14204118,"Abdusattorov, Nodirbek",UZB,M,GM,,,,2713,0,10,2004,,True,14204118,2004-09-18,wikidata_exact_year_agrees,north,resolved_unique_birthplace,Q20908925,Q269,Tashkent,41.31111111,69.27972222,True,,2023-01,M,False,8,2.8153280253933515,甲申,癸酉,庚子,庚,金,-1,偏财|比肩|伤官|劫财|比肩|伤官,2,0,M_NEW_TARGET
2093596,"Niemann, Hans Moke",USA,M,GM,,,,2706,19,10,2003,,True,2093596,2003-06-20,wikidata_exact_year_agrees,north,resolved_unique_birthplace,Q59137809,Q62,San Francisco,37.775;37.7775,-122.41944444;-122.41638889,True,,2023-01,M,False,9,2.715435720809636,癸未,戊午,甲子,甲,木,-1,正印|正财|偏财|伤官|比肩|正印,1,0,M_NEW_TARGET
24101605,"Artemiev, Vladislav",RUS,M,GM,,,,2701,0,10,1998,,True,24101605,1998-03-05,wikidata_exact_year_agrees,north,resolved_unique_birthplace,Q16336094,Q898,Omsk,54.96666667,73.38333333,True,,2023-01,M,False,10,2.64408407467841,戊寅,甲寅,辛亥,辛,金,1,正印|正财|正财|正财|比肩|伤官,1,0,M_NEW_TARGET
1226380,"Deac, Bogdan-Daniel",ROU,M,GM,,,,2700,0,10,2001,,True,1226380,2001-10-08,wikidata_exact_year_agrees,north,resolved_unique_birthplace,Q27524449,Q192758,Râmnicu Vâlcea,45.10472222,24.37555556,True,,2023-01,M,False,11,2.629813745452165,辛巳,戊戌,甲辰,甲,木,-1,正官|食神|偏财|偏财|比肩|偏财,0,0,M_NEW_TARGET
12940690,"Keymer, Vincent",GER,M,GM,,,,2696,0,10,2004,,True,12940690,2004-11-15,wikidata_exact_year_agrees,north,resolved_unique_birthplace,Q27526478,Q1720,Mainz,49.99944444,8.27361111,True,,2023-01,M,False,12,2.572732428547184,甲申,乙亥,戊戌,戊,土,1,七杀|食神|正官|偏财|比肩|比肩,0,0,M_NEW_TARGET
2047640,"Xiong, Jeffery",USA,M,GM,,,,2692,0,10,2000,,True,2047640,2000-10-30,wikidata_exact_year_agrees,north,resolved_unique_birthplace,Q20973724,Q51689,Plano,33.05,-96.75,True,,2023-01,M,False,13,2.515651111642204,庚辰,丙戌,辛酉,辛,金,1,劫财|正印|正官|正印|比肩|比肩,0,0,M_NEW_TARGET
2040506,"Sevian, Samuel",USA,M,GM,,,,2687,0,10,2000,,True,2040506,2000-12-26,wikidata_exact_year_agrees,north,resolved_unique_birthplace,Q7412591,Q576395,Corning,42.14805556,-77.05694444,True,,2023-01,M,False,14,2.444299465510978,庚辰,戊子,戊午,戊,土,1,食神|比肩|比肩|正财|比肩|正印,0,0,M_NEW_TARGET
4135539,"Alekseenko, Kirill",FID,M,GM,,,,2686,19,10,1997,,True,4135539,1997-06-22,wikidata_exact_year_agrees,north,resolved_unique_birthplace,Q18923582,Q14657,Vyborg,60.71055556,28.74972222,True,,2023-01,M,False,15,2.430029136284733,丁丑,丙午,乙未,乙,木,1,食神|偏财|伤官|食神|比肩|偏财,1,0,M_NEW_TARGET
12521213,"Tabatabaei, M. Amin",IRI,M,GM,,,,2686,18,10,2001,,True,12521213,2001-02-05,wikidata_exact_year_agrees,north,resolved_unique_birthplace,Q23710569,Q3616,Tehran,35.68888889,51.38972222,True,,2023-01,M,False,15,2.430029136284733,辛巳,庚寅,己亥,己,土,-1,食神|正印|伤官|正官|比肩|正财,1,0,M_NEW_TARGET
25059530,Praggnanandhaa R,IND,M,GM,,,,2684,0,10,2005,,True,25059530,2005-08-10,wikidata_exact_year_agrees,north,resolved_unique_birthplace,Q26703041,Q1352,Chennai,13.0825,80.275,True,,2023-01,M,False,17,2.4014884778322427,乙酉,甲申,丙寅,丙,火,1,正印|正财|偏印|偏财|比肩|偏印,0,2,M_NEW_TARGET
24107581,"Predke, Alexandr",FID,M,GM,,,,2684,0,10,1994,,True,24107581,1994-01-05,wikidata_exact_year_agrees,north,resolved_unique_birthplace,Q19915607,Q135285,Dimitrovgrad,54.23333333,49.58333333,True,,2023-01,M,False,17,2.4014884778322427,癸酉,乙丑,辛卯,辛,金,1,食神|比肩|偏财|偏印|比肩|偏财,0,1,M_NEW_TARGET
13306553,"Martirosyan, Haik M.",ARM,M,GM,,,,2682,0,10,2000,,True,13306553,2000-07-14,wikidata_exact_year_agrees,north,resolved_unique_birthplace,Q27527783,Q2631973,Byuravan,40.016111,44.518611,True,,2023-01,M,False,19,2.3729478193797524,庚辰,癸未,癸酉,癸,水,-1,正印|正官|比肩|七杀|比肩|偏印,0,1,M_NEW_TARGET
642908,"Moussard, Jules",FRA,M,GM,,,,2681,10,10,1995,,True,642908,1995-01-16,wikidata_exact_year_agrees,north,resolved_unique_birthplace,Q25932923,Q90,Paris,48.85666667,2.35222222,True,,2023-01,M,False,20,2.3586774901535077,甲戌,丁丑,丁未,丁,火,-1,正印|伤官|比肩|食神|比肩|食神,1,0,M_NEW_TARGET
1039784,"Van Foreest, Jorden",NED,M,GM,,,,2681,10,10,1999,,True,1039784,1999-04-30,wikidata_exact_year_agrees,north,resolved_unique_birthplace,Q15877133,Q803,Utrecht,52.09083333,5.12166667,True,,2023-01,M,False,20,2.3586774901535077,己卯,戊辰,壬子,壬,水,1,正官|伤官|七杀|七杀|比肩|劫财,1,0,M_NEW_TARGET
24175439,"Esipenko, Andrey",FID,M,GM,,,,2675,10,10,2002,,True,24175439,2002-03-22,wikidata_exact_year_agrees,north,resolved_unique_birthplace,Q27524878,Q175452,Novocherkassk,47.42222222,40.09388889,True,,2023-01,M,False,22,2.2730555147960367,壬午,癸卯,己丑,己,土,-1,正财|偏印|偏财|七杀|比肩|比肩,0,1,M_NEW_TARGET
24130737,"Fedoseev, Vladimir",FID,M,GM,,,,2674,10,10,1995,,True,24130737,1995-02-16,wikidata_exact_year_agrees,north,resolved_unique_birthplace,Q4482094,Q656,Saint Petersburg,59.95,30.31666667,True,,2023-01,M,False,23,2.258785185569792,乙亥,戊寅,戊寅,戊,土,1,正官|偏财|比肩|七杀|比肩|七杀,0,0,M_NEW_TARGET
25092340,Nihal Sarin,IND,M,GM,,,,2670,0,10,2004,,True,25092340,2004-07-13,wikidata_exact_year_agrees,north,resolved_unique_birthplace,Q17386461,Q163798,Thrissur,10.52,76.21,True,,2023-01,M,False,24,2.201703868664811,甲申,辛未,癸巳,癸,水,-1,伤官|正印|偏印|七杀|比肩|正财,1,1,M_NEW_TARGET
24125890,"Oparin, Grigoriy",USA,M,GM,,,,2670,9,10,1997,,True,24125890,1997-07-01,wikidata_exact_year_agrees,north,resolved_unique_birthplace,Q15302250,Q1726,Munich,48.1375,11.575,True,,2023-01,M,False,24,2.201703868664811,丁丑,丙午,甲辰,甲,木,-1,伤官|正财|食神|伤官|比肩|偏财,2,0,M_NEW_TARGET
5058422,Narayanan.S.L,IND,M,GM,,,,2669,10,10,1998,,True,5058422,1998-01-10,wikidata_exact_year_agrees,north,resolved_unique_birthplace,Q27532882,Q167715,Thiruvananthapuram,8.4875,76.9525,True,,2023-01,M,False,26,2.1874335394385658,丁丑,癸丑,丁巳,丁,火,-1,比肩|食神|七杀|食神|比肩|劫财,0,0,M_NEW_TARGET
24133795,"Sarana, Alexey",FID,M,GM,,,,2668,0,10,2000,,True,24133795,2000-01-26,wikidata_exact_year_agrees,north,resolved_unique_birthplace,Q27531199,Q649,Moscow,55.75055556,37.6175,True,,2023-01,M,False,27,2.1731632102123206,己卯,丁丑,癸未,癸,水,-1,七杀|食神|偏财|七杀|比肩|七杀,0,0,M_NEW_TARGET
14129574,"Shevchenko, Kirill",ROU,M,GM,,,,2662,9,10,2002,,True,14129574,2002-09-22,wikidata_exact_year_agrees,north,resolved_unique_birthplace,Q27531893,Q1899,Kyiv,50.45,30.52361111,True,,2023-01,M,False,28,2.0875412348548497,壬午,己酉,癸巳,癸,水,-1,劫财|偏财|七杀|偏印|比肩|正财,0,1,M_NEW_TARGET
24651516,"Bluebaum, Matthias",GER,M,GM,,,,2661,9,10,1997,,True,24651516,1997-04-18,wikidata_exact_year_agrees,north,resolved_unique_birthplace,Q19613834,Q14817,Lemgo,52.02768056,8.9043,True,,2023-01,M,False,29,2.0732709056286045,丁丑,甲辰,庚寅,庚,金,-1,正官|正印|偏财|偏印|比肩|偏财,0,1,M_NEW_TARGET
2293307,"Santos Latasa, Jaime",ESP,M,GM,,FI,,2657,9,10,1996,,True,2293307,1996-07-03,wikidata_exact_year_agrees,north,resolved_unique_birthplace,Q27531181,Q10313,San Sebastián,43.32,-1.98,True,,2023-01,M,False,30,2.0161895887236243,丙子,甲午,辛丑,辛,金,1,正官|食神|正财|七杀|比肩|偏印,0,1,M_NEW_TARGET
358878,"Nguyen, Thai Dai Van",CZE,M,GM,,,,2656,0,10,2001,,True,358878,2001-12-12,wikidata_exact_year_agrees,north,resolved_unique_birthplace,Q27528849,Q1085,Prague,50.0875,14.42138889,True,,2023-01,M,False,31,2.001919259497379,辛巳,庚子,己酉,己,土,-1,食神|正印|伤官|偏财|比肩|食神,1,0,M_NEW_TARGET
14205483,"Sindarov, Javokhir",UZB,M,GM,,,,2654,0,10,2005,,True,14205483,2005-12-08,wikidata_exact_year_agrees,north,resolved_unique_birthplace,Q27532037,Q269,Tashkent,41.31111111,69.27972222,True,,2023-01,M,False,32,1.9733786010448888,乙酉,戊子,丙寅,丙,火,1,正印|正财|食神|正官|比肩|偏印,0,1,M_NEW_TARGET
1510045,"Tari, Aryan",NOR,M,GM,,,,2653,9,10,1999,,True,1510045,1999-06-04,wikidata_exact_year_agrees,north,resolved_unique_birthplace,Q20808228,Q20,Norway,59.93333333,10.68333333,True,,2023-01,M,False,33,1.959108271818644,己卯,己巳,丁亥,丁,火,-1,食神|偏印|食神|劫财|比肩|正官,0,1,M_NEW_TARGET
13402960,"Abasov, Nijat",AZE,M,GM,,,,2643,0,10,1995,,True,13402960,1995-05-14,wikidata_exact_year_agrees,north,resolved_unique_birthplace,Q388220,Q9248,Baku,40.36665556,49.83518333,True,,2023-01,M,False,34,1.8164049795561923,乙亥,辛巳,乙巳,乙,木,1,比肩|正印|七杀|伤官|比肩|伤官,2,0,M_NEW_TARGET
911925,"Indjic, Aleksandar",SRB,M,GM,,,,2641,9,10,1995,,True,911925,1995-08-24,wikidata_exact_year_agrees,north,resolved_unique_birthplace,Q16655550,Q3711,Belgrade,44.81777778,20.45694444,True,,2023-01,M,False,35,1.787864321103702,乙亥,甲申,丁亥,丁,火,-1,偏印|正官|正印|正财|比肩|正官,0,1,M_NEW_TARGET
2056437,"Liang, Awonder",USA,M,GM,,,,2640,16,10,2003,,True,2056437,2003-04-09,wikidata_exact_year_agrees,north,resolved_unique_birthplace,Q4830120,Q43788,Madison,43.07472222,-89.38416667,True,,2023-01,M,False,36,1.7735939918774568,癸未,丙辰,壬子,壬,水,1,劫财|正官|偏财|七杀|比肩|劫财,0,0,M_NEW_TARGET
712779,"Gledura, Benjamin",HUN,M,GM,,FI,,2639,9,10,1999,,True,712779,1999-07-04,wikidata_exact_year_agrees,north,resolved_unique_birthplace,Q22570141,Q167109,Eger,47.89888889,20.37472222,True,,2023-01,M,False,37,1.7593236626512117,己卯,庚午,丁巳,丁,火,-1,食神|偏印|正财|比肩|比肩|劫财,0,1,M_NEW_TARGET
14926970,"Pechac, Jergus",SVK,M,GM,,,,2637,3,10,2001,,True,14926970,2001-10-31,wikidata_exact_year_agrees,north,resolved_unique_birthplace,Q27529495,Q214,Slovakia,48.7,19.7,True,,2023-01,M,False,38,1.7307830041987216,辛巳,戊戌,丁卯,丁,火,-1,偏财|劫财|伤官|伤官|比肩|偏印,2,1,M_NEW_TARGET
12510130,"Idani, Pouya",IRI,M,GM,,,,2633,10,10,1995,,True,12510130,1995-09-22,wikidata_exact_year_agrees,north,resolved_unique_birthplace,Q27525927,Q170366,Ahvaz,31.31888889,48.68416667,True,,2023-01,M,False,39,1.673701687293741,乙亥,乙酉,丙辰,丙,火,1,正印|七杀|正印|正财|比肩|食神,0,0,M_NEW_TARGET
4108116,"Chigaev, Maksim",FID,M,GM,,,,2632,0,10,1996,,True,4108116,1996-11-07,wikidata_exact_year_agrees,north,resolved_unique_birthplace,Q26990815,Q6066,Kemerovo,55.33333333,86.06666667,True,,2023-01,M,False,40,1.6594313580674958,丙子,己亥,戊申,戊,土,1,偏印|正财|劫财|偏财|比肩|食神,0,1,M_NEW_TARGET
13300857,"Petrosyan, Manuel",ARM,M,GM,,,,2632,10,10,1998,,True,13300857,1998-05-06,wikidata_exact_year_agrees,north,resolved_unique_birthplace,Q27529864,Q129352,Khankendi,39.81527778,46.75194444,True,,2023-01,M,False,40,1.6594313580674958,戊寅,丁巳,癸丑,癸,水,-1,正官|伤官|偏财|正财|比肩|七杀,1,0,M_NEW_TARGET
13306766,"Sargsyan, Shant",ARM,M,GM,,,,2630,9,10,2002,,True,13306766,2002-01-27,wikidata_exact_year_agrees,north,resolved_unique_birthplace,Q27531213,Q1953,Yerevan,40.18138889,44.51444444,True,,2023-01,M,False,42,1.6308906996150054,辛巳,辛丑,乙未,乙,木,1,七杀|伤官|七杀|偏财|比肩|偏财,1,0,M_NEW_TARGET
14203987,"Yakubboev, Nodirbek",UZB,M,GM,,,,2630,9,10,2002,,True,14203987,2002-01-23,wikidata_exact_year_agrees,north,resolved_unique_birthplace,Q27534239,Q269,Tashkent,41.31111111,69.27972222,True,,2023-01,M,False,42,1.6308906996150054,辛巳,辛丑,辛卯,辛,金,1,比肩|正官|比肩|偏印|比肩|偏财,0,1,M_NEW_TARGET
24603295,"Donchenko, Alexander",GER,M,GM,,,,2627,9,10,1998,,True,24603295,1998-03-22,wikidata_exact_year_agrees,north,resolved_unique_birthplace,Q19615148,Q649,Moscow,55.75055556,37.6175,True,,2023-01,M,False,44,1.5880797119362702,戊寅,乙卯,戊辰,戊,土,1,比肩|七杀|正官|正官|比肩|比肩,0,0,M_NEW_TARGET
35093487,"Sadhwani, Raunak",IND,M,GM,,,,2627,0,10,2005,,True,35093487,2005-12-22,wikidata_exact_year_agrees,north,resolved_unique_birthplace,Q72088964,Q1513,Nagpur,21.14972222,79.08055556,True,,2023-01,M,False,44,1.5880797119362702,乙酉,戊子,庚辰,庚,金,-1,正财|劫财|偏印|伤官|比肩|偏印,1,2,M_NEW_TARGET
13306677,"Hakobyan, Aram",ARM,M,GM,,,,2626,9,10,2001,,True,13306677,2001-04-01,wikidata_exact_year_agrees,north,resolved_unique_birthplace,Q27525651,Q1953,Yerevan,40.18138889,44.51444444,True,,2023-01,M,False,46,1.573809382710025,辛巳,辛卯,甲午,甲,木,-1,正官|食神|正官|劫财|比肩|伤官,1,0,M_NEW_TARGET
5074452,"Karthikeyan, Murali",IND,M,GM,,,,2626,19,10,1999,,True,5074452,1999-05-01,wikidata_exact_year_agrees,north,resolved_unique_birthplace,Q6937282,Q41496,Thanjavur,10.787,79.137806,True,,2023-01,M,False,46,1.573809382710025,己卯,戊辰,癸丑,癸,水,-1,七杀|食神|正官|正官|比肩|七杀,0,0,M_NEW_TARGET
2026961,"Naroditsky, Daniel",USA,M,GM,,,,2622,7,10,1995,,True,2026961,1995-11-09,wikidata_exact_year_agrees,north,resolved_unique_birthplace,Q5218240,Q169943,San Mateo,37.55416667,-122.31305556,True,,2023-01,M,False,48,1.5167280658050444,乙亥,丁亥,甲辰,甲,木,-1,劫财|偏印|伤官|偏印|比肩|偏财,1,2,M_NEW_TARGET
13301004,"Grigoryan, Karen H.",ARM,M,GM,,,,2621,10,10,1995,,True,13301004,1995-02-25,wikidata_exact_year_agrees,north,resolved_unique_birthplace,Q14920221,Q1953,Yerevan,40.18138889,44.51444444,True,,2023-01,M,False,49,1.5024577365787992,乙亥,戊寅,丁亥,丁,火,-1,偏印|正官|伤官|正印|比肩|正官,1,1,M_NEW_TARGET
4657101,"Svane, Rasmus",GER,M,GM,,,,2620,9,10,1997,,True,4657101,1997-05-21,wikidata_exact_year_agrees,north,resolved_unique_birthplace,Q20179966,Q499479,Allerød Municipality,55.86666667,12.36666667,True,,2023-01,M,False,50,1.488187407352554,丁丑,乙巳,癸亥,癸,水,-1,偏财|七杀|食神|正财|比肩|劫财,0,0,M_NEW_TARGET
813192,"Vocaturo, Daniele",ITA,M,GM,,,,2619,0,10,1989,,True,813192,1989-12-16,wikidata_exact_year_agrees,north,resolved_unique_birthplace,Q2392158,Q220,Rome,41.89305556,12.48277778,True,,2023-01,M,False,51,1.4739170781263091,己巳,丙子,庚戌,庚,金,-1,正印|七杀|七杀|伤官|比肩|偏印,1,1,M_NEW_TARGET
1017063,"Bok, Benjamin",NED,M,GM,,,,2618,0,10,1995,,True,1017063,1995-01-25,wikidata_exact_year_agrees,north,resolved_unique_birthplace,Q1853719,Q166065,Lelystad,52.51666667,5.48333333,True,,2023-01,M,False,52,1.459646748900064,甲戌,丁丑,丙辰,丙,火,1,偏印|食神|劫财|伤官|比肩|食神,1,1,M_NEW_TARGET
1444948,"Bjerre, Jonas Buhl",DEN,M,GM,,,,2616,1,10,2004,,True,1444948,2004-06-26,wikidata_exact_year_agrees,north,resolved_unique_birthplace,Q27523653,Q21180,Silkeborg,56.16666667,9.55,True,,2023-01,M,False,53,1.4311060904475736,甲申,庚午,丙子,丙,火,1,偏印|偏财|偏财|劫财|比肩|正官,0,1,M_NEW_TARGET
1048104,"Warmerdam, Max",NED,M,GM,,,,2616,1,10,2000,,True,1048104,2000-03-30,wikidata_exact_year_agrees,north,resolved_unique_birthplace,Q27534104,Q1019522,Tegelen,51.3422,6.1364,True,,2023-01,M,False,53,1.4311060904475736,庚辰,己卯,丁亥,丁,火,-1,正财|伤官|食神|偏印|比肩|正官,1,1,M_NEW_TARGET
5072786,"Aravindh, Chithambaram VR.",IND,M,GM,,,,2613,10,10,1999,,True,5072786,1999-09-11,wikidata_exact_year_agrees,north,resolved_unique_birthplace,Q18202648,Q228405,Madurai,9.91966111,78.11939444,True,,2023-01,M,False,55,1.3882951027688382,己卯,癸酉,丙寅,丙,火,1,伤官|正印|正官|正财|比肩|偏印,1,1,M_NEW_TARGET
240990,"Dardha, Daniel",BEL,M,GM,,,,2613,12,10,2005,,True,240990,2005-10-01,wikidata_exact_year_agrees,north,resolved_unique_birthplace,Q66923136,Q688781,Mortsel,51.17027778,4.45666667,True,,2023-01,M,False,55,1.3882951027688382,乙酉,乙酉,戊午,戊,土,1,正官|伤官|正官|伤官|比肩|正印,2,0,M_NEW_TARGET
1413864,"Andersen, Mads",DEN,M,GM,,,,2609,1,10,1995,,True,1413864,1995-03-01,wikidata_exact_year_agrees,north,resolved_unique_birthplace,Q26262320,Q226,Nuuk,64.175,-51.73333333,True,,2023-01,M,False,57,1.3312137858638575,乙亥,戊寅,辛卯,辛,金,1,偏财|伤官|正印|正财|比肩|偏财,1,0,M_NEW_TARGET
14100371,"Bernadskiy, Vitaliy",UKR,M,GM,,,,2609,19,10,1994,,True,14100371,1994-10-17,wikidata_exact_year_agrees,north,resolved_unique_birthplace,Q18236512,Q157725,Chernivtsi,48.29083333,25.93444444,True,,2023-01,M,False,57,1.3312137858638575,甲戌,甲戌,丙子,丙,火,1,偏印|食神|偏印|食神|比肩|正官,0,2,M_NEW_TARGET
5084423,Aryan Chopra,IND,M,GM,,,,2607,18,10,2001,,True,5084423,2001-12-10,wikidata_exact_year_agrees,north,resolved_unique_birthplace,Q27063238,Q987,New Delhi,28.61388889,77.20888889,True,,2023-01,M,False,59,1.3026731274113674,辛巳,庚子,丁未,丁,火,-1,偏财|劫财|正财|七杀|比肩|食神,0,0,M_NEW_TARGET
14201801,"Vakhidov, Jakhongir",UZB,M,GM,,,,2607,0,10,1995,,True,14201801,1995-04-27,wikidata_exact_year_agrees,north,resolved_unique_birthplace,Q20631628,Q5753,Samarkand,39.65472222,66.97583333,True,,2023-01,M,False,59,1.3026731274113674,乙亥,庚辰,戊子,戊,土,1,正官|偏财|食神|比肩|比肩|正财,0,0,M_NEW_TARGET
12909572,"Kollars, Dmitrij",GER,M,GM,,,,2606,10,10,1999,,True,12909572,1999-08-13,wikidata_exact_year_agrees,north,resolved_unique_birthplace,Q27526663,Q24879,Bremen,53.07583333,8.80722222,True,,2023-01,M,False,61,1.2884027981851225,己卯,壬申,丁酉,丁,火,-1,食神|偏印|正官|正财|比肩|偏财,0,1,M_NEW_TARGET
5045185,"Vaibhav, Suri",IND,M,GM,,,,2606,0,10,1997,,True,5045185,1997-02-08,wikidata_exact_year_agrees,north,resolved_unique_birthplace,Q16628894,Q987,New Delhi,28.61388889,77.20888889,True,,2023-01,M,False,61,1.2884027981851225,丁丑,壬寅,辛巳,辛,金,1,七杀|偏印|伤官|正财|比肩|正官,1,1,M_NEW_TARGET
3509362,"Quesada Perez, Yasser",CUB,M,GM,,,,2604,9,10,1992,,True,3509362,1992-05-23,wikidata_exact_year_agrees,north,resolved_unique_birthplace,Q27530208,Q211590,Santa Clara,22.40666667,-79.95305556,True,,2023-01,M,False,63,1.259862139732632,壬申,乙巳,己亥,己,土,-1,正财|伤官|七杀|正印|比肩|正财,1,0,M_NEW_TARGET
24131423,"Yuffa, Daniil",ESP,M,GM,,,,2604,9,10,1997,,True,24131423,1997-02-25,wikidata_exact_year_agrees,north,resolved_unique_birthplace,Q26990817,Q5815,Tyumen,57.15,65.53333333,True,,2023-01,M,False,63,1.259862139732632,丁丑,壬寅,戊戌,戊,土,1,正印|劫财|偏财|七杀|比肩|比肩,0,0,M_NEW_TARGET
6302181,"Can, Emre",TUR,M,GM,,,,2600,0,10,1990,,True,6302181,1990-01-21,wikidata_exact_year_agrees,north,resolved_unique_birthplace,Q1339557,Q35997,İzmir,38.41273,27.13838,True,,2023-01,M,False,65,1.2027808228276515,己巳,丁丑,丙戌,丙,火,1,伤官|比肩|劫财|伤官|比肩|食神,2,0,M_NEW_TARGET
4107012,"Antipov, Mikhail Al.",FID,M,GM,,,,2599,9,10,1997,,True,4107012,1997-06-10,wikidata_exact_year_agrees,north,resolved_unique_birthplace,Q16272457,Q649,Moscow,55.75055556,37.6175,True,,2023-01,M,False,66,1.1885104936014064,丁丑,丙午,癸未,癸,水,-1,偏财|七杀|正财|偏财|比肩|七杀,0,0,M_NEW_TARGET
5078776,Harsha Bharathakoti,IND,M,GM,,,,2599,10,10,2000,,True,5078776,2000-02-07,wikidata_exact_year_agrees,north,resolved_unique_birthplace,Q27525699,Q3764410,Guntur Lok Sabha constituency,16.3,80.4,True,,2023-01,M,False,66,1.1885104936014064,庚辰,戊寅,乙未,乙,木,1,正官|正财|正财|劫财|比肩|偏财,0,0,M_NEW_TARGET
24604747,"Huschenbeth, Niclas",GER,M,GM,,,,2598,0,10,1992,,True,24604747,1992-02-29,wikidata_exact_year_agrees,north,resolved_unique_birthplace,Q109717,Q165380,Hann. Münden,51.41666667,9.65,True,,2023-01,M,False,68,1.1742401643751612,壬申,壬寅,乙亥,乙,木,1,正印|正官|正印|劫财|比肩|正印,0,0,M_NEW_TARGET
13400312,"Iskandarov, Misratdin",AZE,M,GM,,,,2598,0,10,1995,,True,13400312,1995-01-14,wikidata_exact_year_agrees,north,resolved_unique_birthplace,Q27525982,Q179833,Sumgait,40.59611111,49.67,True,,2023-01,M,False,68,1.1742401643751612,甲戌,丁丑,乙巳,乙,木,1,劫财|正财|食神|偏财|比肩|伤官,1,0,M_NEW_TARGET
8603332,"Lu, Shanglei",CHN,M,GM,,,,2596,0,10,1995,,True,8603332,1995-07-10,wikidata_exact_year_agrees,north,resolved_unique_birthplace,Q1631301,Q11720,Shenyang,41.8025,123.42805556,True,,2023-01,M,False,70,1.145699505922671,乙亥,癸未,壬寅,壬,水,1,伤官|比肩|劫财|正官|比肩|食神,1,0,M_NEW_TARGET
5061245,"Puranik, Abhimanyu",IND,M,GM,,,,2596,14,10,2000,,True,5061245,2000-02-11,wikidata_exact_year_agrees,north,resolved_unique_birthplace,Q27530183,Q1156,Mumbai,19.07583333,72.8775,True,,2023-01,M,False,70,1.145699505922671,庚辰,戊寅,己亥,己,土,-1,伤官|劫财|劫财|正官|比肩|正财,1,0,M_NEW_TARGET
6300545,"Sanal, Vahap",TUR,M,GM,,,,2590,19,10,1998,,True,6300545,1998-05-26,wikidata_exact_year_agrees,north,resolved_unique_birthplace,Q26255609,Q35997,İzmir,38.41273,27.13838,True,,2023-01,M,False,72,1.0600775305652002,戊寅,丁巳,癸酉,癸,水,-1,正官|伤官|偏财|正财|比肩|偏印,1,1,M_NEW_TARGET
4262875,"Theodorou, Nikolas",GRE,M,GM,,,,2590,9,10,2000,,True,4262875,2000-09-17,wikidata_exact_year_agrees,north,resolved_unique_birthplace,Q27533120,Q1524,Athens,37.98416667,23.72805556,True,,2023-01,M,False,72,1.0600775305652002,庚辰,乙酉,戊寅,戊,土,1,食神|比肩|正官|伤官|比肩|七杀,1,0,M_NEW_TARGET
14204223,"Vokhidov, Shamsiddin",UZB,M,GM,,,,2589,9,10,2002,,True,14204223,2002-01-11,wikidata_exact_year_agrees,north,resolved_unique_birthplace,Q27533974,Q265,Uzbekistan,41.0,66.0,True,,2023-01,M,False,74,1.045807201338955,辛巳,辛丑,己卯,己,土,-1,食神|正印|食神|比肩|比肩|七杀,0,0,M_NEW_TARGET
14907526,"Michalik, Peter",CZE,M,GM,,,,2588,4,10,1990,,True,14907526,1990-09-15,wikidata_exact_year_agrees,north,resolved_unique_birthplace,Q539326,Q208750,Prievidza,48.77138889,18.62416667,True,,2023-01,M,False,75,1.0315368721127098,庚午,乙酉,癸未,癸,水,-1,正印|偏财|食神|偏印|比肩|七杀,0,1,M_NEW_TARGET
22291482,"Santos Ruiz, Miguel",ESP,M,GM,,,,2587,0,10,1999,,True,22291482,1999-10-04,wikidata_exact_year_agrees,north,resolved_unique_birthplace,Q27531182,Q753825,Utrera,37.1824646,-5.7817506,True,,2023-01,M,False,76,1.017266542886465,己卯,癸酉,己丑,己,土,-1,比肩|七杀|偏财|食神|比肩|比肩,0,0,M_NEW_TARGET
4194985,"Paravyan, David",FID,M,GM,,,,2586,0,10,1998,,True,4194985,1998-03-08,wikidata_exact_year_agrees,north,resolved_unique_birthplace,Q27529186,Q649,Moscow,55.75055556,37.6175,True,,2023-01,M,False,77,1.0029962136602195,戊寅,乙卯,甲寅,甲,木,-1,偏财|比肩|劫财|劫财|比肩|比肩,0,0,M_NEW_TARGET
950122,"Ivic, Velimir",SRB,M,GM,,,,2585,10,10,2002,,True,950122,2002-08-27,wikidata_exact_year_agrees,north,resolved_unique_birthplace,Q56084845,Q3711,Belgrade,44.81777778,20.45694444,True,,2023-01,M,False,78,0.9887258844339744,壬午,戊申,丁卯,丁,火,-1,正官|比肩|伤官|正财|比肩|偏印,1,1,M_NEW_TARGET
14403803,"Kadric, Denis",MNE,M,GM,,,,2584,0,10,1995,,True,14403803,1995-06-12,wikidata_exact_year_agrees,north,resolved_unique_birthplace,Q19616398,Q1794,Frankfurt,50.11055556,8.68222222,True,,2023-01,M,False,79,0.9744555552077292,乙亥,壬午,甲戌,甲,木,-1,劫财|偏印|偏印|伤官|比肩|偏财,1,2,M_NEW_TARGET
24650684,"Wagner, Dennis",GER,M,GM,,,,2584,0,10,1997,,True,24650684,1997-06-19,wikidata_exact_year_agrees,north,resolved_unique_birthplace,Q19614121,Q2865,Kassel,51.31577778,9.49791667,True,,2023-01,M,False,79,0.9744555552077292,丁丑,丙午,壬辰,壬,水,1,正财|正官|偏财|正财|比肩|七杀,0,0,M_NEW_TARGET
30909694,"Yoo, Christopher Woojin",USA,M,GM,,,,2584,9,10,2006,,True,30909694,2006-12-19,wikidata_exact_year_agrees,north,resolved_unique_birthplace,Q60666311,Q49220,Fremont,37.54861111,-121.98833333,True,,2023-01,M,False,79,0.9744555552077292,丙戌,庚子,壬午,壬,水,1,偏财|七杀|偏印|劫财|比肩|正财,0,1,M_NEW_TARGET
662399,"Lagarde, Maxime",FRA,M,GM,,,,2583,9,10,1994,,True,662399,1994-03-16,wikidata_exact_year_agrees,north,resolved_unique_birthplace,Q15206237,Q184159,Niort,46.325,-0.46222222,True,,2023-01,M,False,82,0.960185225981484,甲戌,丁卯,辛丑,辛,金,1,正财|正印|七杀|偏财|比肩|偏印,0,1,M_NEW_TARGET
1039792,"Van Foreest, Lucas",NED,M,GM,,,,2583,9,10,2001,,True,1039792,2001-03-03,wikidata_exact_year_agrees,north,multiple_birthplaces_same_hemisphere,Q27533728,Q10006;Q749,Groningen;Hengelo,52.26555556;53.21888889,6.5675;6.79305556,True,,2023-01,M,False,82,0.960185225981484,辛巳,庚寅,乙丑,乙,木,1,七杀|伤官|正官|劫财|比肩|偏财,1,0,M_NEW_TARGET
12923044,"Svane, Frederik",GER,M,GM,,,,2581,19,10,2004,,True,12923044,2004-01-21,wikidata_exact_year_agrees,north,resolved_unique_birthplace,Q108577394,Q2843,Lübeck,53.86972222,10.68638889,True,,2023-01,M,False,84,0.931644567528994,癸未,乙丑,己亥,己,土,-1,偏财|比肩|七杀|比肩|比肩|正财,0,0,M_NEW_TARGET
8603847,"Zeng, Chongsheng",CHN,M,GM,,,,2580,0,10,1993,,True,8603847,1993-06-10,wikidata_exact_year_agrees,north,resolved_unique_birthplace,Q16225705,Q15175,Guangdong,23.4,113.5,True,,2023-01,M,False,85,0.9173742383027488,癸酉,戊午,壬戌,壬,水,1,劫财|正印|七杀|正财|比肩|七杀,0,0,M_NEW_TARGET
13303732,"Gabuzyan, Hovhannes",ARM,M,GM,,,,2579,9,10,1995,,True,13303732,1995-05-19,wikidata_exact_year_agrees,north,resolved_unique_birthplace,Q4130978,Q1953,Yerevan,40.18138889,44.51444444,True,,2023-01,M,False,86,0.9031039090765036,乙亥,辛巳,庚戌,庚,金,-1,正财|食神|劫财|七杀|比肩|偏印,0,1,M_NEW_TARGET
8608288,"Xu, Xiangyu",CHN,M,GM,,,,2578,0,10,1999,,True,8608288,1999-09-19,wikidata_exact_year_agrees,north,resolved_unique_birthplace,Q27534227,Q72778,Taiyuan,37.87326,112.54245,True,,2023-01,M,False,87,0.8888335798502585,己卯,癸酉,甲戌,甲,木,-1,正财|劫财|正印|正官|比肩|偏财,0,0,M_NEW_TARGET
3518736,"Albornoz Cabrera, Carlos Daniel",CUB,M,GM,,,,2576,10,10,2000,,True,3518736,2000-12-26,wikidata_exact_year_agrees,north,resolved_unique_birthplace,Q27522919,Q115329,Camagüey,21.37861111,-77.91861111,True,,2023-01,M,False,88,0.8602929213977683,庚辰,戊子,戊午,戊,土,1,食神|比肩|比肩|正财|比肩|正印,0,0,M_NEW_TARGET
2288230,"Forcen Esteban, Daniel",ESP,M,GM,,,,2576,0,10,1994,,True,2288230,1994-06-12,wikidata_exact_year_agrees,north,resolved_unique_birthplace,Q23809805,Q10305,Zaragoza,41.65,-0.88333333,True,,2023-01,M,False,88,0.8602929213977683,甲戌,庚午,己巳,己,土,-1,正官|劫财|伤官|偏印|比肩|正印,1,1,M_NEW_TARGET
4671910,"Kraemer, Martin",GER,M,GM,,,,2576,10,10,1987,,True,4671910,1987-12-23,wikidata_exact_year_agrees,north,resolved_unique_birthplace,Q100444,Q1729,Erfurt,50.97805556,11.02888889,True,,2023-01,M,False,88,0.8602929213977683,丁卯,壬子,丙午,丙,火,1,劫财|正印|七杀|正官|比肩|劫财,0,0,M_NEW_TARGET
11602740,"Meshkovs, Nikita",LAT,M,GM,,,,2576,9,10,1994,,True,11602740,1994-06-30,wikidata_exact_year_agrees,north,resolved_unique_birthplace,Q27528282,Q1773,Riga,56.9475,24.10694444,True,,2023-01,M,False,88,0.8602929213977683,甲戌,庚午,丁亥,丁,火,-1,正印|伤官|正财|比肩|比肩|正官,1,0,M_NEW_TARGET
865834,"Moroni, Luca Jr",ITA,M,GM,,,,2576,0,10,2000,,True,865834,2000-07-01,wikidata_exact_year_agrees,north,resolved_unique_birthplace,Q27528621,Q40416,Desio,45.61666667,9.21666667,True,,2023-01,M,False,88,0.8602929213977683,庚辰,壬午,庚申,庚,金,-1,比肩|偏印|食神|正官|比肩|比肩,0,1,M_NEW_TARGET
12809390,"Pultinevicius, Paulius",LTU,M,GM,,,,2570,9,10,2001,,True,12809390,2001-11-24,wikidata_exact_year_agrees,north,resolved_unique_birthplace,Q20503420,Q1351046,Marijampolė,54.55666667,23.35444444,True,,2023-01,M,False,93,0.7746709460402974,辛巳,己亥,辛卯,辛,金,1,比肩|正官|偏印|伤官|比肩|偏财,1,1,M_NEW_TARGET
6300529,"Ali Marandi, Cemil Can",TUR,M,GM,,,,2568,0,10,1998,,True,6300529,1998-01-17,wikidata_exact_year_agrees,north,resolved_unique_birthplace,Q21077652,Q43,Turkey,39.0,36.0,True,,2023-01,M,False,94,0.7461302875878072,丁丑,癸丑,甲子,甲,木,-1,伤官|正财|正印|正财|比肩|正印,1,0,M_NEW_TARGET
4197143,"Demidov, Mikhail",FID,M,GM,,,,2568,0,10,1992,,True,4197143,1992-06-17,wikidata_exact_year_agrees,north,resolved_unique_birthplace,Q27524482,Q175742,Odintsovo,55.67333333,37.27333333,True,,2023-01,M,False,94,0.7461302875878072,壬申,丙午,甲子,甲,木,-1,偏印|七杀|食神|伤官|比肩|正印,1,1,M_NEW_TARGET
12803731,"Laurusas, Tomas",LTU,M,GM,,,,2568,2,10,1996,,True,12803731,1996-02-13,wikidata_exact_year_agrees,north,resolved_unique_birthplace,Q16937772,Q4115712,Kaunas,54.9,23.93333333,True,,2023-01,M,False,94,0.7461302875878072,丙子,庚寅,庚辰,庚,金,-1,七杀|伤官|比肩|偏财|比肩|偏印,1,1,M_NEW_TARGET
24198455,"Nesterov, Arseniy",RUS,M,GM,,,,2568,9,10,2003,,True,24198455,2003-01-20,wikidata_exact_year_agrees,north,resolved_unique_birthplace,Q108376708,Q656,Saint Petersburg,59.95,30.31666667,True,,2023-01,M,False,94,0.7461302875878072,壬午,癸丑,癸巳,癸,水,-1,劫财|偏财|比肩|七杀|比肩|正财,0,0,M_NEW_TARGET
13405764,"Asadli, Vugar",AZE,M,GM,,,,2567,0,10,2001,,True,13405764,2001-10-09,wikidata_exact_year_agrees,north,resolved_unique_birthplace,Q27523180,Q9248,Baku,40.36665556,49.83518333,True,,2023-01,M,False,98,0.731859958361562,辛巳,戊戌,乙巳,乙,木,1,七杀|伤官|正财|正财|比肩|伤官,2,0,M_NEW_TARGET
8602280,"Bai, Jinshi",CHN,M,GM,,,,2566,0,10,1999,,True,8602280,1999-05-18,wikidata_exact_year_agrees,north,resolved_unique_birthplace,Q27523289,Q45208,Jilin,43.88416667,125.30833333,True,,2023-01,M,False,99,0.7175896291353169,己卯,己巳,庚午,庚,金,-1,正印|正财|正印|七杀|比肩|正官,0,0,M_NEW_TARGET
2070901,"Burke, John M",USA,M,GM,,,,2566,18,10,2001,,True,2070901,2001-07-01,wikidata_exact_year_agrees,north,resolved_unique_birthplace,Q20908924,Q1088694,Neptune City,40.20021111,-74.03361944,True,,2023-01,M,False,99,0.7175896291353169,辛巳,甲午,乙丑,乙,木,1,七杀|伤官|劫财|食神|比肩|偏财,1,0,M_NEW_TARGET
1300113,"Georgiadis, Nico",SUI,M,GM,,,,2566,0,10,1996,,True,1300113,1996-01-22,wikidata_exact_year_agrees,north,resolved_unique_birthplace,Q15713773,Q9093,Bülach,47.51888889,8.54222222,True,,2023-01,M,False,99,0.7175896291353169,乙亥,己丑,戊午,戊,土,1,正官|偏财|劫财|劫财|比肩|正印,0,0,M_NEW_TARGET
1634852,"Dragnev, Valentin",AUT,M,GM,,,,2562,9,10,1999,,True,1634852,1999-03-05,wikidata_exact_year_agrees,north,resolved_unique_birthplace,Q23837072,Q1741,Vienna,48.20833333,16.3725,True,,2023-01,M,False,102,0.6605083122303363,己卯,丙寅,丙辰,丙,火,1,伤官|正印|比肩|偏印|比肩|食神,1,1,M_NEW_TARGET
44105681,"Makarian, Rudik",FID,M,IM,,,,2562,9,10,2004,,True,44105681,2004-07-30,wikidata_exact_year_agrees,north,resolved_unique_birthplace,Q62032738,Q12861498,Alatumani,41.58861,43.52722,True,,2023-01,M,False,102,0.6605083122303363,甲申,辛未,庚戌,庚,金,-1,偏财|比肩|劫财|正印|比肩|偏印,0,1,M_NEW_TARGET
717312,"Antal, Gergely",HUN,M,GM,,,,2561,4,10,1985,,True,717312,1985-03-20,wikidata_exact_year_agrees,north,resolved_unique_birthplace,Q771677,Q1781,Budapest,47.49833333,19.04083333,True,,2023-01,M,False,104,0.6462379830040912,乙丑,己卯,戊午,戊,土,1,正官|劫财|劫财|正官|比肩|正印,0,0,M_NEW_TARGET
35028561,"Mendonca, Leon Luke",IND,M,GM,,,,2561,10,10,2006,,True,35028561,2006-03-13,wikidata_exact_year_agrees,north,resolved_unique_birthplace,Q65563132,Q1171,Goa,15.40194444,74.04333333,True,,2023-01,M,False,104,0.6462379830040912,丙戌,辛卯,辛丑,辛,金,1,正官|正印|比肩|偏财|比肩|偏印,0,1,M_NEW_TARGET
30920019,"Mishra, Abhimanyu",USA,M,GM,,,,2559,18,10,2009,,True,30920019,2009-02-05,wikidata_exact_year_agrees,north,resolved_unique_birthplace,Q55108712,Q995231,Long Branch,40.2954,-73.9899,True,,2023-01,M,False,106,0.617697324551601,己丑,丙寅,辛巳,辛,金,1,偏印|偏印|正官|正财|比肩|正官,0,2,M_NEW_TARGET
5018420,"Narayanan, Srinath",IND,M,GM,,,,2559,0,10,1994,,True,5018420,1994-02-14,wikidata_exact_year_agrees,north,resolved_unique_birthplace,Q7586427,Q1352,Chennai,13.0825,80.275,True,,2023-01,M,False,106,0.617697324551601,甲戌,丙寅,辛未,辛,金,1,正财|正印|正官|正财|比肩|偏印,0,1,M_NEW_TARGET
24662259,"Schroeder, Jan-Christian",GER,M,GM,,,,2559,0,10,1998,,True,24662259,1998-01-31,wikidata_exact_year_agrees,north,resolved_unique_birthplace,Q21132830,Q16026,Limburg an der Lahn,50.38333333,8.06666667,True,,2023-01,M,False,106,0.617697324551601,丁丑,癸丑,戊寅,戊,土,1,正印|劫财|正财|劫财|比肩|七杀,0,0,M_NEW_TARGET
753246,"Kozak, Adam",HUN,M,GM,,,,2558,12,10,2002,,True,753246,2002-06-15,wikidata_exact_year_agrees,north,resolved_unique_birthplace,Q27526807,Q1781,Budapest,47.49833333,19.04083333,True,,2023-01,M,False,109,0.6034269953253558,壬午,丙午,甲寅,甲,木,-1,偏印|伤官|食神|伤官|比肩|比肩,2,1,M_NEW_TARGET
14203049,"Kuybokarov, Temur",AUS,M,GM,,,,2558,0,10,2000,,True,14203049,2000-07-22,wikidata_exact_year_agrees,north,resolved_unique_birthplace,Q65029812,Q269,Tashkent,41.31111111,69.27972222,True,,2023-01,M,False,109,0.6034269953253558,庚辰,癸未,辛巳,辛,金,1,劫财|正印|食神|偏印|比肩|正官,0,1,M_NEW_TARGET
895733,"Sonis, Francesco",ITA,M,GM,,,,2558,0,10,2002,,True,895733,2002-04-29,wikidata_exact_year_agrees,north,resolved_unique_birthplace,Q27532199,Q13652,Oristano,39.9058188,8.591609,True,,2023-01,M,False,109,0.6034269953253558,壬午,甲辰,丁卯,丁,火,-1,正官|比肩|正印|伤官|比肩|偏印,1,1,M_NEW_TARGET
1188062,"Gumularz, Szymon",POL,M,GM,,,,2557,2,10,2001,,True,1188062,2001-12-22,wikidata_exact_year_agrees,north,resolved_unique_birthplace,Q108395166,Q325550,Myślenice,49.83333333,19.93333333,True,,2023-01,M,False,112,0.5891566660991107,辛巳,庚子,己未,己,土,-1,食神|正印|伤官|偏财|比肩|比肩,1,0,M_NEW_TARGET
24624632,"Heimann, Andreas",GER,M,GM,,,,2557,0,10,1992,,True,24624632,1992-01-10,wikidata_exact_year_agrees,north,resolved_unique_birthplace,Q497891,Q16077,Rheinfelden,47.56111111,7.79166667,True,,2023-01,M,False,112,0.5891566660991107,辛未,辛丑,乙酉,乙,木,1,七杀|偏财|七杀|偏财|比肩|七杀,0,0,M_NEW_TARGET
4120680,"Sviridov, Valery",RUS,M,,,,,2557,0,10,1991,,True,4120680,1991-10-08,wikidata_exact_year_agrees,north,resolved_unique_birthplace,Q126974176,Q193909,Seversk,56.6,84.85,True,,2023-01,M,False,112,0.5891566660991107,辛未,丁酉,辛亥,辛,金,1,比肩|偏印|七杀|比肩|比肩|伤官,1,1,M_NEW_TARGET
634654,"Feller, Sebastien",FRA,M,GM,,FT,,2556,2,10,1991,,True,634654,1991-03-11,wikidata_exact_year_agrees,north,resolved_unique_birthplace,Q969657,Q22640,Thionville,49.35805556,6.16833333,True,,2023-01,M,False,115,0.5748863368728655,辛未,辛卯,庚辰,庚,金,-1,劫财|正印|劫财|正财|比肩|偏印,0,1,M_NEW_TARGET
202967,"Michiels, Bart",BEL,M,GM,,,,2556,1,10,1986,,True,202967,1986-10-30,wikidata_exact_year_agrees,north,resolved_unique_birthplace,Q3635279,Q1296,Ghent,51.05361111,3.72527778,True,,2023-01,M,False,115,0.5748863368728655,丙寅,戊戌,丁未,丁,火,-1,劫财|正印|伤官|伤官|比肩|食神,2,0,M_NEW_TARGET
728012,"Mihok, Oliver",HUN,M,GM,,,,2556,4,10,1993,,True,728012,1993-06-23,wikidata_exact_year_agrees,north,resolved_unique_birthplace,Q21108086,Q1781,Budapest,47.49833333,19.04083333,True,,2023-01,M,False,115,0.5748863368728655,癸酉,戊午,乙亥,乙,木,1,偏印|七杀|正财|食神|比肩|正印,0,1,M_NEW_TARGET
12961523,"Engel, Luis",GER,M,GM,,,,2555,0,10,2002,,True,12961523,2002-10-14,wikidata_exact_year_agrees,north,resolved_unique_birthplace,Q27524829,Q1055,Hamburg,53.55,10.0,True,,2023-01,M,False,118,0.5606160076466203,壬午,庚戌,乙卯,乙,木,1,正印|食神|正官|正财|比肩|比肩,0,0,M_NEW_TARGET
14928752,"Gazik, Viktor",SVK,M,GM,,,,2555,18,10,2001,,True,14928752,2001-12-13,wikidata_exact_year_agrees,north,resolved_unique_birthplace,Q27525231,Q842011,Handlová,48.72722222,18.76194444,True,,2023-01,M,False,118,0.5606160076466203,辛巳,庚子,庚戌,庚,金,-1,劫财|七杀|比肩|伤官|比肩|偏印,1,1,M_NEW_TARGET
1185934,"Teclaf, Pawel",POL,M,IM,,,,2555,0,10,2003,,True,1185934,2003-06-18,wikidata_exact_year_agrees,north,resolved_unique_birthplace,Q15441556,Q640355,卡爾圖濟,54.33424,18.19735,True,,2023-01,M,False,118,0.5606160076466203,癸未,戊午,壬戌,壬,水,1,劫财|正官|七杀|正财|比肩|七杀,0,0,M_NEW_TARGET
4212312,"Pavlidis, Antonios",GRE,M,GM,,,,2554,0,10,1993,,True,4212312,1993-04-01,wikidata_exact_year_agrees,north,resolved_unique_birthplace,Q18634723,Q41,Greece,38.5,23.0,True,,2023-01,M,False,121,0.5463456784203753,癸酉,乙卯,壬子,壬,水,1,劫财|正印|伤官|伤官|比肩|劫财,2,0,M_NEW_TARGET
5045207,"Ghosh, Diptayan",IND,M,GM,,,,2553,10,10,1998,,True,5045207,1998-08-10,wikidata_exact_year_agrees,north,resolved_unique_birthplace,Q5280086,Q1348,Kolkata,22.5675,88.37,True,,2023-01,M,False,122,0.5320753491941301,戊寅,庚申,己丑,己,土,-1,劫财|正官|伤官|伤官|比肩|比肩,2,0,M_NEW_TARGET
4169530,"Vavulin, Maxim",FID,M,GM,,,,2552,0,10,1998,,True,4169530,1998-05-06,wikidata_exact_year_agrees,north,resolved_unique_birthplace,Q27533806,Q649,Moscow,55.75055556,37.6175,True,,2023-01,M,False,123,0.517805019967885,戊寅,丁巳,癸丑,癸,水,-1,正官|伤官|偏财|正财|比肩|七杀,1,0,M_NEW_TARGET
4171055,"Lintchevski, Daniil",RUS,M,GM,,,,2551,18,10,1990,,True,4171055,1990-05-17,wikidata_exact_year_agrees,north,resolved_unique_birthplace,Q553222,Q7436,Gatchina,59.56841,30.122892,True,,2023-01,M,False,124,0.5035346907416398,庚午,辛巳,壬午,壬,水,1,偏印|正财|正印|偏财|比肩|正财,0,1,M_NEW_TARGET
3520773,"Quesada Perez, Luis Ernesto",CUB,M,GM,,,,2551,9,10,1999,,True,3520773,1999-01-04,wikidata_exact_year_agrees,north,resolved_unique_birthplace,Q27530207,Q115465,Ciego de Ávila,21.84805556,-78.76305556,True,,2023-01,M,False,124,0.5035346907416398,戊寅,甲子,丙辰,丙,火,1,食神|偏印|偏印|正官|比肩|食神,0,2,M_NEW_TARGET
1141686,"Nasuta, Grzegorz",POL,M,GM,,,,2550,9,10,1996,,True,1141686,1996-03-01,wikidata_exact_year_agrees,north,resolved_unique_birthplace,Q14469060,Q761,Białystok,53.13235582,23.16867245,True,,2023-01,M,False,126,0.4892643615153947,丙子,庚寅,丁酉,丁,火,-1,劫财|七杀|正财|正印|比肩|偏财,0,0,M_NEW_TARGET
1134167,"Dragun, Kamil",POL,M,GM,,,,2548,0,10,1995,,True,1134167,1995-06-25,wikidata_exact_year_agrees,north,resolved_unique_birthplace,Q3458758,Q104731,Gorzów Wielkopolski,52.73333333,15.25,True,,2023-01,M,False,127,0.4607237030629044,乙亥,壬午,丁亥,丁,火,-1,偏印|正官|正官|比肩|比肩|正官,0,1,M_NEW_TARGET
24171743,"Drygalov, Sergey",RUS,M,GM,,,,2547,0,10,1999,,True,24171743,1999-05-19,wikidata_exact_year_agrees,north,resolved_unique_birthplace,Q27524676,Q13379,Kurgan,55.44083333,65.34111111,True,,2023-01,M,False,128,0.4464533738366593,己卯,己巳,辛未,辛,金,1,偏印|偏财|偏印|正官|比肩|偏印,0,3,M_NEW_TARGET
44155573,"Murzin, Volodar",RUS,M,GM,,,,2547,9,10,2006,,True,44155573,2006-07-18,wikidata_exact_year_agrees,north,resolved_unique_birthplace,Q47543943,Q98967,Nizhny Tagil,57.91666667,59.96666667,True,,2023-01,M,False,128,0.4464533738366593,丙戌,乙未,戊申,戊,土,1,偏印|比肩|正官|劫财|比肩|食神,0,1,M_NEW_TARGET
30901561,"Jacobson, Brandon",USA,M,GM,,,,2546,9,10,2003,,True,30901561,2003-11-14,wikidata_exact_year_agrees,north,resolved_unique_birthplace,Q59139044,Q544890,Plainfield,40.61527778,-74.41611111,True,,2023-01,M,False,130,0.4321830446104142,癸未,癸亥,辛卯,辛,金,1,食神|偏印|食神|伤官|比肩|偏财,1,1,M_NEW_TARGET
2812320,"Kobo, Ori",ISR,M,GM,,,,2546,9,10,1997,,True,2812320,1997-04-24,wikidata_exact_year_agrees,north,resolved_unique_birthplace,Q20726321,Q1218,Jerusalem,31.776679;31.77888889,35.22555556;35.234156,True,,2023-01,M,False,130,0.4321830446104142,丁丑,甲辰,丙申,丙,火,1,劫财|伤官|偏印|食神|比肩|偏财,1,1,M_NEW_TARGET
8607508,"Li, Di",CHN,M,GM,,,,2546,0,10,1999,,True,8607508,1999-12-15,wikidata_exact_year_agrees,north,resolved_unique_birthplace,Q27527265,Q30002,Chengdu,30.66,104.06333333,True,,2023-01,M,False,130,0.4321830446104142,己卯,丙子,辛丑,辛,金,1,偏印|偏财|正官|食神|比肩|偏印,0,2,M_NEW_TARGET
7200595,"Ziska, Helgi Dam",FAI,M,GM,,,,2546,0,10,1990,,True,7200595,1990-07-26,wikidata_exact_year_agrees,north,resolved_unique_birthplace,Q331813,Q10704,Tórshavn,62.00981,-6.77135,True,,2023-01,M,False,130,0.4321830446104142,庚午,癸未,壬辰,壬,水,1,偏印|正财|劫财|正官|比肩|七杀,0,1,M_NEW_TARGET
2255570,"Cuenca Jimenez, Jose Fernando",ESP,M,GM,,FT,,2545,9,10,1987,,True,2255570,1987-03-17,wikidata_exact_year_agrees,north,resolved_unique_birthplace,Q5939119,Q8810,Granada,37.175,-3.6,True,,2023-01,M,False,134,0.417912715384169,丁卯,癸卯,乙丑,乙,木,1,食神|比肩|偏印|比肩|比肩|偏财,0,1,M_NEW_TARGET
25060783,"Pranav, V",IND,M,GM,,,,2545,0,10,2006,,True,25060783,2006-10-13,wikidata_exact_year_agrees,north,resolved_unique_birthplace,Q109923502,Q1355,Bengaluru,12.9791198,77.5912997,True,,2023-01,M,False,134,0.417912715384169,丙戌,戊戌,乙亥,乙,木,1,伤官|正财|正财|正财|比肩|正印,1,0,M_NEW_TARGET
2302241,"Gretarsson, Hjorvar Steinn",ISL,M,GM,,,,2544,0,10,1993,,True,2302241,1993-05-29,wikidata_exact_year_agrees,north,resolved_unique_birthplace,Q15883086,Q1764,Reykjavík,64.1475,-21.935,True,,2023-01,M,False,136,0.4036423861579239,癸酉,丁巳,庚戌,庚,金,-1,伤官|劫财|正官|七杀|比肩|偏印,1,1,M_NEW_TARGET
751499,"Kantor, Gergely",HUN,M,GM,,,,2544,8,10,1999,,True,751499,1999-07-19,wikidata_exact_year_agrees,north,resolved_unique_birthplace,Q27526379,Q1781,Budapest,47.49833333,19.04083333,True,,2023-01,M,False,136,0.4036423861579239,己卯,辛未,壬申,壬,水,1,正官|伤官|正印|正官|比肩|偏印,1,1,M_NEW_TARGET
25012223,Visakh N R,IND,M,GM,,,,2544,0,10,1999,,True,25012223,1999-04-24,wikidata_exact_year_agrees,north,resolved_unique_birthplace,Q27533923,Q847606,Nagercoil,8.1875,77.42944444,True,,2023-01,M,False,136,0.4036423861579239,己卯,戊辰,丙午,丙,火,1,伤官|正印|食神|食神|比肩|劫财,1,0,M_NEW_TARGET
1211668,"Chirila, Ioan-Cristian",ROU,M,GM,,,,2543,0,10,1991,,True,1211668,1991-01-06,wikidata_exact_year_agrees,north,resolved_unique_birthplace,Q194852,Q19660,Bucharest,44.41336111,26.09777778,True,,2023-01,M,False,139,0.3893720569316787,庚午,己丑,丙子,丙,火,1,偏财|劫财|伤官|伤官|比肩|正官,2,0,M_NEW_TARGET
24105074,"Iljiushenok, Ilia",FID,M,GM,,,,2543,4,10,1993,,True,24105074,1993-08-16,wikidata_exact_year_agrees,north,resolved_unique_birthplace,Q27525944,Q157395,Langepas,61.25;61.25439,75.16666667;75.2124,True,,2023-01,M,False,139,0.3893720569316787,癸酉,庚申,己巳,己,土,-1,偏财|食神|伤官|伤官|比肩|正印,2,0,M_NEW_TARGET
13413937,"Suleymanli, Aydin",AZE,M,GM,,,,2543,0,10,2005,,True,13413937,2005-03-22,wikidata_exact_year_agrees,north,resolved_unique_birthplace,Q47543934,Q9248,Baku,40.36665556,49.83518333,True,,2023-01,M,False,139,0.3893720569316787,乙酉,己卯,乙巳,乙,木,1,比肩|七杀|偏财|比肩|比肩|伤官,1,0,M_NEW_TARGET
1132199,"Krzyzanowski, Marcin",POL,M,GM,,,,2542,9,10,1994,,True,1132199,1994-01-11,wikidata_exact_year_agrees,north,resolved_unique_birthplace,Q11767656,Q107094,Rybnik,50.08333333,18.5,True,,2023-01,M,False,142,0.3751017277054336,癸酉,乙丑,丁酉,丁,火,-1,七杀|偏财|偏印|食神|比肩|偏财,0,1,M_NEW_TARGET
12401153,"Le, Tuan Minh",VIE,M,GM,,,,2542,0,10,1996,,True,12401153,1996-10-21,wikidata_exact_year_agrees,north,resolved_unique_birthplace,Q27527190,Q1858,Hanoi,21.0245,105.84117,True,,2023-01,M,False,142,0.3751017277054336,丙子,戊戌,辛卯,辛,金,1,正官|食神|正印|正印|比肩|偏财,0,0,M_NEW_TARGET
4155890,"Krivoborodov, Egor",RUS,M,GM,,,,2541,0,10,1989,,True,4155890,1989-12-24,wikidata_exact_year_agrees,north,resolved_unique_birthplace,Q4240726,Q649,Moscow,55.75055556,37.6175,True,,2023-01,M,False,144,0.3608313984791885,己巳,丙子,戊午,戊,土,1,劫财|偏印|偏印|正财|比肩|正印,0,2,M_NEW_TARGET
2034387,"Holt, Conrad",USA,M,GM,,,,2540,0,10,1993,,True,2034387,1993-07-09,wikidata_exact_year_agrees,north,resolved_unique_birthplace,Q12412716,Q49266,Wichita,37.68888889,-97.33611111,True,,2023-01,M,False,145,0.3465610692529434,癸酉,己未,辛卯,辛,金,1,食神|比肩|偏印|偏印|比肩|偏财,0,2,M_NEW_TARGET
13409301,"Muradli, Mahammad",AZE,M,GM,,,,2540,0,10,2003,,True,13409301,2003-08-01,wikidata_exact_year_agrees,north,resolved_unique_birthplace,Q55759143,Q9248,Baku,40.36665556,49.83518333,True,,2023-01,M,False,145,0.3465610692529434,癸未,己未,丙午,丙,火,1,正官|伤官|伤官|伤官|比肩|劫财,3,0,M_NEW_TARGET
1709437,"Blomqvist, Erik",SWE,M,GM,,,,2538,2,10,1990,,True,1709437,1990-10-19,wikidata_exact_year_agrees,north,resolved_unique_birthplace,Q1353835,Q1754,Stockholm,59.32944444,18.06861111,True,,2023-01,M,False,147,0.3180204108004531,庚午,丙戌,丁巳,丁,火,-1,正财|比肩|劫财|伤官|比肩|劫财,1,0,M_NEW_TARGET
5900727,"Kelires, Andreas",GRE,M,GM,,,,2538,0,10,1999,,True,5900727,1999-07-01,wikidata_exact_year_agrees,north,resolved_unique_birthplace,Q27526459,Q3856,Nicosia,35.1725,33.365,True,,2023-01,M,False,147,0.3180204108004531,己卯,庚午,甲寅,甲,木,-1,正财|劫财|七杀|伤官|比肩|比肩,1,0,M_NEW_TARGET
24176460,"Sorokin, Aleksey",RUS,M,GM,,,,2537,0,10,2000,,True,24176460,2000-04-13,wikidata_exact_year_agrees,north,resolved_unique_birthplace,Q27532242,Q6014,Barnaul,53.35666667,83.78722222,True,,2023-01,M,False,149,0.3037500815742079,庚辰,庚辰,辛丑,辛,金,1,劫财|正印|劫财|正印|比肩|偏印,0,1,M_NEW_TARGET
2801795,"Steinberg, Nitzan",ISR,M,GM,,,,2537,0,10,1998,,True,2801795,1998-01-12,wikidata_exact_year_agrees,north,resolved_unique_birthplace,Q20653465,Q41621,Haifa,32.81916667,34.99916667,True,,2023-01,M,False,149,0.3037500815742079,丁丑,癸丑,己未,己,土,-1,偏印|比肩|偏财|比肩|比肩|比肩,0,1,M_NEW_TARGET
4145097,"Zakhartsov, Vladimir",RUS,M,GM,,,,2537,4,10,1997,,True,4145097,1997-01-30,wikidata_exact_year_agrees,north,resolved_unique_birthplace,Q27534534,Q908,Rostov-on-Don,47.2225,39.71,True,,2023-01,M,False,149,0.3037500815742079,丙子,辛丑,壬申,壬,水,1,偏财|劫财|正印|正官|比肩|偏印,0,1,M_NEW_TARGET
8608156,"Dai, Changren",CHN,M,IM,,,,2536,0,10,1999,,True,8608156,1999-01-10,wikidata_exact_year_agrees,north,resolved_unique_birthplace,Q41690394,Q11736,Tianjin,39.14666667,117.20555556,True,,2023-01,M,False,152,0.2894797523479628,戊寅,乙丑,壬戌,壬,水,1,七杀|食神|伤官|正官|比肩|七杀,1,0,M_NEW_TARGET
1506102,"Urkedal, Frode Olav Olsen",NOR,M,GM,,,,2536,0,10,1993,,True,1506102,1993-05-14,wikidata_exact_year_agrees,north,resolved_unique_birthplace,Q289875,Q585,奥斯陆,59.91333333,10.73888889,True,,2023-01,M,False,152,0.2894797523479628,癸酉,丁巳,乙未,乙,木,1,偏印|七杀|食神|伤官|比肩|偏财,1,1,M_NEW_TARGET
1159259,"Janik, Igor",POL,M,GM,,,,2535,2,10,2000,,True,1159259,2000-06-09,wikidata_exact_year_agrees,north,resolved_unique_birthplace,Q27526075,Q104712,Elbląg,54.15222222,19.40888889,True,,2023-01,M,False,154,0.2752094231217177,庚辰,壬午,戊戌,戊,土,1,食神|比肩|偏财|正印|比肩|比肩,0,0,M_NEW_TARGET
8608962,"Liu, Yan",CHN,M,GM,,,,2535,0,10,2000,,True,8608962,2000-03-29,wikidata_exact_year_agrees,north,resolved_unique_birthplace,Q27527332,Q11725,Chongqing,29.55,106.50694444,True,,2023-01,M,False,154,0.2752094231217177,庚辰,己卯,丙戌,丙,火,1,偏财|食神|伤官|正印|比肩|食神,1,0,M_NEW_TARGET
4101286,"Petrov, Nikita",FID,M,GM,,,,2535,6,10,1996,,True,4101286,1996-07-01,wikidata_exact_year_agrees,north,resolved_unique_birthplace,Q27529873,Q15760,Novorossiysk,44.71666667,37.76666667,True,,2023-01,M,False,154,0.2752094231217177,丙子,甲午,己亥,己,土,-1,正印|偏财|正官|偏印|比肩|正财,0,1,M_NEW_TARGET
4108566,"Tsydypov, Zhamsaran",RUS,M,GM,,,,2535,6,10,1996,,True,4108566,1996-09-05,wikidata_exact_year_agrees,north,resolved_unique_birthplace,Q27533402,Q6816,Ulan-Ude,51.82722222,107.60638889,True,,2023-01,M,False,154,0.2752094231217177,丙子,丙申,乙巳,乙,木,1,伤官|偏印|伤官|正官|比肩|伤官,3,1,M_NEW_TARGET
1124552,"Warakomski, Tomasz",POL,M,GM,,,,2535,3,10,1989,,True,1124552,1989-06-22,wikidata_exact_year_agrees,north,resolved_unique_birthplace,Q9359786,Q236083,Suwałki,54.1,22.93333333,True,,2023-01,M,False,154,0.2752094231217177,己巳,庚午,癸丑,癸,水,-1,七杀|正财|正印|偏财|比肩|七杀,0,0,M_NEW_TARGET
14109476,"Tukhaev, Adam",UKR,M,GM,,,,2534,0,10,1988,,True,14109476,1988-02-14,wikidata_exact_year_agrees,north,resolved_unique_birthplace,Q4466677,Q157065,Kerch,45.33861111,36.46805556,True,,2023-01,M,False,159,0.2609390938954725,戊辰,甲寅,己亥,己,土,-1,劫财|劫财|正官|正官|比肩|正财,0,0,M_NEW_TARGET
108049,"Flores, Diego",ARG,M,GM,,,,2532,11,10,1982,,True,108049,1982-12-18,wikidata_exact_year_agrees,north,resolved_unique_birthplace,Q613780,Q11974,Las Palmas de Gran Canaria,28.12722222,-15.43138889,True,,2023-01,M,False,160,0.2323984354429822,壬戌,壬子,乙亥,乙,木,1,正印|正财|正印|偏印|比肩|正印,0,1,M_NEW_TARGET
13515110,"Lazavik, Denis",BLR,M,GM,,,,2532,9,10,2006,,True,13515110,2006-11-17,wikidata_exact_year_agrees,north,resolved_unique_birthplace,Q71319667,Q2280,Minsk,53.902246,27.561837,True,,2023-01,M,False,160,0.2323984354429822,丙戌,己亥,庚戌,庚,金,-1,七杀|偏印|正印|食神|比肩|偏印,0,2,M_NEW_TARGET
1406000,"Rasmussen, Allan Stig",DEN,M,GM,,,,2532,1,10,1983,,True,1406000,1983-11-20,wikidata_exact_year_agrees,north,resolved_unique_birthplace,Q4390194,Q25319,Aarhus,56.15638889,10.20972222,True,,2023-01,M,False,160,0.2323984354429822,癸亥,癸亥,壬子,壬,水,1,劫财|比肩|劫财|比肩|比肩|劫财,0,0,M_NEW_TARGET
3503313,"Almeida Quintana, Omar",CUB,M,GM,,FT,,2531,18,10,1981,,True,3503313,1981-10-28,wikidata_exact_year_agrees,north,resolved_unique_birthplace,Q622100,Q1563,Havana,23.13666667,-82.35888889,True,,2023-01,M,False,163,0.2181281062167371,辛酉,戊戌,己卯,己,土,-1,食神|食神|劫财|劫财|比肩|七杀,0,0,M_NEW_TARGET
8603294,"Liu, Qingnan",CHN,M,GM,,,,2531,0,10,1992,,True,8603294,1992-05-23,wikidata_exact_year_agrees,north,resolved_unique_birthplace,Q27527328,Q170247,Jinan,36.66666667,116.98333333,True,,2023-01,M,False,163,0.2181281062167371,壬申,乙巳,己亥,己,土,-1,正财|伤官|七杀|正印|比肩|正财,1,0,M_NEW_TARGET
14401290,"Saric, Ibro",BIH,M,GM,,,,2531,0,10,1982,,True,14401290,1982-02-20,wikidata_exact_year_agrees,north,resolved_unique_birthplace,Q1258424,Q994203,Cazin,44.96694444,15.94305556,True,,2023-01,M,False,163,0.2181281062167371,壬戌,壬寅,甲戌,甲,木,-1,偏印|偏财|偏印|比肩|比肩|偏财,0,2,M_NEW_TARGET
2059630,"Tang, Andrew",USA,M,GM,,,,2531,3,10,1999,,True,2059630,1999-11-29,wikidata_exact_year_agrees,north,resolved_unique_birthplace,Q27533021,Q243007,Naperville,41.74826,-88.16585,True,,2023-01,M,False,163,0.2181281062167371,己卯,乙亥,乙酉,乙,木,1,偏财|比肩|比肩|正印|比肩|七杀,0,0,M_NEW_TARGET
1040634,"Kevlishvili, Robby",NED,M,GM,,,,2530,0,10,2001,,True,1040634,2001-04-15,wikidata_exact_year_agrees,north,resolved_unique_birthplace,Q27526476,Q328087,Dronten,52.52416667,5.7125,True,,2023-01,M,False,167,0.203857776990492,辛巳,壬辰,戊申,戊,土,1,伤官|偏印|偏财|比肩|比肩|食神,1,1,M_NEW_TARGET
1303759,"Lampert, Jonas",GER,M,GM,,,,2529,0,10,1997,,True,1303759,1997-08-25,wikidata_exact_year_agrees,north,resolved_unique_birthplace,Q27527033,Q1055,Hamburg,53.55,10.0,True,,2023-01,M,False,168,0.1895874477642468,丁丑,戊申,己亥,己,土,-1,偏印|比肩|劫财|伤官|比肩|正财,1,1,M_NEW_TARGET
4123700,"Moiseenko, Vadim",RUS,M,GM,,,,2529,0,10,1994,,True,4123700,1994-07-07,wikidata_exact_year_agrees,north,resolved_unique_birthplace,Q27528521,Q132732,Bratsk,56.152;56.16666667,101.61666667;101.633,True,,2023-01,M,False,168,0.1895874477642468,甲戌,辛未,甲午,甲,木,-1,比肩|偏财|正官|正财|比肩|伤官,1,0,M_NEW_TARGET
14116502,"Sivuk, Vitaly",SWE,M,GM,,,,2527,27,10,1992,,True,14116502,1992-01-01,wikidata_exact_year_agrees,north,resolved_unique_birthplace,Q18635043,Q41572,Mykolaiv,46.975,31.995,True,,2023-01,M,False,170,0.1610467893117566,辛未,庚子,丙子,丙,火,1,正财|伤官|偏财|正官|比肩|正官,1,0,M_NEW_TARGET
866970,"Basso, Pier Luigi",ITA,M,GM,,,,2526,18,10,1997,,True,866970,1997-12-15,wikidata_exact_year_agrees,north,resolved_unique_birthplace,Q27523405,Q46806,Montebelluna,45.77527778,12.03888889,True,,2023-01,M,False,171,0.1467764600855114,丁丑,壬子,辛卯,辛,金,1,七杀|偏印|伤官|食神|比肩|偏财,1,1,M_NEW_TARGET
12804444,"Stremavicius, Titas",LTU,M,GM,,,,2526,16,10,1998,,True,12804444,1998-02-15,wikidata_exact_year_agrees,north,resolved_unique_birthplace,Q20503481,Q4115712,Kaunas,54.9,23.93333333,True,,2023-01,M,False,171,0.1467764600855114,戊寅,甲寅,癸巳,癸,水,-1,正官|伤官|伤官|伤官|比肩|正财,3,0,M_NEW_TARGET
4902920,"Batsuren, Dambasuren",MGL,M,GM,,,,2525,0,10,2004,,True,4902920,2004-01-22,wikidata_exact_year_agrees,north,resolved_unique_birthplace,Q30310085,Q23430,Ulaanbaatar,47.921357,106.905515,True,,2023-01,M,False,173,0.1325061308592663,癸未,乙丑,庚子,庚,金,-1,伤官|正印|正财|正印|比肩|伤官,2,0,M_NEW_TARGET
5019141,"Shyam, Sundar M.",IND,M,GM,,,,2525,9,10,1992,,True,5019141,1992-05-28,wikidata_exact_year_agrees,north,resolved_unique_birthplace,Q16720159,Q300577,Vellore,12.93333333,79.13333333,True,,2023-01,M,False,173,0.1325061308592663,壬申,乙巳,甲辰,甲,木,-1,偏印|七杀|劫财|食神|比肩|偏财,0,1,M_NEW_TARGET
13404938,"Gadimbayli, Abdulla",AZE,M,GM,,,,2524,0,10,2002,,True,13404938,2002-01-02,wikidata_exact_year_agrees,north,resolved_unique_birthplace,Q27525118,Q9248,Baku,40.36665556,49.83518333,True,,2023-01,M,False,175,0.1182358016330212,辛巳,庚子,庚午,庚,金,-1,劫财|七杀|比肩|伤官|比肩|正官,1,0,M_NEW_TARGET
727709,"Aczel, Gergely",HUN,M,GM,,,,2523,4,10,1991,,True,727709,1991-02-27,wikidata_exact_year_agrees,north,resolved_unique_birthplace,Q27522803,Q1781,Budapest,47.49833333,19.04083333,True,,2023-01,M,False,176,0.103965472406776,辛未,庚寅,戊辰,戊,土,1,伤官|劫财|食神|七杀|比肩|比肩,1,0,M_NEW_TARGET
1010697,"Burg, Twan",NED,M,GM,,,,2523,1,10,1990,,True,1010697,1990-04-02,wikidata_exact_year_agrees,north,resolved_unique_birthplace,Q2301328,Q9864,Schijndel,51.6183,5.4364,True,,2023-01,M,False,176,0.103965472406776,庚午,己卯,丁酉,丁,火,-1,正财|比肩|食神|偏印|比肩|偏财,0,1,M_NEW_TARGET
1227190,"Gavrilescu, David",ROU,M,IM,,,,2522,0,10,2003,,True,1227190,2003-03-29,wikidata_exact_year_agrees,north,resolved_unique_birthplace,Q65493830,Q168057,Craiova,44.33333333,23.81666667,True,,2023-01,M,False,178,0.0896951431805309,癸未,乙卯,辛丑,辛,金,1,食神|偏印|偏财|偏财|比肩|偏印,0,2,M_NEW_TARGET
415820,"Haria, Ravi",ENG,M,GM,,,,2522,0,10,1999,,True,415820,1999-02-07,wikidata_exact_year_agrees,north,resolved_unique_birthplace,Q27525690,Q19931,Elstree,51.64,-0.3,True,,2023-01,M,False,178,0.0896951431805309,己卯,丙寅,庚寅,庚,金,-1,正印|正财|七杀|偏财|比肩|偏财,0,0,M_NEW_TARGET
4189825,"Mozharov, Mikhail",RUS,M,GM,,,,2521,0,10,1990,,True,4189825,1990-10-19,wikidata_exact_year_agrees,north,resolved_unique_birthplace,Q16677285,Q193722,Sergiyev Posad,56.3,38.13333333,True,,2023-01,M,False,180,0.0754248139542858,庚午,丙戌,丁巳,丁,火,-1,正财|比肩|劫财|伤官|比肩|劫财,1,0,M_NEW_TARGET
1204580,"Nanu, Costica-Ciprian",ROU,M,GM,,,,2521,0,10,1977,,True,1204580,1977-07-28,wikidata_exact_year_agrees,north,resolved_unique_birthplace,Q649291,Q82174,Brașov,45.65222222,25.61055556,True,,2023-01,M,False,180,0.0754248139542858,丁巳,丁未,丙戌,丙,火,1,劫财|比肩|劫财|伤官|比肩|食神,1,0,M_NEW_TARGET
1416928,"Ochsner, Bjorn Moller",DEN,M,IM,,,,2521,1,10,1994,,True,1416928,1994-10-23,wikidata_exact_year_agrees,north,resolved_unique_birthplace,Q27528984,Q25319,Aarhus,56.15638889,10.20972222,True,,2023-01,M,False,180,0.0754248139542858,甲戌,甲戌,壬午,壬,水,1,食神|七杀|食神|七杀|比肩|正财,0,0,M_NEW_TARGET
2252627,"Alsina Leal, Daniel",ESP,M,GM,,,,2520,18,10,1988,,True,2252627,1988-05-10,wikidata_exact_year_agrees,north,resolved_unique_birthplace,Q472966,Q1492,Barcelona,41.3825,2.17694444,True,,2023-01,M,False,183,0.0611544847280406,戊辰,丁巳,乙丑,乙,木,1,正财|正财|食神|伤官|比肩|偏财,1,0,M_NEW_TARGET
4201990,"Mastrovasilis, Athanasios",GRE,M,GM,,FT,,2520,0,10,1979,,True,4201990,1979-04-18,wikidata_exact_year_agrees,north,resolved_unique_birthplace,Q3656900,Q17151,Thessaloniki,40.64027778,22.93555556,True,,2023-01,M,False,183,0.0611544847280406,己未,戊辰,乙卯,乙,木,1,偏财|偏财|正财|正财|比肩|比肩,0,0,M_NEW_TARGET
36083534,"Maurizzi, Marc`Andria",FRA,M,GM,,,,2520,18,10,2007,,True,36083534,2007-05-16,wikidata_exact_year_agrees,north,resolved_unique_birthplace,Q47543951,Q134698,Bastia,42.7,9.44944444,True,,2023-01,M,False,183,0.0611544847280406,丁亥,乙巳,庚戌,庚,金,-1,正官|食神|正财|七杀|比肩|偏印,0,1,M_NEW_TARGET
14112620,"Peng, Li Min",UKR,M,GM,,,,2520,5,10,1997,,True,14112620,1997-01-15,wikidata_exact_year_agrees,north,resolved_unique_birthplace,Q59140195,Q41572,Mykolaiv,46.975,31.995,True,,2023-01,M,False,183,0.0611544847280406,丙子,辛丑,丁巳,丁,火,-1,劫财|七杀|偏财|食神|比肩|劫财,0,0,M_NEW_TARGET
4194128,"Kiselev, Vitaliy",RUS,M,GM,,,,2519,0,10,1988,,True,4194128,1988-06-16,wikidata_exact_year_agrees,north,resolved_unique_birthplace,Q4222045,Q908,Rostov-on-Don,47.2225,39.71,True,,2023-01,M,False,187,0.0468841555017955,戊辰,戊午,壬寅,壬,水,1,七杀|七杀|七杀|正财|比肩|食神,0,0,M_NEW_TARGET
1208110,"Jianu, Vlad-Cristian",ROU,M,GM,,,,2518,0,10,1984,,True,1208110,1984-09-27,wikidata_exact_year_agrees,north,resolved_unique_birthplace,Q647494,Q19660,Bucharest,44.41336111,26.09777778,True,,2023-01,M,False,188,0.0326138262755504,甲子,癸酉,甲子,甲,木,-1,比肩|正印|正印|正官|比肩|正印,0,0,M_NEW_TARGET
46634827,Bharath Subramaniyam H,IND,M,GM,,,,2517,0,10,2007,,True,46634827,2007-10-17,wikidata_exact_year_agrees,north,resolved_unique_birthplace,Q87410547,Q1352,Chennai,13.0825,80.275,True,,2023-01,M,False,189,0.0183434970493052,丁亥,庚戌,甲申,甲,木,-1,伤官|偏印|七杀|偏财|比肩|七杀,1,1,M_NEW_TARGET
24112798,"Gordievsky, Dmitry",RUS,M,GM,,,,2517,0,10,1996,,True,24112798,1996-04-24,wikidata_exact_year_agrees,north,resolved_unique_birthplace,Q27525428,Q649,Moscow,55.75055556,37.6175,True,,2023-01,M,False,189,0.0183434970493052,丙子,壬辰,辛卯,辛,金,1,正官|食神|伤官|正印|比肩|偏财,1,0,M_NEW_TARGET
2099438,"Hong, Andrew",USA,M,GM,,,,2517,0,10,2004,,True,2099438,2004-11-23,wikidata_exact_year_agrees,north,resolved_unique_birthplace,Q60666477,Q16553,San Jose,37.30416667,-121.87277778,True,,2023-01,M,False,189,0.0183434970493052,甲申,乙亥,丙午,丙,火,1,偏印|偏财|正印|七杀|比肩|劫财,0,1,M_NEW_TARGET
26017962,"Laurent-Paoli, Pierre",FRA,M,IM,,,,2517,14,10,2000,,True,26017962,2000-12-03,wikidata_exact_year_agrees,north,resolved_unique_birthplace,Q27527159,Q6441,Montpellier,43.61091944,3.87723056,True,,2023-01,M,False,189,0.0183434970493052,庚辰,丁亥,乙未,乙,木,1,正官|正财|食神|正印|比肩|偏财,0,0,M_NEW_TARGET
4614950,"Mons, Leon",GER,M,GM,,,,2517,1,10,1995,,True,4614950,1995-09-10,wikidata_exact_year_agrees,north,resolved_unique_birthplace,Q27528565,Q2843,Lübeck,53.86972222,10.68638889,True,,2023-01,M,False,189,0.0183434970493052,乙亥,乙酉,甲辰,甲,木,-1,劫财|偏印|劫财|正官|比肩|偏财,0,1,M_NEW_TARGET
325740,"Plat, Vojtech",CZE,M,GM,,,,2517,4,10,1994,,True,325740,1994-01-23,wikidata_exact_year_agrees,north,resolved_unique_birthplace,Q27529966,Q1000091,Rychnov nad Kněžnou,50.16287079,16.27495476,True,,2023-01,M,False,189,0.0183434970493052,癸酉,乙丑,己酉,己,土,-1,偏财|食神|七杀|比肩|比肩|食神,0,0,M_NEW_TARGET
35018701,Arjun Kalyan,IND,M,GM,,,,2516,19,10,2002,,True,35018701,2002-06-17,wikidata_exact_year_agrees,north,resolved_unique_birthplace,Q57416087,Q1352,Chennai,13.0825,80.275,True,,2023-01,M,False,195,0.0040731678230601,壬午,丙午,丙辰,丙,火,1,七杀|劫财|比肩|劫财|比肩|食神,0,0,M_NEW_TARGET
2069342,"Checa, Nicolas",USA,M,GM,,,,2516,0,10,2001,,True,2069342,2001-12-19,wikidata_exact_year_agrees,north,multiple_birthplaces_same_hemisphere,Q27524142,Q1233173;Q60,Dobbs Ferry;New York City,40.71277778;41.01277778,-74.00611111;-73.86611111,True,,2023-01,M,False,195,0.0040731678230601,辛巳,庚子,丙辰,丙,火,1,正财|比肩|偏财|正官|比肩|食神,0,0,M_NEW_TARGET
24692018,"Noe, Christopher",GER,M,IM,,,,2516,0,10,1996,,True,24692018,1996-04-27,wikidata_exact_year_agrees,north,resolved_unique_birthplace,Q27528909,Q14950,Sinsheim,49.25,8.88333333,True,,2023-01,M,False,195,0.0040731678230601,丙子,壬辰,甲午,甲,木,-1,食神|正印|偏印|偏财|比肩|伤官,1,1,M_NEW_TARGET
1010824,"Swinkels, Robin",NED,M,GM,,,,2516,2,10,1989,,True,1010824,1989-04-06,wikidata_exact_year_agrees,north,resolved_unique_birthplace,Q63343,Q9810,Asten,51.4031,5.7472,True,,2023-01,M,False,195,0.0040731678230601,己巳,戊辰,丙申,丙,火,1,伤官|比肩|食神|食神|比肩|偏财,1,0,M_NEW_TARGET
615013,"Wirig, Anthony",FRA,M,GM,,,,2516,1,10,1983,,True,615013,1983-02-03,wikidata_exact_year_agrees,north,resolved_unique_birthplace,Q9156220,Q22640,Thionville,49.35805556,6.16833333,True,,2023-01,M,False,195,0.0040731678230601,壬戌,癸丑,壬戌,壬,水,1,比肩|七杀|劫财|正官|比肩|七杀,0,0,M_NEW_TARGET
4655192,"Zaragatski, Ilja",GER,M,GM,,,,2516,2,10,1985,,True,4655192,1985-09-26,wikidata_exact_year_agrees,north,resolved_unique_birthplace,Q1658638,Q656,Saint Petersburg,59.95,30.31666667,True,,2023-01,M,False,195,0.0040731678230601,乙丑,乙酉,戊辰,戊,土,1,正官|劫财|正官|伤官|比肩|比肩,1,0,M_NEW_TARGET
1030108,"Beerdsen, Thomas",NED,M,IM,,,,2515,10,10,1998,,True,1030108,1998-09-13,wikidata_exact_year_agrees,north,resolved_unique_birthplace,Q27523463,Q3018561,Apeldoorn,52.21,5.97,True,,2023-01,M,False,201,-0.010197161403185,戊寅,辛酉,癸亥,癸,水,-1,正官|伤官|偏印|偏印|比肩|劫财,1,2,M_NEW_TARGET
13905465,"Schitco, Ivan",MDA,M,GM,,,,2515,9,10,2003,,True,13905465,2003-01-04,wikidata_exact_year_agrees,north,resolved_unique_birthplace,Q65461017,Q21197,Chișinău,47.02277778,28.83527778,True,,2023-01,M,False,201,-0.010197161403185,壬午,壬子,丁丑,丁,火,-1,正官|比肩|正官|七杀|比肩|食神,0,0,M_NEW_TARGET
922412,"Djukic, Nikola",MNE,M,GM,,,,2514,0,10,1983,,True,922412,1983-01-26,wikidata_exact_year_agrees,north,resolved_unique_birthplace,Q2927210,Q23564,Podgorica,42.44138889,19.26277778,True,,2023-01,M,False,203,-0.0244674906294301,壬戌,癸丑,甲寅,甲,木,-1,偏印|偏财|正印|正财|比肩|比肩,0,1,M_NEW_TARGET
706671,"Korpa, Bence",HUN,M,GM,,,,2514,11,10,1998,,True,706671,1998-01-12,wikidata_exact_year_agrees,north,resolved_unique_birthplace,Q27526725,Q102397,Miskolc,48.1,20.78333333,True,,2023-01,M,False,203,-0.0244674906294301,丁丑,癸丑,己未,己,土,-1,偏印|比肩|偏财|比肩|比肩|比肩,0,1,M_NEW_TARGET
931152,"Bogosavljevic, Boban",SRB,M,GM,,,,2513,9,10,1988,,True,931152,1988-04-26,wikidata_exact_year_agrees,north,resolved_unique_birthplace,Q13214081,Q209329,Vršac,45.12055556,21.29861111,True,,2023-01,M,False,205,-0.0387378198556752,戊辰,丙辰,辛亥,辛,金,1,正印|正印|正官|正印|比肩|伤官,1,0,M_NEW_TARGET
24124621,"Kezin, Roman",RUS,M,IM,,,,2513,0,10,1995,,True,24124621,1995-03-15,wikidata_exact_year_agrees,north,resolved_unique_birthplace,Q27526479,Q883,Novosibirsk,55.03333333,82.91666667,True,,2023-01,M,False,205,-0.0387378198556752,乙亥,己卯,乙巳,乙,木,1,比肩|正印|偏财|比肩|比肩|伤官,1,0,M_NEW_TARGET
14201356,"Kvon, Andrey",UZB,M,GM,,,,2513,0,10,1989,,True,14201356,1989-04-16,wikidata_exact_year_agrees,north,resolved_unique_birthplace,Q27527008,Q269,Tashkent,41.31111111,69.27972222,True,,2023-01,M,False,205,-0.0387378198556752,己巳,戊辰,丙午,丙,火,1,伤官|比肩|食神|食神|比肩|劫财,1,0,M_NEW_TARGET
13402390,"Rasulov, Vugar",AZE,M,GM,,,,2513,9,10,1991,,True,13402390,1991-04-05,wikidata_exact_year_agrees,north,resolved_unique_birthplace,Q966957,Q131290,Ganja,40.68277778,46.36055556,True,,2023-01,M,False,205,-0.0387378198556752,辛未,壬辰,乙巳,乙,木,1,七杀|偏财|正印|正财|比肩|伤官,1,0,M_NEW_TARGET
24104272,"Rozum, Ivan",RUS,M,GM,,,,2513,2,10,1991,,True,24104272,1991-12-09,wikidata_exact_year_agrees,north,resolved_unique_birthplace,Q18276835,Q1957,Vologda,59.21666667,39.9,True,,2023-01,M,False,205,-0.0387378198556752,辛未,庚子,癸丑,癸,水,-1,偏印|七杀|正印|比肩|比肩|七杀,0,1,M_NEW_TARGET
46626786,Pranav Anand,IND,M,GM,,,,2512,0,10,2006,,True,46626786,2006-11-03,wikidata_exact_year_agrees,north,resolved_unique_birthplace,Q71319679,Q207754,Tiruchirappalli,10.82694444,78.69277778,True,,2023-01,M,False,210,-0.0530081490819204,丙戌,戊戌,丙申,丙,火,1,比肩|食神|食神|食神|比肩|偏财,0,0,M_NEW_TARGET
723762,"Fodor, Tamas Jr.",HUN,M,GM,,FI,,2511,12,10,1991,,True,723762,1991-06-02,wikidata_exact_year_agrees,north,resolved_unique_birthplace,Q16712241,Q679249,Kalocsa,46.53333333,18.98555556,True,,2023-01,M,False,211,-0.0672784783081655,辛未,癸巳,癸卯,癸,水,-1,偏印|七杀|比肩|正财|比肩|食神,0,1,M_NEW_TARGET
13303635,"Harutyunyan, Tigran K.",ARM,M,GM,,,,2511,0,10,1997,,True,13303635,1997-01-15,wikidata_exact_year_agrees,north,resolved_unique_birthplace,Q27525706,Q1953,Yerevan,40.18138889,44.51444444,True,,2023-01,M,False,211,-0.0672784783081655,丙子,辛丑,丁巳,丁,火,-1,劫财|七杀|偏财|食神|比肩|劫财,0,0,M_NEW_TARGET
884189,"Lodici, Lorenzo",ITA,M,GM,,,,2511,0,10,2000,,True,884189,2000-04-16,wikidata_exact_year_agrees,north,resolved_unique_birthplace,Q27527363,Q6221,Brescia,45.53888889,10.22028056,True,,2023-01,M,False,211,-0.0672784783081655,庚辰,庚辰,甲辰,甲,木,-1,七杀|偏财|七杀|偏财|比肩|偏财,0,0,M_NEW_TARGET
14918781,"Repka, Christopher",SVK,M,GM,,,,2511,0,10,1998,,True,14918781,1998-10-06,wikidata_exact_year_agrees,north,resolved_unique_birthplace,Q27530682,Q605521,Stará Ľubovňa,49.31666667,20.68333333,True,,2023-01,M,False,211,-0.0672784783081655,戊寅,辛酉,丙戌,丙,火,1,食神|偏印|正财|正财|比肩|食神,0,1,M_NEW_TARGET
2907313,"Grigorov, Grigor",BUL,M,GM,,,,2510,0,10,1987,,True,2907313,1987-05-26,wikidata_exact_year_agrees,north,resolved_unique_birthplace,Q3657804,Q191099,Petrich,41.398129,23.206857,True,,2023-01,M,False,215,-0.0815488075344106,丁卯,乙巳,乙亥,乙,木,1,食神|比肩|比肩|伤官|比肩|正印,1,0,M_NEW_TARGET
4901045,"Gundavaa, Bayarsaikhan",MGL,M,GM,,,,2510,0,10,1989,,True,4901045,1989-05-29,wikidata_exact_year_agrees,north,resolved_unique_birthplace,Q15254899,Q234713,Övörkhangai Province,45.75,102.75,True,,2023-01,M,False,215,-0.0815488075344106,己巳,己巳,己丑,己,土,-1,比肩|正印|比肩|正印|比肩|比肩,0,0,M_NEW_TARGET
25002767,"Iniyan, P",IND,M,GM,,,,2510,10,10,2002,,True,25002767,2002-09-13,wikidata_exact_year_agrees,north,resolved_unique_birthplace,Q27525954,Q9824,Erode,11.34083333;11.3428,77.71722222;77.72741,True,,2023-01,M,False,215,-0.0815488075344106,壬午,己酉,甲申,甲,木,-1,偏印|伤官|正财|正官|比肩|七杀,1,1,M_NEW_TARGET
1210920,"Miron, Lucian-Costin",ROU,M,GM,,FT,,2510,0,10,1987,,True,1210920,1987-04-14,wikidata_exact_year_agrees,north,resolved_unique_birthplace,Q11763245,Q179585,Ploiești,44.94111111,26.0225,True,,2023-01,M,False,215,-0.0815488075344106,丁卯,甲辰,癸巳,癸,水,-1,偏财|食神|伤官|正官|比肩|正财,1,0,M_NEW_TARGET
5029104,"Stany, G.A.",IND,M,GM,,,,2510,0,10,1993,,True,5029104,1993-01-22,wikidata_exact_year_agrees,north,resolved_unique_birthplace,Q27532688,Q2284099,Bhadravathi,13.84,75.702,True,,2023-01,M,False,215,-0.0815488075344106,壬申,癸丑,癸卯,癸,水,-1,劫财|正印|比肩|七杀|比肩|食神,0,0,M_NEW_TARGET
8605564,"Xu, Yi",CHN,M,GM,,,,2510,0,10,1998,,True,8605564,1998-05-28,wikidata_exact_year_agrees,north,resolved_unique_birthplace,Q27534230,Q8686,Shanghai,31.2325,121.46916667,True,,2023-01,M,False,215,-0.0815488075344106,戊寅,丁巳,乙亥,乙,木,1,正财|劫财|食神|伤官|比肩|正印,1,0,M_NEW_TARGET
5021103,"Grover, Sahaj",IND,M,GM,,,,2509,0,10,1995,,True,5021103,1995-09-07,wikidata_exact_year_agrees,north,resolved_unique_birthplace,Q7399424,Q1353,Delhi,28.66666667,77.21666667,True,,2023-01,M,False,221,-0.0958191367606558,乙亥,甲申,辛丑,辛,金,1,偏财|伤官|正财|劫财|比肩|偏印,1,1,M_NEW_TARGET
25073060,Koustav Chatterjee,IND,M,IM,,,,2509,10,10,2003,,True,25073060,2003-07-21,wikidata_exact_year_agrees,north,resolved_unique_birthplace,Q68797856,Q1348,Kolkata,22.5675,88.37,True,,2023-01,M,False,221,-0.0958191367606558,癸未,己未,乙未,乙,木,1,偏印|偏财|偏财|偏财|比肩|偏财,0,1,M_NEW_TARGET
616834,"Libiszewski, Fabien",FRA,M,GM,,,,2509,0,10,1984,,True,616834,1984-01-05,wikidata_exact_year_agrees,north,resolved_unique_birthplace,Q437865,Q42716,Saint-Étienne,45.43388889,4.38972222,True,,2023-01,M,False,221,-0.0958191367606558,癸亥,甲子,戊戌,戊,土,1,正财|偏财|七杀|正财|比肩|比肩,0,0,M_NEW_TARGET
3900410,"Pulvett Marin, Daniel Eduardo",ESP,M,IM,,,,2509,2,10,1991,,True,3900410,1991-09-24,wikidata_exact_year_agrees,north,resolved_unique_birthplace,Q21001419,Q717,Venezuela,8.0,-67.0,True,,2023-01,M,False,221,-0.0958191367606558,辛未,丁酉,丁酉,丁,火,-1,偏财|食神|比肩|偏财|比肩|偏财,0,0,M_NEW_TARGET
14116367,"Vorontsov, Pavlo",UKR,M,GM,,,,2509,0,10,1998,,True,14116367,1998-01-23,wikidata_exact_year_agrees,north,resolved_unique_birthplace,Q27534006,Q1899,Kyiv,50.45,30.52361111,True,,2023-01,M,False,221,-0.0958191367606558,丁丑,癸丑,庚午,庚,金,-1,正官|正印|伤官|正印|比肩|正官,1,0,M_NEW_TARGET
2809958,"Baron, Tal",ISR,M,GM,,,,2508,0,10,1992,,True,2809958,1992-08-07,wikidata_exact_year_agrees,north,resolved_unique_birthplace,Q2893294,Q33935,Tel Aviv,32.08,34.78,True,,2023-01,M,False,226,-0.1100894659869009,壬申,戊申,乙卯,乙,木,1,正印|正官|正财|正官|比肩|比肩,0,0,M_NEW_TARGET
4128737,"Kunin, Vitaly",GER,M,GM,,,,2508,13,10,1983,,True,4128737,1983-10-02,wikidata_exact_year_agrees,north,resolved_unique_birthplace,Q98877,Q649,Moscow,55.75055556,37.6175,True,,2023-01,M,False,226,-0.1100894659869009,癸亥,辛酉,癸亥,癸,水,-1,比肩|劫财|偏印|偏印|比肩|劫财,0,2,M_NEW_TARGET
14109743,"Aveskulov, Valeriy",UKR,M,GM,,,,2507,20,10,1986,,True,14109743,1986-01-31,wikidata_exact_year_agrees,north,resolved_unique_birthplace,Q2566087,Q612773,Khrustalnyi,48.12138889,38.94527778,True,,2023-01,M,False,228,-0.124359795213146,乙丑,己丑,乙亥,乙,木,1,比肩|偏财|偏财|偏财|比肩|正印,0,0,M_NEW_TARGET
4401190,"Cuartas, Jaime Alexander",COL,M,GM,,,,2507,0,10,1975,,True,4401190,1975-10-28,wikidata_exact_year_agrees,north,resolved_unique_birthplace,Q11716203,Q816024,Bello,6.33495232,-75.55828824,True,,2023-01,M,False,228,-0.124359795213146,乙卯,丙戌,丁未,丁,火,-1,偏印|偏印|劫财|伤官|比肩|食神,1,2,M_NEW_TARGET
3509265,"Garcia Pantoja, Roberto",CUB,M,GM,,,,2507,20,10,1992,,True,3509265,1992-10-31,wikidata_exact_year_agrees,north,resolved_unique_birthplace,Q27525186,Q1563,Havana,23.13666667,-82.35888889,True,,2023-01,M,False,228,-0.124359795213146,壬申,庚戌,庚辰,庚,金,-1,食神|比肩|比肩|偏印|比肩|偏印,0,2,M_NEW_TARGET
13506862,"Nikitenko, Mihail",BLR,M,GM,,,,2507,18,10,2000,,True,13506862,2000-03-08,wikidata_exact_year_agrees,north,resolved_unique_birthplace,Q27528864,Q2280,Minsk,53.902246,27.561837,True,,2023-01,M,False,228,-0.124359795213146,庚辰,己卯,乙丑,乙,木,1,正官|正财|偏财|比肩|比肩|偏财,0,0,M_NEW_TARGET
311995,"Bernasek, Jan",CZE,M,GM,,,,2506,3,10,1986,,True,311995,1986-05-31,wikidata_exact_year_agrees,north,resolved_unique_birthplace,Q12022410,Q1000078,Moravská Třebová,49.75795387,16.66430399,True,,2023-01,M,False,232,-0.1386301244393912,丙寅,癸巳,乙亥,乙,木,1,伤官|劫财|偏印|伤官|比肩|正印,2,1,M_NEW_TARGET
32096585,"Henderson de La Fuente, Lance",AND,M,GM,,,,2506,0,10,2003,,True,32096585,2003-05-19,wikidata_exact_year_agrees,north,resolved_unique_birthplace,Q27525762,Q484799,Marbella,36.51136389,-4.88344167,True,,2023-01,M,False,232,-0.1386301244393912,癸未,丁巳,壬辰,壬,水,1,劫财|正官|正财|偏财|比肩|七杀,0,0,M_NEW_TARGET
2021030,"Hungaski, Robert",USA,M,GM,,,,2506,0,10,1987,,True,2021030,1987-12-08,wikidata_exact_year_agrees,north,resolved_unique_birthplace,Q16714995,Q49169,Stamford,41.09666667,-73.55222222,True,,2023-01,M,False,232,-0.1386301244393912,丁卯,壬子,辛卯,辛,金,1,七杀|偏财|伤官|食神|比肩|偏财,1,0,M_NEW_TARGET
300560,"Polak, Tomas",CZE,M,GM,,FT,,2506,4,10,1974,,True,300560,1974-04-24,wikidata_exact_year_agrees,north,resolved_unique_birthplace,Q366566,Q14960,Brno,49.19527778,16.60833333,True,,2023-01,M,False,232,-0.1386301244393912,甲寅,戊辰,乙未,乙,木,1,劫财|劫财|正财|正财|比肩|偏财,0,0,M_NEW_TARGET
3516016,"Berdayes Ason, Dylan Isidro",CUB,M,IM,,,,2505,9,10,1998,,True,3516016,1998-05-15,wikidata_exact_year_agrees,north,resolved_unique_birthplace,Q27523544,Q1563,Havana,23.13666667,-82.35888889,True,,2023-01,M,False,236,-0.1529004536656363,戊寅,丁巳,壬戌,壬,水,1,七杀|食神|正财|偏财|比肩|七杀,0,0,M_NEW_TARGET
32080190,"Gines Esteo, Pedro Antonio",ESP,M,GM,,,,2505,19,10,2004,,True,32080190,2004-01-15,wikidata_exact_year_agrees,north,resolved_unique_birthplace,Q58013808,Q10305,Zaragoza,41.65,-0.88333333,True,,2023-01,M,False,236,-0.1529004536656363,癸未,乙丑,癸巳,癸,水,-1,比肩|七杀|食神|七杀|比肩|正财,0,0,M_NEW_TARGET
13902393,"Hamitevici, Vladimir",MDA,M,GM,,,,2505,9,10,1991,,True,13902393,1991-02-19,wikidata_exact_year_agrees,north,resolved_unique_birthplace,Q27525674,Q192176,Bendery,46.83333333,29.48333333,True,,2023-01,M,False,236,-0.1529004536656363,辛未,庚寅,庚申,庚,金,-1,劫财|正印|比肩|偏财|比肩|比肩,0,0,M_NEW_TARGET
818860,"Valsecchi, Alessio",ITA,M,GM,,,,2505,0,10,1992,,True,818860,1992-04-25,wikidata_exact_year_agrees,north,resolved_unique_birthplace,Q27533716,Q628,Bergamo,45.695,9.67,True,,2023-01,M,False,236,-0.1529004536656363,壬申,甲辰,辛未,辛,金,1,伤官|劫财|正财|正印|比肩|偏印,1,1,M_NEW_TARGET
1133950,"Wieczorek, Oskar",POL,M,GM,,,,2505,9,10,1994,,True,1133950,1994-06-13,wikidata_exact_year_agrees,north,resolved_unique_birthplace,Q15881135,Q1799,Wrocław,51.11,17.0325,True,,2023-01,M,False,236,-0.1529004536656363,甲戌,庚午,庚午,庚,金,-1,偏财|偏印|比肩|正官|比肩|正官,0,1,M_NEW_TARGET
2811634,"Erenberg, Ariel",ISR,M,IM,,,,2504,8,10,2001,,True,2811634,2001-10-11,wikidata_exact_year_agrees,north,resolved_unique_birthplace,Q27524845,Q201051,Rishon LeZion,31.95,34.8,True,,2023-01,M,False,241,-0.1671707828918814,辛巳,戊戌,丁未,丁,火,-1,偏财|劫财|伤官|伤官|比肩|食神,2,0,M_NEW_TARGET
13304852,"Mikaelyan, Arman",ARM,M,GM,,,,2504,9,10,1996,,True,13304852,1996-11-25,wikidata_exact_year_agrees,north,resolved_unique_birthplace,Q27528348,Q1953,Yerevan,40.18138889,44.51444444,True,,2023-01,M,False,241,-0.1671707828918814,丙子,己亥,丙寅,丙,火,1,比肩|正官|伤官|七杀|比肩|偏印,1,1,M_NEW_TARGET
4127870,"Pridorozhni, Aleksei",RUS,M,GM,,,,2504,0,10,1981,,True,4127870,1981-08-27,wikidata_exact_year_agrees,north,resolved_unique_birthplace,Q4378178,Q183002,Surgut,61.25,73.43333333,True,,2023-01,M,False,241,-0.1671707828918814,辛酉,丙申,丁丑,丁,火,-1,偏财|偏财|劫财|正财|比肩|食神,0,0,M_NEW_TARGET
5097010,Sankalp Gupta,IND,M,GM,,,,2504,19,10,2003,,True,5097010,2003-08-18,wikidata_exact_year_agrees,north,resolved_unique_birthplace,Q68938502,Q1513,Nagpur,21.14972222,79.08055556,True,,2023-01,M,False,241,-0.1671707828918814,癸未,庚申,癸亥,癸,水,-1,比肩|七杀|正印|正印|比肩|劫财,0,0,M_NEW_TARGET
12513342,"Gholami, Aryan",IRI,M,GM,,,,2503,0,10,2001,,True,12513342,2001-07-26,wikidata_exact_year_agrees,north,resolved_unique_birthplace,Q5739994,Q720937,Qaem Shahr,36.46305556,52.86,True,,2023-01,M,False,245,-0.1814411121181266,辛巳,乙未,庚寅,庚,金,-1,劫财|七杀|正财|正印|比肩|偏财,0,0,M_NEW_TARGET
25006479,Karthik Venkataraman,IND,M,GM,,,,2503,0,10,1999,,True,25006479,1999-12-22,wikidata_exact_year_agrees,north,resolved_unique_birthplace,Q27526417,Q300577,Vellore,12.93333333,79.13333333,True,,2023-01,M,False,245,-0.1814411121181266,己卯,丙子,戊申,戊,土,1,劫财|正官|偏印|正财|比肩|食神,0,1,M_NEW_TARGET
1132253,"Sadzikowski, Daniel",POL,M,GM,,,,2503,0,10,1994,,True,1132253,1994-01-20,wikidata_exact_year_agrees,north,resolved_unique_birthplace,Q9201427,Q93323,Chrzanów,50.13333333,19.4,True,,2023-01,M,False,245,-0.1814411121181266,癸酉,乙丑,丙午,丙,火,1,正官|正财|正印|伤官|比肩|劫财,1,0,M_NEW_TARGET
8603189,"Wan, Yunguo",CHN,M,GM,,FI,,2503,0,10,1990,,True,8603189,1990-06-28,wikidata_exact_year_agrees,north,resolved_unique_birthplace,Q27534078,Q29520,China,35.0,105.0,True,,2023-01,M,False,245,-0.1814411121181266,庚午,壬午,甲子,甲,木,-1,七杀|伤官|偏印|伤官|比肩|正印,2,1,M_NEW_TARGET
960047,"Budisavljevic, Luka",SRB,M,GM,,,,2502,9,10,2004,,True,960047,2004-01-22,wikidata_exact_year_agrees,north,resolved_unique_birthplace,Q71319133,Q3711,Belgrade,44.81777778,20.45694444,True,,2023-01,M,False,249,-0.1957114413443717,癸未,乙丑,庚子,庚,金,-1,伤官|正印|正财|正印|比肩|伤官,2,0,M_NEW_TARGET
24171735,"Drygalov, Andrey",RUS,M,GM,,,,2502,2,10,1999,,True,24171735,1999-05-19,wikidata_exact_year_agrees,north,resolved_unique_birthplace,Q27524675,Q13379,Kurgan,55.44083333,65.34111111,True,,2023-01,M,False,249,-0.1957114413443717,己卯,己巳,辛未,辛,金,1,偏印|偏财|偏印|正官|比肩|偏印,0,3,M_NEW_TARGET
14122480,"Vetoshko, Volodymyr",UKR,M,GM,,,,2502,0,10,1998,,True,14122480,1998-04-16,wikidata_exact_year_agrees,north,resolved_unique_birthplace,Q27533862,Q930449,Horodok,49.78222222,23.64361111,True,,2023-01,M,False,249,-0.1957114413443717,戊寅,丙辰,癸巳,癸,水,-1,正官|伤官|正财|正官|比肩|正财,1,0,M_NEW_TARGET
2260735,"Asis Gargatagli, Hipolito",ESP,M,GM,,,,2501,0,10,1986,,True,2260735,1986-08-17,wikidata_exact_year_agrees,north,resolved_unique_birthplace,Q20003090,Q1492,Barcelona,41.3825,2.17694444,True,,2023-01,M,False,252,-0.2099817705706169,丙寅,丙申,癸巳,癸,水,-1,正财|伤官|正财|正印|比肩|正财,1,0,M_NEW_TARGET
3506690,"Corrales Jimenez, Fidel",USA,M,GM,,,,2501,30,10,1987,,True,3506690,1987-07-07,wikidata_exact_year_agrees,north,resolved_unique_birthplace,Q627195,Q244139,Pinar del Río,22.41222222,-83.67194444,True,,2023-01,M,False,252,-0.2099817705706169,丁卯,丁未,丁巳,丁,火,-1,比肩|偏印|比肩|食神|比肩|劫财,0,1,M_NEW_TARGET
2908549,"Dimitrov, Radoslav",BUL,M,GM,,,,2501,0,10,1993,,True,2908549,1993-03-27,wikidata_exact_year_agrees,north,resolved_unique_birthplace,Q27524553,Q173474,Veliko Tarnovo,43.078652,25.628291,True,,2023-01,M,False,252,-0.2099817705706169,癸酉,乙卯,丁未,丁,火,-1,七杀|偏财|偏印|偏印|比肩|食神,0,2,M_NEW_TARGET
1642561,"Horvath, Dominik",AUT,M,IM,,,,2501,1,10,2003,,True,1642561,2003-08-29,wikidata_exact_year_agrees,north,resolved_unique_birthplace,Q108332144,Q126321,Eisenstadt,47.845649,16.52327,True,,2023-01,M,False,252,-0.2099817705706169,癸未,庚申,甲戌,甲,木,-1,正印|正财|七杀|七杀|比肩|偏财,0,0,M_NEW_TARGET
24114928,"Tilicheev, Viacheslav",FID,M,GM,,FT,,2501,0,10,1994,,True,24114928,1994-07-17,wikidata_exact_year_agrees,north,resolved_unique_birthplace,Q27533144,Q919,Krasnoyarsk,56.00888889,92.87194444,True,,2023-01,M,False,252,-0.2099817705706169,甲戌,辛未,甲辰,甲,木,-1,比肩|偏财|正官|正财|比肩|偏财,0,0,M_NEW_TARGET
1048333,"Vrolijk, Liam",NED,M,GM,,,,2501,2,10,2002,,True,1048333,2002-07-05,wikidata_exact_year_agrees,north,resolved_unique_birthplace,Q57316060,Q734860,Capelle aan den IJssel,51.93567,4.57819,True,,2023-01,M,False,252,-0.2099817705706169,壬午,丙午,甲戌,甲,木,-1,偏印|伤官|食神|伤官|比肩|偏财,2,1,M_NEW_TARGET
3507424,"Espinosa Veloz, Ermes",CUB,M,GM,,,,2500,18,10,1987,,True,3507424,1987-07-30,wikidata_exact_year_agrees,north,resolved_unique_birthplace,Q27524885,Q115434,Villa Clara Province,22.4053,-79.9542,True,,2023-01,M,False,258,-0.224252099796862,丁卯,丁未,庚辰,庚,金,-1,正官|正财|正官|正印|比肩|偏印,0,1,M_NEW_TARGET
3504727,"Martinez Duany, Lelys Stanley",CUB,M,GM,,,,2500,9,10,1985,,True,3504727,1985-07-10,wikidata_exact_year_agrees,north,resolved_unique_birthplace,Q4282583,Q117040,Santiago de Cuba,20.02166667,-75.82944444,True,,2023-01,M,False,258,-0.224252099796862,乙丑,癸未,庚戌,庚,金,-1,正财|正印|伤官|正印|比肩|偏印,1,1,M_NEW_TARGET
4402669,"Gallego Alcaraz, Andres Felipe",COL,M,GM,,,,2499,0,10,1989,,True,4402669,1989-12-10,wikidata_exact_year_agrees,north,resolved_unique_birthplace,Q27525147,Q48278,Medellín,6.25020015,-75.5675845,True,,2023-01,M,False,260,-0.2385224290231071,己巳,丙子,甲辰,甲,木,-1,正财|食神|食神|正印|比肩|偏财,0,0,M_NEW_TARGET
11602945,"Kantans, Toms",LAT,M,GM,,,,2499,0,10,1994,,True,11602945,1994-01-16,wikidata_exact_year_agrees,north,resolved_unique_birthplace,Q27526373,Q1773,Riga,56.9475,24.10694444,True,,2023-01,M,False,260,-0.2385224290231071,癸酉,乙丑,壬寅,壬,水,1,劫财|正印|伤官|正官|比肩|食神,1,0,M_NEW_TARGET
12511412,"Pourramezanali, Amirreza",IRI,M,GM,,,,2499,0,10,1992,,True,12511412,1992-09-23,wikidata_exact_year_agrees,north,resolved_unique_birthplace,Q24175803,Q178373,Rasht,37.27611111,49.58861111,True,,2023-01,M,False,260,-0.2385224290231071,壬申,己酉,壬寅,壬,水,1,比肩|偏印|正官|正印|比肩|食神,0,1,M_NEW_TARGET
5019184,"Swapnil, S. Dhopade",IND,M,GM,,FT,,2499,0,10,1990,,True,5019184,1990-10-05,wikidata_exact_year_agrees,north,resolved_unique_birthplace,Q27532931,Q1513,Nagpur,21.14972222,79.08055556,True,,2023-01,M,False,260,-0.2385224290231071,庚午,乙酉,癸卯,癸,水,-1,正印|偏财|食神|偏印|比肩|食神,0,1,M_NEW_TARGET
2815532,"Gorshtein, Ido",ISR,M,IM,,,,2498,9,10,2002,,True,2815532,2002-04-13,wikidata_exact_year_agrees,north,resolved_unique_birthplace,Q71318473,Q152436,Kfar Saba,32.18578333,34.90768333,True,,2023-01,M,False,264,-0.2527927582493523,壬午,甲辰,辛亥,辛,金,1,伤官|七杀|正财|正印|比肩|伤官,2,0,M_NEW_TARGET
2073250,"Brodsky, David",USA,M,GM,,,,2497,9,10,2002,,True,2073250,2002-08-19,wikidata_exact_year_agrees,north,resolved_unique_birthplace,Q69054044,Q2412514,Mount Kisco,41.20388889,-73.73055556,True,,2023-01,M,False,265,-0.2670630874755974,壬午,戊申,己未,己,土,-1,正财|偏印|劫财|伤官|比肩|比肩,1,1,M_NEW_TARGET
3508129,"Guerra Mendez, Jose Angel",ESP,M,GM,,,,2497,0,10,1988,,True,3508129,1988-01-20,wikidata_exact_year_agrees,north,resolved_unique_birthplace,Q27525567,Q115403,Manzanillo,20.33972222,-77.10861111,True,,2023-01,M,False,265,-0.2670630874755974,丁卯,癸丑,甲戌,甲,木,-1,伤官|劫财|正印|正财|比肩|偏财,1,0,M_NEW_TARGET
8611572,"Xu, Zhihang",CHN,M,IM,,,,2497,0,10,2001,,True,8611572,2001-11-09,wikidata_exact_year_agrees,north,resolved_unique_birthplace,Q62056293,Q43407,Shandong,36.4,118.4,True,,2023-01,M,False,265,-0.2670630874755974,辛巳,己亥,丙子,丙,火,1,正财|比肩|伤官|七杀|比肩|正官,1,0,M_NEW_TARGET
5057000,"Mitrabha, Guha",IND,M,GM,,,,2496,10,10,2001,,True,5057000,2001-09-15,wikidata_exact_year_agrees,north,resolved_unique_birthplace,Q68936660,Q1348,Kolkata,22.5675,88.37,True,,2023-01,M,False,268,-0.2813334167018426,辛巳,丁酉,辛巳,辛,金,1,比肩|正官|七杀|比肩|比肩|正官,0,0,M_NEW_TARGET
1119290,"Pakleza, Zbigniew",POL,M,GM,,,,2496,0,10,1986,,True,1119290,1986-12-05,wikidata_exact_year_agrees,north,resolved_unique_birthplace,Q9388200,Q105084,Gliwice,50.29416667,18.66583333,True,,2023-01,M,False,268,-0.2813334167018426,丙寅,己亥,癸未,癸,水,-1,正财|伤官|七杀|劫财|比肩|七杀,1,0,M_NEW_TARGET
12572896,"Pour Agha Bala, Amirreza",IRI,M,,,,,2496,2,10,2004,,True,12572896,2004-05-15,wikidata_exact_year_agrees,north,resolved_unique_birthplace,Q113088066,Q80053,Tabriz,38.07388889,46.29611111,True,,2023-01,M,False,268,-0.2813334167018426,甲申,己巳,甲午,甲,木,-1,比肩|七杀|正财|食神|比肩|伤官,1,0,M_NEW_TARGET
502081,"Karttunen, Mika",FIN,M,IM,,,,2495,0,10,1981,,True,502081,1981-05-30,wikidata_exact_year_agrees,north,resolved_unique_birthplace,Q3499622,Q33,Finland,65.0,27.0,True,,2023-01,M,False,271,-0.2956037459280877,辛酉,癸巳,戊申,戊,土,1,伤官|伤官|正财|偏印|比肩|食神,2,1,M_NEW_TARGET
12401820,"Tran, Tuan Minh",VIE,M,GM,,,,2495,0,10,1997,,True,12401820,1997-10-21,wikidata_exact_year_agrees,north,resolved_unique_birthplace,Q27533264,Q1858,Hanoi,21.0245,105.84117,True,,2023-01,M,False,271,-0.2956037459280877,丁丑,庚戌,丙申,丙,火,1,劫财|伤官|偏财|食神|比肩|偏财,1,0,M_NEW_TARGET
1108760,"Cyborowski, Lukasz",POL,M,GM,,,,2494,2,10,1980,,True,1108760,1980-06-21,wikidata_exact_year_agrees,north,resolved_unique_birthplace,Q345543,Q106274,Legnica,51.21006,16.1619,True,,2023-01,M,False,273,-0.3098740751543328,庚申,壬午,乙丑,乙,木,1,正官|正官|正印|食神|比肩|偏财,0,0,M_NEW_TARGET
3507548,"Gonzalez Zamora, Juan Carlos",MEX,M,GM,,,,2494,18,10,1968,,True,3507548,1968-06-24,wikidata_exact_year_agrees,north,resolved_unique_birthplace,Q2355694,Q1563,Havana,23.13666667,-82.35888889,True,,2023-01,M,False,273,-0.3098740751543328,戊申,戊午,乙丑,乙,木,1,正财|正官|正财|食神|比肩|偏财,0,0,M_NEW_TARGET
3507815,"Obregon Rivero, Juan Carlos",MEX,M,GM,,,,2494,9,10,1989,,True,3507815,1989-09-08,wikidata_exact_year_agrees,north,resolved_unique_birthplace,Q27528979,Q115527,Las Tunas,20.96666667,-76.95,True,,2023-01,M,False,273,-0.3098740751543328,己巳,癸酉,辛未,辛,金,1,偏印|正官|食神|比肩|比肩|偏印,0,2,M_NEW_TARGET
13413007,"Ahmadzada, Ahmad",AZE,M,IM,,,,2493,0,10,2004,,True,13413007,2004-12-13,wikidata_exact_year_agrees,north,resolved_unique_birthplace,Q62055836,Q9248,Baku,40.36665556,49.83518333,True,,2023-01,M,False,276,-0.3241444043805779,甲申,丙子,丙寅,丙,火,1,偏印|偏财|比肩|正官|比肩|偏印,0,2,M_NEW_TARGET
13500767,"Charnushevich, Aliaksei",FRA,M,GM,,,,2493,0,10,1978,,True,13500767,1978-12-18,wikidata_exact_year_agrees,north,resolved_unique_birthplace,Q4514213,Q241475,Lida,53.89555556,25.29583333,True,,2023-01,M,False,276,-0.3241444043805779,戊午,甲子,甲寅,甲,木,-1,偏财|伤官|比肩|正印|比肩|比肩,1,0,M_NEW_TARGET
2813416,"Gorodetzky, David",ISR,M,IM,,,,2492,9,10,2000,,True,2813416,2000-09-30,wikidata_exact_year_agrees,north,resolved_unique_birthplace,Q27525437,Q33935,Tel Aviv,32.08,34.78,True,,2023-01,M,False,278,-0.3384147336068231,庚辰,乙酉,辛卯,辛,金,1,劫财|正印|偏财|比肩|比肩|偏财,0,0,M_NEW_TARGET
1509500,"Salomon, Johan",NOR,M,GM,,,,2492,0,10,1997,,True,1509500,1997-05-07,wikidata_exact_year_agrees,north,resolved_unique_birthplace,Q21001458,Q585,奥斯陆,59.91333333,10.73888889,True,,2023-01,M,False,278,-0.3384147336068231,丁丑,乙巳,己酉,己,土,-1,偏印|比肩|七杀|正印|比肩|食神,0,1,M_NEW_TARGET
5201640,"Barbosa, Oliver",PHI,M,GM,,FT,,2491,0,10,1986,,True,5201640,1986-09-29,wikidata_exact_year_agrees,north,resolved_unique_birthplace,Q14753868,Q1624,Pasig,14.5605,121.0765,True,,2023-01,M,False,280,-0.3526850628330682,丙寅,丁酉,丙子,丙,火,1,比肩|偏印|劫财|正财|比肩|正官,0,1,M_NEW_TARGET
1003623,"Klein, David",NED,M,GM,,,,2491,0,10,1993,,True,1003623,1993-12-20,wikidata_exact_year_agrees,north,resolved_unique_birthplace,Q16663864,Q9920,Haarlem,52.38138889,4.63555556,True,,2023-01,M,False,280,-0.3526850628330682,癸酉,甲子,乙亥,乙,木,1,偏印|七杀|劫财|偏印|比肩|正印,0,2,M_NEW_TARGET
1124226,"Leniart, Arkadiusz",POL,M,GM,,,,2491,0,10,1991,,True,1124226,1991-06-20,wikidata_exact_year_agrees,north,resolved_unique_birthplace,Q9159751,Q270,Warsaw,52.23,21.01111111,True,,2023-01,M,False,280,-0.3526850628330682,辛未,甲午,辛酉,辛,金,1,比肩|偏印|正财|七杀|比肩|比肩,0,1,M_NEW_TARGET
1005030,"Dambacher, Martijn",NED,M,GM,,,,2490,1,10,1979,,True,1005030,1979-10-22,wikidata_exact_year_agrees,north,resolved_unique_birthplace,Q1749712,Q3322237,Venlo,51.37,6.16806,True,,2023-01,M,False,283,-0.3669553920593134,己未,甲戌,壬戌,壬,水,1,正官|正官|食神|七杀|比肩|七杀,0,0,M_NEW_TARGET
32011601,"Garriga Cazorla, Pere",ESP,M,IM,,,,2490,0,10,1998,,True,32011601,1998-12-14,wikidata_exact_year_agrees,north,resolved_unique_birthplace,Q19301495,Q15430,Mollet del Vallès,41.535572,2.210705,True,,2023-01,M,False,283,-0.3669553920593134,戊寅,甲子,乙未,乙,木,1,正财|劫财|劫财|偏印|比肩|偏财,0,1,M_NEW_TARGET
13308300,"Gharibyan, Mamikon",ARM,M,IM,,,,2490,18,10,2004,,True,13308300,2004-09-21,wikidata_exact_year_agrees,north,resolved_unique_birthplace,Q47543935,Q199500,Gyumri,40.78333333,43.83333333,True,,2023-01,M,False,283,-0.3669553920593134,甲申,癸酉,癸卯,癸,水,-1,伤官|正印|比肩|偏印|比肩|食神,1,1,M_NEW_TARGET
13504037,"Gorovets, Andrey",BLR,M,GM,,,,2490,3,10,1987,,True,13504037,1987-09-14,wikidata_exact_year_agrees,north,resolved_unique_birthplace,Q27525439,Q102217,Vitebsk,55.18333333,30.16666667,True,,2023-01,M,False,283,-0.3669553920593134,丁卯,己酉,丙寅,丙,火,1,劫财|正印|伤官|正财|比肩|偏印,1,1,M_NEW_TARGET
7900660,"Haddouche, Mohamed",ALG,M,GM,,,,2490,0,10,1984,,True,7900660,1984-08-19,wikidata_exact_year_agrees,north,resolved_unique_birthplace,Q16166345,Q852276,Sidi Bel Abbès,35.2,-0.63333333,True,,2023-01,M,False,283,-0.3669553920593134,甲子,壬申,乙酉,乙,木,1,劫财|偏印|正印|正官|比肩|七杀,0,1,M_NEW_TARGET
1126822,"Kanarek, Marcel",POL,M,GM,,,,2490,0,10,1993,,True,1126822,1993-02-05,wikidata_exact_year_agrees,north,resolved_unique_birthplace,Q10860752,Q62868,Koszalin,54.19027778,16.18166667,True,,2023-01,M,False,283,-0.3669553920593134,癸酉,甲寅,丁巳,丁,火,-1,七杀|偏财|正印|正印|比肩|劫财,0,0,M_NEW_TARGET
3500799,"Oliva Castaneda, Kevel",CUB,M,GM,,,,2490,0,10,1994,,True,3500799,1994-05-04,wikidata_exact_year_agrees,north,resolved_unique_birthplace,Q27529019,Q272471,Matanzas,23.049444,-81.573611,True,,2023-01,M,False,283,-0.3669553920593134,甲戌,戊辰,庚寅,庚,金,-1,偏财|偏印|偏印|偏印|比肩|偏财,0,3,M_NEW_TARGET
208027,"Ringoir, Tanguy",BEL,M,GM,,,,2490,0,10,1994,,True,208027,1994-06-29,wikidata_exact_year_agrees,north,resolved_unique_birthplace,Q17429246,Q643980,Wetteren,51.0,3.88333333,True,,2023-01,M,False,283,-0.3669553920593134,甲戌,庚午,丙戌,丙,火,1,偏印|食神|偏财|劫财|比肩|食神,0,1,M_NEW_TARGET
13401416,"Sadikhov, Ulvi",AZE,M,GM,,,,2490,0,10,1998,,True,13401416,1998-11-23,wikidata_exact_year_agrees,north,resolved_unique_birthplace,Q27531045,Q9248,Baku,40.36665556,49.83518333,True,,2023-01,M,False,283,-0.3669553920593134,戊寅,癸亥,甲戌,甲,木,-1,偏财|比肩|正印|偏印|比肩|偏财,0,1,M_NEW_TARGET
10613129,"Fawzy, Adham",EGY,M,GM,,,,2489,6,10,2000,,True,10613129,2000-01-03,wikidata_exact_year_agrees,north,resolved_unique_birthplace,Q27524930,Q87,Alexandria,31.1975,29.8925,True,,2023-01,M,False,292,-0.3812257212855585,己卯,丙子,庚申,庚,金,-1,正印|正财|七杀|伤官|比肩|比肩,1,0,M_NEW_TARGET
1632051,"Blohberger, Felix",AUT,M,GM,,,,2488,1,10,2002,,True,1632051,2002-08-20,wikidata_exact_year_agrees,north,resolved_unique_birthplace,Q30310001,Q1741,Vienna,48.20833333,16.3725,True,,2023-01,M,False,293,-0.3954960505118036,壬午,戊申,庚申,庚,金,-1,食神|正官|偏印|比肩|比肩|比肩,0,1,M_NEW_TARGET
13301152,"Movsziszian, Karen",ARM,M,GM,,,,2488,9,10,1963,,True,13301152,1963-01-06,wikidata_exact_year_agrees,north,resolved_unique_birthplace,Q821748,Q1953,Yerevan,40.18138889,44.51444444,True,,2023-01,M,False,293,-0.3954960505118036,壬寅,癸丑,己酉,己,土,-1,正财|正官|偏财|比肩|比肩|食神,0,0,M_NEW_TARGET
4694031,"Lubbe, Nikolas",GER,M,IM,,,,2487,10,10,1990,,True,4694031,1990-08-14,wikidata_exact_year_agrees,north,resolved_unique_birthplace,Q27527451,Q3857,Wilhelmshaven,53.52861111,8.10555556,True,,2023-01,M,False,295,-0.4097663797380488,庚午,甲申,辛亥,辛,金,1,劫财|七杀|正财|劫财|比肩|伤官,1,0,M_NEW_TARGET
2252813,"Pena Gomez, Manuel",ESP,M,GM,,,,2487,0,10,1988,,True,2252813,1988-06-13,wikidata_exact_year_agrees,north,resolved_unique_birthplace,Q27529693,Q29,Spain,40.2,-3.5,True,,2023-01,M,False,295,-0.4097663797380488,戊辰,戊午,己亥,己,土,-1,劫财|劫财|劫财|偏印|比肩|正财,0,1,M_NEW_TARGET
6336760,"Gokerkan, Cem Kaan",TUR,M,IM,,,,2486,19,10,2000,,True,6336760,2000-11-09,wikidata_exact_year_agrees,north,resolved_unique_birthplace,Q108439224,Q35997,İzmir,38.41273,27.13838,True,,2023-01,M,False,297,-0.4240367089642939,庚辰,丁亥,辛未,辛,金,1,劫财|正印|七杀|伤官|比肩|偏印,1,1,M_NEW_TARGET
3510697,"Miranda Mesa, Elier",CUB,M,GM,,,,2486,18,10,1993,,True,3510697,1993-01-29,wikidata_exact_year_agrees,north,resolved_unique_birthplace,Q27528461,Q289328,Caibarién,22.51583333,-79.47222222,True,,2023-01,M,False,297,-0.4240367089642939,壬申,癸丑,庚戌,庚,金,-1,食神|比肩|伤官|正印|比肩|偏印,1,1,M_NEW_TARGET
3509915,"Hernandez Gonzalez, William",CUB,M,IM,,,,2485,9,10,1995,,True,3509915,1995-06-18,wikidata_exact_year_agrees,north,resolved_unique_birthplace,Q27525780,Q244139,Pinar del Río,22.41222222,-83.67194444,True,,2023-01,M,False,299,-0.438307038190539,乙亥,壬午,庚辰,庚,金,-1,正财|食神|食神|正官|比肩|偏印,0,1,M_NEW_TARGET
14187086,"Samunenkov, Ihor",UKR,M,IM,,,,2485,9,10,2009,,True,14187086,2009-06-15,wikidata_exact_year_agrees,north,resolved_unique_birthplace,Q108396478,Q1899,Kyiv,50.45,30.52361111,True,,2023-01,M,False,299,-0.438307038190539,己丑,庚午,辛卯,辛,金,1,偏印|偏印|劫财|七杀|比肩|偏财,0,2,M_NEW_TARGET
14001101,"Atabayev, Maksat",TKM,M,GM,,,,2484,0,10,1994,,True,14001101,1994-11-28,wikidata_exact_year_agrees,north,resolved_unique_birthplace,Q19613312,Q23438,Ashgabat,37.95,58.38333333,True,,2023-01,M,False,301,-0.4525773674167841,甲戌,乙亥,戊午,戊,土,1,七杀|比肩|正官|偏财|比肩|正印,0,0,M_NEW_TARGET
14201143,"Khamrakulov, Djurabek",UZB,M,GM,,,,2484,9,10,1988,,True,14201143,1988-07-12,wikidata_exact_year_agrees,north,resolved_unique_birthplace,Q27526488,Q5753,Samarkand,39.65472222,66.97583333,True,,2023-01,M,False,301,-0.4525773674167841,戊辰,己未,戊辰,戊,土,1,比肩|比肩|劫财|劫财|比肩|比肩,0,0,M_NEW_TARGET
813575,"Rombaldoni, Denis",ITA,M,IM,,,,2484,0,10,1989,,True,813575,1989-03-14,wikidata_exact_year_agrees,north,resolved_unique_birthplace,Q3705451,Q13134,Pesaro,43.91015,12.9133,True,,2023-01,M,False,301,-0.4525773674167841,己巳,丁卯,癸酉,癸,水,-1,七杀|正财|偏财|食神|比肩|偏印,0,1,M_NEW_TARGET
13707647,"Makhnev, Denis",KAZ,M,GM,,,,2483,13,10,2000,,True,13707647,2000-02-20,wikidata_exact_year_agrees,north,resolved_unique_birthplace,Q27527551,Q486282,Pavlodar,52.31555556,76.95638889,True,,2023-01,M,False,304,-0.4668476966430293,庚辰,戊寅,戊申,戊,土,1,食神|比肩|比肩|七杀|比肩|食神,0,0,M_NEW_TARGET
914517,"Ratkovic, Miloje",SRB,M,GM,,FI,,2483,0,10,1996,,True,914517,1996-04-05,wikidata_exact_year_agrees,north,resolved_unique_birthplace,Q71316510,Q1038291,Mramorak,44.87527778,20.96861111,True,,2023-01,M,False,304,-0.4668476966430293,丙子,壬辰,壬申,壬,水,1,偏财|劫财|比肩|七杀|比肩|偏印,0,1,M_NEW_TARGET
937614,"Roganovic, Milos",SRB,M,GM,,,,2483,1,10,1991,,True,937614,1991-12-23,wikidata_exact_year_agrees,north,resolved_unique_birthplace,Q27530811,Q511216,Vrbas,45.56972222,19.63777778,True,,2023-01,M,False,304,-0.4668476966430293,辛未,庚子,丁卯,丁,火,-1,偏财|食神|正财|七杀|比肩|偏印,0,1,M_NEW_TARGET
4663306,"Schneider, Ilja",GER,M,IM,,,,2483,0,10,1984,,True,4663306,1984-12-08,wikidata_exact_year_agrees,north,resolved_unique_birthplace,Q1658608,Q649,Moscow,55.75055556,37.6175,True,,2023-01,M,False,304,-0.4668476966430293,甲子,丙子,丙子,丙,火,1,偏印|正官|比肩|正官|比肩|正官,0,1,M_NEW_TARGET
4663098,"Seel, Christian, Dr.",GER,M,IM,,,,2483,0,10,1983,,True,4663098,1983-12-28,wikidata_exact_year_agrees,north,resolved_unique_birthplace,Q1081870,Q3900,Troisdorf,50.81611111,7.15555556,True,,2023-01,M,False,304,-0.4668476966430293,癸亥,甲子,庚寅,庚,金,-1,伤官|食神|偏财|伤官|比肩|偏财,2,0,M_NEW_TARGET
24101940,"Zanan, Evgeny",ISR,M,GM,,,,2483,8,10,1998,,True,24101940,1998-02-05,wikidata_exact_year_agrees,north,resolved_unique_birthplace,Q27534545,Q656,Saint Petersburg,59.95,30.31666667,True,,2023-01,M,False,304,-0.4668476966430293,戊寅,甲寅,癸未,癸,水,-1,正官|伤官|伤官|伤官|比肩|七杀,3,0,M_NEW_TARGET
14206323,"Abdisalimov, Abdimalik",UZB,M,IM,,,,2482,19,10,2002,,True,14206323,2002-03-03,wikidata_exact_year_agrees,north,resolved_unique_birthplace,Q27522353,Q1645123,Yakkabog District,38.89304;38.9325,66.7606;66.77132,True,,2023-01,M,False,310,-0.4811180258692744,壬午,壬寅,庚午,庚,金,-1,食神|正官|食神|偏财|比肩|正官,0,0,M_NEW_TARGET
12521604,"Lorparizangeneh, Shahin",IRI,M,GM,,,,2482,0,10,1999,,True,12521604,1999-01-16,wikidata_exact_year_agrees,north,resolved_unique_birthplace,Q27527430,Q42053,Isfahan,32.6525,51.67472222,True,,2023-01,M,False,310,-0.4811180258692744,戊寅,乙丑,戊辰,戊,土,1,比肩|七杀|正官|劫财|比肩|比肩,0,0,M_NEW_TARGET
4155351,"Moskalenko, Alexander",RUS,M,GM,,,,2482,0,10,1988,,True,4155351,1988-06-08,wikidata_exact_year_agrees,north,resolved_unique_birthplace,Q27528653,Q40637,Zhytomyr Oblast,50.65,28.52,True,,2023-01,M,False,310,-0.4811180258692744,戊辰,戊午,甲午,甲,木,-1,偏财|偏财|偏财|伤官|比肩|伤官,2,0,M_NEW_TARGET
2811154,"Raznikov, Danny",ISR,M,GM,,,,2482,0,10,1993,,True,2811154,1993-03-29,wikidata_exact_year_agrees,north,resolved_unique_birthplace,Q19918025,Q167582,Yokneam Illit,32.65944444,35.11,True,,2023-01,M,False,310,-0.4811180258692744,癸酉,乙卯,己酉,己,土,-1,偏财|食神|七杀|七杀|比肩|食神,0,0,M_NEW_TARGET
1400070,"Schandorff, Lars",DEN,M,GM,,,,2482,1,10,1965,,True,1400070,1965-04-20,wikidata_exact_year_agrees,north,resolved_unique_birthplace,Q593192,Q25319,Aarhus,56.15638889,10.20972222,True,,2023-01,M,False,310,-0.4811180258692744,乙巳,庚辰,甲辰,甲,木,-1,劫财|食神|七杀|偏财|比肩|偏财,0,0,M_NEW_TARGET
4131606,"Zablotsky, Sergei",RUS,M,GM,,,,2482,0,10,1982,,True,4131606,1982-01-15,wikidata_exact_year_agrees,north,resolved_unique_birthplace,Q4182479,Q919,Krasnoyarsk,56.00888889,92.87194444,True,,2023-01,M,False,310,-0.4811180258692744,辛酉,辛丑,戊戌,戊,土,1,伤官|伤官|伤官|劫财|比肩|比肩,3,0,M_NEW_TARGET
934526,"Nestorovic, Nikola",SRB,M,GM,,,,2481,0,10,1989,,True,934526,1989-10-13,wikidata_exact_year_agrees,north,resolved_unique_birthplace,Q27528829,Q3711,Belgrade,44.81777778,20.45694444,True,,2023-01,M,False,316,-0.4953883550955196,己巳,甲戌,丙午,丙,火,1,伤官|比肩|偏印|食神|比肩|劫财,1,1,M_NEW_TARGET
30911370,"Wang, Justin",USA,M,IM,,,,2481,9,10,2005,,True,30911370,2005-05-23,wikidata_exact_year_agrees,north,resolved_unique_birthplace,Q60666398,Q49179,Worcester,42.27138889,-71.79888889,True,,2023-01,M,False,316,-0.4953883550955196,乙酉,辛巳,丁未,丁,火,-1,偏印|偏财|偏财|劫财|比肩|食神,0,1,M_NEW_TARGET
5037883,"Gagare, Shardul",IND,M,GM,,,,2480,0,10,1997,,True,5037883,1997-09-02,wikidata_exact_year_agrees,north,resolved_unique_birthplace,Q27525123,Q2466083,Sangamner,19.57,74.22,True,,2023-01,M,False,318,-0.5096586843217648,丁丑,戊申,丁未,丁,火,-1,比肩|食神|伤官|正财|比肩|食神,1,0,M_NEW_TARGET
1900072,"Galego, Luis",POR,M,GM,,,,2480,9,10,1966,,True,1900072,1966-04-25,wikidata_exact_year_agrees,north,resolved_unique_birthplace,Q492446,Q36433,Porto,41.15,-8.61083333,True,,2023-01,M,False,318,-0.5096586843217648,丙午,壬辰,甲寅,甲,木,-1,食神|伤官|偏印|偏财|比肩|比肩,1,1,M_NEW_TARGET
1509268,"Haug, Johannes",NOR,M,IM,,,,2480,0,10,2000,,True,1509268,2000-05-02,wikidata_exact_year_agrees,north,resolved_unique_birthplace,Q62056368,Q57860,Lørenskog,59.89888889,10.96416667,True,,2023-01,M,False,318,-0.5096586843217648,庚辰,庚辰,庚申,庚,金,-1,比肩|偏印|比肩|偏印|比肩|比肩,0,2,M_NEW_TARGET
1508083,"Holm, Kristian Stuvik",NOR,M,IM,,,,2480,1,10,1998,,True,1508083,1998-02-16,wikidata_exact_year_agrees,north,resolved_unique_birthplace,Q25511607,Q104400,Hamar Municipality,60.79451,11.0783,True,,2023-01,M,False,318,-0.5096586843217648,戊寅,甲寅,甲午,甲,木,-1,偏财|比肩|比肩|比肩|比肩|伤官,1,0,M_NEW_TARGET
13413554,"Babazada, Khazar",AZE,M,IM,,,,2479,9,10,2005,,True,13413554,2005-03-12,wikidata_exact_year_agrees,north,resolved_unique_birthplace,Q71319521,Q2043938,Bilasuvar,39.45527778,48.54583333,True,,2023-01,M,False,322,-0.5239290135480098,乙酉,己卯,乙未,乙,木,1,比肩|七杀|偏财|比肩|比肩|偏财,0,0,M_NEW_TARGET
4401824,"Barrientos, Sergio E",COL,M,GM,,,,2479,19,10,1986,,True,4401824,1986-06-28,wikidata_exact_year_agrees,north,resolved_unique_birthplace,Q9352821,Q48278,Medellín,6.25020015,-75.5675845,True,,2023-01,M,False,322,-0.5239290135480098,丙寅,甲午,癸卯,癸,水,-1,正财|伤官|伤官|偏财|比肩|食神,2,0,M_NEW_TARGET
2904292,"Bojkov, Dejan",BUL,M,GM,,,,2479,0,10,1977,,True,2904292,1977-07-03,wikidata_exact_year_agrees,north,resolved_unique_birthplace,Q2535535,Q181830,Shumen,43.274585,26.93486,True,,2023-01,M,False,322,-0.5239290135480098,丁巳,丙午,辛酉,辛,金,1,七杀|正官|正官|七杀|比肩|比肩,0,0,M_NEW_TARGET
1213300,"Georgescu, Tiberiu-Marian",ROU,M,GM,,FT,,2479,0,10,1991,,True,1213300,1991-02-08,wikidata_exact_year_agrees,north,resolved_unique_birthplace,Q26776713,Q19660,Bucharest,44.41336111,26.09777778,True,,2023-01,M,False,322,-0.5239290135480098,辛未,庚寅,己酉,己,土,-1,食神|比肩|伤官|正官|比肩|食神,1,0,M_NEW_TARGET
322121,"Kociscak, Jiri",CZE,M,IM,,,,2479,0,10,1993,,True,322121,1993-04-02,wikidata_exact_year_agrees,north,resolved_unique_birthplace,Q27526633,Q48194,Frýdek-Místek,49.68805556,18.35361111,True,,2023-01,M,False,322,-0.5239290135480098,癸酉,乙卯,癸丑,癸,水,-1,比肩|偏印|食神|食神|比肩|七杀,0,1,M_NEW_TARGET
3507904,"Gomez Garrido, Camilo Ernesto",CUB,M,GM,,,,2478,8,10,1987,,True,3507904,1987-10-23,wikidata_exact_year_agrees,north,resolved_unique_birthplace,Q27067762,Q115302,Holguín Province,20.87711991,-76.26672792,True,,2023-01,M,False,327,-0.538199342774255,丁卯,庚戌,乙巳,乙,木,1,食神|比肩|正官|正财|比肩|伤官,1,0,M_NEW_TARGET
2613280,"Preotu, Razvan",CAN,M,GM,,,,2478,17,10,1999,,True,2613280,1999-08-11,wikidata_exact_year_agrees,north,resolved_unique_birthplace,Q27530104,Q172,Toronto,43.67027778,-79.38666667,True,,2023-01,M,False,327,-0.538199342774255,己卯,壬申,乙未,乙,木,1,偏财|比肩|正印|正官|比肩|偏财,0,0,M_NEW_TARGET
1132717,"Klekowski, Maciej",POL,M,GM,,,,2477,0,10,1992,,True,1132717,1992-09-05,wikidata_exact_year_agrees,north,resolved_unique_birthplace,Q11765434,Q103217,Częstochowa,50.80964,19.12217,True,,2023-01,M,False,329,-0.5524696720005001,壬申,戊申,甲申,甲,木,-1,偏印|七杀|偏财|七杀|比肩|七杀,0,1,M_NEW_TARGET
24615137,"Poetsch, Hagen",GER,M,GM,,,,2477,9,10,1991,,True,24615137,1991-08-27,wikidata_exact_year_agrees,north,resolved_unique_birthplace,Q1568426,Q64,Berlin,52.51666667,13.38333333,True,,2023-01,M,False,329,-0.5524696720005001,辛未,丙申,己巳,己,土,-1,食神|比肩|正印|伤官|比肩|正印,1,0,M_NEW_TARGET
415804,"Wadsworth, Matthew J",ENG,M,IM,,,,2477,19,10,2000,,True,415804,2000-06-27,wikidata_exact_year_agrees,north,resolved_unique_birthplace,Q65515939,Q723329,Ascot,51.4084,-0.6707,True,,2023-01,M,False,329,-0.5524696720005001,庚辰,壬午,丙辰,丙,火,1,偏财|食神|七杀|劫财|比肩|食神,0,0,M_NEW_TARGET
2805340,"Khmelniker, Ilya",ISR,M,GM,,,,2476,0,10,1985,,True,2805340,1985-09-21,wikidata_exact_year_agrees,north,resolved_unique_birthplace,Q4498445,Q887,Yekaterinburg,56.83555556,60.61277778,True,,2023-01,M,False,332,-0.5667400012267453,乙丑,乙酉,癸亥,癸,水,-1,食神|七杀|食神|偏印|比肩|劫财,0,1,M_NEW_TARGET
2212943,"Lopez Martinez, Josep Manuel",ESP,M,GM,,,,2476,8,10,1980,,True,2212943,1980-04-24,wikidata_exact_year_agrees,north,resolved_unique_birthplace,Q3824526,Q1492,Barcelona,41.3825,2.17694444,True,,2023-01,M,False,332,-0.5667400012267453,庚申,庚辰,丁卯,丁,火,-1,正财|正财|正财|伤官|比肩|偏印,1,1,M_NEW_TARGET
3204405,"Ly, Moulthun",AUS,M,GM,,,,2476,0,10,1991,,True,3204405,1991-11-20,wikidata_exact_year_agrees,north,resolved_unique_birthplace,Q27527492,Q424,Cambodia,12.5,105.0,True,,2023-01,M,False,332,-0.5667400012267453,辛未,己亥,甲午,甲,木,-1,正官|正财|正财|偏印|比肩|伤官,1,1,M_NEW_TARGET
1701754,"Westerberg, Jonathan",SWE,M,GM,,,,2476,0,10,1994,,True,1701754,1994-02-25,wikidata_exact_year_agrees,north,resolved_unique_birthplace,Q25935633,Q34,Sweden,61.0,15.0,True,,2023-01,M,False,332,-0.5667400012267453,甲戌,丙寅,壬午,壬,水,1,食神|七杀|偏财|食神|比肩|正财,0,0,M_NEW_TARGET
611123,"Guidarelli, Laurent",FRA,M,GM,,,,2475,0,10,1981,,True,611123,1981-06-01,wikidata_exact_year_agrees,north,resolved_unique_birthplace,Q18238001,Q202560,Carpentras,44.055,5.04805556,True,,2023-01,M,False,336,-0.5810103304529904,辛酉,癸巳,庚戌,庚,金,-1,劫财|劫财|伤官|七杀|比肩|偏印,1,1,M_NEW_TARGET
1112848,"Jakubowski, Krzysztof",POL,M,GM,,,,2475,0,10,1983,,True,1112848,1983-09-23,wikidata_exact_year_agrees,north,resolved_unique_birthplace,Q2629681,Q215633,Łomża,53.18333333,22.08333333,True,,2023-01,M,False,336,-0.5810103304529904,癸亥,辛酉,甲寅,甲,木,-1,正印|偏印|正官|正官|比肩|比肩,0,1,M_NEW_TARGET
13300660,"Arzumanian, Georgy",ARM,M,GM,,,,2474,0,10,1980,,True,13300660,1980-08-16,wikidata_exact_year_agrees,north,resolved_unique_birthplace,Q983901,Q994,Tbilisi,41.7225,44.7925,True,,2023-01,M,False,338,-0.5952806596792355,庚申,甲申,辛酉,辛,金,1,劫财|劫财|正财|劫财|比肩|比肩,0,0,M_NEW_TARGET
5201381,"Gomez, John Paul",PHI,M,GM,,,,2474,9,10,1986,,True,5201381,1986-05-23,wikidata_exact_year_agrees,north,resolved_unique_birthplace,Q11727893,Q75961,Biñan,14.33333333,121.08333333,True,,2023-01,M,False,338,-0.5952806596792355,丙寅,癸巳,丁卯,丁,火,-1,劫财|正印|七杀|劫财|比肩|偏印,0,1,M_NEW_TARGET
1506536,"Notkevich, Benjamin Arvola",NOR,M,GM,,,,2474,0,10,1993,,True,1506536,1993-02-09,wikidata_exact_year_agrees,north,resolved_unique_birthplace,Q59912429,Q585,奥斯陆,59.91333333,10.73888889,True,,2023-01,M,False,338,-0.5952806596792355,癸酉,甲寅,辛酉,辛,金,1,食神|比肩|正财|正财|比肩|比肩,0,0,M_NEW_TARGET
696358,"Bellahcene, Bilel",ALG,M,GM,,,,2473,2,10,1998,,True,696358,1998-03-14,wikidata_exact_year_agrees,north,resolved_unique_birthplace,Q27523490,Q6602,Strasbourg,48.57333333,7.75222222,True,,2023-01,M,False,341,-0.6095509889054807,戊寅,乙卯,庚申,庚,金,-1,偏印|偏财|正财|正财|比肩|比肩,0,1,M_NEW_TARGET
25006711,"Chandra, Akshat",USA,M,GM,,,,2473,9,10,1999,,True,25006711,1999-05-28,wikidata_exact_year_agrees,north,resolved_unique_birthplace,Q22003609,Q987,New Delhi,28.61388889,77.20888889,True,,2023-01,M,False,341,-0.6095509889054807,己卯,己巳,庚辰,庚,金,-1,正印|正财|正印|七杀|比肩|偏印,0,1,M_NEW_TARGET
4600428,"Holzke, Frank",GER,M,GM,,,,2473,0,10,1971,,True,4600428,1971-07-08,wikidata_exact_year_agrees,north,resolved_unique_birthplace,Q95764,Q365,Cologne,50.94222222,6.95777778,True,,2023-01,M,False,341,-0.6095509889054807,辛亥,乙未,甲午,甲,木,-1,正官|偏印|劫财|正财|比肩|伤官,1,1,M_NEW_TARGET
4635248,"Bromberger, Stefan",GER,M,GM,,,,2472,0,10,1982,,True,4635248,1982-03-19,wikidata_exact_year_agrees,north,resolved_unique_birthplace,Q1586498,Q2948,Neuss,51.20027778,6.69388889,True,,2023-01,M,False,344,-0.6238213181317258,壬戌,癸卯,辛丑,辛,金,1,伤官|正印|食神|偏财|比肩|偏印,1,1,M_NEW_TARGET
12519278,"Mosadeghpour, Masoud",IRI,M,GM,,,,2472,1,10,1997,,True,12519278,1997-12-03,wikidata_exact_year_agrees,north,resolved_unique_birthplace,Q85974863,Q121157,Mashhad,36.29749444,59.60592306,True,,2023-01,M,False,344,-0.6238213181317258,丁丑,辛亥,己卯,己,土,-1,偏印|比肩|食神|正财|比肩|七杀,0,1,M_NEW_TARGET
4618920,"Richter, Michael",GER,M,GM,,,,2472,0,10,1978,,True,4618920,1978-07-20,wikidata_exact_year_agrees,north,resolved_unique_birthplace,Q1929026,Q64,Berlin,52.51666667,13.38333333,True,,2023-01,M,False,344,-0.6238213181317258,戊午,己未,癸未,癸,水,-1,正官|偏财|七杀|七杀|比肩|七杀,0,0,M_NEW_TARGET
5018137,"Ashwin, Jayaram",IND,M,GM,,,,2471,0,10,1990,,True,5018137,1990-08-14,wikidata_exact_year_agrees,north,resolved_unique_birthplace,Q27523192,Q588793,Aluva,10.1004,76.357,True,,2023-01,M,False,347,-0.638091647357971,庚午,甲申,辛亥,辛,金,1,劫财|七杀|正财|劫财|比肩|伤官,1,0,M_NEW_TARGET
6305881,"Firat, Burak",TUR,M,GM,,,,2471,10,10,1993,,True,6305881,1993-01-01,wikidata_exact_year_agrees,north,resolved_unique_birthplace,Q22826024,Q2279529,Konak,38.41894,27.12848,True,,2023-01,M,False,347,-0.638091647357971,壬申,壬子,壬午,壬,水,1,比肩|偏印|比肩|劫财|比肩|正财,0,1,M_NEW_TARGET
632023,"Delorme, Axel",FRA,M,GM,,,,2470,0,10,1990,,True,632023,1990-05-08,wikidata_exact_year_agrees,north,resolved_unique_birthplace,Q27524480,Q456,Lyon,45.7675,4.835,True,,2023-01,M,False,349,-0.652361976584216,庚午,辛巳,癸酉,癸,水,-1,正印|偏财|偏印|正财|比肩|偏印,0,2,M_NEW_TARGET
4601556,"Heinemann, Thies",GER,M,GM,,,,2470,0,10,1971,,True,4601556,1971-03-07,wikidata_exact_year_agrees,north,resolved_unique_birthplace,Q1569036,Q1055,Hamburg,53.55,10.0,True,,2023-01,M,False,349,-0.652361976584216,辛亥,辛卯,辛卯,辛,金,1,比肩|伤官|比肩|偏财|比肩|偏财,1,0,M_NEW_TARGET
4403940,"Rios, Cristhian Camilo",COL,M,GM,,FT,,2470,19,10,1993,,True,4403940,1993-04-09,wikidata_exact_year_agrees,north,resolved_unique_birthplace,Q27530743,Q1002577,Tuluá,4.08472222,-76.19861111,True,,2023-01,M,False,349,-0.652361976584216,癸酉,丙辰,庚申,庚,金,-1,伤官|劫财|七杀|偏印|比肩|比肩,1,1,M_NEW_TARGET
4617495,"Hausrath, Daniel",GER,M,GM,,,,2469,2,10,1976,,True,4617495,1976-04-08,wikidata_exact_year_agrees,north,resolved_unique_birthplace,Q1161064,Q2899,Mülheim an der Ruhr,51.4275,6.8825,True,,2023-01,M,False,352,-0.6666323058104612,丙辰,壬辰,庚寅,庚,金,-1,七杀|偏印|食神|偏印|比肩|偏财,0,2,M_NEW_TARGET
4646410,"Markgraf, Alexander",GER,M,IM,,,,2469,0,10,1981,,True,4646410,1981-08-17,wikidata_exact_year_agrees,north,resolved_unique_birthplace,Q1247059,Q3033,Göttingen,51.53388889,9.93555556,True,,2023-01,M,False,352,-0.6666323058104612,辛酉,丙申,丁卯,丁,火,-1,偏财|偏财|劫财|正财|比肩|偏印,0,1,M_NEW_TARGET
4126297,"Loginov, Valery A",RUS,M,GM,,,,2468,0,10,1955,,True,4126297,1955-12-13,wikidata_exact_year_agrees,north,resolved_unique_birthplace,Q2542149,Q2219,Syzran,53.16666667,48.46666667,True,,2023-01,M,False,354,-0.6809026350367063,乙未,戊子,戊申,戊,土,1,正官|劫财|比肩|正财|比肩|食神,0,0,M_NEW_TARGET
4646258,"Sprenger, Jan Michael, Dr.",GER,M,GM,,,,2468,0,10,1982,,True,4646258,1982-11-26,wikidata_exact_year_agrees,north,resolved_unique_birthplace,Q99230,Q365,Cologne,50.94222222,6.95777778,True,,2023-01,M,False,354,-0.6809026350367063,壬戌,辛亥,癸丑,癸,水,-1,劫财|正官|偏印|劫财|比肩|七杀,0,1,M_NEW_TARGET
681091,"Velten, Paul",FRA,M,GM,,,,2468,19,10,1993,,True,681091,1993-08-10,wikidata_exact_year_agrees,north,resolved_unique_birthplace,Q27533831,Q1858,Hanoi,21.0245,105.84117,True,,2023-01,M,False,354,-0.6809026350367063,癸酉,庚申,癸亥,癸,水,-1,比肩|偏印|正印|正印|比肩|劫财,0,1,M_NEW_TARGET
4151364,"Krylov, Mikhail",RUS,M,GM,,,,2467,0,10,1987,,True,4151364,1987-06-14,wikidata_exact_year_agrees,north,resolved_unique_birthplace,Q4242779,Q159,Russia,66.41666667,94.25,True,,2023-01,M,False,357,-0.6951729642629515,丁卯,丙午,甲午,甲,木,-1,伤官|劫财|食神|伤官|比肩|伤官,3,0,M_NEW_TARGET
2021722,"Molner, Mackenzie",USA,M,GM,,,,2467,11,10,1988,,True,2021722,1988-08-01,wikidata_exact_year_agrees,north,resolved_unique_birthplace,Q16677466,Q678437,Montclair,40.8244,-74.2123,True,,2023-01,M,False,357,-0.6951729642629515,戊辰,己未,戊子,戊,土,1,比肩|比肩|劫财|劫财|比肩|正财,0,0,M_NEW_TARGET
404454,"Williams, Simon K",ENG,M,GM,,,,2467,0,10,1979,,True,404454,1979-11-30,wikidata_exact_year_agrees,north,resolved_unique_birthplace,Q4470100,Q213465,Guildford,51.2354,-0.5746,True,,2023-01,M,False,357,-0.6951729642629515,己未,乙亥,辛丑,辛,金,1,偏印|偏印|偏财|伤官|比肩|偏印,1,3,M_NEW_TARGET
1036432,"Zwirs, Nico",NED,M,IM,,,,2467,10,10,1994,,True,1036432,1994-12-12,wikidata_exact_year_agrees,north,resolved_unique_birthplace,Q65465198,Q3018561,Apeldoorn,52.21,5.97,True,,2023-01,M,False,357,-0.6951729642629515,甲戌,丙子,壬申,壬,水,1,食神|七杀|偏财|劫财|比肩|偏印,0,1,M_NEW_TARGET
4630572,"Balcerak, Jakob",GER,M,IM,,,,2466,0,10,1979,,True,4630572,1979-08-01,wikidata_exact_year_agrees,north,resolved_unique_birthplace,Q1678900,Q1799,Wrocław,51.11,17.0325,True,,2023-01,M,False,361,-0.7094432934891967,己未,辛未,庚子,庚,金,-1,正印|正印|劫财|正印|比肩|伤官,1,0,M_NEW_TARGET
4900847,"Batchuluun, Tsegmed",MGL,M,GM,,,,2466,0,10,1987,,True,4900847,1987-02-04,wikidata_exact_year_agrees,north,resolved_unique_birthplace,Q15220811,Q23430,Ulaanbaatar,47.921357,106.905515,True,,2023-01,M,False,361,-0.7094432934891967,丁卯,壬寅,甲申,甲,木,-1,伤官|劫财|偏印|比肩|比肩|七杀,1,1,M_NEW_TARGET
13302639,"Hayrapetyan, Hovik",ARM,M,GM,,,,2466,10,10,1990,,True,13302639,1990-02-15,wikidata_exact_year_agrees,north,resolved_unique_birthplace,Q16166858,Q129352,Khankendi,39.81527778,46.75194444,True,,2023-01,M,False,361,-0.7094432934891967,庚午,戊寅,辛亥,辛,金,1,劫财|七杀|正印|正财|比肩|伤官,1,0,M_NEW_TARGET
1119125,"Kuzmicz, Krystian",POL,M,IM,,,,2466,0,10,1987,,True,1119125,1987-01-08,wikidata_exact_year_agrees,north,resolved_unique_birthplace,Q11748607,Q270,Warsaw,52.23,21.01111111,True,,2023-01,M,False,361,-0.7094432934891967,丙寅,辛丑,丁巳,丁,火,-1,劫财|正印|偏财|食神|比肩|劫财,0,0,M_NEW_TARGET
4129776,"Kim, Alexey",KOR,M,GM,,,,2465,0,10,1986,,True,4129776,1986-04-05,wikidata_exact_year_agrees,north,resolved_unique_birthplace,Q9146859,Q269,Tashkent,41.31111111,69.27972222,True,,2023-01,M,False,365,-0.7237136227154417,丙寅,壬辰,己卯,己,土,-1,正印|正官|正财|劫财|比肩|七杀,0,0,M_NEW_TARGET
15000605,"Nedev, Trajko",MKD,M,GM,,FST,,2465,0,10,1973,,True,15000605,1973-02-27,wikidata_exact_year_agrees,north,resolved_unique_birthplace,Q1371501,Q384,Skopje,41.99611111,21.43166667,True,,2023-01,M,False,365,-0.7237136227154417,癸丑,甲寅,甲午,甲,木,-1,正印|正财|比肩|比肩|比肩|伤官,1,0,M_NEW_TARGET
5201241,"Paragua, Mark",PHI,M,GM,,,,2465,0,10,1984,,True,5201241,1984-03-29,wikidata_exact_year_agrees,north,resolved_unique_birthplace,Q6769148,Q928,Philippines,12.0,123.0,True,,2023-01,M,False,365,-0.7237136227154417,甲子,丁卯,壬戌,壬,水,1,食神|劫财|正财|伤官|比肩|七杀,1,0,M_NEW_TARGET
13602250,"Quparadze, Giga",GEO,M,GM,,,,2465,8,10,1987,,True,13602250,1987-08-23,wikidata_exact_year_agrees,north,resolved_unique_birthplace,Q27530221,Q172415,Kutaisi,42.27166667,42.70555556,True,,2023-01,M,False,365,-0.7237136227154417,丁卯,戊申,甲辰,甲,木,-1,伤官|劫财|偏财|七杀|比肩|偏财,1,0,M_NEW_TARGET
14142317,"Baidetskyi, Valentin",UKR,M,IM,,,,2464,2,10,2002,,True,14142317,2002-10-06,wikidata_exact_year_agrees,north,resolved_unique_birthplace,Q65464909,Q212,Ukraine,49.0,32.0,True,,2023-01,M,False,369,-0.7379839519416869,壬午,己酉,丁未,丁,火,-1,正官|比肩|食神|偏财|比肩|食神,0,0,M_NEW_TARGET
1125893,"Gajek, Radoslaw",AUT,M,IM,,,,2464,0,10,1998,,True,1125893,1998-04-26,wikidata_exact_year_agrees,north,resolved_unique_birthplace,Q55972155,Q123511,Grudziądz,53.4875,18.755,True,,2023-01,M,False,369,-0.7379839519416869,戊寅,丙辰,癸卯,癸,水,-1,正官|伤官|正财|正官|比肩|食神,1,0,M_NEW_TARGET
2800659,"Zifroni, Dov",ISR,M,GM,,,,2464,0,10,1976,,True,2800659,1976-02-17,wikidata_exact_year_agrees,north,resolved_unique_birthplace,Q358103,Q152491,Herzliya,32.15555556,34.84222222,True,,2023-01,M,False,369,-0.7379839519416869,丙辰,庚寅,己亥,己,土,-1,正印|劫财|伤官|正官|比肩|正财,1,0,M_NEW_TARGET
2212501,"Fluvia Poyatos, Joan",ESP,M,IM,,,,2463,0,10,1982,,True,2212501,1982-05-20,wikidata_exact_year_agrees,north,resolved_unique_birthplace,Q5931414,Q12596,Tordera,41.70083333,2.72,True,,2023-01,M,False,372,-0.752254281167932,壬戌,乙巳,癸卯,癸,水,-1,劫财|正官|食神|正财|比肩|食神,0,0,M_NEW_TARGET
25002112,"Rathanvel, V S",IND,M,IM,,,,2463,0,10,2001,,True,25002112,2001-04-04,wikidata_exact_year_agrees,north,resolved_unique_birthplace,Q27530531,Q9885,Coimbatore,11.00083333,76.96333333,True,,2023-01,M,False,372,-0.752254281167932,辛巳,辛卯,丁酉,丁,火,-1,偏财|劫财|偏财|偏印|比肩|偏财,0,1,M_NEW_TARGET
12908088,"Vogel, Roven",GER,M,IM,,,,2463,0,10,2000,,True,12908088,2000-07-17,wikidata_exact_year_agrees,north,resolved_unique_birthplace,Q27533958,Q12056,Oschatz,51.30027778,13.10722222,True,,2023-01,M,False,372,-0.752254281167932,庚辰,癸未,丙子,丙,火,1,偏财|食神|正官|伤官|比肩|正官,1,0,M_NEW_TARGET
3518388,"Fernandez De La Vara, Arnaldo",CUB,M,IM,,,,2462,0,10,1999,,True,3518388,1999-12-22,wikidata_exact_year_agrees,north,resolved_unique_birthplace,Q27524976,Q244154,Holguin,20.88722222,-76.26305556,True,,2023-01,M,False,375,-0.7665246103941772,己卯,丙子,戊申,戊,土,1,劫财|正官|偏印|正财|比肩|食神,0,1,M_NEW_TARGET
1706993,"Semcesen, Daniel",SWE,M,GM,,,,2462,0,10,1986,,True,1706993,1986-08-17,wikidata_exact_year_agrees,north,resolved_unique_birthplace,Q16334608,Q34,Sweden,61.0,15.0,True,,2023-01,M,False,375,-0.7665246103941772,丙寅,丙申,癸巳,癸,水,-1,正财|伤官|正财|正印|比肩|正财,1,0,M_NEW_TARGET
24624322,"Zelbel, Patrick",GER,M,IM,,,,2461,1,10,1993,,True,24624322,1993-05-08,wikidata_exact_year_agrees,north,resolved_unique_birthplace,Q1664270,Q1295,Dortmund,51.51388889,7.46527778,True,,2023-01,M,False,377,-0.7807949396204222,癸酉,丁巳,己丑,己,土,-1,偏财|食神|偏印|正印|比肩|比肩,0,1,M_NEW_TARGET
4120213,"Belozerov, Andrei",RUS,M,GM,,,,2460,0,10,1977,,True,4120213,1977-06-17,wikidata_exact_year_agrees,north,resolved_unique_birthplace,Q4082477,Q976,Tomsk,56.48861111,84.95222222,True,,2023-01,M,False,378,-0.7950652688466674,丁巳,丙午,乙巳,乙,木,1,食神|伤官|伤官|食神|比肩|伤官,3,0,M_NEW_TARGET
305421,"Kalod, Radek",CZE,M,GM,,,,2460,0,10,1978,,True,305421,1978-08-08,wikidata_exact_year_agrees,north,resolved_unique_birthplace,Q2125544,Q14960,Brno,49.19527778,16.60833333,True,,2023-01,M,False,378,-0.7950652688466674,戊午,庚申,壬寅,壬,水,1,七杀|正财|偏印|偏印|比肩|食神,0,2,M_NEW_TARGET
4662997,"Rotstein, Arkadij",GER,M,GM,,,,2460,0,10,1961,,True,4662997,1961-04-29,wikidata_exact_year_agrees,north,resolved_unique_birthplace,Q442846,Q36036,Lviv,49.838055;49.841952,24.023055;24.0315921,True,,2023-01,M,False,378,-0.7950652688466674,辛丑,壬辰,壬辰,壬,水,1,正印|正官|比肩|七杀|比肩|七杀,0,0,M_NEW_TARGET
4400704,"Ruiz Castillo, Joshua Daniel",COL,M,GM,,,,2460,0,10,1997,,True,4400704,1997-07-08,wikidata_exact_year_agrees,north,resolved_unique_birthplace,Q27530930,Q2841,Bogotá,4.60971,-74.08175,True,,2023-01,M,False,378,-0.7950652688466674,丁丑,丁未,辛亥,辛,金,1,七杀|偏印|七杀|偏印|比肩|伤官,1,2,M_NEW_TARGET
1119966,"Stachowiak, Kamil",POL,M,IM,,,,2460,1,10,1986,,True,1119966,1986-07-12,wikidata_exact_year_agrees,north,resolved_unique_birthplace,Q14469068,Q1799,Wrocław,51.11,17.0325,True,,2023-01,M,False,378,-0.7950652688466674,丙寅,乙未,丁巳,丁,火,-1,劫财|正印|偏印|食神|比肩|劫财,0,1,M_NEW_TARGET
13709810,"Urazayev, Arystanbek",KAZ,M,IM,,,,2460,13,10,1998,,True,13709810,1998-04-08,wikidata_exact_year_agrees,north,resolved_unique_birthplace,Q27533566,Q477232,Aktobe,50.28361111,57.22972222,True,,2023-01,M,False,378,-0.7950652688466674,戊寅,丙辰,乙酉,乙,木,1,正财|劫财|伤官|正财|比肩|七杀,1,0,M_NEW_TARGET
4400801,"Escobar Forero, Alder",COL,M,GM,,,,2459,16,10,1977,,True,4400801,1977-03-11,wikidata_exact_year_agrees,north,resolved_unique_birthplace,Q18280463,Q739,Colombia,4.0,-73.25,True,,2023-01,M,False,384,-0.8093355980729126,丁巳,癸卯,丁卯,丁,火,-1,比肩|劫财|七杀|偏印|比肩|偏印,0,2,M_NEW_TARGET
1516647,"Kaasen, Tor Fredrik",NOR,M,IM,,,,2459,19,10,2002,,True,1516647,2002-07-15,wikidata_exact_year_agrees,north,resolved_unique_birthplace,Q108444378,Q109021,Moss Municipality,59.43403,10.65771,True,,2023-01,M,False,384,-0.8093355980729126,壬午,丁未,甲申,甲,木,-1,偏印|伤官|伤官|正财|比肩|七杀,2,1,M_NEW_TARGET
35007394,Raja Rithvik R,IND,M,GM,,,,2459,10,10,2004,,True,35007394,2004-05-04,wikidata_exact_year_agrees,north,resolved_unique_birthplace,Q57418584,Q1361,Hyderabad,17.36166667,78.47472222,True,,2023-01,M,False,384,-0.8093355980729126,甲申,戊辰,癸未,癸,水,-1,伤官|正印|正官|正官|比肩|七杀,1,0,M_NEW_TARGET
14100487,"Sulypa, Oleksandr",UKR,M,GM,,,,2459,0,10,1972,,True,14100487,1972-06-03,wikidata_exact_year_agrees,north,resolved_unique_birthplace,Q4445754,Q36036,Lviv,49.838055;49.841952,24.023055;24.0315921,True,,2023-01,M,False,384,-0.8093355980729126,壬子,乙巳,乙丑,乙,木,1,正印|偏印|比肩|伤官|比肩|偏财,1,1,M_NEW_TARGET
2261090,"Vila Gazquez, Xavier",ESP,M,GM,,,,2459,0,10,1990,,True,2261090,1990-03-08,wikidata_exact_year_agrees,north,multiple_birthplaces_same_hemisphere,Q557787,Q15088;Q669570,Santa Coloma de Queralt;Tarragona,41.1175;41.532435,1.25277778;1.383852,True,,2023-01,M,False,384,-0.8093355980729126,庚午,己卯,壬申,壬,水,1,偏印|正财|正官|伤官|比肩|偏印,1,2,M_NEW_TARGET
1705814,"Carlsson, Pontus",SWE,M,GM,,,,2458,0,10,1982,,True,1705814,1982-12-18,wikidata_exact_year_agrees,north,resolved_unique_birthplace,Q730478,Q51103,Cali,3.44,-76.51972222,True,,2023-01,M,False,389,-0.8236059272991577,壬戌,壬子,乙亥,乙,木,1,正印|正财|正印|偏印|比肩|正印,0,1,M_NEW_TARGET
3902463,"Gascon Del Nogal, Jose Rafael",VEN,M,GM,,FT,,2458,0,10,1995,,True,3902463,1995-05-23,wikidata_exact_year_agrees,north,resolved_unique_birthplace,Q27525207,Q1533,Caracas,10.50611111,-66.91444444,True,,2023-01,M,False,389,-0.8236059272991577,乙亥,辛巳,甲寅,甲,木,-1,劫财|偏印|正官|食神|比肩|比肩,0,1,M_NEW_TARGET
5101174,"Gonzalez Garcia, Jose",ESP,M,GM,,,,2458,0,10,1973,,True,5101174,1973-08-12,wikidata_exact_year_agrees,north,resolved_unique_birthplace,Q4143132,Q2807,Madrid,40.41694444,-3.70333333,True,,2023-01,M,False,389,-0.8236059272991577,癸丑,庚申,庚辰,庚,金,-1,伤官|正印|比肩|比肩|比肩|偏印,1,1,M_NEW_TARGET
812633,"Shytaj, Iart Luca",ITA,M,GM,,,,2458,0,10,1986,,True,812633,1986-02-03,wikidata_exact_year_agrees,north,resolved_unique_birthplace,Q27531982,Q19689,Tirana,41.32833333,19.81805556,True,,2023-01,M,False,389,-0.8236059272991577,乙丑,己丑,戊寅,戊,土,1,正官|劫财|劫财|劫财|比肩|七杀,0,0,M_NEW_TARGET
14000571,"Atabayev, Saparmyrat",TKM,M,IM,,,,2457,0,10,1999,,True,14000571,1999-05-30,wikidata_exact_year_agrees,north,multiple_birthplaces_same_hemisphere,Q27523210,Q23438;Q47045335,Ashgabat;Saparmyrat Türkmenbaşy,37.95;42.38333333,58.38333333;58.8,True,,2023-01,M,False,393,-0.8378762565254029,己卯,己巳,壬午,壬,水,1,正官|伤官|正官|偏财|比肩|正财,1,0,M_NEW_TARGET
5011132,Deepan Chakkravarthy J.,IND,M,GM,,,,2457,0,10,1987,,True,5011132,1987-06-03,wikidata_exact_year_agrees,north,resolved_unique_birthplace,Q5068363,Q228405,Madurai,9.91966111,78.11939444,True,,2023-01,M,False,393,-0.8378762565254029,丁卯,乙巳,癸未,癸,水,-1,偏财|食神|食神|正财|比肩|七杀,0,0,M_NEW_TARGET
24661490,"Grigorian, Spartak",GER,M,IM,,,,2457,0,10,1998,,True,24661490,1998-04-21,wikidata_exact_year_agrees,north,resolved_unique_birthplace,Q106907560,Q3907,Delmenhorst,53.05055556,8.63166667,True,,2023-01,M,False,393,-0.8378762565254029,戊寅,丙辰,戊戌,戊,土,1,比肩|七杀|偏印|比肩|比肩|比肩,0,1,M_NEW_TARGET
4122160,"Hasangatin, Ramil",RUS,M,GM,,,,2457,0,10,1972,,True,4122160,1972-07-01,wikidata_exact_year_agrees,north,resolved_unique_birthplace,Q4496413,Q900,Kazan,55.79083333,49.11444444,True,,2023-01,M,False,393,-0.8378762565254029,壬子,丙午,癸巳,癸,水,-1,劫财|比肩|正财|偏财|比肩|正财,0,0,M_NEW_TARGET
1179250,"Licznerski, Lukasz",POL,M,IM,,,,2457,9,10,1995,,True,1179250,1995-03-28,wikidata_exact_year_agrees,north,resolved_unique_birthplace,Q15939101,Q41252,Bydgoszcz,53.11666667,18.0,True,,2023-01,M,False,393,-0.8378762565254029,乙亥,己卯,戊午,戊,土,1,正官|偏财|劫财|正官|比肩|正印,0,0,M_NEW_TARGET
2901773,"Petrov, Marian",BUL,M,GM,,FT,,2457,0,10,1975,,True,2901773,1975-09-14,wikidata_exact_year_agrees,north,resolved_unique_birthplace,Q3657819,Q173474,Veliko Tarnovo,43.078652,25.628291,True,,2023-01,M,False,393,-0.8378762565254029,乙卯,乙酉,癸亥,癸,水,-1,食神|食神|食神|偏印|比肩|劫财,0,1,M_NEW_TARGET
2501198,"Collins, Sam E.",IRL,M,IM,,,,2456,1,10,1982,,True,2501198,1982-09-05,wikidata_exact_year_agrees,north,resolved_unique_birthplace,Q20853588,Q1761,Dublin,53.34972222,-6.26027778,True,,2023-01,M,False,399,-0.8521465857516479,壬戌,戊申,辛卯,辛,金,1,伤官|正印|正印|劫财|比肩|偏财,1,0,M_NEW_TARGET
5800706,"Goh, Wei Ming Kevin",SGP,M,GM,,FT,,2456,10,10,1983,,True,5800706,1983-07-07,wikidata_exact_year_agrees,north,resolved_unique_birthplace,Q16222195,Q334,Singapore,1.3,103.8,True,,2023-01,M,False,399,-0.8521465857516479,癸亥,戊午,丙申,丙,火,1,正官|七杀|食神|劫财|比肩|偏财,0,0,M_NEW_TARGET
448869,"Royal, Shreyas",ENG,M,IM,,,,2456,9,10,2009,,True,448869,2009-01-09,wikidata_exact_year_agrees,north,resolved_unique_birthplace,Q108394449,Q1355,Bengaluru,12.9791198,77.5912997,True,,2023-01,M,False,399,-0.8521465857516479,戊子,乙丑,甲寅,甲,木,-1,偏财|正印|劫财|正财|比肩|比肩,0,0,M_NEW_TARGET
1401815,"Aagaard, Jacob",SCO,M,GM,,,,2455,1,10,1973,,True,1401815,1973-07-31,wikidata_exact_year_agrees,north,resolved_unique_birthplace,Q276818,Q20835,Hørsholm,55.87861111,12.49916667,True,,2023-01,M,False,402,-0.8664169149778931,癸丑,己未,戊辰,戊,土,1,正财|劫财|劫财|劫财|比肩|比肩,0,0,M_NEW_TARGET
3508455,"Aguero Jimenez, Luis Lazaro",CUB,M,GM,,,,2455,20,10,1991,,True,3508455,1991-01-05,wikidata_exact_year_agrees,north,resolved_unique_birthplace,Q27522848,Q1563,Havana,23.13666667,-82.35888889,True,,2023-01,M,False,402,-0.8664169149778931,庚午,戊子,乙亥,乙,木,1,正官|食神|正财|偏印|比肩|正印,0,1,M_NEW_TARGET
1124480,"Brodowski, Piotr",POL,M,IM,,,,2455,0,10,1989,,True,1124480,1989-02-18,wikidata_exact_year_agrees,north,resolved_unique_birthplace,Q11817329,Q66013,Głogów,51.65888889,16.08027778,True,,2023-01,M,False,402,-0.8664169149778931,己巳,丙寅,己酉,己,土,-1,比肩|正印|正印|正官|比肩|食神,0,0,M_NEW_TARGET
1160664,"Jarmula, Lukasz",POL,M,GM,,,,2455,7,10,1998,,True,1160664,1998-11-10,wikidata_exact_year_agrees,north,resolved_unique_birthplace,Q27526087,Q270,Warsaw,52.23,21.01111111,True,,2023-01,M,False,402,-0.8664169149778931,戊寅,癸亥,辛酉,辛,金,1,正印|正财|食神|伤官|比肩|比肩,1,0,M_NEW_TARGET
14602385,"Mikhalchishin, Adrian",SLO,M,GM,,,,2455,0,10,1954,,True,14602385,1954-11-18,wikidata_exact_year_agrees,north,resolved_unique_birthplace,Q373570,Q36036,Lviv,49.838055;49.841952,24.023055;24.0315921,True,,2023-01,M,False,402,-0.8664169149778931,甲午,乙亥,戊寅,戊,土,1,七杀|正印|正官|偏财|比肩|七杀,0,0,M_NEW_TARGET
8610550,"Peng, Xiongjian",CHN,M,,,,,2455,0,10,2000,,True,8610550,2000-05-20,wikidata_exact_year_agrees,north,resolved_unique_birthplace,Q27529725,Q425415,Panzhihua,26.58487,101.71487,True,,2023-01,M,False,402,-0.8664169149778931,庚辰,辛巳,戊寅,戊,土,1,食神|比肩|伤官|偏印|比肩|七杀,1,1,M_NEW_TARGET
14104954,"Bagrationi, Alexander",ISR,M,GM,,,,2454,0,10,1990,,True,14104954,1990-07-13,wikidata_exact_year_agrees,north,resolved_unique_birthplace,Q19613364,Q156743,Ternopil,49.56666667,25.6,True,,2023-01,M,False,408,-0.8806872442041382,庚午,癸未,己卯,己,土,-1,伤官|偏印|偏财|比肩|比肩|七杀,1,1,M_NEW_TARGET
44507356,"Gurel, Ediz",TUR,M,IM,,,,2454,0,10,2008,,True,44507356,2008-12-05,wikidata_exact_year_agrees,north,resolved_unique_birthplace,Q108328207,Q40738,Bursa,40.19133056,29.08053889,True,,2023-01,M,False,408,-0.8806872442041382,戊子,癸亥,己卯,己,土,-1,劫财|偏财|偏财|正财|比肩|七杀,0,0,M_NEW_TARGET
303224,"Jirovsky, Milos",CZE,M,GM,,,,2454,1,10,1974,,True,303224,1974-03-17,wikidata_exact_year_agrees,north,resolved_unique_birthplace,Q1935746,Q470369,Kolín,50.02819399,15.20063375,True,,2023-01,M,False,408,-0.8806872442041382,甲寅,丁卯,丁巳,丁,火,-1,正印|正印|比肩|偏印|比肩|劫财,0,1,M_NEW_TARGET
13707833,"Suleymenov, Alisher",KAZ,M,IM,,,,2454,13,10,2000,,True,13707833,2000-08-05,wikidata_exact_year_agrees,north,resolved_unique_birthplace,Q62056195,Q486282,Pavlodar,52.31555556,76.95638889,True,,2023-01,M,False,408,-0.8806872442041382,庚辰,癸未,乙未,乙,木,1,正官|正财|偏印|偏财|比肩|偏财,0,1,M_NEW_TARGET
916412,"Tadic, Branko",SRB,M,GM,,,,2454,0,10,1973,,True,916412,1973-10-04,wikidata_exact_year_agrees,north,resolved_unique_birthplace,Q16704151,Q3711,Belgrade,44.81777778,20.45694444,True,,2023-01,M,False,408,-0.8806872442041382,癸丑,辛酉,癸酉,癸,水,-1,比肩|七杀|偏印|偏印|比肩|偏印,0,3,M_NEW_TARGET
13301250,"Kotanjian, Tigran",ARM,M,GM,,,,2453,0,10,1981,,True,13301250,1981-09-01,wikidata_exact_year_agrees,north,resolved_unique_birthplace,Q2008484,Q1953,Yerevan,40.18138889,44.51444444,True,,2023-01,M,False,413,-0.8949575734303834,辛酉,丙申,壬午,壬,水,1,正印|正印|偏财|偏印|比肩|正财,0,1,M_NEW_TARGET
13904680,"Macovei, Andrei",MDA,M,IM,,,,2453,18,10,2000,,True,13904680,2000-01-05,wikidata_exact_year_agrees,north,resolved_unique_birthplace,Q27527525,Q21197,Chișinău,47.02277778,28.83527778,True,,2023-01,M,False,413,-0.8949575734303834,己卯,丙子,壬戌,壬,水,1,正官|伤官|偏财|劫财|比肩|七杀,1,0,M_NEW_TARGET
2907127,"Arnaudov, G. Petar",BUL,M,GM,,,,2452,0,10,1986,,True,2907127,1986-08-08,wikidata_exact_year_agrees,north,resolved_unique_birthplace,Q15980109,Q459,Plovdiv,42.142086,24.741454,True,,2023-01,M,False,415,-0.9092279026566285,丙寅,丙申,甲申,甲,木,-1,食神|比肩|食神|七杀|比肩|七杀,0,0,M_NEW_TARGET
44599790,"Erdogmus, Yagiz Kaan",TUR,M,IM,,,,2452,10,10,2011,,True,44599790,2011-06-03,wikidata_exact_year_agrees,north,resolved_unique_birthplace,Q83732440,Q40738,Bursa,40.19133056,29.08053889,True,,2023-01,M,False,415,-0.9092279026566285,辛卯,癸巳,己丑,己,土,-1,食神|七杀|偏财|正印|比肩|比肩,0,0,M_NEW_TARGET
14102803,"Fish, Gennadij",GER,M,GM,,,,2452,0,10,1973,,True,14102803,1973-04-20,wikidata_exact_year_agrees,north,resolved_unique_birthplace,Q119806,Q19566,Simferopol,44.948376,34.100039,True,,2023-01,M,False,415,-0.9092279026566285,癸丑,丙辰,丙戌,丙,火,1,正官|伤官|比肩|食神|比肩|食神,1,0,M_NEW_TARGET
3507408,"Alvarez Pedraza, Aramis",CUB,M,GM,,,,2451,0,10,1988,,True,3507408,1988-07-27,wikidata_exact_year_agrees,north,resolved_unique_birthplace,Q473141,Q211590,Santa Clara,22.40666667,-79.95305556,True,,2023-01,M,False,418,-0.9234982318828736,戊辰,己未,癸未,癸,水,-1,正官|正官|七杀|七杀|比肩|七杀,0,0,M_NEW_TARGET
2300699,"Gretarsson, Helgi Ass",ISL,M,GM,,,,2451,0,10,1977,,True,2300699,1977-02-18,wikidata_exact_year_agrees,north,resolved_unique_birthplace,Q913136,Q1764,Reykjavík,64.1475,-21.935,True,,2023-01,M,False,418,-0.9234982318828736,丁巳,壬寅,丙午,丙,火,1,劫财|比肩|七杀|偏印|比肩|劫财,0,1,M_NEW_TARGET
400319,"Clarke, Brandon G I",ENG,M,IM,,,,2450,18,10,1995,,True,400319,1995-12-14,wikidata_exact_year_agrees,north,multiple_birthplaces_same_hemisphere,Q62060283,Q23106;Q83065,Leicester;Leicestershire,52.63611111;52.71666667,-1.18333333;-1.13305556,True,,2023-01,M,False,420,-0.9377685611091188,乙亥,戊子,己卯,己,土,-1,七杀|正财|劫财|偏财|比肩|七杀,0,0,M_NEW_TARGET
406465,"Gormally, Daniel W",ENG,M,GM,,,,2450,0,10,1976,,True,406465,1976-05-04,wikidata_exact_year_agrees,north,resolved_unique_birthplace,Q2184474,Q25287,Gothenburg,57.7075,11.9675,True,,2023-01,M,False,420,-0.9377685611091188,丙辰,壬辰,丙辰,丙,火,1,比肩|食神|七杀|食神|比肩|食神,0,0,M_NEW_TARGET
14202131,"Nigmatov, Ortik",UZB,M,IM,,,,2450,19,10,2000,,True,14202131,2000-10-03,wikidata_exact_year_agrees,north,resolved_unique_birthplace,Q27528859,Q265,Uzbekistan,41.0,66.0,True,,2023-01,M,False,420,-0.9377685611091188,庚辰,乙酉,甲午,甲,木,-1,七杀|偏财|劫财|正官|比肩|伤官,1,0,M_NEW_TARGET
1512633,"Haldorsen, Benjamin",NOR,M,IM,,,,2449,0,10,1999,,True,1512633,1999-04-04,wikidata_exact_year_agrees,north,resolved_unique_birthplace,Q59081994,Q26793,Bergen,60.3925,5.32333333,True,,2023-01,M,False,423,-0.952038890335364,己卯,丁卯,丙戌,丙,火,1,伤官|正印|劫财|正印|比肩|食神,1,0,M_NEW_TARGET
4650905,"Levin, Felix",GER,M,GM,,,,2449,1,10,1958,,True,4650905,1958-11-05,wikidata_exact_year_agrees,north,resolved_unique_birthplace,Q76108,Q36036,Lviv,49.838055;49.841952,24.023055;24.0315921,True,,2023-01,M,False,423,-0.952038890335364,戊戌,壬戌,丙戌,丙,火,1,食神|食神|七杀|食神|比肩|食神,0,0,M_NEW_TARGET
607274,"Marcelin, Cyril",FRA,M,GM,,,,2449,0,10,1979,,True,607274,1979-05-16,wikidata_exact_year_agrees,north,resolved_unique_birthplace,Q3009033,Q193929,Suresnes,48.87111111,2.22694444,True,,2023-01,M,False,423,-0.952038890335364,己未,己巳,癸未,癸,水,-1,七杀|七杀|七杀|正财|比肩|七杀,0,0,M_NEW_TARGET
12942839,"Pajeken, Jakob Leon",GER,M,IM,,,,2449,1,10,2003,,True,12942839,2003-12-12,wikidata_exact_year_agrees,north,resolved_unique_birthplace,Q62053907,Q1055,Hamburg,53.55,10.0,True,,2023-01,M,False,423,-0.952038890335364,癸未,甲子,己未,己,土,-1,偏财|比肩|正官|偏财|比肩|比肩,0,0,M_NEW_TARGET
3508684,"Sanchez Alvarez, Roberto Carlos",PAN,M,IM,,,,2449,19,10,1987,,True,3508684,1987-01-29,wikidata_exact_year_agrees,north,resolved_unique_birthplace,Q27531151,Q115465,Ciego de Ávila,21.84805556,-78.76305556,True,,2023-01,M,False,423,-0.952038890335364,丙寅,辛丑,戊寅,戊,土,1,偏印|七杀|伤官|劫财|比肩|七杀,1,1,M_NEW_TARGET
827061,"Stella, Andrea",ITA,M,GM,,,,2449,0,10,1993,,True,827061,1993-08-14,wikidata_exact_year_agrees,north,resolved_unique_birthplace,Q27532745,Q6231,Cremona,45.13333333,10.02472222,True,,2023-01,M,False,423,-0.952038890335364,癸酉,庚申,丁卯,丁,火,-1,七杀|偏财|正财|正财|比肩|偏印,0,1,M_NEW_TARGET
4501950,"Volodin, Aleksandr",EST,M,GM,,,,2449,9,10,1990,,True,4501950,1990-12-10,wikidata_exact_year_agrees,north,resolved_unique_birthplace,Q920337,Q201391,Kohtla-Järve,59.4,27.28333333,True,,2023-01,M,False,423,-0.952038890335364,庚午,戊子,己酉,己,土,-1,伤官|偏印|劫财|偏财|比肩|食神,1,1,M_NEW_TARGET
6304990,"Kanmazalp, Ogulcan",TUR,M,IM,,,,2448,0,10,1992,,True,6304990,1992-07-22,wikidata_exact_year_agrees,north,multiple_birthplaces_same_hemisphere,Q16225547,Q35997;Q43,Turkey;İzmir,38.41273;39.0,27.13838;36.0,True,,2023-01,M,False,430,-0.9663092195616092,壬申,丁未,己亥,己,土,-1,正财|伤官|偏印|比肩|比肩|正财,1,1,M_NEW_TARGET
922692,"Stojanovic, Dalibor",BIH,M,GM,,FT,,2448,7,10,1983,,True,922692,1983-12-09,wikidata_exact_year_agrees,north,resolved_unique_birthplace,Q4443235,Q174684,Tuzla,44.5391105,18.675193,True,,2023-01,M,False,430,-0.9663092195616092,癸亥,甲子,辛未,辛,金,1,食神|伤官|正财|食神|比肩|偏印,1,1,M_NEW_TARGET
5105048,"Ibarra Chami, Luis Fernando",MEX,M,GM,,,,2447,9,10,1989,,True,5105048,1989-05-15,wikidata_exact_year_agrees,north,resolved_unique_birthplace,Q27525922,Q165204,Mérida,20.97,-89.62,True,,2023-01,M,False,432,-0.980579548787854,己巳,己巳,乙亥,乙,木,1,偏财|伤官|偏财|伤官|比肩|正印,2,0,M_NEW_TARGET
2604922,"Noritsyn, Nikolay",CAN,M,IM,,,,2447,5,10,1991,,True,2604922,1991-05-28,wikidata_exact_year_agrees,north,resolved_unique_birthplace,Q16225611,Q1829,Kaliningrad,54.71666667,20.5,True,,2023-01,M,False,432,-0.980579548787854,辛未,癸巳,戊戌,戊,土,1,伤官|劫财|正财|偏印|比肩|比肩,1,1,M_NEW_TARGET
13708309,"Agmanov, Zhandos",KAZ,M,IM,,,,2446,13,10,2000,,True,13708309,2000-01-25,wikidata_exact_year_agrees,north,resolved_unique_birthplace,Q27522844,Q485496,Shymkent,42.3,69.6,True,,2023-01,M,False,434,-0.9948498780140992,己卯,丁丑,壬午,壬,水,1,正官|伤官|正财|正官|比肩|正财,1,0,M_NEW_TARGET
717274,"Flumbort, Andras Dr.",HUN,M,GM,,,,2446,2,10,1984,,True,717274,1984-08-17,wikidata_exact_year_agrees,north,resolved_unique_birthplace,Q515979,Q14424,Nagykanizsa,46.45583333,16.9975,True,,2023-01,M,False,434,-0.9948498780140992,甲子,壬申,癸未,癸,水,-1,伤官|比肩|劫财|正印|比肩|七杀,1,0,M_NEW_TARGET
1271703,"Krassowizkij, Jaroslaw",GER,M,IM,,FT,,2446,0,10,1992,,True,1271703,1992-06-08,wikidata_exact_year_agrees,north,resolved_unique_birthplace,Q27526852,Q19566,Simferopol,44.948376,34.100039,True,,2023-01,M,False,434,-0.9948498780140992,壬申,丙午,乙卯,乙,木,1,正印|正官|伤官|食神|比肩|比肩,1,0,M_NEW_TARGET
30953499,"Woodward, Andy",USA,M,IM,,,,2446,27,10,2010,,True,30953499,2010-05-02,wikidata_exact_year_agrees,north,resolved_unique_birthplace,Q109386679,Q128269,Frisco,33.1414,-96.8131,True,,2023-01,M,False,434,-0.9948498780140992,庚寅,庚辰,壬子,壬,水,1,偏印|食神|偏印|七杀|比肩|劫财,0,2,M_NEW_TARGET
1612468,"Diermair, Andreas",AUT,M,GM,,,,2445,1,10,1986,,True,1612468,1986-09-29,wikidata_exact_year_agrees,north,resolved_unique_birthplace,Q15783291,Q573106,Deutschlandsberg,46.81611111,15.215,True,,2023-01,M,False,438,-1.0091202072403445,丙寅,丁酉,丙子,丙,火,1,比肩|偏印|劫财|正财|比肩|正官,0,1,M_NEW_TARGET
2907712,"Enchev, Ivajlo",BUL,M,GM,,,,2444,0,10,1989,,True,2907712,1989-09-05,wikidata_exact_year_agrees,north,resolved_unique_birthplace,Q27524828,Q189650,Razgrad,43.540895,26.528818,True,,2023-01,M,False,439,-1.0233905364665896,己巳,壬申,戊辰,戊,土,1,劫财|偏印|偏财|食神|比肩|比肩,0,1,M_NEW_TARGET
1303422,"Gallagher, Joseph G.",SUI,M,GM,,,,2444,4,10,1964,,True,1303422,1964-05-04,wikidata_exact_year_agrees,north,resolved_unique_birthplace,Q685117,Q84,London,51.50722222,-0.1275,True,,2023-01,M,False,439,-1.0233905364665896,甲辰,戊辰,癸丑,癸,水,-1,伤官|正官|正官|正官|比肩|七杀,1,0,M_NEW_TARGET
13503758,"Stupak, Kirill",BLR,M,GM,,,,2444,9,10,1990,,True,13503758,1990-03-16,wikidata_exact_year_agrees,north,resolved_unique_birthplace,Q551687,Q2280,Minsk,53.902246,27.561837,True,,2023-01,M,False,439,-1.0233905364665896,庚午,己卯,庚辰,庚,金,-1,比肩|正官|正印|正财|比肩|偏印,0,1,M_NEW_TARGET
2903237,"Todorov, Todor",BEL,M,GM,,,,2444,0,10,1974,,True,2903237,1974-11-08,wikidata_exact_year_agrees,north,resolved_unique_birthplace,Q4459345,Q6506,Varna,43.211375,27.91108,True,,2023-01,M,False,439,-1.0233905364665896,甲寅,乙亥,癸丑,癸,水,-1,伤官|伤官|食神|劫财|比肩|七杀,2,0,M_NEW_TARGET
24692050,"Carow, Johannes",GER,M,IM,,,,2443,0,10,1996,,True,24692050,1996-04-07,wikidata_exact_year_agrees,north,resolved_unique_birthplace,Q27524064,Q1720,Mainz,49.99944444,8.27361111,True,,2023-01,M,False,443,-1.0376608656928348,丙子,壬辰,甲戌,甲,木,-1,食神|正印|偏印|偏财|比肩|偏财,0,1,M_NEW_TARGET
2268795,"Huerga Leache, Mikel",ESP,M,GM,,FT,,2443,0,10,1989,,True,2268795,1989-12-22,wikidata_exact_year_agrees,north,resolved_unique_birthplace,Q21001270,Q10282,Pamplona,42.81666667,-1.65,True,,2023-01,M,False,443,-1.0376608656928348,己巳,丙子,丙辰,丙,火,1,伤官|比肩|比肩|正官|比肩|食神,1,0,M_NEW_TARGET
1709569,"Lokander, Martin",SWE,M,IM,,,,2443,0,10,1996,,True,1709569,1996-06-08,wikidata_exact_year_agrees,north,resolved_unique_birthplace,Q27527383,Q1754,Stockholm,59.32944444,18.06861111,True,,2023-01,M,False,443,-1.0376608656928348,丙子,甲午,丙子,丙,火,1,比肩|正官|偏印|劫财|比肩|正官,0,1,M_NEW_TARGET
2809060,"Popilski, Gil",ISR,M,GM,,,,2443,0,10,1993,,True,2809060,1993-10-06,wikidata_exact_year_agrees,north,resolved_unique_birthplace,Q1523842,Q207350,Rehovot,31.89138889,34.80777778,True,,2023-01,M,False,443,-1.0376608656928348,癸酉,辛酉,庚申,庚,金,-1,伤官|劫财|劫财|劫财|比肩|比肩,1,0,M_NEW_TARGET
4651332,"Voigt, Roland",GER,M,IM,,,,2443,0,10,1981,,True,4651332,1981-04-11,wikidata_exact_year_agrees,north,resolved_unique_birthplace,Q27533963,Q10744,Borna,51.11666667,12.5,True,,2023-01,M,False,443,-1.0376608656928348,辛酉,壬辰,己未,己,土,-1,食神|食神|正财|劫财|比肩|比肩,0,0,M_NEW_TARGET
2810301,"Bakalchuk, Johnatan",ISR,M,IM,,,,2442,0,10,1998,,True,2810301,1998-03-13,wikidata_exact_year_agrees,north,resolved_unique_birthplace,Q27523297,Q152436,Kfar Saba,32.18578333,34.90768333,True,,2023-01,M,False,448,-1.05193119491908,戊寅,乙卯,己未,己,土,-1,劫财|正官|七杀|七杀|比肩|比肩,0,0,M_NEW_TARGET
24175480,"Galchenko, Matvey",RUS,M,IM,,,,2442,0,10,2000,,True,24175480,2000-06-21,wikidata_exact_year_agrees,north,resolved_unique_birthplace,Q71317581,Q1763,Murmansk,68.96666667,33.08333333,True,,2023-01,M,False,448,-1.05193119491908,庚辰,壬午,庚戌,庚,金,-1,比肩|偏印|食神|正官|比肩|偏印,0,2,M_NEW_TARGET
1500058,"Ostenstad, Berge",NOR,M,GM,,,,2442,0,10,1964,,True,1500058,1964-09-15,wikidata_exact_year_agrees,north,resolved_unique_birthplace,Q1152779,Q585,奥斯陆,59.91333333,10.73888889,True,,2023-01,M,False,448,-1.05193119491908,甲辰,癸酉,丁卯,丁,火,-1,正印|伤官|七杀|偏财|比肩|偏印,1,1,M_NEW_TARGET
1131710,"Barski, Radoslaw",POL,M,IM,,,,2441,0,10,1993,,True,1131710,1993-02-12,wikidata_exact_year_agrees,north,resolved_unique_birthplace,Q27523384,Q105060,Sosnowiec,50.2711;50.3,19.16666667;19.1946,True,,2023-01,M,False,451,-1.0662015241453249,癸酉,甲寅,甲子,甲,木,-1,正印|正官|比肩|比肩|比肩|正印,0,0,M_NEW_TARGET
14106469,"Bodnar, Nikolay",UKR,M,IM,,,,2441,0,10,1972,,True,14106469,1972-01-29,wikidata_exact_year_agrees,north,resolved_unique_birthplace,Q19595088,Q997469,Mohyliv-Podilskyi,48.45,27.78333333,True,,2023-01,M,False,451,-1.0662015241453249,辛亥,辛丑,己未,己,土,-1,食神|正财|食神|比肩|比肩|比肩,0,0,M_NEW_TARGET
15000729,"Colovic, Aleksandar",MKD,M,GM,,,,2440,0,10,1976,,True,15000729,1976-01-06,wikidata_exact_year_agrees,north,resolved_unique_birthplace,Q9163287,Q384,Skopje,41.99611111,21.43166667,True,,2023-01,M,False,453,-1.08047185337157,乙卯,己丑,丁巳,丁,火,-1,偏印|偏印|食神|食神|比肩|劫财,0,2,M_NEW_TARGET
6900224,"De La Riva Aguado, Oscar",AND,M,GM,,FT,,2440,0,10,1972,,True,6900224,1972-07-15,wikidata_exact_year_agrees,north,resolved_unique_birthplace,Q2618666,Q1492,Barcelona,41.3825,2.17694444,True,,2023-01,M,False,453,-1.08047185337157,壬子,丁未,丁未,丁,火,-1,正官|七杀|比肩|食神|比肩|食神,0,0,M_NEW_TARGET
1103261,"Jakubiec, Artur",POL,M,GM,,,,2440,0,10,1973,,True,1103261,1973-12-03,wikidata_exact_year_agrees,north,resolved_unique_birthplace,Q4537110,Q212856,Wadowice,49.88333333,19.5,True,,2023-01,M,False,453,-1.08047185337157,癸丑,癸亥,癸酉,癸,水,-1,比肩|七杀|比肩|劫财|比肩|偏印,0,1,M_NEW_TARGET
1903063,"Pereira, Ruben",POR,M,IM,,,,2440,0,10,1991,,True,1903063,1991-01-09,wikidata_exact_year_agrees,north,resolved_unique_birthplace,Q7386745,Q45,Portugal,38.7,-9.18333333,True,,2023-01,M,False,453,-1.08047185337157,庚午,己丑,己卯,己,土,-1,伤官|偏印|比肩|比肩|比肩|七杀,1,1,M_NEW_TARGET
1602829,"Baumegger, Siegfried",AUT,M,IM,,,,2439,1,10,1972,,True,1602829,1972-11-11,wikidata_exact_year_agrees,north,resolved_unique_birthplace,Q2207602,Q13298,Graz,47.07083333,15.43861111,True,,2023-01,M,False,457,-1.0947421825978152,壬子,辛亥,丙午,丙,火,1,七杀|正官|正财|七杀|比肩|劫财,0,0,M_NEW_TARGET
12401269,"Nguyen, Huynh Minh Huy",VIE,M,GM,,,,2439,1,10,1987,,True,12401269,1987-10-11,wikidata_exact_year_agrees,north,resolved_unique_birthplace,Q18246803,Q36676,Đồng Tháp,10.38834833,106.0,True,,2023-01,M,False,457,-1.0947421825978152,丁卯,庚戌,癸巳,癸,水,-1,偏财|食神|正印|正官|比肩|正财,0,0,M_NEW_TARGET
4181247,"Zubritskiy, Artyom",RUS,M,IM,,,,2438,0,10,1990,,True,4181247,1990-12-16,wikidata_exact_year_agrees,north,resolved_unique_birthplace,Q27534658,Q1763,Murmansk,68.96666667,33.08333333,True,,2023-01,M,False,459,-1.1090125118240604,庚午,戊子,乙卯,乙,木,1,正官|食神|正财|偏印|比肩|比肩,0,1,M_NEW_TARGET
4104358,"Gavrilov, Alexei",RUS,M,GM,,,,2437,0,10,1960,,True,4104358,1960-10-20,wikidata_exact_year_agrees,north,resolved_unique_birthplace,Q4131151,Q649,Moscow,55.75055556,37.6175,True,,2023-01,M,False,460,-1.1232828410503055,庚子,丙戌,辛巳,辛,金,1,劫财|食神|正官|正印|比肩|正官,0,0,M_NEW_TARGET
1270337,"Gschnitzer, Adrian",GER,M,IM,,,,2437,0,10,1999,,True,1270337,1999-11-15,wikidata_exact_year_agrees,north,resolved_unique_birthplace,Q69060789,Q2966,Heidelberg,49.4075;49.40768;49.4093582,8.69055556;8.69079;8.694724,True,,2023-01,M,False,460,-1.1232828410503055,己卯,乙亥,辛未,辛,金,1,偏印|偏财|偏财|伤官|比肩|偏印,1,2,M_NEW_TARGET
4667557,"Heinz, Axel",GER,M,IM,,,,2437,0,10,1987,,True,4667557,1987-12-27,wikidata_exact_year_agrees,north,resolved_unique_birthplace,Q792185,Q516262,Kemnath,49.86666667,11.88333333,True,,2023-01,M,False,460,-1.1232828410503055,丁卯,壬子,庚戌,庚,金,-1,正官|正财|食神|伤官|比肩|偏印,1,1,M_NEW_TARGET
722960,"Berczes, David",HUN,M,GM,,,,2436,12,10,1990,,True,722960,1990-01-14,wikidata_exact_year_agrees,north,resolved_unique_birthplace,Q839967,Q26040,Borås,57.71710358,12.94572599,True,,2023-01,M,False,463,-1.137553170276551,己巳,丁丑,己卯,己,土,-1,比肩|正印|偏印|比肩|比肩|七杀,0,1,M_NEW_TARGET
2214334,"Fluvia Poyatos, Jordi",AND,M,IM,,FT,,2436,0,10,1984,,True,2214334,1984-08-31,wikidata_exact_year_agrees,north,resolved_unique_birthplace,Q597431,Q12596,Tordera,41.70083333,2.72,True,,2023-01,M,False,463,-1.137553170276551,甲子,壬申,丁酉,丁,火,-1,正印|七杀|正官|正财|比肩|偏财,0,0,M_NEW_TARGET
4600533,"Koch, Thomas",GER,M,IM,,,,2436,0,10,1972,,True,4600533,1972-02-12,wikidata_exact_year_agrees,north,resolved_unique_birthplace,Q1261337,Q1017,Aachen,50.776207,6.083788,True,,2023-01,M,False,463,-1.137553170276551,壬子,壬寅,癸酉,癸,水,-1,劫财|比肩|劫财|伤官|比肩|偏印,1,1,M_NEW_TARGET
3501841,"Gonzalez, Renier",USA,M,GM,,,,2435,0,10,1972,,True,3501841,1972-11-21,wikidata_exact_year_agrees,north,resolved_unique_birthplace,Q649950,Q115438,Matanzas Province,23.0511,-81.5753,True,,2023-01,M,False,466,-1.1518234995027958,壬子,辛亥,丙辰,丙,火,1,七杀|正官|正财|七杀|比肩|食神,0,0,M_NEW_TARGET
4161289,"Novikov, Maxim",RUS,M,GM,,,,2435,0,10,1972,,True,4161289,1972-05-02,wikidata_exact_year_agrees,north,resolved_unique_birthplace,Q4322688,Q2770,Tula,54.2,37.61666667,True,,2023-01,M,False,466,-1.1518234995027958,壬子,甲辰,癸巳,癸,水,-1,劫财|比肩|伤官|正官|比肩|正财,1,0,M_NEW_TARGET
600075,"Chabanon, Jean-Luc",FRA,M,GM,,,,2434,0,10,1971,,True,600075,1971-08-13,wikidata_exact_year_agrees,north,resolved_unique_birthplace,Q1658513,Q42168,Clermont-Ferrand,45.77972222,3.08694444,True,,2023-01,M,False,468,-1.166093828729041,辛亥,丙申,庚午,庚,金,-1,劫财|食神|七杀|比肩|比肩|正官,0,0,M_NEW_TARGET
15900045,"Lopez, Jasel",ARU,M,IM,,,,2434,2,10,1994,,True,15900045,1994-07-07,wikidata_exact_year_agrees,north,resolved_unique_birthplace,Q68647800,Q131243,Oranjestad,12.51861111,-70.03583333,True,,2023-01,M,False,468,-1.166093828729041,甲戌,辛未,甲午,甲,木,-1,比肩|偏财|正官|正财|比肩|伤官,1,0,M_NEW_TARGET
4102924,"Novik, Maxim",LTU,M,GM,,,,2434,0,10,1970,,True,4102924,1970-04-03,wikidata_exact_year_agrees,north,resolved_unique_birthplace,Q4322600,Q656,Saint Petersburg,59.95,30.31666667,True,,2023-01,M,False,468,-1.166093828729041,庚戌,己卯,癸丑,癸,水,-1,正印|正官|七杀|食神|比肩|七杀,0,0,M_NEW_TARGET
12902195,"Perske, Thore",GER,M,IM,,,,2434,0,10,1999,,True,12902195,1999-07-25,wikidata_exact_year_agrees,north,resolved_unique_birthplace,Q27529821,Q285879,Bingen am Rhein,49.96694444,7.895,True,,2023-01,M,False,468,-1.166093828729041,己卯,辛未,戊寅,戊,土,1,劫财|正官|伤官|劫财|比肩|七杀,1,0,M_NEW_TARGET
1701878,"Hermansson, Emil",SWE,M,IM,,,,2433,0,10,1971,,True,1701878,1971-07-19,wikidata_exact_year_agrees,north,resolved_unique_birthplace,Q2513172,Q83232,Kiruna,67.84888889,20.30277778,True,,2023-01,M,False,472,-1.1803641579552862,辛亥,乙未,乙巳,乙,木,1,七杀|正印|比肩|偏财|比肩|伤官,1,0,M_NEW_TARGET
4637607,"Sebastian, Dirk",GER,M,IM,,,,2432,0,10,1979,,True,4637607,1979-04-21,wikidata_exact_year_agrees,north,resolved_unique_birthplace,Q27531742,Q1055,Hamburg,53.55,10.0,True,,2023-01,M,False,473,-1.194634487181531,己未,戊辰,戊午,戊,土,1,劫财|劫财|比肩|比肩|比肩|正印,0,0,M_NEW_TARGET
13304585,"Barseghyan, Harutyun",FRA,M,IM,,,,2431,0,10,1998,,True,13304585,1998-04-12,wikidata_exact_year_agrees,north,resolved_unique_birthplace,Q27523381,Q1953,Yerevan,40.18138889,44.51444444,True,,2023-01,M,False,474,-1.2089048164077765,戊寅,丙辰,己丑,己,土,-1,劫财|正官|正印|劫财|比肩|比肩,0,0,M_NEW_TARGET
24670499,"Kotainy, Jens",GER,M,IM,,,,2431,0,10,1994,,True,24670499,1994-05-19,wikidata_exact_year_agrees,north,resolved_unique_birthplace,Q27526758,Q2871,Hagen,51.35944444,7.475,True,,2023-01,M,False,474,-1.2089048164077765,甲戌,己巳,乙巳,乙,木,1,劫财|正财|偏财|伤官|比肩|伤官,2,0,M_NEW_TARGET
1127993,"Nguyen, Piotr",POL,M,IM,,,,2431,0,10,1991,,True,1127993,1991-07-18,wikidata_exact_year_agrees,north,resolved_unique_birthplace,Q17558320,Q911009,Tomaszów Lubelski,50.45,23.41666667,True,,2023-01,M,False,474,-1.2089048164077765,辛未,乙未,己丑,己,土,-1,食神|比肩|七杀|比肩|比肩|比肩,0,0,M_NEW_TARGET
2820242,"Sokolovsky, Yahli",ISR,M,IM,,,,2431,11,10,2006,,True,2820242,2006-09-21,wikidata_exact_year_agrees,north,resolved_unique_birthplace,Q106348270,Q152501,Kiryat Ono,32.06361111,34.85527778,True,,2023-01,M,False,474,-1.2089048164077765,丙戌,丁酉,癸丑,癸,水,-1,正财|正官|偏财|偏印|比肩|七杀,0,1,M_NEW_TARGET
2801841,"Givon, Asaf",ISR,M,IM,,,,2430,0,10,1994,,True,2801841,1994-07-08,wikidata_exact_year_agrees,north,resolved_unique_birthplace,Q16132993,Q152436,Kfar Saba,32.18578333,34.90768333,True,,2023-01,M,False,478,-1.2231751456340214,甲戌,辛未,乙未,乙,木,1,劫财|正财|七杀|偏财|比肩|偏财,0,0,M_NEW_TARGET
4620437,"Sielecki, Christof",GER,M,IM,,,,2430,0,10,1974,,True,4620437,1974-05-24,wikidata_exact_year_agrees,north,resolved_unique_birthplace,Q15794313,Q3939,Dinslaken,51.56666667,6.73333333,True,,2023-01,M,False,478,-1.2231751456340214,甲寅,己巳,乙丑,乙,木,1,劫财|劫财|偏财|伤官|比肩|偏财,1,0,M_NEW_TARGET
2300958,"Thorfinnsson, Bragi",ISL,M,GM,,,,2430,0,10,1981,,True,2300958,1981-04-10,wikidata_exact_year_agrees,north,resolved_unique_birthplace,Q16421706,Q1764,Reykjavík,64.1475,-21.935,True,,2023-01,M,False,478,-1.2231751456340214,辛酉,壬辰,戊午,戊,土,1,伤官|伤官|偏财|比肩|比肩|正印,2,0,M_NEW_TARGET
872555,"Barp, Alberto",ITA,M,IM,,,,2429,0,10,1999,,True,872555,1999-10-30,wikidata_exact_year_agrees,north,resolved_unique_birthplace,Q30309771,Q1465,Feltre,46.01666667,11.9,True,,2023-01,M,False,481,-1.2374454748602666,己卯,甲戌,乙卯,乙,木,1,偏财|比肩|劫财|正财|比肩|比肩,0,0,M_NEW_TARGET
800252,"Bellini, Fabio",ITA,M,IM,,,,2429,0,10,1969,,True,800252,1969-10-17,wikidata_exact_year_agrees,north,resolved_unique_birthplace,Q3737609,Q147015,Castellanza,45.61666667,8.9,True,,2023-01,M,False,481,-1.2374454748602666,己酉,甲戌,乙丑,乙,木,1,偏财|七杀|劫财|正财|比肩|偏财,0,0,M_NEW_TARGET
1204920,"Berescu, Alin-Mile",ROU,M,GM,,FT,,2429,0,10,1980,,True,1204920,1980-04-14,wikidata_exact_year_agrees,north,resolved_unique_birthplace,Q4084752,Q83404,Timișoara,45.75972222,21.23,True,,2023-01,M,False,481,-1.2374454748602666,庚申,庚辰,丁巳,丁,火,-1,正财|正财|正财|伤官|比肩|劫财,1,0,M_NEW_TARGET
24614386,"Carlstedt, Jonathan",GER,M,IM,,FI,,2429,0,10,1990,,True,24614386,1990-10-19,wikidata_exact_year_agrees,north,resolved_unique_birthplace,Q27524054,Q16073,Itzehoe,53.925,9.51638889,True,,2023-01,M,False,481,-1.2374454748602666,庚午,丙戌,丁巳,丁,火,-1,正财|比肩|劫财|伤官|比肩|劫财,1,0,M_NEW_TARGET
24614467,"Englert, Fabian",GER,M,IM,,,,2429,0,10,1990,,True,24614467,1990-03-06,wikidata_exact_year_agrees,north,resolved_unique_birthplace,Q27524833,Q502401,Erlenbach am Main,49.80388889,9.16388889,True,,2023-01,M,False,481,-1.2374454748602666,庚午,己卯,庚午,庚,金,-1,比肩|正官|正印|正财|比肩|正官,0,0,M_NEW_TARGET
2802430,"Gershon, Alik",ISR,M,GM,,,,2429,0,10,1980,,True,2802430,1980-06-03,wikidata_exact_year_agrees,north,resolved_unique_birthplace,Q2063393,Q48256,Dnipro,48.4675,35.04,True,,2023-01,M,False,481,-1.2374454748602666,庚申,辛巳,丁未,丁,火,-1,正财|正财|偏财|劫财|比肩|食神,0,0,M_NEW_TARGET
13701703,"Khusnutdinov, Rustam",KAZ,M,GM,,,,2429,18,10,1987,,True,13701703,1987-07-11,wikidata_exact_year_agrees,north,resolved_unique_birthplace,Q4502506,Q484706,Karaganda,49.8,73.11666667,True,,2023-01,M,False,481,-1.2374454748602666,丁卯,丁未,辛酉,辛,金,1,七杀|偏财|七杀|偏印|比肩|比肩,0,1,M_NEW_TARGET
4687400,"Strohhaeker, Raoul",GER,M,IM,,,,2429,0,10,1987,,True,4687400,1987-04-03,wikidata_exact_year_agrees,north,resolved_unique_birthplace,Q2131278,Q53742,Donauwörth,48.71843056,10.77698889,True,,2023-01,M,False,481,-1.2374454748602666,丁卯,癸卯,壬午,壬,水,1,正财|伤官|劫财|伤官|比肩|正财,2,0,M_NEW_TARGET
922722,"Miljkovic, Miroslav D",SRB,M,GM,,,,2428,0,10,1985,,True,922722,1985-05-06,wikidata_exact_year_agrees,north,resolved_unique_birthplace,Q16676435,Q129259,Niš,43.31916667,21.89611111,True,,2023-01,M,False,489,-1.2517158040865115,乙丑,辛巳,乙巳,乙,木,1,比肩|偏财|七杀|伤官|比肩|伤官,2,0,M_NEW_TARGET
1184989,"Szpar, Milosz",POL,M,IM,,,,2428,0,10,2002,,True,1184989,2002-06-05,wikidata_exact_year_agrees,north,resolved_unique_birthplace,Q71318673,Q598,Rzeszów,50.04111111,21.99888889,True,,2023-01,M,False,489,-1.2517158040865115,壬午,乙巳,甲辰,甲,木,-1,偏印|伤官|劫财|食神|比肩|偏财,1,1,M_NEW_TARGET
811416,"Ortega, Lexy",ITA,M,GM,,,,2426,9,10,1960,,True,811416,1960-03-08,wikidata_exact_year_agrees,north,resolved_unique_birthplace,Q622093,Q115329,Camagüey,21.37861111,-77.91861111,True,,2023-01,M,False,491,-1.280256462539002,庚子,己卯,乙未,乙,木,1,正官|偏印|偏财|比肩|比肩|偏财,0,1,M_NEW_TARGET
2803089,"Tyomkin, Dimitri",CAN,M,GM,,,,2426,0,10,1977,,True,2803089,1977-03-25,wikidata_exact_year_agrees,north,resolved_unique_birthplace,Q3774502,Q2746,Ryazan,54.63,39.7425,True,,2023-01,M,False,491,-1.280256462539002,丁巳,癸卯,辛巳,辛,金,1,七杀|正官|食神|偏财|比肩|正官,0,0,M_NEW_TARGET
4403177,"Arenas, David",COL,M,GM,,,,2425,10,10,1991,,True,4403177,1991-12-24,wikidata_exact_year_agrees,north,resolved_unique_birthplace,Q27523135,Q123304,Antioquia,6.68333333,-75.56666667,True,,2023-01,M,False,493,-1.2945267917652472,辛未,庚子,戊辰,戊,土,1,伤官|劫财|食神|正财|比肩|比肩,1,0,M_NEW_TARGET
2283352,"Arribas Lopez, Angel",ESP,M,GM,,,,2425,0,10,1993,,True,2283352,1993-11-27,wikidata_exact_year_agrees,north,multiple_birthplaces_same_hemisphere,Q18235917,Q2807;Q77433,Leganés;Madrid,40.32825;40.41694444,-3.76540278;-3.70333333,True,,2023-01,M,False,493,-1.2945267917652472,癸酉,癸亥,壬子,壬,水,1,劫财|正印|劫财|比肩|比肩|劫财,0,0,M_NEW_TARGET
4644786,"Berger, Steve",GER,M,IM,,,,2425,0,10,1981,,True,4644786,1981-09-18,wikidata_exact_year_agrees,north,resolved_unique_birthplace,Q27523559,Q1055,Hamburg,53.55,10.0,True,,2023-01,M,False,493,-1.2945267917652472,辛酉,丁酉,己亥,己,土,-1,食神|食神|偏印|食神|比肩|正财,0,1,M_NEW_TARGET
24129100,"Matinian, Nikita",FID,M,GM,,,,2425,0,10,1992,,True,24129100,1992-04-21,wikidata_exact_year_agrees,north,resolved_unique_birthplace,Q27527818,Q2672616,Aygehovit,40.97444444,45.25194444,True,,2023-01,M,False,493,-1.2945267917652472,壬申,甲辰,丁卯,丁,火,-1,正官|正财|正印|伤官|比肩|偏印,1,1,M_NEW_TARGET
13704613,"Aitbayev, Aslan",KAZ,M,IM,,,,2424,13,10,1990,,True,13704613,1990-06-15,wikidata_exact_year_agrees,north,resolved_unique_birthplace,Q27522870,Q1520,Astana,51.13333333,71.43333333,True,,2023-01,M,False,497,-1.3087971209914924,庚午,壬午,辛亥,辛,金,1,劫财|七杀|伤官|七杀|比肩|伤官,2,0,M_NEW_TARGET
12802476,"Pileckis, Emilis",LTU,M,IM,,,,2424,0,10,1990,,True,12802476,1990-06-27,wikidata_exact_year_agrees,north,resolved_unique_birthplace,Q20503427,Q216,Vilnius,54.68722222,25.28,True,,2023-01,M,False,497,-1.3087971209914924,庚午,壬午,癸亥,癸,水,-1,正印|偏财|劫财|偏财|比肩|劫财,0,0,M_NEW_TARGET
1210319,"Rogozenco, Dorian",ROU,M,GM,,,,2424,2,10,1973,,True,1210319,1973-08-18,wikidata_exact_year_agrees,north,resolved_unique_birthplace,Q382635,Q21197,Chișinău,47.02277778,28.83527778,True,,2023-01,M,False,497,-1.3087971209914924,癸丑,庚申,丙戌,丙,火,1,正官|伤官|偏财|偏财|比肩|食神,1,0,M_NEW_TARGET
13403028,"Bajarani, Ulvi",AZE,M,GM,,,,2423,0,10,1995,,True,13403028,1995-01-27,wikidata_exact_year_agrees,north,resolved_unique_birthplace,Q9393701,Q9248,Baku,40.36665556,49.83518333,True,,2023-01,M,False,500,-1.3230674502177373,甲戌,丁丑,戊午,戊,土,1,七杀|比肩|正印|劫财|比肩|正印,0,0,M_NEW_TARGET
13002783,"Wynn, Zaw Htun",MYA,M,IM,,,,2423,0,10,1982,,True,13002783,1982-09-15,wikidata_exact_year_agrees,north,resolved_unique_birthplace,Q27534218,Q836,Myanmar,22.0,96.0,True,,2023-01,M,False,500,-1.3230674502177373,壬戌,己酉,辛丑,辛,金,1,伤官|正印|偏印|比肩|比肩|偏印,1,2,M_NEW_TARGET
