qid,name,name_en,name_zh,dob,dob_precision,dob_precision_label,exact_dob_flag,dob_conflict_flag,dob_reference_count,dob_reference_urls,dob_stated_in_qids,dob_all_claims,dob_review_status,dob_confidence,gender,gender_qid,citizenship,citizenship_qids,birthplace,birthplace_qid,birth_country,birth_country_qid,birth_lat,birth_lon,hemisphere,wtt_ittf_ids,olympedia_ids,enwiki_url,zhwiki_url,source_occupation,source_sport,overlap_training_qid,overlap_training_name_dob,exclude_from_holdout_overlap,_dob,birth_year_analysis,elements_6pos,distinct_elements_6pos,dominant_element_share,hhi_element_concentration,element_entropy,all_five_present_6pos,_source_label,_person_key,_dob_check,ittf_id,year_pillar,month_pillar,day_pillar,year_stem_tg,month_stem_tg,month_order_tg,month_main_stem,year_food_god,ttr_match_ok,ttr_match_score,ttr_match_margin,ttr_search_query,ttr_site_player_id,ttr_site_name,ttr_detail_url,ttr_country,current_rank,highest_rank,highest_rank_ym,peak_source,approx_age_at_peak,displayed_age,ttr_error,source_memberships,source_row_count,calendar_distinct_mean,calendar_distinct_sd,calendar_days,distinct_residual_vs_birthyear_calendar,distinct_z_vs_birthyear_calendar
Q1822722,Liang Geliang,Liang Geliang,梁戈亮,1950-05-05,11,day,1,0,0,,,1950-05-05[p=11],UNREVIEWED,,male,Q6581097,People's Republic of China,Q148,Guangxi,Q15176,People's Republic of China,Q148,23.6,108.3,north,128161,,https://en.wikipedia.org/wiki/Liang_Geliang,https://zh.wikipedia.org/wiki/%E6%A2%81%E6%88%88%E4%BA%AE,1,1,0,0,0,1950-05-05,1950,金|木|金|土|金|水,4.0,0.5,0.33333333333333337,1.242453324894,0,historical,QID:Q1822722,1950-05-05,,,,,,,,,,,,,,,,,,,,,,,,,historical,1,3.813698630136986,0.7797779108472945,365,0.18630136986301382,0.23891593653965096
Q1448256,Rudolf Weinmann,Rudolf Weinmann,,1950-01-09,11,day,1,0,0,,,1950-01-09[p=11],UNREVIEWED,,male,Q6581097,Austria,Q40,Horn,Q659918,Austria,Q40,48.665277777778,15.655833333333,north,125762,,,,1,1,0,0,0,1950-01-09,1950,土|土|火|土|木|土,3.0,0.6666666666666666,0.5,0.8675632284814612,0,historical,QID:Q1448256,1950-01-09,,,,,,,,,,,,,,,,,,,,,,,,,historical,1,3.813698630136986,0.7797779108472945,365,-0.8136986301369862,-1.0435004875334746
Q197235,Zhang Li,Zhang Li,张立,1951-05-03,11,day,1,0,0,,,1951-05-03[p=11],UNREVIEWED,,female,Q6581072,People's Republic of China,Q148,Xinxiang,Q404362,People's Republic of China,Q148,35.29917,113.88515,north,125520,,https://en.wikipedia.org/wiki/Zhang_Li_%28table_tennis%29,https://zh.wikipedia.org/wiki/%E5%BC%A0%E7%AB%8B_%28%E4%B9%92%E4%B9%93%E7%90%83%E8%BF%90%E5%8A%A8%E5%91%98%29,1,1,0,0,0,1951-05-03,1951,金|木|水|土|水|木,4.0,0.3333333333333333,0.2777777777777778,1.3296613488547582,0,historical,QID:Q197235,1951-05-03,,,,,,,,,,,,,,,,,,,,,,,,,historical,1,3.8,0.7039917581935143,365,0.20000000000000018,0.284094235013791
Q15990542,Alica Grofová,Alica Grofová,,1952-04-02,11,day,1,0,0,,,1952-04-02[p=11],UNREVIEWED,,female,Q6581072,Czechoslovakia,Q33946,Vajnory,Q1091778,Slovakia,Q214,48.20305556,17.20527778,north,129327,,https://en.wikipedia.org/wiki/Alica_Grofov%C3%A1,,1,1,0,0,0,1952-04-02,1952,水|土|水|木|土|木,3.0,0.3333333333333333,0.3333333333333333,1.0986122886681096,0,historical,QID:Q15990542,1952-04-02,,,,,,,,,,,,,,,,,,,,,,,,,historical,1,3.691256830601093,0.6413000961401607,366,-0.6912568306010929,-1.0778991532382582
Q1539130,Gottfried Bär,Gottfried Bär,,1952-04-11,11,day,1,0,2,,Q1307356,1952-04-11[p=11],UNREVIEWED,,male,Q6581097,Austria,Q40,Hallein,Q255684,Austria,Q40,47.666666666667,13.083333333333,north,90008,648.0,https://en.wikipedia.org/wiki/Gottfried_B%C3%A4r,,1,1,0,0,0,1952-04-11,1952,水|土|木|土|火|水,4.0,0.3333333333333333,0.2777777777777778,1.3296613488547582,0,historical,QID:Q1539130,1952-04-11,,,,,,,,,,,,,,,,,,,,,,,,,historical,1,3.691256830601093,0.6413000961401607,366,0.3087431693989071,0.48143321864001265
Q6038299,Insook Bhushan,Insook Bhushan,,1952-02-17,11,day,1,0,0,,,1952-02-17[p=11],UNREVIEWED,,female,Q6581072,United States,Q30,Seoul,Q8684,South Korea,Q884,37.56,126.99,north,90010,2722.0,https://en.wikipedia.org/wiki/Insook_Bhushan,,1,1,0,0,0,1952-02-17,1952,水|土|水|木|水|火,4.0,0.5,0.3333333333333333,1.2424533248940002,0,historical,QID:Q6038299,1952-02-17,,,,,,,,,,,,,,,,,,,,,,,,,historical,1,3.691256830601093,0.6413000961401607,366,0.3087431693989071,0.48143321864001265
Q11543370,Sachiko Yokota,Sachiko Yokota,,1952-05-19,11,day,1,0,1,,,1952-05-19[p=11],UNREVIEWED,,female,Q6581072,Japan,Q17,Tochigi Prefecture,Q44843,Japan,Q17,36.56555555555556,139.88352777777777,north,125575,,https://en.wikipedia.org/wiki/Sachiko_Yokota,,1,1,0,0,0,1952-05-19,1952,水|土|木|火|木|土,4.0,0.3333333333333333,0.2777777777777778,1.3296613488547582,0,historical,QID:Q11543370,1952-05-19,,,,,,,,,,,,,,,,,,,,,,,,,historical,1,3.691256830601093,0.6413000961401607,366,0.3087431693989071,0.48143321864001265
Q956640,Stellan Bengtsson,Stellan Bengtsson,斯特兰·本格森,1952-07-26,11,day,1,0,1,,Q106527645,1952-07-26[p=11],UNREVIEWED,,male,Q6581097,Sweden,Q34,,Q10671852,Sweden,Q34,56.856183333333,12.693016666667,north,130629,,https://en.wikipedia.org/wiki/Stellan_Bengtsson,https://zh.wikipedia.org/wiki/%E6%96%AF%E7%89%B9%E5%85%B0%C2%B7%E6%9C%AC%E7%89%B9%E6%9D%BE,1,1,0,0,0,1952-07-26,1952,水|土|火|土|水|金,4.0,0.3333333333333333,0.2777777777777778,1.3296613488547582,0,historical,QID:Q956640,1952-07-26,,,,,,,,,,,,,,,,,,,,,,,,,historical,1,3.691256830601093,0.6413000961401607,366,0.3087431693989071,0.48143321864001265
Q17221397,Masahiro Maehara,Masahiro Maehara,,1953-11-24,11,day,1,0,1,,,1953-11-24[p=11],UNREVIEWED,,male,Q6581097,Japan,Q17,Tokyo,Q1490,Japan,Q17,35.68944444444445,139.69166666666666,north,128001,,https://en.wikipedia.org/wiki/Masahiro_Maehara,,1,1,0,0,0,1953-11-24,1953,水|火|水|水|土|木,4.0,0.5,0.3333333333333333,1.2424533248940002,0,historical,QID:Q17221397,1953-11-24,,,,,,,,,,,,,,,,,,,,,,,,,historical,1,3.5616438356164384,0.6790891882114508,365,0.4383561643835616,0.6455060277694612
Q12337811,Susanne Pedersen,Susanne Pedersen,,1953-01-14,11,day,1,0,1,https://bordtennisdanmark.dk/nyheder/dronningen-ser-tilbage-med-et-smil,,1953-01-14[p=11],UNREVIEWED,,female,Q6581072,Kingdom of Denmark,Q756617,,,,,,,unknown,127286,,,,1,1,0,0,0,1953-01-14,1953,水|土|水|土|木|土,3.0,0.5,0.3888888888888889,1.0114042647073518,0,historical,QID:Q12337811,1953-01-14,,,,,,,,,,,,,,,,,,,,,,,,,historical,1,3.5616438356164384,0.6790891882114508,365,-0.5616438356164384,-0.8270545980796222
Q1663430,Ingrid Wirnsberger,Ingrid Wirnsberger,,1954-04-29,11,day,1,0,0,,,1954-04-29[p=11],UNREVIEWED,,female,Q6581072,Austria,Q40,Liezen,Q698520,Austria,Q40,47.566666666667,14.233333333333,north,125679,,,,1,1,0,0,0,1954-04-29,1954,木|火|土|土|木|木,3.0,0.5,0.3888888888888889,1.0114042647073518,0,historical,QID:Q1663430,1954-04-29,,,,,,,,,,,,,,,,,,,,,,,,,historical,1,3.8575342465753426,0.7159712162355385,365,-0.8575342465753426,-1.1977216780922
Q18397160,Nicky Jarvis,Nicky Jarvis,尼基·贾维斯,1954-03-04,11,day,1,0,1,,,1954-03-04[p=11],UNREVIEWED,,male,Q6581097,United Kingdom,Q145,Middlesbrough,Q171866,United Kingdom,Q145,54.573888888889,-1.2333333333333,north,128827,,https://en.wikipedia.org/wiki/Nicky_Jarvis,,1,1,0,0,0,1954-03-04,1954,木|火|火|木|土|土,3.0,0.3333333333333333,0.3333333333333333,1.0986122886681096,0,historical,QID:Q18397160,1954-03-04,,,,,,,,,,,,,,,,,,,,,,,,,historical,1,3.8575342465753426,0.7159712162355385,365,-0.8575342465753426,-1.1977216780922
Q14862414,Stefano Bosi,Stefano Bosi,,1954-09-14,11,day,1,0,0,,,1954-09-14[p=11],UNREVIEWED,,male,Q6581097,Italy,Q38,Florence,Q2044,Kingdom of Italy,Q172579,43.771388888889,11.254166666667,north,130496,,https://en.wikipedia.org/wiki/Stefano_Bosi,,1,1,0,0,0,1954-09-14,1954,木|火|水|金|水|金,4.0,0.3333333333333333,0.2777777777777778,1.3296613488547582,0,historical,QID:Q14862414,1954-09-14,,,,,,,,,,,,,,,,,,,,,,,,,historical,1,3.8575342465753426,0.7159712162355385,365,0.1424657534246574,0.19898251521020552
Q488089,Anatoli Strokatov,Anatoli Strokatov,,1955-03-10,11,day,1,0,2,,,1955-03-10[p=11],UNREVIEWED,,male,Q6581097,Soviet Union;Ukraine,Q15180;Q212,Lviv,Q36036,Ukraine,Q212,49.841952,24.0315921,north,126349,,https://en.wikipedia.org/wiki/Anatoli_Strokatov,,1,1,0,0,0,1955-03-10,1955,木|土|土|木|金|火,4.0,0.3333333333333333,0.2777777777777778,1.3296613488547582,0,historical,QID:Q488089,1955-03-10,,,,,,,,,,,,,,,,,,,,,,,,,historical,1,3.7095890410958905,0.7055829916610311,365,0.2904109589041095,0.4115900784689347
Q693175,Elmira Antonyan,Elmira Antonyan,,1955-06-28,11,day,1,0,1,,,1955-06-28[p=11],UNREVIEWED,,female,Q6581072,Soviet Union;Armenia,Q15180;Q399,Yerevan,Q1953,Armenia,Q399,40.181388888889,44.514444444444,north,118901,,https://en.wikipedia.org/wiki/Elmira_Antonyan,,1,1,0,0,0,1955-06-28,1955,木|土|水|火|金|金,5.0,0.3333333333333333,0.2222222222222222,1.5607104090414063,1,historical,QID:Q693175,1955-06-28,,,,,,,,,,,,,,,,,,,,,,,,,historical,1,3.7095890410958905,0.7055829916610311,365,1.2904109589041095,1.8288578014987575
Q17265546,Wang Jianqiang,Wang Jianqiang,,1955-04-06,11,day,1,0,0,,,1955-04-06[p=11],UNREVIEWED,,male,Q6581097,,,,,,,,,unknown,125802,,,,1,1,0,0,0,1955-04-06,1955,木|土|金|土|火|金,4.0,0.3333333333333333,0.2777777777777778,1.3296613488547582,0,historical,QID:Q17265546,1955-04-06,,,,,,,,,,,,,,,,,,,,,,,,,historical,1,3.7095890410958905,0.7055829916610311,365,0.2904109589041095,0.4115900784689347
Q1370489,Guo Yuehua,Guo Yuehua,郭跃华,1956-02-04,11,day,1,0,1,http://www.munzinger.de/search/go/document.jsp?id=01000002665,,1956-02-04[p=11],UNREVIEWED,,male,Q6581097,People's Republic of China,Q148,Xiamen,Q68744,People's Republic of China,Q148,24.479722222222,118.08194444444,north,129287,,https://en.wikipedia.org/wiki/Guo_Yuehua,https://zh.wikipedia.org/wiki/%E9%83%AD%E8%B7%83%E5%8D%8E,1,1,0,0,0,1956-02-04,1956,木|土|土|土|金|土,3.0,0.6666666666666666,0.5,0.8675632284814612,0,historical,QID:Q1370489,1956-02-04,,,,,,,,,,,,,,,,,,,,,,,,,historical,1,3.7540983606557377,0.7287986971610244,366,-0.7540983606557377,-1.0347141996730593
Q15822803,Karen Senior,Karen Senior,,1956-08-10,11,day,1,0,0,,,1956-08-10[p=11],UNREVIEWED,,female,Q6581072,,,Bangor,Q806551,United Kingdom,Q145,54.66,-5.67,north,125816,,,,1,1,0,0,0,1956-08-10,1956,火|金|火|金|土|金,3.0,0.5,0.3888888888888889,1.0114042647073518,0,historical,QID:Q15822803,1956-08-10,,,,,,,,,,,,,,,,,,,,,,,,,historical,1,3.7540983606557377,0.7287986971610244,366,-0.7540983606557377,-1.0347141996730593
Q1385368,Seiji Ono,Seiji Ono,小野诚治,1956-06-18,11,day,1,0,1,,,1956-06-18[p=11],UNREVIEWED,,male,Q6581097,Japan,Q17,Seiyo,Q819620,Japan,Q17,33.36263888888889,132.5108611111111,north,90064,875.0,https://en.wikipedia.org/wiki/Seiji_Ono,https://zh.wikipedia.org/wiki/%E5%B0%8F%E9%87%8E%E8%AF%9A%E6%B2%BB,1,1,0,0,0,1956-06-18,1956,火|金|木|火|火|土,4.0,0.5,0.33333333333333337,1.242453324894,0,historical,QID:Q1385368,1956-06-18,,,,,,,,,,,,,,,,,,,,,,,,,historical,1,3.7540983606557377,0.7287986971610244,366,0.24590163934426235,0.33740680424121505
Q28175417,Ulf Thorsell,Ulf Thorsell,,1956-03-18,11,day,1,0,2,,,1956-03-18[p=11],UNREVIEWED,,male,Q6581097,Sweden,Q34,,,,,,,unknown,126128,,https://en.wikipedia.org/wiki/Ulf_Thorsell,,1,1,0,0,0,1956-03-18,1956,火|金|金|木|木|金,3.0,0.5,0.3888888888888889,1.0114042647073518,0,historical,QID:Q28175417,1956-03-18,,,,,,,,,,,,,,,,,,,,,,,,,historical,1,3.7540983606557377,0.7287986971610244,366,-0.7540983606557377,-1.0347141996730593
Q15785131,Bagrat Genrikowitsch Burnasjan,Bagrat Genrikowitsch Burnasjan,,1957-07-17,11,day,1,0,1,,,1957-07-17[p=11],UNREVIEWED,,male,Q6581097,,,Yerevan,Q1953,Armenia,Q399,40.181388888889,44.514444444444,north,130397,,,,1,1,0,0,0,1957-07-17,1957,火|金|火|土|金|木,4.0,0.3333333333333333,0.2777777777777778,1.3296613488547582,0,historical,QID:Q15785131,1957-07-17,,,,,,,,,,,,,,,,,,,,,,,,,historical,1,3.8438356164383563,0.6835963201683904,365,0.15616438356164375,0.2284453250467699
Q17521898,Carole Knight,Carole Knight,,1957-06-09,11,day,1,0,0,,,1957-06-09[p=11],UNREVIEWED,,female,Q6581072,United Kingdom,Q145,Middlesbrough,Q171866,United Kingdom,Q145,54.573888888889,-1.2333333333333,north,128515,,https://en.wikipedia.org/wiki/Carole_Knight,,1,1,0,0,0,1957-06-09,1957,火|金|火|火|水|水,3.0,0.5,0.3888888888888889,1.0114042647073518,0,historical,QID:Q17521898,1957-06-09,,,,,,,,,,,,,,,,,,,,,,,,,historical,1,3.8438356164383563,0.6835963201683904,365,-0.8438356164383563,-1.234406317796582
Q11866151,Jarmo Jokinen,Jarmo Jokinen,,1957-09-01,11,day,1,0,0,,,1957-09-01[p=11],UNREVIEWED,,male,Q6581097,Finland,Q33,Järvenpää,Q208293,Finland,Q33,60.472222222222,25.088888888889,north,128771,,,,1,1,0,0,0,1957-09-01,1957,火|金|土|金|火|水,4.0,0.3333333333333333,0.2777777777777778,1.3296613488547582,0,historical,QID:Q11866151,1957-09-01,,,,,,,,,,,,,,,,,,,,,,,,,historical,1,3.8438356164383563,0.6835963201683904,365,0.15616438356164375,0.2284453250467699
Q11522796,Yasukazu Murakami,Yasukazu Murakami,,1957-12-09,11,day,1,0,1,,,1957-12-09[p=11],UNREVIEWED,,male,Q6581097,Japan,Q17,,,,,,,unknown,127649,,,,1,1,0,0,0,1957-12-09,1957,火|金|水|水|木|木,4.0,0.3333333333333333,0.2777777777777778,1.3296613488547582,0,historical,QID:Q11522796,1957-12-09,,,,,,,,,,,,,,,,,,,,,,,,,historical,1,3.8438356164383563,0.6835963201683904,365,0.15616438356164375,0.2284453250467699
Q3851213,Massimo Costantini,Massimo Costantini,马西莫·科斯坦蒂尼,1958-03-28,11,day,1,0,1,,,1958-03-28[p=11],UNREVIEWED,,male,Q6581097,Italy,Q38,Senigallia,Q124925,Italy,Q38,43.713055555556,13.218333333333,north,101952,823.0,https://en.wikipedia.org/wiki/Massimo_Costantini,https://zh.wikipedia.org/wiki/%E9%A9%AC%E8%A5%BF%E8%8E%AB%C2%B7%E7%A7%91%E6%96%AF%E5%9D%A6%E8%92%82%E5%B0%BC,1,1,0,0,0,1958-03-28,1958,土|土|木|木|木|土,2.0,0.5,0.5,0.6931471805599453,0,historical,QID:Q3851213,1958-03-28,,,,,,,,,,,,,,,,,,,,,,,,,historical,1,3.106849315068493,0.7753639285762312,365,-1.106849315068493,-1.4275223211646624
Q18415922,Paul Day,Paul Day,,1958-10-20,11,day,1,0,1,,,1958-10-20[p=11],UNREVIEWED,,male,Q6581097,United Kingdom,Q145,Newmarket,Q1382713,United Kingdom,Q145,52.2459,0.4105,north,130009,,https://en.wikipedia.org/wiki/Paul_Day_%28table_tennis%29,,1,1,0,0,0,1958-10-20,1958,土|土|水|土|金|火,4.0,0.5,0.33333333333333337,1.242453324894,0,historical,QID:Q18415922,1958-10-20,,,,,,,,,,,,,,,,,,,,,,,,,historical,1,3.106849315068493,0.7753639285762312,365,0.893150684931507,1.151911575989307
Q1285048,Stefan Dryszel,Stefan Dryszel,,1958-12-25,11,day,1,0,0,,,1958-12-25[p=11],UNREVIEWED,,male,Q6581097,Poland,Q36,"Stanica, Silesian Voivodeship",Q4745459,Poland,Q36,50.20444444,18.51444444,north,129887,,https://en.wikipedia.org/wiki/Stefan_Dryszel,,1,1,0,0,0,1958-12-25,1958,土|土|木|水|火|水,4.0,0.3333333333333333,0.2777777777777778,1.3296613488547582,0,historical,QID:Q1285048,1958-12-25,,,,,,,,,,,,,,,,,,,,,,,,,historical,1,3.106849315068493,0.7753639285762312,365,0.893150684931507,1.151911575989307
Q29401187,Tibor Kreisz,Tibor Kreisz,克赖斯·蒂博尔,1958-04-16,11,day,1,0,2,,,1958-04-16[p=11],UNREVIEWED,,male,Q6581097,Hungary,Q28,Budapest,Q1781,Hungary,Q28,47.498333333333,19.040833333333,north,128409,,https://en.wikipedia.org/wiki/Tibor_Kreisz,https://zh.wikipedia.org/wiki/%E5%85%8B%E8%B5%96%E6%96%AF%C2%B7%E8%92%82%E5%8D%9A%E5%B0%94,1,1,0,0,0,1958-04-16,1958,土|土|火|土|水|水,3.0,0.5,0.3888888888888889,1.0114042647073518,0,historical,QID:Q29401187,1958-04-16,,,,,,,,,,,,,,,,,,,,,,,,,historical,1,3.106849315068493,0.7753639285762312,365,-0.10684931506849304,-0.1378053725876777
Q38915045,Titus Omotara,Titus Omotara,,1958-04-08,11,day,1,0,1,,,1958-04-08[p=11],UNREVIEWED,,male,Q6581097,Nigeria,Q1033,,,,,,,unknown,90063,1025.0,https://en.wikipedia.org/wiki/Titus_Omotara,,1,1,0,0,0,1958-04-08,1958,土|土|火|土|木|木,3.0,0.5,0.3888888888888889,1.0114042647073518,0,historical,QID:Q38915045,1958-04-08,,,,,,,,,,,,,,,,,,,,,,,,,historical,1,3.106849315068493,0.7753639285762312,365,-0.10684931506849304,-0.1378053725876777
Q28065702,Tommy Danielsson,Tommy Danielsson,,1959-01-29,11,day,1,0,1,,,1959-01-29[p=11],UNREVIEWED,,male,Q6581097,Sweden,Q34,Sölvesborg,Q898727,Sweden,Q34,56.029917618872,14.57417007736,north,102069,,,,1,1,0,0,0,1959-01-29,1959,土|土|木|土|金|水,4.0,0.5,0.33333333333333337,1.242453324894,0,historical,QID:Q28065702,1959-01-29,,,,,,,,,,,,,,,,,,,,,,,,,historical,1,3.717808219178082,0.7185421874928325,365,0.28219178082191787,0.39272820125781793
Q24006845,Andrea McDonnell,Andrea McDonnell,安德烈娅·麦克唐奈,1960-07-07,11,day,1,0,0,,,1960-07-07[p=11],UNREVIEWED,,female,Q6581072,Australia,Q408,,,,,,,unknown,105983,,https://en.wikipedia.org/wiki/Andrea_McDonnell,https://zh.wikipedia.org/wiki/%E5%AE%89%E5%BE%B7%E7%83%88%E5%A8%85%C2%B7%E9%BA%A6%E5%85%8B%E5%94%90%E5%A5%88,1,1,0,0,0,1960-07-07,1960,金|水|水|土|火|金,4.0,0.3333333333333333,0.2777777777777778,1.3296613488547582,0,historical,QID:Q24006845,1960-07-07,,,,,,,,,,,,,,,,,,,,,,,,,historical,1,3.8934426229508197,0.6211881286851856,366,0.10655737704918034,0.1715380126061343
Q17543391,Atanda Musa,Atanda Musa,阿坦达·穆萨,1960-02-03,11,day,1,0,0,,,1960-02-03[p=11],UNREVIEWED,,male,Q6581097,Nigeria,Q1033,Nigeria,Q1033,Nigeria,Q1033,9.0,8.0,north,106496,1022.0,https://en.wikipedia.org/wiki/Atanda_Musa,https://zh.wikipedia.org/wiki/%E9%98%BF%E5%9D%A6%E8%BE%BE%C2%B7%E7%A9%86%E8%90%A8,1,1,0,0,0,1960-02-03,1960,土|水|火|土|金|金,4.0,0.3333333333333333,0.2777777777777778,1.3296613488547582,0,historical,QID:Q17543391,1960-02-03,,,,,,,,,,,,,,,,,,,,,,,,,historical,1,3.8934426229508197,0.6211881286851856,366,0.10655737704918034,0.1715380126061343
Q916300,Brigitte Gropper,Brigitte Gropper,,1960-06-18,11,day,1,0,1,,,1960-06-18[p=11],UNREVIEWED,,female,Q6581072,Austria,Q40,,,,,,,unknown,103268,,,,1,1,0,0,0,1960-06-18,1960,金|水|水|火|火|土,4.0,0.3333333333333333,0.2777777777777778,1.3296613488547582,0,historical,QID:Q916300,1960-06-18,,,,,,,,,,,,,,,,,,,,,,,,,historical,1,3.8934426229508197,0.6211881286851856,366,0.10655737704918034,0.1715380126061343
Q1351883,Erich Amplatz,Erich Amplatz,,1960-02-06,11,day,1,0,1,,,1960-02-06[p=11],UNREVIEWED,,male,Q6581097,Austria,Q40,Judenburg,Q263107,Austria,Q40,47.1725,14.660277777778,north,90005,646.0,https://en.wikipedia.org/wiki/Erich_Amplatz,,1,1,0,0,0,1960-02-06,1960,金|水|土|木|木|水,4.0,0.3333333333333333,0.2777777777777778,1.3296613488547582,0,historical,QID:Q1351883,1960-02-06,,,,,,,,,,,,,,,,,,,,,,,,,historical,1,3.8934426229508197,0.6211881286851856,366,0.10655737704918034,0.1715380126061343
Q19310005,Thomas Ogunrinde,Thomas Ogunrinde,,1960-11-04,11,day,1,0,0,,,1960-11-04[p=11],UNREVIEWED,,male,Q6581097,Nigeria,Q1033,,,,,,,unknown,127452,,,,1,1,0,0,0,1960-11-04,1960,金|水|火|土|火|金,4.0,0.3333333333333333,0.2777777777777778,1.3296613488547582,0,historical,QID:Q19310005,1960-11-04,,,,,,,,,,,,,,,,,,,,,,,,,historical,1,3.8934426229508197,0.6211881286851856,366,0.10655737704918034,0.1715380126061343
Q449032,Valentina Popova,Valentina Popova,瓦莲京娜·波波娃,1960-11-21,11,day,1,0,1,,,1960-11-21[p=11],UNREVIEWED,,female,Q6581072,Soviet Union;Slovakia,Q15180;Q214,Sumgait,Q179833,Azerbaijan,Q227,40.59611111111112,49.67,north,107510,2715.0,https://en.wikipedia.org/wiki/Valentina_Popova_%28table_tennis%29,https://zh.wikipedia.org/wiki/%E7%93%A6%E8%8E%B2%E4%BA%AC%E5%A8%9C%C2%B7%E6%B3%A2%E6%B3%A2%E5%A8%83,1,1,0,0,0,1960-11-21,1960,金|水|火|水|水|土,4.0,0.5,0.3333333333333333,1.2424533248940002,0,historical,QID:Q449032,1960-11-21,,,,,,,,,,,,,,,,,,,,,,,,,historical,1,3.8934426229508197,0.6211881286851856,366,0.10655737704918034,0.1715380126061343
Q17543390,Yomi Bankole,Yomi Bankole,,1960-01-07,11,day,1,0,1,,,1960-01-07[p=11],UNREVIEWED,,male,Q6581097,Nigeria,Q1033,Lagos,Q8673,Nigeria,Q1033,6.456111111111111,3.393611111111112,north,90007,1019.0,https://en.wikipedia.org/wiki/Yomi_Bankole,,1,1,0,0,0,1960-01-07,1960,土|水|火|土|木|火,4.0,0.3333333333333333,0.2777777777777778,1.3296613488547582,0,historical,QID:Q17543390,1960-01-07,,,,,,,,,,,,,,,,,,,,,,,,,historical,1,3.8934426229508197,0.6211881286851856,366,0.10655737704918034,0.1715380126061343
Q4682426,Adeyemo Fatai,Adeyemo Fatai,,1961-10-26,11,day,1,0,2,https://www.calctt.it/classificamaschile.php,,1961-10-26[p=11],UNREVIEWED,,male,Q6581097,Nigeria,Q1033,,,,,,,unknown,100129,1017.0,https://en.wikipedia.org/wiki/Adeyemo_Fatai,,1,1,0,0,0,1961-10-26,1961,金|土|土|土|水|土,3.0,0.6666666666666666,0.5,0.8675632284814612,0,historical,QID:Q4682426,1961-10-26,,,,,,,,,,,,,,,,,,,,,,,,,historical,1,3.745205479452055,0.6531918873716475,365,-0.7452054794520548,-1.1408676284248678
Q15725924,An Hae-sook,An Hae-sook,安海淑,1961-08-07,11,day,1,0,1,,,1961-08-07[p=11],UNREVIEWED,,female,Q6581072,South Korea,Q884,,,,,,,unknown,130883,,https://en.wikipedia.org/wiki/An_Hae-sook,https://zh.wikipedia.org/wiki/%E5%AE%89%E6%B5%B7%E6%B7%91,1,1,0,0,0,1961-08-07,1961,金|土|木|土|水|金,4.0,0.3333333333333333,0.2777777777777778,1.3296613488547582,0,historical,QID:Q15725924,1961-08-07,,,,,,,,,,,,,,,,,,,,,,,,,historical,1,3.745205479452055,0.6531918873716475,365,0.25479452054794516,0.39007606413056134
Q15793884,Chan Kong Wah,Chan Kong Wah,陳江華 (乒乓球運動員),1961-08-31,11,day,1,0,1,https://web.archive.org/web/20200418064718/https://www.sports-reference.com/olympics/athletes/ch/chan-kong-wah-1.html,,1961-08-31[p=11],UNREVIEWED,,male,Q6581097,British Hong Kong,Q1054923,Hong Kong,Q8646,People's Republic of China,Q148,22.278333333333,114.15861111111,north,101582,199.0,https://en.wikipedia.org/wiki/Chan_Kong_Wah,https://zh.wikipedia.org/wiki/%E9%99%B3%E6%B1%9F%E8%8F%AF_%28%E4%B9%92%E4%B9%93%E7%90%83%E9%81%8B%E5%8B%95%E5%93%A1%29,1,1,0,0,0,1961-08-31,1961,金|土|火|金|火|金,3.0,0.5,0.3888888888888889,1.0114042647073518,0,historical,QID:Q15793884,1961-08-31,,,,,,,,,,,,,,,,,,,,,,,,,historical,1,3.745205479452055,0.6531918873716475,365,-0.7452054794520548,-1.1408676284248678
Q709037,Mikael Appelgren,Mikael Appelgren,米卡埃尔·阿佩尔格伦,1961-10-15,11,day,1,0,1,,,1961-10-15[p=11],UNREVIEWED,,male,Q6581097,Sweden,Q34,Stockholm,Q1754,Sweden,Q34,59.329444444444,18.068611111111,north,100625,2608.0,https://en.wikipedia.org/wiki/Mikael_Appelgren,https://zh.wikipedia.org/wiki/%E7%B1%B3%E5%8D%A1%E5%9F%83%E5%B0%94%C2%B7%E9%98%BF%E4%BD%A9%E5%B0%94%E6%A0%BC%E4%BC%A6,1,1,0,0,0,1961-10-15,1961,金|土|土|土|金|火,3.0,0.5,0.3888888888888889,1.0114042647073518,0,historical,QID:Q709037,1961-10-15,,,,,,,,,,,,,,,,,,,,,,,,,historical,1,3.745205479452055,0.6531918873716475,365,-0.7452054794520548,-1.1408676284248678
Q1672719,Narine Antonyan,Narine Antonyan,,1961-01-22,11,day,1,0,1,,,1961-01-22[p=11],UNREVIEWED,,female,Q6581072,Soviet Union;Germany;Armenia,Q15180;Q183;Q399,Yerevan,Q1953,Armenia,Q399,40.181388888889,44.514444444444,north,130848,,,,1,1,0,0,0,1961-01-22,1961,金|水|土|土|木|木,4.0,0.3333333333333333,0.2777777777777778,1.329661348854758,0,historical,QID:Q1672719,1961-01-22,,,,,,,,,,,,,,,,,,,,,,,,,historical,1,3.745205479452055,0.6531918873716475,365,0.25479452054794516,0.39007606413056134
Q28054836,Scott Boggan,Scott Boggan,,1961-06-13,11,day,1,0,1,,,1961-06-13[p=11],UNREVIEWED,,male,Q6581097,,,,,,,,,unknown,130520,,,,1,1,0,0,0,1961-06-13,1961,金|土|木|火|火|土,4.0,0.3333333333333333,0.2777777777777778,1.3296613488547582,0,historical,QID:Q28054836,1961-06-13,,,,,,,,,,,,,,,,,,,,,,,,,historical,1,3.745205479452055,0.6531918873716475,365,0.25479452054794516,0.39007606413056134
Q11562361,Takehiro Watanabe,Takehiro Watanabe,,1961-12-16,11,day,1,0,1,,,1961-12-16[p=11],UNREVIEWED,,male,Q6581097,Japan,Q17,Fukuoka Prefecture,Q123258,Japan,Q17,33.60611111111111,130.41805555555555,north,90079,882.0,https://en.wikipedia.org/wiki/Takehiro_Watanabe_%28table_tennis%29,,1,1,0,0,0,1961-12-16,1961,金|土|金|水|水|土,3.0,0.3333333333333333,0.3333333333333333,1.0986122886681096,0,historical,QID:Q11562361,1961-12-16,,,,,,,,,,,,,,,,,,,,,,,,,historical,1,3.745205479452055,0.6531918873716475,365,-0.7452054794520548,-1.1408676284248678
Q18535125,Wang Yansheng,Wang Yansheng,,1961-01-10,11,day,1,0,0,,,1961-01-10[p=11],UNREVIEWED,,male,Q6581097,Norway,Q20,,,,,,,unknown,125790,,,,1,1,0,0,0,1961-01-10,1961,金|水|土|土|水|木,4.0,0.3333333333333333,0.2777777777777778,1.3296613488547582,0,historical,QID:Q18535125,1961-01-10,,,,,,,,,,,,,,,,,,,,,,,,,historical,1,3.745205479452055,0.6531918873716475,365,0.25479452054794516,0.39007606413056134
Q38001249,Xu Zengcai,Xu Zengcai,许增才,1961-10-01,11,day,1,0,1,,,1961-10-01[p=11],UNREVIEWED,,male,Q6581097,People's Republic of China,Q148,,,,,,,unknown,90080,2331.0,https://en.wikipedia.org/wiki/Xu_Zengcai,https://zh.wikipedia.org/wiki/%E8%AE%B8%E5%A2%9E%E6%89%8D,1,1,0,0,0,1961-10-01,1961,金|土|火|金|火|木,4.0,0.3333333333333333,0.2777777777777778,1.3296613488547582,0,historical,QID:Q38001249,1961-10-01,,,,,,,,,,,,,,,,,,,,,,,,,historical,1,3.745205479452055,0.6531918873716475,365,0.25479452054794516,0.39007606413056134
Q97418001,Blanca Alejo,Blanca Alejo,,1962-03-16,11,day,1,0,0,,,1962-03-16[p=11],UNREVIEWED,,female,Q6581072,,,Santo Domingo,Q34820,Dominican Republic,Q786,18.4625,-69.93611111111112,north,100416,2399.0,https://en.wikipedia.org/wiki/Blanca_Alejo,,1,1,0,0,0,1962-03-16,1962,水|木|水|木|水|土,3.0,0.5,0.3888888888888889,1.0114042647073518,0,historical,QID:Q97418001,1962-03-16,,,,,,,,,,,,,,,,,,,,,,,,,historical,1,3.728767123287671,0.7705926526244522,365,-0.7287671232876711,-0.9457229066558921
Q22693682,Borys Rozenberh,Borys Rozenberh,,1962-07-09,11,day,1,0,0,,,1962-07-09[p=11],UNREVIEWED,,male,Q6581097,Soviet Union;Ukraine,Q15180;Q212,Odesa,Q1874,Russian Empire,Q34266,46.47747,30.73262,north,108045,2717.0,https://en.wikipedia.org/wiki/Borys_Rozenberh,,1,1,0,0,0,1962-07-09,1962,水|木|火|土|土|金,5.0,0.3333333333333333,0.2222222222222222,1.5607104090414063,1,historical,QID:Q22693682,1962-07-09,,,,,,,,,,,,,,,,,,,,,,,,,historical,1,3.728767123287671,0.7705926526244522,365,1.2712328767123289,1.649682062738098
Q3407143,Chen Zhibin,Chen Zhibin,陈志斌,1962-10-21,11,day,1,0,1,,,1962-10-21[p=11],UNREVIEWED,,male,Q6581097,Germany,Q183,,,,,,,unknown,101684,,https://en.wikipedia.org/wiki/Chen_Zhibin,https://zh.wikipedia.org/wiki/%E9%99%88%E5%BF%97%E6%96%8C,1,1,0,0,0,1962-10-21,1962,水|木|金|土|水|土,4.0,0.3333333333333333,0.2777777777777778,1.3296613488547582,0,historical,QID:Q3407143,1962-10-21,,,,,,,,,,,,,,,,,,,,,,,,,historical,1,3.728767123287671,0.7705926526244522,365,0.2712328767123289,0.3519795780411029
Q291945,Gordana Perkučin,Gordana Perkučin,戈尔达娜·佩尔库钦,1962-05-07,11,day,1,0,0,,,1962-05-07[p=11],UNREVIEWED,,female,Q6581072,Yugoslavia;Socialist Federal Republic of Yugoslavia,Q36704;Q83286,Novi Kneževac,Q856293,Serbia,Q403,46.05,20.1,north,90068,2816.0,https://en.wikipedia.org/wiki/Gordana_Perku%C4%8Din,https://zh.wikipedia.org/wiki/%E6%88%88%E5%B0%94%E8%BE%BE%E5%A8%9C%C2%B7%E4%BD%A9%E5%B0%94%E5%BA%93%E9%92%A6,1,1,0,0,0,1962-05-07,1962,水|木|木|火|木|火,3.0,0.5,0.3888888888888889,1.0114042647073516,0,historical,QID:Q291945,1962-05-07,,,,,,,,,,,,,,,,,,,,,,,,,historical,1,3.728767123287671,0.7705926526244522,365,-0.7287671232876711,-0.9457229066558921
Q1592220,He Zhiwen,He Zhiwen,何志文,1962-05-31,11,day,1,0,1,,,1962-05-31[p=11],UNREVIEWED,,male,Q6581097,Spain,Q29,Huangyan District,Q1027910,People's Republic of China,Q148,28.64815,121.25867,north,103518,107517.0,https://en.wikipedia.org/wiki/He_Zhiwen,https://zh.wikipedia.org/wiki/%E4%BD%95%E5%BF%97%E6%96%87_%28%E4%B9%92%E4%B9%93%E7%90%83%E8%BF%90%E5%8A%A8%E5%91%98%29,1,1,0,0,0,1962-05-31,1962,水|木|木|火|土|火,4.0,0.3333333333333333,0.2777777777777778,1.329661348854758,0,historical,QID:Q1592220,1962-05-31,,,,,,,,,,,,,,,,,,,,,,,,,historical,1,3.728767123287671,0.7705926526244522,365,0.2712328767123289,0.3519795780411029
Q11500624,Kiyoshi Saitō,Kiyoshi Saitō,,1962-09-30,11,day,1,0,1,,,1962-09-30[p=11],UNREVIEWED,,male,Q6581097,Japan,Q17,,,,,,,unknown,90073,876.0,https://en.wikipedia.org/wiki/Kiyoshi_Saito_%28table_tennis%29,,1,1,0,0,0,1962-09-30,1962,水|木|土|金|金|土,4.0,0.3333333333333333,0.2777777777777778,1.3296613488547582,0,historical,QID:Q11500624,1962-09-30,,,,,,,,,,,,,,,,,,,,,,,,,historical,1,3.728767123287671,0.7705926526244522,365,0.2712328767123289,0.3519795780411029
Q19757978,Mok Ka Sha,Mok Ka Sha,莫卡莎,1962-10-23,11,day,1,0,0,,,1962-10-23[p=11],UNREVIEWED,,female,Q6581072,British Hong Kong,Q1054923,Guangdong,Q15175,People's Republic of China,Q148,23.4,113.5,north,90056,194.0,https://en.wikipedia.org/wiki/Mok_Ka_Sha,,1,1,0,0,0,1962-10-23,1962,水|木|金|土|木|火,5.0,0.3333333333333333,0.22222222222222227,1.5607104090414063,1,historical,QID:Q19757978,1962-10-23,,,,,,,,,,,,,,,,,,,,,,,,,historical,1,3.728767123287671,0.7705926526244522,365,1.2712328767123289,1.649682062738098
Q11817838,Piotr Molenda,Piotr Molenda,,1962-03-03,11,day,1,0,1,,,1962-03-03[p=11],UNREVIEWED,,male,Q6581097,Poland,Q36,Bielsko-Biała,Q106583,Poland,Q36,49.8225,19.044444444444,north,90057,2471.0,https://en.wikipedia.org/wiki/Piotr_Molenda,,1,1,0,0,0,1962-03-03,1962,水|木|水|木|金|水,3.0,0.5,0.3888888888888889,1.0114042647073518,0,historical,QID:Q11817838,1962-03-03,,,,,,,,,,,,,,,,,,,,,,,,,historical,1,3.728767123287671,0.7705926526244522,365,-0.7287671232876711,-0.9457229066558921
Q1370093,Wei Qingguang,Wei Qingguang,韦晴光,1962-07-02,11,day,1,0,2,,,1962-07-02[p=11],UNREVIEWED,,male,Q6581097,Japan,Q17,Nanning,Q179608,People's Republic of China,Q148,22.81918,108.31501,north,103920,2328.0,https://en.wikipedia.org/wiki/Wei_Qingguang,https://zh.wikipedia.org/wiki/%E9%9F%A6%E6%99%B4%E5%85%89,1,1,0,0,0,1962-07-02,1962,水|木|火|火|金|土,5.0,0.3333333333333333,0.22222222222222227,1.5607104090414063,1,historical,QID:Q1370093,1962-07-02,,,,,,,,,,,,,,,,,,,,,,,,,historical,1,3.728767123287671,0.7705926526244522,365,1.2712328767123289,1.649682062738098
Q28054835,Eric Boggan,Eric Boggan,,1963-08-14,11,day,1,0,1,,,1963-08-14[p=11],UNREVIEWED,,male,Q6581097,,,,,,,,,unknown,130521,,,,1,1,0,0,0,1963-08-14,1963,水|木|金|金|土|土,4.0,0.3333333333333333,0.2777777777777778,1.3296613488547582,0,historical,QID:Q28054835,1963-08-14,,,,,,,,,,,,,,,,,,,,,,,,,historical,1,3.6410958904109587,0.722449210435508,365,0.3589041095890413,0.49678801555155155
Q28445294,Francis Sule,Francis Sule,,1963-12-24,11,day,1,0,1,,,1963-12-24[p=11],UNREVIEWED,,male,Q6581097,Nigeria,Q1033,,,,,,,unknown,126332,,,,1,1,0,0,0,1963-12-24,1963,水|木|木|水|金|土,4.0,0.3333333333333333,0.2777777777777778,1.3296613488547582,0,historical,QID:Q28445294,1963-12-24,,,,,,,,,,,,,,,,,,,,,,,,,historical,1,3.6410958904109587,0.722449210435508,365,0.3589041095890413,0.49678801555155155
Q535312,Geng Lijuan,Geng Lijuan,耿丽娟,1963-01-15,11,day,1,0,0,,,1963-01-15[p=11],UNREVIEWED,,female,Q6581072,People's Republic of China,Q148,Hebei,Q21208,People's Republic of China,Q148,38.042222222222,114.50861111111,north,103022,735.0,https://en.wikipedia.org/wiki/Geng_Lijuan,https://zh.wikipedia.org/wiki/%E8%80%BF%E4%B8%BD%E5%A8%9F,1,1,0,0,0,1963-01-15,1963,水|木|水|土|土|火,4.0,0.3333333333333333,0.2777777777777778,1.3296613488547582,0,historical,QID:Q535312,1963-01-15,,,,,,,,,,,,,,,,,,,,,,,,,historical,1,3.6410958904109587,0.722449210435508,365,0.3589041095890413,0.49678801555155155
Q15819937,Ildiko Imamura,Ildiko Imamura,,1963-12-03,11,day,1,0,0,,,1963-12-03[p=11],UNREVIEWED,,female,Q6581072,Hungary,Q28,,,,,,,unknown,125393,,,,1,1,0,0,0,1963-12-03,1963,水|木|水|水|金|土,4.0,0.5,0.3333333333333333,1.2424533248940002,0,historical,QID:Q15819937,1963-12-03,,,,,,,,,,,,,,,,,,,,,,,,,historical,1,3.6410958904109587,0.722449210435508,365,0.3589041095890413,0.49678801555155155
Q115306,Jing Tian-Zörner,Jing Tian-Zörner,,1963-02-09,11,day,1,0,1,http://www.munzinger.de/search/go/document.jsp?id=01000005307,,1963-02-09[p=11],UNREVIEWED,,female,Q6581072,Germany,Q183,Sichuan,Q19770,People's Republic of China,Q148,30.0,103.0,north,109416,93976.0,https://en.wikipedia.org/wiki/Jing_Tian-Z%C3%B6rner,,1,1,0,0,0,1963-02-09,1963,水|木|木|木|水|土,3.0,0.5,0.3888888888888889,1.0114042647073518,0,historical,QID:Q115306,1963-02-09,,,,,,,,,,,,,,,,,,,,,,,,,historical,1,3.6410958904109587,0.722449210435508,365,-0.6410958904109587,-0.887392333122618
Q19295767,Maria Alboiu,Maria Alboiu,,1963-09-05,11,day,1,0,0,,,1963-09-05[p=11],UNREVIEWED,,female,Q6581072,Romania,Q218,Brezoi,Q526019,Romania,Q218,45.34416667,24.23944444,north,128029,,,,1,1,0,0,0,1963-09-05,1963,水|木|金|金|金|水,3.0,0.5,0.3888888888888889,1.0114042647073518,0,historical,QID:Q19295767,1963-09-05,,,,,,,,,,,,,,,,,,,,,,,,,historical,1,3.6410958904109587,0.722449210435508,365,-0.6410958904109587,-0.887392333122618
Q436937,Xia Lian Ni,Xia Lian Ni,倪夏蓮,1963-07-04,11,day,1,0,1,,,1963-07-04[p=11],UNREVIEWED,,female,Q6581072,Luxembourg,Q32,Shanghai,Q8686,People's Republic of China,Q148,31.2325,121.46916666666668,north,106706,93997.0,https://en.wikipedia.org/wiki/Ni_Xialian,https://zh.wikipedia.org/wiki/%E5%80%AA%E5%A4%8F%E8%8E%B2,1,1,0,0,0,1963-07-04,1963,水|木|土|火|土|金,5.0,0.3333333333333333,0.2222222222222222,1.5607104090414063,1,historical,QID:Q436937,1963-07-04,,,,,,,,,,,,,,,,,,,,,,,,,historical,1,3.6410958904109587,0.722449210435508,365,1.3589041095890413,1.8809683642257211
Q523791,Erik Lindh,Erik Lindh,埃里克·林德,1964-05-24,11,day,1,0,1,,,1964-05-24[p=11],UNREVIEWED,,male,Q6581097,Sweden,Q34,Kungälv,Q27455,Sweden,Q34,57.872345169805,11.975784761184,north,105426,2625.0,https://en.wikipedia.org/wiki/Erik_Lindh_%28table_tennis%29,https://zh.wikipedia.org/wiki/%E5%9F%83%E9%87%8C%E5%85%8B%C2%B7%E6%9E%97%E5%BE%B7,1,1,0,0,0,1964-05-24,1964,木|土|土|火|水|金,5.0,0.3333333333333333,0.2222222222222222,1.5607104090414063,1,historical,QID:Q523791,1964-05-24,,,,,,,,,,,,,,,,,,,,,,,,,historical,1,3.762295081967213,0.7408245538164826,366,1.237704918032787,1.670712602135744
Q443217,He Zhili,He Zhili,何智丽,1964-09-30,11,day,1,0,2,,,1964-09-30[p=11],UNREVIEWED,,female,Q6581072,People's Republic of China;Japan,Q148;Q17,Shanghai,Q8686,People's Republic of China,Q148,31.2325,121.46916666666668,north,104872,843.0,https://en.wikipedia.org/wiki/He_Zhili,https://zh.wikipedia.org/wiki/%E4%BD%95%E6%99%BA%E4%B8%BD,1,1,0,0,0,1964-09-30,1964,木|土|水|金|水|火,5.0,0.3333333333333333,0.2222222222222222,1.5607104090414063,1,historical,QID:Q443217,1964-09-30,,,,,,,,,,,,,,,,,,,,,,,,,historical,1,3.762295081967213,0.7408245538164826,366,1.237704918032787,1.670712602135744
Q1392003,Jiang Jialiang,Jiang Jialiang,江嘉良,1964-03-03,11,day,1,0,1,,,1964-03-03[p=11],UNREVIEWED,,male,Q6581097,People's Republic of China,Q148,Zhongshan,Q59223,People's Republic of China,Q148,22.533333333333,113.35,north,90035,2312.0,https://en.wikipedia.org/wiki/Jiang_Jialiang,https://zh.wikipedia.org/wiki/%E6%B1%9F%E5%98%89%E8%89%AF,1,1,0,0,0,1964-03-03,1964,木|土|火|木|金|水,5.0,0.3333333333333333,0.22222222222222227,1.5607104090414063,1,historical,QID:Q1392003,1964-03-03,,,,,,,,,,,,,,,,,,,,,,,,,historical,1,3.762295081967213,0.7408245538164826,366,1.237704918032787,1.670712602135744
Q7174923,Peter Jackson,Peter Jackson,彼得·杰克逊 (乒乓球运动员),1964-10-22,11,day,1,0,1,,,1964-10-22[p=11],UNREVIEWED,,male,Q6581097,New Zealand,Q664,,,,,,,unknown,103991,1051.0,https://en.wikipedia.org/wiki/Peter_Jackson_%28table_tennis%29,https://zh.wikipedia.org/wiki/%E5%BD%BC%E5%BE%97%C2%B7%E6%9D%B0%E5%85%8B%E9%80%8A_%28%E4%B9%92%E4%B9%93%E7%90%83%E8%BF%90%E5%8A%A8%E5%91%98%29,1,1,0,0,0,1964-10-22,1964,木|土|木|土|木|土,2.0,0.5,0.5,0.6931471805599453,0,historical,QID:Q7174923,1964-10-22,,,,,,,,,,,,,,,,,,,,,,,,,historical,1,3.762295081967213,0.7408245538164826,366,-1.762295081967213,-2.378829201716456
Q15850686,Thierry Cabrera,Thierry Cabrera,,1964-06-05,11,day,1,0,1,,,1964-06-05[p=11],UNREVIEWED,,male,Q6581097,Belgium,Q31,Namur,Q134121,Belgium,Q31,50.466666666667,4.8666666666667,north,101427,,,,1,1,0,0,0,1964-06-05,1964,木|土|土|火|木|金,4.0,0.3333333333333333,0.2777777777777778,1.3296613488547582,0,historical,QID:Q15850686,1964-06-05,,,,,,,,,,,,,,,,,,,,,,,,,historical,1,3.762295081967213,0.7408245538164826,366,0.23770491803278704,0.32086533418501056
Q715823,Chen Longcan,Chen Longcan,陈龙灿,1965-03-30,11,day,1,0,1,,,1965-03-30[p=11],UNREVIEWED,,male,Q6581097,People's Republic of China,Q148,Xindu District,Q1027369,People's Republic of China,Q148,30.82464,104.16054,north,112916,2306.0,https://en.wikipedia.org/wiki/Chen_Longcan,https://zh.wikipedia.org/wiki/%E9%99%88%E9%BE%99%E7%81%BF,1,1,0,0,0,1965-03-30,1965,木|火|土|木|水|土,4.0,0.3333333333333333,0.2777777777777778,1.3296613488547582,0,historical,QID:Q715823,1965-03-30,,,,,,,,,,,,,,,,,,,,,,,,,historical,1,3.884931506849315,0.6138670509848294,365,0.11506849315068512,0.1874485574133361
Q345360,Jan-Ove Waldner,Jan-Ove Waldner,扬·奥韦·瓦尔德内尔,1965-10-03,11,day,1,0,3,,Q98769076,1965-10-03[p=11],UNREVIEWED,,male,Q6581097,Sweden,Q34,Stockholm,Q1754,Sweden,Q34,59.329444444444,18.068611111111,north,109931,2637.0,https://en.wikipedia.org/wiki/Jan-Ove_Waldner,https://zh.wikipedia.org/wiki/%E6%89%AC-%E5%A5%A5%E9%9F%A6%C2%B7%E7%93%A6%E5%B0%94%E5%BE%B7%E5%86%85%E5%B0%94,1,1,0,0,0,1965-10-03,1965,木|火|木|金|金|木,3.0,0.5,0.3888888888888889,1.0114042647073518,0,historical,QID:Q345360,1965-10-03,,,,,,,,,,,,,,,,,,,,,,,,,historical,1,3.884931506849315,0.6138670509848294,365,-0.8849315068493149,-1.441568667726368
Q19851093,Jolanta Prūsienė,Jolanta Prūsienė,,1965-11-30,11,day,1,0,1,,,1965-11-30[p=11],UNREVIEWED,,female,Q6581072,Lithuania,Q37,Kaunas,Q4115712,Russian Empire,Q34266,54.9,23.933333333333,north,107587,93996.0,https://en.wikipedia.org/wiki/Jolanta_Pr%C5%ABsien%C4%97,,1,1,0,0,0,1965-11-30,1965,木|火|火|水|土|水,4.0,0.3333333333333333,0.2777777777777778,1.3296613488547582,0,historical,QID:Q19851093,1965-11-30,,,,,,,,,,,,,,,,,,,,,,,,,historical,1,3.884931506849315,0.6138670509848294,365,0.11506849315068512,0.1874485574133361
Q11513173,Mika Hoshino,Mika Hoshino,,1965-07-10,11,day,1,0,1,,,1965-07-10[p=11],UNREVIEWED,,female,Q6581072,Japan,Q17,Katashina,Q1203661,Japan,Q17,36.7725,139.2252222222222,north,90029,837.0,https://en.wikipedia.org/wiki/Mika_Hoshino,,1,1,0,0,0,1965-07-10,1965,木|火|水|土|木|土,4.0,0.3333333333333333,0.2777777777777778,1.3296613488547582,0,historical,QID:Q11513173,1965-07-10,,,,,,,,,,,,,,,,,,,,,,,,,historical,1,3.884931506849315,0.6138670509848294,365,0.11506849315068512,0.1874485574133361
Q3069719,Paul Hâldan,Paul Hâldan,,1965-04-12,11,day,1,0,0,,,1965-04-12[p=11],UNREVIEWED,,male,Q6581097,Kingdom of the Netherlands,Q29999,Craiova,Q168057,Romania,Q218,44.333333333333,23.816666666667,north,103380,995.0,https://en.wikipedia.org/wiki/Paul_H%C3%A2ldan,,1,1,0,0,0,1965-04-12,1965,木|火|金|土|火|金,4.0,0.3333333333333333,0.2777777777777778,1.3296613488547582,0,historical,QID:Q3069719,1965-04-12,,,,,,,,,,,,,,,,,,,,,,,,,historical,1,3.884931506849315,0.6138670509848294,365,0.11506849315068512,0.1874485574133361
Q2121556,Qianli Qian,Qianli Qian,,1965-02-07,11,day,1,0,1,,,1965-02-07[p=11],UNREVIEWED,,male,Q6581097,Austria,Q40,Qidong,Q713340,People's Republic of China,Q148,31.81306,121.65739,north,107615,656.0,https://en.wikipedia.org/wiki/Qian_Qianli,,1,1,0,0,0,1965-02-07,1965,木|火|土|木|水|土,4.0,0.3333333333333333,0.2777777777777778,1.3296613488547582,0,historical,QID:Q2121556,1965-02-07,,,,,,,,,,,,,,,,,,,,,,,,,historical,1,3.884931506849315,0.6138670509848294,365,0.11506849315068512,0.1874485574133361
Q21031922,Yunli Schreiner,Yunli Schreiner,,1965-02-20,11,day,1,0,0,,,1965-02-20[p=11],UNREVIEWED,,female,Q6581072,Germany,Q183,Qingdao,Q170322,People's Republic of China,Q148,36.116666666667,120.4,north,108405,,,,1,1,0,0,0,1965-02-20,1965,木|火|土|木|木|火,3.0,0.5,0.3888888888888889,1.0114042647073516,0,historical,QID:Q21031922,1965-02-20,,,,,,,,,,,,,,,,,,,,,,,,,historical,1,3.884931506849315,0.6138670509848294,365,-0.8849315068493149,-1.441568667726368
Q5067748,Chai Po Wa,Chai Po Wa,齊寶華,1966-04-12,11,day,1,0,2,,Q18002875,1966-04-12[p=11],UNREVIEWED,,female,Q6581072,British Hong Kong,Q1054923,Hong Kong,Q8646,People's Republic of China,Q148,22.278333333333,114.15861111111,north,101563,192.0,https://en.wikipedia.org/wiki/Chai_Po_Wa,https://zh.wikipedia.org/wiki/%E9%BD%8A%E5%AF%B6%E8%8F%AF,1,1,0,0,0,1966-04-12,1966,火|火|水|土|金|土,4.0,0.3333333333333333,0.2777777777777778,1.329661348854758,0,historical,QID:Q5067748,1966-04-12,,,,,,,,,,,,,,,,,,,,,,,,,historical,1,3.463013698630137,0.7007662308155213,365,0.536986301369863,0.7662845008169725
Q447207,Jörgen Persson,Jörgen Persson,约尔根·佩尔森,1966-04-22,11,day,1,0,2,,,1966-04-22[p=11],UNREVIEWED,,male,Q6581097,Sweden,Q34,Halmstad,Q26521,Sweden,Q34,56.67397222222223,12.857277777777778,north,107313,2632.0,https://en.wikipedia.org/wiki/J%C3%B6rgen_Persson,https://zh.wikipedia.org/wiki/%E7%BA%A6%E5%B0%94%E6%A0%B9%C2%B7%E4%BD%A9%E5%B0%94%E6%A3%AE,1,1,0,0,0,1966-04-22,1966,火|火|水|土|金|水,4.0,0.3333333333333333,0.2777777777777778,1.3296613488547582,0,historical,QID:Q447207,1966-04-22,,,,,,,,,,,,,,,,,,,,,,,,,historical,1,3.463013698630137,0.7007662308155213,365,0.536986301369863,0.7662845008169725
Q20190583,Norbert Mnich,Norbert Mnich,,1966-04-18,11,day,1,0,0,,,1966-04-18[p=11],UNREVIEWED,,male,Q6581097,Poland,Q36,Kluczbork,Q79322,Poland,Q36,50.983333333333,18.216666666667,north,127765,,https://en.wikipedia.org/wiki/Norbert_Mnich,,1,1,0,0,0,1966-04-18,1966,火|火|水|土|火|土,3.0,0.5,0.3888888888888889,1.0114042647073516,0,historical,QID:Q20190583,1966-04-18,,,,,,,,,,,,,,,,,,,,,,,,,historical,1,3.463013698630137,0.7007662308155213,365,-0.46301369863013697,-0.6607249012146345
Q11361407,Tomoko Shimonaga,Tomoko Shimonaga,,1966-07-14,11,day,1,0,1,,,1966-07-14[p=11],UNREVIEWED,,female,Q6581072,Japan,Q17,Kumamoto,Q199889,Japan,Q17,32.803,130.7078611111111,north,126578,,,,1,1,0,0,0,1966-07-14,1966,火|火|木|土|木|土,3.0,0.3333333333333333,0.3333333333333333,1.0986122886681096,0,historical,QID:Q11361407,1966-07-14,,,,,,,,,,,,,,,,,,,,,,,,,historical,1,3.463013698630137,0.7007662308155213,365,-0.46301369863013697,-0.6607249012146345
Q11672047,Yoshie Takada,Yoshie Takada,,1966-11-20,11,day,1,0,1,,,1966-11-20[p=11],UNREVIEWED,,female,Q6581072,Japan,Q17,,,,,,,unknown,109178,,https://en.wikipedia.org/wiki/Yoshie_Takada,,1,1,0,0,0,1966-11-20,1966,火|火|土|水|水|土,3.0,0.3333333333333333,0.3333333333333333,1.0986122886681096,0,historical,QID:Q11672047,1966-11-20,,,,,,,,,,,,,,,,,,,,,,,,,historical,1,3.463013698630137,0.7007662308155213,365,-0.46301369863013697,-0.6607249012146345
Q123352708,Zhiying Zeng,Zhiying Zeng,,1966-07-17,11,day,1,0,1,https://www.24horas.cl/santiago2023/quien-es-tania-zeng-chilena-raices-orientales-tenis-de-mesa-panamericanos,,1966-07-17[p=11],UNREVIEWED,,female,Q6581072,People's Republic of China;Chile,Q148;Q298,Henan,Q43684,People's Republic of China,Q148,33.9,113.5,north,205401,155115.0,https://en.wikipedia.org/wiki/Zhiying_Zeng,,1,1,0,0,0,1966-07-17,1966,火|火|木|土|火|土,3.0,0.5,0.3888888888888889,1.0114042647073518,0,historical,QID:Q123352708,1966-07-17,,,,,,,,,,,,,,,,,,,,,,,,,historical,1,3.463013698630137,0.7007662308155213,365,-0.46301369863013697,-0.6607249012146345
Q1226351,Ding Yaping,Ding Yaping,,1967-04-13,11,day,1,0,1,,Q23833686,1967-04-13[p=11];1967[p=9],UNREVIEWED,,female,Q6581072,Germany,Q183,Ningbo,Q42780,People's Republic of China,Q148,29.875,121.54916666667,north,102268,,https://en.wikipedia.org/wiki/Ding_Yaping,,1,1,0,0,0,1967-04-13,1967,火|土|木|土|火|土,3.0,0.5,0.3888888888888889,1.0114042647073518,0,historical,QID:Q1226351,1967-04-13,,,,,,,,,,,,,,,,,,,,,,,,,historical,1,3.723287671232877,0.7168537308360179,365,-0.7232876712328768,-1.0089752485341124
Q23947976,Fumiyo Yamashita-Kaizu,Fumiyo Yamashita-Kaizu,,1967-04-01,11,day,1,0,0,,,1967-04-01[p=11],UNREVIEWED,,female,Q6581072,Japan,Q17,,,,,,,unknown,104296,858.0,https://en.wikipedia.org/wiki/Fumiyo_Yamashita-Kaizu,,1,1,0,0,0,1967-04-01,1967,火|土|水|木|木|土,4.0,0.3333333333333333,0.2777777777777778,1.3296613488547582,0,historical,QID:Q23947976,1967-04-01,,,,,,,,,,,,,,,,,,,,,,,,,historical,1,3.723287671232877,0.7168537308360179,365,0.27671232876712315,0.3860094700831261
Q11561750,Hiroshi Shibutani,Hiroshi Shibutani,,1967-04-06,11,day,1,0,1,,,1967-04-06[p=11],UNREVIEWED,,male,Q6581097,Japan,Q17,,,,,,,unknown,108585,878.0,https://en.wikipedia.org/wiki/Hiroshi_Shibutani,,1,1,0,0,0,1967-04-06,1967,火|土|木|土|金|水,5.0,0.3333333333333333,0.2222222222222222,1.5607104090414063,1,historical,QID:Q11561750,1967-04-06,,,,,,,,,,,,,,,,,,,,,,,,,historical,1,3.723287671232877,0.7168537308360179,365,1.2767123287671232,1.7809941887003644
Q11610039,Junko Haneyoshi,Junko Haneyoshi,,1967-06-30,11,day,1,0,1,,,1967-06-30[p=11],UNREVIEWED,,female,Q6581072,People's Republic of China,Q148,,,,,,,unknown,103424,,https://en.wikipedia.org/wiki/Li_Jun_%28table_tennis%29,,1,1,0,0,0,1967-06-30,1967,火|土|火|火|木|土,3.0,0.5,0.3888888888888889,1.0114042647073518,0,historical,QID:Q11610039,1967-06-30,,,,,,,,,,,,,,,,,,,,,,,,,historical,1,3.723287671232877,0.7168537308360179,365,-0.7232876712328768,-1.0089752485341124
Q11474522,Kiyonobu Iwasaki,Kiyonobu Iwasaki,,1967-01-30,11,day,1,0,1,,,1967-01-30[p=11],UNREVIEWED,,male,Q6581097,Japan,Q17,,,,,,,unknown,103977,,,,1,1,0,0,0,1967-01-30,1967,火|火|金|土|木|火,4.0,0.5,0.33333333333333337,1.242453324894,0,historical,QID:Q11474522,1967-01-30,,,,,,,,,,,,,,,,,,,,,,,,,historical,1,3.723287671232877,0.7168537308360179,365,0.27671232876712315,0.3860094700831261
Q365860,Kōji Matsushita,Kōji Matsushita,,1967-08-28,11,day,1,0,1,,,1967-08-28[p=11],UNREVIEWED,,male,Q6581097,Japan,Q17,Toyohashi,Q336431,Japan,Q17,34.76916666666666,137.39152777777778,north,105931,868.0,https://en.wikipedia.org/wiki/K%C5%8Dji_Matsushita,,1,1,0,0,0,1967-08-28,1967,火|土|土|金|木|水,5.0,0.3333333333333333,0.2222222222222222,1.5607104090414063,1,historical,QID:Q365860,1967-08-28,,,,,,,,,,,,,,,,,,,,,,,,,historical,1,3.723287671232877,0.7168537308360179,365,1.2767123287671232,1.7809941887003644
Q4931,Wang Tao,Wang Tao,王涛,1967-12-13,11,day,1,0,1,,,1967-12-13[p=11],UNREVIEWED,,male,Q6581097,People's Republic of China,Q148,Beijing,Q956,People's Republic of China,Q148,39.90403,116.407526,north,109984,2327.0,https://en.wikipedia.org/wiki/Wang_Tao_%28table_tennis%29,https://zh.wikipedia.org/wiki/%E7%8E%8B%E6%B6%9B_%28%E4%B9%92%E4%B9%93%E7%90%83%E8%BF%90%E5%8A%A8%E5%91%98%29,1,1,0,0,0,1967-12-13,1967,火|土|水|水|金|水,4.0,0.5,0.3333333333333333,1.2424533248940002,0,historical,QID:Q4931,1967-12-13,,,,,,,,,,,,,,,,,,,,,,,,,historical,1,3.723287671232877,0.7168537308360179,365,0.27671232876712315,0.3860094700831261
Q109918878,Yūji Matsushita,Yūji Matsushita,,1967-08-28,11,day,1,0,0,,,1967-08-28[p=11],UNREVIEWED,,male,Q6581097,Japan,Q17,Aichi Prefecture,Q80434,Japan,Q17,35.180166666666665,136.90641666666667,north,105932,,,,1,1,0,0,0,1967-08-28,1967,火|土|土|金|木|水,5.0,0.3333333333333333,0.2222222222222222,1.5607104090414063,1,historical,QID:Q109918878,1967-08-28,,,,,,,,,,,,,,,,,,,,,,,,,historical,1,3.723287671232877,0.7168537308360179,365,1.2767123287671232,1.7809941887003644
Q11282235,Aida Steshenko,Aida Steshenko,,1968-08-11,11,day,1,0,0,,,1968-08-11[p=11],UNREVIEWED,,female,Q6581072,Turkmenistan,Q874,,,,,,,unknown,108977,232.0,https://en.wikipedia.org/wiki/Aida_Steshenko,,1,1,0,0,0,1968-08-11,1968,土|金|金|金|水|土,3.0,0.5,0.3888888888888889,1.0114042647073516,0,historical,QID:Q11282235,1968-08-11,,,,,,,,,,,,,,,,,,,,,,,,,historical,1,3.540983606557377,0.700068970969347,366,-0.540983606557377,-0.7727575838824948
Q438710,Allan Bentsen,Allan Bentsen,阿兰·本特森,1968-08-21,11,day,1,0,2,,,1968-08-21[p=11],UNREVIEWED,,male,Q6581097,Kingdom of Denmark,Q756617,Odense,Q25331,Denmark,Q35,55.4,10.383333333333,north,101075,123161.0,https://en.wikipedia.org/wiki/Allan_Bentsen,https://zh.wikipedia.org/wiki/%E9%98%BF%E5%85%B0%C2%B7%E6%9C%AC%E7%89%B9%E6%A3%AE,1,1,0,0,0,1968-08-21,1968,土|金|金|金|水|水,3.0,0.5,0.3888888888888889,1.0114042647073518,0,historical,QID:Q438710,1968-08-21,,,,,,,,,,,,,,,,,,,,,,,,,historical,1,3.540983606557377,0.700068970969347,366,-0.540983606557377,-0.7727575838824948
Q15992130,Andras Podpinka,Andras Podpinka,,1968-04-16,11,day,1,0,1,,,1968-04-16[p=11],UNREVIEWED,,male,Q6581097,Belgium,Q31,Budapest,Q1781,Hungary,Q28,47.498333333333,19.040833333333,north,107467,,https://en.wikipedia.org/wiki/Andras_Podpinka,,1,1,0,0,0,1968-04-16,1968,土|金|火|土|火|土,3.0,0.5,0.3888888888888889,1.0114042647073516,0,historical,QID:Q15992130,1968-04-16,,,,,,,,,,,,,,,,,,,,,,,,,historical,1,3.540983606557377,0.700068970969347,366,-0.540983606557377,-0.7727575838824948
Q253708,Chen Jing,Chen Jing,陈静,1968-09-20,11,day,1,0,1,,,1968-09-20[p=11],UNREVIEWED,,female,Q6581072,Taiwan,Q865,Wuhan,Q11746,People's Republic of China,Q148,30.595,114.2975,north,101660,778.0,https://en.wikipedia.org/wiki/Chen_Jing_%28table_tennis%29,https://zh.wikipedia.org/wiki/%E9%99%B3%E9%9D%9C_%28%E4%B9%92%E4%B9%93%E7%90%83%E9%81%8B%E5%8B%95%E5%93%A1%29,1,1,0,0,0,1968-09-20,1968,土|金|金|金|水|火,4.0,0.5,0.33333333333333337,1.242453324894,0,historical,QID:Q253708,1968-09-20,,,,,,,,,,,,,,,,,,,,,,,,,historical,1,3.540983606557377,0.700068970969347,366,0.459016393442623,0.6556731014760564
Q441504,Chen Zihe,Chen Zihe,陈子荷,1968-02-29,11,day,1,0,1,,,1968-02-29[p=11],UNREVIEWED,,female,Q6581072,People's Republic of China,Q148,,,,,,,unknown,101685,779.0,https://en.wikipedia.org/wiki/Chen_Zihe,https://zh.wikipedia.org/wiki/%E9%99%88%E5%AD%90%E8%8D%B7,1,1,0,0,0,1968-02-29,1968,土|金|木|木|土|火,4.0,0.3333333333333333,0.2777777777777778,1.3296613488547582,0,historical,QID:Q441504,1968-02-29,,,,,,,,,,,,,,,,,,,,,,,,,historical,1,3.540983606557377,0.700068970969347,366,0.459016393442623,0.6556731014760564
Q5268448,Dexter St. Louis,Dexter St. Louis,德克斯特·圣路易斯,1968-03-21,11,day,1,0,3,https://www.sports-reference.com/olympics/athletes/st/dexter-st-louis-1.html,,1968-03-21[p=11],UNREVIEWED,,male,Q6581097,Trinidad and Tobago,Q754,Couva,Q2602007,Trinidad and Tobago,Q754,10.416666666667,-61.45,north,108921,2699.0,https://en.wikipedia.org/wiki/Dexter_St._Louis,https://zh.wikipedia.org/wiki/%E5%BE%B7%E5%85%8B%E6%96%AF%E7%89%B9%C2%B7%E5%9C%A3%E8%B7%AF%E6%98%93%E6%96%AF,1,1,0,0,0,1968-03-21,1968,土|金|木|木|金|木,3.0,0.5,0.3888888888888889,1.0114042647073518,0,historical,QID:Q5268448,1968-03-21,,,,,,,,,,,,,,,,,,,,,,,,,historical,1,3.540983606557377,0.700068970969347,366,-0.540983606557377,-0.7727575838824948
Q28969640,Jana Dobešová,Jana Dobešová,,1968-08-06,11,day,1,0,1,,,1968-08-06[p=11],UNREVIEWED,,female,Q6581072,Czech Republic;Czechoslovakia,Q213;Q33946,Přerov,Q470380,Czech Republic,Q213,49.455555555556,17.451111111111,north,102311,2351.0,https://en.wikipedia.org/wiki/Jana_Dobe%C5%A1ov%C3%A1,,1,1,0,0,0,1968-08-06,1968,土|金|土|土|土|金,2.0,0.6666666666666666,0.5555555555555556,0.6365141682948128,0,historical,QID:Q28969640,1968-08-06,,,,,,,,,,,,,,,,,,,,,,,,,historical,1,3.540983606557377,0.700068970969347,366,-1.540983606557377,-2.201188269241046
Q90970,Jie Schöpp,Jie Schöpp,施婕,1968-01-25,11,day,1,0,1,http://www.munzinger.de/search/go/document.jsp?id=01000003985,,1968-01-25[p=11],UNREVIEWED,,female,Q6581072,Germany,Q183,Baoding,Q58584,People's Republic of China,Q148,38.86712,115.48452,north,108400,134.0,https://en.wikipedia.org/wiki/Jie_Sch%C3%B6pp,https://zh.wikipedia.org/wiki/%E6%96%BD%E5%A9%95,1,1,0,0,0,1968-01-25,1968,火|土|水|土|木|火,4.0,0.3333333333333333,0.2777777777777778,1.3296613488547582,0,historical,QID:Q90970,1968-01-25,,,,,,,,,,,,,,,,,,,,,,,,,historical,1,3.540983606557377,0.700068970969347,366,0.459016393442623,0.6556731014760564
Q73533441,Kyoko Uchiyama,Kyoko Uchiyama,内山京子,1968-11-16,11,day,1,0,1,https://web.archive.org/web/20121109222119/https://www.sports-reference.com/olympics/athletes/uc/kyoko-uchiyama-1.html,Q18002875,1968-11-16[p=11],UNREVIEWED,,female,Q6581072,Japan,Q17,,,,,,,unknown,90076,857.0,https://en.wikipedia.org/wiki/Kyoko_Uchiyama,,1,1,0,0,0,1968-11-16,1968,土|金|水|水|金|木,4.0,0.3333333333333333,0.2777777777777778,1.3296613488547582,0,historical,QID:Q73533441,1968-11-16,,,,,,,,,,,,,,,,,,,,,,,,,historical,1,3.540983606557377,0.700068970969347,366,0.459016393442623,0.6556731014760564
Q719674,Ma Wenge,Ma Wenge,马文革,1968-03-27,11,day,1,0,2,,,1968-03-27[p=11],UNREVIEWED,,male,Q6581097,People's Republic of China,Q148,Tianjin,Q11736,People's Republic of China,Q148,39.146666666667,117.20555555556,north,105653,2320.0,https://en.wikipedia.org/wiki/Ma_Wenge,https://zh.wikipedia.org/wiki/%E9%A9%AC%E6%96%87%E9%9D%A9,1,1,0,0,0,1968-03-27,1968,土|金|木|木|火|金,4.0,0.3333333333333333,0.2777777777777778,1.3296613488547582,0,historical,QID:Q719674,1968-03-27,,,,,,,,,,,,,,,,,,,,,,,,,historical,1,3.540983606557377,0.700068970969347,366,0.459016393442623,0.6556731014760564
Q947192,Olga Nemeș,Olga Nemeș,奧爾加·內梅斯,1968-06-09,11,day,1,0,1,,,1968-06-09[p=11],UNREVIEWED,,female,Q6581072,Germany,Q183,Târgu Mureș,Q186349,Kingdom of Romania,Q203493,46.549722222222,24.559722222222,north,106628,129.0,https://en.wikipedia.org/wiki/Olga_Neme%C8%99,,1,1,0,0,0,1968-06-09,1968,土|金|土|火|金|土,3.0,0.5,0.3888888888888889,1.0114042647073518,0,historical,QID:Q947192,1968-06-09,,,,,,,,,,,,,,,,,,,,,,,,,historical,1,3.540983606557377,0.700068970969347,366,-0.540983606557377,-0.7727575838824948
Q274138,Qianhong Gotsch-He,Qianhong Gotsch-He,何千紅,1968-09-07,11,day,1,0,1,http://www.munzinger.de/search/go/document.jsp?id=01000005399,,1968-09-07[p=11],UNREVIEWED,,female,Q6581072,Germany,Q183,Tianjin,Q11736,People's Republic of China,Q148,39.146666666667,117.20555555556,north,103215,93975.0,https://en.wikipedia.org/wiki/Qianhong_Gotsch,https://zh.wikipedia.org/wiki/%E5%8D%83%E7%BA%A2%C2%B7%E6%88%88%E5%A5%87,1,1,0,0,0,1968-09-07,1968,土|金|金|金|金|土,2.0,0.6666666666666666,0.5555555555555556,0.6365141682948128,0,historical,QID:Q274138,1968-09-07,,,,,,,,,,,,,,,,,,,,,,,,,historical,1,3.540983606557377,0.700068970969347,366,-1.540983606557377,-2.201188269241046
Q283933,Qiao Hong,Qiao Hong,乔红,1968-11-21,11,day,1,0,2,http://www.olympic.org/hong-qiao;http://www.sports-reference.com/olympics/athletes/qi/qiao-hong-1.html,,1968-11-21[p=11],UNREVIEWED,,female,Q6581072,People's Republic of China,Q148,Wuhan,Q11746,People's Republic of China,Q148,30.595,114.2975,north,107616,2291.0,https://en.wikipedia.org/wiki/Qiao_Hong,https://zh.wikipedia.org/wiki/%E4%B9%94%E7%BA%A2_%28%E4%B9%92%E4%B9%93%E7%90%83%E8%BF%90%E5%8A%A8%E5%91%98%29,1,1,0,0,0,1968-11-21,1968,土|金|水|水|木|土,4.0,0.3333333333333333,0.2777777777777778,1.3296613488547582,0,historical,QID:Q283933,1968-11-21,,,,,,,,,,,,,,,,,,,,,,,,,historical,1,3.540983606557377,0.700068970969347,366,0.459016393442623,0.6556731014760564
Q61565,Steffen Fetzner,Steffen Fetzner,斯特芬·费茨纳,1968-08-17,11,day,1,0,3,,Q23833686,1968-08-17[p=11];1968[p=9],UNREVIEWED,,male,Q6581097,Germany,Q183,Karlsruhe,Q1040,Germany,Q183,49.016666666667,8.4,north,102741,140.0,https://en.wikipedia.org/wiki/Steffen_Fetzner,https://zh.wikipedia.org/wiki/%E6%96%AF%E7%89%B9%E8%8A%AC%C2%B7%E8%B4%B9%E8%8C%A8%E7%BA%B3,1,1,0,0,0,1968-08-17,1968,土|金|金|金|土|土,2.0,0.5,0.5,0.6931471805599453,0,historical,QID:Q61565,1968-08-17,,,,,,,,,,,,,,,,,,,,,,,,,historical,1,3.540983606557377,0.700068970969347,366,-1.540983606557377,-2.201188269241046
Q11528164,Taeko Todo,Taeko Todo,東童多英子,1968-10-25,11,day,1,0,1,,,1968-10-25[p=11],UNREVIEWED,,female,Q6581072,People's Republic of China,Q148,,,,,,,unknown,109450,102386.0,https://en.wikipedia.org/wiki/Taeko_Todo,,1,1,0,0,0,1968-10-25,1968,土|金|水|土|土|土,3.0,0.6666666666666666,0.5,0.8675632284814612,0,historical,QID:Q11528164,1968-10-25,,,,,,,,,,,,,,,,,,,,,,,,,historical,1,3.540983606557377,0.700068970969347,366,-0.540983606557377,-0.7727575838824948
Q440772,Yoo Nam-kyu,Yoo Nam-kyu,刘南奎,1968-06-04,11,day,1,0,2,,,1968-06-04[p=11],UNREVIEWED,,male,Q6581097,South Korea,Q884,Busan,Q16520,South Korea,Q884,35.18,129.075,north,110403,933.0,https://en.wikipedia.org/wiki/Yoo_Nam-kyu,https://zh.wikipedia.org/wiki/%E5%88%98%E5%8D%97%E5%A5%8E,1,1,0,0,0,1968-06-04,1968,土|金|火|火|木|火,4.0,0.5,0.33333333333333337,1.242453324894,0,historical,QID:Q440772,1968-06-04,,,,,,,,,,,,,,,,,,,,,,,,,historical,1,3.540983606557377,0.700068970969347,366,0.459016393442623,0.6556731014760564
Q949468,Damien Éloi,Damien Éloi,达米安·埃洛瓦,1969-07-04,11,day,1,0,2,,,1969-07-04[p=11],UNREVIEWED,,male,Q6581097,France,Q142,Vire,Q220684,France,Q142,48.838611111111,-0.88916666666667,north,102537,15.0,https://en.wikipedia.org/wiki/Damien_%C3%89loi,https://zh.wikipedia.org/wiki/%E8%BE%BE%E7%B1%B3%E5%AE%89%C2%B7%E5%9F%83%E6%B4%9B%E7%93%A6,1,1,0,0,0,1969-07-04,1969,土|金|金|火|金|土,3.0,0.5,0.3888888888888889,1.0114042647073518,0,historical,QID:Q949468,1969-07-04,,,,,,,,,,,,,,,,,,,,,,,,,historical,1,3.76986301369863,0.7313026409167219,365,-0.7698630136986302,-1.0527283379334869
Q520832,Elena Timina,Elena Timina,叶连娜·季米娜,1969-05-08,11,day,1,0,1,,,1969-05-08[p=11],UNREVIEWED,,female,Q6581072,Soviet Union;Russia;Kingdom of the Netherlands,Q15180;Q159;Q29999,Moscow,Q649,Duchy of Moscow,Q11750528,55.75055555555556,37.6175,north,109429,2540.0,https://en.wikipedia.org/wiki/Elena_Timina,https://zh.wikipedia.org/wiki/%E5%8F%B6%E8%BF%9E%E5%A8%9C%C2%B7%E5%AD%A3%E7%B1%B3%E5%A8%9C,1,1,0,0,0,1969-05-08,1969,土|金|土|火|水|土,4.0,0.5,0.33333333333333337,1.242453324894,0,historical,QID:Q520832,1969-05-08,,,,,,,,,,,,,,,,,,,,,,,,,historical,1,3.76986301369863,0.7313026409167219,365,0.2301369863013698,0.3146945921224657
Q451729,Gao Jun,Gao Jun,高军,1969-01-25,11,day,1,0,1,,,1969-01-25[p=11],UNREVIEWED,,female,Q6581072,United States,Q30,Baoding,Q58584,People's Republic of China,Q148,38.86712,115.48452,north,102941,783.0,https://en.wikipedia.org/wiki/Gao_Jun,https://zh.wikipedia.org/wiki/%E9%AB%98%E5%86%9B_%28%E4%B9%92%E4%B9%93%E7%90%83%E8%BF%90%E5%8A%A8%E5%91%98%29,1,1,0,0,0,1969-01-25,1969,土|金|木|土|金|水,4.0,0.3333333333333333,0.2777777777777778,1.3296613488547582,0,historical,QID:Q451729,1969-01-25,,,,,,,,,,,,,,,,,,,,,,,,,historical,1,3.76986301369863,0.7313026409167219,365,0.2301369863013698,0.3146945921224657
Q446501,Jean-Michel Saive,Jean-Michel Saive,讓-米歇爾·塞弗,1969-11-17,11,day,1,0,3,,Q30494718,1969-11-17[p=11],UNREVIEWED,,male,Q6581097,Belgium,Q31,Liège,Q3992,Belgium,Q31,50.63972222222223,5.570555555555556,north,108170,682.0,https://en.wikipedia.org/wiki/Jean-Michel_Saive,https://zh.wikipedia.org/wiki/%E8%AE%93-%E7%B1%B3%E6%AD%87%E7%88%BE%C2%B7%E5%A1%9E%E5%BC%97,1,1,0,0,0,1969-11-17,1969,土|金|木|水|火|金,5.0,0.3333333333333333,0.2222222222222222,1.5607104090414063,1,historical,QID:Q446501,1969-11-17,,,,,,,,,,,,,,,,,,,,,,,,,historical,1,3.76986301369863,0.7313026409167219,365,1.2301369863013698,1.6821175221784181
Q506576,Jörg Roßkopf,Jörg Roßkopf,约尔格·罗斯科普夫,1969-05-22,11,day,1,0,3,http://www.ittf.com/biography/biography_web_details.asp?Player_ID=108027;http://www.whoswho.de/bio/joerg-rosskopf.html;https://www.spiegel.de/sport/sonst/joerg-rosskopf-will-timo-boll-zum-erfolg-bei-tischtennis-wm-fuehren-a-817977.html,,1969-05-22[p=11],UNREVIEWED,,male,Q6581097,Germany,Q183,Dieburg,Q525493,Germany,Q183,49.898472222222,8.8384722222222,north,108027,157.0,https://en.wikipedia.org/wiki/J%C3%B6rg_Ro%C3%9Fkopf,https://zh.wikipedia.org/wiki/%E7%BA%A6%E5%B0%94%E6%A0%BC%C2%B7%E7%BD%97%E6%96%AF%E7%A7%91%E6%99%AE%E5%A4%AB,1,1,0,0,0,1969-05-22,1969,土|金|土|火|火|金,3.0,0.3333333333333333,0.3333333333333333,1.0986122886681096,0,historical,QID:Q506576,1969-05-22,,,,,,,,,,,,,,,,,,,,,,,,,historical,1,3.76986301369863,0.7313026409167219,365,-0.7698630136986302,-1.0527283379334869
Q1872770,Lü Lin,Lü Lin,吕林,1969-04-06,11,day,1,0,1,,,1969-04-06[p=11],UNREVIEWED,,male,Q6581097,People's Republic of China,Q148,Wenling,Q524250,People's Republic of China,Q148,28.37974,121.37179,north,105578,2319.0,https://en.wikipedia.org/wiki/L%C3%BC_Lin_%28table_tennis%29,https://zh.wikipedia.org/wiki/%E5%90%95%E6%9E%97,1,1,0,0,0,1969-04-06,1969,土|金|土|土|金|水,3.0,0.5,0.3888888888888889,1.0114042647073516,0,historical,QID:Q1872770,1969-04-06,,,,,,,,,,,,,,,,,,,,,,,,,historical,1,3.76986301369863,0.7313026409167219,365,-0.7698630136986302,-1.0527283379334869
Q16854697,Milan Grman,Milan Grman,,1969-08-25,11,day,1,0,1,,,1969-08-25[p=11],UNREVIEWED,,male,Q6581097,Slovakia,Q214,Topoľčany,Q750423,Slovakia,Q214,48.55,18.183333333333,north,103265,,https://en.wikipedia.org/wiki/Milan_Grman,,1,1,0,0,0,1969-08-25,1969,土|金|水|金|水|金,3.0,0.5,0.3888888888888889,1.0114042647073518,0,historical,QID:Q16854697,1969-08-25,,,,,,,,,,,,,,,,,,,,,,,,,historical,1,3.76986301369863,0.7313026409167219,365,-0.7698630136986302,-1.0527283379334869
Q144864,Patrick Chila,Patrick Chila,帕特里克·希拉,1969-11-27,11,day,1,0,2,,,1969-11-27[p=11],UNREVIEWED,,male,Q6581097,France,Q142,Ris-Orangis,Q274237,France,Q142,48.651111111111,2.4130555555556,north,101717,7.0,https://en.wikipedia.org/wiki/Patrick_Chila,https://zh.wikipedia.org/wiki/%E5%B8%95%E7%89%B9%E9%87%8C%E5%85%8B%C2%B7%E5%B8%8C%E6%8B%89,1,1,0,0,0,1969-11-27,1969,土|金|木|水|火|火,5.0,0.3333333333333333,0.22222222222222227,1.5607104090414063,1,historical,QID:Q144864,1969-11-27,,,,,,,,,,,,,,,,,,,,,,,,,historical,1,3.76986301369863,0.7313026409167219,365,1.2301369863013698,1.6821175221784181
Q725703,Peter Karlsson,Peter Karlsson,彼得·卡尔松,1969-05-29,11,day,1,0,1,,,1969-05-29[p=11],UNREVIEWED,,male,Q6581097,Sweden,Q34,Stenstorp,Q1014060,Sweden,Q34,58.272743721587,13.717163857795,north,104381,2620.0,https://en.wikipedia.org/wiki/Peter_Karlsson_%28table_tennis%29,https://zh.wikipedia.org/wiki/%E5%BD%BC%E5%BE%97%C2%B7%E5%8D%A1%E5%B0%94%E6%9D%BE,1,1,0,0,0,1969-05-29,1969,土|金|土|火|木|土,4.0,0.5,0.33333333333333337,1.242453324894,0,historical,QID:Q725703,1969-05-29,,,,,,,,,,,,,,,,,,,,,,,,,historical,1,3.76986301369863,0.7313026409167219,365,0.2301369863013698,0.3146945921224657
Q12049197,Renata Kasalová,Renata Kasalová,,1969-03-05,11,day,1,0,1,,,1969-03-05[p=11],UNREVIEWED,,female,Q6581072,Czechoslovakia,Q33946,Bánovce nad Bebravou,Q549849,Slovakia,Q214,48.718611111111,18.258055555556,north,90038,2641.0,https://en.wikipedia.org/wiki/Renata_Kasalov%C3%A1,,1,1,0,0,0,1969-03-05,1969,土|金|火|木|土|木,4.0,0.3333333333333333,0.2777777777777778,1.3296613488547582,0,historical,QID:Q12049197,1969-03-05,,,,,,,,,,,,,,,,,,,,,,,,,historical,1,3.76986301369863,0.7313026409167219,365,0.2301369863013698,0.3146945921224657
Q26355,Zoran Primorac,Zoran Primorac,佐兰·普里莫拉茨,1969-05-10,11,day,1,0,2,,,1969-05-10[p=11],UNREVIEWED,,male,Q6581097,Croatia;Socialist Federal Republic of Yugoslavia,Q224;Q83286,Zadar,Q3370,Croatia,Q224,44.11416666666667,15.2275,north,107567,2344.0,https://en.wikipedia.org/wiki/Zoran_Primorac,https://zh.wikipedia.org/wiki/%E4%BD%90%E5%85%B0%C2%B7%E6%99%AE%E9%87%8C%E8%8E%AB%E6%8B%89%E8%8C%A8,1,1,0,0,0,1969-05-10,1969,土|金|土|火|木|金,4.0,0.3333333333333333,0.2777777777777778,1.3296613488547582,0,historical,QID:Q26355,1969-05-10,,,,,,,,,,,,,,,,,,,,,,,,,historical,1,3.76986301369863,0.7313026409167219,365,0.2301369863013698,0.3146945921224657
Q28951006,Daniela Davídková,Daniela Davídková,,1970-04-08,11,day,1,0,1,,,1970-04-08[p=11],UNREVIEWED,,female,Q6581072,,,,,,,,,unknown,130027,,,,1,1,0,0,0,1970-04-08,1970,金|土|金|土|土|火,3.0,0.5,0.3888888888888889,1.0114042647073518,0,historical,QID:Q28951006,1970-04-08,,,,,,,,,,,,,,,,,,,,,,,,,historical,1,3.73972602739726,0.6594077691773755,365,-0.7397260273972601,-1.12180362739748
Q929853,Evgueni Chtchetinine,Evgueni Chtchetinine,,1970-02-01,11,day,1,0,2,,,1970-02-01[p=11],UNREVIEWED,,male,Q6581097,Soviet Union;Belarus,Q15180;Q184,Minsk,Q2280,Belarus,Q184,53.902246,27.561837,north,101809,691.0,https://en.wikipedia.org/wiki/Evgueni_Chtchetinine,,1,1,0,0,0,1970-02-01,1970,土|金|火|土|水|水,4.0,0.3333333333333333,0.2777777777777778,1.3296613488547582,0,historical,QID:Q929853,1970-02-01,,,,,,,,,,,,,,,,,,,,,,,,,historical,1,3.73972602739726,0.6594077691773755,365,0.2602739726027399,0.3947086837139285
Q929857,Galina Melnik,Galina Melnik,,1970-04-27,11,day,1,0,0,,,1970-04-27[p=11],UNREVIEWED,,female,Q6581072,Russia,Q159,Moscow,Q649,Duchy of Moscow,Q11750528,55.75055555555556,37.6175,north,106031,2716.0,https://en.wikipedia.org/wiki/Galina_Melnik,,1,1,0,0,0,1970-04-27,1970,金|土|金|土|火|土,3.0,0.5,0.3888888888888889,1.0114042647073518,0,historical,QID:Q929857,1970-04-27,,,,,,,,,,,,,,,,,,,,,,,,,historical,1,3.73972602739726,0.6594077691773755,365,-0.7397260273972601,-1.12180362739748
Q1672677,Irina Palina,Irina Palina,,1970-01-15,11,day,1,0,0,,,1970-01-15[p=11],UNREVIEWED,,female,Q6581072,Russia,Q159,Moscow,Q649,Duchy of Moscow,Q11750528,55.75055555555556,37.6175,north,107104,2538.0,https://en.wikipedia.org/wiki/Irina_Palina,,1,1,0,0,0,1970-01-15,1970,土|金|火|土|木|土,4.0,0.5,0.33333333333333337,1.242453324894,0,historical,QID:Q1672677,1970-01-15,,,,,,,,,,,,,,,,,,,,,,,,,historical,1,3.73972602739726,0.6594077691773755,365,0.2602739726027399,0.3947086837139285
Q3299808,Matthew Syed,Matthew Syed,,1970-11-02,11,day,1,0,1,,,1970-11-02[p=11],UNREVIEWED,,male,Q6581097,United Kingdom,Q145,Reading,Q161491,United Kingdom,Q145,51.454166666667,-0.97305555555556,north,109123,117.0,https://en.wikipedia.org/wiki/Matthew_Syed,,1,1,0,0,0,1970-11-02,1970,金|土|火|土|火|土,3.0,0.5,0.3888888888888889,1.0114042647073516,0,historical,QID:Q3299808,1970-11-02,,,,,,,,,,,,,,,,,,,,,,,,,historical,1,3.73972602739726,0.6594077691773755,365,-0.7397260273972601,-1.12180362739748
Q25454030,Nihal Meshref,Nihal Meshref,,1970-12-24,11,day,1,0,1,,,1970-12-24[p=11],UNREVIEWED,,female,Q6581072,Egypt,Q79,Cairo,Q85,Egypt,Q79,30.044444444444444,31.23583333333333,north,106069,2407.0,https://en.wikipedia.org/wiki/Nihal_Meshref,,1,1,0,0,0,1970-12-24,1970,金|土|土|水|土|木,4.0,0.5,0.33333333333333337,1.242453324894,0,historical,QID:Q25454030,1970-12-24,,,,,,,,,,,,,,,,,,,,,,,,,historical,1,3.73972602739726,0.6594077691773755,365,0.2602739726027399,0.3947086837139285
Q19834301,Alessia Arisi,Alessia Arisi,阿莱西娅·阿里西,1971-12-10,11,day,1,0,1,,,1971-12-10[p=11],UNREVIEWED,,female,Q6581072,Italy,Q38,Parma,Q2683,Italy,Q38,44.801472222222,10.328,north,100660,804.0,https://en.wikipedia.org/wiki/Alessia_Arisi,https://zh.wikipedia.org/wiki/%E9%98%BF%E8%8E%B1%E8%A5%BF%E5%A8%85%C2%B7%E9%98%BF%E9%87%8C%E8%A5%BF,1,1,0,0,0,1971-12-10,1971,金|水|金|水|土|火,4.0,0.3333333333333333,0.2777777777777778,1.3296613488547582,0,historical,QID:Q19834301,1971-12-10,,,,,,,,,,,,,,,,,,,,,,,,,historical,1,3.750684931506849,0.6880301727329972,365,0.24931506849315088,0.3623606614559071
Q452566,Danny Heister,Danny Heister,,1971-11-18,11,day,1,0,2,,,1971-11-18[p=11],UNREVIEWED,,male,Q6581097,Kingdom of the Netherlands,Q29999,Zevenaar,Q197050,Netherlands,Q55,51.916666666667,6.0833333333333,north,103534,996.0,https://en.wikipedia.org/wiki/Danny_Heister,,1,1,0,0,0,1971-11-18,1971,金|水|土|水|火|土,4.0,0.3333333333333333,0.2777777777777778,1.3296613488547582,0,historical,QID:Q452566,1971-11-18,,,,,,,,,,,,,,,,,,,,,,,,,historical,1,3.750684931506849,0.6880301727329972,365,0.24931506849315088,0.3623606614559071
Q345883,Dmitry Mazunov,Dmitry Mazunov,,1971-05-12,11,day,1,0,1,,,1971-05-12[p=11],UNREVIEWED,,male,Q6581097,Russia,Q159,Nizhny Novgorod,Q891,Russia,Q159,56.326944444444,44.0075,north,105969,2544.0,https://en.wikipedia.org/wiki/Dmitry_Mazunov,,1,1,0,0,0,1971-05-12,1971,金|水|水|火|火|金,3.0,0.3333333333333333,0.3333333333333333,1.0986122886681096,0,historical,QID:Q345883,1971-05-12,,,,,,,,,,,,,,,,,,,,,,,,,historical,1,3.750684931506849,0.6880301727329972,365,-0.7506849315068491,-1.0910639696584445
Q96145573,Frederic Sonnet,Frederic Sonnet,,1971-09-25,11,day,1,0,0,,,1971-09-25[p=11],UNREVIEWED,,male,Q6581097,Belgium,Q31,,,,,,,unknown,108867,,,,1,1,0,0,0,1971-09-25,1971,金|水|火|金|水|土,4.0,0.3333333333333333,0.2777777777777778,1.3296613488547582,0,historical,QID:Q96145573,1971-09-25,,,,,,,,,,,,,,,,,,,,,,,,,historical,1,3.750684931506849,0.6880301727329972,365,0.24931506849315088,0.3623606614559071
Q23638927,Jim Butler,Jim Butler,占·畢拿,1971-02-15,11,day,1,0,1,,,1971-02-15[p=11],UNREVIEWED,,male,Q6581097,United States,Q30,Iowa City,Q487977,United States,Q30,41.655833333333,-91.525,north,101407,2748.0,https://en.wikipedia.org/wiki/Jim_Butler_%28table_tennis%29,,1,1,0,0,0,1971-02-15,1971,金|水|金|木|金|土,4.0,0.5,0.33333333333333337,1.242453324894,0,historical,QID:Q23638927,1971-02-15,,,,,,,,,,,,,,,,,,,,,,,,,historical,1,3.750684931506849,0.6880301727329972,365,0.24931506849315088,0.3623606614559071
Q70205,Nicole Struse,Nicole Struse,,1971-05-31,11,day,1,0,1,,,1971-05-31[p=11],UNREVIEWED,,female,Q6581072,Germany,Q183,Haan,Q2974,Germany,Q183,51.1954956,7.0085328,north,109024,136.0,https://en.wikipedia.org/wiki/Nicole_Struse,,1,1,0,0,0,1971-05-31,1971,金|水|水|火|火|土,4.0,0.3333333333333333,0.2777777777777778,1.3296613488547582,0,historical,QID:Q70205,1971-05-31,,,,,,,,,,,,,,,,,,,,,,,,,historical,1,3.750684931506849,0.6880301727329972,365,0.24931506849315088,0.3623606614559071
Q5364047,Ntaniel Tsiokas,Ntaniel Tsiokas,,1971-06-19,11,day,1,0,2,,,1971-06-19[p=11],UNREVIEWED,,male,Q6581097,Greece,Q41,Cluj-Napoca,Q100188,Kingdom of Romania,Q203493,46.76891,23.59066,north,109576,185.0,https://en.wikipedia.org/wiki/Daniel_Tsiokas,,1,1,0,0,0,1971-06-19,1971,金|水|木|火|木|水,4.0,0.3333333333333333,0.2777777777777778,1.3296613488547582,0,historical,QID:Q5364047,1971-06-19,,,,,,,,,,,,,,,,,,,,,,,,,historical,1,3.750684931506849,0.6880301727329972,365,0.24931506849315088,0.3623606614559071
Q13104542,Peggy Regenwetter,Peggy Regenwetter,,1971-02-16,11,day,1,0,0,,,1971-02-16[p=11],UNREVIEWED,,female,Q6581072,Luxembourg,Q32,Pétange,Q602441,Luxembourg,Q32,49.556388888889,5.8769444444444,north,107780,93998.0,https://en.wikipedia.org/wiki/Peggy_Regenwetter,,1,1,0,0,0,1971-02-16,1971,金|水|金|木|水|金,3.0,0.5,0.3888888888888889,1.0114042647073518,0,historical,QID:Q13104542,1971-02-16,,,,,,,,,,,,,,,,,,,,,,,,,historical,1,3.750684931506849,0.6880301727329972,365,-0.7506849315068491,-1.0910639696584445
Q973508,Petr Korbel,Petr Korbel,彼得·科贝尔,1971-06-06,11,day,1,0,2,,Q13550863,1971-06-06[p=11],UNREVIEWED,,male,Q6581097,Czech Republic;Czechoslovakia,Q213;Q33946,Havířov,Q192904,Czech Republic,Q213,49.777777777778,18.422777777778,north,104813,2354.0,https://en.wikipedia.org/wiki/Petr_Korbel,,1,1,0,0,0,1971-06-06,1971,金|水|水|火|水|土,4.0,0.5,0.3333333333333333,1.2424533248940002,0,historical,QID:Q973508,1971-06-06,,,,,,,,,,,,,,,,,,,,,,,,,historical,1,3.750684931506849,0.6880301727329972,365,0.24931506849315088,0.3623606614559071
Q17325905,Richard Výborný,Richard Výborný,,1971-06-04,11,day,1,0,1,,,1971-06-04[p=11],UNREVIEWED,,male,Q6581097,Czech Republic,Q213,Chomutov,Q146356,Czech Republic,Q213,50.462777777778,13.411111111111,north,109921,107531.0,https://en.wikipedia.org/wiki/Richard_V%C3%BDborn%C3%BD,,1,1,0,0,0,1971-06-04,1971,金|水|水|火|金|金,3.0,0.5,0.3888888888888889,1.0114042647073518,0,historical,QID:Q17325905,1971-06-04,,,,,,,,,,,,,,,,,,,,,,,,,historical,1,3.750684931506849,0.6880301727329972,365,-0.7506849315068491,-1.0910639696584445
Q11383746,Rika Sato,Rika Sato,,1971-11-12,11,day,1,0,0,,,1971-11-12[p=11],UNREVIEWED,,female,Q6581072,Japan,Q17,Sendai,Q46747,Japan,Q17,38.26822222222222,140.86941666666667,north,108338,854.0,https://en.wikipedia.org/wiki/Rika_Sato,,1,1,0,0,0,1971-11-12,1971,金|水|土|水|金|土,3.0,0.3333333333333333,0.3333333333333333,1.0986122886681096,0,historical,QID:Q11383746,1971-11-12,,,,,,,,,,,,,,,,,,,,,,,,,historical,1,3.750684931506849,0.6880301727329972,365,-0.7506849315068491,-1.0910639696584445
Q525485,Trinko Keen,Trinko Keen,,1971-09-22,11,day,1,0,1,,,1971-09-22[p=11],UNREVIEWED,,male,Q6581097,Kingdom of the Netherlands,Q29999,Wageningen,Q1305,Netherlands,Q55,51.964444444444,5.6630555555556,north,104461,998.0,https://en.wikipedia.org/wiki/Trinko_Keen,,1,1,0,0,0,1971-09-22,1971,金|水|火|金|金|土,4.0,0.5,0.33333333333333337,1.242453324894,0,historical,QID:Q525485,1971-09-22,,,,,,,,,,,,,,,,,,,,,,,,,historical,1,3.750684931506849,0.6880301727329972,365,0.24931506849315088,0.3623606614559071
Q78674,Chen Weixing,Chen Weixing,陈卫星,1972-04-27,11,day,1,0,2,,,1972-04-27[p=11],UNREVIEWED,,male,Q6581097,Austria,Q40,Baotou,Q569907,People's Republic of China,Q148,40.65621,109.83454,north,101674,107506.0,https://en.wikipedia.org/wiki/Chen_Weixing,https://zh.wikipedia.org/wiki/%E9%99%88%E5%8D%AB%E6%98%9F,1,1,0,0,0,1972-04-27,1972,水|水|木|土|土|水,3.0,0.5,0.3888888888888889,1.0114042647073518,0,historical,QID:Q78674,1972-04-27,,,,,,,,,,,,,,,,,,,,,,,,,historical,1,3.412568306010929,0.683869301364598,366,-0.41256830601092886,-0.6032853137108025
Q576742,Kalinikos Kreanga,Kalinikos Kreanga,卡里尼科斯·格林卡,1972-03-08,11,day,1,0,2,,,1972-03-08[p=11],UNREVIEWED,,male,Q6581097,Greece,Q41,Bistrița,Q187205,Romania,Q218,47.133333333333,24.483333333333,north,104892,179.0,https://en.wikipedia.org/wiki/Kalinikos_Kreanga,https://zh.wikipedia.org/wiki/%E5%8D%A1%E9%87%8C%E5%B0%BC%E7%A7%91%E6%96%AF%C2%B7%E6%A0%BC%E6%9E%97%E5%8D%A1,1,1,0,0,0,1972-03-08,1972,水|水|水|木|土|土,3.0,0.5,0.3888888888888889,1.0114042647073518,0,historical,QID:Q576742,1972-03-08,,,,,,,,,,,,,,,,,,,,,,,,,historical,1,3.412568306010929,0.683869301364598,366,-0.41256830601092886,-0.6032853137108025
Q454475,Wenling Tan Monfardini,Wenling Tan Monfardini,譚文玲,1972-10-28,11,day,1,0,1,,,1972-10-28[p=11],UNREVIEWED,,female,Q6581072,Italy,Q38,Hunan,Q45761,People's Republic of China,Q148,27.6,111.8,north,109231,107458.0,https://en.wikipedia.org/wiki/Wenling_Tan_Monfardini,https://zh.wikipedia.org/wiki/%E8%B0%AD%E6%96%87%E7%8E%B2,1,1,0,0,0,1972-10-28,1972,水|水|金|土|水|土,3.0,0.5,0.3888888888888889,1.0114042647073518,0,historical,QID:Q454475,1972-10-28,,,,,,,,,,,,,,,,,,,,,,,,,historical,1,3.412568306010929,0.683869301364598,366,-0.41256830601092886,-0.6032853137108025
Q348217,Werner Schlager,Werner Schlager,施拉格,1972-09-28,11,day,1,0,2,,Q36578,1972-09-28[p=11],UNREVIEWED,,male,Q6581097,Austria,Q40,Wiener Neustadt,Q131612,Austria,Q40,47.816666666667,16.25,north,108379,657.0,https://en.wikipedia.org/wiki/Werner_Schlager,https://zh.wikipedia.org/wiki/%E6%96%BD%E6%8B%89%E6%A0%BC,1,1,0,0,0,1972-09-28,1972,水|水|土|金|水|土,3.0,0.5,0.3888888888888889,1.0114042647073518,0,historical,QID:Q348217,1972-09-28,,,,,,,,,,,,,,,,,,,,,,,,,historical,1,3.412568306010929,0.683869301364598,366,-0.41256830601092886,-0.6032853137108025
Q927261,Christophe Legoût,Christophe Legoût,克里斯托夫·勒古,1973-08-06,11,day,1,0,1,,,1973-08-06[p=11],UNREVIEWED,,male,Q6581097,France,Q142,Montbéliard,Q154715,France,Q142,47.509722222222,6.7983333333333,north,105222,27.0,https://en.wikipedia.org/wiki/Christophe_Lego%C3%BBt,https://zh.wikipedia.org/wiki/%E5%85%8B%E9%87%8C%E6%96%AF%E6%89%98%E5%A4%AB%C2%B7%E5%8B%92%E5%8F%A4,1,1,0,0,0,1973-08-06,1973,水|土|土|土|木|土,3.0,0.6666666666666666,0.5,0.8675632284814612,0,historical,QID:Q927261,1973-08-06,,,,,,,,,,,,,,,,,,,,,,,,,historical,1,3.4356164383561643,0.7065956657763146,365,-0.43561643835616426,-0.6165002977729365
Q73336,Elke Schall,Elke Schall,伊爾克·沃西克,1973-07-19,11,day,1,0,1,,Q36578,1973-07-19[p=11],UNREVIEWED,,female,Q6581072,Germany,Q183,Speyer,Q6829,Germany,Q183,49.3165553,8.433615,north,110200,132.0,https://en.wikipedia.org/wiki/Elke_Schall,,1,1,0,0,0,1973-07-19,1973,水|土|土|土|火|土,3.0,0.6666666666666666,0.5,0.8675632284814612,0,historical,QID:Q73336,1973-07-19,,,,,,,,,,,,,,,,,,,,,,,,,historical,1,3.4356164383561643,0.7065956657763146,365,-0.43561643835616426,-0.6165002977729365
Q458310,Li Jiao,Li Jiao,李佼,1973-01-15,11,day,1,0,1,,,1973-01-15[p=11],UNREVIEWED,,female,Q6581072,Kingdom of the Netherlands,Q29999,Qingdao,Q170322,People's Republic of China,Q148,36.116666666667,120.4,north,105326,117467.0,https://en.wikipedia.org/wiki/Li_Jiao_%28table_tennis%29,https://zh.wikipedia.org/wiki/%E6%9D%8E%E4%BD%BC,1,1,0,0,0,1973-01-15,1973,水|水|水|土|金|水,3.0,0.6666666666666666,0.5,0.8675632284814612,0,historical,QID:Q458310,1973-01-15,,,,,,,,,,,,,,,,,,,,,,,,,historical,1,3.4356164383561643,0.7065956657763146,365,-0.43561643835616426,-0.6165002977729365
Q11629991,Miyuki Nishii,Miyuki Nishii,,1973-09-26,11,day,1,0,1,,,1973-09-26[p=11],UNREVIEWED,,female,Q6581072,Japan,Q17,,,,,,,unknown,106750,,,,1,1,0,0,0,1973-09-26,1973,水|土|金|金|木|土,4.0,0.3333333333333333,0.2777777777777778,1.3296613488547582,0,historical,QID:Q11629991,1973-09-26,,,,,,,,,,,,,,,,,,,,,,,,,historical,1,3.4356164383561643,0.7065956657763146,365,0.5643835616438357,0.7987362348504715
Q2664929,Piotr Szafranek,Piotr Szafranek,,1973-07-27,11,day,1,0,1,,,1973-07-27[p=11],UNREVIEWED,,male,Q6581097,Poland,Q36,,,,,,,unknown,109130,,,,1,1,0,0,0,1973-07-27,1973,水|土|土|土|木|水,3.0,0.5,0.3888888888888889,1.0114042647073518,0,historical,QID:Q2664929,1973-07-27,,,,,,,,,,,,,,,,,,,,,,,,,historical,1,3.4356164383561643,0.7065956657763146,365,-0.43561643835616426,-0.6165002977729365
Q11425494,Rinko Sakata,Rinko Sakata,,1973-05-24,11,day,1,0,1,,,1973-05-24[p=11],UNREVIEWED,,female,Q6581072,Japan,Q17,Kumamoto,Q199889,Japan,Q17,32.803,130.7078611111111,north,108179,93991.0,https://en.wikipedia.org/wiki/Rinko_Sakata,,1,1,0,0,0,1973-05-24,1973,水|土|火|火|金|金,4.0,0.3333333333333333,0.2777777777777778,1.3296613488547582,0,historical,QID:Q11425494,1973-05-24,,,,,,,,,,,,,,,,,,,,,,,,,historical,1,3.4356164383561643,0.7065956657763146,365,0.5643835616438357,0.7987362348504715
Q1294660,Slobodan Grujić,Slobodan Grujić,斯洛博登·格魯伊奇,1973-07-24,11,day,1,0,1,,,1973-07-24[p=11],UNREVIEWED,,male,Q6581097,Serbia and Montenegro,Q37024,Serbia,Q403,Serbia,Q403,43.95,20.933333333333,north,103277,2818.0,https://en.wikipedia.org/wiki/Slobodan_Gruji%C4%87,,1,1,0,0,0,1973-07-24,1973,水|土|土|土|金|金,3.0,0.5,0.3888888888888889,1.0114042647073516,0,historical,QID:Q1294660,1973-07-24,,,,,,,,,,,,,,,,,,,,,,,,,historical,1,3.4356164383561643,0.7065956657763146,365,-0.43561643835616426,-0.6165002977729365
Q67581197,Sonia Touati,Sonia Touati,,1973-03-13,11,day,1,0,1,https://www.sports-reference.com/olympics/athletes/to/sonia-touati-1.html,,1973-03-13[p=11],UNREVIEWED,,female,Q6581072,Tunisia,Q948,,,,,,,unknown,109516,2702.0,https://en.wikipedia.org/wiki/Sonia_Touati,,1,1,0,0,0,1973-03-13,1973,水|土|木|木|土|金,4.0,0.3333333333333333,0.2777777777777778,1.329661348854758,0,historical,QID:Q67581197,1973-03-13,,,,,,,,,,,,,,,,,,,,,,,,,historical,1,3.4356164383561643,0.7065956657763146,365,0.5643835616438357,0.7987362348504715
Q7688548,Tatyana Kostromina,Tatyana Kostromina,,1973-02-15,11,day,1,0,2,,,1973-02-15[p=11],UNREVIEWED,,female,Q6581072,Belarus,Q184,Gomel,Q2678,Belarus,Q184,52.441666666667,30.983333333333,north,104840,93944.0,https://en.wikipedia.org/wiki/Tatyana_Kostromina,,1,1,0,0,0,1973-02-15,1973,水|土|木|木|水|火,4.0,0.3333333333333333,0.2777777777777778,1.3296613488547582,0,historical,QID:Q7688548,1973-02-15,,,,,,,,,,,,,,,,,,,,,,,,,historical,1,3.4356164383561643,0.7065956657763146,365,0.5643835616438357,0.7987362348504715
Q11425516,Ai Sakata,Ai Sakata,,1974-09-14,11,day,1,0,1,,,1974-09-14[p=11],UNREVIEWED,,female,Q6581072,Japan,Q17,Kumamoto,Q199889,Japan,Q17,32.803,130.7078611111111,north,108177,,,,1,1,0,0,0,1974-09-14,1974,木|木|水|金|土|火,5.0,0.3333333333333333,0.22222222222222227,1.5607104090414063,1,historical,QID:Q11425516,1974-09-14,,,,,,,,,,,,,,,,,,,,,,,,,historical,1,3.4602739726027396,0.6807275773926831,365,1.5397260273972604,2.2618828420242734
Q11673556,Akira Kitō,Akira Kitō,,1974-09-10,11,day,1,0,0,,,1974-09-10[p=11],UNREVIEWED,,male,Q6581097,Japan,Q17,,,,,,,unknown,104677,107533.0,https://en.wikipedia.org/wiki/Akira_Kito,,1,1,0,0,0,1974-09-10,1974,木|木|水|金|木|木,3.0,0.6666666666666666,0.5,0.8675632284814612,0,historical,QID:Q11673556,1974-09-10,,,,,,,,,,,,,,,,,,,,,,,,,historical,1,3.4602739726027396,0.6807275773926831,365,-0.4602739726027396,-0.6761500310677541
Q17310184,Alena Vachovcová,Alena Vachovcová,,1974-01-24,11,day,1,0,1,,,1974-01-24[p=11],UNREVIEWED,,female,Q6581072,Czech Republic,Q213,Stod,Q1011066,Czech Republic,Q213,49.639196063817,13.16478397126,north,109681,107490.0,https://en.wikipedia.org/wiki/Alena_Vachovcov%C3%A1,,1,1,0,0,0,1974-01-24,1974,水|土|木|土|木|土,3.0,0.5,0.3888888888888889,1.0114042647073516,0,historical,QID:Q17310184,1974-01-24,,,,,,,,,,,,,,,,,,,,,,,,,historical,1,3.4602739726027396,0.6807275773926831,365,-0.4602739726027396,-0.6761500310677541
Q5094148,Chetan Baboor,Chetan Baboor,,1974-04-22,11,day,1,0,1,,,1974-04-22[p=11],UNREVIEWED,,male,Q6581097,India,Q668,Holenarasipura,Q1708089,India,Q668,12.783,76.243,north,100798,277.0,https://en.wikipedia.org/wiki/Chetan_Baboor,,1,1,0,0,0,1974-04-22,1974,木|木|土|土|水|火,4.0,0.3333333333333333,0.2777777777777778,1.3296613488547582,0,historical,QID:Q5094148,1974-04-22,,,,,,,,,,,,,,,,,,,,,,,,,historical,1,3.4602739726027396,0.6807275773926831,365,0.5397260273972604,0.7928664054782596
Q16264315,Ichirō Imaeda,Ichirō Imaeda,,1974-11-06,11,day,1,0,1,,,1974-11-06[p=11],UNREVIEWED,,male,Q6581097,Japan,Q17,,,,,,,unknown,103877,,,,1,1,0,0,0,1974-11-06,1974,木|木|木|土|金|水,4.0,0.5,0.33333333333333337,1.242453324894,0,historical,QID:Q16264315,1974-11-06,,,,,,,,,,,,,,,,,,,,,,,,,historical,1,3.4602739726027396,0.6807275773926831,365,0.5397260273972604,0.7928664054782596
Q6380985,Kazeem Nosiru,Kazeem Nosiru,,1974-11-25,11,day,1,0,1,,,1974-11-25[p=11],UNREVIEWED,,male,Q6581097,Nigeria,Q1033,Lagos,Q8673,Nigeria,Q1033,6.456111111111111,3.393611111111112,north,106786,94001.0,https://en.wikipedia.org/wiki/Kazeem_Nosiru,,1,1,0,0,0,1974-11-25,1974,木|木|木|水|金|火,4.0,0.5,0.33333333333333337,1.242453324894,0,historical,QID:Q6380985,1974-11-25,,,,,,,,,,,,,,,,,,,,,,,,,historical,1,3.4602739726027396,0.6807275773926831,365,0.5397260273972604,0.7928664054782596
Q270190,Krisztina Tóth,Krisztina Tóth,克里斯蒂娜·托特,1974-05-29,11,day,1,0,1,,,1974-05-29[p=11],UNREVIEWED,,female,Q6581072,Hungary,Q28,Miskolc,Q102397,Hungary,Q28,48.1,20.78333333333333,north,109514,213.0,https://en.wikipedia.org/wiki/Krisztina_T%C3%B3th_%28table_tennis%29,https://zh.wikipedia.org/wiki/%E6%89%98%E7%89%B9%C2%B7%E5%85%8B%E9%87%8C%E6%96%AF%E8%92%82%E5%A8%9C,1,1,0,0,0,1974-05-29,1974,木|木|土|火|金|火,4.0,0.3333333333333333,0.2777777777777778,1.329661348854758,0,historical,QID:Q270190,1974-05-29,,,,,,,,,,,,,,,,,,,,,,,,,historical,1,3.4602739726027396,0.6807275773926831,365,0.5397260273972604,0.7928664054782596
Q2676685,Laura Negrisoli,Laura Negrisoli,劳拉·内格里索利,1974-09-07,11,day,1,0,0,,,1974-09-07[p=11],UNREVIEWED,,female,Q6581072,Italy,Q38,Castel Goffredo,Q43034,Italy,Q38,45.29805555555556,10.475,north,106622,812.0,https://en.wikipedia.org/wiki/Laura_Negrisoli,https://zh.wikipedia.org/wiki/%E5%8A%B3%E6%8B%89%C2%B7%E5%86%85%E6%A0%BC%E9%87%8C%E7%B4%A2%E5%88%A9,1,1,0,0,0,1974-09-07,1974,木|木|水|金|金|水,3.0,0.3333333333333333,0.3333333333333333,1.0986122886681096,0,historical,QID:Q2676685,1974-09-07,,,,,,,,,,,,,,,,,,,,,,,,,historical,1,3.4602739726027396,0.6807275773926831,365,-0.4602739726027396,-0.6761500310677541
Q1873676,Lucjan Błaszczyk,Lucjan Błaszczyk,盧克延·布拉什奇克,1974-12-28,11,day,1,0,1,,,1974-12-28[p=11],UNREVIEWED,,male,Q6581097,Poland,Q36,Lwówek Śląski,Q219382,Poland,Q36,51.116666666667,15.583333333333,north,101172,2466.0,https://en.wikipedia.org/wiki/Lucjan_B%C5%82aszczyk,,1,1,0,0,0,1974-12-28,1974,木|木|火|水|水|木,3.0,0.5,0.3888888888888889,1.0114042647073518,0,historical,QID:Q1873676,1974-12-28,,,,,,,,,,,,,,,,,,,,,,,,,historical,1,3.4602739726027396,0.6807275773926831,365,-0.4602739726027396,-0.6761500310677541
Q52387010,Marc Closset,Marc Closset,,1974-11-01,11,day,1,0,1,,,1974-11-01[p=11],UNREVIEWED,,male,Q6581097,Belgium,Q31,Burdinne,Q681368,Belgium,Q31,50.583333333333,5.0666666666667,north,101870,,https://en.wikipedia.org/wiki/Marc_Closset,,1,1,0,0,0,1974-11-01,1974,木|木|木|土|火|火,3.0,0.5,0.3888888888888889,1.0114042647073516,0,historical,QID:Q52387010,1974-11-01,,,,,,,,,,,,,,,,,,,,,,,,,historical,1,3.4602739726027396,0.6807275773926831,365,-0.4602739726027396,-0.6761500310677541
Q30089695,Q30089695,,,1974-08-18,11,day,1,0,1,,,1974-08-18[p=11],UNREVIEWED,,male,Q6581097,,,,,,,,,unknown,104891,,,,1,1,0,0,0,1974-08-18,1974,木|木|水|金|金|木,3.0,0.5,0.3888888888888889,1.0114042647073516,0,historical,QID:Q30089695,1974-08-18,,,,,,,,,,,,,,,,,,,,,,,,,historical,1,3.4602739726027396,0.6807275773926831,365,-0.4602739726027396,-0.6761500310677541
Q2056998,Segun Toriola,Segun Toriola,塞贡·托里奥拉,1974-09-18,11,day,1,0,3,http://www.bbc.co.uk/sport/olympics/2012/athletes/03dd220c-8a49-495e-b760-fc15a3499bd2;http://www.lalibre.be/debats/personnalite/segun-toriola-pongiste-nigerian-56eb0fd835708ea2d3a62541;http://www.sports-reference.com/olympics/athletes/to/segun-toriola-1.html,,1974-09-18[p=11],UNREVIEWED,,male,Q6581097,Nigeria,Q1033,Ilorin,Q587085,Nigeria,Q1033,8.5,4.55,north,109499,1027.0,https://en.wikipedia.org/wiki/Segun_Toriola,https://zh.wikipedia.org/wiki/%E5%A1%9E%E8%B4%A1%C2%B7%E6%89%98%E9%87%8C%E5%A5%A5%E6%8B%89,1,1,0,0,0,1974-09-18,1974,木|木|水|金|水|土,4.0,0.3333333333333333,0.2777777777777778,1.3296613488547582,0,historical,QID:Q2056998,1974-09-18,,,,,,,,,,,,,,,,,,,,,,,,,historical,1,3.4602739726027396,0.6807275773926831,365,0.5397260273972604,0.7928664054782596
Q11576682,Toshio Tasaki,Toshio Tasaki,,1974-11-01,11,day,1,0,1,,,1974-11-01[p=11],UNREVIEWED,,male,Q6581097,Japan,Q17,Tochigi,Q44830,Japan,Q17,36.382444444444445,139.73413888888888,north,109284,880.0,https://en.wikipedia.org/wiki/Toshio_Tasaki,,1,1,0,0,0,1974-11-01,1974,木|木|木|土|火|火,3.0,0.5,0.3888888888888889,1.0114042647073516,0,historical,QID:Q11576682,1974-11-01,,,,,,,,,,,,,,,,,,,,,,,,,historical,1,3.4602739726027396,0.6807275773926831,365,-0.4602739726027396,-0.6761500310677541
Q7927411,Victorine Agum Fomum,Victorine Agum Fomum,,1974-06-17,11,day,1,0,1,,,1974-06-17[p=11],UNREVIEWED,,female,Q6581072,Cameroon,Q1009,Bamenda,Q528432,Cameroon,Q1009,5.961388888888889,10.151666666666667,north,102796,117506.0,https://en.wikipedia.org/wiki/Victorine_Agum_Fomum,,1,1,0,0,0,1974-06-17,1974,木|木|金|火|土|土,4.0,0.3333333333333333,0.2777777777777778,1.3296613488547582,0,historical,QID:Q7927411,1974-06-17,,,,,,,,,,,,,,,,,,,,,,,,,historical,1,3.4602739726027396,0.6807275773926831,365,0.5397260273972604,0.7928664054782596
Q25418504,Vũ Mạnh Cường,Vũ Mạnh Cường,,1974-04-25,11,day,1,0,1,,,1974-04-25[p=11],UNREVIEWED,,male,Q6581097,,,,,,,,,unknown,109910,,,,1,1,0,0,0,1974-04-25,1974,木|木|土|土|火|金,4.0,0.3333333333333333,0.2777777777777778,1.3296613488547582,0,historical,QID:Q25418504,1974-04-25,,,,,,,,,,,,,,,,,,,,,,,,,historical,1,3.4602739726027396,0.6807275773926831,365,0.5397260273972604,0.7928664054782596
Q269609,Wang Chen,Wang Chen,王晨,1974-01-17,11,day,1,0,1,http://www.sports-reference.com/olympics/athletes/wa/chen-wang-1.html,,1974-01-17[p=11],UNREVIEWED,,female,Q6581072,United States,Q30,Beijing,Q956,People's Republic of China,Q148,39.90403,116.407526,north,109954,117460.0,https://en.wikipedia.org/wiki/Wang_Chen_%28table_tennis%29,https://zh.wikipedia.org/wiki/%E7%8E%8B%E6%99%A8_%28%E4%B9%92%E4%B9%93%E7%90%83%E8%BF%90%E5%8A%A8%E5%91%98%29,1,1,0,0,0,1974-01-17,1974,水|土|木|土|土|火,4.0,0.5,0.33333333333333337,1.242453324894,0,historical,QID:Q269609,1974-01-17,,,,,,,,,,,,,,,,,,,,,,,,,historical,1,3.4602739726027396,0.6807275773926831,365,0.5397260273972604,0.7928664054782596
Q268891,Aleksandar Karakašević,Aleksandar Karakašević,亞歷山大·卡拉卡舍維奇,1975-12-09,11,day,1,0,2,,,1975-12-09[p=11],UNREVIEWED,,male,Q6581097,Serbia,Q403,Zemun,Q189419,Serbia,Q403,44.85,20.4,north,104359,2820.0,https://en.wikipedia.org/wiki/Aleksandar_Karaka%C5%A1evi%C4%87,https://zh.wikipedia.org/wiki/%E4%BA%9A%E5%8E%86%E5%B1%B1%E5%A4%A7%C2%B7%E5%8D%A1%E6%8B%89%E5%8D%A1%E8%88%8D%E7%BB%B4%E5%A5%87,1,1,0,0,0,1975-12-09,1975,木|木|土|水|土|土,3.0,0.5,0.3888888888888889,1.0114042647073516,0,historical,QID:Q268891,1975-12-09,,,,,,,,,,,,,,,,,,,,,,,,,historical,1,3.5205479452054793,0.6975149973001858,365,-0.5205479452054793,-0.7462892514430823
Q11378552,Kinjirō Nakamura,Kinjirō Nakamura,,1975-05-02,11,day,1,0,1,,,1975-05-02[p=11],UNREVIEWED,,male,Q6581097,Japan,Q17,,,,,,,unknown,106557,873.0,https://en.wikipedia.org/wiki/Kinjiro_Nakamura,,1,1,0,0,0,1975-05-02,1975,木|木|金|土|土|金,3.0,0.3333333333333333,0.3333333333333333,1.0986122886681096,0,historical,QID:Q11378552,1975-05-02,,,,,,,,,,,,,,,,,,,,,,,,,historical,1,3.5205479452054793,0.6975149973001858,365,-0.5205479452054793,-0.7462892514430823
Q445682,Kong Linghui,Kong Linghui,孔令輝,1975-10-18,11,day,1,0,2,,,1975-10-18[p=11],UNREVIEWED,,male,Q6581097,People's Republic of China,Q148,Harbin,Q42956,People's Republic of China,Q148,45.75,126.63333333333,north,104799,2313.0,https://en.wikipedia.org/wiki/Kong_Linghui,https://zh.wikipedia.org/wiki/%E5%AD%94%E4%BB%A4%E8%BC%9D,1,1,0,0,0,1975-10-18,1975,木|木|火|土|火|金,4.0,0.3333333333333333,0.2777777777777778,1.329661348854758,0,historical,QID:Q445682,1975-10-18,,,,,,,,,,,,,,,,,,,,,,,,,historical,1,3.5205479452054793,0.6975149973001858,365,0.4794520547945207,0.6873716789607341
Q1822552,Li Ching,Li Ching,李靜,1975-03-07,11,day,1,0,1,,,1975-03-07[p=11],UNREVIEWED,,male,Q6581097,People's Republic of China,Q148,Hong Kong,Q8646,People's Republic of China,Q148,22.278333333333,114.15861111111,north,105307,107520.0,https://en.wikipedia.org/wiki/Li_Ching_%28table_tennis%29,https://zh.wikipedia.org/wiki/%E6%9D%8E%E9%9D%9C_%28%E4%B9%92%E4%B9%93%E7%90%83%E9%81%8B%E5%8B%95%E5%93%A1%29,1,1,0,0,0,1975-03-07,1975,木|木|土|木|水|水,3.0,0.5,0.3888888888888889,1.0114042647073518,0,historical,QID:Q1822552,1975-03-07,,,,,,,,,,,,,,,,,,,,,,,,,historical,1,3.5205479452054793,0.6975149973001858,365,-0.5205479452054793,-0.7462892514430823
Q6763851,Marina Kravchenko,Marina Kravchenko,,1975-05-19,11,day,1,0,1,,,1975-05-19[p=11],UNREVIEWED,,female,Q6581072,Israel,Q801,Odesa,Q1874,Russian Empire,Q34266,46.47747,30.73262,north,104886,107448.0,https://en.wikipedia.org/wiki/Marina_Kravchenko,,1,1,0,0,0,1975-05-19,1975,木|木|金|火|木|土,4.0,0.5,0.33333333333333337,1.242453324894,0,historical,QID:Q6763851,1975-05-19,,,,,,,,,,,,,,,,,,,,,,,,,historical,1,3.5205479452054793,0.6975149973001858,365,0.4794520547945207,0.6873716789607341
Q11451345,Masakatsu Andō,Masakatsu Andō,,1975-02-09,11,day,1,0,1,,,1975-02-09[p=11],UNREVIEWED,,male,Q6581097,Japan,Q17,Osaka,Q35765,Japan,Q17,34.69375,135.5021111111111,north,100559,,,,1,1,0,0,0,1975-02-09,1975,木|木|土|木|火|土,3.0,0.5,0.3888888888888889,1.0114042647073518,0,historical,QID:Q11451345,1975-02-09,,,,,,,,,,,,,,,,,,,,,,,,,historical,1,3.5205479452054793,0.6975149973001858,365,-0.5205479452054793,-0.7462892514430823
Q1957039,Mária Fazekas,Mária Fazekas,,1975-08-02,11,day,1,0,1,,,1975-08-02[p=11],UNREVIEWED,,female,Q6581072,Hungary,Q28,Budapest,Q1781,Hungary,Q28,47.498333333333,19.040833333333,north,102690,107464.0,https://en.wikipedia.org/wiki/M%C3%A1ria_Fazekas,,1,1,0,0,0,1975-08-02,1975,木|木|水|土|金|土,4.0,0.3333333333333333,0.2777777777777778,1.329661348854758,0,historical,QID:Q1957039,1975-08-02,,,,,,,,,,,,,,,,,,,,,,,,,historical,1,3.5205479452054793,0.6975149973001858,365,0.4794520547945207,0.6873716789607341
Q519260,Oksana Fadeyeva,Oksana Fadeyeva,,1975-03-16,11,day,1,0,1,,,1975-03-16[p=11],UNREVIEWED,,female,Q6581072,Soviet Union;Russia,Q15180;Q159,Nizhny Novgorod,Q891,Russia,Q159,56.326944444444,44.0075,north,102636,94008.0,https://en.wikipedia.org/wiki/Oksana_Fadeyeva,,1,1,0,0,0,1975-03-16,1975,木|木|土|木|金|金,3.0,0.5,0.3888888888888889,1.0114042647073518,0,historical,QID:Q519260,1975-03-16,,,,,,,,,,,,,,,,,,,,,,,,,historical,1,3.5205479452054793,0.6975149973001858,365,-0.5205479452054793,-0.7462892514430823
Q7088831,Olufunke Oshonaike,Olufunke Oshonaike,奥斯霍那科·奥绍奈克,1975-10-28,11,day,1,0,1,,,1975-10-28[p=11],UNREVIEWED,,female,Q6581072,Nigeria,Q1033,Lagos,Q8673,Nigeria,Q1033,6.456111111111111,3.393611111111112,north,106995,1014.0,https://en.wikipedia.org/wiki/Olufunke_Oshonaike,,1,1,0,0,0,1975-10-28,1975,木|木|火|土|火|土,3.0,0.3333333333333333,0.3333333333333333,1.0986122886681096,0,historical,QID:Q7088831,1975-10-28,,,,,,,,,,,,,,,,,,,,,,,,,historical,1,3.5205479452054793,0.6975149973001858,365,-0.5205479452054793,-0.7462892514430823
Q11501161,Shū Arai,Shū Arai,,1975-01-09,11,day,1,0,1,,,1975-01-09[p=11],UNREVIEWED,,male,Q6581097,Japan,Q17,,,,,,,unknown,100635,107495.0,https://en.wikipedia.org/wiki/Shu_Arai,,1,1,0,0,0,1975-01-09,1975,木|木|火|土|木|木,3.0,0.6666666666666666,0.5,0.8675632284814612,0,historical,QID:Q11501161,1975-01-09,,,,,,,,,,,,,,,,,,,,,,,,,historical,1,3.5205479452054793,0.6975149973001858,365,-0.5205479452054793,-0.7462892514430823
Q7800147,Tian Yuan,Tian Yuan,,1975-01-12,11,day,1,0,1,,,1975-01-12[p=11],UNREVIEWED,,female,Q6581072,People's Republic of China,Q148,Shenyang,Q11720,People's Republic of China,Q148,41.8025,123.42805555555556,north,109414,122393.0,https://en.wikipedia.org/wiki/Tian_Yuan_%28table_tennis%29,,1,1,0,0,0,1975-01-12,1975,木|木|火|土|土|火,3.0,0.3333333333333333,0.3333333333333333,1.0986122886681096,0,historical,QID:Q7800147,1975-01-12,,,,,,,,,,,,,,,,,,,,,,,,,historical,1,3.5205479452054793,0.6975149973001858,365,-0.5205479452054793,-0.7462892514430823
Q1113263,Yan Sen,Yan Sen,阎森,1975-08-16,11,day,1,0,1,,,1975-08-16[p=11],UNREVIEWED,,male,Q6581097,People's Republic of China,Q148,Jiangsu,Q16963,People's Republic of China,Q148,33.0,120.0,north,110297,93958.0,https://en.wikipedia.org/wiki/Yan_Sen,https://zh.wikipedia.org/wiki/%E9%98%8E%E6%A3%AE,1,1,0,0,0,1975-08-16,1975,木|木|木|金|木|火,3.0,0.6666666666666666,0.5,0.8675632284814612,0,historical,QID:Q1113263,1975-08-16,,,,,,,,,,,,,,,,,,,,,,,,,historical,1,3.5205479452054793,0.6975149973001858,365,-0.5205479452054793,-0.7462892514430823
Q11629989,Yuka Nishii,Yuka Nishii,,1975-08-09,11,day,1,0,1,,,1975-08-09[p=11],UNREVIEWED,,female,Q6581072,Japan,Q17,,,,,,,unknown,106751,,,,1,1,0,0,0,1975-08-09,1975,木|木|木|金|火|水,4.0,0.5,0.33333333333333337,1.242453324894,0,historical,QID:Q11629989,1975-08-09,,,,,,,,,,,,,,,,,,,,,,,,,historical,1,3.5205479452054793,0.6975149973001858,365,0.4794520547945207,0.6873716789607341
Q28031911,Zoltán Bátorfi,Zoltán Bátorfi,,1975-07-20,11,day,1,0,1,,,1975-07-20[p=11],UNREVIEWED,,male,Q6581097,Hungary,Q28,Szombathely,Q42007,Hungary,Q28,47.233333333333,16.633333333333,north,130684,215.0,https://en.wikipedia.org/wiki/Zolt%C3%A1n_B%C3%A1torfi,,1,1,0,0,0,1975-07-20,1975,木|木|水|土|火|木,4.0,0.5,0.33333333333333337,1.242453324894,0,historical,QID:Q28031911,1975-07-20,,,,,,,,,,,,,,,,,,,,,,,,,historical,1,3.5205479452054793,0.6975149973001858,365,0.4794520547945207,0.6873716789607341
Q15855853,Zuzana Poliačková,Zuzana Poliačková,,1975-11-10,11,day,1,0,0,,,1975-11-10[p=11],UNREVIEWED,,female,Q6581072,Slovakia,Q214,Žilina,Q25797,Slovakia,Q214,49.216666666667,18.733333333333,north,107480,,,,1,1,0,0,0,1975-11-10,1975,木|木|火|水|金|金,4.0,0.3333333333333333,0.2777777777777778,1.3296613488547582,0,historical,QID:Q15855853,1975-11-10,,,,,,,,,,,,,,,,,,,,,,,,,historical,1,3.5205479452054793,0.6975149973001858,365,0.4794520547945207,0.6873716789607341
Q792699,Aya Umemura,Aya Umemura,,1976-12-04,11,day,1,0,1,,,1976-12-04[p=11],UNREVIEWED,,female,Q6581072,Japan,Q17,Tomakomai,Q390413,Japan,Q17,42.634055555556,141.60552777778,north,109645,107474.0,https://en.wikipedia.org/wiki/Aya_Umemura,,1,1,0,0,0,1976-12-04,1976,火|土|土|水|金|木,5.0,0.3333333333333333,0.2222222222222222,1.5607104090414063,1,historical,QID:Q792699,1976-12-04,,,,,,,,,,,,,,,,,,,,,,,,,historical,1,3.702185792349727,0.7225113192763979,366,1.2978142076502732,1.7962544987531084
Q717537,Chiang Peng-Lung,Chiang Peng-Lung,蔣澎龍,1976-07-24,11,day,1,0,2,,,1976-07-24[p=11],UNREVIEWED,,male,Q6581097,Taiwan,Q865,Penghu County,Q198525,Taiwan,Q865,23.583333333333,119.58333333333,north,101712,2691.0,https://en.wikipedia.org/wiki/Chiang_Peng-lung,https://zh.wikipedia.org/wiki/%E8%94%A3%E6%BE%8E%E9%BE%8D,1,1,0,0,0,1976-07-24,1976,火|土|木|土|火|土,3.0,0.5,0.3888888888888889,1.0114042647073518,0,historical,QID:Q717537,1976-07-24,,,,,,,,,,,,,,,,,,,,,,,,,historical,1,3.702185792349727,0.7225113192763979,366,-0.7021857923497268,-0.9718682235358924
Q922011,Finn Tugwell,Finn Tugwell,费恩·图格威尔,1976-03-18,11,day,1,0,2,,,1976-03-18[p=11],UNREVIEWED,,male,Q6581097,Kingdom of Denmark,Q756617,Aarhus,Q25319,Denmark,Q35,56.156388888889,10.209722222222,north,109600,93966.0,https://en.wikipedia.org/wiki/Finn_Tugwell,https://zh.wikipedia.org/wiki/%E8%B4%B9%E6%81%A9%C2%B7%E5%9B%BE%E6%A0%BC%E5%A8%81%E5%B0%94,1,1,0,0,0,1976-03-18,1976,火|土|金|木|土|火,4.0,0.3333333333333333,0.2777777777777778,1.3296613488547582,0,historical,QID:Q922011,1976-03-18,,,,,,,,,,,,,,,,,,,,,,,,,historical,1,3.702185792349727,0.7225113192763979,366,0.2978142076502732,0.41219313760860804
Q1711042,Judith Herczig,Judith Herczig,,1976-04-11,11,day,1,0,1,,,1976-04-11[p=11],UNREVIEWED,,female,Q6581072,Austria,Q40,Budapest,Q1781,Hungary,Q28,47.498333333333,19.040833333333,north,103564,93942.0,https://en.wikipedia.org/wiki/Judith_Herczig,,1,1,0,0,0,1976-04-11,1976,火|土|水|土|水|火,3.0,0.3333333333333333,0.3333333333333333,1.0986122886681096,0,historical,QID:Q1711042,1976-04-11,,,,,,,,,,,,,,,,,,,,,,,,,historical,1,3.702185792349727,0.7225113192763979,366,-0.7021857923497268,-0.9718682235358924
Q164354,Ko Lai Chak,Ko Lai Chak,高禮澤,1976-05-10,11,day,1,0,0,,,1976-05-10[p=11],UNREVIEWED,,male,Q6581097,People's Republic of China,Q148,Chancheng District,Q1061690,People's Republic of China,Q148,23.01215,113.11737,north,104726,107499.0,https://en.wikipedia.org/wiki/Ko_Lai_Chak,https://zh.wikipedia.org/wiki/%E9%AB%98%E7%A6%AE%E6%BE%A4,1,1,0,0,0,1976-05-10,1976,火|土|水|火|水|土,3.0,0.3333333333333333,0.3333333333333333,1.0986122886681096,0,historical,QID:Q164354,1976-05-10,,,,,,,,,,,,,,,,,,,,,,,,,historical,1,3.702185792349727,0.7225113192763979,366,-0.7021857923497268,-0.9718682235358924
Q15068163,Li Fen,Li Fen,李芬,1976-08-25,11,day,1,0,1,,,1976-08-25[p=11],UNREVIEWED,,female,Q6581072,Sweden,Q34,Shandong,Q43407,People's Republic of China,Q148,36.4,118.4,north,105311,131811.0,https://en.wikipedia.org/wiki/Li_Fen,https://zh.wikipedia.org/wiki/%E6%9D%8E%E8%8A%AC_%28%E4%B9%92%E4%B9%93%E7%90%83%E8%BF%90%E5%8A%A8%E5%91%98%29,1,1,0,0,0,1976-08-25,1976,火|土|火|金|土|金,3.0,0.3333333333333333,0.3333333333333333,1.0986122886681096,0,historical,QID:Q15068163,1976-08-25,,,,,,,,,,,,,,,,,,,,,,,,,historical,1,3.702185792349727,0.7225113192763979,366,-0.7021857923497268,-0.9718682235358924
Q283973,Li Ju,Li Ju,李菊,1976-01-22,11,day,1,0,1,,,1976-01-22[p=11],UNREVIEWED,,female,Q6581072,People's Republic of China,Q148,Nantong,Q57947,People's Republic of China,Q148,31.98288,120.8873,north,105329,93953.0,https://en.wikipedia.org/wiki/Li_Ju_%28table_tennis%29,https://zh.wikipedia.org/wiki/%E6%9D%8E%E8%8F%8A,1,1,0,0,0,1976-01-22,1976,木|木|土|土|水|金,4.0,0.3333333333333333,0.2777777777777778,1.329661348854758,0,historical,QID:Q283973,1976-01-22,,,,,,,,,,,,,,,,,,,,,,,,,historical,1,3.702185792349727,0.7225113192763979,366,0.2978142076502732,0.41219313760860804
Q555173,Liu Guoliang,Liu Guoliang,刘国梁,1976-01-10,11,day,1,0,1,,,1976-01-10[p=11],UNREVIEWED,,male,Q6581097,People's Republic of China,Q148,Xinxiang,Q404362,People's Republic of China,Q148,35.29917,113.88515,north,105461,2317.0,https://en.wikipedia.org/wiki/Liu_Guoliang,https://zh.wikipedia.org/wiki/%E5%88%98%E5%9B%BD%E6%A2%81,1,1,0,0,0,1976-01-10,1976,木|木|土|土|金|金,3.0,0.3333333333333333,0.3333333333333333,1.0986122886681096,0,historical,QID:Q555173,1976-01-10,,,,,,,,,,,,,,,,,,,,,,,,,historical,1,3.702185792349727,0.7225113192763979,366,-0.7021857923497268,-0.9718682235358924
Q11640390,Ryō Yuzawa,Ryō Yuzawa,,1976-10-07,11,day,1,0,1,,,1976-10-07[p=11],UNREVIEWED,,male,Q6581097,Japan,Q17,Tachikawa,Q269634,Japan,Q17,35.713944444444444,139.4079166666667,north,110455,883.0,https://en.wikipedia.org/wiki/Ryo_Yuzawa,,1,1,0,0,0,1976-10-07,1976,火|土|火|金|水|土,4.0,0.3333333333333333,0.2777777777777778,1.329661348854758,0,historical,QID:Q11640390,1976-10-07,,,,,,,,,,,,,,,,,,,,,,,,,historical,1,3.702185792349727,0.7225113192763979,366,0.2978142076502732,0.41219313760860804
Q7645353,Suraju Saka,Suraju Saka,蘇拉祖·薩卡,1976-05-05,11,day,1,0,1,,,1976-05-05[p=11],UNREVIEWED,,male,Q6581097,Nigeria;Republic of the Congo;Democratic Republic of the Congo,Q1033;Q971;Q974,Nigeria,Q1033,Nigeria,Q1033,9.0,8.0,north,109092,117538.0,https://en.wikipedia.org/wiki/Suraju_Saka,https://zh.wikipedia.org/wiki/%E8%98%87%E6%8B%89%E7%A5%96%C2%B7%E8%96%A9%E5%8D%A1,1,1,0,0,0,1976-05-05,1976,火|土|水|土|火|火,3.0,0.5,0.3888888888888889,1.0114042647073516,0,historical,QID:Q7645353,1976-05-05,,,,,,,,,,,,,,,,,,,,,,,,,historical,1,3.702185792349727,0.7225113192763979,366,-0.7021857923497268,-0.9718682235358924
Q360555,Vladimir Samsonov,Vladimir Samsonov,弗拉基米尔·维克托罗维奇·萨姆索诺夫,1976-04-17,11,day,1,0,2,,,1976-04-17[p=11],UNREVIEWED,,male,Q6581097,Belarus,Q184,Minsk,Q2280,Belarus,Q184,53.902246,27.561837,north,108246,693.0,https://en.wikipedia.org/wiki/Vladimir_Samsonov,https://zh.wikipedia.org/wiki/%E5%BC%97%E6%8B%89%E5%9F%BA%E7%B1%B3%E5%B0%94%C2%B7%E7%BB%B4%E5%85%8B%E6%89%98%E7%BD%97%E7%BB%B4%E5%A5%87%C2%B7%E8%90%A8%E5%A7%86%E7%B4%A2%E8%AF%BA%E5%A4%AB,1,1,0,0,0,1976-04-17,1976,火|土|水|土|土|水,3.0,0.5,0.3888888888888889,1.0114042647073518,0,historical,QID:Q360555,1976-04-17,,,,,,,,,,,,,,,,,,,,,,,,,historical,1,3.702185792349727,0.7225113192763979,366,-0.7021857923497268,-0.9718682235358924
Q108776571,Yōsuke Kurashima,Yōsuke Kurashima,,1976-05-24,11,day,1,0,0,,,1976-05-24[p=11],UNREVIEWED,,male,Q6581097,Japan,Q17,Tokyo,Q1490,Japan,Q17,35.68944444444445,139.69166666666666,north,104960,,,,1,1,0,0,0,1976-05-24,1976,火|土|水|火|火|水,3.0,0.5,0.3888888888888889,1.0114042647073518,0,historical,QID:Q108776571,1976-05-24,,,,,,,,,,,,,,,,,,,,,,,,,historical,1,3.702185792349727,0.7225113192763979,366,-0.7021857923497268,-0.9718682235358924
Q198100,Zhu Fang,Zhu Fang,朱芳,1976-10-02,11,day,1,0,1,,,1976-10-02[p=11],UNREVIEWED,,female,Q6581072,People's Republic of China;Spain,Q148;Q29,Beijing,Q956,People's Republic of China,Q148,39.90403,116.407526,north,110611,117478.0,https://en.wikipedia.org/wiki/Zhu_Fang,,1,1,0,0,0,1976-10-02,1976,火|土|火|金|火|水,4.0,0.5,0.33333333333333337,1.242453324894,0,historical,QID:Q198100,1976-10-02,,,,,,,,,,,,,,,,,,,,,,,,,historical,1,3.702185792349727,0.7225113192763979,366,0.2978142076502732,0.41219313760860804
Q168011,Alexey Smirnov,Alexey Smirnov,阿里克谢·斯米尔诺夫,1977-10-09,11,day,1,0,2,,,1977-10-09[p=11],UNREVIEWED,,male,Q6581097,Russia,Q159,Tolyatti,Q1341,Russia,Q159,53.516666666667,49.416666666667,north,108780,107508.0,https://en.wikipedia.org/wiki/Alexey_Smirnov_%28table_tennis%29,https://zh.wikipedia.org/wiki/%E9%98%BF%E5%88%97%E5%85%8B%E8%B0%A2%C2%B7%E6%A0%BC%E9%87%8C%E6%88%88%E9%87%8C%E8%80%B6%E7%BB%B4%E5%A5%87%C2%B7%E6%96%AF%E7%B1%B3%E5%B0%94%E8%AF%BA%E5%A4%AB,1,1,0,0,0,1977-10-09,1977,火|火|金|土|土|水,4.0,0.3333333333333333,0.2777777777777778,1.329661348854758,0,historical,QID:Q168011,1977-10-09,,,,,,,,,,,,,,,,,,,,,,,,,historical,1,3.463013698630137,0.7314570077642543,365,0.536986301369863,0.7341324174488347
Q501985,Andrei Filimon,Andrei Filimon,,1977-07-27,11,day,1,0,2,,,1977-07-27[p=11],UNREVIEWED,,male,Q6581097,Romania,Q218,Constanța,Q79808,Romania,Q218,44.1767161,28.6507598,north,102757,,,,1,1,0,0,0,1977-07-27,1977,火|火|火|土|木|金,4.0,0.5,0.33333333333333337,1.242453324894,0,historical,QID:Q501985,1977-07-27,,,,,,,,,,,,,,,,,,,,,,,,,historical,1,3.463013698630137,0.7314570077642543,365,0.536986301369863,0.7341324174488347
Q2850763,Anne-Claire Palut,Anne-Claire Palut,,1977-05-04,11,day,1,0,0,,,1977-05-04[p=11],UNREVIEWED,,female,Q6581072,France,Q142,,,,,,,unknown,106099,,,,1,1,0,0,0,1977-05-04,1977,火|火|木|土|金|金,4.0,0.3333333333333333,0.2777777777777778,1.3296613488547582,0,historical,QID:Q2850763,1977-05-04,,,,,,,,,,,,,,,,,,,,,,,,,historical,1,3.463013698630137,0.7314570077642543,365,0.536986301369863,0.7341324174488347
Q2110034,Kim Bok-rae,Kim Bok-rae,金福萊,1977-05-03,11,day,1,0,1,,,1977-05-03[p=11],UNREVIEWED,,female,Q6581072,South Korea,Q884,,,,,,,unknown,104546,107492.0,https://en.wikipedia.org/wiki/Kim_Bok-rae,,1,1,0,0,0,1977-05-03,1977,火|火|木|土|金|金,4.0,0.3333333333333333,0.2777777777777778,1.3296613488547582,0,historical,QID:Q2110034,1977-05-03,,,,,,,,,,,,,,,,,,,,,,,,,historical,1,3.463013698630137,0.7314570077642543,365,0.536986301369863,0.7341324174488347
Q242820,Kim Kyungah,Kim Kyungah,金暻娥,1977-05-25,11,day,1,0,2,,,1977-05-25[p=11],UNREVIEWED,,female,Q6581072,South Korea,Q884,Daejeon,Q20921,South Korea,Q884,36.35,127.385,north,104599,107459.0,https://en.wikipedia.org/wiki/Kim_Kyung-ah,https://zh.wikipedia.org/wiki/%E9%87%91%E6%9A%BB%E5%A8%A5,1,1,0,0,0,1977-05-25,1977,火|火|木|火|水|火,3.0,0.6666666666666666,0.5,0.8675632284814612,0,historical,QID:Q242820,1977-05-25,,,,,,,,,,,,,,,,,,,,,,,,,historical,1,3.463013698630137,0.7314570077642543,365,-0.46301369863013697,-0.6330019313716992
Q440563,Lin Ling,Lin Ling,林菱,1977-09-09,11,day,1,0,0,,,1977-09-09[p=11],UNREVIEWED,,female,Q6581072,People's Republic of China,Q148,Fuzhou,Q68481,People's Republic of China,Q148,26.076944444444,119.29166666667,north,105409,107478.0,https://en.wikipedia.org/wiki/Lin_Ling,https://zh.wikipedia.org/wiki/%E6%9E%97%E8%8F%B1,1,1,0,0,0,1977-09-09,1977,火|火|土|金|土|火,3.0,0.5,0.3888888888888889,1.0114042647073516,0,historical,QID:Q440563,1977-09-09,,,,,,,,,,,,,,,,,,,,,,,,,historical,1,3.463013698630137,0.7314570077642543,365,-0.46301369863013697,-0.6330019313716992
Q26789886,Mariana Sahakian,Mariana Sahakian,玛丽安娜·萨哈吉安,1977-09-02,11,day,1,0,0,,,1977-09-02[p=11],UNREVIEWED,,female,Q6581072,Armenia;Lebanon,Q399;Q822,Armenian Soviet Socialist Republic,Q132856,Soviet Union,Q15180,40.1833,44.5167,north,108825,131007.0,https://en.wikipedia.org/wiki/Mariana_Sahakian,,1,1,0,0,0,1977-09-02,1977,火|火|土|金|水|土,4.0,0.3333333333333333,0.2777777777777778,1.329661348854758,0,historical,QID:Q26789886,1977-09-02,,,,,,,,,,,,,,,,,,,,,,,,,historical,1,3.463013698630137,0.7314570077642543,365,0.536986301369863,0.7341324174488347
Q1904605,Martin Monrad,Martin Monrad,马丁·蒙拉兹,1977-12-19,11,day,1,0,1,,,1977-12-19[p=11],UNREVIEWED,,male,Q6581097,Kingdom of Denmark,Q756617,,,,,,,unknown,106289,,https://en.wikipedia.org/wiki/Martin_Monrad,https://zh.wikipedia.org/wiki/%E9%A9%AC%E4%B8%81%C2%B7%E8%92%99%E6%8B%89%E5%85%B9,1,1,0,0,0,1977-12-19,1977,火|火|水|水|金|土,4.0,0.3333333333333333,0.2777777777777778,1.3296613488547582,0,historical,QID:Q1904605,1977-12-19,,,,,,,,,,,,,,,,,,,,,,,,,historical,1,3.463013698630137,0.7314570077642543,365,0.536986301369863,0.7341324174488347
Q1962144,Monday Merotohun,Monday Merotohun,,1977-11-02,11,day,1,0,1,,,1977-11-02[p=11],UNREVIEWED,,male,Q6581097,Nigeria,Q1033,Ado-Odo/Ota,Q3510345,Nigeria,Q1033,6.63333,3.1,north,106059,107501.0,https://en.wikipedia.org/wiki/Monday_Merotohun,,1,1,0,0,0,1977-11-02,1977,火|火|金|土|水|水,4.0,0.3333333333333333,0.2777777777777778,1.3296613488547582,0,historical,QID:Q1962144,1977-11-02,,,,,,,,,,,,,,,,,,,,,,,,,historical,1,3.463013698630137,0.7314570077642543,365,0.536986301369863,0.7341324174488347
Q482639,Oh Sang-eun,Oh Sang-eun,吳尚垠,1977-04-13,11,day,1,0,2,,,1977-04-13[p=11],UNREVIEWED,,male,Q6581097,South Korea,Q884,Daegu,Q20927,South Korea,Q884,35.87166666666667,128.60166666666666,north,106884,93993.0,https://en.wikipedia.org/wiki/Oh_Sang-eun,https://zh.wikipedia.org/wiki/%E5%90%B3%E5%B0%9A%E5%9E%A0,1,1,0,0,0,1977-04-13,1977,火|火|木|土|金|水,5.0,0.3333333333333333,0.22222222222222227,1.5607104090414063,1,historical,QID:Q482639,1977-04-13,,,,,,,,,,,,,,,,,,,,,,,,,historical,1,3.463013698630137,0.7314570077642543,365,1.536986301369863,2.1012667662693687
Q7121772,Pablo Tabachnik,Pablo Tabachnik,巴勃罗·塔巴克尼科,1977-11-20,11,day,1,0,2,,,1977-11-20[p=11],UNREVIEWED,,male,Q6581097,Argentina,Q414,San Juan,Q44241,Argentina,Q414,-31.5375,-68.536388888889,south,109151,93935.0,https://en.wikipedia.org/wiki/Pablo_Tabachnik,,1,1,0,0,0,1977-11-20,1977,火|火|金|水|金|火,3.0,0.5,0.3888888888888889,1.0114042647073516,0,historical,QID:Q7121772,1977-11-20,,,,,,,,,,,,,,,,,,,,,,,,,historical,1,3.463013698630137,0.7314570077642543,365,-0.46301369863013697,-0.6330019313716992
Q432210,Rūta Paškauskienė,Rūta Paškauskienė,鲁塔·帕什考斯基耶涅,1977-03-29,11,day,1,0,2,,,1977-03-29[p=11],UNREVIEWED,,female,Q6581072,Lithuania,Q37,Kaunas,Q4115712,Russian Empire,Q34266,54.9,23.933333333333,north,101376,942.0,https://en.wikipedia.org/wiki/R%C5%ABta_Pa%C5%A1kauskien%C4%97,https://zh.wikipedia.org/wiki/%E9%B2%81%E5%A1%94%C2%B7%E5%B8%95%E4%BB%80%E8%80%83%E6%96%AF%E5%9F%BA%E8%80%B6%E6%B6%85,1,1,0,0,0,1977-03-29,1977,火|火|水|木|木|金,4.0,0.3333333333333333,0.2777777777777778,1.329661348854758,0,historical,QID:Q432210,1977-03-29,,,,,,,,,,,,,,,,,,,,,,,,,historical,1,3.463013698630137,0.7314570077642543,365,0.536986301369863,0.7341324174488347
Q291965,Tamara Boroš,Tamara Boroš,塔瑪拉·鮑羅斯,1977-12-19,11,day,1,0,1,,,1977-12-19[p=11],UNREVIEWED,,female,Q6581072,Croatia,Q224,Senta,Q571136,Serbia,Q403,45.93138888888889,20.09,north,101253,2338.0,https://en.wikipedia.org/wiki/Tamara_Boro%C5%A1,https://zh.wikipedia.org/wiki/%E5%A1%94%E7%8E%9B%E6%8B%89%C2%B7%E5%8D%9A%E7%BD%97%E4%BB%80,1,1,0,0,0,1977-12-19,1977,火|火|水|水|金|土,4.0,0.3333333333333333,0.2777777777777778,1.3296613488547582,0,historical,QID:Q291965,1977-12-19,,,,,,,,,,,,,,,,,,,,,,,,,historical,1,3.463013698630137,0.7314570077642543,365,0.536986301369863,0.7341324174488347
Q1259258,Thomas Keinath,Thomas Keinath,,1977-08-31,11,day,1,0,1,http://www.munzinger.de/search/go/document.jsp?id=01000006206,,1977-08-31[p=11],UNREVIEWED,,male,Q6581097,Germany,Q183,Hanau,Q3802,Germany,Q183,50.132777777777775,8.916944444444445,north,104462,,,,1,1,0,0,0,1977-08-31,1977,火|火|土|金|金|金,3.0,0.5,0.3888888888888889,1.0114042647073518,0,historical,QID:Q1259258,1977-08-31,,,,,,,,,,,,,,,,,,,,,,,,,historical,1,3.463013698630137,0.7314570077642543,365,-0.46301369863013697,-0.6330019313716992
Q65162,Wu Jiaduo,Wu Jiaduo,吴佳多,1977-09-19,11,day,1,0,1,,,1977-09-19[p=11],UNREVIEWED,,female,Q6581072,Germany,Q183,Linhai,Q713317,People's Republic of China,Q148,28.85229,121.14087,north,110213,117472.0,https://en.wikipedia.org/wiki/Wu_Jiaduo,https://zh.wikipedia.org/wiki/%E5%90%B4%E4%BD%B3%E5%A4%9A,1,1,0,0,0,1977-09-19,1977,火|火|土|金|土|木,4.0,0.3333333333333333,0.2777777777777778,1.3296613488547582,0,historical,QID:Q65162,1977-09-19,,,,,,,,,,,,,,,,,,,,,,,,,historical,1,3.463013698630137,0.7314570077642543,365,0.536986301369863,0.7341324174488347
Q3124606,Xian Yi Fang,Xian Yi Fang,羡宜芳,1977-08-20,11,day,1,0,1,http://www.sports-reference.com/olympics/athletes/xi/yi-fang-xian-1.html,,1977-08-20[p=11],UNREVIEWED,,female,Q6581072,France,Q142,Baoding,Q58584,People's Republic of China,Q148,38.86712,115.48452,north,102666,117490.0,https://en.wikipedia.org/wiki/Xian_Yi_Fang,https://zh.wikipedia.org/wiki/%E7%BE%A1%E5%AE%9C%E8%8A%B3,1,1,0,0,0,1977-08-20,1977,火|火|土|金|土|金,3.0,0.3333333333333333,0.3333333333333333,1.0986122886681096,0,historical,QID:Q3124606,1977-08-20,,,,,,,,,,,,,,,,,,,,,,,,,historical,1,3.463013698630137,0.7314570077642543,365,-0.46301369863013697,-0.6330019313716992
Q117088146,Elisabet Arnau Bonfill,Elisabet Arnau Bonfill,,1978-05-27,11,day,1,0,1,https://www.enciclopedia.cat/esportpedia/elisabet-arnau-bonfill,,1978-05-27[p=11],UNREVIEWED,,female,Q6581072,Spain,Q29,Cerdanyola del Vallès,Q13922,Spain,Q29,41.491944444444,2.1388888888889,north,100677,,,,1,1,0,0,0,1978-05-27,1978,土|火|火|火|土|土,2.0,0.5,0.5,0.6931471805599453,0,historical,QID:Q117088146,1978-05-27,,,,,,,,,,,,,,,,,,,,,,,,,historical,1,3.4794520547945207,0.7245610463723652,365,-1.4794520547945207,-2.041859774551285
Q19855264,Fu Yu,Fu Yu,付玉,1978-11-29,11,day,1,0,1,,,1978-11-29[p=11],UNREVIEWED,,female,Q6581072,Portugal,Q45,Hebei,Q21208,People's Republic of China,Q148,38.042222222222,114.50861111111,north,102863,131434.0,https://en.wikipedia.org/wiki/Fu_Yu,https://zh.wikipedia.org/wiki/%E4%BB%98%E7%8E%89,1,1,0,0,0,1978-11-29,1978,土|火|水|水|木|土,4.0,0.3333333333333333,0.2777777777777778,1.3296613488547582,0,historical,QID:Q19855264,1978-11-29,,,,,,,,,,,,,,,,,,,,,,,,,historical,1,3.4794520547945207,0.7245610463723652,365,0.5205479452054793,0.7184321428976741
Q18923110,Guo Pengpeng,Guo Pengpeng,,1978-10-25,11,day,1,0,0,,,1978-10-25[p=11],UNREVIEWED,,female,Q6581072,Germany,Q183,,,,,,,unknown,115010,,,,1,1,0,0,0,1978-10-25,1978,土|火|水|土|金|金,4.0,0.3333333333333333,0.2777777777777778,1.3296613488547582,0,historical,QID:Q18923110,1978-10-25,,,,,,,,,,,,,,,,,,,,,,,,,historical,1,3.4794520547945207,0.7245610463723652,365,0.5205479452054793,0.7184321428976741
Q11518438,Shinnosuke Kihō,Shinnosuke Kihō,,1978-05-20,11,day,1,0,1,,,1978-05-20[p=11],UNREVIEWED,,male,Q6581097,Japan,Q17,Tokyo,Q1490,Japan,Q17,35.68944444444445,139.69166666666666,north,104541,,,,1,1,0,0,0,1978-05-20,1978,土|火|火|火|水|火,3.0,0.6666666666666666,0.5,0.8675632284814612,0,historical,QID:Q11518438,1978-05-20,,,,,,,,,,,,,,,,,,,,,,,,,historical,1,3.4794520547945207,0.7245610463723652,365,-0.4794520547945207,-0.6617138158268054
Q458183,Svetlana Ganina,Svetlana Ganina,,1978-07-11,11,day,1,0,1,,,1978-07-11[p=11],UNREVIEWED,,female,Q6581072,Russia,Q159,Nizhny Novgorod,Q891,Russia,Q159,56.326944444444,44.0075,north,102937,107445.0,https://en.wikipedia.org/wiki/Svetlana_Ganina,,1,1,0,0,0,1978-07-11,1978,土|火|土|土|木|土,3.0,0.6666666666666666,0.5,0.8675632284814612,0,historical,QID:Q458183,1978-07-11,,,,,,,,,,,,,,,,,,,,,,,,,historical,1,3.4794520547945207,0.7245610463723652,365,-0.4794520547945207,-0.6617138158268054
Q11436430,Takahiro Ōmori,Takahiro Ōmori,,1978-11-28,11,day,1,0,1,,,1978-11-28[p=11],UNREVIEWED,,male,Q6581097,Japan,Q17,,,,,,,unknown,106945,,,,1,1,0,0,0,1978-11-28,1978,土|火|水|水|木|火,4.0,0.3333333333333333,0.2777777777777778,1.3296613488547582,0,historical,QID:Q11436430,1978-11-28,,,,,,,,,,,,,,,,,,,,,,,,,historical,1,3.4794520547945207,0.7245610463723652,365,0.5205479452054793,0.7184321428976741
Q438352,Veronika Pavlovich,Veronika Pavlovich,維羅妮卡·帕夫洛維奇,1978-05-08,11,day,1,0,2,,,1978-05-08[p=11],UNREVIEWED,,female,Q6581072,Belarus,Q184,Minsk,Q2280,Belarus,Q184,53.902246,27.561837,north,107220,93945.0,https://en.wikipedia.org/wiki/Veronika_Pavlovich,,1,1,0,0,0,1978-05-08,1978,土|火|火|火|金|火,3.0,0.6666666666666666,0.5,0.8675632284814612,0,historical,QID:Q438352,1978-05-08,,,,,,,,,,,,,,,,,,,,,,,,,historical,1,3.4794520547945207,0.7245610463723652,365,-0.4794520547945207,-0.6617138158268054
Q290384,Viktoria Pavlovich,Viktoria Pavlovich,维多利亚·帕夫洛维奇,1978-05-08,11,day,1,0,2,,Q36578,1978-05-08[p=11],UNREVIEWED,,female,Q6581072,Belarus,Q184,Minsk,Q2280,Belarus,Q184,53.902246,27.561837,north,107221,93946.0,https://en.wikipedia.org/wiki/Viktoria_Pavlovich,https://zh.wikipedia.org/wiki/%E7%BB%B4%E5%A4%9A%E5%88%A9%E4%BA%9A%C2%B7%E5%B8%95%E5%A4%AB%E6%B4%9B%E7%BB%B4%E5%A5%87,1,1,0,0,0,1978-05-08,1978,土|火|火|火|金|火,3.0,0.6666666666666666,0.5,0.8675632284814612,0,historical,QID:Q290384,1978-05-08,,,,,,,,,,,,,,,,,,,,,,,,,historical,1,3.4794520547945207,0.7245610463723652,365,-0.4794520547945207,-0.6617138158268054
Q314592,Wang Liqin,Wang Liqin,王励勤,1978-06-18,11,day,1,0,2,,,1978-06-18[p=11],UNREVIEWED,,male,Q6581097,People's Republic of China,Q148,Shanghai,Q8686,People's Republic of China,Q148,31.2325,121.46916666666668,north,109974,93956.0,https://en.wikipedia.org/wiki/Wang_Liqin,https://zh.wikipedia.org/wiki/%E7%8E%8B%E5%8A%B1%E5%8B%A4,1,1,0,0,0,1978-06-18,1978,土|火|土|火|金|水,4.0,0.3333333333333333,0.2777777777777778,1.329661348854758,0,historical,QID:Q314592,1978-06-18,,,,,,,,,,,,,,,,,,,,,,,,,historical,1,3.4794520547945207,0.7245610463723652,365,0.5205479452054793,0.7184321428976741
Q230693,Wang Nan,Wang Nan,王楠,1978-10-23,11,day,1,0,1,,,1978-10-23[p=11],UNREVIEWED,,female,Q6581072,People's Republic of China,Q148,Fushun,Q75026,People's Republic of China,Q148,41.87085,123.89173,north,109976,93957.0,https://en.wikipedia.org/wiki/Wang_Nan_%28table_tennis%29,https://zh.wikipedia.org/wiki/%E7%8E%8B%E6%A5%A0,1,1,0,0,0,1978-10-23,1978,土|火|水|土|土|火,3.0,0.5,0.3888888888888889,1.0114042647073516,0,historical,QID:Q230693,1978-10-23,,,,,,,,,,,,,,,,,,,,,,,,,historical,1,3.4794520547945207,0.7245610463723652,365,-0.4794520547945207,-0.6617138158268054
Q8054117,Yo Kan,Yo Kan,,1978-10-19,11,day,1,0,2,,,1978-10-19[p=11],UNREVIEWED,,male,Q6581097,Japan,Q17,Shenyang,Q11720,People's Republic of China,Q148,41.8025,123.42805555555556,north,111609,117508.0,https://en.wikipedia.org/wiki/Yo_Kan,,1,1,0,0,0,1978-10-19,1978,土|火|水|土|木|木,4.0,0.3333333333333333,0.2777777777777778,1.3296613488547582,0,historical,QID:Q8054117,1978-10-19,,,,,,,,,,,,,,,,,,,,,,,,,historical,1,3.4794520547945207,0.7245610463723652,365,0.5205479452054793,0.7184321428976741
Q85123,Zoltan Fejer-Konnerth,Zoltan Fejer-Konnerth,,1978-07-20,11,day,1,0,1,,,1978-07-20[p=11],UNREVIEWED,,male,Q6581097,Germany,Q183,Odorheiu Secuiesc,Q623099,Romania,Q218,46.313888888889,25.301666666667,north,102702,107530.0,https://en.wikipedia.org/wiki/Zoltan_Fejer-Konnerth,,1,1,0,0,0,1978-07-20,1978,土|火|土|土|水|土,3.0,0.6666666666666666,0.5,0.8675632284814612,0,historical,QID:Q85123,1978-07-20,,,,,,,,,,,,,,,,,,,,,,,,,historical,1,3.4794520547945207,0.7245610463723652,365,-0.4794520547945207,-0.6617138158268054
Q1231106,Ádám Pattantyús,Ádám Pattantyús,,1978-10-10,11,day,1,0,1,,,1978-10-10[p=11],UNREVIEWED,,male,Q6581097,Hungary,Q28,Nagykőrös,Q830394,Hungary,Q28,47.033055555556,19.783888888889,north,107196,125956.0,https://en.wikipedia.org/wiki/%C3%81d%C3%A1m_Pattanty%C3%BAs,,1,1,0,0,0,1978-10-10,1978,土|火|水|土|木|火,4.0,0.3333333333333333,0.2777777777777778,1.3296613488547582,0,historical,QID:Q1231106,1978-10-10,,,,,,,,,,,,,,,,,,,,,,,,,historical,1,3.4794520547945207,0.7245610463723652,365,0.5205479452054793,0.7184321428976741
Q2913371,Anolyn Lulu,Anolyn Lulu,安诺林·露露,1979-01-03,11,day,1,0,1,,,1979-01-03[p=11],UNREVIEWED,,female,Q6581072,Vanuatu,Q686,Maewo,Q1355723,Vanuatu,Q686,-15.133333333333333,168.11666666666667,south,105603,126135.0,https://en.wikipedia.org/wiki/Anolyn_Lulu,,1,1,0,0,0,1979-01-03,1979,土|火|木|水|金|火,5.0,0.3333333333333333,0.22222222222222227,1.5607104090414063,1,historical,QID:Q2913371,1979-01-03,,,,,,,,,,,,,,,,,,,,,,,,,historical,1,3.408219178082192,0.752605989881038,365,1.591780821917808,2.115025449331616
Q28784101,Carina Jonsson,Carina Jonsson,,1979-07-17,11,day,1,0,1,,,1979-07-17[p=11],UNREVIEWED,,female,Q6581072,Sweden,Q34,,,,,,,unknown,104206,,,,1,1,0,0,0,1979-07-17,1979,土|土|金|土|木|金,3.0,0.5,0.3888888888888889,1.0114042647073518,0,historical,QID:Q28784101,1979-07-17,,,,,,,,,,,,,,,,,,,,,,,,,historical,1,3.408219178082192,0.752605989881038,365,-0.408219178082192,-0.5424075592950275
Q5071687,Chang Yen-shu,Chang Yen-shu,張雁書,1979-02-11,11,day,1,0,1,,,1979-02-11[p=11],UNREVIEWED,,male,Q6581097,Taiwan,Q865,,,,,,,unknown,101612,94012.0,https://en.wikipedia.org/wiki/Chang_Yen-shu,https://zh.wikipedia.org/wiki/%E5%BC%B5%E9%9B%81%E6%9B%B8,1,1,0,0,0,1979-02-11,1979,土|土|火|木|土|金,4.0,0.5,0.33333333333333337,1.242453324894,0,historical,QID:Q5071687,1979-02-11,,,,,,,,,,,,,,,,,,,,,,,,,historical,1,3.408219178082192,0.752605989881038,365,0.591780821917808,0.7863089450182942
Q16218536,Crystal Huang,Crystal Huang,,1979-07-06,11,day,1,0,1,,,1979-07-06[p=11],UNREVIEWED,,female,Q6581072,United States,Q30,Changsha,Q174091,People's Republic of China,Q148,28.19874,112.97087,north,110336,117456.0,https://en.wikipedia.org/wiki/Crystal_Huang,,1,1,0,0,0,1979-07-06,1979,土|土|金|火|木|土,4.0,0.5,0.33333333333333337,1.242453324894,0,historical,QID:Q16218536,1979-07-06,,,,,,,,,,,,,,,,,,,,,,,,,historical,1,3.408219178082192,0.752605989881038,365,0.591780821917808,0.7863089450182942
Q5286482,Doan Kien Quoc,Doan Kien Quoc,,1979-03-24,11,day,1,0,1,,,1979-03-24[p=11],UNREVIEWED,,male,Q6581097,Vietnam,Q881,Nha Trang,Q19491,Vietnam,Q881,12.245,109.19166666666666,north,102309,107502.0,https://en.wikipedia.org/wiki/%C4%90o%C3%A0n_Ki%E1%BA%BFn_Qu%E1%BB%91c,,1,1,0,0,0,1979-03-24,1979,土|土|火|木|金|木,4.0,0.3333333333333333,0.2777777777777778,1.3296613488547582,0,historical,QID:Q5286482,1979-03-24,,,,,,,,,,,,,,,,,,,,,,,,,historical,1,3.408219178082192,0.752605989881038,365,0.591780821917808,0.7863089450182942
Q5415215,Eva Ódorová,Eva Ódorová,,1979-11-22,11,day,1,0,1,,,1979-11-22[p=11],UNREVIEWED,,female,Q6581072,Slovakia,Q214,Komárno,Q210796,Slovakia,Q214,47.763333333333,18.128333333333,north,106864,117486.0,https://en.wikipedia.org/wiki/Eva_%C3%93dorov%C3%A1,,1,1,0,0,0,1979-11-22,1979,土|土|木|水|水|火,4.0,0.3333333333333333,0.2777777777777778,1.3296613488547582,0,historical,QID:Q5415215,1979-11-22,,,,,,,,,,,,,,,,,,,,,,,,,historical,1,3.408219178082192,0.752605989881038,365,0.591780821917808,0.7863089450182942
Q1687289,Jens Lundqvist,Jens Lundqvist,簡斯·倫德奎斯特,1979-08-29,11,day,1,0,2,,,1979-08-29[p=11],UNREVIEWED,,male,Q6581097,Sweden,Q34,Gävle,Q25748,Sweden,Q34,60.674833333333,17.144388888889,north,105609,117518.0,https://en.wikipedia.org/wiki/Jens_Lundqvist,https://zh.wikipedia.org/wiki/%E5%BB%B6%E6%96%AF%C2%B7%E4%BC%A6%E5%BE%B7%E5%A5%8E%E6%96%AF%E7%89%B9,1,1,0,0,0,1979-08-29,1979,土|土|水|金|土|土,3.0,0.6666666666666666,0.5,0.8675632284814612,0,historical,QID:Q1687289,1979-08-29,,,,,,,,,,,,,,,,,,,,,,,,,historical,1,3.408219178082192,0.752605989881038,365,-0.408219178082192,-0.5424075592950275
Q289772,Kim Hyang-mi,Kim Hyang-mi,金香美,1979-09-19,11,day,1,0,1,,,1979-09-19[p=11],UNREVIEWED,,female,Q6581072,North Korea,Q423,Pyongyang,Q18808,North Korea,Q423,39.016666666666666,125.7475,north,104575,2478.0,https://en.wikipedia.org/wiki/Kim_Hyang-mi_%28table_tennis%29,https://zh.wikipedia.org/wiki/%E9%87%91%E9%A6%99%E7%BE%8E,1,1,0,0,0,1979-09-19,1979,土|土|水|金|土|土,3.0,0.6666666666666666,0.5,0.8675632284814612,0,historical,QID:Q289772,1979-09-19,,,,,,,,,,,,,,,,,,,,,,,,,historical,1,3.408219178082192,0.752605989881038,365,-0.408219178082192,-0.5424075592950275
Q1806240,Lars Hielscher,Lars Hielscher,,1979-05-09,11,day,1,0,1,,,1979-05-09[p=11],UNREVIEWED,,male,Q6581097,Germany,Q183,Hanover,Q1715,Germany,Q183,52.374444444444,9.7386111111111,north,103598,107535.0,https://en.wikipedia.org/wiki/Lars_Hielscher,,1,1,0,0,0,1979-05-09,1979,土|土|土|火|火|水,3.0,0.5,0.3888888888888889,1.0114042647073516,0,historical,QID:Q1806240,1979-05-09,,,,,,,,,,,,,,,,,,,,,,,,,historical,1,3.408219178082192,0.752605989881038,365,-0.408219178082192,-0.5424075592950275
Q6534569,Leung Chu Yan,Leung Chu Yan,梁柱恩,1979-04-21,11,day,1,0,0,,,1979-04-21[p=11],UNREVIEWED,,male,Q6581097,British Hong Kong;Hong Kong,Q1054923;Q8646,Guangdong,Q15175,People's Republic of China,Q148,23.4,113.5,north,105281,93978.0,https://en.wikipedia.org/wiki/Leung_Chu_Yan,https://zh.wikipedia.org/wiki/%E6%A2%81%E6%9F%B1%E6%81%A9,1,1,0,0,0,1979-04-21,1979,土|土|土|土|土|火,2.0,0.8333333333333334,0.7222222222222223,0.45056120886630463,0,historical,QID:Q6534569,1979-04-21,,,,,,,,,,,,,,,,,,,,,,,,,historical,1,3.408219178082192,0.752605989881038,365,-1.408219178082192,-1.8711240636083493
Q3108940,Lin Ju,Lin Ju,林聚,1979-09-01,11,day,1,0,1,,,1979-09-01[p=11],UNREVIEWED,,male,Q6581097,Dominican Republic,Q786,Fujian,Q41705,People's Republic of China,Q148,25.9,118.3,north,105407,107507.0,https://en.wikipedia.org/wiki/Lin_Ju,,1,1,0,0,0,1979-09-01,1979,土|土|水|金|金|土,3.0,0.5,0.3888888888888889,1.0114042647073516,0,historical,QID:Q3108940,1979-09-01,,,,,,,,,,,,,,,,,,,,,,,,,historical,1,3.408219178082192,0.752605989881038,365,-0.408219178082192,-0.5424075592950275
Q19694669,Magnus Molin,Magnus Molin,芒努斯·莫林,1979-08-21,11,day,1,0,0,,,1979-08-21[p=11],UNREVIEWED,,male,Q6581097,Sweden,Q34,,,,,,,unknown,106264,,https://en.wikipedia.org/wiki/Magnus_Molin,https://zh.wikipedia.org/wiki/%E8%8A%92%E5%8A%AA%E6%96%AF%C2%B7%E8%8E%AB%E6%9E%97,1,1,0,0,0,1979-08-21,1979,土|土|水|金|金|金,3.0,0.5,0.3888888888888889,1.0114042647073516,0,historical,QID:Q19694669,1979-08-21,,,,,,,,,,,,,,,,,,,,,,,,,historical,1,3.408219178082192,0.752605989881038,365,-0.408219178082192,-0.5424075592950275
Q9306377,Renáta Štrbíková,Renáta Štrbíková,,1979-08-06,11,day,1,0,1,https://www.olympijskytym.cz/athlete/1623,,1979-08-06[p=11],UNREVIEWED,,female,Q6581072,Czech Republic,Q213,Havířov,Q192904,Czech Republic,Q213,49.777777777778,18.422777777778,north,109010,107467.0,https://en.wikipedia.org/wiki/Ren%C3%A1ta_%C5%A0trb%C3%ADkov%C3%A1,,1,1,0,0,0,1979-08-06,1979,土|土|金|土|木|火,4.0,0.5,0.33333333333333337,1.242453324894,0,historical,QID:Q9306377,1979-08-06,,,,,,,,,,,,,,,,,,,,,,,,,historical,1,3.408219178082192,0.752605989881038,365,0.591780821917808,0.7863089450182942
Q685215,Robert Gardos,Robert Gardos,羅伯特·加爾多斯,1979-01-16,11,day,1,0,2,,,1979-01-16[p=11],UNREVIEWED,,male,Q6581097,Austria,Q40,Budapest,Q1781,Hungary,Q28,47.498333333333,19.040833333333,north,102968,117512.0,https://en.wikipedia.org/wiki/Robert_Gardos,https://zh.wikipedia.org/wiki/%E7%BD%97%E4%BC%AF%E7%89%B9%C2%B7%E5%8A%A0%E5%B0%94%E5%A4%9A%E6%96%AF,1,1,0,0,0,1979-01-16,1979,土|火|木|土|水|土,4.0,0.5,0.33333333333333337,1.242453324894,0,historical,QID:Q685215,1979-01-16,,,,,,,,,,,,,,,,,,,,,,,,,historical,1,3.408219178082192,0.752605989881038,365,0.591780821917808,0.7863089450182942
Q16218872,Roko Tošić,Roko Tošić,,1979-07-14,11,day,1,0,1,,,1979-07-14[p=11],UNREVIEWED,,male,Q6581097,Croatia,Q224,Croatia,Q224,Croatia,Q224,45.25,15.466667,north,109510,,https://en.wikipedia.org/wiki/Roko_To%C5%A1i%C4%87,,1,1,0,0,0,1979-07-14,1979,土|土|金|土|水|火,4.0,0.5,0.33333333333333337,1.242453324894,0,historical,QID:Q16218872,1979-07-14,,,,,,,,,,,,,,,,,,,,,,,,,historical,1,3.408219178082192,0.752605989881038,365,0.591780821917808,0.7863089450182942
Q2593975,Shen Yanfei,Shen Yanfei,沈燕飞,1979-12-24,11,day,1,0,1,,,1979-12-24[p=11],UNREVIEWED,,female,Q6581072,Spain,Q29,Shijiazhuang,Q58401,People's Republic of China,Q148,38.0425,114.51,north,108569,117462.0,https://en.wikipedia.org/wiki/Shen_Yanfei,https://zh.wikipedia.org/wiki/%E6%B2%88%E7%87%95%E9%A3%9E,1,1,0,0,0,1979-12-24,1979,土|土|火|水|木|土,4.0,0.5,0.33333333333333337,1.242453324894,0,historical,QID:Q2593975,1979-12-24,,,,,,,,,,,,,,,,,,,,,,,,,historical,1,3.408219178082192,0.752605989881038,365,0.591780821917808,0.7863089450182942
Q1532231,Silvija Erdelji,Silvija Erdelji,,1979-05-28,11,day,1,0,1,,,1979-05-28[p=11],UNREVIEWED,,female,Q6581072,Serbia and Montenegro,Q37024,Senta,Q571136,Serbia,Q403,45.93138888888889,20.09,north,102568,107451.0,https://en.wikipedia.org/wiki/Silvija_Erdelji,,1,1,0,0,0,1979-05-28,1979,土|土|土|火|木|土,3.0,0.6666666666666666,0.5,0.8675632284814612,0,historical,QID:Q1532231,1979-05-28,,,,,,,,,,,,,,,,,,,,,,,,,historical,1,3.408219178082192,0.752605989881038,365,-0.408219178082192,-0.5424075592950275
Q28799891,Susanne Jonsson,Susanne Jonsson,,1979-07-17,11,day,1,0,1,,,1979-07-17[p=11],UNREVIEWED,,female,Q6581072,Sweden,Q34,,,,,,,unknown,104210,,,,1,1,0,0,0,1979-07-17,1979,土|土|金|土|木|金,3.0,0.5,0.3888888888888889,1.0114042647073518,0,historical,QID:Q28799891,1979-07-17,,,,,,,,,,,,,,,,,,,,,,,,,historical,1,3.408219178082192,0.752605989881038,365,-0.408219178082192,-0.5424075592950275
Q455707,Tie Ya Na,Tie Ya Na,帖雅娜,1979-05-13,11,day,1,0,1,,,1979-05-13[p=11],UNREVIEWED,,female,Q6581072,People's Republic of China,Q148,Henan,Q43684,People's Republic of China,Q148,33.9,113.5,north,109421,107450.0,https://en.wikipedia.org/wiki/Tie_Ya_Na,https://zh.wikipedia.org/wiki/%E5%B8%96%E9%9B%85%E5%A8%9C,1,1,0,0,0,1979-05-13,1979,土|土|土|火|金|土,3.0,0.6666666666666666,0.5,0.8675632284814612,0,historical,QID:Q455707,1979-05-13,,,,,,,,,,,,,,,,,,,,,,,,,historical,1,3.408219178082192,0.752605989881038,365,-0.408219178082192,-0.5424075592950275
Q97515961,Trevor Brown,Trevor Brown,,1979-06-12,11,day,1,0,0,,,1979-06-12[p=11],UNREVIEWED,,male,Q6581097,Australia,Q408,Melbourne,Q3141,Australia,Q408,-37.814166666666665,144.96305555555554,south,101355,107510.0,https://en.wikipedia.org/wiki/Trevor_Brown_%28table_tennis%29,,1,1,0,0,0,1979-06-12,1979,土|土|金|火|金|土,3.0,0.5,0.3888888888888889,1.0114042647073518,0,historical,QID:Q97515961,1979-06-12,,,,,,,,,,,,,,,,,,,,,,,,,historical,1,3.408219178082192,0.752605989881038,365,-0.408219178082192,-0.5424075592950275
Q8023254,Wilson Zhang,Wilson Zhang,,1979-09-23,11,day,1,0,1,,,1979-09-23[p=11],UNREVIEWED,,male,Q6581097,Canada,Q16,Anda,Q489631,People's Republic of China,Q148,46.40775,125.32518,north,110561,117521.0,https://en.wikipedia.org/wiki/Wilson_Zhang,,1,1,0,0,0,1979-09-23,1979,土|土|水|金|水|火,4.0,0.3333333333333333,0.2777777777777778,1.3296613488547582,0,historical,QID:Q8023254,1979-09-23,,,,,,,,,,,,,,,,,,,,,,,,,historical,1,3.408219178082192,0.752605989881038,365,0.591780821917808,0.7863089450182942
Q372806,Adrian Crișan,Adrian Crișan,,1980-05-07,11,day,1,0,2,,,1980-05-07[p=11],UNREVIEWED,,male,Q6581097,Romania,Q218,Bistrița,Q187205,Romania,Q218,47.133333333333,24.483333333333,north,101979,94006.0,https://en.wikipedia.org/wiki/Adrian_Cri%C8%99an,,1,1,0,0,0,1980-05-07,1980,金|金|金|火|金|土,3.0,0.6666666666666666,0.5,0.8675632284814612,0,historical,QID:Q372806,1980-05-07,,,,,,,,,,,,,,,,,,,,,,,,,historical,1,3.448087431693989,0.6874883036657579,366,-0.4480874316939891,-0.6517746255532512
Q11463606,An Konishi,An Konishi,,1980-12-16,11,day,1,0,1,,,1980-12-16[p=11],UNREVIEWED,,female,Q6581072,Japan,Q17,Tokyo,Q1490,Japan,Q17,35.68944444444445,139.69166666666666,north,104802,93989.0,https://en.wikipedia.org/wiki/An_Konishi,,1,1,0,0,0,1980-12-16,1980,金|金|土|水|水|水,3.0,0.5,0.3888888888888889,1.0114042647073518,0,historical,QID:Q11463606,1980-12-16,,,,,,,,,,,,,,,,,,,,,,,,,historical,1,3.448087431693989,0.6874883036657579,366,-0.4480874316939891,-0.6517746255532512
Q26789858,Bode Abiodun,Bode Abiodun,,1980-09-10,11,day,1,0,1,,,1980-09-10[p=11],UNREVIEWED,,male,Q6581097,,,,,,,,,unknown,100079,135330.0,https://en.wikipedia.org/wiki/Bode_Abiodun,,1,1,0,0,0,1980-09-10,1980,金|金|木|金|火|土,4.0,0.5,0.3333333333333333,1.2424533248940002,0,historical,QID:Q26789858,1980-09-10,,,,,,,,,,,,,,,,,,,,,,,,,historical,1,3.448087431693989,0.6874883036657579,366,0.5519125683060109,0.8027955753765652
Q927960,Carlos Machado,Carlos Machado,卡洛斯·馬查多,1980-06-18,11,day,1,0,1,,,1980-06-18[p=11],UNREVIEWED,,male,Q6581097,Spain,Q29,Priego de Córdoba,Q301437,Spain,Q29,37.4384292,-4.1980422,north,105666,124342.0,https://en.wikipedia.org/wiki/Carlos_Machado_%28table_tennis%29,,1,1,0,0,0,1980-06-18,1980,金|金|水|火|水|土,4.0,0.3333333333333333,0.2777777777777778,1.3296613488547582,0,historical,QID:Q927960,1980-06-18,,,,,,,,,,,,,,,,,,,,,,,,,historical,1,3.448087431693989,0.6874883036657579,366,0.5519125683060109,0.8027955753765652
Q5277545,Dmitrij Prokopcov,Dmitrij Prokopcov,,1980-01-05,11,day,1,0,2,https://www.olympic.org/dmitrij-prokopcov;https://www.sports-reference.com/olympics/athletes/pr/dmitrij-prokopcov-1.html,,1980-01-05[p=11],UNREVIEWED,,male,Q6581097,Ukraine;Czech Republic,Q212;Q213,Simferopol,Q19566,Crimean Khanate,Q160440,44.948376,34.100039,north,107578,133431.0,https://en.wikipedia.org/wiki/Dmitrij_Prokopcov,,1,1,0,0,0,1980-01-05,1980,土|土|火|水|火|土,3.0,0.5,0.3888888888888889,1.0114042647073516,0,historical,QID:Q5277545,1980-01-05,,,,,,,,,,,,,,,,,,,,,,,,,historical,1,3.448087431693989,0.6874883036657579,366,-0.4480874316939891,-0.6517746255532512
Q1672668,Irina Kotikhina,Irina Kotikhina,,1980-12-17,11,day,1,0,1,,,1980-12-17[p=11],UNREVIEWED,,female,Q6581072,Russia,Q159,Nizhny Novgorod,Q891,Russia,Q159,56.326944444444,44.0075,north,104845,117496.0,https://en.wikipedia.org/wiki/Irina_Kotikhina,,1,1,0,0,0,1980-12-17,1980,金|金|土|水|木|水,4.0,0.3333333333333333,0.2777777777777778,1.3296613488547582,0,historical,QID:Q1672668,1980-12-17,,,,,,,,,,,,,,,,,,,,,,,,,historical,1,3.448087431693989,0.6874883036657579,366,0.5519125683060109,0.8027955753765652
Q482630,Joo Sae-hyuk,Joo Sae-hyuk,朱世爀,1980-01-20,11,day,1,0,3,,,1980-01-20[p=11],UNREVIEWED,,male,Q6581097,South Korea,Q884,Seoul,Q8684,South Korea,Q884,37.56,126.99,north,104212,107496.0,https://en.wikipedia.org/wiki/Joo_Sae-hyuk,https://zh.wikipedia.org/wiki/%E6%9C%B1%E4%B8%96%E7%88%80,1,1,0,0,0,1980-01-20,1980,土|土|火|土|水|土,3.0,0.6666666666666666,0.5,0.8675632284814612,0,historical,QID:Q482630,1980-01-20,,,,,,,,,,,,,,,,,,,,,,,,,historical,1,3.448087431693989,0.6874883036657579,366,-0.4480874316939891,-0.6517746255532512
Q117083446,Jéssica Hernández Ascanio,Jéssica Hernández Ascanio,,1980-11-10,11,day,1,0,1,https://www.enciclopedia.cat/esportpedia/jessica-hernandez-ascanio,,1980-11-10[p=11],UNREVIEWED,,female,Q6581072,Spain,Q29,Barcelona,Q1492,Spain,Q29,41.3825,2.1769444444444,north,103570,,,,1,1,0,0,0,1980-11-10,1980,金|金|火|水|火|水,3.0,0.3333333333333333,0.3333333333333333,1.0986122886681096,0,historical,QID:Q117083446,1980-11-10,,,,,,,,,,,,,,,,,,,,,,,,,historical,1,3.448087431693989,0.6874883036657579,366,-0.4480874316939891,-0.6517746255532512
Q11739313,Kinga Stefańska,Kinga Stefańska,,1980-01-22,11,day,1,0,0,,,1980-01-22[p=11],UNREVIEWED,,female,Q6581072,Poland,Q36,Sosnowiec,Q105060,Poland,Q36,50.3,19.166666666667,north,108956,,,,1,1,0,0,0,1980-01-22,1980,土|土|火|土|木|火,3.0,0.5,0.3888888888888889,1.0114042647073518,0,historical,QID:Q11739313,1980-01-22,,,,,,,,,,,,,,,,,,,,,,,,,historical,1,3.448087431693989,0.6874883036657579,366,-0.4480874316939891,-0.6517746255532512
Q2105790,Liu Guozheng,Liu Guozheng,劉國正,1980-03-07,11,day,1,0,2,,,1980-03-07[p=11],UNREVIEWED,,male,Q6581097,People's Republic of China,Q148,Wuhan,Q11746,People's Republic of China,Q148,30.595,114.2975,north,105462,93954.0,https://en.wikipedia.org/wiki/Liu_Guozheng,https://zh.wikipedia.org/wiki/%E5%8A%89%E5%9C%8B%E6%AD%A3,1,1,0,0,0,1980-03-07,1980,金|金|土|木|土|木,3.0,0.3333333333333333,0.3333333333333333,1.0986122886681096,0,historical,QID:Q2105790,1980-03-07,,,,,,,,,,,,,,,,,,,,,,,,,historical,1,3.448087431693989,0.6874883036657579,366,-0.4480874316939891,-0.6517746255532512
Q317851,Ma Lin,Ma Lin,马琳,1980-02-19,11,day,1,0,1,,,1980-02-19[p=11],UNREVIEWED,,male,Q6581097,People's Republic of China,Q148,Shenyang,Q11720,People's Republic of China,Q148,41.8025,123.42805555555556,north,105648,107523.0,https://en.wikipedia.org/wiki/Ma_Lin_%28table_tennis%29,https://zh.wikipedia.org/wiki/%E9%A9%AC%E7%90%B3,1,1,0,0,0,1980-02-19,1980,金|金|土|木|水|土,4.0,0.3333333333333333,0.2777777777777778,1.3296613488547582,0,historical,QID:Q317851,1980-02-19,,,,,,,,,,,,,,,,,,,,,,,,,historical,1,3.448087431693989,0.6874883036657579,366,0.5519125683060109,0.8027955753765652
Q3380536,Nanthana Komwong,Nanthana Komwong,納瑟娜·高王,1980-09-13,11,day,1,0,1,,,1980-09-13[p=11],UNREVIEWED,,female,Q6581072,Thailand,Q869,Lampang,Q240495,Thailand,Q869,18.695683333333,99.725647222222,north,104793,94011.0,https://en.wikipedia.org/wiki/Nanthana_Komwong,,1,1,0,0,0,1980-09-13,1980,金|金|木|金|土|土,3.0,0.5,0.3888888888888889,1.0114042647073518,0,historical,QID:Q3380536,1980-09-13,,,,,,,,,,,,,,,,,,,,,,,,,historical,1,3.448087431693989,0.6874883036657579,366,-0.4480874316939891,-0.6517746255532512
Q3120927,Panagiotis Gionis,Panagiotis Gionis,潘納吉歐提斯·吉歐尼斯,1980-01-07,11,day,1,0,2,,,1980-01-07[p=11],UNREVIEWED,,male,Q6581097,Greece,Q41,Athens,Q1524,Greece,Q41,37.98416666666667,23.72805555555556,north,103107,107516.0,https://en.wikipedia.org/wiki/Panagiotis_Gionis,,1,1,0,0,0,1980-01-07,1980,土|土|火|土|土|木,3.0,0.6666666666666666,0.5,0.8675632284814612,0,historical,QID:Q3120927,1980-01-07,,,,,,,,,,,,,,,,,,,,,,,,,historical,1,3.448087431693989,0.6874883036657579,366,-0.4480874316939891,-0.6517746255532512
Q1726700,Stefan Feth,Stefan Feth,,1980-03-27,11,day,1,0,1,,,1980-03-27[p=11],UNREVIEWED,,male,Q6581097,Germany,Q183,Lahnstein,Q569639,Germany,Q183,50.301111111111,7.6055555555556,north,102739,,,,1,1,0,0,0,1980-03-27,1980,金|金|土|木|土|水,4.0,0.3333333333333333,0.2777777777777778,1.3296613488547582,0,historical,QID:Q1726700,1980-03-27,,,,,,,,,,,,,,,,,,,,,,,,,historical,1,3.448087431693989,0.6874883036657579,366,0.5519125683060109,0.8027955753765652
Q433909,Sun Jin,Sun Jin,孫晉,1980-03-13,11,day,1,0,0,,,1980-03-13[p=11],UNREVIEWED,,female,Q6581072,People's Republic of China,Q148,Hong Kong,Q8646,People's Republic of China,Q148,22.278333333333,114.15861111111,north,109071,93955.0,https://en.wikipedia.org/wiki/Sun_Jin,https://zh.wikipedia.org/wiki/%E5%AD%99%E6%99%8B,1,1,0,0,0,1980-03-13,1980,金|金|土|木|木|金,3.0,0.5,0.3888888888888889,1.0114042647073518,0,historical,QID:Q433909,1980-03-13,,,,,,,,,,,,,,,,,,,,,,,,,historical,1,3.448087431693989,0.6874883036657579,366,-0.4480874316939891,-0.6517746255532512
Q1744114,Tanja Hain-Hofmann,Tanja Hain-Hofmann,,1980-03-03,11,day,1,0,1,,,1980-03-03[p=11],UNREVIEWED,,female,Q6581072,Germany,Q183,Mainz,Q1720,Germany,Q183,49.99944444444444,8.27361111111111,north,103365,,,,1,1,0,0,0,1980-03-03,1980,金|金|土|木|木|水,4.0,0.3333333333333333,0.2777777777777778,1.3296613488547582,0,historical,QID:Q1744114,1980-03-03,,,,,,,,,,,,,,,,,,,,,,,,,historical,1,3.448087431693989,0.6874883036657579,366,0.5519125683060109,0.8027955753765652
Q257372,Wang Yuegu,Wang Yuegu,王越古,1980-06-10,11,day,1,0,2,,,1980-06-10[p=11],UNREVIEWED,,female,Q6581072,Singapore,Q334,Anshan,Q74957,People's Republic of China,Q148,41.10662,122.98945,north,110000,117471.0,https://en.wikipedia.org/wiki/Wang_Yuegu,https://zh.wikipedia.org/wiki/%E7%8E%8B%E8%B6%8A%E5%8F%A4,1,1,0,0,0,1980-06-10,1980,金|金|水|火|木|木,4.0,0.3333333333333333,0.2777777777777778,1.3296613488547582,0,historical,QID:Q257372,1980-06-10,,,,,,,,,,,,,,,,,,,,,,,,,historical,1,3.448087431693989,0.6874883036657579,366,0.5519125683060109,0.8027955753765652
Q462413,Wu Xue,Wu Xue,,1980-03-22,11,day,1,0,1,,,1980-03-22[p=11],UNREVIEWED,,female,Q6581072,Dominican Republic,Q786,Beijing,Q956,People's Republic of China,Q148,39.90403,116.407526,north,110225,107469.0,https://en.wikipedia.org/wiki/Wu_Xue,,1,1,0,0,0,1980-03-22,1980,金|金|土|木|木|火,4.0,0.3333333333333333,0.2777777777777778,1.3296613488547582,0,historical,QID:Q462413,1980-03-22,,,,,,,,,,,,,,,,,,,,,,,,,historical,1,3.448087431693989,0.6874883036657579,366,0.5519125683060109,0.8027955753765652
Q117035202,Alba Prades Dòria,Alba Prades Dòria,,1981-07-08,11,day,1,0,1,https://www.enciclopedia.cat/esportpedia/alba-prades-doria,,1981-07-08[p=11],UNREVIEWED,,female,Q6581072,Spain,Q29,Barcelona,Q1492,Spain,Q29,41.3825,2.1769444444444,north,107544,,,,1,1,0,0,0,1981-07-08,1981,金|金|木|土|火|水,5.0,0.3333333333333333,0.2222222222222222,1.5607104090414063,1,historical,QID:Q117035202,1981-07-08,,,,,,,,,,,,,,,,,,,,,,,,,historical,1,3.367123287671233,0.6850151988609305,365,1.632876712328767,2.3837087338266025
Q2643665,Alexandra Scheld,Alexandra Scheld,,1981-10-25,11,day,1,0,1,,,1981-10-25[p=11],UNREVIEWED,,female,Q6581072,Germany,Q183,Siegen,Q3167,Germany,Q183,50.875555555556,8.0166666666667,north,108375,,,,1,1,0,0,0,1981-10-25,1981,金|金|土|土|火|水,4.0,0.3333333333333333,0.2777777777777778,1.3296613488547582,0,historical,QID:Q2643665,1981-10-25,,,,,,,,,,,,,,,,,,,,,,,,,historical,1,3.367123287671233,0.6850151988609305,365,0.6328767123287671,0.9238871099227268
Q18245047,Alexey Liventsov,Alexey Liventsov,,1981-11-02,11,day,1,0,1,,,1981-11-02[p=11],UNREVIEWED,,male,Q6581097,Russia,Q159,Ryazan,Q2746,Russia,Q159,54.63,39.7425,north,105497,,https://en.wikipedia.org/wiki/Alexey_Liventsov,,1,1,0,0,0,1981-11-02,1981,金|金|土|土|木|金,3.0,0.5,0.3888888888888889,1.0114042647073518,0,historical,QID:Q18245047,1981-11-02,,,,,,,,,,,,,,,,,,,,,,,,,historical,1,3.367123287671233,0.6850151988609305,365,-0.3671232876712329,-0.535934513981149
Q4754949,Andrea Bakula,Andrea Bakula,,1981-08-15,11,day,1,0,1,,,1981-08-15[p=11],UNREVIEWED,,female,Q6581072,Croatia,Q224,Zagreb,Q1435,Croatia,Q224,45.81305555555556,15.977222222222222,north,100859,93960.0,https://en.wikipedia.org/wiki/Andrea_Bakula,,1,1,0,0,0,1981-08-15,1981,金|金|火|金|木|土,4.0,0.5,0.3333333333333333,1.2424533248940002,0,historical,QID:Q4754949,1981-08-15,,,,,,,,,,,,,,,,,,,,,,,,,historical,1,3.367123287671233,0.6850151988609305,365,0.6328767123287671,0.9238871099227268
Q65752,Bastian Steger,Bastian Steger,巴斯蒂安·斯特格,1981-03-19,11,day,1,0,1,,,1981-03-19[p=11],UNREVIEWED,,male,Q6581097,Germany,Q183,Oberviechtach,Q257823,Germany,Q183,49.466666666667,12.416666666667,north,108958,123983.0,https://en.wikipedia.org/wiki/Bastian_Steger,https://zh.wikipedia.org/wiki/%E5%B7%B4%E6%96%AF%E8%92%82%E5%AE%89%C2%B7%E6%96%AF%E7%89%B9%E6%A0%BC,1,1,0,0,0,1981-03-19,1981,金|金|金|木|火|金,3.0,0.6666666666666666,0.5,0.8675632284814612,0,historical,QID:Q65752,1981-03-19,,,,,,,,,,,,,,,,,,,,,,,,,historical,1,3.367123287671233,0.6850151988609305,365,-0.3671232876712329,-0.535934513981149
Q891153,Bojan Tokič,Bojan Tokič,,1981-01-13,11,day,1,0,1,,,1981-01-13[p=11],UNREVIEWED,,male,Q6581097,Slovenia,Q215,Jajce,Q258429,Bosnia and Herzegovina,Q225,44.340252777778,17.257233333333,north,109459,117536.0,https://en.wikipedia.org/wiki/Bojan_Toki%C4%87,,1,1,0,0,0,1981-01-13,1981,金|金|土|土|金|木,3.0,0.5,0.3888888888888889,1.0114042647073518,0,historical,QID:Q891153,1981-01-13,,,,,,,,,,,,,,,,,,,,,,,,,historical,1,3.367123287671233,0.6850151988609305,365,-0.3671232876712329,-0.535934513981149
Q701954,Cheung Yuk,Cheung Yuk,張鈺,1981-10-28,11,day,1,0,1,,,1981-10-28[p=11],UNREVIEWED,,male,Q6581097,British Hong Kong,Q1054923,Wuxi,Q42651,People's Republic of China,Q148,31.566667,120.283333,north,101707,93977.0,https://en.wikipedia.org/wiki/Cheung_Yuk,https://zh.wikipedia.org/wiki/%E5%BC%B5%E9%88%BA_%28%E4%B9%92%E4%B9%93%E7%90%83%E9%81%8B%E5%8B%95%E5%93%A1%29,1,1,0,0,0,1981-10-28,1981,金|金|土|土|土|木,3.0,0.5,0.3888888888888889,1.0114042647073518,0,historical,QID:Q701954,1981-10-28,,,,,,,,,,,,,,,,,,,,,,,,,historical,1,3.367123287671233,0.6850151988609305,365,-0.3671232876712329,-0.535934513981149
Q705179,Chuan Chih-Yuan,Chuan Chih-Yuan,莊智淵,1981-04-02,11,day,1,0,2,http://www.ittf.com/ittf_tournaments/ittf_entries_web.asp?Gender=M&Tour_ID=2224,,1981-04-02[p=11],UNREVIEWED,,male,Q6581097,Taiwan,Q865,Kaohsiung,Q181557,Taiwan,Q865,22.615,120.2975,north,101820,107504.0,https://en.wikipedia.org/wiki/Chuang_Chih-yuan,https://zh.wikipedia.org/wiki/%E8%8E%8A%E6%99%BA%E6%B7%B5,1,1,0,0,0,1981-04-02,1981,金|金|金|木|金|土,3.0,0.6666666666666666,0.5,0.8675632284814612,0,historical,QID:Q705179,1981-04-02,,,,,,,,,,,,,,,,,,,,,,,,,historical,1,3.367123287671233,0.6850151988609305,365,-0.3671232876712329,-0.535934513981149
Q484185,Dang Ye-seo,Dang Ye-seo,唐汭序,1981-04-27,11,day,1,0,1,,,1981-04-27[p=11],UNREVIEWED,,female,Q6581072,South Korea,Q884,Changchun,Q92161,People's Republic of China,Q148,43.88,125.32277777778,north,113304,117457.0,https://en.wikipedia.org/wiki/Dang_Ye-seo,https://zh.wikipedia.org/wiki/%E5%94%90%E6%B1%AD%E5%BA%8F,1,1,0,0,0,1981-04-27,1981,金|金|水|土|木|水,4.0,0.3333333333333333,0.2777777777777778,1.3296613488547582,0,historical,QID:Q484185,1981-04-27,,,,,,,,,,,,,,,,,,,,,,,,,historical,1,3.367123287671233,0.6850151988609305,365,0.6328767123287671,0.9238871099227268
Q1688237,Jessica Göbel,Jessica Göbel,,1981-10-22,11,day,1,0,1,,,1981-10-22[p=11],UNREVIEWED,,female,Q6581072,Germany,Q183,Siegen,Q3167,Germany,Q183,50.875555555556,8.0166666666667,north,103132,,,,1,1,0,0,0,1981-10-22,1981,金|金|土|土|水|金,3.0,0.5,0.3888888888888889,1.0114042647073516,0,historical,QID:Q1688237,1981-10-22,,,,,,,,,,,,,,,,,,,,,,,,,historical,1,3.367123287671233,0.6850151988609305,365,-0.3671232876712329,-0.535934513981149
Q1088479,Kaii Konishi,Kaii Konishi,吉田海偉,1981-05-16,11,day,1,0,2,,,1981-05-16[p=11],UNREVIEWED,,male,Q6581097,People's Republic of China;Japan,Q148;Q17,Xinji,Q1015480,People's Republic of China,Q148,37.94231,115.21181,north,110410,,https://en.wikipedia.org/wiki/Kaii_Yoshida,https://zh.wikipedia.org/wiki/%E5%90%89%E7%94%B0%E6%B5%B7%E5%81%89,1,1,0,0,0,1981-05-16,1981,金|金|水|火|木|火,4.0,0.3333333333333333,0.2777777777777778,1.3296613488547582,0,historical,QID:Q1088479,1981-05-16,,,,,,,,,,,,,,,,,,,,,,,,,historical,1,3.367123287671233,0.6850151988609305,365,0.6328767123287671,0.9238871099227268
Q11576226,Kunihito Tasei,Kunihito Tasei,,1981-09-20,11,day,1,0,1,,,1981-09-20[p=11],UNREVIEWED,,male,Q6581097,Japan,Q17,,,,,,,unknown,109285,,,,1,1,0,0,0,1981-09-20,1981,金|金|火|金|金|土,3.0,0.6666666666666666,0.5,0.8675632284814612,0,historical,QID:Q11576226,1981-09-20,,,,,,,,,,,,,,,,,,,,,,,,,historical,1,3.367123287671233,0.6850151988609305,365,-0.3671232876712329,-0.535934513981149
Q6497649,Lau Sui-fei,Lau Sui-fei,柳絮飛,1981-07-03,11,day,1,0,1,,,1981-07-03[p=11],UNREVIEWED,,female,Q6581072,People's Republic of China,Q148,Jiangsu,Q16963,People's Republic of China,Q148,33.0,120.0,north,105091,107446.0,https://en.wikipedia.org/wiki/Lau_Sui_Fei,https://zh.wikipedia.org/wiki/%E6%9F%B3%E7%B5%AE%E9%A3%9B,1,1,0,0,0,1981-07-03,1981,金|金|木|火|水|火,4.0,0.3333333333333333,0.2777777777777778,1.3296613488547582,0,historical,QID:Q6497649,1981-07-03,,,,,,,,,,,,,,,,,,,,,,,,,historical,1,3.367123287671233,0.6850151988609305,365,0.6328767123287671,0.9238871099227268
Q254727,Li Jiawei,Li Jiawei,李佳薇,1981-08-09,11,day,1,0,1,,,1981-08-09[p=11],UNREVIEWED,,female,Q6581072,Singapore,Q334,Beijing,Q956,People's Republic of China,Q148,39.90403,116.407526,north,105324,94009.0,https://en.wikipedia.org/wiki/Li_Jiawei,https://zh.wikipedia.org/wiki/%E6%9D%8E%E4%BD%B3%E8%96%87_%28%E4%B9%92%E4%B9%93%E7%90%83%E8%BF%90%E5%8A%A8%E5%91%98%29,1,1,0,0,0,1981-08-09,1981,金|金|火|金|土|土,3.0,0.5,0.3888888888888889,1.0114042647073518,0,historical,QID:Q254727,1981-08-09,,,,,,,,,,,,,,,,,,,,,,,,,historical,1,3.367123287671233,0.6850151988609305,365,-0.3671232876712329,-0.535934513981149
Q2077602,Miao Miao,Miao Miao,苗苗,1981-01-14,11,day,1,0,1,,,1981-01-14[p=11],UNREVIEWED,,female,Q6581072,Australia,Q408,Tianjin,Q11736,People's Republic of China,Q148,39.146666666667,117.20555555556,north,106088,93939.0,https://en.wikipedia.org/wiki/Miao_Miao,https://zh.wikipedia.org/wiki/%E8%8B%97%E8%8B%97_%28%E8%BF%90%E5%8A%A8%E5%91%98%29,1,1,0,0,0,1981-01-14,1981,金|金|土|土|水|土,3.0,0.5,0.3888888888888889,1.0114042647073516,0,historical,QID:Q2077602,1981-01-14,,,,,,,,,,,,,,,,,,,,,,,,,historical,1,3.367123287671233,0.6850151988609305,365,-0.3671232876712329,-0.535934513981149
Q559105,Michael Maze,Michael Maze,米凯尔·梅兹,1981-09-01,11,day,1,0,2,,,1981-09-01[p=11],UNREVIEWED,,male,Q6581097,Kingdom of Denmark,Q756617,Faxe,Q777334,Denmark,Q35,55.2544,12.1181,north,105966,93965.0,https://en.wikipedia.org/wiki/Michael_Maze,https://zh.wikipedia.org/wiki/%E7%B1%B3%E5%87%AF%E5%B0%94%C2%B7%E6%A2%85%E5%85%B9,1,1,0,0,0,1981-09-01,1981,金|金|火|金|水|火,3.0,0.5,0.3888888888888889,1.0114042647073516,0,historical,QID:Q559105,1981-09-01,,,,,,,,,,,,,,,,,,,,,,,,,historical,1,3.367123287671233,0.6850151988609305,365,-0.3671232876712329,-0.535934513981149
Q104128,Nadine Bollmeier,Nadine Bollmeier,,1981-06-21,11,day,1,0,0,,,1981-06-21[p=11],UNREVIEWED,,female,Q6581072,Germany,Q183,Lübbecke,Q182805,Germany,Q183,52.308055555556,8.6230555555556,north,101223,,,,1,1,0,0,0,1981-06-21,1981,金|金|木|火|金|火,3.0,0.5,0.3888888888888889,1.0114042647073518,0,historical,QID:Q104128,1981-06-21,,,,,,,,,,,,,,,,,,,,,,,,,historical,1,3.367123287671233,0.6850151988609305,365,-0.3671232876712329,-0.535934513981149
Q77759,Nico Christ,Nico Christ,,1981-10-30,11,day,1,0,1,,,1981-10-30[p=11],UNREVIEWED,,male,Q6581097,Germany,Q183,Tübingen,Q3806,Germany,Q183,48.52,9.0555555555556,north,101802,,,,1,1,0,0,0,1981-10-30,1981,金|金|土|土|金|火,3.0,0.5,0.3888888888888889,1.0114042647073518,0,historical,QID:Q77759,1981-10-30,,,,,,,,,,,,,,,,,,,,,,,,,historical,1,3.367123287671233,0.6850151988609305,365,-0.3671232876712329,-0.535934513981149
Q1986009,Nico Stehle,Nico Stehle,,1981-01-12,11,day,1,0,1,,,1981-01-12[p=11],UNREVIEWED,,male,Q6581097,Germany,Q183,,,,,,,unknown,108959,,,,1,1,0,0,0,1981-01-12,1981,金|金|土|土|金|木,3.0,0.5,0.3888888888888889,1.0114042647073518,0,historical,QID:Q1986009,1981-01-12,,,,,,,,,,,,,,,,,,,,,,,,,historical,1,3.367123287671233,0.6850151988609305,365,-0.3671232876712329,-0.535934513981149
Q456016,Niu Jianfeng,Niu Jianfeng,牛剑锋,1981-04-03,11,day,1,0,1,,,1981-04-03[p=11],UNREVIEWED,,female,Q6581072,People's Republic of China,Q148,Baoding,Q58584,People's Republic of China,Q148,38.86712,115.48452,north,106756,107462.0,https://en.wikipedia.org/wiki/Niu_Jianfeng,https://zh.wikipedia.org/wiki/%E7%89%9B%E5%8A%8D%E9%8B%92,1,1,0,0,0,1981-04-03,1981,金|金|金|木|金|水,3.0,0.6666666666666666,0.5,0.8675632284814612,0,historical,QID:Q456016,1981-04-03,,,,,,,,,,,,,,,,,,,,,,,,,historical,1,3.367123287671233,0.6850151988609305,365,-0.3671232876712329,-0.535934513981149
Q262323,Park Mi-Young,Park Mi-Young,朴美英,1981-11-17,11,day,1,0,2,,,1981-11-17[p=11],UNREVIEWED,,female,Q6581072,South Korea,Q884,Daegu,Q20927,South Korea,Q884,35.87166666666667,128.60166666666666,north,107160,117470.0,https://en.wikipedia.org/wiki/Park_Mi-young,https://zh.wikipedia.org/wiki/%E6%9C%B4%E7%BE%8E%E8%8B%B1,1,1,0,0,0,1981-11-17,1981,金|金|土|水|土|水,3.0,0.3333333333333333,0.3333333333333333,1.0986122886681096,0,historical,QID:Q262323,1981-11-17,,,,,,,,,,,,,,,,,,,,,,,,,historical,1,3.367123287671233,0.6850151988609305,365,-0.3671232876712329,-0.535934513981149
Q7462475,Shaimaa Abdul-Aziz,Shaimaa Abdul-Aziz,,1981-03-30,11,day,1,0,1,,,1981-03-30[p=11],UNREVIEWED,,female,Q6581072,Egypt,Q79,Giza,Q81788,Egypt,Q79,29.987,31.2118,north,100055,93967.0,https://en.wikipedia.org/wiki/Shaimaa_Abdul-Aziz,,1,1,0,0,0,1981-03-30,1981,金|金|金|木|火|土,4.0,0.5,0.3333333333333333,1.2424533248940002,0,historical,QID:Q7462475,1981-03-30,,,,,,,,,,,,,,,,,,,,,,,,,historical,1,3.367123287671233,0.6850151988609305,365,0.6328767123287671,0.9238871099227268
Q3133032,Tang Peng,Tang Peng,唐鵬,1981-02-04,11,day,1,0,2,,,1981-02-04[p=11],UNREVIEWED,,male,Q6581097,People's Republic of China,Q148,Beijing,Q956,People's Republic of China,Q148,39.90403,116.407526,north,109253,120072.0,https://en.wikipedia.org/wiki/Tang_Peng,https://zh.wikipedia.org/wiki/%E5%94%90%E9%B5%AC,1,1,0,0,0,1981-02-04,1981,金|金|金|木|水|土,4.0,0.5,0.33333333333333337,1.242453324894,0,historical,QID:Q3133032,1981-02-04,,,,,,,,,,,,,,,,,,,,,,,,,historical,1,3.367123287671233,0.6850151988609305,365,0.6328767123287671,0.9238871099227268
Q57747,Timo Boll,Timo Boll,蒂莫·波尔,1981-03-08,11,day,1,0,2,https://www.rio2016.com/en/athlete/timo-boll,Q237227,1981-03-08[p=11],UNREVIEWED,,male,Q6581097,Germany,Q183,Erbach,Q571748,Germany,Q183,49.656944444444,8.9930555555556,north,101222,93972.0,https://en.wikipedia.org/wiki/Timo_Boll,https://zh.wikipedia.org/wiki/%E8%92%82%E8%8E%AB%C2%B7%E6%B3%A2%E5%B0%94,1,1,0,0,0,1981-03-08,1981,金|金|金|木|木|金,2.0,0.6666666666666666,0.5555555555555556,0.6365141682948128,0,historical,QID:Q57747,1981-03-08,,,,,,,,,,,,,,,,,,,,,,,,,historical,1,3.367123287671233,0.6850151988609305,365,-1.367123287671233,-1.9957561378850248
Q197335,Zhang Yining,Zhang Yining,张怡宁,1981-10-05,11,day,1,0,2,,,1981-10-05[p=11],UNREVIEWED,,female,Q6581072,People's Republic of China,Q148,Beijing,Q956,People's Republic of China,Q148,39.90403,116.407526,north,110579,107444.0,https://en.wikipedia.org/wiki/Zhang_Yining,https://zh.wikipedia.org/wiki/%E5%BC%A0%E6%80%A1%E5%AE%81,1,1,0,0,0,1981-10-05,1981,金|金|火|金|火|土,3.0,0.5,0.3888888888888889,1.0114042647073518,0,historical,QID:Q197335,1981-10-05,,,,,,,,,,,,,,,,,,,,,,,,,historical,1,3.367123287671233,0.6850151988609305,365,-0.3671232876712329,-0.535934513981149
Q8955429,Ai Fujinuma,Ai Fujinuma,藤沼亞衣,1982-09-16,11,day,1,0,1,,,1982-09-16[p=11],UNREVIEWED,,female,Q6581072,Japan,Q17,Utsunomiya,Q200589,Japan,Q17,36.55511111111111,139.88255555555557,north,102874,93987.0,https://en.wikipedia.org/wiki/Ai_Fujinuma,https://zh.wikipedia.org/wiki/%E8%97%A4%E6%B2%BC%E4%BA%9E%E8%A1%A3,1,1,0,0,0,1982-09-16,1982,水|土|土|金|水|木,4.0,0.3333333333333333,0.2777777777777778,1.3296613488547582,0,historical,QID:Q8955429,1982-09-16,,,,,,,,,,,,,,,,,,,,,,,,,historical,1,3.6246575342465754,0.6621188146418243,365,0.37534246575342456,0.5668808338522557
Q554111,Gao Ning,Gao Ning,高宁,1982-10-11,11,day,1,0,0,,,1982-10-11[p=11],UNREVIEWED,,male,Q6581097,Singapore,Q334,Hebei,Q21208,People's Republic of China,Q148,38.042222222222,114.50861111111,north,102943,117513.0,https://en.wikipedia.org/wiki/Gao_Ning,https://zh.wikipedia.org/wiki/%E9%AB%98%E5%AE%81,1,1,0,0,0,1982-10-11,1982,水|土|金|土|火|木,5.0,0.3333333333333333,0.2222222222222222,1.5607104090414063,1,historical,QID:Q554111,1982-10-11,,,,,,,,,,,,,,,,,,,,,,,,,historical,1,3.6246575342465754,0.6621188146418243,365,1.3753424657534246,2.0771837853564414
Q288479,Guo Yan,Guo Yan,郭焱,1982-06-24,11,day,1,0,2,,,1982-06-24[p=11],UNREVIEWED,,female,Q6581072,People's Republic of China,Q148,Beijing,Q956,People's Republic of China,Q148,39.90403,116.407526,north,103319,,https://en.wikipedia.org/wiki/Guo_Yan,https://zh.wikipedia.org/wiki/%E9%83%AD%E7%84%B1,1,1,0,0,0,1982-06-24,1982,水|土|火|火|土|木,4.0,0.3333333333333333,0.2777777777777778,1.3296613488547582,0,historical,QID:Q288479,1982-06-24,,,,,,,,,,,,,,,,,,,,,,,,,historical,1,3.6246575342465754,0.6621188146418243,365,0.37534246575342456,0.5668808338522557
Q11300130,Guðmundur E. Stephensen,Guðmundur E. Stephensen,,1982-06-29,11,day,1,0,1,,,1982-06-29[p=11],UNREVIEWED,,male,Q6581097,Iceland,Q189,,,,,,,unknown,108973,,https://en.wikipedia.org/wiki/Gu%C3%B0mundur_E._Stephensen,,1,1,0,0,0,1982-06-29,1982,水|土|火|火|水|土,3.0,0.3333333333333333,0.3333333333333333,1.0986122886681096,0,historical,QID:Q11300130,1982-06-29,,,,,,,,,,,,,,,,,,,,,,,,,historical,1,3.6246575342465754,0.6621188146418243,365,-0.6246575342465754,-0.9434221176519297
Q271088,Liu Jia,Liu Jia,劉佳,1982-02-16,11,day,1,0,1,,,1982-02-16[p=11],UNREVIEWED,,female,Q6581072,Austria,Q40,Beijing,Q956,People's Republic of China,Q148,39.90403,116.407526,north,105469,93943.0,https://en.wikipedia.org/wiki/Liu_Jia,https://zh.wikipedia.org/wiki/%E5%8A%89%E4%BD%B3_%28%E4%B9%92%E4%B9%93%E7%90%83%E9%81%8B%E5%8B%95%E5%93%A1%29,1,1,0,0,0,1982-02-16,1982,水|土|水|木|金|火,5.0,0.3333333333333333,0.2222222222222222,1.5607104090414063,1,historical,QID:Q271088,1982-02-16,,,,,,,,,,,,,,,,,,,,,,,,,historical,1,3.6246575342465754,0.6621188146418243,365,1.3753424657534246,2.0771837853564414
Q1908836,Matilda Ekholm,Matilda Ekholm,瑪蒂爾達·艾克霍爾姆,1982-06-15,11,day,1,0,1,,,1982-06-15[p=11],UNREVIEWED,,female,Q6581072,Sweden,Q34,Linköping,Q25413,Sweden,Q34,58.409418037448,15.625656134134,north,102472,131812.0,https://en.wikipedia.org/wiki/Matilda_Ekholm,,1,1,0,0,0,1982-06-15,1982,水|土|火|火|土|火,3.0,0.5,0.3888888888888889,1.0114042647073516,0,historical,QID:Q1908836,1982-06-15,,,,,,,,,,,,,,,,,,,,,,,,,historical,1,3.6246575342465754,0.6621188146418243,365,-0.6246575342465754,-0.9434221176519297
Q7129654,Pan Li-chun,Pan Li-chun,,1982-02-26,11,day,1,0,1,,,1982-02-26[p=11],UNREVIEWED,,female,Q6581072,Taiwan,Q865,Kaohsiung,Q181557,Taiwan,Q865,22.615,120.2975,north,107117,117493.0,https://en.wikipedia.org/wiki/Pan_Li-chun,,1,1,0,0,0,1982-02-26,1982,水|土|水|木|金|土,4.0,0.3333333333333333,0.2777777777777778,1.3296613488547582,0,historical,QID:Q7129654,1982-02-26,,,,,,,,,,,,,,,,,,,,,,,,,historical,1,3.6246575342465754,0.6621188146418243,365,0.37534246575342456,0.5668808338522557
Q258610,Pär Gerell,Pär Gerell,帕爾·格雷爾,1982-06-23,11,day,1,0,1,,,1982-06-23[p=11],UNREVIEWED,,male,Q6581097,Sweden,Q34,Växjö,Q26152,Sweden,Q34,56.889029924861,14.802795326212,north,103037,117517.0,https://en.wikipedia.org/wiki/P%C3%A4r_Gerell,,1,1,0,0,0,1982-06-23,1982,水|土|火|火|火|土,3.0,0.5,0.3888888888888889,1.0114042647073516,0,historical,QID:Q258610,1982-06-23,,,,,,,,,,,,,,,,,,,,,,,,,historical,1,3.6246575342465754,0.6621188146418243,365,-0.6246575342465754,-0.9434221176519297
Q348202,Ryu Seung-min,Ryu Seung-min,柳承敏,1982-08-05,11,day,1,0,2,,,1982-08-05[p=11],UNREVIEWED,,male,Q6581097,South Korea,Q884,Seoul,Q8684,South Korea,Q884,37.56,126.99,north,108098,93995.0,https://en.wikipedia.org/wiki/Ryu_Seung-min,https://zh.wikipedia.org/wiki/%E6%9F%B3%E6%89%BF%E6%95%8F,1,1,0,0,0,1982-08-05,1982,水|土|火|土|金|金,4.0,0.3333333333333333,0.2777777777777778,1.3296613488547582,0,historical,QID:Q348202,1982-08-05,,,,,,,,,,,,,,,,,,,,,,,,,historical,1,3.6246575342465754,0.6621188146418243,365,0.37534246575342456,0.5668808338522557
Q983595,Sharath Kamal,Sharath Kamal,沙拉斯·卡瑪爾,1982-07-12,11,day,1,0,1,,,1982-07-12[p=11],UNREVIEWED,,male,Q6581097,India,Q668,Chennai,Q1352,India,Q668,13.0825,80.275,north,104314,107497.0,https://en.wikipedia.org/wiki/Sharath_Kamal,https://zh.wikipedia.org/wiki/%E6%B2%99%E6%8B%89%E7%89%B9%C2%B7%E5%8D%A1%E8%BF%88%E5%8B%92,1,1,0,0,0,1982-07-12,1982,水|土|火|土|火|金,4.0,0.3333333333333333,0.2777777777777778,1.329661348854758,0,historical,QID:Q983595,1982-07-12,,,,,,,,,,,,,,,,,,,,,,,,,historical,1,3.6246575342465754,0.6621188146418243,365,0.37534246575342456,0.5668808338522557
Q3062662,William Henzell,William Henzell,,1982-03-23,11,day,1,0,1,,,1982-03-23[p=11],UNREVIEWED,,male,Q6581097,Australia,Q408,Adelaide,Q5112,Australia,Q408,-34.9275,138.6,south,103555,107505.0,https://en.wikipedia.org/wiki/William_Henzell,,1,1,0,0,0,1982-03-23,1982,水|土|水|木|木|火,4.0,0.3333333333333333,0.2777777777777778,1.3296613488547582,0,historical,QID:Q3062662,1982-03-23,,,,,,,,,,,,,,,,,,,,,,,,,historical,1,3.6246575342465754,0.6621188146418243,365,0.37534246575342456,0.5668808338522557
Q4352697,Xu Jie,Xu Jie,,1982-01-21,11,day,1,0,0,,,1982-01-21[p=11],UNREVIEWED,,female,Q6581072,Poland,Q36,Tianjin,Q11736,People's Republic of China,Q148,39.146666666667,117.20555555556,north,110260,117469.0,https://en.wikipedia.org/wiki/Xu_Jie_%28table_tennis%29,,1,1,0,0,0,1982-01-21,1982,金|金|金|土|木|土,3.0,0.5,0.3888888888888889,1.0114042647073518,0,historical,QID:Q4352697,1982-01-21,,,,,,,,,,,,,,,,,,,,,,,,,historical,1,3.6246575342465754,0.6621188146418243,365,-0.6246575342465754,-0.9434221176519297
Q8048383,Yang Fen,Yang Fen,杨芬,1982-07-31,11,day,1,0,1,,,1982-07-31[p=11],UNREVIEWED,,female,Q6581072,Republic of the Congo,Q971,Hubei,Q46862,People's Republic of China,Q148,31.2,112.3,north,112110,117491.0,https://en.wikipedia.org/wiki/Yang_Fen,https://zh.wikipedia.org/wiki/%E6%9D%A8%E8%8A%AC_%281982%E5%B9%B4%29,1,1,0,0,0,1982-07-31,1982,水|土|火|土|木|木,4.0,0.3333333333333333,0.2777777777777778,1.3296613488547582,0,historical,QID:Q8048383,1982-07-31,,,,,,,,,,,,,,,,,,,,,,,,,historical,1,3.6246575342465754,0.6621188146418243,365,0.37534246575342456,0.5668808338522557
Q4756252,Andrew Baggaley,Andrew Baggaley,,1983-02-26,11,day,1,0,1,,,1983-02-26[p=11],UNREVIEWED,,male,Q6581097,United Kingdom,Q145,Northampton,Q192240,United Kingdom,Q145,52.233333333333,-0.9,north,100817,122676.0,https://en.wikipedia.org/wiki/Andrew_Baggaley,,1,1,0,0,0,1983-02-26,1983,水|水|木|木|木|金,3.0,0.5,0.3888888888888889,1.0114042647073518,0,historical,QID:Q4756252,1983-02-26,,,,,,,,,,,,,,,,,,,,,,,,,historical,1,3.1315068493150684,0.7142345307568695,365,-0.1315068493150684,-0.18412278271635996
Q2671102,Constantin Cioti,Constantin Cioti,,1983-07-07,11,day,1,0,1,,,1983-07-07[p=11],UNREVIEWED,,male,Q6581097,Romania,Q218,,,,,,,unknown,101851,,,,1,1,0,0,0,1983-07-07,1983,水|水|土|火|火|金,4.0,0.3333333333333333,0.2777777777777778,1.3296613488547582,0,historical,QID:Q2671102,1983-07-07,,,,,,,,,,,,,,,,,,,,,,,,,historical,1,3.1315068493150684,0.7142345307568695,365,0.8684931506849316,1.215977544189295
Q5171170,Cornelia Molnar,Cornelia Molnar,,1983-11-26,11,day,1,0,1,,,1983-11-26[p=11],UNREVIEWED,,female,Q6581072,Croatia,Q224,Târgu Mureș,Q186349,Kingdom of Romania,Q203493,46.549722222222,24.559722222222,north,109688,107460.0,https://en.wikipedia.org/wiki/Cornelia_Molnar,,1,1,0,0,0,1983-11-26,1983,水|水|水|水|土|火,3.0,0.6666666666666666,0.5,0.8675632284814612,0,historical,QID:Q5171170,1983-11-26,,,,,,,,,,,,,,,,,,,,,,,,,historical,1,3.1315068493150684,0.7142345307568695,365,-0.1315068493150684,-0.18412278271635996
Q470010,Dana Čechová,Dana Čechová,,1983-09-03,11,day,1,0,0,,,1983-09-03[p=11],UNREVIEWED,,female,Q6581072,Czech Republic,Q213,Hodonín,Q321778,Czech Republic,Q213,48.848950584361,17.132439069118,north,103352,117484.0,https://en.wikipedia.org/wiki/Dana_%C4%8Cechov%C3%A1,,1,1,0,0,0,1983-09-03,1983,水|水|金|金|木|火,4.0,0.3333333333333333,0.2777777777777778,1.3296613488547582,0,historical,QID:Q470010,1983-09-03,,,,,,,,,,,,,,,,,,,,,,,,,historical,1,3.1315068493150684,0.7142345307568695,365,0.8684931506849316,1.215977544189295
Q3067953,Fedor Kuzmin,Fedor Kuzmin,費多爾·庫茲明,1983-04-17,11,day,1,0,1,,,1983-04-17[p=11],UNREVIEWED,,male,Q6581097,Russia,Q159,Rybinsk,Q193413,Russia,Q159,58.05,38.833333333333,north,104983,117515.0,https://en.wikipedia.org/wiki/Fedor_Kuzmin,,1,1,0,0,0,1983-04-17,1983,水|水|火|土|木|水,4.0,0.5,0.3333333333333333,1.2424533248940002,0,historical,QID:Q3067953,1983-04-17,,,,,,,,,,,,,,,,,,,,,,,,,historical,1,3.1315068493150684,0.7142345307568695,365,0.8684931506849316,1.215977544189295
Q1574136,Han Ying,Han Ying,韓瑩,1983-04-29,11,day,1,0,1,,,1983-04-29[p=11],UNREVIEWED,,female,Q6581072,People's Republic of China;Germany,Q148;Q183,Liaoning,Q43934,People's Republic of China,Q148,41.803888888889,123.42583333333,north,118762,130429.0,https://en.wikipedia.org/wiki/Han_Ying,https://zh.wikipedia.org/wiki/%E9%9F%A9%E8%8E%B9_%28%E4%B9%92%E4%B9%93%E7%90%83%E8%BF%90%E5%8A%A8%E5%91%98%29,1,1,0,0,0,1983-04-29,1983,水|水|火|土|火|水,3.0,0.5,0.3888888888888889,1.0114042647073518,0,historical,QID:Q1574136,1983-04-29,,,,,,,,,,,,,,,,,,,,,,,,,historical,1,3.1315068493150684,0.7142345307568695,365,-0.1315068493150684,-0.18412278271635996
Q3112886,Hao Shuai,Hao Shuai,郝帅,1983-10-01,11,day,1,0,1,,,1983-10-01[p=11],UNREVIEWED,,male,Q6581097,People's Republic of China,Q148,Tianjin,Q11736,People's Republic of China,Q148,39.146666666667,117.20555555556,north,103434,,https://en.wikipedia.org/wiki/Hao_Shuai,https://zh.wikipedia.org/wiki/%E9%83%9D%E5%B8%85,1,1,0,0,0,1983-10-01,1983,水|水|金|金|水|土,3.0,0.5,0.3888888888888889,1.0114042647073518,0,historical,QID:Q3112886,1983-10-01,,,,,,,,,,,,,,,,,,,,,,,,,historical,1,3.1315068493150684,0.7142345307568695,365,-0.1315068493150684,-0.18412278271635996
Q1672521,Irene Ivancan,Irene Ivancan,,1983-07-22,11,day,1,0,1,,,1983-07-22[p=11],UNREVIEWED,,female,Q6581072,Germany,Q183,Stuttgart,Q1022,Germany,Q183,48.7775,9.18,north,103958,123984.0,https://en.wikipedia.org/wiki/Irene_Ivancan,,1,1,0,0,0,1983-07-22,1983,水|水|土|土|金|水,3.0,0.5,0.3888888888888889,1.0114042647073518,0,historical,QID:Q1672521,1983-07-22,,,,,,,,,,,,,,,,,,,,,,,,,historical,1,3.1315068493150684,0.7142345307568695,365,-0.1315068493150684,-0.18412278271635996
Q2378815,João Monteiro,João Monteiro,若昂·蒙泰罗,1983-08-29,11,day,1,0,2,,Q18002875,1983-08-29[p=11];1983[p=9],UNREVIEWED,,male,Q6581097,Portugal,Q45,Guarda,Q750594,Portugal,Q45,40.53638888888889,-7.268333333333333,north,106296,117539.0,https://en.wikipedia.org/wiki/Jo%C3%A3o_Monteiro_%28table_tennis%29,https://zh.wikipedia.org/wiki/%E8%8B%A5%E6%98%82%C2%B7%E8%92%99%E6%B3%B0%E7%BD%97,1,1,0,0,0,1983-08-29,1983,水|水|金|金|土|土,3.0,0.3333333333333333,0.3333333333333333,1.0986122886681096,0,historical,QID:Q2378815,1983-08-29,,,,,,,,,,,,,,,,,,,,,,,,,historical,1,3.1315068493150684,0.7142345307568695,365,-0.1315068493150684,-0.18412278271635996
Q1715501,Jörg Schlichter,Jörg Schlichter,,1983-12-22,11,day,1,0,1,,,1983-12-22[p=11],UNREVIEWED,,male,Q6581097,Germany,Q183,,,,,,,unknown,108381,,,,1,1,0,0,0,1983-12-22,1983,水|水|木|水|木|金,3.0,0.5,0.3888888888888889,1.0114042647073518,0,historical,QID:Q1715501,1983-12-22,,,,,,,,,,,,,,,,,,,,,,,,,historical,1,3.1315068493150684,0.7142345307568695,365,-0.1315068493150684,-0.18412278271635996
Q6409129,Kim Mi-yong,Kim Mi-yong,金美勇,1983-05-06,11,day,1,0,1,,,1983-05-06[p=11],UNREVIEWED,,female,Q6581072,North Korea,Q423,Nampo,Q109386,North Korea,Q423,38.733333333333,125.4,north,104605,117497.0,https://en.wikipedia.org/wiki/Kim_Mi-yong,,1,1,0,0,0,1983-05-06,1983,水|水|火|火|木|火,3.0,0.5,0.3888888888888889,1.0114042647073518,0,historical,QID:Q6409129,1983-05-06,,,,,,,,,,,,,,,,,,,,,,,,,historical,1,3.1315068493150684,0.7142345307568695,365,-0.1315068493150684,-0.18412278271635996
Q6539897,Lian Qian,Lian Qian,,1983-02-19,11,day,1,0,2,,Q95606922,1983-02-19[p=11],UNREVIEWED,,female,Q6581072,,,People's Republic of China,Q148,People's Republic of China,Q148,35.844722222222224,103.45194444444444,north,107614,117476.0,https://en.wikipedia.org/wiki/Lian_Qian,,1,1,0,0,0,1983-02-19,1983,水|水|木|木|土|木,3.0,0.5,0.3888888888888889,1.0114042647073518,0,historical,QID:Q6539897,1983-02-19,,,,,,,,,,,,,,,,,,,,,,,,,historical,1,3.1315068493150684,0.7142345307568695,365,-0.1315068493150684,-0.18412278271635996
Q39082642,Mikhail Gladyshev,Mikhail Gladyshev,,1983-11-17,11,day,1,0,0,,,1983-11-17[p=11],UNREVIEWED,,male,Q6581097,Russia,Q159,Nizhny Novgorod,Q891,Russia,Q159,56.326944444444,44.0075,north,103120,,,,1,1,0,0,0,1983-11-17,1983,水|水|水|水|土|金,3.0,0.6666666666666666,0.5,0.8675632284814612,0,historical,QID:Q39082642,1983-11-17,,,,,,,,,,,,,,,,,,,,,,,,,historical,1,3.1315068493150684,0.7142345307568695,365,-0.1315068493150684,-0.18412278271635996
Q2317141,Sandra Paović,Sandra Paović,桑德拉·普维克,1983-04-15,11,day,1,0,1,,,1983-04-15[p=11],UNREVIEWED,,female,Q6581072,Croatia,Q224,Vukovar,Q5867,Croatia,Q224,45.35,19.003333333333,north,107134,117466.0,https://en.wikipedia.org/wiki/Sandra_Paovi%C4%87,https://zh.wikipedia.org/wiki/%E6%A1%91%E5%BE%B7%E6%8B%89%C2%B7%E4%BF%9D%E7%BB%B4%E5%A5%87,1,1,0,0,0,1983-04-15,1983,水|水|火|土|水|金,4.0,0.5,0.3333333333333333,1.2424533248940002,0,historical,QID:Q2317141,1983-04-15,,,,,,,,,,,,,,,,,,,,,,,,,historical,1,3.1315068493150684,0.7142345307568695,365,0.8684931506849316,1.215977544189295
Q15847366,Shan Xiaona,Shan Xiaona,單曉娜,1983-01-18,11,day,1,0,1,,,1983-01-18[p=11],UNREVIEWED,,female,Q6581072,Germany,Q183,Anshan,Q74957,People's Republic of China,Q148,41.10662,122.98945,north,111849,130428.0,https://en.wikipedia.org/wiki/Shan_Xiaona,https://zh.wikipedia.org/wiki/%E5%96%AE%E6%9B%89%E5%A8%9C,1,1,0,0,0,1983-01-18,1983,水|土|水|土|火|火,3.0,0.3333333333333333,0.3333333333333333,1.0986122886681096,0,historical,QID:Q15847366,1983-01-18,,,,,,,,,,,,,,,,,,,,,,,,,historical,1,3.1315068493150684,0.7142345307568695,365,-0.1315068493150684,-0.18412278271635996
Q12337148,Stephan Alex Jensen,Stephan Alex Jensen,,1983-12-22,11,day,1,0,0,,,1983-12-22[p=11],UNREVIEWED,,male,Q6581097,Kingdom of Denmark,Q756617,,,,,,,unknown,104106,,,,1,0,0,0,0,1983-12-22,1983,水|水|木|水|木|金,3.0,0.5,0.3888888888888889,1.0114042647073518,0,historical,QID:Q12337148,1983-12-22,,,,,,,,,,,,,,,,,,,,,,,,,historical,1,3.1315068493150684,0.7142345307568695,365,-0.1315068493150684,-0.18412278271635996
Q2175552,Tan Ruiwu,Tan Ruiwu,譚瑞午,1983-06-30,11,day,1,0,1,,,1983-06-30[p=11],UNREVIEWED,,male,Q6581097,Croatia,Q224,Shenyang,Q11720,People's Republic of China,Q148,41.8025,123.42805555555556,north,109234,117514.0,https://en.wikipedia.org/wiki/Tan_Ruiwu,https://zh.wikipedia.org/wiki/%E8%B0%AD%E7%91%9E%E5%8D%88,1,1,0,0,0,1983-06-30,1983,水|水|土|火|土|土,3.0,0.5,0.3888888888888889,1.0114042647073518,0,historical,QID:Q2175552,1983-06-30,,,,,,,,,,,,,,,,,,,,,,,,,historical,1,3.1315068493150684,0.7142345307568695,365,-0.1315068493150684,-0.18412278271635996
Q313116,Wang Hao,Wang Hao,王皓,1983-12-15,11,day,1,0,2,,,1983-12-15[p=11],UNREVIEWED,,male,Q6581097,People's Republic of China,Q148,Changchun,Q92161,People's Republic of China,Q148,43.88,125.32277777778,north,109961,107509.0,https://en.wikipedia.org/wiki/Wang_Hao_%28table_tennis%2C_born_1983%29,https://zh.wikipedia.org/wiki/%E7%8E%8B%E7%9A%93_%28%E4%B9%92%E4%B9%93%E7%90%83%E8%BF%90%E5%8A%A8%E5%91%98%29,1,1,0,0,0,1983-12-15,1983,水|水|木|水|火|土,4.0,0.5,0.3333333333333333,1.2424533248940002,0,historical,QID:Q313116,1983-12-15,,,,,,,,,,,,,,,,,,,,,,,,,historical,1,3.1315068493150684,0.7142345307568695,365,0.8684931506849316,1.215977544189295
Q21040261,Wang Jianan,Wang Jianan,汪佳男,1983-01-20,11,day,1,0,1,,,1983-01-20[p=11],UNREVIEWED,,male,Q6581097,People's Republic of China,Q148,Baoding,Q58584,People's Republic of China,Q148,38.86712,115.48452,north,112434,133108.0,https://en.wikipedia.org/wiki/Wang_Jianan_%28table_tennis%29,https://zh.wikipedia.org/wiki/%E6%B1%AA%E4%BD%B3%E7%94%B7,1,1,0,0,0,1983-01-20,1983,水|土|水|土|土|金,3.0,0.5,0.3888888888888889,1.0114042647073518,0,historical,QID:Q21040261,1983-01-20,,,,,,,,,,,,,,,,,,,,,,,,,historical,1,3.1315068493150684,0.7142345307568695,365,-0.1315068493150684,-0.18412278271635996
Q3566118,Wang Zengyi,Wang Zengyi,王增羿,1983-06-24,11,day,1,0,1,,,1983-06-24[p=11],UNREVIEWED,,male,Q6581097,Poland,Q36,Tianjin,Q11736,People's Republic of China,Q148,39.146666666667,117.20555555556,north,110002,121544.0,https://en.wikipedia.org/wiki/Wang_Zengyi,https://zh.wikipedia.org/wiki/%E7%8E%8B%E5%A2%9E%E7%BE%BF,1,1,0,0,0,1983-06-24,1983,水|水|土|火|水|土,3.0,0.5,0.3888888888888889,1.0114042647073518,0,historical,QID:Q3566118,1983-06-24,,,,,,,,,,,,,,,,,,,,,,,,,historical,1,3.1315068493150684,0.7142345307568695,365,-0.1315068493150684,-0.18412278271635996
Q562477,Yoon Jae-Young,Yoon Jae-Young,尹在荣,1983-02-05,11,day,1,0,1,,,1983-02-05[p=11],UNREVIEWED,,male,Q6581097,South Korea,Q884,Beijing,Q956,People's Republic of China,Q148,39.90403,116.407526,north,110404,117519.0,https://en.wikipedia.org/wiki/Yoon_Jae-young,https://zh.wikipedia.org/wiki/%E5%B0%B9%E5%9C%A8%E8%8D%A3,1,1,0,0,0,1983-02-05,1983,水|水|木|木|木|水,2.0,0.5,0.5,0.6931471805599453,0,historical,QID:Q562477,1983-02-05,,,,,,,,,,,,,,,,,,,,,,,,,historical,1,3.1315068493150684,0.7142345307568695,365,-1.1315068493150684,-1.584223109622015
Q8070369,Zhang Xueling,Zhang Xueling,张雪玲,1983-05-07,11,day,1,0,1,,,1983-05-07[p=11],UNREVIEWED,,female,Q6581072,People's Republic of China,Q148,Beijing,Q956,People's Republic of China,Q148,39.90403,116.407526,north,110569,107466.0,https://en.wikipedia.org/wiki/Zhang_Xueling,https://zh.wikipedia.org/wiki/%E5%BC%A0%E9%9B%AA%E7%8E%B2,1,1,0,0,0,1983-05-07,1983,水|水|火|火|木|土,4.0,0.3333333333333333,0.2777777777777778,1.3296613488547582,0,historical,QID:Q8070369,1983-05-07,,,,,,,,,,,,,,,,,,,,,,,,,historical,1,3.1315068493150684,0.7142345307568695,365,0.8684931506849316,1.215977544189295
Q18616117,Alexandra Urban,Alexandra Urban,,1984-09-15,11,day,1,0,1,,,1984-09-15[p=11],UNREVIEWED,,female,Q6581072,Germany,Q183,Reutlingen,Q3085,Germany,Q183,48.483333333333,9.2166666666667,north,109653,,,,1,1,0,0,0,1984-09-15,1984,木|水|水|金|水|水,3.0,0.6666666666666666,0.5,0.8675632284814612,0,historical,QID:Q18616117,1984-09-15,,,,,,,,,,,,,,,,,,,,,,,,,historical,1,3.8524590163934427,0.6703766818558177,366,-0.8524590163934427,-1.2716119749773556
Q4767552,Anna Tikhomirova,Anna Tikhomirova,,1984-12-04,11,day,1,0,1,,,1984-12-04[p=11],UNREVIEWED,,female,Q6581072,Russia,Q159,Samara,Q894,Russia,Q159,53.183333333333,50.116666666667,north,109426,120431.0,https://en.wikipedia.org/wiki/Anna_Tikhomirova,,1,1,0,0,0,1984-12-04,1984,木|水|木|水|水|金,3.0,0.5,0.3888888888888889,1.0114042647073518,0,historical,QID:Q4767552,1984-12-04,,,,,,,,,,,,,,,,,,,,,,,,,historical,1,3.8524590163934427,0.6703766818558177,366,-0.8524590163934427,-1.2716119749773556
Q715449,Chen Qi,Chen Qi,陈玘,1984-04-15,11,day,1,0,1,,,1984-04-15[p=11],UNREVIEWED,,male,Q6581097,People's Republic of China,Q148,Nantong,Q57947,People's Republic of China,Q148,31.98288,120.8873,north,101668,109572.0,https://en.wikipedia.org/wiki/Chen_Qi_%28table_tennis%29,https://zh.wikipedia.org/wiki/%E9%99%88%E7%8E%98,1,1,0,0,0,1984-04-15,1984,木|水|土|土|土|木,3.0,0.5,0.3888888888888889,1.0114042647073516,0,historical,QID:Q715449,1984-04-15,,,,,,,,,,,,,,,,,,,,,,,,,historical,1,3.8524590163934427,0.6703766818558177,366,-0.8524590163934427,-1.2716119749773556
Q18402077,Grigory Vlasov,Grigory Vlasov,,1984-08-15,11,day,1,0,1,,,1984-08-15[p=11],UNREVIEWED,,male,Q6581097,Russia,Q159,Yekaterinburg,Q887,Russian Empire,Q34266,56.83555555555556,60.61277777777778,north,109865,,,,1,1,0,0,0,1984-08-15,1984,木|水|水|金|金|火,4.0,0.3333333333333333,0.2777777777777778,1.3296613488547582,0,historical,QID:Q18402077,1984-08-15,,,,,,,,,,,,,,,,,,,,,,,,,historical,1,3.8524590163934427,0.6703766818558177,366,0.14754098360655732,0.2200866879768499
Q5675857,Haruna Fukuoka,Haruna Fukuoka,福岡春菜,1984-01-25,11,day,1,0,1,,,1984-01-25[p=11],UNREVIEWED,,female,Q6581072,Japan,Q17,Tokushima,Q207309,Japan,Q17,34.070277777777775,134.55494444444443,north,102879,117475.0,https://en.wikipedia.org/wiki/Haruna_Fukuoka,,1,1,0,0,0,1984-01-25,1984,水|水|木|土|土|火,4.0,0.3333333333333333,0.2777777777777778,1.3296613488547582,0,historical,QID:Q5675857,1984-01-25,,,,,,,,,,,,,,,,,,,,,,,,,historical,1,3.8524590163934427,0.6703766818558177,366,0.14754098360655732,0.2200866879768499
Q3373719,Huang Yi-Hua,Huang Yi-Hua,黃怡樺,1984-07-20,11,day,1,0,1,,,1984-07-20[p=11],UNREVIEWED,,female,Q6581072,Taiwan,Q865,Tainan,Q140631,Taiwan,Q865,22.99,120.185,north,103752,107457.0,https://en.wikipedia.org/wiki/Huang_Yi-hua,https://zh.wikipedia.org/wiki/%E9%BB%83%E6%80%A1%E6%A8%BA,1,1,0,0,0,1984-07-20,1984,木|水|金|土|木|木,4.0,0.5,0.33333333333333337,1.242453324894,0,historical,QID:Q3373719,1984-07-20,,,,,,,,,,,,,,,,,,,,,,,,,historical,1,3.8524590163934427,0.6703766818558177,366,0.14754098360655732,0.2200866879768499
Q453408,Jiang Huajun,Jiang Huajun,姜華珺,1984-10-08,11,day,1,0,1,,,1984-10-08[p=11],UNREVIEWED,,female,Q6581072,People's Republic of China,Q148,Shandong,Q43407,People's Republic of China,Q148,36.4,118.4,north,104124,120073.0,https://en.wikipedia.org/wiki/Jiang_Huajun,https://zh.wikipedia.org/wiki/%E5%A7%9C%E8%8F%AF%E7%8F%BA,1,1,0,0,0,1984-10-08,1984,木|水|木|土|木|水,3.0,0.5,0.3888888888888889,1.0114042647073518,0,historical,QID:Q453408,1984-10-08,,,,,,,,,,,,,,,,,,,,,,,,,historical,1,3.8524590163934427,0.6703766818558177,366,-0.8524590163934427,-1.2716119749773556
Q1399581,Laura Stumper,Laura Stumper,,1984-06-06,11,day,1,0,1,http://www.munzinger.de/search/go/document.jsp?id=01000006135,,1984-06-06[p=11],UNREVIEWED,,female,Q6581072,Germany,Q183,Singen,Q6979,Germany,Q183,47.762777777778,8.84,north,109027,,,,1,1,0,0,0,1984-06-06,1984,木|水|金|火|金|土,5.0,0.3333333333333333,0.2222222222222222,1.5607104090414063,1,historical,QID:Q1399581,1984-06-06,,,,,,,,,,,,,,,,,,,,,,,,,historical,1,3.8524590163934427,0.6703766818558177,366,1.1475409836065573,1.7117853509310554
Q684500,Lee Jung-woo,Lee Jung-woo,李廷祐,1984-12-13,11,day,1,0,2,,,1984-12-13[p=11],UNREVIEWED,,male,Q6581097,South Korea,Q884,Masan,Q495387,South Korea,Q884,35.183333333333,128.55,north,105176,,,https://zh.wikipedia.org/wiki/%E6%9D%8E%E5%BB%B7%E7%A5%90,1,1,0,0,0,1984-12-13,1984,木|水|火|水|金|火,4.0,0.3333333333333333,0.2777777777777778,1.3296613488547582,0,historical,QID:Q684500,1984-12-13,,,,,,,,,,,,,,,,,,,,,,,,,historical,1,3.8524590163934427,0.6703766818558177,366,0.14754098360655732,0.2200866879768499
Q514032,Li Jie,Li Jie,李洁,1984-03-06,11,day,1,0,1,,,1984-03-06[p=11],UNREVIEWED,,female,Q6581072,Kingdom of the Netherlands,Q29999,Chengdu,Q30002,People's Republic of China,Q148,30.66,104.06333333333332,north,111772,117473.0,https://en.wikipedia.org/wiki/Li_Jie_%28table_tennis%29,https://zh.wikipedia.org/wiki/%E6%9D%8E%E6%B4%81_%28%E4%B9%92%E4%B9%93%E7%90%83%E8%BF%90%E5%8A%A8%E5%91%98%29,1,1,0,0,0,1984-03-06,1984,木|水|火|木|土|水,4.0,0.3333333333333333,0.2777777777777778,1.3296613488547582,0,historical,QID:Q514032,1984-03-06,,,,,,,,,,,,,,,,,,,,,,,,,historical,1,3.8524590163934427,0.6703766818558177,366,0.14754098360655732,0.2200866879768499
Q9008548,Moon Hyun-jung,Moon Hyun-jung,文炫晶,1984-05-06,11,day,1,0,3,,,1984-05-06[p=11],UNREVIEWED,,female,Q6581072,South Korea,Q884,,,,,,,unknown,106310,,https://en.wikipedia.org/wiki/Moon_Hyun-jung,https://zh.wikipedia.org/wiki/%E6%96%87%E7%82%AB%E6%99%B6,1,1,0,0,0,1984-05-06,1984,木|水|土|火|金|水,5.0,0.3333333333333333,0.2222222222222222,1.5607104090414063,1,historical,QID:Q9008548,1984-05-06,,,,,,,,,,,,,,,,,,,,,,,,,historical,1,3.8524590163934427,0.6703766818558177,366,1.1475409836065573,1.7117853509310554
Q460194,Nikoleta Stefanova,Nikoleta Stefanova,妮可列塔·斯蒂芬諾娃,1984-04-22,11,day,1,0,1,,,1984-04-22[p=11],UNREVIEWED,,female,Q6581072,Italy,Q38,Teteven,Q406081,Bulgaria,Q219,42.91773,24.257417,north,108955,107473.0,https://en.wikipedia.org/wiki/Nikoleta_Stefanova,https://zh.wikipedia.org/wiki/%E5%B0%BC%E7%A7%91%E8%8E%B1%E5%A1%94%C2%B7%E6%96%AF%E7%89%B9%E5%87%A1%E8%AF%BA%E5%A8%83,1,1,0,0,0,1984-04-22,1984,木|水|土|土|火|土,4.0,0.5,0.33333333333333337,1.242453324894,0,historical,QID:Q460194,1984-04-22,,,,,,,,,,,,,,,,,,,,,,,,,historical,1,3.8524590163934427,0.6703766818558177,366,0.14754098360655732,0.2200866879768499
Q1685291,Ryūsuke Sakamoto,Ryūsuke Sakamoto,,1984-11-25,11,day,1,0,1,,,1984-11-25[p=11],UNREVIEWED,,male,Q6581097,Japan,Q17,Aichi Prefecture,Q80434,Japan,Q17,35.180166666666665,136.90641666666667,north,108175,,,,1,1,0,0,0,1984-11-25,1984,木|水|木|水|水|水,2.0,0.6666666666666666,0.5555555555555556,0.6365141682948128,0,historical,QID:Q1685291,1984-11-25,,,,,,,,,,,,,,,,,,,,,,,,,historical,1,3.8524590163934427,0.6703766818558177,366,-1.8524590163934427,-2.763310637931561
Q7638198,Sun Beibei,Sun Beibei,孫蓓蓓,1984-01-28,11,day,1,0,1,,,1984-01-28[p=11],UNREVIEWED,,female,Q6581072,Singapore,Q334,Shandong,Q43407,People's Republic of China,Q148,36.4,118.4,north,109068,,https://en.wikipedia.org/wiki/Sun_Beibei,https://zh.wikipedia.org/wiki/%E5%AD%99%E8%93%93%E8%93%93,1,1,0,0,0,1984-01-28,1984,水|水|木|土|金|金,4.0,0.3333333333333333,0.2777777777777778,1.3296613488547582,0,historical,QID:Q7638198,1984-01-28,,,,,,,,,,,,,,,,,,,,,,,,,historical,1,3.8524590163934427,0.6703766818558177,366,0.14754098360655732,0.2200866879768499
Q61948193,Vasily Lakeev,Vasily Lakeev,,1984-11-07,11,day,1,0,0,,,1984-11-07[p=11],UNREVIEWED,,male,Q6581097,Russia,Q159,Moscow,Q649,Duchy of Moscow,Q11750528,55.75055555555556,37.6175,north,105032,,,,1,1,0,0,0,1984-11-07,1984,木|水|木|土|木|火,4.0,0.5,0.33333333333333337,1.242453324894,0,historical,QID:Q61948193,1984-11-07,,,,,,,,,,,,,,,,,,,,,,,,,historical,1,3.8524590163934427,0.6703766818558177,366,0.14754098360655732,0.2200866879768499
Q2220601,Yang Zi,Yang Zi,杨子,1984-06-19,11,day,1,0,1,,,1984-06-19[p=11],UNREVIEWED,,male,Q6581097,Singapore,Q334,Beijing,Q956,People's Republic of China,Q148,39.90403,116.407526,north,110330,117516.0,https://en.wikipedia.org/wiki/Yang_Zi_%28table_tennis%29,https://zh.wikipedia.org/wiki/%E6%9D%A8%E5%AD%90_%28%E4%B9%92%E4%B9%93%E7%90%83%E8%BF%90%E5%8A%A8%E5%91%98%29,1,1,0,0,0,1984-06-19,1984,木|水|金|火|木|金,4.0,0.3333333333333333,0.2777777777777778,1.3296613488547582,0,historical,QID:Q2220601,1984-06-19,,,,,,,,,,,,,,,,,,,,,,,,,historical,1,3.8524590163934427,0.6703766818558177,366,0.14754098360655732,0.2200866879768499
Q3593956,Ľubomír Pištej,Ľubomír Pištej,盧博梅爾·皮斯傑,1984-03-06,11,day,1,0,1,,Q95606922,1984-03-06[p=11],UNREVIEWED,,male,Q6581097,Slovakia,Q214,Prešov,Q26119,Slovakia,Q214,49.0,21.233333333333,north,107445,146704.0,https://en.wikipedia.org/wiki/%C4%BDubom%C3%ADr_Pi%C5%A1tej,,1,1,0,0,0,1984-03-06,1984,木|水|火|木|土|水,4.0,0.3333333333333333,0.2777777777777778,1.3296613488547582,0,historical,QID:Q3593956,1984-03-06,,,,,,,,,,,,,,,,,,,,,,,,,historical,1,3.8524590163934427,0.6703766818558177,366,0.14754098360655732,0.2200866879768499
Q3575348,张超,,,1985-01-07,,,,,,,,,,,男,,,,,,,,,,,,,,,,,,,,1985-01-07,1985,木|水|火|土|火|火,4.0,0.5,0.33333333333333337,1.242453324894,0,training,QID:Q3575348,1985-01-07,110546,甲子,丁丑,丙午,偏印,劫财,伤官,己,0,0,,,,,,,,,,,,,,No sufficiently confident site match. Top candidates: ZHANG Mo [77.8] id=1171; ZHANG Kai [73.7] id=1892; ZHANG Lily [66.7] id=1155; ZHANG Sofia-Xuan [66.7] id=1256; Sunny ZHANG [66.7] id=15591,training,1,3.7753424657534245,0.7216778416442319,365,0.22465753424657553,0.3112989221544172
Q443506,波陶·乔吉娜,,,1985-01-13,,,,,,,,,,,女,,,,,,,,,,,,,,,,,,,,1985-01-13,1985,木|水|火|土|水|水,4.0,0.5,0.3333333333333333,1.2424533248940002,0,training,QID:Q443506,1985-01-13,107525,甲子,丁丑,壬子,食神,正财,正官,己,1,1,100.0,100.0,GEORGINA POTA,1104.0,POTA Georgina,https://tabletennis-reference.com/player/detail/1104,Hungary,502.0,14.0,2015/1,explicit_current_and_highest,30.00472288958705,41.0,,training,1,3.7753424657534245,0.7216778416442319,365,0.22465753424657553,0.3112989221544172
Q95913,Kristin Silbereisen,,,1985-03-14,,,,,,,,,,,女,,,,,,,,,,,,,,,,,,,,1985-03-14,1985,木|土|土|木|水|水,3.0,0.3333333333333333,0.3333333333333333,1.0986122886681096,0,training,QID:Q95913,1985-03-14,108658,乙丑,己卯,壬子,伤官,正官,伤官,乙,0,0,,,,,,,,,,,,,,No sufficiently confident site match. Top candidates: ,training,1,3.7753424657534245,0.7216778416442319,365,-0.7753424657534245,-1.0743609142646338
Q2727114,平野早矢香,,,1985-03-24,,,,,,,,,,,女,,,,,,,,,,,,,,,,,,,,1985-03-24,1985,木|土|土|木|水|土,3.0,0.5,0.3888888888888889,1.0114042647073516,0,training,QID:Q2727114,1985-03-24,103610,乙丑,己卯,壬戌,伤官,正官,伤官,乙,0,1,100.0,100.0,SAYAKA HIRANO,25.0,HIRANO Sayaka,https://tabletennis-reference.com/player/detail/25,Japan,,13.0,2015/4,explicit_highest_only,30.059481029726825,41.0,,training,1,3.7753424657534245,0.7216778416442319,365,-0.7753424657534245,-1.0743609142646338
Q6767975,Q6767975,,,1985-04-20,,,,,,,,,,,男,,,,,,,,,,,,,,,,,,,,1985-04-20,1985,木|土|金|土|土|土,3.0,0.6666666666666666,0.5,0.8675632284814612,0,training,QID:Q6767975,1985-04-20,103515,乙丑,庚辰,己丑,七杀,伤官,劫财,戊,0,0,,,,,,,,,,,,,,No sufficiently confident site match. Top candidates: ,training,1,3.7753424657534245,0.7216778416442319,365,-0.7753424657534245,-1.0743609142646338
Q443192,李嫱冰,,,1985-04-30,,,,,,,,,,,女,,,,,,,,,,,,,,,,,,,,1985-04-30,1985,木|土|金|土|土|水,4.0,0.5,0.33333333333333337,1.242453324894,0,training,QID:Q443192,1985-04-30,105344,乙丑,庚辰,己亥,七杀,伤官,劫财,戊,0,1,100.0,100.0,LI QIANGBING,1165.0,LI Qiangbing,https://tabletennis-reference.com/player/detail/1165,Austria,,84.0,2014/4,explicit_highest_only,28.958842412917445,41.0,,training,1,3.7753424657534245,0.7216778416442319,365,0.22465753424657553,0.3112989221544172
Q133873,古斯塔夫·坪井,,,1985-05-31,,,,,,,,,,,男,,,,,,,,,,,,,,,,,,,,1985-05-31,1985,木|土|金|火|金|火,4.0,0.3333333333333333,0.2777777777777778,1.3296613488547582,0,training,QID:Q133873,1985-05-31,109581,乙丑,辛巳,庚午,正财,劫财,七杀,丙,0,1,100.0,100.0,GUSTAVO TSUBOI,151.0,TSUBOI Gustavo,https://tabletennis-reference.com/player/detail/151,Brazil,,28.0,2019/11,explicit_highest_only,34.45929758995736,41.0,,training,1,3.7753424657534245,0.7216778416442319,365,0.22465753424657553,0.3112989221544172
Q11487581,张一博,,,1985-07-05,,,,,,,,,,,男,,,,,,,,,,,,,,,,,,,,1985-07-05,1985,木|土|水|火|木|火,4.0,0.3333333333333333,0.2777777777777778,1.329661348854758,0,training,QID:Q11487581,1985-07-05,114455,乙丑,壬午,乙巳,比肩,正印,食神,丁,0,1,100.0,100.0,CHAN KAZUHIRO,30.0,KAZUHIRO Chan Ryukyu Asteeda,https://tabletennis-reference.com/player/detail/30,Japan,,41.0,2014/3,explicit_highest_only,28.69326543323956,41.0,,training,1,3.7753424657534245,0.7216778416442319,365,0.22465753424657553,0.3112989221544172
Q3178554,袁嘉楠,,,1985-07-11,,,,,,,,,,,女,,,,,,,,,,,,,,,,,,,,1985-07-11,1985,木|土|水|土|金|水,4.0,0.3333333333333333,0.2777777777777778,1.3296613488547582,0,training,QID:Q3178554,1985-07-11,137894,乙丑,癸未,辛亥,偏财,食神,偏印,己,0,1,100.0,100.0,JIA NAN YUAN,9321.0,YUAN Jia Nan,https://tabletennis-reference.com/player/detail/9321,France,34.0,17.0,2023/4,explicit_current_and_highest,37.7612134403855,41.0,,training,1,3.7753424657534245,0.7216778416442319,365,0.22465753424657553,0.3112989221544172
Q278668,克里斯蒂安·苏斯,,,1985-07-28,,,,,,,,,,,男,,,,,,,,,,,,,,,,,,,,1985-07-28,1985,木|土|水|土|土|土,3.0,0.6666666666666666,0.5,0.8675632284814612,0,training,QID:Q278668,1985-07-28,109102,乙丑,癸未,戊辰,正官,正财,劫财,己,0,1,100.0,100.0,CHRISTIAN SUSS,4079.0,SUSS Christian,https://tabletennis-reference.com/player/detail/4079,Germany,,65.0,2014/4,explicit_highest_only,28.715168689295467,41.0,,training,1,3.7753424657534245,0.7216778416442319,365,-0.7753424657534245,-1.0743609142646338
Q1735986,Katharina Schneider,,,1985-08-14,,,,,,,,,,,女,,,,,,,,,,,,,,,,,,,,1985-08-14,1985,木|土|木|金|木|金,3.0,0.5,0.3888888888888889,1.0114042647073518,0,training,QID:Q1735986,1985-08-14,108395,乙丑,甲申,乙酉,比肩,劫财,正官,庚,0,0,,,,,,,,,,,,,,No sufficiently confident site match. Top candidates: MICHAJLOVA Katharina [64.3] id=7251; BONDARENKO-GETZ Katharina [64.3] id=5896,training,1,3.7753424657534245,0.7216778416442319,365,-0.7753424657534245,-1.0743609142646338
Q6153923,张成万,,,1985-08-17,,,,,,,,,,,男,,,,,,,,,,,,,,,,,,,,1985-08-17,1985,木|土|木|金|土|水,4.0,0.3333333333333333,0.2777777777777778,1.329661348854758,0,training,QID:Q6153923,1985-08-17,104050,乙丑,甲申,戊子,正官,七杀,食神,庚,0,0,,,,,,,,,,,,,,No sufficiently confident site match. Top candidates: ,training,1,3.7753424657534245,0.7216778416442319,365,0.22465753424657553,0.3112989221544172
Q15916114,Liu Yuan,,,1985-09-07,,,,,,,,,,,女,,,,,,,,,,,,,,,,,,,,1985-09-07,1985,木|土|木|金|土|金,3.0,0.3333333333333333,0.3333333333333333,1.0986122886681096,0,training,QID:Q15916114,1985-09-07,111881,乙丑,甲申,己酉,七杀,正官,伤官,庚,0,1,100.0,100.0,LIU YUAN,4223.0,LIU Yuan,https://tabletennis-reference.com/player/detail/4223,Austria,,178.0,2014/3,explicit_highest_only,28.518039384792296,39.0,,training,1,3.7753424657534245,0.7216778416442319,365,-0.7753424657534245,-1.0743609142646338
Q6408783,金赫峰,,,1985-10-28,,,,,,,,,,,男,,,,,,,,,,,,,,,,,,,,1985-10-28,1985,木|土|火|土|金|水,5.0,0.3333333333333333,0.2222222222222222,1.5607104090414063,1,training,QID:Q6408783,1985-10-28,104580,乙丑,丙戌,庚子,正财,七杀,偏印,戊,0,1,100.0,100.0,KIM HYOK BONG,3479.0,KIM Hyok Bong,https://tabletennis-reference.com/player/detail/3479,"Korea, Democratic People's Republic of",,45.0,2014/4,explicit_highest_only,28.463281244652524,40.0,,training,1,3.7753424657534245,0.7216778416442319,365,1.2246575342465755,1.696958758573468
Q8046566,Yadira Silva,,,1985-12-24,,,,,,,,,,,女,,,,,,,,,,,,,,,,,,,,1985-12-24,1985,木|土|土|水|火|金,5.0,0.3333333333333333,0.2222222222222222,1.5607104090414063,1,training,QID:Q8046566,1985-12-24,113309,乙丑,戊子,丁酉,偏印,伤官,七杀,癸,0,1,100.0,100.0,YADIRA SILVA,1189.0,SILVA Yadira,https://tabletennis-reference.com/player/detail/1189,Mexico,,112.0,2020/2,explicit_highest_only,34.14443828415368,41.0,,training,1,3.7753424657534245,0.7216778416442319,365,1.2246575342465755,1.696958758573468
Q7322038,Ri Chol-Guk,,,1985-12-25,,,,,,,,,,,男,,,,,,,,,,,,,,,,,,,,1985-12-25,1985,木|土|土|水|土|土,3.0,0.6666666666666666,0.5,0.8675632284814612,0,training,QID:Q7322038,1985-12-25,107828,乙丑,戊子,戊戌,正官,比肩,正财,癸,0,0,,,,,,,,,,,,,,No sufficiently confident site match. Top candidates: ,training,1,3.7753424657534245,0.7216778416442319,365,-0.7753424657534245,-1.0743609142646338
Q17479499,安東尼·阿馬拉傑,,,1986-01-24,,,,,,,,,,,男,,,,,,,,,,,,,,,,,,,,1986-01-24,1986,木|土|土|土|土|土,2.0,0.8333333333333334,0.7222222222222223,0.45056120886630463,0,training,QID:Q17479499,1986-01-24,100001,乙丑,己丑,戊辰,正官,劫财,劫财,己,0,1,100.0,100.0,A AMALRAJ,227.0,ANTHONY Amalraj,https://tabletennis-reference.com/player/detail/227,India,1095.0,77.0,2018/2,explicit_current_and_highest,32.060891051835426,40.0,,training,1,3.789041095890411,0.7162865248412296,365,-1.7890410958904108,-2.4976612484605454
Q502831,安德亞·加奇尼,,,1986-05-21,,,,,,,,,,,男,,,,,,,,,,,,,,,,,,,,1986-05-21,1986,火|木|水|火|木|土,4.0,0.3333333333333333,0.2777777777777778,1.329661348854758,0,training,QID:Q502831,1986-05-21,102891,丙寅,癸巳,乙丑,伤官,偏印,伤官,丙,0,1,100.0,0.0,ANDREJ GACINA,58.0,GACINA Andrej,https://tabletennis-reference.com/player/detail/58,Croatia,63.0,18.0,2016/2,explicit_current_and_highest,29.73914590990917,40.0,,training,1,3.789041095890411,0.7162865248412296,365,0.21095890410958917,0.2945174825902942
Q12327098,Mie Skov,,,1986-05-24,,,,,,,,,,,女,,,,,,,,,,,,,,,,,,,,1986-05-24,1986,火|木|水|火|土|土,4.0,0.3333333333333333,0.2777777777777778,1.3296613488547582,0,training,QID:Q12327098,1986-05-24,108747,丙寅,癸巳,戊辰,偏印,正财,偏印,丙,0,1,100.0,100.0,MIE SKOV,4586.0,SKOV Mie,https://tabletennis-reference.com/player/detail/4586,Denmark,,140.0,2014/2,explicit_highest_only,27.732260073786595,38.0,,training,1,3.789041095890411,0.7162865248412296,365,0.21095890410958917,0.2945174825902942
Q1161006,丹尼爾·哈貝索恩,,,1986-07-22,,,,,,,,,,,男,,,,,,,,,,,,,,,,,,,,1986-07-22,1986,火|木|木|土|火|木,3.0,0.5,0.3888888888888889,1.0114042647073516,0,training,QID:Q1161006,1986-07-22,103345,丙寅,乙未,丁卯,劫财,偏印,食神,己,0,1,100.0,100.0,DANIEL HABESOHN,150.0,HABESOHN Daniel,https://tabletennis-reference.com/player/detail/150,Austria,149.0,27.0,2019/8,explicit_current_and_highest,33.06570292340021,40.0,,training,1,3.789041095890411,0.7162865248412296,365,-0.7890410958904108,-1.1015718829351255
Q6319755,約諾斯·賈卡比,,,1986-07-23,,,,,,,,,,,男,,,,,,,,,,,,,,,,,,,,1986-07-23,1986,火|木|木|土|土|土,3.0,0.5,0.3888888888888889,1.0114042647073518,0,training,QID:Q6319755,1986-07-23,104009,丙寅,乙未,戊辰,偏印,正官,劫财,己,0,1,100.0,100.0,JANOS JAKAB,216.0,JAKAB Janos,https://tabletennis-reference.com/player/detail/216,Hungary,,112.0,2015/2,explicit_highest_only,28.567321710918087,40.0,,training,1,3.789041095890411,0.7162865248412296,365,-0.7890410958904108,-1.1015718829351255
Q5989050,Idir Khourta,,,1986-07-26,,,,,,,,,,,男,,,,,,,,,,,,,,,,,,,,1986-07-26,1986,火|木|木|土|金|土,4.0,0.3333333333333333,0.2777777777777778,1.3296613488547582,0,training,QID:Q5989050,1986-07-26,104528,丙寅,乙未,辛未,正官,偏财,偏印,己,0,1,100.0,100.0,IDIR KHOURTA,2284.0,KHOURTA Idir,https://tabletennis-reference.com/player/detail/2284,Algeria,,344.0,2015/4,explicit_highest_only,28.720644503309444,40.0,,training,1,3.789041095890411,0.7162865248412296,365,0.21095890410958917,0.2945174825902942
Q2118021,蒂亞哥·阿波羅尼亞,,,1986-07-28,,,,,,,,,,,男,,,,,,,,,,,,,,,,,,,,1986-07-28,1986,火|木|木|土|水|金,5.0,0.3333333333333333,0.22222222222222227,1.5607104090414063,1,training,QID:Q2118021,1986-07-28,100621,丙寅,乙未,癸酉,正财,食神,七杀,己,0,1,100.0,0.0,TIAGO APOLONIA,54.0,APOLONIA Tiago,https://tabletennis-reference.com/player/detail/54,Portugal,81.0,13.0,2014/11,explicit_current_and_highest,28.3017447312402,40.0,,training,1,3.789041095890411,0.7162865248412296,365,1.2109589041095892,1.690606848115714
Q458293,李倩,,,1986-07-30,,,,,,,,,,,女,,,,,,,,,,,,,,,,,,,,1986-07-30,1986,火|木|木|土|木|水,4.0,0.5,0.33333333333333337,1.242453324894,0,training,QID:Q458293,1986-07-30,111882,丙寅,乙未,乙亥,伤官,比肩,偏财,己,0,1,100.0,22.22222222222221,LI QIAN,81.0,LI Qian,https://tabletennis-reference.com/player/detail/81,Poland,,24.0,2018/11,explicit_highest_only,32.296351054436435,40.0,,training,1,3.789041095890411,0.7162865248412296,365,0.21095890410958917,0.2945174825902942
Q242490,冯天薇,,,1986-08-31,,,,,,,,,,,女,,,,,,,,,,,,,,,,,,,,1986-08-31,1986,火|木|火|金|火|土,4.0,0.5,0.33333333333333337,1.242453324894,0,training,QID:Q242490,1986-08-31,102712,丙寅,丙申,丁未,劫财,劫财,正财,庚,0,1,100.0,100.0,FENG TIANWEI,34.0,Feng Tianwei KYOTO-KABUYARIZE,https://tabletennis-reference.com/player/detail/34,Singapore,,3.0,2018/2,explicit_highest_only,31.46128941730494,40.0,,training,1,3.789041095890411,0.7162865248412296,365,0.21095890410958917,0.2945174825902942
Q26789880,波麗娜·米凱洛娃,,,1986-08-31,,,,,,,,,,,女,,,,,,,,,,,,,,,,,,,,1986-08-31,1986,火|木|火|金|火|土,4.0,0.5,0.33333333333333337,1.242453324894,0,training,QID:Q26789880,1986-08-31,106114,丙寅,丙申,丁未,劫财,劫财,正财,庚,0,1,100.0,100.0,POLINA MIKHAILOVA,1098.0,MIKHAILOVA Polina,https://tabletennis-reference.com/player/detail/1098,Russian Federation,,34.0,2016/6,explicit_highest_only,29.791166143041952,40.0,,training,1,3.789041095890411,0.7162865248412296,365,0.21095890410958917,0.2945174825902942
Q5996629,Marcos Madrid,,,1986-09-06,,,,,,,,,,,男,,,,,,,,,,,,,,,,,,,,1986-09-06,1986,火|木|火|金|水|土,5.0,0.3333333333333333,0.22222222222222227,1.5607104090414063,1,training,QID:Q5996629,1986-09-06,105679,丙寅,丙申,癸丑,正财,正财,正印,庚,0,1,100.0,100.0,MARCOS MADRID,228.0,MADRID Marcos,https://tabletennis-reference.com/player/detail/228,Mexico,241.0,58.0,2023/11,explicit_current_and_highest,37.19172878293189,40.0,,training,1,3.789041095890411,0.7162865248412296,365,1.2109589041095892,1.690606848115714
Q2939888,Carole Grundisch,,,1986-09-07,,,,,,,,,,,女,,,,,,,,,,,,,,,,,,,,1986-09-07,1986,火|木|火|金|木|木,3.0,0.5,0.3888888888888889,1.0114042647073516,0,training,QID:Q2939888,1986-09-07,103279,丙寅,丙申,甲寅,食神,食神,七杀,庚,1,1,100.0,100.0,CAROLE GRUNDISCH,1144.0,GRUNDISCH Carole,https://tabletennis-reference.com/player/detail/1144,France,,68.0,2015/5,explicit_highest_only,28.685051712218595,40.0,,training,1,3.789041095890411,0.7162865248412296,365,-0.7890410958904108,-1.1015718829351255
Q11342482,米哈伊·博博奇卡,,,1986-09-08,,,,,,,,,,,男,,,,,,,,,,,,,,,,,,,,1986-09-08,1986,火|木|火|金|木|木,3.0,0.5,0.3888888888888889,1.0114042647073516,0,training,QID:Q11342482,1986-09-08,101192,丙寅,丁酉,乙卯,伤官,食神,七杀,辛,0,1,100.0,100.0,MIHAI BOBOCICA,164.0,BOBOCICA Mihai,https://tabletennis-reference.com/player/detail/164,Italy,150.0,55.0,2015/1,explicit_current_and_highest,28.353764964372985,40.0,,training,1,3.789041095890411,0.7162865248412296,365,-0.7890410958904108,-1.1015718829351255
Q7608386,Stephanie Sang Xu,,,1986-09-29,,,,,,,,,,,女,,,,,,,,,,,,,,,,,,,,1986-09-29,1986,火|木|火|金|火|水,4.0,0.5,0.33333333333333337,1.242453324894,0,training,QID:Q7608386,1986-09-29,108274,丙寅,丁酉,丙子,比肩,劫财,正财,辛,0,1,100.0,100.0,STEPHANIE SANG XU,9905.0,SANG Xu Stephanie,https://tabletennis-reference.com/player/detail/9905,Australia,,571.0,2019/9,explicit_highest_only,32.96166245713464,,,training,1,3.789041095890411,0.7162865248412296,365,0.21095890410958917,0.2945174825902942
Q16078483,趙彥來,,,1986-10-01,,,,,,,,,,,男,,,,,,,,,,,,,,,,,,,,1986-10-01,1986,火|木|火|金|土|木,4.0,0.3333333333333333,0.2777777777777778,1.329661348854758,0,training,QID:Q16078483,1986-10-01,101747,丙寅,丁酉,戊寅,偏印,正印,伤官,辛,0,1,95.23809523809524,100.0,CHO EON RAE,2271.0,CHO Eonrae,https://tabletennis-reference.com/player/detail/2271,"Korea, Republic of",,19.0,2014/7,explicit_highest_only,27.787018213926363,40.0,,training,1,3.789041095890411,0.7162865248412296,365,0.21095890410958917,0.2945174825902942
Q7422363,Sarah Hanffou,,,1986-10-08,,,,,,,,,,,女,,,,,,,,,,,,,,,,,,,,1986-10-08,1986,火|木|火|金|木|金,3.0,0.3333333333333333,0.3333333333333333,1.0986122886681096,0,training,QID:Q7422363,1986-10-08,103425,丙寅,丁酉,乙酉,伤官,食神,七杀,辛,0,1,100.0,100.0,SARAH HANFFOU,1294.0,HANFFOU Sarah,https://tabletennis-reference.com/player/detail/1294,Cameroon,,77.0,2023/7,explicit_highest_only,36.76735319684867,40.0,,training,1,3.789041095890411,0.7162865248412296,365,-0.7890410958904108,-1.1015718829351255
Q11425751,Michikazu Tsuboguchi,,,1986-10-25,,,,,,,,,,,男,,,,,,,,,,,,,,,,,,,,1986-10-25,1986,火|木|土|土|水|木,4.0,0.3333333333333333,0.2777777777777778,1.3296613488547582,0,training,QID:Q11425751,1986-10-25,111470,丙寅,戊戌,壬寅,偏财,七杀,七杀,戊,0,0,,,,,,,,,,,,,,No sufficiently confident site match. Top candidates: ,training,1,3.789041095890411,0.7162865248412296,365,0.21095890410958917,0.2945174825902942
Q1894448,卡拉·瑙文,,,1986-11-29,,,,,,,,,,,女,,,,,,,,,,,,,,,,,,,,1986-11-29,1986,火|木|土|水|火|土,4.0,0.3333333333333333,0.2777777777777778,1.3296613488547582,0,training,QID:Q1894448,1986-11-29,106792,丙寅,己亥,丁丑,劫财,食神,正官,壬,0,0,,,,,,,,,,,,,,No sufficiently confident site match. Top candidates: ,training,1,3.789041095890411,0.7162865248412296,365,0.21095890410958917,0.2945174825902942
Q16231594,Johenny Valdez,,,1986-12-12,,,,,,,,,,,女,,,,,,,,,,,,,,,,,,,,1986-12-12,1986,火|木|金|水|金|木,4.0,0.3333333333333333,0.2777777777777778,1.3296613488547582,0,training,QID:Q16231594,1986-12-12,109707,丙寅,庚子,庚寅,七杀,比肩,伤官,癸,0,1,100.0,100.0,JOHENNY VALDEZ,1431.0,VALDEZ Johenny,https://tabletennis-reference.com/player/detail/1431,Dominican Republic,,370.0,2015/3,explicit_highest_only,28.2552003121214,40.0,,training,1,3.789041095890411,0.7162865248412296,365,0.21095890410958917,0.2945174825902942
Q7079630,Offiong Edem,,,1986-12-31,,,,,,,,,,,女,,,,,,,,,,,,,,,,,,,,1986-12-31,1986,火|木|金|水|土|金,5.0,0.3333333333333333,0.2222222222222222,1.5607104090414063,1,training,QID:Q7079630,1986-12-31,102445,丙寅,庚子,己酉,正印,伤官,偏财,癸,0,1,100.0,100.0,OFFIONG EDEM,1254.0,EDEM Offiong,https://tabletennis-reference.com/player/detail/1254,Nigeria,,94.0,2022/5,explicit_highest_only,35.37102062328453,40.0,,training,1,3.789041095890411,0.7162865248412296,365,1.2109589041095892,1.690606848115714
Q1900802,Marko Jevtović,,,1987-01-05,,,,,,,,,,,男,,,,,,,,,,,,,,,,,,,,1987-01-05,1987,火|木|金|水|木|木,4.0,0.5,0.33333333333333337,1.242453324894,0,training,QID:Q1900802,1987-01-05,104115,丙寅,庚子,甲寅,食神,七杀,正印,癸,1,1,100.0,100.0,MARKO JEVTOVIC,198.0,JEVTOVIC Marko,https://tabletennis-reference.com/player/detail/198,Serbia,,104.0,2014/4,explicit_highest_only,27.27502960361951,39.0,,training,1,3.8986301369863012,0.7210518017019434,365,0.10136986301369877,0.14058610320982373
Q197742,孙祯琦,,,1987-01-09,,,,,,,,,,,女,,,,,,,,,,,,,,,,,,,,1987-01-09,1987,火|木|金|土|土|火,4.0,0.3333333333333333,0.2777777777777778,1.3296613488547582,0,training,QID:Q197742,1987-01-09,100947,丙寅,辛丑,戊午,偏印,伤官,劫财,己,0,1,100.0,100.0,ZHENQI BARTHEL,2243.0,BARTHEL Zhenqi,https://tabletennis-reference.com/player/detail/2243,Germany,,59.0,2014/4,explicit_highest_only,27.26407797559156,39.0,,training,1,3.8986301369863012,0.7210518017019434,365,0.10136986301369877,0.14058610320982373
Q107600720,Kokou Dodji Fanny,,,1987-04-15,,,,,,,,,,,男,,,,,,,,,,,,,,,,,,,,1987-04-15,1987,火|木|木|土|木|火,3.0,0.5,0.3888888888888889,1.0114042647073516,0,training,QID:Q107600720,1987-04-15,118722,丁卯,甲辰,甲午,伤官,比肩,偏财,戊,0,1,100.0,100.0,KOKOU DODJI FANNY,2343.0,FANNY Kokou Dodji,https://tabletennis-reference.com/player/detail/2343,Togo,,167.0,2025/5,explicit_highest_only,38.08428646721014,39.0,,training,1,3.8986301369863012,0.7210518017019434,365,-0.8986301369863012,-1.24627680683303
Q16905124,徐孝元,,,1987-05-10,,,,,,,,,,,女,,,,,,,,,,,,,,,,,,,,1987-05-10,1987,火|木|木|火|土|土,3.0,0.3333333333333333,0.3333333333333333,1.0986122886681096,0,training,QID:Q16905124,1987-05-10,108470,丁卯,乙巳,己未,偏印,七杀,正印,丙,0,0,,,,,,,,,,,,,,"Search candidate matched, but detail-page name check failed: 'SUH Hyowon Top Nagoya', score=75.0",training,1,3.8986301369863012,0.7210518017019434,365,-0.8986301369863012,-1.24627680683303
Q1354306,岸川聖也,,,1987-05-21,,,,,,,,,,,男,,,,,,,,,,,,,,,,,,,,1987-05-21,1987,火|木|木|火|金|火,3.0,0.5,0.3888888888888889,1.0114042647073516,0,training,QID:Q1354306,1987-05-21,104675,丁卯,乙巳,庚午,正官,正财,七杀,丙,0,1,100.0,100.0,SEIYA KISHIKAWA,27.0,SEIYA Kishikawa T.T Saitama,https://tabletennis-reference.com/player/detail/27,Japan Member of team Fast,,22.0,2014/4,explicit_highest_only,26.90267425066908,39.0,,training,1,3.8986301369863012,0.7210518017019434,365,-0.8986301369863012,-1.24627680683303
Q6205926,Joanna Parker,,,1987-06-10,,,,,,,,,,,女,,,,,,,,,,,,,,,,,,,,1987-06-10,1987,火|木|火|火|金|木,3.0,0.5,0.3888888888888889,1.0114042647073516,0,training,QID:Q6205926,1987-06-10,107172,丁卯,丙午,庚寅,正官,七杀,正官,丁,0,1,100.0,100.0,JOANNA DRINKHALL,3748.0,DRINKHALL Joanna,https://tabletennis-reference.com/player/detail/3748,England,,109.0,2014/5,explicit_highest_only,26.93005332073896,37.0,,training,1,3.8986301369863012,0.7210518017019434,365,-0.8986301369863012,-1.24627680683303
Q73630,帕特里克·鲍姆,,,1987-06-23,,,,,,,,,,,男,,,,,,,,,,,,,,,,,,,,1987-06-23,1987,火|木|火|火|水|木,3.0,0.5,0.3888888888888889,1.0114042647073516,0,training,QID:Q73630,1987-06-23,100982,丁卯,丙午,癸卯,偏财,正财,偏财,丁,0,1,100.0,100.0,PATRICK BAUM,127.0,BAUM Patrick,https://tabletennis-reference.com/player/detail/127,Germany,,14.0,2014/10,explicit_highest_only,27.313360301717356,39.0,,training,1,3.8986301369863012,0.7210518017019434,365,-0.8986301369863012,-1.24627680683303
Q4382197,Yulia Prokhorova,,,1987-07-15,,,,,,,,,,,女,,,,,,,,,,,,,,,,,,,,1987-07-15,1987,火|木|火|土|木|土,3.0,0.3333333333333333,0.3333333333333333,1.0986122886681096,0,training,QID:Q4382197,1987-07-15,107576,丁卯,丁未,乙丑,食神,食神,偏财,己,1,1,100.0,100.0,YULIA PROKHOROVA,1142.0,PROKHOROVA Yulia,https://tabletennis-reference.com/player/detail/1142,Russian Federation,,83.0,2017/2,explicit_highest_only,29.59129893153179,39.0,,training,1,3.8986301369863012,0.7210518017019434,365,-0.8986301369863012,-1.24627680683303
Q26066527,Maria Dolgikh,,,1987-07-24,,,,,,,,,,,女,,,,,,,,,,,,,,,,,,,,1987-07-24,1987,火|木|火|土|木|土,3.0,0.3333333333333333,0.3333333333333333,1.0986122886681096,0,training,QID:Q26066527,1987-07-24,110531,丁卯,丁未,甲戌,伤官,伤官,正财,己,0,1,100.0,100.0,MARIA DOLGIKH,1134.0,DOLGIKH Maria,https://tabletennis-reference.com/player/detail/1134,Russian Federation,,66.0,2017/1,explicit_highest_only,29.48178265125225,39.0,,training,1,3.8986301369863012,0.7210518017019434,365,-0.8986301369863012,-1.24627680683303
Q264621,克里爾·卡奇可夫,,,1987-08-06,,,,,,,,,,,男,,,,,,,,,,,,,,,,,,,,1987-08-06,1987,火|木|火|土|火|水,4.0,0.5,0.33333333333333337,1.242453324894,0,training,QID:Q264621,1987-08-06,108742,丁卯,丁未,丁亥,比肩,比肩,食神,己,0,1,100.0,100.0,KIRILL SKACHKOV,160.0,SKACHKOV Kirill,https://tabletennis-reference.com/player/detail/160,Russian Federation,309.0,41.0,2019/8,explicit_current_and_highest,32.02529826074457,39.0,,training,1,3.8986301369863012,0.7210518017019434,365,0.10136986301369877,0.14058610320982373
Q26789868,卢博米尔·扬恰日克,,,1987-08-17,,,,,,,,,,,男,,,,,,,,,,,,,,,,,,,,1987-08-17,1987,火|木|土|金|土|土,4.0,0.5,0.33333333333333337,1.242453324894,0,training,QID:Q26789868,1987-08-17,104036,丁卯,戊申,戊戌,正印,比肩,食神,庚,0,1,100.0,100.0,LUBOMIR JANCARIK,136.0,JANCARIK Lubomir,https://tabletennis-reference.com/player/detail/136,Czech Republic,49.0,39.0,2026/2,explicit_current_and_highest,38.50044833227239,39.0,,training,1,3.8986301369863012,0.7210518017019434,365,0.10136986301369877,0.14058610320982373
Q7421759,Sara Ramírez,,,1987-09-04,,,,,,,,,,,女,,,,,,,,,,,,,,,,,,,,1987-09-04,1987,火|木|土|金|火|土,4.0,0.3333333333333333,0.2777777777777778,1.3296613488547582,0,training,QID:Q7421759,1987-09-04,107698,丁卯,戊申,丙辰,劫财,食神,偏财,庚,0,1,100.0,100.0,SARA RAMIREZ,1173.0,RAMIREZ Sara,https://tabletennis-reference.com/player/detail/1173,Spain,,88.0,2014/4,explicit_highest_only,26.61245610792829,39.0,,training,1,3.8986301369863012,0.7210518017019434,365,0.10136986301369877,0.14058610320982373
Q377108,Adrien Mattenet,,,1987-10-15,,,,,,,,,,,男,,,,,,,,,,,,,,,,,,,,1987-10-15,1987,火|木|金|土|火|金,4.0,0.3333333333333333,0.2777777777777778,1.3296613488547582,0,training,QID:Q377108,1987-10-15,105937,丁卯,庚戌,丁酉,比肩,正财,伤官,戊,0,1,100.0,100.0,ADRIEN MATTENET,17.0,Adrien Mattenet,https://tabletennis-reference.com/player/detail/17,France,,34.0,2014/11,explicit_highest_only,27.086114020137305,38.0,,training,1,3.8986301369863012,0.7210518017019434,365,0.10136986301369877,0.14058610320982373
Q6434420,寇磊,,,1987-11-20,,,,,,,,,,,男,,,,,,,,,,,,,,,,,,,,1987-11-20,1987,火|木|金|水|水|金,4.0,0.3333333333333333,0.2777777777777778,1.3296613488547582,0,training,QID:Q6434420,1987-11-20,113165,丁卯,辛亥,癸酉,偏财,偏印,劫财,壬,0,1,100.0,100.0,KOU LEI,119.0,KOU Lei,https://tabletennis-reference.com/player/detail/119,Ukraine,,20.0,2017/4,explicit_highest_only,29.402383348049582,38.0,,training,1,3.8986301369863012,0.7210518017019434,365,0.10136986301369877,0.14058610320982373
Q104624221,Michelle Bromley,,,1987-12-24,,,,,,,,,,,女,,,,,,,,,,,,,,,,,,,,1987-12-24,1987,火|木|水|水|火|土,4.0,0.3333333333333333,0.2777777777777778,1.3296613488547582,0,training,QID:Q104624221,1987-12-24,101000,丁卯,壬子,丁未,比肩,正官,七杀,癸,0,1,100.0,0.0,MICHELLE BROMLEY,5211.0,BROMLEY Michelle,https://tabletennis-reference.com/player/detail/5211,Australia,,100.0,2023/11,explicit_highest_only,35.893960861619334,39.0,,training,1,3.8986301369863012,0.7210518017019434,365,0.10136986301369877,0.14058610320982373
Q17009411,楊曉欣,,,1988-01-08,,,,,,,,,,,女,,,,,,,,,,,,,,,,,,,,1988-01-08,1988,火|木|水|土|水|土,4.0,0.3333333333333333,0.2777777777777778,1.3296613488547582,0,training,QID:Q17009411,1988-01-08,112868,丁卯,癸丑,壬戌,正财,劫财,正官,己,0,1,100.0,100.0,XIAO XIN YANG,1117.0,YANG Xiaoxin Kyushu Asteeda,https://tabletennis-reference.com/player/detail/1117,Monaco,69.0,11.0,2023/8,explicit_current_and_highest,35.60100481187156,38.0,,training,1,3.1147540983606556,0.757031563860971,366,0.8852459016393444,1.1693645864968452
Q56346513,Syouki Morita,,,1988-01-10,,,,,,,,,,,男,,,,,,,,,,,,,,,,,,,,1988-01-10,1988,火|木|水|土|木|水,4.0,0.3333333333333333,0.2777777777777778,1.3296613488547582,0,training,QID:Q56346513,1988-01-10,106346,丁卯,癸丑,甲子,伤官,正印,正财,己,0,1,91.66666666666669,25.00000000000001,MORITA,3648.0,YUKI Morita,https://tabletennis-reference.com/player/detail/3648,Japan,,450.0,2016/8,explicit_highest_only,28.597438687994963,39.0,,training,1,3.1147540983606556,0.757031563860971,366,0.8852459016393444,1.1693645864968452
Q455544,丹尼爾拉·多迪安,,,1988-01-13,,,,,,,,,,,女,,,,,,,,,,,,,,,,,,,,1988-01-13,1988,火|木|水|土|火|木,4.0,0.3333333333333333,0.2777777777777778,1.329661348854758,0,training,QID:Q455544,1988-01-13,102316,丁卯,癸丑,丁卯,比肩,七杀,食神,己,0,1,100.0,100.0,DANIELA DODEAN,1122.0,MONTEIRO DODEAN Daniela,https://tabletennis-reference.com/player/detail/1122,Romania,,39.0,2017/6,explicit_highest_only,29.4215486970985,38.0,,training,1,3.1147540983606556,0.757031563860971,366,0.8852459016393444,1.1693645864968452
Q254995,李晓霞,,,1988-01-16,,,,,,,,,,,女,,,,,,,,,,,,,,,,,,,,1988-01-16,1988,火|木|水|土|金|火,5.0,0.3333333333333333,0.22222222222222227,1.5607104090414063,1,training,QID:Q254995,1988-01-16,105350,丁卯,癸丑,庚午,正官,伤官,正印,己,0,1,100.0,100.0,LI XIAOXIA,37.0,LI Xiaoxia,https://tabletennis-reference.com/player/detail/37,China,,2.0,2015/3,explicit_highest_only,27.160037509326,38.0,,training,1,3.1147540983606556,0.757031563860971,366,1.8852459016393444,2.490313471243281
Q96486,魯文·菲魯斯,,,1988-02-14,,,,,,,,,,,男,,,,,,,,,,,,,,,,,,,,1988-02-14,1988,土|土|木|木|土|水,3.0,0.5,0.3888888888888889,1.0114042647073516,0,training,QID:Q96486,1988-02-14,102761,戊辰,甲寅,己亥,劫财,正官,正官,甲,0,1,100.0,100.0,RUWEN FILUS,125.0,FILUS Ruwen,https://tabletennis-reference.com/player/detail/125,Germany,692.0,18.0,2018/1,explicit_current_and_highest,29.91984777237041,38.0,,training,1,3.1147540983606556,0.757031563860971,366,-0.11475409836065564,-0.15158429824959088
Q197218,张继科,,,1988-02-16,,,,,,,,,,,男,,,,,,,,,,,,,,,,,,,,1988-02-16,1988,土|土|木|木|金|土,3.0,0.5,0.3888888888888889,1.0114042647073516,0,training,QID:Q197218,1988-02-16,110553,戊辰,甲寅,辛丑,正印,正财,正财,甲,0,1,100.0,100.0,ZHANG JIKE,5.0,ZHANG Jike,https://tabletennis-reference.com/player/detail/5,China,,3.0,2015/6,explicit_highest_only,27.32704983675229,38.0,,training,1,3.1147540983606556,0.757031563860971,366,-0.11475409836065564,-0.15158429824959088
Q554242,江天一,,,1988-02-28,,,,,,,,,,,男,,,,,,,,,,,,,,,,,,,,1988-02-28,1988,土|土|木|木|水|土,3.0,0.5,0.3888888888888889,1.0114042647073516,0,training,QID:Q554242,1988-02-28,104128,戊辰,甲寅,癸丑,正官,伤官,伤官,甲,0,1,100.0,100.0,JIANG TIANYI,137.0,JIANG Tianyi,https://tabletennis-reference.com/player/detail/137,Hong Kong,,30.0,2015/2,explicit_highest_only,26.965646111829813,38.0,,training,1,3.1147540983606556,0.757031563860971,366,-0.11475409836065564,-0.15158429824959088
Q108121988,Cho Ha-la,,,1988-03-21,,,,,,,,,,,女,,,,,,,,,,,,,,,,,,,,1988-03-21,1988,土|土|木|木|木|水,3.0,0.5,0.3888888888888889,1.0114042647073516,0,training,QID:Q108121988,1988-03-21,101748,戊辰,乙卯,乙亥,正财,比肩,比肩,乙,0,1,94.11764705882354,21.3903743315508,CHO HA LA,3876.0,CHO Hala,https://tabletennis-reference.com/player/detail/3876,"Korea, Republic of",,115.0,2014/4,explicit_highest_only,26.06761261353758,36.0,,training,1,3.1147540983606556,0.757031563860971,366,-0.11475409836065564,-0.15158429824959088
Q5518550,加利亞·多沃拉克,,,1988-04-01,,,,,,,,,,,女,,,,,,,,,,,,,,,,,,,,1988-04-01,1988,土|土|木|木|火|土,3.0,0.5,0.3888888888888889,1.0114042647073518,0,training,QID:Q5518550,1988-04-01,102427,戊辰,乙卯,丙戌,食神,正印,正印,乙,1,1,100.0,100.0,GALIA DVORAK,1151.0,DVORAK Galia,https://tabletennis-reference.com/player/detail/1151,Spain,,74.0,2018/11,explicit_highest_only,30.623489873166456,38.0,,training,1,3.1147540983606556,0.757031563860971,366,-0.11475409836065564,-0.15158429824959088
Q1894059,馬科斯·弗雷塔斯,,,1988-04-08,,,,,,,,,,,男,,,,,,,,,,,,,,,,,,,,1988-04-08,1988,土|土|火|土|水|火,3.0,0.5,0.3888888888888889,1.0114042647073516,0,training,QID:Q1894059,1988-04-08,102841,戊辰,丙辰,癸巳,正官,正财,正官,戊,0,1,100.0,0.0,MARCOS FREITAS,53.0,FREITAS Marcos Kinoshita Meister Tokyo,https://tabletennis-reference.com/player/detail/53,Portugal,72.0,7.0,2015/11,explicit_current_and_highest,27.603578444458133,38.0,,training,1,3.1147540983606556,0.757031563860971,366,-0.11475409836065564,-0.15158429824959088
Q5925842,Mariany Nonaka,,,1988-04-22,,,,,,,,,,,女,,,,,,,,,,,,,,,,,,,,1988-04-22,1988,土|土|火|土|火|土,2.0,0.6666666666666666,0.5555555555555556,0.6365141682948128,0,training,QID:Q5925842,1988-04-22,106771,戊辰,丙辰,丁未,伤官,劫财,伤官,戊,0,0,,,,,,,,,,,,,,No sufficiently confident site match. Top candidates: ,training,1,3.1147540983606556,0.757031563860971,366,-1.1147540983606556,-1.4725331829960269
Q3052758,埃曼紐爾·黎貝森,,,1988-04-24,,,,,,,,,,,男,,,,,,,,,,,,,,,,,,,,1988-04-24,1988,土|土|火|土|土|金,3.0,0.6666666666666666,0.5,0.8675632284814612,0,training,QID:Q3052758,1988-04-24,105136,戊辰,丙辰,己酉,劫财,正印,劫财,戊,0,1,100.0,100.0,EMMANUEL LEBESSON,78.0,LEBESSON Emmanuel,https://tabletennis-reference.com/player/detail/78,France,,20.0,2017/9,explicit_highest_only,29.394169627028617,38.0,,training,1,3.1147540983606556,0.757031563860971,366,-0.11475409836065564,-0.15158429824959088
Q144373,沙班,,,1988-05-12,,,,,,,,,,,女,,,,,,,,,,,,,,,,,,,,1988-05-12,1988,土|土|火|火|火|木,3.0,0.5,0.3888888888888889,1.0114042647073518,0,training,QID:Q144373,1988-05-12,108500,戊辰,丁巳,丁卯,伤官,比肩,劫财,丙,0,0,,,,,,,,,,,,,,No sufficiently confident site match. Top candidates: SHABANI Mentor [69.2] id=10689,training,1,3.1147540983606556,0.757031563860971,366,-0.11475409836065564,-0.15158429824959088
Q240084,郭跃,,,1988-07-17,,,,,,,,,,,女,,,,,,,,,,,,,,,,,,,,1988-07-17,1988,土|土|土|土|水|金,3.0,0.6666666666666666,0.5,0.8675632284814612,0,training,QID:Q240084,1988-07-17,103320,戊辰,己未,癸酉,正官,七杀,七杀,己,0,1,100.0,100.0,GUO YUE,33.0,Guo Yue,https://tabletennis-reference.com/player/detail/33,China,,11.0,2014/2,explicit_highest_only,25.583003073300613,38.0,,training,1,3.1147540983606556,0.757031563860971,366,-0.11475409836065564,-0.15158429824959088
Q2338697,史蒂芬·孟加爾,,,1988-08-02,,,,,,,,,,,男,,,,,,,,,,,,,,,,,,,,1988-08-02,1988,土|土|土|土|土|土,1.0,1.0,1.0,-0.0,0,training,QID:Q2338697,1988-08-02,106050,戊辰,己未,己丑,劫财,比肩,比肩,己,0,1,100.0,100.0,STEFFEN MENGEL,129.0,MENGEL Steffen,https://tabletennis-reference.com/player/detail/129,Germany,239.0,25.0,2015/1,explicit_current_and_highest,26.45365750152296,38.0,,training,1,3.1147540983606556,0.757031563860971,366,-2.1147540983606556,-2.7934820677424628
Q7268393,夸德里·阿鲁纳,,,1988-08-09,,,,,,,,,,,男,,,,,,,,,,,,,,,,,,,,1988-08-09,1988,土|土|金|金|火|金,3.0,0.5,0.3888888888888889,1.0114042647073518,0,training,QID:Q7268393,1988-08-09,112092,戊辰,庚申,丙申,食神,偏财,偏财,庚,1,1,100.0,100.0,QUADRI ARUNA,115.0,ARUNA Quadri,https://tabletennis-reference.com/player/detail/115,Nigeria,98.0,10.0,2022/5,explicit_current_and_highest,33.76386921018228,38.0,,training,1,3.1147540983606556,0.757031563860971,366,-0.11475409836065564,-0.15158429824959088
Q11438131,Hidetoshi Ōya,,,1988-08-10,,,,,,,,,,,男,,,,,,,,,,,,,,,,,,,,1988-08-10,1988,土|土|金|金|火|金,3.0,0.5,0.3888888888888889,1.0114042647073518,0,training,QID:Q11438131,1988-08-10,107043,戊辰,庚申,丁酉,伤官,正财,正财,庚,0,1,100.0,100.0,HIDETOSHI OYA,72.0,HIDETOSHI Oya Ryukyu Asteeda,https://tabletennis-reference.com/player/detail/72,Japan Member of team Fast,,104.0,2014/11,explicit_highest_only,26.26474191804075,38.0,,training,1,3.1147540983606556,0.757031563860971,366,-0.11475409836065564,-0.15158429824959088
Q58021,迪米特里·奥恰洛夫,,,1988-09-02,,,,,,,,,,,男,,,,,,,,,,,,,,,,,,,,1988-09-02,1988,土|土|金|金|金|金,2.0,0.6666666666666666,0.5555555555555556,0.6365141682948128,0,training,QID:Q58021,1988-09-02,107028,戊辰,庚申,庚申,偏印,比肩,比肩,庚,0,1,100.0,100.0,DIMITRIJ OVTCHAROV,40.0,OVTCHAROV Dimitrij,https://tabletennis-reference.com/player/detail/40,Germany,20.0,1.0,2018/2,explicit_current_and_highest,29.454403581182365,38.0,,training,1,3.1147540983606556,0.757031563860971,366,-1.1147540983606556,-1.4725331829960269
Q21027989,史蒂芬·費格爾,,,1988-09-12,,,,,,,,,,,男,,,,,,,,,,,,,,,,,,,,1988-09-12,1988,土|土|金|金|金|火,3.0,0.5,0.3888888888888889,1.0114042647073518,0,training,QID:Q21027989,1988-09-12,102697,戊辰,辛酉,庚午,偏印,劫财,劫财,辛,0,1,100.0,100.0,STEFAN FEGERL,107.0,FEGERL Stefan,https://tabletennis-reference.com/player/detail/107,Austria,,19.0,2017/6,explicit_highest_only,28.756237294400297,38.0,,training,1,3.1147540983606556,0.757031563860971,366,-0.11475409836065564,-0.15158429824959088
Q459114,马龙,,,1988-10-20,,,,,,,,,,,男,,,,,,,,,,,,,,,,,,,,1988-10-20,1988,土|土|水|土|土|金,3.0,0.6666666666666666,0.5,0.8675632284814612,0,training,QID:Q459114,1988-10-20,105649,戊辰,壬戌,戊申,比肩,偏财,比肩,戊,0,1,100.0,0.0,MA LONG,19.0,MA Long,https://tabletennis-reference.com/player/detail/19,China,,1.0,2017/12,explicit_highest_only,29.153233810413628,37.0,,training,1,3.1147540983606556,0.757031563860971,366,-0.11475409836065564,-0.15158429824959088
Q1807794,Laura Matzke,,,1988-10-30,,,,,,,,,,,女,,,,,,,,,,,,,,,,,,,,1988-10-30,1988,土|土|水|土|土|火,3.0,0.6666666666666666,0.5,0.8675632284814612,0,training,QID:Q1807794,1988-10-30,105950,戊辰,壬戌,戊午,比肩,偏财,比肩,戊,0,0,,,,,,,,,,,,,,No sufficiently confident site match. Top candidates: ,training,1,3.1147540983606556,0.757031563860971,366,-0.11475409836065564,-0.15158429824959088
Q239371,福原愛,,,1988-11-01,,,,,,,,,,,女,,,,,,,,,,,,,,,,,,,,1988-11-01,1988,土|土|水|土|金|金,3.0,0.5,0.3888888888888889,1.0114042647073516,0,training,QID:Q239371,1988-11-01,102876,戊辰,壬戌,庚申,偏印,食神,偏印,戊,0,1,100.0,100.0,AI FUKUHARA,9.0,AI Fukuhara,https://tabletennis-reference.com/player/detail/9,Japan,,4.0,2016/2,explicit_highest_only,27.288719138654454,37.0,,training,1,3.1147540983606556,0.757031563860971,366,-0.11475409836065564,-0.15158429824959088
Q121436025,Sami Kherouf,,,1988-11-15,,,,,,,,,,,男,,,,,,,,,,,,,,,,,,,,1988-11-15,1988,土|土|水|水|木|土,3.0,0.5,0.3888888888888889,1.0114042647073518,0,training,QID:Q121436025,1988-11-15,104514,戊辰,癸亥,甲戌,偏财,正印,偏印,壬,0,1,100.0,100.0,SAMI KHEROUF,493.0,KHEROUF Sami,https://tabletennis-reference.com/player/detail/493,Algeria,406.0,140.0,2019/12,explicit_current_and_highest,31.08072034333354,38.0,,training,1,3.1147540983606556,0.757031563860971,366,-0.11475409836065564,-0.15158429824959088
Q13468831,朴英淑,,,1988-12-18,,,,,,,,,,,女,,,,,,,,,,,,,,,,,,,,1988-12-18,1988,土|土|木|水|火|土,4.0,0.5,0.33333333333333337,1.242453324894,0,training,QID:Q13468831,1988-12-18,107167,戊辰,甲子,丁未,伤官,正印,七杀,癸,0,1,96.55172413793105,22.47765006385696,PARK YOUNG SOOK,1141.0,PARK Youngsook,https://tabletennis-reference.com/player/detail/1141,"Korea, Republic of",,52.0,2014/8,explicit_highest_only,25.656926562489303,38.0,,training,1,3.1147540983606556,0.757031563860971,366,0.8852459016393444,1.1693645864968452
Q11518286,木子,,,1989-01-09,,,,,,,,,,,女,,,,,,,,,,,,,,,,,,,,1989-01-09,1989,土|土|木|土|土|火,3.0,0.6666666666666666,0.5,0.8675632284814612,0,training,QID:Q11518286,1989-01-09,111601,戊辰,乙丑,己巳,劫财,七杀,比肩,己,0,1,100.0,47.36842105263157,MU ZI,1927.0,MU Zi,https://tabletennis-reference.com/player/detail/1927,China,,14.0,2017/6,explicit_highest_only,28.430426360568664,37.0,,training,1,3.652054794520548,0.7353158828277562,365,-0.6520547945205482,-0.8867682716344759
Q3375038,张墨,,,1989-01-17,,,,,,,,,,,女,,,,,,,,,,,,,,,,,,,,1989-01-17,1989,土|土|木|土|火|土,3.0,0.6666666666666666,0.5,0.8675632284814612,0,training,QID:Q3375038,1989-01-17,110560,戊辰,乙丑,丁丑,伤官,偏印,食神,己,0,1,100.0,23.07692307692308,ZHANG MO,1171.0,ZHANG Mo,https://tabletennis-reference.com/player/detail/1171,Canada,51.0,19.0,2018/12,explicit_current_and_highest,29.908896144342457,37.0,,training,1,3.652054794520548,0.7353158828277562,365,-0.6520547945205482,-0.8867682716344759
Q18330918,Kyle Davis,,,1989-01-18,,,,,,,,,,,男,,,,,,,,,,,,,,,,,,,,1989-01-18,1989,土|土|木|土|土|木,2.0,0.6666666666666666,0.5555555555555556,0.6365141682948128,0,training,QID:Q18330918,1989-01-18,102113,戊辰,乙丑,戊寅,比肩,正官,劫财,己,0,0,,,,,,,,,,,,,,No sufficiently confident site match. Top candidates: DAVIS Tony [70.0] id=10482; DAVIS Lovetta [69.6] id=18995; PINO Davis [66.7] id=16749,training,1,3.652054794520548,0.7353158828277562,365,-1.6520547945205482,-2.2467280159478524
Q104621418,Katharina Michajlova,,,1989-01-27,,,,,,,,,,,女,,,,,,,,,,,,,,,,,,,,1989-01-27,1989,土|土|木|土|火|水,4.0,0.5,0.33333333333333337,1.242453324894,0,training,QID:Q104621418,1989-01-27,106090,戊辰,乙丑,丁亥,伤官,偏印,食神,己,0,1,100.0,100.0,KATHARINA MICHAJLOVA,7251.0,MICHAJLOVA Katharina,https://tabletennis-reference.com/player/detail/7251,Germany,,732.0,2018/9,explicit_highest_only,29.632367536636615,,,training,1,3.652054794520548,0.7353158828277562,365,0.34794520547945185,0.4731914726789006
Q432696,侯美玲,,,1989-01-27,,,,,,,,,,,女,,,,,,,,,,,,,,,,,,,,1989-01-27,1989,土|土|木|土|火|水,4.0,0.5,0.33333333333333337,1.242453324894,0,training,QID:Q432696,1989-01-27,113161,戊辰,乙丑,丁亥,伤官,偏印,食神,己,0,1,100.0,100.0,MELEK HU,1089.0,HU Melek,https://tabletennis-reference.com/player/detail/1089,Turkey,,10.0,2017/2,explicit_highest_only,28.052595193604247,37.0,,training,1,3.652054794520548,0.7353158828277562,365,0.34794520547945185,0.4731914726789006
Q15918705,江宏傑,,,1989-02-22,,,,,,,,,,,男,,,,,,,,,,,,,,,,,,,,1989-02-22,1989,土|火|火|木|水|土,4.0,0.3333333333333333,0.2777777777777778,1.3296613488547582,0,training,QID:Q15918705,1989-02-22,101711,己巳,丙寅,癸丑,七杀,正财,伤官,甲,0,1,100.0,100.0,CHIANG HUNG CHIEH,56.0,Chiang Hung-Chieh Ryukyu Asteeda,https://tabletennis-reference.com/player/detail/56,Taiwan,,47.0,2014/11,explicit_highest_only,25.728112144671005,37.0,,training,1,3.652054794520548,0.7353158828277562,365,0.34794520547945185,0.4731914726789006
Q12321521,卡斯帕·斯騰伯格,,,1989-02-26,,,,,,,,,,,男,,,,,,,,,,,,,,,,,,,,1989-02-26,1989,土|火|火|木|火|火,3.0,0.6666666666666666,0.5,0.8675632284814612,0,training,QID:Q12321521,1989-02-26,108976,己巳,丙寅,丁巳,食神,劫财,正印,甲,1,1,100.0,100.0,KASPER STERNBERG,2178.0,STERNBERG Kasper,https://tabletennis-reference.com/player/detail/2178,Denmark,,124.0,2015/2,explicit_highest_only,25.969047961285995,37.0,,training,1,3.652054794520548,0.7353158828277562,365,-0.6520547945205482,-0.8867682716344759
Q11530590,Kenji Matsudaira,,,1989-04-06,,,,,,,,,,,男,,,,,,,,,,,,,,,,,,,,1989-04-06,1989,土|火|土|土|火|金,3.0,0.5,0.3888888888888889,1.0114042647073516,0,training,QID:Q11530590,1989-04-06,111033,己巳,戊辰,丙申,伤官,食神,食神,戊,0,1,100.0,100.0,KENJI MATSUDAIRA,86.0,KENJI Matsudaira,https://tabletennis-reference.com/player/detail/86,Japan Member of team Kyowa Hakko Kirin,,64.0,2014/2,explicit_highest_only,24.86293353046264,37.0,,training,1,3.652054794520548,0.7353158828277562,365,-0.6520547945205482,-0.8867682716344759
Q441050,伊莎貝塔·薩瑪拉,,,1989-04-15,,,,,,,,,,,女,,,,,,,,,,,,,,,,,,,,1989-04-15,1989,土|火|土|土|木|火,3.0,0.5,0.3888888888888889,1.0114042647073518,0,training,QID:Q441050,1989-04-15,108226,己巳,戊辰,乙巳,偏财,正财,正财,戊,0,1,100.0,0.0,ELIZABETA SAMARA,67.0,SAMARA Elizabeta Top Nagoya,https://tabletennis-reference.com/player/detail/67,Romania,38.0,13.0,2014/9,explicit_current_and_highest,25.418728652881303,37.0,,training,1,3.652054794520548,0.7353158828277562,365,-0.6520547945205482,-0.8867682716344759
Q6408963,金仲,,,1989-04-19,,,,,,,,,,,女,,,,,,,,,,,,,,,,,,,,1989-04-19,1989,土|火|土|土|土|金,3.0,0.6666666666666666,0.5,0.8675632284814612,0,training,QID:Q6408963,1989-04-19,104589,己巳,戊辰,己酉,比肩,劫财,劫财,戊,0,1,100.0,15.78947368421052,KIM JONG,3030.0,KIM Jong,https://tabletennis-reference.com/player/detail/3030,"Korea, Democratic People's Republic of",,59.0,2014/3,explicit_highest_only,24.904002135567463,36.0,,training,1,3.652054794520548,0.7353158828277562,365,-0.6520547945205482,-0.8867682716344759
Q1332747,水谷隼,,,1989-06-09,,,,,,,,,,,男,,,,,,,,,,,,,,,,,,,,1989-06-09,1989,土|火|金|火|金|水,4.0,0.3333333333333333,0.2777777777777778,1.3296613488547582,0,training,QID:Q1332747,1989-06-09,106195,己巳,庚午,庚子,正印,比肩,正官,丁,0,1,100.0,100.0,JUN MIZUTANI,1.0,JUN Mizutani Kinoshita Meister Tokyo,https://tabletennis-reference.com/player/detail/1,Japan Member of team Kinoshita Group,,4.0,2017/2,explicit_highest_only,27.688453561674777,37.0,,training,1,3.652054794520548,0.7353158828277562,365,0.34794520547945185,0.4731914726789006
Q2792055,奧維杜·約內斯庫,,,1989-06-28,,,,,,,,,,,男,,,,,,,,,,,,,,,,,,,,1989-06-28,1989,土|火|金|火|土|土,3.0,0.5,0.3888888888888889,1.0114042647073516,0,training,QID:Q2792055,1989-06-28,103903,己巳,庚午,己未,比肩,伤官,偏印,丁,0,1,100.0,100.0,OVIDIU IONESCU,138.0,IONESCU Ovidiu,https://tabletennis-reference.com/player/detail/138,Romania,123.0,39.0,2019/4,explicit_current_and_highest,29.79664195705593,37.0,,training,1,3.652054794520548,0.7353158828277562,365,-0.6520547945205482,-0.8867682716344759
Q11585389,石垣優香,,,1989-07-22,,,,,,,,,,,女,,,,,,,,,,,,,,,,,,,,1989-07-22,1989,土|火|金|土|水|土,4.0,0.5,0.33333333333333337,1.242453324894,0,training,QID:Q11585389,1989-07-22,103927,己巳,辛未,癸未,七杀,偏印,七杀,己,0,1,100.0,100.0,ISHIGAKI YUKA,64.0,YUKA Ishigaki Nissay Redelf,https://tabletennis-reference.com/player/detail/64,Japan,,19.0,2015/9,explicit_highest_only,26.14974982374724,37.0,,training,1,3.652054794520548,0.7353158828277562,365,0.34794520547945185,0.4731914726789006
Q259768,娜達莉雅·柏迪卡,,,1989-07-27,,,,,,,,,,,女,,,,,,,,,,,,,,,,,,,,1989-07-27,1989,土|火|金|土|土|水,4.0,0.5,0.33333333333333337,1.242453324894,0,training,QID:Q259768,1989-07-27,107177,己巳,辛未,戊子,劫财,伤官,劫财,己,0,1,100.0,100.0,NATALIA PARTYKA,1132.0,PARTYKA Natalia,https://tabletennis-reference.com/player/detail/1132,Poland,,53.0,2018/2,explicit_highest_only,28.556370082890133,37.0,,training,1,3.652054794520548,0.7353158828277562,365,0.34794520547945185,0.4731914726789006
Q22919310,Mikhail Paikov,,,1989-07-31,,,,,,,,,,,男,,,,,,,,,,,,,,,,,,,,1989-07-31,1989,土|火|金|土|水|土,4.0,0.5,0.33333333333333337,1.242453324894,0,training,QID:Q22919310,1989-07-31,107071,己巳,辛未,壬辰,正官,正印,正官,己,0,1,100.0,100.0,MIKHAIL PAIKOV,165.0,PAIKOV Mikhail,https://tabletennis-reference.com/player/detail/165,Russian Federation,,80.0,2017/1,explicit_highest_only,27.46120728009473,37.0,,training,1,3.652054794520548,0.7353158828277562,365,0.34794520547945185,0.4731914726789006
Q3573074,于梦雨,,,1989-08-18,,,,,,,,,,,女,,,,,,,,,,,,,,,,,,,,1989-08-18,1989,土|火|水|金|金|土,4.0,0.3333333333333333,0.2777777777777778,1.3296613488547582,0,training,QID:Q3573074,1989-08-18,111628,己巳,壬申,庚戌,正印,食神,比肩,庚,0,1,100.0,27.272727272727263,YU MENGYU,1085.0,YU Mengyu Nissay Redelf,https://tabletennis-reference.com/player/detail/1085,Singapore,,10.0,2014/9,explicit_highest_only,25.076490277007743,37.0,,training,1,3.652054794520548,0.7353158828277562,365,0.34794520547945185,0.4731914726789006
Q4761161,Andy Pereira,,,1989-08-31,,,,,,,,,,,男,,,,,,,,,,,,,,,,,,,,1989-08-31,1989,土|火|水|金|水|水,4.0,0.5,0.3333333333333333,1.2424533248940002,0,training,QID:Q4761161,1989-08-31,107272,己巳,壬申,癸亥,七杀,劫财,正印,庚,0,1,100.0,100.0,ANDY PEREIRA,241.0,PEREIRA Andy,https://tabletennis-reference.com/player/detail/241,Cuba,800.0,53.0,2024/4,explicit_current_and_highest,34.62357201037667,37.0,,training,1,3.652054794520548,0.7353158828277562,365,0.34794520547945185,0.4731914726789006
Q6792159,Matīss Burģis,,,1989-08-31,,,,,,,,,,,男,,,,,,,,,,,,,,,,,,,,1989-08-31,1989,土|火|水|金|水|水,4.0,0.5,0.3333333333333333,1.2424533248940002,0,training,QID:Q6792159,1989-08-31,101393,己巳,壬申,癸亥,七杀,劫财,正印,庚,0,1,100.0,100.0,MATISS BURGIS,202.0,BURGIS Matiss,https://tabletennis-reference.com/player/detail/202,Latvia,,113.0,2015/1,explicit_highest_only,25.37492214076949,37.0,,training,1,3.652054794520548,0.7353158828277562,365,0.34794520547945185,0.4731914726789006
Q83812750,薛娟,,,1989-10-20,,,,,,,,,,,女,,,,,,,,,,,,,,,,,,,,1989-10-20,1989,土|火|木|土|水|土,4.0,0.5,0.33333333333333337,1.242453324894,0,training,QID:Q83812750,1989-10-20,4645,己巳,甲戌,癸丑,七杀,伤官,正官,戊,0,1,100.0,100.0,XUE JUAN,16404.0,XUE Juan,https://tabletennis-reference.com/player/detail/16404,China,,,,,,,,training,1,3.652054794520548,0.7353158828277562,365,0.34794520547945185,0.4731914726789006
Q5646702,韓杏,,,1989-11-08,,,,,,,,,,,女,,,,,,,,,,,,,,,,,,,,1989-11-08,1989,土|火|木|水|水|金,5.0,0.3333333333333333,0.2222222222222222,1.5607104090414063,1,training,QID:Q5646702,1989-11-08,114456,己巳,乙亥,壬申,正官,伤官,比肩,壬,0,1,100.0,20.0,HAN XING,1217.0,HAN Xing,https://tabletennis-reference.com/player/detail/1217,Congo,,125.0,2015/5,explicit_highest_only,25.514555398125903,37.0,,training,1,3.652054794520548,0.7353158828277562,365,1.3479452054794518,1.833151216992277
Q19629136,瑞秋·莫雷特,,,1989-11-23,,,,,,,,,,,女,,,,,,,,,,,,,,,,,,,,1989-11-23,1989,土|火|木|水|火|水,4.0,0.3333333333333333,0.2777777777777778,1.3296613488547582,0,training,QID:Q19629136,1989-11-23,111416,己巳,乙亥,丁亥,食神,偏印,正官,壬,1,1,100.0,100.0,RACHEL MORET,1186.0,MORET Rachel,https://tabletennis-reference.com/player/detail/1186,Switzerland,137.0,68.0,2018/3,explicit_current_and_highest,28.30722054525418,37.0,,training,1,3.652054794520548,0.7353158828277562,365,0.34794520547945185,0.4731914726789006
Q7938935,Vladislavs Agurjanovs,,,1989-12-03,,,,,,,,,,,男,,,,,,,,,,,,,,,,,,,,1989-12-03,1989,土|火|木|水|火|金,5.0,0.3333333333333333,0.22222222222222227,1.5607104090414063,1,training,QID:Q7938935,1989-12-03,100171,己巳,乙亥,丁酉,食神,偏印,正官,壬,1,0,,,,,,,,,,,,,,No sufficiently confident site match. Top candidates: ,training,1,3.652054794520548,0.7353158828277562,365,1.3479452054794518,1.833151216992277
Q2820947,阿布德-卡德爾·薩利夫,,,1989-12-07,,,,,,,,,,,男,,,,,,,,,,,,,,,,,,,,1989-12-07,1989,土|火|火|水|金|土,4.0,0.3333333333333333,0.2777777777777778,1.329661348854758,0,training,QID:Q2820947,1989-12-07,108204,己巳,丙子,辛丑,偏印,正官,食神,癸,0,1,100.0,100.0,ABDEL KADER SALIFOU,1870.0,SALIFOU Abdel-Kader,https://tabletennis-reference.com/player/detail/1870,France,111.0,83.0,2018/2,explicit_current_and_highest,28.192228450960663,36.0,,training,1,3.652054794520548,0.7353158828277562,365,0.34794520547945185,0.4731914726789006
Q7399575,薩希德·艾多烏,,,1990-01-03,,,,,,,,,,,男,,,,,,,,,,,,,,,,,,,,1990-01-03,1990,土|火|火|水|土|土,3.0,0.5,0.3888888888888889,1.0114042647073516,0,training,QID:Q7399575,1990-01-03,114457,己巳,丙子,戊辰,劫财,偏印,正财,癸,0,1,100.0,100.0,SAHEED IDOWU,328.0,IDOWU Saheed,https://tabletennis-reference.com/player/detail/328,Congo,,100.0,2024/8,explicit_highest_only,34.615358289355704,36.0,,training,1,3.824657534246575,0.7008199322578855,365,-0.8246575342465752,-1.1767038811092494
Q2520617,许昕,,,1990-01-08,,,,,,,,,,,男,,,,,,,,,,,,,,,,,,,,1990-01-08,1990,土|火|火|土|水|金,4.0,0.3333333333333333,0.2777777777777778,1.329661348854758,0,training,QID:Q2520617,1990-01-08,110267,己巳,丁丑,癸酉,七杀,偏财,七杀,己,0,1,100.0,20.0,XU XIN,16.0,XU Xin,https://tabletennis-reference.com/player/detail/16,China,,1.0,2020/3,explicit_highest_only,30.182686845041307,36.0,,training,1,3.824657534246575,0.7008199322578855,365,0.17534246575342483,0.250196174056452
Q1392394,保羅·金克霍爾,,,1990-01-16,,,,,,,,,,,男,,,,,,,,,,,,,,,,,,,,1990-01-16,1990,土|火|火|土|金|火,3.0,0.5,0.3888888888888889,1.0114042647073516,0,training,QID:Q1392394,1990-01-16,102380,己巳,丁丑,辛巳,偏印,七杀,偏印,己,0,1,100.0,100.0,PAUL DRINKHALL,80.0,DRINKHALL Paul,https://tabletennis-reference.com/player/detail/80,England,739.0,32.0,2016/9,explicit_current_and_highest,26.664476341061075,36.0,,training,1,3.824657534246575,0.7008199322578855,365,-0.8246575342465752,-1.1767038811092494
Q6812892,梅利莎·泰普,,,1990-03-01,,,,,,,,,,,女,,,,,,,,,,,,,,,,,,,,1990-03-01,1990,金|火|土|木|木|土,4.0,0.3333333333333333,0.2777777777777778,1.3296613488547582,0,training,QID:Q6812892,1990-03-01,109272,庚午,戊寅,乙丑,正官,正财,劫财,甲,0,1,100.0,0.0,MELISSA TAPPER,1399.0,TAPPER Melissa,https://tabletennis-reference.com/player/detail/1399,Australia,,100.0,2025/6,explicit_highest_only,35.291621320081866,36.0,,training,1,3.824657534246575,0.7008199322578855,365,0.17534246575342483,0.250196174056452
Q7494124,沈强,,,1990-05-11,,,,,,,,,,,男,,,,,,,,,,,,,,,,,,,,1990-05-11,1990,金|火|金|火|火|水,3.0,0.5,0.3888888888888889,1.0114042647073516,0,training,QID:Q7494124,1990-05-11,108568,庚午,辛巳,丙子,偏财,正财,比肩,丙,0,0,,,,,,,,,,,,,,No sufficiently confident site match. Top candidates: ZHANG Qiang [76.2] id=3310; JIANQIANG HUANG [64.0] id=10136; LI Qiangbing [54.5] id=1165,training,1,3.824657534246575,0.7008199322578855,365,-0.8246575342465752,-1.1767038811092494
Q23667753,Safa Saidani,,,1990-05-26,,,,,,,,,,,女,,,,,,,,,,,,,,,,,,,,1990-05-26,1990,金|火|金|火|金|木,3.0,0.5,0.3888888888888889,1.0114042647073518,0,training,QID:Q23667753,1990-05-26,108158,庚午,辛巳,辛卯,劫财,比肩,正官,丙,0,1,100.0,100.0,SAFA SAIDANI,1482.0,SAIDANI Safa,https://tabletennis-reference.com/player/detail/1482,Tunisia,,215.0,2019/5,explicit_highest_only,28.9697940409454,36.0,,training,1,3.824657534246575,0.7008199322578855,365,-0.8246575342465752,-1.1767038811092494
Q26775469,哈娜·瑪他洛伐,,,1990-06-08,,,,,,,,,,,女,,,,,,,,,,,,,,,,,,,,1990-06-08,1990,金|火|水|火|木|土,5.0,0.3333333333333333,0.22222222222222227,1.5607104090414063,1,training,QID:Q26775469,1990-06-08,105913,庚午,壬午,甲辰,七杀,偏印,伤官,丁,0,1,100.0,100.0,HANA MATELOVA,1138.0,MATELOVA Hana,https://tabletennis-reference.com/player/detail/1138,Czech Republic,,18.0,2022/5,explicit_highest_only,31.934947329513957,36.0,,training,1,3.824657534246575,0.7008199322578855,365,1.1753424657534248,1.6770962292221534
Q242496,丁宁,,,1990-06-20,,,,,,,,,,,女,,,,,,,,,,,,,,,,,,,,1990-06-20,1990,金|火|水|火|火|土,4.0,0.5,0.33333333333333337,1.242453324894,0,training,QID:Q242496,1990-06-20,102265,庚午,壬午,丙辰,偏财,七杀,劫财,丁,0,1,100.0,100.0,DING NING,24.0,DING Ning,https://tabletennis-reference.com/player/detail/24,China,,1.0,2019/5,explicit_highest_only,28.901346365770685,36.0,,training,1,3.824657534246575,0.7008199322578855,365,0.17534246575342483,0.250196174056452
Q65095381,Ficky Supit Santoso,,,1990-08-02,,,,,,,,,,,男,,,,,,,,,,,,,,,,,,,,1990-08-02,1990,金|火|水|土|土|水,4.0,0.3333333333333333,0.2777777777777778,1.3296613488547582,0,training,QID:Q65095381,1990-08-02,112040,庚午,癸未,己亥,伤官,偏财,比肩,己,0,1,100.0,100.0,SANTOSO,326.0,SANTOSO Ficky,https://tabletennis-reference.com/player/detail/326,Indonesia,,257.0,2016/4,explicit_highest_only,25.70347098160811,36.0,,training,1,3.824657534246575,0.7008199322578855,365,0.17534246575342483,0.250196174056452
Q3228931,李相秀,,,1990-08-13,,,,,,,,,,,男,,,,,,,,,,,,,,,,,,,,1990-08-13,1990,金|火|木|金|金|土,4.0,0.5,0.3333333333333333,1.2424533248940002,0,training,QID:Q3228931,1990-08-13,105197,庚午,甲申,庚戌,比肩,偏财,比肩,庚,0,1,100.0,100.0,LEE SANG SU,105.0,LEE Sangsu Okayama Rivets,https://tabletennis-reference.com/player/detail/105,"Korea, Republic of",,6.0,2019/4,explicit_highest_only,28.671362177183653,36.0,,training,1,3.824657534246575,0.7008199322578855,365,0.17534246575342483,0.250196174056452
Q4523564,Alexander Shibaev,,,1990-09-09,,,,,,,,,,,男,,,,,,,,,,,,,,,,,,,,1990-09-09,1990,金|火|木|金|火|土,4.0,0.3333333333333333,0.2777777777777778,1.3296613488547582,0,training,QID:Q4523564,1990-09-09,108581,庚午,乙酉,丁丑,正财,偏印,偏财,辛,0,1,100.0,100.0,ALEXANDER SHIBAEV,106.0,SHIBAEV Alexander,https://tabletennis-reference.com/player/detail/106,Russian Federation,,21.0,2016/6,explicit_highest_only,25.766442842768846,36.0,,training,1,3.824657534246575,0.7008199322578855,365,0.17534246575342483,0.250196174056452
Q15843023,Rosalia Stähr,,,1990-09-16,,,,,,,,,,,女,,,,,,,,,,,,,,,,,,,,1990-09-16,1990,金|火|木|金|木|金,3.0,0.5,0.3888888888888889,1.0114042647073518,0,training,QID:Q15843023,1990-09-16,108925,庚午,乙酉,甲申,七杀,劫财,正官,辛,0,1,100.0,100.0,ROSALIA STAHR,7218.0,STAHR Rosalia,https://tabletennis-reference.com/player/detail/7218,Germany,,,,,,,,training,1,3.824657534246575,0.7008199322578855,365,-0.8246575342465752,-1.1767038811092494
Q461737,艾米麗·索爾佳,,,1990-09-29,,,,,,,,,,,女,,,,,,,,,,,,,,,,,,,,1990-09-29,1990,金|火|木|金|火|金,3.0,0.5,0.3888888888888889,1.0114042647073518,0,training,QID:Q461737,1990-09-29,108843,庚午,乙酉,丁酉,正财,偏印,偏财,辛,0,1,100.0,100.0,AMELIE SOLJA,1164.0,SOLJA Amelie,https://tabletennis-reference.com/player/detail/1164,Austria,,47.0,2014/10,explicit_highest_only,24.044299335373072,35.0,,training,1,3.824657534246575,0.7008199322578855,365,-0.8246575342465752,-1.1767038811092494
Q29358738,Olga Vorobyova,,,1990-10-12,,,,,,,,,,,女,,,,,,,,,,,,,,,,,,,,1990-10-12,1990,金|火|火|土|金|土,3.0,0.3333333333333333,0.3333333333333333,1.0986122886681096,0,training,QID:Q29358738,1990-10-12,111871,庚午,丙戌,庚戌,比肩,七杀,偏印,戊,0,1,100.0,100.0,OLGA VOROBEVA,4888.0,VOROBEVA Olga,https://tabletennis-reference.com/player/detail/4888,Russian Federation,317.0,61.0,2018/3,explicit_current_and_highest,27.42287658199689,36.0,,training,1,3.824657534246575,0.7008199322578855,365,-0.8246575342465752,-1.1767038811092494
Q3873895,本篤·奧拉,,,1991-03-29,,,,,,,,,,,男,,,,,,,,,,,,,,,,,,,,1991-03-29,1991,金|土|金|木|土|土,3.0,0.5,0.3888888888888889,1.0114042647073518,0,training,QID:Q3873895,1991-03-29,110726,辛未,辛卯,戊戌,伤官,伤官,正官,乙,0,1,100.0,100.0,BENEDEK OLAH,135.0,OLAH Benedek,https://tabletennis-reference.com/player/detail/135,Finland,801.0,50.0,2022/6,explicit_current_and_highest,31.214877786675974,35.0,,training,1,3.734246575342466,0.6818323683971074,365,-0.7342465753424658,-1.0768725707002984
Q2363614,松平健太,,,1991-04-11,,,,,,,,,,,男,,,,,,,,,,,,,,,,,,,,1991-04-11,1991,金|土|水|土|金|水,3.0,0.3333333333333333,0.3333333333333333,1.0986122886681096,0,training,QID:Q2363614,1991-04-11,105926,辛未,壬辰,辛亥,比肩,伤官,正印,戊,0,1,100.0,100.0,KENTA MATSUDAIRA,10.0,KENTA Matsudaira Kanazawa-PORT,https://tabletennis-reference.com/player/detail/10,Japan Member of team Fast,,9.0,2017/11,explicit_highest_only,26.59876657289335,35.0,,training,1,3.734246575342466,0.6818323683971074,365,-0.7342465753424658,-1.0768725707002984
Q443175,刘诗雯,,,1991-04-12,,,,,,,,,,,女,,,,,,,,,,,,,,,,,,,,1991-04-12,1991,金|土|水|土|水|水,3.0,0.5,0.3888888888888889,1.0114042647073518,0,training,QID:Q443175,1991-04-12,105482,辛未,壬辰,壬子,正印,比肩,七杀,戊,0,1,100.0,100.0,LIU SHIWEN,15.0,LIU Shiwen,https://tabletennis-reference.com/player/detail/15,China,,1.0,2016/9,explicit_highest_only,25.42968028090926,35.0,,training,1,3.734246575342466,0.6818323683971074,365,-0.7342465753424658,-1.0768725707002984
Q63348571,阿尔瓦罗·罗贝尔斯,,,1991-04-29,,,,,,,,,,,男,,,,,,,,,,,,,,,,,,,,1991-04-29,1991,金|土|水|土|土|火,4.0,0.5,0.33333333333333337,1.242453324894,0,training,QID:Q63348571,1991-04-29,111050,辛未,壬辰,己巳,食神,正财,劫财,戊,1,1,100.0,100.0,ALVARO ROBLES,177.0,ROBLES Alvaro,https://tabletennis-reference.com/player/detail/177,Spain,57.0,30.0,2025/2,explicit_current_and_highest,33.80219990828012,35.0,,training,1,3.734246575342466,0.6818323683971074,365,0.26575342465753415,0.3897635796937645
Q16172062,徐賢德,,,1991-05-09,,,,,,,,,,,男,,,,,,,,,,,,,,,,,,,,1991-05-09,1991,金|土|水|火|土|木,5.0,0.3333333333333333,0.2222222222222222,1.5607104090414063,1,training,QID:Q16172062,1991-05-09,111884,辛未,癸巳,己卯,食神,偏财,正印,丙,1,1,96.0,100.0,SEO HYUN DEOK,2576.0,SEO Hyundeok,https://tabletennis-reference.com/player/detail/2576,"Korea, Republic of",,77.0,2014/3,explicit_highest_only,22.850571880326083,35.0,,training,1,3.734246575342466,0.6818323683971074,365,1.2657534246575342,1.8563997300878272
Q3361139,Priscila Tommy,,,1991-05-23,,,,,,,,,,,女,,,,,,,,,,,,,,,,,,,,1991-05-23,1991,金|土|水|火|水|火,4.0,0.3333333333333333,0.2777777777777778,1.3296613488547582,0,training,QID:Q3361139,1991-05-23,109480,辛未,癸巳,癸巳,偏印,比肩,正财,丙,0,1,100.0,100.0,PRISCILA TOMMY,7491.0,TOMMY Priscila,https://tabletennis-reference.com/player/detail/7491,Vanuatu,,101.0,2024/8,explicit_highest_only,33.2327152508265,,,training,1,3.734246575342466,0.6818323683971074,365,0.26575342465753415,0.3897635796937645
Q78360315,Yvonne Kaiser,,,1991-05-28,,,,,,,,,,,女,,,,,,,,,,,,,,,,,,,,1991-05-28,1991,金|土|水|火|土|土,4.0,0.5,0.33333333333333337,1.242453324894,0,training,QID:Q78360315,1991-05-28,114794,辛未,癸巳,戊戌,伤官,正财,偏印,丙,0,1,100.0,100.0,YVONNE KAISER,5243.0,KAISER Yvonne,https://tabletennis-reference.com/player/detail/5243,Germany,,377.0,2017/11,explicit_highest_only,26.47008494356489,35.0,,training,1,3.734246575342466,0.6818323683971074,365,0.26575342465753415,0.3897635796937645
Q13360457,陳建安,,,1991-06-16,,,,,,,,,,,男,,,,,,,,,,,,,,,,,,,,1991-06-16,1991,金|土|木|火|火|火,4.0,0.5,0.33333333333333337,1.242453324894,0,training,QID:Q13360457,1991-06-16,101648,辛未,甲午,丁巳,偏财,正印,比肩,丁,0,1,100.0,0.0,CHEN CHIEN AN,77.0,CHEN Chien-An Ryukyu Asteeda,https://tabletennis-reference.com/player/detail/77,Taiwan,,17.0,2014/11,explicit_highest_only,23.417318630772705,35.0,,training,1,3.734246575342466,0.6818323683971074,365,0.26575342465753415,0.3897635796937645
Q7089642,奧瑪·阿薩爾,,,1991-07-22,,,,,,,,,,,男,,,,,,,,,,,,,,,,,,,,1991-07-22,1991,金|土|木|土|水|火,5.0,0.3333333333333333,0.2222222222222222,1.5607104090414063,1,training,QID:Q7089642,1991-07-22,100696,辛未,乙未,癸巳,偏印,食神,七杀,己,0,1,100.0,100.0,OMAR ASSAR,116.0,ASSAR Omar,https://tabletennis-reference.com/player/detail/116,Egypt,27.0,13.0,2024/4,explicit_current_and_highest,32.7344161755546,35.0,,training,1,3.734246575342466,0.6818323683971074,365,1.2657534246575342,1.8563997300878272
Q5901753,克里斯蒂安·卡尔松,,,1991-08-06,,,,,,,,,,,男,,,,,,,,,,,,,,,,,,,,1991-08-06,1991,金|土|木|土|土|金,3.0,0.5,0.3888888888888889,1.0114042647073518,0,training,QID:Q5901753,1991-08-06,104379,辛未,乙未,戊申,伤官,正官,劫财,己,0,1,100.0,0.0,KRISTIAN KARLSSON,110.0,KARLSSON Kristian,https://tabletennis-reference.com/player/detail/110,Sweden,40.0,15.0,2022/5,explicit_current_and_highest,30.774074758550825,35.0,,training,1,3.734246575342466,0.6818323683971074,365,-0.7342465753424658,-1.0768725707002984
Q2031941,Margaryta Pesotska,,,1991-08-09,,,,,,,,,,,女,,,,,,,,,,,,,,,,,,,,1991-08-09,1991,金|土|火|金|金|水,4.0,0.5,0.33333333333333337,1.242453324894,0,training,QID:Q2031941,1991-08-09,107321,辛未,丙申,辛亥,比肩,正官,劫财,庚,0,1,100.0,100.0,MARGARYTA PESOTSKA,83.0,PESOTSKA Margaryta,https://tabletennis-reference.com/player/detail/83,Ukraine,44.0,27.0,2022/2,explicit_current_and_highest,30.52218731390788,35.0,,training,1,3.734246575342466,0.6818323683971074,365,0.26575342465753415,0.3897635796937645
Q26720581,马蒂亚斯·法尔克,,,1991-09-07,,,,,,,,,,,男,,,,,,,,,,,,,,,,,,,,1991-09-07,1991,金|土|火|金|金|土,3.0,0.5,0.3888888888888889,1.0114042647073518,0,training,QID:Q26720581,1991-09-07,112074,辛未,丙申,庚辰,劫财,七杀,比肩,庚,0,1,100.0,100.0,MATTIAS FALCK,118.0,FALCK Mattias,https://tabletennis-reference.com/player/detail/118,Sweden,95.0,7.0,2019/8,explicit_current_and_highest,27.93760309931073,35.0,,training,1,3.734246575342466,0.6818323683971074,365,-0.7342465753424658,-1.0768725707002984
Q16321529,黃鎮廷,,,1991-09-07,,,,,,,,,,,男,,,,,,,,,,,,,,,,,,,,1991-09-07,1991,金|土|火|金|金|土,3.0,0.5,0.3888888888888889,1.0114042647073518,0,training,QID:Q16321529,1991-09-07,112620,辛未,丙申,庚辰,劫财,七杀,比肩,庚,0,1,100.0,100.0,WONG CHUN TING,65.0,WONG Chun Ting T.T Saitama,https://tabletennis-reference.com/player/detail/65,Hong Kong,38.0,6.0,2018/3,explicit_current_and_highest,26.519367269690683,35.0,,training,1,3.734246575342466,0.6818323683971074,365,-0.7342465753424658,-1.0768725707002984
Q26775234,Jorge Campos,,,1991-09-19,,,,,,,,,,,男,,,,,,,,,,,,,,,,,,,,1991-09-19,1991,金|土|火|金|水|土,4.0,0.3333333333333333,0.2777777777777778,1.3296613488547582,0,training,QID:Q26775234,1991-09-19,112121,辛未,丁酉,壬辰,正印,正财,正印,辛,0,1,100.0,100.0,JORGE CAMPOS,278.0,CAMPOS Jorge,https://tabletennis-reference.com/player/detail/278,Cuba,549.0,150.0,2022/5,explicit_current_and_highest,30.65360685024333,35.0,,training,1,3.734246575342466,0.6818323683971074,365,0.26575342465753415,0.3897635796937645
Q134300013,Jishan Liang,,,1991-11-08,,,,,,,,,,,男,,,,,,,,,,,,,,,,,,,,1991-11-08,1991,金|土|土|水|水|火,4.0,0.3333333333333333,0.2777777777777778,1.3296613488547582,0,training,QID:Q134300013,1991-11-08,121222,辛未,己亥,壬午,正印,正官,比肩,壬,0,1,100.0,100.0,JISHAN LIANG,2605.0,LIANG Jishan,https://tabletennis-reference.com/player/detail/2605,United States,184.0,139.0,2024/5,explicit_current_and_highest,32.5181215220025,34.0,,training,1,3.734246575342466,0.6818323683971074,365,0.26575342465753415,0.3897635796937645
Q67582526,Onyinyechi Nwachukwu,,,1991-11-21,,,,,,,,,,,女,,,,,,,,,,,,,,,,,,,,1991-11-21,1991,金|土|土|水|木|土,4.0,0.5,0.33333333333333337,1.242453324894,0,training,QID:Q67582526,1991-11-21,114458,辛未,己亥,乙未,七杀,偏财,正印,壬,0,1,100.0,100.0,ONYINYECHI NWACHUKWU,1617.0,NWACHUKWU Onyinyechi,https://tabletennis-reference.com/player/detail/1617,Congo,,437.0,2017/2,explicit_highest_only,25.23802679042006,35.0,,training,1,3.734246575342466,0.6818323683971074,365,0.26575342465753415,0.3897635796937645
Q3361650,諾沙德·阿拉米安,,,1991-11-21,,,,,,,,,,,男,,,,,,,,,,,,,,,,,,,,1991-11-21,1991,金|土|土|水|木|土,4.0,0.5,0.33333333333333337,1.242453324894,0,training,QID:Q3361650,1991-11-21,110673,辛未,己亥,乙未,七杀,偏财,正印,壬,0,0,,,,,,,,,,,,,,No sufficiently confident site match. Top candidates: ALAMIAN Nima [76.9] id=176,training,1,3.734246575342466,0.6818323683971074,365,0.26575342465753415,0.3897635796937645
Q2148735,里卡多·瓦尔特,,,1991-11-30,,,,,,,,,,,男,,,,,,,,,,,,,,,,,,,,1991-11-30,1991,金|土|土|水|木|土,4.0,0.5,0.33333333333333337,1.242453324894,0,training,QID:Q2148735,1991-11-30,109946,辛未,己亥,甲辰,正官,正财,偏印,壬,0,1,100.0,100.0,RICARDO WALTHER,147.0,WALTHER Ricardo,https://tabletennis-reference.com/player/detail/147,Germany,135.0,27.0,2018/1,explicit_current_and_highest,26.12784656769133,34.0,,training,1,3.734246575342466,0.6818323683971074,365,0.26575342465753415,0.3897635796937645
Q44738288,Jin Ueda,,,1991-12-10,,,,,,,,,,,男,,,,,,,,,,,,,,,,,,,,1991-12-10,1991,金|土|金|水|木|木,4.0,0.3333333333333333,0.2777777777777778,1.3296613488547582,0,training,QID:Q44738288,1991-12-10,110730,辛未,庚子,甲寅,正官,七杀,正印,癸,0,1,100.0,100.0,JIN UEDA,2577.0,JIN Ueda T.T Saitama,https://tabletennis-reference.com/player/detail/2577,Japan,,23.0,2018/6,explicit_highest_only,26.513891455676703,34.0,,training,1,3.734246575342466,0.6818323683971074,365,0.26575342465753415,0.3897635796937645
Q2086717,Philipp Floritz,,,1991-12-14,,,,,,,,,,,男,,,,,,,,,,,,,,,,,,,,1991-12-14,1991,金|土|金|水|土|火,4.0,0.3333333333333333,0.2777777777777778,1.3296613488547582,0,training,QID:Q2086717,1991-12-14,113251,辛未,庚子,戊午,伤官,食神,正财,癸,0,1,100.0,100.0,PHILIPP FLORITZ,1879.0,FLORITZ Philipp,https://tabletennis-reference.com/player/detail/1879,Bulgaria,,183.0,2017/8,explicit_highest_only,25.670616097524245,35.0,,training,1,3.734246575342466,0.6818323683971074,365,0.26575342465753415,0.3897635796937645
Q67180818,Widad Nouari,,,1992-01-02,,,,,,,,,,,女,,,,,,,,,,,,,,,,,,,,1992-01-02,1992,金|土|金|水|火|土,4.0,0.3333333333333333,0.2777777777777778,1.3296613488547582,0,training,QID:Q67180818,1992-01-02,134214,辛未,庚子,丁丑,偏财,正财,七杀,癸,0,1,100.0,100.0,WIDAD NOUARI,7510.0,NOUARI Widad,https://tabletennis-reference.com/player/detail/7510,Algeria,,209.0,2022/5,explicit_highest_only,30.366126614509536,,,training,1,3.7568306010928962,0.7390440391298319,366,0.24316939890710376,0.3290323526503471
Q3225038,武杨,,,1992-01-05,,,,,,,,,,,女,,,,,,,,,,,,,,,,,,,,1992-01-05,1992,金|土|金|水|金|土,3.0,0.5,0.3888888888888889,1.0114042647073516,0,training,QID:Q3225038,1992-01-05,110226,辛未,庚子,庚辰,劫财,比肩,伤官,癸,0,1,92.3076923076923,14.52991452991452,WU YANG,45.0,WuYang,https://tabletennis-reference.com/player/detail/45,China,,5.0,2014/9,explicit_highest_only,22.69451118092774,34.0,,training,1,3.7568306010928962,0.7390440391298319,366,-0.7568306010928962,-1.0240669852151256
Q19849724,方博,,,1992-01-09,,,,,,,,,,,男,,,,,,,,,,,,,,,,,,,,1992-01-09,1992,金|土|金|土|木|金,3.0,0.5,0.3888888888888889,1.0114042647073518,0,training,QID:Q19849724,1992-01-09,111606,辛未,辛丑,甲申,正官,正官,正财,己,0,1,100.0,17.64705882352942,FANG BO,47.0,FANG Bo,https://tabletennis-reference.com/player/detail/47,China,156.0,8.0,2016/3,explicit_current_and_highest,24.1811946857225,34.0,,training,1,3.7568306010928962,0.7390440391298319,366,-0.7568306010928962,-1.0240669852151256
Q6312686,鄭榮植,,,1992-01-20,,,,,,,,,,,男,,,,,,,,,,,,,,,,,,,,1992-01-20,1992,金|土|金|土|木|土,3.0,0.5,0.3888888888888889,1.0114042647073518,0,training,QID:Q6312686,1992-01-20,104257,辛未,辛丑,乙未,七杀,七杀,偏财,己,0,1,96.7741935483871,22.700119474313027,JEOUNG YOUNG SIK,103.0,JEOUNG Youngsik,https://tabletennis-reference.com/player/detail/103,"Korea, Republic of",,7.0,2017/2,explicit_highest_only,25.07375237000075,34.0,,training,1,3.7568306010928962,0.7390440391298319,366,-0.7568306010928962,-1.0240669852151256
Q1670478,Kathrin Mühlbach,,,1992-01-30,,,,,,,,,,,女,,,,,,,,,,,,,,,,,,,,1992-01-30,1992,金|土|金|土|木|火,4.0,0.3333333333333333,0.2777777777777778,1.3296613488547582,0,training,QID:Q1670478,1992-01-30,111064,辛未,辛丑,乙巳,七杀,七杀,偏财,己,0,1,100.0,100.0,KATHRIN MUHLBACH,3535.0,MUHLBACH Kathrin,https://tabletennis-reference.com/player/detail/3535,Germany,,180.0,2015/3,explicit_highest_only,23.121624674017948,33.0,,training,1,3.7568306010928962,0.7390440391298319,366,0.24316939890710376,0.3290323526503471
Q7047550,Noha Yossry,,,1992-02-07,,,,,,,,,,,女,,,,,,,,,,,,,,,,,,,,1992-02-07,1992,水|金|水|木|水|土,4.0,0.5,0.3333333333333333,1.2424533248940002,0,training,QID:Q7047550,1992-02-07,110883,壬申,壬寅,癸丑,劫财,劫财,伤官,甲,0,0,,,,,,,,,,,,,,No sufficiently confident site match. Top candidates: ,training,1,3.7568306010928962,0.7390440391298319,366,0.24316939890710376,0.3290323526503471
Q16078561,鄭怡靜,,,1992-02-15,,,,,,,,,,,女,,,,,,,,,,,,,,,,,,,,1992-02-15,1992,水|金|水|木|金|金,3.0,0.5,0.3888888888888889,1.0114042647073518,0,training,QID:Q16078561,1992-02-15,110797,壬申,壬寅,辛酉,伤官,伤官,正财,甲,0,1,100.0,100.0,CHENG I CHING,1084.0,CHENG I-Ching Kinoshita Abyell Kanagawa,https://tabletennis-reference.com/player/detail/1084,Taiwan,28.0,5.0,2017/3,explicit_current_and_highest,25.07922818401473,34.0,,training,1,3.7568306010928962,0.7390440391298319,366,-0.7568306010928962,-1.0240669852151256
Q6409162,金珉錫,,,1992-02-25,,,,,,,,,,,男,,,,,,,,,,,,,,,,,,,,1992-02-25,1992,水|金|水|木|金|土,4.0,0.3333333333333333,0.2777777777777778,1.3296613488547582,0,training,QID:Q6409162,1992-02-25,111791,壬申,壬寅,辛未,伤官,伤官,正财,甲,0,0,,,,,,,,,,,,,,No sufficiently confident site match. Top candidates: KIM Minseok [95.7] id=60; KIM Minseok [95.7] id=14897,training,1,3.7568306010928962,0.7390440391298319,366,0.24316939890710376,0.3290323526503471
Q26789883,巴博菈·巴薩佐伐,,,1992-03-18,,,,,,,,,,,女,,,,,,,,,,,,,,,,,,,,1992-03-18,1992,水|金|水|木|水|火,4.0,0.5,0.3333333333333333,1.2424533248940002,0,training,QID:Q26789883,1992-03-18,100868,壬申,癸卯,癸巳,劫财,比肩,食神,乙,0,1,100.0,100.0,BARBORA BALAZOVA,1126.0,BALAZOVA Barbora,https://tabletennis-reference.com/player/detail/1126,Slovakia,122.0,37.0,2022/5,explicit_current_and_highest,30.15804568197841,34.0,,training,1,3.7568306010928962,0.7390440391298319,366,0.24316939890710376,0.3290323526503471
Q13362689,周雨,,,1992-05-19,,,,,,,,,,,男,,,,,,,,,,,,,,,,,,,,1992-05-19,1992,水|金|木|火|木|土,5.0,0.3333333333333333,0.22222222222222227,1.5607104090414063,1,training,QID:Q13362689,1992-05-19,110609,壬申,乙巳,乙未,正印,比肩,伤官,丙,0,1,100.0,12.5,ZHOU YU,3136.0,ZHOU Yu Ryukyu Asteeda,https://tabletennis-reference.com/player/detail/3136,China,,13.0,2014/4,explicit_highest_only,21.905993962915048,33.0,,training,1,3.7568306010928962,0.7390440391298319,366,1.2431693989071038,1.68213169051582
Q19942987,Lauric Jean,,,1992-06-05,,,,,,,,,,,男,,,,,,,,,,,,,,,,,,,,1992-06-05,1992,水|金|木|火|水|水,4.0,0.5,0.3333333333333333,1.2424533248940002,0,training,QID:Q19942987,1992-06-05,104087,壬申,乙巳,壬子,比肩,伤官,偏财,丙,0,1,100.0,100.0,LAURIC JEAN,292.0,JEAN Lauric,https://tabletennis-reference.com/player/detail/292,Belgium,,197.0,2018/4,explicit_highest_only,25.85953168100645,34.0,,training,1,3.7568306010928962,0.7390440391298319,366,0.24316939890710376,0.3290323526503471
Q108171990,Valeria Kotcyur,,,1992-06-11,,,,,,,,,,,女,,,,,,,,,,,,,,,,,,,,1992-06-11,1992,水|金|火|火|土|火,4.0,0.5,0.33333333333333337,1.242453324894,0,training,QID:Q108171990,1992-06-11,114947,壬申,丙午,戊午,偏财,偏印,正印,丁,0,1,100.0,100.0,VALERIA KOTCYUR,3539.0,KOTCYUR Valeria,https://tabletennis-reference.com/player/detail/3539,Russian Federation,322.0,85.0,2022/5,explicit_current_and_highest,29.925323586384387,33.0,,training,1,3.7568306010928962,0.7390440391298319,366,0.24316939890710376,0.3290323526503471
Q2057592,帕特里克·弗朗西斯卡,,,1992-06-11,,,,,,,,,,,男,,,,,,,,,,,,,,,,,,,,1992-06-11,1992,水|金|火|火|土|火,4.0,0.5,0.33333333333333337,1.242453324894,0,training,QID:Q2057592,1992-06-11,102832,壬申,丙午,戊午,偏财,偏印,正印,丁,0,1,100.0,100.0,PATRICK FRANZISKA,121.0,FRANZISKA Patrick,https://tabletennis-reference.com/player/detail/121,Germany,24.0,8.0,2025/4,explicit_current_and_highest,32.843932455834135,34.0,,training,1,3.7568306010928962,0.7390440391298319,366,0.24316939890710376,0.3290323526503471
Q98593728,Ibrahima Diaw,,,1992-07-09,,,,,,,,,,,男,,,,,,,,,,,,,,,,,,,,1992-07-09,1992,水|金|火|土|火|土,4.0,0.3333333333333333,0.2777777777777778,1.329661348854758,0,training,QID:Q98593728,1992-07-09,113681,壬申,丁未,丙戌,七杀,劫财,伤官,己,0,1,100.0,100.0,IBRAHIMA DIAW,4893.0,DIAW Ibrahima,https://tabletennis-reference.com/player/detail/4893,Senegal,201.0,53.0,2022/2,explicit_current_and_highest,29.60498846656673,34.0,,training,1,3.7568306010928962,0.7390440391298319,366,0.24316939890710376,0.3290323526503471
Q108776841,Yūki Hirano,,,1992-07-23,,,,,,,,,,,男,,,,,,,,,,,,,,,,,,,,1992-07-23,1992,水|金|火|土|金|水,4.0,0.3333333333333333,0.2777777777777778,1.3296613488547582,0,training,QID:Q108776841,1992-07-23,110727,壬申,丁未,庚子,食神,正官,正印,己,1,1,100.0,100.0,HIRANO YUKI,3845.0,YUKI Hirano,https://tabletennis-reference.com/player/detail/3845,Japan Member of team Kyowa Hakko Kirin,,93.0,2020/3,explicit_highest_only,27.644647049562963,34.0,,training,1,3.7568306010928962,0.7390440391298319,366,0.24316939890710376,0.3290323526503471
Q101089590,Stéphanie Loeuillette,,,1992-07-27,,,,,,,,,,,女,,,,,,,,,,,,,,,,,,,,1992-07-27,1992,水|金|火|土|木|土,5.0,0.3333333333333333,0.2222222222222222,1.5607104090414063,1,training,QID:Q101089590,1992-07-27,112356,壬申,丁未,甲辰,偏印,伤官,正财,己,0,1,100.0,100.0,STEPHANIE LOEUILLETTE,1237.0,LOEUILLETTE Stephanie,https://tabletennis-reference.com/player/detail/1237,France,,73.0,2019/9,explicit_highest_only,27.1353963462631,34.0,,training,1,3.7568306010928962,0.7390440391298319,366,1.2431693989071038,1.68213169051582
Q107877445,Farah Abdelaziz,,,1992-09-01,,,,,,,,,,,女,,,,,,,,,,,,,,,,,,,,1992-09-01,1992,水|金|土|金|金|土,3.0,0.5,0.3888888888888889,1.0114042647073516,0,training,QID:Q107877445,1992-09-01,100032,壬申,戊申,庚辰,食神,偏印,比肩,庚,1,1,100.0,100.0,FARAH ABDEL AZIZ,1432.0,ABDEL-AZIZ Farah,https://tabletennis-reference.com/player/detail/1432,Egypt,568.0,117.0,2022/5,explicit_current_and_highest,29.70081521181133,34.0,,training,1,3.7568306010928962,0.7390440391298319,366,-0.7568306010928962,-1.0240669852151256
Q104639,莎賓·溫特爾,,,1992-09-27,,,,,,,,,,,女,,,,,,,,,,,,,,,,,,,,1992-09-27,1992,水|金|土|金|火|火,4.0,0.3333333333333333,0.2777777777777778,1.3296613488547582,0,training,QID:Q104639,1992-09-27,111066,壬申,己酉,丙午,七杀,伤官,正财,辛,0,1,100.0,100.0,SABINE WINTER,1111.0,WINTER Sabine,https://tabletennis-reference.com/player/detail/1111,Germany,9.0,8.0,2026/7,explicit_current_and_highest,33.79672409426614,34.0,,training,1,3.7568306010928962,0.7390440391298319,366,0.24316939890710376,0.3290323526503471
Q16906285,田志希,,,1992-10-28,,,,,,,,,,,女,,,,,,,,,,,,,,,,,,,,1992-10-28,1992,水|金|金|土|火|土,4.0,0.3333333333333333,0.2777777777777778,1.3296613488547582,0,training,QID:Q16906285,1992-10-28,118994,壬申,庚戌,丁丑,正官,正财,伤官,戊,0,1,100.0,0.0,JEON JI HEE,1082.0,JEON Jihee Nissay Redelf,https://tabletennis-reference.com/player/detail/1082,"Korea, Republic of",,10.0,2022/2,explicit_highest_only,29.30108078879101,33.0,,training,1,3.7568306010928962,0.7390440391298319,366,0.24316939890710376,0.3290323526503471
Q12320301,约纳坦·格罗特,,,1992-11-02,,,,,,,,,,,男,,,,,,,,,,,,,,,,,,,,1992-11-02,1992,水|金|金|土|水|火,4.0,0.3333333333333333,0.2777777777777778,1.3296613488547582,0,training,QID:Q12320301,1992-11-02,112409,壬申,庚戌,壬午,比肩,偏印,七杀,戊,0,1,100.0,0.0,JONATHAN GROTH,113.0,GROTH Jonathan,https://tabletennis-reference.com/player/detail/113,Denmark,42.0,15.0,2018/11,explicit_current_and_highest,26.03475772945372,33.0,,training,1,3.7568306010928962,0.7390440391298319,366,0.24316939890710376,0.3290323526503471
Q107610946,Pavel Širuček,,,1992-11-20,,,,,,,,,,,男,,,,,,,,,,,,,,,,,,,,1992-11-20,1992,水|金|金|水|金|水,2.0,0.5,0.5,0.6931471805599453,0,training,QID:Q107610946,1992-11-20,113243,壬申,辛亥,庚子,食神,劫财,食神,壬,1,1,100.0,100.0,PAVEL SIRUCEK,207.0,SIRUCEK Pavel,https://tabletennis-reference.com/player/detail/207,Czech Republic,521.0,44.0,2020/3,explicit_current_and_highest,27.31609820872434,33.0,,training,1,3.7568306010928962,0.7390440391298319,366,-1.7568306010928962,-2.377166323080598
Q57984030,沙拉·德·纳特,,,1992-11-21,,,,,,,,,,,女,,,,,,,,,,,,,,,,,,,,1992-11-21,1992,水|金|金|水|金|土,3.0,0.5,0.3888888888888889,1.0114042647073518,0,training,QID:Q57984030,1992-11-21,112280,壬申,辛亥,辛丑,伤官,比肩,伤官,壬,0,1,100.0,100.0,SARAH DE NUTTE,1166.0,DE NUTTE Sarah,https://tabletennis-reference.com/player/detail/1166,Luxembourg,85.0,57.0,2018/3,explicit_current_and_highest,25.31195027960875,34.0,,training,1,3.7568306010928962,0.7390440391298319,366,-0.7568306010928962,-1.0240669852151256
Q17096778,李皓晴,,,1992-11-24,,,,,,,,,,,女,,,,,,,,,,,,,,,,,,,,1992-11-24,1992,水|金|金|水|木|土,4.0,0.3333333333333333,0.2777777777777778,1.3296613488547582,0,training,QID:Q17096778,1992-11-24,105159,壬申,辛亥,甲辰,偏印,正官,偏印,壬,0,1,100.0,0.0,LEE HO CHING,1090.0,LEE Ho Ching Nipponpaint Mallets,https://tabletennis-reference.com/player/detail/1090,Hong Kong,,12.0,2018/1,explicit_highest_only,25.142200045175464,33.0,,training,1,3.7568306010928962,0.7390440391298319,366,0.24316939890710376,0.3290323526503471
Q26706881,哈立德·阿薩爾,,,1992-12-10,,,,,,,,,,,男,,,,,,,,,,,,,,,,,,,,1992-12-10,1992,水|金|水|水|金|金,2.0,0.5,0.5,0.6931471805599453,0,training,QID:Q26706881,1992-12-10,111959,壬申,壬子,庚申,食神,食神,伤官,癸,1,1,100.0,0.0,KHALID ASSAR,274.0,ASSAR Khalid,https://tabletennis-reference.com/player/detail/274,Egypt,903.0,109.0,2022/2,explicit_current_and_highest,29.183350787490504,34.0,,training,1,3.7568306010928962,0.7390440391298319,366,-1.7568306010928962,-2.377166323080598
Q6409387,Kim Song-nam,,,1992-12-17,,,,,,,,,,,男,,,,,,,,,,,,,,,,,,,,1992-12-17,1992,水|金|水|水|火|木,4.0,0.5,0.3333333333333333,1.2424533248940002,0,training,QID:Q6409387,1992-12-17,104631,壬申,壬子,丁卯,正官,正官,七杀,癸,0,0,,,,,,,,,,,,,,No sufficiently confident site match. Top candidates: ,training,1,3.7568306010928962,0.7390440391298319,366,0.24316939890710376,0.3290323526503471
Q23852693,尼瑪·阿拉米安,,,1992-12-24,,,,,,,,,,,男,,,,,,,,,,,,,,,,,,,,1992-12-24,1992,水|金|水|水|木|土,4.0,0.5,0.3333333333333333,1.2424533248940002,0,training,QID:Q23852693,1992-12-24,112035,壬申,壬子,甲戌,偏印,偏印,正印,癸,0,1,100.0,100.0,NIMA ALAMIAN,176.0,ALAMIAN Nima,https://tabletennis-reference.com/player/detail/176,"Iran, Islamic Republic of",570.0,60.0,2019/4,explicit_current_and_highest,26.30581052314558,34.0,,training,1,3.7568306010928962,0.7390440391298319,366,0.24316939890710376,0.3290323526503471
Q109953463,塞德里克·纽廷克,,,1993-01-06,,,,,,,,,,,男,,,,,,,,,,,,,,,,,,,,1993-01-06,1993,水|金|水|土|火|水,4.0,0.5,0.3333333333333333,1.2424533248940002,0,training,QID:Q109953463,1993-01-06,106814,壬申,癸丑,丁亥,正官,七杀,食神,己,0,1,100.0,100.0,CEDRIC NUYTINCK,171.0,NUYTINCK Cedric,https://tabletennis-reference.com/player/detail/171,Belgium,59.0,38.0,2018/3,explicit_current_and_highest,25.18600655728728,33.0,,training,1,3.671232876712329,0.7081704201469428,365,0.3287671232876712,0.46424859600808127
Q3414192,昆汀·侯比諾,,,1993-01-07,,,,,,,,,,,男,,,,,,,,,,,,,,,,,,,,1993-01-07,1993,水|金|水|土|土|水,3.0,0.5,0.3888888888888889,1.0114042647073518,0,training,QID:Q3414192,1993-01-07,112436,壬申,癸丑,戊子,偏财,正财,劫财,己,0,1,100.0,100.0,QUENTIN ROBINOT,168.0,ROBINOT Quentin,https://tabletennis-reference.com/player/detail/168,France,,65.0,2017/11,explicit_highest_only,24.854719809441672,33.0,,training,1,3.671232876712329,0.7081704201469428,365,-0.6712328767123288,-0.9478408835164993
Q24946131,沙提安·吉納納賽卡蘭,,,1993-01-08,,,,,,,,,,,男,,,,,,,,,,,,,,,,,,,,1993-01-08,1993,水|金|水|土|土|土,3.0,0.5,0.3888888888888889,1.0114042647073518,0,training,QID:Q24946131,1993-01-08,103126,壬申,癸丑,己丑,正财,偏财,比肩,己,0,1,100.0,100.0,G SATHIYAN,224.0,GNANASEKARAN Sathiyan Okayama Rivets,https://tabletennis-reference.com/player/detail/224,India,82.0,24.0,2019/7,explicit_current_and_highest,26.513891455676703,33.0,,training,1,3.671232876712329,0.7081704201469428,365,-0.6712328767123288,-0.9478408835164993
Q13415224,闫安,,,1993-01-12,,,,,,,,,,,男,,,,,,,,,,,,,,,,,,,,1993-01-12,1993,水|金|水|土|水|火,4.0,0.5,0.3333333333333333,1.2424533248940002,0,training,QID:Q13415224,1993-01-12,113059,壬申,癸丑,癸巳,劫财,比肩,七杀,己,0,0,,,,,,,,,,,,,,No sufficiently confident site match. Top candidates: WANG Yang [80.0] id=120; YANG Haeun [75.0] id=59; YANG Xiaoxin [66.7] id=1117; YANG Hao-Jen [66.7] id=13476; YANG Yiyun [62.5] id=7004,training,1,3.671232876712329,0.7081704201469428,365,0.3287671232876712,0.46424859600808127
Q6130102,Marcelo Aguirre,,,1993-01-21,,,,,,,,,,,男,,,,,,,,,,,,,,,,,,,,1993-01-21,1993,水|金|水|土|水|木,4.0,0.5,0.3333333333333333,1.2424533248940002,0,training,QID:Q6130102,1993-01-21,111115,壬申,癸丑,壬寅,比肩,劫财,正官,己,0,1,100.0,100.0,MARCELO AGUIRRE,273.0,AGUIRRE Marcelo,https://tabletennis-reference.com/player/detail/273,Paraguay,200.0,52.0,2022/2,explicit_current_and_highest,29.068358693196984,33.0,,training,1,3.671232876712329,0.7081704201469428,365,0.3287671232876712,0.46424859600808127
Q67583228,Li Yuheng,,,1993-02-02,,,,,,,,,,,女,,,,,,,,,,,,,,,,,,,,1993-02-02,1993,水|金|水|土|木|木,4.0,0.3333333333333333,0.2777777777777778,1.3296613488547582,0,training,QID:Q67583228,1993-02-02,132097,壬申,癸丑,甲寅,偏印,正印,正财,己,0,1,100.0,100.0,LI YUHENG,2401.0,LI Yuheng,https://tabletennis-reference.com/player/detail/2401,Congo,,461.0,2016/1,explicit_highest_only,22.949136532577672,33.0,,training,1,3.671232876712329,0.7081704201469428,365,0.3287671232876712,0.46424859600808127
Q262311,石川佳純,,,1993-02-23,,,,,,,,,,,女,,,,,,,,,,,,,,,,,,,,1993-02-23,1993,水|金|木|木|木|水,3.0,0.5,0.3888888888888889,1.0114042647073518,0,training,QID:Q262311,1993-02-23,110752,癸酉,甲寅,乙亥,偏印,劫财,劫财,甲,0,1,100.0,100.0,ISHIKAWA KASUMI,7.0,KASUMI Ishikawa Kinoshita Abyell Kanagawa,https://tabletennis-reference.com/player/detail/7,Japan,,3.0,2019/1,explicit_highest_only,25.89238656509032,33.0,,training,1,3.671232876712329,0.7081704201469428,365,-0.6712328767123288,-0.9478408835164993
Q105259018,Jin Takuya,,,1993-03-02,,,,,,,,,,,男,,,,,,,,,,,,,,,,,,,,1993-03-02,1993,水|金|木|木|水|火,4.0,0.3333333333333333,0.2777777777777778,1.3296613488547582,0,training,QID:Q105259018,1993-03-02,117336,癸酉,甲寅,壬午,劫财,食神,食神,甲,0,1,100.0,100.0,JIN TAKUYA,2272.0,TAKUYA Jin T.T Saitama,https://tabletennis-reference.com/player/detail/2272,Japan,,44.0,2020/1,explicit_highest_only,26.872557273592204,33.0,,training,1,3.671232876712329,0.7081704201469428,365,0.3287671232876712,0.46424859600808127
Q108777190,Satoshi Aida,,,1993-03-19,,,,,,,,,,,男,,,,,,,,,,,,,,,,,,,,1993-03-19,1993,水|金|木|木|土|水,4.0,0.3333333333333333,0.2777777777777778,1.3296613488547582,0,training,QID:Q108777190,1993-03-19,132632,癸酉,乙卯,己亥,偏财,七杀,七杀,乙,0,1,100.0,100.0,AIDA SATOSHI,2581.0,SATOSHI Aida Okayama Rivets,https://tabletennis-reference.com/player/detail/2581,Japan,185.0,82.0,2023/10,explicit_current_and_highest,30.574207547040665,33.0,,training,1,3.671232876712329,0.7081704201469428,365,0.3287671232876712,0.46424859600808127
Q24835886,鄭先知,,,1993-04-18,,,,,,,,,,,女,,,,,,,,,,,,,,,,,,,,1993-04-18,1993,水|金|火|土|土|火,4.0,0.3333333333333333,0.2777777777777778,1.329661348854758,0,training,QID:Q24835886,1993-04-18,114706,癸酉,丙辰,己巳,偏财,正印,劫财,戊,0,1,100.0,100.0,CHENG HSIEN TZU,1147.0,CHENG Hsien-Tzu Kyushu Asteeda,https://tabletennis-reference.com/player/detail/1147,Taiwan,412.0,43.0,2018/4,explicit_current_and_highest,24.9916151597911,33.0,,training,1,3.671232876712329,0.7081704201469428,365,0.3287671232876712,0.46424859600808127
Q104640888,Stefanie Christensen,,,1993-05-04,,,,,,,,,,,女,,,,,,,,,,,,,,,,,,,,1993-05-04,1993,水|金|火|土|木|金,5.0,0.3333333333333333,0.2222222222222222,1.5607104090414063,1,training,QID:Q104640888,1993-05-04,116863,癸酉,丙辰,乙酉,偏印,伤官,正财,戊,0,1,100.0,100.0,STEFANIE CHRISTENSEN,1387.0,CHRISTENSEN Stefanie,https://tabletennis-reference.com/player/detail/1387,Denmark,,211.0,2019/5,explicit_highest_only,26.029281915439743,33.0,,training,1,3.671232876712329,0.7081704201469428,365,1.3287671232876712,1.876338075532662
Q7564600,索麥雅特·戈什,,,1993-05-10,,,,,,,,,,,男,,,,,,,,,,,,,,,,,,,,1993-05-10,1993,水|金|火|火|金|木,4.0,0.3333333333333333,0.2777777777777778,1.3296613488547582,0,training,QID:Q7564600,1993-05-10,103070,癸酉,丁巳,辛卯,食神,七杀,正官,丙,1,1,100.0,100.0,SOUMYAJIT GHOSH,133.0,GHOSH Soumyajit,https://tabletennis-reference.com/player/detail/133,India,832.0,58.0,2018/3,explicit_current_and_highest,24.846506088420707,33.0,,training,1,3.671232876712329,0.7081704201469428,365,0.3287671232876712,0.46424859600808127
Q8056345,友华·盛,,,1993-06-20,,,,,,,,,,,男,,,,,,,,,,,,,,,,,,,,1993-06-20,1993,水|金|土|火|水|金,4.0,0.3333333333333333,0.2777777777777778,1.3296613488547582,0,training,QID:Q8056345,1993-06-20,108602,癸酉,戊午,壬申,劫财,七杀,正财,丁,0,1,100.0,100.0,YOSHUA SHING,665.0,SHING Yoshua,https://tabletennis-reference.com/player/detail/665,Vanuatu,,249.0,2022/2,explicit_highest_only,28.657672642148707,33.0,,training,1,3.671232876712329,0.7081704201469428,365,0.3287671232876712,0.46424859600808127
Q11209845,納登·埃爾達夫拉特利,,,1993-06-22,,,,,,,,,,,女,,,,,,,,,,,,,,,,,,,,1993-06-22,1993,水|金|土|火|木|土,5.0,0.3333333333333333,0.2222222222222222,1.5607104090414063,1,training,QID:Q11209845,1993-06-22,112249,癸酉,戊午,甲戌,正印,偏财,伤官,丁,0,1,100.0,100.0,NADEEN EL DAWLATLY,1240.0,EL-DAWLATLY Nadeen,https://tabletennis-reference.com/player/detail/1240,Egypt,,173.0,2016/1,explicit_highest_only,22.56582955159928,33.0,,training,1,3.671232876712329,0.7081704201469428,365,1.3287671232876712,1.876338075532662
Q3218685,勞拉·加尼爾,,,1993-07-10,,,,,,,,,,,女,,,,,,,,,,,,,,,,,,,,1993-07-10,1993,水|金|土|土|水|土,3.0,0.5,0.3888888888888889,1.0114042647073518,0,training,QID:Q3218685,1993-07-10,112357,癸酉,己未,壬辰,劫财,正官,正官,己,0,1,100.0,100.0,LAURA GASNIER,3596.0,GASNIER Laura,https://tabletennis-reference.com/player/detail/3596,France,,70.0,2019/9,explicit_highest_only,26.182604707831096,32.0,,training,1,3.671232876712329,0.7081704201469428,365,-0.6712328767123288,-0.9478408835164993
Q12033302,利亞姆·皮奇福德,,,1993-07-12,,,,,,,,,,,男,,,,,,,,,,,,,,,,,,,,1993-07-12,1993,水|金|土|土|木|火,5.0,0.3333333333333333,0.2222222222222222,1.5607104090414063,1,training,QID:Q12033302,1993-07-12,112442,癸酉,己未,甲午,正印,正财,正财,己,0,1,100.0,100.0,LIAM PITCHFORD,124.0,PITCHFORD Liam T.T Saitama,https://tabletennis-reference.com/player/detail/124,England,338.0,12.0,2019/8,explicit_current_and_highest,26.09225377660048,33.0,,training,1,3.671232876712329,0.7081704201469428,365,1.3287671232876712,1.876338075532662
Q5090900,陳思羽,,,1993-08-01,,,,,,,,,,,女,,,,,,,,,,,,,,,,,,,,1993-08-01,1993,水|金|土|土|木|木,4.0,0.3333333333333333,0.2777777777777778,1.329661348854758,0,training,QID:Q5090900,1993-08-01,114105,癸酉,己未,甲寅,正印,正财,正财,己,0,1,100.0,0.0,CHEN SZU YU,1093.0,CHEN Szu-Yu Nissay Redelf,https://tabletennis-reference.com/player/detail/1093,Taiwan,134.0,10.0,2018/3,explicit_current_and_highest,24.61925980684066,33.0,,training,1,3.671232876712329,0.7081704201469428,365,0.3287671232876712,0.46424859600808127
Q661628,吉村真晴,,,1993-08-03,,,,,,,,,,,男,,,,,,,,,,,,,,,,,,,,1993-08-03,1993,水|金|土|土|火|土,4.0,0.5,0.33333333333333337,1.242453324894,0,training,QID:Q661628,1993-08-03,117113,癸酉,己未,丙辰,正官,伤官,伤官,己,0,1,100.0,100.0,MAHARU YOSHIMURA,69.0,MAHARU Yoshimura Ryukyu Asteeda,https://tabletennis-reference.com/player/detail/69,Japan Member of team Fast,44.0,15.0,2016/5,explicit_current_and_highest,22.782124205151373,33.0,,training,1,3.671232876712329,0.7081704201469428,365,0.3287671232876712,0.46424859600808127
Q16678108,史蒂芬·烏艾什,,,1993-09-18,,,,,,,,,,,男,,,,,,,,,,,,,,,,,,,,1993-09-18,1993,水|金|金|金|水|木,3.0,0.5,0.3888888888888889,1.0114042647073518,0,training,QID:Q16678108,1993-09-18,113685,癸酉,辛酉,壬寅,劫财,正印,正印,辛,0,1,100.0,100.0,STEPHANE OUAICHE,155.0,OUAICHE Stephane,https://tabletennis-reference.com/player/detail/155,France,139.0,55.0,2017/1,explicit_current_and_highest,23.326967699542084,33.0,,training,1,3.671232876712329,0.7081704201469428,365,-0.6712328767123288,-0.9478408835164993
Q8049829,Yasmin Farah,,,1993-09-22,,,,,,,,,,,女,,,,,,,,,,,,,,,,,,,,1993-09-22,1993,水|金|金|金|火|火,3.0,0.5,0.3888888888888889,1.0114042647073516,0,training,QID:Q8049829,1993-09-22,116452,癸酉,辛酉,丙午,正官,正财,正财,辛,0,0,,,,,,,,,,,,,,No sufficiently confident site match. Top candidates: ARANKI Yasmin [80.0] id=17586; ZAKARIA Yasmine [74.1] id=8790; GOMAA Yasmine [72.0] id=2946; NASRI Yasmine [72.0] id=2829; SAMY Yasmine [66.7] id=11010,training,1,3.671232876712329,0.7081704201469428,365,-0.6712328767123288,-0.9478408835164993
Q60677680,朴信赫,,,1993-10-25,,,,,,,,,,,男,,,,,,,,,,,,,,,,,,,,1993-10-25,1993,水|金|水|土|土|木,4.0,0.3333333333333333,0.2777777777777778,1.3296613488547582,0,training,QID:Q60677680,1993-10-25,115927,癸酉,壬戌,己卯,偏财,正财,劫财,戊,0,1,100.0,100.0,PAK SIN HYOK,145.0,PAK Sin Hyok,https://tabletennis-reference.com/player/detail/145,"Korea, Democratic People's Republic of",,66.0,2017/11,explicit_highest_only,24.057988870408018,33.0,,training,1,3.671232876712329,0.7081704201469428,365,0.3287671232876712,0.46424859600808127
Q13360632,陈梦,,,1994-01-15,,,,,,,,,,,女,,,,,,,,,,,,,,,,,,,,1994-01-15,1994,水|金|木|土|金|土,4.0,0.3333333333333333,0.2777777777777778,1.3296613488547582,0,training,QID:Q13360632,1994-01-15,112019,癸酉,乙丑,辛丑,食神,偏财,偏印,己,1,1,100.0,0.0,CHEN MENG,1080.0,CHEN Meng,https://tabletennis-reference.com/player/detail/1080,China,,1.0,2022/6,explicit_highest_only,28.413998918526733,32.0,,training,1,3.83013698630137,0.7328037628243826,365,0.1698630136986301,0.23179877385446504
Q58698504,Liu Fei,,,1994-01-18,,,,,,,,,,,女,,,,,,,,,,,,,,,,,,,,1994-01-18,1994,水|金|木|土|木|土,4.0,0.3333333333333333,0.2777777777777778,1.329661348854758,0,training,QID:Q58698504,1994-01-18,123508,癸酉,乙丑,甲辰,正印,劫财,正财,己,0,1,100.0,0.0,LIU FEI,2907.0,LIU Fei,https://tabletennis-reference.com/player/detail/2907,China,,23.0,2015/4,explicit_highest_only,21.23794465320985,31.0,,training,1,3.83013698630137,0.7328037628243826,365,0.1698630136986301,0.23179877385446504
Q8048205,亞娜·諾斯科娃,,,1994-02-02,,,,,,,,,,,女,,,,,,,,,,,,,,,,,,,,1994-02-02,1994,水|金|木|土|土|土,4.0,0.5,0.33333333333333337,1.242453324894,0,training,QID:Q8048205,1994-02-02,106788,癸酉,乙丑,己未,偏财,七杀,比肩,己,0,1,100.0,100.0,YANA NOSKOVA,1145.0,NOSKOVA Yana,https://tabletennis-reference.com/player/detail/1145,Russian Federation,,52.0,2019/9,explicit_highest_only,25.61585795738448,32.0,,training,1,3.83013698630137,0.7328037628243826,365,0.1698630136986301,0.23179877385446504
Q4788697,布里特·埃尔兰,,,1994-02-22,,,,,,,,,,,女,,,,,,,,,,,,,,,,,,,,1994-02-22,1994,木|土|火|木|土|木,3.0,0.5,0.3888888888888889,1.0114042647073518,0,training,QID:Q4788697,1994-02-22,113701,甲戌,丙寅,己卯,正官,正印,正官,甲,0,1,100.0,100.0,BRITT EERLAND,1156.0,EERLAND Britt,https://tabletennis-reference.com/player/detail/1156,Netherlands,160.0,27.0,2021/2,explicit_current_and_highest,26.982073553871743,32.0,,training,1,3.83013698630137,0.7328037628243826,365,-0.8301369863013699,-1.132823039966176
Q9075702,梁夏銀,,,1994-02-25,,,,,,,,,,,女,,,,,,,,,,,,,,,,,,,,1994-02-25,1994,木|土|火|木|水|火,4.0,0.3333333333333333,0.2777777777777778,1.329661348854758,0,training,QID:Q9075702,1994-02-25,112368,甲戌,丙寅,壬午,食神,偏财,食神,甲,1,1,100.0,100.0,YANG HA EUN,59.0,YANG Haeun Top Nagoya,https://tabletennis-reference.com/player/detail/59,"Korea, Republic of",60.0,11.0,2016/2,explicit_current_and_highest,21.971703731082773,32.0,,training,1,3.83013698630137,0.7328037628243826,365,0.1698630136986301,0.23179877385446504
Q22100007,大島祐哉,,,1994-03-05,,,,,,,,,,,男,,,,,,,,,,,,,,,,,,,,1994-03-05,1994,木|土|火|木|金|木,4.0,0.5,0.33333333333333337,1.242453324894,0,training,QID:Q22100007,1994-03-05,121752,甲戌,丙寅,庚寅,偏财,七杀,偏财,甲,0,1,100.0,100.0,OSHIMA YUYA,48.0,YUYA Oshima Ryukyu Asteeda,https://tabletennis-reference.com/player/detail/48,Japan Member of team Kinoshita Group,,17.0,2017/8,explicit_highest_only,23.447435607849577,32.0,,training,1,3.83013698630137,0.7328037628243826,365,0.1698630136986301,0.23179877385446504
Q63208576,Antoine Hachard,,,1994-03-06,,,,,,,,,,,男,,,,,,,,,,,,,,,,,,,,1994-03-06,1994,木|土|火|木|金|木,4.0,0.5,0.33333333333333337,1.242453324894,0,training,QID:Q63208576,1994-03-06,112446,甲戌,丁卯,辛卯,正财,七杀,偏财,乙,0,1,100.0,100.0,ANTOINE HACHARD,158.0,HACHARD Antoine,https://tabletennis-reference.com/player/detail/158,France,,91.0,2016/6,explicit_highest_only,22.278349315865487,32.0,,training,1,3.83013698630137,0.7328037628243826,365,0.1698630136986301,0.23179877385446504
Q65095373,Bima Abdi Negara,,,1994-03-06,,,,,,,,,,,男,,,,,,,,,,,,,,,,,,,,1994-03-06,1994,木|土|火|木|金|木,4.0,0.5,0.33333333333333337,1.242453324894,0,training,QID:Q65095373,1994-03-06,122299,甲戌,丁卯,辛卯,正财,七杀,偏财,乙,0,0,,,,,,,,,,,,,,No sufficiently confident site match. Top candidates: NEGARA Muhammad [71.0] id=3937,training,1,3.83013698630137,0.7328037628243826,365,0.1698630136986301,0.23179877385446504
Q5277851,蒂娜∙梅謝芙,,,1994-03-10,,,,,,,,,,,女,,,,,,,,,,,,,,,,,,,,1994-03-10,1994,木|土|火|木|木|土,3.0,0.5,0.3888888888888889,1.0114042647073518,0,training,QID:Q5277851,1994-03-10,111656,甲戌,丁卯,乙未,劫财,食神,比肩,乙,0,1,100.0,100.0,DINA MESHREF,1150.0,MESHREF Dina,https://tabletennis-reference.com/player/detail/1150,Egypt,30.0,21.0,2023/8,explicit_current_and_highest,29.43250032512645,32.0,,training,1,3.83013698630137,0.7328037628243826,365,-0.8301369863013699,-1.132823039966176
Q6564989,佩特麗薩·索爾亞,,,1994-03-11,,,,,,,,,,,女,,,,,,,,,,,,,,,,,,,,1994-03-11,1994,木|土|火|木|火|金,4.0,0.3333333333333333,0.2777777777777778,1.329661348854758,0,training,QID:Q6564989,1994-03-11,111065,甲戌,丁卯,丙申,偏印,劫财,正印,乙,0,1,100.0,100.0,PETRISSA SOLJA,92.0,SOLJA Petrissa,https://tabletennis-reference.com/player/detail/92,Germany,,13.0,2017/3,explicit_highest_only,23.012108393738405,32.0,,training,1,3.83013698630137,0.7328037628243826,365,0.1698630136986301,0.23179877385446504
Q15787642,貝尼狄克·杜達,,,1994-04-04,,,,,,,,,,,男,,,,,,,,,,,,,,,,,,,,1994-04-04,1994,木|土|火|木|金|金,4.0,0.3333333333333333,0.2777777777777778,1.3296613488547582,0,training,QID:Q15787642,1994-04-04,116620,甲戌,丁卯,庚申,偏财,正官,正财,乙,0,1,100.0,100.0,BENEDIKT DUDA,162.0,DUDA Benedikt,https://tabletennis-reference.com/player/detail/162,Germany,37.0,8.0,2025/10,explicit_current_and_highest,31.53247499948664,32.0,,training,1,3.83013698630137,0.7328037628243826,365,0.1698630136986301,0.23179877385446504
Q72759074,肖瑶茜,,,1994-05-19,,,,,,,,,,,女,,,,,,,,,,,,,,,,,,,,1994-05-19,1994,木|土|土|火|木|火,3.0,0.3333333333333333,0.3333333333333333,1.0986122886681096,0,training,QID:Q72759074,1994-05-19,111072,甲戌,己巳,乙巳,劫财,偏财,伤官,丙,0,1,100.0,100.0,MARIA XIAO,1154.0,XIAO Maria,https://tabletennis-reference.com/player/detail/1154,Spain,56.0,46.0,2026/4,explicit_current_and_highest,31.907568259444066,32.0,,training,1,3.83013698630137,0.7328037628243826,365,-0.8301369863013699,-1.132823039966176
Q63109235,Asuka Machi,,,1994-05-20,,,,,,,,,,,男,,,,,,,,,,,,,,,,,,,,1994-05-20,1994,木|土|土|火|火|火,3.0,0.5,0.3888888888888889,1.0114042647073518,0,training,QID:Q63109235,1994-05-20,111826,甲戌,己巳,丙午,偏印,伤官,比肩,丙,0,1,100.0,100.0,ASUKA MACHI,90.0,ASUKA Machi Shizuoka-JADE,https://tabletennis-reference.com/player/detail/90,Japan Member of team Fast,,73.0,2015/1,explicit_highest_only,20.65750836772829,32.0,,training,1,3.83013698630137,0.7328037628243826,365,-0.8301369863013699,-1.132823039966176
Q11632829,Ayuka Tanioka,,,1994-06-23,,,,,,,,,,,女,,,,,,,,,,,,,,,,,,,,1994-06-23,1994,木|土|金|火|金|土,4.0,0.3333333333333333,0.2777777777777778,1.3296613488547582,0,training,QID:Q11632829,1994-06-23,111367,甲戌,庚午,庚辰,偏财,比肩,正官,丁,0,1,100.0,100.0,AYUKA TANIOKA,4585.0,AYUKA Tanioka Kinoshita Abyell Kanagawa,https://tabletennis-reference.com/player/detail/4585,Japan,,120.0,2014/2,explicit_highest_only,19.64995858915652,30.0,,training,1,3.83013698630137,0.7328037628243826,365,0.1698630136986301,0.23179877385446504
Q23994971,車孝心,,,1994-07-15,,,,,,,,,,,女,,,,,,,,,,,,,,,,,,,,1994-07-15,1994,木|土|金|土|水|木,4.0,0.3333333333333333,0.2777777777777778,1.329661348854758,0,training,QID:Q23994971,1994-07-15,132251,甲戌,辛未,壬寅,食神,正印,正官,己,1,1,100.0,100.0,CHA HYO SIM,1169.0,CHA Hyo Sim,https://tabletennis-reference.com/player/detail/1169,"Korea, Democratic People's Republic of",,44.0,2019/6,explicit_highest_only,24.91769167060241,32.0,,training,1,3.83013698630137,0.7328037628243826,365,0.1698630136986301,0.23179877385446504
Q4830773,艾亞·穆罕默德·馬吉蒂,,,1994-08-01,,,,,,,,,,,女,,,,,,,,,,,,,,,,,,,,1994-08-01,1994,木|土|金|土|土|土,3.0,0.6666666666666666,0.5,0.8675632284814612,0,training,QID:Q4830773,1994-08-01,113197,甲戌,辛未,己未,正官,食神,比肩,己,0,0,,,,,,,,,,,,,,No sufficiently confident site match. Top candidates: MOHAMED Aia [77.8] id=1632; JMAIEL Mohamed Iyed [72.2] id=12115; SALEH Mohamed [70.0] id=2987; SHAFFAN Mohamed [63.6] id=5936; ABDELLATIF Mohamed [62.9] id=8799,training,1,3.83013698630137,0.7328037628243826,365,-0.8301369863013699,-1.132823039966176
Q18236617,Anna Blazhko,,,1994-09-02,,,,,,,,,,,女,,,,,,,,,,,,,,,,,,,,1994-09-02,1994,木|土|水|金|金|木,4.0,0.3333333333333333,0.2777777777777778,1.3296613488547582,0,training,QID:Q18236617,1994-09-02,113650,甲戌,壬申,辛卯,正财,伤官,劫财,庚,0,1,100.0,100.0,ANNA BLAZHKO,1939.0,BLAZHKO Anna,https://tabletennis-reference.com/player/detail/1939,Russian Federation,,128.0,2015/2,explicit_highest_only,20.45490324921114,32.0,,training,1,3.83013698630137,0.7328037628243826,365,0.1698630136986301,0.23179877385446504
Q26267577,波爾卡諾娃,,,1994-09-03,,,,,,,,,,,女,,,,,,,,,,,,,,,,,,,,1994-09-03,1994,木|土|水|金|水|土,4.0,0.3333333333333333,0.2777777777777778,1.3296613488547582,0,training,QID:Q26267577,1994-09-03,107477,甲戌,壬申,壬辰,食神,比肩,偏印,庚,1,1,100.0,100.0,SOFIA POLCANOVA,1115.0,POLCANOVA Sofia Kinoshita Abyell Kanagawa,https://tabletennis-reference.com/player/detail/1115,Austria,43.0,10.0,2022/9,explicit_current_and_highest,28.03342984455533,32.0,,training,1,3.83013698630137,0.7328037628243826,365,0.1698630136986301,0.23179877385446504
Q30937355,Masaki Yoshida,,,1994-09-30,,,,,,,,,,,男,,,,,,,,,,,,,,,,,,,,1994-09-30,1994,木|土|水|金|土|土,4.0,0.5,0.33333333333333337,1.242453324894,0,training,QID:Q30937355,1994-09-30,110411,甲戌,癸酉,己未,正官,偏财,食神,辛,0,1,100.0,100.0,MASAKI YOSHIDA,1868.0,MASAKI Yoshida Kanazawa-PORT,https://tabletennis-reference.com/player/detail/1868,Japan Member of team Kyowa Hakko Kirin,,18.0,2017/8,explicit_highest_only,22.87521304338898,31.0,,training,1,3.83013698630137,0.7328037628243826,365,0.1698630136986301,0.23179877385446504
Q1088427,丹羽孝希,,,1994-10-10,,,,,,,,,,,男,,,,,,,,,,,,,,,,,,,,1994-10-10,1994,木|土|木|土|土|火,3.0,0.5,0.3888888888888889,1.0114042647073518,0,training,QID:Q1088427,1994-10-10,110729,甲戌,甲戌,己巳,正官,正官,劫财,戊,0,1,100.0,100.0,KOKI NIWA,11.0,KOKI Niwa Kinoshita Meister Tokyo,https://tabletennis-reference.com/player/detail/11,Japan Member of team Svenson,,5.0,2017/11,explicit_highest_only,23.09972141796204,31.0,,training,1,3.83013698630137,0.7328037628243826,365,-0.8301369863013699,-1.132823039966176
Q108776877,Taimu Arinobu,,,1994-10-12,,,,,,,,,,,男,,,,,,,,,,,,,,,,,,,,1994-10-12,1994,木|土|木|土|金|土,3.0,0.5,0.3888888888888889,1.0114042647073516,0,training,QID:Q108776877,1994-10-12,114687,甲戌,甲戌,辛未,正财,正财,正印,戊,0,1,100.0,100.0,TAIMU ARINOBU,313.0,TAIMU Arinobu T.T Saitama,https://tabletennis-reference.com/player/detail/313,Japan,,229.0,2017/4,explicit_highest_only,22.50833350445252,32.0,,training,1,3.83013698630137,0.7328037628243826,365,-0.8301369863013699,-1.132823039966176
Q3484283,西蒙·高澤,,,1994-10-25,,,,,,,,,,,男,,,,,,,,,,,,,,,,,,,,1994-10-25,1994,木|土|木|土|木|金,3.0,0.5,0.3888888888888889,1.0114042647073516,0,training,QID:Q3484283,1994-10-25,112062,甲戌,甲戌,甲申,比肩,比肩,偏财,戊,0,1,100.0,0.0,SIMON GAUZY,109.0,GAUZY Simon,https://tabletennis-reference.com/player/detail/109,France,30.0,8.0,2018/3,explicit_current_and_highest,23.387201653695836,31.0,,training,1,3.83013698630137,0.7328037628243826,365,-0.8301369863013699,-1.132823039966176
Q16236775,Adam Hmam,,,1994-11-11,,,,,,,,,,,男,,,,,,,,,,,,,,,,,,,,1994-11-11,1994,木|土|木|水|金|土,4.0,0.3333333333333333,0.2777777777777778,1.329661348854758,0,training,QID:Q16236775,1994-11-11,103621,甲戌,乙亥,辛丑,正财,偏财,伤官,壬,0,0,,,,,,,,,,,,,,No sufficiently confident site match. Top candidates: ,training,1,3.83013698630137,0.7328037628243826,365,0.1698630136986301,0.23179877385446504
Q3539622,崔斯坦·弗洛雷,,,1995-01-02,,,,,,,,,,,男,,,,,,,,,,,,,,,,,,,,1995-01-02,1995,木|土|火|水|水|火,4.0,0.3333333333333333,0.2777777777777778,1.3296613488547582,0,training,QID:Q3539622,1995-01-02,114355,甲戌,丙子,癸巳,伤官,正财,比肩,癸,0,1,100.0,100.0,TRISTAN FLORE,96.0,FLORE Tristan,https://tabletennis-reference.com/player/detail/96,France,,41.0,2018/1,explicit_highest_only,23.036749556801304,31.0,,training,1,3.9013698630136986,0.6429014653461382,365,0.09863013698630141,0.1534140802326511
Q13360630,朱雨玲,,,1995-01-10,,,,,,,,,,,女,,,,,,,,,,,,,,,,,,,,1995-01-10,1995,木|土|火|土|金|土,4.0,0.5,0.33333333333333337,1.242453324894,0,training,QID:Q13360630,1995-01-10,117332,甲戌,丁丑,辛丑,正财,七杀,偏印,己,0,1,100.0,100.0,ZHU YULING,61.0,Zhu Yuling Kinoshita Abyell Kanagawa,https://tabletennis-reference.com/player/detail/61,China,8.0,1.0,2018/12,explicit_current_and_highest,23.92930724107956,31.0,,training,1,3.9013698630136986,0.6429014653461382,365,0.09863013698630141,0.1534140802326511
Q100604556,琳達·伯格斯特龍,,,1995-01-12,,,,,,,,,,,女,,,,,,,,,,,,,,,,,,,,1995-01-12,1995,木|土|火|土|水|木,4.0,0.3333333333333333,0.2777777777777778,1.3296613488547582,0,training,QID:Q100604556,1995-01-12,114905,甲戌,丁丑,癸卯,伤官,偏财,七杀,己,0,1,100.0,100.0,LINDA BERGSTROM,1214.0,BERGSTROM Linda,https://tabletennis-reference.com/player/detail/1214,Sweden,74.0,27.0,2024/4,explicit_current_and_highest,29.25727427667919,31.0,,training,1,3.9013698630136986,0.6429014653461382,365,0.09863013698630141,0.1534140802326511
Q104563752,Mateja Jeger,,,1995-01-13,,,,,,,,,,,女,,,,,,,,,,,,,,,,,,,,1995-01-13,1995,木|土|火|土|木|土,3.0,0.5,0.3888888888888889,1.0114042647073518,0,training,QID:Q104563752,1995-01-13,112453,甲戌,丁丑,甲辰,比肩,伤官,正财,己,0,1,100.0,100.0,MATEJA JEGER,1250.0,JEGER Mateja,https://tabletennis-reference.com/player/detail/1250,Croatia,255.0,77.0,2018/5,explicit_current_and_highest,23.33518142056305,31.0,,training,1,3.9013698630136986,0.6429014653461382,365,-0.9013698630136986,-1.402034233237283
Q67180404,Katia Kessaci,,,1995-02-28,,,,,,,,,,,女,,,,,,,,,,,,,,,,,,,,1995-02-28,1995,木|水|土|木|金|木,4.0,0.5,0.33333333333333337,1.242453324894,0,training,QID:Q67180404,1995-02-28,115104,乙亥,戊寅,庚寅,正财,偏印,偏财,甲,0,1,100.0,100.0,KATIA KESSACI,1584.0,KESSACI Katia,https://tabletennis-reference.com/player/detail/1584,Algeria,,157.0,2022/4,explicit_highest_only,27.12718262524213,31.0,,training,1,3.9013698630136986,0.6429014653461382,365,0.09863013698630141,0.1534140802326511
Q16237036,伯纳黛特·斯佐科斯,,,1995-03-05,,,,,,,,,,,女,,,,,,,,,,,,,,,,,,,,1995-03-05,1995,木|水|土|木|木|土,3.0,0.5,0.3888888888888889,1.0114042647073516,0,training,QID:Q16237036,1995-03-05,111012,乙亥,戊寅,乙未,比肩,正财,劫财,甲,0,1,100.0,100.0,BERNADETTE SZOCS,84.0,SZOCS Bernadette,https://tabletennis-reference.com/player/detail/84,Romania,23.0,9.0,2024/5,explicit_current_and_highest,29.19704032252545,31.0,,training,1,3.9013698630136986,0.6429014653461382,365,-0.9013698630136986,-1.402034233237283
Q30128441,林高遠,,,1995-03-19,,,,,,,,,,,男,,,,,,,,,,,,,,,,,,,,1995-03-19,1995,木|水|土|木|土|金,4.0,0.3333333333333333,0.2777777777777778,1.329661348854758,0,training,QID:Q30128441,1995-03-19,115910,乙亥,己卯,己酉,七杀,比肩,七杀,乙,0,1,100.0,100.0,LIN GAOYUAN,4050.0,LIN Gaoyuan,https://tabletennis-reference.com/player/detail/4050,China,223.0,2.0,2019/7,explicit_current_and_highest,24.323565850085902,31.0,,training,1,3.9013698630136986,0.6429014653461382,365,0.09863013698630141,0.1534140802326511
Q27267603,布魯納·科斯塔·亞歷山大,,,1995-03-29,,,,,,,,,,,女,,,,,,,,,,,,,,,,,,,,1995-03-29,1995,木|水|土|木|土|土,3.0,0.5,0.3888888888888889,1.0114042647073516,0,training,QID:Q27267603,1995-03-29,117298,乙亥,己卯,己未,七杀,比肩,七杀,乙,0,1,100.0,0.0,BRUNA ALEXANDRE,1419.0,ALEXANDRE Bruna,https://tabletennis-reference.com/player/detail/1419,Brazil,,173.0,2024/5,explicit_highest_only,29.13133055435772,31.0,,training,1,3.9013698630136986,0.6429014653461382,365,-0.9013698630136986,-1.402034233237283
Q30096206,田添健汰,,,1995-04-02,,,,,,,,,,,男,,,,,,,,,,,,,,,,,,,,1995-04-02,1995,木|水|土|木|水|水,3.0,0.5,0.3888888888888889,1.0114042647073518,0,training,QID:Q30096206,1995-04-02,113340,乙亥,己卯,癸亥,食神,七杀,食神,乙,1,1,100.0,100.0,KENTA TAZOE,200.0,KENTA Tazoe Kinoshita Meister Tokyo,https://tabletennis-reference.com/player/detail/200,Japan,,74.0,2017/11,explicit_highest_only,22.62332559874604,32.0,,training,1,3.9013698630136986,0.6429014653461382,365,-0.9013698630136986,-1.402034233237283
Q99975353,Laurens Tromer,,,1995-04-03,,,,,,,,,,,男,,,,,,,,,,,,,,,,,,,,1995-04-03,1995,木|水|土|木|木|水,3.0,0.5,0.3888888888888889,1.0114042647073518,0,training,QID:Q99975353,1995-04-03,115392,乙亥,己卯,甲子,劫财,正财,劫财,乙,0,1,100.0,100.0,LAURENS TROMER,282.0,TROMER Laurens,https://tabletennis-reference.com/player/detail/282,Netherlands,,143.0,2018/11,explicit_highest_only,23.619923749289853,31.0,,training,1,3.9013698630136986,0.6429014653461382,365,-0.9013698630136986,-1.402034233237283
Q11540298,森薗政崇,,,1995-04-05,,,,,,,,,,,男,,,,,,,,,,,,,,,,,,,,1995-04-05,1995,木|水|土|木|火|木,4.0,0.5,0.33333333333333337,1.242453324894,0,training,QID:Q11540298,1995-04-05,112580,乙亥,己卯,丙寅,正印,伤官,正印,乙,0,1,100.0,100.0,MASATAKA MORIZONO,63.0,MASATAKA Morizono Shizuoka-JADE,https://tabletennis-reference.com/player/detail/63,Japan,,21.0,2015/8,explicit_highest_only,20.36181441097353,31.0,,training,1,3.9013698630136986,0.6429014653461382,365,0.09863013698630141,0.1534140802326511
Q112023622,李恩惠,,,1995-05-02,,,,,,,,,,,女,,,,,,,,,,,,,,,,,,,,1995-05-02,1995,木|水|金|土|水|火,5.0,0.3333333333333333,0.2222222222222222,1.5607104090414063,1,training,QID:Q112023622,1995-05-02,122052,乙亥,庚辰,癸巳,食神,正印,正官,戊,1,1,100.0,16.666666666666657,LEE EUN HYE,2909.0,LEE Eunhye,https://tabletennis-reference.com/player/detail/2909,"Korea, Republic of",54.0,30.0,2026/3,explicit_current_and_highest,30.869901503795425,30.0,,training,1,3.9013698630136986,0.6429014653461382,365,1.0986301369863014,1.7088623937025853
Q115766458,Mehdi Bouloussa,,,1995-05-15,,,,,,,,,,,男,,,,,,,,,,,,,,,,,,,,1995-05-15,1995,木|水|金|火|火|火,4.0,0.5,0.33333333333333337,1.242453324894,0,training,QID:Q115766458,1995-05-15,113679,乙亥,辛巳,丙午,正印,正财,比肩,丙,0,1,100.0,100.0,MEHDI BOULOUSSA,257.0,BOULOUSSA Mehdi,https://tabletennis-reference.com/player/detail/257,Algeria,69.0,57.0,2023/7,explicit_current_and_highest,28.167587287897767,31.0,,training,1,3.9013698630136986,0.6429014653461382,365,0.09863013698630141,0.1534140802326511
Q18217378,萨姆·沃克,,,1995-05-15,,,,,,,,,,,男,,,,,,,,,,,,,,,,,,,,1995-05-15,1995,木|水|金|火|火|火,4.0,0.5,0.33333333333333337,1.242453324894,0,training,QID:Q18217378,1995-05-15,114718,乙亥,辛巳,丙午,正印,正财,比肩,丙,0,0,,,,,,,,,,,,,,No sufficiently confident site match. Top candidates: WALKER Samuel [87.0] id=182; WALKER Qwanell [75.0] id=12714,training,1,3.9013698630136986,0.6429014653461382,365,0.09863013698630141,0.1534140802326511
Q99860051,Rajko Gommers,,,1995-06-08,,,,,,,,,,,男,,,,,,,,,,,,,,,,,,,,1995-06-08,1995,木|水|水|火|金|火,4.0,0.3333333333333333,0.2777777777777778,1.3296613488547582,0,training,QID:Q99860051,1995-06-08,114868,乙亥,壬午,庚午,正财,食神,正官,丁,0,1,100.0,100.0,RAJKO GOMMERS,365.0,GOMMERS Rajko,https://tabletennis-reference.com/player/detail/365,Netherlands,,194.0,2018/11,explicit_highest_only,23.43922188682861,31.0,,training,1,3.9013698630136986,0.6429014653461382,365,0.09863013698630141,0.1534140802326511
Q25350367,马尼卡·巴特拉,,,1995-06-15,,,,,,,,,,,女,,,,,,,,,,,,,,,,,,,,1995-06-15,1995,木|水|水|火|火|土,4.0,0.3333333333333333,0.2777777777777778,1.3296613488547582,0,training,QID:Q25350367,1995-06-15,115920,乙亥,壬午,丁丑,偏印,正官,比肩,丁,0,1,100.0,100.0,MANIKA BATRA,1174.0,BATRA Manika,https://tabletennis-reference.com/player/detail/1174,India,53.0,25.0,2024/12,explicit_current_and_highest,29.50368590730816,31.0,,training,1,3.9013698630136986,0.6429014653461382,365,0.09863013698630141,0.1534140802326511
Q92097721,Olajide Omotayo,,,1995-07-06,,,,,,,,,,,男,,,,,,,,,,,,,,,,,,,,1995-07-06,1995,木|水|水|火|土|土,4.0,0.3333333333333333,0.2777777777777778,1.3296613488547582,0,training,QID:Q92097721,1995-07-06,113563,乙亥,壬午,戊戌,正官,偏财,正印,丁,0,1,100.0,100.0,OLAJIDE OMOTAYO,695.0,OMOTAYO Olajide,https://tabletennis-reference.com/player/detail/695,Nigeria,207.0,84.0,2022/2,explicit_current_and_highest,26.615194014935284,31.0,,training,1,3.9013698630136986,0.6429014653461382,365,0.09863013698630141,0.1534140802326511
Q101088352,Irina Ciobanu,,,1995-08-05,,,,,,,,,,,女,,,,,,,,,,,,,,,,,,,,1995-08-05,1995,木|水|水|土|土|土,3.0,0.5,0.3888888888888889,1.0114042647073518,0,training,QID:Q101088352,1995-08-05,113711,乙亥,癸未,戊辰,正官,正财,劫财,己,0,1,100.0,100.0,IRINA CIOBANU,1231.0,CIOBANU Irina,https://tabletennis-reference.com/player/detail/1231,Romania,,90.0,2019/8,explicit_highest_only,24.02787189333114,31.0,,training,1,3.9013698630136986,0.6429014653461382,365,-0.9013698630136986,-1.402034233237283
Q21060118,張禹珍,,,1995-09-10,,,,,,,,,,,男,,,,,,,,,,,,,,,,,,,,1995-09-10,1995,木|水|木|金|木|土,4.0,0.5,0.33333333333333337,1.242453324894,0,training,QID:Q21060118,1995-09-10,114936,乙亥,乙酉,甲辰,劫财,劫财,正官,辛,0,1,100.0,0.0,JANG WOO JIN,114.0,JANG Woojin Kanazawa-PORT,https://tabletennis-reference.com/player/detail/114,"Korea, Republic of",11.0,8.0,2023/8,explicit_current_and_highest,27.92938937828977,31.0,,training,1,3.9013698630136986,0.6429014653461382,365,0.09863013698630141,0.1534140802326511
Q20169033,若昂·热拉尔多,,,1995-09-29,,,,,,,,,,,男,,,,,,,,,,,,,,,,,,,,1995-09-29,1995,木|水|木|金|水|水,3.0,0.5,0.3888888888888889,1.0114042647073518,0,training,QID:Q20169033,1995-09-29,115396,乙亥,乙酉,癸亥,食神,食神,偏印,辛,1,1,100.0,100.0,JOAO GERALDO,131.0,GERALDO Joao,https://tabletennis-reference.com/player/detail/131,Portugal,34.0,31.0,2026/8,explicit_current_and_highest,30.878115224816387,31.0,,training,1,3.9013698630136986,0.6429014653461382,365,-0.9013698630136986,-1.402034233237283
Q51908744,亞歷山大·侯比諾,,,1995-10-03,,,,,,,,,,,男,,,,,,,,,,,,,,,,,,,,1995-10-03,1995,木|水|木|金|火|木,4.0,0.5,0.33333333333333337,1.242453324894,0,training,QID:Q51908744,1995-10-03,113689,乙亥,乙酉,丁卯,偏印,偏印,偏财,辛,0,1,100.0,100.0,ALEXANDRE ROBINOT,206.0,ROBINOT Alexandre,https://tabletennis-reference.com/player/detail/206,France,,90.0,2019/4,explicit_highest_only,23.53231072506622,31.0,,training,1,3.9013698630136986,0.6429014653461382,365,0.09863013698630141,0.1534140802326511
Q23874575,Jakub Dyjas,,,1995-10-09,,,,,,,,,,,男,,,,,,,,,,,,,,,,,,,,1995-10-09,1995,木|水|火|土|水|金,5.0,0.3333333333333333,0.2222222222222222,1.5607104090414063,1,training,QID:Q23874575,1995-10-09,113931,乙亥,丙戌,癸酉,食神,正财,正官,戊,1,1,100.0,100.0,JAKUB DYJAS,122.0,DYJAS Jakub,https://tabletennis-reference.com/player/detail/122,Poland,,36.0,2016/11,explicit_highest_only,21.103787209867416,30.0,,training,1,3.9013698630136986,0.6429014653461382,365,1.0986301369863014,1.7088623937025853
Q4790427,邢延華,,,1995-11-29,,,,,,,,,,,女,,,,,,,,,,,,,,,,,,,,1995-11-29,1995,木|水|火|水|木|水,3.0,0.5,0.3888888888888889,1.0114042647073518,0,training,QID:Q4790427,1995-11-29,111120,乙亥,丁亥,甲子,劫财,伤官,偏印,壬,0,1,100.0,100.0,ARIEL HSING,3875.0,HSING Ariel,https://tabletennis-reference.com/player/detail/3875,United States,,81.0,2014/4,explicit_highest_only,18.376831830906863,29.0,,training,1,3.9013698630136986,0.6429014653461382,365,-0.9013698630136986,-1.402034233237283
Q26789879,Yousra Abdel Razek,,,1995-12-03,,,,,,,,,,,女,,,,,,,,,,,,,,,,,,,,1995-12-03,1995,木|水|火|水|土|土,4.0,0.3333333333333333,0.2777777777777778,1.3296613488547582,0,training,QID:Q26789879,1995-12-03,113908,乙亥,丁亥,戊辰,正官,正印,偏财,壬,0,0,,,,,,,,,,,,,,No sufficiently confident site match. Top candidates: HELMY Yousra [66.7] id=1381,training,1,3.9013698630136986,0.6429014653461382,365,0.09863013698630141,0.1534140802326511
Q100668484,Florent Lambiet,,,1995-12-22,,,,,,,,,,,男,,,,,,,,,,,,,,,,,,,,1995-12-22,1995,木|水|土|水|火|水,4.0,0.5,0.3333333333333333,1.2424533248940002,0,training,QID:Q100668484,1995-12-22,114709,乙亥,戊子,丁亥,偏印,伤官,七杀,癸,0,1,100.0,100.0,FLORENT LAMBIET,247.0,LAMBIET Florent,https://tabletennis-reference.com/player/detail/247,Belgium,261.0,86.0,2018/9,explicit_current_and_highest,22.732841879025575,31.0,,training,1,3.9013698630136986,0.6429014653461382,365,0.09863013698630141,0.1534140802326511
Q107708484,周哲宇,,,1995-12-27,,,,,,,,,,,男,,,,,,,,,,,,,,,,,,,,1995-12-27,1995,木|水|土|水|水|土,3.0,0.5,0.3888888888888889,1.0114042647073518,0,training,QID:Q107708484,1995-12-27,113395,乙亥,戊子,壬辰,伤官,七杀,劫财,癸,0,1,100.0,100.0,CLARENCE CHEW,232.0,CHEW Zhe Yu Clarence,https://tabletennis-reference.com/player/detail/232,Singapore,340.0,126.0,2022/5,explicit_current_and_highest,26.38247191934126,31.0,,training,1,3.9013698630136986,0.6429014653461382,365,-0.9013698630136986,-1.402034233237283
Q28962932,托米斯拉夫·普察尔,,,1996-01-26,,,,,,,,,,,男,,,,,,,,,,,,,,,,,,,,1996-01-26,1996,木|水|土|土|水|土,3.0,0.5,0.3888888888888889,1.0114042647073518,0,training,QID:Q28962932,1996-01-26,116532,乙亥,己丑,壬戌,伤官,正官,正官,己,0,1,100.0,100.0,TOMISLAV PUCAR,178.0,PUCAR Tomislav,https://tabletennis-reference.com/player/detail/178,Croatia,32.0,26.0,2025/12,explicit_current_and_highest,29.88699288828655,30.0,,training,1,3.8524590163934427,0.6865294631661443,366,-0.8524590163934427,-1.2416932733841641
Q55728010,Kim Nam-hae,,,1996-03-05,,,,,,,,,,,女,,,,,,,,,,,,,,,,,,,,1996-03-05,1996,火|水|金|木|金|土,5.0,0.3333333333333333,0.2222222222222222,1.5607104090414063,1,training,QID:Q55728010,1996-03-05,123232,丙子,庚寅,辛丑,正官,劫财,正财,甲,0,1,100.0,100.0,KIM NAM HAE,2522.0,KIM Nam Hae,https://tabletennis-reference.com/player/detail/2522,"Korea, Democratic People's Republic of",,85.0,2019/10,explicit_highest_only,23.611710028268888,29.0,,training,1,3.8524590163934427,0.6865294631661443,366,1.1475409836065573,1.6715101757094517
Q96715220,Mizuki Morizono,,,1996-04-09,,,,,,,,,,,女,,,,,,,,,,,,,,,,,,,,1996-04-09,1996,火|水|水|土|火|水,3.0,0.5,0.3888888888888889,1.0114042647073518,0,training,QID:Q96715220,1996-04-09,115027,丙子,壬辰,丙子,比肩,七杀,食神,戊,0,1,100.0,100.0,MIZUKI MORIZONO,1228.0,MIZUKI Morizono Kinoshita Abyell Kanagawa,https://tabletennis-reference.com/player/detail/1228,Japan,,70.0,2017/11,explicit_highest_only,21.602086285139325,30.0,,training,1,3.8524590163934427,0.6865294631661443,366,-0.8524590163934427,-1.2416932733841641
Q110007526,Martin Allegro,,,1996-04-29,,,,,,,,,,,男,,,,,,,,,,,,,,,,,,,,1996-04-29,1996,火|水|水|土|火|金,4.0,0.3333333333333333,0.2777777777777778,1.3296613488547582,0,training,QID:Q110007526,1996-04-29,114848,丙子,壬辰,丙申,比肩,七杀,食神,戊,0,1,100.0,100.0,MARTIN ALLEGRO,276.0,ALLEGRO Martin,https://tabletennis-reference.com/player/detail/276,Belgium,130.0,61.0,2023/12,explicit_current_and_highest,27.62821960752103,30.0,,training,1,3.8524590163934427,0.6865294631661443,366,0.14754098360655732,0.2149084511626437
Q66311493,梅拉妮·迪亚斯,,,1996-05-07,,,,,,,,,,,女,,,,,,,,,,,,,,,,,,,,1996-05-07,1996,火|水|水|火|木|土,4.0,0.3333333333333333,0.2777777777777778,1.3296613488547582,0,training,QID:Q66311493,1996-05-07,112463,丙子,癸巳,甲辰,食神,正印,食神,丙,1,1,100.0,100.0,MELANIE DIAZ,1300.0,DIAZ Melanie,https://tabletennis-reference.com/player/detail/1300,Puerto Rico,,61.0,2019/10,explicit_highest_only,23.43922188682861,30.0,,training,1,3.8524590163934427,0.6865294631661443,366,0.14754098360655732,0.2149084511626437
Q21059908,李时温,,,1996-05-27,,,,,,,,,,,女,,,,,,,,,,,,,,,,,,,,1996-05-27,1996,火|水|水|火|木|水,3.0,0.5,0.3888888888888889,1.0114042647073518,0,training,QID:Q21059908,1996-05-27,119285,丙子,癸巳,甲子,食神,正印,食神,丙,1,1,100.0,100.0,LEE ZI ON,1148.0,LEE Zion,https://tabletennis-reference.com/player/detail/1148,"Korea, Republic of",192.0,40.0,2024/2,explicit_current_and_highest,27.72130844575864,30.0,,training,1,3.8524590163934427,0.6865294631661443,366,-0.8524590163934427,-1.2416932733841641
Q108777107,Hibiki Tazoe,,,1996-06-02,,,,,,,,,,,男,,,,,,,,,,,,,,,,,,,,1996-06-02,1996,火|水|水|火|金|火,3.0,0.5,0.3888888888888889,1.0114042647073518,0,training,QID:Q108777107,1996-06-02,136114,丙子,癸巳,庚午,七杀,伤官,七杀,丙,0,1,100.0,100.0,HIBIKI TAZOE,7247.0,TAZOE Hibiki Okayama Rivets,https://tabletennis-reference.com/player/detail/7247,Japan,,251.0,2018/10,explicit_highest_only,22.368700247096108,30.0,,training,1,3.8524590163934427,0.6865294631661443,366,-0.8524590163934427,-1.2416932733841641
Q104224598,Charlotte Carey,,,1996-06-11,,,,,,,,,,,女,,,,,,,,,,,,,,,,,,,,1996-06-11,1996,火|水|木|火|土|木,4.0,0.3333333333333333,0.2777777777777778,1.329661348854758,0,training,QID:Q104224598,1996-06-11,113587,丙子,甲午,己卯,正印,正官,偏印,丁,0,1,100.0,100.0,CHARLOTTE CAREY,1303.0,CAREY Charlotte,https://tabletennis-reference.com/player/detail/1303,Wales,246.0,98.0,2018/7,explicit_current_and_highest,22.09217163939027,30.0,,training,1,3.8524590163934427,0.6865294631661443,366,0.14754098360655732,0.2149084511626437
Q17633842,刘高阳,,,1996-06-13,,,,,,,,,,,女,,,,,,,,,,,,,,,,,,,,1996-06-13,1996,火|水|木|火|金|火,4.0,0.5,0.33333333333333337,1.242453324894,0,training,QID:Q17633842,1996-06-13,119531,丙子,甲午,辛巳,正官,正财,七杀,丁,0,1,100.0,100.0,LIU GAOYANG,1929.0,LIU Gaoyang,https://tabletennis-reference.com/player/detail/1929,China,,28.0,2014/10,explicit_highest_only,18.338501132809025,30.0,,training,1,3.8524590163934427,0.6865294631661443,366,0.14754098360655732,0.2149084511626437
Q6548581,张安,,,1996-06-16,,,,,,,,,,,女,,,,,,,,,,,,,,,,,,,,1996-06-16,1996,火|水|木|火|木|金,4.0,0.3333333333333333,0.2777777777777778,1.329661348854758,0,training,QID:Q6548581,1996-06-16,112221,丙子,甲午,甲申,食神,比肩,伤官,丁,1,1,100.0,100.0,LILY ZHANG,1155.0,ZHANG Lily,https://tabletennis-reference.com/player/detail/1155,United States,32.0,22.0,2023/5,explicit_current_and_highest,26.91088797169004,30.0,,training,1,3.8524590163934427,0.6865294631661443,366,0.14754098360655732,0.2149084511626437
Q10298743,雨果·卡爾德拉諾,,,1996-06-22,,,,,,,,,,,男,,,,,,,,,,,,,,,,,,,,1996-06-22,1996,火|水|木|火|金|木,4.0,0.3333333333333333,0.2777777777777778,1.329661348854758,0,training,QID:Q10298743,1996-06-22,115641,丙子,甲午,庚寅,七杀,偏财,正官,丁,0,1,100.0,100.0,HUGO CALDERANO,134.0,CALDERANO Hugo Kinoshita Meister Tokyo,https://tabletennis-reference.com/player/detail/134,Brazil,7.0,2.0,2026/2,explicit_current_and_highest,29.651532885685537,30.0,,training,1,3.8524590163934427,0.6865294631661443,366,0.14754098360655732,0.2149084511626437
Q18718793,Chantal Mantz,,,1996-06-26,,,,,,,,,,,女,,,,,,,,,,,,,,,,,,,,1996-06-26,1996,火|水|木|火|木|火,3.0,0.5,0.3888888888888889,1.0114042647073516,0,training,QID:Q18718793,1996-06-26,116674,丙子,甲午,甲午,食神,比肩,伤官,丁,1,1,100.0,100.0,CHANTAL MANTZ,1942.0,MANTZ Chantal,https://tabletennis-reference.com/player/detail/1942,Germany,,110.0,2022/5,explicit_highest_only,25.88417284406935,30.0,,training,1,3.8524590163934427,0.6865294631661443,366,-0.8524590163934427,-1.2416932733841641
Q73138030,Kazuhiro Yoshimura,,,1996-07-28,,,,,,,,,,,男,,,,,,,,,,,,,,,,,,,,1996-07-28,1996,火|水|木|土|火|木,4.0,0.3333333333333333,0.2777777777777778,1.329661348854758,0,training,QID:Q73138030,1996-07-28,123962,丙子,乙未,丙寅,比肩,正印,伤官,己,0,1,100.0,100.0,KAZUHIRO YOSHIMURA,197.0,KAZUHIRO Yoshimura Kinoshita Meister Tokyo,https://tabletennis-reference.com/player/detail/197,Japan,106.0,34.0,2019/9,explicit_current_and_highest,23.1325763020459,30.0,,training,1,3.8524590163934427,0.6865294631661443,366,0.14754098360655732,0.2149084511626437
Q113578635,Taisei Matsushita,,,1996-08-05,,,,,,,,,,,男,,,,,,,,,,,,,,,,,,,,1996-08-05,1996,火|水|木|土|木|土,4.0,0.3333333333333333,0.2777777777777778,1.3296613488547582,0,training,QID:Q113578635,1996-08-05,120233,丙子,乙未,甲戌,食神,劫财,正财,己,1,1,100.0,100.0,TAISEI MATSUSHITA,3904.0,TAISEI Matsushita Kanazawa-PORT,https://tabletennis-reference.com/player/detail/3904,Japan,519.0,371.0,2014/3,explicit_current_and_highest,17.607479961943092,30.0,,training,1,3.8524590163934427,0.6865294631661443,366,0.14754098360655732,0.2149084511626437
Q27666720,村松雄斗,,,1996-10-14,,,,,,,,,,,男,,,,,,,,,,,,,,,,,,,,1996-10-14,1996,火|水|土|土|木|金,5.0,0.3333333333333333,0.2222222222222222,1.5607104090414063,1,training,QID:Q27666720,1996-10-14,115439,丙子,戊戌,甲申,食神,偏财,偏财,戊,1,1,100.0,100.0,YUTO MURAMATSU,94.0,YUTO Muramatsu Shizuoka-JADE,https://tabletennis-reference.com/player/detail/94,Japan,529.0,21.0,2017/6,explicit_current_and_highest,20.668459995756244,30.0,,training,1,3.8524590163934427,0.6865294631661443,366,1.1475409836065573,1.6715101757094517
Q24199651,梁靖崑,,,1996-10-20,,,,,,,,,,,男,,,,,,,,,,,,,,,,,,,,1996-10-20,1996,火|水|土|土|金|木,5.0,0.3333333333333333,0.2222222222222222,1.5607104090414063,1,training,QID:Q24199651,1996-10-20,119588,丙子,戊戌,庚寅,七杀,偏印,偏印,戊,0,1,100.0,100.0,LIANG JINGKUN,2093.0,LIANG Jingkun,https://tabletennis-reference.com/player/detail/2093,China,33.0,2.0,2024/7,explicit_current_and_highest,27.734997980793583,29.0,,training,1,3.8524590163934427,0.6865294631661443,366,1.1475409836065573,1.6715101757094517
Q29862601,邱黨,,,1996-10-29,,,,,,,,,,,男,,,,,,,,,,,,,,,,,,,,1996-10-29,1996,火|水|土|土|土|水,3.0,0.5,0.3888888888888889,1.0114042647073518,0,training,QID:Q29862601,1996-10-29,114715,丙子,戊戌,己亥,正印,劫财,劫财,戊,0,1,100.0,0.0,DANG QIU,283.0,QIU Dang,https://tabletennis-reference.com/player/detail/283,Germany,10.0,9.0,2026/6,explicit_current_and_highest,29.62689172262264,30.0,,training,1,3.8524590163934427,0.6865294631661443,366,-0.8524590163934427,-1.2416932733841641
Q79056438,曾尖,,,1996-11-19,,,,,,,,,,,女,,,,,,,,,,,,,,,,,,,,1996-11-19,1996,火|水|土|水|金|金,4.0,0.3333333333333333,0.2777777777777778,1.3296613488547582,0,training,QID:Q79056438,1996-11-19,131342,丙子,己亥,庚申,七杀,正印,食神,壬,0,1,100.0,100.0,ZENG JIAN,1100.0,ZENG Jian Kinoshita Abyell Kanagawa,https://tabletennis-reference.com/player/detail/1100,Singapore,48.0,17.0,2017/7,explicit_current_and_highest,20.652032553714317,30.0,,training,1,3.8524590163934427,0.6865294631661443,366,0.14754098360655732,0.2149084511626437
Q19297322,尼娜·米特蘭,,,1996-11-23,,,,,,,,,,,女,,,,,,,,,,,,,,,,,,,,1996-11-23,1996,火|水|土|水|木|水,4.0,0.5,0.3333333333333333,1.2424533248940002,0,training,QID:Q19297322,1996-11-23,114726,丙子,己亥,甲子,食神,正财,偏印,壬,1,1,100.0,100.0,NINA MITTELHAM,1176.0,MITTELHAM Nina,https://tabletennis-reference.com/player/detail/1176,Germany,29.0,12.0,2022/8,explicit_current_and_highest,25.725374237664017,29.0,,training,1,3.8524590163934427,0.6865294631661443,366,0.14754098360655732,0.2149084511626437
Q17625867,杜凱琹,,,1996-11-27,,,,,,,,,,,女,,,,,,,,,,,,,,,,,,,,1996-11-27,1996,火|水|土|水|土|土,3.0,0.5,0.3888888888888889,1.0114042647073518,0,training,QID:Q17625867,1996-11-27,115543,丙子,己亥,戊辰,偏印,劫财,偏财,壬,0,1,100.0,0.0,DOO HOI KEM,1087.0,DOO Hoi Kem KYOTO-KABUYARIZE,https://tabletennis-reference.com/player/detail/1087,Hong Kong,35.0,7.0,2022/9,explicit_current_and_highest,25.799297726852707,29.0,,training,1,3.8524590163934427,0.6865294631661443,366,-0.8524590163934427,-1.2416932733841641
Q26789869,克利爾·莒拉斯門戈,,,1996-12-18,,,,,,,,,,,男,,,,,,,,,,,,,,,,,,,,1996-12-18,1996,火|水|金|水|土|土,4.0,0.3333333333333333,0.2777777777777778,1.3296613488547582,0,training,QID:Q26789869,1996-12-18,117890,丙子,庚子,己丑,正印,伤官,偏财,癸,0,1,100.0,100.0,KIRILL GERASSIMENKO,223.0,GERASSIMENKO Kirill,https://tabletennis-reference.com/player/detail/223,Kazakhstan,50.0,26.0,2022/8,explicit_current_and_highest,25.656926562489303,30.0,,training,1,3.8524590163934427,0.6865294631661443,366,0.14754098360655732,0.2149084511626437
Q108940113,Hokuto Koriyama,,,1996-12-19,,,,,,,,,,,男,,,,,,,,,,,,,,,,,,,,1996-12-19,1996,火|水|金|水|金|木,4.0,0.3333333333333333,0.2777777777777778,1.3296613488547582,0,training,QID:Q108940113,1996-12-19,123846,丙子,庚子,庚寅,七杀,比肩,伤官,癸,0,1,100.0,100.0,HOKUTO KORIYAMA,299.0,HOKUTO Koriyama Kinoshita Meister Tokyo,https://tabletennis-reference.com/player/detail/299,Japan,,211.0,2017/4,explicit_highest_only,20.320745805868704,30.0,,training,1,3.8524590163934427,0.6865294631661443,366,0.14754098360655732,0.2149084511626437
Q26422243,赫巴·阿莱吉,,,1997-01-20,,,,,,,,,,,女,,,,,,,,,,,,,,,,,,,,1997-01-20,1997,火|水|金|土|水|土,4.0,0.3333333333333333,0.2777777777777778,1.3296613488547582,0,training,QID:Q26422243,1997-01-20,118823,丙子,辛丑,壬戌,偏财,正印,正官,己,0,1,100.0,100.0,HEBA ALLEJJI,1762.0,ALLEJJI Heba,https://tabletennis-reference.com/player/detail/1762,Syrian Arab Republic,,629.0,2016/12,explicit_highest_only,19.901846033799465,29.0,,training,1,3.7726027397260276,0.7302830013634339,365,0.22739726027397245,0.3113823816923345
Q82159936,林钟勋,,,1997-01-21,,,,,,,,,,,男,,,,,,,,,,,,,,,,,,,,1997-01-21,1997,火|水|金|土|水|水,4.0,0.5,0.3333333333333333,1.2424533248940002,0,training,QID:Q82159936,1997-01-21,117357,丙子,辛丑,癸亥,正财,偏印,七杀,己,0,1,100.0,100.0,JONGHOON LIM,184.0,LIM Jonghoon Kanazawa-PORT,https://tabletennis-reference.com/player/detail/184,"Korea, Republic of",35.0,11.0,2023/6,explicit_current_and_highest,26.3961614543762,29.0,,training,1,3.7726027397260276,0.7302830013634339,365,0.22739726027397245,0.3113823816923345
Q14594723,樊振东,,,1997-01-22,,,,,,,,,,,男,,,,,,,,,,,,,,,,,,,,1997-01-22,1997,火|水|金|土|木|水,5.0,0.3333333333333333,0.2222222222222222,1.5607104090414063,1,training,QID:Q14594723,1997-01-22,121404,丙子,辛丑,甲子,食神,正官,正财,己,1,1,100.0,100.0,FAN ZHENDONG,46.0,FAN Zhendong,https://tabletennis-reference.com/player/detail/46,China,,1.0,2024/2,explicit_highest_only,27.0642107640814,29.0,,training,1,3.7726027397260276,0.7302830013634339,365,1.2273972602739724,1.6807145421465777
Q82326617,安藤南,,,1997-02-12,,,,,,,,,,,女,,,,,,,,,,,,,,,,,,,,1997-02-12,1997,火|土|水|木|木|金,5.0,0.3333333333333333,0.22222222222222227,1.5607104090414063,1,training,QID:Q82326617,1997-02-12,123847,丁丑,壬寅,乙酉,食神,正印,劫财,甲,1,1,100.0,100.0,ANDO MINAMI,2050.0,MINAMI Ando Top Nagoya,https://tabletennis-reference.com/player/detail/2050,Japan,,29.0,2019/5,explicit_highest_only,22.2509702457956,29.0,,training,1,3.7726027397260276,0.7302830013634339,365,1.2273972602739724,1.6807145421465777
Q77566947,王艺迪,,,1997-02-14,,,,,,,,,,,女,,,,,,,,,,,,,,,,,,,,1997-02-14,1997,火|土|水|木|火|水,4.0,0.3333333333333333,0.2777777777777778,1.3296613488547582,0,training,QID:Q77566947,1997-02-14,124110,丁丑,壬寅,丁亥,比肩,正官,正印,甲,0,1,100.0,100.0,WANG YIDI,1931.0,WANG Yidi,https://tabletennis-reference.com/player/detail/1931,China,5.0,2.0,2024/1,explicit_current_and_highest,26.916363785704014,29.0,,training,1,3.7726027397260276,0.7302830013634339,365,0.22739726027397245,0.3113823816923345
Q26225887,布里安·阿法纳多尔,,,1997-03-06,,,,,,,,,,,男,,,,,,,,,,,,,,,,,,,,1997-03-06,1997,火|土|水|木|火|土,4.0,0.3333333333333333,0.2777777777777778,1.3296613488547582,0,training,QID:Q26225887,1997-03-06,115000,丁丑,癸卯,丁未,比肩,七杀,偏印,乙,0,1,100.0,100.0,BRIAN AFANADOR,254.0,AFANADOR Brian,https://tabletennis-reference.com/player/detail/254,Puerto Rico,,62.0,2022/5,explicit_highest_only,25.19148237130126,29.0,,training,1,3.7726027397260276,0.7302830013634339,365,0.22739726027397245,0.3113823816923345
Q104006921,纳塔利娅·巴约尔,,,1997-03-07,,,,,,,,,,,女,,,,,,,,,,,,,,,,,,,,1997-03-07,1997,火|土|水|木|土|金,5.0,0.3333333333333333,0.2222222222222222,1.5607104090414063,1,training,QID:Q104006921,1997-03-07,115454,丁丑,癸卯,戊申,正印,正财,正官,乙,0,1,100.0,0.0,NATALIA BAJOR,1205.0,BAJOR Natalia,https://tabletennis-reference.com/player/detail/1205,Poland,49.0,38.0,2024/9,explicit_current_and_highest,27.52691704826245,29.0,,training,1,3.7726027397260276,0.7302830013634339,365,1.2273972602739724,1.6807145421465777
Q107638066,Q107638066,,,1997-03-18,,,,,,,,,,,男,,,,,,,,,,,,,,,,,,,,1997-03-18,1997,火|土|水|木|土|土,4.0,0.5,0.33333333333333337,1.242453324894,0,training,QID:Q107638066,1997-03-18,118851,丁丑,癸卯,己未,偏印,偏财,七杀,乙,0,0,,,,,,,,,,,,,,No sufficiently confident site match. Top candidates: ,training,1,3.7726027397260276,0.7302830013634339,365,0.22739726027397245,0.3113823816923345
Q16922626,何鈞傑,,,1997-04-20,,,,,,,,,,,男,,,,,,,,,,,,,,,,,,,,1997-04-20,1997,火|土|木|土|水|土,4.0,0.5,0.33333333333333337,1.242453324894,0,training,QID:Q16922626,1997-04-20,123690,丁丑,甲辰,壬辰,正财,食神,七杀,戊,0,1,100.0,100.0,HO KWAN KIT,111.0,HO Kwan Kit,https://tabletennis-reference.com/player/detail/111,Hong Kong,299.0,28.0,2016/6,explicit_current_and_highest,19.1543974208916,29.0,,training,1,3.7726027397260276,0.7302830013634339,365,0.22739726027397245,0.3113823816923345
Q67180521,Lynda Loghraibi,,,1997-05-03,,,,,,,,,,,女,,,,,,,,,,,,,,,,,,,,1997-05-03,1997,火|土|木|土|木|火,3.0,0.3333333333333333,0.3333333333333333,1.0986122886681096,0,training,QID:Q67180521,1997-05-03,117142,丁丑,甲辰,乙巳,食神,劫财,正财,戊,1,1,100.0,100.0,LYNDA LOGHRAIBI,1605.0,LOGHRAIBI Lynda,https://tabletennis-reference.com/player/detail/1605,Algeria,,129.0,2023/7,explicit_highest_only,26.19903214987303,29.0,,training,1,3.7726027397260276,0.7302830013634339,365,-0.7726027397260276,-1.0579497787619085
Q23564210,Alena Lemmer,,,1997-05-16,,,,,,,,,,,女,,,,,,,,,,,,,,,,,,,,1997-05-16,1997,火|土|木|火|土|火,3.0,0.5,0.3888888888888889,1.0114042647073518,0,training,QID:Q23564210,1997-05-16,116627,丁丑,乙巳,戊午,正印,正官,偏印,丙,0,1,100.0,100.0,ALENA LEMMER,1949.0,LEMMER Alena,https://tabletennis-reference.com/player/detail/1949,Germany,,168.0,2015/5,explicit_highest_only,17.99626275693546,29.0,,training,1,3.7726027397260276,0.7302830013634339,365,-0.7726027397260276,-1.0579497787619085
Q62078331,Can Akkuzu,,,1997-05-23,,,,,,,,,,,男,,,,,,,,,,,,,,,,,,,,1997-05-23,1997,火|土|木|火|木|土,3.0,0.3333333333333333,0.3333333333333333,1.0986122886681096,0,training,QID:Q62078331,1997-05-23,116612,丁丑,乙巳,乙丑,食神,比肩,伤官,丙,1,1,100.0,100.0,CAN AKKUZU,192.0,AKKUZU Can,https://tabletennis-reference.com/player/detail/192,France,,40.0,2023/7,explicit_highest_only,26.14427400973326,29.0,,training,1,3.7726027397260276,0.7302830013634339,365,-0.7726027397260276,-1.0579497787619085
Q27049759,萬遠,,,1997-05-23,,,,,,,,,,,女,,,,,,,,,,,,,,,,,,,,1997-05-23,1997,火|土|木|火|木|土,3.0,0.3333333333333333,0.3333333333333333,1.0986122886681096,0,training,QID:Q27049759,1997-05-23,118777,丁丑,乙巳,乙丑,食神,比肩,伤官,丙,1,1,100.0,0.0,WAN YUAN,1226.0,WAN Yuan,https://tabletennis-reference.com/player/detail/1226,Germany,129.0,55.0,2025/6,explicit_current_and_highest,28.0635468216322,29.0,,training,1,3.7726027397260276,0.7302830013634339,365,-0.7726027397260276,-1.0579497787619085
Q30942351,陈幸同,,,1997-05-27,,,,,,,,,,,女,,,,,,,,,,,,,,,,,,,,1997-05-27,1997,火|土|木|火|土|火,3.0,0.5,0.3888888888888889,1.0114042647073518,0,training,QID:Q30942351,1997-05-27,121403,丁丑,乙巳,己巳,偏印,七杀,正印,丙,0,1,100.0,100.0,CHEN XINGTONG,1930.0,CHEN Xingtong,https://tabletennis-reference.com/player/detail/1930,China,7.0,3.0,2026/4,explicit_current_and_highest,28.884918923728755,29.0,,training,1,3.7726027397260276,0.7302830013634339,365,-0.7726027397260276,-1.0579497787619085
Q103796488,Ali Al-Khadrawi,,,1997-05-31,,,,,,,,,,,男,,,,,,,,,,,,,,,,,,,,1997-05-31,1997,火|土|木|火|水|金,5.0,0.3333333333333333,0.22222222222222227,1.5607104090414063,1,training,QID:Q103796488,1997-05-31,113376,丁丑,乙巳,癸酉,偏财,食神,正财,丙,0,1,96.55172413793105,100.0,ALI AL KHADRAWI,356.0,ALKHADRAWI Ali,https://tabletennis-reference.com/player/detail/356,Saudi Arabia,243.0,146.0,2019/10,explicit_current_and_highest,22.374176061110084,29.0,,training,1,3.7726027397260276,0.7302830013634339,365,1.2273972602739724,1.6807145421465777
Q105258432,Mizuki Oikawa,,,1997-06-26,,,,,,,,,,,男,,,,,,,,,,,,,,,,,,,,1997-06-26,1997,火|土|火|火|土|水,3.0,0.5,0.3888888888888889,1.0114042647073516,0,training,QID:Q105258432,1997-06-26,120850,丁丑,丙午,己亥,偏印,正印,偏印,丁,0,1,100.0,100.0,MIZUKI OIKAWA,187.0,MIZUKI Oikawa Okayama Rivets,https://tabletennis-reference.com/player/detail/187,Japan,133.0,47.0,2023/9,explicit_current_and_highest,26.220935405928937,29.0,,training,1,3.7726027397260276,0.7302830013634339,365,-0.7726027397260276,-1.0579497787619085
Q107652623,切尔茜·埃德希尔,,,1997-07-06,,,,,,,,,,,女,,,,,,,,,,,,,,,,,,,,1997-07-06,1997,火|土|火|火|土|金,3.0,0.5,0.3888888888888889,1.0114042647073516,0,training,QID:Q107652623,1997-07-06,115498,丁丑,丙午,己酉,偏印,正印,偏印,丁,0,1,100.0,0.0,CHELSEA EDGHILL,1666.0,EDGHILL Chelsea,https://tabletennis-reference.com/player/detail/1666,Guyana,423.0,241.0,2022/5,explicit_current_and_highest,24.85745771644866,29.0,,training,1,3.7726027397260276,0.7302830013634339,365,-0.7726027397260276,-1.0579497787619085
Q107694761,奧拉旺·帕拉南,,,1997-07-07,,,,,,,,,,,女,,,,,,,,,,,,,,,,,,,,1997-07-07,1997,火|土|火|土|金|土,3.0,0.5,0.3888888888888889,1.0114042647073516,0,training,QID:Q107694761,1997-07-07,120972,丁丑,丁未,庚戌,正官,正官,正印,己,0,1,100.0,0.0,ORAWAN PARANANG,1239.0,PARANANG Orawan,https://tabletennis-reference.com/player/detail/1239,Thailand,108.0,34.0,2024/4,explicit_current_and_highest,26.77399262134061,29.0,,training,1,3.7726027397260276,0.7302830013634339,365,-0.7726027397260276,-1.0579497787619085
Q16336351,三部航平,,,1997-07-13,,,,,,,,,,,男,,,,,,,,,,,,,,,,,,,,1997-07-13,1997,火|土|火|土|火|土,2.0,0.5,0.5,0.6931471805599453,0,training,QID:Q16336351,1997-07-13,120313,丁丑,丁未,丙辰,劫财,劫财,伤官,己,0,1,100.0,100.0,SAMBE KOHEI,156.0,KOHEI Sambe Okayama Rivets,https://tabletennis-reference.com/player/detail/156,Japan,495.0,88.0,2016/6,explicit_current_and_highest,18.92441323230457,29.0,,training,1,3.7726027397260276,0.7302830013634339,365,-1.7726027397260276,-2.4272819392161518
Q108121867,波林·查赛琳,,,1997-08-01,,,,,,,,,,,女,,,,,,,,,,,,,,,,,,,,1997-08-01,1997,火|土|火|土|木|水,4.0,0.3333333333333333,0.2777777777777778,1.3296613488547582,0,training,QID:Q108121867,1997-08-01,116921,丁丑,丁未,乙亥,食神,食神,偏财,己,1,1,100.0,100.0,PAULINE CHASSELIN,1196.0,CHASSELIN Pauline,https://tabletennis-reference.com/player/detail/1196,France,335.0,106.0,2019/2,explicit_current_and_highest,21.541852330985577,29.0,,training,1,3.7726027397260276,0.7302830013634339,365,0.22739726027397245,0.3113823816923345
Q23060866,安東·卡爾伯格,,,1997-08-17,,,,,,,,,,,男,,,,,,,,,,,,,,,,,,,,1997-08-17,1997,火|土|土|金|金|木,4.0,0.3333333333333333,0.2777777777777778,1.3296613488547582,0,training,QID:Q23060866,1997-08-17,116853,丁丑,戊申,辛卯,七杀,正印,劫财,庚,0,1,100.0,0.0,ANTON KALLBERG,152.0,KALLBERG Anton,https://tabletennis-reference.com/player/detail/152,Sweden,31.0,12.0,2024/4,explicit_current_and_highest,26.661738434054087,29.0,,training,1,3.7726027397260276,0.7302830013634339,365,0.22739726027397245,0.3113823816923345
Q97970425,Ri Hyon-sim,,,1997-12-18,,,,,,,,,,,女,,,,,,,,,,,,,,,,,,,,1997-12-18,1997,火|土|水|水|木|火,4.0,0.3333333333333333,0.2777777777777778,1.3296613488547582,0,training,QID:Q97970425,1997-12-18,117899,丁丑,壬子,甲午,伤官,偏印,正印,癸,0,1,100.0,100.0,RI HYON SIM,2530.0,RI Hyon Sim,https://tabletennis-reference.com/player/detail/2530,"Korea, Democratic People's Republic of",,141.0,2017/11,explicit_highest_only,19.910059754820427,28.0,,training,1,3.7726027397260276,0.7302830013634339,365,0.22739726027397245,0.3113823816923345
Q28601284,佐藤瞳,,,1997-12-23,,,,,,,,,,,女,,,,,,,,,,,,,,,,,,,,1997-12-23,1997,火|土|水|水|土|水,3.0,0.5,0.3888888888888889,1.0114042647073518,0,training,QID:Q28601284,1997-12-23,122261,丁丑,壬子,己亥,偏印,正财,偏财,癸,0,1,100.0,100.0,HITOMI SATO,1088.0,HITOMI Sato Nipponpaint Mallets,https://tabletennis-reference.com/player/detail/1088,Japan,13.0,9.0,2017/4,explicit_current_and_highest,19.310458120289944,28.0,,training,1,3.7726027397260276,0.7302830013634339,365,-0.7726027397260276,-1.0579497787619085
Q30947941,劉丁碩,,,1998-01-13,,,,,,,,,,,男,,,,,,,,,,,,,,,,,,,,1998-01-13,1998,火|土|水|土|金|金,4.0,0.3333333333333333,0.2777777777777778,1.3296613488547582,0,training,QID:Q30947941,1998-01-13,121408,丁丑,癸丑,庚申,正官,伤官,正印,己,0,1,100.0,100.0,LIU DINGSHUO,1978.0,LIU Dingshuo,https://tabletennis-reference.com/player/detail/1978,China,,41.0,2019/1,explicit_highest_only,21.00522255761583,28.0,,training,1,3.5123287671232877,0.6654638152577733,365,0.4876712328767123,0.7328290760449665
Q101235501,Janina Kämmerer,,,1998-03-16,,,,,,,,,,,女,,,,,,,,,,,,,,,,,,,,1998-03-16,1998,土|木|木|木|水|土,3.0,0.5,0.3888888888888889,1.0114042647073516,0,training,QID:Q101235501,1998-03-16,123888,戊寅,乙卯,壬戌,七杀,伤官,伤官,乙,0,1,100.0,100.0,JANINA KAMMERER,1358.0,KAMMERER Janina,https://tabletennis-reference.com/player/detail/1358,Germany,,271.0,2017/2,explicit_highest_only,18.92167532529757,28.0,,training,1,3.5123287671232877,0.6654638152577733,365,-0.5123287671232877,-0.76988223157533
Q30942363,蘇慧音,,,1998-04-13,,,,,,,,,,,女,,,,,,,,,,,,,,,,,,,,1998-04-13,1998,土|木|火|土|金|木,4.0,0.3333333333333333,0.2777777777777778,1.3296613488547582,0,training,QID:Q30942363,1998-04-13,115037,戊寅,丙辰,庚寅,偏印,七杀,偏印,戊,0,1,100.0,100.0,MINNIE SOO WAI YAM,1146.0,SOO Wai Yam Minnie Nipponpaint Mallets,https://tabletennis-reference.com/player/detail/1146,Hong Kong,,25.0,2018/2,explicit_highest_only,19.844349986652706,28.0,,training,1,3.5123287671232877,0.6654638152577733,365,0.4876712328767123,0.7328290760449665
Q58398818,Karoline Mischek,,,1998-05-22,,,,,,,,,,,女,,,,,,,,,,,,,,,,,,,,1998-05-22,1998,土|木|火|火|土|火,3.0,0.5,0.3888888888888889,1.0114042647073518,0,training,QID:Q58398818,1998-05-22,118893,戊寅,丁巳,己巳,劫财,偏印,正印,丙,0,1,100.0,100.0,KAROLINE MISCHEK,1393.0,MISCHEK Karoline,https://tabletennis-reference.com/player/detail/1393,Austria,203.0,108.0,2019/9,explicit_current_and_highest,21.31734395641252,28.0,,training,1,3.5123287671232877,0.6654638152577733,365,-0.5123287671232877,-0.76988223157533
Q28609190,橋本帆乃香,,,1998-07-05,,,,,,,,,,,女,,,,,,,,,,,,,,,,,,,,1998-07-05,1998,土|木|土|火|水|土,4.0,0.5,0.33333333333333337,1.242453324894,0,training,QID:Q28609190,1998-07-05,133000,戊寅,戊午,癸丑,正官,正官,偏财,丁,0,1,100.0,100.0,HASHIMOTO HONOKA,1106.0,HONOKA Hashimoto Nipponpaint Mallets,https://tabletennis-reference.com/player/detail/1106,Japan,15.0,10.0,2025/10,explicit_current_and_highest,27.28050541763349,28.0,,training,1,3.5123287671232877,0.6654638152577733,365,0.4876712328767123,0.7328290760449665
Q108940390,Yūki Matsuyama,,,1998-07-21,,,,,,,,,,,男,,,,,,,,,,,,,,,,,,,,1998-07-21,1998,土|木|土|土|土|火,3.0,0.6666666666666666,0.5,0.8675632284814612,0,training,QID:Q108940390,1998-07-21,118886,戊寅,己未,己巳,劫财,比肩,比肩,己,0,1,100.0,100.0,MATSUYAMA YUKI,370.0,YUKI Matsuyama Okayama Rivets,https://tabletennis-reference.com/player/detail/370,Japan,,97.0,2018/4,explicit_highest_only,19.734833706373163,28.0,,training,1,3.5123287671232877,0.6654638152577733,365,-0.5123287671232877,-0.76988223157533
Q108120952,奥德蕾·扎里夫,,,1998-07-23,,,,,,,,,,,女,,,,,,,,,,,,,,,,,,,,1998-07-23,1998,土|木|土|土|金|土,3.0,0.6666666666666666,0.5,0.8675632284814612,0,training,QID:Q108120952,1998-07-23,116874,戊寅,己未,辛未,正印,偏印,偏印,己,0,1,100.0,100.0,AUDREY ZARIF,1200.0,ZARIF Audrey,https://tabletennis-reference.com/player/detail/1200,France,104.0,71.0,2024/1,explicit_current_and_highest,25.48170051404204,28.0,,training,1,3.5123287671232877,0.6654638152577733,365,-0.5123287671232877,-0.76988223157533
Q56827213,達科·约奇克,,,1998-07-30,,,,,,,,,,,男,,,,,,,,,,,,,,,,,,,,1998-07-30,1998,土|木|土|土|土|木,2.0,0.6666666666666666,0.5555555555555556,0.6365141682948128,0,training,QID:Q56827213,1998-07-30,118927,戊寅,己未,戊寅,比肩,劫财,劫财,己,0,1,100.0,100.0,DARKO JORGIC,188.0,JORGIC Darko,https://tabletennis-reference.com/player/detail/188,Slovenia,12.0,6.0,2022/5,explicit_current_and_highest,23.79241189073013,28.0,,training,1,3.5123287671232877,0.6654638152577733,365,-1.5123287671232877,-2.2725935391956265
Q65929204,斯莉嘉·阿库拉,,,1998-07-31,,,,,,,,,,,女,,,,,,,,,,,,,,,,,,,,1998-07-31,1998,土|木|土|土|土|木,2.0,0.6666666666666666,0.5555555555555556,0.6365141682948128,0,training,QID:Q65929204,1998-07-31,122718,戊寅,己未,己卯,劫财,比肩,比肩,己,0,1,100.0,0.0,SREEJA AKULA,2067.0,AKULA Sreeja,https://tabletennis-reference.com/player/detail/2067,India,58.0,22.0,2024/8,explicit_current_and_highest,26.042971450474685,28.0,,training,1,3.5123287671232877,0.6654638152577733,365,-1.5123287671232877,-2.2725935391956265
Q65095393,Gustin Dwi Jayanti,,,1998-08-26,,,,,,,,,,,女,,,,,,,,,,,,,,,,,,,,1998-08-26,1998,土|木|金|金|木|火,4.0,0.3333333333333333,0.2777777777777778,1.3296613488547582,0,training,QID:Q65095393,1998-08-26,122304,戊寅,庚申,乙巳,正财,正官,正官,庚,0,1,97.14285714285714,100.0,GUSTIN DWI JAYANTI,1529.0,DWIJAYANTI Gustin,https://tabletennis-reference.com/player/detail/1529,Indonesia,,307.0,2019/1,explicit_highest_only,20.389193481043417,28.0,,training,1,3.5123287671232877,0.6654638152577733,365,0.4876712328767123,0.7328290760449665
Q18216851,何天天,,,1998-09-03,,,,,,,,,,,女,,,,,,,,,,,,,,,,,,,,1998-09-03,1998,土|木|金|金|水|土,4.0,0.3333333333333333,0.2777777777777778,1.3296613488547582,0,training,QID:Q18216851,1998-09-03,115430,戊寅,庚申,癸丑,正官,正印,正印,庚,0,1,100.0,23.80952380952381,TIN TIN HO,1247.0,HO Tin-Tin,https://tabletennis-reference.com/player/detail/1247,England,80.0,78.0,2026/7,explicit_current_and_highest,27.86367961012204,28.0,,training,1,3.5123287671232877,0.6654638152577733,365,0.4876712328767123,0.7328290760449665
Q107981867,Alexandre Cassin,,,1998-10-05,,,,,,,,,,,男,,,,,,,,,,,,,,,,,,,,1998-10-05,1998,土|木|金|金|木|金,3.0,0.5,0.3888888888888889,1.0114042647073518,0,training,QID:Q107981867,1998-10-05,117003,戊寅,辛酉,乙酉,正财,七杀,七杀,辛,0,1,100.0,100.0,ALEXANDRE CASSIN,229.0,CASSIN Alexandre,https://tabletennis-reference.com/player/detail/229,France,,73.0,2022/5,explicit_highest_only,23.6089721212619,28.0,,training,1,3.5123287671232877,0.6654638152577733,365,-0.5123287671232877,-0.76988223157533
Q100391946,Caroline Hajok,,,1998-10-09,,,,,,,,,,,女,,,,,,,,,,,,,,,,,,,,1998-10-09,1998,土|木|水|土|土|土,3.0,0.6666666666666666,0.5,0.8675632284814612,0,training,QID:Q100391946,1998-10-09,122278,戊寅,壬戌,己丑,劫财,正财,劫财,戊,0,1,100.0,100.0,CAROLINE HAJOK,1310.0,HAJOK Caroline,https://tabletennis-reference.com/player/detail/1310,Germany,,252.0,2016/6,explicit_highest_only,17.68414135813877,28.0,,training,1,3.5123287671232877,0.6654638152577733,365,-0.5123287671232877,-0.76988223157533
Q58485493,He Zhuojia,,,1998-10-25,,,,,,,,,,,女,,,,,,,,,,,,,,,,,,,,1998-10-25,1998,土|木|水|土|木|火,4.0,0.3333333333333333,0.2777777777777778,1.3296613488547582,0,training,QID:Q58485493,1998-10-25,119730,戊寅,壬戌,乙巳,正财,正印,正财,戊,0,1,100.0,100.0,HE ZHUOJIA,2519.0,HE Zhuojia Kinoshita Abyell Kanagawa,https://tabletennis-reference.com/player/detail/2519,China,73.0,13.0,2019/12,explicit_current_and_highest,21.139380000958266,27.0,,training,1,3.5123287671232877,0.6654638152577733,365,0.4876712328767123,0.7328290760449665
Q12301437,安德斯·林德,,,1998-12-14,,,,,,,,,,,男,,,,,,,,,,,,,,,,,,,,1998-12-14,1998,土|木|木|水|木|土,3.0,0.5,0.3888888888888889,1.0114042647073516,0,training,QID:Q12301437,1998-12-14,115029,戊寅,甲子,乙未,正财,劫财,偏印,癸,0,1,100.0,100.0,ANDERS LIND,434.0,LIND Anders,https://tabletennis-reference.com/player/detail/434,Denmark,14.0,13.0,2026/8,explicit_current_and_highest,27.669288212625855,28.0,,training,1,3.5123287671232877,0.6654638152577733,365,-0.5123287671232877,-0.76988223157533
Q108777389,Ton'in Ryūzaki,,,1998-12-29,,,,,,,,,,,男,,,,,,,,,,,,,,,,,,,,1998-12-29,1998,土|木|木|水|金|土,4.0,0.3333333333333333,0.2777777777777778,1.329661348854758,0,training,QID:Q108777389,1998-12-29,119543,戊寅,甲子,庚戌,偏印,偏财,伤官,癸,0,0,,,,,,,,,,,,,,"Search candidate matched, but detail-page name check failed: 'TONIN Ryuzaki Ryukyu Asteeda', score=66.7",training,1,3.5123287671232877,0.6654638152577733,365,0.4876712328767123,0.7328290760449665
Q30942350,王曼昱,,,1999-02-09,,,,,,,,,,,女,,,,,,,,,,,,,,,,,,,,1999-02-09,1999,土|木|火|木|水|土,4.0,0.3333333333333333,0.2777777777777778,1.3296613488547582,0,training,QID:Q30942350,1999-02-09,121411,己卯,丙寅,壬辰,正官,偏财,食神,甲,0,1,100.0,0.0,WANG MANYU,2047.0,WANG Manyu,https://tabletennis-reference.com/player/detail/2047,China,1.0,1.0,,inferred_from_current_only,,27.0,,training,1,3.7095890410958905,0.7581361586446116,365,0.2904109589041095,0.3830591056668546
Q65211624,Solomija Brateyko,,,1999-02-24,,,,,,,,,,,女,,,,,,,,,,,,,,,,,,,,1999-02-24,1999,土|木|火|木|火|土,3.0,0.3333333333333333,0.3333333333333333,1.0986122886681096,0,training,QID:Q65211624,1999-02-24,122348,己卯,丙寅,丁未,食神,劫财,正印,甲,1,1,100.0,100.0,SOLOMIYA BRATEYKO,1537.0,BRATEYKO Solomiya,https://tabletennis-reference.com/player/detail/1537,Ukraine,,91.0,2024/3,explicit_highest_only,25.054587020951832,27.0,,training,1,3.7095890410958905,0.7581361586446116,365,-0.7095890410958905,-0.9359651732803338
Q126116495,Filippa Bergand,,,1999-03-11,,,,,,,,,,,女,,,,,,,,,,,,,,,,,,,,1999-03-11,1999,土|木|火|木|水|土,4.0,0.3333333333333333,0.2777777777777778,1.3296613488547582,0,training,QID:Q126116495,1999-03-11,120125,己卯,丁卯,壬戌,正官,正财,伤官,乙,0,1,100.0,0.0,FILIPPA BERGAND,1386.0,BERGAND Filippa,https://tabletennis-reference.com/player/detail/1386,Sweden,117.0,99.0,2026/6,explicit_current_and_highest,27.26407797559156,27.0,,training,1,3.7095890410958905,0.7581361586446116,365,0.2904109589041095,0.3830591056668546
Q100304017,Luisa Säger,,,1999-08-10,,,,,,,,,,,女,,,,,,,,,,,,,,,,,,,,1999-08-10,1999,土|木|水|金|木|火,5.0,0.3333333333333333,0.22222222222222227,1.5607104090414063,1,training,QID:Q100304017,1999-08-10,121895,己卯,壬申,甲午,正财,偏印,七杀,庚,0,1,100.0,100.0,LUISA SAEGER,1953.0,SAEGER Luisa,https://tabletennis-reference.com/player/detail/1953,Germany,,207.0,2016/1,explicit_highest_only,16.43291785594502,27.0,,training,1,3.7095890410958905,0.7581361586446116,365,1.2904109589041095,1.7020833846140428
Q113575949,Leonie Hartbrich,,,1999-09-08,,,,,,,,,,,女,,,,,,,,,,,,,,,,,,,,1999-09-08,1999,土|木|水|金|水|水,4.0,0.5,0.3333333333333333,1.2424533248940002,0,training,QID:Q113575949,1999-09-08,118868,己卯,癸酉,癸亥,七杀,比肩,偏印,辛,0,1,100.0,100.0,LEONIE HARTBRICH,1410.0,HARTBRICH Leonie,https://tabletennis-reference.com/player/detail/1410,Hungary,,129.0,2022/5,explicit_highest_only,22.683559552899787,27.0,,training,1,3.7095890410958905,0.7581361586446116,365,0.2904109589041095,0.3830591056668546
Q30925948,Yūto Kizukuri,,,1999-10-22,,,,,,,,,,,男,,,,,,,,,,,,,,,,,,,,1999-10-22,1999,土|木|木|土|火|土,3.0,0.5,0.3888888888888889,1.0114042647073518,0,training,QID:Q30925948,1999-10-22,119794,己卯,甲戌,丁未,食神,正印,伤官,戊,1,1,100.0,100.0,YUTO KIZUKURI,196.0,YUTO Kizukuri T.T Saitama,https://tabletennis-reference.com/player/detail/196,Japan,85.0,65.0,2018/3,explicit_current_and_highest,18.39599717995578,26.0,,training,1,3.7095890410958905,0.7581361586446116,365,-0.7095890410958905,-0.9359651732803338
Q108123181,Izabela Lupulesku,,,1999-11-07,,,,,,,,,,,女,,,,,,,,,,,,,,,,,,,,1999-11-07,1999,土|木|木|土|水|水,3.0,0.3333333333333333,0.3333333333333333,1.0986122886681096,0,training,QID:Q108123181,1999-11-07,120187,己卯,甲戌,癸亥,七杀,伤官,正官,戊,0,1,100.0,100.0,IZABELA LUPULESKU,1282.0,LUPULESKU Izabela,https://tabletennis-reference.com/player/detail/1282,Serbia,127.0,69.0,2025/4,explicit_current_and_highest,25.437894001930225,27.0,,training,1,3.7095890410958905,0.7581361586446116,365,-0.7095890410958905,-0.9359651732803338
Q128693236,Q128693236,,,1999-11-12,,,,,,,,,,,男,,,,,,,,,,,,,,,,,,,,1999-11-12,1999,土|木|木|水|土|土,3.0,0.5,0.3888888888888889,1.0114042647073516,0,training,QID:Q128693236,1999-11-12,120162,己卯,乙亥,戊辰,劫财,正官,偏财,壬,0,0,,,,,,,,,,,,,,No sufficiently confident site match. Top candidates: ,training,1,3.7095890410958905,0.7581361586446116,365,-0.7095890410958905,-0.9359651732803338
Q38277413,Asuka Sasao,,,1999-12-15,,,,,,,,,,,女,,,,,,,,,,,,,,,,,,,,1999-12-15,1999,土|木|火|水|金|土,5.0,0.3333333333333333,0.2222222222222222,1.5607104090414063,1,training,QID:Q38277413,1999-12-15,134790,己卯,丙子,辛丑,偏印,正官,食神,癸,0,1,100.0,100.0,ASUKA SASAO,5153.0,SASAO Asuka Nissay Redelf,https://tabletennis-reference.com/player/detail/5153,Japan,101.0,62.0,2023/5,explicit_current_and_highest,23.41458072376572,26.0,,training,1,3.7095890410958905,0.7581361586446116,365,1.2904109589041095,1.7020833846140428
Q63349734,安宰贤,,,1999-12-25,,,,,,,,,,,男,,,,,,,,,,,,,,,,,,,,1999-12-25,1999,土|木|火|水|金|水,5.0,0.3333333333333333,0.2222222222222222,1.5607104090414063,1,training,QID:Q63349734,1999-12-25,121514,己卯,丙子,辛亥,偏印,正官,食神,癸,0,0,,,,,,,,,,,,,,"Search candidate matched, but detail-page name check failed: 'AN Jaehyun Ryukyu Asteeda', score=55.6",training,1,3.7095890410958905,0.7581361586446116,365,1.2904109589041095,1.7020833846140428
Q113671369,Yuka Umemura,,,2000-01-09,,,,,,,,,,,女,,,,,,,,,,,,,,,,,,,,2000-01-09,2000,土|木|火|土|火|木,3.0,0.3333333333333333,0.3333333333333333,1.0986122886681096,0,training,QID:Q113671369,2000-01-09,133690,己卯,丁丑,丙寅,伤官,劫财,伤官,己,0,1,100.0,100.0,UMEMURA YUKA,1283.0,YUKA Umemura Kyushu Asteeda,https://tabletennis-reference.com/player/detail/1283,Japan,,178.0,2017/11,explicit_highest_only,17.85115368556507,26.0,,training,1,3.7295081967213113,0.6788816578845549,366,-0.7295081967213113,-1.0745734374301883
Q81878452,钱天一,,,2000-01-23,,,,,,,,,,,女,,,,,,,,,,,,,,,,,,,,2000-01-23,2000,土|木|火|土|金|土,4.0,0.5,0.33333333333333337,1.242453324894,0,training,QID:Q81878452,2000-01-23,119797,己卯,丁丑,庚辰,正印,正官,正印,己,0,1,100.0,100.0,QIAN TIANYI,2760.0,QIAN Tianyi,https://tabletennis-reference.com/player/detail/2760,China,216.0,5.0,2023/4,explicit_current_and_highest,23.22566514028351,25.0,,training,1,3.7295081967213113,0.6788816578845549,366,0.2704918032786887,0.39843734196849717
Q100150481,Su Pei-ling,,,2000-01-30,,,,,,,,,,,女,,,,,,,,,,,,,,,,,,,,2000-01-30,2000,土|木|火|土|火|水,4.0,0.3333333333333333,0.2777777777777778,1.3296613488547582,0,training,QID:Q100150481,2000-01-30,122716,己卯,丁丑,丁亥,食神,比肩,食神,己,1,1,100.0,100.0,SU PEI LING,2142.0,SU Pei-Ling,https://tabletennis-reference.com/player/detail/2142,Taiwan,,90.0,2022/6,explicit_highest_only,22.374176061110084,26.0,,training,1,3.7295081967213113,0.6788816578845549,366,0.2704918032786887,0.39843734196849717
Q134560842,Esteban Dorr,,,2000-03-11,,,,,,,,,,,男,,,,,,,,,,,,,,,,,,,,2000-03-11,2000,金|土|土|木|土|土,3.0,0.6666666666666666,0.5,0.8675632284814612,0,training,QID:Q134560842,2000-03-11,133652,庚辰,己卯,戊辰,食神,劫财,正官,乙,1,1,100.0,100.0,ESTEBAN DORR,5044.0,DORR Esteban,https://tabletennis-reference.com/player/detail/5044,France,121.0,99.0,2025/6,explicit_current_and_highest,25.26266795348296,26.0,,training,1,3.7295081967213113,0.6788816578845549,366,-0.7295081967213113,-1.0745734374301883
Q134548570,Florian Bourrassaud,,,2000-03-22,,,,,,,,,,,男,,,,,,,,,,,,,,,,,,,,2000-03-22,2000,金|土|土|木|土|木,3.0,0.5,0.3888888888888889,1.0114042647073516,0,training,QID:Q134548570,2000-03-22,120857,庚辰,己卯,己卯,伤官,比肩,七杀,乙,0,1,100.0,100.0,FLORIAN BOURRASSAUD,863.0,BOURRASSAUD Florian,https://tabletennis-reference.com/player/detail/863,France,112.0,89.0,2026/3,explicit_current_and_highest,25.979999589313948,26.0,,training,1,3.7295081967213113,0.6788816578845549,366,-0.7295081967213113,-1.0745734374301883
Q124360370,Mariam Alhodaby,,,2000-04-05,,,,,,,,,,,女,,,,,,,,,,,,,,,,,,,,2000-04-05,2000,金|土|金|土|水|火,4.0,0.3333333333333333,0.2777777777777778,1.3296613488547582,0,training,QID:Q124360370,2000-04-05,120726,庚辰,庚辰,癸巳,正印,正印,正官,戊,0,1,100.0,0.0,MARIAM ALHODABY,1604.0,ALHODABY Mariam,https://tabletennis-reference.com/player/detail/1604,Egypt,102.0,40.0,2022/5,explicit_current_and_highest,22.1085990814322,26.0,,training,1,3.7295081967213113,0.6788816578845549,366,0.2704918032786887,0.39843734196849717
Q100149484,Sabina Šurjan,,,2000-04-10,,,,,,,,,,,女,,,,,,,,,,,,,,,,,,,,2000-04-10,2000,金|土|金|土|土|土,2.0,0.6666666666666666,0.5555555555555556,0.6365141682948128,0,training,QID:Q100149484,2000-04-10,121074,庚辰,庚辰,戊戌,食神,食神,比肩,戊,1,1,100.0,100.0,SABINA SURJAN,1369.0,SURJAN Sabina,https://tabletennis-reference.com/player/detail/1369,Serbia,111.0,92.0,2026/7,explicit_current_and_highest,26.262004011033763,26.0,,training,1,3.7295081967213113,0.6788816578845549,366,-1.7295081967213113,-2.547584216828874
Q11483715,平野美宇,,,2000-04-14,,,,,,,,,,,女,,,,,,,,,,,,,,,,,,,,2000-04-14,2000,金|土|金|土|水|木,4.0,0.3333333333333333,0.2777777777777778,1.3296613488547582,0,training,QID:Q11483715,2000-04-14,117820,庚辰,庚辰,壬寅,偏印,偏印,七杀,戊,0,1,100.0,0.0,HIRANO MIU,62.0,MIU Hirano Kyushu Asteeda,https://tabletennis-reference.com/player/detail/62,Japan,26.0,5.0,2017/11,explicit_current_and_highest,17.588314612894173,26.0,,training,1,3.7295081967213113,0.6788816578845549,366,0.2704918032786887,0.39843734196849717
Q47501789,王楚钦,,,2000-05-11,,,,,,,,,,,男,,,,,,,,,,,,,,,,,,,,2000-05-11,2000,金|土|金|火|土|火,3.0,0.3333333333333333,0.3333333333333333,1.0986122886681096,0,training,QID:Q47501789,2000-05-11,121558,庚辰,辛巳,己巳,伤官,食神,正印,丙,0,1,100.0,0.0,WANG CHUQIN,1980.0,WANG Chuqin,https://tabletennis-reference.com/player/detail/1980,China,1.0,1.0,,inferred_from_current_only,,26.0,,training,1,3.7295081967213113,0.6788816578845549,366,-0.7295081967213113,-1.0745734374301883
Q31793132,Archana Kamath,,,2000-06-17,,,,,,,,,,,女,,,,,,,,,,,,,,,,,,,,2000-06-17,2000,金|土|水|火|火|火,4.0,0.5,0.33333333333333337,1.242453324894,0,training,QID:Q31793132,2000-06-17,123684,庚辰,壬午,丙午,偏财,七杀,劫财,丁,0,1,100.0,0.0,ARCHANA GIRISH KAMATH,1257.0,KAMATH Archana Girish,https://tabletennis-reference.com/player/detail/1257,India,,65.0,2022/5,explicit_highest_only,21.90873186992204,26.0,,training,1,3.7295081967213113,0.6788816578845549,366,0.2704918032786887,0.39843734196849717
Q26508825,卡納克·賈哈,,,2000-06-19,,,,,,,,,,,男,,,,,,,,,,,,,,,,,,,,2000-06-19,2000,金|土|水|火|土|金,4.0,0.3333333333333333,0.2777777777777778,1.3296613488547582,0,training,QID:Q26508825,2000-06-19,116021,庚辰,壬午,戊申,食神,偏财,正印,丁,1,1,100.0,100.0,KANAK JHA,342.0,JHA Kanak,https://tabletennis-reference.com/player/detail/342,United States,25.0,20.0,2023/1,explicit_current_and_highest,22.574043272620244,26.0,,training,1,3.7295081967213113,0.6788816578845549,366,0.2704918032786887,0.39843734196849717
Q27917566,早田希娜,,,2000-07-07,,,,,,,,,,,女,,,,,,,,,,,,,,,,,,,,2000-07-07,2000,金|土|水|土|火|木,5.0,0.3333333333333333,0.2222222222222222,1.5607104090414063,1,training,QID:Q27917566,2000-07-07,123672,庚辰,癸未,丙寅,偏财,正官,伤官,己,0,1,100.0,0.0,HINA HAYATA,1101.0,HINA Hayata Nissay Redelf,https://tabletennis-reference.com/player/detail/1101,Japan,6.0,4.0,2023/10,explicit_current_and_highest,23.272209559402317,26.0,,training,1,3.7295081967213113,0.6788816578845549,366,1.2704918032786887,1.8714481213671827
Q26789878,布鲁娜·高桥,,,2000-07-19,,,,,,,,,,,女,,,,,,,,,,,,,,,,,,,,2000-07-19,2000,金|土|水|土|土|木,4.0,0.5,0.33333333333333337,1.242453324894,0,training,QID:Q26789878,2000-07-19,121623,庚辰,癸未,戊寅,食神,正财,劫财,己,1,1,100.0,0.0,BRUNA TAKAHASHI,1215.0,TAKAHASHI Bruna,https://tabletennis-reference.com/player/detail/1215,Brazil,27.0,16.0,2025/10,explicit_current_and_highest,25.24076469742705,26.0,,training,1,3.7295081967213113,0.6788816578845549,366,0.2704918032786887,0.39843734196849717
Q67180919,Abir Haj Salah,,,2000-08-06,,,,,,,,,,,女,,,,,,,,,,,,,,,,,,,,2000-08-06,2000,金|土|水|土|火|金,4.0,0.3333333333333333,0.2777777777777778,1.3296613488547582,0,training,QID:Q67180919,2000-08-06,120020,庚辰,癸未,丙申,偏财,正官,伤官,己,0,1,100.0,100.0,ABIR HAJ SALAH,1786.0,HAJ SALAH Abir,https://tabletennis-reference.com/player/detail/1786,Tunisia,212.0,190.0,2026/3,explicit_current_and_highest,25.604906329356524,26.0,,training,1,3.7295081967213113,0.6788816578845549,366,0.2704918032786887,0.39843734196849717
Q99708665,安德烈娅·德拉戈曼,,,2000-08-18,,,,,,,,,,,女,,,,,,,,,,,,,,,,,,,,2000-08-18,2000,金|土|木|金|土|金,3.0,0.5,0.3888888888888889,1.0114042647073518,0,training,QID:Q99708665,2000-08-18,122428,庚辰,甲申,戊申,食神,七杀,食神,庚,1,1,100.0,100.0,ANDREEA DRAGOMAN,1201.0,DRAGOMAN Andreea,https://tabletennis-reference.com/player/detail/1201,Romania,57.0,48.0,2026/2,explicit_current_and_highest,25.49539004907698,26.0,,training,1,3.7295081967213113,0.6788816578845549,366,-0.7295081967213113,-1.0745734374301883
Q11380376,伊藤美誠,,,2000-10-21,,,,,,,,,,,女,,,,,,,,,,,,,,,,,,,,2000-10-21,2000,金|土|火|土|水|水,4.0,0.3333333333333333,0.2777777777777778,1.3296613488547582,0,training,QID:Q11380376,2000-10-21,117821,庚辰,丙戌,壬子,偏印,偏财,七杀,戊,0,1,100.0,100.0,ITO MIMA,49.0,MIMA Ito Nissay Redelf,https://tabletennis-reference.com/player/detail/49,Japan,24.0,2.0,2021/7,explicit_current_and_highest,20.73143185691698,25.0,,training,1,3.7295081967213113,0.6788816578845549,366,0.2704918032786887,0.39843734196849717
Q22002897,阿德里亞娜·迪亞茲,,,2000-10-31,,,,,,,,,,,女,,,,,,,,,,,,,,,,,,,,2000-10-31,2000,金|土|火|土|水|土,4.0,0.5,0.33333333333333337,1.242453324894,0,training,QID:Q22002897,2000-10-31,115009,庚辰,丙戌,壬戌,偏印,偏财,七杀,戊,0,1,100.0,100.0,ADRIANA DIAZ,1139.0,DIAZ Adriana Kinoshita Abyell Kanagawa,https://tabletennis-reference.com/player/detail/1139,Puerto Rico,20.0,9.0,2022/6,explicit_current_and_highest,21.621251634188244,25.0,,training,1,3.7295081967213113,0.6788816578845549,366,0.2704918032786887,0.39843734196849717
Q32772779,孫穎莎,,,2000-11-04,,,,,,,,,,,女,,,,,,,,,,,,,,,,,,,,2000-11-04,2000,金|土|火|土|火|木,4.0,0.3333333333333333,0.2777777777777778,1.3296613488547582,0,training,QID:Q32772779,2000-11-04,131163,庚辰,丙戌,丙寅,偏财,比肩,食神,戊,0,1,100.0,100.0,SUN YINGSHA,2746.0,SUN Yingsha,https://tabletennis-reference.com/player/detail/2746,China,2.0,1.0,2026/8,explicit_current_and_highest,25.7773944707968,25.0,,training,1,3.7295081967213113,0.6788816578845549,366,0.2704918032786887,0.39843734196849717
Q108122766,魏睿萱,,,2001-02-26,,,,,,,,,,,女,,,,,,,,,,,,,,,,,,,,2001-02-26,2001,金|火|金|木|金|金,3.0,0.6666666666666666,0.5,0.8675632284814612,0,training,QID:Q108122766,2001-02-26,123579,辛巳,庚寅,庚申,劫财,比肩,偏财,甲,0,1,100.0,100.0,GOI RUI XUAN,1471.0,GOI Rui Xuan,https://tabletennis-reference.com/player/detail/1471,Singapore,,93.0,2022/5,explicit_highest_only,21.21330349014696,25.0,,training,1,3.758904109589041,0.7239686898317435,365,-0.7589041095890412,-1.0482554290647805
Q97315628,Lev Katsman,,,2001-03-31,,,,,,,,,,,男,,,,,,,,,,,,,,,,,,,,2001-03-31,2001,金|火|金|木|水|火,4.0,0.3333333333333333,0.2777777777777778,1.3296613488547582,0,training,QID:Q97315628,2001-03-31,123282,辛巳,辛卯,癸巳,偏印,偏印,食神,乙,0,1,100.0,100.0,LEV KATSMAN,530.0,KATSMAN Lev,https://tabletennis-reference.com/player/detail/530,Russian Federation,237.0,174.0,2026/8,explicit_current_and_highest,25.37492214076949,25.0,,training,1,3.758904109589041,0.7239686898317435,365,0.2410958904109588,0.33301977529855825
Q101200018,Takeru Kashiwa,,,2001-04-10,,,,,,,,,,,男,,,,,,,,,,,,,,,,,,,,2001-04-10,2001,金|火|水|土|水|木,5.0,0.3333333333333333,0.2222222222222222,1.5607104090414063,1,training,QID:Q101200018,2001-04-10,123882,辛巳,壬辰,癸卯,偏印,劫财,正官,戊,0,1,100.0,100.0,KASHIWA TAKERU,504.0,TAKERU Kashiwa Okayama Rivets,https://tabletennis-reference.com/player/detail/504,Japan,,408.0,2019/6,explicit_highest_only,18.17970252640369,25.0,,training,1,3.758904109589041,0.7239686898317435,365,1.2410958904109588,1.714294979661897
Q56825264,边松景,,,2001-06-24,,,,,,,,,,,女,,,,,,,,,,,,,,,,,,,,2001-06-24,2001,金|火|木|火|土|火,4.0,0.5,0.33333333333333337,1.242453324894,0,training,QID:Q56825264,2001-06-24,132886,辛巳,甲午,戊午,伤官,七杀,正印,丁,0,1,100.0,100.0,PYON SONG GYONG,2061.0,PYON Song Gyong,https://tabletennis-reference.com/player/detail/2061,"Korea, Democratic People's Republic of",179.0,56.0,2024/9,explicit_current_and_highest,23.2284030472905,25.0,,training,1,3.758904109589041,0.7239686898317435,365,0.2410958904109588,0.33301977529855825
Q81941578,宇田幸矢,,,2001-08-06,,,,,,,,,,,男,,,,,,,,,,,,,,,,,,,,2001-08-06,2001,金|火|木|土|金|土,4.0,0.3333333333333333,0.2777777777777778,1.3296613488547582,0,training,QID:Q81941578,2001-08-06,122777,辛巳,乙未,辛丑,比肩,偏财,偏印,己,0,1,100.0,100.0,YUKIYA UDA,264.0,YUKIYA Uda T.T Saitama,https://tabletennis-reference.com/player/detail/264,Japan,26.0,19.0,2023/6,explicit_current_and_highest,21.856711636789257,25.0,,training,1,3.758904109589041,0.7239686898317435,365,0.2410958904109588,0.33301977529855825
Q107634158,Dimitrije Levajac,,,2001-08-14,,,,,,,,,,,男,,,,,,,,,,,,,,,,,,,,2001-08-14,2001,金|火|火|金|土|金,3.0,0.5,0.3888888888888889,1.0114042647073518,0,training,QID:Q107634158,2001-08-14,123192,辛巳,丙申,己酉,食神,正印,伤官,庚,1,1,100.0,100.0,DIMITRIJE LEVAJAC,808.0,LEVAJAC Dimitrije,https://tabletennis-reference.com/player/detail/808,Serbia,138.0,132.0,2026/8,explicit_current_and_highest,25.002566787819053,25.0,,training,1,3.758904109589041,0.7239686898317435,365,-0.7589041095890412,-1.0482554290647805
Q20063561,林昀儒,,,2001-08-17,,,,,,,,,,,男,,,,,,,,,,,,,,,,,,,,2001-08-17,2001,金|火|火|金|水|水,3.0,0.3333333333333333,0.3333333333333333,1.0986122886681096,0,training,QID:Q20063561,2001-08-17,121582,辛巳,丙申,壬子,正印,偏财,偏印,庚,0,1,100.0,100.0,LIN YUN JU,1898.0,LIN Yun-Ju Kinoshita Meister Tokyo,https://tabletennis-reference.com/player/detail/1898,Taiwan,6.0,6.0,,inferred_from_current_only,,25.0,,training,1,3.758904109589041,0.7239686898317435,365,-0.7589041095890412,-1.0482554290647805
Q133503960,Santiago Lorenzo,,,2001-09-21,,,,,,,,,,,男,,,,,,,,,,,,,,,,,,,,2001-09-21,2001,金|火|火|金|火|水,3.0,0.5,0.3888888888888889,1.0114042647073516,0,training,QID:Q133503960,2001-09-21,132793,辛巳,丁酉,丁亥,偏财,比肩,偏财,辛,0,1,100.0,100.0,SANTIAGO LORENZO,5144.0,LORENZO Santiago,https://tabletennis-reference.com/player/detail/5144,Argentina,157.0,70.0,2023/8,explicit_current_and_highest,21.897780241894083,25.0,,training,1,3.758904109589041,0.7239686898317435,365,-0.7589041095890412,-1.0482554290647805
Q104621067,Laura Tiefenbrunner,,,2001-12-01,,,,,,,,,,,女,,,,,,,,,,,,,,,,,,,,2001-12-01,2001,金|火|土|水|土|土,4.0,0.5,0.33333333333333337,1.242453324894,0,training,QID:Q104621067,2001-12-01,132770,辛巳,己亥,戊戌,伤官,劫财,偏财,壬,0,1,100.0,100.0,LAURA TIEFENBRUNNER,1433.0,TIEFENBRUNNER Laura,https://tabletennis-reference.com/player/detail/1433,Germany,,332.0,2017/4,explicit_highest_only,15.370609937233482,25.0,,training,1,3.758904109589041,0.7239686898317435,365,0.2410958904109588,0.33301977529855825
Q58048692,Franziska Schreiner,,,2001-12-22,,,,,,,,,,,女,,,,,,,,,,,,,,,,,,,,2001-12-22,2001,金|火|金|水|土|土,4.0,0.3333333333333333,0.2777777777777778,1.3296613488547582,0,training,QID:Q58048692,2001-12-22,131086,辛巳,庚子,己未,食神,伤官,偏财,癸,1,1,100.0,100.0,FRANZISKA SCHREINER,1577.0,SCHREINER Franziska,https://tabletennis-reference.com/player/detail/1577,Germany,142.0,96.0,2024/7,explicit_current_and_highest,22.56309164459229,25.0,,training,1,3.758904109589041,0.7239686898317435,365,0.2410958904109588,0.33301977529855825
Q67180909,Fadwa Garci,,,2002-02-06,,,,,,,,,,,女,,,,,,,,,,,,,,,,,,,,2002-02-06,2002,水|火|水|木|木|火,3.0,0.3333333333333333,0.3333333333333333,1.0986122886681096,0,training,QID:Q67180909,2002-02-06,117150,壬午,壬寅,乙巳,正印,正印,劫财,甲,0,1,100.0,100.0,FADWA GARCI,1779.0,GARCI Fadwa,https://tabletennis-reference.com/player/detail/1779,Tunisia,288.0,133.0,2022/5,explicit_current_and_highest,20.26872557273592,24.0,,training,1,3.841095890410959,0.6968996523138412,365,-0.8410958904109589,-1.206911048984396
Q83699517,图鲁斯·莫雷高德,,,2002-02-16,,,,,,,,,,,男,,,,,,,,,,,,,,,,,,,,2002-02-16,2002,水|火|水|木|木|木,3.0,0.5,0.3888888888888889,1.0114042647073518,0,training,QID:Q83699517,2002-02-16,122044,壬午,壬寅,乙卯,正印,正印,劫财,甲,0,0,,,,,,,,,,,,,,No sufficiently confident site match. Top candidates: ,training,1,3.841095890410959,0.6968996523138412,365,-0.8410958904109589,-1.206911048984396
Q55102290,弗拉基米爾·斯多倫科,,,2002-04-07,,,,,,,,,,,男,,,,,,,,,,,,,,,,,,,,2002-04-07,2002,水|火|木|土|木|火,4.0,0.3333333333333333,0.2777777777777778,1.329661348854758,0,training,QID:Q55102290,2002-04-07,124576,壬午,甲辰,乙巳,正印,劫财,正财,戊,0,1,100.0,100.0,VLADIMIR SIDORENKO,394.0,SIDORENKO Vladimir Shizuoka-JADE,https://tabletennis-reference.com/player/detail/394,Russian Federation,17.0,16.0,2026/8,explicit_current_and_highest,24.356420734169763,24.0,,training,1,3.841095890410959,0.6968996523138412,365,0.1589041095890411,0.22801576821203573
Q134569900,Ryu Han-na,,,2002-04-20,,,,,,,,,,,女,,,,,,,,,,,,,,,,,,,,2002-04-20,2002,水|火|木|土|土|火,4.0,0.3333333333333333,0.2777777777777778,1.3296613488547582,0,training,QID:Q134569900,2002-04-20,132701,壬午,甲辰,戊午,偏财,七杀,比肩,戊,0,0,,,,,,,,,,,,,,"Search candidate matched, but detail-page name check failed: 'RYU Hanna Kinoshita Abyell Kanagawa', score=46.2",training,1,3.841095890410959,0.6968996523138412,365,0.1589041095890411,0.22801576821203573
Q113551028,Musfiquh Kalam,,,2002-05-01,,,,,,,,,,,女,,,,,,,,,,,,,,,,,,,,2002-05-01,2002,水|火|木|土|土|火,4.0,0.3333333333333333,0.2777777777777778,1.3296613488547582,0,training,QID:Q113551028,2002-05-01,133647,壬午,甲辰,己巳,正财,正官,劫财,戊,0,1,100.0,100.0,MUSFIQUH KALAM,7180.0,KALAM Musfiquh,https://tabletennis-reference.com/player/detail/7180,South Africa,264.0,198.0,2023/6,explicit_current_and_highest,21.12295255891633,,,training,1,3.841095890410959,0.6968996523138412,365,0.1589041095890411,0.22801576821203573
Q136690514,冯耀恩,,,2002-05-08,,,,,,,,,,,男,,,,,,,,,,,,,,,,,,,,2002-05-08,2002,水|火|木|火|火|水,3.0,0.5,0.3888888888888889,1.0114042647073518,0,training,QID:Q136690514,2002-05-08,131912,壬午,乙巳,丙子,七杀,正印,比肩,丙,0,1,100.0,100.0,PANG YEW EN KOEN,756.0,PANG Yew En Koen,https://tabletennis-reference.com/player/detail/756,Singapore,116.0,77.0,2024/2,explicit_current_and_highest,21.7745744265796,24.0,,training,1,3.841095890410959,0.6968996523138412,365,-0.8410958904109589,-1.206911048984396
Q67180922,Manel Baklouti,,,2002-05-19,,,,,,,,,,,女,,,,,,,,,,,,,,,,,,,,2002-05-19,2002,水|火|木|火|火|水,3.0,0.5,0.3888888888888889,1.0114042647073518,0,training,QID:Q67180922,2002-05-19,121721,壬午,乙巳,丁亥,正官,偏印,劫财,丙,0,1,100.0,100.0,MANEL BAKLOUTI,1820.0,BAKLOUTI Manel,https://tabletennis-reference.com/player/detail/1820,Tunisia,,529.0,2017/2,explicit_highest_only,14.7463671396401,24.0,,training,1,3.841095890410959,0.6968996523138412,365,-0.8410958904109589,-1.206911048984396
Q123115642,刘杨子,,,2002-06-06,,,,,,,,,,,女,,,,,,,,,,,,,,,,,,,,2002-06-06,2002,水|火|火|火|木|火,3.0,0.6666666666666666,0.5,0.8675632284814612,0,training,QID:Q123115642,2002-06-06,137627,壬午,丙午,乙巳,正印,伤官,食神,丁,0,1,100.0,100.0,LIU YANGZI,8945.0,LIU Yangzi,https://tabletennis-reference.com/player/detail/8945,Portugal,41.0,25.0,2024/3,explicit_current_and_highest,21.7745744265796,,,training,1,3.841095890410959,0.6968996523138412,365,-0.8410958904109589,-1.206911048984396
Q90863016,Kyōka Idesawa,,,2002-06-28,,,,,,,,,,,女,,,,,,,,,,,,,,,,,,,,2002-06-28,2002,水|火|火|火|火|木,3.0,0.6666666666666666,0.5,0.8675632284814612,0,training,QID:Q90863016,2002-06-28,144633,壬午,丙午,丁卯,正官,劫财,比肩,丁,0,1,100.0,100.0,IDESAWA KYOKA,9656.0,IDESAWA Kyoka Top Nagoya,https://tabletennis-reference.com/player/detail/9656,Japan,230.0,62.0,2025/10,explicit_current_and_highest,23.2995886294722,24.0,,training,1,3.841095890410959,0.6968996523138412,365,-0.8410958904109589,-1.206911048984396
Q108461095,卡米耶·卢茨,,,2002-07-17,,,,,,,,,,,女,,,,,,,,,,,,,,,,,,,,2002-07-17,2002,水|火|火|土|火|土,3.0,0.5,0.3888888888888889,1.0114042647073516,0,training,QID:Q108461095,2002-07-17,123550,壬午,丁未,丙戌,七杀,劫财,伤官,己,0,1,100.0,100.0,CAMILLE LUTZ,1586.0,LUTZ Camille,https://tabletennis-reference.com/player/detail/1586,France,106.0,76.0,2023/10,explicit_current_and_highest,21.24615837423082,24.0,,training,1,3.841095890410959,0.6968996523138412,365,-0.8410958904109589,-1.206911048984396
Q107708205,Daniela Fonseca,,,2002-07-24,,,,,,,,,,,女,,,,,,,,,,,,,,,,,,,,2002-07-24,2002,水|火|火|土|水|火,3.0,0.5,0.3888888888888889,1.0114042647073518,0,training,QID:Q107708205,2002-07-24,124042,壬午,丁未,癸巳,劫财,偏财,七杀,己,0,1,100.0,0.0,DANIELA FONSECA,6125.0,FONSECA CARRAZANA Daniela,https://tabletennis-reference.com/player/detail/6125,Cuba,583.0,98.0,2025/6,explicit_current_and_highest,22.8943783924379,,,training,1,3.841095890410959,0.6968996523138412,365,-0.8410958904109589,-1.206911048984396
Q105258982,Yumeno Sōma,,,2002-08-17,,,,,,,,,,,女,,,,,,,,,,,,,,,,,,,,2002-08-17,2002,水|火|土|金|火|火,4.0,0.5,0.33333333333333337,1.242453324894,0,training,QID:Q105258982,2002-08-17,134995,壬午,戊申,丁巳,正官,伤官,正财,庚,0,1,100.0,100.0,SOMA YUMENO,5156.0,SOMA Yumeno,https://tabletennis-reference.com/player/detail/5156,Japan,,86.0,2019/8,explicit_highest_only,16.994188792377667,24.0,,training,1,3.841095890410959,0.6968996523138412,365,0.1589041095890411,0.22801576821203573
Q128305972,Hanitra Karen Raharimanana,,,2002-10-15,,,,,,,,,,,女,,,,,,,,,,,,,,,,,,,,2002-10-15,2002,水|火|金|土|火|土,4.0,0.3333333333333333,0.2777777777777778,1.329661348854758,0,training,QID:Q128305972,2002-10-15,131141,壬午,庚戌,丙辰,七杀,偏财,食神,戊,0,1,100.0,100.0,RAHARIMANANA,1789.0,RAHARIMANANA Hanitra,https://tabletennis-reference.com/player/detail/1789,France,206.0,135.0,2025/10,explicit_current_and_highest,23.00115676571045,24.0,,training,1,3.841095890410959,0.6968996523138412,365,0.1589041095890411,0.22801576821203573
Q113638596,Özge Yılmaz,,,2002-11-04,,,,,,,,,,,女,,,,,,,,,,,,,,,,,,,,2002-11-04,2002,水|火|金|土|火|水,4.0,0.3333333333333333,0.2777777777777778,1.3296613488547582,0,training,QID:Q113638596,2002-11-04,133026,壬午,庚戌,丙子,七杀,偏财,食神,戊,0,1,100.0,100.0,OZGE YILMAZ,1514.0,YILMAZ Ozge,https://tabletennis-reference.com/player/detail/1514,Turkey,305.0,139.0,2022/3,explicit_current_and_highest,19.35974044641574,24.0,,training,1,3.841095890410959,0.6968996523138412,365,0.1589041095890411,0.22801576821203573
Q107720854,Batmönkhiin Bolor-Erdene,,,2002-11-12,,,,,,,,,,,女,,,,,,,,,,,,,,,,,,,,2002-11-12,2002,水|火|金|水|木|金,4.0,0.3333333333333333,0.2777777777777778,1.3296613488547582,0,training,QID:Q107720854,2002-11-12,132126,壬午,辛亥,甲申,偏印,正官,偏印,壬,0,0,,,,,,,,,,,,,,No sufficiently confident site match. Top candidates: ,training,1,3.841095890410959,0.6968996523138412,365,0.1589041095890411,0.22801576821203573
Q107629613,Nikhil Kumar,,,2003-01-01,,,,,,,,,,,男,,,,,,,,,,,,,,,,,,,,2003-01-01,2003,水|火|水|水|木|土,4.0,0.5,0.3333333333333333,1.2424533248940002,0,training,QID:Q107629613,2003-01-01,119463,壬午,壬子,甲戌,偏印,偏印,正印,癸,0,1,100.0,100.0,NIKHIL KUMAR,844.0,KUMAR Nikhil,https://tabletennis-reference.com/player/detail/844,United States,192.0,165.0,2022/2,explicit_current_and_highest,19.12428044381473,23.0,,training,1,3.495890410958904,0.6737704218529051,365,0.504109589041096,0.7481919251586725
Q137604742,Mohammad Mousavi,,,2003-02-22,,,,,,,,,,,男,,,,,,,,,,,,,,,,,,,,2003-02-22,2003,水|土|木|木|火|木,4.0,0.5,0.33333333333333337,1.242453324894,0,training,QID:Q137604742,2003-02-22,134268,癸未,甲寅,丙寅,正官,偏印,偏印,甲,0,1,100.0,100.0,MOHAMMAD MOUSAVI,5702.0,MOUSAVI TAHER Mohammad,https://tabletennis-reference.com/player/detail/5702,"Iran, Islamic Republic of",,409.0,2022/5,explicit_highest_only,19.2255830030733,,,training,1,3.495890410958904,0.6737704218529051,365,0.504109589041096,0.7481919251586725
Q113258356,向鹏,,,2003-03-07,,,,,,,,,,,男,,,,,,,,,,,,,,,,,,,,2003-03-07,2003,水|土|木|木|土|木,3.0,0.5,0.3888888888888889,1.0114042647073516,0,training,QID:Q113258356,2003-03-07,135888,癸未,乙卯,己卯,偏财,七杀,七杀,乙,0,1,100.0,100.0,XIANG PENG,7047.0,XIANG Peng,https://tabletennis-reference.com/player/detail/7047,China,22.0,8.0,2025/5,explicit_current_and_highest,22.19073629164185,,,training,1,3.495890410958904,0.6737704218529051,365,-0.49589041095890396,-0.7359931437702155
Q104596137,Sophia Klee,,,2003-05-08,,,,,,,,,,,女,,,,,,,,,,,,,,,,,,,,2003-05-08,2003,水|土|火|火|金|火,4.0,0.5,0.33333333333333337,1.242453324894,0,training,QID:Q104596137,2003-05-08,132978,癸未,丁巳,辛巳,食神,七杀,正官,丙,1,1,100.0,100.0,SOPHIA KLEE,1675.0,KLEE Sophia,https://tabletennis-reference.com/player/detail/1675,Germany,241.0,218.0,2025/5,explicit_current_and_highest,22.020986057208567,23.0,,training,1,3.495890410958904,0.6737704218529051,365,0.504109589041096,0.7481919251586725
Q108940480,Yūma Tanigaki,,,2003-06-03,,,,,,,,,,,男,,,,,,,,,,,,,,,,,,,,2003-06-03,2003,水|土|火|火|火|土,3.0,0.5,0.3888888888888889,1.0114042647073516,0,training,QID:Q108940480,2003-06-03,135625,癸未,丁巳,丁未,七杀,比肩,劫财,丙,0,1,100.0,100.0,TANIGAKI YUMA,5710.0,TANIGAKI Yuma Kanazawa-PORT,https://tabletennis-reference.com/player/detail/5710,Japan,,413.0,2022/5,explicit_highest_only,18.94905439536746,23.0,,training,1,3.495890410958904,0.6737704218529051,365,-0.49589041095890396,-0.7359931437702155
Q27917476,張本智和,,,2003-06-27,,,,,,,,,,,男,,,,,,,,,,,,,,,,,,,,2003-06-27,2003,水|土|土|火|金|土,4.0,0.5,0.33333333333333337,1.242453324894,0,training,QID:Q27917476,2003-06-27,123980,癸未,戊午,辛未,食神,正印,七杀,丁,1,1,100.0,100.0,HARIMOTO TOMOKAZU,250.0,TOMOKAZU Harimoto Okayama Rivets,https://tabletennis-reference.com/player/detail/250,Japan,4.0,2.0,2026/6,explicit_current_and_highest,22.96830188162659,23.0,,training,1,3.495890410958904,0.6737704218529051,365,0.504109589041096,0.7481919251586725
Q113091289,艾利克斯·勒布伦,,,2003-08-27,,,,,,,,,,,男,,,,,,,,,,,,,,,,,,,,2003-08-27,2003,水|土|金|金|水|金,3.0,0.5,0.3888888888888889,1.0114042647073518,0,training,QID:Q113091289,2003-08-27,132992,癸未,庚申,壬申,劫财,偏印,偏印,庚,0,1,100.0,0.0,ALEXIS LEBRUN,2128.0,LEBRUN Alexis,https://tabletennis-reference.com/player/detail/2128,France,9.0,9.0,,inferred_from_current_only,,23.0,,training,1,3.495890410958904,0.6737704218529051,365,-0.49589041095890396,-0.7359931437702155
Q109918635,Kazuki Hamada,,,2003-09-12,,,,,,,,,,,男,,,,,,,,,,,,,,,,,,,,2003-09-12,2003,水|土|金|金|土|水,3.0,0.3333333333333333,0.3333333333333333,1.0986122886681096,0,training,QID:Q109918635,2003-09-12,134583,癸未,辛酉,戊子,正财,伤官,伤官,辛,0,1,100.0,100.0,HAMADA KAZUKI,5041.0,HAMADA Kazuki Shizuoka-JADE,https://tabletennis-reference.com/player/detail/5041,Japan,58.0,46.0,2025/11,explicit_current_and_highest,22.177046756606916,23.0,,training,1,3.495890410958904,0.6737704218529051,365,-0.49589041095890396,-0.7359931437702155
Q108777169,篠塚大登,,,2003-12-23,,,,,,,,,,,男,,,,,,,,,,,,,,,,,,,,2003-12-23,2003,水|土|木|水|金|火,5.0,0.3333333333333333,0.2222222222222222,1.5607104090414063,1,training,QID:Q108777169,2003-12-23,134442,癸未,甲子,庚午,伤官,偏财,伤官,癸,0,1,100.0,0.0,HIROTO SHINOZUKA,5043.0,SHINOZUKA Hiroto Ryukyu Asteeda,https://tabletennis-reference.com/player/detail/5043,Japan,18.0,17.0,2026/8,explicit_current_and_highest,22.645228854801942,22.0,,training,1,3.495890410958904,0.6737704218529051,365,1.504109589041096,2.2323769940875606
Q131340292,Khalil Sta,,,2004-01-04,,,,,,,,,,,男,,,,,,,,,,,,,,,,,,,,2004-01-04,2004,水|土|木|水|水|火,4.0,0.5,0.3333333333333333,1.2424533248940002,0,training,QID:Q131340292,2004-01-04,131040,癸未,甲子,壬午,劫财,食神,劫财,癸,0,1,100.0,100.0,KHALIL STA,6567.0,STA Khalil,https://tabletennis-reference.com/player/detail/6567,Tunisia,,236.0,2024/3,explicit_highest_only,20.19480208354723,,,training,1,3.849726775956284,0.6297095931613557,366,0.1502732240437159,0.23863893082729354
Q108776991,橫井笑櫻,,,2004-04-23,,,,,,,,,,,女,,,,,,,,,,,,,,,,,,,,2004-04-23,2004,木|金|土|土|水|金,4.0,0.3333333333333333,0.2777777777777778,1.3296613488547582,0,training,QID:Q108776991,2004-04-23,135935,甲申,戊辰,壬申,食神,七杀,七杀,戊,1,1,100.0,100.0,SAKURA YOKOI,6976.0,YOKOI Sakura Nipponpaint Mallets,https://tabletennis-reference.com/player/detail/6976,Japan,22.0,22.0,,inferred_from_current_only,,22.0,,training,1,3.849726775956284,0.6297095931613557,366,0.1502732240437159,0.23863893082729354
Q84790226,大藤沙月,,,2004-05-16,,,,,,,,,,,女,,,,,,,,,,,,,,,,,,,,2004-05-16,2004,木|金|土|火|木|土,4.0,0.3333333333333333,0.2777777777777778,1.3296613488547582,0,training,QID:Q84790226,2004-05-16,133405,甲申,己巳,乙未,劫财,偏财,伤官,丙,0,1,100.0,100.0,ODO SATSUKI,1385.0,SATSUKI Odo Nipponpaint Mallets,https://tabletennis-reference.com/player/detail/1385,Japan,12.0,7.0,2025/1,explicit_current_and_highest,20.668459995756244,22.0,,training,1,3.849726775956284,0.6297095931613557,366,0.1502732240437159,0.23863893082729354
Q131721491,蒂博·波雷,,,2004-06-30,,,,,,,,,,,男,,,,,,,,,,,,,,,,,,,,2004-06-30,2004,木|金|金|火|金|土,4.0,0.5,0.3333333333333333,1.2424533248940002,0,training,QID:Q131721491,2004-06-30,134718,甲申,庚午,庚辰,偏财,比肩,正官,丁,0,1,100.0,100.0,THIBAULT PORET,5871.0,PORET Thibault,https://tabletennis-reference.com/player/detail/5871,France,21.0,21.0,,inferred_from_current_only,,22.0,,training,1,3.849726775956284,0.6297095931613557,366,0.1502732240437159,0.23863893082729354
Q132431644,Kaho Akae,,,2004-07-03,,,,,,,,,,,女,,,,,,,,,,,,,,,,,,,,2004-07-03,2004,木|金|金|火|水|土,5.0,0.3333333333333333,0.2222222222222222,1.5607104090414063,1,training,QID:Q132431644,2004-07-03,136309,甲申,庚午,癸未,伤官,正印,偏财,丁,0,1,100.0,100.0,AKAE KAHO,7562.0,AKAE Kaho Nissay Redelf,https://tabletennis-reference.com/player/detail/7562,Japan,37.0,32.0,2026/7,explicit_current_and_highest,22.03193768523652,,,training,1,3.849726775956284,0.6297095931613557,366,1.150273224043716,1.8266725432416462
Q103908823,申裕斌,,,2004-07-05,,,,,,,,,,,女,,,,,,,,,,,,,,,,,,,,2004-07-05,2004,木|金|金|火|木|金,3.0,0.5,0.3888888888888889,1.0114042647073518,0,training,QID:Q103908823,2004-07-05,123977,甲申,庚午,乙酉,劫财,正官,食神,丁,0,1,100.0,0.0,SHIN YU BIN,1406.0,SHIN Yubin Kyushu Asteeda,https://tabletennis-reference.com/player/detail/1406,"Korea, Republic of",11.0,7.0,2024/8,explicit_current_and_highest,20.11266487333757,22.0,,training,1,3.849726775956284,0.6297095931613557,366,-0.8497267759562841,-1.3493946815870592
Q128031820,Rachel Sung,,,2004-07-09,,,,,,,,,,,女,,,,,,,,,,,,,,,,,,,,2004-07-09,2004,木|金|金|土|土|土,3.0,0.5,0.3888888888888889,1.0114042647073518,0,training,QID:Q128031820,2004-07-09,121250,甲申,辛未,己丑,正官,食神,比肩,己,0,1,100.0,0.0,RACHEL SUNG,2930.0,SUNG Rachel,https://tabletennis-reference.com/player/detail/2930,United States,,168.0,2023/9,explicit_highest_only,19.184514397968474,21.0,,training,1,3.849726775956284,0.6297095931613557,366,-0.8497267759562841,-1.3493946815870592
Q108940608,Ryōichi Yoshiyama,,,2004-07-16,,,,,,,,,,,男,,,,,,,,,,,,,,,,,,,,2004-07-16,2004,木|金|金|土|火|金,4.0,0.5,0.3333333333333333,1.2424533248940002,0,training,QID:Q108940608,2004-07-16,136757,甲申,辛未,丙申,偏印,正财,伤官,己,0,1,100.0,100.0,RYOICHI YOSHIYAMA,8222.0,YOSHIYAMA Ryoichi Kinoshita Meister Tokyo,https://tabletennis-reference.com/player/detail/8222,Japan,60.0,55.0,2026/2,explicit_current_and_highest,21.585658843097395,22.0,,training,1,3.849726775956284,0.6297095931613557,366,0.1502732240437159,0.23863893082729354
Q117127064,Louis Laffineur,,,2004-07-31,,,,,,,,,,,男,,,,,,,,,,,,,,,,,,,,2004-07-31,2004,木|金|金|土|金|水,4.0,0.5,0.33333333333333337,1.242453324894,0,training,QID:Q117127064,2004-07-31,131756,甲申,辛未,辛亥,正财,比肩,偏印,己,0,1,100.0,100.0,LOUIS LAFFINEUR,5269.0,LAFFINEUR Louis,https://tabletennis-reference.com/player/detail/5269,Belgium,,194.0,2022/5,explicit_highest_only,17.788181824404333,22.0,,training,1,3.849726775956284,0.6297095931613557,366,0.1502732240437159,0.23863893082729354
Q63349575,普利西卡·帕瓦德,,,2004-08-02,,,,,,,,,,,女,,,,,,,,,,,,,,,,,,,,2004-08-02,2004,木|金|金|土|水|土,4.0,0.3333333333333333,0.2777777777777778,1.3296613488547582,0,training,QID:Q63349575,2004-08-02,131100,甲申,辛未,癸丑,伤官,偏印,七杀,己,0,1,100.0,0.0,PRITHIKA PAVADE,1424.0,PAVADE Prithika,https://tabletennis-reference.com/player/detail/1424,France,40.0,18.0,2024/7,explicit_current_and_highest,19.951128359925256,22.0,,training,1,3.849726775956284,0.6297095931613557,366,0.1502732240437159,0.23863893082729354
Q113665558,Hana Arapović,,,2004-08-26,,,,,,,,,,,女,,,,,,,,,,,,,,,,,,,,2004-08-26,2004,木|金|水|金|火|土,5.0,0.3333333333333333,0.2222222222222222,1.5607104090414063,1,training,QID:Q113665558,2004-08-26,132756,甲申,壬申,丁丑,正印,正官,正财,庚,0,1,100.0,100.0,HANA ARAPOVIC,4952.0,ARAPOVIC Hana,https://tabletennis-reference.com/player/detail/4952,Croatia,88.0,88.0,,inferred_from_current_only,,22.0,,training,1,3.849726775956284,0.6297095931613557,366,1.150273224043716,1.8266725432416462
Q126392323,高承睿,,,2004-12-25,,,,,,,,,,,男,,,,,,,,,,,,,,,,,,,,2004-12-25,2004,木|金|火|水|土|木,5.0,0.3333333333333333,0.22222222222222227,1.5607104090414063,1,training,QID:Q126392323,2004-12-25,132824,甲申,丙子,戊寅,七杀,偏印,正财,癸,0,1,100.0,0.0,KAO CHENG JUI,6600.0,KAO Cheng-Jui Kanazawa-PORT,https://tabletennis-reference.com/player/detail/6600,Taiwan,176.0,22.0,2025/6,explicit_current_and_highest,20.471330691253076,21.0,,training,1,3.849726775956284,0.6297095931613557,366,1.150273224043716,1.8266725432416462
Q136540422,Amina Kessaci,,,2005-01-04,,,,,,,,,,,女,,,,,,,,,,,,,,,,,,,,2005-01-04,2005,木|金|火|水|土|水,5.0,0.3333333333333333,0.2222222222222222,1.5607104090414063,1,training,QID:Q136540422,2005-01-04,133464,甲申,丙子,戊子,七杀,偏印,正财,癸,0,1,100.0,100.0,AMINA KESSACI,7309.0,KESSACI Amina,https://tabletennis-reference.com/player/detail/7309,Algeria,424.0,316.0,2025/3,explicit_current_and_highest,20.19206417654024,,,training,1,3.936986301369863,0.7329578135235605,365,1.063013698630137,1.4503067966761871
Q128009429,Vicky Wu,,,2005-04-08,,,,,,,,,,,男,,,,,,,,,,,,,,,,,,,,2005-04-08,2005,木|金|金|土|水|土,4.0,0.3333333333333333,0.2777777777777778,1.3296613488547582,0,training,QID:Q128009429,2005-04-08,123935,乙酉,庚辰,壬戌,伤官,偏印,七杀,戊,0,1,100.0,100.0,VICKY WU,5513.0,WU Vicky,https://tabletennis-reference.com/player/detail/5513,Fiji,,173.0,2024/8,explicit_highest_only,19.35426463240176,21.0,,training,1,3.936986301369863,0.7329578135235605,365,0.06301369863013706,0.08597179464833077
Q136558526,Wim Verdonschot,,,2005-05-15,,,,,,,,,,,男,,,,,,,,,,,,,,,,,,,,2005-05-15,2005,木|金|金|火|土|水,5.0,0.3333333333333333,0.2222222222222222,1.5607104090414063,1,training,QID:Q136558526,2005-05-15,201466,乙酉,辛巳,己亥,七杀,食神,正印,丙,0,1,100.0,100.0,WIM VERDONSCHOT,12817.0,VERDONSCHOT Wim,https://tabletennis-reference.com/player/detail/12817,Germany,62.0,57.0,2026/7,explicit_current_and_highest,21.166759071028157,21.0,,training,1,3.936986301369863,0.7329578135235605,365,1.063013698630137,1.4503067966761871
Q111702209,Navid Shams,,,2005-07-29,,,,,,,,,,,男,,,,,,,,,,,,,,,,,,,,2005-07-29,2005,木|金|水|土|木|木,4.0,0.5,0.33333333333333337,1.242453324894,0,training,QID:Q111702209,2005-07-29,121940,乙酉,癸未,甲寅,劫财,正印,正财,己,0,1,100.0,100.0,NAVID SHAMS,5200.0,SHAMS Navid,https://tabletennis-reference.com/player/detail/5200,"Iran, Islamic Republic of",282.0,142.0,2025/6,explicit_current_and_highest,19.879942777743555,21.0,,training,1,3.936986301369863,0.7329578135235605,365,0.06301369863013706,0.08597179464833077
Q109926917,Haruna Ojio,,,2005-08-03,,,,,,,,,,,女,,,,,,,,,,,,,,,,,,,,2005-08-03,2005,木|金|水|土|土|土,4.0,0.5,0.33333333333333337,1.242453324894,0,training,QID:Q109926917,2005-08-03,135179,乙酉,癸未,己未,七杀,偏财,比肩,己,0,1,100.0,100.0,HARUNA OJIO,5221.0,OJIO Haruna Top Nagoya,https://tabletennis-reference.com/player/detail/5221,Japan,,41.0,2023/6,explicit_highest_only,17.86484322060001,21.0,,training,1,3.936986301369863,0.7329578135235605,365,0.06301369863013706,0.08597179464833077
Q140311174,Darius Movileanu,,,2005-08-19,,,,,,,,,,,男,,,,,,,,,,,,,,,,,,,,2005-08-19,2005,木|金|木|金|木|水,3.0,0.5,0.3888888888888889,1.0114042647073516,0,training,QID:Q140311174,2005-08-19,134693,乙酉,甲申,乙亥,比肩,劫财,正官,庚,0,1,100.0,100.0,DARIUS MOVILEANU,5666.0,MOVILEANU Darius,https://tabletennis-reference.com/player/detail/5666,Romania,100.0,100.0,,inferred_from_current_only,,21.0,,training,1,3.936986301369863,0.7329578135235605,365,-0.9369863013698629,-1.2783632073795255
Q131418726,Q131418726,,,2005-12-15,,,,,,,,,,,男,,,,,,,,,,,,,,,,,,,,2005-12-15,2005,木|金|土|水|水|金,4.0,0.3333333333333333,0.2777777777777778,1.3296613488547582,0,training,QID:Q131418726,2005-12-15,200157,乙酉,戊子,癸酉,食神,正官,比肩,癸,1,0,,,,,,,,,,,,,,No sufficiently confident site match. Top candidates: ,training,1,3.936986301369863,0.7329578135235605,365,0.06301369863013706,0.08597179464833077
Q124544505,Tom Closset,,,2006-02-16,,,,,,,,,,,男,,,,,,,,,,,,,,,,,,,,2006-02-16,2006,火|土|金|木|火|水,5.0,0.3333333333333333,0.22222222222222227,1.5607104090414063,1,training,QID:Q124544505,2006-02-16,134817,丙戌,庚寅,丙子,比肩,偏财,偏印,甲,0,1,100.0,100.0,TOM CLOSSET,7114.0,CLOSSET Tom,https://tabletennis-reference.com/player/detail/7114,Belgium,307.0,194.0,2023/7,explicit_current_and_highest,17.407612750432932,,,training,1,3.76986301369863,0.6602290918390926,365,1.2301369863013698,1.8631971864111252
Q47490745,Anna Hursey,,,2006-06-22,,,,,,,,,,,女,,,,,,,,,,,,,,,,,,,,2006-06-22,2006,火|土|木|火|水|火,4.0,0.5,0.33333333333333337,1.242453324894,0,training,QID:Q47490745,2006-06-22,131480,丙戌,甲午,壬午,偏财,食神,正财,丁,0,1,100.0,100.0,ANNA HURSEY,5215.0,HURSEY Anna,https://tabletennis-reference.com/player/detail/5215,Wales,36.0,32.0,2026/3,explicit_current_and_highest,19.729357892359182,20.0,,training,1,3.76986301369863,0.6602290918390926,365,0.2301369863013698,0.3485714112662238
Q108805919,安妮特·考夫曼,,,2006-06-23,,,,,,,,,,,女,,,,,,,,,,,,,,,,,,,,2006-06-23,2006,火|土|木|火|水|土,4.0,0.3333333333333333,0.2777777777777778,1.3296613488547582,0,training,QID:Q108805919,2006-06-23,135493,丙戌,甲午,癸未,正财,伤官,偏财,丁,0,1,100.0,100.0,ANNETT KAUFMANN,5861.0,KAUFMANN Annett,https://tabletennis-reference.com/player/detail/5861,Germany,42.0,42.0,,inferred_from_current_only,,,,training,1,3.76986301369863,0.6602290918390926,365,0.2301369863013698,0.3485714112662238
Q113553703,费利克斯·勒布伦,,,2006-09-12,,,,,,,,,,,男,,,,,,,,,,,,,,,,,,,,2006-09-12,2006,火|土|火|金|木|土,4.0,0.3333333333333333,0.2777777777777778,1.3296613488547582,0,training,QID:Q113553703,2006-09-12,135977,丙戌,丁酉,甲辰,食神,伤官,正官,辛,1,1,100.0,100.0,FELIX LEBRUN,6992.0,LEBRUN Felix,https://tabletennis-reference.com/player/detail/6992,France,2.0,2.0,,inferred_from_current_only,,20.0,,training,1,3.76986301369863,0.6602290918390926,365,0.2301369863013698,0.3485714112662238
Q138314471,温瑞博,,,2007-01-05,,,,,,,,,,,男,,,,,,,,,,,,,,,,,,,,2007-01-05,2007,火|土|金|水|土|水,4.0,0.3333333333333333,0.2777777777777778,1.3296613488547582,0,training,QID:Q138314471,2007-01-05,203067,丙戌,庚子,己亥,正印,伤官,偏财,癸,0,1,100.0,100.0,WEN RUIBO,14168.0,WEN Ruibo,https://tabletennis-reference.com/player/detail/14168,China,15.0,11.0,2026/5,explicit_current_and_highest,19.35700253940875,,,training,1,3.8657534246575342,0.7079259246967475,365,0.13424657534246576,0.18963364761641216
Q117744883,Bianca Mei-Roşu,,,2007-01-15,,,,,,,,,,,女,,,,,,,,,,,,,,,,,,,,2007-01-15,2007,火|土|金|土|土|金,3.0,0.5,0.3888888888888889,1.0114042647073518,0,training,QID:Q117744883,2007-01-15,136153,丙戌,辛丑,己酉,正印,食神,比肩,己,0,1,100.0,100.0,BIANCA MEI ROSU,7460.0,MEI ROSU Bianca,https://tabletennis-reference.com/player/detail/7460,Romania,189.0,179.0,2026/6,explicit_current_and_highest,19.414498586555503,,,training,1,3.8657534246575342,0.7079259246967475,365,-0.8657534246575342,-1.2229435234038009
Q105704235,松岛辉空,,,2007-04-29,,,,,,,,,,,男,,,,,,,,,,,,,,,,,,,,2007-04-29,2007,火|水|木|土|水|火,4.0,0.3333333333333333,0.2777777777777778,1.3296613488547582,0,training,QID:Q105704235,2007-04-29,135996,丁亥,甲辰,癸巳,偏财,伤官,正官,戊,0,1,100.0,100.0,SORA MATSUSHIMA,8092.0,MATSUSHIMA Sora Okayama Rivets,https://tabletennis-reference.com/player/detail/8092,Japan,3.0,3.0,,inferred_from_current_only,,19.0,,training,1,3.8657534246575342,0.7079259246967475,365,0.13424657534246576,0.18963364761641216
Q109333518,Kazuki Yoshiyama,,,2007-07-04,,,,,,,,,,,男,,,,,,,,,,,,,,,,,,,,2007-07-04,2007,火|水|火|火|土|水,3.0,0.5,0.3888888888888889,1.0114042647073518,0,training,QID:Q109333518,2007-07-04,135981,丁亥,丙午,己亥,偏印,正印,偏印,丁,0,1,100.0,100.0,KAZUKI YOSHIYAMA,8452.0,YOSHIYAMA Kazuki Okayama Rivets,https://tabletennis-reference.com/player/detail/8452,Japan,195.0,154.0,2026/2,explicit_current_and_highest,18.62050555452884,19.0,,training,1,3.8657534246575342,0.7079259246967475,365,-0.8657534246575342,-1.2229435234038009
Q117619640,Lilou Massart,,,2007-09-18,,,,,,,,,,,女,,,,,,,,,,,,,,,,,,,,2007-09-18,2007,火|水|土|金|木|木,5.0,0.3333333333333333,0.22222222222222227,1.5607104090414063,1,training,QID:Q117619640,2007-09-18,136258,丁亥,己酉,乙卯,食神,偏财,七杀,辛,1,1,100.0,100.0,LILOU MASSART,9557.0,MASSART Lilou,https://tabletennis-reference.com/player/detail/9557,Belgium,176.0,151.0,2024/4,explicit_current_and_highest,16.575289020308425,,,training,1,3.8657534246575342,0.7079259246967475,365,1.1342465753424658,1.6022108186366253
Q124360313,哈娜·戈达,,,2007-12-12,,,,,,,,,,,女,,,,,,,,,,,,,,,,,,,,2007-12-12,2007,火|水|水|水|金|土,4.0,0.5,0.3333333333333333,1.2424533248940002,0,training,QID:Q124360313,2007-12-12,131335,丁亥,壬子,庚辰,正官,食神,伤官,癸,0,1,100.0,0.0,HANA GODA,1860.0,GODA Hana,https://tabletennis-reference.com/player/detail/1860,Egypt,21.0,20.0,2026/6,explicit_current_and_highest,18.508251367242316,19.0,,training,1,3.8657534246575342,0.7079259246967475,365,0.13424657534246576,0.18963364761641216
Q113671411,面手凛,,,2007-12-31,,,,,,,,,,,女,,,,,,,,,,,,,,,,,,,,2007-12-31,2007,火|水|水|水|土|水,3.0,0.6666666666666666,0.5,0.8675632284814612,0,training,QID:Q113671411,2007-12-31,144860,丁亥,壬子,己亥,偏印,正财,偏财,癸,0,1,100.0,33.33333333333333,MENDE RIN,9818.0,MENDE Rin Nissay Redelf,https://tabletennis-reference.com/player/detail/9818,Japan,84.0,79.0,2026/8,explicit_current_and_highest,18.62324346153583,18.0,,training,1,3.8657534246575342,0.7079259246967475,365,-0.8657534246575342,-1.2229435234038009
Q128548301,弗拉维安·科东,,,2008-04-07,,,,,,,,,,,男,,,,,,,,,,,,,,,,,,,,2008-04-07,2008,土|水|火|土|火|土,3.0,0.5,0.3888888888888889,1.0114042647073516,0,training,QID:Q128548301,2008-04-07,144528,戊子,丙辰,丁丑,伤官,劫财,伤官,戊,0,1,100.0,100.0,FLAVIEN COTON,9500.0,COTON Flavien,https://tabletennis-reference.com/player/detail/9500,France,19.0,19.0,,inferred_from_current_only,,,,training,1,3.489071038251366,0.6732792051522355,366,-0.4890710382513661,-0.7264015203629852
Q140248215,Léana Hochart,,,2008-05-31,,,,,,,,,,,女,,,,,,,,,,,,,,,,,,,,2008-05-31,2008,土|水|火|火|金|土,4.0,0.3333333333333333,0.2777777777777778,1.329661348854758,0,training,QID:Q140248215,2008-05-31,145544,戊子,丁巳,辛未,正印,七杀,正官,丙,0,1,100.0,100.0,LEANA HOCHART,11058.0,HOCHART Leana,https://tabletennis-reference.com/player/detail/11058,France,202.0,146.0,2025/10,explicit_current_and_highest,17.374757866349068,,,training,1,3.489071038251366,0.6732792051522355,366,0.5109289617486339,0.7588663927814427
Q56533455,張本美和,,,2008-06-16,,,,,,,,,,,女,,,,,,,,,,,,,,,,,,,,2008-06-16,2008,土|水|土|火|火|水,3.0,0.3333333333333333,0.3333333333333333,1.0986122886681096,0,training,QID:Q56533455,2008-06-16,136711,戊子,戊午,丁亥,伤官,伤官,比肩,丁,0,1,100.0,100.0,MIWA HARIMOTO,8229.0,HARIMOTO Miwa Kinoshita Abyell Kanagawa,https://tabletennis-reference.com/player/detail/8229,Japan Member of team Kinoshita Group,3.0,3.0,,inferred_from_current_only,,18.0,,training,1,3.489071038251366,0.6732792051522355,366,-0.4890710382513661,-0.7264015203629852
