snapshot,source,source_url,zip_member,fide_id,name,title,wtitle,other_title,fed,sex,rating,games,k_factor,birth_year,active,flag_raw,rank_overall,rank_within_sex,identity_bridge_modern_fide_id,exact_dob_north_v2,dob_status_north_v2,birthplace_hemisphere,hemisphere_status,wikidata_person_qids,birthplace_qids,birthplace_labels,birthplace_latitudes,birthplace_longitudes,olimpbase_profile_url,olimpbase_profile_dob,eligible_north_primary_v2,north_v2_exclusion_reason,analysis_sex,analysis_rank_within_sex,elo_z_within_snapshot_sex,rank_percentile_within_snapshot_sex,exact_dob_frozen,age_years_at_snapshot,dob_temporal_sanity_status,year_pillar,month_pillar,day_pillar,year_stem,year_branch,month_stem,month_branch,day_stem,day_branch,day_master_element,WoodCount,FireCount,EarthCount,MetalCount,WaterCount,MetalWaterCount,shangguan_count_6pos,pianyin_count_6pos,six_position_elements,six_position_tengods
2013-01,FIDE official January 2013 standard rating list,http://ratings.fide.com/download/standard_jan13frl.zip,standard_jan13frl.txt,1503014,"Carlsen, Magnus",GM,,,NOR,M,2861,8,10,1990.0,True,,1,1,1503014,1990-11-30,wikidata_exact_year_agrees,north,resolved_unique_birthplace,Q106807,Q107392,Tønsberg,59.29805556,10.42361111,,,True,,M,1,4.25375645219997,1.0,1990-11-30,22.08943373238328,valid_pre_snapshot,庚午,丁亥,己亥,庚,午,丁,亥,己,亥,土,0,2,1,1,2,3,1,2,金火火水土水,伤官|偏印|偏印|正财|比肩|正财
2013-01,FIDE official January 2013 standard rating list,http://ratings.fide.com/download/standard_jan13frl.zip,standard_jan13frl.txt,4101588,"Kramnik, Vladimir",GM,,,RUS,M,2810,8,10,1975.0,True,,2,2,4101588,1975-06-25,wikidata_exact_year_agrees,north,resolved_unique_birthplace,Q161092,Q196702,Tuapse,44.1,39.08333333,,,True,,M,2,3.420229621338654,0.998,1975-06-25,37.5230155307775,valid_pre_snapshot,乙卯,壬午,壬寅,乙,卯,壬,午,壬,寅,水,3,1,0,0,2,2,2,0,木木水火水木,伤官|伤官|比肩|正财|比肩|食神
2013-01,FIDE official January 2013 standard rating list,http://ratings.fide.com/download/standard_jan13frl.zip,standard_jan13frl.txt,13300474,"Aronian, Levon",GM,,,ARM,M,2802,8,10,1982.0,True,,3,3,13300474,1982-10-06,wikidata_exact_year_agrees,north,resolved_unique_birthplace,Q154586,Q1953,Yerevan,40.18138889,44.51444444,,,True,,M,3,3.2894803145368785,0.996,1982-10-06,30.240182892188063,valid_pre_snapshot,壬戌,己酉,壬戌,壬,戌,己,酉,壬,戌,水,0,0,3,1,2,3,0,0,水土土金水土,比肩|七杀|正官|正印|比肩|七杀
2013-01,FIDE official January 2013 standard rating list,http://ratings.fide.com/download/standard_jan13frl.zip,standard_jan13frl.txt,13400924,"Radjabov, Teimour",GM,,,AZE,M,2793,0,10,1987.0,True,,4,4,13400924,1987-03-12,wikidata_exact_year_agrees,north,resolved_unique_birthplace,Q211634,Q9248,Baku,40.36665556,49.83518333,,,True,,M,4,3.1423873443848813,0.994,1987-03-12,25.81024935488066,valid_pre_snapshot,丁卯,癸卯,庚申,丁,卯,癸,卯,庚,申,金,2,1,0,2,1,3,1,0,火木水木金金,正官|正财|伤官|正财|比肩|比肩
2013-01,FIDE official January 2013 standard rating list,http://ratings.fide.com/download/standard_jan13frl.zip,standard_jan13frl.txt,2020009,"Caruana, Fabiano",GM,,,ITA,M,2781,11,10,1992.0,True,,5,5,2020009,1992-07-30,wikidata_exact_year_agrees,north,resolved_unique_birthplace,Q367277,Q8652,Miami,25.77416667,-80.19361111,,,True,,M,5,2.9462633841822186,0.992,1992-07-30,20.424786272134263,valid_pre_snapshot,壬申,丁未,丁未,壬,申,丁,未,丁,未,火,0,2,2,1,1,2,0,0,水金火土火土,正官|正财|比肩|食神|比肩|食神
2013-01,FIDE official January 2013 standard rating list,http://ratings.fide.com/download/standard_jan13frl.zip,standard_jan13frl.txt,14109603,"Karjakin, Sergey",GM,,,RUS,M,2780,11,10,1990.0,True,,6,6,14109603,1990-01-12,wikidata_exact_year_agrees,north,resolved_unique_birthplace,Q217198,Q19566,Simferopol,44.948376,34.100039,,,True,,M,6,2.9299197208319967,0.99,1990-01-12,22.97103978863358,valid_pre_snapshot,己巳,丁丑,丁丑,己,巳,丁,丑,丁,丑,火,0,3,3,0,0,0,0,0,土火火土火土,食神|劫财|比肩|食神|比肩|食神
2013-01,FIDE official January 2013 standard rating list,http://ratings.fide.com/download/standard_jan13frl.zip,standard_jan13frl.txt,5000017,"Anand, Viswanathan",GM,,,IND,M,2772,8,10,1969.0,True,,7,7,5000017,1969-12-11,wikidata_exact_year_agrees,north,resolved_unique_birthplace,Q45747,Q1352,Chennai,13.0825,80.275,,,True,,M,7,2.7991704140302214,0.988,1969-12-11,43.05906349890826,valid_pre_snapshot,己酉,丙子,庚申,己,酉,丙,子,庚,申,金,0,1,1,3,1,4,1,0,土金火水金金,正印|劫财|七杀|伤官|比肩|比肩
2013-01,FIDE official January 2013 standard rating list,http://ratings.fide.com/download/standard_jan13frl.zip,standard_jan13frl.txt,2900084,"Topalov, Veselin",GM,,,BUL,M,2771,0,10,1975.0,True,,8,8,2900084,1975-03-15,wikidata_exact_year_agrees,north,resolved_unique_birthplace,Q172798,Q160173,Ruse,43.844532,25.953907,,,True,,M,8,2.7828267506799995,0.986,1975-03-15,37.80228204549032,valid_pre_snapshot,乙卯,己卯,庚申,乙,卯,己,卯,庚,申,金,3,0,1,2,0,2,0,0,木木土木金金,正财|正财|正印|正财|比肩|比肩
2013-01,FIDE official January 2013 standard rating list,http://ratings.fide.com/download/standard_jan13frl.zip,standard_jan13frl.txt,2016192,"Nakamura, Hikaru",GM,,,USA,M,2769,8,10,1987.0,True,,9,9,2016192,1987-12-09,wikidata_exact_year_agrees,north,resolved_unique_birthplace,Q337223,Q270912,Hirakata,34.81436111,135.65063889,,,True,,M,9,2.750139423979556,0.984,1987-12-09,25.065538648979786,valid_pre_snapshot,丁卯,壬子,壬辰,丁,卯,壬,子,壬,辰,水,1,1,1,0,3,3,1,0,火木水水水土,正财|伤官|比肩|劫财|比肩|七杀
2013-01,FIDE official January 2013 standard rating list,http://ratings.fide.com/download/standard_jan13frl.zip,standard_jan13frl.txt,13401319,"Mamedyarov, Shakhriyar",GM,,,AZE,M,2766,11,10,1985.0,True,,10,10,13401319,1985-04-12,wikidata_exact_year_agrees,north,resolved_unique_birthplace,Q312267,Q179833,Sumgait,40.59611111,49.67,,,True,,M,10,2.70110843392889,0.982,1985-04-12,27.72404635276563,valid_pre_snapshot,乙丑,庚辰,辛巳,乙,丑,庚,辰,辛,巳,金,1,1,2,2,0,2,0,1,木土金土金火,偏财|偏印|劫财|正印|比肩|正官
2013-01,FIDE official January 2013 standard rating list,http://ratings.fide.com/download/standard_jan13frl.zip,standard_jan13frl.txt,4126025,"Grischuk, Alexander",GM,,,RUS,M,2764,0,10,1983.0,True,,11,11,4126025,1983-10-31,wikidata_exact_year_agrees,north,resolved_unique_birthplace,Q314531,Q649,Moscow,55.75055556,37.6175,,,True,,M,11,2.6684211072284465,0.98,1983-10-31,29.172399159462547,valid_pre_snapshot,癸亥,壬戌,壬辰,癸,亥,壬,戌,壬,辰,水,0,0,2,0,4,4,0,0,水水水土水土,劫财|比肩|比肩|七杀|比肩|七杀
2013-01,FIDE official January 2013 standard rating list,http://ratings.fide.com/download/standard_jan13frl.zip,standard_jan13frl.txt,14100010,"Ivanchuk, Vassily",GM,,,UKR,M,2758,4,10,1969.0,True,,12,12,14100010,1969-03-18,wikidata_exact_year_agrees,north,resolved_unique_birthplace,Q208229,Q997381,Kopychyntsi,49.10867444,25.91187094,,,True,,M,12,2.570359127127115,0.978,1969-03-18,43.79282257678118,valid_pre_snapshot,己酉,丁卯,壬辰,己,酉,丁,卯,壬,辰,水,1,1,2,1,1,2,1,0,土金火木水土,正官|正印|正财|伤官|比肩|七杀
2013-01,FIDE official January 2013 standard rating list,http://ratings.fide.com/download/standard_jan13frl.zip,standard_jan13frl.txt,4116992,"Morozevich, Alexander",GM,,,RUS,M,2758,11,10,1977.0,True,,12,12,4116992,1977-07-18,wikidata_exact_year_agrees,north,resolved_unique_birthplace,Q312918,Q649,Moscow,55.75055556,37.6175,,,True,,M,12,2.570359127127115,0.978,1977-07-18,35.458633647508165,valid_pre_snapshot,丁巳,丁未,丙子,丁,巳,丁,未,丙,子,火,0,4,1,0,1,1,1,0,火火火土火水,劫财|比肩|劫财|伤官|比肩|正官
2013-01,FIDE official January 2013 standard rating list,http://ratings.fide.com/download/standard_jan13frl.zip,standard_jan13frl.txt,8602883,"Wang, Hao",GM,,,CHN,M,2752,13,10,1989.0,True,,14,14,8602883,1989-08-04,wikidata_exact_year_agrees,north,resolved_unique_birthplace,Q964913,Q42956,Harbin,45.75,126.63333333,,,True,,M,14,2.472297147025784,0.974,1989-08-04,23.41184281675873,valid_pre_snapshot,己巳,辛未,丙申,己,巳,辛,未,丙,申,火,0,2,2,2,0,2,2,0,土火金土火金,伤官|比肩|正财|伤官|比肩|偏财
2013-01,FIDE official January 2013 standard rating list,http://ratings.fide.com/download/standard_jan13frl.zip,standard_jan13frl.txt,4102142,"Svidler, Peter",GM,,,RUS,M,2747,11,10,1976.0,True,,15,15,4102142,1976-06-17,wikidata_exact_year_agrees,north,resolved_unique_birthplace,Q278777,Q656,Saint Petersburg,59.95,30.31666667,,,True,,M,15,2.390578830274674,0.972,1976-06-17,36.54284482227561,valid_pre_snapshot,丙辰,甲午,庚子,丙,辰,甲,午,庚,子,金,1,2,1,1,1,2,1,1,火土木火金水,七杀|偏印|偏财|正官|比肩|伤官
2013-01,FIDE official January 2013 standard rating list,http://ratings.fide.com/download/standard_jan13frl.zip,standard_jan13frl.txt,2805677,"Gelfand, Boris",GM,,,ISR,M,2740,11,10,1968.0,True,,16,16,2805677,1968-06-24,wikidata_exact_year_agrees,north,resolved_unique_birthplace,Q486778,Q2280,Minsk,53.902246,27.561837,,,True,,M,16,2.276173186823121,0.97,1968-06-24,44.52384374764711,valid_pre_snapshot,戊申,戊午,乙丑,戊,申,戊,午,乙,丑,木,1,1,3,1,0,1,0,0,土金土火木土,正财|正官|正财|食神|比肩|偏财
2013-01,FIDE official January 2013 standard rating list,http://ratings.fide.com/download/standard_jan13frl.zip,standard_jan13frl.txt,2000024,"Kamsky, Gata",GM,,,USA,M,2740,11,10,1974.0,True,,16,16,2000024,1974-06-02,wikidata_exact_year_agrees,north,resolved_unique_birthplace,Q315155,Q93910,Novokuznetsk,53.75,87.11666667,,,True,,M,16,2.276173186823121,0.97,1974-06-02,38.58532344948904,valid_pre_snapshot,甲寅,己巳,甲戌,甲,寅,己,巳,甲,戌,木,3,1,2,0,0,0,0,0,木木土火木土,比肩|比肩|正财|食神|比肩|偏财
2013-01,FIDE official January 2013 standard rating list,http://ratings.fide.com/download/standard_jan13frl.zip,standard_jan13frl.txt,703303,"Leko, Peter",GM,,,HUN,M,2735,11,10,1979.0,True,,19,19,703303,1979-09-08,wikidata_exact_year_agrees,north,resolved_unique_birthplace,Q210922,Q170287,Subotica,46.1002058,19.6653273,,,True,,M,18,2.1944548700720112,0.966,1979-09-08,33.31759036804315,valid_pre_snapshot,己未,癸酉,戊寅,己,未,癸,酉,戊,寅,土,1,0,3,1,1,2,1,0,土土水金土木,劫财|劫财|正财|伤官|比肩|七杀
2013-01,FIDE official January 2013 standard rating list,http://ratings.fide.com/download/standard_jan13frl.zip,standard_jan13frl.txt,4122356,"Jakovenko, Dmitry",GM,,,RUS,M,2734,10,10,1983.0,True,,20,20,4122356,1983-06-28,wikidata_exact_year_agrees,north,resolved_unique_birthplace,Q363938,Q898,Omsk,54.96666667,73.38333333,,,True,,M,19,2.1781112067217894,0.964,1983-06-28,29.51463753533611,valid_pre_snapshot,癸亥,戊午,丁亥,癸,亥,戊,午,丁,亥,火,0,2,1,0,3,3,1,0,水水土火火水,七杀|正官|伤官|比肩|比肩|正官
2013-01,FIDE official January 2013 standard rating list,http://ratings.fide.com/download/standard_jan13frl.zip,standard_jan13frl.txt,14103320,"Ponomariov, Ruslan",GM,,,UKR,M,2733,11,10,1983.0,True,,21,21,14103320,1983-10-11,wikidata_exact_year_agrees,north,resolved_unique_birthplace,Q207723,Q157260,Horlivka,48.33361111,38.0925,,,True,,M,20,2.1617675433715675,0.962,1983-10-11,29.22715729960232,valid_pre_snapshot,癸亥,壬戌,壬申,癸,亥,壬,戌,壬,申,水,0,0,1,1,4,5,0,1,水水水土水金,劫财|比肩|比肩|七杀|比肩|偏印
2013-01,FIDE official January 2013 standard rating list,http://ratings.fide.com/download/standard_jan13frl.zip,standard_jan13frl.txt,4158814,"Andreikin, Dmitry",GM,,,RUS,M,2727,6,10,1990.0,True,,22,22,4158814,1990-02-05,wikidata_exact_year_agrees,north,resolved_unique_birthplace,Q1232768,Q2746,Ryazan,54.63,39.7425,,,True,,M,21,2.0637055632702364,0.96,1990-02-05,22.90533002046585,valid_pre_snapshot,庚午,戊寅,辛丑,庚,午,戊,寅,辛,丑,金,1,1,2,2,0,2,0,1,金火土木金土,劫财|七杀|正印|正财|比肩|偏印
2013-01,FIDE official January 2013 standard rating list,http://ratings.fide.com/download/standard_jan13frl.zip,standard_jan13frl.txt,24116068,"Giri, Anish",GM,,,NED,M,2726,7,10,1994.0,True,,23,23,24116068,1994-06-28,wikidata_exact_year_agrees,north,resolved_unique_birthplace,Q548946,Q656,Saint Petersburg,59.95,30.31666667,,,True,,M,22,2.0473618999200145,0.958,1994-06-28,18.51372718125629,valid_pre_snapshot,甲戌,庚午,乙酉,甲,戌,庚,午,乙,酉,木,2,1,1,2,0,2,0,0,木土金火木金,劫财|正财|正官|食神|比肩|七杀
2013-01,FIDE official January 2013 standard rating list,http://ratings.fide.com/download/standard_jan13frl.zip,standard_jan13frl.txt,400041,"Adams, Michael",GM,,,ENG,M,2725,8,10,1971.0,True,,24,24,400041,1971-11-17,wikidata_exact_year_agrees,north,resolved_unique_birthplace,Q299636,Q180803,Truro,50.26,-5.051,,,True,,M,23,2.031018236569792,0.956,1971-11-17,41.126101151974375,valid_pre_snapshot,辛亥,己亥,丙午,辛,亥,己,亥,丙,午,火,0,2,1,1,2,3,1,0,金水土水火火,正财|七杀|伤官|七杀|比肩|劫财
2013-01,FIDE official January 2013 standard rating list,http://ratings.fide.com/download/standard_jan13frl.zip,standard_jan13frl.txt,3503240,"Dominguez Perez, Leinier",GM,,,CUB,M,2723,11,10,1983.0,True,,25,25,3503240,1983-09-23,wikidata_exact_year_agrees,north,resolved_unique_birthplace,Q506421,Q1563,Havana,23.13666667,-82.35888889,,,True,,M,24,1.9983309098693487,0.954,1983-09-23,29.276439625728116,valid_pre_snapshot,癸亥,辛酉,甲寅,癸,亥,辛,酉,甲,寅,木,2,0,0,2,2,4,0,1,水水金金木木,正印|偏印|正官|正官|比肩|比肩
2013-01,FIDE official January 2013 standard rating list,http://ratings.fide.com/download/standard_jan13frl.zip,standard_jan13frl.txt,1118358,"Wojtaszek, Radoslaw",GM,,,POL,M,2723,11,10,1987.0,True,,25,25,1118358,1987-01-13,wikidata_exact_year_agrees,north,resolved_unique_birthplace,Q185236,Q104712,Elbląg,54.15222222,19.40888889,,,True,,M,24,1.9983309098693487,0.954,1987-01-13,25.969047961285995,valid_pre_snapshot,丙寅,辛丑,壬戌,丙,寅,辛,丑,壬,戌,水,1,1,2,1,1,2,0,0,火木金土水土,偏财|食神|正印|正官|比肩|七杀
2013-01,FIDE official January 2013 standard rating list,http://ratings.fide.com/download/standard_jan13frl.zip,standard_jan13frl.txt,4147235,"Tomashevsky, Evgeny",GM,,,RUS,M,2722,4,10,1987.0,True,,27,27,4147235,1987-07-01,wikidata_exact_year_agrees,north,resolved_unique_birthplace,Q442544,Q5332,Saratov,51.53,46.035,,,True,,M,26,1.9819872465191264,0.95,1987-07-01,25.50634167710494,valid_pre_snapshot,丁卯,丙午,辛亥,丁,卯,丙,午,辛,亥,金,1,3,0,1,1,2,1,0,火木火火金水,七杀|偏财|正官|七杀|比肩|伤官
2013-01,FIDE official January 2013 standard rating list,http://ratings.fide.com/download/standard_jan13frl.zip,standard_jan13frl.txt,14107090,"Volokitin, Andrei",GM,,,UKR,M,2722,4,10,1986.0,True,,27,27,14107090,1986-06-18,wikidata_exact_year_agrees,north,resolved_unique_birthplace,Q276885,Q36036,Lviv,49.838055;49.841952,24.023055;24.0315921,,,True,,M,26,1.9819872465191264,0.95,1986-06-18,26.541270525746597,valid_pre_snapshot,丙寅,甲午,癸巳,丙,寅,甲,午,癸,巳,水,2,3,0,0,1,1,2,0,火木木火水火,正财|伤官|伤官|偏财|比肩|正财
2013-01,FIDE official January 2013 standard rating list,http://ratings.fide.com/download/standard_jan13frl.zip,standard_jan13frl.txt,14109530,"Areshchenko, Alexander",GM,,,UKR,M,2720,0,10,1986.0,True,,29,29,14109530,1986-06-15,wikidata_exact_year_agrees,north,resolved_unique_birthplace,Q251611,Q134279,Luhansk,48.5717084,39.2973153,,,True,,M,28,1.949299919818683,0.946,1986-06-15,26.54948424676756,valid_pre_snapshot,丙寅,甲午,庚寅,丙,寅,甲,午,庚,寅,金,3,2,0,1,0,1,0,0,火木木火金木,七杀|偏财|偏财|正官|比肩|偏财
2013-01,FIDE official January 2013 standard rating list,http://ratings.fide.com/download/standard_jan13frl.zip,standard_jan13frl.txt,623539,"Vachier-Lagrave, Maxime",GM,,,FRA,M,2713,4,10,1990.0,True,,30,30,623539,1990-10-21,wikidata_exact_year_agrees,north,resolved_unique_birthplace,Q256923,Q212274,Nogent-sur-Marne,48.83666667,2.4825,,,True,,M,29,1.8348942763671297,0.944,1990-10-21,22.19895001266282,valid_pre_snapshot,庚午,丙戌,己未,庚,午,丙,戌,己,未,土,0,2,3,1,0,1,1,1,金火火土土土,伤官|偏印|正印|劫财|比肩|比肩
2013-01,FIDE official January 2013 standard rating list,http://ratings.fide.com/download/standard_jan13frl.zip,standard_jan13frl.txt,309095,"Navara, David",GM,,,CZE,M,2710,0,10,1985.0,True,,31,31,309095,1985-03-27,wikidata_exact_year_agrees,north,resolved_unique_birthplace,Q465524,Q1085,Prague,50.0875,14.42138889,,,True,,M,30,1.7858632863164638,0.942,1985-03-27,27.767852864877444,valid_pre_snapshot,乙丑,己卯,乙丑,乙,丑,己,卯,乙,丑,木,3,0,3,0,0,0,0,0,木土土木木土,比肩|偏财|偏财|比肩|比肩|偏财
2013-01,FIDE official January 2013 standard rating list,http://ratings.fide.com/download/standard_jan13frl.zip,standard_jan13frl.txt,2905540,"Cheparinov, Ivan",GM,,,BUL,M,2709,0,10,1986.0,True,,32,32,2905540,1986-11-26,wikidata_exact_year_agrees,north,resolved_unique_birthplace,Q525731,Q191871,Asenovgrad,42.008187,24.877295,,,True,,M,31,1.769519622966242,0.94,1986-11-26,26.10046749762144,valid_pre_snapshot,丙寅,己亥,甲戌,丙,寅,己,亥,甲,戌,木,2,1,2,0,1,1,0,1,火木土水木土,食神|比肩|正财|偏印|比肩|偏财
2013-01,FIDE official January 2013 standard rating list,http://ratings.fide.com/download/standard_jan13frl.zip,standard_jan13frl.txt,8603677,"Ding, Liren",GM,,,CHN,M,2709,4,10,1992.0,True,,32,32,8603677,1992-10-24,wikidata_exact_year_agrees,north,resolved_unique_birthplace,Q1191198,Q42635,Wenzhou,27.999128,120.656075,,,True,,M,31,1.769519622966242,0.94,1992-10-24,20.18932626953325,valid_pre_snapshot,壬申,庚戌,癸酉,壬,申,庚,戌,癸,酉,水,0,0,1,3,2,5,0,1,水金金土水金,劫财|正印|正印|正官|比肩|偏印
2013-01,FIDE official January 2013 standard rating list,http://ratings.fide.com/download/standard_jan13frl.zip,standard_jan13frl.txt,14200244,"Kasimdzhanov, Rustam",GM,,,UZB,M,2709,11,10,1979.0,True,,32,32,14200244,1979-12-05,wikidata_exact_year_agrees,north,resolved_unique_birthplace,Q489015,Q269,Tashkent,41.31111111,69.27972222,,,True,,M,31,1.769519622966242,0.94,1979-12-05,33.07665455142816,valid_pre_snapshot,己未,乙亥,丙午,己,未,乙,亥,丙,午,火,1,2,2,0,1,1,2,0,土土木水火火,伤官|伤官|正印|七杀|比肩|劫财
2013-01,FIDE official January 2013 standard rating list,http://ratings.fide.com/download/standard_jan13frl.zip,standard_jan13frl.txt,4120787,"Malakhov, Vladimir",GM,,,RUS,M,2709,4,10,1980.0,True,,32,32,4120787,1980-11-27,wikidata_exact_year_agrees,north,resolved_unique_birthplace,Q703625,Q2630,Ivanovo,57.0,41.0,,,True,,M,31,1.769519622966242,0.94,1980-11-27,32.09648384292628,valid_pre_snapshot,庚申,丁亥,甲辰,庚,申,丁,亥,甲,辰,木,1,1,1,2,1,3,1,1,金金火水木土,七杀|七杀|伤官|偏印|比肩|偏财
2013-01,FIDE official January 2013 standard rating list,http://ratings.fide.com/download/standard_jan13frl.zip,standard_jan13frl.txt,4650891,"Naiditsch, Arkadij",GM,,,GER,M,2708,0,10,1985.0,True,,36,36,4650891,1985-10-25,wikidata_exact_year_agrees,north,resolved_unique_birthplace,Q77224,Q1773,Riga,56.9475,24.10694444,,,True,,M,35,1.75317595961602,0.932,1985-10-25,27.18741657939588,valid_pre_snapshot,乙丑,丙戌,丁酉,乙,丑,丙,戌,丁,酉,火,1,2,2,1,0,1,1,1,木土火土火金,偏印|食神|劫财|伤官|比肩|偏财
2013-01,FIDE official January 2013 standard rating list,http://ratings.fide.com/download/standard_jan13frl.zip,standard_jan13frl.txt,2209390,"Shirov, Alexei",GM,,,LAT,M,2708,0,10,1972.0,True,,36,36,2209390,1972-07-04,wikidata_exact_year_agrees,north,resolved_unique_birthplace,Q214713,Q1773,Riga,56.9475,24.10694444,,,True,,M,35,1.75317595961602,0.932,1972-07-04,40.496382540367016,valid_pre_snapshot,壬子,丙午,丙申,壬,子,丙,午,丙,申,火,0,3,0,1,2,3,0,0,水水火火火金,七杀|正官|比肩|劫财|比肩|偏财
2013-01,FIDE official January 2013 standard rating list,http://ratings.fide.com/download/standard_jan13frl.zip,standard_jan13frl.txt,608742,"Fressinet, Laurent",GM,,,FRA,M,2706,4,10,1981.0,True,,38,38,608742,1981-11-30,wikidata_exact_year_agrees,north,resolved_unique_birthplace,Q1383467,Q188878,Dax,43.70694444,-1.05138889,,,True,,M,37,1.7204886329155764,0.928,1981-11-30,31.088934064354504,valid_pre_snapshot,辛酉,己亥,壬子,辛,酉,己,亥,壬,子,水,0,0,1,2,3,5,0,0,金金土水水水,正印|正印|正官|比肩|比肩|劫财
2013-01,FIDE official January 2013 standard rating list,http://ratings.fide.com/download/standard_jan13frl.zip,standard_jan13frl.txt,12401137,"Le, Quang Liem",GM,,,VIE,M,2705,0,10,1991.0,True,,39,39,12401137,1991-03-13,wikidata_exact_year_agrees,north,resolved_unique_birthplace,Q734168,Q1854,Ho Chi Minh City,10.77555556,106.70194444,,,True,,M,38,1.7041449695653546,0.926,1991-03-13,21.807429310663466,valid_pre_snapshot,辛未,辛卯,壬午,辛,未,辛,卯,壬,午,水,1,1,1,2,1,3,1,0,金土金木水火,正印|正官|正印|伤官|比肩|正财
2013-01,FIDE official January 2013 standard rating list,http://ratings.fide.com/download/standard_jan13frl.zip,standard_jan13frl.txt,4125029,"Riazantsev, Alexander",GM,,,RUS,M,2705,0,10,1985.0,True,,39,39,4125029,1985-09-12,wikidata_exact_year_agrees,north,resolved_unique_birthplace,Q115814,Q649,Moscow,55.75055556,37.6175,,,True,,M,38,1.7041449695653546,0.926,1985-09-12,27.305146580696388,valid_pre_snapshot,乙丑,乙酉,甲寅,乙,丑,乙,酉,甲,寅,木,4,0,1,1,0,1,0,0,木土木金木木,劫财|正财|劫财|正官|比肩|比肩
2013-01,FIDE official January 2013 standard rating list,http://ratings.fide.com/download/standard_jan13frl.zip,standard_jan13frl.txt,13300032,"Akopian, Vladimir",GM,,,ARM,M,2704,0,10,1971.0,True,,41,41,13300032,1971-12-07,wikidata_exact_year_agrees,north,resolved_unique_birthplace,Q380839,Q9248,Baku,40.36665556,49.83518333,,,True,,M,40,1.6878013062151325,0.922,1971-12-07,41.0713430118346,valid_pre_snapshot,辛亥,己亥,丙寅,辛,亥,己,亥,丙,寅,火,1,1,1,1,2,3,1,1,金水土水火木,正财|七杀|伤官|七杀|比肩|偏印
2013-01,FIDE official January 2013 standard rating list,http://ratings.fide.com/download/standard_jan13frl.zip,standard_jan13frl.txt,605506,"Bacrot, Etienne",GM,,,FRA,M,2703,0,10,1983.0,True,,42,42,605506,1983-01-22,wikidata_exact_year_agrees,north,resolved_unique_birthplace,Q289349,Q648,Lille,50.63194444,3.0575,,,True,,M,41,1.6714576428649106,0.92,1983-01-22,29.944488935433306,valid_pre_snapshot,壬戌,癸丑,庚戌,壬,戌,癸,丑,庚,戌,金,0,0,3,1,2,3,1,2,水土水土金土,食神|偏印|伤官|正印|比肩|偏印
2013-01,FIDE official January 2013 standard rating list,http://ratings.fide.com/download/standard_jan13frl.zip,standard_jan13frl.txt,14102560,"Moiseenko, Alexander",GM,,,UKR,M,2703,4,10,1980.0,True,,42,42,14102560,1980-05-17,wikidata_exact_year_agrees,north,resolved_unique_birthplace,Q923453,Q193898,Severomorsk,69.06916667,33.41666667,,,True,,M,41,1.6714576428649106,0.92,1980-05-17,32.627637802282045,valid_pre_snapshot,庚申,辛巳,庚寅,庚,申,辛,巳,庚,寅,金,1,1,0,4,0,4,0,0,金金金火金木,比肩|比肩|劫财|七杀|比肩|偏财
2013-01,FIDE official January 2013 standard rating list,http://ratings.fide.com/download/standard_jan13frl.zip,standard_jan13frl.txt,4168119,"Nepomniachtchi, Ian",GM,,,RUS,M,2703,6,10,1990.0,True,,42,42,4168119,1990-07-14,wikidata_exact_year_agrees,north,resolved_unique_birthplace,Q521817,Q2801,Bryansk,53.2425,34.36666667,,,True,,M,41,1.6714576428649106,0.92,1990-07-14,22.47000280635468,valid_pre_snapshot,庚午,癸未,庚辰,庚,午,癸,未,庚,辰,金,0,1,2,2,1,3,1,1,金火水土金土,比肩|正官|伤官|正印|比肩|偏印
2013-01,FIDE official January 2013 standard rating list,http://ratings.fide.com/download/standard_jan13frl.zip,standard_jan13frl.txt,718572,"Berkes, Ferenc",GM,,,HUN,M,2702,9,10,1985.0,True,,45,45,718572,1985-08-08,wikidata_exact_year_agrees,north,resolved_unique_birthplace,Q793526,Q203344,Baja,46.18333333,18.95361111,,,True,,M,44,1.6551139795146887,0.914,1985-08-08,27.400973325940985,valid_pre_snapshot,乙丑,甲申,己卯,乙,丑,甲,申,己,卯,土,3,0,2,1,0,1,1,0,木土木金土木,七杀|比肩|正官|伤官|比肩|七杀
2013-01,FIDE official January 2013 standard rating list,http://ratings.fide.com/download/standard_jan13frl.zip,standard_jan13frl.txt,13601520,"Jobava, Baadur",GM,,,GEO,M,2702,4,10,1983.0,True,,45,45,13601520,1983-11-26,wikidata_exact_year_agrees,north,resolved_unique_birthplace,Q709256,Q236673,Gali,42.6275,41.73694444,,,True,,M,44,1.6551139795146887,0.914,1983-11-26,29.10121357728085,valid_pre_snapshot,癸亥,癸亥,戊午,癸,亥,癸,亥,戊,午,土,0,1,1,0,4,4,0,0,水水水水土火,正财|偏财|正财|偏财|比肩|正印
2013-01,FIDE official January 2013 standard rating list,http://ratings.fide.com/download/standard_jan13frl.zip,standard_jan13frl.txt,8601429,"Wang, Yue",GM,,,CHN,M,2702,5,10,1987.0,True,,45,45,8601429,1987-03-31,wikidata_exact_year_agrees,north,resolved_unique_birthplace,Q445661,Q72778,Taiyuan,37.87326,112.54245,,,True,,M,44,1.6551139795146887,0.914,1987-03-31,25.75822912174788,valid_pre_snapshot,丁卯,癸卯,己卯,丁,卯,癸,卯,己,卯,土,3,1,1,0,1,1,0,1,火木水木土木,偏印|七杀|偏财|七杀|比肩|七杀
2013-01,FIDE official January 2013 standard rating list,http://ratings.fide.com/download/standard_jan13frl.zip,standard_jan13frl.txt,3503739,"Bruzon Batista, Lazaro",GM,,,CUB,M,2701,9,10,1982.0,True,,48,48,3503739,1982-05-02,wikidata_exact_year_agrees,north,resolved_unique_birthplace,Q932307,Q244154,Holguin,20.88722222,-76.26305556,,,True,,M,47,1.638770316164467,0.908,1982-05-02,30.670034292285266,valid_pre_snapshot,壬戌,甲辰,乙酉,壬,戌,甲,辰,乙,酉,木,2,0,2,1,1,2,0,0,水土木土木金,正印|正财|劫财|正财|比肩|七杀
2013-01,FIDE official January 2013 standard rating list,http://ratings.fide.com/download/standard_jan13frl.zip,standard_jan13frl.txt,5007003,"Harikrishna, P.",GM,,,IND,M,2698,0,10,1986.0,True,,49,49,5007003,1986-05-10,wikidata_exact_year_agrees,north,resolved_unique_birthplace,Q555232,Q3120966,Guntur,16.3,80.45,,,True,,M,48,1.5897393261138013,0.906,1986-05-10,26.648048899019145,valid_pre_snapshot,丙寅,癸巳,甲寅,丙,寅,癸,巳,甲,寅,木,3,2,0,0,1,1,0,0,火木水火木木,食神|比肩|正印|食神|比肩|比肩
2013-01,FIDE official January 2013 standard rating list,http://ratings.fide.com/download/standard_jan13frl.zip,standard_jan13frl.txt,404853,"McShane, Luke J",GM,,,ENG,M,2698,8,10,1984.0,True,,49,49,404853,1984-01-07,wikidata_exact_year_agrees,north,resolved_unique_birthplace,Q392661,Q84,London,51.50722222,-0.1275,,,True,,M,48,1.5897393261138013,0.906,1984-01-07,28.98622148298733,valid_pre_snapshot,癸亥,乙丑,庚子,癸,亥,乙,丑,庚,子,金,1,0,1,1,3,4,2,0,水水木土金水,伤官|食神|正财|正印|比肩|伤官
2013-01,FIDE official January 2013 standard rating list,http://ratings.fide.com/download/standard_jan13frl.zip,standard_jan13frl.txt,14107201,"Efimenko, Zahar",GM,,,UKR,M,2696,0,10,1985.0,True,,51,51,14107201,1985-07-03,wikidata_exact_year_agrees,north,resolved_unique_birthplace,Q562700,Q157134,Makiivka,48.05555556,37.96111111,,,True,,M,50,1.5570519994133574,0.902,1985-07-03,27.49953797819257,valid_pre_snapshot,乙丑,壬午,癸卯,乙,丑,壬,午,癸,卯,水,2,1,1,0,2,2,0,0,木土水火水木,食神|七杀|劫财|偏财|比肩|食神
2013-01,FIDE official January 2013 standard rating list,http://ratings.fide.com/download/standard_jan13frl.zip,standard_jan13frl.txt,2205530,"Vallejo Pons, Francisco",GM,,,ESP,M,2694,0,10,1982.0,True,,53,52,2205530,1982-08-21,wikidata_exact_year_agrees,north,resolved_unique_birthplace,Q543256,Q941533,Es Castell,39.88027778,4.29083333,,,True,,M,51,1.5243646727129136,0.9,1982-08-21,30.366126614509536,valid_pre_snapshot,壬戌,戊申,丙子,壬,戌,戊,申,丙,子,火,0,1,2,1,2,3,0,0,水土土金火水,七杀|食神|食神|偏财|比肩|正官
2013-01,FIDE official January 2013 standard rating list,http://ratings.fide.com/download/standard_jan13frl.zip,standard_jan13frl.txt,4152956,"Vitiugov, Nikita",GM,,,RUS,M,2694,0,10,1987.0,True,,53,52,4152956,1987-02-04,wikidata_exact_year_agrees,north,resolved_unique_birthplace,Q555598,Q656,Saint Petersburg,59.95,30.31666667,,,True,,M,51,1.5243646727129136,0.9,1987-02-04,25.908814007132246,valid_pre_snapshot,丁卯,壬寅,甲申,丁,卯,壬,寅,甲,申,木,3,1,0,1,1,2,1,1,火木水木木金,伤官|劫财|偏印|比肩|比肩|七杀
2013-01,FIDE official January 2013 standard rating list,http://ratings.fide.com/download/standard_jan13frl.zip,standard_jan13frl.txt,4138147,"Alekseev, Evgeny",GM,,,RUS,M,2691,0,10,1985.0,True,,55,54,4138147,1985-11-28,wikidata_exact_year_agrees,north,resolved_unique_birthplace,Q708938,Q7947,Pushkin,59.71666667,30.41666667,,,True,,M,53,1.4753336826622478,0.896,1985-11-28,27.09432774115827,valid_pre_snapshot,乙丑,丁亥,辛未,乙,丑,丁,亥,辛,未,金,1,1,2,1,1,2,1,2,木土火水金土,偏财|偏印|七杀|伤官|比肩|偏印
2013-01,FIDE official January 2013 standard rating list,http://ratings.fide.com/download/standard_jan13frl.zip,standard_jan13frl.txt,14105730,"Korobov, Anton",GM,,,UKR,M,2690,11,10,1985.0,True,,56,55,14105730,1985-06-25,wikidata_exact_year_agrees,north,resolved_unique_birthplace,Q591200,Q158751,Mezhdurechensk,53.68638889,88.07027778,,,True,,M,54,1.458990019312026,0.894,1985-06-25,27.52144123424848,valid_pre_snapshot,乙丑,壬午,乙未,乙,丑,壬,午,乙,未,木,2,1,2,0,1,1,0,0,木土水火木土,比肩|偏财|正印|食神|比肩|偏财
2013-01,FIDE official January 2013 standard rating list,http://ratings.fide.com/download/standard_jan13frl.zip,standard_jan13frl.txt,400025,"Short, Nigel D",GM,,,ENG,M,2690,4,10,1965.0,True,,56,55,400025,1965-06-01,wikidata_exact_year_agrees,north,resolved_unique_birthplace,Q313778,Q2588021,Leigh,53.4975,-2.515,,,True,,M,54,1.458990019312026,0.894,1965-06-01,47.58756168846725,valid_pre_snapshot,乙巳,辛巳,丙戌,乙,巳,辛,巳,丙,戌,火,1,3,1,1,0,1,0,0,木火金火火土,正印|比肩|正财|比肩|比肩|食神
2013-01,FIDE official January 2013 standard rating list,http://ratings.fide.com/download/standard_jan13frl.zip,standard_jan13frl.txt,702293,"Almasi, Zoltan",GM,,,HUN,M,2689,0,10,1976.0,True,,58,57,702293,1976-08-29,wikidata_exact_year_agrees,north,resolved_unique_birthplace,Q218875,Q1781,Budapest,47.49833333,19.04083333,,,True,,M,56,1.442646355961804,0.89,1976-08-29,36.34297761076545,valid_pre_snapshot,丙辰,丙申,癸丑,丙,辰,丙,申,癸,丑,水,0,2,2,1,1,2,0,0,火土火金水土,正财|正官|正财|正印|比肩|七杀
2013-01,FIDE official January 2013 standard rating list,http://ratings.fide.com/download/standard_jan13frl.zip,standard_jan13frl.txt,4129199,"Grachev, Boris",GM,,,RUS,M,2688,0,10,1986.0,True,,59,58,4129199,1986-03-27,wikidata_exact_year_agrees,north,resolved_unique_birthplace,Q893748,Q649,Moscow,55.75055556,37.6175,,,True,,M,57,1.4263026926115825,0.888,1986-03-27,26.76851680732664,valid_pre_snapshot,丙寅,辛卯,庚午,丙,寅,辛,卯,庚,午,金,2,2,0,2,0,2,0,0,火木金木金火,七杀|偏财|劫财|正财|比肩|正官
2013-01,FIDE official January 2013 standard rating list,http://ratings.fide.com/download/standard_jan13frl.zip,standard_jan13frl.txt,4162722,"Inarkiev, Ernesto",GM,,,RUS,M,2688,6,10,1985.0,True,,59,58,4162722,1985-12-09,wikidata_exact_year_agrees,north,resolved_unique_birthplace,Q1356780,Q47282,Osh,40.53333333,72.78333333,,,True,,M,57,1.4263026926115825,0.888,1985-12-09,27.0642107640814,valid_pre_snapshot,乙丑,戊子,壬午,乙,丑,戊,子,壬,午,水,1,1,2,0,2,2,1,0,木土土水水火,伤官|正官|七杀|劫财|比肩|正财
2013-01,FIDE official January 2013 standard rating list,http://ratings.fide.com/download/standard_jan13frl.zip,standard_jan13frl.txt,310204,"Movsesian, Sergei",GM,,,ARM,M,2688,0,10,1978.0,True,,59,58,310204,1978-11-03,wikidata_exact_year_agrees,north,resolved_unique_birthplace,Q460020,Q994,Tbilisi,41.7225,44.7925,,,True,,M,57,1.4263026926115825,0.888,1978-11-03,34.1636036332026,valid_pre_snapshot,戊午,壬戌,己巳,戊,午,壬,戌,己,巳,土,0,2,3,0,1,1,0,1,土火水土土火,劫财|偏印|正财|劫财|比肩|正印
2013-01,FIDE official January 2013 standard rating list,http://ratings.fide.com/download/standard_jan13frl.zip,standard_jan13frl.txt,4115309,"Rublevsky, Sergei",GM,,,RUS,M,2688,0,10,1974.0,True,,59,58,4115309,1974-10-15,wikidata_exact_year_agrees,north,resolved_unique_birthplace,Q727947,Q13379,Kurgan,55.44083333,65.34111111,,,True,,M,57,1.4263026926115825,0.888,1974-10-15,38.21570600354559,valid_pre_snapshot,甲寅,甲戌,己丑,甲,寅,甲,戌,己,丑,土,3,0,3,0,0,0,0,0,木木木土土土,正官|正官|正官|劫财|比肩|比肩
2013-01,FIDE official January 2013 standard rating list,http://ratings.fide.com/download/standard_jan13frl.zip,standard_jan13frl.txt,8603820,"Yu, Yangyi",GM,,,CHN,M,2688,4,10,1994.0,True,,59,58,8603820,1994-06-08,wikidata_exact_year_agrees,north,resolved_unique_birthplace,Q377866,Q71204,Huangshi,30.20178,115.03262,,,True,,M,57,1.4263026926115825,0.888,1994-06-08,18.568485321396057,valid_pre_snapshot,甲戌,庚午,乙丑,甲,戌,庚,午,乙,丑,木,2,1,2,1,0,1,0,0,木土金火木土,劫财|正财|正官|食神|比肩|偏财
2013-01,FIDE official January 2013 standard rating list,http://ratings.fide.com/download/standard_jan13frl.zip,standard_jan13frl.txt,633429,"Edouard, Romain",GM,,,FRA,M,2686,4,10,1990.0,True,,64,63,633429,1990-11-28,wikidata_exact_year_agrees,north,resolved_unique_birthplace,Q968844,Q6616,Poitiers,46.58111111,0.33527778,,,True,,M,62,1.3936153659111383,0.878,1990-11-28,22.094909546397258,valid_pre_snapshot,庚午,丁亥,丁酉,庚,午,丁,亥,丁,酉,火,0,3,0,2,1,3,0,0,金火火水火金,正财|比肩|比肩|正官|比肩|偏财
2013-01,FIDE official January 2013 standard rating list,http://ratings.fide.com/download/standard_jan13frl.zip,standard_jan13frl.txt,2802007,"Sutovsky, Emil",GM,,,ISR,M,2684,0,10,1977.0,True,,65,64,2802007,1977-09-19,wikidata_exact_year_agrees,north,resolved_unique_birthplace,Q670159,Q9248,Baku,40.36665556,49.83518333,,,True,,M,63,1.3609280392106946,0.876,1977-09-19,35.28614550606789,valid_pre_snapshot,丁巳,己酉,己卯,丁,巳,己,酉,己,卯,土,1,2,2,1,0,1,0,1,火火土金土木,偏印|正印|比肩|食神|比肩|七杀
2013-01,FIDE official January 2013 standard rating list,http://ratings.fide.com/download/standard_jan13frl.zip,standard_jan13frl.txt,13900048,"Bologan, Viktor",GM,,FST,MDA,M,2681,0,10,1971.0,True,,66,65,13900048,1971-12-14,wikidata_exact_year_agrees,north,resolved_unique_birthplace,Q728179,Q21197,Chișinău,47.02277778,28.83527778,,,True,,M,64,1.311897049160029,0.874,1971-12-14,41.05217766278568,valid_pre_snapshot,辛亥,庚子,癸酉,辛,亥,庚,子,癸,酉,水,0,0,0,3,3,6,0,2,金水金水水金,偏印|劫财|正印|比肩|比肩|偏印
2013-01,FIDE official January 2013 standard rating list,http://ratings.fide.com/download/standard_jan13frl.zip,standard_jan13frl.txt,1000268,"Van Wely, Loek",GM,,,NED,M,2679,1,10,1972.0,True,,67,66,1000268,1972-10-07,wikidata_exact_year_agrees,north,resolved_unique_birthplace,Q956390,Q9815,Bernheze,51.6931,5.5253,,,True,,M,65,1.279209722459585,0.872,1972-10-07,40.236281374703104,valid_pre_snapshot,壬子,己酉,辛未,壬,子,己,酉,辛,未,金,0,0,2,2,2,4,1,2,水水土金金土,伤官|食神|偏印|比肩|比肩|偏印
2013-01,FIDE official January 2013 standard rating list,http://ratings.fide.com/download/standard_jan13frl.zip,standard_jan13frl.txt,14102951,"Eljanov, Pavel",GM,,,UKR,M,2678,4,10,1983.0,True,,68,67,14102951,1983-05-10,wikidata_exact_year_agrees,north,resolved_unique_birthplace,Q361454,Q42308,Kharkiv,49.9925,36.23111111,,,True,,M,66,1.2628660591093632,0.87,1983-05-10,29.64879497867855,valid_pre_snapshot,癸亥,丁巳,戊戌,癸,亥,丁,巳,戊,戌,土,0,2,2,0,2,2,0,1,水水火火土土,正财|偏财|正印|偏印|比肩|比肩
2013-01,FIDE official January 2013 standard rating list,http://ratings.fide.com/download/standard_jan13frl.zip,standard_jan13frl.txt,1202758,"Nisipeanu, Liviu-Dieter",GM,,,ROU,M,2677,0,10,1976.0,True,,69,68,1202758,1976-08-01,wikidata_exact_year_agrees,north,resolved_unique_birthplace,Q550688,Q82174,Brașov,45.65222222,25.61055556,,,True,,M,67,1.2465223957591414,0.868,1976-08-01,36.41963900696113,valid_pre_snapshot,丙辰,乙未,乙酉,丙,辰,乙,未,乙,酉,木,2,1,2,1,0,1,1,0,火土木土木金,伤官|正财|比肩|偏财|比肩|七杀
2013-01,FIDE official January 2013 standard rating list,http://ratings.fide.com/download/standard_jan13frl.zip,standard_jan13frl.txt,4121830,"Motylev, Alexander",GM,,,RUS,M,2676,3,10,1979.0,True,,70,69,4121830,1979-06-17,wikidata_exact_year_agrees,north,resolved_unique_birthplace,Q938831,Q887,Yekaterinburg,56.83555556,60.61277778,,,True,,M,68,1.2301787324089195,0.866,1979-06-17,33.54483664962319,valid_pre_snapshot,己未,庚午,乙卯,己,未,庚,午,乙,卯,木,2,1,2,1,0,1,0,0,土土金火木木,偏财|偏财|正官|食神|比肩|比肩
2013-01,FIDE official January 2013 standard rating list,http://ratings.fide.com/download/standard_jan13frl.zip,standard_jan13frl.txt,5004985,"Sasikiran, Krishnan",GM,,,IND,M,2676,0,10,1981.0,True,,70,69,5004985,1981-01-07,wikidata_exact_year_agrees,north,resolved_unique_birthplace,Q371180,Q1352,Chennai,13.0825,80.275,,,True,,M,68,1.2301787324089195,0.866,1981-01-07,31.984229655639744,valid_pre_snapshot,庚申,己丑,乙酉,庚,申,己,丑,乙,酉,木,1,0,2,3,0,3,0,0,金金土土木金,正官|正官|偏财|偏财|比肩|七杀
2013-01,FIDE official January 2013 standard rating list,http://ratings.fide.com/download/standard_jan13frl.zip,standard_jan13frl.txt,8601445,"Bu, Xiangzhi",GM,,,CHN,M,2675,4,10,1985.0,True,,72,71,8601445,1985-12-10,wikidata_exact_year_agrees,north,resolved_unique_birthplace,Q470788,Q170322,Qingdao,36.11666667,120.4,,,True,,M,70,1.2138350690586976,0.862,1985-12-10,27.06147285707441,valid_pre_snapshot,乙丑,戊子,癸未,乙,丑,戊,子,癸,未,水,1,0,3,0,2,2,0,0,木土土水水土,食神|七杀|正官|比肩|比肩|七杀
2013-01,FIDE official January 2013 standard rating list,http://ratings.fide.com/download/standard_jan13frl.zip,standard_jan13frl.txt,702218,"Gyimesi, Zoltan",GM,,,HUN,M,2674,0,10,1977.0,True,,73,72,702218,1977-03-31,wikidata_exact_year_agrees,north,resolved_unique_birthplace,Q218923,Q171357,Kecskemét,46.9075,19.69166667,,,True,,M,71,1.1974914057084758,0.86,1977-03-31,35.75706551126991,valid_pre_snapshot,丁巳,癸卯,丁亥,丁,巳,癸,卯,丁,亥,火,1,3,0,0,2,2,0,1,火火水木火水,比肩|劫财|七杀|偏印|比肩|正官
2013-01,FIDE official January 2013 standard rating list,http://ratings.fide.com/download/standard_jan13frl.zip,standard_jan13frl.txt,8604436,"Li, Chao b",GM,,,CHN,M,2674,4,10,1989.0,True,,73,72,8604436,1989-04-21,wikidata_exact_year_agrees,north,resolved_unique_birthplace,Q1364609,Q72778,Taiyuan,37.87326,112.54245,,,True,,M,71,1.1974914057084758,0.86,1989-04-21,23.69932305249252,valid_pre_snapshot,己巳,戊辰,辛亥,己,巳,戊,辰,辛,亥,金,0,1,3,1,1,2,1,1,土火土土金水,偏印|正官|正印|正印|比肩|伤官
2013-01,FIDE official January 2013 standard rating list,http://ratings.fide.com/download/standard_jan13frl.zip,standard_jan13frl.txt,11600454,"Fridman, Daniel",GM,,,GER,M,2667,0,10,1976.0,True,,76,75,11600454,1976-02-15,wikidata_exact_year_agrees,north,resolved_unique_birthplace,Q72463,Q1773,Riga,56.9475,24.10694444,,,True,,M,73,1.0830857622569223,0.856,1976-02-15,36.8796073841352,valid_pre_snapshot,丙辰,庚寅,丁酉,丙,辰,庚,寅,丁,酉,火,1,2,1,2,0,2,1,0,火土金木火金,劫财|伤官|正财|正印|比肩|偏财
2013-01,FIDE official January 2013 standard rating list,http://ratings.fide.com/download/standard_jan13frl.zip,standard_jan13frl.txt,14400030,"Sokolov, Ivan",GM,,,NED,M,2667,8,10,1968.0,True,,76,75,14400030,1968-06-13,wikidata_exact_year_agrees,north,multiple_birthplaces_same_hemisphere,Q709548,Q11194;Q258429,Jajce;Sarajevo,43.85638889;44.34025278,17.25723333;18.41305556,,,True,,M,73,1.0830857622569223,0.856,1968-06-13,44.55396072472399,valid_pre_snapshot,戊申,戊午,甲寅,戊,申,戊,午,甲,寅,木,2,1,2,1,0,1,1,0,土金土火木木,偏财|七杀|偏财|伤官|比肩|比肩
2013-01,FIDE official January 2013 standard rating list,http://ratings.fide.com/download/standard_jan13frl.zip,standard_jan13frl.txt,14109182,"Kryvoruchko, Yuriy",GM,,,UKR,M,2666,4,10,1986.0,True,,78,77,14109182,1986-12-19,wikidata_exact_year_agrees,north,resolved_unique_birthplace,Q1713972,Q36036,Lviv,49.838055;49.841952,24.023055;24.0315921,,,True,,M,75,1.0667420989067005,0.852,1986-12-19,26.037495636460708,valid_pre_snapshot,丙寅,庚子,丁酉,丙,寅,庚,子,丁,酉,火,1,2,0,2,1,3,0,0,火木金水火金,劫财|正印|正财|七杀|比肩|偏财
2013-01,FIDE official January 2013 standard rating list,http://ratings.fide.com/download/standard_jan13frl.zip,standard_jan13frl.txt,13300881,"Sargissian, Gabriel",GM,,,ARM,M,2666,0,10,1983.0,True,,78,77,13300881,1983-09-03,wikidata_exact_year_agrees,north,resolved_unique_birthplace,Q718592,Q1953,Yerevan,40.18138889,44.51444444,,,True,,M,75,1.0667420989067005,0.852,1983-09-03,29.33119776586788,valid_pre_snapshot,癸亥,庚申,甲午,癸,亥,庚,申,甲,午,木,1,1,0,2,2,4,1,1,水水金金木火,正印|偏印|七杀|七杀|比肩|伤官
2013-01,FIDE official January 2013 standard rating list,http://ratings.fide.com/download/standard_jan13frl.zip,standard_jan13frl.txt,14200937,"Gareev, Timur",GM,,,USA,M,2665,2,10,1988.0,True,,80,79,14200937,1988-03-03,wikidata_exact_year_agrees,north,resolved_unique_birthplace,Q1347365,Q269,Tashkent,41.31111111,69.27972222,,,True,,M,77,1.0503984355564786,0.848,1988-03-03,24.832816553385765,valid_pre_snapshot,戊辰,甲寅,丁巳,戊,辰,甲,寅,丁,巳,火,2,2,2,0,0,0,2,0,土土木木火火,伤官|伤官|正印|正印|比肩|劫财
2013-01,FIDE official January 2013 standard rating list,http://ratings.fide.com/download/standard_jan13frl.zip,standard_jan13frl.txt,4131061,"Potkin, Vladimir",GM,,,RUS,M,2665,0,10,1982.0,True,,80,79,4131061,1982-06-28,wikidata_exact_year_agrees,north,resolved_unique_birthplace,Q732938,Q193413,Rybinsk,58.05,38.83333333,,,True,,M,77,1.0503984355564786,0.848,1982-06-28,30.51397359288692,valid_pre_snapshot,壬戌,丙午,壬午,壬,戌,丙,午,壬,午,水,0,3,1,0,2,2,0,0,水土火火水火,比肩|七杀|偏财|正财|比肩|正财
2013-01,FIDE official January 2013 standard rating list,http://ratings.fide.com/download/standard_jan13frl.zip,standard_jan13frl.txt,13301527,"Gharamian, Tigran",GM,,,FRA,M,2661,0,10,1984.0,True,,82,81,13301527,1984-07-24,wikidata_exact_year_agrees,north,resolved_unique_birthplace,Q968861,Q1953,Yerevan,40.18138889,44.51444444,,,True,,M,79,0.985023782155591,0.844,1984-07-24,28.441377988596617,valid_pre_snapshot,甲子,辛未,己未,甲,子,辛,未,己,未,土,1,0,3,1,1,2,0,0,木水金土土土,正官|偏财|食神|比肩|比肩|比肩
2013-01,FIDE official January 2013 standard rating list,http://ratings.fide.com/download/standard_jan13frl.zip,standard_jan13frl.txt,14101025,"Onischuk, Alexander",GM,,,USA,M,2660,0,10,1975.0,True,,83,82,14101025,1975-09-03,wikidata_exact_year_agrees,north,resolved_unique_birthplace,Q378734,Q19566,Simferopol,44.948376,34.100039,,,True,,M,80,0.9686801188053692,0.842,1975-09-03,37.3313620402883,valid_pre_snapshot,乙卯,甲申,壬子,乙,卯,甲,申,壬,子,水,3,0,0,1,2,3,2,1,木木木金水水,伤官|伤官|食神|偏印|比肩|劫财
2013-01,FIDE official January 2013 standard rating list,http://ratings.fide.com/download/standard_jan13frl.zip,standard_jan13frl.txt,4659600,"Khenkin, Igor",GM,,,GER,M,2659,0,10,1968.0,True,,84,83,4659600,1968-03-21,wikidata_exact_year_agrees,north,resolved_unique_birthplace,Q70779,Q2684,Vladimir,56.12861111,40.40583333,,,True,,M,81,0.9523364554551472,0.84,1968-03-21,44.78394491331102,valid_pre_snapshot,戊申,乙卯,庚寅,戊,申,乙,卯,庚,寅,金,3,0,1,2,0,2,0,1,土金木木金木,偏印|比肩|正财|正财|比肩|偏财
2013-01,FIDE official January 2013 standard rating list,http://ratings.fide.com/download/standard_jan13frl.zip,standard_jan13frl.txt,4113403,"Zvjaginsev, Vadim",GM,,,RUS,M,2658,0,10,1976.0,True,,85,84,4113403,1976-08-18,wikidata_exact_year_agrees,north,resolved_unique_birthplace,Q910231,Q649,Moscow,55.75055556,37.6175,,,True,,M,82,0.9359927921049254,0.838,1976-08-18,36.37309458784232,valid_pre_snapshot,丙辰,丙申,壬寅,丙,辰,丙,申,壬,寅,水,1,2,1,1,1,2,0,1,火土火金水木,偏财|七杀|偏财|偏印|比肩|食神
2013-01,FIDE official January 2013 standard rating list,http://ratings.fide.com/download/standard_jan13frl.zip,standard_jan13frl.txt,1008013,"Tiviakov, Sergei",GM,,,NED,M,2657,29,10,1973.0,True,,86,85,1008013,1973-02-14,wikidata_exact_year_agrees,north,resolved_unique_birthplace,Q710938,Q3646,Krasnodar,45.03333333,38.98333333,,,True,,M,83,0.9196491287547034,0.836,1973-02-14,39.8803534637946,valid_pre_snapshot,癸丑,甲寅,辛巳,癸,丑,甲,寅,辛,巳,金,2,1,1,1,1,2,0,1,水土木木金火,食神|偏印|正财|正财|比肩|正官
2013-01,FIDE official January 2013 standard rating list,http://ratings.fide.com/download/standard_jan13frl.zip,standard_jan13frl.txt,13302485,"Melkumyan, Hrant",GM,,,ARM,M,2656,9,10,1989.0,True,,87,86,13302485,1989-04-30,wikidata_exact_year_agrees,north,resolved_unique_birthplace,Q1382386,Q1953,Yerevan,40.18138889,44.51444444,,,True,,M,84,0.9033054654044816,0.834,1989-04-30,23.674681889429625,valid_pre_snapshot,己巳,戊辰,庚申,己,巳,戊,辰,庚,申,金,0,1,3,2,0,2,0,2,土火土土金金,正印|七杀|偏印|偏印|比肩|比肩
2013-01,FIDE official January 2013 standard rating list,http://ratings.fide.com/download/standard_jan13frl.zip,standard_jan13frl.txt,1400355,"Nielsen, Peter Heine",GM,,,DEN,M,2656,0,10,1973.0,True,,87,86,1400355,1973-05-24,wikidata_exact_year_agrees,north,resolved_unique_birthplace,Q708943,Q27678,Holstebro,56.35805556,8.6175,,,True,,M,84,0.9033054654044816,0.834,1973-05-24,39.60930067010274,valid_pre_snapshot,癸丑,丁巳,庚申,癸,丑,丁,巳,庚,申,金,0,2,1,2,1,3,1,0,水土火火金金,伤官|正印|正官|七杀|比肩|比肩
2013-01,FIDE official January 2013 standard rating list,http://ratings.fide.com/download/standard_jan13frl.zip,standard_jan13frl.txt,1610856,"Ragger, Markus",GM,,,AUT,M,2655,0,10,1988.0,True,,89,88,1610856,1988-02-05,wikidata_exact_year_agrees,north,resolved_unique_birthplace,Q688382,Q41753,Klagenfurt am Wörthersee,46.61666667,14.3,,,True,,M,86,0.8869618020542597,0.83,1988-02-05,24.90674004257445,valid_pre_snapshot,戊辰,甲寅,庚寅,戊,辰,甲,寅,庚,寅,金,3,0,2,1,0,1,0,2,土土木木金木,偏印|偏印|偏财|偏财|比肩|偏财
2013-01,FIDE official January 2013 standard rating list,http://ratings.fide.com/download/standard_jan13frl.zip,standard_jan13frl.txt,4100107,"Dreev, Aleksey",GM,,,RUS,M,2654,0,10,1969.0,True,,90,89,4100107,1969-01-30,wikidata_exact_year_agrees,north,resolved_unique_birthplace,Q543241,Q5206,Stavropol,45.05,41.98333333,,,True,,M,87,0.8706181387040377,0.828,1969-01-30,43.92150420610964,valid_pre_snapshot,戊申,乙丑,乙巳,戊,申,乙,丑,乙,巳,木,2,1,2,1,0,1,1,0,土金木土木火,正财|正官|比肩|偏财|比肩|伤官
2013-01,FIDE official January 2013 standard rating list,http://ratings.fide.com/download/standard_jan13frl.zip,standard_jan13frl.txt,1200372,"Istratescu, Andrei",GM,,,FRA,M,2654,0,10,1975.0,True,,90,89,1200372,1975-12-03,wikidata_exact_year_agrees,north,resolved_unique_birthplace,Q502088,Q19660,Bucharest,44.41336111,26.09777778,,,True,,M,87,0.8706181387040377,0.828,1975-12-03,37.08221250265235,valid_pre_snapshot,乙卯,丁亥,癸未,乙,卯,丁,亥,癸,未,水,2,1,1,0,2,2,0,0,木木火水水土,食神|食神|偏财|劫财|比肩|七杀
2013-01,FIDE official January 2013 standard rating list,http://ratings.fide.com/download/standard_jan13frl.zip,standard_jan13frl.txt,4168003,"Matlakov, Maxim",GM,,,RUS,M,2653,9,10,1991.0,True,,92,91,4168003,1991-03-05,wikidata_exact_year_agrees,north,resolved_unique_birthplace,Q556485,Q656,Saint Petersburg,59.95,30.31666667,,,True,,M,89,0.8542744753538158,0.824,1991-03-05,21.829332566719373,valid_pre_snapshot,辛未,庚寅,甲戌,辛,未,庚,寅,甲,戌,木,2,0,2,2,0,2,0,0,金土金木木土,正官|正财|七杀|比肩|比肩|偏财
2013-01,FIDE official January 2013 standard rating list,http://ratings.fide.com/download/standard_jan13frl.zip,standard_jan13frl.txt,4142578,"Khismatullin, Denis",GM,,,RUS,M,2652,17,10,1984.0,True,,93,92,4142578,1984-12-28,wikidata_exact_year_agrees,north,resolved_unique_birthplace,Q504960,Q172601,Neftekamsk,56.08333333,54.25,,,True,,M,90,0.837930812003594,0.822,1984-12-28,28.01152658849942,valid_pre_snapshot,甲子,丙子,丙申,甲,子,丙,子,丙,申,火,1,2,0,1,2,3,0,1,木水火水火金,偏印|正官|比肩|正官|比肩|偏财
2013-01,FIDE official January 2013 standard rating list,http://ratings.fide.com/download/standard_jan13frl.zip,standard_jan13frl.txt,4119150,"Kobalia, Mikhail",GM,,FST,RUS,M,2652,0,10,1978.0,True,,93,92,4119150,1978-05-03,wikidata_exact_year_agrees,north,resolved_unique_birthplace,Q1321833,Q649,Moscow,55.75055556,37.6175,,,True,,M,90,0.837930812003594,0.822,1978-05-03,34.667378522488484,valid_pre_snapshot,戊午,丙辰,乙丑,戊,午,丙,辰,乙,丑,木,1,2,3,0,0,0,1,0,土火火土木土,正财|食神|伤官|正财|比肩|偏财
2013-01,FIDE official January 2013 standard rating list,http://ratings.fide.com/download/standard_jan13frl.zip,standard_jan13frl.txt,2801990,"Smirin, Ilia",GM,,,ISR,M,2652,0,10,1968.0,True,,93,92,2801990,1968-01-12,wikidata_exact_year_agrees,north,resolved_unique_birthplace,Q535460,Q102217,Vitebsk,55.18333333,30.16666667,,,True,,M,90,0.837930812003594,0.822,1968-01-12,44.97286049679322,valid_pre_snapshot,丁未,癸丑,辛巳,丁,未,癸,丑,辛,巳,金,0,2,2,1,1,2,0,2,火土水土金火,七杀|偏印|食神|偏印|比肩|正官
2013-01,FIDE official January 2013 standard rating list,http://ratings.fide.com/download/standard_jan13frl.zip,standard_jan13frl.txt,13401653,"Mamedov, Rauf",GM,,,AZE,M,2651,16,10,1988.0,True,,97,96,13401653,1988-04-26,wikidata_exact_year_agrees,north,resolved_unique_birthplace,Q574962,Q9248,Baku,40.36665556,49.83518333,,,True,,M,93,0.821587148653372,0.816,1988-04-26,24.684969575008385,valid_pre_snapshot,戊辰,丙辰,辛亥,戊,辰,丙,辰,辛,亥,金,0,1,3,1,1,2,1,0,土土火土金水,正印|正印|正官|正印|比肩|伤官
2013-01,FIDE official January 2013 standard rating list,http://ratings.fide.com/download/standard_jan13frl.zip,standard_jan13frl.txt,13502956,"Zhigalko, Sergei",GM,,,BLR,M,2651,13,10,1989.0,True,,97,96,13502956,1989-03-28,wikidata_exact_year_agrees,north,resolved_unique_birthplace,Q1376710,Q2280,Minsk,53.902246,27.561837,,,True,,M,93,0.821587148653372,0.816,1989-03-28,23.765032820660245,valid_pre_snapshot,己巳,丁卯,丁亥,己,巳,丁,卯,丁,亥,火,1,3,1,0,1,1,0,1,土火火木火水,食神|劫财|比肩|偏印|比肩|正官
2013-01,FIDE official January 2013 standard rating list,http://ratings.fide.com/download/standard_jan13frl.zip,standard_jan13frl.txt,3901211,"Iturrizaga, Eduardo",GM,,,VEN,M,2650,0,10,1989.0,True,,99,98,3901211,1989-11-01,wikidata_exact_year_agrees,north,resolved_unique_birthplace,Q5340641,Q1533,Caracas,10.50611111,-66.91444444,,,True,,M,95,0.8052434853031502,0.812,1989-11-01,23.16816909313675,valid_pre_snapshot,己巳,甲戌,乙丑,己,巳,甲,戌,乙,丑,木,2,1,3,0,0,0,1,0,土火木土木土,偏财|伤官|劫财|正财|比肩|偏财
2013-01,FIDE official January 2013 standard rating list,http://ratings.fide.com/download/standard_jan13frl.zip,standard_jan13frl.txt,4151348,"Khairullin, Ildar",GM,,,RUS,M,2650,12,10,1990.0,True,,99,98,4151348,1990-08-22,wikidata_exact_year_agrees,north,resolved_unique_birthplace,Q516135,Q915,Perm,58.01388889,56.24888889,,,True,,M,95,0.8052434853031502,0.812,1990-08-22,22.36322443308213,valid_pre_snapshot,庚午,甲申,己未,庚,午,甲,申,己,未,土,1,1,2,2,0,2,2,1,金火木金土土,伤官|偏印|正官|伤官|比肩|比肩
2013-01,FIDE official January 2013 standard rating list,http://ratings.fide.com/download/standard_jan13frl.zip,standard_jan13frl.txt,618438,"Tkachiev, Vladislav",GM,,,FRA,M,2650,0,10,1973.0,True,,99,98,618438,1973-11-09,wikidata_exact_year_agrees,north,resolved_unique_birthplace,Q716035,Q649,Moscow,55.75055556,37.6175,,,True,,M,95,0.8052434853031502,0.812,1973-11-09,39.14659438592168,valid_pre_snapshot,癸丑,癸亥,己酉,癸,丑,癸,亥,己,酉,土,0,0,2,1,3,4,0,0,水土水水土金,偏财|比肩|偏财|正财|比肩|食神
2013-01,FIDE official January 2013 standard rating list,http://ratings.fide.com/download/standard_jan13frl.zip,standard_jan13frl.txt,4142527,"Kurnosov, Igor",GM,,,RUS,M,2648,9,10,1985.0,True,,102,101,4142527,1985-05-30,wikidata_exact_year_agrees,north,resolved_unique_birthplace,Q959747,Q906,Chelyabinsk,55.15,61.4,,,True,,M,98,0.7725561586027063,0.806,1985-05-30,27.59262681643018,valid_pre_snapshot,乙丑,辛巳,己巳,乙,丑,辛,巳,己,巳,土,1,2,2,1,0,1,0,0,木土金火土火,七杀|比肩|食神|正印|比肩|正印
2013-01,FIDE official January 2013 standard rating list,http://ratings.fide.com/download/standard_jan13frl.zip,standard_jan13frl.txt,13301616,"Petrosian, Tigran L.",GM,,,ARM,M,2648,0,10,1984.0,True,,102,101,13301616,1984-09-17,wikidata_exact_year_agrees,north,resolved_unique_birthplace,Q528959,Q1953,Yerevan,40.18138889,44.51444444,,,True,,M,98,0.7725561586027063,0.806,1984-09-17,28.29079310321225,valid_pre_snapshot,甲子,癸酉,甲寅,甲,子,癸,酉,甲,寅,木,3,0,0,1,2,3,0,0,木水水金木木,比肩|正印|正印|正官|比肩|比肩
2013-01,FIDE official January 2013 standard rating list,http://ratings.fide.com/download/standard_jan13frl.zip,standard_jan13frl.txt,4118987,"Najer, Evgeniy",GM,,,RUS,M,2647,0,10,1977.0,True,,104,103,4118987,1977-06-22,wikidata_exact_year_agrees,north,resolved_unique_birthplace,Q490636,Q649,Moscow,55.75055556,37.6175,,,True,,M,100,0.7562124952524845,0.802,1977-06-22,35.52981922968986,valid_pre_snapshot,丁巳,丙午,庚戌,丁,巳,丙,午,庚,戌,金,0,4,1,1,0,1,0,1,火火火火金土,正官|七杀|七杀|正官|比肩|偏印
2013-01,FIDE official January 2013 standard rating list,http://ratings.fide.com/download/standard_jan13frl.zip,standard_jan13frl.txt,8601160,"Ni, Hua",GM,,,CHN,M,2646,15,10,1983.0,True,,105,104,8601160,1983-05-31,wikidata_exact_year_agrees,north,resolved_unique_birthplace,Q1450826,Q8686,Shanghai,31.2325,121.46916667,,,True,,M,101,0.7398688319022626,0.8,1983-05-31,29.59129893153179,valid_pre_snapshot,癸亥,丁巳,己未,癸,亥,丁,巳,己,未,土,0,2,2,0,2,2,0,1,水水火火土土,偏财|正财|偏印|正印|比肩|比肩
2013-01,FIDE official January 2013 standard rating list,http://ratings.fide.com/download/standard_jan13frl.zip,standard_jan13frl.txt,4675789,"Meier, Georg",GM,,,GER,M,2645,0,10,1987.0,True,,106,105,4675789,1987-08-26,wikidata_exact_year_agrees,north,resolved_unique_birthplace,Q68688,Q3138,Trier,49.75565,6.63935,,,True,,M,102,0.7235251685520406,0.798,1987-08-26,25.35301888471358,valid_pre_snapshot,丁卯,戊申,丁未,丁,卯,戊,申,丁,未,火,1,2,2,1,0,1,1,1,火木土金火土,比肩|偏印|伤官|正财|比肩|食神
2013-01,FIDE official January 2013 standard rating list,http://ratings.fide.com/download/standard_jan13frl.zip,standard_jan13frl.txt,1116207,"Gajewski, Grzegorz",GM,,,POL,M,2644,0,10,1985.0,True,,107,106,1116207,1985-07-19,wikidata_exact_year_agrees,north,resolved_unique_birthplace,Q4131618,Q2734,Skierniewice,51.95485;51.9568581,20.1430044;20.15837,,,True,,M,103,0.7071815052018188,0.796,1985-07-19,27.455731466080756,valid_pre_snapshot,乙丑,癸未,己未,乙,丑,癸,未,己,未,土,1,0,4,0,1,1,0,0,木土水土土土,七杀|比肩|偏财|比肩|比肩|比肩
2013-01,FIDE official January 2013 standard rating list,http://ratings.fide.com/download/standard_jan13frl.zip,standard_jan13frl.txt,912417,"Ivanisevic, Ivan",GM,,,SRB,M,2644,9,10,1977.0,True,,107,106,912417,1977-11-23,wikidata_exact_year_agrees,north,resolved_unique_birthplace,Q2301888,Q403,Serbia,43.95,20.93333333,,,True,,M,103,0.7071815052018188,0.796,1977-11-23,35.10818155061363,valid_pre_snapshot,丁巳,辛亥,甲申,丁,巳,辛,亥,甲,申,木,1,2,0,2,1,3,1,1,火火金水木金,伤官|食神|正官|偏印|比肩|七杀
2013-01,FIDE official January 2013 standard rating list,http://ratings.fide.com/download/standard_jan13frl.zip,standard_jan13frl.txt,14102536,"Fedorchuk, Sergey A.",GM,,,UKR,M,2643,14,10,1981.0,True,,109,108,14102536,1981-03-14,wikidata_exact_year_agrees,north,resolved_unique_birthplace,Q303873,Q157144,Vinnytsia,49.23722222,28.46722222,,,True,,M,105,0.6908378418515969,0.792,1981-03-14,31.803527793178503,valid_pre_snapshot,辛酉,辛卯,辛卯,辛,酉,辛,卯,辛,卯,金,2,0,0,4,0,4,0,0,金金金木金木,比肩|比肩|比肩|偏财|比肩|偏财
2013-01,FIDE official January 2013 standard rating list,http://ratings.fide.com/download/standard_jan13frl.zip,standard_jan13frl.txt,2900017,"Georgiev, Kiril",GM,,,BUL,M,2643,10,10,1965.0,True,,109,108,2900017,1965-11-28,wikidata_exact_year_agrees,north,resolved_unique_birthplace,Q725606,Q191099,Petrich,41.398129,23.206857,,,True,,M,105,0.6908378418515969,0.792,1965-11-28,47.09473842720932,valid_pre_snapshot,乙巳,丁亥,丙戌,乙,巳,丁,亥,丙,戌,火,1,3,1,0,1,1,0,0,木火火水火土,正印|比肩|劫财|七杀|比肩|食神
2013-01,FIDE official January 2013 standard rating list,http://ratings.fide.com/download/standard_jan13frl.zip,standard_jan13frl.txt,1304364,"Milov, Vadim",GM,,,SUI,M,2643,0,10,1972.0,True,,109,108,1304364,1972-08-01,wikidata_exact_year_agrees,north,resolved_unique_birthplace,Q667067,Q911,Ufa,54.72611111,55.9475,,,True,,M,105,0.6908378418515969,0.792,1972-08-01,40.41972114417134,valid_pre_snapshot,壬子,丁未,甲子,壬,子,丁,未,甲,子,木,1,1,1,0,3,3,1,1,水水火土木水,偏印|正印|伤官|正财|比肩|正印
2013-01,FIDE official January 2013 standard rating list,http://ratings.fide.com/download/standard_jan13frl.zip,standard_jan13frl.txt,4189302,"Sjugirov, Sanan",GM,,,RUS,M,2643,0,10,1993.0,True,,109,108,4189302,1993-01-31,wikidata_exact_year_agrees,north,resolved_unique_birthplace,Q937577,Q3977,Elista,46.31666667,44.26666667,,,True,,M,105,0.6908378418515969,0.792,1993-01-31,19.918273475841392,valid_pre_snapshot,壬申,癸丑,壬子,壬,申,癸,丑,壬,子,水,0,0,1,1,4,5,0,1,水金水土水水,比肩|偏印|劫财|正官|比肩|劫财
2013-01,FIDE official January 2013 standard rating list,http://ratings.fide.com/download/standard_jan13frl.zip,standard_jan13frl.txt,1107038,"Socko, Bartosz",GM,,,POL,M,2643,8,10,1978.0,True,,109,108,1107038,1978-11-10,wikidata_exact_year_agrees,north,resolved_unique_birthplace,Q809574,Q741876,Piaseczno,52.0747377,21.0270885,,,True,,M,105,0.6908378418515969,0.792,1978-11-10,34.14443828415368,valid_pre_snapshot,戊午,癸亥,丙子,戊,午,癸,亥,丙,子,火,0,2,1,0,3,3,0,0,土火水水火水,食神|劫财|正官|七杀|比肩|正官
2013-01,FIDE official January 2013 standard rating list,http://ratings.fide.com/download/standard_jan13frl.zip,standard_jan13frl.txt,4101685,"Landa, Konstantin",GM,,FST,RUS,M,2642,10,10,1972.0,True,,114,113,4101685,1972-05-22,wikidata_exact_year_agrees,north,resolved_unique_birthplace,Q487120,Q898,Omsk,54.96666667,73.38333333,,,True,,M,110,0.6744941785013749,0.782,1972-05-22,40.61411254166752,valid_pre_snapshot,壬子,乙巳,癸丑,壬,子,乙,巳,癸,丑,水,1,1,1,0,3,3,0,0,水水木火水土,劫财|比肩|食神|正财|比肩|七杀
2013-01,FIDE official January 2013 standard rating list,http://ratings.fide.com/download/standard_jan13frl.zip,standard_jan13frl.txt,400173,"Sadler, Matthew D",GM,,,ENG,M,2642,1,10,1974.0,True,,114,113,400173,1974-05-15,wikidata_exact_year_agrees,north,resolved_unique_birthplace,Q634634,Q729006,Chatham,51.38194444,0.52333333,,,True,,M,110,0.6744941785013749,0.782,1974-05-15,38.63460577561483,valid_pre_snapshot,甲寅,己巳,丙辰,甲,寅,己,巳,丙,辰,火,2,2,2,0,0,0,1,2,木木土火火土,偏印|偏印|伤官|比肩|比肩|食神
2013-01,FIDE official January 2013 standard rating list,http://ratings.fide.com/download/standard_jan13frl.zip,standard_jan13frl.txt,718939,"Balogh, Csaba",GM,,,HUN,M,2641,0,10,1987.0,True,,116,115,718939,1987-03-10,wikidata_exact_year_agrees,north,resolved_unique_birthplace,Q789568,Q1781,Budapest,47.49833333,19.04083333,,,True,,M,112,0.6581505151511531,0.778,1987-03-10,25.81572516889464,valid_pre_snapshot,丁卯,癸卯,戊午,丁,卯,癸,卯,戊,午,土,2,2,1,0,1,1,0,0,火木水木土火,正印|正官|正财|正官|比肩|正印
2013-01,FIDE official January 2013 standard rating list,http://ratings.fide.com/download/standard_jan13frl.zip,standard_jan13frl.txt,4150120,"Lysyj, Igor",GM,,,RUS,M,2641,9,10,1987.0,True,,116,115,4150120,1987-01-01,wikidata_exact_year_agrees,north,resolved_unique_birthplace,Q4270810,Q887,Yekaterinburg,56.83555556,60.61277778,,,True,,M,112,0.6581505151511531,0.778,1987-01-01,26.00190284536985,valid_pre_snapshot,丙寅,庚子,庚戌,丙,寅,庚,子,庚,戌,金,1,1,1,2,1,3,1,1,火木金水金土,七杀|偏财|比肩|伤官|比肩|偏印
2013-01,FIDE official January 2013 standard rating list,http://ratings.fide.com/download/standard_jan13frl.zip,standard_jan13frl.txt,5016690,"Negi, Parimarjan",GM,,,IND,M,2641,0,10,1993.0,True,,116,115,5016690,1993-02-09,wikidata_exact_year_agrees,north,resolved_unique_birthplace,Q500436,Q987,New Delhi,28.61388889,77.20888889,,,True,,M,112,0.6581505151511531,0.778,1993-02-09,19.893632312778497,valid_pre_snapshot,癸酉,甲寅,辛酉,癸,酉,甲,寅,辛,酉,金,2,0,0,3,1,4,0,0,水金木木金金,食神|比肩|正财|正财|比肩|比肩
2013-01,FIDE official January 2013 standard rating list,http://ratings.fide.com/download/standard_jan13frl.zip,standard_jan13frl.txt,13402129,"Safarli, Eltaj",GM,,,AZE,M,2638,7,10,1992.0,True,,120,119,13402129,1992-05-18,wikidata_exact_year_agrees,north,resolved_unique_birthplace,Q1334037,Q9248,Baku,40.36665556,49.83518333,,,True,,M,115,0.6091195251004874,0.772,1992-05-18,20.624653483644423,valid_pre_snapshot,壬申,乙巳,甲午,壬,申,乙,巳,甲,午,木,2,2,0,1,1,2,1,1,水金木火木火,偏印|七杀|劫财|食神|比肩|伤官
2013-01,FIDE official January 2013 standard rating list,http://ratings.fide.com/download/standard_jan13frl.zip,standard_jan13frl.txt,14105500,"Sumets, Andrey",GM,,,UKR,M,2638,9,10,1980.0,True,,120,119,14105500,1980-04-15,wikidata_exact_year_agrees,north,resolved_unique_birthplace,Q4445986,Q1874,Odesa,46.47747,30.73262,,,True,,M,115,0.6091195251004874,0.772,1980-04-15,32.715250826505674,valid_pre_snapshot,庚申,庚辰,戊午,庚,申,庚,辰,戊,午,土,0,1,2,3,0,3,0,0,金金金土土火,食神|食神|食神|比肩|比肩|正印
2013-01,FIDE official January 2013 standard rating list,http://ratings.fide.com/download/standard_jan13frl.zip,standard_jan13frl.txt,14602377,"Beliavsky, Alexander G",GM,,FST,SLO,M,2637,7,10,1953.0,True,,122,121,14602377,1953-12-17,wikidata_exact_year_agrees,north,resolved_unique_birthplace,Q352413,Q36036,Lviv,49.838055;49.841952,24.023055;24.0315921,,,True,,M,117,0.5927758617502655,0.768,1953-12-17,59.04296460570717,valid_pre_snapshot,癸巳,甲子,壬寅,癸,巳,甲,子,壬,寅,水,2,1,0,0,3,3,0,0,水火木水水木,劫财|偏财|食神|劫财|比肩|食神
2013-01,FIDE official January 2013 standard rating list,http://ratings.fide.com/download/standard_jan13frl.zip,standard_jan13frl.txt,2805642,"Erenburg, Sergey",GM,,,USA,M,2637,0,10,1983.0,True,,122,121,2805642,1983-01-27,wikidata_exact_year_agrees,north,resolved_unique_birthplace,Q2512515,Q102667,Biysk,52.51666667,85.16666667,,,True,,M,117,0.5927758617502655,0.768,1983-01-27,29.930799400398364,valid_pre_snapshot,壬戌,癸丑,乙卯,壬,戌,癸,丑,乙,卯,木,2,0,2,0,2,2,0,1,水土水土木木,正印|正财|偏印|偏财|比肩|比肩
2013-01,FIDE official January 2013 standard rating list,http://ratings.fide.com/download/standard_jan13frl.zip,standard_jan13frl.txt,5010608,"Gupta, Abhijeet",GM,,,IND,M,2637,11,10,1989.0,True,,122,121,5010608,1989-10-16,wikidata_exact_year_agrees,north,resolved_unique_birthplace,Q320570,Q760146,Bhilwara,25.34694444;25.35,74.63333333;74.64083333,,,True,,M,117,0.5927758617502655,0.768,1989-10-16,23.21197560524857,valid_pre_snapshot,己巳,甲戌,己酉,己,巳,甲,戌,己,酉,土,1,1,3,1,0,1,0,0,土火木土土金,比肩|正印|正官|劫财|比肩|食神
2013-01,FIDE official January 2013 standard rating list,http://ratings.fide.com/download/standard_jan13frl.zip,standard_jan13frl.txt,14502879,"Kozul, Zdenko",GM,,,CRO,M,2637,17,10,1966.0,True,,122,121,14502879,1966-05-21,wikidata_exact_year_agrees,north,resolved_unique_birthplace,Q168943,Q204434,Bihać,44.81472222,15.86916667,,,True,,M,117,0.5927758617502655,0.768,1966-05-21,46.61834260799332,valid_pre_snapshot,丙午,癸巳,庚辰,丙,午,癸,巳,庚,辰,金,0,3,1,1,1,2,1,1,火火水火金土,七杀|正官|伤官|七杀|比肩|偏印
2013-01,FIDE official January 2013 standard rating list,http://ratings.fide.com/download/standard_jan13frl.zip,standard_jan13frl.txt,14118084,"Nyzhnyk, Illya",GM,,,UKR,M,2637,0,10,1996.0,True,,122,121,14118084,1996-09-27,wikidata_exact_year_agrees,north,resolved_unique_birthplace,Q494656,Q157144,Vinnytsia,49.23722222,28.46722222,,,True,,M,117,0.5927758617502655,0.768,1996-09-27,16.263167621511734,valid_pre_snapshot,丙子,丁酉,丁卯,丙,子,丁,酉,丁,卯,火,1,3,0,1,1,2,0,1,火水火金火木,劫财|七杀|比肩|偏财|比肩|偏印
2013-01,FIDE official January 2013 standard rating list,http://ratings.fide.com/download/standard_jan13frl.zip,standard_jan13frl.txt,719978,"Erdos, Viktor",GM,,,HUN,M,2636,9,10,1987.0,True,,127,126,719978,1987-09-02,wikidata_exact_year_agrees,north,resolved_unique_birthplace,Q2524265,Q178878,Békéscsaba,46.68333333,21.08333333,,,True,,M,122,0.5764321984000436,0.758,1987-09-02,25.333853535664662,valid_pre_snapshot,丁卯,戊申,甲寅,丁,卯,戊,申,甲,寅,木,3,1,1,1,0,1,1,0,火木土金木木,伤官|劫财|偏财|七杀|比肩|比肩
2013-01,FIDE official January 2013 standard rating list,http://ratings.fide.com/download/standard_jan13frl.zip,standard_jan13frl.txt,1503707,"Hammer, Jon Ludvig",GM,,,NOR,M,2633,0,10,1990.0,True,,129,128,1503707,1990-06-02,wikidata_exact_year_agrees,north,resolved_unique_birthplace,Q1152824,Q26793,Bergen,60.3925,5.32333333,,,True,,M,123,0.5274012083493779,0.756,1990-06-02,22.5849949006482,valid_pre_snapshot,庚午,辛巳,戊戌,庚,午,辛,巳,戊,戌,土,0,2,2,2,0,2,1,1,金火金火土土,食神|正印|伤官|偏印|比肩|比肩
2013-01,FIDE official January 2013 standard rating list,http://ratings.fide.com/download/standard_jan13frl.zip,standard_jan13frl.txt,410608,"Howell, David W L",GM,,,ENG,M,2633,4,10,1990.0,True,,129,128,410608,1990-11-14,wikidata_exact_year_agrees,north,resolved_unique_birthplace,Q1119406,Q208262,Eastbourne,50.76638889,0.28611111,,,True,,M,123,0.5274012083493779,0.756,1990-11-14,22.13324024449509,valid_pre_snapshot,庚午,丁亥,癸未,庚,午,丁,亥,癸,未,水,0,2,1,1,2,3,0,0,金火火水水土,正印|偏财|偏财|劫财|比肩|七杀
2013-01,FIDE official January 2013 standard rating list,http://ratings.fide.com/download/standard_jan13frl.zip,standard_jan13frl.txt,409561,"Jones, Gawain C B",GM,,,ENG,M,2632,8,10,1987.0,True,,131,130,409561,1987-12-11,wikidata_exact_year_agrees,north,resolved_unique_birthplace,Q541729,Q990168,Keighley,53.86666667,-1.91666667,,,True,,M,125,0.511057544999156,0.752,1987-12-11,25.06006283496581,valid_pre_snapshot,丁卯,壬子,甲午,丁,卯,壬,子,甲,午,木,2,2,0,0,2,2,2,1,火木水水木火,伤官|劫财|偏印|正印|比肩|伤官
2013-01,FIDE official January 2013 standard rating list,http://ratings.fide.com/download/standard_jan13frl.zip,standard_jan13frl.txt,10601457,"Amin, Bassem",GM,,,EGY,M,2631,0,10,1988.0,True,,133,132,10601457,1988-09-09,wikidata_exact_year_agrees,north,resolved_unique_birthplace,Q93674,Q271771,Tanta,30.78333333,31.0,,,True,,M,126,0.4947138816489341,0.75,1988-09-09,24.31261422205795,valid_pre_snapshot,戊辰,辛酉,丁卯,戊,辰,辛,酉,丁,卯,火,1,1,2,2,0,2,2,1,土土金金火木,伤官|伤官|偏财|偏财|比肩|偏印
2013-01,FIDE official January 2013 standard rating list,http://ratings.fide.com/download/standard_jan13frl.zip,standard_jan13frl.txt,12401110,"Nguyen, Ngoc Truong Son",GM,,,VIE,M,2631,0,10,1990.0,True,,133,132,12401110,1990-02-23,wikidata_exact_year_agrees,north,resolved_unique_birthplace,Q2111035,Q36093,Rạch Giá,10.0125,105.08083333,,,True,,M,126,0.4947138816489341,0.75,1990-02-23,22.856047694340063,valid_pre_snapshot,庚午,戊寅,己未,庚,午,戊,寅,己,未,土,1,1,3,1,0,1,1,1,金火土木土土,伤官|偏印|劫财|正官|比肩|比肩
2013-01,FIDE official January 2013 standard rating list,http://ratings.fide.com/download/standard_jan13frl.zip,standard_jan13frl.txt,8602956,"Wen, Yang",GM,,,CHN,M,2631,8,10,1988.0,True,,133,132,8602956,1988-07-07,wikidata_exact_year_agrees,north,resolved_unique_birthplace,Q7982247,Q170247,Jinan,36.66666667,116.98333333,,,True,,M,126,0.4947138816489341,0.75,1988-07-07,24.487840270505213,valid_pre_snapshot,戊辰,己未,癸亥,戊,辰,己,未,癸,亥,水,0,0,4,0,2,2,0,0,土土土土水水,正官|正官|七杀|七杀|比肩|劫财
2013-01,FIDE official January 2013 standard rating list,http://ratings.fide.com/download/standard_jan13frl.zip,standard_jan13frl.txt,1104306,"Macieja, Bartlomiej",GM,,,POL,M,2630,9,10,1977.0,True,,136,135,1104306,1977-10-04,wikidata_exact_year_agrees,north,resolved_unique_birthplace,Q809621,Q270,Warsaw,52.23,21.01111111,,,True,,M,129,0.4783702182987122,0.744,1977-10-04,35.245076900963056,valid_pre_snapshot,丁巳,己酉,甲午,丁,巳,己,酉,甲,午,木,1,3,1,1,0,1,2,0,火火土金木火,伤官|食神|正财|正官|比肩|伤官
2013-01,FIDE official January 2013 standard rating list,http://ratings.fide.com/download/standard_jan13frl.zip,standard_jan13frl.txt,4201345,"Papaioannou, Ioannis",GM,,,GRE,M,2630,5,10,1976.0,True,,136,135,4201345,1976-04-20,wikidata_exact_year_agrees,north,resolved_unique_birthplace,Q3657177,Q1524,Athens,37.98416667,23.72805556,,,True,,M,129,0.4783702182987122,0.744,1976-04-20,36.70164342868095,valid_pre_snapshot,丙辰,壬辰,壬寅,丙,辰,壬,辰,壬,寅,水,1,1,2,0,2,2,0,0,火土水土水木,偏财|七杀|比肩|七杀|比肩|食神
2013-01,FIDE official January 2013 standard rating list,http://ratings.fide.com/download/standard_jan13frl.zip,standard_jan13frl.txt,1204297,"Parligras, Mircea-Emilian",GM,,,ROU,M,2630,3,10,1980.0,True,,136,135,1204297,1980-12-28,wikidata_exact_year_agrees,north,resolved_unique_birthplace,Q1715662,Q187938,Pitești,44.86666667,24.88333333,,,True,,M,129,0.4783702182987122,0.744,1980-12-28,32.01160872570963,valid_pre_snapshot,庚申,戊子,乙亥,庚,申,戊,子,乙,亥,木,1,0,1,2,2,4,0,1,金金土水木水,正官|正官|正财|偏印|比肩|正印
2013-01,FIDE official January 2013 standard rating list,http://ratings.fide.com/download/standard_jan13frl.zip,standard_jan13frl.txt,4120086,"Turov, Maxim",GM,,,RUS,M,2630,0,10,1979.0,True,,136,135,4120086,1979-12-07,wikidata_exact_year_agrees,north,resolved_unique_birthplace,Q510911,Q134699,Gukovo,48.05,39.93333333,,,True,,M,129,0.4783702182987122,0.744,1979-12-07,33.071178737414186,valid_pre_snapshot,己未,乙亥,戊申,己,未,乙,亥,戊,申,土,1,0,3,1,1,2,0,0,土土木水土金,劫财|劫财|正官|偏财|比肩|食神
2013-01,FIDE official January 2013 standard rating list,http://ratings.fide.com/download/standard_jan13frl.zip,standard_jan13frl.txt,1112635,"Bartel, Mateusz",GM,,,POL,M,2629,0,10,1985.0,True,,140,139,1112635,1985-01-03,wikidata_exact_year_agrees,north,resolved_unique_birthplace,Q724047,Q270,Warsaw,52.23,21.01111111,,,True,,M,133,0.4620265549484903,0.736,1985-01-03,27.99509914645749,valid_pre_snapshot,甲子,丙子,壬寅,甲,子,丙,子,壬,寅,水,2,1,0,0,3,3,0,0,木水火水水木,食神|劫财|偏财|劫财|比肩|食神
2013-01,FIDE official January 2013 standard rating list,http://ratings.fide.com/download/standard_jan13frl.zip,standard_jan13frl.txt,1113100,"Krasenkow, Michal",GM,,FST,POL,M,2628,0,10,1963.0,True,,141,140,1113100,1963-11-14,wikidata_exact_year_agrees,north,resolved_unique_birthplace,Q961090,Q649,Moscow,55.75055556,37.6175,,,True,,M,134,0.4456828915982684,0.734,1963-11-14,49.13447914741576,valid_pre_snapshot,癸卯,癸亥,辛酉,癸,卯,癸,亥,辛,酉,金,1,0,0,2,3,5,1,0,水木水水金金,食神|偏财|食神|伤官|比肩|比肩
2013-01,FIDE official January 2013 standard rating list,http://ratings.fide.com/download/standard_jan13frl.zip,standard_jan13frl.txt,14102595,"Miroshnichenko, Evgenij",GM,,,UKR,M,2628,0,10,1978.0,True,,141,140,14102595,1978-12-28,wikidata_exact_year_agrees,north,resolved_unique_birthplace,Q183284,Q43070,Donetsk,48.01583333,37.80277778,,,True,,M,134,0.4456828915982684,0.734,1978-12-28,34.01301874781823,valid_pre_snapshot,戊午,甲子,甲子,戊,午,甲,子,甲,子,木,2,1,1,0,2,2,1,0,土火木水木水,偏财|伤官|比肩|正印|比肩|正印
2013-01,FIDE official January 2013 standard rating list,http://ratings.fide.com/download/standard_jan13frl.zip,standard_jan13frl.txt,13501470,"Azarov, Sergei",GM,,,BLR,M,2627,0,10,1983.0,True,,143,142,13501470,1983-05-19,wikidata_exact_year_agrees,north,resolved_unique_birthplace,Q977595,Q2280,Minsk,53.902246,27.561837,,,True,,M,136,0.4293392282480465,0.73,1983-05-19,29.624153815615653,valid_pre_snapshot,癸亥,丁巳,丁未,癸,亥,丁,巳,丁,未,火,0,3,1,0,2,2,0,0,水水火火火土,七杀|正官|比肩|劫财|比肩|食神
2013-01,FIDE official January 2013 standard rating list,http://ratings.fide.com/download/standard_jan13frl.zip,standard_jan13frl.txt,603767,"Bauer, Christian",GM,,,FRA,M,2627,0,10,1977.0,True,,143,142,603767,1977-01-11,wikidata_exact_year_agrees,north,resolved_unique_birthplace,Q1078924,Q22703,Forbach,49.18805556,6.9,,,True,,M,136,0.4293392282480465,0.73,1977-01-11,35.973360164822004,valid_pre_snapshot,丙辰,辛丑,戊辰,丙,辰,辛,丑,戊,辰,土,0,1,4,1,0,1,1,1,火土金土土土,偏印|比肩|伤官|劫财|比肩|比肩
2013-01,FIDE official January 2013 standard rating list,http://ratings.fide.com/download/standard_jan13frl.zip,standard_jan13frl.txt,4160258,"Demchenko, Anton",GM,,,RUS,M,2627,0,10,1987.0,True,,143,142,4160258,1987-08-20,wikidata_exact_year_agrees,north,resolved_unique_birthplace,Q4157722,Q15760,Novorossiysk,44.71666667,37.76666667,,,True,,M,136,0.4293392282480465,0.73,1987-08-20,25.36944632675551,valid_pre_snapshot,丁卯,戊申,辛丑,丁,卯,戊,申,辛,丑,金,1,1,2,2,0,2,0,1,火木土金金土,七杀|偏财|正印|劫财|比肩|偏印
2013-01,FIDE official January 2013 standard rating list,http://ratings.fide.com/download/standard_jan13frl.zip,standard_jan13frl.txt,4132181,"Kokarev, Dmitry",GM,,,RUS,M,2627,13,10,1982.0,True,,143,142,4132181,1982-02-18,wikidata_exact_year_agrees,north,resolved_unique_birthplace,Q466232,Q5540,Penza,53.2,45.0,,,True,,M,136,0.4293392282480465,0.73,1982-02-18,30.869901503795425,valid_pre_snapshot,壬戌,壬寅,壬申,壬,戌,壬,寅,壬,申,水,1,0,1,1,3,4,0,1,水土水木水金,比肩|七杀|比肩|食神|比肩|偏印
2013-01,FIDE official January 2013 standard rating list,http://ratings.fide.com/download/standard_jan13frl.zip,standard_jan13frl.txt,1007998,"L'Ami, Erwin",GM,,,NED,M,2627,1,10,1985.0,True,,143,142,1007998,1985-04-05,wikidata_exact_year_agrees,north,resolved_unique_birthplace,Q1363654,Q5128,Woerden,52.08583333,4.88333333,,,True,,M,136,0.4293392282480465,0.73,1985-04-05,27.74321170181455,valid_pre_snapshot,乙丑,庚辰,甲戌,乙,丑,庚,辰,甲,戌,木,2,0,3,1,0,1,0,0,木土金土木土,劫财|正财|七杀|偏财|比肩|偏财
2013-01,FIDE official January 2013 standard rating list,http://ratings.fide.com/download/standard_jan13frl.zip,standard_jan13frl.txt,14109158,"Pilavov, Georgy",GM,,,UKR,M,2627,0,10,1974.0,True,,143,142,14109158,1974-12-13,wikidata_exact_year_agrees,north,resolved_unique_birthplace,Q4362660,Q134279,Luhansk,48.5717084,39.2973153,,,True,,M,136,0.4293392282480465,0.73,1974-12-13,38.05416949013327,valid_pre_snapshot,甲寅,丙子,戊子,甲,寅,丙,子,戊,子,土,2,1,1,0,2,2,0,1,木木火水土水,七杀|七杀|偏印|正财|比肩|正财
2013-01,FIDE official January 2013 standard rating list,http://ratings.fide.com/download/standard_jan13frl.zip,standard_jan13frl.txt,1126881,"Swiercz, Dariusz",GM,,,POL,M,2627,0,10,1994.0,True,,143,142,1126881,1994-05-31,wikidata_exact_year_agrees,north,resolved_unique_birthplace,Q1992664,Q329833,Tarnowskie Góry,50.44527778,18.86138889,,,True,,M,136,0.4293392282480465,0.73,1994-05-31,18.590388577451968,valid_pre_snapshot,甲戌,己巳,丁巳,甲,戌,己,巳,丁,巳,火,1,3,2,0,0,0,1,0,木土土火火火,正印|伤官|食神|劫财|比肩|劫财
2013-01,FIDE official January 2013 standard rating list,http://ratings.fide.com/download/standard_jan13frl.zip,standard_jan13frl.txt,4120426,"Galkin, Alexander",GM,,,RUS,M,2626,0,10,1979.0,True,,150,149,4120426,1979-02-01,wikidata_exact_year_agrees,north,resolved_unique_birthplace,Q1573502,Q908,Rostov-on-Don,47.2225,39.71,,,True,,M,143,0.4129955648978246,0.716,1979-02-01,33.91719200257363,valid_pre_snapshot,戊午,乙丑,己亥,戊,午,乙,丑,己,亥,土,1,1,3,0,1,1,0,1,土火木土土水,劫财|偏印|七杀|比肩|比肩|正财
2013-01,FIDE official January 2013 standard rating list,http://ratings.fide.com/download/standard_jan13frl.zip,standard_jan13frl.txt,5002150,"Ganguly, Surya Shekhar",GM,,,IND,M,2626,11,10,1983.0,True,,150,149,5002150,1983-02-24,wikidata_exact_year_agrees,north,resolved_unique_birthplace,Q952098,Q1348,Kolkata,22.5675,88.37,,,True,,M,143,0.4129955648978246,0.716,1983-02-24,29.854138004202685,valid_pre_snapshot,癸亥,甲寅,癸未,癸,亥,甲,寅,癸,未,水,2,0,1,0,3,3,2,0,水水木木水土,比肩|劫财|伤官|伤官|比肩|七杀
2013-01,FIDE official January 2013 standard rating list,http://ratings.fide.com/download/standard_jan13frl.zip,standard_jan13frl.txt,1111914,"Miton, Kamil",GM,,,POL,M,2626,0,10,1984.0,True,,150,149,1111914,1984-04-12,wikidata_exact_year_agrees,north,resolved_unique_birthplace,Q1723070,Q31487,Kraków,50.06138889,19.93722222,,,True,,M,143,0.4129955648978246,0.716,1984-04-12,28.723382410316432,valid_pre_snapshot,甲子,戊辰,丙子,甲,子,戊,辰,丙,子,火,1,1,2,0,2,2,0,1,木水土土火水,偏印|正官|食神|食神|比肩|正官
2013-01,FIDE official January 2013 standard rating list,http://ratings.fide.com/download/standard_jan13frl.zip,standard_jan13frl.txt,14700077,"Amonatov, Farrukh",GM,,,TJK,M,2625,0,10,1978.0,True,,153,152,14700077,1978-04-13,wikidata_exact_year_agrees,north,resolved_unique_birthplace,Q1293356,Q9365,Dushanbe,38.57305556,68.78638889,,,True,,M,146,0.3966519015476027,0.71,1978-04-13,34.72213666262825,valid_pre_snapshot,戊午,丙辰,乙巳,戊,午,丙,辰,乙,巳,木,1,3,2,0,0,0,2,0,土火火土木火,正财|食神|伤官|正财|比肩|伤官
2013-01,FIDE official January 2013 standard rating list,http://ratings.fide.com/download/standard_jan13frl.zip,standard_jan13frl.txt,2804158,"Roiz, Michael",GM,,,ISR,M,2625,0,10,1983.0,True,,153,152,2804158,1983-10-12,wikidata_exact_year_agrees,north,resolved_unique_birthplace,Q1857837,Q5332,Saratov,51.53,46.035,,,True,,M,146,0.3966519015476027,0.71,1983-10-12,29.22441939259533,valid_pre_snapshot,癸亥,壬戌,癸酉,癸,亥,壬,戌,癸,酉,水,0,0,1,1,4,5,0,1,水水水土水金,比肩|劫财|劫财|正官|比肩|偏印
2013-01,FIDE official January 2013 standard rating list,http://ratings.fide.com/download/standard_jan13frl.zip,standard_jan13frl.txt,13401378,"Guseinov, Gadir",GM,,,AZE,M,2623,5,10,1986.0,True,,155,154,13401378,1986-05-21,wikidata_exact_year_agrees,north,resolved_unique_birthplace,Q725177,Q649,Moscow,55.75055556,37.6175,,,True,,M,148,0.3639645748471589,0.706,1986-05-21,26.617931921942272,valid_pre_snapshot,丙寅,癸巳,乙丑,丙,寅,癸,巳,乙,丑,木,2,2,1,0,1,1,2,1,火木水火木土,伤官|劫财|偏印|伤官|比肩|偏财
2013-01,FIDE official January 2013 standard rating list,http://ratings.fide.com/download/standard_jan13frl.zip,standard_jan13frl.txt,4170350,"Popov, Ivan",GM,,,RUS,M,2623,0,10,1990.0,True,,155,154,4170350,1990-03-20,wikidata_exact_year_agrees,north,resolved_unique_birthplace,Q3429656,Q908,Rostov-on-Don,47.2225,39.71,,,True,,M,148,0.3639645748471589,0.706,1990-03-20,22.78760001916535,valid_pre_snapshot,庚午,己卯,甲申,庚,午,己,卯,甲,申,木,2,1,1,2,0,2,1,0,金火土木木金,七杀|伤官|正财|劫财|比肩|七杀
2013-01,FIDE official January 2013 standard rating list,http://ratings.fide.com/download/standard_jan13frl.zip,standard_jan13frl.txt,14116804,"Zherebukh, Yaroslav",GM,,,UKR,M,2623,0,10,1993.0,True,,155,154,14116804,1993-07-14,wikidata_exact_year_agrees,north,resolved_unique_birthplace,Q982242,Q36036,Lviv,49.838055;49.841952,24.023055;24.0315921,,,True,,M,148,0.3639645748471589,0.706,1993-07-14,19.46925672669528,valid_pre_snapshot,癸酉,己未,丙申,癸,酉,己,未,丙,申,火,0,1,2,2,1,3,2,0,水金土土火金,正官|正财|伤官|伤官|比肩|偏财
2013-01,FIDE official January 2013 standard rating list,http://ratings.fide.com/download/standard_jan13frl.zip,standard_jan13frl.txt,14112906,"Kuzubov, Yuriy",GM,,,UKR,M,2622,0,10,1990.0,True,,158,157,14112906,1990-01-26,wikidata_exact_year_agrees,north,resolved_unique_birthplace,Q965419,Q196533,Sychyovka,55.82527778,34.27361111,,,True,,M,151,0.3476209114969371,0.7,1990-01-26,22.932709090535734,valid_pre_snapshot,己巳,丁丑,辛卯,己,巳,丁,丑,辛,卯,金,1,2,2,1,0,1,0,2,土火火土金木,偏印|正官|七杀|偏印|比肩|偏财
2013-01,FIDE official January 2013 standard rating list,http://ratings.fide.com/download/standard_jan13frl.zip,standard_jan13frl.txt,2804344,"Postny, Evgeny",GM,,,ISR,M,2622,0,10,1981.0,True,,158,157,2804344,1981-07-03,wikidata_exact_year_agrees,north,resolved_unique_birthplace,Q969913,Q883,Novosibirsk,55.03333333,82.91666667,,,True,,M,151,0.3476209114969371,0.7,1981-07-03,31.49962011540278,valid_pre_snapshot,辛酉,甲午,壬午,辛,酉,甲,午,壬,午,水,1,2,0,2,1,3,0,0,金金木火水火,正印|正印|食神|正财|比肩|正财
2013-01,FIDE official January 2013 standard rating list,http://ratings.fide.com/download/standard_jan13frl.zip,standard_jan13frl.txt,1006673,"Stellwagen, Daniel",GM,,,NED,M,2622,0,10,1987.0,True,,158,157,1006673,1987-03-01,wikidata_exact_year_agrees,north,resolved_unique_birthplace,Q492441,Q10041,Soest,52.18333333,5.28333333,,,True,,M,151,0.3476209114969371,0.7,1987-03-01,25.840366331957533,valid_pre_snapshot,丁卯,壬寅,己酉,丁,卯,壬,寅,己,酉,土,2,1,1,1,1,2,0,1,火木水木土金,偏印|七杀|正财|正官|比肩|食神
2013-01,FIDE official January 2013 standard rating list,http://ratings.fide.com/download/standard_jan13frl.zip,standard_jan13frl.txt,4625498,"Gustafsson, Jan",GM,,,GER,M,2621,0,10,1979.0,True,,161,160,4625498,1979-06-25,wikidata_exact_year_agrees,north,resolved_unique_birthplace,Q70780,Q1055,Hamburg,53.55,10.0,,,True,,M,154,0.3312772481467151,0.694,1979-06-25,33.522933393567286,valid_pre_snapshot,己未,庚午,癸亥,己,未,庚,午,癸,亥,水,0,1,2,1,2,3,0,0,土土金火水水,七杀|七杀|正印|偏财|比肩|劫财
2013-01,FIDE official January 2013 standard rating list,http://ratings.fide.com/download/standard_jan13frl.zip,standard_jan13frl.txt,738590,"Rapport, Richard",GM,,,HUN,M,2621,0,10,1996.0,True,,161,160,738590,1996-03-25,wikidata_exact_year_agrees,north,resolved_unique_birthplace,Q945565,Q42007,Szombathely,47.23333333,16.63333333,,,True,,M,154,0.3312772481467151,0.694,1996-03-25,16.772418324811596,valid_pre_snapshot,丙子,辛卯,辛酉,丙,子,辛,卯,辛,酉,金,1,1,0,3,1,4,0,0,火水金木金金,正官|食神|比肩|偏财|比肩|比肩
2013-01,FIDE official January 2013 standard rating list,http://ratings.fide.com/download/standard_jan13frl.zip,standard_jan13frl.txt,2200015,"Illescas Cordoba, Miguel",GM,,FST,ESP,M,2620,0,10,1965.0,True,,163,162,2200015,1965-12-03,wikidata_exact_year_agrees,north,resolved_unique_birthplace,Q212554,Q1492,Barcelona,41.3825,2.17694444,,,True,,M,156,0.3149335847964932,0.69,1965-12-03,47.08104889217438,valid_pre_snapshot,乙巳,丁亥,辛卯,乙,巳,丁,亥,辛,卯,金,2,2,0,1,1,2,1,0,木火火水金木,偏财|正官|七杀|伤官|比肩|偏财
2013-01,FIDE official January 2013 standard rating list,http://ratings.fide.com/download/standard_jan13frl.zip,standard_jan13frl.txt,2000032,"Seirawan, Yasser",GM,,FST,USA,M,2620,0,10,1960.0,True,,163,162,2000032,1960-03-24,wikidata_exact_year_agrees,north,resolved_unique_birthplace,Q319208,Q3766,Damascus,33.513;33.51305556,36.29194444;36.292,,,True,,M,156,0.3149335847964932,0.69,1960-03-24,52.77589546671047,valid_pre_snapshot,庚子,己卯,辛亥,庚,子,己,卯,辛,亥,金,1,0,1,2,2,4,1,1,金水土木金水,劫财|食神|偏印|偏财|比肩|伤官
2013-01,FIDE official January 2013 standard rating list,http://ratings.fide.com/download/standard_jan13frl.zip,standard_jan13frl.txt,2021285,"Lenderman, Aleksandr",GM,,,USA,M,2619,0,10,1989.0,True,,165,164,2021285,1989-09-23,wikidata_exact_year_agrees,north,resolved_unique_birthplace,Q444473,Q656,Saint Petersburg,59.95,30.31666667,,,True,,M,158,0.2985899214462714,0.686,1989-09-23,23.2749474664093,valid_pre_snapshot,己巳,癸酉,丙戌,己,巳,癸,酉,丙,戌,火,0,2,2,1,1,2,1,0,土火水金火土,伤官|比肩|正官|正财|比肩|食神
2013-01,FIDE official January 2013 standard rating list,http://ratings.fide.com/download/standard_jan13frl.zip,standard_jan13frl.txt,14400014,"Nikolic, Predrag",GM,,,BIH,M,2619,11,10,1960.0,True,,165,164,14400014,1960-09-11,wikidata_exact_year_agrees,north,resolved_unique_birthplace,Q634635,Q391033,Šamac,45.06666667,18.46666667,,,True,,M,158,0.2985899214462714,0.686,1960-09-11,52.30771336851544,valid_pre_snapshot,庚子,乙酉,壬寅,庚,子,乙,酉,壬,寅,水,2,0,0,2,2,4,1,1,金水木金水木,偏印|劫财|伤官|正印|比肩|食神
2013-01,FIDE official January 2013 standard rating list,http://ratings.fide.com/download/standard_jan13frl.zip,standard_jan13frl.txt,14603853,"Lenic, Luka",GM,,,SLO,M,2618,12,10,1988.0,True,,167,166,14603853,1988-05-13,wikidata_exact_year_agrees,north,resolved_unique_birthplace,Q780927,Q437,Ljubljana,46.05138889,14.50611111,,,True,,M,160,0.2822462580960495,0.682,1988-05-13,24.63842515588958,valid_pre_snapshot,戊辰,丁巳,戊辰,戊,辰,丁,巳,戊,辰,土,0,2,4,0,0,0,0,1,土土火火土土,比肩|比肩|正印|偏印|比肩|比肩
2013-01,FIDE official January 2013 standard rating list,http://ratings.fide.com/download/standard_jan13frl.zip,standard_jan13frl.txt,14502569,"Stevic, Hrvoje",GM,,,CRO,M,2618,15,10,1980.0,True,,167,166,14502569,1980-01-08,wikidata_exact_year_agrees,north,resolved_unique_birthplace,Q741069,Q1640,Osijek,45.56027778,18.67027778,,,True,,M,160,0.2822462580960495,0.682,1980-01-08,32.98356571319055,valid_pre_snapshot,己未,丁丑,庚辰,己,未,丁,丑,庚,辰,金,0,1,4,1,0,1,0,1,土土火土金土,正印|正印|正官|正印|比肩|偏印
2013-01,FIDE official January 2013 standard rating list,http://ratings.fide.com/download/standard_jan13frl.zip,standard_jan13frl.txt,921629,"Perunovic, Milos",GM,,,SRB,M,2617,7,10,1984.0,True,,170,169,921629,1984-01-14,wikidata_exact_year_agrees,north,resolved_unique_birthplace,Q2325682,Q3711,Belgrade,44.81777778,20.45694444,,,True,,M,162,0.2659025947458275,0.678,1984-01-14,28.96705613393841,valid_pre_snapshot,癸亥,乙丑,丁未,癸,亥,乙,丑,丁,未,火,1,1,2,0,2,2,0,1,水水木土火土,七杀|正官|偏印|食神|比肩|食神
2013-01,FIDE official January 2013 standard rating list,http://ratings.fide.com/download/standard_jan13frl.zip,standard_jan13frl.txt,2900394,"Delchev, Aleksander",GM,,,BUL,M,2616,0,10,1971.0,True,,171,170,2900394,1971-07-15,wikidata_exact_year_agrees,north,resolved_unique_birthplace,Q718236,Q472,Sofia,42.697886,23.321726,,,True,,M,163,0.2495589313956056,0.676,1971-07-15,41.46833952784794,valid_pre_snapshot,辛亥,乙未,辛丑,辛,亥,乙,未,辛,丑,金,1,0,2,2,1,3,1,2,金水木土金土,比肩|伤官|偏财|偏印|比肩|偏印
2013-01,FIDE official January 2013 standard rating list,http://ratings.fide.com/download/standard_jan13frl.zip,standard_jan13frl.txt,4100026,"Karpov, Anatoly",GM,,"FA,FST",RUS,M,2616,0,10,1951.0,True,,171,170,4100026,1951-05-23,wikidata_exact_year_agrees,north,resolved_unique_birthplace,Q131674,Q140087,Zlatoust,55.16666667,59.66666667,,,True,,M,163,0.2495589313956056,0.676,1951-05-23,61.61385928526938,valid_pre_snapshot,辛卯,癸巳,癸亥,辛,卯,癸,巳,癸,亥,水,1,1,0,1,3,4,0,1,金木水火水水,偏印|食神|比肩|正财|比肩|劫财
2013-01,FIDE official January 2013 standard rating list,http://ratings.fide.com/download/standard_jan13frl.zip,standard_jan13frl.txt,4202694,"Mastrovasilis, Dimitrios",GM,,,GRE,M,2616,0,10,1983.0,True,,171,170,4202694,1983-06-12,wikidata_exact_year_agrees,north,resolved_unique_birthplace,Q2616379,Q17151,Thessaloniki,40.64027778,22.93555556,,,True,,M,163,0.2495589313956056,0.676,1983-06-12,29.558444047447928,valid_pre_snapshot,癸亥,戊午,辛未,癸,亥,戊,午,辛,未,金,0,1,2,1,2,3,1,1,水水土火金土,食神|伤官|正印|七杀|比肩|偏印
2013-01,FIDE official January 2013 standard rating list,http://ratings.fide.com/download/standard_jan13frl.zip,standard_jan13frl.txt,2806851,"Rodshtein, Maxim",GM,,,ISR,M,2616,0,10,1989.0,True,,171,170,2806851,1989-01-19,wikidata_exact_year_agrees,north,resolved_unique_birthplace,Q1335244,Q656,Saint Petersburg,59.95,30.31666667,,,True,,M,163,0.2495589313956056,0.676,1989-01-19,23.951210497135463,valid_pre_snapshot,戊辰,乙丑,己卯,戊,辰,乙,丑,己,卯,土,2,0,4,0,0,0,0,0,土土木土土木,劫财|劫财|七杀|比肩|比肩|七杀
2013-01,FIDE official January 2013 standard rating list,http://ratings.fide.com/download/standard_jan13frl.zip,standard_jan13frl.txt,4140419,"Timofeev, Artyom",GM,,,RUS,M,2616,11,10,1985.0,True,,171,170,4140419,1985-01-06,wikidata_exact_year_agrees,north,resolved_unique_birthplace,Q713463,Q900,Kazan,55.79083333,49.11444444,,,True,,M,163,0.2495589313956056,0.676,1985-01-06,27.98688542543653,valid_pre_snapshot,甲子,丁丑,乙巳,甲,子,丁,丑,乙,巳,木,2,2,1,0,1,1,1,1,木水火土木火,劫财|偏印|食神|偏财|比肩|伤官
2013-01,FIDE official January 2013 standard rating list,http://ratings.fide.com/download/standard_jan13frl.zip,standard_jan13frl.txt,13300580,"Akobian, Varuzhan",GM,,,USA,M,2615,4,10,1983.0,True,,176,175,13300580,1983-11-19,wikidata_exact_year_agrees,north,resolved_unique_birthplace,Q585320,Q1953,Yerevan,40.18138889,44.51444444,,,True,,M,168,0.2332152680453837,0.666,1983-11-19,29.120378926329767,valid_pre_snapshot,癸亥,癸亥,辛亥,癸,亥,癸,亥,辛,亥,金,0,0,0,1,5,6,3,0,水水水水金水,食神|伤官|食神|伤官|比肩|伤官
2013-01,FIDE official January 2013 standard rating list,http://ratings.fide.com/download/standard_jan13frl.zip,standard_jan13frl.txt,4667719,"Baramidze, David",GM,,,GER,M,2615,0,10,1988.0,True,,176,175,4667719,1988-09-27,wikidata_exact_year_agrees,north,resolved_unique_birthplace,Q66850,Q994,Tbilisi,41.7225,44.7925,,,True,,M,168,0.2332152680453837,0.666,1988-09-27,24.263331895932154,valid_pre_snapshot,戊辰,辛酉,乙酉,戊,辰,辛,酉,乙,酉,木,1,0,2,3,0,3,0,0,土土金金木金,正财|正财|七杀|七杀|比肩|七杀
2013-01,FIDE official January 2013 standard rating list,http://ratings.fide.com/download/standard_jan13frl.zip,standard_jan13frl.txt,13302507,"Hovhannisyan, Robert",GM,,,ARM,M,2615,0,10,1991.0,True,,176,175,13302507,1991-03-23,wikidata_exact_year_agrees,north,resolved_unique_birthplace,Q2616692,Q1953,Yerevan,40.18138889,44.51444444,,,True,,M,168,0.2332152680453837,0.666,1991-03-23,21.780050240593575,valid_pre_snapshot,辛未,辛卯,壬辰,辛,未,辛,卯,壬,辰,水,1,0,2,2,1,3,1,0,金土金木水土,正印|正官|正印|伤官|比肩|七杀
2013-01,FIDE official January 2013 standard rating list,http://ratings.fide.com/download/standard_jan13frl.zip,standard_jan13frl.txt,300071,"Hracek, Zbynek",GM,,,CZE,M,2615,0,10,1970.0,True,,176,175,300071,1970-09-09,wikidata_exact_year_agrees,north,resolved_unique_birthplace,Q168312,Q502993,Uherské Hradiště,49.06975755,17.45969135,,,True,,M,168,0.2332152680453837,0.666,1970-09-09,42.31435279300739,valid_pre_snapshot,庚戌,乙酉,壬辰,庚,戌,乙,酉,壬,辰,水,1,0,2,2,1,3,1,1,金土木金水土,偏印|七杀|伤官|正印|比肩|七杀
2013-01,FIDE official January 2013 standard rating list,http://ratings.fide.com/download/standard_jan13frl.zip,standard_jan13frl.txt,2023970,"Robson, Ray",GM,,,USA,M,2615,0,10,1994.0,True,,176,175,2023970,1994-10-25,wikidata_exact_year_agrees,north,resolved_unique_birthplace,Q2064538,Q16635,Guam,13.5,144.8,,,True,,M,168,0.2332152680453837,0.666,1994-10-25,18.187916247424656,valid_pre_snapshot,甲戌,甲戌,甲申,甲,戌,甲,戌,甲,申,木,3,0,2,1,0,1,0,0,木土木土木金,比肩|偏财|比肩|偏财|比肩|七杀
2013-01,FIDE official January 2013 standard rating list,http://ratings.fide.com/download/standard_jan13frl.zip,standard_jan13frl.txt,4138716,"Bocharov, Dmitry",GM,,,RUS,M,2614,6,10,1982.0,True,,181,180,4138716,1982-10-20,wikidata_exact_year_agrees,north,resolved_unique_birthplace,Q2081744,Q883,Novosibirsk,55.03333333,82.91666667,,,True,,M,173,0.2168716046951619,0.656,1982-10-20,30.20185219409023,valid_pre_snapshot,壬戌,庚戌,丙子,壬,戌,庚,戌,丙,子,火,0,1,2,1,2,3,0,0,水土金土火水,七杀|食神|偏财|食神|比肩|正官
2013-01,FIDE official January 2013 standard rating list,http://ratings.fide.com/download/standard_jan13frl.zip,standard_jan13frl.txt,4100115,"Khalifman, Alexander",GM,,,RUS,M,2614,0,10,1966.0,True,,181,180,4100115,1966-01-18,wikidata_exact_year_agrees,north,resolved_unique_birthplace,Q106374,Q656,Saint Petersburg,59.95,30.31666667,,,True,,M,173,0.2168716046951619,0.656,1966-01-18,46.95510516985291,valid_pre_snapshot,乙巳,己丑,丁丑,乙,巳,己,丑,丁,丑,火,1,2,3,0,0,0,0,1,木火土土火土,偏印|劫财|食神|食神|比肩|食神
2013-01,FIDE official January 2013 standard rating list,http://ratings.fide.com/download/standard_jan13frl.zip,standard_jan13frl.txt,14508150,"Saric, Ivan",GM,,,CRO,M,2614,9,10,1990.0,True,,181,180,14508150,1990-08-17,wikidata_exact_year_agrees,north,resolved_unique_birthplace,Q993350,Q1663,Split,43.51,16.44,,,True,,M,173,0.2168716046951619,0.656,1990-08-17,22.376913968117076,valid_pre_snapshot,庚午,甲申,甲寅,庚,午,甲,申,甲,寅,木,3,1,0,2,0,2,1,0,金火木金木木,七杀|伤官|比肩|七杀|比肩|比肩
2013-01,FIDE official January 2013 standard rating list,http://ratings.fide.com/download/standard_jan13frl.zip,standard_jan13frl.txt,4653530,"Kritz, Leonid",GM,,,GER,M,2613,0,10,1984.0,True,,184,183,4653530,1984-02-26,wikidata_exact_year_agrees,north,resolved_unique_birthplace,Q74853,Q649,Moscow,55.75055556,37.6175,,,True,,M,176,0.2005279413449399,0.65,1984-02-26,28.849326132637906,valid_pre_snapshot,甲子,丙寅,庚寅,甲,子,丙,寅,庚,寅,金,3,1,0,1,1,2,1,0,木水火木金木,偏财|伤官|七杀|偏财|比肩|偏财
2013-01,FIDE official January 2013 standard rating list,http://ratings.fide.com/download/standard_jan13frl.zip,standard_jan13frl.txt,1207822,"Lupulescu, Constantin",GM,,,ROU,M,2612,3,10,1984.0,True,,185,184,1207822,1984-03-25,wikidata_exact_year_agrees,north,resolved_unique_birthplace,Q725279,Q217131,Buftea,44.57,25.95,,,True,,M,177,0.1841842779947181,0.648,1984-03-25,28.772664736442227,valid_pre_snapshot,甲子,丁卯,戊午,甲,子,丁,卯,戊,午,土,2,2,1,0,1,1,0,0,木水火木土火,七杀|正财|正印|正官|比肩|正印
2013-01,FIDE official January 2013 standard rating list,http://ratings.fide.com/download/standard_jan13frl.zip,standard_jan13frl.txt,4173708,"Rakhmanov, Aleksandr",GM,,,RUS,M,2612,0,10,1989.0,True,,185,184,4173708,1989-08-28,wikidata_exact_year_agrees,north,resolved_unique_birthplace,Q4391159,Q2144,Cherepovets,59.13333333,37.91666667,,,True,,M,177,0.1841842779947181,0.648,1989-08-28,23.346133048591003,valid_pre_snapshot,己巳,壬申,庚申,己,巳,壬,申,庚,申,金,0,1,1,3,1,4,0,0,土火水金金金,正印|七杀|食神|比肩|比肩|比肩
2013-01,FIDE official January 2013 standard rating list,http://ratings.fide.com/download/standard_jan13frl.zip,standard_jan13frl.txt,4618777,"Jussupow, Artur",GM,,FST,GER,M,2611,0,10,1960.0,True,,188,187,4618777,1960-02-13,wikidata_exact_year_agrees,north,resolved_unique_birthplace,Q60598,Q649,Moscow,55.75055556,37.6175,,,True,,M,179,0.1678406146444962,0.644,1960-02-13,52.885411746990016,valid_pre_snapshot,庚子,戊寅,辛未,庚,子,戊,寅,辛,未,金,1,0,2,2,1,3,0,1,金水土木金土,劫财|食神|正印|正财|比肩|偏印
2013-01,FIDE official January 2013 standard rating list,http://ratings.fide.com/download/standard_jan13frl.zip,standard_jan13frl.txt,12800023,"Rozentalis, Eduardas",GM,,,LTU,M,2611,9,10,1963.0,True,,188,187,12800023,1963-05-27,wikidata_exact_year_agrees,north,resolved_unique_birthplace,Q964881,Q216,Vilnius,54.68722222,25.28,,,True,,M,179,0.1678406146444962,0.644,1963-05-27,49.60266124561079,valid_pre_snapshot,癸卯,丁巳,庚午,癸,卯,丁,巳,庚,午,金,1,3,0,1,1,2,1,0,水木火火金火,伤官|正财|正官|七杀|比肩|正官
2013-01,FIDE official January 2013 standard rating list,http://ratings.fide.com/download/standard_jan13frl.zip,standard_jan13frl.txt,4115341,"Tregubov, Pavel V.",GM,,"FST,FT",RUS,M,2611,9,10,1971.0,True,,188,187,4115341,1971-12-21,wikidata_exact_year_agrees,north,resolved_unique_birthplace,Q1359225,Q3646,Krasnodar,45.03333333,38.98333333,,,True,,M,179,0.1678406146444962,0.644,1971-12-21,41.03301231373676,valid_pre_snapshot,辛亥,庚子,庚辰,辛,亥,庚,子,庚,辰,金,0,0,1,3,2,5,1,1,金水金水金土,劫财|食神|比肩|伤官|比肩|偏印
2013-01,FIDE official January 2013 standard rating list,http://ratings.fide.com/download/standard_jan13frl.zip,standard_jan13frl.txt,13900200,"Iordachescu, Viorel",GM,,,MDA,M,2610,11,10,1977.0,True,,191,190,13900200,1977-04-20,wikidata_exact_year_agrees,north,resolved_unique_birthplace,Q1468090,Q21197,Chișinău,47.02277778,28.83527778,,,True,,M,182,0.1514969512942743,0.638,1977-04-20,35.70230737113014,valid_pre_snapshot,丁巳,甲辰,丁未,丁,巳,甲,辰,丁,未,火,1,3,2,0,0,0,1,0,火火木土火土,比肩|劫财|正印|伤官|比肩|食神
2013-01,FIDE official January 2013 standard rating list,http://ratings.fide.com/download/standard_jan13frl.zip,standard_jan13frl.txt,4123425,"Smirnov, Pavel",GM,,,RUS,M,2610,0,10,1982.0,True,,191,190,4123425,1982-04-27,wikidata_exact_year_agrees,north,resolved_unique_birthplace,Q3775343,Q158751,Mezhdurechensk,53.68638889,88.07027778,,,True,,M,182,0.1514969512942743,0.638,1982-04-27,30.683723827320204,valid_pre_snapshot,壬戌,甲辰,庚辰,壬,戌,甲,辰,庚,辰,金,1,0,3,1,1,2,0,3,水土木土金土,食神|偏印|偏财|偏印|比肩|偏印
2013-01,FIDE official January 2013 standard rating list,http://ratings.fide.com/download/standard_jan13frl.zip,standard_jan13frl.txt,14102196,"Baklan, Vladimir",GM,,,UKR,M,2609,0,10,1978.0,True,,195,194,14102196,1978-02-25,wikidata_exact_year_agrees,north,resolved_unique_birthplace,Q1387247,Q1899,Kyiv,50.45,30.52361111,,,True,,M,184,0.1351532879440524,0.634,1978-02-25,34.85081829195671,valid_pre_snapshot,戊午,甲寅,戊午,戊,午,甲,寅,戊,午,土,2,2,2,0,0,0,0,0,土火木木土火,比肩|正印|七杀|七杀|比肩|正印
2013-01,FIDE official January 2013 standard rating list,http://ratings.fide.com/download/standard_jan13frl.zip,standard_jan13frl.txt,4202031,"Banikas, Hristos",GM,,FT,GRE,M,2609,5,10,1978.0,True,,195,194,4202031,1978-05-20,wikidata_exact_year_agrees,north,resolved_unique_birthplace,Q2565820,Q17151,Thessaloniki,40.64027778,22.93555556,,,True,,M,184,0.1351532879440524,0.634,1978-05-20,34.62083410336968,valid_pre_snapshot,戊午,丁巳,壬午,戊,午,丁,巳,壬,午,水,0,4,1,0,1,1,0,0,土火火火水火,七杀|正财|正财|偏财|比肩|正财
2013-01,FIDE official January 2013 standard rating list,http://ratings.fide.com/download/standard_jan13frl.zip,standard_jan13frl.txt,1007246,"Smeets, Jan",GM,,,NED,M,2608,8,10,1985.0,True,,197,196,1007246,1985-04-05,wikidata_exact_year_agrees,north,resolved_unique_birthplace,Q1379765,Q43631,Leiden,52.16,4.49,,,True,,M,186,0.1188096245938305,0.63,1985-04-05,27.74321170181455,valid_pre_snapshot,乙丑,庚辰,甲戌,乙,丑,庚,辰,甲,戌,木,2,0,3,1,0,1,0,0,木土金土木土,劫财|正财|七杀|偏财|比肩|偏财
2013-01,FIDE official January 2013 standard rating list,http://ratings.fide.com/download/standard_jan13frl.zip,standard_jan13frl.txt,14109409,"Zubov, Alexander",GM,,,UKR,M,2608,0,10,1983.0,True,,197,196,14109409,1983-04-04,wikidata_exact_year_agrees,north,resolved_unique_birthplace,Q4194347,Q41572,Mykolaiv,46.975,31.995,,,True,,M,186,0.1188096245938305,0.63,1983-04-04,29.74735963093013,valid_pre_snapshot,癸亥,乙卯,壬戌,癸,亥,乙,卯,壬,戌,水,2,0,1,0,3,3,2,0,水水木木水土,劫财|比肩|伤官|伤官|比肩|七杀
2013-01,FIDE official January 2013 standard rating list,http://ratings.fide.com/download/standard_jan13frl.zip,standard_jan13frl.txt,13500139,"Aleksandrov, Aleksej",GM,,,BLR,M,2607,19,10,1973.0,True,,199,198,13500139,1973-05-11,wikidata_exact_year_agrees,north,resolved_unique_birthplace,Q2034176,Q955992,Kobryn,52.2125,24.35666667,,,True,,M,188,0.1024659612436086,0.626,1973-05-11,39.64489346119359,valid_pre_snapshot,癸丑,丁巳,丁未,癸,丑,丁,巳,丁,未,火,0,3,2,0,1,1,0,0,水土火火火土,七杀|食神|比肩|劫财|比肩|食神
2013-01,FIDE official January 2013 standard rating list,http://ratings.fide.com/download/standard_jan13frl.zip,standard_jan13frl.txt,13301578,"Pashikian, Arman",GM,,,ARM,M,2607,0,10,1987.0,True,,199,198,13301578,1987-07-28,wikidata_exact_year_agrees,north,resolved_unique_birthplace,Q676954,Q6576,Irkutsk,52.28916667,104.28,,,True,,M,188,0.1024659612436086,0.626,1987-07-28,25.432418187916248,valid_pre_snapshot,丁卯,丁未,戊寅,丁,卯,丁,未,戊,寅,土,2,2,2,0,0,0,0,0,火木火土土木,正印|正官|正印|劫财|比肩|七杀
2013-01,FIDE official January 2013 standard rating list,http://ratings.fide.com/download/standard_jan13frl.zip,standard_jan13frl.txt,930849,"Predojevic, Borki",GM,,,BIH,M,2607,9,10,1987.0,True,,199,198,930849,1987-04-06,wikidata_exact_year_agrees,north,resolved_unique_birthplace,Q893855,Q180753,Teslić,44.60666667,17.86,,,True,,M,188,0.1024659612436086,0.626,1987-04-06,25.741801679705947,valid_pre_snapshot,丁卯,甲辰,乙酉,丁,卯,甲,辰,乙,酉,木,3,1,1,1,0,1,0,0,火木木土木金,食神|比肩|劫财|正财|比肩|七杀
2013-01,FIDE official January 2013 standard rating list,http://ratings.fide.com/download/standard_jan13frl.zip,standard_jan13frl.txt,2257327,"Salgado Lopez, Ivan",GM,,,ESP,M,2606,0,10,1991.0,True,,202,201,2257327,1991-06-29,wikidata_exact_year_agrees,north,resolved_unique_birthplace,Q2357364,Q99151,Ourense,42.33556,-7.86406,,,True,,M,191,0.0861222978933867,0.62,1991-06-29,21.511735353908705,valid_pre_snapshot,辛未,甲午,庚午,辛,未,甲,午,庚,午,金,1,2,1,2,0,2,0,0,金土木火金火,劫财|正印|偏财|正官|比肩|正官
2013-01,FIDE official January 2013 standard rating list,http://ratings.fide.com/download/standard_jan13frl.zip,standard_jan13frl.txt,4500016,"Ehlvest, Jaan",GM,,,USA,M,2605,4,10,1962.0,True,,204,203,4500016,1962-10-14,wikidata_exact_year_agrees,north,resolved_unique_birthplace,Q499615,Q1770,Tallinn,59.43722222,24.745,,,True,,M,192,0.0697786345431648,0.618,1962-10-14,50.21869032218321,valid_pre_snapshot,壬寅,庚戌,乙酉,壬,寅,庚,戌,乙,酉,木,2,0,1,2,1,3,0,0,水木金土木金,正印|劫财|正官|正财|比肩|七杀
2013-01,FIDE official January 2013 standard rating list,http://ratings.fide.com/download/standard_jan13frl.zip,standard_jan13frl.txt,921637,"Markus, Robert",GM,,,SRB,M,2605,15,10,1983.0,True,,204,203,921637,1983-10-07,wikidata_exact_year_agrees,north,resolved_unique_birthplace,Q1124934,Q597513,Bačka Topola,45.80888889,19.635,,,True,,M,192,0.0697786345431648,0.618,1983-10-07,29.23810892763027,valid_pre_snapshot,癸亥,辛酉,戊辰,癸,亥,辛,酉,戊,辰,土,0,0,2,2,2,4,2,0,水水金金土土,正财|偏财|伤官|伤官|比肩|比肩
2013-01,FIDE official January 2013 standard rating list,http://ratings.fide.com/download/standard_jan13frl.zip,standard_jan13frl.txt,1301837,"Pelletier, Yannick",GM,,,SUI,M,2604,0,10,1976.0,True,,206,205,1301837,1976-09-22,wikidata_exact_year_agrees,north,resolved_unique_birthplace,Q685064,Q1034,Biel/Bienne,47.13722222,7.24722222,,,True,,M,194,0.0534349711929429,0.614,1976-09-22,36.27726784259772,valid_pre_snapshot,丙辰,丁酉,丁丑,丙,辰,丁,酉,丁,丑,火,0,3,2,1,0,1,1,0,火土火金火土,劫财|伤官|比肩|偏财|比肩|食神
2013-01,FIDE official January 2013 standard rating list,http://ratings.fide.com/download/standard_jan13frl.zip,standard_jan13frl.txt,4148843,"Romanov, Evgeny",GM,,,RUS,M,2603,15,10,1988.0,True,,208,207,4148843,1988-11-02,wikidata_exact_year_agrees,north,resolved_unique_birthplace,Q4397154,Q1829,Kaliningrad,54.71666667,20.5,,,True,,M,195,0.037091307842721,0.612,1988-11-02,24.16476724368057,valid_pre_snapshot,戊辰,壬戌,辛酉,戊,辰,壬,戌,辛,酉,金,0,0,3,2,1,3,1,0,土土水土金金,正印|正印|伤官|正印|比肩|比肩
2013-01,FIDE official January 2013 standard rating list,http://ratings.fide.com/download/standard_jan13frl.zip,standard_jan13frl.txt,916811,"Solak, Dragan",GM,,,TUR,M,2603,9,10,1980.0,True,,208,207,916811,1980-03-30,wikidata_exact_year_agrees,north,resolved_unique_birthplace,Q4525983,Q511216,Vrbas,45.56972222,19.63777778,,,True,,M,195,0.037091307842721,0.612,1980-03-30,32.759057338617495,valid_pre_snapshot,庚申,己卯,壬寅,庚,申,己,卯,壬,寅,水,2,0,1,2,1,3,1,2,金金土木水木,偏印|偏印|正官|伤官|比肩|食神
2013-01,FIDE official January 2013 standard rating list,http://ratings.fide.com/download/standard_jan13frl.zip,standard_jan13frl.txt,1203975,"Vajda, Levente",GM,,,ROU,M,2603,0,10,1981.0,True,,208,207,1203975,1981-02-13,wikidata_exact_year_agrees,north,resolved_unique_birthplace,Q4102447,Q623099,Odorheiu Secuiesc,46.31388889,25.30166667,,,True,,M,195,0.037091307842721,0.612,1981-02-13,31.88292709638117,valid_pre_snapshot,辛酉,庚寅,壬戌,辛,酉,庚,寅,壬,戌,水,1,0,1,3,1,4,0,1,金金金木水土,正印|正印|偏印|食神|比肩|七杀
2013-01,FIDE official January 2013 standard rating list,http://ratings.fide.com/download/standard_jan13frl.zip,standard_jan13frl.txt,1112953,"Dziuba, Marcin",GM,,,POL,M,2602,0,10,1983.0,True,,212,210,1112953,1983-07-17,wikidata_exact_year_agrees,north,resolved_unique_birthplace,Q4160912,Q145972,Zamość,50.72055556,23.25861111,,,True,,M,198,0.0207476444924991,0.606,1983-07-17,29.46261730220333,valid_pre_snapshot,癸亥,己未,丙午,癸,亥,己,未,丙,午,火,0,2,2,0,2,2,2,0,水水土土火火,正官|七杀|伤官|伤官|比肩|劫财
2013-01,FIDE official January 2013 standard rating list,http://ratings.fide.com/download/standard_jan13frl.zip,standard_jan13frl.txt,9000011,"Hamdouchi, Hicham",GM,,,FRA,M,2602,4,10,1972.0,True,,212,210,9000011,1972-10-08,wikidata_exact_year_agrees,north,resolved_unique_birthplace,Q1617234,Q126148,Tangier,35.7696302,-5.8033522,,,True,,M,198,0.0207476444924991,0.606,1972-10-08,40.23354346769612,valid_pre_snapshot,壬子,庚戌,壬申,壬,子,庚,戌,壬,申,水,0,0,1,2,3,5,0,2,水水金土水金,比肩|劫财|偏印|七杀|比肩|偏印
2013-01,FIDE official January 2013 standard rating list,http://ratings.fide.com/download/standard_jan13frl.zip,standard_jan13frl.txt,13600613,"Kacheishvili, Giorgi",GM,,,GEO,M,2602,0,10,1977.0,True,,212,210,13600613,1977-02-10,wikidata_exact_year_agrees,north,resolved_unique_birthplace,Q4217951,Q230,Georgia,42.0,44.0,,,True,,M,198,0.0207476444924991,0.606,1977-02-10,35.891222954612346,valid_pre_snapshot,丁巳,壬寅,戊戌,丁,巳,壬,寅,戊,戌,土,1,2,2,0,1,1,0,1,火火水木土土,正印|偏印|偏财|七杀|比肩|比肩
2013-01,FIDE official January 2013 standard rating list,http://ratings.fide.com/download/standard_jan13frl.zip,standard_jan13frl.txt,13400819,"Mamedov, Nidjat",GM,,,AZE,M,2602,4,10,1985.0,True,,212,210,13400819,1985-04-02,wikidata_exact_year_agrees,north,resolved_unique_birthplace,Q1469278,Q230104,Nakhchivan,39.20888889,45.41222222,,,True,,M,198,0.0207476444924991,0.606,1985-04-02,27.751425422835517,valid_pre_snapshot,乙丑,己卯,辛未,乙,丑,己,卯,辛,未,金,2,0,3,1,0,1,0,3,木土土木金土,偏财|偏印|偏印|偏财|比肩|偏印
2013-01,FIDE official January 2013 standard rating list,http://ratings.fide.com/download/standard_jan13frl.zip,standard_jan13frl.txt,4680804,"Graf, Alexander",GM,,,GER,M,2601,0,10,1962.0,True,,216,214,4680804,1962-08-25,wikidata_exact_year_agrees,north,resolved_unique_birthplace,Q64220,Q269,Tashkent,41.31111111,69.27972222,,,True,,M,202,0.0044039811422772,0.598,1962-08-25,50.35558567253264,valid_pre_snapshot,壬寅,戊申,乙未,壬,寅,戊,申,乙,未,木,2,0,2,1,1,2,0,0,水木土金木土,正印|劫财|正财|正官|比肩|偏财
2013-01,FIDE official January 2013 standard rating list,http://ratings.fide.com/download/standard_jan13frl.zip,standard_jan13frl.txt,13700316,"Kazhgaleyev, Murtas",GM,,,KAZ,M,2601,3,10,1973.0,True,,216,214,13700316,1973-11-17,wikidata_exact_year_agrees,north,resolved_unique_birthplace,Q2567676,Q487439,Oral,51.2225,51.3725,,,True,,M,202,0.0044039811422772,0.598,1973-11-17,39.124691129865774,valid_pre_snapshot,癸丑,癸亥,丁巳,癸,丑,癸,亥,丁,巳,火,0,2,1,0,3,3,0,0,水土水水火火,七杀|食神|七杀|正官|比肩|劫财
2013-01,FIDE official January 2013 standard rating list,http://ratings.fide.com/download/standard_jan13frl.zip,standard_jan13frl.txt,503142,"Nyback, Tomi",GM,,,FIN,M,2601,0,10,1985.0,True,,216,214,503142,1985-04-03,wikidata_exact_year_agrees,north,resolved_unique_birthplace,Q771709,Q208293,Järvenpää,60.47222222,25.08888889,,,True,,M,202,0.0044039811422772,0.598,1985-04-03,27.748687515828525,valid_pre_snapshot,乙丑,己卯,壬申,乙,丑,己,卯,壬,申,水,2,0,2,1,1,2,2,1,木土土木水金,伤官|正官|正官|伤官|比肩|偏印
2013-01,FIDE official January 2013 standard rating list,http://ratings.fide.com/download/standard_jan13frl.zip,standard_jan13frl.txt,14401487,"Atalik, Suat",GM,,,TUR,M,2600,9,10,1964.0,True,,219,217,14401487,1964-10-10,wikidata_exact_year_agrees,north,resolved_unique_birthplace,Q1346942,Q406,Istanbul,41.01,28.96027778,,,True,,M,205,-0.0119396822079446,0.592,1964-10-10,48.22823192810256,valid_pre_snapshot,甲辰,甲戌,壬辰,甲,辰,甲,戌,壬,辰,水,2,0,3,0,1,1,0,0,木土木土水土,食神|七杀|食神|七杀|比肩|七杀
2013-01,FIDE official January 2013 standard rating list,http://ratings.fide.com/download/standard_jan13frl.zip,standard_jan13frl.txt,24126055,"Dubov, Daniil",GM,,,RUS,M,2600,0,10,1996.0,True,,219,217,24126055,1996-04-18,wikidata_exact_year_agrees,north,resolved_unique_birthplace,Q3078552,Q649,Moscow,55.75055556,37.6175,,,True,,M,205,-0.0119396822079446,0.592,1996-04-18,16.706708556643875,valid_pre_snapshot,丙子,壬辰,乙酉,丙,子,壬,辰,乙,酉,木,1,1,1,1,2,3,1,1,火水水土木金,伤官|偏印|正印|正财|比肩|七杀
2013-01,FIDE official January 2013 standard rating list,http://ratings.fide.com/download/standard_jan13frl.zip,standard_jan13frl.txt,922277,"Vuckovic, Bojan",GM,,,SRB,M,2600,0,10,1980.0,True,,219,217,922277,1980-09-12,wikidata_exact_year_agrees,north,resolved_unique_birthplace,Q891157,Q3711,Belgrade,44.81777778,20.45694444,,,True,,M,205,-0.0119396822079446,0.592,1980-09-12,32.3045647754574,valid_pre_snapshot,庚申,乙酉,戊子,庚,申,乙,酉,戊,子,土,1,0,1,3,1,4,1,0,金金木金土水,食神|食神|正官|伤官|比肩|正财
2013-01,FIDE official January 2013 standard rating list,http://ratings.fide.com/download/standard_jan13frl.zip,standard_jan13frl.txt,8600694,"Zhang, Zhong",GM,,FT,SIN,M,2600,0,10,1978.0,True,,219,217,8600694,1978-09-05,wikidata_exact_year_agrees,north,resolved_unique_birthplace,Q197348,Q11725,Chongqing,29.55,106.50694444,,,True,,M,205,-0.0119396822079446,0.592,1978-09-05,34.32514014661492,valid_pre_snapshot,戊午,庚申,庚午,戊,午,庚,申,庚,午,金,0,2,1,3,0,3,0,1,土火金金金火,偏印|正官|比肩|比肩|比肩|正官
2013-01,FIDE official January 2013 standard rating list,http://ratings.fide.com/download/standard_jan13frl.zip,standard_jan13frl.txt,1705024,"Agrest, Evgenij",GM,,,SWE,M,2599,0,10,1966.0,True,,223,221,1705024,1966-08-15,wikidata_exact_year_agrees,north,resolved_unique_birthplace,Q975861,Q102217,Vitebsk,55.18333333,30.16666667,,,True,,M,209,-0.0282833455581665,0.584,1966-08-15,46.382882605392304,valid_pre_snapshot,丙午,丙申,丙午,丙,午,丙,申,丙,午,火,0,5,0,1,0,1,0,0,火火火金火火,比肩|劫财|比肩|偏财|比肩|劫财
2013-01,FIDE official January 2013 standard rating list,http://ratings.fide.com/download/standard_jan13frl.zip,standard_jan13frl.txt,722413,"Banusz, Tamas",GM,,,HUN,M,2599,9,10,1989.0,True,,223,221,722413,1989-04-08,wikidata_exact_year_agrees,north,resolved_unique_birthplace,Q1169976,Q320798,Mohács,45.99583333,18.67972222,,,True,,M,209,-0.0282833455581665,0.584,1989-04-08,23.734915843583373,valid_pre_snapshot,己巳,戊辰,戊戌,己,巳,戊,辰,戊,戌,土,0,1,5,0,0,0,0,1,土火土土土土,劫财|偏印|比肩|比肩|比肩|比肩
2013-01,FIDE official January 2013 standard rating list,http://ratings.fide.com/download/standard_jan13frl.zip,standard_jan13frl.txt,4000013,"David, Alberto",GM,,,ITA,M,2599,11,10,1970.0,True,,223,221,4000013,1970-03-26,wikidata_exact_year_agrees,north,resolved_unique_birthplace,Q964846,Q490,Milan,45.46694444,9.19,,,True,,M,209,-0.0282833455581665,0.584,1970-03-26,42.77158326317446,valid_pre_snapshot,庚戌,己卯,乙巳,庚,戌,己,卯,乙,巳,木,2,1,2,1,0,1,1,0,金土土木木火,正官|正财|偏财|比肩|比肩|伤官
2013-01,FIDE official January 2013 standard rating list,http://ratings.fide.com/download/standard_jan13frl.zip,standard_jan13frl.txt,13302191,"Grigoryan, Avetik",GM,,,ARM,M,2599,10,10,1989.0,True,,223,221,13302191,1989-01-27,wikidata_exact_year_agrees,north,resolved_unique_birthplace,Q2332343,Q1953,Yerevan,40.18138889,44.51444444,,,True,,M,209,-0.0282833455581665,0.584,1989-01-27,23.92930724107956,valid_pre_snapshot,戊辰,乙丑,丁亥,戊,辰,乙,丑,丁,亥,火,1,1,3,0,1,1,2,1,土土木土火水,伤官|伤官|偏印|食神|比肩|正官
2013-01,FIDE official January 2013 standard rating list,http://ratings.fide.com/download/standard_jan13frl.zip,standard_jan13frl.txt,1105663,"Kempinski, Robert",GM,,,POL,M,2599,0,10,1977.0,True,,223,221,1105663,1977-07-11,wikidata_exact_year_agrees,north,resolved_unique_birthplace,Q686383,Q1792,Gdańsk,54.3482907;54.35,18.6540233;18.66666667,,,True,,M,209,-0.0282833455581665,0.584,1977-07-11,35.477798996557084,valid_pre_snapshot,丁巳,丁未,己巳,丁,巳,丁,未,己,巳,土,0,4,2,0,0,0,0,2,火火火土土火,偏印|正印|偏印|比肩|比肩|正印
2013-01,FIDE official January 2013 standard rating list,http://ratings.fide.com/download/standard_jan13frl.zip,standard_jan13frl.txt,1001302,"Reinderman, Dimitri",GM,,,NED,M,2599,0,10,1972.0,True,,223,221,1001302,1972-08-12,wikidata_exact_year_agrees,north,resolved_unique_birthplace,Q1225926,Q9938,Hoorn,52.65333333,5.07333333,,,True,,M,209,-0.0282833455581665,0.584,1972-08-12,40.38960416709446,valid_pre_snapshot,壬子,戊申,乙亥,壬,子,戊,申,乙,亥,木,1,0,1,1,3,4,0,1,水水土金木水,正印|偏印|正财|正官|比肩|正印
2013-01,FIDE official January 2013 standard rating list,http://ratings.fide.com/download/standard_jan13frl.zip,standard_jan13frl.txt,13302000,"Andriasian, Zaven",GM,,,ARM,M,2598,10,10,1989.0,True,,229,227,13302000,1989-03-11,wikidata_exact_year_agrees,north,resolved_unique_birthplace,Q1289190,Q1953,Yerevan,40.18138889,44.51444444,,,True,,M,215,-0.0446270089083884,0.572,1989-03-11,23.81157723977905,valid_pre_snapshot,己巳,丁卯,庚午,己,巳,丁,卯,庚,午,金,1,3,1,1,0,1,0,0,土火火木金火,正印|七杀|正官|正财|比肩|正官
2013-01,FIDE official January 2013 standard rating list,http://ratings.fide.com/download/standard_jan13frl.zip,standard_jan13frl.txt,4651340,"Buhmann, Rainer",GM,,,GER,M,2598,0,10,1981.0,True,,229,227,4651340,1981-02-20,wikidata_exact_year_agrees,north,resolved_unique_birthplace,Q96768,Q23007,Leimen,49.34805556,8.69111111,,,True,,M,215,-0.0446270089083884,0.572,1981-02-20,31.86376174733225,valid_pre_snapshot,辛酉,庚寅,己巳,辛,酉,庚,寅,己,巳,土,1,1,1,3,0,3,1,0,金金金木土火,食神|食神|伤官|正官|比肩|正印
2013-01,FIDE official January 2013 standard rating list,http://ratings.fide.com/download/standard_jan13frl.zip,standard_jan13frl.txt,13402935,"Durarbayli, Vasif",GM,,,AZE,M,2598,5,10,1992.0,True,,229,227,13402935,1992-02-24,wikidata_exact_year_agrees,north,resolved_unique_birthplace,Q535368,Q179833,Sumgait,40.59611111,49.67,,,True,,M,215,-0.0446270089083884,0.572,1992-02-24,20.854637672231465,valid_pre_snapshot,壬申,壬寅,庚午,壬,申,壬,寅,庚,午,金,1,1,0,2,2,4,0,0,水金水木金火,食神|比肩|食神|偏财|比肩|正官
2013-01,FIDE official January 2013 standard rating list,http://ratings.fide.com/download/standard_jan13frl.zip,standard_jan13frl.txt,2008564,"Kaidanov, Gregory S",GM,,,USA,M,2598,0,10,1959.0,True,,229,227,2008564,1959-10-11,wikidata_exact_year_agrees,north,resolved_unique_birthplace,Q1266603,Q158799,Berdychiv,49.89194444,28.6,,,True,,M,215,-0.0446270089083884,0.572,1959-10-11,53.22765012286358,valid_pre_snapshot,己亥,甲戌,丙寅,己,亥,甲,戌,丙,寅,火,2,1,2,0,1,1,1,2,土水木土火木,伤官|七杀|偏印|食神|比肩|偏印
2013-01,FIDE official January 2013 standard rating list,http://ratings.fide.com/download/standard_jan13frl.zip,standard_jan13frl.txt,4623606,"Dautov, Rustem",GM,,,GER,M,2595,0,10,1965.0,True,,234,231,4623606,1965-11-28,wikidata_exact_year_agrees,north,resolved_unique_birthplace,Q67746,Q911,Ufa,54.72611111,55.9475,,,True,,M,219,-0.0936579989590541,0.564,1965-11-28,47.09473842720932,valid_pre_snapshot,乙巳,丁亥,丙戌,乙,巳,丁,亥,丙,戌,火,1,3,1,0,1,1,0,0,木火火水火土,正印|比肩|劫财|七杀|比肩|食神
2013-01,FIDE official January 2013 standard rating list,http://ratings.fide.com/download/standard_jan13frl.zip,standard_jan13frl.txt,2022036,"Hess, Robert L",GM,,,USA,M,2595,0,10,1991.0,True,,234,231,2022036,1991-12-19,wikidata_exact_year_agrees,north,resolved_unique_birthplace,Q4497391,Q60,New York City,40.71277778,-74.00611111,,,True,,M,219,-0.0936579989590541,0.564,1991-12-19,21.03807744169969,valid_pre_snapshot,辛未,庚子,癸亥,辛,未,庚,子,癸,亥,水,0,0,1,2,3,5,0,1,金土金水水水,偏印|七杀|正印|比肩|比肩|劫财
2013-01,FIDE official January 2013 standard rating list,http://ratings.fide.com/download/standard_jan13frl.zip,standard_jan13frl.txt,13601733,"Izoria, Zviad",GM,,,GEO,M,2595,0,10,1984.0,True,,234,231,13601733,1984-01-06,wikidata_exact_year_agrees,north,resolved_unique_birthplace,Q1355533,Q1011011,Khoni,42.32638889,42.42277778,,,True,,M,219,-0.0936579989590541,0.564,1984-01-06,28.98895938999432,valid_pre_snapshot,癸亥,乙丑,己亥,癸,亥,乙,丑,己,亥,土,1,0,2,0,3,3,0,0,水水木土土水,偏财|正财|七杀|比肩|比肩|正财
2013-01,FIDE official January 2013 standard rating list,http://ratings.fide.com/download/standard_jan13frl.zip,standard_jan13frl.txt,3504409,"Quesada Perez, Yuniesky",GM,,,CUB,M,2595,18,10,1984.0,True,,234,231,3504409,1984-07-31,wikidata_exact_year_agrees,north,resolved_unique_birthplace,Q924753,Q115434,Villa Clara Province,22.4053,-79.9542,,,True,,M,219,-0.0936579989590541,0.564,1984-07-31,28.4222126395477,valid_pre_snapshot,甲子,辛未,丙寅,甲,子,辛,未,丙,寅,火,2,1,1,1,1,2,1,2,木水金土火木,偏印|正官|正财|伤官|比肩|偏印
2013-01,FIDE official January 2013 standard rating list,http://ratings.fide.com/download/standard_jan13frl.zip,standard_jan13frl.txt,2004887,"Shankland, Samuel L",GM,,,USA,M,2595,0,10,1991.0,True,,234,231,2004887,1991-10-01,wikidata_exact_year_agrees,north,resolved_unique_birthplace,Q2218873,Q484678,Berkeley,37.87027778,-122.26805556,,,True,,M,219,-0.0936579989590541,0.564,1991-10-01,21.254372095251785,valid_pre_snapshot,辛未,丁酉,甲辰,辛,未,丁,酉,甲,辰,木,1,1,2,2,0,2,1,0,金土火金木土,正官|正财|伤官|正官|比肩|偏财
2013-01,FIDE official January 2013 standard rating list,http://ratings.fide.com/download/standard_jan13frl.zip,standard_jan13frl.txt,8603537,"Zhou, Jianchao",GM,,,CHN,M,2595,4,10,1988.0,True,,234,231,8603537,1988-06-11,wikidata_exact_year_agrees,north,resolved_unique_birthplace,Q197984,Q8686,Shanghai,31.2325,121.46916667,,,True,,M,219,-0.0936579989590541,0.564,1988-06-11,24.55902585268691,valid_pre_snapshot,戊辰,戊午,丁酉,戊,辰,戊,午,丁,酉,火,0,2,3,1,0,1,3,0,土土土火火金,伤官|伤官|伤官|比肩|比肩|偏财
2013-01,FIDE official January 2013 standard rating list,http://ratings.fide.com/download/standard_jan13frl.zip,standard_jan13frl.txt,10601619,"Adly, Ahmed",GM,,,EGY,M,2594,21,10,1987.0,True,,242,239,10601619,1987-02-19,wikidata_exact_year_agrees,north,resolved_unique_birthplace,Q93883,Q85,Cairo,30.04444444,31.23583333,,,True,,M,225,-0.110001662309276,0.552,1987-02-19,25.86774540202742,valid_pre_snapshot,丁卯,壬寅,己亥,丁,卯,壬,寅,己,亥,土,2,1,1,0,2,2,0,1,火木水木土水,偏印|七杀|正财|正官|比肩|正财
2013-01,FIDE official January 2013 standard rating list,http://ratings.fide.com/download/standard_jan13frl.zip,standard_jan13frl.txt,14113171,"Vovk, Yuri",GM,,,UKR,M,2594,9,10,1988.0,True,,242,239,14113171,1988-11-11,wikidata_exact_year_agrees,north,resolved_unique_birthplace,Q2405566,Q36036,Lviv,49.838055;49.841952,24.023055;24.0315921,,,True,,M,225,-0.110001662309276,0.552,1988-11-11,24.140126080617677,valid_pre_snapshot,戊辰,癸亥,庚午,戊,辰,癸,亥,庚,午,金,0,1,2,1,2,3,1,2,土土水水金火,偏印|偏印|伤官|食神|比肩|正官
2013-01,FIDE official January 2013 standard rating list,http://ratings.fide.com/download/standard_jan13frl.zip,standard_jan13frl.txt,2300044,"Hjartarson, Johann",GM,,,ISL,M,2592,0,10,1963.0,True,,244,241,2300044,1963-02-08,wikidata_exact_year_agrees,north,resolved_unique_birthplace,Q923807,Q1764,Reykjavík,64.1475,-21.935,,,True,,M,227,-0.1426889890097198,0.548,1963-02-08,49.89835520236555,valid_pre_snapshot,癸卯,甲寅,壬午,癸,卯,甲,寅,壬,午,水,3,1,0,0,2,2,1,0,水木木木水火,劫财|伤官|食神|食神|比肩|正财
2013-01,FIDE official January 2013 standard rating list,http://ratings.fide.com/download/standard_jan13frl.zip,standard_jan13frl.txt,5105269,"Leon Hoyos, Manuel",GM,,,MEX,M,2591,9,10,1989.0,True,,245,242,5105269,1989-02-10,wikidata_exact_year_agrees,north,resolved_unique_birthplace,Q2356100,Q165204,Mérida,20.97,-89.62,,,True,,M,228,-0.1590326523599417,0.546,1989-02-10,23.89097654298172,valid_pre_snapshot,己巳,丙寅,辛丑,己,巳,丙,寅,辛,丑,金,1,2,2,1,0,1,0,2,土火火木金土,偏印|正官|正官|正财|比肩|偏印
2013-01,FIDE official January 2013 standard rating list,http://ratings.fide.com/download/standard_jan13frl.zip,standard_jan13frl.txt,13500465,"Fedorov, Alexei",GM,,,BLR,M,2590,0,10,1972.0,True,,246,243,13500465,1972-08-05,wikidata_exact_year_agrees,north,resolved_unique_birthplace,Q1376746,Q154835,Mahilyow,53.90894,30.34296,,,True,,M,229,-0.1753763157101636,0.544,1972-08-05,40.40876951614338,valid_pre_snapshot,壬子,丁未,戊辰,壬,子,丁,未,戊,辰,土,0,1,3,0,2,2,0,0,水水火土土土,偏财|正财|正印|劫财|比肩|比肩
2013-01,FIDE official January 2013 standard rating list,http://ratings.fide.com/download/standard_jan13frl.zip,standard_jan13frl.txt,13601652,"Gagunashvili, Merab",GM,,,GEO,M,2590,8,10,1985.0,True,,246,243,13601652,1985-01-03,wikidata_exact_year_agrees,north,resolved_unique_birthplace,Q1368259,Q994,Tbilisi,41.7225,44.7925,,,True,,M,229,-0.1753763157101636,0.544,1985-01-03,27.99509914645749,valid_pre_snapshot,甲子,丙子,壬寅,甲,子,丙,子,壬,寅,水,2,1,0,0,3,3,0,0,木水火水水木,食神|劫财|偏财|劫财|比肩|食神
2013-01,FIDE official January 2013 standard rating list,http://ratings.fide.com/download/standard_jan13frl.zip,standard_jan13frl.txt,4130804,"Grigoriants, Sergey",GM,,,RUS,M,2590,2,10,1983.0,True,,246,243,4130804,1983-11-02,wikidata_exact_year_agrees,north,resolved_unique_birthplace,Q364328,Q269,Tashkent,41.31111111,69.27972222,,,True,,M,229,-0.1753763157101636,0.544,1983-11-02,29.16692334544857,valid_pre_snapshot,癸亥,壬戌,甲午,癸,亥,壬,戌,甲,午,木,1,1,1,0,3,3,1,2,水水水土木火,正印|偏印|偏印|偏财|比肩|伤官
2013-01,FIDE official January 2013 standard rating list,http://ratings.fide.com/download/standard_jan13frl.zip,standard_jan13frl.txt,5004225,"Sandipan, Chanda",GM,,,IND,M,2590,11,10,1983.0,True,,246,243,5004225,1983-08-13,wikidata_exact_year_agrees,north,resolved_unique_birthplace,Q968772,Q1348,Kolkata,22.5675,88.37,,,True,,M,229,-0.1753763157101636,0.544,1983-08-13,29.38869381301464,valid_pre_snapshot,癸亥,庚申,癸酉,癸,亥,庚,申,癸,酉,水,0,0,0,3,3,6,0,1,水水金金水金,比肩|劫财|正印|正印|比肩|偏印
2013-01,FIDE official January 2013 standard rating list,http://ratings.fide.com/download/standard_jan13frl.zip,standard_jan13frl.txt,4122763,"Volkov, Sergey",GM,,,RUS,M,2590,0,10,1974.0,True,,246,243,4122763,1974-02-07,wikidata_exact_year_agrees,north,resolved_unique_birthplace,Q2033533,Q5343,Saransk,54.18333333,45.18333333,,,True,,M,229,-0.1753763157101636,0.544,1974-02-07,38.90018275529272,valid_pre_snapshot,甲寅,丙寅,己卯,甲,寅,丙,寅,己,卯,土,4,1,1,0,0,0,0,0,木木火木土木,正官|正官|正印|正官|比肩|七杀
2013-01,FIDE official January 2013 standard rating list,http://ratings.fide.com/download/standard_jan13frl.zip,standard_jan13frl.txt,4600010,"Huebner, Robert",GM,,,GER,M,2589,0,10,1948.0,True,,252,249,4600010,1948-11-06,wikidata_exact_year_agrees,north,resolved_unique_birthplace,Q77389,Q365,Cologne,50.94222222,6.95777778,,,True,,M,234,-0.1917199790603855,0.534,1948-11-06,64.15463698775471,valid_pre_snapshot,戊子,壬戌,乙未,戊,子,壬,戌,乙,未,木,1,0,3,0,2,2,0,1,土水水土木土,正财|偏印|正印|正财|比肩|偏财
2013-01,FIDE official January 2013 standard rating list,http://ratings.fide.com/download/standard_jan13frl.zip,standard_jan13frl.txt,2803828,"Huzman, Alexander",GM,,,ISR,M,2589,0,10,1962.0,True,,252,249,2803828,1962-04-10,wikidata_exact_year_agrees,north,resolved_unique_birthplace,Q2495398,Q156713,Zhytomyr,50.25444444,28.65777778,,,True,,M,234,-0.1917199790603855,0.534,1962-04-10,50.73067893249006,valid_pre_snapshot,壬寅,甲辰,戊寅,壬,寅,甲,辰,戊,寅,土,3,0,2,0,1,1,0,0,水木木土土木,偏财|七杀|七杀|比肩|比肩|七杀
2013-01,FIDE official January 2013 standard rating list,http://ratings.fide.com/download/standard_jan13frl.zip,standard_jan13frl.txt,14113147,"Kravtsiv, Martyn",GM,,,UKR,M,2589,12,10,1990.0,True,,252,249,14113147,1990-11-26,wikidata_exact_year_agrees,north,resolved_unique_birthplace,Q2076408,Q36036,Lviv,49.838055;49.841952,24.023055;24.0315921,,,True,,M,234,-0.1917199790603855,0.534,1990-11-26,22.100385360411234,valid_pre_snapshot,庚午,丁亥,乙未,庚,午,丁,亥,乙,未,木,1,2,1,1,1,2,0,0,金火火水木土,正官|食神|食神|正印|比肩|偏财
2013-01,FIDE official January 2013 standard rating list,http://ratings.fide.com/download/standard_jan13frl.zip,standard_jan13frl.txt,11600136,"Miezis, Normunds",GM,,,LAT,M,2589,4,10,1971.0,True,,252,249,11600136,1971-05-11,wikidata_exact_year_agrees,north,resolved_unique_birthplace,Q631301,Q249715,Olaine,56.78444444,23.93694444,,,True,,M,234,-0.1917199790603855,0.534,1971-05-11,41.64630348330219,valid_pre_snapshot,辛亥,癸巳,丙申,辛,亥,癸,巳,丙,申,火,0,2,0,2,2,4,0,0,金水水火火金,正财|七杀|正官|比肩|比肩|偏财
2013-01,FIDE official January 2013 standard rating list,http://ratings.fide.com/download/standard_jan13frl.zip,standard_jan13frl.txt,8602522,"Zhao, Jun",GM,,,CHN,M,2589,8,10,1986.0,True,,252,249,8602522,1986-12-12,wikidata_exact_year_agrees,north,resolved_unique_birthplace,Q3357852,Q170247,Jinan,36.66666667,116.98333333,,,True,,M,234,-0.1917199790603855,0.534,1986-12-12,26.056660985509627,valid_pre_snapshot,丙寅,庚子,庚寅,丙,寅,庚,子,庚,寅,金,2,1,0,2,1,3,1,0,火木金水金木,七杀|偏财|比肩|伤官|比肩|偏财
2013-01,FIDE official January 2013 standard rating list,http://ratings.fide.com/download/standard_jan13frl.zip,standard_jan13frl.txt,13502247,"Zhigalko, Andrey",GM,,,BLR,M,2589,0,10,1985.0,True,,252,249,13502247,1985-09-18,wikidata_exact_year_agrees,north,resolved_unique_birthplace,Q2066039,Q2280,Minsk,53.902246,27.561837,,,True,,M,234,-0.1917199790603855,0.534,1985-09-18,27.288719138654454,valid_pre_snapshot,乙丑,乙酉,庚申,乙,丑,乙,酉,庚,申,金,2,0,1,3,0,3,0,0,木土木金金金,正财|正印|正财|劫财|比肩|比肩
2013-01,FIDE official January 2013 standard rating list,http://ratings.fide.com/download/standard_jan13frl.zip,standard_jan13frl.txt,4627253,"Doettling, Fabian",GM,,,GER,M,2587,0,10,1980.0,True,,258,255,4627253,1980-08-04,wikidata_exact_year_agrees,north,resolved_unique_birthplace,Q90489,Q715,Heilbronn,49.140428,9.217953,,,True,,M,240,-0.2244073057608293,0.522,1980-08-04,32.411343148729955,valid_pre_snapshot,庚申,癸未,己酉,庚,申,癸,未,己,酉,土,0,0,2,3,1,4,2,0,金金水土土金,伤官|伤官|偏财|比肩|比肩|食神
2013-01,FIDE official January 2013 standard rating list,http://ratings.fide.com/download/standard_jan13frl.zip,standard_jan13frl.txt,14116731,"Ipatov, Alexander",GM,,,TUR,M,2587,2,10,1993.0,True,,258,255,14116731,1993-07-16,wikidata_exact_year_agrees,north,resolved_unique_birthplace,Q2119517,Q36036,Lviv,49.838055;49.841952,24.023055;24.0315921,,,True,,M,240,-0.2244073057608293,0.522,1993-07-16,19.4637809126813,valid_pre_snapshot,癸酉,己未,戊戌,癸,酉,己,未,戊,戌,土,0,0,4,1,1,2,1,0,水金土土土土,正财|伤官|劫财|劫财|比肩|比肩
2013-01,FIDE official January 2013 standard rating list,http://ratings.fide.com/download/standard_jan13frl.zip,standard_jan13frl.txt,4500261,"Kulaots, Kaido",GM,,,EST,M,2587,2,10,1976.0,True,,258,255,4500261,1976-02-28,wikidata_exact_year_agrees,north,resolved_unique_birthplace,Q638126,Q102365,Pärnu,58.38444444,24.49888889,,,True,,M,240,-0.2244073057608293,0.522,1976-02-28,36.84401459304435,valid_pre_snapshot,丙辰,庚寅,庚戌,丙,辰,庚,寅,庚,戌,金,1,1,2,2,0,2,0,2,火土金木金土,七杀|偏印|比肩|偏财|比肩|偏印
2013-01,FIDE official January 2013 standard rating list,http://ratings.fide.com/download/standard_jan13frl.zip,standard_jan13frl.txt,708020,"Acs, Peter",GM,,,HUN,M,2586,0,10,1981.0,True,,261,258,708020,1981-05-10,wikidata_exact_year_agrees,north,resolved_unique_birthplace,Q738343,Q167109,Eger,47.89888889,20.37472222,,,True,,M,243,-0.2407509691110512,0.516,1981-05-10,31.64746709378016,valid_pre_snapshot,辛酉,癸巳,戊子,辛,酉,癸,巳,戊,子,土,0,1,1,2,2,4,2,1,金金水火土水,伤官|伤官|正财|偏印|比肩|正财
2013-01,FIDE official January 2013 standard rating list,http://ratings.fide.com/download/standard_jan13frl.zip,standard_jan13frl.txt,14117908,"Kovalenko, Igor",GM,,,UKR,M,2586,2,10,1988.0,True,,261,258,14117908,1988-12-29,wikidata_exact_year_agrees,north,resolved_unique_birthplace,Q4225422,Q640680,Samar,48.631606,35.224519,,,True,,M,243,-0.2407509691110512,0.516,1988-12-29,24.008706544282223,valid_pre_snapshot,戊辰,甲子,戊午,戊,辰,甲,子,戊,午,土,1,1,3,0,1,1,0,0,土土木水土火,比肩|比肩|七杀|正财|比肩|正印
2013-01,FIDE official January 2013 standard rating list,http://ratings.fide.com/download/standard_jan13frl.zip,standard_jan13frl.txt,4153278,"Kryakvin, Dmitry",GM,,,RUS,M,2586,9,10,1984.0,True,,261,258,4153278,1984-04-10,wikidata_exact_year_agrees,north,resolved_unique_birthplace,Q4243246,Q908,Rostov-on-Don,47.2225,39.71,,,True,,M,243,-0.2407509691110512,0.516,1984-04-10,28.72885822433041,valid_pre_snapshot,甲子,戊辰,甲戌,甲,子,戊,辰,甲,戌,木,2,0,3,0,1,1,0,0,木水土土木土,比肩|正印|偏财|偏财|比肩|偏财
2013-01,FIDE official January 2013 standard rating list,http://ratings.fide.com/download/standard_jan13frl.zip,standard_jan13frl.txt,2400561,"Rowson, Jonathan",GM,,,SCO,M,2586,9,10,1977.0,True,,261,258,2400561,1977-04-18,wikidata_exact_year_agrees,north,resolved_unique_birthplace,Q1398291,Q36405,Aberdeen,57.15,-2.1,,,True,,M,243,-0.2407509691110512,0.516,1977-04-18,35.70778318514412,valid_pre_snapshot,丁巳,甲辰,乙巳,丁,巳,甲,辰,乙,巳,木,2,3,1,0,0,0,2,0,火火木土木火,食神|伤官|劫财|正财|比肩|伤官
2013-01,FIDE official January 2013 standard rating list,http://ratings.fide.com/download/standard_jan13frl.zip,standard_jan13frl.txt,301264,"Babula, Vlastimil",GM,,,CZE,M,2585,0,10,1973.0,True,,265,262,301264,1973-10-02,wikidata_exact_year_agrees,north,resolved_unique_birthplace,Q1382022,Q664895,Uherský Brod,49.02513343,17.6471533,,,True,,M,247,-0.2570946324612731,0.508,1973-10-02,39.25063485218725,valid_pre_snapshot,癸丑,辛酉,辛未,癸,丑,辛,酉,辛,未,金,0,0,2,3,1,4,0,2,水土金金金土,食神|偏印|比肩|比肩|比肩|偏印
2013-01,FIDE official January 2013 standard rating list,http://ratings.fide.com/download/standard_jan13frl.zip,standard_jan13frl.txt,2900130,"Kolev, Atanas",GM,,,BUL,M,2585,0,10,1967.0,True,,265,262,2900130,1967-07-15,wikidata_exact_year_agrees,north,resolved_unique_birthplace,Q2634340,Q405426,Botevgrad,42.907278,23.793661,,,True,,M,247,-0.2570946324612731,0.508,1967-07-15,45.46842166505815,valid_pre_snapshot,丁未,丁未,庚辰,丁,未,丁,未,庚,辰,金,0,2,3,1,0,1,0,1,火土火土金土,正官|正印|正官|正印|比肩|偏印
2013-01,FIDE official January 2013 standard rating list,http://ratings.fide.com/download/standard_jan13frl.zip,standard_jan13frl.txt,2801906,"Alterman, Boris",GM,,FST,ISR,M,2584,0,10,1970.0,True,,267,264,2801906,1970-05-04,wikidata_exact_year_agrees,north,resolved_unique_birthplace,Q893618,Q42308,Kharkiv,49.9925,36.23111111,,,True,,M,249,-0.273438295811495,0.504,1970-05-04,42.66480488990192,valid_pre_snapshot,庚戌,庚辰,甲申,庚,戌,庚,辰,甲,申,木,1,0,2,3,0,3,0,0,金土金土木金,七杀|偏财|七杀|偏财|比肩|七杀
2013-01,FIDE official January 2013 standard rating list,http://ratings.fide.com/download/standard_jan13frl.zip,standard_jan13frl.txt,600270,"Degraeve, Jean-Marc",GM,,,FRA,M,2584,0,10,1971.0,True,,267,264,600270,1971-01-26,wikidata_exact_year_agrees,north,resolved_unique_birthplace,Q969892,Q182481,Tourcoing,50.7225,3.16027778,,,True,,M,249,-0.273438295811495,0.504,1971-01-26,41.93378371903598,valid_pre_snapshot,庚戌,己丑,辛亥,庚,戌,己,丑,辛,亥,金,0,0,3,2,1,3,1,2,金土土土金水,劫财|正印|偏印|偏印|比肩|伤官
2013-01,FIDE official January 2013 standard rating list,http://ratings.fide.com/download/standard_jan13frl.zip,standard_jan13frl.txt,14903474,"Markos, Jan",GM,,,SVK,M,2584,0,10,1985.0,True,,267,264,14903474,1985-07-02,wikidata_exact_year_agrees,north,resolved_unique_birthplace,Q786107,Q144983,Banská Bystrica,48.73527778,19.14527778,,,True,,M,249,-0.273438295811495,0.504,1985-07-02,27.50227588519956,valid_pre_snapshot,乙丑,壬午,壬寅,乙,丑,壬,午,壬,寅,水,2,1,1,0,2,2,1,0,木土水火水木,伤官|正官|比肩|正财|比肩|食神
2013-01,FIDE official January 2013 standard rating list,http://ratings.fide.com/download/standard_jan13frl.zip,standard_jan13frl.txt,4157800,"Ponkratov, Pavel",GM,,,RUS,M,2584,19,10,1988.0,True,,267,264,4157800,1988-07-15,wikidata_exact_year_agrees,north,resolved_unique_birthplace,Q4371883,Q906,Chelyabinsk,55.15,61.4,,,True,,M,249,-0.273438295811495,0.504,1988-07-15,24.465937014449302,valid_pre_snapshot,戊辰,己未,辛未,戊,辰,己,未,辛,未,金,0,0,5,1,0,1,0,3,土土土土金土,正印|正印|偏印|偏印|比肩|偏印
2013-01,FIDE official January 2013 standard rating list,http://ratings.fide.com/download/standard_jan13frl.zip,standard_jan13frl.txt,4147332,"Savchenko, Boris",GM,,,RUS,M,2584,11,10,1986.0,True,,267,264,4147332,1986-07-10,wikidata_exact_year_agrees,north,resolved_unique_birthplace,Q4404275,Q656,Saint Petersburg,59.95,30.31666667,,,True,,M,249,-0.273438295811495,0.504,1986-07-10,26.48103657159285,valid_pre_snapshot,丙寅,乙未,乙卯,丙,寅,乙,未,乙,卯,木,4,1,1,0,0,0,1,0,火木木土木木,伤官|劫财|比肩|偏财|比肩|比肩
2013-01,FIDE official January 2013 standard rating list,http://ratings.fide.com/download/standard_jan13frl.zip,standard_jan13frl.txt,4121341,"Vorobiov, Evgeny E.",GM,,,RUS,M,2584,0,10,1976.0,True,,267,264,4121341,1976-12-13,wikidata_exact_year_agrees,north,resolved_unique_birthplace,Q4125169,Q649,Moscow,55.75055556,37.6175,,,True,,M,249,-0.273438295811495,0.504,1976-12-13,36.05275946802467,valid_pre_snapshot,丙辰,庚子,己亥,丙,辰,庚,子,己,亥,土,0,1,2,1,2,3,1,0,火土金水土水,正印|劫财|伤官|偏财|比肩|正财
2013-01,FIDE official January 2013 standard rating list,http://ratings.fide.com/download/standard_jan13frl.zip,standard_jan13frl.txt,2803895,"Avrukh, Boris",GM,,FST,ISR,M,2583,0,10,1978.0,True,,273,270,2803895,1978-02-10,wikidata_exact_year_agrees,north,resolved_unique_birthplace,Q370989,Q484706,Karaganda,49.8,73.11666667,,,True,,M,255,-0.2897819591617169,0.492,1978-02-10,34.89188689706154,valid_pre_snapshot,戊午,甲寅,癸卯,戊,午,甲,寅,癸,卯,水,3,1,1,0,1,1,2,0,土火木木水木,正官|偏财|伤官|伤官|比肩|食神
2013-01,FIDE official January 2013 standard rating list,http://ratings.fide.com/download/standard_jan13frl.zip,standard_jan13frl.txt,5900212,"Kotronias, Vasilios",GM,,,GRE,M,2583,0,10,1964.0,True,,273,270,5900212,1964-08-25,wikidata_exact_year_agrees,north,resolved_unique_birthplace,Q1335802,Q1524,Athens,37.98416667,23.72805556,,,True,,M,255,-0.2897819591617169,0.492,1964-08-25,48.35417565042403,valid_pre_snapshot,甲辰,壬申,丙午,甲,辰,壬,申,丙,午,火,1,2,1,1,1,2,0,1,木土水金火火,偏印|食神|七杀|偏财|比肩|劫财
2013-01,FIDE official January 2013 standard rating list,http://ratings.fide.com/download/standard_jan13frl.zip,standard_jan13frl.txt,4167392,"Chadaev, Nikolai",GM,,,RUS,M,2582,0,10,1988.0,True,,275,272,4167392,1988-07-09,wikidata_exact_year_agrees,north,resolved_unique_birthplace,Q4506687,Q2337,Smolensk,54.78277778,32.04527778,,,True,,M,257,-0.3061256225119388,0.488,1988-07-09,24.48236445649124,valid_pre_snapshot,戊辰,己未,乙丑,戊,辰,己,未,乙,丑,木,1,0,5,0,0,0,0,0,土土土土木土,正财|正财|偏财|偏财|比肩|偏财
2013-01,FIDE official January 2013 standard rating list,http://ratings.fide.com/download/standard_jan13frl.zip,standard_jan13frl.txt,4162714,"Epishin, Vladimir",GM,,,RUS,M,2582,9,10,1965.0,True,,275,272,4162714,1965-07-11,wikidata_exact_year_agrees,north,resolved_unique_birthplace,Q1370851,Q656,Saint Petersburg,59.95,30.31666667,,,True,,M,257,-0.3061256225119388,0.488,1965-07-11,47.47804540818771,valid_pre_snapshot,乙巳,癸未,丙寅,乙,巳,癸,未,丙,寅,火,2,2,1,0,1,1,1,1,木火水土火木,正印|比肩|正官|伤官|比肩|偏印
2013-01,FIDE official January 2013 standard rating list,http://ratings.fide.com/download/standard_jan13frl.zip,standard_jan13frl.txt,14103222,"Goloshchapov, Alexander",GM,,FT,UKR,M,2582,0,10,1978.0,True,,275,272,14103222,1978-01-25,wikidata_exact_year_agrees,north,resolved_unique_birthplace,Q503976,Q42308,Kharkiv,49.9925,36.23111111,,,True,,M,257,-0.3061256225119388,0.488,1978-01-25,34.93569340917335,valid_pre_snapshot,丁巳,癸丑,丁亥,丁,巳,癸,丑,丁,亥,火,0,3,1,0,2,2,0,0,火火水土火水,比肩|劫财|七杀|食神|比肩|正官
2013-01,FIDE official January 2013 standard rating list,http://ratings.fide.com/download/standard_jan13frl.zip,standard_jan13frl.txt,718602,"Papp, Gabor",GM,,,HUN,M,2582,9,10,1987.0,True,,275,272,718602,1987-05-04,wikidata_exact_year_agrees,north,resolved_unique_birthplace,Q1558687,Q45779,Pécs,46.07083333,18.23305556,,,True,,M,257,-0.3061256225119388,0.488,1987-05-04,25.66514028351027,valid_pre_snapshot,丁卯,甲辰,癸丑,丁,卯,甲,辰,癸,丑,水,2,1,2,0,1,1,1,0,火木木土水土,偏财|食神|伤官|正官|比肩|七杀
2013-01,FIDE official January 2013 standard rating list,http://ratings.fide.com/download/standard_jan13frl.zip,standard_jan13frl.txt,14506688,"Brkic, Ante",GM,,,CRO,M,2581,9,10,1988.0,True,,280,276,14506688,1988-03-31,wikidata_exact_year_agrees,north,multiple_birthplaces_same_hemisphere,Q360308,Q1284329;Q209062,Socialist Republic of Croatia;Stari Mikanovci,45.28333333;45.81611111,15.97416667;18.55,,,True,,M,261,-0.3224692858621607,0.48,1988-03-31,24.756155157190086,valid_pre_snapshot,戊辰,乙卯,乙酉,戊,辰,乙,卯,乙,酉,木,3,0,2,1,0,1,0,0,土土木木木金,正财|正财|比肩|比肩|比肩|七杀
2013-01,FIDE official January 2013 standard rating list,http://ratings.fide.com/download/standard_jan13frl.zip,standard_jan13frl.txt,200930,"Gurevich, Mikhail",GM,,"FA,FST",TUR,M,2581,0,10,1959.0,True,,280,276,200930,1959-02-22,wikidata_exact_year_agrees,north,resolved_unique_birthplace,Q506493,Q42308,Kharkiv,49.9925,36.23111111,,,True,,M,261,-0.3224692858621607,0.48,1959-02-22,53.86010664147792,valid_pre_snapshot,己亥,丙寅,乙亥,己,亥,丙,寅,乙,亥,木,2,1,1,0,2,2,1,0,土水火木木水,偏财|正印|伤官|劫财|比肩|正印
2013-01,FIDE official January 2013 standard rating list,http://ratings.fide.com/download/standard_jan13frl.zip,standard_jan13frl.txt,1020854,"Van Kampen, Robin",GM,,,NED,M,2581,10,10,1994.0,True,,280,276,1020854,1994-11-14,wikidata_exact_year_agrees,north,resolved_unique_birthplace,Q63329,Q9906,Blaricum,52.2728,5.2422,,,True,,M,261,-0.3224692858621607,0.48,1994-11-14,18.133158107284885,valid_pre_snapshot,甲戌,乙亥,甲辰,甲,戌,乙,亥,甲,辰,木,3,0,2,0,1,1,0,1,木土木水木土,比肩|偏财|劫财|偏印|比肩|偏财
2013-01,FIDE official January 2013 standard rating list,http://ratings.fide.com/download/standard_jan13frl.zip,standard_jan13frl.txt,4131002,"Gabrielian, Artur",GM,,,RUS,M,2580,2,10,1982.0,True,,283,279,4131002,1982-12-26,wikidata_exact_year_agrees,north,resolved_unique_birthplace,Q4130938,Q9248,Baku,40.36665556,49.83518333,,,True,,M,264,-0.3388129492123826,0.474,1982-12-26,30.018412424622,valid_pre_snapshot,壬戌,壬子,癸未,壬,戌,壬,子,癸,未,水,0,0,2,0,4,4,0,0,水土水水水土,劫财|正官|劫财|比肩|比肩|七杀
2013-01,FIDE official January 2013 standard rating list,http://ratings.fide.com/download/standard_jan13frl.zip,standard_jan13frl.txt,5007429,"Panchanathan, Magesh Chandran",GM,,,IND,M,2580,0,10,1983.0,True,,283,279,5007429,1983-08-10,wikidata_exact_year_agrees,north,resolved_unique_birthplace,Q2483493,Q228405,Madurai,9.91966111,78.11939444,,,True,,M,264,-0.3388129492123826,0.474,1983-08-10,29.39690753403561,valid_pre_snapshot,癸亥,庚申,庚午,癸,亥,庚,申,庚,午,金,0,1,0,3,2,5,1,0,水水金金金火,伤官|食神|比肩|比肩|比肩|正官
2013-01,FIDE official January 2013 standard rating list,http://ratings.fide.com/download/standard_jan13frl.zip,standard_jan13frl.txt,1700588,"Cicak, Slavko",GM,,,SWE,M,2579,0,10,1969.0,True,,286,282,1700588,1969-10-25,wikidata_exact_year_agrees,north,resolved_unique_birthplace,Q362649,Q23564,Podgorica,42.44138889,19.26277778,,,True,,M,266,-0.3551566125626045,0.47,1969-10-25,43.18774512823672,valid_pre_snapshot,己酉,甲戌,癸酉,己,酉,甲,戌,癸,酉,水,1,0,2,2,1,3,1,2,土金木土水金,七杀|偏印|伤官|正官|比肩|偏印
2013-01,FIDE official January 2013 standard rating list,http://ratings.fide.com/download/standard_jan13frl.zip,standard_jan13frl.txt,14103052,"Kovchan, Alexander",GM,,,UKR,M,2579,0,10,1983.0,True,,286,282,14103052,1983-10-21,wikidata_exact_year_agrees,north,resolved_unique_birthplace,Q2231095,Q157053,Chernihiv,51.49388889,31.29472222,,,True,,M,266,-0.3551566125626045,0.47,1983-10-21,29.199778229532438,valid_pre_snapshot,癸亥,壬戌,壬午,癸,亥,壬,戌,壬,午,水,0,1,1,0,4,4,0,0,水水水土水火,劫财|比肩|比肩|七杀|比肩|正财
2013-01,FIDE official January 2013 standard rating list,http://ratings.fide.com/download/standard_jan13frl.zip,standard_jan13frl.txt,14500116,"Palac, Mladen",GM,,FT,CRO,M,2579,3,10,1971.0,True,,286,282,14500116,1971-02-18,wikidata_exact_year_agrees,north,resolved_unique_birthplace,Q2085891,Q3036600,Donji Mamići,44.93333333,16.96666667,,,True,,M,266,-0.3551566125626045,0.47,1971-02-18,41.870811857875246,valid_pre_snapshot,辛亥,庚寅,甲戌,辛,亥,庚,寅,甲,戌,木,2,0,1,2,1,3,0,1,金水金木木土,正官|偏印|七杀|比肩|比肩|偏财
2013-01,FIDE official January 2013 standard rating list,http://ratings.fide.com/download/standard_jan13frl.zip,standard_jan13frl.txt,4600169,"Schlosser, Philipp",GM,,,GER,M,2579,0,10,1968.0,True,,286,282,4600169,1968-08-19,wikidata_exact_year_agrees,north,resolved_unique_birthplace,Q74873,Q1726,Munich,48.1375,11.575,,,True,,M,266,-0.3551566125626045,0.47,1968-08-19,44.37052095525576,valid_pre_snapshot,戊申,庚申,辛酉,戊,申,庚,申,辛,酉,金,0,0,1,5,0,5,0,0,土金金金金金,正印|劫财|劫财|劫财|比肩|比肩
2013-01,FIDE official January 2013 standard rating list,http://ratings.fide.com/download/standard_jan13frl.zip,standard_jan13frl.txt,4144031,"Danin, Alexandre",GM,,,RUS,M,2578,0,10,1986.0,True,,290,286,4144031,1986-03-14,wikidata_exact_year_agrees,north,resolved_unique_birthplace,Q27524380,Q2801,Bryansk,53.2425,34.36666667,,,True,,M,270,-0.3715002759128264,0.462,1986-03-14,26.80410959841749,valid_pre_snapshot,丙寅,辛卯,丁巳,丙,寅,辛,卯,丁,巳,火,2,3,0,1,0,1,0,1,火木金木火火,劫财|正印|偏财|偏印|比肩|劫财
2013-01,FIDE official January 2013 standard rating list,http://ratings.fide.com/download/standard_jan13frl.zip,standard_jan13frl.txt,1710400,"Grandelius, Nils",GM,,,SWE,M,2578,5,10,1993.0,True,,290,286,1710400,1993-06-03,wikidata_exact_year_agrees,north,resolved_unique_birthplace,Q1992344,Q2167,Lund,55.70831302,13.1991642,,,True,,M,270,-0.3715002759128264,0.462,1993-06-03,19.58151091398181,valid_pre_snapshot,癸酉,丁巳,乙卯,癸,酉,丁,巳,乙,卯,木,2,2,0,1,1,2,1,1,水金火火木木,偏印|七杀|食神|伤官|比肩|比肩
2013-01,FIDE official January 2013 standard rating list,http://ratings.fide.com/download/standard_jan13frl.zip,standard_jan13frl.txt,2008572,"Shabalov, Alexander",GM,,,USA,M,2578,0,10,1967.0,True,,290,286,2008572,1967-09-12,wikidata_exact_year_agrees,north,resolved_unique_birthplace,Q722108,Q1773,Riga,56.9475,24.10694444,,,True,,M,270,-0.3715002759128264,0.462,1967-09-12,45.30688515164582,valid_pre_snapshot,丁未,己酉,己卯,丁,未,己,酉,己,卯,土,1,1,3,1,0,1,0,1,火土土金土木,偏印|比肩|比肩|食神|比肩|七杀
2013-01,FIDE official January 2013 standard rating list,http://ratings.fide.com/download/standard_jan13frl.zip,standard_jan13frl.txt,2015315,"Stripunsky, Alexander",GM,,,USA,M,2578,0,10,1970.0,True,,290,286,2015315,1970-08-18,wikidata_exact_year_agrees,north,resolved_unique_birthplace,Q2281307,Q42308,Kharkiv,49.9925,36.23111111,,,True,,M,270,-0.3715002759128264,0.462,1970-08-18,42.37458674716113,valid_pre_snapshot,庚戌,甲申,庚午,庚,戌,甲,申,庚,午,金,1,1,1,3,0,3,0,1,金土木金金火,比肩|偏印|偏财|比肩|比肩|正官
2013-01,FIDE official January 2013 standard rating list,http://ratings.fide.com/download/standard_jan13frl.zip,standard_jan13frl.txt,2000059,"Christiansen, Larry M",GM,,,USA,M,2577,0,10,1956.0,True,,294,290,2000059,1956-06-27,wikidata_exact_year_agrees,north,resolved_unique_birthplace,Q534057,Q49243,Riverside,33.98222222,-117.3725,,,True,,M,274,-0.3878439392630483,0.454,1956-06-27,56.515876438256775,valid_pre_snapshot,丙申,甲午,乙丑,丙,申,甲,午,乙,丑,木,2,2,1,1,0,1,1,0,火金木火木土,伤官|正官|劫财|食神|比肩|偏财
2013-01,FIDE official January 2013 standard rating list,http://ratings.fide.com/download/standard_jan13frl.zip,standard_jan13frl.txt,4600118,"Hickl, Joerg",GM,,,GER,M,2577,0,10,1965.0,True,,294,290,4600118,1965-04-16,wikidata_exact_year_agrees,north,resolved_unique_birthplace,Q92207,Q1721,Wiesbaden,50.0825,8.24,,,True,,M,274,-0.3878439392630483,0.454,1965-04-16,47.71350541078872,valid_pre_snapshot,乙巳,庚辰,庚子,乙,巳,庚,辰,庚,子,金,1,1,1,2,1,3,1,1,木火金土金水,正财|七杀|比肩|偏印|比肩|伤官
2013-01,FIDE official January 2013 standard rating list,http://ratings.fide.com/download/standard_jan13frl.zip,standard_jan13frl.txt,2600013,"Spraggett, Kevin",GM,,,CAN,M,2577,3,10,1954.0,True,,294,290,2600013,1954-11-10,wikidata_exact_year_agrees,north,resolved_unique_birthplace,Q948688,Q340,Montreal,45.5033426,-73.5868411,,,True,,M,274,-0.3878439392630483,0.454,1954-11-10,58.14493110741493,valid_pre_snapshot,甲午,乙亥,庚午,甲,午,乙,亥,庚,午,金,2,2,0,1,1,2,0,0,木火木水金火,偏财|正官|正财|食神|比肩|正官
2013-01,FIDE official January 2013 standard rating list,http://ratings.fide.com/download/standard_jan13frl.zip,standard_jan13frl.txt,2205092,"Arizmendi Martinez, Julen Luis",GM,,,ESP,M,2576,0,10,1976.0,True,,297,293,2205092,1976-07-05,wikidata_exact_year_agrees,north,resolved_unique_birthplace,Q2356884,Q176410,Weehawken,40.77138889,-74.01944444,,,True,,M,277,-0.4041876026132702,0.448,1976-07-05,36.49356249614982,valid_pre_snapshot,丙辰,甲午,戊午,丙,辰,甲,午,戊,午,土,1,3,2,0,0,0,0,1,火土木火土火,偏印|比肩|七杀|正印|比肩|正印
2013-01,FIDE official January 2013 standard rating list,http://ratings.fide.com/download/standard_jan13frl.zip,standard_jan13frl.txt,1003720,"Van Den Doel, Erik",GM,,,NED,M,2576,1,10,1979.0,True,,297,293,1003720,1979-05-15,wikidata_exact_year_agrees,north,resolved_unique_birthplace,Q63323,Q43631,Leiden,52.16,4.49,,,True,,M,277,-0.4041876026132702,0.448,1979-05-15,33.63518758085382,valid_pre_snapshot,己未,己巳,壬午,己,未,己,巳,壬,午,水,0,2,3,0,1,1,0,0,土土土火水火,正官|正官|正官|偏财|比肩|正财
2013-01,FIDE official January 2013 standard rating list,http://ratings.fide.com/download/standard_jan13frl.zip,standard_jan13frl.txt,8600970,"Zhang, Pengxiang",GM,,,CHN,M,2576,4,10,1980.0,True,,297,293,8600970,1980-06-29,wikidata_exact_year_agrees,north,resolved_unique_birthplace,Q197265,Q11736,Tianjin,39.14666667,117.20555556,,,True,,M,277,-0.4041876026132702,0.448,1980-06-29,32.50990780098154,valid_pre_snapshot,庚申,壬午,癸酉,庚,申,壬,午,癸,酉,水,0,1,0,3,2,5,0,1,金金水火水金,正印|正印|劫财|偏财|比肩|偏印
2013-01,FIDE official January 2013 standard rating list,http://ratings.fide.com/download/standard_jan13frl.zip,standard_jan13frl.txt,2906074,"Iotov, Valentin",GM,,,BUL,M,2575,0,10,1988.0,True,,300,296,2906074,1988-09-06,wikidata_exact_year_agrees,north,resolved_unique_birthplace,Q2606230,Q165420,Pleven,43.413188,24.616916,,,True,,M,280,-0.4205312659634921,0.442,1988-09-06,24.320827943078918,valid_pre_snapshot,戊辰,庚申,甲子,戊,辰,庚,申,甲,子,木,1,0,2,2,1,3,0,0,土土金金木水,偏财|偏财|七杀|七杀|比肩|正印
2013-01,FIDE official January 2013 standard rating list,http://ratings.fide.com/download/standard_jan13frl.zip,standard_jan13frl.txt,12501255,"Moradiabadi, Elshan",GM,,FT,IRI,M,2575,0,10,1985.0,True,,300,296,12501255,1985-05-22,wikidata_exact_year_agrees,north,resolved_unique_birthplace,Q8215536,Q3616,Tehran,35.68888889,51.38972222,,,True,,M,280,-0.4205312659634921,0.442,1985-05-22,27.614530072486087,valid_pre_snapshot,乙丑,辛巳,辛酉,乙,丑,辛,巳,辛,酉,金,1,1,1,3,0,3,0,1,木土金火金金,偏财|偏印|比肩|正官|比肩|比肩
2013-01,FIDE official January 2013 standard rating list,http://ratings.fide.com/download/standard_jan13frl.zip,standard_jan13frl.txt,1704060,"Berg, Emanuel",GM,,,SWE,M,2574,0,10,1981.0,True,,302,298,1704060,1981-12-28,wikidata_exact_year_agrees,north,resolved_unique_birthplace,Q1334637,Q21166,Skövde,58.39948683,13.85377068,,,True,,M,282,-0.4368749293137139,0.438,1981-12-28,31.012272668158825,valid_pre_snapshot,辛酉,庚子,庚辰,辛,酉,庚,子,庚,辰,金,0,0,1,4,1,5,1,1,金金金水金土,劫财|劫财|比肩|伤官|比肩|偏印
2013-01,FIDE official January 2013 standard rating list,http://ratings.fide.com/download/standard_jan13frl.zip,standard_jan13frl.txt,3503631,"Delgado Ramirez, Neuris",GM,,,COL,M,2574,0,10,1981.0,True,,302,298,3503631,1981-09-17,wikidata_exact_year_agrees,north,resolved_unique_birthplace,Q630437,Q115382,Bayamo,20.38166667,-76.64277778,,,True,,M,282,-0.4368749293137139,0.438,1981-09-17,31.29153918287165,valid_pre_snapshot,辛酉,丁酉,戊戌,辛,酉,丁,酉,戊,戌,土,0,1,2,3,0,3,3,0,金金火金土土,伤官|伤官|正印|伤官|比肩|比肩
2013-01,FIDE official January 2013 standard rating list,http://ratings.fide.com/download/standard_jan13frl.zip,standard_jan13frl.txt,1400037,"Hansen, Lars Bo",GM,,,DEN,M,2574,0,10,1968.0,True,,302,298,1400037,1968-09-24,wikidata_exact_year_agrees,north,resolved_unique_birthplace,Q724540,Q986435,Nykøbing Falster,54.76666667,11.88333333,,,True,,M,282,-0.4368749293137139,0.438,1968-09-24,44.27195630300417,valid_pre_snapshot,戊申,辛酉,丁酉,戊,申,辛,酉,丁,酉,火,0,1,1,4,0,4,1,0,土金金金火金,伤官|正财|偏财|偏财|比肩|偏财
2013-01,FIDE official January 2013 standard rating list,http://ratings.fide.com/download/standard_jan13frl.zip,standard_jan13frl.txt,14114038,"Onischuk, Vladimir",GM,,,UKR,M,2574,11,10,1991.0,True,,302,298,14114038,1991-07-21,wikidata_exact_year_agrees,north,resolved_unique_birthplace,Q4334927,Q156726,Ivano-Frankivsk,48.92277778,24.71055556,,,True,,M,282,-0.4368749293137139,0.438,1991-07-21,21.45150139975496,valid_pre_snapshot,辛未,乙未,壬辰,辛,未,乙,未,壬,辰,水,1,0,3,1,1,2,1,0,金土木土水土,正印|正官|伤官|正官|比肩|七杀
2013-01,FIDE official January 2013 standard rating list,http://ratings.fide.com/download/standard_jan13frl.zip,standard_jan13frl.txt,927031,"Popovic, Dusan",GM,,,SRB,M,2574,2,10,1983.0,True,,302,298,927031,1983-02-28,wikidata_exact_year_agrees,north,resolved_unique_birthplace,Q4372680,Q204475,Sombor,45.78,19.12,,,True,,M,282,-0.4368749293137139,0.438,1983-02-28,29.84318637617473,valid_pre_snapshot,癸亥,甲寅,丁亥,癸,亥,甲,寅,丁,亥,火,2,1,0,0,3,3,0,0,水水木木火水,七杀|正官|正印|正印|比肩|正官
2013-01,FIDE official January 2013 standard rating list,http://ratings.fide.com/download/standard_jan13frl.zip,standard_jan13frl.txt,6302114,"Esen, Baris",GM,,,TUR,M,2573,3,10,1986.0,True,,307,303,6302114,1986-11-03,wikidata_exact_year_agrees,north,resolved_unique_birthplace,Q9166503,Q6487,Antalya,36.90812,30.69556,,,True,,M,287,-0.4532185926639359,0.428,1986-11-03,26.163439358782178,valid_pre_snapshot,丙寅,戊戌,辛亥,丙,寅,戊,戌,辛,亥,金,1,1,2,1,1,2,1,0,火木土土金水,正官|正财|正印|正印|比肩|伤官
2013-01,FIDE official January 2013 standard rating list,http://ratings.fide.com/download/standard_jan13frl.zip,standard_jan13frl.txt,716855,"Hera, Imre Jr.",GM,,,HUN,M,2573,0,10,1986.0,True,,307,303,716855,1986-09-03,wikidata_exact_year_agrees,north,resolved_unique_birthplace,Q1660495,Q1781,Budapest,47.49833333,19.04083333,,,True,,M,287,-0.4532185926639359,0.428,1986-09-03,26.33045168620848,valid_pre_snapshot,丙寅,丙申,庚戌,丙,寅,丙,申,庚,戌,金,1,2,1,2,0,2,0,1,火木火金金土,七杀|偏财|七杀|比肩|比肩|偏印
2013-01,FIDE official January 2013 standard rating list,http://ratings.fide.com/download/standard_jan13frl.zip,standard_jan13frl.txt,4119142,"Korotylev, Alexey",GM,,,RUS,M,2573,0,10,1977.0,True,,307,303,4119142,1977-03-01,wikidata_exact_year_agrees,north,resolved_unique_birthplace,Q1883085,Q649,Moscow,55.75055556,37.6175,,,True,,M,287,-0.4532185926639359,0.428,1977-03-01,35.839202721479566,valid_pre_snapshot,丁巳,壬寅,丁巳,丁,巳,壬,寅,丁,巳,火,1,4,0,0,1,1,0,0,火火水木火火,比肩|劫财|正官|正印|比肩|劫财
2013-01,FIDE official January 2013 standard rating list,http://ratings.fide.com/download/standard_jan13frl.zip,standard_jan13frl.txt,2809052,"Nabaty, Tamir",GM,,,ISR,M,2573,18,10,1991.0,True,,307,303,2809052,1991-05-04,wikidata_exact_year_agrees,north,resolved_unique_birthplace,Q1620593,Q168162,Ness Ziona,31.93333333,34.8,,,True,,M,287,-0.4532185926639359,0.428,1991-05-04,21.665058146300066,valid_pre_snapshot,辛未,壬辰,甲戌,辛,未,壬,辰,甲,戌,木,1,0,3,1,1,2,0,1,金土水土木土,正官|正财|偏印|偏财|比肩|偏财
2013-01,FIDE official January 2013 standard rating list,http://ratings.fide.com/download/standard_jan13frl.zip,standard_jan13frl.txt,1706446,"Tikkanen, Hans",GM,,,SWE,M,2573,5,10,1985.0,True,,307,303,1706446,1985-02-06,wikidata_exact_year_agrees,north,resolved_unique_birthplace,Q471084,Q25457,Karlstad,59.38747061,13.50998029,,,True,,M,287,-0.4532185926639359,0.428,1985-02-06,27.90201030821988,valid_pre_snapshot,乙丑,戊寅,丙子,乙,丑,戊,寅,丙,子,火,2,1,2,0,1,1,1,1,木土土木火水,正印|伤官|食神|偏印|比肩|正官
2013-01,FIDE official January 2013 standard rating list,http://ratings.fide.com/download/standard_jan13frl.zip,standard_jan13frl.txt,813613,"Brunello, Sabino",GM,,,ITA,M,2572,20,10,1989.0,True,,313,309,813613,1989-06-27,wikidata_exact_year_agrees,north,resolved_unique_birthplace,Q786173,Q6221,Brescia,45.53888889,10.22028056,,,True,,M,292,-0.4695622560141578,0.418,1989-06-27,23.51588328302429,valid_pre_snapshot,己巳,庚午,戊午,己,巳,庚,午,戊,午,土,0,3,2,1,0,1,0,1,土火金火土火,劫财|偏印|食神|正印|比肩|正印
2013-01,FIDE official January 2013 standard rating list,http://ratings.fide.com/download/standard_jan13frl.zip,standard_jan13frl.txt,4146786,"Maletin, Pavel",GM,,,RUS,M,2572,4,10,1986.0,True,,313,309,4146786,1986-11-06,wikidata_exact_year_agrees,north,resolved_unique_birthplace,Q4277714,Q883,Novosibirsk,55.03333333,82.91666667,,,True,,M,292,-0.4695622560141578,0.418,1986-11-06,26.15522563776121,valid_pre_snapshot,丙寅,戊戌,甲寅,丙,寅,戊,戌,甲,寅,木,3,1,2,0,0,0,0,0,火木土土木木,食神|比肩|偏财|偏财|比肩|比肩
2013-01,FIDE official January 2013 standard rating list,http://ratings.fide.com/download/standard_jan13frl.zip,standard_jan13frl.txt,14501228,"Rogic, Davor",GM,,,CRO,M,2572,0,10,1971.0,True,,313,309,14501228,1971-07-27,wikidata_exact_year_agrees,north,resolved_unique_birthplace,Q1938369,Q209062,Socialist Republic of Croatia,45.81611111,15.97416667,,,True,,M,292,-0.4695622560141578,0.418,1971-07-27,41.43548464376407,valid_pre_snapshot,辛亥,乙未,癸丑,辛,亥,乙,未,癸,丑,水,1,0,2,1,2,3,0,1,金水木土水土,偏印|劫财|食神|七杀|比肩|七杀
2013-01,FIDE official January 2013 standard rating list,http://ratings.fide.com/download/standard_jan13frl.zip,standard_jan13frl.txt,13601784,"Shanava, Konstantine",GM,,,GEO,M,2572,10,10,1985.0,True,,313,309,13601784,1985-05-05,wikidata_exact_year_agrees,north,resolved_unique_birthplace,Q1625928,Q130229,Georgian SSR,41.7167,44.7833,,,True,,M,292,-0.4695622560141578,0.418,1985-05-05,27.661074491604893,valid_pre_snapshot,乙丑,辛巳,甲辰,乙,丑,辛,巳,甲,辰,木,2,1,2,1,0,1,0,0,木土金火木土,劫财|正财|正官|食神|比肩|偏财
2013-01,FIDE official January 2013 standard rating list,http://ratings.fide.com/download/standard_jan13frl.zip,standard_jan13frl.txt,14507927,"Bosiocic, Marin",GM,,,CRO,M,2571,0,10,1988.0,True,,318,314,14507927,1988-08-08,wikidata_exact_year_agrees,north,resolved_unique_birthplace,Q2334059,Q1647,Rijeka,45.33333333,14.43333333,,,True,,M,296,-0.4859059193643796,0.41,1988-08-08,24.40022724628158,valid_pre_snapshot,戊辰,庚申,乙未,戊,辰,庚,申,乙,未,木,1,0,3,2,0,2,0,0,土土金金木土,正财|正财|正官|正官|比肩|偏财
2013-01,FIDE official January 2013 standard rating list,http://ratings.fide.com/download/standard_jan13frl.zip,standard_jan13frl.txt,12500739,"Ghaem Maghami, Ehsan",GM,,,IRI,M,2571,3,10,1982.0,True,,318,314,12500739,1982-08-11,wikidata_exact_year_agrees,north,resolved_unique_birthplace,Q1300969,Q3616,Tehran,35.68888889,51.38972222,,,True,,M,296,-0.4859059193643796,0.41,1982-08-11,30.393505684579424,valid_pre_snapshot,壬戌,戊申,丙寅,壬,戌,戊,申,丙,寅,火,1,1,2,1,1,2,0,1,水土土金火木,七杀|食神|食神|偏财|比肩|偏印
2013-01,FIDE official January 2013 standard rating list,http://ratings.fide.com/download/standard_jan13frl.zip,standard_jan13frl.txt,2800802,"Kogan, Artur",GM,,,ISR,M,2571,0,10,1974.0,True,,318,314,2800802,1974-01-29,wikidata_exact_year_agrees,north,resolved_unique_birthplace,Q936073,Q157725,Chernivtsi,48.29083333,25.93444444,,,True,,M,296,-0.4859059193643796,0.41,1974-01-29,38.924823918355614,valid_pre_snapshot,癸丑,乙丑,庚午,癸,丑,乙,丑,庚,午,金,1,1,2,1,1,2,1,0,水土木土金火,伤官|正印|正财|正印|比肩|正官
2013-01,FIDE official January 2013 standard rating list,http://ratings.fide.com/download/standard_jan13frl.zip,standard_jan13frl.txt,705713,"Ruck, Robert",GM,,,HUN,M,2571,9,10,1977.0,True,,318,314,705713,1977-12-10,wikidata_exact_year_agrees,north,resolved_unique_birthplace,Q542985,Q42007,Szombathely,47.23333333,16.63333333,,,True,,M,296,-0.4859059193643796,0.41,1977-12-10,35.06163713149483,valid_pre_snapshot,丁巳,壬子,辛丑,丁,巳,壬,子,辛,丑,金,0,2,1,1,2,3,1,1,火火水水金土,七杀|正官|伤官|食神|比肩|偏印
2013-01,FIDE official January 2013 standard rating list,http://ratings.fide.com/download/standard_jan13frl.zip,standard_jan13frl.txt,13300016,"Vaganian, Rafael A",GM,,,ARM,M,2570,0,10,1951.0,True,,322,318,13300016,1951-10-15,wikidata_exact_year_agrees,north,resolved_unique_birthplace,Q738665,Q1953,Yerevan,40.18138889,44.51444444,,,True,,M,300,-0.5022495827146015,0.402,1951-10-15,61.21686276925604,valid_pre_snapshot,辛卯,戊戌,戊子,辛,卯,戊,戌,戊,子,土,1,0,3,1,1,2,1,0,金木土土土水,伤官|正官|比肩|比肩|比肩|正财
2013-01,FIDE official January 2013 standard rating list,http://ratings.fide.com/download/standard_jan13frl.zip,standard_jan13frl.txt,4121260,"Deviatkin, Andrei",GM,,,RUS,M,2569,0,10,1980.0,True,,323,319,4121260,1980-10-07,wikidata_exact_year_agrees,north,resolved_unique_birthplace,Q1875795,Q649,Moscow,55.75055556,37.6175,,,True,,M,301,-0.5185932460648235,0.4,1980-10-07,32.23611710028269,valid_pre_snapshot,庚申,乙酉,癸丑,庚,申,乙,酉,癸,丑,水,1,0,1,3,1,4,0,1,金金木金水土,正印|正印|食神|偏印|比肩|七杀
2013-01,FIDE official January 2013 standard rating list,http://ratings.fide.com/download/standard_jan13frl.zip,standard_jan13frl.txt,4151984,"Geller, Jakov",GM,,,RUS,M,2569,9,10,1986.0,True,,323,319,4151984,1986-08-11,wikidata_exact_year_agrees,north,resolved_unique_birthplace,Q4135036,Q649,Moscow,55.75055556,37.6175,,,True,,M,301,-0.5185932460648235,0.4,1986-08-11,26.393423547369213,valid_pre_snapshot,丙寅,丙申,丁亥,丙,寅,丙,申,丁,亥,火,1,3,0,1,1,2,0,0,火木火金火水,劫财|正印|劫财|正财|比肩|正官
2013-01,FIDE official January 2013 standard rating list,http://ratings.fide.com/download/standard_jan13frl.zip,standard_jan13frl.txt,609404,"Le Roux, Jean-Pierre",GM,,,FRA,M,2569,0,10,1982.0,True,,323,319,609404,1982-05-18,wikidata_exact_year_agrees,north,resolved_unique_birthplace,Q11723676,Q193808,Guingamp,48.5625,-3.15111111,,,True,,M,301,-0.5185932460648235,0.4,1982-05-18,30.626227780173444,valid_pre_snapshot,壬戌,乙巳,辛丑,壬,戌,乙,巳,辛,丑,金,1,1,2,1,1,2,1,1,水土木火金土,伤官|正印|偏财|正官|比肩|偏印
2013-01,FIDE official January 2013 standard rating list,http://ratings.fide.com/download/standard_jan13frl.zip,standard_jan13frl.txt,13602926,"Margvelashvili, Giorgi",GM,,,GEO,M,2569,0,10,1990.0,True,,323,319,13602926,1990-02-09,wikidata_exact_year_agrees,north,resolved_unique_birthplace,Q4281192,Q994,Tbilisi,41.7225,44.7925,,,True,,M,301,-0.5185932460648235,0.4,1990-02-09,22.8943783924379,valid_pre_snapshot,庚午,戊寅,乙巳,庚,午,戊,寅,乙,巳,木,2,2,1,1,0,1,1,0,金火土木木火,正官|食神|正财|劫财|比肩|伤官
2013-01,FIDE official January 2013 standard rating list,http://ratings.fide.com/download/standard_jan13frl.zip,standard_jan13frl.txt,4203380,"Miladinovic, Igor",GM,,,SRB,M,2569,0,10,1974.0,True,,323,319,4203380,1974-01-25,wikidata_exact_year_agrees,north,resolved_unique_birthplace,Q1657753,Q129259,Niš,43.31916667,21.89611111,,,True,,M,301,-0.5185932460648235,0.4,1974-01-25,38.93577554638357,valid_pre_snapshot,癸丑,乙丑,丙寅,癸,丑,乙,丑,丙,寅,火,2,1,2,0,1,1,2,1,水土木土火木,正官|伤官|正印|伤官|比肩|偏印
2013-01,FIDE official January 2013 standard rating list,http://ratings.fide.com/download/standard_jan13frl.zip,standard_jan13frl.txt,916366,"Stojanovic, Mihajlo",GM,,,SRB,M,2569,2,10,1977.0,True,,323,319,916366,1977-05-11,wikidata_exact_year_agrees,north,resolved_unique_birthplace,Q4443239,Q3711,Belgrade,44.81777778,20.45694444,,,True,,M,301,-0.5185932460648235,0.4,1977-05-11,35.64481132398338,valid_pre_snapshot,丁巳,乙巳,戊辰,丁,巳,乙,巳,戊,辰,土,1,3,2,0,0,0,0,2,火火木火土土,正印|偏印|正官|偏印|比肩|比肩
2013-01,FIDE official January 2013 standard rating list,http://ratings.fide.com/download/standard_jan13frl.zip,standard_jan13frl.txt,14100932,"Brodsky, Michail",GM,,FST,UKR,M,2568,9,10,1969.0,True,,329,325,14100932,1969-03-27,wikidata_exact_year_agrees,north,resolved_unique_birthplace,Q2091031,Q42308,Kharkiv,49.9925,36.23111111,,,True,,M,307,-0.5349369094150453,0.388,1969-03-27,43.76818141371828,valid_pre_snapshot,己酉,丁卯,辛丑,己,酉,丁,卯,辛,丑,金,1,1,2,2,0,2,0,2,土金火木金土,偏印|比肩|七杀|偏财|比肩|偏印
2013-01,FIDE official January 2013 standard rating list,http://ratings.fide.com/download/standard_jan13frl.zip,standard_jan13frl.txt,2606771,"Hansen, Eric",GM,,,CAN,M,2568,19,10,1992.0,True,,329,325,2606771,1992-05-24,wikidata_exact_year_agrees,north,resolved_unique_birthplace,Q5386660,Q49219,Irvine,33.68416667,-117.7925,,,True,,M,307,-0.5349369094150453,0.388,1992-05-24,20.608226041602496,valid_pre_snapshot,壬申,乙巳,庚子,壬,申,乙,巳,庚,子,金,1,1,0,2,2,4,1,0,水金木火金水,食神|比肩|正财|七杀|比肩|伤官
2013-01,FIDE official January 2013 standard rating list,http://ratings.fide.com/download/standard_jan13frl.zip,standard_jan13frl.txt,4152417,"Oleksienko, Mikhailo",GM,,,UKR,M,2568,22,10,1986.0,True,,329,325,4152417,1986-09-30,wikidata_exact_year_agrees,north,resolved_unique_birthplace,Q2074715,Q36036,Lviv,49.838055;49.841952,24.023055;24.0315921,,,True,,M,307,-0.5349369094150453,0.388,1986-09-30,26.256528197019787,valid_pre_snapshot,丙寅,丁酉,丁丑,丙,寅,丁,酉,丁,丑,火,1,3,1,1,0,1,0,0,火木火金火土,劫财|正印|比肩|偏财|比肩|食神
2013-01,FIDE official January 2013 standard rating list,http://ratings.fide.com/download/standard_jan13frl.zip,standard_jan13frl.txt,4143183,"Papin, Vasily",GM,,,RUS,M,2568,9,10,1988.0,True,,329,325,4143183,1988-09-21,wikidata_exact_year_agrees,north,resolved_unique_birthplace,Q120474,Q649,Moscow,55.75055556,37.6175,,,True,,M,307,-0.5349369094150453,0.388,1988-09-21,24.279759337974085,valid_pre_snapshot,戊辰,辛酉,己卯,戊,辰,辛,酉,己,卯,土,1,0,3,2,0,2,0,0,土土金金土木,劫财|劫财|食神|食神|比肩|七杀
2013-01,FIDE official January 2013 standard rating list,http://ratings.fide.com/download/standard_jan13frl.zip,standard_jan13frl.txt,13601865,"Aroshidze, Levan",GM,,,GEO,M,2567,0,10,1985.0,True,,333,329,13601865,1985-07-09,wikidata_exact_year_agrees,north,resolved_unique_birthplace,Q1822029,Q994,Tbilisi,41.7225,44.7925,,,True,,M,311,-0.5512805727652672,0.38,1985-07-09,27.48311053615064,valid_pre_snapshot,乙丑,癸未,己酉,乙,丑,癸,未,己,酉,土,1,0,3,1,1,2,0,0,木土水土土金,七杀|比肩|偏财|比肩|比肩|食神
2013-01,FIDE official January 2013 standard rating list,http://ratings.fide.com/download/standard_jan13frl.zip,standard_jan13frl.txt,4135148,"Shomoev, Anton",GM,,,RUS,M,2567,9,10,1981.0,True,,333,329,4135148,1981-06-05,wikidata_exact_year_agrees,north,resolved_unique_birthplace,Q4526080,Q6816,Ulan-Ude,51.82722222,107.60638889,,,True,,M,311,-0.5512805727652672,0.38,1981-06-05,31.57628151159846,valid_pre_snapshot,辛酉,癸巳,甲寅,辛,酉,癸,巳,甲,寅,木,2,1,0,2,1,3,0,0,金金水火木木,正官|正官|正印|食神|比肩|比肩
2013-01,FIDE official January 2013 standard rating list,http://ratings.fide.com/download/standard_jan13frl.zip,standard_jan13frl.txt,14104369,"Solodovnichenko, Yuri",GM,,,UKR,M,2567,9,10,1978.0,True,,333,329,14104369,1978-02-08,wikidata_exact_year_agrees,north,resolved_unique_birthplace,Q4428181,Q156732,Kherson,46.6425,32.625,,,True,,M,311,-0.5512805727652672,0.38,1978-02-08,34.89736271107552,valid_pre_snapshot,戊午,甲寅,辛丑,戊,午,甲,寅,辛,丑,金,2,1,2,1,0,1,0,1,土火木木金土,正印|七杀|正财|正财|比肩|偏印
2013-01,FIDE official January 2013 standard rating list,http://ratings.fide.com/download/standard_jan13frl.zip,standard_jan13frl.txt,2900041,"Spasov, Vasil",GM,,,BUL,M,2567,0,10,1971.0,True,,333,329,2900041,1971-02-17,wikidata_exact_year_agrees,north,resolved_unique_birthplace,Q964563,Q6506,Varna,43.211375,27.91108,,,True,,M,311,-0.5512805727652672,0.38,1971-02-17,41.87354976488224,valid_pre_snapshot,辛亥,庚寅,癸酉,辛,亥,庚,寅,癸,酉,水,1,0,0,3,2,5,1,2,金水金木水金,偏印|劫财|正印|伤官|比肩|偏印
2013-01,FIDE official January 2013 standard rating list,http://ratings.fide.com/download/standard_jan13frl.zip,standard_jan13frl.txt,13302531,"Ter-Sahakyan, Samvel",GM,,,ARM,M,2567,0,10,1993.0,True,,333,329,13302531,1993-09-19,wikidata_exact_year_agrees,north,resolved_unique_birthplace,Q4455415,Q62337,Vanadzor,40.81277778,44.48833333,,,True,,M,311,-0.5512805727652672,0.38,1993-09-19,19.28581695722705,valid_pre_snapshot,癸酉,辛酉,癸卯,癸,酉,辛,酉,癸,卯,水,1,0,0,3,2,5,0,3,水金金金水木,比肩|偏印|偏印|偏印|比肩|食神
2013-01,FIDE official January 2013 standard rating list,http://ratings.fide.com/download/standard_jan13frl.zip,standard_jan13frl.txt,14114470,"Vovk, Andrey",GM,,,UKR,M,2567,0,10,1991.0,True,,333,329,14114470,1991-11-22,wikidata_exact_year_agrees,north,resolved_unique_birthplace,Q4113874,Q36036,Lviv,49.838055;49.841952,24.023055;24.0315921,,,True,,M,311,-0.5512805727652672,0.38,1991-11-22,21.11200093088838,valid_pre_snapshot,辛未,己亥,丙申,辛,未,己,亥,丙,申,火,0,1,2,2,1,3,2,0,金土土水火金,正财|伤官|伤官|七杀|比肩|偏财
2013-01,FIDE official January 2013 standard rating list,http://ratings.fide.com/download/standard_jan13frl.zip,standard_jan13frl.txt,13600702,"Gelashvili, Tamaz",GM,,,GEO,M,2566,0,10,1978.0,True,,340,336,13600702,1978-04-08,wikidata_exact_year_agrees,north,resolved_unique_birthplace,Q2566001,Q130229,Georgian SSR,41.7167,44.7833,,,True,,M,317,-0.5676242361154892,0.368,1978-04-08,34.735826197663194,valid_pre_snapshot,戊午,丙辰,庚子,戊,午,丙,辰,庚,子,金,0,2,2,1,1,2,1,2,土火火土金水,偏印|正官|七杀|偏印|比肩|伤官
2013-01,FIDE official January 2013 standard rating list,http://ratings.fide.com/download/standard_jan13frl.zip,standard_jan13frl.txt,4201809,"Halkias, Stelios",GM,,,GRE,M,2566,5,10,1980.0,True,,340,336,4201809,1980-04-11,wikidata_exact_year_agrees,north,resolved_unique_birthplace,Q3657764,Q17151,Thessaloniki,40.64027778,22.93555556,,,True,,M,317,-0.5676242361154892,0.368,1980-04-11,32.726202454533635,valid_pre_snapshot,庚申,庚辰,甲寅,庚,申,庚,辰,甲,寅,木,2,0,1,3,0,3,0,0,金金金土木木,七杀|七杀|七杀|偏财|比肩|比肩
2013-01,FIDE official January 2013 standard rating list,http://ratings.fide.com/download/standard_jan13frl.zip,standard_jan13frl.txt,1400266,"Hansen, Sune Berg",GM,,,DEN,M,2566,0,10,1971.0,True,,340,336,1400266,1971-04-21,wikidata_exact_year_agrees,north,resolved_unique_birthplace,Q724807,Q3255441,Gentofte,55.7517,12.5508,,,True,,M,317,-0.5676242361154892,0.368,1971-04-21,41.70106162344196,valid_pre_snapshot,辛亥,壬辰,丙子,辛,亥,壬,辰,丙,子,火,0,1,1,1,3,4,0,0,金水水土火水,正财|七杀|七杀|食神|比肩|正官
2013-01,FIDE official January 2013 standard rating list,http://ratings.fide.com/download/standard_jan13frl.zip,standard_jan13frl.txt,2210622,"Perez Candelario, Manuel",GM,,,ESP,M,2566,9,10,1983.0,True,,340,336,2210622,1983-05-25,wikidata_exact_year_agrees,north,resolved_unique_birthplace,Q9028061,Q140203,Zafra,38.4258642,-6.4162027,,,True,,M,317,-0.5676242361154892,0.368,1983-05-25,29.607726373573723,valid_pre_snapshot,癸亥,丁巳,癸丑,癸,亥,丁,巳,癸,丑,水,0,2,1,0,3,3,0,0,水水火火水土,比肩|劫财|偏财|正财|比肩|七杀
2013-01,FIDE official January 2013 standard rating list,http://ratings.fide.com/download/standard_jan13frl.zip,standard_jan13frl.txt,1000012,"Timman, Jan H",GM,,,NED,M,2566,1,10,1951.0,True,,340,336,1000012,1951-12-14,wikidata_exact_year_agrees,north,resolved_unique_birthplace,Q139438,Q727,Amsterdam,52.36666667,4.88333333,,,True,,M,317,-0.5676242361154892,0.368,1951-12-14,61.05258834883673,valid_pre_snapshot,辛卯,庚子,戊子,辛,卯,庚,子,戊,子,土,1,0,1,2,2,4,1,0,金木金水土水,伤官|正官|食神|正财|比肩|正财
2013-01,FIDE official January 2013 standard rating list,http://ratings.fide.com/download/standard_jan13frl.zip,standard_jan13frl.txt,3503054,"Vazquez Igarza, Renier",GM,,,ESP,M,2566,0,10,1979.0,True,,340,336,3503054,1979-01-08,wikidata_exact_year_agrees,north,resolved_unique_birthplace,Q2357275,Q241,Cuba,22.0,-79.5,,,True,,M,317,-0.5676242361154892,0.368,1979-01-08,33.98290177074136,valid_pre_snapshot,戊午,乙丑,乙亥,戊,午,乙,丑,乙,亥,木,2,1,2,0,1,1,0,0,土火木土木水,正财|食神|比肩|偏财|比肩|正印
2013-01,FIDE official January 2013 standard rating list,http://ratings.fide.com/download/standard_jan13frl.zip,standard_jan13frl.txt,14102811,"Borovikov, Vladislav",GM,,,UKR,M,2565,0,10,1973.0,True,,346,342,14102811,1973-08-10,wikidata_exact_year_agrees,north,resolved_unique_birthplace,Q2191571,Q48256,Dnipro,48.4675,35.04,,,True,,M,323,-0.583967899465711,0.356,1973-08-10,39.39574392355764,valid_pre_snapshot,癸丑,庚申,戊寅,癸,丑,庚,申,戊,寅,土,1,0,2,2,1,3,0,0,水土金金土木,正财|劫财|食神|食神|比肩|七杀
2013-01,FIDE official January 2013 standard rating list,http://ratings.fide.com/download/standard_jan13frl.zip,standard_jan13frl.txt,4105109,"Burmakin, Vladimir",GM,,,RUS,M,2565,9,10,1967.0,True,,346,342,4105109,1967-06-06,wikidata_exact_year_agrees,north,resolved_unique_birthplace,Q489109,Q1763,Murmansk,68.96666667,33.08333333,,,True,,M,323,-0.583967899465711,0.356,1967-06-06,45.5752000383307,valid_pre_snapshot,丁未,丙午,辛丑,丁,未,丙,午,辛,丑,金,0,3,2,1,0,1,0,2,火土火火金土,七杀|偏印|正官|七杀|比肩|偏印
2013-01,FIDE official January 2013 standard rating list,http://ratings.fide.com/download/standard_jan13frl.zip,standard_jan13frl.txt,2804140,"Golod, Vitali",GM,,FST,ISR,M,2565,0,10,1971.0,True,,346,342,2804140,1971-06-23,wikidata_exact_year_agrees,north,resolved_unique_birthplace,Q1561350,Q36036,Lviv,49.838055;49.841952,24.023055;24.0315921,,,True,,M,323,-0.583967899465711,0.356,1971-06-23,41.52857348200168,valid_pre_snapshot,辛亥,甲午,己卯,辛,亥,甲,午,己,卯,土,2,1,1,1,1,2,0,1,金水木火土木,食神|正财|正官|偏印|比肩|七杀
2013-01,FIDE official January 2013 standard rating list,http://ratings.fide.com/download/standard_jan13frl.zip,standard_jan13frl.txt,620084,"Cornette, Matthieu",GM,,,FRA,M,2564,4,10,1985.0,True,,350,346,620084,1985-09-04,wikidata_exact_year_agrees,north,resolved_unique_birthplace,Q3299882,Q192438,Bègles,44.80777778,-0.54888889,,,True,,M,326,-0.6003115628159329,0.35,1985-09-04,27.32704983675229,valid_pre_snapshot,乙丑,甲申,丙午,乙,丑,甲,申,丙,午,火,2,2,1,1,0,1,1,1,木土木金火火,正印|伤官|偏印|偏财|比肩|劫财
2013-01,FIDE official January 2013 standard rating list,http://ratings.fide.com/download/standard_jan13frl.zip,standard_jan13frl.txt,2901188,"Petkov, Vladimir",GM,,,BUL,M,2564,8,10,1971.0,True,,350,346,2901188,1971-01-26,wikidata_exact_year_agrees,north,resolved_unique_birthplace,Q937480,Q178531,Vidin,43.98869,22.874058,,,True,,M,326,-0.6003115628159329,0.35,1971-01-26,41.93378371903598,valid_pre_snapshot,庚戌,己丑,辛亥,庚,戌,己,丑,辛,亥,金,0,0,3,2,1,3,1,2,金土土土金水,劫财|正印|偏印|偏印|比肩|伤官
2013-01,FIDE official January 2013 standard rating list,http://ratings.fide.com/download/standard_jan13frl.zip,standard_jan13frl.txt,4151976,"Frolyanov, Dmitry",GM,,,RUS,M,2563,9,10,1986.0,True,,353,349,4151976,1986-05-20,wikidata_exact_year_agrees,north,resolved_unique_birthplace,Q4493006,Q1341,Tolyatti,53.51666667,49.41666667,,,True,,M,328,-0.6166552261661549,0.346,1986-05-20,26.62066982894926,valid_pre_snapshot,丙寅,癸巳,甲子,丙,寅,癸,巳,甲,子,木,2,2,0,0,2,2,0,0,火木水火木水,食神|比肩|正印|食神|比肩|正印
2013-01,FIDE official January 2013 standard rating list,http://ratings.fide.com/download/standard_jan13frl.zip,standard_jan13frl.txt,13700278,"Kotsur, Pavel",GM,,FA,KAZ,M,2563,4,10,1974.0,True,,353,349,13700278,1974-01-03,wikidata_exact_year_agrees,north,resolved_unique_birthplace,Q115303,Q1520,Astana,51.13333333,71.43333333,,,True,,M,328,-0.6166552261661549,0.346,1974-01-03,38.99600950053731,valid_pre_snapshot,癸丑,甲子,甲辰,癸,丑,甲,子,甲,辰,木,2,0,2,0,2,2,0,0,水土木水木土,正印|正财|比肩|正印|比肩|偏财
2013-01,FIDE official January 2013 standard rating list,http://ratings.fide.com/download/standard_jan13frl.zip,standard_jan13frl.txt,14100037,"Novikov, Igor A",GM,,,USA,M,2563,0,10,1962.0,True,,353,349,14100037,1962-05-23,wikidata_exact_year_agrees,north,resolved_unique_birthplace,Q1950207,Q42308,Kharkiv,49.9925,36.23111111,,,True,,M,328,-0.6166552261661549,0.346,1962-05-23,50.61294893118955,valid_pre_snapshot,壬寅,乙巳,辛酉,壬,寅,乙,巳,辛,酉,金,2,1,0,2,1,3,1,0,水木木火金金,伤官|正财|偏财|正官|比肩|比肩
2013-01,FIDE official January 2013 standard rating list,http://ratings.fide.com/download/standard_jan13frl.zip,standard_jan13frl.txt,726265,"Prohaszka, Peter",GM,,,HUN,M,2563,9,10,1992.0,True,,353,349,726265,1992-01-13,wikidata_exact_year_agrees,north,resolved_unique_birthplace,Q382615,Q207408,Vác,47.77527778,19.13111111,,,True,,M,328,-0.6166552261661549,0.346,1992-01-13,20.969629766524974,valid_pre_snapshot,辛未,辛丑,戊子,辛,未,辛,丑,戊,子,土,0,0,3,2,1,3,2,0,金土金土土水,伤官|劫财|伤官|劫财|比肩|正财
2013-01,FIDE official January 2013 standard rating list,http://ratings.fide.com/download/standard_jan13frl.zip,standard_jan13frl.txt,13500520,"Shulman, Yury",GM,,,USA,M,2563,0,10,1975.0,True,,353,349,13500520,1975-04-29,wikidata_exact_year_agrees,north,resolved_unique_birthplace,Q1376801,Q2280,Minsk,53.902246,27.561837,,,True,,M,328,-0.6166552261661549,0.346,1975-04-29,37.679076230175845,valid_pre_snapshot,乙卯,庚辰,乙巳,乙,卯,庚,辰,乙,巳,木,3,1,1,1,0,1,1,0,木木金土木火,比肩|比肩|正官|正财|比肩|伤官
2013-01,FIDE official January 2013 standard rating list,http://ratings.fide.com/download/standard_jan13frl.zip,standard_jan13frl.txt,627089,"Sokolov, Andrei",GM,,,FRA,M,2563,0,10,1963.0,True,,353,349,627089,1963-03-20,wikidata_exact_year_agrees,north,resolved_unique_birthplace,Q502570,Q133529,Vorkuta,67.5,64.03333333,,,True,,M,328,-0.6166552261661549,0.346,1963-03-20,49.78883892208601,valid_pre_snapshot,癸卯,乙卯,壬戌,癸,卯,乙,卯,壬,戌,水,3,0,1,0,2,2,3,0,水木木木水土,劫财|伤官|伤官|伤官|比肩|七杀
2013-01,FIDE official January 2013 standard rating list,http://ratings.fide.com/download/standard_jan13frl.zip,standard_jan13frl.txt,4113217,"Yemelin, Vasily",GM,,,RUS,M,2563,0,10,1976.0,True,,353,349,4113217,1976-02-01,wikidata_exact_year_agrees,north,resolved_unique_birthplace,Q1518792,Q656,Saint Petersburg,59.95,30.31666667,,,True,,M,328,-0.6166552261661549,0.346,1976-02-01,36.91793808223304,valid_pre_snapshot,乙卯,己丑,癸未,乙,卯,己,丑,癸,未,水,2,0,3,0,1,1,0,0,木木土土水土,食神|食神|七杀|七杀|比肩|七杀
2013-01,FIDE official January 2013 standard rating list,http://ratings.fide.com/download/standard_jan13frl.zip,standard_jan13frl.txt,4692055,"Bogner, Sebastian",GM,,,GER,M,2562,0,10,1991.0,True,,360,356,4692055,1991-01-17,wikidata_exact_year_agrees,north,resolved_unique_birthplace,Q96871,Q3046,Pforzheim,48.89;48.8908846;48.89154,8.7029532;8.71083;8.7156,,,True,,M,335,-0.6329988895163767,0.332,1991-01-17,21.95801419604783,valid_pre_snapshot,庚午,己丑,丁亥,庚,午,己,丑,丁,亥,火,0,2,2,1,1,2,0,0,金火土土火水,正财|比肩|食神|食神|比肩|正官
2013-01,FIDE official January 2013 standard rating list,http://ratings.fide.com/download/standard_jan13frl.zip,standard_jan13frl.txt,900125,"Damljanovic, Branko",GM,,,SRB,M,2562,9,10,1961.0,True,,360,356,900125,1961-06-17,wikidata_exact_year_agrees,north,resolved_unique_birthplace,Q898663,Q55630,Novi Sad,45.26444444,19.83166667,,,True,,M,335,-0.6329988895163767,0.332,1961-06-17,51.543837313565646,valid_pre_snapshot,辛丑,甲午,辛巳,辛,丑,甲,午,辛,巳,金,1,2,1,2,0,2,0,1,金土木火金火,比肩|偏印|正财|七杀|比肩|正官
2013-01,FIDE official January 2013 standard rating list,http://ratings.fide.com/download/standard_jan13frl.zip,standard_jan13frl.txt,922900,"Sedlak, Nikola",GM,,,SRB,M,2562,16,10,1983.0,True,,360,356,922900,1983-12-13,wikidata_exact_year_agrees,north,resolved_unique_birthplace,Q3656357,Q170287,Subotica,46.1002058,19.6653273,,,True,,M,335,-0.6329988895163767,0.332,1983-12-13,29.05466915816204,valid_pre_snapshot,癸亥,甲子,乙亥,癸,亥,甲,子,乙,亥,木,2,0,0,0,4,4,0,2,水水木水木水,偏印|正印|劫财|偏印|比肩|正印
2013-01,FIDE official January 2013 standard rating list,http://ratings.fide.com/download/standard_jan13frl.zip,standard_jan13frl.txt,4119932,"Rychagov, Andrey",GM,,,RUS,M,2561,0,10,1979.0,True,,363,359,4119932,1979-08-03,wikidata_exact_year_agrees,north,multiple_birthplaces_same_hemisphere,Q4402150,Q102217;Q649,Moscow;Vitebsk,55.18333333;55.75055556,30.16666667;37.6175,,,True,,M,338,-0.6493425528665986,0.326,1979-08-03,33.41615502029474,valid_pre_snapshot,己未,辛未,壬寅,己,未,辛,未,壬,寅,水,1,0,3,1,1,2,0,0,土土金土水木,正官|正官|正印|正官|比肩|食神
2013-01,FIDE official January 2013 standard rating list,http://ratings.fide.com/download/standard_jan13frl.zip,standard_jan13frl.txt,700010,"Ribli, Zoltan",GM,,"IA,FST",HUN,M,2560,9,10,1951.0,True,,364,360,700010,1951-09-06,wikidata_exact_year_agrees,north,resolved_unique_birthplace,Q219019,Q320798,Mohács,45.99583333,18.67972222,,,True,,M,339,-0.6656862162168206,0.324,1951-09-06,61.323641142528594,valid_pre_snapshot,辛卯,丙申,己酉,辛,卯,丙,申,己,酉,土,1,1,1,3,0,3,1,0,金木火金土金,食神|七杀|正印|伤官|比肩|食神
2013-01,FIDE official January 2013 standard rating list,http://ratings.fide.com/download/standard_jan13frl.zip,standard_jan13frl.txt,2300117,"Steingrimsson, Hedinn",GM,,"FST,FT",ISL,M,2560,0,10,1975.0,True,,364,360,2300117,1975-01-11,wikidata_exact_year_agrees,north,resolved_unique_birthplace,Q4497063,Q1764,Reykjavík,64.1475,-21.935,,,True,,M,339,-0.6656862162168206,0.324,1975-01-11,37.9747701869306,valid_pre_snapshot,甲寅,丁丑,丁巳,甲,寅,丁,丑,丁,巳,火,2,3,1,0,0,0,0,0,木木火土火火,正印|正印|比肩|食神|比肩|劫财
2013-01,FIDE official January 2013 standard rating list,http://ratings.fide.com/download/standard_jan13frl.zip,standard_jan13frl.txt,605590,"Fontaine, Robert",GM,,,FRA,M,2559,0,10,1980.0,True,,368,364,605590,1980-11-18,wikidata_exact_year_agrees,north,resolved_unique_birthplace,Q504254,Q193929,Suresnes,48.87111111,2.22694444,,,True,,M,341,-0.6820298795670424,0.32,1980-11-18,32.12112500598917,valid_pre_snapshot,庚申,丁亥,乙未,庚,申,丁,亥,乙,未,木,1,1,1,2,1,3,0,0,金金火水木土,正官|正官|食神|正印|比肩|偏财
2013-01,FIDE official January 2013 standard rating list,http://ratings.fide.com/download/standard_jan13frl.zip,standard_jan13frl.txt,8600678,"Li, Shilong",GM,,,CHN,M,2559,4,10,1977.0,True,,368,364,8600678,1977-08-10,wikidata_exact_year_agrees,north,resolved_unique_birthplace,Q523096,Q16572,Guangzhou,23.13,113.26,,,True,,M,341,-0.6820298795670424,0.32,1977-08-10,35.395661786347425,valid_pre_snapshot,丁巳,戊申,己亥,丁,巳,戊,申,己,亥,土,0,2,2,1,1,2,1,1,火火土金土水,偏印|正印|劫财|伤官|比肩|正财
2013-01,FIDE official January 2013 standard rating list,http://ratings.fide.com/download/standard_jan13frl.zip,standard_jan13frl.txt,4600193,"Lutz, Christopher",GM,,,GER,M,2559,0,10,1971.0,True,,368,364,4600193,1971-02-24,wikidata_exact_year_agrees,north,resolved_unique_birthplace,Q64754,Q162771,Neukirchen-Vluyn,51.44166667,6.55833333,,,True,,M,341,-0.6820298795670424,0.32,1971-02-24,41.85438441583332,valid_pre_snapshot,辛亥,庚寅,庚辰,辛,亥,庚,寅,庚,辰,金,1,0,1,3,1,4,0,1,金水金木金土,劫财|食神|比肩|偏财|比肩|偏印
2013-01,FIDE official January 2013 standard rating list,http://ratings.fide.com/download/standard_jan13frl.zip,standard_jan13frl.txt,8603154,"Ma, Qun",GM,,,CHN,M,2559,4,10,1991.0,True,,368,364,8603154,1991-11-09,wikidata_exact_year_agrees,north,resolved_unique_birthplace,Q16225574,Q170322,Qingdao,36.11666667,120.4,,,True,,M,341,-0.6820298795670424,0.32,1991-11-09,21.147593721979234,valid_pre_snapshot,辛未,己亥,癸未,辛,未,己,亥,癸,未,水,0,0,3,1,2,3,0,1,金土土水水土,偏印|七杀|七杀|劫财|比肩|七杀
2013-01,FIDE official January 2013 standard rating list,http://ratings.fide.com/download/standard_jan13frl.zip,standard_jan13frl.txt,1122401,"Moranda, Wojciech",GM,,,POL,M,2559,0,10,1988.0,True,,368,364,1122401,1988-08-17,wikidata_exact_year_agrees,north,resolved_unique_birthplace,Q4302345,Q102317,Kielce,50.86620958;50.8725,20.62722919;20.63194444,,,True,,M,341,-0.6820298795670424,0.32,1988-08-17,24.37558608321868,valid_pre_snapshot,戊辰,庚申,甲辰,戊,辰,庚,申,甲,辰,木,1,0,3,2,0,2,0,0,土土金金木土,偏财|偏财|七杀|七杀|比肩|偏财
2013-01,FIDE official January 2013 standard rating list,http://ratings.fide.com/download/standard_jan13frl.zip,standard_jan13frl.txt,5018471,"Adhiban, B.",GM,,,IND,M,2558,22,10,1992.0,True,,374,370,5018471,1992-08-15,wikidata_exact_year_agrees,north,resolved_unique_birthplace,Q795182,Q339986,Mayiladuthurai,11.10194444,79.65,,,True,,M,346,-0.6983735429172643,0.31,1992-08-15,20.38097976002245,valid_pre_snapshot,壬申,戊申,癸亥,壬,申,戊,申,癸,亥,水,0,0,1,2,3,5,0,0,水金土金水水,劫财|正印|正官|正印|比肩|劫财
2013-01,FIDE official January 2013 standard rating list,http://ratings.fide.com/download/standard_jan13frl.zip,standard_jan13frl.txt,4139275,"Evdokimov, Alexander A.",GM,,,RUS,M,2558,0,10,1985.0,True,,374,370,4139275,1985-10-28,wikidata_exact_year_agrees,north,resolved_unique_birthplace,Q4172904,Q3927,Astrakhan,46.35,48.035,,,True,,M,346,-0.6983735429172643,0.31,1985-10-28,27.179202858374914,valid_pre_snapshot,乙丑,丙戌,庚子,乙,丑,丙,戌,庚,子,金,1,1,2,1,1,2,1,1,木土火土金水,正财|正印|七杀|偏印|比肩|伤官
2013-01,FIDE official January 2013 standard rating list,http://ratings.fide.com/download/standard_jan13frl.zip,standard_jan13frl.txt,1105680,"Markowski, Tomasz",GM,,,POL,M,2558,0,10,1975.0,True,,374,370,1105680,1975-07-30,wikidata_exact_year_agrees,north,resolved_unique_birthplace,Q724051,Q66013,Głogów,51.65888889,16.08027778,,,True,,M,346,-0.6983735429172643,0.31,1975-07-30,37.4271887855329,valid_pre_snapshot,乙卯,癸未,丁丑,乙,卯,癸,未,丁,丑,火,2,1,2,0,1,1,0,2,木木水土火土,偏印|偏印|七杀|食神|比肩|食神
2013-01,FIDE official January 2013 standard rating list,http://ratings.fide.com/download/standard_jan13frl.zip,standard_jan13frl.txt,1110381,"Mista, Aleksander",GM,,FT,POL,M,2558,9,10,1983.0,True,,374,370,1110381,1983-01-07,wikidata_exact_year_agrees,north,resolved_unique_birthplace,Q2640811,Q731079,Myszków,50.5752,19.32461,,,True,,M,346,-0.6983735429172643,0.31,1983-01-07,29.98555754053813,valid_pre_snapshot,壬戌,癸丑,乙未,壬,戌,癸,丑,乙,未,木,1,0,3,0,2,2,0,1,水土水土木土,正印|正财|偏印|偏财|比肩|偏财
2013-01,FIDE official January 2013 standard rating list,http://ratings.fide.com/download/standard_jan13frl.zip,standard_jan13frl.txt,1124668,"Tomczak, Jacek",GM,,,POL,M,2558,0,10,1990.0,True,,374,370,1124668,1990-03-05,wikidata_exact_year_agrees,north,resolved_unique_birthplace,Q195296,Q387260,Śrem,52.08861111,17.015,,,True,,M,346,-0.6983735429172643,0.31,1990-03-05,22.828668624270176,valid_pre_snapshot,庚午,戊寅,己巳,庚,午,戊,寅,己,巳,土,1,2,2,1,0,1,1,1,金火土木土火,伤官|偏印|劫财|正官|比肩|正印
2013-01,FIDE official January 2013 standard rating list,http://ratings.fide.com/download/standard_jan13frl.zip,standard_jan13frl.txt,1111078,"Antoniewski, Rafal",GM,,,POL,M,2557,0,10,1980.0,True,,379,375,1111078,1980-12-03,wikidata_exact_year_agrees,north,resolved_unique_birthplace,Q964449,Q106583,Bielsko-Biała,49.8225,19.04444444,,,True,,M,351,-0.7147172062674862,0.3,1980-12-03,32.080056400884345,valid_pre_snapshot,庚申,丁亥,庚戌,庚,申,丁,亥,庚,戌,金,0,1,1,3,1,4,0,1,金金火水金土,比肩|比肩|正官|食神|比肩|偏印
2013-01,FIDE official January 2013 standard rating list,http://ratings.fide.com/download/standard_jan13frl.zip,standard_jan13frl.txt,4101332,"Gleizerov, Evgeny",GM,,,RUS,M,2557,0,10,1963.0,True,,379,375,4101332,1963-03-20,wikidata_exact_year_agrees,north,resolved_unique_birthplace,Q2587450,Q2801,Bryansk,53.2425,34.36666667,,,True,,M,351,-0.7147172062674862,0.3,1963-03-20,49.78883892208601,valid_pre_snapshot,癸卯,乙卯,壬戌,癸,卯,乙,卯,壬,戌,水,3,0,1,0,2,2,3,0,水木木木水土,劫财|伤官|伤官|伤官|比肩|七杀
2013-01,FIDE official January 2013 standard rating list,http://ratings.fide.com/download/standard_jan13frl.zip,standard_jan13frl.txt,14506661,"Kuljasevic, Davorin",GM,,,CRO,M,2557,9,10,1986.0,True,,379,375,14506661,1986-10-22,wikidata_exact_year_agrees,north,resolved_unique_birthplace,Q4246824,Q1435,Zagreb,45.81305556,15.97722222,,,True,,M,351,-0.7147172062674862,0.3,1986-10-22,26.19629424286604,valid_pre_snapshot,丙寅,戊戌,己亥,丙,寅,戊,戌,己,亥,土,1,1,3,0,1,1,0,0,火木土土土水,正印|正官|劫财|劫财|比肩|正财
2013-01,FIDE official January 2013 standard rating list,http://ratings.fide.com/download/standard_jan13frl.zip,standard_jan13frl.txt,14600986,"Pavasovic, Dusko",GM,,,SLO,M,2557,8,10,1976.0,True,,379,375,14600986,1976-10-15,wikidata_exact_year_agrees,north,resolved_unique_birthplace,Q1268259,Q1663,Split,43.51,16.44,,,True,,M,351,-0.7147172062674862,0.3,1976-10-15,36.21429598143699,valid_pre_snapshot,丙辰,戊戌,庚子,丙,辰,戊,戌,庚,子,金,0,1,3,1,1,2,1,3,火土土土金水,七杀|偏印|偏印|偏印|比肩|伤官
2013-01,FIDE official January 2013 standard rating list,http://ratings.fide.com/download/standard_jan13frl.zip,standard_jan13frl.txt,403989,"Pert, Nicholas",GM,,,ENG,M,2557,0,10,1981.0,True,,379,375,403989,1981-01-22,wikidata_exact_year_agrees,north,resolved_unique_birthplace,Q4359259,Q184775,Ipswich,52.05944444,1.15555556,,,True,,M,351,-0.7147172062674862,0.3,1981-01-22,31.94316105053492,valid_pre_snapshot,庚申,己丑,庚子,庚,申,己,丑,庚,子,金,0,0,2,3,1,4,1,0,金金土土金水,比肩|比肩|正印|正印|比肩|伤官
2013-01,FIDE official January 2013 standard rating list,http://ratings.fide.com/download/standard_jan13frl.zip,standard_jan13frl.txt,4119410,"Popov, Valerij",GM,,,RUS,M,2557,0,10,1974.0,True,,379,375,4119410,1974-09-10,wikidata_exact_year_agrees,north,resolved_unique_birthplace,Q517854,Q656,Saint Petersburg,59.95,30.31666667,,,True,,M,351,-0.7147172062674862,0.3,1974-09-10,38.311532748790185,valid_pre_snapshot,甲寅,癸酉,甲寅,甲,寅,癸,酉,甲,寅,木,4,0,0,1,1,2,0,0,木木水金木木,比肩|比肩|正印|正官|比肩|比肩
2013-01,FIDE official January 2013 standard rating list,http://ratings.fide.com/download/standard_jan13frl.zip,standard_jan13frl.txt,304760,"Stocek, Jiri",GM,,,CZE,M,2557,0,10,1977.0,True,,379,375,304760,1977-05-10,wikidata_exact_year_agrees,north,resolved_unique_birthplace,Q743690,Q987487,Ostrov,50.306035,12.93915352,,,True,,M,351,-0.7147172062674862,0.3,1977-05-10,35.64754923099037,valid_pre_snapshot,丁巳,乙巳,丁卯,丁,巳,乙,巳,丁,卯,火,2,4,0,0,0,0,0,2,火火木火火木,比肩|劫财|偏印|劫财|比肩|偏印
2013-01,FIDE official January 2013 standard rating list,http://ratings.fide.com/download/standard_jan13frl.zip,standard_jan13frl.txt,14101440,"Berelowitsch, Alexander",GM,,,GER,M,2556,1,10,1967.0,True,,387,383,14101440,1967-07-02,wikidata_exact_year_agrees,north,resolved_unique_birthplace,Q324960,Q42308,Kharkiv,49.9925,36.23111111,,,True,,M,358,-0.7310608696177081,0.286,1967-07-02,45.504014456148994,valid_pre_snapshot,丁未,丙午,丁卯,丁,未,丙,午,丁,卯,火,1,4,1,0,0,0,0,1,火土火火火木,比肩|食神|劫财|比肩|比肩|偏印
2013-01,FIDE official January 2013 standard rating list,http://ratings.fide.com/download/standard_jan13frl.zip,standard_jan13frl.txt,4663527,"Braun, Arik",GM,,,GER,M,2556,0,10,1988.0,True,,387,383,4663527,1988-02-08,wikidata_exact_year_agrees,north,resolved_unique_birthplace,Q85170,Q522443,Aresing,48.53333333,11.3,,,True,,M,358,-0.7310608696177081,0.286,1988-02-08,24.898526321553486,valid_pre_snapshot,戊辰,甲寅,癸巳,戊,辰,甲,寅,癸,巳,水,2,1,2,0,1,1,2,0,土土木木水火,正官|正官|伤官|伤官|比肩|正财
2013-01,FIDE official January 2013 standard rating list,http://ratings.fide.com/download/standard_jan13frl.zip,standard_jan13frl.txt,1004689,"Ernst, Sipke",GM,,,NED,M,2556,1,10,1979.0,True,,387,383,1004689,1979-01-08,wikidata_exact_year_agrees,north,resolved_unique_birthplace,Q738658,Q2272796,Damwâld,53.2886,5.9953,,,True,,M,358,-0.7310608696177081,0.286,1979-01-08,33.98290177074136,valid_pre_snapshot,戊午,乙丑,乙亥,戊,午,乙,丑,乙,亥,木,2,1,2,0,1,1,0,0,土火木土木水,正财|食神|比肩|偏财|比肩|正印
2013-01,FIDE official January 2013 standard rating list,http://ratings.fide.com/download/standard_jan13frl.zip,standard_jan13frl.txt,4634527,"Handke, Florian",GM,,,GER,M,2556,0,10,1982.0,True,,387,383,4634527,1982-03-22,wikidata_exact_year_agrees,north,resolved_unique_birthplace,Q84620,Q365,Cologne,50.94222222,6.95777778,,,True,,M,358,-0.7310608696177081,0.286,1982-03-22,30.78228847957179,valid_pre_snapshot,壬戌,癸卯,甲辰,壬,戌,癸,卯,甲,辰,木,2,0,2,0,2,2,0,1,水土水木木土,偏印|偏财|正印|劫财|比肩|偏财
2013-01,FIDE official January 2013 standard rating list,http://ratings.fide.com/download/standard_jan13frl.zip,standard_jan13frl.txt,13602071,"Pantsulaia, Levan",GM,,,GEO,M,2556,0,10,1986.0,True,,387,383,13602071,1986-02-26,wikidata_exact_year_agrees,north,resolved_unique_birthplace,Q359802,Q994,Tbilisi,41.7225,44.7925,,,True,,M,358,-0.7310608696177081,0.286,1986-02-26,26.847916110529304,valid_pre_snapshot,丙寅,庚寅,辛丑,丙,寅,庚,寅,辛,丑,金,2,1,1,2,0,2,0,1,火木金木金土,正官|正财|劫财|正财|比肩|偏印
2013-01,FIDE official January 2013 standard rating list,http://ratings.fide.com/download/standard_jan13frl.zip,standard_jan13frl.txt,5021596,"Sethuraman, S.P.",GM,,,IND,M,2556,22,10,1993.0,True,,387,383,5021596,1993-02-25,wikidata_exact_year_agrees,north,resolved_unique_birthplace,Q11802586,Q1352,Chennai,13.0825,80.275,,,True,,M,358,-0.7310608696177081,0.286,1993-02-25,19.84982580066668,valid_pre_snapshot,癸酉,甲寅,丁丑,癸,酉,甲,寅,丁,丑,火,2,1,1,1,1,2,0,0,水金木木火土,七杀|偏财|正印|正印|比肩|食神
2013-01,FIDE official January 2013 standard rating list,http://ratings.fide.com/download/standard_jan13frl.zip,standard_jan13frl.txt,8603090,"Yu, Ruiyuan",GM,,FT,CHN,M,2556,4,10,1991.0,True,,387,383,8603090,1991-09-13,wikidata_exact_year_agrees,north,resolved_unique_birthplace,Q16225701,Q15175,Guangdong,23.4,113.5,,,True,,M,358,-0.7310608696177081,0.286,1991-09-13,21.303654421377576,valid_pre_snapshot,辛未,丁酉,丙戌,辛,未,丁,酉,丙,戌,火,0,2,2,2,0,2,1,0,金土火金火土,正财|伤官|劫财|正财|比肩|食神
2013-01,FIDE official January 2013 standard rating list,http://ratings.fide.com/download/standard_jan13frl.zip,standard_jan13frl.txt,1500015,"Agdestein, Simen",GM,,,NOR,M,2555,0,10,1967.0,True,,395,391,1500015,1967-05-15,wikidata_exact_year_agrees,north,resolved_unique_birthplace,Q381121,Q80593157,Asker,59.7,10.5,,,True,,M,365,-0.74740453296793,0.272,1967-05-15,45.63543399248445,valid_pre_snapshot,丁未,乙巳,己卯,丁,未,乙,巳,己,卯,土,2,2,2,0,0,0,0,1,火土木火土木,偏印|比肩|七杀|正印|比肩|七杀
2013-01,FIDE official January 2013 standard rating list,http://ratings.fide.com/download/standard_jan13frl.zip,standard_jan13frl.txt,4102878,"Ibragimov, Ildar",GM,,,USA,M,2555,0,10,1967.0,True,,395,391,4102878,1967-08-16,wikidata_exact_year_agrees,north,resolved_unique_birthplace,Q2076172,Q900,Kazan,55.79083333,49.11444444,,,True,,M,365,-0.74740453296793,0.272,1967-08-16,45.38080864083452,valid_pre_snapshot,丁未,戊申,壬子,丁,未,戊,申,壬,子,水,0,1,2,1,2,3,0,1,火土土金水水,正财|正官|七杀|偏印|比肩|劫财
2013-01,FIDE official January 2013 standard rating list,http://ratings.fide.com/download/standard_jan13frl.zip,standard_jan13frl.txt,1122452,"Tazbir, Marcin",IM,,,POL,M,2555,0,10,1988.0,True,,395,391,1122452,1988-08-22,wikidata_exact_year_agrees,north,resolved_unique_birthplace,Q11767833,Q158004,Piotrków Trybunalski,51.4,19.68333333,,,True,,M,365,-0.74740453296793,0.272,1988-08-22,24.36189654818374,valid_pre_snapshot,戊辰,庚申,己酉,戊,辰,庚,申,己,酉,土,0,0,3,3,0,3,2,0,土土金金土金,劫财|劫财|伤官|伤官|比肩|食神
2013-01,FIDE official January 2013 standard rating list,http://ratings.fide.com/download/standard_jan13frl.zip,standard_jan13frl.txt,3501728,"Becerra Rivero, Julio",GM,,,USA,M,2554,0,10,1973.0,True,,399,394,3501728,1973-10-15,wikidata_exact_year_agrees,north,resolved_unique_birthplace,Q3774349,Q1563,Havana,23.13666667,-82.35888889,,,True,,M,368,-0.7637481963181519,0.266,1973-10-15,39.2150420610964,valid_pre_snapshot,癸丑,壬戌,甲申,癸,丑,壬,戌,甲,申,木,1,0,2,1,2,3,0,1,水土水土木金,正印|正财|偏印|偏财|比肩|七杀
2013-01,FIDE official January 2013 standard rating list,http://ratings.fide.com/download/standard_jan13frl.zip,standard_jan13frl.txt,4174003,"Belous, Vladimir",IM,,,RUS,M,2554,0,10,1993.0,True,,399,394,4174003,1993-07-29,wikidata_exact_year_agrees,north,resolved_unique_birthplace,Q4082822,Q4275320,Makarykha,48.81805556,32.80888889,,,True,,M,368,-0.7637481963181519,0.266,1993-07-29,19.42818812159045,valid_pre_snapshot,癸酉,己未,辛亥,癸,酉,己,未,辛,亥,金,0,0,2,2,2,4,1,2,水金土土金水,食神|比肩|偏印|偏印|比肩|伤官
2013-01,FIDE official January 2013 standard rating list,http://ratings.fide.com/download/standard_jan13frl.zip,standard_jan13frl.txt,1106880,"Bobras, Piotr",GM,,,POL,M,2554,0,10,1977.0,True,,399,394,1106880,1977-09-09,wikidata_exact_year_agrees,north,resolved_unique_birthplace,Q357696,Q761,Białystok,53.13235582,23.16867245,,,True,,M,368,-0.7637481963181519,0.266,1977-09-09,35.31352457613777,valid_pre_snapshot,丁巳,己酉,己巳,丁,巳,己,酉,己,巳,土,0,3,2,1,0,1,0,1,火火土金土火,偏印|正印|比肩|食神|比肩|正印
2013-01,FIDE official January 2013 standard rating list,http://ratings.fide.com/download/standard_jan13frl.zip,standard_jan13frl.txt,14500086,"Cvitan, Ognjen",GM,,FT,CRO,M,2554,10,10,1961.0,True,,399,394,14500086,1961-10-10,wikidata_exact_year_agrees,north,resolved_unique_birthplace,Q1999428,Q3549,Šibenik,43.73388889,15.89555556,,,True,,M,368,-0.7637481963181519,0.266,1961-10-10,51.22897800776197,valid_pre_snapshot,辛丑,戊戌,丙子,辛,丑,戊,戌,丙,子,火,0,1,3,1,1,2,1,0,金土土土火水,正财|伤官|食神|食神|比肩|正官
2013-01,FIDE official January 2013 standard rating list,http://ratings.fide.com/download/standard_jan13frl.zip,standard_jan13frl.txt,14200236,"Dzhumaev, Marat",GM,,,UZB,M,2554,28,10,1976.0,True,,399,394,14200236,1976-01-12,wikidata_exact_year_agrees,north,resolved_unique_birthplace,Q2339541,Q5753,Samarkand,39.65472222,66.97583333,,,True,,M,368,-0.7637481963181519,0.266,1976-01-12,36.9726962223728,valid_pre_snapshot,乙卯,己丑,癸亥,乙,卯,己,丑,癸,亥,水,2,0,2,0,2,2,0,0,木木土土水水,食神|食神|七杀|七杀|比肩|劫财
2013-01,FIDE official January 2013 standard rating list,http://ratings.fide.com/download/standard_jan13frl.zip,standard_jan13frl.txt,1200020,"Marin, Mihail",GM,,,ROU,M,2553,11,10,1965.0,True,,405,399,1200020,1965-04-21,wikidata_exact_year_agrees,north,resolved_unique_birthplace,Q576461,Q19660,Bucharest,44.41336111,26.09777778,,,True,,M,373,-0.7800918596683738,0.256,1965-04-21,47.69981587575378,valid_pre_snapshot,乙巳,庚辰,乙巳,乙,巳,庚,辰,乙,巳,木,2,2,1,1,0,1,2,0,木火金土木火,比肩|伤官|正官|正财|比肩|伤官
2013-01,FIDE official January 2013 standard rating list,http://ratings.fide.com/download/standard_jan13frl.zip,standard_jan13frl.txt,2270544,"Alonso Rosell, Alvar",GM,,,ESP,M,2552,0,10,1992.0,True,,406,400,2270544,1992-09-13,wikidata_exact_year_agrees,north,resolved_unique_birthplace,Q5692687,Q6839,Figueres,42.26666667,2.95,,,True,,M,374,-0.7964355230185957,0.254,1992-09-13,20.301580456819785,valid_pre_snapshot,壬申,己酉,壬辰,壬,申,己,酉,壬,辰,水,0,0,2,2,2,4,0,1,水金土金水土,比肩|偏印|正官|正印|比肩|七杀
2013-01,FIDE official January 2013 standard rating list,http://ratings.fide.com/download/standard_jan13frl.zip,standard_jan13frl.txt,14603152,"Borisek, Jure",GM,,,SLO,M,2552,13,10,1986.0,True,,406,400,14603152,1986-07-27,wikidata_exact_year_agrees,north,resolved_unique_birthplace,Q4094089,Q15853,Šempeter pri Gorici,45.928333,13.637778,,,True,,M,374,-0.7964355230185957,0.254,1986-07-27,26.43449215247404,valid_pre_snapshot,丙寅,乙未,壬申,丙,寅,乙,未,壬,申,水,2,1,1,1,1,2,1,1,火木木土水金,偏财|食神|伤官|正官|比肩|偏印
2013-01,FIDE official January 2013 standard rating list,http://ratings.fide.com/download/standard_jan13frl.zip,standard_jan13frl.txt,2900440,"Chatalbashev, Boris",GM,,,BUL,M,2552,0,10,1974.0,True,,406,400,2900440,1974-01-30,wikidata_exact_year_agrees,north,resolved_unique_birthplace,Q2605559,Q165420,Pleven,43.413188,24.616916,,,True,,M,374,-0.7964355230185957,0.254,1974-01-30,38.92208601134863,valid_pre_snapshot,癸丑,乙丑,辛未,癸,丑,乙,丑,辛,未,金,1,0,3,1,1,2,0,3,水土木土金土,食神|偏印|偏财|偏印|比肩|偏印
2013-01,FIDE official January 2013 standard rating list,http://ratings.fide.com/download/standard_jan13frl.zip,standard_jan13frl.txt,4153251,"Panarin, Mikhail",GM,,,RUS,M,2552,9,10,1983.0,True,,406,400,4153251,1983-08-04,wikidata_exact_year_agrees,north,resolved_unique_birthplace,Q15077612,Q908,Rostov-on-Don,47.2225,39.71,,,True,,M,374,-0.7964355230185957,0.254,1983-08-04,29.413334976077536,valid_pre_snapshot,癸亥,己未,甲子,癸,亥,己,未,甲,子,木,1,0,2,0,3,3,0,1,水水土土木水,正印|偏印|正财|正财|比肩|正印
2013-01,FIDE official January 2013 standard rating list,http://ratings.fide.com/download/standard_jan13frl.zip,standard_jan13frl.txt,4122232,"Shaposhnikov, Evgeny",GM,,,RUS,M,2552,4,10,1981.0,True,,406,400,4122232,1981-06-01,wikidata_exact_year_agrees,north,resolved_unique_birthplace,Q174426,Q5332,Saratov,51.53,46.035,,,True,,M,374,-0.7964355230185957,0.254,1981-06-01,31.587233139626413,valid_pre_snapshot,辛酉,癸巳,庚戌,辛,酉,癸,巳,庚,戌,金,0,1,1,3,1,4,1,1,金金水火金土,劫财|劫财|伤官|七杀|比肩|偏印
2013-01,FIDE official January 2013 standard rating list,http://ratings.fide.com/download/standard_jan13frl.zip,standard_jan13frl.txt,728446,"Balog, Imre",GM,,,HUN,M,2551,0,10,1991.0,True,,411,405,728446,1991-10-28,wikidata_exact_year_agrees,north,resolved_unique_birthplace,Q1471416,Q178878,Békéscsaba,46.68333333,21.08333333,,,True,,M,379,-0.8127791863688176,0.244,1991-10-28,21.18044860606309,valid_pre_snapshot,辛未,戊戌,辛未,辛,未,戊,戌,辛,未,金,0,0,4,2,0,2,0,2,金土土土金土,比肩|偏印|正印|正印|比肩|偏印
2013-01,FIDE official January 2013 standard rating list,http://ratings.fide.com/download/standard_jan13frl.zip,standard_jan13frl.txt,700045,"Pinter, Jozsef",GM,,,HUN,M,2551,4,10,1953.0,True,,411,405,700045,1953-11-09,wikidata_exact_year_agrees,north,resolved_unique_birthplace,Q346022,Q1781,Budapest,47.49833333,19.04083333,,,True,,M,379,-0.8127791863688176,0.244,1953-11-09,59.14700507197273,valid_pre_snapshot,癸巳,癸亥,甲子,癸,巳,癸,亥,甲,子,木,1,1,0,0,4,4,0,1,水火水水木水,正印|食神|正印|偏印|比肩|正印
2013-01,FIDE official January 2013 standard rating list,http://ratings.fide.com/download/standard_jan13frl.zip,standard_jan13frl.txt,2285525,"Anton Guijarro, David",IM,,,ESP,M,2550,8,10,1995.0,True,,413,407,2285525,1995-06-23,wikidata_exact_year_agrees,north,resolved_unique_birthplace,Q15955505,Q12225,Murcia,37.98333333,-1.13027778,,,True,,M,381,-0.8291228497190395,0.24,1995-06-23,17.528080658740425,valid_pre_snapshot,乙亥,壬午,乙酉,乙,亥,壬,午,乙,酉,木,2,1,0,1,2,3,0,0,木水水火木金,比肩|正印|正印|食神|比肩|七杀
2013-01,FIDE official January 2013 standard rating list,http://ratings.fide.com/download/standard_jan13frl.zip,standard_jan13frl.txt,4101375,"Ivanov, Sergey",GM,,,RUS,M,2550,0,10,1961.0,True,,413,407,4101375,1961-09-29,wikidata_exact_year_agrees,north,resolved_unique_birthplace,Q2272920,Q656,Saint Petersburg,59.95,30.31666667,,,True,,M,381,-0.8291228497190395,0.24,1961-09-29,51.25909498483884,valid_pre_snapshot,辛丑,丁酉,乙丑,辛,丑,丁,酉,乙,丑,木,1,1,2,2,0,2,0,0,金土火金木土,七杀|偏财|食神|七杀|比肩|偏财
2013-01,FIDE official January 2013 standard rating list,http://ratings.fide.com/download/standard_jan13frl.zip,standard_jan13frl.txt,14104202,"Malakhatko, Vadim",GM,,,BEL,M,2550,10,10,1977.0,True,,413,407,14104202,1977-03-22,wikidata_exact_year_agrees,north,resolved_unique_birthplace,Q1372339,Q1899,Kyiv,50.45,30.52361111,,,True,,M,381,-0.8291228497190395,0.24,1977-03-22,35.7817066743328,valid_pre_snapshot,丁巳,癸卯,戊寅,丁,巳,癸,卯,戊,寅,土,2,2,1,0,1,1,0,1,火火水木土木,正印|偏印|正财|正官|比肩|七杀
2013-01,FIDE official January 2013 standard rating list,http://ratings.fide.com/download/standard_jan13frl.zip,standard_jan13frl.txt,12800112,"Sulskis, Sarunas",GM,,,LTU,M,2550,0,10,1972.0,True,,413,407,12800112,1972-11-26,wikidata_exact_year_agrees,north,resolved_unique_birthplace,Q391296,Q735138,Kėdainiai,55.28333333,23.96666667,,,True,,M,381,-0.8291228497190395,0.24,1972-11-26,40.09938602435368,valid_pre_snapshot,壬子,辛亥,辛酉,壬,子,辛,亥,辛,酉,金,0,0,0,3,3,6,2,0,水水金水金金,伤官|食神|比肩|伤官|比肩|比肩
2013-01,FIDE official January 2013 standard rating list,http://ratings.fide.com/download/standard_jan13frl.zip,standard_jan13frl.txt,2019540,"Goldin, Alexander",GM,,,USA,M,2549,0,10,1964.0,True,,418,412,2019540,1964-02-27,wikidata_exact_year_agrees,north,resolved_unique_birthplace,Q1275033,Q883,Novosibirsk,55.03333333,82.91666667,,,True,,M,385,-0.8454665130692613,0.232,1964-02-27,48.846998911681965,valid_pre_snapshot,甲辰,丙寅,丙午,甲,辰,丙,寅,丙,午,火,2,3,1,0,0,0,0,2,木土火木火火,偏印|食神|比肩|偏印|比肩|劫财
2013-01,FIDE official January 2013 standard rating list,http://ratings.fide.com/download/standard_jan13frl.zip,standard_jan13frl.txt,14102188,"Gritsak, Orest",GM,,,UKR,M,2549,0,10,1973.0,True,,418,412,14102188,1973-02-24,wikidata_exact_year_agrees,north,resolved_unique_birthplace,Q4149787,Q36036,Lviv,49.838055;49.841952,24.023055;24.0315921,,,True,,M,385,-0.8454665130692613,0.232,1973-02-24,39.85297439372472,valid_pre_snapshot,癸丑,甲寅,辛卯,癸,丑,甲,寅,辛,卯,金,3,0,1,1,1,2,0,1,水土木木金木,食神|偏印|正财|正财|比肩|偏财
2013-01,FIDE official January 2013 standard rating list,http://ratings.fide.com/download/standard_jan13frl.zip,standard_jan13frl.txt,2201500,"Narciso Dublan, Marc",GM,,,ESP,M,2549,9,10,1974.0,True,,418,412,2201500,1974-01-20,wikidata_exact_year_agrees,north,resolved_unique_birthplace,Q2237917,Q1492,Barcelona,41.3825,2.17694444,,,True,,M,385,-0.8454665130692613,0.232,1974-01-20,38.94946508141851,valid_pre_snapshot,癸丑,乙丑,辛酉,癸,丑,乙,丑,辛,酉,金,1,0,2,2,1,3,0,2,水土木土金金,食神|偏印|偏财|偏印|比肩|比肩
2013-01,FIDE official January 2013 standard rating list,http://ratings.fide.com/download/standard_jan13frl.zip,standard_jan13frl.txt,5008352,"Sengupta, Deep",GM,,,IND,M,2549,11,10,1988.0,True,,418,412,5008352,1988-06-30,wikidata_exact_year_agrees,north,resolved_unique_birthplace,Q5250305,Q278913,Chakradharpur,22.7,85.63,,,True,,M,385,-0.8454665130692613,0.232,1988-06-30,24.50700561955413,valid_pre_snapshot,戊辰,戊午,丙辰,戊,辰,戊,午,丙,辰,火,0,2,4,0,0,0,0,0,土土土火火土,食神|食神|食神|劫财|比肩|食神
2013-01,FIDE official January 2013 standard rating list,http://ratings.fide.com/download/standard_jan13frl.zip,standard_jan13frl.txt,1010891,"Spoelman, Wouter",GM,,,NED,M,2549,1,10,1990.0,True,,418,412,1010891,1990-06-05,wikidata_exact_year_agrees,north,resolved_unique_birthplace,Q63321,Q793,Zwolle,52.51666667,6.1,,,True,,M,385,-0.8454665130692613,0.232,1990-06-05,22.576781179627236,valid_pre_snapshot,庚午,辛巳,辛丑,庚,午,辛,巳,辛,丑,金,0,2,1,3,0,3,0,1,金火金火金土,劫财|七杀|比肩|正官|比肩|偏印
2013-01,FIDE official January 2013 standard rating list,http://ratings.fide.com/download/standard_jan13frl.zip,standard_jan13frl.txt,400084,"Hebden, Mark L",GM,,,ENG,M,2548,9,10,1958.0,True,,424,418,400084,1958-02-15,wikidata_exact_year_agrees,north,resolved_unique_birthplace,Q2155549,Q83065,Leicester,52.63611111,-1.13305556,,,True,,M,390,-0.8618101764194833,0.222,1958-02-15,54.878608048077645,valid_pre_snapshot,戊戌,甲寅,癸亥,戊,戌,甲,寅,癸,亥,水,2,0,2,0,2,2,2,0,土土木木水水,正官|正官|伤官|伤官|比肩|劫财
2013-01,FIDE official January 2013 standard rating list,http://ratings.fide.com/download/standard_jan13frl.zip,standard_jan13frl.txt,1102222,"Jaracz, Pawel",GM,,,POL,M,2548,0,10,1975.0,True,,424,418,1102222,1975-07-22,wikidata_exact_year_agrees,north,resolved_unique_birthplace,Q504267,Q142101,Kożuchów,51.75,15.6,,,True,,M,390,-0.8618101764194833,0.222,1975-07-22,37.449092041588806,valid_pre_snapshot,乙卯,癸未,己巳,乙,卯,癸,未,己,巳,土,2,1,2,0,1,1,0,0,木木水土土火,七杀|七杀|偏财|比肩|比肩|正印
2013-01,FIDE official January 2013 standard rating list,http://ratings.fide.com/download/standard_jan13frl.zip,standard_jan13frl.txt,13702661,"Jumabayev, Rinat",GM,,,KAZ,M,2548,22,10,1989.0,True,,424,418,13702661,1989-07-23,wikidata_exact_year_agrees,north,resolved_unique_birthplace,Q4181620,Q485496,Shymkent,42.3,69.6,,,True,,M,390,-0.8618101764194833,0.222,1989-07-23,23.44469770084259,valid_pre_snapshot,己巳,辛未,甲申,己,巳,辛,未,甲,申,木,1,1,2,2,0,2,0,0,土火金土木金,正财|食神|正官|正财|比肩|七杀
2013-01,FIDE official January 2013 standard rating list,http://ratings.fide.com/download/standard_jan13frl.zip,standard_jan13frl.txt,605492,"Nataf, Igor-Alexandre",GM,,,FRA,M,2548,0,10,1978.0,True,,424,418,605492,1978-05-02,wikidata_exact_year_agrees,north,resolved_unique_birthplace,Q2991159,Q90,Paris,48.85666667,2.35222222,,,True,,M,390,-0.8618101764194833,0.222,1978-05-02,34.67011642949547,valid_pre_snapshot,戊午,丙辰,甲子,戊,午,丙,辰,甲,子,木,1,2,2,0,1,1,1,0,土火火土木水,偏财|伤官|食神|偏财|比肩|正印
2013-01,FIDE official January 2013 standard rating list,http://ratings.fide.com/download/standard_jan13frl.zip,standard_jan13frl.txt,603252,"Vaisser, Anatoly",GM,,,FRA,M,2548,0,10,1949.0,True,,424,418,603252,1949-03-05,wikidata_exact_year_agrees,north,resolved_unique_birthplace,Q488112,Q35493,Almaty,43.24,76.915,,,True,,M,390,-0.8618101764194833,0.222,1949-03-05,63.82882605392308,valid_pre_snapshot,己丑,丙寅,甲午,己,丑,丙,寅,甲,午,木,2,2,2,0,0,0,1,0,土土火木木火,正财|正财|食神|比肩|比肩|伤官
2013-01,FIDE official January 2013 standard rating list,http://ratings.fide.com/download/standard_jan13frl.zip,standard_jan13frl.txt,4159659,"Yudin, Sergei",GM,,,RUS,M,2548,9,10,1986.0,True,,424,418,4159659,1986-06-10,wikidata_exact_year_agrees,north,resolved_unique_birthplace,Q4533809,Q883,Novosibirsk,55.03333333,82.91666667,,,True,,M,390,-0.8618101764194833,0.222,1986-06-10,26.5631737818025,valid_pre_snapshot,丙寅,甲午,乙酉,丙,寅,甲,午,乙,酉,木,3,2,0,1,0,1,1,0,火木木火木金,伤官|劫财|劫财|食神|比肩|七杀
2013-01,FIDE official January 2013 standard rating list,http://ratings.fide.com/download/standard_jan13frl.zip,standard_jan13frl.txt,14100053,"Eingorn, Vereslav S",GM,,FST,UKR,M,2547,0,10,1956.0,True,,432,426,14100053,1956-11-23,wikidata_exact_year_agrees,north,resolved_unique_birthplace,Q2062580,Q1874,Odesa,46.47747,30.73262,,,True,,M,396,-0.8781538397697052,0.21,1956-11-23,56.10792829421548,valid_pre_snapshot,丙申,己亥,甲午,丙,申,己,亥,甲,午,木,1,2,1,1,1,2,1,1,火金土水木火,食神|七杀|正财|偏印|比肩|伤官
2013-01,FIDE official January 2013 standard rating list,http://ratings.fide.com/download/standard_jan13frl.zip,standard_jan13frl.txt,2903024,"Georgiev, Vladimir",GM,,,MKD,M,2547,0,10,1975.0,True,,432,426,2903024,1975-08-27,wikidata_exact_year_agrees,north,resolved_unique_birthplace,Q3622579,Q168668,Dobrich,43.562212;43.56666667,27.83189;27.83333333,,,True,,M,396,-0.8781538397697052,0.21,1975-08-27,37.35052738933722,valid_pre_snapshot,乙卯,甲申,乙巳,乙,卯,甲,申,乙,巳,木,4,1,0,1,0,1,1,0,木木木金木火,比肩|比肩|劫财|正官|比肩|伤官
2013-01,FIDE official January 2013 standard rating list,http://ratings.fide.com/download/standard_jan13frl.zip,standard_jan13frl.txt,13400363,"Guliyev, Namig",GM,,,AZE,M,2547,2,10,1974.0,True,,432,426,13400363,1974-02-13,wikidata_exact_year_agrees,north,resolved_unique_birthplace,Q1377816,Q4621474,Dünyamalılar,39.77079025,47.7622535,,,True,,M,396,-0.8781538397697052,0.21,1974-02-13,38.88375531325079,valid_pre_snapshot,甲寅,丙寅,乙酉,甲,寅,丙,寅,乙,酉,木,4,1,0,1,0,1,1,0,木木火木木金,劫财|劫财|伤官|劫财|比肩|七杀
2013-01,FIDE official January 2013 standard rating list,http://ratings.fide.com/download/standard_jan13frl.zip,standard_jan13frl.txt,2200074,"Magem Badals, Jordi",GM,,FST,ESP,M,2547,0,10,1967.0,True,,432,426,2200074,1967-08-24,wikidata_exact_year_agrees,north,resolved_unique_birthplace,Q3824586,Q16697,Manresa,41.72638889,1.82916667,,,True,,M,396,-0.8781538397697052,0.21,1967-08-24,45.3589053847786,valid_pre_snapshot,丁未,戊申,庚申,丁,未,戊,申,庚,申,金,0,1,2,3,0,3,0,1,火土土金金金,正官|正印|偏印|比肩|比肩|比肩
2013-01,FIDE official January 2013 standard rating list,http://ratings.fide.com/download/standard_jan13frl.zip,standard_jan13frl.txt,13400304,"Mirzoev, Azer",GM,,,AZE,M,2547,18,10,1978.0,True,,432,426,13400304,1978-03-20,wikidata_exact_year_agrees,north,resolved_unique_birthplace,Q579491,Q9248,Baku,40.36665556,49.83518333,,,True,,M,396,-0.8781538397697052,0.21,1978-03-20,34.78784643079598,valid_pre_snapshot,戊午,乙卯,辛巳,戊,午,乙,卯,辛,巳,金,2,2,1,1,0,1,0,0,土火木木金火,正印|七杀|偏财|偏财|比肩|正官
2013-01,FIDE official January 2013 standard rating list,http://ratings.fide.com/download/standard_jan13frl.zip,standard_jan13frl.txt,2300010,"Olafsson, Helgi",GM,,FST,ISL,M,2547,0,10,1956.0,True,,432,426,2300010,1956-08-15,wikidata_exact_year_agrees,north,resolved_unique_birthplace,Q1397091,Q211182,Heimaey,63.42696709,-20.26931488,,,True,,M,396,-0.8781538397697052,0.21,1956-08-15,56.38171899491434,valid_pre_snapshot,丙申,丙申,甲寅,丙,申,丙,申,甲,寅,木,2,2,0,2,0,2,0,0,火金火金木木,食神|七杀|食神|七杀|比肩|比肩
2013-01,FIDE official January 2013 standard rating list,http://ratings.fide.com/download/standard_jan13frl.zip,standard_jan13frl.txt,4700236,"Dervishi, Erald",GM,,,ALB,M,2546,0,10,1979.0,True,,440,433,4700236,1979-11-10,wikidata_exact_year_agrees,north,resolved_unique_birthplace,Q980449,Q83285,Durrës,41.31333333,19.44583333,,,True,,M,402,-0.894497503119927,0.198,1979-11-10,33.14510222660287,valid_pre_snapshot,己未,乙亥,辛巳,己,未,乙,亥,辛,巳,金,1,1,2,1,1,2,1,2,土土木水金火,偏印|偏印|偏财|伤官|比肩|正官
2013-01,FIDE official January 2013 standard rating list,http://ratings.fide.com/download/standard_jan13frl.zip,standard_jan13frl.txt,613762,"Maze, Sebastien",GM,,,FRA,M,2546,0,10,1984.0,True,,440,433,613762,1984-02-08,wikidata_exact_year_agrees,north,resolved_unique_birthplace,Q1658816,Q90,Paris,48.85666667,2.35222222,,,True,,M,402,-0.894497503119927,0.198,1984-02-08,28.898608458763697,valid_pre_snapshot,甲子,丙寅,壬申,甲,子,丙,寅,壬,申,水,2,1,0,1,2,3,0,1,木水火木水金,食神|劫财|偏财|食神|比肩|偏印
2013-01,FIDE official January 2013 standard rating list,http://ratings.fide.com/download/standard_jan13frl.zip,standard_jan13frl.txt,4642325,"Prusikin, Michael",GM,,FT,GER,M,2546,0,10,1978.0,True,,440,433,4642325,1978-01-19,wikidata_exact_year_agrees,north,resolved_unique_birthplace,Q75491,Q42308,Kharkiv,49.9925,36.23111111,,,True,,M,402,-0.894497503119927,0.198,1978-01-19,34.95212085121529,valid_pre_snapshot,丁巳,癸丑,辛巳,丁,巳,癸,丑,辛,巳,金,0,3,1,1,1,2,0,1,火火水土金火,七杀|正官|食神|偏印|比肩|正官
2013-01,FIDE official January 2013 standard rating list,http://ratings.fide.com/download/standard_jan13frl.zip,standard_jan13frl.txt,5029465,"Vidit, Santosh Gujrathi",IM,,,IND,M,2546,11,10,1994.0,True,,440,433,5029465,1994-10-24,wikidata_exact_year_agrees,north,resolved_unique_birthplace,Q15614436,Q200235,Nashik,20.0,73.78333333,,,True,,M,402,-0.894497503119927,0.198,1994-10-24,18.190654154431645,valid_pre_snapshot,甲戌,甲戌,癸未,甲,戌,甲,戌,癸,未,水,2,0,3,0,1,1,2,0,木土木土水土,伤官|正官|伤官|正官|比肩|七杀
2013-01,FIDE official January 2013 standard rating list,http://ratings.fide.com/download/standard_jan13frl.zip,standard_jan13frl.txt,13601741,"Arutinian, David",GM,,,GEO,M,2545,0,10,1984.0,True,,446,439,13601741,1984-05-31,wikidata_exact_year_agrees,north,resolved_unique_birthplace,Q4070520,Q994,Tbilisi,41.7225,44.7925,,,True,,M,406,-0.910841166470149,0.19,1984-05-31,28.589224966974,valid_pre_snapshot,甲子,己巳,乙丑,甲,子,己,巳,乙,丑,木,2,1,2,0,1,1,1,1,木水土火木土,劫财|偏印|偏财|伤官|比肩|偏财
2013-01,FIDE official January 2013 standard rating list,http://ratings.fide.com/download/standard_jan13frl.zip,standard_jan13frl.txt,4676670,"Bindrich, Falko",GM,,,GER,M,2545,0,10,1990.0,True,,446,439,4676670,1990-10-17,wikidata_exact_year_agrees,north,resolved_unique_birthplace,Q96875,Q157200,Zittau,50.89611111,14.80722222,,,True,,M,406,-0.910841166470149,0.19,1990-10-17,22.209901640690774,valid_pre_snapshot,庚午,丙戌,乙卯,庚,午,丙,戌,乙,卯,木,2,2,1,1,0,1,1,0,金火火土木木,正官|食神|伤官|正财|比肩|比肩
2013-01,FIDE official January 2013 standard rating list,http://ratings.fide.com/download/standard_jan13frl.zip,standard_jan13frl.txt,14104490,"Firman, Nazar",GM,,,UKR,M,2545,0,10,1983.0,True,,446,439,14104490,1983-03-22,wikidata_exact_year_agrees,north,resolved_unique_birthplace,Q1965564,Q36036,Lviv,49.838055;49.841952,24.023055;24.0315921,,,True,,M,406,-0.910841166470149,0.19,1983-03-22,29.782952422020987,valid_pre_snapshot,癸亥,乙卯,己酉,癸,亥,乙,卯,己,酉,土,2,0,1,1,2,3,0,0,水水木木土金,偏财|正财|七杀|七杀|比肩|食神
2013-01,FIDE official January 2013 standard rating list,http://ratings.fide.com/download/standard_jan13frl.zip,standard_jan13frl.txt,24109959,"Goganov, Aleksey",IM,,,RUS,M,2545,0,10,1991.0,True,,446,439,24109959,1991-07-26,wikidata_exact_year_agrees,north,resolved_unique_birthplace,Q16225500,Q656,Saint Petersburg,59.95,30.31666667,,,True,,M,406,-0.910841166470149,0.19,1991-07-26,21.43781186472001,valid_pre_snapshot,辛未,乙未,丁酉,辛,未,乙,未,丁,酉,火,1,1,2,2,0,2,0,1,金土木土火金,偏财|食神|偏印|食神|比肩|偏财
2013-01,FIDE official January 2013 standard rating list,http://ratings.fide.com/download/standard_jan13frl.zip,standard_jan13frl.txt,5015693,Gopal G.N.,GM,,,IND,M,2545,11,10,1989.0,True,,446,439,5015693,1989-03-29,wikidata_exact_year_agrees,north,resolved_unique_birthplace,Q9266681,Q1186,Kerala,10.0,76.3,,,True,,M,406,-0.910841166470149,0.19,1989-03-29,23.762294913653257,valid_pre_snapshot,己巳,丁卯,戊子,己,巳,丁,卯,戊,子,土,1,2,2,0,1,1,0,1,土火火木土水,劫财|偏印|正印|正官|比肩|正财
2013-01,FIDE official January 2013 standard rating list,http://ratings.fide.com/download/standard_jan13frl.zip,standard_jan13frl.txt,2905710,"Nikolov, Momchil",GM,,,BUL,M,2545,9,10,1985.0,True,,446,439,2905710,1985-03-03,wikidata_exact_year_agrees,north,resolved_unique_birthplace,Q3657838,Q168668,Dobrich,43.562212;43.56666667,27.83189;27.83333333,,,True,,M,406,-0.910841166470149,0.19,1985-03-03,27.83356263304517,valid_pre_snapshot,乙丑,戊寅,辛丑,乙,丑,戊,寅,辛,丑,金,2,0,3,1,0,1,0,2,木土土木金土,偏财|偏印|正印|正财|比肩|偏印
2013-01,FIDE official January 2013 standard rating list,http://ratings.fide.com/download/standard_jan13frl.zip,standard_jan13frl.txt,4125371,"Novikov, Stanislav",GM,,,RUS,M,2545,0,10,1985.0,True,,446,439,4125371,1985-07-06,wikidata_exact_year_agrees,north,resolved_unique_birthplace,Q4322713,Q649,Moscow,55.75055556,37.6175,,,True,,M,406,-0.910841166470149,0.19,1985-07-06,27.491324257171605,valid_pre_snapshot,乙丑,壬午,丙午,乙,丑,壬,午,丙,午,火,1,3,1,0,1,1,1,0,木土水火火火,正印|伤官|七杀|劫财|比肩|劫财
2013-01,FIDE official January 2013 standard rating list,http://ratings.fide.com/download/standard_jan13frl.zip,standard_jan13frl.txt,1205064,"Szabo, Gergely-Andras-Gyula",GM,,,ROU,M,2545,0,10,1983.0,True,,446,439,1205064,1983-04-13,wikidata_exact_year_agrees,north,resolved_unique_birthplace,Q9267485,Q19660,Bucharest,44.41336111,26.09777778,,,True,,M,406,-0.910841166470149,0.19,1983-04-13,29.72271846786724,valid_pre_snapshot,癸亥,丙辰,辛未,癸,亥,丙,辰,辛,未,金,0,1,2,1,2,3,1,1,水水火土金土,食神|伤官|正官|正印|比肩|偏印
2013-01,FIDE official January 2013 standard rating list,http://ratings.fide.com/download/standard_jan13frl.zip,standard_jan13frl.txt,6500617,"Ramirez, Alejandro",GM,,,USA,M,2544,9,10,1988.0,True,,455,448,6500617,1988-06-21,wikidata_exact_year_agrees,north,resolved_unique_birthplace,Q1355179,Q3070,San José,9.93273889,-84.07961389,,,True,,M,414,-0.9271848298203708,0.174,1988-06-21,24.531646782617027,valid_pre_snapshot,戊辰,戊午,丁未,戊,辰,戊,午,丁,未,火,0,2,4,0,0,0,3,0,土土土火火土,伤官|伤官|伤官|比肩|比肩|食神
2013-01,FIDE official January 2013 standard rating list,http://ratings.fide.com/download/standard_jan13frl.zip,standard_jan13frl.txt,4119002,"Rustemov, Alexander",GM,,,RUS,M,2544,0,10,1973.0,True,,455,448,4119002,1973-07-06,wikidata_exact_year_agrees,north,resolved_unique_birthplace,Q484905,Q1763,Murmansk,68.96666667,33.08333333,,,True,,M,414,-0.9271848298203708,0.174,1973-07-06,39.49157066880223,valid_pre_snapshot,癸丑,戊午,癸卯,癸,丑,戊,午,癸,卯,水,1,1,2,0,2,2,0,0,水土土火水木,比肩|七杀|正官|偏财|比肩|食神
2013-01,FIDE official January 2013 standard rating list,http://ratings.fide.com/download/standard_jan13frl.zip,standard_jan13frl.txt,3507416,"Bacallao Alonso, Yusnel",GM,,,CUB,M,2543,27,10,1988.0,True,,457,450,3507416,1988-06-21,wikidata_exact_year_agrees,north,resolved_unique_birthplace,Q4075848,Q5029,Colón,22.7225,-80.90666667,,,True,,M,416,-0.9435284931705928,0.17,1988-06-21,24.531646782617027,valid_pre_snapshot,戊辰,戊午,丁未,戊,辰,戊,午,丁,未,火,0,2,4,0,0,0,3,0,土土土火火土,伤官|伤官|伤官|比肩|比肩|食神
2013-01,FIDE official January 2013 standard rating list,http://ratings.fide.com/download/standard_jan13frl.zip,standard_jan13frl.txt,201260,"Chuchelov, Vladimir",GM,,FST,BEL,M,2543,0,10,1969.0,True,,457,450,201260,1969-09-28,wikidata_exact_year_agrees,north,resolved_unique_birthplace,Q155328,Q649,Moscow,55.75055556,37.6175,,,True,,M,416,-0.9435284931705928,0.17,1969-09-28,43.26166861742541,valid_pre_snapshot,己酉,癸酉,丙午,己,酉,癸,酉,丙,午,火,0,2,1,2,1,3,1,0,土金水金火火,伤官|正财|正官|正财|比肩|劫财
2013-01,FIDE official January 2013 standard rating list,http://ratings.fide.com/download/standard_jan13frl.zip,standard_jan13frl.txt,3503321,"Gonzalez Vidal, Yuri",GM,,,CUB,M,2543,0,10,1981.0,True,,457,450,3503321,1981-01-12,wikidata_exact_year_agrees,north,resolved_unique_birthplace,Q630491,Q2553350,Marianao,23.08333333,-82.43333333,,,True,,M,416,-0.9435284931705928,0.17,1981-01-12,31.9705401206048,valid_pre_snapshot,庚申,己丑,庚寅,庚,申,己,丑,庚,寅,金,1,0,2,3,0,3,0,0,金金土土金木,比肩|比肩|正印|正印|比肩|偏财
2013-01,FIDE official January 2013 standard rating list,http://ratings.fide.com/download/standard_jan13frl.zip,standard_jan13frl.txt,13602543,"Jojua, Davit",GM,,,GEO,M,2543,9,10,1989.0,True,,457,450,13602543,1989-06-08,wikidata_exact_year_agrees,north,resolved_unique_birthplace,Q250991,Q513727,Samtredia,42.1625,42.34166667,,,True,,M,416,-0.9435284931705928,0.17,1989-06-08,23.567903516157077,valid_pre_snapshot,己巳,庚午,己亥,己,巳,庚,午,己,亥,土,0,2,2,1,1,2,1,1,土火金火土水,比肩|正印|伤官|偏印|比肩|正财
2013-01,FIDE official January 2013 standard rating list,http://ratings.fide.com/download/standard_jan13frl.zip,standard_jan13frl.txt,4120949,"Kornev, Alexei",GM,,,RUS,M,2543,0,10,1976.0,True,,457,450,4120949,1976-12-20,wikidata_exact_year_agrees,north,resolved_unique_birthplace,Q4233241,Q134296,Vyazniki,56.24333333,42.12916667,,,True,,M,416,-0.9435284931705928,0.17,1976-12-20,36.03359411897575,valid_pre_snapshot,丙辰,庚子,丙午,丙,辰,庚,子,丙,午,火,0,3,1,1,1,2,0,0,火土金水火火,比肩|食神|偏财|正官|比肩|劫财
2013-01,FIDE official January 2013 standard rating list,http://ratings.fide.com/download/standard_jan13frl.zip,standard_jan13frl.txt,14100584,"Maksimenko, Andrei",GM,,FT,UKR,M,2543,0,10,1969.0,True,,457,450,14100584,1969-12-07,wikidata_exact_year_agrees,north,resolved_unique_birthplace,Q510942,Q157055,Cherkasy,49.44444444,32.05972222,,,True,,M,416,-0.9435284931705928,0.17,1969-12-07,43.07001512693621,valid_pre_snapshot,己酉,丙子,丙辰,己,酉,丙,子,丙,辰,火,0,2,2,1,1,2,1,0,土金火水火土,伤官|正财|比肩|正官|比肩|食神
2013-01,FIDE official January 2013 standard rating list,http://ratings.fide.com/download/standard_jan13frl.zip,standard_jan13frl.txt,2801914,"Mikhalevski, Victor",GM,,,ISR,M,2543,0,10,1972.0,True,,457,450,2801914,1972-07-08,wikidata_exact_year_agrees,north,resolved_unique_birthplace,Q2472255,Q2678,Gomel,52.44166667,30.98333333,,,True,,M,416,-0.9435284931705928,0.17,1972-07-08,40.48543091233906,valid_pre_snapshot,壬子,丁未,庚子,壬,子,丁,未,庚,子,金,0,1,1,1,3,4,2,0,水水火土金水,食神|伤官|正官|正印|比肩|伤官
2013-01,FIDE official January 2013 standard rating list,http://ratings.fide.com/download/standard_jan13frl.zip,standard_jan13frl.txt,14604299,"Skoberne, Jure",GM,,,SLO,M,2543,7,10,1987.0,True,,457,450,14604299,1987-03-20,wikidata_exact_year_agrees,north,resolved_unique_birthplace,Q4525016,Q15853,Šempeter pri Gorici,45.928333,13.637778,,,True,,M,416,-0.9435284931705928,0.17,1987-03-20,25.788346098824757,valid_pre_snapshot,丁卯,癸卯,戊辰,丁,卯,癸,卯,戊,辰,土,2,1,2,0,1,1,0,0,火木水木土土,正印|正官|正财|正官|比肩|比肩
2013-01,FIDE official January 2013 standard rating list,http://ratings.fide.com/download/standard_jan13frl.zip,standard_jan13frl.txt,14500310,"Zelcic, Robert",GM,,FT,CRO,M,2543,9,10,1965.0,True,,457,450,14500310,1965-09-21,wikidata_exact_year_agrees,north,resolved_unique_birthplace,Q2333230,Q1435,Zagreb,45.81305556,15.97722222,,,True,,M,416,-0.9435284931705928,0.17,1965-09-21,47.28091610368454,valid_pre_snapshot,乙巳,乙酉,戊寅,乙,巳,乙,酉,戊,寅,土,3,1,1,1,0,1,1,1,木火木金土木,正官|偏印|正官|伤官|比肩|七杀
2013-01,FIDE official January 2013 standard rating list,http://ratings.fide.com/download/standard_jan13frl.zip,standard_jan13frl.txt,2000202,"Ivanov, Alexander",GM,,,USA,M,2542,0,10,1956.0,True,,468,461,2000202,1956-05-01,wikidata_exact_year_agrees,north,resolved_unique_birthplace,Q2833146,Q898,Omsk,54.96666667,73.38333333,,,True,,M,425,-0.9598721565208148,0.152,1956-05-01,56.67193713765512,valid_pre_snapshot,丙申,壬辰,戊辰,丙,申,壬,辰,戊,辰,土,0,1,3,1,1,2,0,1,火金水土土土,偏印|食神|偏财|比肩|比肩|比肩
2013-01,FIDE official January 2013 standard rating list,http://ratings.fide.com/download/standard_jan13frl.zip,standard_jan13frl.txt,1205730,"Nevednichy, Vladislav",GM,,,ROU,M,2542,11,10,1969.0,True,,468,461,1205730,1969-09-03,wikidata_exact_year_agrees,north,resolved_unique_birthplace,Q3622636,Q21197,Chișinău,47.02277778,28.83527778,,,True,,M,425,-0.9598721565208148,0.152,1969-09-03,43.33011629260013,valid_pre_snapshot,己酉,壬申,辛巳,己,酉,壬,申,辛,巳,金,0,1,1,3,1,4,1,1,土金水金金火,偏印|比肩|伤官|劫财|比肩|正官
2013-01,FIDE official January 2013 standard rating list,http://ratings.fide.com/download/standard_jan13frl.zip,standard_jan13frl.txt,4135229,"Anisimov, Pavel",IM,,,RUS,M,2541,0,10,1986.0,True,,471,464,4135229,1986-04-19,wikidata_exact_year_agrees,north,resolved_unique_birthplace,Q27523064,Q656,Saint Petersburg,59.95,30.31666667,,,True,,M,427,-0.9762158198710366,0.148,1986-04-19,26.705544946165904,valid_pre_snapshot,丙寅,壬辰,癸巳,丙,寅,壬,辰,癸,巳,水,1,2,1,0,2,2,1,0,火木水土水火,正财|伤官|劫财|正官|比肩|正财
2013-01,FIDE official January 2013 standard rating list,http://ratings.fide.com/download/standard_jan13frl.zip,standard_jan13frl.txt,307424,"Cvek, Robert",GM,,,CZE,M,2541,0,10,1979.0,True,,471,464,307424,1979-01-06,wikidata_exact_year_agrees,north,resolved_unique_birthplace,Q360261,Q1789604,Krnov,50.08966692,17.70390892,,,True,,M,427,-0.9762158198710366,0.148,1979-01-06,33.988377584755334,valid_pre_snapshot,戊午,乙丑,癸酉,戊,午,乙,丑,癸,酉,水,1,1,2,1,1,2,0,1,土火木土水金,正官|偏财|食神|七杀|比肩|偏印
2013-01,FIDE official January 2013 standard rating list,http://ratings.fide.com/download/standard_jan13frl.zip,standard_jan13frl.txt,3504387,"Hernandez Carmenate, Holden",GM,,,CUB,M,2541,27,10,1984.0,True,,471,464,3504387,1984-08-10,wikidata_exact_year_agrees,north,resolved_unique_birthplace,Q648268,Q1563,Havana,23.13666667,-82.35888889,,,True,,M,427,-0.9762158198710366,0.148,1984-08-10,28.39483356947781,valid_pre_snapshot,甲子,壬申,丙子,甲,子,壬,申,丙,子,火,1,1,0,1,3,4,0,1,木水水金火水,偏印|正官|七杀|偏财|比肩|正官
2013-01,FIDE official January 2013 standard rating list,http://ratings.fide.com/download/standard_jan13frl.zip,standard_jan13frl.txt,1700812,"Hillarp Persson, Tiger",GM,,,SWE,M,2541,9,10,1970.0,True,,471,464,1700812,1970-10-28,wikidata_exact_year_agrees,north,resolved_unique_birthplace,Q728133,Q2211,Malmö,55.58333333,13.0,,,True,,M,427,-0.9762158198710366,0.148,1970-10-28,42.18019534966495,valid_pre_snapshot,庚戌,丙戌,辛巳,庚,戌,丙,戌,辛,巳,金,0,2,2,2,0,2,0,0,金土火土金火,劫财|正印|正官|正印|比肩|正官
2013-01,FIDE official January 2013 standard rating list,http://ratings.fide.com/download/standard_jan13frl.zip,standard_jan13frl.txt,5024595,"Lalith, Babu M.R.",GM,,,IND,M,2541,21,10,1993.0,True,,471,464,5024595,1993-01-05,wikidata_exact_year_agrees,north,resolved_unique_birthplace,Q2167879,Q200017,Vijayawada,16.51666667,80.61666667,,,True,,M,427,-0.9762158198710366,0.148,1993-01-05,19.98945905802309,valid_pre_snapshot,壬申,癸丑,丙戌,壬,申,癸,丑,丙,戌,火,0,1,2,1,2,3,1,0,水金水土火土,七杀|偏财|正官|伤官|比肩|食神
2013-01,FIDE official January 2013 standard rating list,http://ratings.fide.com/download/standard_jan13frl.zip,standard_jan13frl.txt,2800039,"Greenfeld, Alon",GM,,,ISR,M,2540,0,10,1964.0,True,,477,470,2800039,1964-04-17,wikidata_exact_year_agrees,north,resolved_unique_birthplace,Q486592,Q60,New York City,40.71277778,-74.00611111,,,True,,M,432,-0.9925594832212584,0.138,1964-04-17,48.71010356133254,valid_pre_snapshot,甲辰,戊辰,丙申,甲,辰,戊,辰,丙,申,火,1,1,3,1,0,1,0,1,木土土土火金,偏印|食神|食神|食神|比肩|偏财
2013-01,FIDE official January 2013 standard rating list,http://ratings.fide.com/download/standard_jan13frl.zip,standard_jan13frl.txt,4100875,"Ionov, Sergey",GM,,,RUS,M,2540,0,10,1962.0,True,,477,470,4100875,1962-01-07,wikidata_exact_year_agrees,north,resolved_unique_birthplace,Q1760310,Q2235,Veliky Novgorod,58.52099,31.27579,,,True,,M,432,-0.9925594832212584,0.138,1962-01-07,50.98530428413999,valid_pre_snapshot,辛丑,辛丑,乙巳,辛,丑,辛,丑,乙,巳,木,1,1,2,2,0,2,1,0,金土金土木火,七杀|偏财|七杀|偏财|比肩|伤官
2013-01,FIDE official January 2013 standard rating list,http://ratings.fide.com/download/standard_jan13frl.zip,standard_jan13frl.txt,4623169,"Naumann, Alexander",GM,,,GER,M,2540,0,10,1979.0,True,,477,470,4623169,1979-02-17,wikidata_exact_year_agrees,north,resolved_unique_birthplace,Q91571,Q1733,Magdeburg,52.1275;52.1315889,11.629166;11.6399609,,,True,,M,432,-0.9925594832212584,0.138,1979-02-17,33.873385490461814,valid_pre_snapshot,己未,丙寅,乙卯,己,未,丙,寅,乙,卯,木,3,1,2,0,0,0,1,0,土土火木木木,偏财|偏财|伤官|劫财|比肩|比肩
2013-01,FIDE official January 2013 standard rating list,http://ratings.fide.com/download/standard_jan13frl.zip,standard_jan13frl.txt,14506254,"Saric, Ante",GM,,FT,CRO,M,2540,9,10,1984.0,True,,477,470,14506254,1984-04-06,wikidata_exact_year_agrees,north,resolved_unique_birthplace,Q487783,Q1663,Split,43.51,16.44,,,True,,M,432,-0.9925594832212584,0.138,1984-04-06,28.739809852358363,valid_pre_snapshot,甲子,戊辰,庚午,甲,子,戊,辰,庚,午,金,1,1,2,1,1,2,1,2,木水土土金火,偏财|伤官|偏印|偏印|比肩|正官
2013-01,FIDE official January 2013 standard rating list,http://ratings.fide.com/download/standard_jan13frl.zip,standard_jan13frl.txt,2000156,"Alburt, Lev O",GM,,FST,USA,M,2539,0,10,1945.0,True,,482,475,2000156,1945-08-21,wikidata_exact_year_agrees,north,resolved_unique_birthplace,Q525884,Q5337,Orenburg,51.76666667,55.1,,,True,,M,436,-1.0089031465714804,0.13,1945-08-21,67.36620190695223,valid_pre_snapshot,乙酉,甲申,壬戌,乙,酉,甲,申,壬,戌,水,2,0,1,2,1,3,1,1,木金木金水土,伤官|正印|食神|偏印|比肩|七杀
2013-01,FIDE official January 2013 standard rating list,http://ratings.fide.com/download/standard_jan13frl.zip,standard_jan13frl.txt,14900017,"Ftacnik, Lubomir",GM,,,SVK,M,2539,1,10,1957.0,True,,482,475,14900017,1957-10-30,wikidata_exact_year_agrees,north,resolved_unique_birthplace,Q344716,Q1780,Bratislava,48.14816;48.1516988,17.10674;17.1093063,,,True,,M,436,-1.0089031465714804,0.13,1957-10-30,55.174302004832406,valid_pre_snapshot,丁酉,庚戌,乙亥,丁,酉,庚,戌,乙,亥,木,1,1,1,2,1,3,0,0,火金金土木水,食神|七杀|正官|正财|比肩|正印
2013-01,FIDE official January 2013 standard rating list,http://ratings.fide.com/download/standard_jan13frl.zip,standard_jan13frl.txt,1700090,"Hector, Jonny",GM,,,SWE,M,2539,0,10,1964.0,True,,482,475,1700090,1964-02-13,wikidata_exact_year_agrees,north,resolved_unique_birthplace,Q1703454,Q2211,Malmö,55.58333333,13.0,,,True,,M,436,-1.0089031465714804,0.13,1964-02-13,48.8853296097798,valid_pre_snapshot,甲辰,丙寅,壬辰,甲,辰,丙,寅,壬,辰,水,2,1,2,0,1,1,0,0,木土火木水土,食神|七杀|偏财|食神|比肩|七杀
2013-01,FIDE official January 2013 standard rating list,http://ratings.fide.com/download/standard_jan13frl.zip,standard_jan13frl.txt,14400057,"Kurajica, Bojan",GM,,,BIH,M,2539,9,10,1947.0,True,,482,475,14400057,1947-11-15,wikidata_exact_year_agrees,north,resolved_unique_birthplace,Q891144,Q437,Ljubljana,46.05138889,14.50611111,,,True,,M,436,-1.0089031465714804,0.13,1947-11-15,65.13206978924961,valid_pre_snapshot,丁亥,辛亥,戊戌,丁,亥,辛,亥,戊,戌,土,0,1,2,1,2,3,1,0,火水金水土土,正印|偏财|伤官|偏财|比肩|比肩
2013-01,FIDE official January 2013 standard rating list,http://ratings.fide.com/download/standard_jan13frl.zip,standard_jan13frl.txt,1013068,"Pruijssers, Roeland",GM,,,NED,M,2539,1,10,1989.0,True,,482,475,1013068,1989-08-16,wikidata_exact_year_agrees,north,resolved_unique_birthplace,Q81853,Q538725,Hendrik-Ido-Ambacht,51.85,4.63,,,True,,M,436,-1.0089031465714804,0.13,1989-08-16,23.378987932674868,valid_pre_snapshot,己巳,壬申,戊申,己,巳,壬,申,戊,申,土,0,1,2,2,1,3,0,1,土火水金土金,劫财|偏印|偏财|食神|比肩|食神
2013-01,FIDE official January 2013 standard rating list,http://ratings.fide.com/download/standard_jan13frl.zip,standard_jan13frl.txt,2905434,"Rusev, Krasimir",GM,,,BUL,M,2539,2,10,1983.0,True,,482,475,2905434,1983-10-16,wikidata_exact_year_agrees,north,resolved_unique_birthplace,Q3481330,Q331048,Dimitrovgrad,42.057407,25.586168,,,True,,M,436,-1.0089031465714804,0.13,1983-10-16,29.213467764567376,valid_pre_snapshot,癸亥,壬戌,丁丑,癸,亥,壬,戌,丁,丑,火,0,1,2,0,3,3,1,0,水水水土火土,七杀|正官|正官|伤官|比肩|食神
2013-01,FIDE official January 2013 standard rating list,http://ratings.fide.com/download/standard_jan13frl.zip,standard_jan13frl.txt,920479,"Savic, Miodrag R",GM,,,SRB,M,2539,9,10,1977.0,True,,482,475,920479,1977-04-06,wikidata_exact_year_agrees,north,resolved_unique_birthplace,Q4404107,Q806935,Banovići,44.40888889,18.52866667,,,True,,M,436,-1.0089031465714804,0.13,1977-04-06,35.74063806922798,valid_pre_snapshot,丁巳,甲辰,癸巳,丁,巳,甲,辰,癸,巳,水,1,3,1,0,1,1,1,0,火火木土水火,偏财|正财|伤官|正官|比肩|正财
2013-01,FIDE official January 2013 standard rating list,http://ratings.fide.com/download/standard_jan13frl.zip,standard_jan13frl.txt,722901,"Szabo, Krisztian",GM,,,HUN,M,2539,9,10,1989.0,True,,482,475,722901,1989-06-21,wikidata_exact_year_agrees,north,resolved_unique_birthplace,Q465813,Q130212,Székesfehérvár,47.1910169,18.410811,,,True,,M,436,-1.0089031465714804,0.13,1989-06-21,23.53231072506622,valid_pre_snapshot,己巳,庚午,壬子,己,巳,庚,午,壬,子,水,0,2,1,1,2,3,0,1,土火金火水水,正官|偏财|偏印|正财|比肩|劫财
2013-01,FIDE official January 2013 standard rating list,http://ratings.fide.com/download/standard_jan13frl.zip,standard_jan13frl.txt,2022320,"Arnold, Marc T",GM,,,USA,M,2538,0,10,1992.0,True,,491,484,2022320,1992-11-20,wikidata_exact_year_agrees,north,resolved_unique_birthplace,Q15215593,Q60,New York City,40.71277778,-74.00611111,,,True,,M,444,-1.0252468099217025,0.114,1992-11-20,20.115402780344564,valid_pre_snapshot,壬申,辛亥,庚子,壬,申,辛,亥,庚,子,金,0,0,0,3,3,6,1,0,水金金水金水,食神|比肩|劫财|食神|比肩|伤官
2013-01,FIDE official January 2013 standard rating list,http://ratings.fide.com/download/standard_jan13frl.zip,standard_jan13frl.txt,14103109,"Feygin, Michael",GM,,,GER,M,2538,0,10,1975.0,True,,491,484,14103109,1975-02-01,wikidata_exact_year_agrees,north,resolved_unique_birthplace,Q4482389,Q42308,Kharkiv,49.9925,36.23111111,,,True,,M,444,-1.0252468099217025,0.114,1975-02-01,37.91727413978384,valid_pre_snapshot,甲寅,丁丑,戊寅,甲,寅,丁,丑,戊,寅,土,3,1,2,0,0,0,0,0,木木火土土木,七杀|七杀|正印|劫财|比肩|七杀
2013-01,FIDE official January 2013 standard rating list,http://ratings.fide.com/download/standard_jan13frl.zip,standard_jan13frl.txt,700061,"Horvath, Jozsef",GM,,"IA,FST",HUN,M,2538,9,10,1964.0,True,,491,484,700061,1964-08-13,wikidata_exact_year_agrees,north,resolved_unique_birthplace,Q368004,Q1781,Budapest,47.49833333,19.04083333,,,True,,M,444,-1.0252468099217025,0.114,1964-08-13,48.38703053450789,valid_pre_snapshot,甲辰,壬申,甲午,甲,辰,壬,申,甲,午,木,2,1,1,1,1,2,1,1,木土水金木火,比肩|偏财|偏印|七杀|比肩|伤官
2013-01,FIDE official January 2013 standard rating list,http://ratings.fide.com/download/standard_jan13frl.zip,standard_jan13frl.txt,2226332,"Ibarra Jerez, Jose Carlos",IM,,,ESP,M,2538,9,10,1985.0,True,,491,484,2226332,1985-08-07,wikidata_exact_year_agrees,north,resolved_unique_birthplace,Q16654701,Q338174,Totana,37.7710024,-1.5001618,,,True,,M,444,-1.0252468099217025,0.114,1985-08-07,27.403711232947973,valid_pre_snapshot,乙丑,甲申,戊寅,乙,丑,甲,申,戊,寅,土,3,0,2,1,0,1,0,0,木土木金土木,正官|劫财|七杀|食神|比肩|七杀
2013-01,FIDE official January 2013 standard rating list,http://ratings.fide.com/download/standard_jan13frl.zip,standard_jan13frl.txt,4156021,"Iljin, Artem",GM,,,RUS,M,2538,0,10,1987.0,True,,491,484,4156021,1987-01-04,wikidata_exact_year_agrees,north,resolved_unique_birthplace,Q4199540,Q198102,Chistopol,55.36666667,50.63333333,,,True,,M,444,-1.0252468099217025,0.114,1987-01-04,25.99368912434889,valid_pre_snapshot,丙寅,庚子,癸丑,丙,寅,庚,子,癸,丑,水,1,1,1,1,2,3,1,0,火木金水水土,正财|伤官|正印|比肩|比肩|七杀
2013-01,FIDE official January 2013 standard rating list,http://ratings.fide.com/download/standard_jan13frl.zip,standard_jan13frl.txt,14505959,"Jankovic, Alojzije",GM,,,CRO,M,2538,9,10,1983.0,True,,491,484,14505959,1983-04-02,wikidata_exact_year_agrees,north,resolved_unique_birthplace,Q514044,Q1435,Zagreb,45.81305556,15.97722222,,,True,,M,444,-1.0252468099217025,0.114,1983-04-02,29.75283544494411,valid_pre_snapshot,癸亥,乙卯,庚申,癸,亥,乙,卯,庚,申,金,2,0,0,2,2,4,1,0,水水木木金金,伤官|食神|正财|正财|比肩|比肩
2013-01,FIDE official January 2013 standard rating list,http://ratings.fide.com/download/standard_jan13frl.zip,standard_jan13frl.txt,14901625,"Petrik, Tomas",GM,,,SVK,M,2538,0,10,1980.0,True,,491,484,14901625,1980-10-31,wikidata_exact_year_agrees,north,resolved_unique_birthplace,Q487995,Q596044,Modra,48.33305556,17.30694444,,,True,,M,444,-1.0252468099217025,0.114,1980-10-31,32.17040733211496,valid_pre_snapshot,庚申,丙戌,丁丑,庚,申,丙,戌,丁,丑,火,0,2,2,2,0,2,1,0,金金火土火土,正财|正财|劫财|伤官|比肩|食神
2013-01,FIDE official January 2013 standard rating list,http://ratings.fide.com/download/standard_jan13frl.zip,standard_jan13frl.txt,9301348,"Salem, A.R. Saleh",GM,,,UAE,M,2538,3,10,1993.0,True,,491,484,9301348,1993-01-04,wikidata_exact_year_agrees,north,resolved_unique_birthplace,Q4405780,Q289693,Sharjah,25.3375,55.41194444,,,True,,M,444,-1.0252468099217025,0.114,1993-01-04,19.99219696503008,valid_pre_snapshot,壬申,壬子,乙酉,壬,申,壬,子,乙,酉,木,1,0,0,2,3,5,0,1,水金水水木金,正印|正官|正印|偏印|比肩|七杀
2013-01,FIDE official January 2013 standard rating list,http://ratings.fide.com/download/standard_jan13frl.zip,standard_jan13frl.txt,14602296,"Sebenik, Matej",GM,,,SLO,M,2538,9,10,1983.0,True,,491,484,14602296,1983-08-28,wikidata_exact_year_agrees,north,resolved_unique_birthplace,Q4521873,Q437,Ljubljana,46.05138889,14.50611111,,,True,,M,444,-1.0252468099217025,0.114,1983-08-28,29.34762520790981,valid_pre_snapshot,癸亥,庚申,戊子,癸,亥,庚,申,戊,子,土,0,0,1,2,3,5,0,0,水水金金土水,正财|偏财|食神|食神|比肩|正财
2013-01,FIDE official January 2013 standard rating list,http://ratings.fide.com/download/standard_jan13frl.zip,standard_jan13frl.txt,817570,"Dvirnyy, Danyyil",IM,,,ITA,M,2537,0,10,1990.0,True,,501,494,817570,1990-10-21,wikidata_exact_year_agrees,north,resolved_unique_birthplace,Q3702426,Q656,Saint Petersburg,59.95,30.31666667,,,True,,M,453,-1.041590473271924,0.096,1990-10-21,22.19895001266282,valid_pre_snapshot,庚午,丙戌,己未,庚,午,丙,戌,己,未,土,0,2,3,1,0,1,1,1,金火火土土土,伤官|偏印|正印|劫财|比肩|比肩
2013-01,FIDE official January 2013 standard rating list,http://ratings.fide.com/download/standard_jan13frl.zip,standard_jan13frl.txt,4100972,"Ikonnikov, Vyacheslav",GM,,,RUS,M,2537,1,10,1966.0,True,,501,494,4100972,1966-03-15,wikidata_exact_year_agrees,north,resolved_unique_birthplace,Q2867758,Q915,Perm,58.01388889,56.24888889,,,True,,M,453,-1.041590473271924,0.096,1966-03-15,46.80178237746155,valid_pre_snapshot,丙午,辛卯,癸酉,丙,午,辛,卯,癸,酉,水,1,2,0,2,1,3,0,2,火火金木水金,正财|偏财|偏印|食神|比肩|偏印
2013-01,FIDE official January 2013 standard rating list,http://ratings.fide.com/download/standard_jan13frl.zip,standard_jan13frl.txt,13501720,"Maiorov, Nikita",GM,,,BLR,M,2537,16,10,1985.0,True,,501,494,13501720,1985-04-19,wikidata_exact_year_agrees,north,resolved_unique_birthplace,Q4275004,Q102217,Vitebsk,55.18333333,30.16666667,,,True,,M,453,-1.041590473271924,0.096,1985-04-19,27.704881003716707,valid_pre_snapshot,乙丑,庚辰,戊子,乙,丑,庚,辰,戊,子,土,1,0,3,1,1,2,0,0,木土金土土水,正官|劫财|食神|比肩|比肩|正财
2013-01,FIDE official January 2013 standard rating list,http://ratings.fide.com/download/standard_jan13frl.zip,standard_jan13frl.txt,1006088,"Werle, Jan",GM,,,NED,M,2537,0,10,1984.0,True,,501,494,1006088,1984-01-15,wikidata_exact_year_agrees,north,resolved_unique_birthplace,Q969930,Q109535,Zutphen,52.14,6.195,,,True,,M,453,-1.041590473271924,0.096,1984-01-15,28.96431822693142,valid_pre_snapshot,癸亥,乙丑,戊申,癸,亥,乙,丑,戊,申,土,1,0,2,1,2,3,0,0,水水木土土金,正财|偏财|正官|劫财|比肩|食神
2013-01,FIDE official January 2013 standard rating list,http://ratings.fide.com/download/standard_jan13frl.zip,standard_jan13frl.txt,3202534,"Zhao, Zong-Yuan",GM,,,AUS,M,2537,6,10,1986.0,True,,501,494,3202534,1986-06-26,wikidata_exact_year_agrees,north,resolved_unique_birthplace,Q4515476,Q956,Beijing,39.90403,116.407526,,,True,,M,453,-1.041590473271924,0.096,1986-06-26,26.519367269690683,valid_pre_snapshot,丙寅,甲午,辛丑,丙,寅,甲,午,辛,丑,金,2,2,1,1,0,1,0,1,火木木火金土,正官|正财|正财|七杀|比肩|偏印
2013-01,FIDE official January 2013 standard rating list,http://ratings.fide.com/download/standard_jan13frl.zip,standard_jan13frl.txt,720852,"Gonda, Laszlo",GM,,,HUN,M,2536,0,10,1988.0,True,,507,500,720852,1988-04-24,wikidata_exact_year_agrees,north,resolved_unique_birthplace,Q1297072,Q187821,Tatabánya,47.58616,18.39485,,,True,,M,458,-1.057934136622146,0.086,1988-04-24,24.69044538902236,valid_pre_snapshot,戊辰,丙辰,己酉,戊,辰,丙,辰,己,酉,土,0,1,4,1,0,1,0,0,土土火土土金,劫财|劫财|正印|劫财|比肩|食神
2013-01,FIDE official January 2013 standard rating list,http://ratings.fide.com/download/standard_jan13frl.zip,standard_jan13frl.txt,4135202,"Kharitonov, Alexandr",GM,,,RUS,M,2536,0,10,1986.0,True,,507,500,4135202,1986-11-08,wikidata_exact_year_agrees,north,resolved_unique_birthplace,Q2505504,Q175651,Obninsk,55.1,36.61666667,,,True,,M,458,-1.057934136622146,0.086,1986-11-08,26.14974982374724,valid_pre_snapshot,丙寅,己亥,丙辰,丙,寅,己,亥,丙,辰,火,1,2,2,0,1,1,1,1,火木土水火土,比肩|偏印|伤官|七杀|比肩|食神
2013-01,FIDE official January 2013 standard rating list,http://ratings.fide.com/download/standard_jan13frl.zip,standard_jan13frl.txt,4119991,"Ovetchkin, Roman",GM,,,RUS,M,2536,10,10,1973.0,True,,507,500,4119991,1973-01-16,wikidata_exact_year_agrees,north,resolved_unique_birthplace,Q3540490,Q887,Yekaterinburg,56.83555556,60.61277778,,,True,,M,458,-1.057934136622146,0.086,1973-01-16,39.95975276699727,valid_pre_snapshot,壬子,癸丑,壬子,壬,子,癸,丑,壬,子,水,0,0,1,0,5,5,0,0,水水水土水水,比肩|劫财|劫财|正官|比肩|劫财
2013-01,FIDE official January 2013 standard rating list,http://ratings.fide.com/download/standard_jan13frl.zip,standard_jan13frl.txt,13501429,"Teterev, Vitaly",GM,,,BLR,M,2536,0,10,1983.0,True,,507,500,13501429,1983-01-07,wikidata_exact_year_agrees,north,resolved_unique_birthplace,Q4456514,Q750424,Navapolack,55.53333333,28.66666667,,,True,,M,458,-1.057934136622146,0.086,1983-01-07,29.98555754053813,valid_pre_snapshot,壬戌,癸丑,乙未,壬,戌,癸,丑,乙,未,木,1,0,3,0,2,2,0,1,水土水土木土,正印|正财|偏印|偏财|比肩|偏财
2013-01,FIDE official January 2013 standard rating list,http://ratings.fide.com/download/standard_jan13frl.zip,standard_jan13frl.txt,14103516,"Vysochin, Spartak",GM,,,UKR,M,2536,9,10,1975.0,True,,507,500,14103516,1975-04-30,wikidata_exact_year_agrees,north,resolved_unique_birthplace,Q1941974,Q1899,Kyiv,50.45,30.52361111,,,True,,M,458,-1.057934136622146,0.086,1975-04-30,37.67633832316885,valid_pre_snapshot,乙卯,庚辰,丙午,乙,卯,庚,辰,丙,午,火,2,2,1,1,0,1,0,0,木木金土火火,正印|正印|偏财|食神|比肩|劫财
2013-01,FIDE official January 2013 standard rating list,http://ratings.fide.com/download/standard_jan13frl.zip,standard_jan13frl.txt,4126378,"Yevseev, Denis",GM,,,RUS,M,2536,0,10,1973.0,True,,507,500,4126378,1973-07-03,wikidata_exact_year_agrees,north,resolved_unique_birthplace,Q517795,Q1763,Murmansk,68.96666667,33.08333333,,,True,,M,458,-1.057934136622146,0.086,1973-07-03,39.4997843898232,valid_pre_snapshot,癸丑,戊午,庚子,癸,丑,戊,午,庚,子,金,0,1,2,1,2,3,2,1,水土土火金水,伤官|正印|偏印|正官|比肩|伤官
2013-01,FIDE official January 2013 standard rating list,http://ratings.fide.com/download/standard_jan13frl.zip,standard_jan13frl.txt,14110547,"Zinchenko, Yaroslav",GM,,,UKR,M,2536,0,10,1987.0,True,,507,500,14110547,1987-02-14,wikidata_exact_year_agrees,north,resolved_unique_birthplace,Q4192248,Q48256,Dnipro,48.4675,35.04,,,True,,M,458,-1.057934136622146,0.086,1987-02-14,25.88143493706236,valid_pre_snapshot,丁卯,壬寅,甲午,丁,卯,壬,寅,甲,午,木,3,2,0,0,1,1,2,1,火木水木木火,伤官|劫财|偏印|比肩|比肩|伤官
2013-01,FIDE official January 2013 standard rating list,http://ratings.fide.com/download/standard_jan13frl.zip,standard_jan13frl.txt,405248,"Haslinger, Stewart G",GM,,,ENG,M,2535,0,10,1981.0,True,,514,507,405248,1981-11-25,wikidata_exact_year_agrees,north,resolved_unique_birthplace,Q504274,Q4697475,Ainsdale,53.6021,-3.0405,,,True,,M,465,-1.074277799972368,0.072,1981-11-25,31.10262359938945,valid_pre_snapshot,辛酉,己亥,丁未,辛,酉,己,亥,丁,未,火,0,1,2,2,1,3,0,0,金金土水火土,偏财|偏财|食神|正官|比肩|食神
2013-01,FIDE official January 2013 standard rating list,http://ratings.fide.com/download/standard_jan13frl.zip,standard_jan13frl.txt,4611420,"Luther, Thomas",GM,,,GER,M,2535,0,10,1969.0,True,,514,507,4611420,1969-11-04,wikidata_exact_year_agrees,north,resolved_unique_birthplace,Q68610,Q1729,Erfurt,50.97805556,11.02888889,,,True,,M,465,-1.074277799972368,0.072,1969-11-04,43.16036605816684,valid_pre_snapshot,己酉,甲戌,癸未,己,酉,甲,戌,癸,未,水,1,0,3,1,1,2,1,1,土金木土水土,七杀|偏印|伤官|正官|比肩|七杀
2013-01,FIDE official January 2013 standard rating list,http://ratings.fide.com/download/standard_jan13frl.zip,standard_jan13frl.txt,1000063,"Nijboer, Friso",GM,,,NED,M,2535,1,10,1965.0,True,,514,507,1000063,1965-05-26,wikidata_exact_year_agrees,north,resolved_unique_birthplace,Q1379866,Q47887,Nijmegen,51.8475,5.8625,,,True,,M,465,-1.074277799972368,0.072,1965-05-26,47.603989130509184,valid_pre_snapshot,乙巳,辛巳,庚辰,乙,巳,辛,巳,庚,辰,金,1,2,1,2,0,2,0,1,木火金火金土,正财|七杀|劫财|七杀|比肩|偏印
2013-01,FIDE official January 2013 standard rating list,http://ratings.fide.com/download/standard_jan13frl.zip,standard_jan13frl.txt,4125282,"Orlov, Andrey",GM,,,RUS,M,2535,1,10,1977.0,True,,514,507,4125282,1977-03-19,wikidata_exact_year_agrees,north,resolved_unique_birthplace,Q4336614,Q656,Saint Petersburg,59.95,30.31666667,,,True,,M,465,-1.074277799972368,0.072,1977-03-19,35.78992039535377,valid_pre_snapshot,丁巳,癸卯,乙亥,丁,巳,癸,卯,乙,亥,木,2,2,0,0,2,2,1,1,火火水木木水,食神|伤官|偏印|比肩|比肩|正印
2013-01,FIDE official January 2013 standard rating list,http://ratings.fide.com/download/standard_jan13frl.zip,standard_jan13frl.txt,725323,"Pap, Gyula",GM,,,HUN,M,2535,9,10,1991.0,True,,514,507,725323,1991-04-20,wikidata_exact_year_agrees,north,resolved_unique_birthplace,Q1229335,Q189761,Szekszárd,46.35583333,18.70388889,,,True,,M,465,-1.074277799972368,0.072,1991-04-20,21.7033888443979,valid_pre_snapshot,辛未,壬辰,庚申,辛,未,壬,辰,庚,申,金,0,0,2,3,1,4,0,1,金土水土金金,劫财|正印|食神|偏印|比肩|比肩
2013-01,FIDE official January 2013 standard rating list,http://ratings.fide.com/download/standard_jan13frl.zip,standard_jan13frl.txt,4115333,"Zakhartsov, Viacheslav V.",GM,,,RUS,M,2535,9,10,1968.0,True,,514,507,4115333,1968-03-30,wikidata_exact_year_agrees,north,resolved_unique_birthplace,Q4188791,Q898,Omsk,54.96666667,73.38333333,,,True,,M,465,-1.074277799972368,0.072,1968-03-30,44.75930375024812,valid_pre_snapshot,戊申,乙卯,己亥,戊,申,乙,卯,己,亥,土,2,0,2,1,1,2,1,0,土金木木土水,劫财|伤官|七杀|七杀|比肩|正财
2013-01,FIDE official January 2013 standard rating list,http://ratings.fide.com/download/standard_jan13frl.zip,standard_jan13frl.txt,2500914,"Baburin, Alexander",GM,,,IRL,M,2534,0,10,1967.0,True,,520,513,2500914,1967-02-19,wikidata_exact_year_agrees,north,resolved_unique_birthplace,Q1398323,Q891,Nizhny Novgorod,56.32694444,44.0075,,,True,,M,471,-1.09062146332259,0.06,1967-02-19,45.868156088078464,valid_pre_snapshot,丁未,壬寅,甲寅,丁,未,壬,寅,甲,寅,木,3,1,1,0,1,1,1,1,火土水木木木,伤官|正财|偏印|比肩|比肩|比肩
2013-01,FIDE official January 2013 standard rating list,http://ratings.fide.com/download/standard_jan13frl.zip,standard_jan13frl.txt,1011014,"Brandenburg, Daan",GM,,,NED,M,2534,0,10,1987.0,True,,520,513,1011014,1987-11-14,wikidata_exact_year_agrees,north,resolved_unique_birthplace,Q434047,Q166065,Lelystad,52.51666667,5.48333333,,,True,,M,471,-1.09062146332259,0.06,1987-11-14,25.1339863241545,valid_pre_snapshot,丁卯,辛亥,丁卯,丁,卯,辛,亥,丁,卯,火,2,2,0,1,1,2,0,2,火木金水火木,比肩|偏印|偏财|正官|比肩|偏印
2013-01,FIDE official January 2013 standard rating list,http://ratings.fide.com/download/standard_jan13frl.zip,standard_jan13frl.txt,11601388,"Neiksans, Arturs",GM,,FT,LAT,M,2534,4,10,1983.0,True,,520,513,11601388,1983-03-16,wikidata_exact_year_agrees,north,resolved_unique_birthplace,Q1973188,Q323774,Valka,57.77527778,26.02138889,,,True,,M,471,-1.09062146332259,0.06,1983-03-16,29.79937986406292,valid_pre_snapshot,癸亥,乙卯,癸卯,癸,亥,乙,卯,癸,卯,水,3,0,0,0,3,3,0,0,水水木木水木,比肩|劫财|食神|食神|比肩|食神
2013-01,FIDE official January 2013 standard rating list,http://ratings.fide.com/download/standard_jan13frl.zip,standard_jan13frl.txt,411477,"Gordon, Stephen J",GM,,,ENG,M,2533,0,10,1986.0,True,,524,517,411477,1986-09-04,wikidata_exact_year_agrees,north,resolved_unique_birthplace,Q504014,Q202628,Oldham,53.54472222,-2.11833333,,,True,,M,474,-1.1069651266728118,0.054,1986-09-04,26.32771377920149,valid_pre_snapshot,丙寅,丙申,辛亥,丙,寅,丙,申,辛,亥,金,1,2,0,2,1,3,1,0,火木火金金水,正官|正财|正官|劫财|比肩|伤官
2013-01,FIDE official January 2013 standard rating list,http://ratings.fide.com/download/standard_jan13frl.zip,standard_jan13frl.txt,2000040,"Gulko, Boris F",GM,,FST,USA,M,2533,0,10,1947.0,True,,524,517,2000040,1947-02-09,wikidata_exact_year_agrees,north,resolved_unique_birthplace,Q893658,Q1729,Erfurt,50.97805556,11.02888889,,,True,,M,474,-1.1069651266728118,0.054,1947-02-09,65.8959458441994,valid_pre_snapshot,丁亥,壬寅,己未,丁,亥,壬,寅,己,未,土,1,1,2,0,2,2,0,1,火水水木土土,偏印|正财|正财|正官|比肩|比肩
2013-01,FIDE official January 2013 standard rating list,http://ratings.fide.com/download/standard_jan13frl.zip,standard_jan13frl.txt,1201530,"Manolache, Marius",GM,,,ROU,M,2533,11,10,1973.0,True,,524,517,1201530,1973-04-22,wikidata_exact_year_agrees,north,resolved_unique_birthplace,Q276822,Q170996,Galați,45.43361111,28.05527778,,,True,,M,474,-1.1069651266728118,0.054,1973-04-22,39.69691369432637,valid_pre_snapshot,癸丑,丙辰,戊子,癸,丑,丙,辰,戊,子,土,0,1,3,0,2,2,0,1,水土火土土水,正财|劫财|偏印|比肩|比肩|正财
2013-01,FIDE official January 2013 standard rating list,http://ratings.fide.com/download/standard_jan13frl.zip,standard_jan13frl.txt,1121251,"Olszewski, Michal",GM,,,POL,M,2533,0,10,1989.0,True,,524,517,1121251,1989-09-23,wikidata_exact_year_agrees,north,resolved_unique_birthplace,Q4334486,Q270,Warsaw,52.23,21.01111111,,,True,,M,474,-1.1069651266728118,0.054,1989-09-23,23.2749474664093,valid_pre_snapshot,己巳,癸酉,丙戌,己,巳,癸,酉,丙,戌,火,0,2,2,1,1,2,1,0,土火水金火土,伤官|比肩|正官|正财|比肩|食神
2013-01,FIDE official January 2013 standard rating list,http://ratings.fide.com/download/standard_jan13frl.zip,standard_jan13frl.txt,4101405,"Ulibin, Mikhail",GM,,,RUS,M,2533,0,10,1971.0,True,,524,517,4101405,1971-05-31,wikidata_exact_year_agrees,north,resolved_unique_birthplace,Q4474884,Q887,Yekaterinburg,56.83555556,60.61277778,,,True,,M,474,-1.1069651266728118,0.054,1971-05-31,41.591545343162416,valid_pre_snapshot,辛亥,癸巳,丙辰,辛,亥,癸,巳,丙,辰,火,0,2,1,1,2,3,0,0,金水水火火土,正财|七杀|正官|比肩|比肩|食神
2013-01,FIDE official January 2013 standard rating list,http://ratings.fide.com/download/standard_jan13frl.zip,standard_jan13frl.txt,600164,"Apicella, Manuel",GM,,,FRA,M,2532,0,10,1970.0,True,,529,522,600164,1970-04-19,wikidata_exact_year_agrees,north,resolved_unique_birthplace,Q1377927,Q219045,Longjumeau,48.69694444,2.29555556,,,True,,M,479,-1.1233087900230336,0.044,1970-04-19,42.70587349500674,valid_pre_snapshot,庚戌,庚辰,己巳,庚,戌,庚,辰,己,巳,土,0,1,3,2,0,2,2,0,金土金土土火,伤官|劫财|伤官|劫财|比肩|正印
2013-01,FIDE official January 2013 standard rating list,http://ratings.fide.com/download/standard_jan13frl.zip,standard_jan13frl.txt,1501984,"Lie, Kjetil A.",GM,,,NOR,M,2532,0,10,1980.0,True,,529,522,1501984,1980-11-18,wikidata_exact_year_agrees,north,resolved_unique_birthplace,Q628862,Q2290,Porsgrunn,59.1419,9.6568,,,True,,M,479,-1.1233087900230336,0.044,1980-11-18,32.12112500598917,valid_pre_snapshot,庚申,丁亥,乙未,庚,申,丁,亥,乙,未,木,1,1,1,2,1,3,0,0,金金火水木土,正官|正官|食神|正印|比肩|偏财
2013-01,FIDE official January 2013 standard rating list,http://ratings.fide.com/download/standard_jan13frl.zip,standard_jan13frl.txt,2300028,"Petursson, Margeir",GM,,,ISL,M,2532,0,10,1960.0,True,,529,522,2300028,1960-02-15,wikidata_exact_year_agrees,north,resolved_unique_birthplace,Q1396774,Q1764,Reykjavík,64.1475,-21.935,,,True,,M,479,-1.1233087900230336,0.044,1960-02-15,52.87993593297603,valid_pre_snapshot,庚子,戊寅,癸酉,庚,子,戊,寅,癸,酉,水,1,0,1,2,2,4,1,1,金水土木水金,正印|比肩|正官|伤官|比肩|偏印
2013-01,FIDE official January 2013 standard rating list,http://ratings.fide.com/download/standard_jan13frl.zip,standard_jan13frl.txt,13400665,"Abbasov, Farid",GM,,,AZE,M,2531,0,10,1979.0,True,,533,526,13400665,1979-01-31,wikidata_exact_year_agrees,north,resolved_unique_birthplace,Q945519,Q9248,Baku,40.36665556,49.83518333,,,True,,M,482,-1.1396524533732555,0.038,1979-01-31,33.919929909580624,valid_pre_snapshot,戊午,乙丑,戊戌,戊,午,乙,丑,戊,戌,土,1,1,4,0,0,0,0,0,土火木土土土,比肩|正印|正官|劫财|比肩|比肩
2013-01,FIDE official January 2013 standard rating list,http://ratings.fide.com/download/standard_jan13frl.zip,standard_jan13frl.txt,12400084,"Dao, Thien Hai",GM,,FT,VIE,M,2531,0,10,1978.0,True,,533,526,12400084,1978-05-10,wikidata_exact_year_agrees,north,resolved_unique_birthplace,Q1320395,Q36676,Đồng Tháp,10.38834833,106.0,,,True,,M,482,-1.1396524533732555,0.038,1978-05-10,34.648213173439565,valid_pre_snapshot,戊午,丁巳,壬申,戊,午,丁,巳,壬,申,水,0,3,1,1,1,2,0,1,土火火火水金,七杀|正财|正财|偏财|比肩|偏印
2013-01,FIDE official January 2013 standard rating list,http://ratings.fide.com/download/standard_jan13frl.zip,standard_jan13frl.txt,616915,"Gozzoli, Yannick",GM,,,FRA,M,2531,0,10,1983.0,True,,533,526,616915,1983-06-02,wikidata_exact_year_agrees,north,resolved_unique_birthplace,Q9383356,Q23482,Marseille,43.29666667,5.37638889,,,True,,M,482,-1.1396524533732555,0.038,1983-06-02,29.58582311751781,valid_pre_snapshot,癸亥,丁巳,辛酉,癸,亥,丁,巳,辛,酉,金,0,2,0,2,2,4,1,0,水水火火金金,食神|伤官|七杀|正官|比肩|比肩
2013-01,FIDE official January 2013 standard rating list,http://ratings.fide.com/download/standard_jan13frl.zip,standard_jan13frl.txt,2800080,"Kosashvili, Yona",GM,,,ISR,M,2531,0,10,1970.0,True,,533,526,2800080,1970-07-03,wikidata_exact_year_agrees,north,resolved_unique_birthplace,Q2007272,Q994,Tbilisi,41.7225,44.7925,,,True,,M,482,-1.1396524533732555,0.038,1970-07-03,42.500530469482605,valid_pre_snapshot,庚戌,壬午,甲申,庚,戌,壬,午,甲,申,木,1,1,1,2,1,3,1,1,金土水火木金,七杀|偏财|偏印|伤官|比肩|七杀
2013-01,FIDE official January 2013 standard rating list,http://ratings.fide.com/download/standard_jan13frl.zip,standard_jan13frl.txt,2000164,"Kudrin, Sergey",GM,,,USA,M,2531,0,10,1959.0,True,,533,526,2000164,1959-09-07,wikidata_exact_year_agrees,north,resolved_unique_birthplace,Q2494807,Q883,Novosibirsk,55.03333333,82.91666667,,,True,,M,482,-1.1396524533732555,0.038,1959-09-07,53.32073896110119,valid_pre_snapshot,己亥,壬申,壬辰,己,亥,壬,申,壬,辰,水,0,0,2,1,3,4,0,1,土水水金水土,正官|比肩|比肩|偏印|比肩|七杀
2013-01,FIDE official January 2013 standard rating list,http://ratings.fide.com/download/standard_jan13frl.zip,standard_jan13frl.txt,14100100,"Moskalenko, Viktor",GM,,,ESP,M,2531,9,10,1960.0,True,,533,526,14100100,1960-12-04,wikidata_exact_year_agrees,north,resolved_unique_birthplace,Q616042,Q1874,Odesa,46.47747,30.73262,,,True,,M,482,-1.1396524533732555,0.038,1960-12-04,52.0777291799284,valid_pre_snapshot,庚子,丁亥,丙寅,庚,子,丁,亥,丙,寅,火,1,2,0,1,2,3,0,1,金水火水火木,偏财|正官|劫财|七杀|比肩|偏印
2013-01,FIDE official January 2013 standard rating list,http://ratings.fide.com/download/standard_jan13frl.zip,standard_jan13frl.txt,2012529,"Perelshteyn, Eugene",GM,,,USA,M,2531,0,10,1980.0,True,,533,526,2012529,1980-02-02,wikidata_exact_year_agrees,north,resolved_unique_birthplace,Q4350533,Q156713,Zhytomyr,50.25444444,28.65777778,,,True,,M,482,-1.1396524533732555,0.038,1980-02-02,32.91511803801584,valid_pre_snapshot,己未,丁丑,乙巳,己,未,丁,丑,乙,巳,木,1,2,3,0,0,0,1,0,土土火土木火,偏财|偏财|食神|偏财|比肩|伤官
2013-01,FIDE official January 2013 standard rating list,http://ratings.fide.com/download/standard_jan13frl.zip,standard_jan13frl.txt,7900309,"Rizouk, Aimen",GM,,,ALG,M,2531,9,10,1979.0,True,,533,526,7900309,1979-08-03,wikidata_exact_year_agrees,north,resolved_unique_birthplace,Q9142829,Q3561,Algiers,36.77638889,3.05861111,,,True,,M,482,-1.1396524533732555,0.038,1979-08-03,33.41615502029474,valid_pre_snapshot,己未,辛未,壬寅,己,未,辛,未,壬,寅,水,1,0,3,1,1,2,0,0,土土金土水木,正官|正官|正印|正官|比肩|食神
2013-01,FIDE official January 2013 standard rating list,http://ratings.fide.com/download/standard_jan13frl.zip,standard_jan13frl.txt,6302718,"Yilmaz, Mustafa",GM,,,TUR,M,2531,0,10,1992.0,True,,533,526,6302718,1992-11-05,wikidata_exact_year_agrees,north,resolved_unique_birthplace,Q14703323,Q483191,Kastamonu Province,41.51944444,33.68972222,,,True,,M,482,-1.1396524533732555,0.038,1992-11-05,20.156471385449397,valid_pre_snapshot,壬申,庚戌,乙酉,壬,申,庚,戌,乙,酉,木,1,0,1,3,1,4,0,0,水金金土木金,正印|正官|正官|正财|比肩|七杀
2013-01,FIDE official January 2013 standard rating list,http://ratings.fide.com/download/standard_jan13frl.zip,standard_jan13frl.txt,2000091,"Benjamin, Joel",GM,,,USA,M,2530,0,10,1964.0,True,,543,535,2000091,1964-03-11,wikidata_exact_year_agrees,north,multiple_birthplaces_same_hemisphere,Q1343565,Q18419;Q60,Brooklyn;New York City,40.65083333;40.71277778,-74.00611111;-73.94972222,,,True,,M,491,-1.1559961167234774,0.02,1964-03-11,48.81140612059112,valid_pre_snapshot,甲辰,丁卯,己未,甲,辰,丁,卯,己,未,土,2,1,3,0,0,0,0,1,木土火木土土,正官|劫财|偏印|七杀|比肩|比肩
2013-01,FIDE official January 2013 standard rating list,http://ratings.fide.com/download/standard_jan13frl.zip,standard_jan13frl.txt,4117328,"Chernyshov, Konstantin",GM,,,RUS,M,2530,0,10,1967.0,True,,543,535,4117328,1967-06-11,wikidata_exact_year_agrees,north,resolved_unique_birthplace,Q536934,Q3426,Voronezh,51.67166667,39.21055556,,,True,,M,491,-1.1559961167234774,0.02,1967-06-11,45.56151050329576,valid_pre_snapshot,丁未,丙午,丙午,丁,未,丙,午,丙,午,火,0,5,1,0,0,0,1,0,火土火火火火,劫财|伤官|比肩|劫财|比肩|劫财
2013-01,FIDE official January 2013 standard rating list,http://ratings.fide.com/download/standard_jan13frl.zip,standard_jan13frl.txt,8603693,"Xiu, Deshun",GM,,,CHN,M,2530,4,10,1989.0,True,,543,535,8603693,1989-02-01,wikidata_exact_year_agrees,north,resolved_unique_birthplace,Q8044795,Q170322,Qingdao,36.11666667,120.4,,,True,,M,491,-1.1559961167234774,0.02,1989-02-01,23.91561770604461,valid_pre_snapshot,戊辰,乙丑,壬辰,戊,辰,乙,丑,壬,辰,水,1,0,4,0,1,1,1,0,土土木土水土,七杀|七杀|伤官|正官|比肩|七杀
2013-01,FIDE official January 2013 standard rating list,http://ratings.fide.com/download/standard_jan13frl.zip,standard_jan13frl.txt,3502783,"Cabrera, Alexis",GM,,,ESP,M,2529,0,10,1976.0,True,,548,539,3502783,1976-12-25,wikidata_exact_year_agrees,north,resolved_unique_birthplace,Q555620,Q272471,Matanzas,23.049444,-81.573611,,,True,,M,494,-1.1723397800736994,0.014,1976-12-25,36.01990458394081,valid_pre_snapshot,丙辰,庚子,辛亥,丙,辰,庚,子,辛,亥,金,0,1,1,2,2,4,1,0,火土金水金水,正官|正印|劫财|食神|比肩|伤官
2013-01,FIDE official January 2013 standard rating list,http://ratings.fide.com/download/standard_jan13frl.zip,standard_jan13frl.txt,4100379,"Dvoirys, Semen I.",GM,,,RUS,M,2529,18,10,1958.0,True,,548,539,4100379,1958-11-02,wikidata_exact_year_agrees,north,resolved_unique_birthplace,Q4155852,Q906,Chelyabinsk,55.15,61.4,,,True,,M,494,-1.1723397800736994,0.014,1958-11-02,54.16675222626064,valid_pre_snapshot,戊戌,壬戌,癸未,戊,戌,壬,戌,癸,未,水,0,0,4,0,2,2,0,0,土土水土水土,正官|正官|劫财|正官|比肩|七杀
2013-01,FIDE official January 2013 standard rating list,http://ratings.fide.com/download/standard_jan13frl.zip,standard_jan13frl.txt,4600347,"Mueller, Karsten, Dr.",GM,,,GER,M,2529,0,10,1970.0,True,,548,539,4600347,1970-11-23,wikidata_exact_year_agrees,north,resolved_unique_birthplace,Q69936,Q1055,Hamburg,53.55,10.0,,,True,,M,494,-1.1723397800736994,0.014,1970-11-23,42.10900976748324,valid_pre_snapshot,庚戌,丁亥,丁未,庚,戌,丁,亥,丁,未,火,0,2,2,1,1,2,1,0,金土火水火土,正财|伤官|比肩|正官|比肩|食神
2013-01,FIDE official January 2013 standard rating list,http://ratings.fide.com/download/standard_jan13frl.zip,standard_jan13frl.txt,1209272,"Murariu, Andrei",GM,,,ROU,M,2529,0,10,1986.0,True,,548,539,1209272,1986-02-17,wikidata_exact_year_agrees,north,resolved_unique_birthplace,Q276715,Q202458,Roman,46.93,26.93,,,True,,M,494,-1.1723397800736994,0.014,1986-02-17,26.872557273592204,valid_pre_snapshot,丙寅,庚寅,壬辰,丙,寅,庚,寅,壬,辰,水,2,1,1,1,1,2,0,1,火木金木水土,偏财|食神|偏印|食神|比肩|七杀
2013-01,FIDE official January 2013 standard rating list,http://ratings.fide.com/download/standard_jan13frl.zip,standard_jan13frl.txt,1130420,"Piorun, Kacper",GM,,,POL,M,2529,0,10,1991.0,True,,548,539,1130420,1991-11-24,wikidata_exact_year_agrees,north,resolved_unique_birthplace,Q4386158,Q109992,Łowicz,52.1,19.93333333,,,True,,M,494,-1.1723397800736994,0.014,1991-11-24,21.106525116874405,valid_pre_snapshot,辛未,己亥,戊戌,辛,未,己,亥,戊,戌,土,0,0,4,1,1,2,1,0,金土土水土土,伤官|劫财|劫财|偏财|比肩|比肩
2013-01,FIDE official January 2013 standard rating list,http://ratings.fide.com/download/standard_jan13frl.zip,standard_jan13frl.txt,13601270,"Shengelia, David",GM,,,AUT,M,2529,0,10,1980.0,True,,548,539,13601270,1980-03-06,wikidata_exact_year_agrees,north,resolved_unique_birthplace,Q439610,Q994,Tbilisi,41.7225,44.7925,,,True,,M,494,-1.1723397800736994,0.014,1980-03-06,32.82476710678522,valid_pre_snapshot,庚申,己卯,戊寅,庚,申,己,卯,戊,寅,土,2,0,2,2,0,2,0,0,金金土木土木,食神|食神|劫财|正官|比肩|七杀
2013-01,FIDE official January 2013 standard rating list,http://ratings.fide.com/download/standard_jan13frl.zip,standard_jan13frl.txt,4617347,"Slobodjan, Roman",GM,,,GER,M,2529,0,10,1975.0,True,,548,539,4617347,1975-01-01,wikidata_exact_year_agrees,north,resolved_unique_birthplace,Q69958,Q1711,Potsdam,52.39886;52.4009309,13.0591397;13.06566,,,True,,M,494,-1.1723397800736994,0.014,1975-01-01,38.00214925700048,valid_pre_snapshot,甲寅,丙子,丁未,甲,寅,丙,子,丁,未,火,2,2,1,0,1,1,0,0,木木火水火土,正印|正印|劫财|七杀|比肩|食神
2013-01,FIDE official January 2013 standard rating list,http://ratings.fide.com/download/standard_jan13frl.zip,standard_jan13frl.txt,315303,"Zilka, Stepan",IM,,,CZE,M,2529,0,10,1988.0,True,,548,539,315303,1988-11-11,wikidata_exact_year_agrees,north,resolved_unique_birthplace,Q18274585,Q383850,Litovel,49.70122518,17.07619065,,,True,,M,494,-1.1723397800736994,0.014,1988-11-11,24.140126080617677,valid_pre_snapshot,戊辰,癸亥,庚午,戊,辰,癸,亥,庚,午,金,0,1,2,1,2,3,1,2,土土水水金火,偏印|偏印|伤官|食神|比肩|正官
