member_slug,display_name,class,section,election_year,candidate_dob,candidate_count,raw_birth_marker,pdf_page,pdf_url,publication_locator,source_status,source_error,decision,bazi_variables_computed
bernd-fakler,Prof. Dr. Bernd Fakler,Class II: Life Sciences,Physiology and Pharmacology/Toxicology,2010,1964-03-06,1,*6. 3. 1964,22,https://www.leopoldina.org/fileadmin/Migrierte_Daten/Publikationen/Dokumente/01-59_NAL_Mitglieder-2010_Gesamt.pdf,https://www.leopoldina.org/ergebnisse-und-termine/publikationen/detail/neugewaehlte-mitglieder-2010,available,,accept_official_new_member_profile_exact_dob,0
bernhard-eitel,Prof. Dr. Bernhard Eitel,"Class I: Mathematics, Natural Sciences and Engineering",Earth Sciences,2010,1959-08-31,1,*31. 8. 1959,20,https://www.leopoldina.org/fileadmin/Migrierte_Daten/Publikationen/Dokumente/01-59_NAL_Mitglieder-2010_Gesamt.pdf,https://www.leopoldina.org/ergebnisse-und-termine/publikationen/detail/neugewaehlte-mitglieder-2010,available,,accept_official_new_member_profile_exact_dob,0
charlotte-niemeyer,Professor Dr Charlotte Niemeyer,Class III: Medicine,Gynaecology and Paediatrics,2010,1954-05-18,1,*18. 5.1954,40,https://www.leopoldina.org/fileadmin/Migrierte_Daten/Publikationen/Dokumente/01-59_NAL_Mitglieder-2010_Gesamt.pdf,https://www.leopoldina.org/ergebnisse-und-termine/publikationen/detail/neugewaehlte-mitglieder-2010,available,,accept_official_new_member_profile_exact_dob,0
christoph-dehio,Prof. Dr. Christoph Dehio,Class II: Life Sciences,Microbiology and Immunology,2010,1965-04-23,1,*23. 4. 1965,17,https://www.leopoldina.org/fileadmin/Migrierte_Daten/Publikationen/Dokumente/01-59_NAL_Mitglieder-2010_Gesamt.pdf,https://www.leopoldina.org/ergebnisse-und-termine/publikationen/detail/neugewaehlte-mitglieder-2010,available,,accept_official_new_member_profile_exact_dob,0
elisabeth-andre,Prof. Dr. Elisabeth André,"Class I: Mathematics, Natural Sciences and Engineering",Informatics,2010,1961-11-03,1,*3. 11. 1961,10,https://www.leopoldina.org/fileadmin/Migrierte_Daten/Publikationen/Dokumente/01-59_NAL_Mitglieder-2010_Gesamt.pdf,https://www.leopoldina.org/ergebnisse-und-termine/publikationen/detail/neugewaehlte-mitglieder-2010,available,,accept_official_new_member_profile_exact_dob,0
erwin-grill,Prof. Dr. Erwin Grill,Class II: Life Sciences,Genetics/Molecular Biology and Cell Biology,2010,1957-02-07,1,*7. 2. 1957,25,https://www.leopoldina.org/fileadmin/Migrierte_Daten/Publikationen/Dokumente/01-59_NAL_Mitglieder-2010_Gesamt.pdf,https://www.leopoldina.org/ergebnisse-und-termine/publikationen/detail/neugewaehlte-mitglieder-2010,available,,accept_official_new_member_profile_exact_dob,0
friedrich-hermann-wagner,Prof. Dr. Friedrich Hermann Wagner,Class II: Life Sciences,Organismic and Evolutionary Biology,2010,1953-02-01,1,*1. 2. 1953,55,https://www.leopoldina.org/fileadmin/Migrierte_Daten/Publikationen/Dokumente/01-59_NAL_Mitglieder-2010_Gesamt.pdf,https://www.leopoldina.org/ergebnisse-und-termine/publikationen/detail/neugewaehlte-mitglieder-2010,available,,accept_official_new_member_profile_exact_dob,0
gerold-schuler,Prof. Dr. Gerold Schuler,Class III: Medicine,Internal Medicine and Dermatology,2010,1951-01-09,1,*9. 1. 1951,49,https://www.leopoldina.org/fileadmin/Migrierte_Daten/Publikationen/Dokumente/01-59_NAL_Mitglieder-2010_Gesamt.pdf,https://www.leopoldina.org/ergebnisse-und-termine/publikationen/detail/neugewaehlte-mitglieder-2010,available,,accept_official_new_member_profile_exact_dob,0
hannu-juhani-korkeala,Professor Dr Hannu Juhani Korkeala,Class III: Medicine,Veterinary Medicine,2010,1949-03-06,1,*6th March 1949,31,https://www.leopoldina.org/fileadmin/Migrierte_Daten/Publikationen/Dokumente/01-59_NAL_Mitglieder-2010_Gesamt.pdf,https://www.leopoldina.org/ergebnisse-und-termine/publikationen/detail/neugewaehlte-mitglieder-2010,available,,accept_official_new_member_profile_exact_dob,0
hans-lassmann,Professor Dr Hans Lassmann,Class III: Medicine,Pathology and Forensic Medicine,2010,1949-07-07,1,*7. 7. 1949,35,https://www.leopoldina.org/fileadmin/Migrierte_Daten/Publikationen/Dokumente/01-59_NAL_Mitglieder-2010_Gesamt.pdf,https://www.leopoldina.org/ergebnisse-und-termine/publikationen/detail/neugewaehlte-mitglieder-2010,available,,accept_official_new_member_profile_exact_dob,0
heidi-pfeiffer,Professor Dr Heidi Pfeiffer,Class III: Medicine,Pathology and Forensic Medicine,2010,1960-07-21,1,*21. 7. 1960,43,https://www.leopoldina.org/fileadmin/Migrierte_Daten/Publikationen/Dokumente/01-59_NAL_Mitglieder-2010_Gesamt.pdf,https://www.leopoldina.org/ergebnisse-und-termine/publikationen/detail/neugewaehlte-mitglieder-2010,available,,accept_official_new_member_profile_exact_dob,0
heinz-wanner,Prof. Dr. Heinz Wanner,"Class I: Mathematics, Natural Sciences and Engineering",Earth Sciences,2010,1945-09-25,1,*25. 9. 1945,56,https://www.leopoldina.org/fileadmin/Migrierte_Daten/Publikationen/Dokumente/01-59_NAL_Mitglieder-2010_Gesamt.pdf,https://www.leopoldina.org/ergebnisse-und-termine/publikationen/detail/neugewaehlte-mitglieder-2010,available,,accept_official_new_member_profile_exact_dob,0
helmut-hofer,Professor Dr Helmut Hofer,"Class I: Mathematics, Natural Sciences and Engineering",Mathematics,2010,1956-02-28,1,*28. 2. 1956,28,https://www.leopoldina.org/fileadmin/Migrierte_Daten/Publikationen/Dokumente/01-59_NAL_Mitglieder-2010_Gesamt.pdf,https://www.leopoldina.org/ergebnisse-und-termine/publikationen/detail/neugewaehlte-mitglieder-2010,available,,accept_official_new_member_profile_exact_dob,0
irmgard-sinning,Prof. Dr. Irmgard Sinning,Class II: Life Sciences,Biochemistry and Biophysics,2010,1960-08-01,1,*1. 8. 1960,52,https://www.leopoldina.org/fileadmin/Migrierte_Daten/Publikationen/Dokumente/01-59_NAL_Mitglieder-2010_Gesamt.pdf,https://www.leopoldina.org/ergebnisse-und-termine/publikationen/detail/neugewaehlte-mitglieder-2010,available,,accept_official_new_member_profile_exact_dob,0
ivan-dikic,Professor Dr Ivan Dikic,Class II: Life Sciences,Biochemistry and Biophysics,2010,1966-05-28,1,*28th May 1966,19,https://www.leopoldina.org/fileadmin/Migrierte_Daten/Publikationen/Dokumente/01-59_NAL_Mitglieder-2010_Gesamt.pdf,https://www.leopoldina.org/ergebnisse-und-termine/publikationen/detail/neugewaehlte-mitglieder-2010,available,,accept_official_new_member_profile_exact_dob,0
jacob-palis,Professor Dr Jacob Palis (,"Class I: Mathematics, Natural Sciences and Engineering",Mathematics,2010,1940-03-15,1,*15th March 1940,41,https://www.leopoldina.org/fileadmin/Migrierte_Daten/Publikationen/Dokumente/01-59_NAL_Mitglieder-2010_Gesamt.pdf,https://www.leopoldina.org/ergebnisse-und-termine/publikationen/detail/neugewaehlte-mitglieder-2010,available,,accept_official_new_member_profile_exact_dob,0
jean-krutmann,Professor Dr Jean Krutmann,Class III: Medicine,Internal Medicine and Dermatology,2010,1959-04-03,1,*3. 4. 1959,32,https://www.leopoldina.org/fileadmin/Migrierte_Daten/Publikationen/Dokumente/01-59_NAL_Mitglieder-2010_Gesamt.pdf,https://www.leopoldina.org/ergebnisse-und-termine/publikationen/detail/neugewaehlte-mitglieder-2010,available,,accept_official_new_member_profile_exact_dob,0
joachim-grifka,Professor Dr Joachim Grifka,Class III: Medicine,"Surgery, Orthopaedics, Anaesthesiology",2010,1958-03-18,1,*18. 3. 1958,24,https://www.leopoldina.org/fileadmin/Migrierte_Daten/Publikationen/Dokumente/01-59_NAL_Mitglieder-2010_Gesamt.pdf,https://www.leopoldina.org/ergebnisse-und-termine/publikationen/detail/neugewaehlte-mitglieder-2010,available,,accept_official_new_member_profile_exact_dob,0
karl-heinz-plate,Prof. Dr. Karl Heinz Plate,Class III: Medicine,Pathology and Forensic Medicine,2010,1959-01-13,1,*13. 1. 1959,44,https://www.leopoldina.org/fileadmin/Migrierte_Daten/Publikationen/Dokumente/01-59_NAL_Mitglieder-2010_Gesamt.pdf,https://www.leopoldina.org/ergebnisse-und-termine/publikationen/detail/neugewaehlte-mitglieder-2010,available,,accept_official_new_member_profile_exact_dob,0
karl-heinz-welte,Prof. Dr. Karl Heinz Welte,Class III: Medicine,Gynaecology and Paediatrics,2010,1942-08-23,1,*23. 8. 1942,57,https://www.leopoldina.org/fileadmin/Migrierte_Daten/Publikationen/Dokumente/01-59_NAL_Mitglieder-2010_Gesamt.pdf,https://www.leopoldina.org/ergebnisse-und-termine/publikationen/detail/neugewaehlte-mitglieder-2010,available,,accept_official_new_member_profile_exact_dob,0
klaus-mezger,Professor Dr Klaus Mezger,"Class I: Mathematics, Natural Sciences and Engineering",Earth Sciences,2010,1958-01-31,1,*31. 1. 1958,38,https://www.leopoldina.org/fileadmin/Migrierte_Daten/Publikationen/Dokumente/01-59_NAL_Mitglieder-2010_Gesamt.pdf,https://www.leopoldina.org/ergebnisse-und-termine/publikationen/detail/neugewaehlte-mitglieder-2010,available,,accept_official_new_member_profile_exact_dob,0
lothar-heinz-wieler,Professor Dr Lothar Heinz Wieler,Class III: Medicine,Global Health,2010,1961-02-08,1,*8. 2. 1961,58,https://www.leopoldina.org/fileadmin/Migrierte_Daten/Publikationen/Dokumente/01-59_NAL_Mitglieder-2010_Gesamt.pdf,https://www.leopoldina.org/ergebnisse-und-termine/publikationen/detail/neugewaehlte-mitglieder-2010,available,,accept_official_new_member_profile_exact_dob,0
manfred-dietel,Prof. Dr. Manfred Dietel,Class III: Medicine,Pathology and Forensic Medicine,2010,1948-09-10,1,*10. 9. 1948,18,https://www.leopoldina.org/fileadmin/Migrierte_Daten/Publikationen/Dokumente/01-59_NAL_Mitglieder-2010_Gesamt.pdf,https://www.leopoldina.org/ergebnisse-und-termine/publikationen/detail/neugewaehlte-mitglieder-2010,available,,accept_official_new_member_profile_exact_dob,0
manfred-milinski,Professor Dr Manfred Milinski,Class II: Life Sciences,Organismic and Evolutionary Biology,2010,1950-02-08,1,*8. 2. 1950,39,https://www.leopoldina.org/fileadmin/Migrierte_Daten/Publikationen/Dokumente/01-59_NAL_Mitglieder-2010_Gesamt.pdf,https://www.leopoldina.org/ergebnisse-und-termine/publikationen/detail/neugewaehlte-mitglieder-2010,available,,accept_official_new_member_profile_exact_dob,0
matthias-w-beckmann,Prof. Dr. Matthias W. Beckmann,Class III: Medicine,Gynaecology and Paediatrics,2010,1960-09-24,1,*24. 9. 1960,12,https://www.leopoldina.org/fileadmin/Migrierte_Daten/Publikationen/Dokumente/01-59_NAL_Mitglieder-2010_Gesamt.pdf,https://www.leopoldina.org/ergebnisse-und-termine/publikationen/detail/neugewaehlte-mitglieder-2010,available,,accept_official_new_member_profile_exact_dob,0
michael-hertl,Prof. Dr. Michael Hertl,Class III: Medicine,Internal Medicine and Dermatology,2010,1961-08-09,1,*9. 8. 1961,27,https://www.leopoldina.org/fileadmin/Migrierte_Daten/Publikationen/Dokumente/01-59_NAL_Mitglieder-2010_Gesamt.pdf,https://www.leopoldina.org/ergebnisse-und-termine/publikationen/detail/neugewaehlte-mitglieder-2010,available,,accept_official_new_member_profile_exact_dob,0
moussa-bh-youdim,Professor Dr Moussa B.H. Youdim,Class III: Medicine,Neurosciences,2010,1940-02-28,1,*28th February 1940,59,https://www.leopoldina.org/fileadmin/Migrierte_Daten/Publikationen/Dokumente/01-59_NAL_Mitglieder-2010_Gesamt.pdf,https://www.leopoldina.org/ergebnisse-und-termine/publikationen/detail/neugewaehlte-mitglieder-2010,available,,accept_official_new_member_profile_exact_dob,0
ole-holger-petersen,Professor Dr Ole Holger Petersen,Class II: Life Sciences,Physiology and Pharmacology/Toxicology,2010,1943-03-03,1,*3rd March 1943,42,https://www.leopoldina.org/fileadmin/Migrierte_Daten/Publikationen/Dokumente/01-59_NAL_Mitglieder-2010_Gesamt.pdf,https://www.leopoldina.org/ergebnisse-und-termine/publikationen/detail/neugewaehlte-mitglieder-2010,available,,accept_official_new_member_profile_exact_dob,0
paul-schulze-lefert,Prof. Dr. Paul Schulze-Lefert,Class II: Life Sciences,Organismic and Evolutionary Biology,2010,1958-02-04,1,*4. 2. 1958,50,https://www.leopoldina.org/fileadmin/Migrierte_Daten/Publikationen/Dokumente/01-59_NAL_Mitglieder-2010_Gesamt.pdf,https://www.leopoldina.org/ergebnisse-und-termine/publikationen/detail/neugewaehlte-mitglieder-2010,available,,accept_official_new_member_profile_exact_dob,0
peter-carmeliet,Prof. Dr. Peter Carmeliet,Class III: Medicine,Anatomy and Anthropology,2010,1959-12-08,1,*8th December 1959,16,https://www.leopoldina.org/fileadmin/Migrierte_Daten/Publikationen/Dokumente/01-59_NAL_Mitglieder-2010_Gesamt.pdf,https://www.leopoldina.org/ergebnisse-und-termine/publikationen/detail/neugewaehlte-mitglieder-2010,available,,accept_official_new_member_profile_exact_dob,0
ralph-bock,Professor Dr Ralph Bock,Class II: Life Sciences,Genetics/Molecular Biology and Cell Biology,2010,1967-10-08,1,*8. 10. 1967,14,https://www.leopoldina.org/fileadmin/Migrierte_Daten/Publikationen/Dokumente/01-59_NAL_Mitglieder-2010_Gesamt.pdf,https://www.leopoldina.org/ergebnisse-und-termine/publikationen/detail/neugewaehlte-mitglieder-2010,available,,accept_official_new_member_profile_exact_dob,0
roland-beckmann,Prof. Dr. Roland Beckmann,Class II: Life Sciences,Biochemistry and Biophysics,2010,1965-02-13,1,*13. 2. 1965,13,https://www.leopoldina.org/fileadmin/Migrierte_Daten/Publikationen/Dokumente/01-59_NAL_Mitglieder-2010_Gesamt.pdf,https://www.leopoldina.org/ergebnisse-und-termine/publikationen/detail/neugewaehlte-mitglieder-2010,available,,accept_official_new_member_profile_exact_dob,0
rolf-rossaint,Professor Dr Rolf Rossaint,Class III: Medicine,"Surgery, Orthopaedics, Anaesthesiology",2010,1958-06-26,1,*26. 6. 1958,48,https://www.leopoldina.org/fileadmin/Migrierte_Daten/Publikationen/Dokumente/01-59_NAL_Mitglieder-2010_Gesamt.pdf,https://www.leopoldina.org/ergebnisse-und-termine/publikationen/detail/neugewaehlte-mitglieder-2010,available,,accept_official_new_member_profile_exact_dob,0
susanne-albers,Professor Dr Susanne Albers,"Class I: Mathematics, Natural Sciences and Engineering",Informatics,2010,1965-06-10,1,*10. 6. 1965,9,https://www.leopoldina.org/fileadmin/Migrierte_Daten/Publikationen/Dokumente/01-59_NAL_Mitglieder-2010_Gesamt.pdf,https://www.leopoldina.org/ergebnisse-und-termine/publikationen/detail/neugewaehlte-mitglieder-2010,available,,accept_official_new_member_profile_exact_dob,0
tobias-bonhoeffer,Professor Dr Tobias Bonhoeffer,Class III: Medicine,Neurosciences,2010,1960-01-09,1,*9. 1. 1960,15,https://www.leopoldina.org/fileadmin/Migrierte_Daten/Publikationen/Dokumente/01-59_NAL_Mitglieder-2010_Gesamt.pdf,https://www.leopoldina.org/ergebnisse-und-termine/publikationen/detail/neugewaehlte-mitglieder-2010,available,,accept_official_new_member_profile_exact_dob,0
toni-m-kutchan,Prof. Dr. Toni M. Kutchan,Class II: Life Sciences,Genetics/Molecular Biology and Cell Biology,2010,1957-02-07,1,*7th February 1957,33,https://www.leopoldina.org/fileadmin/Migrierte_Daten/Publikationen/Dokumente/01-59_NAL_Mitglieder-2010_Gesamt.pdf,https://www.leopoldina.org/ergebnisse-und-termine/publikationen/detail/neugewaehlte-mitglieder-2010,available,,accept_official_new_member_profile_exact_dob,0
wolfgang-baumjohann,Professor Dr Wolfgang Baumjohann,"Class I: Mathematics, Natural Sciences and Engineering",Earth Sciences,2010,1950-08-09,1,*9. 8. 1950,11,https://www.leopoldina.org/fileadmin/Migrierte_Daten/Publikationen/Dokumente/01-59_NAL_Mitglieder-2010_Gesamt.pdf,https://www.leopoldina.org/ergebnisse-und-termine/publikationen/detail/neugewaehlte-mitglieder-2010,available,,accept_official_new_member_profile_exact_dob,0
amparo-acker-palmer,Professor Dr Amparo Acker-Palmer,Class II: Life Sciences,Human Genetics and Molecular Medicine,2012,1968-09-10,1,*10. 9. 1968,8,https://www.leopoldina.org/fileadmin/Migrierte_Daten/Publikationen/Dokumente/Neugewaehlte_Mitglieder_2012.pdf,https://www.leopoldina.org/ergebnisse-und-termine/publikationen/detail/neugewaehlte-mitglieder-2012,available,,accept_official_new_member_profile_exact_dob,0
annette-beck-sickinger,Professor Dr Annette Beck-Sickinger,"Class I: Mathematics, Natural Sciences and Engineering",Chemistry,2012,1960-10-28,1,*28. 10. 1960,9,https://www.leopoldina.org/fileadmin/Migrierte_Daten/Publikationen/Dokumente/Neugewaehlte_Mitglieder_2012.pdf,https://www.leopoldina.org/ergebnisse-und-termine/publikationen/detail/neugewaehlte-mitglieder-2012,available,,accept_official_new_member_profile_exact_dob,0
arndt-borkhardt,Prof. Dr. Arndt Borkhardt,Class III: Medicine,Gynaecology and Paediatrics,2012,1963-09-22,1,*22. 9. 1963,12,https://www.leopoldina.org/fileadmin/Migrierte_Daten/Publikationen/Dokumente/Neugewaehlte_Mitglieder_2012.pdf,https://www.leopoldina.org/ergebnisse-und-termine/publikationen/detail/neugewaehlte-mitglieder-2012,available,,accept_official_new_member_profile_exact_dob,0
bernd-gerber,Prof. Dr. Bernd Gerber,Class III: Medicine,Gynaecology and Paediatrics,2012,1957-08-11,1,*11. 8. 1957,29,https://www.leopoldina.org/fileadmin/Migrierte_Daten/Publikationen/Dokumente/Neugewaehlte_Mitglieder_2012.pdf,https://www.leopoldina.org/ergebnisse-und-termine/publikationen/detail/neugewaehlte-mitglieder-2012,available,,accept_official_new_member_profile_exact_dob,0
brett-b-finlay,Professor Dr Brett B. Finlay,Class II: Life Sciences,Microbiology and Immunology,2012,1959-04-04,1,*4th April 1959,24,https://www.leopoldina.org/fileadmin/Migrierte_Daten/Publikationen/Dokumente/Neugewaehlte_Mitglieder_2012.pdf,https://www.leopoldina.org/ergebnisse-und-termine/publikationen/detail/neugewaehlte-mitglieder-2012,available,,accept_official_new_member_profile_exact_dob,0
bruce-beutler,Professor Dr Bruce Beutler,Class II: Life Sciences,Genetics/Molecular Biology and Cell Biology,2012,1957-12-29,1,*29th December 1957,10,https://www.leopoldina.org/fileadmin/Migrierte_Daten/Publikationen/Dokumente/Neugewaehlte_Mitglieder_2012.pdf,https://www.leopoldina.org/ergebnisse-und-termine/publikationen/detail/neugewaehlte-mitglieder-2012,available,,accept_official_new_member_profile_exact_dob,0
felix-eckstein,Professor Dr Felix Eckstein,Class III: Medicine,Anatomy and Anthropology,2012,1964-06-20,1,*20. 6. 1964,21,https://www.leopoldina.org/fileadmin/Migrierte_Daten/Publikationen/Dokumente/Neugewaehlte_Mitglieder_2012.pdf,https://www.leopoldina.org/ergebnisse-und-termine/publikationen/detail/neugewaehlte-mitglieder-2012,available,,accept_official_new_member_profile_exact_dob,0
gabriele-stangl,Professor Dr Gabriele Stangl,Class III: Medicine,Global Health,2012,1964-07-11,1,*11. 7. 1964,55,https://www.leopoldina.org/fileadmin/Migrierte_Daten/Publikationen/Dokumente/Neugewaehlte_Mitglieder_2012.pdf,https://www.leopoldina.org/ergebnisse-und-termine/publikationen/detail/neugewaehlte-mitglieder-2012,available,,accept_official_new_member_profile_exact_dob,0
gerald-h-haug,Prof. (ETHZ)* Dr. Gerald H. Haug,"Class I: Mathematics, Natural Sciences and Engineering",Earth Sciences,2012,1968-04-14,1,*14. 4. 1968,32,https://www.leopoldina.org/fileadmin/Migrierte_Daten/Publikationen/Dokumente/Neugewaehlte_Mitglieder_2012.pdf,https://www.leopoldina.org/ergebnisse-und-termine/publikationen/detail/neugewaehlte-mitglieder-2012,available,,accept_official_new_member_profile_exact_dob,0
gerald-rimbach,Prof. Dr. Gerald Rimbach,Class II: Life Sciences,Agricultural and Nutritional Sciences,2012,1964-12-26,1,*26. 12. 1964,48,https://www.leopoldina.org/fileadmin/Migrierte_Daten/Publikationen/Dokumente/Neugewaehlte_Mitglieder_2012.pdf,https://www.leopoldina.org/ergebnisse-und-termine/publikationen/detail/neugewaehlte-mitglieder-2012,available,,accept_official_new_member_profile_exact_dob,0
hanns-hatt,Professor Dr Hanns Hatt (,Class II: Life Sciences,Physiology and Pharmacology/Toxicology,2012,1947-07-08,1,*8. 7. 1947,31,https://www.leopoldina.org/fileadmin/Migrierte_Daten/Publikationen/Dokumente/Neugewaehlte_Mitglieder_2012.pdf,https://www.leopoldina.org/ergebnisse-und-termine/publikationen/detail/neugewaehlte-mitglieder-2012,available,,accept_official_new_member_profile_exact_dob,0
huanming-yang,Prof. Dr. Huanming Yang,Class II: Life Sciences,Human Genetics and Molecular Medicine,2012,1952-10-06,1,*6th October 1952,60,https://www.leopoldina.org/fileadmin/Migrierte_Daten/Publikationen/Dokumente/Neugewaehlte_Mitglieder_2012.pdf,https://www.leopoldina.org/ergebnisse-und-termine/publikationen/detail/neugewaehlte-mitglieder-2012,available,,accept_official_new_member_profile_exact_dob,0
jiayang-li,Prof. Dr. Jiayang Li,Class II: Life Sciences,Organismic and Evolutionary Biology,2012,1956-07-03,1,*3th July 1956,41,https://www.leopoldina.org/fileadmin/Migrierte_Daten/Publikationen/Dokumente/Neugewaehlte_Mitglieder_2012.pdf,https://www.leopoldina.org/ergebnisse-und-termine/publikationen/detail/neugewaehlte-mitglieder-2012,available,,accept_official_new_member_profile_exact_dob,0
julia-anne-vorholt,Prof. Dr. Julia Anne Vorholt,Class II: Life Sciences,Microbiology and Immunology,2012,1969-09-15,1,*15. 9. 1969,59,https://www.leopoldina.org/fileadmin/Migrierte_Daten/Publikationen/Dokumente/Neugewaehlte_Mitglieder_2012.pdf,https://www.leopoldina.org/ergebnisse-und-termine/publikationen/detail/neugewaehlte-mitglieder-2012,available,,accept_official_new_member_profile_exact_dob,0
lutz-hein,Professor Dr Lutz Hein,Class II: Life Sciences,Physiology and Pharmacology/Toxicology,2012,1963-05-12,1,*12. 5. 1963,34,https://www.leopoldina.org/fileadmin/Migrierte_Daten/Publikationen/Dokumente/Neugewaehlte_Mitglieder_2012.pdf,https://www.leopoldina.org/ergebnisse-und-termine/publikationen/detail/neugewaehlte-mitglieder-2012,available,,accept_official_new_member_profile_exact_dob,0
marc-burger,Prof. Dr. Marc Burger,"Class I: Mathematics, Natural Sciences and Engineering",Mathematics,2012,1959-10-31,1,*31. 10. 1959,14,https://www.leopoldina.org/fileadmin/Migrierte_Daten/Publikationen/Dokumente/Neugewaehlte_Mitglieder_2012.pdf,https://www.leopoldina.org/ergebnisse-und-termine/publikationen/detail/neugewaehlte-mitglieder-2012,available,,accept_official_new_member_profile_exact_dob,0
martin-suhm,Professor Dr Martin Suhm,"Class I: Mathematics, Natural Sciences and Engineering",Chemistry,2012,1962-12-30,1,*30. 12. 1962,57,https://www.leopoldina.org/fileadmin/Migrierte_Daten/Publikationen/Dokumente/Neugewaehlte_Mitglieder_2012.pdf,https://www.leopoldina.org/ergebnisse-und-termine/publikationen/detail/neugewaehlte-mitglieder-2012,available,,accept_official_new_member_profile_exact_dob,0
melitta-schachner-camartin,Prof. Dr. Melitta Schachner Camartin,Class III: Medicine,Neurosciences,2012,1943-04-04,1,*4. 4. 1943,49,https://www.leopoldina.org/fileadmin/Migrierte_Daten/Publikationen/Dokumente/Neugewaehlte_Mitglieder_2012.pdf,https://www.leopoldina.org/ergebnisse-und-termine/publikationen/detail/neugewaehlte-mitglieder-2012,available,,accept_official_new_member_profile_exact_dob,0
michael-forsting,Professor Dr Michael Forsting,Class III: Medicine,Radiology,2012,1960-12-07,1,*7. 12. 1960,26,https://www.leopoldina.org/fileadmin/Migrierte_Daten/Publikationen/Dokumente/Neugewaehlte_Mitglieder_2012.pdf,https://www.leopoldina.org/ergebnisse-und-termine/publikationen/detail/neugewaehlte-mitglieder-2012,available,,accept_official_new_member_profile_exact_dob,0
norbert-pfeiffer,Professor Dr Norbert Pfeiffer,Class III: Medicine,"Ophthalmology, Oto-Rhino-Laryngology and Stomatology",2012,1958-03-13,1,*13. 3. 1958,47,https://www.leopoldina.org/fileadmin/Migrierte_Daten/Publikationen/Dokumente/Neugewaehlte_Mitglieder_2012.pdf,https://www.leopoldina.org/ergebnisse-und-termine/publikationen/detail/neugewaehlte-mitglieder-2012,available,,accept_official_new_member_profile_exact_dob,0
peter-forster,Dr Peter Forster,Class III: Medicine,Pathology and Forensic Medicine,2012,1967-06-27,1,*27. Juni 1967,25,https://www.leopoldina.org/fileadmin/Migrierte_Daten/Publikationen/Dokumente/Neugewaehlte_Mitglieder_2012.pdf,https://www.leopoldina.org/ergebnisse-und-termine/publikationen/detail/neugewaehlte-mitglieder-2012,available,,accept_official_new_member_profile_exact_dob,0
peter-hegemann,Professor Dr Peter Hegemann,Class II: Life Sciences,Biochemistry and Biophysics,2012,1954-12-11,1,*11. 12. 1954,33,https://www.leopoldina.org/fileadmin/Migrierte_Daten/Publikationen/Dokumente/Neugewaehlte_Mitglieder_2012.pdf,https://www.leopoldina.org/ergebnisse-und-termine/publikationen/detail/neugewaehlte-mitglieder-2012,available,,accept_official_new_member_profile_exact_dob,0
peter-schirmacher,Prof. Dr. Peter Schirmacher,Class III: Medicine,Pathology and Forensic Medicine,2012,1961-11-04,1,*4. 11. 1961,50,https://www.leopoldina.org/fileadmin/Migrierte_Daten/Publikationen/Dokumente/Neugewaehlte_Mitglieder_2012.pdf,https://www.leopoldina.org/ergebnisse-und-termine/publikationen/detail/neugewaehlte-mitglieder-2012,available,,accept_official_new_member_profile_exact_dob,0
raghavendra-gadagkar,Professor Dr Raghavendra Gadagkar,Class II: Life Sciences,Organismic and Evolutionary Biology,2012,1953-06-28,1,*28th June 1953,27,https://www.leopoldina.org/fileadmin/Migrierte_Daten/Publikationen/Dokumente/Neugewaehlte_Mitglieder_2012.pdf,https://www.leopoldina.org/ergebnisse-und-termine/publikationen/detail/neugewaehlte-mitglieder-2012,available,,accept_official_new_member_profile_exact_dob,0
reinhard-georg-dummer,Prof. Dr. Reinhard Georg Dummer,Class III: Medicine,Internal Medicine and Dermatology,2012,1960-01-09,1,*9. 1. 1960,18,https://www.leopoldina.org/fileadmin/Migrierte_Daten/Publikationen/Dokumente/Neugewaehlte_Mitglieder_2012.pdf,https://www.leopoldina.org/ergebnisse-und-termine/publikationen/detail/neugewaehlte-mitglieder-2012,available,,accept_official_new_member_profile_exact_dob,0
sara-anna-van-de-geer,Professor Dr Sara Anna van de Geer,"Class I: Mathematics, Natural Sciences and Engineering",Mathematics,2012,1958-05-07,1,*7th May 1958,58,https://www.leopoldina.org/fileadmin/Migrierte_Daten/Publikationen/Dokumente/Neugewaehlte_Mitglieder_2012.pdf,https://www.leopoldina.org/ergebnisse-und-termine/publikationen/detail/neugewaehlte-mitglieder-2012,available,,accept_official_new_member_profile_exact_dob,0
stipan-jonjic,Prof. Dr. Stipan Jonjić,Class II: Life Sciences,Microbiology and Immunology,2012,1953-07-14,1,*14th July 1953,36,https://www.leopoldina.org/fileadmin/Migrierte_Daten/Publikationen/Dokumente/Neugewaehlte_Mitglieder_2012.pdf,https://www.leopoldina.org/ergebnisse-und-termine/publikationen/detail/neugewaehlte-mitglieder-2012,available,,accept_official_new_member_profile_exact_dob,0
thomas-langer,Prof. Dr. Thomas Langer,Class II: Life Sciences,Biochemistry and Biophysics,2012,1964-05-22,1,*22. 5. 1964,40,https://www.leopoldina.org/fileadmin/Migrierte_Daten/Publikationen/Dokumente/Neugewaehlte_Mitglieder_2012.pdf,https://www.leopoldina.org/ergebnisse-und-termine/publikationen/detail/neugewaehlte-mitglieder-2012,available,,accept_official_new_member_profile_exact_dob,0
ueli-braun,Professor Dr Ueli Braun,Class III: Medicine,Veterinary Medicine,2012,1951-11-07,1,*7. 11. 1951,13,https://www.leopoldina.org/fileadmin/Migrierte_Daten/Publikationen/Dokumente/Neugewaehlte_Mitglieder_2012.pdf,https://www.leopoldina.org/ergebnisse-und-termine/publikationen/detail/neugewaehlte-mitglieder-2012,available,,accept_official_new_member_profile_exact_dob,0
ulrike-kutay,Prof. Dr. Ulrike Kutay,Class II: Life Sciences,Biochemistry and Biophysics,2012,1966-05-24,1,*24. 5. 1966,39,https://www.leopoldina.org/fileadmin/Migrierte_Daten/Publikationen/Dokumente/Neugewaehlte_Mitglieder_2012.pdf,https://www.leopoldina.org/ergebnisse-und-termine/publikationen/detail/neugewaehlte-mitglieder-2012,available,,accept_official_new_member_profile_exact_dob,0
webster-k-cavenee,Professor Dr Webster K. Cavenee,Class II: Life Sciences,Human Genetics and Molecular Medicine,2012,1951-09-12,1,*12th September 1951,15,https://www.leopoldina.org/fileadmin/Migrierte_Daten/Publikationen/Dokumente/Neugewaehlte_Mitglieder_2012.pdf,https://www.leopoldina.org/ergebnisse-und-termine/publikationen/detail/neugewaehlte-mitglieder-2012,available,,accept_official_new_member_profile_exact_dob,0
william-b-durham,Ph.D. William B. Durham,"Class I: Mathematics, Natural Sciences and Engineering",Earth Sciences,2012,1947-05-20,1,*20th May 1947,19,https://www.leopoldina.org/fileadmin/Migrierte_Daten/Publikationen/Dokumente/Neugewaehlte_Mitglieder_2012.pdf,https://www.leopoldina.org/ergebnisse-und-termine/publikationen/detail/neugewaehlte-mitglieder-2012,available,,accept_official_new_member_profile_exact_dob,0
wolfgang-meyerhof,Professor Dr Wolfgang Meyerhof,Class II: Life Sciences,Agricultural and Nutritional Sciences,2012,1953-03-09,1,*9. 3. 1953,44,https://www.leopoldina.org/fileadmin/Migrierte_Daten/Publikationen/Dokumente/Neugewaehlte_Mitglieder_2012.pdf,https://www.leopoldina.org/ergebnisse-und-termine/publikationen/detail/neugewaehlte-mitglieder-2012,available,,accept_official_new_member_profile_exact_dob,0
ada-yonath,Prof. Dr. Ada Yonath (,Class II: Life Sciences,Biochemistry and Biophysics,2013,1939-06-22,1,*22nd June 1939,68,https://www.leopoldina.org/fileadmin/Migrierte_Daten/Publikationen/Dokumente/Neugewaehlte_Mitglieder_2013_2.pdf,https://www.leopoldina.org/ergebnisse-und-termine/publikationen/detail/neugewaehlte-mitglieder-2013,available,,accept_official_new_member_profile_exact_dob,0
alexei-verkhratsky,Prof. Dr. Alexei Verkhratsky,Class III: Medicine,Neurosciences,2013,1961-07-30,1,*30th July 1961,60,https://www.leopoldina.org/fileadmin/Migrierte_Daten/Publikationen/Dokumente/Neugewaehlte_Mitglieder_2013_2.pdf,https://www.leopoldina.org/ergebnisse-und-termine/publikationen/detail/neugewaehlte-mitglieder-2013,available,,accept_official_new_member_profile_exact_dob,0
christian-jung,Professor Dr Christian Jung,Class II: Life Sciences,Agricultural and Nutritional Sciences,2013,1956-09-17,1,*17. 9. 1956,29,https://www.leopoldina.org/fileadmin/Migrierte_Daten/Publikationen/Dokumente/Neugewaehlte_Mitglieder_2013_2.pdf,https://www.leopoldina.org/ergebnisse-und-termine/publikationen/detail/neugewaehlte-mitglieder-2013,available,,accept_official_new_member_profile_exact_dob,0
dierk-raabe,Professor Dr Dierk Raabe,"Class I: Mathematics, Natural Sciences and Engineering",Engineering Sciences,2013,1965-04-18,1,*18. 4. 1965,46,https://www.leopoldina.org/fileadmin/Migrierte_Daten/Publikationen/Dokumente/Neugewaehlte_Mitglieder_2013_2.pdf,https://www.leopoldina.org/ergebnisse-und-termine/publikationen/detail/neugewaehlte-mitglieder-2013,available,,accept_official_new_member_profile_exact_dob,0
frank-neese,Professor Dr Frank Neese,"Class I: Mathematics, Natural Sciences and Engineering",Chemistry,2013,1967-12-13,1,*13. 12. 1967,42,https://www.leopoldina.org/fileadmin/Migrierte_Daten/Publikationen/Dokumente/Neugewaehlte_Mitglieder_2013_2.pdf,https://www.leopoldina.org/ergebnisse-und-termine/publikationen/detail/neugewaehlte-mitglieder-2013,available,,accept_official_new_member_profile_exact_dob,0
gabriel-waksman,Professor Dr Gabriel Waksman,Class II: Life Sciences,Biochemistry and Biophysics,2013,1957-09-03,1,*3th September 1957,62,https://www.leopoldina.org/fileadmin/Migrierte_Daten/Publikationen/Dokumente/Neugewaehlte_Mitglieder_2013_2.pdf,https://www.leopoldina.org/ergebnisse-und-termine/publikationen/detail/neugewaehlte-mitglieder-2013,available,,accept_official_new_member_profile_exact_dob,0
gesine-hansen,Professor Dr Gesine Hansen,Class III: Medicine,Gynaecology and Paediatrics,2013,1965-10-08,1,*8. 10. 1965,21,https://www.leopoldina.org/fileadmin/Migrierte_Daten/Publikationen/Dokumente/Neugewaehlte_Mitglieder_2013_2.pdf,https://www.leopoldina.org/ergebnisse-und-termine/publikationen/detail/neugewaehlte-mitglieder-2013,available,,accept_official_new_member_profile_exact_dob,0
gian-paolo-dotto,Professor Dr Gian-Paolo Dotto,Class III: Medicine,Internal Medicine and Dermatology,2013,1956-03-18,1,*18th March 1956,19,https://www.leopoldina.org/fileadmin/Migrierte_Daten/Publikationen/Dokumente/Neugewaehlte_Mitglieder_2013_2.pdf,https://www.leopoldina.org/ergebnisse-und-termine/publikationen/detail/neugewaehlte-mitglieder-2013,available,,accept_official_new_member_profile_exact_dob,0
greet-van-den-berghe,Prof. Dr. Greet Van den Berghe,Class III: Medicine,"Surgery, Orthopaedics, Anaesthesiology",2013,1960-02-14,1,*14th February 1960,58,https://www.leopoldina.org/fileadmin/Migrierte_Daten/Publikationen/Dokumente/Neugewaehlte_Mitglieder_2013_2.pdf,https://www.leopoldina.org/ergebnisse-und-termine/publikationen/detail/neugewaehlte-mitglieder-2013,available,,accept_official_new_member_profile_exact_dob,0
gunther-hartmann,Professor Dr Gunther Hartmann,Class II: Life Sciences,Microbiology and Immunology,2013,1966-12-07,1,*7. 12. 1966,23,https://www.leopoldina.org/fileadmin/Migrierte_Daten/Publikationen/Dokumente/Neugewaehlte_Mitglieder_2013_2.pdf,https://www.leopoldina.org/ergebnisse-und-termine/publikationen/detail/neugewaehlte-mitglieder-2013,available,,accept_official_new_member_profile_exact_dob,0
ian-thomas-baldwin,Professor Dr Ian Thomas Baldwin,Class II: Life Sciences,Organismic and Evolutionary Biology,2013,1958-06-27,1,*27. 6. 1958,10,https://www.leopoldina.org/fileadmin/Migrierte_Daten/Publikationen/Dokumente/Neugewaehlte_Mitglieder_2013_2.pdf,https://www.leopoldina.org/ergebnisse-und-termine/publikationen/detail/neugewaehlte-mitglieder-2013,available,,accept_official_new_member_profile_exact_dob,0
ingo-schubert,Prof. Dr. Ingo Schubert,Class II: Life Sciences,Genetics/Molecular Biology and Cell Biology,2013,1947-03-23,1,*23. 3. 1947,50,https://www.leopoldina.org/fileadmin/Migrierte_Daten/Publikationen/Dokumente/Neugewaehlte_Mitglieder_2013_2.pdf,https://www.leopoldina.org/ergebnisse-und-termine/publikationen/detail/neugewaehlte-mitglieder-2013,available,,accept_official_new_member_profile_exact_dob,0
jane-parker,Prof. Dr. Jane Parker,Class II: Life Sciences,Organismic and Evolutionary Biology,2013,1960-05-29,1,*29th May 1960,44,https://www.leopoldina.org/fileadmin/Migrierte_Daten/Publikationen/Dokumente/Neugewaehlte_Mitglieder_2013_2.pdf,https://www.leopoldina.org/ergebnisse-und-termine/publikationen/detail/neugewaehlte-mitglieder-2013,available,,accept_official_new_member_profile_exact_dob,0
johannes-peter-stasch,Professor Dr Johannes-Peter Stasch,Class II: Life Sciences,Physiology and Pharmacology/Toxicology,2013,1954-08-18,1,*18. 8. 1954,54,https://www.leopoldina.org/fileadmin/Migrierte_Daten/Publikationen/Dokumente/Neugewaehlte_Mitglieder_2013_2.pdf,https://www.leopoldina.org/ergebnisse-und-termine/publikationen/detail/neugewaehlte-mitglieder-2013,available,,accept_official_new_member_profile_exact_dob,0
karl-walter-jauch,Prof. Dr. Karl-Walter Jauch,Class III: Medicine,"Surgery, Orthopaedics, Anaesthesiology",2013,1952-05-11,1,*11. 5. 1952,28,https://www.leopoldina.org/fileadmin/Migrierte_Daten/Publikationen/Dokumente/Neugewaehlte_Mitglieder_2013_2.pdf,https://www.leopoldina.org/ergebnisse-und-termine/publikationen/detail/neugewaehlte-mitglieder-2013,available,,accept_official_new_member_profile_exact_dob,0
katharina-al-shamery,Prof. Dr. Katharina Al-Shamery,"Class I: Mathematics, Natural Sciences and Engineering",Chemistry,2013,1958-10-19,1,*19. 10. 1958,9,https://www.leopoldina.org/fileadmin/Migrierte_Daten/Publikationen/Dokumente/Neugewaehlte_Mitglieder_2013_2.pdf,https://www.leopoldina.org/ergebnisse-und-termine/publikationen/detail/neugewaehlte-mitglieder-2013,available,,accept_official_new_member_profile_exact_dob,0
klara-nahrstedt,Professor Dr Klara Nahrstedt,"Class I: Mathematics, Natural Sciences and Engineering",Informatics,2013,1957-06-17,1,*17. 6. 1957,41,https://www.leopoldina.org/fileadmin/Migrierte_Daten/Publikationen/Dokumente/Neugewaehlte_Mitglieder_2013_2.pdf,https://www.leopoldina.org/ergebnisse-und-termine/publikationen/detail/neugewaehlte-mitglieder-2013,available,,accept_official_new_member_profile_exact_dob,0
lord-john-r-krebs,Professor Dr Lord John R. Krebs,Class II: Life Sciences,Organismic and Evolutionary Biology,2013,1945-04-11,1,*11th April 1945,32,https://www.leopoldina.org/fileadmin/Migrierte_Daten/Publikationen/Dokumente/Neugewaehlte_Mitglieder_2013_2.pdf,https://www.leopoldina.org/ergebnisse-und-termine/publikationen/detail/neugewaehlte-mitglieder-2013,available,,accept_official_new_member_profile_exact_dob,0
manfred-curbach,Professor Dr Manfred Curbach,"Class I: Mathematics, Natural Sciences and Engineering",Engineering Sciences,2013,1956-09-28,1,*28. 9. 1956,17,https://www.leopoldina.org/fileadmin/Migrierte_Daten/Publikationen/Dokumente/Neugewaehlte_Mitglieder_2013_2.pdf,https://www.leopoldina.org/ergebnisse-und-termine/publikationen/detail/neugewaehlte-mitglieder-2013,available,,accept_official_new_member_profile_exact_dob,0
marc-n-levine,Professor Dr Marc N. Levine,"Class I: Mathematics, Natural Sciences and Engineering",Mathematics,2013,1952-07-29,1,*29th July 1952,35,https://www.leopoldina.org/fileadmin/Migrierte_Daten/Publikationen/Dokumente/Neugewaehlte_Mitglieder_2013_2.pdf,https://www.leopoldina.org/ergebnisse-und-termine/publikationen/detail/neugewaehlte-mitglieder-2013,available,,accept_official_new_member_profile_exact_dob,0
markus-aebi,Prof. Dr. Markus Aebi,Class II: Life Sciences,Genetics/Molecular Biology and Cell Biology,2013,1955-06-28,1,*28. 6. 1955,8,https://www.leopoldina.org/fileadmin/Migrierte_Daten/Publikationen/Dokumente/Neugewaehlte_Mitglieder_2013_2.pdf,https://www.leopoldina.org/ergebnisse-und-termine/publikationen/detail/neugewaehlte-mitglieder-2013,available,,accept_official_new_member_profile_exact_dob,0
martin-biel,Professor Dr Martin Biel,Class II: Life Sciences,Physiology and Pharmacology/Toxicology,2013,1963-06-08,1,*8. 6. 1963,13,https://www.leopoldina.org/fileadmin/Migrierte_Daten/Publikationen/Dokumente/Neugewaehlte_Mitglieder_2013_2.pdf,https://www.leopoldina.org/ergebnisse-und-termine/publikationen/detail/neugewaehlte-mitglieder-2013,available,,accept_official_new_member_profile_exact_dob,0
martin-bossert,Prof. Dr. Martin Bossert,"Class I: Mathematics, Natural Sciences and Engineering",Informatics,2013,1955-08-03,1,*3. 8. 1955,15,https://www.leopoldina.org/fileadmin/Migrierte_Daten/Publikationen/Dokumente/Neugewaehlte_Mitglieder_2013_2.pdf,https://www.leopoldina.org/ergebnisse-und-termine/publikationen/detail/neugewaehlte-mitglieder-2013,available,,accept_official_new_member_profile_exact_dob,0
martin-zeitz,Prof. Dr. Martin Zeitz (,Class III: Medicine,Internal Medicine and Dermatology,2013,1950-01-04,1,*4. 1. 1950,69,https://www.leopoldina.org/fileadmin/Migrierte_Daten/Publikationen/Dokumente/Neugewaehlte_Mitglieder_2013_2.pdf,https://www.leopoldina.org/ergebnisse-und-termine/publikationen/detail/neugewaehlte-mitglieder-2013,available,,accept_official_new_member_profile_exact_dob,0
matthias-mann,Professor Dr Matthias Mann,Class II: Life Sciences,Biochemistry and Biophysics,2013,1959-10-10,1,*10. 10. 1959,37,https://www.leopoldina.org/fileadmin/Migrierte_Daten/Publikationen/Dokumente/Neugewaehlte_Mitglieder_2013_2.pdf,https://www.leopoldina.org/ergebnisse-und-termine/publikationen/detail/neugewaehlte-mitglieder-2013,available,,accept_official_new_member_profile_exact_dob,0
matthias-wilmanns,Professor Dr Matthias Wilmanns,Class II: Life Sciences,Biochemistry and Biophysics,2013,1959-03-16,1,*16. 3. 1959,65,https://www.leopoldina.org/fileadmin/Migrierte_Daten/Publikationen/Dokumente/Neugewaehlte_Mitglieder_2013_2.pdf,https://www.leopoldina.org/ergebnisse-und-termine/publikationen/detail/neugewaehlte-mitglieder-2013,available,,accept_official_new_member_profile_exact_dob,0
michael-struwe,Professor Dr Michael Struwe,"Class I: Mathematics, Natural Sciences and Engineering",Mathematics,2013,1955-10-06,1,*6. 10. 1955,55,https://www.leopoldina.org/fileadmin/Migrierte_Daten/Publikationen/Dokumente/Neugewaehlte_Mitglieder_2013_2.pdf,https://www.leopoldina.org/ergebnisse-und-termine/publikationen/detail/neugewaehlte-mitglieder-2013,available,,accept_official_new_member_profile_exact_dob,0
paul-a-sieving,Prof. Dr. Paul A. Sieving,Class III: Medicine,"Ophthalmology, Oto-Rhino-Laryngology and Stomatology",2013,1948-01-13,1,*13th January 1948,52,https://www.leopoldina.org/fileadmin/Migrierte_Daten/Publikationen/Dokumente/Neugewaehlte_Mitglieder_2013_2.pdf,https://www.leopoldina.org/ergebnisse-und-termine/publikationen/detail/neugewaehlte-mitglieder-2013,available,,accept_official_new_member_profile_exact_dob,0
paul-biran,Professor Dr Paul Biran,"Class I: Mathematics, Natural Sciences and Engineering",Mathematics,2013,1969-02-25,1,*25th February 1969,14,https://www.leopoldina.org/fileadmin/Migrierte_Daten/Publikationen/Dokumente/Neugewaehlte_Mitglieder_2013_2.pdf,https://www.leopoldina.org/ergebnisse-und-termine/publikationen/detail/neugewaehlte-mitglieder-2013,available,,accept_official_new_member_profile_exact_dob,0
peter-neuhaus,Professor Dr Peter Neuhaus,Class III: Medicine,"Surgery, Orthopaedics, Anaesthesiology",2013,1946-06-15,1,*15. 6. 1946,43,https://www.leopoldina.org/fileadmin/Migrierte_Daten/Publikationen/Dokumente/Neugewaehlte_Mitglieder_2013_2.pdf,https://www.leopoldina.org/ergebnisse-und-termine/publikationen/detail/neugewaehlte-mitglieder-2013,available,,accept_official_new_member_profile_exact_dob,0
peter-r-schreiner,Professor Dr Peter R. Schreiner,"Class I: Mathematics, Natural Sciences and Engineering",Chemistry,2013,1965-11-17,1,*17. 11. 1965,49,https://www.leopoldina.org/fileadmin/Migrierte_Daten/Publikationen/Dokumente/Neugewaehlte_Mitglieder_2013_2.pdf,https://www.leopoldina.org/ergebnisse-und-termine/publikationen/detail/neugewaehlte-mitglieder-2013,available,,accept_official_new_member_profile_exact_dob,0
peter-westhoff,Prof. Dr. Peter Westhoff,Class II: Life Sciences,Organismic and Evolutionary Biology,2013,1951-01-01,1,*1. 1. 1951,63,https://www.leopoldina.org/fileadmin/Migrierte_Daten/Publikationen/Dokumente/Neugewaehlte_Mitglieder_2013_2.pdf,https://www.leopoldina.org/ergebnisse-und-termine/publikationen/detail/neugewaehlte-mitglieder-2013,available,,accept_official_new_member_profile_exact_dob,0
rainer-matyssek,Professor Dr Rainer Matyssek,Class II: Life Sciences,Organismic and Evolutionary Biology,2013,1954-10-13,1,*13. 10. 1954,39,https://www.leopoldina.org/fileadmin/Migrierte_Daten/Publikationen/Dokumente/Neugewaehlte_Mitglieder_2013_2.pdf,https://www.leopoldina.org/ergebnisse-und-termine/publikationen/detail/neugewaehlte-mitglieder-2013,available,,accept_official_new_member_profile_exact_dob,0
ralf-bartenschlager,Professor Dr Ralf Bartenschlager,Class II: Life Sciences,Microbiology and Immunology,2013,1958-05-29,1,*29. 5. 1958,11,https://www.leopoldina.org/fileadmin/Migrierte_Daten/Publikationen/Dokumente/Neugewaehlte_Mitglieder_2013_2.pdf,https://www.leopoldina.org/ergebnisse-und-termine/publikationen/detail/neugewaehlte-mitglieder-2013,available,,accept_official_new_member_profile_exact_dob,0
ralph-hruban,Professor Dr Ralph Hruban,Class III: Medicine,Pathology and Forensic Medicine,2013,1959-07-28,1,*28th July 1959,26,https://www.leopoldina.org/fileadmin/Migrierte_Daten/Publikationen/Dokumente/Neugewaehlte_Mitglieder_2013_2.pdf,https://www.leopoldina.org/ergebnisse-und-termine/publikationen/detail/neugewaehlte-mitglieder-2013,available,,accept_official_new_member_profile_exact_dob,0
reinhard-wilhelm,Prof. Dr. Reinhard Wilhelm,"Class I: Mathematics, Natural Sciences and Engineering",Informatics,2013,1946-06-05,1,*5. 6. 1946,64,https://www.leopoldina.org/fileadmin/Migrierte_Daten/Publikationen/Dokumente/Neugewaehlte_Mitglieder_2013_2.pdf,https://www.leopoldina.org/ergebnisse-und-termine/publikationen/detail/neugewaehlte-mitglieder-2013,available,,accept_official_new_member_profile_exact_dob,0
thomas-lenarz,Prof. Dr. Thomas Lenarz,Class III: Medicine,"Ophthalmology, Oto-Rhino-Laryngology and Stomatology",2013,1956-06-03,1,*3. 6. 1956,34,https://www.leopoldina.org/fileadmin/Migrierte_Daten/Publikationen/Dokumente/Neugewaehlte_Mitglieder_2013_2.pdf,https://www.leopoldina.org/ergebnisse-und-termine/publikationen/detail/neugewaehlte-mitglieder-2013,available,,accept_official_new_member_profile_exact_dob,0
wolf-mutschler,Prof. Dr. Wolf Mutschler,Class III: Medicine,"Surgery, Orthopaedics, Anaesthesiology",2013,1948-10-03,1,*3. 10. 1948,40,https://www.leopoldina.org/fileadmin/Migrierte_Daten/Publikationen/Dokumente/Neugewaehlte_Mitglieder_2013_2.pdf,https://www.leopoldina.org/ergebnisse-und-termine/publikationen/detail/neugewaehlte-mitglieder-2013,available,,accept_official_new_member_profile_exact_dob,0
wolfgang-marquardt,Professor Dr Wolfgang Marquardt,"Class I: Mathematics, Natural Sciences and Engineering",Engineering Sciences,2013,1956-04-21,1,*21. 4. 1956,38,https://www.leopoldina.org/fileadmin/Migrierte_Daten/Publikationen/Dokumente/Neugewaehlte_Mitglieder_2013_2.pdf,https://www.leopoldina.org/ergebnisse-und-termine/publikationen/detail/neugewaehlte-mitglieder-2013,available,,accept_official_new_member_profile_exact_dob,0
xuetao-cao,Prof. Dr. Xuetao Cao,Class II: Life Sciences,Microbiology and Immunology,2013,1964-07-19,1,*19th July 1964,16,https://www.leopoldina.org/fileadmin/Migrierte_Daten/Publikationen/Dokumente/Neugewaehlte_Mitglieder_2013_2.pdf,https://www.leopoldina.org/ergebnisse-und-termine/publikationen/detail/neugewaehlte-mitglieder-2013,available,,accept_official_new_member_profile_exact_dob,0
andreas-neubauer,Prof. Dr. Andreas Neubauer,Class III: Medicine,Internal Medicine and Dermatology,2014,1958-02-12,1,*12. 2. 1958,40,https://www.leopoldina.org/fileadmin/Migrierte_Daten/Publikationen/Dokumente/Neugewaehlte_Mitglieder_2014_01.pdf,https://www.leopoldina.org/ergebnisse-und-termine/publikationen/detail/neugewaehlte-mitglieder-2014,available,,accept_official_new_member_profile_exact_dob,0
angela-m-gronenborn,Professor Dr Angela M. Gronenborn,Class II: Life Sciences,Biochemistry and Biophysics,2014,1950-05-11,1,*11. 5. 1950,24,https://www.leopoldina.org/fileadmin/Migrierte_Daten/Publikationen/Dokumente/Neugewaehlte_Mitglieder_2014_01.pdf,https://www.leopoldina.org/ergebnisse-und-termine/publikationen/detail/neugewaehlte-mitglieder-2014,available,,accept_official_new_member_profile_exact_dob,0
carmen-buchrieser,Professor Dr Carmen Buchrieser,Class II: Life Sciences,Microbiology and Immunology,2014,1961-08-06,1,*6. 8. 1961,15,https://www.leopoldina.org/fileadmin/Migrierte_Daten/Publikationen/Dokumente/Neugewaehlte_Mitglieder_2014_01.pdf,https://www.leopoldina.org/ergebnisse-und-termine/publikationen/detail/neugewaehlte-mitglieder-2014,available,,accept_official_new_member_profile_exact_dob,0
christian-kurts,Professor Dr Christian Kurts,Class II: Life Sciences,Microbiology and Immunology,2014,1964-11-27,1,*27. 11. 1964,31,https://www.leopoldina.org/fileadmin/Migrierte_Daten/Publikationen/Dokumente/Neugewaehlte_Mitglieder_2014_01.pdf,https://www.leopoldina.org/ergebnisse-und-termine/publikationen/detail/neugewaehlte-mitglieder-2014,available,,accept_official_new_member_profile_exact_dob,0
claus-bachert,Professor Dr Claus Bachert,Class III: Medicine,"Ophthalmology, Oto-Rhino-Laryngology and Stomatology",2014,1957-05-11,1,*11. 5. 1957,10,https://www.leopoldina.org/fileadmin/Migrierte_Daten/Publikationen/Dokumente/Neugewaehlte_Mitglieder_2014_01.pdf,https://www.leopoldina.org/ergebnisse-und-termine/publikationen/detail/neugewaehlte-mitglieder-2014,available,,accept_official_new_member_profile_exact_dob,0
darius-moradpour,Professor Dr Darius Moradpour,Class III: Medicine,Internal Medicine and Dermatology,2014,1962-12-05,1,*5. 12. 1962,37,https://www.leopoldina.org/fileadmin/Migrierte_Daten/Publikationen/Dokumente/Neugewaehlte_Mitglieder_2014_01.pdf,https://www.leopoldina.org/ergebnisse-und-termine/publikationen/detail/neugewaehlte-mitglieder-2014,available,,accept_official_new_member_profile_exact_dob,0
erika-von-mutius,Professor Dr Erika von Mutius,Class II: Life Sciences,Microbiology and Immunology,2014,1957-05-14,1,*14. 5. 1957,38,https://www.leopoldina.org/fileadmin/Migrierte_Daten/Publikationen/Dokumente/Neugewaehlte_Mitglieder_2014_01.pdf,https://www.leopoldina.org/ergebnisse-und-termine/publikationen/detail/neugewaehlte-mitglieder-2014,available,,accept_official_new_member_profile_exact_dob,0
erwin-tschachler,Professor Dr Erwin Tschachler,Class III: Medicine,Internal Medicine and Dermatology,2014,1954-01-04,1,*4. 1. 1954,53,https://www.leopoldina.org/fileadmin/Migrierte_Daten/Publikationen/Dokumente/Neugewaehlte_Mitglieder_2014_01.pdf,https://www.leopoldina.org/ergebnisse-und-termine/publikationen/detail/neugewaehlte-mitglieder-2014,available,,accept_official_new_member_profile_exact_dob,0
frank-bradke,Professor Dr Frank Bradke,Class III: Medicine,Neurosciences,2014,1969-10-16,1,*16. 10. 1969,13,https://www.leopoldina.org/fileadmin/Migrierte_Daten/Publikationen/Dokumente/Neugewaehlte_Mitglieder_2014_01.pdf,https://www.leopoldina.org/ergebnisse-und-termine/publikationen/detail/neugewaehlte-mitglieder-2014,available,,accept_official_new_member_profile_exact_dob,0
frauke-melchior,Prof. Dr. Frauke Melchior,Class II: Life Sciences,Biochemistry and Biophysics,2014,1962-11-02,1,*2. 11. 1962,36,https://www.leopoldina.org/fileadmin/Migrierte_Daten/Publikationen/Dokumente/Neugewaehlte_Mitglieder_2014_01.pdf,https://www.leopoldina.org/ergebnisse-und-termine/publikationen/detail/neugewaehlte-mitglieder-2014,available,,accept_official_new_member_profile_exact_dob,0
heidrun-potschka,Professor Dr Heidrun Potschka,Class III: Medicine,Veterinary Medicine,2014,1968-05-14,1,*14. 5. 1968,43,https://www.leopoldina.org/fileadmin/Migrierte_Daten/Publikationen/Dokumente/Neugewaehlte_Mitglieder_2014_01.pdf,https://www.leopoldina.org/ergebnisse-und-termine/publikationen/detail/neugewaehlte-mitglieder-2014,available,,accept_official_new_member_profile_exact_dob,0
joachim-cuntz,Professor Dr Joachim Cuntz,"Class I: Mathematics, Natural Sciences and Engineering",Mathematics,2014,1948-09-28,1,*28. 9. 1948,17,https://www.leopoldina.org/fileadmin/Migrierte_Daten/Publikationen/Dokumente/Neugewaehlte_Mitglieder_2014_01.pdf,https://www.leopoldina.org/ergebnisse-und-termine/publikationen/detail/neugewaehlte-mitglieder-2014,available,,accept_official_new_member_profile_exact_dob,0
jose-alain-sahel,Professor Dr Jose Alain Sahel,Class III: Medicine,"Ophthalmology, Oto-Rhino-Laryngology and Stomatology",2014,1955-07-07,1,*7th July 1955,46,https://www.leopoldina.org/fileadmin/Migrierte_Daten/Publikationen/Dokumente/Neugewaehlte_Mitglieder_2014_01.pdf,https://www.leopoldina.org/ergebnisse-und-termine/publikationen/detail/neugewaehlte-mitglieder-2014,available,,accept_official_new_member_profile_exact_dob,0
karl-deisseroth,Professor Dr Karl Deisseroth,Class III: Medicine,Neurosciences,2014,1971-11-18,1,*18th November 1971,19,https://www.leopoldina.org/fileadmin/Migrierte_Daten/Publikationen/Dokumente/Neugewaehlte_Mitglieder_2014_01.pdf,https://www.leopoldina.org/ergebnisse-und-termine/publikationen/detail/neugewaehlte-mitglieder-2014,available,,accept_official_new_member_profile_exact_dob,0
karl-peter-hopfner,Professor Dr Karl-Peter Hopfner,Class II: Life Sciences,Biochemistry and Biophysics,2014,1968-05-26,1,*26. 5. 1968,28,https://www.leopoldina.org/fileadmin/Migrierte_Daten/Publikationen/Dokumente/Neugewaehlte_Mitglieder_2014_01.pdf,https://www.leopoldina.org/ergebnisse-und-termine/publikationen/detail/neugewaehlte-mitglieder-2014,available,,accept_official_new_member_profile_exact_dob,0
klaus-armin-nave,Prof. Dr. Klaus-Armin Nave,Class II: Life Sciences,Human Genetics and Molecular Medicine,2014,1958-03-15,1,*15. 3. 1958,39,https://www.leopoldina.org/fileadmin/Migrierte_Daten/Publikationen/Dokumente/Neugewaehlte_Mitglieder_2014_01.pdf,https://www.leopoldina.org/ergebnisse-und-termine/publikationen/detail/neugewaehlte-mitglieder-2014,available,,accept_official_new_member_profile_exact_dob,0
luisa-de-cola,Professor Dr Luisa De Cola,"Class I: Mathematics, Natural Sciences and Engineering",Chemistry,2014,1960-07-15,1,*15th July 1960,18,https://www.leopoldina.org/fileadmin/Migrierte_Daten/Publikationen/Dokumente/Neugewaehlte_Mitglieder_2014_01.pdf,https://www.leopoldina.org/ergebnisse-und-termine/publikationen/detail/neugewaehlte-mitglieder-2014,available,,accept_official_new_member_profile_exact_dob,0
maarten-koornneef,Professor Dr Maarten Koornneef,Class II: Life Sciences,Organismic and Evolutionary Biology,2014,1950-09-20,1,*20th September 1950,30,https://www.leopoldina.org/fileadmin/Migrierte_Daten/Publikationen/Dokumente/Neugewaehlte_Mitglieder_2014_01.pdf,https://www.leopoldina.org/ergebnisse-und-termine/publikationen/detail/neugewaehlte-mitglieder-2014,available,,accept_official_new_member_profile_exact_dob,0
manfred-strecker,Professor Dr Manfred Strecker,"Class I: Mathematics, Natural Sciences and Engineering",Earth Sciences,2014,1955-08-27,1,*27. 8. 1955,49,https://www.leopoldina.org/fileadmin/Migrierte_Daten/Publikationen/Dokumente/Neugewaehlte_Mitglieder_2014_01.pdf,https://www.leopoldina.org/ergebnisse-und-termine/publikationen/detail/neugewaehlte-mitglieder-2014,available,,accept_official_new_member_profile_exact_dob,0
maria-teschler-nicola,Prof. Dr. Maria Teschler-Nicola,Class III: Medicine,Anatomy and Anthropology,2014,1950-10-24,1,*24. 10. 1950,52,https://www.leopoldina.org/fileadmin/Migrierte_Daten/Publikationen/Dokumente/Neugewaehlte_Mitglieder_2014_01.pdf,https://www.leopoldina.org/ergebnisse-und-termine/publikationen/detail/neugewaehlte-mitglieder-2014,available,,accept_official_new_member_profile_exact_dob,0
marion-kiechle,Professor Dr Marion Kiechle,Class III: Medicine,Gynaecology and Paediatrics,2014,1960-04-04,1,*4. 4. 1960,29,https://www.leopoldina.org/fileadmin/Migrierte_Daten/Publikationen/Dokumente/Neugewaehlte_Mitglieder_2014_01.pdf,https://www.leopoldina.org/ergebnisse-und-termine/publikationen/detail/neugewaehlte-mitglieder-2014,available,,accept_official_new_member_profile_exact_dob,0
martin-wikelski,Professor Dr Martin Wikelski,Class II: Life Sciences,Organismic and Evolutionary Biology,2014,1965-11-18,1,*18. 11. 1965,55,https://www.leopoldina.org/fileadmin/Migrierte_Daten/Publikationen/Dokumente/Neugewaehlte_Mitglieder_2014_01.pdf,https://www.leopoldina.org/ergebnisse-und-termine/publikationen/detail/neugewaehlte-mitglieder-2014,available,,accept_official_new_member_profile_exact_dob,0
matthias-rief,Prof. Dr. Matthias Rief,Class II: Life Sciences,Biochemistry and Biophysics,2014,1967-02-25,1,*25. 2. 1967,44,https://www.leopoldina.org/fileadmin/Migrierte_Daten/Publikationen/Dokumente/Neugewaehlte_Mitglieder_2014_01.pdf,https://www.leopoldina.org/ergebnisse-und-termine/publikationen/detail/neugewaehlte-mitglieder-2014,available,,accept_official_new_member_profile_exact_dob,0
matthias-schwab,Prof. Dr. Matthias Schwab,Class II: Life Sciences,Physiology and Pharmacology/Toxicology,2014,1963-09-03,1,*3. 9. 1963,48,https://www.leopoldina.org/fileadmin/Migrierte_Daten/Publikationen/Dokumente/Neugewaehlte_Mitglieder_2014_01.pdf,https://www.leopoldina.org/ergebnisse-und-termine/publikationen/detail/neugewaehlte-mitglieder-2014,available,,accept_official_new_member_profile_exact_dob,0
monika-henzinger,Professor Dr Monika Henzinger,"Class I: Mathematics, Natural Sciences and Engineering",Informatics,2014,1966-04-22,1,*22. 4. 1966,26,https://www.leopoldina.org/fileadmin/Migrierte_Daten/Publikationen/Dokumente/Neugewaehlte_Mitglieder_2014_01.pdf,https://www.leopoldina.org/ergebnisse-und-termine/publikationen/detail/neugewaehlte-mitglieder-2014,available,,accept_official_new_member_profile_exact_dob,0
nils-brose,Professor Dr Nils Brose,Class II: Life Sciences,Physiology and Pharmacology/Toxicology,2014,1962-06-29,1,*29. 6. 1962,14,https://www.leopoldina.org/fileadmin/Migrierte_Daten/Publikationen/Dokumente/Neugewaehlte_Mitglieder_2014_01.pdf,https://www.leopoldina.org/ergebnisse-und-termine/publikationen/detail/neugewaehlte-mitglieder-2014,available,,accept_official_new_member_profile_exact_dob,0
ottoline-leyser,Professor Dr Ottoline Leyser,Class II: Life Sciences,Organismic and Evolutionary Biology,2014,1965-03-07,1,*7th March 1965,32,https://www.leopoldina.org/fileadmin/Migrierte_Daten/Publikationen/Dokumente/Neugewaehlte_Mitglieder_2014_01.pdf,https://www.leopoldina.org/ergebnisse-und-termine/publikationen/detail/neugewaehlte-mitglieder-2014,available,,accept_official_new_member_profile_exact_dob,0
peer-bork,Prof. Dr. Peer Bork (,Class II: Life Sciences,Human Genetics and Molecular Medicine,2014,1963-05-04,1,*4. 5. 1963,11,https://www.leopoldina.org/fileadmin/Migrierte_Daten/Publikationen/Dokumente/Neugewaehlte_Mitglieder_2014_01.pdf,https://www.leopoldina.org/ergebnisse-und-termine/publikationen/detail/neugewaehlte-mitglieder-2014,available,,accept_official_new_member_profile_exact_dob,0
reimund-neugebauer,Professor Dr Reimund Neugebauer,"Class I: Mathematics, Natural Sciences and Engineering",Engineering Sciences,2014,1953-06-27,1,*27. 6. 1953,41,https://www.leopoldina.org/fileadmin/Migrierte_Daten/Publikationen/Dokumente/Neugewaehlte_Mitglieder_2014_01.pdf,https://www.leopoldina.org/ergebnisse-und-termine/publikationen/detail/neugewaehlte-mitglieder-2014,available,,accept_official_new_member_profile_exact_dob,0
reinhard-hickel,Professor Dr Reinhard Hickel,Class III: Medicine,"Ophthalmology, Oto-Rhino-Laryngology and Stomatology",2014,1955-02-16,1,*16. 2. 1955,27,https://www.leopoldina.org/fileadmin/Migrierte_Daten/Publikationen/Dokumente/Neugewaehlte_Mitglieder_2014_01.pdf,https://www.leopoldina.org/ergebnisse-und-termine/publikationen/detail/neugewaehlte-mitglieder-2014,available,,accept_official_new_member_profile_exact_dob,0
ruedi-aebersold,Prof. Dr. Ruedi Aebersold,Class II: Life Sciences,Biochemistry and Biophysics,2014,1954-09-12,1,*12. 9. 1954,8,https://www.leopoldina.org/fileadmin/Migrierte_Daten/Publikationen/Dokumente/Neugewaehlte_Mitglieder_2014_01.pdf,https://www.leopoldina.org/ergebnisse-und-termine/publikationen/detail/neugewaehlte-mitglieder-2014,available,,accept_official_new_member_profile_exact_dob,0
ulrich-gembruch,Professor Dr Ulrich Gembruch,Class III: Medicine,Gynaecology and Paediatrics,2014,1954-09-19,1,*19. 9. 1954,22,https://www.leopoldina.org/fileadmin/Migrierte_Daten/Publikationen/Dokumente/Neugewaehlte_Mitglieder_2014_01.pdf,https://www.leopoldina.org/ergebnisse-und-termine/publikationen/detail/neugewaehlte-mitglieder-2014,available,,accept_official_new_member_profile_exact_dob,0
ulrich-platt,Prof. Dr. Ulrich Platt,"Class I: Mathematics, Natural Sciences and Engineering",Earth Sciences,2014,1949-07-27,1,*27. 7. 1949,42,https://www.leopoldina.org/fileadmin/Migrierte_Daten/Publikationen/Dokumente/Neugewaehlte_Mitglieder_2014_01.pdf,https://www.leopoldina.org/ergebnisse-und-termine/publikationen/detail/neugewaehlte-mitglieder-2014,available,,accept_official_new_member_profile_exact_dob,0
ulrike-lohmann,Professor Dr Ulrike Lohmann,"Class I: Mathematics, Natural Sciences and Engineering",Earth Sciences,2014,1966-08-14,1,*14. 8. 1966,33,https://www.leopoldina.org/fileadmin/Migrierte_Daten/Publikationen/Dokumente/Neugewaehlte_Mitglieder_2014_01.pdf,https://www.leopoldina.org/ergebnisse-und-termine/publikationen/detail/neugewaehlte-mitglieder-2014,available,,accept_official_new_member_profile_exact_dob,0
wolfram-burgard,Prof. Dr. Wolfram Burgard,"Class I: Mathematics, Natural Sciences and Engineering",Informatics,2014,1961-02-08,1,*8. 2. 1961,16,https://www.leopoldina.org/fileadmin/Migrierte_Daten/Publikationen/Dokumente/Neugewaehlte_Mitglieder_2014_01.pdf,https://www.leopoldina.org/ergebnisse-und-termine/publikationen/detail/neugewaehlte-mitglieder-2014,available,,accept_official_new_member_profile_exact_dob,0
aaron-ciechanover,Professor Dr Aaron Ciechanover,Class II: Life Sciences,Biochemistry and Biophysics,2016,1947-10-01,1,*1 October 1947,9,https://www.leopoldina.org/fileadmin/Migrierte_Daten/Publikationen/Dokumente/Neugew%C3%A4hlte_Mitglieder_2016.pdf,https://www.leopoldina.org/ergebnisse-und-termine/publikationen/detail/neugewaehlte-mitglieder-2016,available,,accept_official_new_member_profile_exact_dob,0
albert-osterhaus,Prof. Dr. Albert Osterhaus,Class II: Life Sciences,Microbiology and Immunology,2016,1948-06-02,1,*2. 6. 1948,38,https://www.leopoldina.org/fileadmin/Migrierte_Daten/Publikationen/Dokumente/Neugew%C3%A4hlte_Mitglieder_2016.pdf,https://www.leopoldina.org/ergebnisse-und-termine/publikationen/detail/neugewaehlte-mitglieder-2016,available,,accept_official_new_member_profile_exact_dob,0
alexander-pfeifer,Professor Dr Alexander Pfeifer,Class II: Life Sciences,Physiology and Pharmacology/Toxicology,2016,1965-06-28,1,*28. 6. 1965,39,https://www.leopoldina.org/fileadmin/Migrierte_Daten/Publikationen/Dokumente/Neugew%C3%A4hlte_Mitglieder_2016.pdf,https://www.leopoldina.org/ergebnisse-und-termine/publikationen/detail/neugewaehlte-mitglieder-2016,available,,accept_official_new_member_profile_exact_dob,0
andreas-rosenwald,Prof. Dr. Andreas Rosenwald,Class III: Medicine,Pathology and Forensic Medicine,2016,1967-06-14,1,*14. 6. 1967,41,https://www.leopoldina.org/fileadmin/Migrierte_Daten/Publikationen/Dokumente/Neugew%C3%A4hlte_Mitglieder_2016.pdf,https://www.leopoldina.org/ergebnisse-und-termine/publikationen/detail/neugewaehlte-mitglieder-2016,available,,accept_official_new_member_profile_exact_dob,0
beat-h-meier,Prof. Dr. Beat H. Meier,"Class I: Mathematics, Natural Sciences and Engineering",Chemistry,2016,1954-09-08,1,*8. 9. 1954,28,https://www.leopoldina.org/fileadmin/Migrierte_Daten/Publikationen/Dokumente/Neugew%C3%A4hlte_Mitglieder_2016.pdf,https://www.leopoldina.org/ergebnisse-und-termine/publikationen/detail/neugewaehlte-mitglieder-2016,available,,accept_official_new_member_profile_exact_dob,0
benedikt-grothe,Prof. Dr. Benedikt Grothe,Class III: Medicine,Neurosciences,2016,1960-04-08,1,*8. 4. 1960,19,https://www.leopoldina.org/fileadmin/Migrierte_Daten/Publikationen/Dokumente/Neugew%C3%A4hlte_Mitglieder_2016.pdf,https://www.leopoldina.org/ergebnisse-und-termine/publikationen/detail/neugewaehlte-mitglieder-2016,available,,accept_official_new_member_profile_exact_dob,0
burkhard-wilking,Professor Dr Burkhard Wilking,"Class I: Mathematics, Natural Sciences and Engineering",Mathematics,2016,1970-11-30,1,*30. 11. 1970,51,https://www.leopoldina.org/fileadmin/Migrierte_Daten/Publikationen/Dokumente/Neugew%C3%A4hlte_Mitglieder_2016.pdf,https://www.leopoldina.org/ergebnisse-und-termine/publikationen/detail/neugewaehlte-mitglieder-2016,available,,accept_official_new_member_profile_exact_dob,0
christian-spahn,Professor Dr Christian Spahn,Class II: Life Sciences,Biochemistry and Biophysics,2016,1967-06-03,1,*3. 6. 1967,46,https://www.leopoldina.org/fileadmin/Migrierte_Daten/Publikationen/Dokumente/Neugew%C3%A4hlte_Mitglieder_2016.pdf,https://www.leopoldina.org/ergebnisse-und-termine/publikationen/detail/neugewaehlte-mitglieder-2016,available,,accept_official_new_member_profile_exact_dob,0
claus-cursiefen,Professor Dr Claus Cursiefen,Class III: Medicine,"Ophthalmology, Oto-Rhino-Laryngology and Stomatology",2016,1969-05-09,1,*9. 5. 1969,10,https://www.leopoldina.org/fileadmin/Migrierte_Daten/Publikationen/Dokumente/Neugew%C3%A4hlte_Mitglieder_2016.pdf,https://www.leopoldina.org/ergebnisse-und-termine/publikationen/detail/neugewaehlte-mitglieder-2016,available,,accept_official_new_member_profile_exact_dob,0
edvard-moser,Professor Dr Edvard Moser,Class II: Life Sciences,Organismic and Evolutionary Biology,2016,1962-04-27,1,*27 April 1962,32,https://www.leopoldina.org/fileadmin/Migrierte_Daten/Publikationen/Dokumente/Neugew%C3%A4hlte_Mitglieder_2016.pdf,https://www.leopoldina.org/ergebnisse-und-termine/publikationen/detail/neugewaehlte-mitglieder-2016,available,,accept_official_new_member_profile_exact_dob,0
eicke-latz,Professor Dr Eicke Latz,Class II: Life Sciences,Microbiology and Immunology,2016,1970-07-11,1,*11. 7. 1970,25,https://www.leopoldina.org/fileadmin/Migrierte_Daten/Publikationen/Dokumente/Neugew%C3%A4hlte_Mitglieder_2016.pdf,https://www.leopoldina.org/ergebnisse-und-termine/publikationen/detail/neugewaehlte-mitglieder-2016,available,,accept_official_new_member_profile_exact_dob,0
ekkehard-neuhaus,Prof. Dr. Ekkehard Neuhaus,Class II: Life Sciences,Organismic and Evolutionary Biology,2016,1960-01-19,1,*19. 1. 1960,36,https://www.leopoldina.org/fileadmin/Migrierte_Daten/Publikationen/Dokumente/Neugew%C3%A4hlte_Mitglieder_2016.pdf,https://www.leopoldina.org/ergebnisse-und-termine/publikationen/detail/neugewaehlte-mitglieder-2016,available,,accept_official_new_member_profile_exact_dob,0
elisabeth-binder,Prof. Dr. Elisabeth Binder,Class III: Medicine,Neurosciences,2016,1971-05-22,1,*22. 5. 1971,8,https://www.leopoldina.org/fileadmin/Migrierte_Daten/Publikationen/Dokumente/Neugew%C3%A4hlte_Mitglieder_2016.pdf,https://www.leopoldina.org/ergebnisse-und-termine/publikationen/detail/neugewaehlte-mitglieder-2016,available,,accept_official_new_member_profile_exact_dob,0
gerhard-fettweis,Professor Dr Gerhard Fettweis,"Class I: Mathematics, Natural Sciences and Engineering",Informatics,2016,1962-03-16,1,*16. 3. 1962,15,https://www.leopoldina.org/fileadmin/Migrierte_Daten/Publikationen/Dokumente/Neugew%C3%A4hlte_Mitglieder_2016.pdf,https://www.leopoldina.org/ergebnisse-und-termine/publikationen/detail/neugewaehlte-mitglieder-2016,available,,accept_official_new_member_profile_exact_dob,0
hannelore-ehrenreich,Prof. Dr. Dr. Hannelore Ehrenreich,Class III: Medicine,Neurosciences,2016,1955-04-02,1,*2. 4. 1955,11,https://www.leopoldina.org/fileadmin/Migrierte_Daten/Publikationen/Dokumente/Neugew%C3%A4hlte_Mitglieder_2016.pdf,https://www.leopoldina.org/ergebnisse-und-termine/publikationen/detail/neugewaehlte-mitglieder-2016,available,,accept_official_new_member_profile_exact_dob,0
heiner-igel,Professor Dr Heiner Igel,"Class I: Mathematics, Natural Sciences and Engineering",Earth Sciences,2016,1963-05-31,1,*31. 5. 1963,22,https://www.leopoldina.org/fileadmin/Migrierte_Daten/Publikationen/Dokumente/Neugew%C3%A4hlte_Mitglieder_2016.pdf,https://www.leopoldina.org/ergebnisse-und-termine/publikationen/detail/neugewaehlte-mitglieder-2016,available,,accept_official_new_member_profile_exact_dob,0
ingrid-fleming,Prof. Dr. Ingrid Fleming,Class II: Life Sciences,Physiology and Pharmacology/Toxicology,2016,1966-06-03,1,*3. 6. 1966,16,https://www.leopoldina.org/fileadmin/Migrierte_Daten/Publikationen/Dokumente/Neugew%C3%A4hlte_Mitglieder_2016.pdf,https://www.leopoldina.org/ergebnisse-und-termine/publikationen/detail/neugewaehlte-mitglieder-2016,available,,accept_official_new_member_profile_exact_dob,0
kai-zacharowski,Professor Dr Kai Zacharowski,Class III: Medicine,"Surgery, Orthopaedics, Anaesthesiology",2016,1967-07-03,1,*3. 7. 1967,54,https://www.leopoldina.org/fileadmin/Migrierte_Daten/Publikationen/Dokumente/Neugew%C3%A4hlte_Mitglieder_2016.pdf,https://www.leopoldina.org/ergebnisse-und-termine/publikationen/detail/neugewaehlte-mitglieder-2016,available,,accept_official_new_member_profile_exact_dob,0
kathleen-j-green,Professor Dr Kathleen J. Green,Class III: Medicine,Internal Medicine and Dermatology,2016,1955-06-26,1,*26 June 1955,18,https://www.leopoldina.org/fileadmin/Migrierte_Daten/Publikationen/Dokumente/Neugew%C3%A4hlte_Mitglieder_2016.pdf,https://www.leopoldina.org/ergebnisse-und-termine/publikationen/detail/neugewaehlte-mitglieder-2016,available,,accept_official_new_member_profile_exact_dob,0
katja-windt,Professor Dr Katja Windt,"Class I: Mathematics, Natural Sciences and Engineering",Engineering Sciences,2016,1969-06-04,1,*4. 6. 1969,52,https://www.leopoldina.org/fileadmin/Migrierte_Daten/Publikationen/Dokumente/Neugew%C3%A4hlte_Mitglieder_2016.pdf,https://www.leopoldina.org/ergebnisse-und-termine/publikationen/detail/neugewaehlte-mitglieder-2016,available,,accept_official_new_member_profile_exact_dob,0
maria-leptin,Prof. Dr. Maria Leptin,Class II: Life Sciences,Biochemistry and Biophysics,2016,1954-09-15,1,*15. 9. 1954,27,https://www.leopoldina.org/fileadmin/Migrierte_Daten/Publikationen/Dokumente/Neugew%C3%A4hlte_Mitglieder_2016.pdf,https://www.leopoldina.org/ergebnisse-und-termine/publikationen/detail/neugewaehlte-mitglieder-2016,available,,accept_official_new_member_profile_exact_dob,0
marion-de-jong,Prof. Dr. Marion de Jong (,Class III: Medicine,Radiology,2016,1960-12-09,1,*9 December 1960,23,https://www.leopoldina.org/fileadmin/Migrierte_Daten/Publikationen/Dokumente/Neugew%C3%A4hlte_Mitglieder_2016.pdf,https://www.leopoldina.org/ergebnisse-und-termine/publikationen/detail/neugewaehlte-mitglieder-2016,available,,accept_official_new_member_profile_exact_dob,0
matthias-endres,Professor Dr Matthias Endres,Class III: Medicine,Neurosciences,2016,1969-04-07,1,*7. 4. 1969,12,https://www.leopoldina.org/fileadmin/Migrierte_Daten/Publikationen/Dokumente/Neugew%C3%A4hlte_Mitglieder_2016.pdf,https://www.leopoldina.org/ergebnisse-und-termine/publikationen/detail/neugewaehlte-mitglieder-2016,available,,accept_official_new_member_profile_exact_dob,0
max-gassmann,Professor Dr Max Gassmann,Class III: Medicine,Veterinary Medicine,2016,1960-06-23,1,*23. 6. 1960,17,https://www.leopoldina.org/fileadmin/Migrierte_Daten/Publikationen/Dokumente/Neugew%C3%A4hlte_Mitglieder_2016.pdf,https://www.leopoldina.org/ergebnisse-und-termine/publikationen/detail/neugewaehlte-mitglieder-2016,available,,accept_official_new_member_profile_exact_dob,0
may-britt-moser,Professor Dr May-Britt Moser,Class II: Life Sciences,Organismic and Evolutionary Biology,2016,1963-01-04,1,*4 January 1963,33,https://www.leopoldina.org/fileadmin/Migrierte_Daten/Publikationen/Dokumente/Neugew%C3%A4hlte_Mitglieder_2016.pdf,https://www.leopoldina.org/ergebnisse-und-termine/publikationen/detail/neugewaehlte-mitglieder-2016,available,,accept_official_new_member_profile_exact_dob,0
michael-d-menger,Professor Dr Michael D. Menger,Class III: Medicine,"Surgery, Orthopaedics, Anaesthesiology",2016,1956-10-05,1,*5. 10. 1956,29,https://www.leopoldina.org/fileadmin/Migrierte_Daten/Publikationen/Dokumente/Neugew%C3%A4hlte_Mitglieder_2016.pdf,https://www.leopoldina.org/ergebnisse-und-termine/publikationen/detail/neugewaehlte-mitglieder-2016,available,,accept_official_new_member_profile_exact_dob,0
peter-schlosser,Professor Dr Peter Schlosser,"Class I: Mathematics, Natural Sciences and Engineering",Earth Sciences,2016,1955-08-29,1,*29. 8. 1955,42,https://www.leopoldina.org/fileadmin/Migrierte_Daten/Publikationen/Dokumente/Neugew%C3%A4hlte_Mitglieder_2016.pdf,https://www.leopoldina.org/ergebnisse-und-termine/publikationen/detail/neugewaehlte-mitglieder-2016,available,,accept_official_new_member_profile_exact_dob,0
peter-schneider-1,Prof. Dr. Peter Schneider,"Class I: Mathematics, Natural Sciences and Engineering",Mathematics,2016,1953-01-09,1,*9. 1. 1953,43,https://www.leopoldina.org/fileadmin/Migrierte_Daten/Publikationen/Dokumente/Neugew%C3%A4hlte_Mitglieder_2016.pdf,https://www.leopoldina.org/ergebnisse-und-termine/publikationen/detail/neugewaehlte-mitglieder-2016,available,,accept_official_new_member_profile_exact_dob,0
pierluigi-nicotera,Professor Dr Pierluigi Nicotera,Class III: Medicine,Neurosciences,2016,1956-03-27,1,*27. 3. 1956,37,https://www.leopoldina.org/fileadmin/Migrierte_Daten/Publikationen/Dokumente/Neugew%C3%A4hlte_Mitglieder_2016.pdf,https://www.leopoldina.org/ergebnisse-und-termine/publikationen/detail/neugewaehlte-mitglieder-2016,available,,accept_official_new_member_profile_exact_dob,0
rajeev-kumar-varshney,Professor Dr Rajeev Kumar Varshney,Class II: Life Sciences,Agricultural and Nutritional Sciences,2016,1973-07-13,1,*13 July 1973,49,https://www.leopoldina.org/fileadmin/Migrierte_Daten/Publikationen/Dokumente/Neugew%C3%A4hlte_Mitglieder_2016.pdf,https://www.leopoldina.org/ergebnisse-und-termine/publikationen/detail/neugewaehlte-mitglieder-2016,available,,accept_official_new_member_profile_exact_dob,0
sabeeha-merchant,Professor Dr Sabeeha Merchant,Class II: Life Sciences,Organismic and Evolutionary Biology,2016,1959-08-31,1,*31 August 1959,30,https://www.leopoldina.org/fileadmin/Migrierte_Daten/Publikationen/Dokumente/Neugew%C3%A4hlte_Mitglieder_2016.pdf,https://www.leopoldina.org/ergebnisse-und-termine/publikationen/detail/neugewaehlte-mitglieder-2016,available,,accept_official_new_member_profile_exact_dob,0
ulf-mueller-ladner,Professor Dr Ulf Müller-Ladner,Class III: Medicine,Internal Medicine and Dermatology,2016,1964-01-19,1,*19. 1. 1964,35,https://www.leopoldina.org/fileadmin/Migrierte_Daten/Publikationen/Dokumente/Neugew%C3%A4hlte_Mitglieder_2016.pdf,https://www.leopoldina.org/ergebnisse-und-termine/publikationen/detail/neugewaehlte-mitglieder-2016,available,,accept_official_new_member_profile_exact_dob,0
veit-hornung,Professor Dr Veit Hornung,Class II: Life Sciences,Microbiology and Immunology,2016,1976-04-15,1,*15. 4. 1976,21,https://www.leopoldina.org/fileadmin/Migrierte_Daten/Publikationen/Dokumente/Neugew%C3%A4hlte_Mitglieder_2016.pdf,https://www.leopoldina.org/ergebnisse-und-termine/publikationen/detail/neugewaehlte-mitglieder-2016,available,,accept_official_new_member_profile_exact_dob,0
william-e-evans,Professor Dr William E. Evans,Class II: Life Sciences,Physiology and Pharmacology/Toxicology,2016,1950-06-27,1,*27 June 1950,14,https://www.leopoldina.org/fileadmin/Migrierte_Daten/Publikationen/Dokumente/Neugew%C3%A4hlte_Mitglieder_2016.pdf,https://www.leopoldina.org/ergebnisse-und-termine/publikationen/detail/neugewaehlte-mitglieder-2016,available,,accept_official_new_member_profile_exact_dob,0
alexander-waibel,Professor Dr Alexander Waibel,"Class I: Mathematics, Natural Sciences and Engineering",Engineering Sciences,2017,1956-05-02,1,*2. 5. 1956,49,https://www.leopoldina.org/fileadmin/Migrierte_Daten/Publikationen/Dokumente/Neugewaehlte_Mitglieder_2017_01.pdf,https://www.leopoldina.org/ergebnisse-und-termine/publikationen/detail/neugewaehlte-mitglieder-2017,available,,accept_official_new_member_profile_exact_dob,0
andreas-von-deimling,Prof. Dr. Andreas von Deimling,Class III: Medicine,Pathology and Forensic Medicine,2017,1959-11-20,1,*20. 11. 1959,12,https://www.leopoldina.org/fileadmin/Migrierte_Daten/Publikationen/Dokumente/Neugewaehlte_Mitglieder_2017_01.pdf,https://www.leopoldina.org/ergebnisse-und-termine/publikationen/detail/neugewaehlte-mitglieder-2017,available,,accept_official_new_member_profile_exact_dob,0
andrej-kral,Prof. Dr. Andrej Kral,Class III: Medicine,"Ophthalmology, Oto-Rhino-Laryngology and Stomatology",2017,1969-02-27,1,*27. 2. 1969,27,https://www.leopoldina.org/fileadmin/Migrierte_Daten/Publikationen/Dokumente/Neugewaehlte_Mitglieder_2017_01.pdf,https://www.leopoldina.org/ergebnisse-und-termine/publikationen/detail/neugewaehlte-mitglieder-2017,available,,accept_official_new_member_profile_exact_dob,0
bernd-fleischmann,Professor Dr Bernd Fleischmann,Class II: Life Sciences,Physiology and Pharmacology/Toxicology,2017,1958-06-22,1,*22. 6. 1958,17,https://www.leopoldina.org/fileadmin/Migrierte_Daten/Publikationen/Dokumente/Neugewaehlte_Mitglieder_2017_01.pdf,https://www.leopoldina.org/ergebnisse-und-termine/publikationen/detail/neugewaehlte-mitglieder-2017,available,,accept_official_new_member_profile_exact_dob,0
bernd-pichler,Professor Dr Bernd Pichler,Class III: Medicine,Radiology,2017,1969-12-26,1,*26. 12. 1969,30,https://www.leopoldina.org/fileadmin/Migrierte_Daten/Publikationen/Dokumente/Neugewaehlte_Mitglieder_2017_01.pdf,https://www.leopoldina.org/ergebnisse-und-termine/publikationen/detail/neugewaehlte-mitglieder-2017,available,,accept_official_new_member_profile_exact_dob,0
bill-s-hansson,Professor Dr Bill S. Hansson,Class II: Life Sciences,Organismic and Evolutionary Biology,2017,1959-01-12,1,*12 January 1959,21,https://www.leopoldina.org/fileadmin/Migrierte_Daten/Publikationen/Dokumente/Neugewaehlte_Mitglieder_2017_01.pdf,https://www.leopoldina.org/ergebnisse-und-termine/publikationen/detail/neugewaehlte-mitglieder-2017,available,,accept_official_new_member_profile_exact_dob,0
britta-siegmund,Professor Dr Britta Siegmund,Class III: Medicine,Internal Medicine and Dermatology,2017,1971-10-25,1,*25. 10. 1971,42,https://www.leopoldina.org/fileadmin/Migrierte_Daten/Publikationen/Dokumente/Neugewaehlte_Mitglieder_2017_01.pdf,https://www.leopoldina.org/ergebnisse-und-termine/publikationen/detail/neugewaehlte-mitglieder-2017,available,,accept_official_new_member_profile_exact_dob,0
cordelia-schmid,Dr. Cordelia Schmid,"Class I: Mathematics, Natural Sciences and Engineering",Informatics,2017,1967-09-28,1,*28. 9. 1967,36,https://www.leopoldina.org/fileadmin/Migrierte_Daten/Publikationen/Dokumente/Neugewaehlte_Mitglieder_2017_01.pdf,https://www.leopoldina.org/ergebnisse-und-termine/publikationen/detail/neugewaehlte-mitglieder-2017,available,,accept_official_new_member_profile_exact_dob,0
dario-leister,Prof. Dr. Dario Leister,Class II: Life Sciences,Organismic and Evolutionary Biology,2017,1967-05-06,1,*6. 5. 1967,28,https://www.leopoldina.org/fileadmin/Migrierte_Daten/Publikationen/Dokumente/Neugewaehlte_Mitglieder_2017_01.pdf,https://www.leopoldina.org/ergebnisse-und-termine/publikationen/detail/neugewaehlte-mitglieder-2017,available,,accept_official_new_member_profile_exact_dob,0
dirk-h-busch,Professor Dr Dirk H. Busch,Class II: Life Sciences,Microbiology and Immunology,2017,1966-06-11,1,*11. 6. 1966,9,https://www.leopoldina.org/fileadmin/Migrierte_Daten/Publikationen/Dokumente/Neugewaehlte_Mitglieder_2017_01.pdf,https://www.leopoldina.org/ergebnisse-und-termine/publikationen/detail/neugewaehlte-mitglieder-2017,available,,accept_official_new_member_profile_exact_dob,0
dirk-trauner,Prof. Dr. Dirk Trauner,"Class I: Mathematics, Natural Sciences and Engineering",Chemistry,2017,1967-04-17,1,*17. 4. 1967,47,https://www.leopoldina.org/fileadmin/Migrierte_Daten/Publikationen/Dokumente/Neugewaehlte_Mitglieder_2017_01.pdf,https://www.leopoldina.org/ergebnisse-und-termine/publikationen/detail/neugewaehlte-mitglieder-2017,available,,accept_official_new_member_profile_exact_dob,0
donald-bruce-dingwell,Professor Dr Donald Bruce Dingwell,"Class I: Mathematics, Natural Sciences and Engineering",Earth Sciences,2017,1958-06-29,1,*29. 6. 1958,14,https://www.leopoldina.org/fileadmin/Migrierte_Daten/Publikationen/Dokumente/Neugewaehlte_Mitglieder_2017_01.pdf,https://www.leopoldina.org/ergebnisse-und-termine/publikationen/detail/neugewaehlte-mitglieder-2017,available,,accept_official_new_member_profile_exact_dob,0
dorothee-kern,Professor Dr Dorothee Kern,Class II: Life Sciences,Human Genetics and Molecular Medicine,2017,1966-01-19,1,*19. 1. 1966,25,https://www.leopoldina.org/fileadmin/Migrierte_Daten/Publikationen/Dokumente/Neugewaehlte_Mitglieder_2017_01.pdf,https://www.leopoldina.org/ergebnisse-und-termine/publikationen/detail/neugewaehlte-mitglieder-2017,available,,accept_official_new_member_profile_exact_dob,0
erin-schuman,Professor Dr Erin Schuman,Class II: Life Sciences,Biochemistry and Biophysics,2017,1963-05-15,1,*15. May 1963,40,https://www.leopoldina.org/fileadmin/Migrierte_Daten/Publikationen/Dokumente/Neugewaehlte_Mitglieder_2017_01.pdf,https://www.leopoldina.org/ergebnisse-und-termine/publikationen/detail/neugewaehlte-mitglieder-2017,available,,accept_official_new_member_profile_exact_dob,0
ernst-r-tamm,Professor Dr Ernst R. Tamm,Class III: Medicine,Anatomy and Anthropology,2017,1959-10-15,1,*15. 10. 1959,45,https://www.leopoldina.org/fileadmin/Migrierte_Daten/Publikationen/Dokumente/Neugewaehlte_Mitglieder_2017_01.pdf,https://www.leopoldina.org/ergebnisse-und-termine/publikationen/detail/neugewaehlte-mitglieder-2017,available,,accept_official_new_member_profile_exact_dob,0
huajian-gao,Professor Dr Huajian Gao,"Class I: Mathematics, Natural Sciences and Engineering",Engineering Sciences,2017,1963-12-07,1,*7 December 1963,18,https://www.leopoldina.org/fileadmin/Migrierte_Daten/Publikationen/Dokumente/Neugewaehlte_Mitglieder_2017_01.pdf,https://www.leopoldina.org/ergebnisse-und-termine/publikationen/detail/neugewaehlte-mitglieder-2017,available,,accept_official_new_member_profile_exact_dob,0
jochen-reiser,Professor Dr Jochen Reiser,Class III: Medicine,Internal Medicine and Dermatology,2017,1971-06-23,1,*23. 6. 1971,31,https://www.leopoldina.org/fileadmin/Migrierte_Daten/Publikationen/Dokumente/Neugewaehlte_Mitglieder_2017_01.pdf,https://www.leopoldina.org/ergebnisse-und-termine/publikationen/detail/neugewaehlte-mitglieder-2017,available,,accept_official_new_member_profile_exact_dob,0
julian-schroeder,Professor Dr Julian Schroeder,Class II: Life Sciences,Genetics/Molecular Biology and Cell Biology,2017,1958-06-11,1,*11 June 1958,39,https://www.leopoldina.org/fileadmin/Migrierte_Daten/Publikationen/Dokumente/Neugewaehlte_Mitglieder_2017_01.pdf,https://www.leopoldina.org/ergebnisse-und-termine/publikationen/detail/neugewaehlte-mitglieder-2017,available,,accept_official_new_member_profile_exact_dob,0
katayoon-dehesh,Katayoon Dehesh,Class II: Life Sciences,Organismic and Evolutionary Biology,2017,1951-03-03,1,*3 March 1951,11,https://www.leopoldina.org/fileadmin/Migrierte_Daten/Publikationen/Dokumente/Neugewaehlte_Mitglieder_2017_01.pdf,https://www.leopoldina.org/ergebnisse-und-termine/publikationen/detail/neugewaehlte-mitglieder-2017,available,,accept_official_new_member_profile_exact_dob,0
katharina-domschke,Prof. Dr. Dr. M.A. (USA) Katharina Domschke,Class III: Medicine,Neurosciences,2017,1978-01-22,1,*22. 1. 1978,15,https://www.leopoldina.org/fileadmin/Migrierte_Daten/Publikationen/Dokumente/Neugewaehlte_Mitglieder_2017_01.pdf,https://www.leopoldina.org/ergebnisse-und-termine/publikationen/detail/neugewaehlte-mitglieder-2017,available,,accept_official_new_member_profile_exact_dob,0
maike-sander,Professor Dr Maike Sander,Class II: Life Sciences,Human Genetics and Molecular Medicine,2017,1967-08-16,1,*16. 8. 1967,33,https://www.leopoldina.org/fileadmin/Migrierte_Daten/Publikationen/Dokumente/Neugewaehlte_Mitglieder_2017_01.pdf,https://www.leopoldina.org/ergebnisse-und-termine/publikationen/detail/neugewaehlte-mitglieder-2017,available,,accept_official_new_member_profile_exact_dob,0
mandyam-v-srinivasan,Professor Dr Mandyam V. Srinivasan,Class II: Life Sciences,Organismic and Evolutionary Biology,2017,1948-09-15,1,*15 September 1948,43,https://www.leopoldina.org/fileadmin/Migrierte_Daten/Publikationen/Dokumente/Neugewaehlte_Mitglieder_2017_01.pdf,https://www.leopoldina.org/ergebnisse-und-termine/publikationen/detail/neugewaehlte-mitglieder-2017,available,,accept_official_new_member_profile_exact_dob,0
michael-brunner,Prof. Dr. Michael Brunner,Class II: Life Sciences,Biochemistry and Biophysics,2017,1957-07-26,1,*26. 7. 1957,8,https://www.leopoldina.org/fileadmin/Migrierte_Daten/Publikationen/Dokumente/Neugewaehlte_Mitglieder_2017_01.pdf,https://www.leopoldina.org/ergebnisse-und-termine/publikationen/detail/neugewaehlte-mitglieder-2017,available,,accept_official_new_member_profile_exact_dob,0
michael-sattler,Professor Dr Michael Sattler,Class II: Life Sciences,Biochemistry and Biophysics,2017,1965-10-29,1,*29. Oktober 1965,34,https://www.leopoldina.org/fileadmin/Migrierte_Daten/Publikationen/Dokumente/Neugewaehlte_Mitglieder_2017_01.pdf,https://www.leopoldina.org/ergebnisse-und-termine/publikationen/detail/neugewaehlte-mitglieder-2017,available,,accept_official_new_member_profile_exact_dob,0
peter-scholze,Professor Dr Peter Scholze,"Class I: Mathematics, Natural Sciences and Engineering",Mathematics,2017,1987-12-11,1,*11. 12. 1987,38,https://www.leopoldina.org/fileadmin/Migrierte_Daten/Publikationen/Dokumente/Neugewaehlte_Mitglieder_2017_01.pdf,https://www.leopoldina.org/ergebnisse-und-termine/publikationen/detail/neugewaehlte-mitglieder-2017,available,,accept_official_new_member_profile_exact_dob,0
severine-vermeire,Professor Dr Severine Vermeire,Class III: Medicine,Internal Medicine and Dermatology,2017,1970-09-09,1,*9 September 1970,48,https://www.leopoldina.org/fileadmin/Migrierte_Daten/Publikationen/Dokumente/Neugewaehlte_Mitglieder_2017_01.pdf,https://www.leopoldina.org/ergebnisse-und-termine/publikationen/detail/neugewaehlte-mitglieder-2017,available,,accept_official_new_member_profile_exact_dob,0
stefanie-dimmeler,Professor Dr Stefanie Dimmeler,Class III: Medicine,Internal Medicine and Dermatology,2017,1967-07-18,1,*18. 7. 1967,13,https://www.leopoldina.org/fileadmin/Migrierte_Daten/Publikationen/Dokumente/Neugewaehlte_Mitglieder_2017_01.pdf,https://www.leopoldina.org/ergebnisse-und-termine/publikationen/detail/neugewaehlte-mitglieder-2017,available,,accept_official_new_member_profile_exact_dob,0
stefanie-ritz-timme,Prof. Dr. Stefanie Ritz-Timme,Class III: Medicine,Pathology and Forensic Medicine,2017,1962-06-13,1,* 13. 6. 1962,32,https://www.leopoldina.org/fileadmin/Migrierte_Daten/Publikationen/Dokumente/Neugewaehlte_Mitglieder_2017_01.pdf,https://www.leopoldina.org/ergebnisse-und-termine/publikationen/detail/neugewaehlte-mitglieder-2017,available,,accept_official_new_member_profile_exact_dob,0
ulrike-tillmann,Professor Dr Ulrike Tillmann,"Class I: Mathematics, Natural Sciences and Engineering",Mathematics,2017,1962-12-12,1,*12. 12. 1962,46,https://www.leopoldina.org/fileadmin/Migrierte_Daten/Publikationen/Dokumente/Neugewaehlte_Mitglieder_2017_01.pdf,https://www.leopoldina.org/ergebnisse-und-termine/publikationen/detail/neugewaehlte-mitglieder-2017,available,,accept_official_new_member_profile_exact_dob,0
volker-haucke,Professor Dr Volker Haucke,Class II: Life Sciences,Genetics/Molecular Biology and Cell Biology,2017,1968-06-29,1,*29. 6. 1968,22,https://www.leopoldina.org/fileadmin/Migrierte_Daten/Publikationen/Dokumente/Neugewaehlte_Mitglieder_2017_01.pdf,https://www.leopoldina.org/ergebnisse-und-termine/publikationen/detail/neugewaehlte-mitglieder-2017,available,,accept_official_new_member_profile_exact_dob,0
wolfgang-janni,Professor Dr Wolfgang Janni,Class III: Medicine,Gynaecology and Paediatrics,2017,1967-05-09,1,*9. 5. 1967,24,https://www.leopoldina.org/fileadmin/Migrierte_Daten/Publikationen/Dokumente/Neugewaehlte_Mitglieder_2017_01.pdf,https://www.leopoldina.org/ergebnisse-und-termine/publikationen/detail/neugewaehlte-mitglieder-2017,available,,accept_official_new_member_profile_exact_dob,0
anca-l-grosu,Professor Dr Anca-Ligia Grosu,Class III: Medicine,Radiology,2018,1962-04-30,1,*30. 4. 1962,25,https://www.leopoldina.org/fileadmin/Migrierte_Daten/Publikationen/Dokumente/Neugewaehlte_Mitglieder_2018_01.pdf,https://www.leopoldina.org/ergebnisse-und-termine/publikationen/detail/neugewaehlte-mitglieder-2018,available,,accept_official_new_member_profile_exact_dob,0
benjamin-list,Professor Dr Benjamin List,"Class I: Mathematics, Natural Sciences and Engineering",Chemistry,2018,1968-01-11,1,*11. 1. 1968,37,https://www.leopoldina.org/fileadmin/Migrierte_Daten/Publikationen/Dokumente/Neugewaehlte_Mitglieder_2018_01.pdf,https://www.leopoldina.org/ergebnisse-und-termine/publikationen/detail/neugewaehlte-mitglieder-2018,available,,accept_official_new_member_profile_exact_dob,0
carmen-birchmeier,Prof. Dr. Carmen Birchmeier,Class II: Life Sciences,Human Genetics and Molecular Medicine,2018,1955-07-06,1,*6. 7. 1955,9,https://www.leopoldina.org/fileadmin/Migrierte_Daten/Publikationen/Dokumente/Neugewaehlte_Mitglieder_2018_01.pdf,https://www.leopoldina.org/ergebnisse-und-termine/publikationen/detail/neugewaehlte-mitglieder-2018,available,,accept_official_new_member_profile_exact_dob,0
catharina-stroppel,Prof. Dr. Catharina Stroppel,"Class I: Mathematics, Natural Sciences and Engineering",Mathematics,2018,1971-08-06,1,*6. 8. 1971,49,https://www.leopoldina.org/fileadmin/Migrierte_Daten/Publikationen/Dokumente/Neugewaehlte_Mitglieder_2018_01.pdf,https://www.leopoldina.org/ergebnisse-und-termine/publikationen/detail/neugewaehlte-mitglieder-2018,available,,accept_official_new_member_profile_exact_dob,0
christiane-j-bruns,Prof. Dr. Christiane J. Bruns,Class III: Medicine,"Surgery, Orthopaedics, Anaesthesiology",2018,1965-05-07,1,*7. 5. 1965,11,https://www.leopoldina.org/fileadmin/Migrierte_Daten/Publikationen/Dokumente/Neugewaehlte_Mitglieder_2018_01.pdf,https://www.leopoldina.org/ergebnisse-und-termine/publikationen/detail/neugewaehlte-mitglieder-2018,available,,accept_official_new_member_profile_exact_dob,0
claudia-felser,Prof. Dr. Claudia Felser,"Class I: Mathematics, Natural Sciences and Engineering",Chemistry,2018,1962-07-28,1,*28. 7. 1962,17,https://www.leopoldina.org/fileadmin/Migrierte_Daten/Publikationen/Dokumente/Neugewaehlte_Mitglieder_2018_01.pdf,https://www.leopoldina.org/ergebnisse-und-termine/publikationen/detail/neugewaehlte-mitglieder-2018,available,,accept_official_new_member_profile_exact_dob,0
daniel-j-frost,Professor Dr Daniel J. Frost,"Class I: Mathematics, Natural Sciences and Engineering",Earth Sciences,2018,1970-11-29,1,*29. 11. 1970,20,https://www.leopoldina.org/fileadmin/Migrierte_Daten/Publikationen/Dokumente/Neugewaehlte_Mitglieder_2018_01.pdf,https://www.leopoldina.org/ergebnisse-und-termine/publikationen/detail/neugewaehlte-mitglieder-2018,available,,accept_official_new_member_profile_exact_dob,0
frank-heppner,Prof. Dr. Frank Heppner,Class III: Medicine,Pathology and Forensic Medicine,2018,1968-07-16,1,*16. 7. 1968,30,https://www.leopoldina.org/fileadmin/Migrierte_Daten/Publikationen/Dokumente/Neugewaehlte_Mitglieder_2018_01.pdf,https://www.leopoldina.org/ergebnisse-und-termine/publikationen/detail/neugewaehlte-mitglieder-2018,available,,accept_official_new_member_profile_exact_dob,0
gabriele-hegerl,Professor Dr Gabriele Hegerl,"Class I: Mathematics, Natural Sciences and Engineering",Earth Sciences,2018,1962-01-09,1,*9. 1. 1962,29,https://www.leopoldina.org/fileadmin/Migrierte_Daten/Publikationen/Dokumente/Neugewaehlte_Mitglieder_2018_01.pdf,https://www.leopoldina.org/ergebnisse-und-termine/publikationen/detail/neugewaehlte-mitglieder-2018,available,,accept_official_new_member_profile_exact_dob,0
garret-a-fitzgerald,Professor Dr Garret A. FitzGerald,Class II: Life Sciences,Physiology and Pharmacology/Toxicology,2018,1950-05-11,1,*11 May 1950,19,https://www.leopoldina.org/fileadmin/Migrierte_Daten/Publikationen/Dokumente/Neugewaehlte_Mitglieder_2018_01.pdf,https://www.leopoldina.org/ergebnisse-und-termine/publikationen/detail/neugewaehlte-mitglieder-2018,available,,accept_official_new_member_profile_exact_dob,0
georg-f-hoffmann,Prof. Dr. Georg F. Hoffmann,Class III: Medicine,Gynaecology and Paediatrics,2018,1957-11-29,1,*29. 11. 1957,31,https://www.leopoldina.org/fileadmin/Migrierte_Daten/Publikationen/Dokumente/Neugewaehlte_Mitglieder_2018_01.pdf,https://www.leopoldina.org/ergebnisse-und-termine/publikationen/detail/neugewaehlte-mitglieder-2018,available,,accept_official_new_member_profile_exact_dob,0
gerhard-weikum,Professor Dr Gerhard Weikum,"Class I: Mathematics, Natural Sciences and Engineering",Informatics,2018,1957-09-28,1,*28. 9. 1957,55,https://www.leopoldina.org/fileadmin/Migrierte_Daten/Publikationen/Dokumente/Neugewaehlte_Mitglieder_2018_01.pdf,https://www.leopoldina.org/ergebnisse-und-termine/publikationen/detail/neugewaehlte-mitglieder-2018,available,,accept_official_new_member_profile_exact_dob,0
heinz-feldmann,"M.D., Ph.D. Heinz Feldmann",Class II: Life Sciences,Microbiology and Immunology,2018,1959-08-22,1,*22. 8. 1959,16,https://www.leopoldina.org/fileadmin/Migrierte_Daten/Publikationen/Dokumente/Neugewaehlte_Mitglieder_2018_01.pdf,https://www.leopoldina.org/ergebnisse-und-termine/publikationen/detail/neugewaehlte-mitglieder-2018,available,,accept_official_new_member_profile_exact_dob,0
helga-ruebsamen-schaeff,Prof. Dr. Helga Rübsamen-Schaeff,Class II: Life Sciences,Microbiology and Immunology,2018,1949-01-13,1,*13. 1. 1949,44,https://www.leopoldina.org/fileadmin/Migrierte_Daten/Publikationen/Dokumente/Neugewaehlte_Mitglieder_2018_01.pdf,https://www.leopoldina.org/ergebnisse-und-termine/publikationen/detail/neugewaehlte-mitglieder-2018,available,,accept_official_new_member_profile_exact_dob,0
heyo-k-kroemer,Professor Dr Heyo K. Kroemer,Class II: Life Sciences,Physiology and Pharmacology/Toxicology,2018,1960-04-04,1,*4. 4. 1960,35,https://www.leopoldina.org/fileadmin/Migrierte_Daten/Publikationen/Dokumente/Neugewaehlte_Mitglieder_2018_01.pdf,https://www.leopoldina.org/ergebnisse-und-termine/publikationen/detail/neugewaehlte-mitglieder-2018,available,,accept_official_new_member_profile_exact_dob,0
holger-stark,Prof. Dr. Holger Stark,Class II: Life Sciences,Biochemistry and Biophysics,2018,1967-06-16,1,*16. 6. 1967,48,https://www.leopoldina.org/fileadmin/Migrierte_Daten/Publikationen/Dokumente/Neugewaehlte_Mitglieder_2018_01.pdf,https://www.leopoldina.org/ergebnisse-und-termine/publikationen/detail/neugewaehlte-mitglieder-2018,available,,accept_official_new_member_profile_exact_dob,0
horst-fischer,Prof. Dr. Horst Fischer,"Class I: Mathematics, Natural Sciences and Engineering",Engineering Sciences,2018,1966-01-24,1,*24. 1. 1966,18,https://www.leopoldina.org/fileadmin/Migrierte_Daten/Publikationen/Dokumente/Neugewaehlte_Mitglieder_2018_01.pdf,https://www.leopoldina.org/ergebnisse-und-termine/publikationen/detail/neugewaehlte-mitglieder-2018,available,,accept_official_new_member_profile_exact_dob,0
jan-ellenberg,Dr Jan Ellenberg,Class II: Life Sciences,Genetics/Molecular Biology and Cell Biology,2018,1967-11-23,1,*23. 11. 1967,15,https://www.leopoldina.org/fileadmin/Migrierte_Daten/Publikationen/Dokumente/Neugewaehlte_Mitglieder_2018_01.pdf,https://www.leopoldina.org/ergebnisse-und-termine/publikationen/detail/neugewaehlte-mitglieder-2018,available,,accept_official_new_member_profile_exact_dob,0
joachim-von-braun,Professor Dr Joachim von Braun,Class II: Life Sciences,Agricultural and Nutritional Sciences,2018,1950-07-10,1,*10. 7. 1950,10,https://www.leopoldina.org/fileadmin/Migrierte_Daten/Publikationen/Dokumente/Neugewaehlte_Mitglieder_2018_01.pdf,https://www.leopoldina.org/ergebnisse-und-termine/publikationen/detail/neugewaehlte-mitglieder-2018,available,,accept_official_new_member_profile_exact_dob,0
johannes-lehmann,Prof. Dr. Johannes Lehmann,Class II: Life Sciences,Agricultural and Nutritional Sciences,2018,1967-06-03,1,*3. 6. 1967,36,https://www.leopoldina.org/fileadmin/Migrierte_Daten/Publikationen/Dokumente/Neugewaehlte_Mitglieder_2018_01.pdf,https://www.leopoldina.org/ergebnisse-und-termine/publikationen/detail/neugewaehlte-mitglieder-2018,available,,accept_official_new_member_profile_exact_dob,0
manajit-hayer-hartl,Dr Manajit Hayer-Hartl,Class II: Life Sciences,Biochemistry and Biophysics,2018,1954-02-27,1,*27. 2. 1954,28,https://www.leopoldina.org/fileadmin/Migrierte_Daten/Publikationen/Dokumente/Neugewaehlte_Mitglieder_2018_01.pdf,https://www.leopoldina.org/ergebnisse-und-termine/publikationen/detail/neugewaehlte-mitglieder-2018,available,,accept_official_new_member_profile_exact_dob,0
manfred-scheer,Prof. Dr. Manfred Scheer,"Class I: Mathematics, Natural Sciences and Engineering",Chemistry,2018,1955-06-26,1,*26. 6. 1955,45,https://www.leopoldina.org/fileadmin/Migrierte_Daten/Publikationen/Dokumente/Neugewaehlte_Mitglieder_2018_01.pdf,https://www.leopoldina.org/ergebnisse-und-termine/publikationen/detail/neugewaehlte-mitglieder-2018,available,,accept_official_new_member_profile_exact_dob,0
martin-hrabe-de-angelis,Prof. Dr. Martin Hrabě de Angelis,Class III: Medicine,Veterinary Medicine,2018,1964-10-29,1,*29. 10. 1964,32,https://www.leopoldina.org/fileadmin/Migrierte_Daten/Publikationen/Dokumente/Neugewaehlte_Mitglieder_2018_01.pdf,https://www.leopoldina.org/ergebnisse-und-termine/publikationen/detail/neugewaehlte-mitglieder-2018,available,,accept_official_new_member_profile_exact_dob,0
matin-qaim,Prof. Dr. Matin Qaim,Class II: Life Sciences,Agricultural and Nutritional Sciences,2018,1969-12-20,1,*20. 12. 1969,40,https://www.leopoldina.org/fileadmin/Migrierte_Daten/Publikationen/Dokumente/Neugewaehlte_Mitglieder_2018_01.pdf,https://www.leopoldina.org/ergebnisse-und-termine/publikationen/detail/neugewaehlte-mitglieder-2018,available,,accept_official_new_member_profile_exact_dob,0
miguel-vences,Prof. Dr. Miguel Vences,Class II: Life Sciences,Organismic and Evolutionary Biology,2018,1969-04-24,1,*24. 4. 1969,52,https://www.leopoldina.org/fileadmin/Migrierte_Daten/Publikationen/Dokumente/Neugewaehlte_Mitglieder_2018_01.pdf,https://www.leopoldina.org/ergebnisse-und-termine/publikationen/detail/neugewaehlte-mitglieder-2018,available,,accept_official_new_member_profile_exact_dob,0
peter-piot,Professor Dr Peter Piot,Class II: Life Sciences,Microbiology and Immunology,2018,1949-02-17,1,*17. 2. 1949,39,https://www.leopoldina.org/fileadmin/Migrierte_Daten/Publikationen/Dokumente/Neugewaehlte_Mitglieder_2018_01.pdf,https://www.leopoldina.org/ergebnisse-und-termine/publikationen/detail/neugewaehlte-mitglieder-2018,available,,accept_official_new_member_profile_exact_dob,0
peter-rehling,Professor Dr Peter Rehling,Class II: Life Sciences,Biochemistry and Biophysics,2018,1966-10-08,1,*8. 10. 1966,41,https://www.leopoldina.org/fileadmin/Migrierte_Daten/Publikationen/Dokumente/Neugewaehlte_Mitglieder_2018_01.pdf,https://www.leopoldina.org/ergebnisse-und-termine/publikationen/detail/neugewaehlte-mitglieder-2018,available,,accept_official_new_member_profile_exact_dob,0
peter-rosenberger,Prof. Dr. Peter Rosenberger,Class III: Medicine,"Surgery, Orthopaedics, Anaesthesiology",2018,1970-10-02,1,*2. 10. 1970,43,https://www.leopoldina.org/fileadmin/Migrierte_Daten/Publikationen/Dokumente/Neugewaehlte_Mitglieder_2018_01.pdf,https://www.leopoldina.org/ergebnisse-und-termine/publikationen/detail/neugewaehlte-mitglieder-2018,available,,accept_official_new_member_profile_exact_dob,0
roland-eils,Prof. Dr. Roland Eils,Class II: Life Sciences,Human Genetics and Molecular Medicine,2018,1965-05-26,1,*26. 5. 1965,14,https://www.leopoldina.org/fileadmin/Migrierte_Daten/Publikationen/Dokumente/Neugewaehlte_Mitglieder_2018_01.pdf,https://www.leopoldina.org/ergebnisse-und-termine/publikationen/detail/neugewaehlte-mitglieder-2018,available,,accept_official_new_member_profile_exact_dob,0
simone-fulda,Professor Dr Simone Fulda,Class III: Medicine,Gynaecology and Paediatrics,2018,1968-03-15,1,*15. 3. 1968,21,https://www.leopoldina.org/fileadmin/Migrierte_Daten/Publikationen/Dokumente/Neugewaehlte_Mitglieder_2018_01.pdf,https://www.leopoldina.org/ergebnisse-und-termine/publikationen/detail/neugewaehlte-mitglieder-2018,available,,accept_official_new_member_profile_exact_dob,0
stefan-grimme,Prof. Dr. Stefan Grimme,"Class I: Mathematics, Natural Sciences and Engineering",Chemistry,2018,1963-09-04,1,*4. 9. 1963,24,https://www.leopoldina.org/fileadmin/Migrierte_Daten/Publikationen/Dokumente/Neugewaehlte_Mitglieder_2018_01.pdf,https://www.leopoldina.org/ergebnisse-und-termine/publikationen/detail/neugewaehlte-mitglieder-2018,available,,accept_official_new_member_profile_exact_dob,0
susanne-hartmann,Prof. Dr. Susanne Hartmann,Class III: Medicine,Global Health,2018,1965-02-26,1,*26. 2. 1965,27,https://www.leopoldina.org/fileadmin/Migrierte_Daten/Publikationen/Dokumente/Neugewaehlte_Mitglieder_2018_01.pdf,https://www.leopoldina.org/ergebnisse-und-termine/publikationen/detail/neugewaehlte-mitglieder-2018,available,,accept_official_new_member_profile_exact_dob,0
thomas-deller,Prof. Dr. Thomas Deller,Class III: Medicine,Anatomy and Anthropology,2018,1964-10-03,1,*3. 10. 1964,12,https://www.leopoldina.org/fileadmin/Migrierte_Daten/Publikationen/Dokumente/Neugewaehlte_Mitglieder_2018_01.pdf,https://www.leopoldina.org/ergebnisse-und-termine/publikationen/detail/neugewaehlte-mitglieder-2018,available,,accept_official_new_member_profile_exact_dob,0
thomas-gasser,Professor Dr Thomas Gasser,Class III: Medicine,Neurosciences,2018,1958-06-23,1,*23. 6. 1958,22,https://www.leopoldina.org/fileadmin/Migrierte_Daten/Publikationen/Dokumente/Neugewaehlte_Mitglieder_2018_01.pdf,https://www.leopoldina.org/ergebnisse-und-termine/publikationen/detail/neugewaehlte-mitglieder-2018,available,,accept_official_new_member_profile_exact_dob,0
thomas-wiegand,Professor Dr Thomas Wiegand,"Class I: Mathematics, Natural Sciences and Engineering",Informatics,2018,1970-05-06,1,*6. 5. 1970,56,https://www.leopoldina.org/fileadmin/Migrierte_Daten/Publikationen/Dokumente/Neugewaehlte_Mitglieder_2018_01.pdf,https://www.leopoldina.org/ergebnisse-und-termine/publikationen/detail/neugewaehlte-mitglieder-2018,available,,accept_official_new_member_profile_exact_dob,0
ursula-schloetzer-schrehardt,Prof. Dr. Ursula Schlötzer-Schrehardt,Class III: Medicine,"Ophthalmology, Oto-Rhino-Laryngology and Stomatology",2018,1957-08-16,1,*16. 8. 1957,46,https://www.leopoldina.org/fileadmin/Migrierte_Daten/Publikationen/Dokumente/Neugewaehlte_Mitglieder_2018_01.pdf,https://www.leopoldina.org/ergebnisse-und-termine/publikationen/detail/neugewaehlte-mitglieder-2018,available,,accept_official_new_member_profile_exact_dob,0
wolf-dietrich-hardt,Professor Dr Wolf-Dietrich Hardt,Class II: Life Sciences,Microbiology and Immunology,2018,1968-06-03,1,*3. 6. 1968,26,https://www.leopoldina.org/fileadmin/Migrierte_Daten/Publikationen/Dokumente/Neugewaehlte_Mitglieder_2018_01.pdf,https://www.leopoldina.org/ergebnisse-und-termine/publikationen/detail/neugewaehlte-mitglieder-2018,available,,accept_official_new_member_profile_exact_dob,0
yuri-tschinkel,Professor Dr Yuri Tschinkel,"Class I: Mathematics, Natural Sciences and Engineering",Mathematics,2018,1964-05-31,1,*31. 5. 1964,51,https://www.leopoldina.org/fileadmin/Migrierte_Daten/Publikationen/Dokumente/Neugewaehlte_Mitglieder_2018_01.pdf,https://www.leopoldina.org/ergebnisse-und-termine/publikationen/detail/neugewaehlte-mitglieder-2018,available,,accept_official_new_member_profile_exact_dob,0
