snapshot,source,source_url,fide_id,name,title,fed,sex,sex_raw,rating,games,birth_date,birthday_raw,active,flag_raw,pos_raw,source_rank,rank_overall,rank_within_sex,official_fide_snapshot,manual_injection,injection_reason,rating_source,rating_source_url,identity_source_url,augmented_rank_overall,identity_bridge_modern_fide_id,exact_dob_north_v2,dob_status_north_v2,birthplace_hemisphere,hemisphere_status,wikidata_person_qids,birthplace_qids,birthplace_labels,birthplace_latitudes,birthplace_longitudes,olimpbase_profile_url,olimpbase_profile_dob,eligible_north_primary_v2,north_v2_exclusion_reason,analysis_sex
1994-01,OlimpBase historical FIDE list,C:\chenxi\bazi_project\chess\Elo199401e.html,700070,"Polgar, Judit",wg,HUN,F,w,2630,22.0,1976-07-23,1976.07.23,True,,21,21.0,19.0,1.0,True,False,,OlimpBase historical FIDE list,C:\chenxi\bazi_project\chess\Elo199401e.html,,21,700070,1976-07-23,profile_wikidata_agree,north,resolved_unique_birthplace,Q183250,Q1781,Budapest,47.49833333,19.04083333,"https://olimpbase.org/Elo/player/P/Polgar,%20Judit.html",1976-07-23,True,,F
1994-01,OlimpBase historical FIDE list,C:\chenxi\bazi_project\chess\Elo199401e.html,700088,"Polgar, Zsuzsa",wg,HUN,F,w,2550,21.0,1969-04-19,1969.04.19,True,,141,141.0,132.0,2.0,True,False,,OlimpBase historical FIDE list,C:\chenxi\bazi_project\chess\Elo199401e.html,,134,700088,1969-04-19,profile_wikidata_agree,north,resolved_unique_birthplace,Q12823,Q1781,Budapest,47.49833333,19.04083333,"https://olimpbase.org/Elo/player/P/Polgar,%20Zsuzsa.html",1969-04-19,True,,F
1994-01,OlimpBase historical FIDE list,C:\chenxi\bazi_project\chess\Elo199401e.html,13600036,"Chiburdanidze, Maia",wg,GEO,F,w,2520,29.0,1961-01-17,1961.01.17,True,,245,245.0,235.0,3.0,True,False,,OlimpBase historical FIDE list,C:\chenxi\bazi_project\chess\Elo199401e.html,,237,13600036,1961-01-17,profile_wikidata_agree,north,resolved_unique_birthplace,Q232720,Q172415,Kutaisi,42.27166667,42.70555556,"https://olimpbase.org/Elo/player/C/Chiburdanidze,%20Maia.html",1961-01-17,True,,F
1994-01,OlimpBase historical FIDE list,C:\chenxi\bazi_project\chess\Elo199401e.html,1700030,"Cramling, Pia",wg,SWE,F,w,2515,51.0,1963-04-23,1963.04.23,True,,268,268.0,261.0,4.0,True,False,,OlimpBase historical FIDE list,C:\chenxi\bazi_project\chess\Elo199401e.html,,263,1700030,1963-04-23,profile_wikidata_agree,north,resolved_unique_birthplace,Q202015,Q1754,Stockholm,59.32944444,18.06861111,"https://olimpbase.org/Elo/player/C/Cramling,%20Pia.html",1963-04-23,True,,F
1994-01,OlimpBase historical FIDE list,C:\chenxi\bazi_project\chess\Elo199401e.html,8600147,"Xie, Jun",g,CHN,F,w,2515,23.0,1970-10-30,1970.10.30,True,,280,280.0,261.0,4.0,True,False,,OlimpBase historical FIDE list,C:\chenxi\bazi_project\chess\Elo199401e.html,,263,8600147,1970-10-30,profile_wikidata_agree,north,resolved_unique_birthplace,Q255142,Q58584,Baoding,38.86712,115.48452,"https://olimpbase.org/Elo/player/X/Xie,%20Jun.html",1970-10-30,True,,F
1994-01,OlimpBase historical FIDE list,C:\chenxi\bazi_project\chess\Elo199401e.html,13600168,"Arakhamia, Ketevan",wg,GEO,F,w,2485,55.0,1968-07-19,1968.07.19,True,,389,389.0,384.0,6.0,True,False,,OlimpBase historical FIDE list,C:\chenxi\bazi_project\chess\Elo199401e.html,,386,13600168,1968-07-19,profile_wikidata_agree,north,resolved_unique_birthplace,Q451654,Q211600,Ochamchire,42.70833333,41.46611111,"https://olimpbase.org/Elo/player/A/Arakhamia,%20Ketevan.html",1968-07-19,True,,F
1994-01,OlimpBase historical FIDE list,C:\chenxi\bazi_project\chess\Elo199401e.html,14100410,"Galliamova-Ivanchuk, Alisa",wg,UKR,F,w,2450,33.0,1972-01-18,1972.01.18,True,,619=,619.0,611.0,7.0,True,False,,OlimpBase historical FIDE list,C:\chenxi\bazi_project\chess\Elo199401e.html,,613,4129725,1972-01-18,profile_wikidata_agree,north,resolved_unique_birthplace,Q466286,Q900,Kazan,55.79083333,49.11444444,"https://olimpbase.org/Elo/player/G/Galliamova-Ivanchuk,%20Alisa.html",1972-01-18,True,,F
1994-01,OlimpBase historical FIDE list,C:\chenxi\bazi_project\chess\Elo199401e.html,700231,"Polgar, Zsofia",wg,HUN,F,w,2450,21.0,1974-11-02,1974.11.02,True,,628,628.0,611.0,7.0,True,False,,OlimpBase historical FIDE list,C:\chenxi\bazi_project\chess\Elo199401e.html,,613,700231,1974-11-02,profile_wikidata_agree,north,resolved_unique_birthplace,Q155388,Q1781,Budapest,47.49833333,19.04083333,"https://olimpbase.org/Elo/player/P/Polgar,%20Zsofia.html",1974-11-02,True,,F
1994-01,OlimpBase historical FIDE list,C:\chenxi\bazi_project\chess\Elo199401e.html,13600079,"Ioseliani, Nana",wg,GEO,F,w,2435,20.0,1962-02-12,1962.02.12,True,,784,784.0,756.0,9.0,True,False,,OlimpBase historical FIDE list,C:\chenxi\bazi_project\chess\Elo199401e.html,,758,13600079,1962-02-12,profile_wikidata_agree,north,resolved_unique_birthplace,Q259851,Q994,Tbilisi,41.7225,44.7925,"https://olimpbase.org/Elo/player/I/Ioseliani,%20Nana.html",1962-02-12,True,,F
1994-01,OlimpBase historical FIDE list,C:\chenxi\bazi_project\chess\Elo199401e.html,2005956,"Levitina, Irina S.",wg,USA,F,w,2425,9.0,1954-06-08,1954.06.08,True,,922=,922.0,889.0,10.0,True,False,,OlimpBase historical FIDE list,C:\chenxi\bazi_project\chess\Elo199401e.html,,891,2005956,1954-06-08,profile_wikidata_agree,north,resolved_unique_birthplace,Q265770,Q656,Saint Petersburg,59.95,30.31666667,"https://olimpbase.org/Elo/player/L/Levitina,%20Irina%20S..html",1954-06-08,True,,F
1994-01,OlimpBase historical FIDE list,C:\chenxi\bazi_project\chess\Elo199401e.html,700550,"Madl, Ildiko",wg,HUN,F,w,2420,12.0,1969-11-05,1969.11.05,True,,992,992.0,959.0,11.0,True,False,,OlimpBase historical FIDE list,C:\chenxi\bazi_project\chess\Elo199401e.html,,961,700550,1969-11-05,profile_wikidata_agree,north,resolved_unique_birthplace,Q469065,Q288413,Tapolca,46.88277778,17.44111111,"https://olimpbase.org/Elo/player/M/Madl,%20Ildiko.html",1969-11-05,True,,F
1994-01,OlimpBase historical FIDE list,C:\chenxi\bazi_project\chess\Elo199401e.html,4623614,"Kachiani-Gersinska, Ketino",wg,GER,F,w,2415,24.0,1971-09-11,1971.09.11,True,,1050=,1050.0,1029.0,12.0,True,False,,OlimpBase historical FIDE list,C:\chenxi\bazi_project\chess\Elo199401e.html,,1031,4623614,1971-09-11,profile_wikidata_agree,north,resolved_unique_birthplace,Q89044,Q1011051,Mestia,43.04355556,42.72397222,"https://olimpbase.org/Elo/player/K/Kakhiani,%20Ketevan.html",1971-09-11,True,,F
1994-01,OlimpBase historical FIDE list,C:\chenxi\bazi_project\chess\Elo199401e.html,904180,"Maric, Alisa",wg,YUG,F,w,2415,22.0,1970-01-10,1970.01.10,True,,1053,1053.0,1029.0,12.0,True,False,,OlimpBase historical FIDE list,C:\chenxi\bazi_project\chess\Elo199401e.html,,1031,904180,1970-01-10,profile_wikidata_agree,north,resolved_unique_birthplace,Q457914,Q60,New York City,40.71277778,-74.00611111,"https://olimpbase.org/Elo/player/M/Maric,%20Alisa.html",1970-01-10,True,,F
1994-01,OlimpBase historical FIDE list,C:\chenxi\bazi_project\chess\Elo199401e.html,908550,"Bojkovic, Natasa",wg,YUG,F,w,2410,26.0,1971-09-03,1971.09.03,True,,1129=,1129.0,1105.0,14.0,True,False,,OlimpBase historical FIDE list,C:\chenxi\bazi_project\chess\Elo199401e.html,,1107,908550,1971-09-03,profile_wikidata_agree,north,resolved_unique_birthplace,Q1558686,Q3711,Belgrade,44.81777778,20.45694444,"https://olimpbase.org/Elo/player/B/Bojkovic,%20Natasa.html",1971-09-03,True,,F
1994-01,OlimpBase historical FIDE list,C:\chenxi\bazi_project\chess\Elo199401e.html,2000547,"Donaldson-Akhmilovskaya, Elena",wg,USA,F,w,2410,11.0,1957-03-11,1957.03.11,True,,1149=,1149.0,1105.0,14.0,True,False,,OlimpBase historical FIDE list,C:\chenxi\bazi_project\chess\Elo199401e.html,,1107,2000547,1957-03-11,profile_exact_wikidata_no_unique_exact,unknown,no_wikidata_match,,,,,,"https://olimpbase.org/Elo/player/A/Akhmilovskaya,%20Elena.html",1957-03-11,False,hemisphere:unknown:no_wikidata_match,F
1994-01,OlimpBase historical FIDE list,C:\chenxi\bazi_project\chess\Elo199401e.html,4119827,"Matveeva, Svetlana",wg,RUS,F,w,2405,24.0,1969-07-04,1969.07.04,True,,1209,1209.0,1191.0,16.0,True,False,,OlimpBase historical FIDE list,C:\chenxi\bazi_project\chess\Elo199401e.html,,1193,4119827,1969-07-04,profile_wikidata_agree,north,resolved_unique_birthplace,Q2079533,Q9361,Bishkek,42.86666667,74.56666667,"https://olimpbase.org/Elo/player/M/Matveeva,%20Svetlana.html",1969-07-04,True,,F
1994-01,OlimpBase historical FIDE list,C:\chenxi\bazi_project\chess\Elo199401e.html,8600350,"Qin, Kanying",wg,CHN,F,w,2405,13.0,1974-02-02,1974.02.02,True,,1227,1227.0,1191.0,16.0,True,False,,OlimpBase historical FIDE list,C:\chenxi\bazi_project\chess\Elo199401e.html,,1193,8600350,1974-02-02,profile_wikidata_agree,north,resolved_unique_birthplace,Q2964052,Q8686,Shanghai,31.2325,121.46916667,"https://olimpbase.org/Elo/player/Q/Qin,%20Kanying.html",1974-02-02,True,,F
1994-01,OlimpBase historical FIDE list,C:\chenxi\bazi_project\chess\Elo199401e.html,1200496,"Foisor, Cristina Adela",wg,ROM,F,w,2400,52.0,1967-04-07,1967.04.07,True,,1274,1274.0,1271.0,18.0,True,False,,OlimpBase historical FIDE list,C:\chenxi\bazi_project\chess\Elo199401e.html,,1273,1200496,1967-04-07,profile_exact_wikidata_no_unique_exact,unknown,no_wikidata_match,,,,,,"https://olimpbase.org/Elo/player/B/Badulescu,%20Cristina%20Adela.html",1967-04-07,False,hemisphere:unknown:no_wikidata_match,F
1994-01,OlimpBase historical FIDE list,C:\chenxi\bazi_project\chess\Elo199401e.html,13600222,"Gurieli, Nino",wg,GEO,F,w,2390,35.0,1961-12-07,1961.12.07,True,,1456,1456.0,1446.0,19.0,True,False,,OlimpBase historical FIDE list,C:\chenxi\bazi_project\chess\Elo199401e.html,,1448,13600222,1961-12-07,profile_wikidata_agree,north,resolved_unique_birthplace,Q4152361,Q994,Tbilisi,41.7225,44.7925,"https://olimpbase.org/Elo/player/G/Gurieli,%20Nino.html",1961-12-07,True,,F
1994-01,OlimpBase historical FIDE list,C:\chenxi\bazi_project\chess\Elo199401e.html,4108680,"Prudnikova, Svetlana",wg,RUS,F,w,2390,40.0,1967-03-18,1967.03.18,True,,1453=,1453.0,1446.0,19.0,True,False,,OlimpBase historical FIDE list,C:\chenxi\bazi_project\chess\Elo199401e.html,,1448,929700,1967-03-18,profile_wikidata_agree,north,resolved_unique_birthplace,Q275089,Q104560,Balakovo,52.03898,47.78392,"https://olimpbase.org/Elo/player/P/Prudnikova,%20Svetlana.html",1967-03-18,True,,F
1994-01,OlimpBase historical FIDE list,C:\chenxi\bazi_project\chess\Elo199401e.html,2000784,"Akhsharumova, Anna M.",wg,USA,F,w,2385,0.0,1957-01-09,1957.01.09,True,,1613=,1613.0,1556.0,21.0,True,False,,OlimpBase historical FIDE list,C:\chenxi\bazi_project\chess\Elo199401e.html,,1558,2000784,1957-01-09,profile_wikidata_agree,north,resolved_unique_birthplace,Q736911,Q649,Moscow,55.75055556,37.6175,"https://olimpbase.org/Elo/player/A/Akhsharumova,%20Anna%20M..html",1957-01-09,True,,F
1994-01,OlimpBase historical FIDE list,C:\chenxi\bazi_project\chess\Elo199401e.html,13400010,"Sofieva, Ainur",wg,AZE,F,w,2385,17.0,1970-07-19,1970.07.19,True,,1586=,1586.0,1556.0,21.0,True,False,,OlimpBase historical FIDE list,C:\chenxi\bazi_project\chess\Elo199401e.html,,1558,13400010,1970-07-19,profile_wikidata_agree,north,resolved_unique_birthplace,Q4429937,Q1017662,Qakh,41.41944444,46.91805556,"https://olimpbase.org/Elo/player/S/Sofieva,%20Ainur.html",1970-07-19,True,,F
1994-01,OlimpBase historical FIDE list,C:\chenxi\bazi_project\chess\Elo199401e.html,401510,"Arkell, Susan",wg,ENG,F,w,2370,34.0,1965-10-20,1965.10.20,True,,1878,1878.0,1868.0,23.0,True,False,,OlimpBase historical FIDE list,C:\chenxi\bazi_project\chess\Elo199401e.html,,1870,401510,,profile_wikidata_exact_conflict,north,resolved_unique_birthplace,Q5157522,Q729006,Chatham,51.38194444,0.52333333,"https://olimpbase.org/Elo/player/A/Arkell,%20Susan.html",1965-10-20,False,dob:profile_wikidata_exact_conflict,F
1994-01,OlimpBase historical FIDE list,C:\chenxi\bazi_project\chess\Elo199401e.html,8600171,"Peng, Zhaoqin",wg,CHN,F,w,2370,13.0,1968-05-08,1968.05.08,True,,1911=,1911.0,1868.0,23.0,True,False,,OlimpBase historical FIDE list,C:\chenxi\bazi_project\chess\Elo199401e.html,,1870,1004786,1968-05-08,profile_wikidata_agree,north,resolved_unique_birthplace,Q271811,Q16572,Guangzhou,23.13,113.26,"https://olimpbase.org/Elo/player/P/Peng,%20Zhaoqin.html",1968-05-08,True,,F
1994-01,OlimpBase historical FIDE list,C:\chenxi\bazi_project\chess\Elo199401e.html,13600125,"Gaprindashvili, Nona",wg,GEO,F,w,2365,3.0,1941-05-03,1941.05.03,True,,2056,2056.0,1981.0,25.0,True,False,,OlimpBase historical FIDE list,C:\chenxi\bazi_project\chess\Elo199401e.html,,1983,13600125,1941-05-03,profile_wikidata_agree,north,resolved_unique_birthplace,Q231630,Q185336,Zugdidi,42.50805556,41.8725,"https://olimpbase.org/Elo/player/G/Gaprindashvili,%20Nona.html",1941-05-03,True,,F
1994-01,OlimpBase historical FIDE list,C:\chenxi\bazi_project\chess\Elo199401e.html,2902257,"Stefanova, Antoaneta",wf,BUL,F,w,2360,34.0,1979-04-19,1979.04.19,True,,2113,2113.0,2105.0,26.0,True,False,,OlimpBase historical FIDE list,C:\chenxi\bazi_project\chess\Elo199401e.html,,2107,2902257,1979-04-19,profile_wikidata_agree,north,resolved_unique_birthplace,Q238810,Q472,Sofia,42.697886,23.321726,"https://olimpbase.org/Elo/player/S/Stefanova,%20Antoaneta.html",1979-04-19,True,,F
1994-01,OlimpBase historical FIDE list,C:\chenxi\bazi_project\chess\Elo199401e.html,11600250,"Rause, Olita",wg,LAT,F,w,2355,12.0,1962-11-21,1962.11.21,True,,2247,2247.0,2212.0,27.0,True,False,,OlimpBase historical FIDE list,C:\chenxi\bazi_project\chess\Elo199401e.html,,2214,11600250,1962-11-21,profile_wikidata_agree,north,resolved_unique_birthplace,Q3544999,Q192180,Latvian Soviet Socialist Republic,56.95805556,24.1025,"https://olimpbase.org/Elo/player/R/Rause,%20Olita.html",1962-11-21,True,,F
1994-01,OlimpBase historical FIDE list,C:\chenxi\bazi_project\chess\Elo199401e.html,8600406,"Wang, Pin",wg,CHN,F,w,2350,13.0,1974-12-01,1974.12.01,True,,2367=,2367.0,2337.0,28.0,True,False,,OlimpBase historical FIDE list,C:\chenxi\bazi_project\chess\Elo199401e.html,,2339,8600406,1974-12-11,profile_wikidata_agree,north,resolved_unique_birthplace,Q530610,Q8686,Shanghai,31.2325,121.46916667,"https://olimpbase.org/Elo/player/W/Wang,%20Pin.html",1974-12-11,True,,F
1994-01,OlimpBase historical FIDE list,C:\chenxi\bazi_project\chess\Elo199401e.html,1101315,"Brustman, Agnieszka",wg,POL,F,w,2345,28.0,1962-07-31,1962.07.31,True,,2488=,2488.0,2474.0,29.0,True,False,,OlimpBase historical FIDE list,C:\chenxi\bazi_project\chess\Elo199401e.html,,2476,1101315,1962-07-31,profile_wikidata_agree,north,resolved_unique_birthplace,Q394878,Q270,Warsaw,52.23,21.01111111,"https://olimpbase.org/Elo/player/B/Brustman,%20Agnieszka.html",1962-07-31,True,,F
1994-01,OlimpBase historical FIDE list,C:\chenxi\bazi_project\chess\Elo199401e.html,4105621,"Demina, Julia",wg,RUS,F,w,2345,29.0,1969-02-03,1969.02.03,True,,2485=,2485.0,2474.0,29.0,True,False,,OlimpBase historical FIDE list,C:\chenxi\bazi_project\chess\Elo199401e.html,,2476,4105621,1969-02-03,profile_wikidata_agree,north,resolved_unique_birthplace,Q6350679,Q887,Yekaterinburg,56.83555556,60.61277778,"https://olimpbase.org/Elo/player/D/Demina,%20Julia.html",1969-02-03,True,,F
1994-01,OlimpBase historical FIDE list,C:\chenxi\bazi_project\chess\Elo199401e.html,11600209,"Safranska, Anda",wm,LAT,F,w,2345,28.0,1960-12-02,1960.12.02,True,,2488=,2488.0,2474.0,29.0,True,False,,OlimpBase historical FIDE list,C:\chenxi\bazi_project\chess\Elo199401e.html,,2476,11600209,1960-12-02,profile_wikidata_agree,north,resolved_unique_birthplace,Q2600515,Q1773,Riga,56.9475,24.10694444,"https://olimpbase.org/Elo/player/S/Shafranska,%20Anda.html",1960-12-02,True,,F
1994-01,OlimpBase historical FIDE list,C:\chenxi\bazi_project\chess\Elo199401e.html,4109040,"Umanskaya, Irina",wm,RUS,F,w,2345,49.0,1963-06-09,1963.06.09,True,,2476,2476.0,2474.0,29.0,True,False,,OlimpBase historical FIDE list,C:\chenxi\bazi_project\chess\Elo199401e.html,,2476,4109040,1963-06-09,profile_wikidata_agree,unknown,person_no_birthplace,Q27560073,,,,,"https://olimpbase.org/Elo/player/U/Umanskaya,%20Irina.html",1963-06-09,False,hemisphere:unknown:person_no_birthplace,F
1994-01,OlimpBase historical FIDE list,C:\chenxi\bazi_project\chess\Elo199401e.html,14400073,"Basagic, Vesna",wg,BIH,F,w,2340,30.0,,,True,,2633,2633.0,2621.0,33.0,True,False,,OlimpBase historical FIDE list,C:\chenxi\bazi_project\chess\Elo199401e.html,,2623,14400073,1964-11-27,wikidata_exact_via_modern_id,north,resolved_unique_birthplace,Q7923258,Q11194,Sarajevo,43.85638889,18.41305556,"https://olimpbase.org/Elo/player/B/Basagic,%20Vesna.html",,True,,F
1994-01,OlimpBase historical FIDE list,C:\chenxi\bazi_project\chess\Elo199401e.html,4617339,"Juergens, Vera",wg,GER,F,w,2340,34.0,1969-09-05,1969.09.05,True,,2628,2628.0,2621.0,33.0,True,False,,OlimpBase historical FIDE list,C:\chenxi\bazi_project\chess\Elo199401e.html,,2623,4617339,1969-09-05,profile_wikidata_agree,north,resolved_unique_birthplace,Q96436,Q219,Bulgaria,42.75,25.5,"https://olimpbase.org/Elo/player/P/Peicheva,%20Vera.html",1969-09-05,True,,F
1994-01,OlimpBase historical FIDE list,C:\chenxi\bazi_project\chess\Elo199401e.html,13400045,"Kadimova, Ilaha",wm,AZE,F,w,2335,34.0,1975-11-05,1975.11.05,True,,2784,2784.0,2779.0,35.0,True,False,,OlimpBase historical FIDE list,C:\chenxi\bazi_project\chess\Elo199401e.html,,2781,13400045,1975-11-05,profile_wikidata_agree,north,resolved_unique_birthplace,Q9393860,Q131290,Ganja,40.68277778,46.36055556,"https://olimpbase.org/Elo/player/K/Kadimova,%20Ilaha.html",1975-11-05,True,,F
1994-01,OlimpBase historical FIDE list,C:\chenxi\bazi_project\chess\Elo199401e.html,300683,"Klimova-Richtrova, Eliska",wg,CZE,F,w,2335,8.0,1959-07-01,1959.07.01,True,,2830,2830.0,2779.0,35.0,True,False,,OlimpBase historical FIDE list,C:\chenxi\bazi_project\chess\Elo199401e.html,,2781,300683,1959-07-01,profile_wikidata_agree,north,resolved_unique_birthplace,Q433811,Q1085,Prague,50.0875,14.42138889,"https://olimpbase.org/Elo/player/K/Klimova,%20Eliska.html",1959-07-01,True,,F
1994-01,OlimpBase historical FIDE list,C:\chenxi\bazi_project\chess\Elo199401e.html,12800228,"Baginskaite, Kamile",wm,LTU,F,w,2330,30.0,1967-04-24,1967.04.24,True,,2928=,2928.0,2922.0,37.0,True,False,,OlimpBase historical FIDE list,C:\chenxi\bazi_project\chess\Elo199401e.html,,2924,2014599,1967-04-24,profile_wikidata_agree,north,resolved_unique_birthplace,Q468829,Q216,Vilnius,54.68722222,25.28,"https://olimpbase.org/Elo/player/B/Baginskaite,%20Kamile.html",1967-04-24,True,,F
1994-01,OlimpBase historical FIDE list,C:\chenxi\bazi_project\chess\Elo199401e.html,4200187,"Makropoulou, Marina",wg,GRE,F,w,2330,26.0,1960-12-03,1960.12.03,True,,2932=,2932.0,2922.0,37.0,True,False,,OlimpBase historical FIDE list,C:\chenxi\bazi_project\chess\Elo199401e.html,,2924,4200187,1960-12-03,profile_wikidata_agree,north,resolved_unique_birthplace,Q435921,Q179585,Ploiești,44.94111111,26.0225,"https://olimpbase.org/Elo/player/P/Pogorevici,%20Marina.html",1960-12-03,True,,F
1994-01,OlimpBase historical FIDE list,C:\chenxi\bazi_project\chess\Elo199401e.html,4617304,"Micic, Jordanka",wm,GER,F,w,2330,24.0,,,True,,2936=,2936.0,2922.0,37.0,True,False,,OlimpBase historical FIDE list,C:\chenxi\bazi_project\chess\Elo199401e.html,,2924,4617304,1964-01-12,profile_wikidata_agree,north,resolved_unique_birthplace,Q1703697,Q2726048,Budoželja,43.5333,20.29,"https://olimpbase.org/Elo/player/M/Micic,%20Jordanka.html",1964-01-12,True,,F
1994-01,OlimpBase historical FIDE list,C:\chenxi\bazi_project\chess\Elo199401e.html,1200771,"Nutu-Gajic, Dana",wg,ROM,F,w,2330,25.0,1957-06-08,1957.06.08,True,,2934=,2934.0,2922.0,37.0,True,False,,OlimpBase historical FIDE list,C:\chenxi\bazi_project\chess\Elo199401e.html,,2924,3202232,1957-06-08,profile_wikidata_agree,north,resolved_unique_birthplace,Q6349765,Q83404,Timișoara,45.75972222,21.23,"https://olimpbase.org/Elo/player/N/Nutu,%20Dana.html",1957-06-08,True,,F
1994-01,OlimpBase historical FIDE list,C:\chenxi\bazi_project\chess\Elo199401e.html,14100401,"Chelushkina, Irina",wg,UKR,F,w,2325,19.0,1962-02-01,1962.02.01,True,,3107=,3107.0,3089.0,41.0,True,False,,OlimpBase historical FIDE list,C:\chenxi\bazi_project\chess\Elo199401e.html,,3091,928615,,profile_wikidata_exact_conflict,north,resolved_unique_birthplace,Q4508636,Q156732,Kherson,46.6425,32.625,"https://olimpbase.org/Elo/player/C/Chelushkina,%20Irina.html",1962-02-01,False,dob:profile_wikidata_exact_conflict,F
1994-01,OlimpBase historical FIDE list,C:\chenxi\bazi_project\chess\Elo199401e.html,700576,"Csonkics, Tunde",wg,HUN,F,w,2325,6.0,1958-09-20,1958.09.20,True,,3163=,3163.0,3089.0,41.0,True,False,,OlimpBase historical FIDE list,C:\chenxi\bazi_project\chess\Elo199401e.html,,3091,700576,1958-09-20,profile_wikidata_agree,north,resolved_unique_birthplace,Q1315884,Q1781,Budapest,47.49833333,19.04083333,"https://olimpbase.org/Elo/player/C/Csonkics,%20Tunde.html",1958-09-20,True,,F
1994-01,OlimpBase historical FIDE list,C:\chenxi\bazi_project\chess\Elo199401e.html,404683,"Sachs, Gulnar",wm,ENG,F,w,2325,2.0,1963-04-24,1963.04.24,True,,3184=,3184.0,3089.0,41.0,True,False,,OlimpBase historical FIDE list,C:\chenxi\bazi_project\chess\Elo199401e.html,,3091,404683,1963-04-24,profile_wikidata_agree,north,resolved_unique_birthplace,Q6351099,Q35493,Almaty,43.24,76.915,"https://olimpbase.org/Elo/player/S/Sakhatova,%20Gulnar.html",1963-04-24,True,,F
1994-01,OlimpBase historical FIDE list,C:\chenxi\bazi_project\chess\Elo199401e.html,2900602,"Voiska, Margarita",wg,BUL,F,w,2325,27.0,1963-04-03,1963.04.03,True,,3098,3098.0,3089.0,41.0,True,False,,OlimpBase historical FIDE list,C:\chenxi\bazi_project\chess\Elo199401e.html,,3091,2900602,1963-04-03,profile_wikidata_agree,north,resolved_unique_birthplace,Q2064795,Q472,Sofia,42.697886,23.321726,"https://olimpbase.org/Elo/player/V/Voiska,%20Margarita.html",1963-04-03,True,,F
1994-01,OlimpBase historical FIDE list,C:\chenxi\bazi_project\chess\Elo199401e.html,13500163,"Zayac, Elena",wg,BLR,F,w,2325,6.0,1969-09-16,1969.09.16,True,,3163,3163.0,3089.0,41.0,True,False,,OlimpBase historical FIDE list,C:\chenxi\bazi_project\chess\Elo199401e.html,,3091,4139518,1969-06-16,profile_wikidata_agree,north,resolved_unique_birthplace,Q2364132,Q237655,Baranavichy,53.1325,26.01777778,"https://olimpbase.org/Elo/player/Z/Zayac,%20Elena.html",1969-06-16,True,,F
1994-01,OlimpBase historical FIDE list,C:\chenxi\bazi_project\chess\Elo199401e.html,100536,"Amura, Claudia N.",wm,ARG,F,w,2320,20.0,1970-09-26,1970.09.26,True,,3297,3297.0,3274.0,46.0,True,False,,OlimpBase historical FIDE list,C:\chenxi\bazi_project\chess\Elo199401e.html,,3276,100536,,profile_wikidata_exact_conflict,south,resolved_unique_birthplace,Q276395,Q1486,Buenos Aires,-34.59972222,-58.38194444,"https://olimpbase.org/Elo/player/A/Amura,%20Claudia%20N..html",1970-09-26,False,dob:profile_wikidata_exact_conflict,F
1994-01,OlimpBase historical FIDE list,C:\chenxi\bazi_project\chess\Elo199401e.html,4200446,"Botsari, Anna-Maria",wg,GRE,F,w,2320,36.0,1972-10-05,1972.10.05,True,,3276,3276.0,3274.0,46.0,True,False,,OlimpBase historical FIDE list,C:\chenxi\bazi_project\chess\Elo199401e.html,,3276,4200446,1972-10-05,profile_wikidata_agree,north,resolved_unique_birthplace,Q9150296,Q1524,Athens,37.98416667,23.72805556,"https://olimpbase.org/Elo/player/B/Botsari-Miladinovic,%20Anna-Maria.html",1972-10-05,True,,F
1994-01,OlimpBase historical FIDE list,C:\chenxi\bazi_project\chess\Elo199401e.html,4108752,"Grabuzova, Tatiana",wm,RUS,F,w,2320,35.0,,,True,,3277,3277.0,3274.0,46.0,True,False,,OlimpBase historical FIDE list,C:\chenxi\bazi_project\chess\Elo199401e.html,,3276,4108752,1967-02-09,profile_wikidata_agree,north,resolved_unique_birthplace,Q27559996,Q900,Kazan,55.79083333,49.11444444,"https://olimpbase.org/Elo/player/G/Grabuzova,%20Tatiana.html",1967-02-09,True,,F
1994-01,OlimpBase historical FIDE list,C:\chenxi\bazi_project\chess\Elo199401e.html,14100614,"Sedina, Elena",wm,UKR,F,w,2320,20.0,1968-06-01,1968.06.01,True,,3297=,3297.0,3274.0,46.0,True,False,,OlimpBase historical FIDE list,C:\chenxi\bazi_project\chess\Elo199401e.html,,3276,812153,1968-06-01,profile_wikidata_agree,north,resolved_unique_birthplace,Q465448,Q1899,Kyiv,50.45,30.52361111,"https://olimpbase.org/Elo/player/S/Sedina,%20Elena.html",1968-06-01,True,,F
1994-01,OlimpBase historical FIDE list,C:\chenxi\bazi_project\chess\Elo199401e.html,14100460,"Semenova, Lidia K.",wg,UKR,F,w,2320,22.0,1951-11-22,1951.11.22,True,,3292=,3292.0,3274.0,46.0,True,False,,OlimpBase historical FIDE list,C:\chenxi\bazi_project\chess\Elo199401e.html,,3276,14100460,1951-11-22,profile_wikidata_agree,north,resolved_unique_birthplace,Q456733,Q4463213,Trytelnyky,49.48805556,26.54111111,"https://olimpbase.org/Elo/player/S/Semenova,%20Lidia%20K..html",1951-11-22,True,,F
1994-01,OlimpBase historical FIDE list,C:\chenxi\bazi_project\chess\Elo199401e.html,701068,"Veroci, Zsuzsa",wg,HUN,F,w,2320,20.0,1949-02-19,1949.02.19,True,,3297=,3297.0,3274.0,46.0,True,False,,OlimpBase historical FIDE list,C:\chenxi\bazi_project\chess\Elo199401e.html,,3276,701068,1949-02-19,profile_wikidata_agree,north,resolved_unique_birthplace,Q227394,Q1781,Budapest,47.49833333,19.04083333,"https://olimpbase.org/Elo/player/V/Veroci,%20Zsuzsa.html",1949-02-19,True,,F
1994-01,OlimpBase historical FIDE list,C:\chenxi\bazi_project\chess\Elo199401e.html,4104897,"Zaitseva, Ludmila G.",wg,RUS,F,w,2320,8.0,1956-02-10,1956.02.10,True,,3351=,3351.0,3274.0,46.0,True,False,,OlimpBase historical FIDE list,C:\chenxi\bazi_project\chess\Elo199401e.html,,3276,4104897,1956-02-10,profile_wikidata_agree,north,resolved_unique_birthplace,Q4184467,Q196934,Ussuriysk,43.8,131.95,"https://olimpbase.org/Elo/player/Z/Zaitseva,%20Ludmila%20G..html",1956-02-10,True,,F
1994-01,OlimpBase historical FIDE list,C:\chenxi\bazi_project\chess\Elo199401e.html,2008599,"Belakovskaia, Anjelina",wg,USA,F,w,2315,23.0,1969-05-17,1969.05.17,True,,3494=,3494.0,3477.0,53.0,True,False,,OlimpBase historical FIDE list,C:\chenxi\bazi_project\chess\Elo199401e.html,,3479,2008599,1969-05-17,profile_wikidata_agree,north,resolved_unique_birthplace,Q2032831,Q1874,Odesa,46.47747,30.73262,"https://olimpbase.org/Elo/player/B/Belakovskaja,%20Anjelina.html",1969-05-17,True,,F
1994-01,OlimpBase historical FIDE list,C:\chenxi\bazi_project\chess\Elo199401e.html,4110730,"Manakova, Maria",,RUS,F,w,2315,49.0,,,True,,3478,3478.0,3477.0,53.0,True,False,,OlimpBase historical FIDE list,C:\chenxi\bazi_project\chess\Elo199401e.html,,3479,927007,1974-03-01,profile_wikidata_agree,north,resolved_unique_birthplace,Q545025,Q900,Kazan,55.79083333,49.11444444,"https://olimpbase.org/Elo/player/M/Manakova,%20Maria.html",1974-03-01,True,,F
1994-01,OlimpBase historical FIDE list,C:\chenxi\bazi_project\chess\Elo199401e.html,4108370,"Shumiakina, Tatiana",wm,RUS,F,w,2315,31.0,1965-10-04,1965.10.04,True,,3487=,3487.0,3477.0,53.0,True,False,,OlimpBase historical FIDE list,C:\chenxi\bazi_project\chess\Elo199401e.html,,3479,4108370,1965-10-04,profile_wikidata_agree,north,resolved_unique_birthplace,Q4527854,Q906,Chelyabinsk,55.15,61.4,"https://olimpbase.org/Elo/player/S/Shumiakina,%20Tatiana.html",1965-10-04,True,,F
1994-01,OlimpBase historical FIDE list,C:\chenxi\bazi_project\chess\Elo199401e.html,4106970,"Stepovaia (Dianchenko), Tatiana",wg,RUS,F,w,2315,14.0,1965-09-23,1965.09.23,True,,3511=,3511.0,3477.0,53.0,True,False,,OlimpBase historical FIDE list,C:\chenxi\bazi_project\chess\Elo199401e.html,,3479,4106970,1965-09-23,profile_wikidata_agree,north,resolved_unique_birthplace,Q4442189,Q3646,Krasnodar,45.03333333,38.98333333,"https://olimpbase.org/Elo/player/D/Dianchenko,%20Tatiana.html",1965-09-23,True,,F
1994-01,OlimpBase historical FIDE list,C:\chenxi\bazi_project\chess\Elo199401e.html,13400029,"Velikhanli, Firuza",wg,AZE,F,w,2315,2.0,,,True,,3585=,3585.0,3477.0,53.0,True,False,,OlimpBase historical FIDE list,C:\chenxi\bazi_project\chess\Elo199401e.html,,3479,13400029,1970-10-26,wikidata_exact_via_modern_id,unknown,person_no_birthplace,Q16367705,,,,,"https://olimpbase.org/Elo/player/V/Velikhanli,%20Firuza.html",,False,hemisphere:unknown:person_no_birthplace,F
1994-01,OlimpBase historical FIDE list,C:\chenxi\bazi_project\chess\Elo199401e.html,14100762,"Borulia, Ekaterina",wm,UKR,F,w,2310,13.0,,,True,,3730=,3730.0,3693.0,58.0,True,False,,OlimpBase historical FIDE list,C:\chenxi\bazi_project\chess\Elo199401e.html,,3695,4630610,1969-12-31,profile_wikidata_agree,north,resolved_unique_birthplace,Q99199,Q1899,Kyiv,50.45,30.52361111,"https://olimpbase.org/Elo/player/B/Borulya,%20Ekaterina.html",1969-12-31,True,,F
1994-01,OlimpBase historical FIDE list,C:\chenxi\bazi_project\chess\Elo199401e.html,706787,"Felkai, Agnes",,HUN,F,w,2310,0.0,1974-03-08,1974.03.08,True,,3815=,3815.0,3693.0,58.0,True,False,,OlimpBase historical FIDE list,C:\chenxi\bazi_project\chess\Elo199401e.html,,3695,706787,1974-03-08,profile_exact_wikidata_no_unique_exact,unknown,no_wikidata_match,,,,,,"https://olimpbase.org/Elo/player/F/Felkai,%20Agnes.html",1974-03-08,False,hemisphere:unknown:no_wikidata_match,F
1994-01,OlimpBase historical FIDE list,C:\chenxi\bazi_project\chess\Elo199401e.html,1300237,"Lematschko, Tatjana",wg,SUI,F,w,2310,6.0,1948-03-16,1948.03.16,True,,3779=,3779.0,3693.0,58.0,True,False,,OlimpBase historical FIDE list,C:\chenxi\bazi_project\chess\Elo199401e.html,,3695,1300237,1948-03-16,profile_exact_wikidata_no_unique_exact,unknown,no_wikidata_match,,,,,,"https://olimpbase.org/Elo/player/L/Lemachko,%20Tatiana.html",1948-03-16,False,hemisphere:unknown:no_wikidata_match,F
1994-01,OlimpBase historical FIDE list,C:\chenxi\bazi_project\chess\Elo199401e.html,1201590,"Radu, Elena Luminita",wm,ROM,F,w,2310,8.0,1972-01-22,1972.01.22,True,,3762=,3762.0,3693.0,58.0,True,False,,OlimpBase historical FIDE list,C:\chenxi\bazi_project\chess\Elo199401e.html,,3695,1201590,1972-01-22,profile_wikidata_agree,north,resolved_unique_birthplace,Q9252595,Q19660,Bucharest,44.41336111,26.09777778,"https://olimpbase.org/Elo/player/R/Radu,%20Elena%20Luminita.html",1972-01-22,True,,F
1994-01,OlimpBase historical FIDE list,C:\chenxi\bazi_project\chess\Elo199401e.html,14100746,"Ruchieva, Natalia",wg,UKR,F,w,2310,19.0,1960-03-12,1960.03.12,True,,3714,3714.0,3693.0,58.0,True,False,,OlimpBase historical FIDE list,C:\chenxi\bazi_project\chess\Elo199401e.html,,3695,4124251,1960-03-12,profile_wikidata_agree,north,resolved_unique_birthplace,Q15088706,Q102364,Yelnya,54.56666667,33.16666667,"https://olimpbase.org/Elo/player/R/Ruchieva,%20Natalia.html",1960-03-12,True,,F
1994-01,OlimpBase historical FIDE list,C:\chenxi\bazi_project\chess\Elo199401e.html,13600230,"Alexandria, Nana",wg,GEO,F,w,2305,9.0,1949-10-13,1949.10.13,True,,3985=,3985.0,3923.0,63.0,True,False,,OlimpBase historical FIDE list,C:\chenxi\bazi_project\chess\Elo199401e.html,,3925,13600230,1949-10-13,profile_wikidata_agree,north,resolved_unique_birthplace,Q253961,Q185345,Poti,42.14194;42.15,41.66666667;41.67639,"https://olimpbase.org/Elo/player/A/Alexandria,%20Nana.html",1949-10-13,True,,F
1994-01,OlimpBase historical FIDE list,C:\chenxi\bazi_project\chess\Elo199401e.html,2902214,"Chilingirova, Pavlina",wm,BUL,F,w,2305,20.0,1955-10-22,1955.10.22,True,,3936,3936.0,3923.0,63.0,True,False,,OlimpBase historical FIDE list,C:\chenxi\bazi_project\chess\Elo199401e.html,,3925,2902214,1955-10-22,profile_wikidata_agree,unknown,person_no_birthplace,Q11814637,,,,,"https://olimpbase.org/Elo/player/C/Chilingirova,%20Pavlina.html",1955-10-22,False,hemisphere:unknown:person_no_birthplace,F
1994-01,OlimpBase historical FIDE list,C:\chenxi\bazi_project\chess\Elo199401e.html,4116704,"Kovalevskaya, Ekaterina",wm,RUS,F,w,2305,9.0,,,True,,3985=,3985.0,3923.0,63.0,True,False,,OlimpBase historical FIDE list,C:\chenxi\bazi_project\chess\Elo199401e.html,,3925,4116704,1974-04-17,profile_wikidata_agree,north,resolved_unique_birthplace,Q448996,Q908,Rostov-on-Don,47.2225,39.71,"https://olimpbase.org/Elo/player/K/Kovalevskaya,%20Ekaterina.html",1974-04-17,True,,F
1994-01,OlimpBase historical FIDE list,C:\chenxi\bazi_project\chess\Elo199401e.html,904562,"Maksimovic, Suzana",wm,YUG,F,w,2305,25.0,1962-01-05,1962.01.05,True,,3926=,3926.0,3923.0,63.0,True,False,,OlimpBase historical FIDE list,C:\chenxi\bazi_project\chess\Elo199401e.html,,3925,904562,1962-01-05,profile_wikidata_agree,north,resolved_unique_birthplace,Q1453906,Q83286,Socialist Federal Republic of Yugoslavia,44.82,20.4275,"https://olimpbase.org/Elo/player/M/Maksimovic,%20Suzana.html",1962-01-05,True,,F
1994-01,OlimpBase historical FIDE list,C:\chenxi\bazi_project\chess\Elo199401e.html,1104454,"Dabrowska, Krystyna",wm,POL,F,w,2300,31.0,1973-12-05,1973.12.05,True,,4161,4161.0,4156.0,67.0,True,False,,OlimpBase historical FIDE list,C:\chenxi\bazi_project\chess\Elo199401e.html,,4158,1104454,1973-12-05,profile_wikidata_agree,north,resolved_unique_birthplace,Q1709685,Q1613105,Sokołów Podlaski,52.4,22.25,"https://olimpbase.org/Elo/player/D/Dabrowska,%20Krystyna.html",1973-12-05,True,,F
1994-01,OlimpBase historical FIDE list,C:\chenxi\bazi_project\chess\Elo199401e.html,11600241,"Erneste, Inguna",wg,LAT,F,w,2300,26.0,1966-05-23,1966.05.23,True,,4163=,4163.0,4156.0,67.0,True,False,,OlimpBase historical FIDE list,C:\chenxi\bazi_project\chess\Elo199401e.html,,4158,11600241,1966-05-23,profile_wikidata_agree,north,resolved_unique_birthplace,Q4532578,Q1773,Riga,56.9475,24.10694444,"https://olimpbase.org/Elo/player/E/Erneste,%20Inguna.html",1966-05-23,True,,F
1994-01,OlimpBase historical FIDE list,C:\chenxi\bazi_project\chess\Elo199401e.html,14101181,"Gaponenko, Inna",wm,UKR,F,w,2300,40.0,1976-06-22,1976.06.22,True,,4156=,4156.0,4156.0,67.0,True,False,,OlimpBase historical FIDE list,C:\chenxi\bazi_project\chess\Elo199401e.html,,4158,14101181,1976-06-22,profile_wikidata_agree,north,resolved_unique_birthplace,Q445102,Q156732,Kherson,46.6425,32.625,"https://olimpbase.org/Elo/player/G/Gaponenko,%20Inna.html",1976-06-22,True,,F
1994-01,OlimpBase historical FIDE list,C:\chenxi\bazi_project\chess\Elo199401e.html,14100495,"Lelchuk, Zoja",wg,UKR,F,w,2300,22.0,1961-01-01,1961.01.01,True,,4169=,4169.0,4156.0,67.0,True,False,,OlimpBase historical FIDE list,C:\chenxi\bazi_project\chess\Elo199401e.html,,4158,4671660,1961-09-06,profile_wikidata_agree,north,resolved_unique_birthplace,Q227082,Q36036,Lviv,49.838055;49.841952,24.023055;24.0315921,"https://olimpbase.org/Elo/player/L/Lelchuk,%20Zoja.html",1961-09-06,True,,F
1994-01,OlimpBase historical FIDE list,C:\chenxi\bazi_project\chess\Elo199401e.html,13300210,"Danielian, Elina",wm,ARM,F,w,2295,27.0,,,True,,4419,4419.0,4413.0,71.0,True,False,,OlimpBase historical FIDE list,C:\chenxi\bazi_project\chess\Elo199401e.html,,4415,13300210,1978-08-16,profile_wikidata_agree,north,resolved_unique_birthplace,Q433358,Q9248,Baku,40.36665556,49.83518333,"https://olimpbase.org/Elo/player/D/Danielian,%20Elina.html",1978-08-16,True,,F
1994-01,OlimpBase historical FIDE list,C:\chenxi\bazi_project\chess\Elo199401e.html,704458,"Grabics, Monika",wf,HUN,F,w,2295,52.0,1976-08-31,1976.08.31,True,,4413,4413.0,4413.0,71.0,True,False,,OlimpBase historical FIDE list,C:\chenxi\bazi_project\chess\Elo199401e.html,,4415,704458,1976-08-31,profile_wikidata_agree,north,resolved_unique_birthplace,Q1957793,Q1781,Budapest,47.49833333,19.04083333,"https://olimpbase.org/Elo/player/G/Grabics,%20Monika.html",1976-08-31,True,,F
1994-01,OlimpBase historical FIDE list,C:\chenxi\bazi_project\chess\Elo199401e.html,13600320,"Khurtsidze, Nino",wg,GEO,F,w,2295,21.0,1975-09-28,1975.09.28,True,,4428,4428.0,4413.0,71.0,True,False,,OlimpBase historical FIDE list,C:\chenxi\bazi_project\chess\Elo199401e.html,,4415,13600320,1975-09-28,profile_exact_wikidata_no_unique_exact,unknown,no_wikidata_match,,,,,,"https://olimpbase.org/Elo/player/K/Khurtsidze,%20Nino.html",1975-09-28,False,hemisphere:unknown:no_wikidata_match,F
1994-01,OlimpBase historical FIDE list,C:\chenxi\bazi_project\chess\Elo199401e.html,14900440,"Repkova, Eva",wm,SVK,F,w,2295,21.0,1975-01-16,1975.01.16,True,,4428=,4428.0,4413.0,71.0,True,False,,OlimpBase historical FIDE list,C:\chenxi\bazi_project\chess\Elo199401e.html,,4415,14900440,1975-01-16,profile_wikidata_agree,north,resolved_unique_birthplace,Q543492,Q605521,Stará Ľubovňa,49.31666667,20.68333333,"https://olimpbase.org/Elo/player/R/Repkova,%20Eva.html",1975-01-16,True,,F
1994-01,OlimpBase historical FIDE list,C:\chenxi\bazi_project\chess\Elo199401e.html,14100380,"Litinskaya-Shul, Marta I.",wg,UKR,F,w,2290,47.0,1949-03-25,1949.03.25,True,,4670,4670.0,4667.0,75.0,True,False,,OlimpBase historical FIDE list,C:\chenxi\bazi_project\chess\Elo199401e.html,,4669,14100380,1949-03-25,profile_wikidata_agree,north,resolved_unique_birthplace,Q458418,Q36036,Lviv,49.838055;49.841952,24.023055;24.0315921,"https://olimpbase.org/Elo/player/L/Litinskaya-Shul,%20Marta%20I..html",1949-03-25,True,,F
1994-01,OlimpBase historical FIDE list,C:\chenxi\bazi_project\chess\Elo199401e.html,4616057,"Olbrich, Marina",wf,GER,F,w,2290,30.0,1969-04-17,1969.04.17,True,,4678,4678.0,4667.0,75.0,True,False,,OlimpBase historical FIDE list,C:\chenxi\bazi_project\chess\Elo199401e.html,,4669,4616057,1969-04-17,profile_wikidata_agree,unknown,person_no_birthplace,Q1898264,,,,,"https://olimpbase.org/Elo/player/O/Olbrich,%20Marina.html",1969-04-17,False,hemisphere:unknown:person_no_birthplace,F
1994-01,OlimpBase historical FIDE list,C:\chenxi\bazi_project\chess\Elo199401e.html,13700090,"Sakhatova, Elvira",wm,KAZ,F,w,2290,17.0,,,True,,4699=,4699.0,4667.0,75.0,True,False,,OlimpBase historical FIDE list,C:\chenxi\bazi_project\chess\Elo199401e.html,,4669,4000510,1965-09-19,profile_wikidata_agree,north,resolved_unique_birthplace,Q3247101,Q35493,Almaty,43.24,76.915,"https://olimpbase.org/Elo/player/S/Sakhatova,%20Elvira.html",1965-09-19,True,,F
1994-01,OlimpBase historical FIDE list,C:\chenxi\bazi_project\chess\Elo199401e.html,14501619,"Petek, Mirjana",wm,CRO,F,w,2285,26.0,,,True,,4962,4962.0,4953.0,78.0,True,False,,OlimpBase historical FIDE list,C:\chenxi\bazi_project\chess\Elo199401e.html,,4955,14501619,1964-07-30,profile_wikidata_agree,unknown,person_no_birthplace,Q11781675,,,,,"https://olimpbase.org/Elo/player/P/Petek,%20Mirjana.html",1964-07-30,False,hemisphere:unknown:person_no_birthplace,F
1994-01,OlimpBase historical FIDE list,C:\chenxi\bazi_project\chess\Elo199401e.html,4500199,"Tsiganova, Monika",wm,EST,F,w,2285,16.0,1969-08-08,1969.08.08,True,,4977,4977.0,4953.0,78.0,True,False,,OlimpBase historical FIDE list,C:\chenxi\bazi_project\chess\Elo199401e.html,,4955,4500199,1969-08-08,profile_wikidata_agree,north,resolved_unique_birthplace,Q15642604,Q201391,Kohtla-Järve,59.4,27.28333333,"https://olimpbase.org/Elo/player/T/Tsiganova,%20Monika.html",1969-08-08,True,,F
1994-01,OlimpBase historical FIDE list,C:\chenxi\bazi_project\chess\Elo199401e.html,4603966,"Fischdick, Gisela",wm,GER,F,w,2280,11.0,1955-11-05,1955.11.05,True,,5302=,5302.0,5251.0,80.0,True,False,,OlimpBase historical FIDE list,C:\chenxi\bazi_project\chess\Elo199401e.html,,5253,4603966,1955-11-05,profile_wikidata_agree,north,resolved_unique_birthplace,Q96870,Q2899,Mülheim an der Ruhr,51.4275,6.8825,"https://olimpbase.org/Elo/player/F/Fischdick,%20Gisela.html",1955-11-05,True,,F
1994-01,OlimpBase historical FIDE list,C:\chenxi\bazi_project\chess\Elo199401e.html,2802015,"Jarmolinskaya, Masha",wm,ISR,F,w,2280,4.0,,,True,,5363=,5363.0,5251.0,80.0,True,False,,OlimpBase historical FIDE list,C:\chenxi\bazi_project\chess\Elo199401e.html,,5253,2802015,1968-11-18,profile_wikidata_agree,north,resolved_unique_birthplace,Q1922932,Q1874,Odesa,46.47747,30.73262,"https://olimpbase.org/Elo/player/J/Jarmolinskaya,%20Masha.html",1968-11-18,True,,F
1994-01,OlimpBase historical FIDE list,C:\chenxi\bazi_project\chess\Elo199401e.html,908029,"Maric, Mirjana",wg,YUG,F,w,2280,21.0,1970-01-10,1970.01.10,True,,5257=,5257.0,5251.0,80.0,True,False,,OlimpBase historical FIDE list,C:\chenxi\bazi_project\chess\Elo199401e.html,,5253,908029,1970-01-10,profile_wikidata_agree,north,resolved_unique_birthplace,Q4281610,Q60,New York City,40.71277778,-74.00611111,"https://olimpbase.org/Elo/player/M/Maric,%20Mirjana.html",1970-01-10,True,,F
1994-01,OlimpBase historical FIDE list,C:\chenxi\bazi_project\chess\Elo199401e.html,8600376,"Ning, Chunhong",wf,CHN,F,w,2280,0.0,1968-01-21,1968.01.21,True,,5396=,5396.0,5251.0,80.0,True,False,,OlimpBase historical FIDE list,C:\chenxi\bazi_project\chess\Elo199401e.html,,5253,8600376,1968-01-21,profile_wikidata_agree,unknown,person_no_birthplace,Q11792314,,,,,"https://olimpbase.org/Elo/player/N/Ning,%20Chunhong.html",1968-01-21,False,hemisphere:unknown:person_no_birthplace,F
1994-01,OlimpBase historical FIDE list,C:\chenxi\bazi_project\chess\Elo199401e.html,13900099,"Roizen, Nadejda",wm,MDA,F,w,2280,20.0,1969-12-06,1969.12.06,True,,5261=,5261.0,5251.0,80.0,True,False,,OlimpBase historical FIDE list,C:\chenxi\bazi_project\chess\Elo199401e.html,,5253,2804859,1969-12-06,profile_wikidata_agree,unknown,person_no_birthplace,Q27597941,,,,,"https://olimpbase.org/Elo/player/R/Roizen,%20Nadejda.html",1969-12-06,False,hemisphere:unknown:person_no_birthplace,F
1994-01,OlimpBase historical FIDE list,C:\chenxi\bazi_project\chess\Elo199401e.html,4109740,"Te, Roza",wm,RUS,F,w,2280,13.0,1961-08-08,1961.08.08,True,,5286=,5286.0,5251.0,80.0,True,False,,OlimpBase historical FIDE list,C:\chenxi\bazi_project\chess\Elo199401e.html,,5253,620432,1961-08-08,profile_exact_wikidata_no_unique_exact,unknown,no_wikidata_match,,,,,,"https://olimpbase.org/Elo/player/T/Te,%20Roza.html",1961-08-08,False,hemisphere:unknown:no_wikidata_match,F
1994-01,OlimpBase historical FIDE list,C:\chenxi\bazi_project\chess\Elo199401e.html,906344,"Nikolin, Zorica",wm,YUG,F,w,2275,25.0,1961-04-08,1961.04.08,True,,5534=,5534.0,5532.0,86.0,True,False,,OlimpBase historical FIDE list,C:\chenxi\bazi_project\chess\Elo199401e.html,,5534,906344,1961-04-08,profile_wikidata_agree,unknown,person_no_birthplace,Q24958128,,,,,"https://olimpbase.org/Elo/player/N/Nikolin,%20Zorica.html",1961-04-08,False,hemisphere:unknown:person_no_birthplace,F
1994-01,OlimpBase historical FIDE list,C:\chenxi\bazi_project\chess\Elo199401e.html,1301446,"Hund, Barbara",wg,SUI,F,w,2270,16.0,1959-10-10,1959.10.10,True,,5822=,5822.0,5802.0,87.0,True,False,,OlimpBase historical FIDE list,C:\chenxi\bazi_project\chess\Elo199401e.html,,5804,1301446,1959-10-10,profile_wikidata_agree,north,resolved_unique_birthplace,Q74200,Q2973,Darmstadt,49.86666667,8.65,"https://olimpbase.org/Elo/player/H/Hund,%20Barbara.html",1959-10-10,True,,F
1994-01,OlimpBase historical FIDE list,C:\chenxi\bazi_project\chess\Elo199401e.html,4621786,"Eckhardt, Claudia",,GER,F,w,2265,0.0,1977-04-07,1977.04.07,True,,6223=,6223.0,6091.0,88.0,True,False,,OlimpBase historical FIDE list,C:\chenxi\bazi_project\chess\Elo199401e.html,,6093,4621786,1977-04-07,profile_exact_wikidata_no_unique_exact,unknown,no_wikidata_match,,,,,,"https://olimpbase.org/Elo/player/E/Eckhardt,%20Claudia.html",1977-04-07,False,hemisphere:unknown:no_wikidata_match,F
1994-01,OlimpBase historical FIDE list,C:\chenxi\bazi_project\chess\Elo199401e.html,703567,"Egerland, Edit",wm,HUN,F,w,2265,0.0,1958-05-18,1958.05.18,True,,6223=,6223.0,6091.0,88.0,True,False,,OlimpBase historical FIDE list,C:\chenxi\bazi_project\chess\Elo199401e.html,,6093,703567,1958-05-18,profile_exact_wikidata_no_unique_exact,unknown,no_wikidata_match,,,,,,"https://olimpbase.org/Elo/player/E/Egerland,%20Edit.html",1958-05-18,False,hemisphere:unknown:no_wikidata_match,F
1994-01,OlimpBase historical FIDE list,C:\chenxi\bazi_project\chess\Elo199401e.html,1201930,"Peptan, Corina",wm,ROM,F,w,2265,41.0,1978-03-17,1978.03.17,True,,6092,6092.0,6091.0,88.0,True,False,,OlimpBase historical FIDE list,C:\chenxi\bazi_project\chess\Elo199401e.html,,6093,1201930,1978-03-17,profile_wikidata_agree,north,resolved_unique_birthplace,Q453765,Q584531,Bumbești-Jiu,45.17861111,23.38138889,"https://olimpbase.org/Elo/player/P/Peptan,%20Corina.html",1978-03-17,True,,F
1994-01,OlimpBase historical FIDE list,C:\chenxi\bazi_project\chess\Elo199401e.html,910589,"Vuksanovic, Sanja",wm,YUG,F,w,2265,31.0,,,True,,6096,6096.0,6091.0,88.0,True,False,,OlimpBase historical FIDE list,C:\chenxi\bazi_project\chess\Elo199401e.html,,6093,910589,,wikidata_identity_or_dob_ambiguous,north,resolved_unique_birthplace,Q27560584,Q3711,Belgrade,44.81777778,20.45694444,"https://olimpbase.org/Elo/player/V/Vuksanovic,%20Sanja.html",1967-03-04,False,dob:wikidata_identity_or_dob_ambiguous,F
1994-01,OlimpBase historical FIDE list,C:\chenxi\bazi_project\chess\Elo199401e.html,13500392,"Zvorykina, Kira",wg,BLR,F,w,2265,0.0,,,True,,6223=,6223.0,6091.0,88.0,True,False,,OlimpBase historical FIDE list,C:\chenxi\bazi_project\chess\Elo199401e.html,,6093,13500392,1919-09-29,profile_exact_wikidata_no_unique_exact,unknown,no_wikidata_match,,,,,,"https://olimpbase.org/Elo/player/Z/Zvorykina,%20Kira.html",1919-09-29,False,hemisphere:unknown:no_wikidata_match,F
1994-01,OlimpBase historical FIDE list,C:\chenxi\bazi_project\chess\Elo199401e.html,4612213,"Burchardt-Hofman, Brigitte",wm,GER,F,w,2260,10.0,1954-10-17,1954.10.17,True,,6427=,6427.0,6369.0,93.0,True,False,,OlimpBase historical FIDE list,C:\chenxi\bazi_project\chess\Elo199401e.html,,6371,4612213,1954-10-17,profile_wikidata_agree,north,resolved_unique_birthplace,Q916187,Q14815,Weißenfels,51.2,11.96666667,"https://olimpbase.org/Elo/player/B/Burchardt-Hofman,%20Brigitte.html",1954-10-17,True,,F
1994-01,OlimpBase historical FIDE list,C:\chenxi\bazi_project\chess\Elo199401e.html,4106377,"Chekhova-Kostina, Tatiana M.",wm,RUS,F,w,2260,0.0,1955-03-08,1955.03.08,True,,6523=,6523.0,6369.0,93.0,True,False,,OlimpBase historical FIDE list,C:\chenxi\bazi_project\chess\Elo199401e.html,,6371,4106377,1955-03-08,profile_wikidata_agree,north,resolved_unique_birthplace,Q15061353,Q154835,Mahilyow,53.90894,30.34296,"https://olimpbase.org/Elo/player/C/Chekhova,%20Tatiana%20M..html",1955-03-08,True,,F
1994-01,OlimpBase historical FIDE list,C:\chenxi\bazi_project\chess\Elo199401e.html,12400149,Hoang Thanh Trang,wf,VIE,F,w,2260,35.0,1980-04-25,1980.04.25,True,,6376,6376.0,6369.0,93.0,True,False,,OlimpBase historical FIDE list,C:\chenxi\bazi_project\chess\Elo199401e.html,,6371,12400149,1980-04-25,profile_wikidata_agree,north,resolved_unique_birthplace,Q284978,Q1858,Hanoi,21.0245,105.84117,https://olimpbase.org/Elo/player/H/Hoang%20Thanh%20Trang.html,1980-04-25,True,,F
1994-01,OlimpBase historical FIDE list,C:\chenxi\bazi_project\chess\Elo199401e.html,702358,"Ivanka-Budinsky, Maria",wg,HUN,F,w,2260,0.0,1950-02-23,1950.02.23,True,,6523=,6523.0,6369.0,93.0,True,False,,OlimpBase historical FIDE list,C:\chenxi\bazi_project\chess\Elo199401e.html,,6371,702358,1950-02-23,profile_wikidata_agree,north,resolved_unique_birthplace,Q118563,Q1781,Budapest,47.49833333,19.04083333,"https://olimpbase.org/Elo/player/I/Ivanka,%20Maria.html",1950-02-23,True,,F
1994-01,OlimpBase historical FIDE list,C:\chenxi\bazi_project\chess\Elo199401e.html,13500317,"Izchenko, Olga",wm,BLR,F,w,2260,24.0,1974-04-27,1974.04.27,True,,6387=,6387.0,6369.0,93.0,True,False,,OlimpBase historical FIDE list,C:\chenxi\bazi_project\chess\Elo199401e.html,,6371,4135822,1974-04-27,profile_wikidata_agree,unknown,person_no_birthplace,Q27598028,,,,,"https://olimpbase.org/Elo/player/I/Izchenko,%20Olga.html",1974-04-27,False,hemisphere:unknown:person_no_birthplace,F
1994-01,OlimpBase historical FIDE list,C:\chenxi\bazi_project\chess\Elo199401e.html,705128,"Lakos, Nikoletta",,HUN,F,w,2260,25.0,1978-12-14,1978.12.14,True,,6384=,6384.0,6369.0,93.0,True,False,,OlimpBase historical FIDE list,C:\chenxi\bazi_project\chess\Elo199401e.html,,6371,705128,1978-12-14,profile_wikidata_agree,north,resolved_unique_birthplace,Q1753641,Q1781,Budapest,47.49833333,19.04083333,"https://olimpbase.org/Elo/player/L/Lakos,%20Nikoletta.html",1978-12-14,True,,F
1994-01,OlimpBase historical FIDE list,C:\chenxi\bazi_project\chess\Elo199401e.html,8600520,"Lu, Xiaosha",wf,CHN,F,w,2260,0.0,,,True,,6523=,6523.0,6369.0,93.0,True,False,,OlimpBase historical FIDE list,C:\chenxi\bazi_project\chess\Elo199401e.html,,6371,8600520,,wikidata_non_day_precision,unknown,person_no_birthplace,Q27598364,,,,,"https://olimpbase.org/Elo/player/L/Lu,%20Xiaosha.html",,False,dob:wikidata_non_day_precision,F
1994-01,OlimpBase historical FIDE list,C:\chenxi\bazi_project\chess\Elo199401e.html,705152,"Rajcsanyi, Zita",,HUN,F,w,2260,48.0,1973-09-01,1973.09.01,True,,6370,6370.0,6369.0,93.0,True,False,,OlimpBase historical FIDE list,C:\chenxi\bazi_project\chess\Elo199401e.html,,6371,705152,1973-09-01,profile_exact_wikidata_no_unique_exact,unknown,no_wikidata_match,,,,,,"https://olimpbase.org/Elo/player/R/Rajcsanyi,%20Zita.html",1973-09-01,False,hemisphere:unknown:no_wikidata_match,F
1994-01,OlimpBase historical FIDE list,C:\chenxi\bazi_project\chess\Elo199401e.html,13900102,"Sheremetieva, Marina",wm,MDA,F,w,2260,14.0,1963-06-07,1963.06.07,True,,6406=,6406.0,6369.0,93.0,True,False,,OlimpBase historical FIDE list,C:\chenxi\bazi_project\chess\Elo199401e.html,,6371,13900102,1963-06-07,profile_wikidata_agree,unknown,person_no_birthplace,Q27560290,,,,,"https://olimpbase.org/Elo/player/S/Sheremetieva,%20Marina.html",1963-06-07,False,hemisphere:unknown:person_no_birthplace,F
1994-01,OlimpBase historical FIDE list,C:\chenxi\bazi_project\chess\Elo199401e.html,4108558,"Strutinskaya, Galina N.",wm,RUS,F,w,2260,18.0,1957-07-01,1957.07.01,True,,6395=,6395.0,6369.0,93.0,True,False,,OlimpBase historical FIDE list,C:\chenxi\bazi_project\chess\Elo199401e.html,,6371,4108558,1957-07-01,profile_wikidata_agree,unknown,person_no_birthplace,Q15238271,,,,,"https://olimpbase.org/Elo/player/S/Strutinskaya,%20Galina%20N..html",1957-07-01,False,hemisphere:unknown:person_no_birthplace,F
1994-01,OlimpBase historical FIDE list,C:\chenxi\bazi_project\chess\Elo199401e.html,1103440,"Szmacinska, Grazyna",wm,POL,F,w,2260,0.0,1953-01-29,1953.01.29,True,,6523=,6523.0,6369.0,93.0,True,False,,OlimpBase historical FIDE list,C:\chenxi\bazi_project\chess\Elo199401e.html,,6371,1103440,1953-01-29,profile_wikidata_agree,north,resolved_unique_birthplace,Q9276105,Q324917,Brzeziny,51.8,19.75,"https://olimpbase.org/Elo/player/S/Szmacinska,%20Grazyna.html",1953-01-29,True,,F
1994-01,OlimpBase historical FIDE list,C:\chenxi\bazi_project\chess\Elo199401e.html,602639,"Wohlers-Armas, Friederike",wm,FRA,F,w,2260,25.0,1962-07-05,1962.07.05,True,,6384,6384.0,6369.0,93.0,True,False,,OlimpBase historical FIDE list,C:\chenxi\bazi_project\chess\Elo199401e.html,,6371,602639,1962-07-05,profile_wikidata_agree,unknown,person_no_birthplace,Q5216350,,,,,"https://olimpbase.org/Elo/player/W/Wohlers-Armas,%20Friederike.html",1962-07-05,False,hemisphere:unknown:person_no_birthplace,F
1994-01,OlimpBase historical FIDE list,C:\chenxi\bazi_project\chess\Elo199401e.html,14101513,"Zhukova, Natalia",wm,UKR,F,w,2260,46.0,,,True,,6372,6372.0,6369.0,93.0,True,False,,OlimpBase historical FIDE list,C:\chenxi\bazi_project\chess\Elo199401e.html,,6371,14101513,1979-06-05,profile_wikidata_agree,north,resolved_unique_birthplace,Q265680,Q1731,Dresden,51.0493286;51.05089;51.0833,13.7381437;13.73832;13.7666,"https://olimpbase.org/Elo/player/Z/Zhukova,%20Natalia.html",1979-06-05,True,,F
1994-01,OlimpBase historical FIDE list,C:\chenxi\bazi_project\chess\Elo199401e.html,2005506,"Epstein, Esther",wm,USA,F,w,2255,0.0,1954-05-10,1954.05.10,True,,6836=,6836.0,6693.0,106.0,True,False,,OlimpBase historical FIDE list,C:\chenxi\bazi_project\chess\Elo199401e.html,,6695,2005506,1954-05-10,profile_wikidata_agree,north,resolved_unique_birthplace,Q4532291,Q891,Nizhny Novgorod,56.32694444,44.0075,"https://olimpbase.org/Elo/player/E/Epstein,%20Esther.html",1954-05-10,True,,F
1994-01,OlimpBase historical FIDE list,C:\chenxi\bazi_project\chess\Elo199401e.html,4109651,"Florova, Olga",wm,RUS,F,w,2255,35.0,,,True,,6694=,6694.0,6693.0,106.0,True,False,,OlimpBase historical FIDE list,C:\chenxi\bazi_project\chess\Elo199401e.html,,6695,4109651,1970-06-07,profile_wikidata_agree,unknown,person_no_birthplace,Q27560409,,,,,"https://olimpbase.org/Elo/player/F/Florova,%20Olga.html",1970-06-07,False,hemisphere:unknown:person_no_birthplace,F
1994-01,OlimpBase historical FIDE list,C:\chenxi\bazi_project\chess\Elo199401e.html,4500156,"Fomina, Tatyana",wm,EST,F,w,2255,16.0,1954-04-26,1954.04.26,True,,6718=,6718.0,6693.0,106.0,True,False,,OlimpBase historical FIDE list,C:\chenxi\bazi_project\chess\Elo199401e.html,,6695,4500156,1954-04-26,profile_wikidata_agree,north,resolved_unique_birthplace,Q3180759,Q1770,Tallinn,59.43722222,24.745,"https://olimpbase.org/Elo/player/F/Fomina,%20Tatyana.html",1954-04-26,True,,F
1994-01,OlimpBase historical FIDE list,C:\chenxi\bazi_project\chess\Elo199401e.html,2902206,"Gocheva, Rumiana B.",wm,BUL,F,w,2255,11.0,1957-07-21,1957.07.21,True,,6741,6741.0,6693.0,106.0,True,False,,OlimpBase historical FIDE list,C:\chenxi\bazi_project\chess\Elo199401e.html,,6695,2902206,1957-07-21,profile_wikidata_agree,north,resolved_unique_birthplace,Q142956,Q191871,Asenovgrad,42.008187,24.877295,"https://olimpbase.org/Elo/player/B/Bojadjieva,%20Rumiana%20B..html",1957-07-21,True,,F
1994-01,OlimpBase historical FIDE list,C:\chenxi\bazi_project\chess\Elo199401e.html,4108876,"Grinfeld, Alla B.",wm,RUS,F,w,2255,23.0,1953-04-16,1953.04.16,True,,6704=,6704.0,6693.0,106.0,True,False,,OlimpBase historical FIDE list,C:\chenxi\bazi_project\chess\Elo199401e.html,,6695,2019558,1953-04-16,profile_wikidata_agree,north,resolved_unique_birthplace,Q9163302,Q196446,Spassk-Dalny,44.6,132.81666667,"https://olimpbase.org/Elo/player/G/Grinfeld,%20Alla%20B..html",1953-04-16,True,,F
1994-01,OlimpBase historical FIDE list,C:\chenxi\bazi_project\chess\Elo199401e.html,4605772,"Kas-Fromm, Rita",wm,GER,F,w,2255,21.0,1956-10-08,1956.10.08,True,,6709=,6709.0,6693.0,106.0,True,False,,OlimpBase historical FIDE list,C:\chenxi\bazi_project\chess\Elo199401e.html,,6695,4605772,1956-10-08,profile_wikidata_agree,north,resolved_unique_birthplace,Q9310607,Q1781,Budapest,47.49833333,19.04083333,"https://olimpbase.org/Elo/player/K/Kas,%20Rita.html",1956-10-08,True,,F
1994-01,OlimpBase historical FIDE list,C:\chenxi\bazi_project\chess\Elo199401e.html,4106431,"Korkina, Svetlana",wm,RUS,F,w,2255,0.0,1971-07-06,1971.07.06,True,,6836=,6836.0,6693.0,106.0,True,False,,OlimpBase historical FIDE list,C:\chenxi\bazi_project\chess\Elo199401e.html,,6695,4106431,1971-07-06,profile_wikidata_agree,unknown,person_no_birthplace,Q27597983,,,,,"https://olimpbase.org/Elo/player/K/Korkina,%20Svetlana.html",1971-07-06,False,hemisphere:unknown:person_no_birthplace,F
1994-01,OlimpBase historical FIDE list,C:\chenxi\bazi_project\chess\Elo199401e.html,11600195,"Rubene, Ilze",wm,LAT,F,w,2255,27.0,1958-07-17,1958.07.17,True,,6697,6697.0,6693.0,106.0,True,False,,OlimpBase historical FIDE list,C:\chenxi\bazi_project\chess\Elo199401e.html,,6695,1706624,1958-07-17,profile_exact_wikidata_no_unique_exact,unknown,no_wikidata_match,,,,,,"https://olimpbase.org/Elo/player/R/Rubene,%20Ilze.html",1958-07-17,False,hemisphere:unknown:no_wikidata_match,F
1994-01,OlimpBase historical FIDE list,C:\chenxi\bazi_project\chess\Elo199401e.html,4108256,"Rubtsova, Tatiana",wg,RUS,F,w,2255,17.0,1962-05-08,1962.05.08,True,,6715=,6715.0,6693.0,106.0,True,False,,OlimpBase historical FIDE list,C:\chenxi\bazi_project\chess\Elo199401e.html,,6695,4108256,1962-05-08,profile_wikidata_agree,north,resolved_unique_birthplace,Q529790,Q15248,Vsevolozhsk,60.02138889,30.65416667,"https://olimpbase.org/Elo/player/R/Rubtsova,%20Tatiana.html",1962-05-08,True,,F
1994-01,OlimpBase historical FIDE list,C:\chenxi\bazi_project\chess\Elo199401e.html,13700235,"Sergeeva, Tatyana",,KAZ,F,w,2255,5.0,,,True,,6786=,6786.0,6693.0,106.0,True,False,,OlimpBase historical FIDE list,C:\chenxi\bazi_project\chess\Elo199401e.html,,6695,13700235,,no_exact_dob,unknown,no_wikidata_match,,,,,,"https://olimpbase.org/Elo/player/S/Sergeeva,%20Tatyana.html",,False,dob:no_exact_dob,F
1994-01,OlimpBase historical FIDE list,C:\chenxi\bazi_project\chess\Elo199401e.html,13700081,"Uskova, Fliura",wm,KAZ,F,w,2255,25.0,1964-12-31,1964.12.31,True,,6700=,6700.0,6693.0,106.0,True,False,,OlimpBase historical FIDE list,C:\chenxi\bazi_project\chess\Elo199401e.html,,6695,13700081,1964-12-31,profile_wikidata_agree,north,resolved_unique_birthplace,Q1429004,Q913406,Chirchiq,41.46666667,69.58333333,"https://olimpbase.org/Elo/player/K/Khasanova,%20Fliura.html",1964-12-31,True,,F
1994-01,OlimpBase historical FIDE list,C:\chenxi\bazi_project\chess\Elo199401e.html,4107764,"Yudasina, Irina",,RUS,F,w,2255,3.0,,,True,,6805=,6805.0,6693.0,106.0,True,False,,OlimpBase historical FIDE list,C:\chenxi\bazi_project\chess\Elo199401e.html,,6695,2803593,1964-06-07,profile_wikidata_agree,north,resolved_unique_birthplace,Q104586391,Q656,Saint Petersburg,59.95,30.31666667,"https://olimpbase.org/Elo/player/Y/Yudasina,%20Irina.html",1964-06-07,True,,F
1994-01,OlimpBase historical FIDE list,C:\chenxi\bazi_project\chess\Elo199401e.html,8600287,"An, Yangfeng",wm,CHN,F,w,2250,0.0,1963-09-01,1963.09.01,True,,7109=,7109.0,6976.0,118.0,True,False,,OlimpBase historical FIDE list,C:\chenxi\bazi_project\chess\Elo199401e.html,,6978,8600287,1963-09-01,profile_wikidata_agree,north,resolved_unique_birthplace,Q4750267,Q46913,Shanxi,37.87333333,112.56444444,"https://olimpbase.org/Elo/player/A/An,%20Yangfeng.html",1963-09-01,True,,F
1994-01,OlimpBase historical FIDE list,C:\chenxi\bazi_project\chess\Elo199401e.html,14100703,"Andreieva, Olga A.",wm,UKR,F,w,2250,0.0,1937-04-23,1937.04.23,True,,7109=,7109.0,6976.0,118.0,True,False,,OlimpBase historical FIDE list,C:\chenxi\bazi_project\chess\Elo199401e.html,,6978,14100703,1937-04-23,profile_wikidata_agree,north,resolved_unique_birthplace,Q4065561,Q42308,Kharkiv,49.9925,36.23111111,"https://olimpbase.org/Elo/player/A/Andreieva,%20Olga%20A..html",1937-04-23,True,,F
1994-01,OlimpBase historical FIDE list,C:\chenxi\bazi_project\chess\Elo199401e.html,4606191,"Feustel, Petra",wm,GER,F,w,2250,0.0,1958-11-06,1958.11.06,True,,7109=,7109.0,6976.0,118.0,True,False,,OlimpBase historical FIDE list,C:\chenxi\bazi_project\chess\Elo199401e.html,,6978,4606191,1958-06-11,profile_wikidata_agree,north,resolved_unique_birthplace,Q119383,Q3750,Gera,50.87818,12.08242,"https://olimpbase.org/Elo/player/F/Feustel,%20Petra.html",1958-06-11,True,,F
1994-01,OlimpBase historical FIDE list,C:\chenxi\bazi_project\chess\Elo199401e.html,703834,"Forgo, Eva",wm,HUN,F,w,2250,0.0,1966-02-05,1966.02.05,True,,7109=,7109.0,6976.0,118.0,True,False,,OlimpBase historical FIDE list,C:\chenxi\bazi_project\chess\Elo199401e.html,,6978,703834,1966-02-05,profile_wikidata_agree,north,resolved_unique_birthplace,Q20437050,Q855011,Heves,47.6,20.28333333,"https://olimpbase.org/Elo/player/F/Forgo,%20Eva.html",1966-02-05,True,,F
1994-01,OlimpBase historical FIDE list,C:\chenxi\bazi_project\chess\Elo199401e.html,704121,"Horvath, Julia",wm,HUN,F,w,2250,17.0,1960-11-02,1960.11.02,True,,6991,6991.0,6976.0,118.0,True,False,,OlimpBase historical FIDE list,C:\chenxi\bazi_project\chess\Elo199401e.html,,6978,704121,1960-11-02,profile_wikidata_agree,unknown,person_no_birthplace,Q27598349,,,,,"https://olimpbase.org/Elo/player/H/Horvath,%20Julia.html",1960-11-02,False,hemisphere:unknown:person_no_birthplace,F
1994-01,OlimpBase historical FIDE list,C:\chenxi\bazi_project\chess\Elo199401e.html,4500164,"Laesson, Tuulikki",wm,EST,F,w,2250,3.0,1969-03-19,1969.03.19,True,,7084=,7084.0,6976.0,118.0,True,False,,OlimpBase historical FIDE list,C:\chenxi\bazi_project\chess\Elo199401e.html,,6978,4500164,1969-03-19,profile_wikidata_agree,north,resolved_unique_birthplace,Q432999,Q1770,Tallinn,59.43722222,24.745,"https://olimpbase.org/Elo/player/L/Laesson,%20Tuulikki.html",1969-03-19,True,,F
1994-01,OlimpBase historical FIDE list,C:\chenxi\bazi_project\chess\Elo199401e.html,13500201,"Lagvilava, Genrieta",,BLR,F,w,2250,0.0,,,True,,7109=,7109.0,6976.0,118.0,True,False,,OlimpBase historical FIDE list,C:\chenxi\bazi_project\chess\Elo199401e.html,,6978,13500201,,profile_wikidata_exact_conflict,north,resolved_unique_birthplace,Q4252336,Q172415,Kutaisi,42.27166667,42.70555556,"https://olimpbase.org/Elo/player/L/Lagvilava,%20Genrieta.html",1969-07-03,False,dob:profile_wikidata_exact_conflict,F
1994-01,OlimpBase historical FIDE list,C:\chenxi\bazi_project\chess\Elo199401e.html,14501732,"Macek, Vlasta",wm,CRO,F,w,2250,14.0,1952-06-27,1952.06.27,True,,7003=,7003.0,6976.0,118.0,True,False,,OlimpBase historical FIDE list,C:\chenxi\bazi_project\chess\Elo199401e.html,,6978,14501732,1952-06-27,profile_wikidata_agree,unknown,person_no_birthplace,Q9369035,,,,,"https://olimpbase.org/Elo/player/K/Kalchbrenner,%20Vlasta.html",1952-06-27,False,hemisphere:unknown:person_no_birthplace,F
1994-01,OlimpBase historical FIDE list,C:\chenxi\bazi_project\chess\Elo199401e.html,905992,"Markovic, Gordana",wm,YUG,F,w,2250,6.0,1951-01-04,1951.01.04,True,,7054=,7054.0,6976.0,118.0,True,False,,OlimpBase historical FIDE list,C:\chenxi\bazi_project\chess\Elo199401e.html,,6978,905992,1951-01-04,profile_wikidata_agree,unknown,person_no_birthplace,Q11701098,,,,,"https://olimpbase.org/Elo/player/J/Jovanovic,%20Gordana.html",1951-01-04,False,hemisphere:unknown:person_no_birthplace,F
1994-01,OlimpBase historical FIDE list,C:\chenxi\bazi_project\chess\Elo199401e.html,4109503,"Minogina, Tanam",wm,RUS,F,w,2250,11.0,1959-02-12,1959.02.12,True,,7019=,7019.0,6976.0,118.0,True,False,,OlimpBase historical FIDE list,C:\chenxi\bazi_project\chess\Elo199401e.html,,6978,4109503,1959-02-12,profile_wikidata_agree,north,resolved_unique_birthplace,Q15072537,Q47166,Orsk,51.229,58.4681,"https://olimpbase.org/Elo/player/M/Minogina,%20Tanam.html",1959-02-12,True,,F
1994-01,OlimpBase historical FIDE list,C:\chenxi\bazi_project\chess\Elo199401e.html,1200712,"Olarasu, Gabriela",wm,ROM,F,w,2250,19.0,1964-11-07,1964.11.07,True,,6988=,6988.0,6976.0,118.0,True,False,,OlimpBase historical FIDE list,C:\chenxi\bazi_project\chess\Elo199401e.html,,6978,1200712,1964-11-07,profile_wikidata_agree,north,resolved_unique_birthplace,Q9265186,Q46852,Iași,47.16222222,27.58888889,"https://olimpbase.org/Elo/player/S/Stanciu,%20Gabriela.html",1964-11-07,True,,F
1994-01,OlimpBase historical FIDE list,C:\chenxi\bazi_project\chess\Elo199401e.html,2003287,"Savereide, Diane",wm,USA,F,w,2250,0.0,1954-11-25,1954.11.25,True,,7109=,7109.0,6976.0,118.0,True,False,,OlimpBase historical FIDE list,C:\chenxi\bazi_project\chess\Elo199401e.html,,6978,2003287,1954-11-25,profile_wikidata_agree,north,resolved_unique_birthplace,Q9207020,Q34804,Albuquerque,35.08444444,-106.65027778,"https://olimpbase.org/Elo/player/S/Savereide,%20Diane.html",1954-11-25,True,,F
1994-01,OlimpBase historical FIDE list,C:\chenxi\bazi_project\chess\Elo199401e.html,1002457,"Sziva, Erika",wm,NED,F,w,2250,25.0,1967-06-08,1967.06.08,True,,6981=,6981.0,6976.0,118.0,True,False,,OlimpBase historical FIDE list,C:\chenxi\bazi_project\chess\Elo199401e.html,,6978,1002457,1967-06-08,profile_wikidata_agree,north,resolved_unique_birthplace,Q3352363,Q1781,Budapest,47.49833333,19.04083333,"https://olimpbase.org/Elo/player/S/Sziva,%20Erika.html",1967-06-08,True,,F
1994-01,OlimpBase historical FIDE list,C:\chenxi\bazi_project\chess\Elo199401e.html,13700138,"Tazhieva, Lyazzat",,KAZ,F,w,2250,0.0,,,True,,7109=,7109.0,6976.0,118.0,True,False,,OlimpBase historical FIDE list,C:\chenxi\bazi_project\chess\Elo199401e.html,,6978,13700138,1994-01-02,wikidata_exact_via_modern_id,unknown,person_no_birthplace,Q28479325,,,,,"https://olimpbase.org/Elo/player/T/Tazhieva,%20Lyazzat.html",,False,hemisphere:unknown:person_no_birthplace,F
1994-01,OlimpBase historical FIDE list,C:\chenxi\bazi_project\chess\Elo199401e.html,8600430,"Wang, Lei",wf,CHN,F,w,2250,9.0,1975-02-04,1975.02.04,True,,7027=,7027.0,6976.0,118.0,True,False,,OlimpBase historical FIDE list,C:\chenxi\bazi_project\chess\Elo199401e.html,,6978,8600430,1975-02-04,profile_wikidata_agree,north,resolved_unique_birthplace,Q7967526,Q8686,Shanghai,31.2325,121.46916667,"https://olimpbase.org/Elo/player/W/Wang,%20Lei.html",1975-02-04,True,,F
1994-01,OlimpBase historical FIDE list,C:\chenxi\bazi_project\chess\Elo199401e.html,2201666,"Cuevas Rodriguez, Maria Luisa",wm,ESP,F,w,2245,16.0,1965-03-08,1965.03.08,True,,7314=,7314.0,7286.0,133.0,True,False,,OlimpBase historical FIDE list,C:\chenxi\bazi_project\chess\Elo199401e.html,,7288,2201666,,profile_wikidata_exact_conflict,unknown,person_no_birthplace,Q11691434,,,,,"https://olimpbase.org/Elo/player/C/Cuevas%20Rodriguez,%20Maria%20Luisa.html",1965-03-08,False,dob:profile_wikidata_exact_conflict,F
1994-01,OlimpBase historical FIDE list,C:\chenxi\bazi_project\chess\Elo199401e.html,604534,"Gervais, Claire",wf,FRA,F,w,2245,20.0,1976-04-04,1976.04.04,True,,7298=,7298.0,7286.0,133.0,True,False,,OlimpBase historical FIDE list,C:\chenxi\bazi_project\chess\Elo199401e.html,,7288,604534,1976-04-04,profile_exact_wikidata_no_unique_exact,unknown,person_no_birthplace,Q27598338,,,,,"https://olimpbase.org/Elo/player/G/Gervais,%20Claire.html",1976-04-04,False,hemisphere:unknown:person_no_birthplace,F
1994-01,OlimpBase historical FIDE list,C:\chenxi\bazi_project\chess\Elo199401e.html,13600435,"Lanchava, Tea",wf,GEO,F,w,2245,24.0,1974-09-11,1974.09.11,True,,7291,7291.0,7286.0,133.0,True,False,,OlimpBase historical FIDE list,C:\chenxi\bazi_project\chess\Elo199401e.html,,7288,1005308,1974-09-11,profile_wikidata_agree,north,resolved_unique_birthplace,Q2044099,Q172415,Kutaisi,42.27166667,42.70555556,"https://olimpbase.org/Elo/player/L/Lanchava,%20Tea.html",1974-09-11,True,,F
1994-01,OlimpBase historical FIDE list,C:\chenxi\bazi_project\chess\Elo199401e.html,4608682,"Trabert, Bettina",wm,GER,F,w,2245,57.0,1969-03-04,1969.03.04,True,,7286,7286.0,7286.0,133.0,True,False,,OlimpBase historical FIDE list,C:\chenxi\bazi_project\chess\Elo199401e.html,,7288,4608682,1969-03-04,profile_wikidata_agree,north,resolved_unique_birthplace,Q850067,Q1930,Ottawa,45.42472222,-75.695,"https://olimpbase.org/Elo/player/T/Trabert,%20Bettina.html",1969-03-04,True,,F
1994-01,OlimpBase historical FIDE list,C:\chenxi\bazi_project\chess\Elo199401e.html,2902265,"Aleksieva, Silvia",wm,BUL,F,w,2240,30.0,1974-05-04,1974.05.04,True,,7598,7598.0,7598.0,137.0,True,False,,OlimpBase historical FIDE list,C:\chenxi\bazi_project\chess\Elo199401e.html,,7600,2902265,1974-05-04,profile_wikidata_agree,north,resolved_unique_birthplace,Q2002673,Q472,Sofia,42.697886,23.321726,"https://olimpbase.org/Elo/player/A/Aleksieva,%20Silvia.html",1974-05-04,True,,F
1994-01,OlimpBase historical FIDE list,C:\chenxi\bazi_project\chess\Elo199401e.html,4119312,"Chernova, Natalja",,RUS,F,w,2240,0.0,,,True,,7744=,7744.0,7598.0,137.0,True,False,,OlimpBase historical FIDE list,C:\chenxi\bazi_project\chess\Elo199401e.html,,7600,4119312,,no_exact_dob,unknown,no_wikidata_match,,,,,,"https://olimpbase.org/Elo/player/C/Chernova,%20Natalja.html",,False,dob:no_exact_dob,F
1994-01,OlimpBase historical FIDE list,C:\chenxi\bazi_project\chess\Elo199401e.html,1107771,"Krysiak, Izabela",,POL,F,w,2240,18.0,1964-02-06,1964.02.06,True,,7615,7615.0,7598.0,137.0,True,False,,OlimpBase historical FIDE list,C:\chenxi\bazi_project\chess\Elo199401e.html,,7600,1107771,1964-02-06,profile_exact_wikidata_no_unique_exact,unknown,no_wikidata_match,,,,,,"https://olimpbase.org/Elo/player/K/Krysiak,%20Izabela.html",1964-02-06,False,hemisphere:unknown:no_wikidata_match,F
1994-01,OlimpBase historical FIDE list,C:\chenxi\bazi_project\chess\Elo199401e.html,305650,"Ptacnikova, Lenka",,CZE,F,w,2240,17.0,1976-01-16,1976.01.16,True,,7617,7617.0,7598.0,137.0,True,False,,OlimpBase historical FIDE list,C:\chenxi\bazi_project\chess\Elo199401e.html,,7600,305650,1976-01-16,profile_wikidata_agree,north,resolved_unique_birthplace,Q467300,Q213,Czech Republic,50.0,15.0,"https://olimpbase.org/Elo/player/P/Ptacnikova,%20Lenka.html",1976-01-16,True,,F
1994-01,OlimpBase historical FIDE list,C:\chenxi\bazi_project\chess\Elo199401e.html,4119908,"Riabykh, Elena",,RUS,F,w,2240,11.0,1970-03-21,1970.03.21,True,,7639=,7639.0,7598.0,137.0,True,False,,OlimpBase historical FIDE list,C:\chenxi\bazi_project\chess\Elo199401e.html,,7600,4119908,1970-03-21,profile_wikidata_agree,unknown,person_no_birthplace,Q28479916,,,,,"https://olimpbase.org/Elo/player/R/Riabykh,%20Elena.html",1970-03-21,False,hemisphere:unknown:person_no_birthplace,F
1994-01,OlimpBase historical FIDE list,C:\chenxi\bazi_project\chess\Elo199401e.html,14100770,"Titova-Boric, Elena",wm,UKR,F,w,2240,10.0,,,True,,7653=,7653.0,7598.0,137.0,True,False,,OlimpBase historical FIDE list,C:\chenxi\bazi_project\chess\Elo199401e.html,,7600,14400839,1963-03-28,profile_wikidata_agree,unknown,person_no_birthplace,Q27597850,,,,,"https://olimpbase.org/Elo/player/T/Titova,%20Elena.html",1963-03-28,False,hemisphere:unknown:person_no_birthplace,F
1994-01,OlimpBase historical FIDE list,C:\chenxi\bazi_project\chess\Elo199401e.html,1104489,"Bednarska, Malgorzata",wf,POL,F,w,2235,19.0,1972-10-04,1972.10.04,True,,7928=,7928.0,7917.0,143.0,True,False,,OlimpBase historical FIDE list,C:\chenxi\bazi_project\chess\Elo199401e.html,,7919,1104489,1972-10-04,profile_wikidata_agree,north,resolved_unique_birthplace,Q11772224,Q580,Łódź,51.75,19.46666667,"https://olimpbase.org/Elo/player/B/Bednarska,%20Malgorzata.html",1972-10-04,True,,F
1994-01,OlimpBase historical FIDE list,C:\chenxi\bazi_project\chess\Elo199401e.html,2201542,"Garcia Vicente, Nieves",wm,ESP,F,w,2235,9.0,1955-07-23,1955.07.23,True,,7974=,7974.0,7917.0,143.0,True,False,,OlimpBase historical FIDE list,C:\chenxi\bazi_project\chess\Elo199401e.html,,7919,2201542,1955-07-23,profile_wikidata_agree,unknown,person_no_birthplace,Q11695667,,,,,"https://olimpbase.org/Elo/player/G/Garcia%20Vicente,%20Nieves.html",1955-07-23,False,hemisphere:unknown:person_no_birthplace,F
1994-01,OlimpBase historical FIDE list,C:\chenxi\bazi_project\chess\Elo199401e.html,2203693,"Gonzalez Perez, Lutgarda",,ESP,F,w,2235,14.0,1962-11-25,1962.11.25,True,,7947=,7947.0,7917.0,143.0,True,False,,OlimpBase historical FIDE list,C:\chenxi\bazi_project\chess\Elo199401e.html,,7919,2203693,1962-11-25,profile_wikidata_agree,unknown,person_no_birthplace,Q5984963,,,,,"https://olimpbase.org/Elo/player/G/Gonzalez%20Perez,%20Lutgarda.html",1962-11-25,False,hemisphere:unknown:person_no_birthplace,F
1994-01,OlimpBase historical FIDE list,C:\chenxi\bazi_project\chess\Elo199401e.html,4612434,"Heinatz, Gundula",wm,GER,F,w,2235,38.0,1969-05-12,1969.05.12,True,,7917,7917.0,7917.0,143.0,True,False,,OlimpBase historical FIDE list,C:\chenxi\bazi_project\chess\Elo199401e.html,,7919,4612434,1969-05-12,profile_wikidata_agree,north,resolved_unique_birthplace,Q1554651,Q2814,Halle (Saale),51.48277778,11.96972222,"https://olimpbase.org/Elo/player/N/Nehse,%20Gundula.html",1969-05-12,True,,F
1994-01,OlimpBase historical FIDE list,C:\chenxi\bazi_project\chess\Elo199401e.html,4612191,"Heintze, Marion",wm,GER,F,w,2235,0.0,1954-09-05,1954.09.05,True,,8060=,8060.0,7917.0,143.0,True,False,,OlimpBase historical FIDE list,C:\chenxi\bazi_project\chess\Elo199401e.html,,7919,4612191,1954-09-05,profile_wikidata_agree,unknown,person_no_birthplace,Q18222226,,,,,"https://olimpbase.org/Elo/player/W/Worch,%20Marion.html",1954-09-05,False,hemisphere:unknown:person_no_birthplace,F
1994-01,OlimpBase historical FIDE list,C:\chenxi\bazi_project\chess\Elo199401e.html,4612450,"Jahn, Constanze",wm,GER,F,w,2235,19.0,1963-01-12,1963.01.12,True,,7928=,7928.0,7917.0,143.0,True,False,,OlimpBase historical FIDE list,C:\chenxi\bazi_project\chess\Elo199401e.html,,7919,4612450,1963-01-12,profile_wikidata_agree,unknown,person_no_birthplace,Q27598138,,,,,"https://olimpbase.org/Elo/player/J/Jahn,%20Constanze.html",1963-01-12,False,hemisphere:unknown:person_no_birthplace,F
1994-01,OlimpBase historical FIDE list,C:\chenxi\bazi_project\chess\Elo199401e.html,1104241,"Kaczorowska, Barbara",wm,POL,F,w,2235,16.0,1960-10-21,1960.10.21,True,,7936=,7936.0,7917.0,143.0,True,False,,OlimpBase historical FIDE list,C:\chenxi\bazi_project\chess\Elo199401e.html,,7919,1104241,1960-10-21,profile_wikidata_agree,north,resolved_unique_birthplace,Q9165423,Q772458,Połczyn-Zdrój,53.76666667,16.1,"https://olimpbase.org/Elo/player/K/Kaczorowska,%20Barbara.html",1960-10-21,True,,F
1994-01,OlimpBase historical FIDE list,C:\chenxi\bazi_project\chess\Elo199401e.html,304050,"Krupkova, Petra",wm,CZE,F,w,2235,36.0,1976-04-23,1976.04.23,True,,7918,7918.0,7917.0,143.0,True,False,,OlimpBase historical FIDE list,C:\chenxi\bazi_project\chess\Elo199401e.html,,7919,304050,1976-04-23,profile_wikidata_agree,north,resolved_unique_birthplace,Q1109530,Q470369,Kolín,50.02819399,15.20063375,"https://olimpbase.org/Elo/player/K/Krupkova,%20Petra.html",1976-04-23,True,,F
1994-01,OlimpBase historical FIDE list,C:\chenxi\bazi_project\chess\Elo199401e.html,4109228,"Kulish, Irina",wm,RUS,F,w,2235,19.0,,,True,,7928=,7928.0,7917.0,143.0,True,False,,OlimpBase historical FIDE list,C:\chenxi\bazi_project\chess\Elo199401e.html,,7919,4109228,1968-05-18,profile_wikidata_agree,north,resolved_unique_birthplace,Q27560055,Q2184,Russian Soviet Federative Socialist Republic,62.0,100.0,"https://olimpbase.org/Elo/player/K/Kulish,%20Irina.html",1968-05-18,True,,F
1994-01,OlimpBase historical FIDE list,C:\chenxi\bazi_project\chess\Elo199401e.html,13600770,"Kvaratskhelia, Beka",,GEO,F,w,2235,9.0,1974-11-08,1974.11.08,True,,7974=,7974.0,7917.0,143.0,True,False,,OlimpBase historical FIDE list,C:\chenxi\bazi_project\chess\Elo199401e.html,,7919,13600770,1974-11-08,profile_exact_wikidata_no_unique_exact,unknown,no_wikidata_match,,,,,,"https://olimpbase.org/Elo/player/K/Kvaratskhelia,%20Beka.html",1974-11-08,False,hemisphere:unknown:no_wikidata_match,F
1994-01,OlimpBase historical FIDE list,C:\chenxi\bazi_project\chess\Elo199401e.html,910600,"Micic, Snezana",wf,YUG,F,w,2235,5.0,,,True,,8006=,8006.0,7917.0,143.0,True,False,,OlimpBase historical FIDE list,C:\chenxi\bazi_project\chess\Elo199401e.html,,7919,933511,1966-07-04,profile_wikidata_agree,unknown,person_no_birthplace,Q16945316,,,,,"https://olimpbase.org/Elo/player/M/Micic,%20Snezana.html",1966-07-04,False,hemisphere:unknown:person_no_birthplace,F
1994-01,OlimpBase historical FIDE list,C:\chenxi\bazi_project\chess\Elo199401e.html,13700219,"Muslimova, Aida E.",,KAZ,F,w,2235,0.0,1939-07-24,1939.07.24,True,,8060=,8060.0,7917.0,143.0,True,False,,OlimpBase historical FIDE list,C:\chenxi\bazi_project\chess\Elo199401e.html,,7919,13700219,1939-07-24,profile_wikidata_agree,north,resolved_unique_birthplace,Q20482549,Q486545,Taraz,42.88333333,71.36666667,"https://olimpbase.org/Elo/player/M/Muslimova,%20Aida%20E..html",1939-07-24,True,,F
1994-01,OlimpBase historical FIDE list,C:\chenxi\bazi_project\chess\Elo199401e.html,13800060,"Ostry, Irina",wm,KGZ,F,w,2235,13.0,1950-07-07,1950.07.07,True,,7954=,7954.0,7917.0,143.0,True,False,,OlimpBase historical FIDE list,C:\chenxi\bazi_project\chess\Elo199401e.html,,7919,13800060,1950-07-07,profile_wikidata_agree,unknown,person_no_birthplace,Q15077222,,,,,"https://olimpbase.org/Elo/player/O/Ostry,%20Irina.html",1950-07-07,False,hemisphere:unknown:person_no_birthplace,F
1994-01,OlimpBase historical FIDE list,C:\chenxi\bazi_project\chess\Elo199401e.html,4109791,"Putjatina, Nadezhda",,RUS,F,w,2235,14.0,,,True,,7947=,7947.0,7917.0,143.0,True,False,,OlimpBase historical FIDE list,C:\chenxi\bazi_project\chess\Elo199401e.html,,7919,4109791,,no_exact_dob,unknown,no_wikidata_match,,,,,,"https://olimpbase.org/Elo/player/P/Putjatina,%20Nadezhda.html",,False,dob:no_exact_dob,F
1994-01,OlimpBase historical FIDE list,C:\chenxi\bazi_project\chess\Elo199401e.html,13900145,"Skripchenko, Almira",wm,MDA,F,w,2235,28.0,1976-02-17,1976.02.17,True,,7921,7921.0,7917.0,143.0,True,False,,OlimpBase historical FIDE list,C:\chenxi\bazi_project\chess\Elo199401e.html,,7919,13900145,1976-02-17,profile_wikidata_agree,north,resolved_unique_birthplace,Q440144,Q21197,Chișinău,47.02277778,28.83527778,"https://olimpbase.org/Elo/player/S/Skripchenko,%20Almira.html",1976-02-17,True,,F
1994-01,OlimpBase historical FIDE list,C:\chenxi\bazi_project\chess\Elo199401e.html,4617908,"Spiel, Marianne",,GER,F,w,2235,11.0,,,True,,7959=,7959.0,7917.0,143.0,True,False,,OlimpBase historical FIDE list,C:\chenxi\bazi_project\chess\Elo199401e.html,,7919,4617908,1968-11-23,profile_wikidata_agree,unknown,person_no_birthplace,Q28480847,,,,,"https://olimpbase.org/Elo/player/S/Spiel,%20Marianne.html",1968-11-23,False,hemisphere:unknown:person_no_birthplace,F
1994-01,OlimpBase historical FIDE list,C:\chenxi\bazi_project\chess\Elo199401e.html,13600737,"Tkeshelashvili, Sopio",wf,GEO,F,w,2235,11.0,1979-10-23,1979.10.23,True,,7959=,7959.0,7917.0,143.0,True,False,,OlimpBase historical FIDE list,C:\chenxi\bazi_project\chess\Elo199401e.html,,7919,13600737,1979-10-23,profile_wikidata_agree,unknown,person_no_birthplace,Q9339638,,,,,"https://olimpbase.org/Elo/player/T/Tkeshelashvili,%20Sopio.html",1979-10-23,False,hemisphere:unknown:person_no_birthplace,F
1994-01,OlimpBase historical FIDE list,C:\chenxi\bazi_project\chess\Elo199401e.html,4108868,"Alekhina, Natalia V.",wg,RUS,F,w,2230,0.0,1954-11-03,1954.11.03,True,,8378=,8378.0,8221.0,160.0,True,False,,OlimpBase historical FIDE list,C:\chenxi\bazi_project\chess\Elo199401e.html,,8223,4108868,,profile_wikidata_exact_conflict,north,resolved_unique_birthplace,Q7506069,Q3426,Voronezh,51.67166667,39.21055556,"https://olimpbase.org/Elo/player/A/Alekhina,%20Natalia%20V..html",1954-11-03,False,dob:profile_wikidata_exact_conflict,F
1994-01,OlimpBase historical FIDE list,C:\chenxi\bazi_project\chess\Elo199401e.html,4107985,"Arbatskaia, N.",,RUS,F,w,2230,0.0,,,True,,8378=,8378.0,8221.0,160.0,True,False,,OlimpBase historical FIDE list,C:\chenxi\bazi_project\chess\Elo199401e.html,,8223,4107985,,no_exact_dob,unknown,no_wikidata_match,,,,,,"https://olimpbase.org/Elo/player/A/Arbatskaia,%20N..html",,False,dob:no_exact_dob,F
1994-01,OlimpBase historical FIDE list,C:\chenxi\bazi_project\chess\Elo199401e.html,13300342,"Aslanian, Ludmila K.",wm,ARM,F,w,2230,0.0,1954-07-02,1954.07.02,True,,8378=,8378.0,8221.0,160.0,True,False,,OlimpBase historical FIDE list,C:\chenxi\bazi_project\chess\Elo199401e.html,,8223,14107813,1954-07-02,profile_wikidata_agree,north,resolved_unique_birthplace,Q23014894,Q1895,Petrozavodsk,61.78333333,34.35,"https://olimpbase.org/Elo/player/K/Kulikova,%20Ludmila.html",1954-07-02,True,,F
1994-01,OlimpBase historical FIDE list,C:\chenxi\bazi_project\chess\Elo199401e.html,14100800,"Borsuk, Angela",,UKR,F,w,2230,0.0,,,True,,8378=,8378.0,8221.0,160.0,True,False,,OlimpBase historical FIDE list,C:\chenxi\bazi_project\chess\Elo199401e.html,,8223,2806452,1967-08-29,wikidata_exact_via_modern_id,north,resolved_unique_birthplace,Q634517,Q156732,Kherson,46.6425,32.625,"https://olimpbase.org/Elo/player/B/Borsuk,%20Angela.html",,True,,F
1994-01,OlimpBase historical FIDE list,C:\chenxi\bazi_project\chess\Elo199401e.html,4106792,"Fatalibekova, Elena",wg,RUS,F,w,2230,18.0,1947-10-04,1947.10.04,True,,8236,8236.0,8221.0,160.0,True,False,,OlimpBase historical FIDE list,C:\chenxi\bazi_project\chess\Elo199401e.html,,8223,4106792,1947-10-04,profile_wikidata_agree,north,resolved_unique_birthplace,Q434089,Q649,Moscow,55.75055556,37.6175,"https://olimpbase.org/Elo/player/F/Fatalibekova-Rubtsova,%20Elena.html",1947-10-04,True,,F
1994-01,OlimpBase historical FIDE list,C:\chenxi\bazi_project\chess\Elo199401e.html,4606876,"Gant, Otilia",wm,GER,F,w,2230,0.0,1968-04-06,1968.04.06,True,,8378=,8378.0,8221.0,160.0,True,False,,OlimpBase historical FIDE list,C:\chenxi\bazi_project\chess\Elo199401e.html,,8223,4606876,1968-04-06,profile_wikidata_agree,unknown,person_no_birthplace,Q27598140,,,,,"https://olimpbase.org/Elo/player/G/Gant,%20Otilia.html",1968-04-06,False,hemisphere:unknown:person_no_birthplace,F
1994-01,OlimpBase historical FIDE list,C:\chenxi\bazi_project\chess\Elo199401e.html,1201654,"Iosif, Cristina S.",wf,ROM,F,w,2230,21.0,1968-07-23,1968.07.23,True,,8230,8230.0,8221.0,160.0,True,False,,OlimpBase historical FIDE list,C:\chenxi\bazi_project\chess\Elo199401e.html,,8223,1201654,1968-07-23,profile_wikidata_agree,unknown,person_no_birthplace,Q27597711,,,,,"https://olimpbase.org/Elo/player/S/Stanca,%20Cristina%20S..html",1968-07-23,False,hemisphere:unknown:person_no_birthplace,F
1994-01,OlimpBase historical FIDE list,C:\chenxi\bazi_project\chess\Elo199401e.html,13600389,"Janjgava, Natia",,GEO,F,w,2230,16.0,1972-12-16,1972.12.16,True,,8241=,8241.0,8221.0,160.0,True,False,,OlimpBase historical FIDE list,C:\chenxi\bazi_project\chess\Elo199401e.html,,8223,13600389,1972-12-16,profile_wikidata_agree,unknown,person_no_birthplace,Q27597798,,,,,"https://olimpbase.org/Elo/player/D/Dzhandzhava,%20Natia%20(2).html",1972-12-16,False,hemisphere:unknown:person_no_birthplace,F
1994-01,OlimpBase historical FIDE list,C:\chenxi\bazi_project\chess\Elo199401e.html,1702521,"Jiretorn, Eva",,SWE,F,w,2230,9.0,,,True,,8286=,8286.0,8221.0,160.0,True,False,,OlimpBase historical FIDE list,C:\chenxi\bazi_project\chess\Elo199401e.html,,8223,1702521,1971-01-07,profile_exact_wikidata_no_unique_exact,unknown,person_no_birthplace,Q105357727,,,,,"https://olimpbase.org/Elo/player/J/Jiretorn,%20Eva.html",1971-01-07,False,hemisphere:unknown:person_no_birthplace,F
1994-01,OlimpBase historical FIDE list,C:\chenxi\bazi_project\chess\Elo199401e.html,13500414,"Khorovets-Aiedinova, Elmira",wf,BLR,F,w,2230,0.0,,,True,,8378=,8378.0,8221.0,160.0,True,False,,OlimpBase historical FIDE list,C:\chenxi\bazi_project\chess\Elo199401e.html,,8223,13500414,1963-07-06,profile_wikidata_agree,unknown,person_no_birthplace,Q28479299,,,,,"https://olimpbase.org/Elo/player/K/Khorovets,%20Elmira.html",1963-07-06,False,hemisphere:unknown:person_no_birthplace,F
1994-01,OlimpBase historical FIDE list,C:\chenxi\bazi_project\chess\Elo199401e.html,4119037,"Krasenkova, Ilena",,RUS,F,w,2230,10.0,1961-06-06,1961.06.06,True,,8281=,8281.0,8221.0,160.0,True,False,,OlimpBase historical FIDE list,C:\chenxi\bazi_project\chess\Elo199401e.html,,8223,4119037,1961-06-06,profile_wikidata_agree,unknown,person_no_birthplace,Q27598035,,,,,"https://olimpbase.org/Elo/player/K/Krasenkova,%20Ilena.html",1961-06-06,False,hemisphere:unknown:person_no_birthplace,F
1994-01,OlimpBase historical FIDE list,C:\chenxi\bazi_project\chess\Elo199401e.html,2006723,"Levitan, Yuliya",wm,USA,F,w,2230,19.0,1973-06-12,1973.06.12,True,,8233=,8233.0,8221.0,160.0,True,False,,OlimpBase historical FIDE list,C:\chenxi\bazi_project\chess\Elo199401e.html,,8223,2006723,1973-06-12,profile_wikidata_agree,north,resolved_unique_birthplace,Q27597931,Q2280,Minsk,53.902246,27.561837,"https://olimpbase.org/Elo/player/L/Levitan,%20Julia.html",1973-06-12,True,,F
1994-01,OlimpBase historical FIDE list,C:\chenxi\bazi_project\chess\Elo199401e.html,8600562,"Liang, Zhihua",wf,CHN,F,w,2230,0.0,,,True,,8378=,8378.0,8221.0,160.0,True,False,,OlimpBase historical FIDE list,C:\chenxi\bazi_project\chess\Elo199401e.html,,8223,8600562,1970-11-13,wikidata_exact_via_modern_id,unknown,person_no_birthplace,Q27598358,,,,,"https://olimpbase.org/Elo/player/L/Liang,%20Zhihua.html",,False,hemisphere:unknown:person_no_birthplace,F
1994-01,OlimpBase historical FIDE list,C:\chenxi\bazi_project\chess\Elo199401e.html,8600279,"Liu, Shilan",wg,CHN,F,w,2230,0.0,1962-01-24,1962.01.24,True,,8378=,8378.0,8221.0,160.0,True,False,,OlimpBase historical FIDE list,C:\chenxi\bazi_project\chess\Elo199401e.html,,8223,8600279,1962-01-24,profile_wikidata_agree,north,resolved_unique_birthplace,Q428450,Q30002,Chengdu,30.66,104.06333333,"https://olimpbase.org/Elo/player/L/Liu,%20Shilan.html",1962-01-24,True,,F
1994-01,OlimpBase historical FIDE list,C:\chenxi\bazi_project\chess\Elo199401e.html,909564,"Petrovic, Marija",wm,YUG,F,w,2230,38.0,1953-08-29,1953.08.29,True,,8222,8222.0,8221.0,160.0,True,False,,OlimpBase historical FIDE list,C:\chenxi\bazi_project\chess\Elo199401e.html,,8223,909564,1953-08-29,profile_wikidata_agree,unknown,person_no_birthplace,Q24958423,,,,,"https://olimpbase.org/Elo/player/P/Petrovic,%20Marija.html",1953-08-29,False,hemisphere:unknown:person_no_birthplace,F
1994-01,OlimpBase historical FIDE list,C:\chenxi\bazi_project\chess\Elo199401e.html,14501740,"Puljek, Zorica",wm,CRO,F,w,2230,5.0,,,True,,8321=,8321.0,8221.0,160.0,True,False,,OlimpBase historical FIDE list,C:\chenxi\bazi_project\chess\Elo199401e.html,,8223,14501740,1965-05-01,profile_wikidata_agree,unknown,person_no_birthplace,Q27597877,,,,,"https://olimpbase.org/Elo/player/P/Puljek,%20Zorica.html",1965-05-01,False,hemisphere:unknown:person_no_birthplace,F
1994-01,OlimpBase historical FIDE list,C:\chenxi\bazi_project\chess\Elo199401e.html,910619,"Strizak, Natasa",wf,YUG,F,w,2230,5.0,1973-06-09,1973.06.09,True,,8321=,8321.0,8221.0,160.0,True,False,,OlimpBase historical FIDE list,C:\chenxi\bazi_project\chess\Elo199401e.html,,8223,910619,1973-06-09,profile_wikidata_agree,unknown,person_no_birthplace,Q28481144,,,,,"https://olimpbase.org/Elo/player/S/Strizak,%20Natasa.html",1973-06-09,False,hemisphere:unknown:person_no_birthplace,F
1994-01,OlimpBase historical FIDE list,C:\chenxi\bazi_project\chess\Elo199401e.html,11600233,"Voronova, Tatiana",wm,LAT,F,w,2230,12.0,1955-12-24,1955.12.24,True,,8258=,8258.0,8221.0,160.0,True,False,,OlimpBase historical FIDE list,C:\chenxi\bazi_project\chess\Elo199401e.html,,8223,11600233,1955-12-24,profile_wikidata_agree,north,resolved_unique_birthplace,Q6112662,Q1875,Arkhangelsk Oblast,63.5,43.0,"https://olimpbase.org/Elo/player/V/Voronova,%20Tatiana.html",1955-12-24,True,,F
1994-01,OlimpBase historical FIDE list,C:\chenxi\bazi_project\chess\Elo199401e.html,4119525,"Askhabova, A.",,RUS,F,w,2225,16.0,,,True,,8552=,8552.0,8535.0,178.0,True,False,,OlimpBase historical FIDE list,C:\chenxi\bazi_project\chess\Elo199401e.html,,8537,4119525,,no_exact_dob,unknown,no_wikidata_match,,,,,,"https://olimpbase.org/Elo/player/A/Askhabova,%20A..html",,False,dob:no_exact_dob,F
1994-01,OlimpBase historical FIDE list,C:\chenxi\bazi_project\chess\Elo199401e.html,13500210,"Eidelson, Rakhil",wm,BLR,F,w,2225,45.0,1958-11-14,1958.11.14,True,,8536,8536.0,8535.0,178.0,True,False,,OlimpBase historical FIDE list,C:\chenxi\bazi_project\chess\Elo199401e.html,,8537,13500210,1958-11-14,profile_wikidata_agree,north,resolved_unique_birthplace,Q2064246,Q103255,Alatyr,54.85,46.58333333,"https://olimpbase.org/Elo/player/E/Eidelson,%20Raiga.html",1958-11-14,True,,F
1994-01,OlimpBase historical FIDE list,C:\chenxi\bazi_project\chess\Elo199401e.html,306088,"Hallerova, Eva",,CZE,F,w,2225,0.0,,,True,,8675=,8675.0,8535.0,178.0,True,False,,OlimpBase historical FIDE list,C:\chenxi\bazi_project\chess\Elo199401e.html,,8537,306088,,no_exact_dob,unknown,no_wikidata_match,,,,,,"https://olimpbase.org/Elo/player/H/Hallerova,%20Eva.html",,False,dob:no_exact_dob,F
1994-01,OlimpBase historical FIDE list,C:\chenxi\bazi_project\chess\Elo199401e.html,1400720,"Hoiberg, Nina",wm,DEN,F,w,2225,16.0,1956-02-17,1956.02.17,True,,8552,8552.0,8535.0,178.0,True,False,,OlimpBase historical FIDE list,C:\chenxi\bazi_project\chess\Elo199401e.html,,8537,1400720,1956-02-17,profile_wikidata_agree,unknown,person_no_birthplace,Q11792290,,,,,"https://olimpbase.org/Elo/player/H/Hoiberg,%20Nina.html",1956-02-17,False,hemisphere:unknown:person_no_birthplace,F
1994-01,OlimpBase historical FIDE list,C:\chenxi\bazi_project\chess\Elo199401e.html,909181,"Ivkovic, Staka",,YUG,F,w,2225,0.0,,,True,,8675=,8675.0,8535.0,178.0,True,False,,OlimpBase historical FIDE list,C:\chenxi\bazi_project\chess\Elo199401e.html,,8537,909181,1959-10-14,wikidata_exact_via_modern_id,unknown,person_no_birthplace,Q28481119,,,,,"https://olimpbase.org/Elo/player/C/Cvetkovic,%20Staka.html",,False,hemisphere:unknown:person_no_birthplace,F
1994-01,OlimpBase historical FIDE list,C:\chenxi\bazi_project\chess\Elo199401e.html,2902370,"Koen, Maja",wm,BUL,F,w,2225,32.0,1973-04-21,1973.04.21,True,,8538,8538.0,8535.0,178.0,True,False,,OlimpBase historical FIDE list,C:\chenxi\bazi_project\chess\Elo199401e.html,,8537,2902370,1973-04-21,profile_wikidata_agree,unknown,person_no_birthplace,Q11766372,,,,,"https://olimpbase.org/Elo/player/K/Koen,%20Maja.html",1973-04-21,False,hemisphere:unknown:person_no_birthplace,F
1994-01,OlimpBase historical FIDE list,C:\chenxi\bazi_project\chess\Elo199401e.html,2801035,"Kristol, Luba",wm,ISR,F,w,2225,0.0,1944-05-26,1944.05.26,True,,8675=,8675.0,8535.0,178.0,True,False,,OlimpBase historical FIDE list,C:\chenxi\bazi_project\chess\Elo199401e.html,,8537,2801035,1944-05-26,profile_wikidata_agree,north,resolved_unique_birthplace,Q2424437,Q656,Saint Petersburg,59.95,30.31666667,"https://olimpbase.org/Elo/player/K/Kristol,%20Luba.html",1944-05-26,True,,F
1994-01,OlimpBase historical FIDE list,C:\chenxi\bazi_project\chess\Elo199401e.html,14100738,"Mutchnik, Larisa",wf,UKR,F,w,2225,15.0,1956-07-31,1956.07.31,True,,8554=,8554.0,8535.0,178.0,True,False,,OlimpBase historical FIDE list,C:\chenxi\bazi_project\chess\Elo199401e.html,,8537,14100738,1956-07-31,profile_wikidata_agree,north,resolved_unique_birthplace,Q15074546,Q149190,Korostyshiv,50.31861111,29.05916667,"https://olimpbase.org/Elo/player/M/Mutchnik,%20Larisa.html",1956-07-31,True,,F
1994-01,OlimpBase historical FIDE list,C:\chenxi\bazi_project\chess\Elo199401e.html,11600217,"Priedite, Ingrida",,LAT,F,w,2225,0.0,1954-03-13,1954.03.13,True,,8675=,8675.0,8535.0,178.0,True,False,,OlimpBase historical FIDE list,C:\chenxi\bazi_project\chess\Elo199401e.html,,8537,11600217,1954-03-13,profile_wikidata_agree,north,resolved_unique_birthplace,Q6033380,Q1773,Riga,56.9475,24.10694444,"https://olimpbase.org/Elo/player/P/Priedite,%20Ingrida.html",1954-03-13,True,,F
1994-01,OlimpBase historical FIDE list,C:\chenxi\bazi_project\chess\Elo199401e.html,1104446,"Sadkiewicz, Joanna",wm,POL,F,w,2225,15.0,1966-10-01,1966.10.01,True,,8554=,8554.0,8535.0,178.0,True,False,,OlimpBase historical FIDE list,C:\chenxi\bazi_project\chess\Elo199401e.html,,8537,1104446,,profile_wikidata_exact_conflict,north,resolved_unique_birthplace,Q11727517,Q41252,Bydgoszcz,53.11666667,18.0,"https://olimpbase.org/Elo/player/J/Jagodzinska,%20Joanna.html",1966-10-01,False,dob:profile_wikidata_exact_conflict,F
1994-01,OlimpBase historical FIDE list,C:\chenxi\bazi_project\chess\Elo199401e.html,4107284,"Sitnikova, Nina",wm,RUS,F,w,2225,0.0,1964-09-19,1964.09.19,True,,8675=,8675.0,8535.0,178.0,True,False,,OlimpBase historical FIDE list,C:\chenxi\bazi_project\chess\Elo199401e.html,,8537,4107284,1964-09-19,profile_wikidata_agree,north,resolved_unique_birthplace,Q13398873,Q2234599,Holubivka,48.6375,38.64333333,"https://olimpbase.org/Elo/player/S/Sitnikova,%20Nina.html",1964-09-19,True,,F
1994-01,OlimpBase historical FIDE list,C:\chenxi\bazi_project\chess\Elo199401e.html,14101521,"Vidoniak, Natali",,UKR,F,w,2225,0.0,,,True,,8675=,8675.0,8535.0,178.0,True,False,,OlimpBase historical FIDE list,C:\chenxi\bazi_project\chess\Elo199401e.html,,8537,4637330,1971-07-30,profile_wikidata_agree,unknown,person_no_birthplace,Q27598307,,,,,"https://olimpbase.org/Elo/player/V/Vidoniak,%20Natali.html",1971-07-30,False,hemisphere:unknown:person_no_birthplace,F
1994-01,OlimpBase historical FIDE list,C:\chenxi\bazi_project\chess\Elo199401e.html,8600570,"Xiao, Hong",,CHN,F,w,2225,0.0,,,True,,8675=,8675.0,8535.0,178.0,True,False,,OlimpBase historical FIDE list,C:\chenxi\bazi_project\chess\Elo199401e.html,,8537,8600570,,no_exact_dob,unknown,no_wikidata_match,,,,,,"https://olimpbase.org/Elo/player/X/Xiao,%20Hong.html",,False,dob:no_exact_dob,F
1994-01,OlimpBase historical FIDE list,C:\chenxi\bazi_project\chess\Elo199401e.html,704377,"Zimmersmann, Rita",wm,HUN,F,w,2225,2.0,1969-12-25,1969.12.25,True,,8647=,8647.0,8535.0,178.0,True,False,,OlimpBase historical FIDE list,C:\chenxi\bazi_project\chess\Elo199401e.html,,8537,704377,1969-12-25,profile_exact_wikidata_no_unique_exact,unknown,no_wikidata_match,,,,,,"https://olimpbase.org/Elo/player/Z/Zimmersmann,%20Rita.html",1969-12-25,False,hemisphere:unknown:no_wikidata_match,F
1994-01,OlimpBase historical FIDE list,C:\chenxi\bazi_project\chess\Elo199401e.html,1201565,"Botan, Madalina",wm,ROM,F,w,2220,1.0,1968-10-15,1968.10.15,True,,8960=,8960.0,8837.0,192.0,True,False,,OlimpBase historical FIDE list,C:\chenxi\bazi_project\chess\Elo199401e.html,,8839,609544,1968-10-15,profile_wikidata_agree,unknown,person_no_birthplace,Q27598391,,,,,"https://olimpbase.org/Elo/player/B/Botan,%20Madalina.html",1968-10-15,False,hemisphere:unknown:person_no_birthplace,F
1994-01,OlimpBase historical FIDE list,C:\chenxi\bazi_project\chess\Elo199401e.html,301868,"Hajkova-Maskova, Jana",wm,CZE,F,w,2220,10.0,1964-05-26,1964.05.26,True,,8878,8878.0,8837.0,192.0,True,False,,OlimpBase historical FIDE list,C:\chenxi\bazi_project\chess\Elo199401e.html,,8839,301868,1964-05-26,profile_wikidata_agree,north,resolved_unique_birthplace,Q11719702,Q986070,Chrudim,49.95113628,15.79563579,"https://olimpbase.org/Elo/player/H/Hajkova,%20Jana.html",1964-05-26,True,,F
1994-01,OlimpBase historical FIDE list,C:\chenxi\bazi_project\chess\Elo199401e.html,12800236,"Turauskiene, Renata",,LTU,F,w,2220,0.0,1969-02-23,1969.02.23,True,,8967=,8967.0,8837.0,192.0,True,False,,OlimpBase historical FIDE list,C:\chenxi\bazi_project\chess\Elo199401e.html,,8839,12800236,1969-02-23,profile_wikidata_agree,north,resolved_unique_birthplace,Q2143304,Q134712,Šiauliai,55.92805556,23.31666667,"https://olimpbase.org/Elo/player/T/Turauskiene,%20Renata.html",1969-02-23,True,,F
1994-01,OlimpBase historical FIDE list,C:\chenxi\bazi_project\chess\Elo199401e.html,1002627,"Bos-Swiecik, Iwona",wm,NED,F,w,2215,18.0,1958-11-24,1958.11.24,True,,9106,9106.0,9096.0,195.0,True,False,,OlimpBase historical FIDE list,C:\chenxi\bazi_project\chess\Elo199401e.html,,9098,1002627,1958-11-24,profile_wikidata_agree,unknown,person_no_birthplace,Q2003785,,,,,"https://olimpbase.org/Elo/player/S/Swiecik,%20Iwona.html",1958-11-24,False,hemisphere:unknown:person_no_birthplace,F
1994-01,OlimpBase historical FIDE list,C:\chenxi\bazi_project\chess\Elo199401e.html,2903970,"Dojkova, Galina",,BUL,F,w,2215,14.0,1969-04-18,1969.04.18,True,,9116,9116.0,9096.0,195.0,True,False,,OlimpBase historical FIDE list,C:\chenxi\bazi_project\chess\Elo199401e.html,,9098,2903970,1969-04-18,profile_exact_wikidata_no_unique_exact,unknown,no_wikidata_match,,,,,,"https://olimpbase.org/Elo/player/D/Dojkova,%20Galina.html",1969-04-18,False,hemisphere:unknown:no_wikidata_match,F
1994-01,OlimpBase historical FIDE list,C:\chenxi\bazi_project\chess\Elo199401e.html,13600354,"Kasoshvili, Tsiala",wm,GEO,F,w,2215,1.0,1963-09-01,1963.09.01,True,,9204=,9204.0,9096.0,195.0,True,False,,OlimpBase historical FIDE list,C:\chenxi\bazi_project\chess\Elo199401e.html,,9098,13600354,1963-09-01,profile_wikidata_agree,north,resolved_unique_birthplace,Q15068443,Q19583,Gori,41.98168611,44.11241667,"https://olimpbase.org/Elo/player/K/Kasoshvili,%20Tsiala.html",1963-09-01,True,,F
1994-01,OlimpBase historical FIDE list,C:\chenxi\bazi_project\chess\Elo199401e.html,1201573,"Muresan-Juncu, Margareta",wg,ROM,F,w,2215,0.0,1950-03-13,1950.03.13,True,,9213=,9213.0,9096.0,195.0,True,False,,OlimpBase historical FIDE list,C:\chenxi\bazi_project\chess\Elo199401e.html,,9098,1201573,1950-03-13,profile_wikidata_agree,north,resolved_unique_birthplace,Q1894922,Q100188,Cluj-Napoca,46.76891,23.59066,"https://olimpbase.org/Elo/player/M/Muresan-Juncu,%20Margareta.html",1950-03-13,True,,F
1994-01,OlimpBase historical FIDE list,C:\chenxi\bazi_project\chess\Elo199401e.html,14101670,"Pastivnychna, Zorjana",,UKR,F,w,2215,0.0,1962-03-03,1962.03.03,True,,9213=,9213.0,9096.0,195.0,True,False,,OlimpBase historical FIDE list,C:\chenxi\bazi_project\chess\Elo199401e.html,,9098,14101670,1962-03-03,profile_exact_wikidata_no_unique_exact,unknown,person_no_birthplace,Q28479362,,,,,"https://olimpbase.org/Elo/player/P/Pastivnychna,%20Zorjana.html",1962-03-03,False,hemisphere:unknown:person_no_birthplace,F
1994-01,OlimpBase historical FIDE list,C:\chenxi\bazi_project\chess\Elo199401e.html,4116437,"Svechnikova, M.",wm,RUS,F,w,2215,16.0,,,True,,9110=,9110.0,9096.0,195.0,True,False,,OlimpBase historical FIDE list,C:\chenxi\bazi_project\chess\Elo199401e.html,,9098,4116437,,wikidata_non_day_precision,unknown,person_no_birthplace,Q27598066,,,,,"https://olimpbase.org/Elo/player/S/Svechnikova,%20M..html",,False,dob:wikidata_non_day_precision,F
1994-01,OlimpBase historical FIDE list,C:\chenxi\bazi_project\chess\Elo199401e.html,4616227,"Werner, Veronika",,GER,F,w,2215,25.0,1976-06-23,1976.06.23,True,,9098,9098.0,9096.0,195.0,True,False,,OlimpBase historical FIDE list,C:\chenxi\bazi_project\chess\Elo199401e.html,,9098,4616227,1976-06-23,profile_wikidata_agree,north,resolved_unique_birthplace,Q26898382,Q1040,Karlsruhe,49.01666667,8.4,"https://olimpbase.org/Elo/player/W/Werner,%20Veronika.html",1976-06-23,True,,F
1994-01,OlimpBase historical FIDE list,C:\chenxi\bazi_project\chess\Elo199401e.html,8600546,"Zhu, Chen",,CHN,F,w,2215,0.0,,,True,,9213=,9213.0,9096.0,195.0,True,False,,OlimpBase historical FIDE list,C:\chenxi\bazi_project\chess\Elo199401e.html,,9098,8600546,,profile_wikidata_exact_conflict,north,resolved_unique_birthplace,Q198104,Q42635,Wenzhou,27.999128,120.656075,"https://olimpbase.org/Elo/player/Z/Zhu,%20Chen.html",1976-03-16,False,dob:profile_wikidata_exact_conflict,F
1994-01,OlimpBase historical FIDE list,C:\chenxi\bazi_project\chess\Elo199401e.html,3501418,"Arribas, Maritza",wm,CUB,F,w,2210,26.0,1971-02-02,1971.02.02,True,,9341,9341.0,9338.0,203.0,True,False,,OlimpBase historical FIDE list,C:\chenxi\bazi_project\chess\Elo199401e.html,,9340,3501418,,profile_wikidata_exact_conflict,north,resolved_unique_birthplace,Q625820,Q117040,Santiago de Cuba,20.02166667,-75.82944444,"https://olimpbase.org/Elo/player/A/Arribas,%20Maritza.html",1971-02-02,False,dob:profile_wikidata_exact_conflict,F
1994-01,OlimpBase historical FIDE list,C:\chenxi\bazi_project\chess\Elo199401e.html,3201937,"Berezina, Irina",wm,AUS,F,w,2210,0.0,1965-04-13,1965.04.13,True,,9465=,9465.0,9338.0,203.0,True,False,,OlimpBase historical FIDE list,C:\chenxi\bazi_project\chess\Elo199401e.html,,9340,3201937,1965-07-07,profile_wikidata_agree,north,resolved_unique_birthplace,Q1672645,Q1899,Kyiv,50.45,30.52361111,"https://olimpbase.org/Elo/player/B/Berezina,%20Irina.html",1965-07-07,True,,F
1994-01,OlimpBase historical FIDE list,C:\chenxi\bazi_project\chess\Elo199401e.html,4116305,"Borylia, E.",,RUS,F,w,2210,0.0,,,True,,9465=,9465.0,9338.0,203.0,True,False,,OlimpBase historical FIDE list,C:\chenxi\bazi_project\chess\Elo199401e.html,,9340,4116305,,no_exact_dob,unknown,no_wikidata_match,,,,,,"https://olimpbase.org/Elo/player/B/Borylia,%20E..html",,False,dob:no_exact_dob,F
1994-01,OlimpBase historical FIDE list,C:\chenxi\bazi_project\chess\Elo199401e.html,13600788,"Edzgveradze, Natalia",,GEO,F,w,2210,19.0,1975-07-23,1975.07.23,True,,9345=,9345.0,9338.0,203.0,True,False,,OlimpBase historical FIDE list,C:\chenxi\bazi_project\chess\Elo199401e.html,,9340,13600788,1975-07-23,profile_wikidata_agree,unknown,person_no_birthplace,Q6968016,,,,,"https://olimpbase.org/Elo/player/E/Edzgveradze,%20Natalia.html",1975-07-23,False,hemisphere:unknown:person_no_birthplace,F
1994-01,OlimpBase historical FIDE list,C:\chenxi\bazi_project\chess\Elo199401e.html,1104837,"Henc, Renata",wf,POL,F,w,2210,36.0,1972-04-05,1972.04.05,True,,9338,9338.0,9338.0,203.0,True,False,,OlimpBase historical FIDE list,C:\chenxi\bazi_project\chess\Elo199401e.html,,9340,1104837,1972-04-05,profile_wikidata_agree,north,resolved_unique_birthplace,Q11834198,Q158004,Piotrków Trybunalski,51.4,19.68333333,"https://olimpbase.org/Elo/player/H/Henc,%20Renata.html",1972-04-05,True,,F
1994-01,OlimpBase historical FIDE list,C:\chenxi\bazi_project\chess\Elo199401e.html,302805,"Holoubkova, Martina",wm,CZE,F,w,2210,30.0,,,True,,9339,9339.0,9338.0,203.0,True,False,,OlimpBase historical FIDE list,C:\chenxi\bazi_project\chess\Elo199401e.html,,9340,302805,1975-04-26,profile_wikidata_agree,north,resolved_unique_birthplace,Q27597929,Q1000091,Rychnov nad Kněžnou,50.16287079,16.27495476,"https://olimpbase.org/Elo/player/H/Holoubkova,%20Martina.html",1975-04-26,True,,F
1994-01,OlimpBase historical FIDE list,C:\chenxi\bazi_project\chess\Elo199401e.html,704288,"Kovacs-Pinter, Marta",wm,HUN,F,w,2210,13.0,1962-12-19,1962.12.19,True,,9368=,9368.0,9338.0,203.0,True,False,,OlimpBase historical FIDE list,C:\chenxi\bazi_project\chess\Elo199401e.html,,9340,704288,1962-12-19,profile_wikidata_agree,north,resolved_unique_birthplace,Q27598380,Q288413,Tapolca,46.88277778,17.44111111,"https://olimpbase.org/Elo/player/K/Kovacs,%20Marta.html",1962-12-19,True,,F
1994-01,OlimpBase historical FIDE list,C:\chenxi\bazi_project\chess\Elo199401e.html,14100797,"Nepeina, Maria",wm,UKR,F,w,2210,25.0,,,True,,9342,9342.0,9338.0,203.0,True,False,,OlimpBase historical FIDE list,C:\chenxi\bazi_project\chess\Elo199401e.html,,9340,618446,1970-03-12,profile_wikidata_agree,unknown,person_no_birthplace,Q2678344,,,,,"https://olimpbase.org/Elo/player/N/Nepeina,%20Maria.html",1970-03-12,False,hemisphere:unknown:person_no_birthplace,F
1994-01,OlimpBase historical FIDE list,C:\chenxi\bazi_project\chess\Elo199401e.html,1201611,"Polihroniade, Elisabeta",wg,ROM,F,w,2210,3.0,1935-04-24,1935.04.24,True,,9433=,9433.0,9338.0,203.0,True,False,,OlimpBase historical FIDE list,C:\chenxi\bazi_project\chess\Elo199401e.html,,9340,1201611,1935-04-24,profile_exact_wikidata_no_unique_exact,unknown,no_wikidata_match,,,,,,"https://olimpbase.org/Elo/player/P/Polihroniade,%20Elisabeta.html",1935-04-24,False,hemisphere:unknown:no_wikidata_match,F
1994-01,OlimpBase historical FIDE list,C:\chenxi\bazi_project\chess\Elo199401e.html,4612477,"Starck, Ines",wf,GER,F,w,2210,0.0,1963-10-25,1963.10.25,True,,9465=,9465.0,9338.0,203.0,True,False,,OlimpBase historical FIDE list,C:\chenxi\bazi_project\chess\Elo199401e.html,,9340,4612477,1963-10-25,profile_wikidata_agree,unknown,person_no_birthplace,Q28480849,,,,,"https://olimpbase.org/Elo/player/S/Starck,%20Ines.html",1963-10-25,False,hemisphere:unknown:person_no_birthplace,F
1994-01,OlimpBase historical FIDE list,C:\chenxi\bazi_project\chess\Elo199401e.html,14100843,"Struchkova, Svetlana",wm,UKR,F,w,2210,29.0,,,True,,9340,9340.0,9338.0,203.0,True,False,,OlimpBase historical FIDE list,C:\chenxi\bazi_project\chess\Elo199401e.html,,9340,14109395,1963-02-12,wikidata_exact_via_modern_id,unknown,person_no_birthplace,Q27560463,,,,,"https://olimpbase.org/Elo/player/S/Struchkova,%20Svetlana.html",,False,hemisphere:unknown:person_no_birthplace,F
1994-01,OlimpBase historical FIDE list,C:\chenxi\bazi_project\chess\Elo199401e.html,4621905,"Werner, Isabel",,GER,F,w,2210,14.0,1978-04-21,1978.04.21,True,,9365,9365.0,9338.0,203.0,True,False,,OlimpBase historical FIDE list,C:\chenxi\bazi_project\chess\Elo199401e.html,,9340,4621905,1978-04-21,profile_wikidata_agree,north,resolved_unique_birthplace,Q1673535,Q1040,Karlsruhe,49.01666667,8.4,"https://olimpbase.org/Elo/player/W/Werner,%20Isabel.html",1978-04-21,True,,F
1994-01,OlimpBase historical FIDE list,C:\chenxi\bazi_project\chess\Elo199401e.html,1001671,"Benschop, Anne Marie",wm,NED,F,w,2205,0.0,1969-08-11,1969.08.11,True,,9736=,9736.0,9589.0,215.0,True,False,,OlimpBase historical FIDE list,C:\chenxi\bazi_project\chess\Elo199401e.html,,9591,1001671,1969-08-11,profile_wikidata_agree,unknown,person_no_birthplace,Q2197762,,,,,"https://olimpbase.org/Elo/player/B/Benschop,%20Anne%20Marie.html",1969-08-11,False,hemisphere:unknown:person_no_birthplace,F
1994-01,OlimpBase historical FIDE list,C:\chenxi\bazi_project\chess\Elo199401e.html,909718,"Dragasevic-Georgieva, Antonina",wm,YUG,F,w,2205,0.0,1948-03-25,1948.03.25,True,,9736=,9736.0,9589.0,215.0,True,False,,OlimpBase historical FIDE list,C:\chenxi\bazi_project\chess\Elo199401e.html,,9591,909718,1948-03-25,profile_wikidata_agree,north,resolved_unique_birthplace,Q9157822,Q6506,Varna,43.211375,27.91108,"https://olimpbase.org/Elo/player/D/Dragasevic-Georgieva,%20Antonina.html",1948-03-25,True,,F
1994-01,OlimpBase historical FIDE list,C:\chenxi\bazi_project\chess\Elo199401e.html,8600643,"Li, Ruofan",,CHN,F,w,2205,9.0,,,True,,9654=,9654.0,9589.0,215.0,True,False,,OlimpBase historical FIDE list,C:\chenxi\bazi_project\chess\Elo199401e.html,,9591,8600643,1978-04-30,wikidata_exact_via_modern_id,north,resolved_unique_birthplace,Q379462,Q57958,Zhenjiang,32.21086,119.45508,"https://olimpbase.org/Elo/player/L/Li,%20Ruofan.html",,True,,F
1994-01,OlimpBase historical FIDE list,C:\chenxi\bazi_project\chess\Elo199401e.html,4108671,"Polnarieva, Larisa",wm,RUS,F,w,2205,0.0,1958-04-04,1958.04.04,True,,9736=,9736.0,9589.0,215.0,True,False,,OlimpBase historical FIDE list,C:\chenxi\bazi_project\chess\Elo199401e.html,,9591,4108671,,profile_wikidata_exact_conflict,north,resolved_unique_birthplace,Q4370331,Q157144,Vinnytsia,49.23722222,28.46722222,"https://olimpbase.org/Elo/player/P/Polnarieva,%20Larisa.html",1958-04-04,False,dob:profile_wikidata_exact_conflict,F
1994-01,OlimpBase historical FIDE list,C:\chenxi\bazi_project\chess\Elo199401e.html,4108698,"Saunina, Ludmila",wm,RUS,F,w,2205,19.0,1952-07-09,1952.07.09,True,,9601=,9601.0,9589.0,215.0,True,False,,OlimpBase historical FIDE list,C:\chenxi\bazi_project\chess\Elo199401e.html,,9591,4108698,1952-07-09,profile_wikidata_agree,north,resolved_unique_birthplace,Q3286673,Q887,Yekaterinburg,56.83555556,60.61277778,"https://olimpbase.org/Elo/player/S/Saunina,%20Ludmila.html",1952-07-09,True,,F
1994-01,OlimpBase historical FIDE list,C:\chenxi\bazi_project\chess\Elo199401e.html,2902281,"Savova, Stefka",wm,BUL,F,w,2205,11.0,1958-11-28,1958.11.28,True,,9635=,9635.0,9589.0,215.0,True,False,,OlimpBase historical FIDE list,C:\chenxi\bazi_project\chess\Elo199401e.html,,9591,2902281,1958-11-28,profile_wikidata_agree,north,resolved_unique_birthplace,Q9345590,Q186576,Pazardzhik,42.193477,24.332755,"https://olimpbase.org/Elo/player/S/Savova,%20Stefka.html",1958-11-28,True,,F
1994-01,OlimpBase historical FIDE list,C:\chenxi\bazi_project\chess\Elo199401e.html,5001013,"Thipsay, Bagyashree Sathe",wm,IND,F,w,2205,27.0,1961-08-04,1961.08.04,True,,9593,9593.0,9589.0,215.0,True,False,,OlimpBase historical FIDE list,C:\chenxi\bazi_project\chess\Elo199401e.html,,9591,5001013,1961-08-04,profile_wikidata_agree,unknown,person_no_birthplace,Q16194368,,,,,"https://olimpbase.org/Elo/player/T/Thipsay,%20Bagyashree%20Sathe.html",1961-08-04,False,hemisphere:unknown:person_no_birthplace,F
1994-01,OlimpBase historical FIDE list,C:\chenxi\bazi_project\chess\Elo199401e.html,2802368,"Tsifanskaya, Ludmila A.",,ISR,F,w,2205,0.0,1949-01-09,1949.01.09,True,,9736=,9736.0,9589.0,215.0,True,False,,OlimpBase historical FIDE list,C:\chenxi\bazi_project\chess\Elo199401e.html,,9591,2802368,1949-01-09,profile_wikidata_agree,north,resolved_unique_birthplace,Q23682482,Q158491,Feodosiia,45.04609;45.04888889,35.378768;35.37916667,"https://olimpbase.org/Elo/player/T/Tsifanskaya,%20Ludmila%20A..html",1949-01-09,True,,F
1994-01,OlimpBase historical FIDE list,C:\chenxi\bazi_project\chess\Elo199401e.html,4107756,"Ushakova, Irina",,RUS,F,w,2205,0.0,,,True,,9736=,9736.0,9589.0,215.0,True,False,,OlimpBase historical FIDE list,C:\chenxi\bazi_project\chess\Elo199401e.html,,9591,4107756,1962-09-08,wikidata_exact_via_modern_id,unknown,person_no_birthplace,Q28479955,,,,,"https://olimpbase.org/Elo/player/U/Ushakova,%20Irina.html",,False,hemisphere:unknown:person_no_birthplace,F
1994-01,OlimpBase historical FIDE list,C:\chenxi\bazi_project\chess\Elo199401e.html,14101610,"Vasilevich, Tatjana",wf,UKR,F,w,2205,26.0,,,True,,9594,9594.0,9589.0,215.0,True,False,,OlimpBase historical FIDE list,C:\chenxi\bazi_project\chess\Elo199401e.html,,9591,14101610,1977-01-14,profile_wikidata_agree,north,resolved_unique_birthplace,Q9355843,Q33345,Yevpatoriya,45.2,33.35833333,"https://olimpbase.org/Elo/player/V/Vasilevich,%20Tatjana.html",1977-01-14,True,,F
1994-01,OlimpBase historical FIDE list,C:\chenxi\bazi_project\chess\Elo199401e.html,703796,"Velvart, Peterne",wm,HUN,F,w,2205,28.0,1965-10-06,1965.10.06,True,,9591,9591.0,9589.0,215.0,True,False,,OlimpBase historical FIDE list,C:\chenxi\bazi_project\chess\Elo199401e.html,,9591,703796,1965-10-06,profile_wikidata_agree,unknown,person_no_birthplace,Q27598324,,,,,"https://olimpbase.org/Elo/player/V/Velvart,%20Peterne.html",1965-10-06,False,hemisphere:unknown:person_no_birthplace,F
1994-01,OlimpBase historical FIDE list,C:\chenxi\bazi_project\chess\Elo199401e.html,1103687,"Wiese-Jozwiak, Malgorzata",wm,POL,F,w,2205,0.0,1961-03-16,1961.03.16,True,,9736=,9736.0,9589.0,215.0,True,False,,OlimpBase historical FIDE list,C:\chenxi\bazi_project\chess\Elo199401e.html,,9591,1103687,1961-03-16,profile_wikidata_agree,north,resolved_unique_birthplace,Q11772402,Q41252,Bydgoszcz,53.11666667,18.0,"https://olimpbase.org/Elo/player/W/Wiese,%20Malgorzata.html",1961-03-16,True,,F
1994-01,OlimpBase historical FIDE list,C:\chenxi\bazi_project\chess\Elo199401e.html,4900111,"Battsetseg, Tsagaan",wm,MGL,F,w,2200,24.0,1972-01-30,1972.01.30,True,,9969=,9969.0,9963.0,227.0,True,False,,OlimpBase historical FIDE list,C:\chenxi\bazi_project\chess\Elo199401e.html,,9965,2019507,1972-01-30,profile_wikidata_agree,unknown,person_no_birthplace,Q27597903,,,,,"https://olimpbase.org/Elo/player/B/Battsetseg,%20Tsagaan.html",1972-01-30,False,hemisphere:unknown:person_no_birthplace,F
1994-01,OlimpBase historical FIDE list,C:\chenxi\bazi_project\chess\Elo199401e.html,4612426,"Broeder, Iris",wm,GER,F,w,2200,6.0,1962-09-17,1962.09.17,True,,10027=,10027.0,9963.0,227.0,True,False,,OlimpBase historical FIDE list,C:\chenxi\bazi_project\chess\Elo199401e.html,,9965,4612426,1962-09-17,profile_exact_wikidata_no_unique_exact,unknown,no_wikidata_match,,,,,,"https://olimpbase.org/Elo/player/B/Broeder,%20Iris.html",1962-09-17,False,hemisphere:unknown:no_wikidata_match,F
1994-01,OlimpBase historical FIDE list,C:\chenxi\bazi_project\chess\Elo199401e.html,704440,"Csoke, Adrienn",wm,HUN,F,w,2200,31.0,,,True,,9963,9963.0,9963.0,227.0,True,False,,OlimpBase historical FIDE list,C:\chenxi\bazi_project\chess\Elo199401e.html,,9965,704440,1973-02-23,profile_wikidata_agree,north,resolved_unique_birthplace,Q27598325,Q1781,Budapest,47.49833333,19.04083333,"https://olimpbase.org/Elo/player/C/Csoke,%20Adrienn.html",1973-02-23,True,,F
1994-01,OlimpBase historical FIDE list,C:\chenxi\bazi_project\chess\Elo199401e.html,1102575,"Erenska-Radzewska, Hanna",wg,POL,F,w,2200,23.0,1946-11-12,1946.11.12,True,,9971,9971.0,9963.0,227.0,True,False,,OlimpBase historical FIDE list,C:\chenxi\bazi_project\chess\Elo199401e.html,,9965,1102575,1946-11-12,profile_wikidata_agree,north,resolved_unique_birthplace,Q287556,Q268,波茲南,52.40833333,16.93361111,"https://olimpbase.org/Elo/player/E/Erenska-Radzewska,%20Hanna.html",1946-11-12,True,,F
1994-01,OlimpBase historical FIDE list,C:\chenxi\bazi_project\chess\Elo199401e.html,2801370,"Glaz, Lena",wm,ISR,F,w,2200,0.0,1961-05-23,1961.05.23,True,,10065=,10065.0,9963.0,227.0,True,False,,OlimpBase historical FIDE list,C:\chenxi\bazi_project\chess\Elo199401e.html,,9965,2801370,1961-05-23,profile_wikidata_agree,north,resolved_unique_birthplace,Q16636973,Q9248,Baku,40.36665556,49.83518333,"https://olimpbase.org/Elo/player/G/Glaz,%20Lena.html",1961-05-23,True,,F
1994-01,OlimpBase historical FIDE list,C:\chenxi\bazi_project\chess\Elo199401e.html,4614127,"Koglin, Anke",wf,GER,F,w,2200,29.0,1970-03-21,1970.03.21,True,,9964,9964.0,9963.0,227.0,True,False,,OlimpBase historical FIDE list,C:\chenxi\bazi_project\chess\Elo199401e.html,,9965,4614127,1970-03-21,profile_wikidata_agree,north,resolved_unique_birthplace,Q556811,Q3955,Weimar,50.98111111,11.32944444,"https://olimpbase.org/Elo/player/K/Koglin,%20Anke.html",1970-03-21,True,,F
1994-01,OlimpBase historical FIDE list,C:\chenxi\bazi_project\chess\Elo199401e.html,4200942,"Kondou, Eva",wm,GRE,F,w,2200,8.0,1965-03-24,1965.03.24,True,,10018=,10018.0,9963.0,227.0,True,False,,OlimpBase historical FIDE list,C:\chenxi\bazi_project\chess\Elo199401e.html,,9965,4200942,1965-03-24,profile_wikidata_agree,unknown,person_no_birthplace,Q21101689,,,,,"https://olimpbase.org/Elo/player/K/Kondou,%20Eva.html",1965-03-24,False,hemisphere:unknown:person_no_birthplace,F
1994-01,OlimpBase historical FIDE list,C:\chenxi\bazi_project\chess\Elo199401e.html,2005484,"Marinello, Beatriz M.",wm,USA,F,w,2200,20.0,1964-05-14,1964.05.14,True,,9973,9973.0,9963.0,227.0,True,False,,OlimpBase historical FIDE list,C:\chenxi\bazi_project\chess\Elo199401e.html,,9965,2005484,1964-05-14,profile_wikidata_agree,unknown,person_no_birthplace,Q3660679,,,,,"https://olimpbase.org/Elo/player/M/Mac%20Arthur,%20Beatriz.html",1964-05-14,False,hemisphere:unknown:person_no_birthplace,F
1994-01,OlimpBase historical FIDE list,C:\chenxi\bazi_project\chess\Elo199401e.html,13900285,"Susterman, Anja",wf,MDA,F,w,2200,26.0,1976-10-14,1976.10.14,True,,9966,9966.0,9963.0,227.0,True,False,,OlimpBase historical FIDE list,C:\chenxi\bazi_project\chess\Elo199401e.html,,9965,13900285,1976-10-14,profile_wikidata_agree,north,resolved_unique_birthplace,Q9155780,Q37801,Bălți,47.76166667,27.92888889,"https://olimpbase.org/Elo/player/S/Susterman,%20Anja.html",1976-10-14,True,,F
1994-01,OlimpBase historical FIDE list,C:\chenxi\bazi_project\chess\Elo199401e.html,910546,"Tomasevic, Tanja",wf,YUG,F,w,2200,16.0,1969-09-13,1969.09.13,True,,9979=,9979.0,9963.0,227.0,True,False,,OlimpBase historical FIDE list,C:\chenxi\bazi_project\chess\Elo199401e.html,,9965,910546,1969-09-13,profile_wikidata_agree,unknown,person_no_birthplace,Q28481146,,,,,"https://olimpbase.org/Elo/player/T/Tomasevic,%20Tanja.html",1969-09-13,False,hemisphere:unknown:person_no_birthplace,F
1994-01,OlimpBase historical FIDE list,C:\chenxi\bazi_project\chess\Elo199401e.html,14101360,"Zsiltzova-Lisenko, Lubov",,UKR,F,w,2200,0.0,,,True,,10065=,10065.0,9963.0,227.0,True,False,,OlimpBase historical FIDE list,C:\chenxi\bazi_project\chess\Elo199401e.html,,9965,14101360,1956-10-20,profile_wikidata_agree,unknown,person_no_birthplace,Q11763172,,,,,"https://olimpbase.org/Elo/player/L/Lisenko,%20Lubov.html",1956-10-20,False,hemisphere:unknown:person_no_birthplace,F
1994-01,OlimpBase historical FIDE list,C:\chenxi\bazi_project\chess\Elo199401e.html,14501724,"Bazaj-Bockai, Snjezana",wf,CRO,F,w,2195,6.0,1963-11-19,1963.11.19,True,,10159=,10159.0,10110.0,238.0,True,False,,OlimpBase historical FIDE list,C:\chenxi\bazi_project\chess\Elo199401e.html,,10112,14501724,1963-11-19,profile_wikidata_agree,unknown,person_no_birthplace,Q28479677,,,,,"https://olimpbase.org/Elo/player/B/Bazaj,%20Snjezana.html",1963-11-19,False,hemisphere:unknown:person_no_birthplace,F
1994-01,OlimpBase historical FIDE list,C:\chenxi\bazi_project\chess\Elo199401e.html,402168,"Bellin, Jana",wg,ENG,F,w,2195,9.0,1947-12-09,1947.12.09,True,,10136=,10136.0,10110.0,238.0,True,False,,OlimpBase historical FIDE list,C:\chenxi\bazi_project\chess\Elo199401e.html,,10112,402168,1947-12-09,profile_wikidata_agree,north,resolved_unique_birthplace,Q269367,Q1085,Prague,50.0875,14.42138889,"https://olimpbase.org/Elo/player/H/Hartston,%20Jana.html",1947-12-09,True,,F
1994-01,OlimpBase historical FIDE list,C:\chenxi\bazi_project\chess\Elo199401e.html,2004518,"Izrailov, Inna",wm,USA,F,w,2195,0.0,1964-03-30,1964.03.30,True,,10189=,10189.0,10110.0,238.0,True,False,,OlimpBase historical FIDE list,C:\chenxi\bazi_project\chess\Elo199401e.html,,10112,2004518,1964-03-30,profile_wikidata_agree,north,resolved_unique_birthplace,Q21101760,Q9248,Baku,40.36665556,49.83518333,"https://olimpbase.org/Elo/player/I/Izrailov,%20Inna.html",1964-03-30,True,,F
1994-01,OlimpBase historical FIDE list,C:\chenxi\bazi_project\chess\Elo199401e.html,4108493,"Kharkova, Elena",wm,RUS,F,w,2195,17.0,,,True,,10118=,10118.0,10110.0,238.0,True,False,,OlimpBase historical FIDE list,C:\chenxi\bazi_project\chess\Elo199401e.html,,10112,4108493,1960-10-27,wikidata_exact_via_modern_id,north,resolved_unique_birthplace,Q27600163,Q649,Moscow,55.75055556,37.6175,"https://olimpbase.org/Elo/player/K/Kharkova,%20Elena.html",,True,,F
1994-01,OlimpBase historical FIDE list,C:\chenxi\bazi_project\chess\Elo199401e.html,13600346,"Khmiadashvili, Tamar",wm,GEO,F,w,2195,6.0,1944-11-27,1944.11.27,True,,10159=,10159.0,10110.0,238.0,True,False,,OlimpBase historical FIDE list,C:\chenxi\bazi_project\chess\Elo199401e.html,,10112,13600346,1944-11-27,profile_exact_wikidata_no_unique_exact,unknown,no_wikidata_match,,,,,,"https://olimpbase.org/Elo/player/K/Khugashvili,%20Tamara%20N..html",1944-11-27,False,hemisphere:unknown:no_wikidata_match,F
1994-01,OlimpBase historical FIDE list,C:\chenxi\bazi_project\chess\Elo199401e.html,910490,"Lazarevic, Milunka",wg,YUG,F,w,2195,3.0,1932-12-01,1932.12.01,True,,10176=,10176.0,10110.0,238.0,True,False,,OlimpBase historical FIDE list,C:\chenxi\bazi_project\chess\Elo199401e.html,,10112,910490,1932-12-01,profile_exact_wikidata_no_unique_exact,unknown,no_wikidata_match,,,,,,"https://olimpbase.org/Elo/player/L/Lazarevic,%20Milunka.html",1932-12-01,False,hemisphere:unknown:no_wikidata_match,F
1994-01,OlimpBase historical FIDE list,C:\chenxi\bazi_project\chess\Elo199401e.html,8600554,"Li, Junyin",,CHN,F,w,2195,0.0,,,True,,10189=,10189.0,10110.0,238.0,True,False,,OlimpBase historical FIDE list,C:\chenxi\bazi_project\chess\Elo199401e.html,,10112,8600554,,no_exact_dob,unknown,no_wikidata_match,,,,,,"https://olimpbase.org/Elo/player/L/Li,%20Junyin.html",,False,dob:no_exact_dob,F
1994-01,OlimpBase historical FIDE list,C:\chenxi\bazi_project\chess\Elo199401e.html,4119320,"Lisovskaya, Alla",,RUS,F,w,2195,0.0,,,True,,10189=,10189.0,10110.0,238.0,True,False,,OlimpBase historical FIDE list,C:\chenxi\bazi_project\chess\Elo199401e.html,,10112,4119320,1959-03-27,profile_wikidata_agree,unknown,person_no_birthplace,Q28479937,,,,,"https://olimpbase.org/Elo/player/L/Lisovskaya,%20Alla.html",1959-03-27,False,hemisphere:unknown:person_no_birthplace,F
1994-01,OlimpBase historical FIDE list,C:\chenxi\bazi_project\chess\Elo199401e.html,13600400,"Melashvili, Ketevan",,GEO,F,w,2195,0.0,1960-08-29,1960.08.29,True,,10189=,10189.0,10110.0,238.0,True,False,,OlimpBase historical FIDE list,C:\chenxi\bazi_project\chess\Elo199401e.html,,10112,13600400,1960-08-29,profile_wikidata_agree,unknown,person_no_birthplace,Q104536568,,,,,"https://olimpbase.org/Elo/player/M/Melashvili,%20Ketevan.html",1960-08-29,False,hemisphere:unknown:person_no_birthplace,F
1994-01,OlimpBase historical FIDE list,C:\chenxi\bazi_project\chess\Elo199401e.html,4604890,"Rehbein, Claudia",,GER,F,w,2195,9.0,1963-04-02,1963.04.02,True,,10136=,10136.0,10110.0,238.0,True,False,,OlimpBase historical FIDE list,C:\chenxi\bazi_project\chess\Elo199401e.html,,10112,4604890,1963-04-02,profile_exact_wikidata_no_unique_exact,unknown,no_wikidata_match,,,,,,"https://olimpbase.org/Elo/player/R/Rehbein,%20Claudia.html",1963-04-02,False,hemisphere:unknown:no_wikidata_match,F
1994-01,OlimpBase historical FIDE list,C:\chenxi\bazi_project\chess\Elo199401e.html,4109627,"Semina, Svetlana",,RUS,F,w,2195,3.0,,,True,,10176=,10176.0,10110.0,238.0,True,False,,OlimpBase historical FIDE list,C:\chenxi\bazi_project\chess\Elo199401e.html,,10112,4109627,,wikidata_non_day_precision,unknown,person_no_birthplace,Q104623068,,,,,"https://olimpbase.org/Elo/player/S/Semina,%20Svetlana.html",,False,dob:wikidata_non_day_precision,F
1994-01,OlimpBase historical FIDE list,C:\chenxi\bazi_project\chess\Elo199401e.html,2600838,"Starr, Nava",wm,CAN,F,w,2195,10.0,1949-04-04,1949.04.04,True,,10134,10134.0,10110.0,238.0,True,False,,OlimpBase historical FIDE list,C:\chenxi\bazi_project\chess\Elo199401e.html,,10112,2600838,1949-04-04,profile_wikidata_agree,north,resolved_unique_birthplace,Q520615,Q1773,Riga,56.9475,24.10694444,"https://olimpbase.org/Elo/player/S/Shterenberg,%20Nava.html",1949-04-04,True,,F
1994-01,OlimpBase historical FIDE list,C:\chenxi\bazi_project\chess\Elo199401e.html,1001663,"Van Parreren, Hanneke",wf,NED,F,w,2195,17.0,1953-09-01,1953.09.01,True,,10118,10118.0,10110.0,238.0,True,False,,OlimpBase historical FIDE list,C:\chenxi\bazi_project\chess\Elo199401e.html,,10112,1001663,1953-09-01,profile_wikidata_agree,unknown,person_no_birthplace,Q5226936,,,,,"https://olimpbase.org/Elo/player/V/Van%20Parreren,%20Hanneke.html",1953-09-01,False,hemisphere:unknown:person_no_birthplace,F
1994-01,OlimpBase historical FIDE list,C:\chenxi\bazi_project\chess\Elo199401e.html,8600635,"Xu, Yuhua",wm,CHN,F,w,2195,12.0,,,True,,10124,10124.0,10110.0,238.0,True,False,,OlimpBase historical FIDE list,C:\chenxi\bazi_project\chess\Elo199401e.html,,10112,8600635,1976-10-29,profile_wikidata_agree,north,resolved_unique_birthplace,Q238736,Q58210,Jinhua,29.10462,119.64937,"https://olimpbase.org/Elo/player/X/Xu,%20Yuhua.html",1976-10-29,True,,F
1994-01,OlimpBase historical FIDE list,C:\chenxi\bazi_project\chess\Elo199401e.html,1202049,"Baciu-Ionescu, Anca-Otilia",wf,ROM,F,w,2190,28.0,1970-08-26,1970.08.26,True,,10234=,10234.0,10234.0,252.0,True,False,,OlimpBase historical FIDE list,C:\chenxi\bazi_project\chess\Elo199401e.html,,10236,1202049,1970-08-26,profile_wikidata_agree,unknown,person_no_birthplace,Q28478784,,,,,"https://olimpbase.org/Elo/player/B/Baciu-Ionescu,%20Anca-Otilia.html",1970-08-26,False,hemisphere:unknown:person_no_birthplace,F
1994-01,OlimpBase historical FIDE list,C:\chenxi\bazi_project\chess\Elo199401e.html,305260,"Blazkova, Petra",,CZE,F,w,2190,5.0,1978-06-22,1978.06.22,True,,10296=,10296.0,10234.0,252.0,True,False,,OlimpBase historical FIDE list,C:\chenxi\bazi_project\chess\Elo199401e.html,,10236,305260,1978-06-22,profile_wikidata_agree,unknown,person_no_birthplace,Q20856358,,,,,"https://olimpbase.org/Elo/player/B/Blazkova,%20Petra.html",1978-06-22,False,hemisphere:unknown:person_no_birthplace,F
1994-01,OlimpBase historical FIDE list,C:\chenxi\bazi_project\chess\Elo199401e.html,102652,"Burijovich, Liliana",wm,ARG,F,w,2190,16.0,1965-01-16,1965.01.16,True,,10245,10245.0,10234.0,252.0,True,False,,OlimpBase historical FIDE list,C:\chenxi\bazi_project\chess\Elo199401e.html,,10236,102652,1965-01-16,profile_wikidata_agree,unknown,person_no_birthplace,Q27597673,,,,,"https://olimpbase.org/Elo/player/B/Burijovich,%20Liliana.html",1965-01-16,False,hemisphere:unknown:person_no_birthplace,F
1994-01,OlimpBase historical FIDE list,C:\chenxi\bazi_project\chess\Elo199401e.html,1107445,"Dworakowska, Joanna",,POL,F,w,2190,22.0,1978-10-21,1978.10.21,True,,10237,10237.0,10234.0,252.0,True,False,,OlimpBase historical FIDE list,C:\chenxi\bazi_project\chess\Elo199401e.html,,10236,1107445,1978-10-21,profile_wikidata_agree,north,resolved_unique_birthplace,Q437434,Q270,Warsaw,52.23,21.01111111,"https://olimpbase.org/Elo/player/D/Dworakowska,%20Joanna.html",1978-10-21,True,,F
1994-01,OlimpBase historical FIDE list,C:\chenxi\bazi_project\chess\Elo199401e.html,4605730,"Ehrke, Anja",wm,GER,F,w,2190,9.0,1965-11-07,1965.11.07,True,,10276=,10276.0,10234.0,252.0,True,False,,OlimpBase historical FIDE list,C:\chenxi\bazi_project\chess\Elo199401e.html,,10236,4605730,1965-11-07,profile_exact_wikidata_no_unique_exact,unknown,no_wikidata_match,,,,,,"https://olimpbase.org/Elo/player/E/Ehrke,%20Anja.html",1965-11-07,False,hemisphere:unknown:no_wikidata_match,F
1994-01,OlimpBase historical FIDE list,C:\chenxi\bazi_project\chess\Elo199401e.html,4112970,"Furina, Svetlana",,RUS,F,w,2190,13.0,,,True,,10253=,10253.0,10234.0,252.0,True,False,,OlimpBase historical FIDE list,C:\chenxi\bazi_project\chess\Elo199401e.html,,10236,4112970,,wikidata_non_day_precision,unknown,person_no_birthplace,Q23214221,,,,,"https://olimpbase.org/Elo/player/F/Furina,%20Svetlana.html",,False,dob:wikidata_non_day_precision,F
1994-01,OlimpBase historical FIDE list,C:\chenxi\bazi_project\chess\Elo199401e.html,2902273,"Genova, Ruzka",wm,BUL,F,w,2190,2.0,1963-07-31,1963.07.31,True,,10311,10311.0,10234.0,252.0,True,False,,OlimpBase historical FIDE list,C:\chenxi\bazi_project\chess\Elo199401e.html,,10236,2902273,1963-07-31,profile_wikidata_agree,unknown,person_no_birthplace,Q25390713,,,,,"https://olimpbase.org/Elo/player/T/Tsvetkova,%20Ruzka.html",1963-07-31,False,hemisphere:unknown:person_no_birthplace,F
1994-01,OlimpBase historical FIDE list,C:\chenxi\bazi_project\chess\Elo199401e.html,5001005,"Gokhale, Anupama",wm,IND,F,w,2190,21.0,1969-05-17,1969.05.17,True,,10239,10239.0,10234.0,252.0,True,False,,OlimpBase historical FIDE list,C:\chenxi\bazi_project\chess\Elo199401e.html,,10236,5001005,1969-05-17,profile_wikidata_agree,north,resolved_unique_birthplace,Q4777838,Q1156,Mumbai,19.07583333,72.8775,"https://olimpbase.org/Elo/player/A/Abhyankar,%20Anupama%20G..html",1969-05-17,True,,F
1994-01,OlimpBase historical FIDE list,C:\chenxi\bazi_project\chess\Elo199401e.html,5100992,"Hernandez, Yadira",,MEX,F,w,2190,20.0,,,True,,10241,10241.0,10234.0,252.0,True,False,,OlimpBase historical FIDE list,C:\chenxi\bazi_project\chess\Elo199401e.html,,10236,5100992,1971-07-18,wikidata_exact_via_modern_id,unknown,person_no_birthplace,Q27598248,,,,,"https://olimpbase.org/Elo/player/H/Hernandez,%20Yadira.html",,False,hemisphere:unknown:person_no_birthplace,F
1994-01,OlimpBase historical FIDE list,C:\chenxi\bazi_project\chess\Elo199401e.html,13300172,"Karakashian, Narine",wm,ARM,F,w,2190,0.0,1971-06-30,1971.06.30,True,,10315=,10315.0,10234.0,252.0,True,False,,OlimpBase historical FIDE list,C:\chenxi\bazi_project\chess\Elo199401e.html,,10236,13300172,1971-06-30,profile_wikidata_agree,unknown,person_no_birthplace,Q23416896,,,,,"https://olimpbase.org/Elo/player/K/Karakashian,%20Narine.html",1971-06-30,False,hemisphere:unknown:person_no_birthplace,F
1994-01,OlimpBase historical FIDE list,C:\chenxi\bazi_project\chess\Elo199401e.html,4109287,"Kiseleva, Natalia",wf,RUS,F,w,2190,4.0,,,True,,10301=,10301.0,10234.0,252.0,True,False,,OlimpBase historical FIDE list,C:\chenxi\bazi_project\chess\Elo199401e.html,,10236,14102757,1978-05-27,profile_wikidata_agree,north,resolved_unique_birthplace,Q1716034,Q134279,Luhansk,48.5717084,39.2973153,"https://olimpbase.org/Elo/player/K/Kiseleva,%20Natalia.html",1978-05-27,True,,F
1994-01,OlimpBase historical FIDE list,C:\chenxi\bazi_project\chess\Elo199401e.html,13500228,"Korneva, Zhanna",,BLR,F,w,2190,0.0,,,True,,10315=,10315.0,10234.0,252.0,True,False,,OlimpBase historical FIDE list,C:\chenxi\bazi_project\chess\Elo199401e.html,,10236,13500228,1967-11-28,profile_exact_wikidata_no_unique_exact,unknown,no_wikidata_match,,,,,,"https://olimpbase.org/Elo/player/K/Korneva,%20Zhanna.html",1967-11-28,False,hemisphere:unknown:no_wikidata_match,F
1994-01,OlimpBase historical FIDE list,C:\chenxi\bazi_project\chess\Elo199401e.html,4109767,"Kuznetsova, Elena",,RUS,F,w,2190,4.0,,,True,,10301=,10301.0,10234.0,252.0,True,False,,OlimpBase historical FIDE list,C:\chenxi\bazi_project\chess\Elo199401e.html,,10236,4109767,1959-10-07,profile_wikidata_agree,unknown,person_no_birthplace,Q27598052,,,,,"https://olimpbase.org/Elo/player/K/Kuznetsova,%20Elena.html",1959-10-07,False,hemisphere:unknown:person_no_birthplace,F
1994-01,OlimpBase historical FIDE list,C:\chenxi\bazi_project\chess\Elo199401e.html,1104551,"Leszner, Liliana",wm,POL,F,w,2190,0.0,1965-02-09,1965.02.09,True,,10315=,10315.0,10234.0,252.0,True,False,,OlimpBase historical FIDE list,C:\chenxi\bazi_project\chess\Elo199401e.html,,10236,1104551,1965-02-09,profile_wikidata_agree,north,resolved_unique_birthplace,Q11756804,Q580,Łódź,51.75,19.46666667,"https://olimpbase.org/Elo/player/L/Leszner,%20Liliana.html",1965-02-09,True,,F
1994-01,OlimpBase historical FIDE list,C:\chenxi\bazi_project\chess\Elo199401e.html,1203622,"Munteanu, Mariana",,ROM,F,w,2190,15.0,1979-02-21,1979.02.21,True,,10249=,10249.0,10234.0,252.0,True,False,,OlimpBase historical FIDE list,C:\chenxi\bazi_project\chess\Elo199401e.html,,10236,1203622,1979-02-21,profile_wikidata_agree,unknown,person_no_birthplace,Q27597732,,,,,"https://olimpbase.org/Elo/player/M/Munteanu,%20Mariana.html",1979-02-21,False,hemisphere:unknown:person_no_birthplace,F
1994-01,OlimpBase historical FIDE list,C:\chenxi\bazi_project\chess\Elo199401e.html,4612540,"Nuenchert, Eveline",wf,GER,F,w,2190,10.0,1943-05-13,1943.05.13,True,,10270=,10270.0,10234.0,252.0,True,False,,OlimpBase historical FIDE list,C:\chenxi\bazi_project\chess\Elo199401e.html,,10236,4612540,1943-05-13,profile_wikidata_agree,unknown,person_no_birthplace,Q18223255,,,,,"https://olimpbase.org/Elo/player/N/Nuenchert,%20Eveline.html",1943-05-13,False,hemisphere:unknown:person_no_birthplace,F
1994-01,OlimpBase historical FIDE list,C:\chenxi\bazi_project\chess\Elo199401e.html,4119118,"Shadrina, Tatiana",,RUS,F,w,2190,0.0,1974-04-20,1974.04.20,True,,10315=,10315.0,10234.0,252.0,True,False,,OlimpBase historical FIDE list,C:\chenxi\bazi_project\chess\Elo199401e.html,,10236,4119118,1974-04-20,profile_wikidata_agree,north,resolved_unique_birthplace,Q16215094,Q155893,Kstovo,56.15166667,44.19555556,"https://olimpbase.org/Elo/player/S/Shadrina,%20Tatiana.html",1974-04-20,True,,F
1994-01,OlimpBase historical FIDE list,C:\chenxi\bazi_project\chess\Elo199401e.html,7100370,"Sulistya, Maria Lucia Ratna",wm,INA,F,w,2190,11.0,1975-01-14,1975.01.14,True,,10261=,10261.0,10234.0,252.0,True,False,,OlimpBase historical FIDE list,C:\chenxi\bazi_project\chess\Elo199401e.html,,10236,7100370,1975-01-14,profile_wikidata_agree,unknown,person_no_birthplace,Q15041246,,,,,"https://olimpbase.org/Elo/player/S/Sulistya,%20Maria%20Lucia%20Ratna.html",1975-01-14,False,hemisphere:unknown:person_no_birthplace,F
1994-01,OlimpBase historical FIDE list,C:\chenxi\bazi_project\chess\Elo199401e.html,13600338,"Tsereteli, Mzia",,GEO,F,w,2190,4.0,1957-10-17,1957.10.17,True,,10301=,10301.0,10234.0,252.0,True,False,,OlimpBase historical FIDE list,C:\chenxi\bazi_project\chess\Elo199401e.html,,10236,13600338,1957-10-17,profile_wikidata_agree,unknown,person_no_birthplace,Q104602359,,,,,"https://olimpbase.org/Elo/player/T/Tsereteli,%20Mzia.html",1957-10-17,False,hemisphere:unknown:person_no_birthplace,F
1994-01,OlimpBase historical FIDE list,C:\chenxi\bazi_project\chess\Elo199401e.html,13400207,"Alieva, Elmira",wf,AZE,F,w,2185,0.0,,,True,,10437=,10437.0,10355.0,271.0,True,False,,OlimpBase historical FIDE list,C:\chenxi\bazi_project\chess\Elo199401e.html,,10357,13400207,1954-04-21,wikidata_exact_via_modern_id,unknown,person_no_birthplace,Q27597760,,,,,"https://olimpbase.org/Elo/player/A/Alieva,%20Elvira.html",,False,hemisphere:unknown:person_no_birthplace,F
1994-01,OlimpBase historical FIDE list,C:\chenxi\bazi_project\chess\Elo199401e.html,1201581,"Bach-Jicman, Ligia",wm,ROM,F,w,2185,11.0,1956-04-14,1956.04.14,True,,10379=,10379.0,10355.0,271.0,True,False,,OlimpBase historical FIDE list,C:\chenxi\bazi_project\chess\Elo199401e.html,,10357,1201581,1956-04-14,profile_wikidata_agree,unknown,person_no_birthplace,Q27597713,,,,,"https://olimpbase.org/Elo/player/B/Bach-Jicman,%20Ligia.html",1956-04-14,False,hemisphere:unknown:person_no_birthplace,F
1994-01,OlimpBase historical FIDE list,C:\chenxi\bazi_project\chess\Elo199401e.html,14100754,"Baklanova, Tatiana",,UKR,F,w,2185,7.0,,,True,,10405=,10405.0,10355.0,271.0,True,False,,OlimpBase historical FIDE list,C:\chenxi\bazi_project\chess\Elo199401e.html,,10357,14100754,1972-10-27,profile_wikidata_agree,north,resolved_unique_birthplace,Q25439847,Q37133,Mariupol,47.13055556,37.56388889,"https://olimpbase.org/Elo/player/B/Baklanova,%20Tatiana.html",1972-10-27,True,,F
1994-01,OlimpBase historical FIDE list,C:\chenxi\bazi_project\chess\Elo199401e.html,1204750,"Ionescu-Brandis, Irina",wf,ROM,F,w,2185,0.0,1973-08-09,1973.08.09,True,,10437=,10437.0,10355.0,271.0,True,False,,OlimpBase historical FIDE list,C:\chenxi\bazi_project\chess\Elo199401e.html,,10357,1204750,1973-08-09,profile_wikidata_agree,north,resolved_unique_birthplace,Q11714000,Q37801,Bălți,47.76166667,27.92888889,"https://olimpbase.org/Elo/player/B/Brandis,%20Irina.html",1973-08-09,True,,F
1994-01,OlimpBase historical FIDE list,C:\chenxi\bazi_project\chess\Elo199401e.html,4621751,"Jentsch, Katja",,GER,F,w,2185,0.0,1976-08-11,1976.08.11,True,,10437=,10437.0,10355.0,271.0,True,False,,OlimpBase historical FIDE list,C:\chenxi\bazi_project\chess\Elo199401e.html,,10357,4621751,1976-08-11,profile_exact_wikidata_no_unique_exact,unknown,no_wikidata_match,,,,,,"https://olimpbase.org/Elo/player/J/Jentsch,%20Katja.html",1976-08-11,False,hemisphere:unknown:no_wikidata_match,F
1994-01,OlimpBase historical FIDE list,C:\chenxi\bazi_project\chess\Elo199401e.html,1104292,"Lissowska, Anna",wm,POL,F,w,2185,2.0,1966-12-28,1966.12.28,True,,10429=,10429.0,10355.0,271.0,True,False,,OlimpBase historical FIDE list,C:\chenxi\bazi_project\chess\Elo199401e.html,,10357,1104292,1966-12-28,profile_wikidata_agree,north,resolved_unique_birthplace,Q9155388,Q270,Warsaw,52.23,21.01111111,"https://olimpbase.org/Elo/player/L/Lissowska,%20Anna.html",1966-12-28,True,,F
1994-01,OlimpBase historical FIDE list,C:\chenxi\bazi_project\chess\Elo199401e.html,1401190,"Peicheva-Hansen, Evgenia",wm,DEN,F,w,2185,0.0,1968-07-12,1968.07.12,True,,10437=,10437.0,10355.0,271.0,True,False,,OlimpBase historical FIDE list,C:\chenxi\bazi_project\chess\Elo199401e.html,,10357,1401190,1968-07-12,profile_wikidata_agree,unknown,person_no_birthplace,Q27597789,,,,,"https://olimpbase.org/Elo/player/P/Peicheva,%20Evgenia.html",1968-07-12,False,hemisphere:unknown:person_no_birthplace,F
1994-01,OlimpBase historical FIDE list,C:\chenxi\bazi_project\chess\Elo199401e.html,4120116,"Savitskaya, Ekaterina P.",,RUS,F,w,2185,12.0,1977-01-16,1977.01.16,True,,10374=,10374.0,10355.0,271.0,True,False,,OlimpBase historical FIDE list,C:\chenxi\bazi_project\chess\Elo199401e.html,,10357,4120116,1977-01-16,profile_exact_wikidata_no_unique_exact,unknown,no_wikidata_match,,,,,,"https://olimpbase.org/Elo/player/S/Savitskaya,%20Ekaterina%20P..html",1977-01-16,False,hemisphere:unknown:no_wikidata_match,F
1994-01,OlimpBase historical FIDE list,C:\chenxi\bazi_project\chess\Elo199401e.html,2004526,"Teasley, Dolly O.",wm,USA,F,w,2185,0.0,1941-09-19,1941.09.19,True,,10437=,10437.0,10355.0,271.0,True,False,,OlimpBase historical FIDE list,C:\chenxi\bazi_project\chess\Elo199401e.html,,10357,2004526,,profile_wikidata_exact_conflict,unknown,person_no_birthplace,Q37994915,,,,,"https://olimpbase.org/Elo/player/T/Teasley,%20Dolly%20O..html",1941-09-19,False,dob:profile_wikidata_exact_conflict,F
1994-01,OlimpBase historical FIDE list,C:\chenxi\bazi_project\chess\Elo199401e.html,8600422,"Wang, Miao",wf,CHN,F,w,2185,0.0,1969-01-20,1969.01.20,True,,10437=,10437.0,10355.0,271.0,True,False,,OlimpBase historical FIDE list,C:\chenxi\bazi_project\chess\Elo199401e.html,,10357,8600422,1969-01-20,profile_wikidata_agree,unknown,person_no_birthplace,Q28480796,,,,,"https://olimpbase.org/Elo/player/W/Wang,%20Miao.html",1969-01-20,False,hemisphere:unknown:person_no_birthplace,F
1994-01,OlimpBase historical FIDE list,C:\chenxi\bazi_project\chess\Elo199401e.html,4109058,"Zinina, N.",,RUS,F,w,2185,4.0,,,True,,10417=,10417.0,10355.0,271.0,True,False,,OlimpBase historical FIDE list,C:\chenxi\bazi_project\chess\Elo199401e.html,,10357,4109058,,wikidata_non_day_precision,unknown,person_no_birthplace,Q104639267,,,,,"https://olimpbase.org/Elo/player/Z/Zinina,%20N..html",,False,dob:wikidata_non_day_precision,F
1994-01,OlimpBase historical FIDE list,C:\chenxi\bazi_project\chess\Elo199401e.html,4109120,"Borisenko-Belova, Valentina",wg,RUS,F,w,2180,0.0,1920-01-28,1920.01.28,True,,10540=,10540.0,10469.0,282.0,True,False,,OlimpBase historical FIDE list,C:\chenxi\bazi_project\chess\Elo199401e.html,,10471,4109120,1920-01-28,profile_exact_wikidata_no_unique_exact,unknown,no_wikidata_match,,,,,,"https://olimpbase.org/Elo/player/B/Borisenko-Belova,%20Valentina.html",1920-01-28,False,hemisphere:unknown:no_wikidata_match,F
1994-01,OlimpBase historical FIDE list,C:\chenxi\bazi_project\chess\Elo199401e.html,12800651,"Dambravaite, Rita",,LTU,F,w,2180,0.0,1973-05-09,1973.05.09,True,,10540=,10540.0,10469.0,282.0,True,False,,OlimpBase historical FIDE list,C:\chenxi\bazi_project\chess\Elo199401e.html,,10471,12800651,1973-05-09,profile_wikidata_agree,north,resolved_unique_birthplace,Q19799391,Q852272,Vilkaviškis,54.66666667,23.03333333,"https://olimpbase.org/Elo/player/D/Dambravaite,%20Rita.html",1973-05-09,True,,F
1994-01,OlimpBase historical FIDE list,C:\chenxi\bazi_project\chess\Elo199401e.html,602604,"Flear, Christine",wm,FRA,F,w,2180,12.0,1967-04-22,1967.04.22,True,,10487=,10487.0,10469.0,282.0,True,False,,OlimpBase historical FIDE list,C:\chenxi\bazi_project\chess\Elo199401e.html,,10471,602604,1967-04-22,profile_wikidata_agree,unknown,person_no_birthplace,Q2411991,,,,,"https://olimpbase.org/Elo/player/F/Flear,%20Christine.html",1967-04-22,False,hemisphere:unknown:person_no_birthplace,F
1994-01,OlimpBase historical FIDE list,C:\chenxi\bazi_project\chess\Elo199401e.html,14100860,"Gasiunas, Natalia",,UKR,F,w,2180,0.0,,,True,,10540=,10540.0,10469.0,282.0,True,False,,OlimpBase historical FIDE list,C:\chenxi\bazi_project\chess\Elo199401e.html,,10471,14100860,,profile_wikidata_exact_conflict,north,resolved_unique_birthplace,Q44155608,Q156713,Zhytomyr,50.25444444,28.65777778,"https://olimpbase.org/Elo/player/G/Gasiunas,%20Natalia.html",1957-04-13,False,dob:profile_wikidata_exact_conflict,F
1994-01,OlimpBase historical FIDE list,C:\chenxi\bazi_project\chess\Elo199401e.html,3501876,"Hernandez, Yudania",wf,CUB,F,w,2180,29.0,,,True,,10470,10470.0,10469.0,282.0,True,False,,OlimpBase historical FIDE list,C:\chenxi\bazi_project\chess\Elo199401e.html,,10471,2219344,1973-09-13,wikidata_exact_via_modern_id,north,resolved_unique_birthplace,Q6170461,Q1563,Havana,23.13666667,-82.35888889,"https://olimpbase.org/Elo/player/H/Hernandez,%20Yudania.html",,True,,F
1994-01,OlimpBase historical FIDE list,C:\chenxi\bazi_project\chess\Elo199401e.html,4109333,"Kholmogordva, Svetlana",,RUS,F,w,2180,11.0,,,True,,10493=,10493.0,10469.0,282.0,True,False,,OlimpBase historical FIDE list,C:\chenxi\bazi_project\chess\Elo199401e.html,,10471,4109333,1964-01-18,profile_wikidata_agree,unknown,person_no_birthplace,Q27597971,,,,,"https://olimpbase.org/Elo/player/K/Kholmogordva,%20Svetlana.html",1964-01-18,False,hemisphere:unknown:person_no_birthplace,F
1994-01,OlimpBase historical FIDE list,C:\chenxi\bazi_project\chess\Elo199401e.html,4107098,"Kozlovskaya, Valentina",wg,RUS,F,w,2180,0.0,1938-04-18,1938.04.18,True,,10540=,10540.0,10469.0,282.0,True,False,,OlimpBase historical FIDE list,C:\chenxi\bazi_project\chess\Elo199401e.html,,10471,4107098,1938-04-18,profile_wikidata_agree,north,resolved_unique_birthplace,Q456805,Q135787,Yessentuki,44.04305556,42.86444444,"https://olimpbase.org/Elo/player/K/Kozlovskaya,%20Valentina.html",1938-04-18,True,,F
1994-01,OlimpBase historical FIDE list,C:\chenxi\bazi_project\chess\Elo199401e.html,4109511,"Pesiguna, Svetlana",,RUS,F,w,2180,13.0,,,True,,10484=,10484.0,10469.0,282.0,True,False,,OlimpBase historical FIDE list,C:\chenxi\bazi_project\chess\Elo199401e.html,,10471,1705032,1966-08-28,profile_wikidata_agree,unknown,person_no_birthplace,Q2858306,,,,,"https://olimpbase.org/Elo/player/P/Pesiguna,%20Svetlana.html",1966-08-28,False,hemisphere:unknown:person_no_birthplace,F
1994-01,OlimpBase historical FIDE list,C:\chenxi\bazi_project\chess\Elo199401e.html,4500180,"Piarnpuu, Leili",wm,EST,F,w,2180,24.0,1950-01-31,1950.01.31,True,,10471,10471.0,10469.0,282.0,True,False,,OlimpBase historical FIDE list,C:\chenxi\bazi_project\chess\Elo199401e.html,,10471,4500180,,profile_wikidata_exact_conflict,north,resolved_unique_birthplace,Q1815145,Q191106,Haapsalu,58.94694444,23.53694444,"https://olimpbase.org/Elo/player/P/Piarnpuu,%20Leili.html",1950-01-31,False,dob:profile_wikidata_exact_conflict,F
1994-01,OlimpBase historical FIDE list,C:\chenxi\bazi_project\chess\Elo199401e.html,1001620,"Van der Mije, Alexandra",wg,NED,F,w,2180,0.0,1940-07-22,1940.07.22,True,,10540=,10540.0,10469.0,282.0,True,False,,OlimpBase historical FIDE list,C:\chenxi\bazi_project\chess\Elo199401e.html,,10471,1001620,1940-07-22,profile_exact_wikidata_no_unique_exact,unknown,no_wikidata_match,,,,,,"https://olimpbase.org/Elo/player/N/Nicolau-Van%20Der%20Mije,%20Alexandra.html",1940-07-22,False,hemisphere:unknown:no_wikidata_match,F
1994-01,OlimpBase historical FIDE list,C:\chenxi\bazi_project\chess\Elo199401e.html,910210,"Vujic-Katanic, Branka",,YUG,F,w,2180,8.0,,,True,,10510=,10510.0,10469.0,282.0,True,False,,OlimpBase historical FIDE list,C:\chenxi\bazi_project\chess\Elo199401e.html,,10471,910210,1964-03-06,profile_wikidata_agree,unknown,person_no_birthplace,Q28481148,,,,,"https://olimpbase.org/Elo/player/V/Vujic,%20Branka.html",1964-03-06,False,hemisphere:unknown:person_no_birthplace,F
1994-01,OlimpBase historical FIDE list,C:\chenxi\bazi_project\chess\Elo199401e.html,4612205,"Wagner-Michel, Annett",wm,GER,F,w,2180,11.0,1955-05-13,1955.05.13,True,,10493=,10493.0,10469.0,282.0,True,False,,OlimpBase historical FIDE list,C:\chenxi\bazi_project\chess\Elo199401e.html,,10471,4612205,1955-05-13,profile_wikidata_agree,north,resolved_unique_birthplace,Q566505,Q2814,Halle (Saale),51.48277778,11.96972222,"https://olimpbase.org/Elo/player/M/Michel,%20Annett.html",1955-05-13,True,,F
1994-01,OlimpBase historical FIDE list,C:\chenxi\bazi_project\chess\Elo199401e.html,13900129,"Agababean, Naira",,MDA,F,w,2175,3.0,1951-01-19,1951.01.19,True,,10632=,10632.0,10565.0,294.0,True,False,,OlimpBase historical FIDE list,C:\chenxi\bazi_project\chess\Elo199401e.html,,10567,13900129,1951-01-19,profile_wikidata_agree,north,resolved_unique_birthplace,Q12736379,Q102667,Biysk,52.51666667,85.16666667,"https://olimpbase.org/Elo/player/A/Agababean,%20Naira.html",1951-01-19,True,,F
1994-01,OlimpBase historical FIDE list,C:\chenxi\bazi_project\chess\Elo199401e.html,4109112,"Belavenets, Liudmila",wm,RUS,F,w,2175,0.0,1940-06-07,1940.06.07,True,,10641=,10641.0,10565.0,294.0,True,False,,OlimpBase historical FIDE list,C:\chenxi\bazi_project\chess\Elo199401e.html,,10567,4109112,1940-06-07,profile_exact_wikidata_no_unique_exact,unknown,no_wikidata_match,,,,,,"https://olimpbase.org/Elo/player/B/Belavenets,%20Liudmila.html",1940-06-07,False,hemisphere:unknown:no_wikidata_match,F
1994-01,OlimpBase historical FIDE list,C:\chenxi\bazi_project\chess\Elo199401e.html,1001680,"De Greef, Heleen",wm,NED,F,w,2175,10.0,1965-09-15,1965.09.15,True,,10601=,10601.0,10565.0,294.0,True,False,,OlimpBase historical FIDE list,C:\chenxi\bazi_project\chess\Elo199401e.html,,10567,1001680,1965-09-15,profile_wikidata_agree,unknown,person_no_birthplace,Q2914992,,,,,"https://olimpbase.org/Elo/player/D/De%20Greef,%20Heleen.html",1965-09-15,False,hemisphere:unknown:person_no_birthplace,F
1994-01,OlimpBase historical FIDE list,C:\chenxi\bazi_project\chess\Elo199401e.html,601942,"Fruteau, Sabine",wf,FRA,F,w,2175,21.0,1972-02-27,1972.02.27,True,,10571,10571.0,10565.0,294.0,True,False,,OlimpBase historical FIDE list,C:\chenxi\bazi_project\chess\Elo199401e.html,,10567,601942,,profile_wikidata_exact_conflict,unknown,person_no_birthplace,Q2197481,,,,,"https://olimpbase.org/Elo/player/F/Fruteau,%20Sabine.html",1972-02-27,False,dob:profile_wikidata_exact_conflict,F
1994-01,OlimpBase historical FIDE list,C:\chenxi\bazi_project\chess\Elo199401e.html,3501442,"Hernandez, Tania",wf,CUB,F,w,2175,19.0,1963-11-09,1963.11.09,True,,10573,10573.0,10565.0,294.0,True,False,,OlimpBase historical FIDE list,C:\chenxi\bazi_project\chess\Elo199401e.html,,10567,3501442,1963-11-09,profile_wikidata_agree,unknown,person_no_birthplace,Q27597979,,,,,"https://olimpbase.org/Elo/player/H/Hernandez,%20Tania.html",1963-11-09,False,hemisphere:unknown:person_no_birthplace,F
1994-01,OlimpBase historical FIDE list,C:\chenxi\bazi_project\chess\Elo199401e.html,1201743,"Ionescu-Ilie, Viorica",wm,ROM,F,w,2175,17.0,1960-06-20,1960.06.20,True,,10579=,10579.0,10565.0,294.0,True,False,,OlimpBase historical FIDE list,C:\chenxi\bazi_project\chess\Elo199401e.html,,10567,1201743,1960-06-20,profile_wikidata_agree,unknown,person_no_birthplace,Q27597709,,,,,"https://olimpbase.org/Elo/player/I/Ilie,%20Viorica.html",1960-06-20,False,hemisphere:unknown:person_no_birthplace,F
1994-01,OlimpBase historical FIDE list,C:\chenxi\bazi_project\chess\Elo199401e.html,402508,"Jackson, Sheila",wm,ENG,F,w,2175,0.0,1957-11-11,1957.11.11,True,,10641=,10641.0,10565.0,294.0,True,False,,OlimpBase historical FIDE list,C:\chenxi\bazi_project\chess\Elo199401e.html,,10567,402508,1957-11-11,profile_wikidata_agree,unknown,person_no_birthplace,Q9335967,,,,,"https://olimpbase.org/Elo/player/J/Jackson,%20Sheila.html",1957-11-11,False,hemisphere:unknown:person_no_birthplace,F
1994-01,OlimpBase historical FIDE list,C:\chenxi\bazi_project\chess\Elo199401e.html,911143,"Kokanovic, Ksenija",,YUG,F,w,2175,0.0,1972-08-06,1972.08.06,True,,10641=,10641.0,10565.0,294.0,True,False,,OlimpBase historical FIDE list,C:\chenxi\bazi_project\chess\Elo199401e.html,,10567,911143,1972-08-06,profile_wikidata_agree,unknown,person_no_birthplace,Q28481120,,,,,"https://olimpbase.org/Elo/player/K/Kokanovic,%20Ksenija.html",1972-08-06,False,hemisphere:unknown:person_no_birthplace,F
1994-01,OlimpBase historical FIDE list,C:\chenxi\bazi_project\chess\Elo199401e.html,500755,"Koskela, Niina",wm,FIN,F,w,2175,5.0,1971-08-08,1971.08.08,True,,10624=,10624.0,10565.0,294.0,True,False,,OlimpBase historical FIDE list,C:\chenxi\bazi_project\chess\Elo199401e.html,,10567,500755,1971-08-08,profile_wikidata_agree,unknown,person_no_birthplace,Q11792013,,,,,"https://olimpbase.org/Elo/player/K/Koskela,%20Niina.html",1971-08-08,False,hemisphere:unknown:person_no_birthplace,F
1994-01,OlimpBase historical FIDE list,C:\chenxi\bazi_project\chess\Elo199401e.html,13600370,"Meskhi, Tamila",,GEO,F,w,2175,0.0,1963-03-24,1963.03.24,True,,10641=,10641.0,10565.0,294.0,True,False,,OlimpBase historical FIDE list,C:\chenxi\bazi_project\chess\Elo199401e.html,,10567,13600370,1963-03-24,profile_exact_wikidata_no_unique_exact,unknown,person_no_birthplace,Q104600153,,,,,"https://olimpbase.org/Elo/player/M/Meskhi,%20Tumara.html",1963-03-24,False,hemisphere:unknown:person_no_birthplace,F
1994-01,OlimpBase historical FIDE list,C:\chenxi\bazi_project\chess\Elo199401e.html,3501280,"Ramon, Vivian",wm,CUB,F,w,2175,19.0,1963-05-02,1963.05.02,True,,10573=,10573.0,10565.0,294.0,True,False,,OlimpBase historical FIDE list,C:\chenxi\bazi_project\chess\Elo199401e.html,,10567,3501280,1963-05-02,profile_wikidata_agree,unknown,person_no_birthplace,Q6164198,,,,,"https://olimpbase.org/Elo/player/R/Ramon,%20Vivian.html",1963-05-02,False,hemisphere:unknown:person_no_birthplace,F
1994-01,OlimpBase historical FIDE list,C:\chenxi\bazi_project\chess\Elo199401e.html,4612469,"Riedel, Antje",wm,GER,F,w,2175,13.0,1967-10-18,1967.10.18,True,,10589=,10589.0,10565.0,294.0,True,False,,OlimpBase historical FIDE list,C:\chenxi\bazi_project\chess\Elo199401e.html,,10567,4612469,1967-10-18,profile_wikidata_agree,north,resolved_unique_birthplace,Q2653568,Q64,Berlin,52.51666667,13.38333333,"https://olimpbase.org/Elo/player/R/Riedel,%20Antje.html",1967-10-18,True,,F
1994-01,OlimpBase historical FIDE list,C:\chenxi\bazi_project\chess\Elo199401e.html,601900,"Roos, Celine",wm,FRA,F,w,2175,7.0,1953-12-22,1953.12.22,True,,10619,10619.0,10565.0,294.0,True,False,,OlimpBase historical FIDE list,C:\chenxi\bazi_project\chess\Elo199401e.html,,10567,601900,1953-12-22,profile_wikidata_agree,north,resolved_unique_birthplace,Q11692482,Q6602,Strasbourg,48.57333333,7.75222222,"https://olimpbase.org/Elo/player/R/Roos,%20Celine.html",1953-12-22,True,,F
1994-01,OlimpBase historical FIDE list,C:\chenxi\bazi_project\chess\Elo199401e.html,910554,"Stadler, Tereza",wg,YUG,F,w,2175,0.0,1936-09-28,1936.09.28,True,,10641=,10641.0,10565.0,294.0,True,False,,OlimpBase historical FIDE list,C:\chenxi\bazi_project\chess\Elo199401e.html,,10567,910554,1936-09-28,profile_exact_wikidata_no_unique_exact,unknown,no_wikidata_match,,,,,,"https://olimpbase.org/Elo/player/S/Stadler,%20Tereza.html",1936-09-28,False,hemisphere:unknown:no_wikidata_match,F
1994-01,OlimpBase historical FIDE list,C:\chenxi\bazi_project\chess\Elo199401e.html,8600392,"Wu, Mingqian",wg,CHN,F,w,2175,0.0,1961-01-08,1961.01.08,True,,10641,10641.0,10565.0,294.0,True,False,,OlimpBase historical FIDE list,C:\chenxi\bazi_project\chess\Elo199401e.html,,10567,8600392,1961-01-08,profile_wikidata_agree,north,resolved_unique_birthplace,Q6430139,Q148,People's Republic of China,35.84472222,103.45194444,"https://olimpbase.org/Elo/player/W/Wu,%20Mingqian.html",1961-01-08,True,,F
1994-01,OlimpBase historical FIDE list,C:\chenxi\bazi_project\chess\Elo199401e.html,13600753,"Apkhaidze, Natia",,GEO,F,w,2170,10.0,1978-08-19,1978.08.19,True,,10698=,10698.0,10661.0,309.0,True,False,,OlimpBase historical FIDE list,C:\chenxi\bazi_project\chess\Elo199401e.html,,10663,13600753,1978-08-19,profile_wikidata_agree,unknown,person_no_birthplace,Q28479287,,,,,"https://olimpbase.org/Elo/player/A/Apkhaidze,%20Natia.html",1978-08-19,False,hemisphere:unknown:person_no_birthplace,F
1994-01,OlimpBase historical FIDE list,C:\chenxi\bazi_project\chess\Elo199401e.html,3501434,"Frometa, Zirka",wm,CUB,F,w,2170,18.0,1963-06-07,1963.06.07,True,,10671,10671.0,10661.0,309.0,True,False,,OlimpBase historical FIDE list,C:\chenxi\bazi_project\chess\Elo199401e.html,,10663,3501434,1963-06-07,profile_wikidata_agree,north,resolved_unique_birthplace,Q630906,Q117040,Santiago de Cuba,20.02166667,-75.82944444,"https://olimpbase.org/Elo/player/F/Frometa,%20Zirka.html",1963-06-07,True,,F
1994-01,OlimpBase historical FIDE list,C:\chenxi\bazi_project\chess\Elo199401e.html,4110137,"Gagloshvili, Raissa",,RUS,F,w,2170,11.0,,,True,,10689=,10689.0,10661.0,309.0,True,False,,OlimpBase historical FIDE list,C:\chenxi\bazi_project\chess\Elo199401e.html,,10663,4110137,1964-03-22,profile_wikidata_agree,unknown,person_no_birthplace,Q27598024,,,,,"https://olimpbase.org/Elo/player/G/Gagloshvili,%20Raissa.html",1964-03-22,False,hemisphere:unknown:person_no_birthplace,F
1994-01,OlimpBase historical FIDE list,C:\chenxi\bazi_project\chess\Elo199401e.html,1800183,"Garwell, Jane",wf,WLS,F,w,2170,0.0,1961-06-16,1961.06.16,True,,10728=,10728.0,10661.0,309.0,True,False,,OlimpBase historical FIDE list,C:\chenxi\bazi_project\chess\Elo199401e.html,,10663,1800183,1961-06-16,profile_wikidata_agree,unknown,person_no_birthplace,Q28479420,,,,,"https://olimpbase.org/Elo/player/G/Garwell,%20Jane.html",1961-06-16,False,hemisphere:unknown:person_no_birthplace,F
1994-01,OlimpBase historical FIDE list,C:\chenxi\bazi_project\chess\Elo199401e.html,13900170,"Grigorieva, Angela",,MDA,F,w,2170,0.0,,,True,,10728=,10728.0,10661.0,309.0,True,False,,OlimpBase historical FIDE list,C:\chenxi\bazi_project\chess\Elo199401e.html,,10663,1209914,1973-02-03,profile_wikidata_agree,unknown,person_no_birthplace,Q2534405,,,,,"https://olimpbase.org/Elo/player/G/Grigorieva,%20Angela.html",1973-02-03,False,hemisphere:unknown:person_no_birthplace,F
1994-01,OlimpBase historical FIDE list,C:\chenxi\bazi_project\chess\Elo199401e.html,1104780,"Grochot, Czeslawa",wm,POL,F,w,2170,12.0,1966-12-02,1966.12.02,True,,10685=,10685.0,10661.0,309.0,True,False,,OlimpBase historical FIDE list,C:\chenxi\bazi_project\chess\Elo199401e.html,,10663,1104780,1966-12-02,profile_wikidata_agree,north,resolved_unique_birthplace,Q9199508,Q31487,Kraków,50.06138889,19.93722222,"https://olimpbase.org/Elo/player/G/Grochot,%20Czeslawa.html",1966-12-02,True,,F
1994-01,OlimpBase historical FIDE list,C:\chenxi\bazi_project\chess\Elo199401e.html,1001612,"Harmsen, Jessica",wm,NED,F,w,2170,0.0,1966-09-05,1966.09.05,True,,10728=,10728.0,10661.0,309.0,True,False,,OlimpBase historical FIDE list,C:\chenxi\bazi_project\chess\Elo199401e.html,,10663,1001612,1966-09-05,profile_wikidata_agree,unknown,person_no_birthplace,Q12410051,,,,,"https://olimpbase.org/Elo/player/H/Harmsen,%20Jessica.html",1966-09-05,False,hemisphere:unknown:person_no_birthplace,F
1994-01,OlimpBase historical FIDE list,C:\chenxi\bazi_project\chess\Elo199401e.html,4109481,"Konopleva, Natalia",wg,RUS,F,w,2170,0.0,1944-11-23,1944.11.23,True,,10728=,10728.0,10661.0,309.0,True,False,,OlimpBase historical FIDE list,C:\chenxi\bazi_project\chess\Elo199401e.html,,10663,4109481,1944-11-23,profile_exact_wikidata_no_unique_exact,unknown,no_wikidata_match,,,,,,"https://olimpbase.org/Elo/player/K/Konopleva,%20Natalia.html",1944-11-23,False,hemisphere:unknown:no_wikidata_match,F
1994-01,OlimpBase historical FIDE list,C:\chenxi\bazi_project\chess\Elo199401e.html,12800660,"Kurkul, Marina",,LTU,F,w,2170,0.0,1966-08-22,1966.08.22,True,,10728=,10728.0,10661.0,309.0,True,False,,OlimpBase historical FIDE list,C:\chenxi\bazi_project\chess\Elo199401e.html,,10663,12800660,1966-08-22,profile_wikidata_agree,unknown,person_no_birthplace,Q21802953,,,,,"https://olimpbase.org/Elo/player/K/Kurkul,%20Marina.html",1966-08-22,False,hemisphere:unknown:person_no_birthplace,F
1994-01,OlimpBase historical FIDE list,C:\chenxi\bazi_project\chess\Elo199401e.html,4109856,"Kuzmina, C. C.",,RUS,F,w,2170,0.0,,,True,,10728=,10728.0,10661.0,309.0,True,False,,OlimpBase historical FIDE list,C:\chenxi\bazi_project\chess\Elo199401e.html,,10663,4109856,,no_exact_dob,unknown,no_wikidata_match,,,,,,"https://olimpbase.org/Elo/player/K/Kuzmina,%20C.%20C..html",,False,dob:no_exact_dob,F
1994-01,OlimpBase historical FIDE list,C:\chenxi\bazi_project\chess\Elo199401e.html,7100361,"Lindri, Juni Wijayanti",wm,INA,F,w,2170,10.0,1963-06-16,1963.06.16,True,,10698=,10698.0,10661.0,309.0,True,False,,OlimpBase historical FIDE list,C:\chenxi\bazi_project\chess\Elo199401e.html,,10663,7100361,1963-06-16,profile_wikidata_agree,unknown,person_no_birthplace,Q27598360,,,,,"https://olimpbase.org/Elo/player/L/Lindri,%20Juni%20Wijayanti.html",1963-06-16,False,hemisphere:unknown:person_no_birthplace,F
1994-01,OlimpBase historical FIDE list,C:\chenxi\bazi_project\chess\Elo199401e.html,4109520,"Popova, Tatiana",,RUS,F,w,2170,0.0,,,True,,10728=,10728.0,10661.0,309.0,True,False,,OlimpBase historical FIDE list,C:\chenxi\bazi_project\chess\Elo199401e.html,,10663,4109520,,no_exact_dob,unknown,no_wikidata_match,,,,,,"https://olimpbase.org/Elo/player/P/Popova,%20Tatiana.html",,False,dob:no_exact_dob,F
1994-01,OlimpBase historical FIDE list,C:\chenxi\bazi_project\chess\Elo199401e.html,916765,"Sakotic, Jasna",,YUG,F,w,2170,12.0,1967-02-17,1967.02.17,True,,10685=,10685.0,10661.0,309.0,True,False,,OlimpBase historical FIDE list,C:\chenxi\bazi_project\chess\Elo199401e.html,,10663,916765,1967-02-17,profile_wikidata_agree,unknown,person_no_birthplace,Q28481139,,,,,"https://olimpbase.org/Elo/player/J/Jovanovic,%20Jasna.html",1967-02-17,False,hemisphere:unknown:person_no_birthplace,F
1994-01,OlimpBase historical FIDE list,C:\chenxi\bazi_project\chess\Elo199401e.html,2801590,"Segal, Anna",wm,ISR,F,w,2170,15.0,1975-09-13,1975.09.13,True,,10674,10674.0,10661.0,309.0,True,False,,OlimpBase historical FIDE list,C:\chenxi\bazi_project\chess\Elo199401e.html,,10663,2801590,1975-09-13,profile_wikidata_agree,north,resolved_unique_birthplace,Q11686233,Q1829,Kaliningrad,54.71666667,20.5,"https://olimpbase.org/Elo/player/S/Segal,%20Anna.html",1975-09-13,True,,F
1994-01,OlimpBase historical FIDE list,C:\chenxi\bazi_project\chess\Elo199401e.html,1102907,"Sikora-Gizynska, Bozena",wm,POL,F,w,2170,8.0,1960-04-18,1960.04.18,True,,10711,10711.0,10661.0,309.0,True,False,,OlimpBase historical FIDE list,C:\chenxi\bazi_project\chess\Elo199401e.html,,10663,1102907,1960-04-18,profile_wikidata_agree,north,resolved_unique_birthplace,Q9178426,Q106583,Bielsko-Biała,49.8225,19.04444444,"https://olimpbase.org/Elo/player/S/Sikora,%20Bozena.html",1960-04-18,True,,F
1994-01,OlimpBase historical FIDE list,C:\chenxi\bazi_project\chess\Elo199401e.html,14100789,"Son, Irina",,UKR,F,w,2170,0.0,,,True,,10728=,10728.0,10661.0,309.0,True,False,,OlimpBase historical FIDE list,C:\chenxi\bazi_project\chess\Elo199401e.html,,10663,14100789,1962-09-05,profile_wikidata_agree,unknown,person_no_birthplace,Q28479557,,,,,"https://olimpbase.org/Elo/player/S/Son,%20Irina.html",1962-09-05,False,hemisphere:unknown:person_no_birthplace,F
1994-01,OlimpBase historical FIDE list,C:\chenxi\bazi_project\chess\Elo199401e.html,1104756,"Szmigielska, Anna",,POL,F,w,2170,27.0,1970-02-18,1970.02.18,True,,10662,10662.0,10661.0,309.0,True,False,,OlimpBase historical FIDE list,C:\chenxi\bazi_project\chess\Elo199401e.html,,10663,1104756,1970-02-18,profile_exact_wikidata_no_unique_exact,unknown,no_wikidata_match,,,,,,"https://olimpbase.org/Elo/player/S/Szmigielska,%20Anna.html",1970-02-18,False,hemisphere:unknown:no_wikidata_match,F
1994-01,OlimpBase historical FIDE list,C:\chenxi\bazi_project\chess\Elo199401e.html,4112962,"Tarasova, Oksana",,RUS,F,w,2170,7.0,1975-05-18,1975.05.18,True,,10713=,10713.0,10661.0,309.0,True,False,,OlimpBase historical FIDE list,C:\chenxi\bazi_project\chess\Elo199401e.html,,10663,2015293,1975-05-18,profile_exact_wikidata_no_unique_exact,unknown,no_wikidata_match,,,,,,"https://olimpbase.org/Elo/player/T/Tarasova,%20Oksana.html",1975-05-18,False,hemisphere:unknown:no_wikidata_match,F
1994-01,OlimpBase historical FIDE list,C:\chenxi\bazi_project\chess\Elo199401e.html,4113004,"Yegiazarian, N.",,RUS,F,w,2170,0.0,,,True,,10728=,10728.0,10661.0,309.0,True,False,,OlimpBase historical FIDE list,C:\chenxi\bazi_project\chess\Elo199401e.html,,10663,4113004,,wikidata_non_day_precision,unknown,person_no_birthplace,Q28479923,,,,,"https://olimpbase.org/Elo/player/Y/Yegiazarian,%20N..html",,False,dob:wikidata_non_day_precision,F
1994-01,OlimpBase historical FIDE list,C:\chenxi\bazi_project\chess\Elo199401e.html,4109902,"Zatulovskaya, Tatiana",wg,RUS,F,w,2170,11.0,1935-12-08,1935.12.08,True,,10689=,10689.0,10661.0,309.0,True,False,,OlimpBase historical FIDE list,C:\chenxi\bazi_project\chess\Elo199401e.html,,10663,4109902,1935-12-08,profile_exact_wikidata_no_unique_exact,unknown,no_wikidata_match,,,,,,"https://olimpbase.org/Elo/player/Z/Zatulovskaya,%20Tatiana.html",1935-12-08,False,hemisphere:unknown:no_wikidata_match,F
1994-01,OlimpBase historical FIDE list,C:\chenxi\bazi_project\chess\Elo199401e.html,1106686,"Zielinska, Marta",,POL,F,w,2170,31.0,1978-01-30,1978.01.30,True,,10661,10661.0,10661.0,309.0,True,False,,OlimpBase historical FIDE list,C:\chenxi\bazi_project\chess\Elo199401e.html,,10663,1106686,1978-01-30,profile_wikidata_agree,north,resolved_unique_birthplace,Q98568,Q66013,Głogów,51.65888889,16.08027778,"https://olimpbase.org/Elo/player/Z/Zielinska,%20Marta.html",1978-01-30,True,,F
1994-01,OlimpBase historical FIDE list,C:\chenxi\bazi_project\chess\Elo199401e.html,4612485,"Beltz, Martina",wm,GER,F,w,2165,8.0,1962-02-15,1962.02.15,True,,10800,10800.0,10753.0,330.0,True,False,,OlimpBase historical FIDE list,C:\chenxi\bazi_project\chess\Elo199401e.html,,10755,4612485,1962-02-15,profile_wikidata_agree,north,resolved_unique_birthplace,Q1905396,Q502434,Sangerhausen,51.46666667,11.3,"https://olimpbase.org/Elo/player/K/Keller,%20Martina.html",1962-02-15,True,,F
1994-01,OlimpBase historical FIDE list,C:\chenxi\bazi_project\chess\Elo199401e.html,1106619,"Bobrowska, Monika",wf,POL,F,w,2165,20.0,1978-03-24,1978.03.24,True,,10763=,10763.0,10753.0,330.0,True,False,,OlimpBase historical FIDE list,C:\chenxi\bazi_project\chess\Elo199401e.html,,10755,1106619,1978-03-24,profile_wikidata_agree,north,resolved_unique_birthplace,Q261896,Q270,Warsaw,52.23,21.01111111,"https://olimpbase.org/Elo/player/B/Bobrowska,%20Monika.html",1978-03-24,True,,F
1994-01,OlimpBase historical FIDE list,C:\chenxi\bazi_project\chess\Elo199401e.html,2902311,"Danova, Tanja",,BUL,F,w,2165,11.0,1961-02-25,1961.02.25,True,,10782,10782.0,10753.0,330.0,True,False,,OlimpBase historical FIDE list,C:\chenxi\bazi_project\chess\Elo199401e.html,,10755,2902311,1961-02-25,profile_wikidata_agree,unknown,person_no_birthplace,Q28479728,,,,,"https://olimpbase.org/Elo/player/D/Danova,%20Tanja.html",1961-02-25,False,hemisphere:unknown:person_no_birthplace,F
1994-01,OlimpBase historical FIDE list,C:\chenxi\bazi_project\chess\Elo199401e.html,704423,"Horvath, Miklosne",wf,HUN,F,w,2165,0.0,,,True,,10818=,10818.0,10753.0,330.0,True,False,,OlimpBase historical FIDE list,C:\chenxi\bazi_project\chess\Elo199401e.html,,10755,704423,1967-03-04,profile_wikidata_agree,unknown,person_no_birthplace,Q28481031,,,,,"https://olimpbase.org/Elo/player/S/Szalai,%20Ildiko.html",1967-03-04,False,hemisphere:unknown:person_no_birthplace,F
1994-01,OlimpBase historical FIDE list,C:\chenxi\bazi_project\chess\Elo199401e.html,403512,"Hunt, Harriet",wf,ENG,F,w,2165,28.0,1978-02-04,1978.02.04,True,,10753,10753.0,10753.0,330.0,True,False,,OlimpBase historical FIDE list,C:\chenxi\bazi_project\chess\Elo199401e.html,,10755,403512,1978-02-04,profile_wikidata_agree,north,resolved_unique_birthplace,Q274794,Q34217,Oxford,51.75194444,-1.25777778,"https://olimpbase.org/Elo/player/H/Hunt,%20Harriet.html",1978-02-04,True,,F
1994-01,OlimpBase historical FIDE list,C:\chenxi\bazi_project\chess\Elo199401e.html,4109821,"Kalinicheva, Valeriya I.",,RUS,F,w,2165,0.0,,,True,,10818=,10818.0,10753.0,330.0,True,False,,OlimpBase historical FIDE list,C:\chenxi\bazi_project\chess\Elo199401e.html,,10755,4109821,1965-11-22,profile_wikidata_agree,north,resolved_unique_birthplace,Q15650586,Q1697,Moscow Oblast,55.628,37.738,"https://olimpbase.org/Elo/player/K/Kalinicheva,%20Valeriya%20I..html",1965-11-22,True,,F
1994-01,OlimpBase historical FIDE list,C:\chenxi\bazi_project\chess\Elo199401e.html,4108906,"Kislova, Alexandra V.",wm,RUS,F,w,2165,0.0,,,True,,10818=,10818.0,10753.0,330.0,True,False,,OlimpBase historical FIDE list,C:\chenxi\bazi_project\chess\Elo199401e.html,,10755,4108906,1946-12-20,profile_wikidata_agree,north,resolved_unique_birthplace,Q5212372,Q9361,Bishkek,42.86666667,74.56666667,"https://olimpbase.org/Elo/player/K/Kislova,%20Alexandra%20V..html",1946-12-20,True,,F
1994-01,OlimpBase historical FIDE list,C:\chenxi\bazi_project\chess\Elo199401e.html,302597,"Kubikova, Hana",wf,CZE,F,w,2165,0.0,1962-08-10,1962.08.10,True,,10818=,10818.0,10753.0,330.0,True,False,,OlimpBase historical FIDE list,C:\chenxi\bazi_project\chess\Elo199401e.html,,10755,302597,1962-08-10,profile_wikidata_agree,unknown,person_no_birthplace,Q28480048,,,,,"https://olimpbase.org/Elo/player/K/Kubikova,%20Hana.html",1962-08-10,False,hemisphere:unknown:person_no_birthplace,F
1994-01,OlimpBase historical FIDE list,C:\chenxi\bazi_project\chess\Elo199401e.html,1001655,"Limbach, Renate",wm,NED,F,w,2165,14.0,1971-10-23,1971.10.23,True,,10772,10772.0,10753.0,330.0,True,False,,OlimpBase historical FIDE list,C:\chenxi\bazi_project\chess\Elo199401e.html,,10755,1001655,1971-10-23,profile_exact_wikidata_no_unique_exact,unknown,no_wikidata_match,,,,,,"https://olimpbase.org/Elo/player/L/Limbach,%20Renate.html",1971-10-23,False,hemisphere:unknown:no_wikidata_match,F
1994-01,OlimpBase historical FIDE list,C:\chenxi\bazi_project\chess\Elo199401e.html,14101530,"Lymar, Irina",wf,UKR,F,w,2165,28.0,,,True,,10753=,10753.0,10753.0,330.0,True,False,,OlimpBase historical FIDE list,C:\chenxi\bazi_project\chess\Elo199401e.html,,10755,14101530,1974-10-20,profile_wikidata_agree,unknown,person_no_birthplace,Q18634548,,,,,"https://olimpbase.org/Elo/player/L/Lymar,%20Irina.html",1974-10-20,False,hemisphere:unknown:person_no_birthplace,F
1994-01,OlimpBase historical FIDE list,C:\chenxi\bazi_project\chess\Elo199401e.html,604577,"Mora, Virginie",wf,FRA,F,w,2165,25.0,,,True,,10756,10756.0,10753.0,330.0,True,False,,OlimpBase historical FIDE list,C:\chenxi\bazi_project\chess\Elo199401e.html,,10755,604577,1976-02-29,wikidata_exact_via_modern_id,unknown,person_no_birthplace,Q28480271,,,,,"https://olimpbase.org/Elo/player/M/Mora,%20Virginie.html",,False,hemisphere:unknown:person_no_birthplace,F
1994-01,OlimpBase historical FIDE list,C:\chenxi\bazi_project\chess\Elo199401e.html,4110145,"Ovchinnikova, Julia",,RUS,F,w,2165,11.0,,,True,,10782=,10782.0,10753.0,330.0,True,False,,OlimpBase historical FIDE list,C:\chenxi\bazi_project\chess\Elo199401e.html,,10755,4110145,1965-10-03,profile_wikidata_agree,unknown,person_no_birthplace,Q27598046,,,,,"https://olimpbase.org/Elo/player/O/Ovchinnikova,%20Julia.html",1965-10-03,False,hemisphere:unknown:person_no_birthplace,F
1994-01,OlimpBase historical FIDE list,C:\chenxi\bazi_project\chess\Elo199401e.html,14501635,"Belamaric, Tanja",wm,CRO,F,w,2160,5.0,1946-07-16,1946.07.16,True,,10885,10885.0,10832.0,342.0,True,False,,OlimpBase historical FIDE list,C:\chenxi\bazi_project\chess\Elo199401e.html,,10834,14501635,1946-07-16,profile_wikidata_agree,unknown,person_no_birthplace,Q24958267,,,,,"https://olimpbase.org/Elo/player/B/Belamaric,%20Tanja.html",1946-07-16,False,hemisphere:unknown:person_no_birthplace,F
1994-01,OlimpBase historical FIDE list,C:\chenxi\bazi_project\chess\Elo199401e.html,4612914,"Buervenich, Silvia",,GER,F,w,2160,22.0,,,True,,10834=,10834.0,10832.0,342.0,True,False,,OlimpBase historical FIDE list,C:\chenxi\bazi_project\chess\Elo199401e.html,,10834,1706012,1974-05-03,profile_exact_wikidata_no_unique_exact,unknown,person_no_birthplace,Q27597851,,,,,"https://olimpbase.org/Elo/player/B/Buervenich,%20Silvia.html",1974-05-03,False,hemisphere:unknown:person_no_birthplace,F
1994-01,OlimpBase historical FIDE list,C:\chenxi\bazi_project\chess\Elo199401e.html,4618823,"Daechert, Regina",,GER,F,w,2160,22.0,1976-01-09,1976.01.09,True,,10834=,10834.0,10832.0,342.0,True,False,,OlimpBase historical FIDE list,C:\chenxi\bazi_project\chess\Elo199401e.html,,10834,4618823,1976-01-09,profile_exact_wikidata_no_unique_exact,unknown,no_wikidata_match,,,,,,"https://olimpbase.org/Elo/player/D/Daechert,%20Regina.html",1976-01-09,False,hemisphere:unknown:no_wikidata_match,F
1994-01,OlimpBase historical FIDE list,C:\chenxi\bazi_project\chess\Elo199401e.html,1001701,"De Kleuver, Esther",wm,NED,F,w,2160,6.0,1968-05-23,1968.05.23,True,,10883=,10883.0,10832.0,342.0,True,False,,OlimpBase historical FIDE list,C:\chenxi\bazi_project\chess\Elo199401e.html,,10834,1001701,1968-05-23,profile_wikidata_agree,unknown,person_no_birthplace,Q2204032,,,,,"https://olimpbase.org/Elo/player/D/De%20Kleuver,%20Esther.html",1968-05-23,False,hemisphere:unknown:person_no_birthplace,F
1994-01,OlimpBase historical FIDE list,C:\chenxi\bazi_project\chess\Elo199401e.html,1001639,"De Vries, Sylvia",wm,NED,F,w,2160,9.0,1969-11-04,1969.11.04,True,,10873=,10873.0,10832.0,342.0,True,False,,OlimpBase historical FIDE list,C:\chenxi\bazi_project\chess\Elo199401e.html,,10834,1001639,1969-11-04,profile_wikidata_agree,unknown,person_no_birthplace,Q2077721,,,,,"https://olimpbase.org/Elo/player/D/De%20Vries,%20Sylvia.html",1969-11-04,False,hemisphere:unknown:person_no_birthplace,F
1994-01,OlimpBase historical FIDE list,C:\chenxi\bazi_project\chess\Elo199401e.html,14400090,"Djeno, Mara",wf,BIH,F,w,2160,11.0,1974-01-01,1974.01.01,True,,10861,10861.0,10832.0,342.0,True,False,,OlimpBase historical FIDE list,C:\chenxi\bazi_project\chess\Elo199401e.html,,10834,14504111,1974-01-01,profile_wikidata_agree,north,resolved_unique_birthplace,Q25990523,Q258429,Jajce,44.34025278,17.25723333,"https://olimpbase.org/Elo/player/D/Djeno,%20Mara.html",1974-01-01,True,,F
1994-01,OlimpBase historical FIDE list,C:\chenxi\bazi_project\chess\Elo199401e.html,13700227,"Girkiyan, Tamara",,KAZ,F,w,2160,13.0,,,True,,10854=,10854.0,10832.0,342.0,True,False,,OlimpBase historical FIDE list,C:\chenxi\bazi_project\chess\Elo199401e.html,,10834,4682920,1967-04-27,wikidata_exact_via_modern_id,north,resolved_unique_birthplace,Q2391190,Q485496,Shymkent,42.3,69.6,"https://olimpbase.org/Elo/player/G/Girkiyan,%20Tamara.html",,True,,F
1994-01,OlimpBase historical FIDE list,C:\chenxi\bazi_project\chess\Elo199401e.html,14600650,"Grosar, Kiti",,SLO,F,w,2160,16.0,,,True,,10845,10845.0,10832.0,342.0,True,False,,OlimpBase historical FIDE list,C:\chenxi\bazi_project\chess\Elo199401e.html,,10834,14600650,1976-02-24,profile_wikidata_agree,unknown,person_no_birthplace,Q1488622,,,,,"https://olimpbase.org/Elo/player/G/Grosar,%20Kiti.html",1976-02-24,False,hemisphere:unknown:person_no_birthplace,F
1994-01,OlimpBase historical FIDE list,C:\chenxi\bazi_project\chess\Elo199401e.html,14900866,"Hagarova, Zuzana",,SVK,F,w,2160,9.0,,,True,,10873=,10873.0,10832.0,342.0,True,False,,OlimpBase historical FIDE list,C:\chenxi\bazi_project\chess\Elo199401e.html,,10834,14900866,1977-11-25,profile_wikidata_agree,north,resolved_unique_birthplace,Q231246,Q327977,Kežmarok,49.13833333,20.42916667,"https://olimpbase.org/Elo/player/H/Hagarova,%20Zuzana.html",1977-11-25,True,,F
1994-01,OlimpBase historical FIDE list,C:\chenxi\bazi_project\chess\Elo199401e.html,909440,"Ivanisevic, Dusica",wm,YUG,F,w,2160,0.0,1958-11-16,1958.11.16,True,,10897=,10897.0,10832.0,342.0,True,False,,OlimpBase historical FIDE list,C:\chenxi\bazi_project\chess\Elo199401e.html,,10834,909440,1958-11-16,profile_wikidata_agree,unknown,person_no_birthplace,Q27598420,,,,,"https://olimpbase.org/Elo/player/C/Cejic,%20Dusica.html",1958-11-16,False,hemisphere:unknown:person_no_birthplace,F
1994-01,OlimpBase historical FIDE list,C:\chenxi\bazi_project\chess\Elo199401e.html,704512,"Kereszturi, Sara",wf,HUN,F,w,2160,0.0,1955-01-15,1955.01.15,True,,10897=,10897.0,10832.0,342.0,True,False,,OlimpBase historical FIDE list,C:\chenxi\bazi_project\chess\Elo199401e.html,,10834,704512,1955-01-15,profile_wikidata_agree,unknown,person_no_birthplace,Q28481036,,,,,"https://olimpbase.org/Elo/player/K/Kereszturi,%20Sara.html",1955-01-15,False,hemisphere:unknown:person_no_birthplace,F
1994-01,OlimpBase historical FIDE list,C:\chenxi\bazi_project\chess\Elo199401e.html,14600560,"Krzisnik-Bukic, Vera",,SLO,F,w,2160,2.0,,,True,,10892=,10892.0,10832.0,342.0,True,False,,OlimpBase historical FIDE list,C:\chenxi\bazi_project\chess\Elo199401e.html,,10834,14600560,1949-03-27,wikidata_exact_via_modern_id,north,resolved_unique_birthplace,Q65981163,Q437,Ljubljana,46.05138889,14.50611111,"https://olimpbase.org/Elo/player/K/Krzisnik-Bukic,%20Vera.html",,True,,F
1994-01,OlimpBase historical FIDE list,C:\chenxi\bazi_project\chess\Elo199401e.html,12800732,"Leikute, Asta",,LTU,F,w,2160,0.0,1976-04-02,1976.04.02,True,,10897=,10897.0,10832.0,342.0,True,False,,OlimpBase historical FIDE list,C:\chenxi\bazi_project\chess\Elo199401e.html,,10834,12800732,1976-04-02,profile_exact_wikidata_no_unique_exact,unknown,no_wikidata_match,,,,,,"https://olimpbase.org/Elo/player/L/Leikute,%20Asta.html",1976-04-02,False,hemisphere:unknown:no_wikidata_match,F
1994-01,OlimpBase historical FIDE list,C:\chenxi\bazi_project\chess\Elo199401e.html,4608666,"Malachowski, Margit",wf,GER,F,w,2160,5.0,1953-04-01,1953.04.01,True,,10885=,10885.0,10832.0,342.0,True,False,,OlimpBase historical FIDE list,C:\chenxi\bazi_project\chess\Elo199401e.html,,10834,4608666,1953-04-01,profile_wikidata_agree,unknown,person_no_birthplace,Q28480825,,,,,"https://olimpbase.org/Elo/player/B/Braunlin,%20Margrit.html",1953-04-01,False,hemisphere:unknown:person_no_birthplace,F
1994-01,OlimpBase historical FIDE list,C:\chenxi\bazi_project\chess\Elo199401e.html,13600397,"Melashvili, Nino",,GEO,F,w,2160,1.0,1961-10-04,1961.10.04,True,,10896,10896.0,10832.0,342.0,True,False,,OlimpBase historical FIDE list,C:\chenxi\bazi_project\chess\Elo199401e.html,,10834,13600397,1961-10-04,profile_wikidata_agree,unknown,person_no_birthplace,Q27597818,,,,,"https://olimpbase.org/Elo/player/M/Melashvili,%20Nino.html",1961-10-04,False,hemisphere:unknown:person_no_birthplace,F
1994-01,OlimpBase historical FIDE list,C:\chenxi\bazi_project\chess\Elo199401e.html,604631,"Nicoara-Etchegaray, Malina",wf,FRA,F,w,2160,11.0,1969-10-24,1969.10.24,True,,10861=,10861.0,10832.0,342.0,True,False,,OlimpBase historical FIDE list,C:\chenxi\bazi_project\chess\Elo199401e.html,,10834,,,no_exact_dob,unknown,no_wikidata_match,,,,,,"https://olimpbase.org/Elo/player/N/Nicoara,%20Malina.html",,False,dob:no_exact_dob,F
1994-01,OlimpBase historical FIDE list,C:\chenxi\bazi_project\chess\Elo199401e.html,14200180,"Parfenova, Olga",wm,UZB,F,w,2160,16.0,,,True,,10845=,10845.0,10832.0,342.0,True,False,,OlimpBase historical FIDE list,C:\chenxi\bazi_project\chess\Elo199401e.html,,10834,4168160,1976-05-20,profile_wikidata_agree,unknown,person_no_birthplace,Q27598176,,,,,"https://olimpbase.org/Elo/player/P/Parfenova,%20Olga.html",1976-05-20,False,hemisphere:unknown:person_no_birthplace,F
1994-01,OlimpBase historical FIDE list,C:\chenxi\bazi_project\chess\Elo199401e.html,2007070,"Pelech, Leslie",wf,USA,F,w,2160,10.0,,,True,,10866=,10866.0,10832.0,342.0,True,False,,OlimpBase historical FIDE list,C:\chenxi\bazi_project\chess\Elo199401e.html,,10834,2007070,,wikidata_non_day_precision,unknown,person_no_birthplace,Q28479416,,,,,"https://olimpbase.org/Elo/player/P/Pelech,%20Leslie.html",,False,dob:wikidata_non_day_precision,F
1994-01,OlimpBase historical FIDE list,C:\chenxi\bazi_project\chess\Elo199401e.html,12800740,"Stasiunaite, Lina",,LTU,F,w,2160,0.0,1977-08-23,1977.08.23,True,,10897=,10897.0,10832.0,342.0,True,False,,OlimpBase historical FIDE list,C:\chenxi\bazi_project\chess\Elo199401e.html,,10834,12800740,1977-08-23,profile_wikidata_agree,unknown,person_no_birthplace,Q25494451,,,,,"https://olimpbase.org/Elo/player/S/Stasiunaite,%20Lina.html",1977-08-23,False,hemisphere:unknown:person_no_birthplace,F
1994-01,OlimpBase historical FIDE list,C:\chenxi\bazi_project\chess\Elo199401e.html,4110188,"Ysim, N.",,RUS,F,w,2160,0.0,,,True,,10897=,10897.0,10832.0,342.0,True,False,,OlimpBase historical FIDE list,C:\chenxi\bazi_project\chess\Elo199401e.html,,10834,4110188,,no_exact_dob,unknown,no_wikidata_match,,,,,,"https://olimpbase.org/Elo/player/Y/Ysim,%20N..html",,False,dob:no_exact_dob,F
1994-01,OlimpBase historical FIDE list,C:\chenxi\bazi_project\chess\Elo199401e.html,3400549,"Arbunic Castro, Giovanna B.",wm,CHI,F,w,2155,0.0,1964-07-01,1964.07.01,True,,10960=,10960.0,10913.0,362.0,True,False,,OlimpBase historical FIDE list,C:\chenxi\bazi_project\chess\Elo199401e.html,,10915,3400549,1964-07-01,profile_wikidata_agree,south,resolved_unique_birthplace,Q1525679,Q51599,Punta Arenas,-53.1625,-70.90805556,"https://olimpbase.org/Elo/player/A/Arbunic%20Castro,%20Giovanna%20B..html",1964-07-01,False,hemisphere:south:resolved_unique_birthplace,F
1994-01,OlimpBase historical FIDE list,C:\chenxi\bazi_project\chess\Elo199401e.html,4108213,"Bilunova, Rimma I.",wm,RUS,F,w,2155,0.0,1940-08-21,1940.08.21,True,,10960=,10960.0,10913.0,362.0,True,False,,OlimpBase historical FIDE list,C:\chenxi\bazi_project\chess\Elo199401e.html,,10915,4108213,1940-08-21,profile_exact_wikidata_no_unique_exact,unknown,no_wikidata_match,,,,,,"https://olimpbase.org/Elo/player/B/Bilunova,%20Rimma%20I..html",1940-08-21,False,hemisphere:unknown:no_wikidata_match,F
1994-01,OlimpBase historical FIDE list,C:\chenxi\bazi_project\chess\Elo199401e.html,1701657,"Borisova, Borislava",wm,SWE,F,w,2155,0.0,1951-02-27,1951.02.27,True,,10960=,10960.0,10913.0,362.0,True,False,,OlimpBase historical FIDE list,C:\chenxi\bazi_project\chess\Elo199401e.html,,10915,1701657,1951-02-27,profile_wikidata_agree,north,resolved_unique_birthplace,Q893820,Q406068,Popovo,43.349572,26.226984,"https://olimpbase.org/Elo/player/B/Borisova-Ornstein,%20Borislava.html",1951-02-27,True,,F
1994-01,OlimpBase historical FIDE list,C:\chenxi\bazi_project\chess\Elo199401e.html,2201739,"Canela, Teresa",wm,ESP,F,w,2155,0.0,1959-03-04,1959.03.04,True,,10960=,10960.0,10913.0,362.0,True,False,,OlimpBase historical FIDE list,C:\chenxi\bazi_project\chess\Elo199401e.html,,10915,2201739,1959-03-04,profile_wikidata_agree,unknown,person_no_birthplace,Q6142531,,,,,"https://olimpbase.org/Elo/player/C/Canela,%20Teresa.html",1959-03-04,False,hemisphere:unknown:person_no_birthplace,F
1994-01,OlimpBase historical FIDE list,C:\chenxi\bazi_project\chess\Elo199401e.html,2201755,"Gallego Eraso, Julia",,ESP,F,w,2155,0.0,1964-02-14,1964.02.14,True,,10960=,10960.0,10913.0,362.0,True,False,,OlimpBase historical FIDE list,C:\chenxi\bazi_project\chess\Elo199401e.html,,10915,2201755,1964-02-14,profile_wikidata_agree,north,resolved_unique_birthplace,Q2834937,Q200201,Irun,43.337806,-1.788806,"https://olimpbase.org/Elo/player/G/Gallego%20Eraso,%20Julia.html",1964-02-14,True,,F
1994-01,OlimpBase historical FIDE list,C:\chenxi\bazi_project\chess\Elo199401e.html,10200096,"Hamid, Rani",wm,BAN,F,w,2155,29.0,1944-07-01,1944.07.01,True,,10914,10914.0,10913.0,362.0,True,False,,OlimpBase historical FIDE list,C:\chenxi\bazi_project\chess\Elo199401e.html,,10915,10200096,,profile_wikidata_exact_conflict,north,resolved_unique_birthplace,Q432748,Q466221,Sylhet,24.9,91.86666667,"https://olimpbase.org/Elo/player/H/Hamid,%20Rani.html",1944-07-01,False,dob:profile_wikidata_exact_conflict,F
1994-01,OlimpBase historical FIDE list,C:\chenxi\bazi_project\chess\Elo199401e.html,4110030,"Lomakina, Olga",,RUS,F,w,2155,9.0,,,True,,10942=,10942.0,10913.0,362.0,True,False,,OlimpBase historical FIDE list,C:\chenxi\bazi_project\chess\Elo199401e.html,,10915,2011280,1967-04-03,profile_wikidata_agree,unknown,person_no_birthplace,Q28479422,,,,,"https://olimpbase.org/Elo/player/L/Lomakina,%20Olga.html",1967-04-03,False,hemisphere:unknown:person_no_birthplace,F
1994-01,OlimpBase historical FIDE list,C:\chenxi\bazi_project\chess\Elo199401e.html,13600656,"Lomineishvili, Maia",wf,GEO,F,w,2155,16.0,1977-11-11,1977.11.11,True,,10923=,10923.0,10913.0,362.0,True,False,,OlimpBase historical FIDE list,C:\chenxi\bazi_project\chess\Elo199401e.html,,10915,13600656,1977-11-11,profile_wikidata_agree,north,resolved_unique_birthplace,Q599880,Q994,Tbilisi,41.7225,44.7925,"https://olimpbase.org/Elo/player/L/Lomineishvili,%20Maia.html",1977-11-11,True,,F
1994-01,OlimpBase historical FIDE list,C:\chenxi\bazi_project\chess\Elo199401e.html,705136,"Medvegy, Nora",,HUN,F,w,2155,17.0,,,True,,10922,10922.0,10913.0,362.0,True,False,,OlimpBase historical FIDE list,C:\chenxi\bazi_project\chess\Elo199401e.html,,10915,705136,1977-03-29,profile_wikidata_agree,north,resolved_unique_birthplace,Q2006623,Q187821,Tatabánya,47.58616,18.39485,"https://olimpbase.org/Elo/player/M/Medvegy,%20Nora.html",1977-03-29,True,,F
1994-01,OlimpBase historical FIDE list,C:\chenxi\bazi_project\chess\Elo199401e.html,500879,"Paasikangas, Johanna",wm,FIN,F,w,2155,24.0,1974-03-28,1974.03.28,True,,10916,10916.0,10913.0,362.0,True,False,,OlimpBase historical FIDE list,C:\chenxi\bazi_project\chess\Elo199401e.html,,10915,500879,1974-03-28,profile_wikidata_agree,north,resolved_unique_birthplace,Q1696993,Q829842,Forssa,60.81388889,23.62222222,"https://olimpbase.org/Elo/player/P/Paasikangas,%20Johanna.html",1974-03-28,True,,F
1994-01,OlimpBase historical FIDE list,C:\chenxi\bazi_project\chess\Elo199401e.html,3501485,"Palao, Maricela",wm,CUB,F,w,2155,2.0,1965-03-14,1965.03.14,True,,10958,10958.0,10913.0,362.0,True,False,,OlimpBase historical FIDE list,C:\chenxi\bazi_project\chess\Elo199401e.html,,10915,4401662,1965-03-14,profile_wikidata_agree,unknown,person_no_birthplace,Q27598172,,,,,"https://olimpbase.org/Elo/player/P/Palao,%20Maricela.html",1965-03-14,False,hemisphere:unknown:person_no_birthplace,F
1994-01,OlimpBase historical FIDE list,C:\chenxi\bazi_project\chess\Elo199401e.html,13600648,"Sadunishvili, Lia",,GEO,F,w,2155,0.0,1964-03-16,1964.03.16,True,,10960=,10960.0,10913.0,362.0,True,False,,OlimpBase historical FIDE list,C:\chenxi\bazi_project\chess\Elo199401e.html,,10915,13600648,1964-03-16,profile_exact_wikidata_no_unique_exact,unknown,no_wikidata_match,,,,,,"https://olimpbase.org/Elo/player/S/Sadunishvili,%20Lia.html",1964-03-16,False,hemisphere:unknown:no_wikidata_match,F
1994-01,OlimpBase historical FIDE list,C:\chenxi\bazi_project\chess\Elo199401e.html,4110110,"Shour, Janna",,RUS,F,w,2155,13.0,,,True,,10931=,10931.0,10913.0,362.0,True,False,,OlimpBase historical FIDE list,C:\chenxi\bazi_project\chess\Elo199401e.html,,10915,4110110,1972-07-21,wikidata_exact_via_modern_id,unknown,person_no_birthplace,Q28479949,,,,,"https://olimpbase.org/Elo/player/S/Shour,%20Janna.html",,False,hemisphere:unknown:person_no_birthplace,F
1994-01,OlimpBase historical FIDE list,C:\chenxi\bazi_project\chess\Elo199401e.html,2802376,"Skegina, Klaara",wm,ISR,F,w,2155,0.0,1937-08-02,1937.08.02,True,,10960=,10960.0,10913.0,362.0,True,False,,OlimpBase historical FIDE list,C:\chenxi\bazi_project\chess\Elo199401e.html,,10915,2802376,1937-08-02,profile_exact_wikidata_no_unique_exact,unknown,no_wikidata_match,,,,,,"https://olimpbase.org/Elo/player/S/Skegina,%20Klaara.html",1937-08-02,False,hemisphere:unknown:no_wikidata_match,F
1994-01,OlimpBase historical FIDE list,C:\chenxi\bazi_project\chess\Elo199401e.html,1104527,"Sosnowska, Elzbieta",wf,POL,F,w,2155,20.0,1949-03-17,1949.03.17,True,,10918=,10918.0,10913.0,362.0,True,False,,OlimpBase historical FIDE list,C:\chenxi\bazi_project\chess\Elo199401e.html,,10915,1104527,1949-03-17,profile_wikidata_agree,north,resolved_unique_birthplace,Q14444218,Q270,Warsaw,52.23,21.01111111,"https://olimpbase.org/Elo/player/S/Sosnowska,%20Elzbieta.html",1949-03-17,True,,F
1994-01,OlimpBase historical FIDE list,C:\chenxi\bazi_project\chess\Elo199401e.html,916528,"Stankovic, Marija",,YUG,F,w,2155,29.0,1975-08-10,1975.08.10,True,,10914=,10914.0,10913.0,362.0,True,False,,OlimpBase historical FIDE list,C:\chenxi\bazi_project\chess\Elo199401e.html,,10915,916528,1975-08-10,profile_wikidata_agree,unknown,person_no_birthplace,Q27598425,,,,,"https://olimpbase.org/Elo/player/S/Stankovic,%20Marija.html",1975-08-10,False,hemisphere:unknown:person_no_birthplace,F
1994-01,OlimpBase historical FIDE list,C:\chenxi\bazi_project\chess\Elo199401e.html,1203274,"Vajda, Szidonia",wf,ROM,F,w,2155,35.0,1979-01-20,1979.01.20,True,,10913,10913.0,10913.0,362.0,True,False,,OlimpBase historical FIDE list,C:\chenxi\bazi_project\chess\Elo199401e.html,,10915,723894,1979-01-20,profile_wikidata_agree,north,resolved_unique_birthplace,Q519274,Q623099,Odorheiu Secuiesc,46.31388889,25.30166667,"https://olimpbase.org/Elo/player/V/Vajda,%20Szidonia.html",1979-01-20,True,,F
1994-01,OlimpBase historical FIDE list,C:\chenxi\bazi_project\chess\Elo199401e.html,2802023,"Zak, Irina",,ISR,F,w,2155,0.0,,,True,,10960=,10960.0,10913.0,362.0,True,False,,OlimpBase historical FIDE list,C:\chenxi\bazi_project\chess\Elo199401e.html,,10915,2802023,,no_exact_dob,unknown,no_wikidata_match,,,,,,"https://olimpbase.org/Elo/player/Z/Zak,%20Irina.html",,False,dob:no_exact_dob,F
1994-01,OlimpBase historical FIDE list,C:\chenxi\bazi_project\chess\Elo199401e.html,8600414,"Zhao, Lan",wm,CHN,F,w,2155,0.0,1963-07-01,1963.07.01,True,,10960=,10960.0,10913.0,362.0,True,False,,OlimpBase historical FIDE list,C:\chenxi\bazi_project\chess\Elo199401e.html,,10915,8600414,1963-07-01,profile_wikidata_agree,north,resolved_unique_birthplace,Q8070540,Q148,People's Republic of China,35.84472222,103.45194444,"https://olimpbase.org/Elo/player/Z/Zhao,%20Lan.html",1963-07-01,True,,F
1994-01,OlimpBase historical FIDE list,C:\chenxi\bazi_project\chess\Elo199401e.html,4612523,"Espig, Gesine",wf,GER,F,w,2150,11.0,1959-10-06,1959.10.06,True,,11017=,11017.0,10989.0,381.0,True,False,,OlimpBase historical FIDE list,C:\chenxi\bazi_project\chess\Elo199401e.html,,10991,4612523,1959-10-06,profile_wikidata_agree,unknown,person_no_birthplace,Q28480811,,,,,"https://olimpbase.org/Elo/player/E/Espig-Camin,%20Gesine.html",1959-10-06,False,hemisphere:unknown:person_no_birthplace,F
1994-01,OlimpBase historical FIDE list,C:\chenxi\bazi_project\chess\Elo199401e.html,704482,"Jakus, Katalin",wf,HUN,F,w,2150,0.0,,,True,,11051=,11051.0,10989.0,381.0,True,False,,OlimpBase historical FIDE list,C:\chenxi\bazi_project\chess\Elo199401e.html,,10991,704482,1969-01-25,profile_wikidata_agree,unknown,person_no_birthplace,Q28481032,,,,,"https://olimpbase.org/Elo/player/J/Jakus,%20Katalin.html",1969-01-25,False,hemisphere:unknown:person_no_birthplace,F
1994-01,OlimpBase historical FIDE list,C:\chenxi\bazi_project\chess\Elo199401e.html,1104497,"Jalowiec, Halina",wf,POL,F,w,2150,1.0,1960-07-24,1960.07.24,True,,11048,11048.0,10989.0,381.0,True,False,,OlimpBase historical FIDE list,C:\chenxi\bazi_project\chess\Elo199401e.html,,10991,1104497,1960-07-24,profile_wikidata_agree,north,resolved_unique_birthplace,Q11708440,Q1051750,Pilzno,49.97883,21.29228,"https://olimpbase.org/Elo/player/M/Maziarka,%20Halina.html",1960-07-24,True,,F
1994-01,OlimpBase historical FIDE list,C:\chenxi\bazi_project\chess\Elo199401e.html,1701940,"Johansson, Victoria",wm,SWE,F,w,2150,11.0,1974-03-12,1974.03.12,True,,11017=,11017.0,10989.0,381.0,True,False,,OlimpBase historical FIDE list,C:\chenxi\bazi_project\chess\Elo199401e.html,,10991,1701940,1974-03-12,profile_wikidata_agree,unknown,person_no_birthplace,Q27597863,,,,,"https://olimpbase.org/Elo/player/J/Johansson,%20Victoria.html",1974-03-12,False,hemisphere:unknown:person_no_birthplace,F
1994-01,OlimpBase historical FIDE list,C:\chenxi\bazi_project\chess\Elo199401e.html,1106090,"Krynicka, Jolanta",,POL,F,w,2150,17.0,1973-01-30,1973.01.30,True,,11001,11001.0,10989.0,381.0,True,False,,OlimpBase historical FIDE list,C:\chenxi\bazi_project\chess\Elo199401e.html,,10991,1106090,1973-01-30,profile_exact_wikidata_no_unique_exact,unknown,no_wikidata_match,,,,,,"https://olimpbase.org/Elo/player/K/Krynicka,%20Jolanta.html",1973-01-30,False,hemisphere:unknown:no_wikidata_match,F
1994-01,OlimpBase historical FIDE list,C:\chenxi\bazi_project\chess\Elo199401e.html,708410,"Lochte, Szilvia",,HUN,F,w,2150,11.0,1974-05-02,1974.05.02,True,,11017=,11017.0,10989.0,381.0,True,False,,OlimpBase historical FIDE list,C:\chenxi\bazi_project\chess\Elo199401e.html,,10991,708410,1974-05-02,profile_exact_wikidata_no_unique_exact,unknown,no_wikidata_match,,,,,,"https://olimpbase.org/Elo/player/L/Lochte,%20Szilvia.html",1974-05-02,False,hemisphere:unknown:no_wikidata_match,F
1994-01,OlimpBase historical FIDE list,C:\chenxi\bazi_project\chess\Elo199401e.html,306266,"Mackova, Eva",,CZE,F,w,2150,12.0,1974-04-18,1974.04.18,True,,11011=,11011.0,10989.0,381.0,True,False,,OlimpBase historical FIDE list,C:\chenxi\bazi_project\chess\Elo199401e.html,,10991,306266,1974-04-18,profile_exact_wikidata_no_unique_exact,unknown,no_wikidata_match,,,,,,"https://olimpbase.org/Elo/player/M/Mackova,%20Eva.html",1974-04-18,False,hemisphere:unknown:no_wikidata_match,F
1994-01,OlimpBase historical FIDE list,C:\chenxi\bazi_project\chess\Elo199401e.html,14101424,"Matjushina, Zoja",,UKR,F,w,2150,0.0,,,True,,11051=,11051.0,10989.0,381.0,True,False,,OlimpBase historical FIDE list,C:\chenxi\bazi_project\chess\Elo199401e.html,,10991,14101424,1951-08-25,profile_exact_wikidata_no_unique_exact,unknown,no_wikidata_match,,,,,,"https://olimpbase.org/Elo/player/M/Matjushina,%20Zoja.html",1951-08-25,False,hemisphere:unknown:no_wikidata_match,F
1994-01,OlimpBase historical FIDE list,C:\chenxi\bazi_project\chess\Elo199401e.html,12400041,"Pham, Ngoc Tanh",wf,VIE,F,w,2150,0.0,,,True,,11051=,11051.0,10989.0,381.0,True,False,,OlimpBase historical FIDE list,C:\chenxi\bazi_project\chess\Elo199401e.html,,10991,12400041,,wikidata_non_day_precision,unknown,person_no_birthplace,Q28479105,,,,,"https://olimpbase.org/Elo/player/P/Pham,%20Ngoc%20Tanh.html",,False,dob:wikidata_non_day_precision,F
1994-01,OlimpBase historical FIDE list,C:\chenxi\bazi_project\chess\Elo199401e.html,4109783,"Pudkova, Tatiana N.",,RUS,F,w,2150,0.0,1952-01-01,1952.01.01,True,,11051=,11051.0,10989.0,381.0,True,False,,OlimpBase historical FIDE list,C:\chenxi\bazi_project\chess\Elo199401e.html,,10991,4109783,1952-01-01,profile_exact_wikidata_no_unique_exact,unknown,person_no_birthplace,Q104601982,,,,,"https://olimpbase.org/Elo/player/P/Pudkova,%20Tatiana%20N..html",1952-01-01,False,hemisphere:unknown:person_no_birthplace,F
1994-01,OlimpBase historical FIDE list,C:\chenxi\bazi_project\chess\Elo199401e.html,4500172,"Ranniku, Maaja",wm,EST,F,w,2150,11.0,1941-03-01,1941.03.01,True,,11017=,11017.0,10989.0,381.0,True,False,,OlimpBase historical FIDE list,C:\chenxi\bazi_project\chess\Elo199401e.html,,10991,4500172,1941-03-01,profile_exact_wikidata_no_unique_exact,unknown,no_wikidata_match,,,,,,"https://olimpbase.org/Elo/player/R/Ranniku,%20Maaja.html",1941-03-01,False,hemisphere:unknown:no_wikidata_match,F
1994-01,OlimpBase historical FIDE list,C:\chenxi\bazi_project\chess\Elo199401e.html,15000613,"Verus, Biljana",wf,MKD,F,w,2150,0.0,1964-08-22,1964.08.22,True,,11051=,11051.0,10989.0,381.0,True,False,,OlimpBase historical FIDE list,C:\chenxi\bazi_project\chess\Elo199401e.html,,10991,15000613,1964-08-22,profile_wikidata_agree,unknown,person_no_birthplace,Q28479721,,,,,"https://olimpbase.org/Elo/player/V/Verus,%20Biljana.html",1964-08-22,False,hemisphere:unknown:person_no_birthplace,F
1994-01,OlimpBase historical FIDE list,C:\chenxi\bazi_project\chess\Elo199401e.html,910597,"Zivkovic, Vesna",wf,YUG,F,w,2150,21.0,1959-05-22,1959.05.22,True,,10997,10997.0,10989.0,381.0,True,False,,OlimpBase historical FIDE list,C:\chenxi\bazi_project\chess\Elo199401e.html,,10991,910597,1959-05-22,profile_wikidata_agree,unknown,person_no_birthplace,Q27598458,,,,,"https://olimpbase.org/Elo/player/Z/Zivkovic,%20Vesna.html",1959-05-22,False,hemisphere:unknown:person_no_birthplace,F
1994-01,OlimpBase historical FIDE list,C:\chenxi\bazi_project\chess\Elo199401e.html,3201775,"Aladjova, Katrin",wf,AUS,F,w,2145,0.0,1971-06-21,1971.06.21,True,,11133,11133.0,11076.0,394.0,True,False,,OlimpBase historical FIDE list,C:\chenxi\bazi_project\chess\Elo199401e.html,,11078,3201775,1971-06-21,profile_wikidata_agree,north,resolved_unique_birthplace,Q1396547,Q472,Sofia,42.697886,23.321726,"https://olimpbase.org/Elo/player/A/Aladjova,%20Katrin.html",1971-06-21,True,,F
1994-01,OlimpBase historical FIDE list,C:\chenxi\bazi_project\chess\Elo199401e.html,2802392,"Alterman-Borulia, Luba",,ISR,F,w,2145,7.0,,,True,,11124=,11124.0,11076.0,394.0,True,False,,OlimpBase historical FIDE list,C:\chenxi\bazi_project\chess\Elo199401e.html,,11078,2802392,,no_exact_dob,unknown,no_wikidata_match,,,,,,"https://olimpbase.org/Elo/player/B/Borulia,%20Liuba.html",,False,dob:no_exact_dob,F
1994-01,OlimpBase historical FIDE list,C:\chenxi\bazi_project\chess\Elo199401e.html,1205722,"Bilciu, Claudia",wf,ROM,F,w,2145,9.0,1980-04-26,1980.04.26,True,,11113=,11113.0,11076.0,394.0,True,False,,OlimpBase historical FIDE list,C:\chenxi\bazi_project\chess\Elo199401e.html,,11078,1205722,1980-04-26,profile_wikidata_agree,unknown,person_no_birthplace,Q28478816,,,,,"https://olimpbase.org/Elo/player/B/Bilciu,%20Claudia.html",1980-04-26,False,hemisphere:unknown:person_no_birthplace,F
1994-01,OlimpBase historical FIDE list,C:\chenxi\bazi_project\chess\Elo199401e.html,12800414,"Dambravaite, Asta",,LTU,F,w,2145,0.0,,,True,,11133=,11133.0,11076.0,394.0,True,False,,OlimpBase historical FIDE list,C:\chenxi\bazi_project\chess\Elo199401e.html,,11078,12800414,,wikidata_non_day_precision,north,resolved_unique_birthplace,Q20042986,Q852272,Vilkaviškis,54.66666667,23.03333333,"https://olimpbase.org/Elo/player/D/Dambravaite,%20Asta.html",,False,dob:wikidata_non_day_precision,F
1994-01,OlimpBase historical FIDE list,C:\chenxi\bazi_project\chess\Elo199401e.html,3200493,"Dekic, Biljana N.",wm,AUS,F,w,2145,0.0,1950-06-16,1950.06.16,True,,11133=,11133.0,11076.0,394.0,True,False,,OlimpBase historical FIDE list,C:\chenxi\bazi_project\chess\Elo199401e.html,,11078,3200493,,profile_wikidata_exact_conflict,north,resolved_unique_birthplace,Q16147528,Q3711,Belgrade,44.81777778,20.45694444,"https://olimpbase.org/Elo/player/D/Dekic,%20Biljana%20N..html",1950-06-16,False,dob:profile_wikidata_exact_conflict,F
1994-01,OlimpBase historical FIDE list,C:\chenxi\bazi_project\chess\Elo199401e.html,1201646,"Ghinda, Eugenia",wm,ROM,F,w,2145,10.0,1950-11-26,1950.11.26,True,,11103=,11103.0,11076.0,394.0,True,False,,OlimpBase historical FIDE list,C:\chenxi\bazi_project\chess\Elo199401e.html,,11078,1201646,1950-11-26,profile_exact_wikidata_no_unique_exact,unknown,no_wikidata_match,,,,,,"https://olimpbase.org/Elo/player/G/Ghinda,%20Eugenia.html",1950-11-26,False,hemisphere:unknown:no_wikidata_match,F
1994-01,OlimpBase historical FIDE list,C:\chenxi\bazi_project\chess\Elo199401e.html,2902222,"Ilieva, Hristina",,BUL,F,w,2145,12.0,1971-09-25,1971.09.25,True,,11092,11092.0,11076.0,394.0,True,False,,OlimpBase historical FIDE list,C:\chenxi\bazi_project\chess\Elo199401e.html,,11078,2902222,1971-09-25,profile_exact_wikidata_no_unique_exact,unknown,no_wikidata_match,,,,,,"https://olimpbase.org/Elo/player/I/Ilieva,%20Hristina.html",1971-09-25,False,hemisphere:unknown:no_wikidata_match,F
1994-01,OlimpBase historical FIDE list,C:\chenxi\bazi_project\chess\Elo199401e.html,4109562,"Lyubarskaya, Ludmila A.",,RUS,F,w,2145,1.0,1945-04-15,1945.04.15,True,,11131=,11131.0,11076.0,394.0,True,False,,OlimpBase historical FIDE list,C:\chenxi\bazi_project\chess\Elo199401e.html,,11078,4109562,,profile_wikidata_exact_conflict,north,resolved_unique_birthplace,Q44155510,Q908,Rostov-on-Don,47.2225,39.71,"https://olimpbase.org/Elo/player/L/Lyubarskaya,%20Ludmila%20A..html",1945-04-15,False,dob:profile_wikidata_exact_conflict,F
1994-01,OlimpBase historical FIDE list,C:\chenxi\bazi_project\chess\Elo199401e.html,4109597,"Makaricheva-Ostrovskaya, M.",,RUS,F,w,2145,0.0,1953-05-08,1953.05.08,True,,11133=,11133.0,11076.0,394.0,True,False,,OlimpBase historical FIDE list,C:\chenxi\bazi_project\chess\Elo199401e.html,,11078,4109597,1953-05-08,profile_wikidata_agree,north,resolved_unique_birthplace,Q42293216,Q649,Moscow,55.75055556,37.6175,"https://olimpbase.org/Elo/player/M/Makaricheva,%20M..html",1953-05-08,True,,F
1994-01,OlimpBase historical FIDE list,C:\chenxi\bazi_project\chess\Elo199401e.html,910511,"Markov, Vesna",wf,YUG,F,w,2145,0.0,1966-06-28,1966.06.28,True,,11133=,11133.0,11076.0,394.0,True,False,,OlimpBase historical FIDE list,C:\chenxi\bazi_project\chess\Elo199401e.html,,11078,910511,1966-06-28,profile_exact_wikidata_no_unique_exact,unknown,no_wikidata_match,,,,,,"https://olimpbase.org/Elo/player/M/Markov,%20Vesna.html",1966-06-28,False,hemisphere:unknown:no_wikidata_match,F
1994-01,OlimpBase historical FIDE list,C:\chenxi\bazi_project\chess\Elo199401e.html,4109570,"Medianikova, Nina",wm,RUS,F,w,2145,0.0,1936-01-27,1936.01.27,True,,11133=,11133.0,11076.0,394.0,True,False,,OlimpBase historical FIDE list,C:\chenxi\bazi_project\chess\Elo199401e.html,,11078,4109570,1936-01-27,profile_wikidata_agree,north,resolved_unique_birthplace,Q15072237,Q145717,Kem,64.95,34.6,"https://olimpbase.org/Elo/player/M/Medianikova,%20Nina.html",1936-01-27,True,,F
1994-01,OlimpBase historical FIDE list,C:\chenxi\bazi_project\chess\Elo199401e.html,1203592,"Nicolcea, Cristina",wf,ROM,F,w,2145,25.0,1976-09-10,1976.09.10,True,,11080,11080.0,11076.0,394.0,True,False,,OlimpBase historical FIDE list,C:\chenxi\bazi_project\chess\Elo199401e.html,,11078,1203592,1976-09-10,profile_wikidata_agree,unknown,person_no_birthplace,Q27597751,,,,,"https://olimpbase.org/Elo/player/N/Nicolcea,%20Cristina.html",1976-09-10,False,hemisphere:unknown:person_no_birthplace,F
1994-01,OlimpBase historical FIDE list,C:\chenxi\bazi_project\chess\Elo199401e.html,918822,"Nikolic, Mila",,YUG,F,w,2145,0.0,1958-12-20,1958.12.20,True,,11133=,11133.0,11076.0,394.0,True,False,,OlimpBase historical FIDE list,C:\chenxi\bazi_project\chess\Elo199401e.html,,11078,918822,1958-12-20,profile_wikidata_agree,unknown,person_no_birthplace,Q28481133,,,,,"https://olimpbase.org/Elo/player/N/Nikolic,%20Mila.html",1958-12-20,False,hemisphere:unknown:person_no_birthplace,F
1994-01,OlimpBase historical FIDE list,C:\chenxi\bazi_project\chess\Elo199401e.html,2902966,"Radanska, Violeta",,BUL,F,w,2145,1.0,1973-04-28,1973.04.28,True,,11131,11131.0,11076.0,394.0,True,False,,OlimpBase historical FIDE list,C:\chenxi\bazi_project\chess\Elo199401e.html,,11078,2902966,1973-04-28,profile_exact_wikidata_no_unique_exact,unknown,no_wikidata_match,,,,,,"https://olimpbase.org/Elo/player/R/Radanska,%20Violeta.html",1973-04-28,False,hemisphere:unknown:no_wikidata_match,F
1994-01,OlimpBase historical FIDE list,C:\chenxi\bazi_project\chess\Elo199401e.html,304670,"Saljova, Silvie",,CZE,F,w,2145,36.0,,,True,,11076,11076.0,11076.0,394.0,True,False,,OlimpBase historical FIDE list,C:\chenxi\bazi_project\chess\Elo199401e.html,,11078,304670,1975-10-03,profile_wikidata_agree,unknown,person_no_birthplace,Q16765839,,,,,"https://olimpbase.org/Elo/player/S/Saljova,%20Silvie.html",1975-10-03,False,hemisphere:unknown:person_no_birthplace,F
1994-01,OlimpBase historical FIDE list,C:\chenxi\bazi_project\chess\Elo199401e.html,1104560,"Slabek, Agnieszka",,POL,F,w,2145,11.0,1964-08-24,1964.08.24,True,,11097=,11097.0,11076.0,394.0,True,False,,OlimpBase historical FIDE list,C:\chenxi\bazi_project\chess\Elo199401e.html,,11078,1104560,1964-08-24,profile_exact_wikidata_no_unique_exact,unknown,no_wikidata_match,,,,,,"https://olimpbase.org/Elo/player/S/Slabek,%20Agnieszka.html",1964-08-24,False,hemisphere:unknown:no_wikidata_match,F
1994-01,OlimpBase historical FIDE list,C:\chenxi\bazi_project\chess\Elo199401e.html,913545,"Stoisavljevic, Sava",,YUG,F,w,2145,10.0,,,True,,11103=,11103.0,11076.0,394.0,True,False,,OlimpBase historical FIDE list,C:\chenxi\bazi_project\chess\Elo199401e.html,,11078,913545,1974-07-05,profile_wikidata_agree,unknown,person_no_birthplace,Q28481141,,,,,"https://olimpbase.org/Elo/player/S/Stoisavljevic,%20Sava.html",1974-07-05,False,hemisphere:unknown:person_no_birthplace,F
1994-01,OlimpBase historical FIDE list,C:\chenxi\bazi_project\chess\Elo199401e.html,4109368,"Timoshchenko, Vera I.",,RUS,F,w,2145,0.0,1950-11-15,1950.11.15,True,,11133=,11133.0,11076.0,394.0,True,False,,OlimpBase historical FIDE list,C:\chenxi\bazi_project\chess\Elo199401e.html,,11078,4109368,1950-11-15,profile_exact_wikidata_no_unique_exact,unknown,no_wikidata_match,,,,,,"https://olimpbase.org/Elo/player/T/Timoshchenko,%20Vera%20I..html",1950-11-15,False,hemisphere:unknown:no_wikidata_match,F
1994-01,OlimpBase historical FIDE list,C:\chenxi\bazi_project\chess\Elo199401e.html,4618947,"Ulms, Sandra",,GER,F,w,2145,29.0,1976-12-13,1976.12.13,True,,11078,11078.0,11076.0,394.0,True,False,,OlimpBase historical FIDE list,C:\chenxi\bazi_project\chess\Elo199401e.html,,11078,4618947,1976-12-13,profile_exact_wikidata_no_unique_exact,unknown,no_wikidata_match,,,,,,"https://olimpbase.org/Elo/player/U/Ulms,%20Sandra.html",1976-12-13,False,hemisphere:unknown:no_wikidata_match,F
1994-01,OlimpBase historical FIDE list,C:\chenxi\bazi_project\chess\Elo199401e.html,11600330,"Ungure, Liga",,LAT,F,w,2145,0.0,1956-06-28,1956.06.28,True,,11133=,11133.0,11076.0,394.0,True,False,,OlimpBase historical FIDE list,C:\chenxi\bazi_project\chess\Elo199401e.html,,11078,11600330,1956-06-28,profile_wikidata_agree,north,resolved_unique_birthplace,Q27623383,Q1773,Riga,56.9475,24.10694444,"https://olimpbase.org/Elo/player/U/Ungure,%20Liga.html",1956-06-28,True,,F
1994-01,OlimpBase historical FIDE list,C:\chenxi\bazi_project\chess\Elo199401e.html,2203111,"Vilar Lopez, Monica",,ESP,F,w,2145,2.0,,,True,,11130,11130.0,11076.0,394.0,True,False,,OlimpBase historical FIDE list,C:\chenxi\bazi_project\chess\Elo199401e.html,,11078,2203111,1970-07-27,profile_wikidata_agree,north,resolved_unique_birthplace,Q9048230,Q12618,Olot,42.1821928,2.4890165,"https://olimpbase.org/Elo/player/V/Vilar%20Lopez,%20Monica.html",1970-07-27,True,,F
1994-01,OlimpBase historical FIDE list,C:\chenxi\bazi_project\chess\Elo199401e.html,4623800,"Weclawski, Doris",,GER,F,w,2145,9.0,1976-06-25,1976.06.25,True,,11113=,11113.0,11076.0,394.0,True,False,,OlimpBase historical FIDE list,C:\chenxi\bazi_project\chess\Elo199401e.html,,11078,4623800,1976-06-25,profile_wikidata_agree,unknown,person_no_birthplace,Q28480230,,,,,"https://olimpbase.org/Elo/player/W/Weclawski,%20Doris.html",1976-06-25,False,hemisphere:unknown:person_no_birthplace,F
1994-01,OlimpBase historical FIDE list,C:\chenxi\bazi_project\chess\Elo199401e.html,2802449,"Yakovleva, Tatiana",,ISR,F,w,2145,0.0,,,True,,11133=,11133.0,11076.0,394.0,True,False,,OlimpBase historical FIDE list,C:\chenxi\bazi_project\chess\Elo199401e.html,,11078,2802449,,no_exact_dob,unknown,no_wikidata_match,,,,,,"https://olimpbase.org/Elo/player/Y/Yakovleva,%20Tatiana.html",,False,dob:no_exact_dob,F
1994-01,OlimpBase historical FIDE list,C:\chenxi\bazi_project\chess\Elo199401e.html,14600471,"Ankerst, Milka",wm,SLO,F,w,2140,30.0,1942-04-06,1942.04.06,True,,11153,11153.0,11153.0,417.0,True,False,,OlimpBase historical FIDE list,C:\chenxi\bazi_project\chess\Elo199401e.html,,11155,14600471,1942-04-06,profile_wikidata_agree,unknown,person_no_birthplace,Q24958262,,,,,"https://olimpbase.org/Elo/player/A/Ankerst,%20Milka.html",1942-04-06,False,hemisphere:unknown:person_no_birthplace,F
1994-01,OlimpBase historical FIDE list,C:\chenxi\bazi_project\chess\Elo199401e.html,2100614,"Chaves, Jussara",wm,BRA,F,w,2140,0.0,1959-12-09,1959.12.09,True,,11198=,11198.0,11153.0,417.0,True,False,,OlimpBase historical FIDE list,C:\chenxi\bazi_project\chess\Elo199401e.html,,11155,2100614,1959-12-09,profile_wikidata_agree,unknown,person_no_birthplace,Q10313138,,,,,"https://olimpbase.org/Elo/player/C/Chaves,%20Jussara.html",1959-12-09,False,hemisphere:unknown:person_no_birthplace,F
1994-01,OlimpBase historical FIDE list,C:\chenxi\bazi_project\chess\Elo199401e.html,4112903,"Chernikova, Svetlana",,RUS,F,w,2140,9.0,1963-12-22,1963.12.22,True,,11175=,11175.0,11153.0,417.0,True,False,,OlimpBase historical FIDE list,C:\chenxi\bazi_project\chess\Elo199401e.html,,11155,4112903,1963-12-22,profile_wikidata_agree,unknown,person_no_birthplace,Q28479913,,,,,"https://olimpbase.org/Elo/player/C/Chernikova,%20Svetlana.html",1963-12-22,False,hemisphere:unknown:person_no_birthplace,F
1994-01,OlimpBase historical FIDE list,C:\chenxi\bazi_project\chess\Elo199401e.html,14101475,"Dubinka, Inna",,UKR,F,w,2140,0.0,1975-04-19,1975.04.19,True,,11198=,11198.0,11153.0,417.0,True,False,,OlimpBase historical FIDE list,C:\chenxi\bazi_project\chess\Elo199401e.html,,11155,13502875,1975-04-19,profile_wikidata_agree,north,resolved_unique_birthplace,Q11712607,Q42308,Kharkiv,49.9925,36.23111111,"https://olimpbase.org/Elo/player/D/Dubinka,%20Inna.html",1975-04-19,True,,F
1994-01,OlimpBase historical FIDE list,C:\chenxi\bazi_project\chess\Elo199401e.html,1104535,"Fornal, Agnieszka",,POL,F,w,2140,0.0,1968-11-10,1968.11.10,True,,11198=,11198.0,11153.0,417.0,True,False,,OlimpBase historical FIDE list,C:\chenxi\bazi_project\chess\Elo199401e.html,,11155,1104535,1968-11-10,profile_wikidata_agree,north,resolved_unique_birthplace,Q14918025,Q826068,Krosno,49.6936989,21.7651672,"https://olimpbase.org/Elo/player/F/Fornal,%20Agnieszka.html",1968-11-10,True,,F
1994-01,OlimpBase historical FIDE list,C:\chenxi\bazi_project\chess\Elo199401e.html,4621743,"Glaser, Andrea",,GER,F,w,2140,0.0,1976-11-25,1976.11.25,True,,11198=,11198.0,11153.0,417.0,True,False,,OlimpBase historical FIDE list,C:\chenxi\bazi_project\chess\Elo199401e.html,,11155,4621743,1976-11-25,profile_exact_wikidata_no_unique_exact,unknown,no_wikidata_match,,,,,,"https://olimpbase.org/Elo/player/G/Glaser,%20Andrea.html",1976-11-25,False,hemisphere:unknown:no_wikidata_match,F
1994-01,OlimpBase historical FIDE list,C:\chenxi\bazi_project\chess\Elo199401e.html,4608828,"Hund, Isabel",wf,GER,F,w,2140,20.0,1962-06-14,1962.06.14,True,,11156=,11156.0,11153.0,417.0,True,False,,OlimpBase historical FIDE list,C:\chenxi\bazi_project\chess\Elo199401e.html,,11155,4608828,1962-06-14,profile_wikidata_agree,north,resolved_unique_birthplace,Q1673541,Q2938,Leverkusen,51.03333333,6.98333333,"https://olimpbase.org/Elo/player/H/Hund,%20Isabel.html",1962-06-14,True,,F
1994-01,OlimpBase historical FIDE list,C:\chenxi\bazi_project\chess\Elo199401e.html,2008602,"Khan, Anna",,USA,F,w,2140,17.0,1976-06-21,1976.06.21,True,,11159,11159.0,11153.0,417.0,True,False,,OlimpBase historical FIDE list,C:\chenxi\bazi_project\chess\Elo199401e.html,,11155,2008602,1976-06-21,profile_wikidata_agree,north,resolved_unique_birthplace,Q465771,Q1773,Riga,56.9475,24.10694444,"https://olimpbase.org/Elo/player/K/Khan,%20Anna.html",1976-06-21,True,,F
1994-01,OlimpBase historical FIDE list,C:\chenxi\bazi_project\chess\Elo199401e.html,405221,"Lauterbach, Ingrid",wm,ENG,F,w,2140,12.0,1960-06-06,1960.06.06,True,,11165,11165.0,11153.0,417.0,True,False,,OlimpBase historical FIDE list,C:\chenxi\bazi_project\chess\Elo199401e.html,,11155,405221,1960-06-06,profile_wikidata_agree,unknown,person_no_birthplace,Q25390686,,,,,"https://olimpbase.org/Elo/player/L/Lauterbach,%20Ingrid.html",1960-06-06,False,hemisphere:unknown:person_no_birthplace,F
1994-01,OlimpBase historical FIDE list,C:\chenxi\bazi_project\chess\Elo199401e.html,14100819,"Morozova, Tatiana V.",,UKR,F,w,2140,0.0,1943-12-12,1943.12.12,True,,11198=,11198.0,11153.0,417.0,True,False,,OlimpBase historical FIDE list,C:\chenxi\bazi_project\chess\Elo199401e.html,,11155,14100819,1943-12-12,profile_wikidata_agree,unknown,person_no_birthplace,Q43681816,,,,,"https://olimpbase.org/Elo/player/M/Morozova,%20Tatiana%20V..html",1943-12-12,False,hemisphere:unknown:person_no_birthplace,F
1994-01,OlimpBase historical FIDE list,C:\chenxi\bazi_project\chess\Elo199401e.html,4608674,"Nagrocka, Ewa",wf,GER,F,w,2140,0.0,1949-12-08,1949.12.08,True,,11198=,11198.0,11153.0,417.0,True,False,,OlimpBase historical FIDE list,C:\chenxi\bazi_project\chess\Elo199401e.html,,11155,4608674,1949-12-08,profile_wikidata_agree,unknown,person_no_birthplace,Q28480833,,,,,"https://olimpbase.org/Elo/player/N/Nagrocka,%20Ewa.html",1949-12-08,False,hemisphere:unknown:person_no_birthplace,F
1994-01,OlimpBase historical FIDE list,C:\chenxi\bazi_project\chess\Elo199401e.html,4617312,"Nowicki, Eva",wf,GER,F,w,2140,4.0,1964-11-05,1964.11.05,True,,11189,11189.0,11153.0,417.0,True,False,,OlimpBase historical FIDE list,C:\chenxi\bazi_project\chess\Elo199401e.html,,11155,4617312,1964-11-05,profile_wikidata_agree,north,resolved_unique_birthplace,Q9256478,Q41252,Bydgoszcz,53.11666667,18.0,"https://olimpbase.org/Elo/player/K/Kaczmarek,%20Ewa.html",1964-11-05,True,,F
1994-01,OlimpBase historical FIDE list,C:\chenxi\bazi_project\chess\Elo199401e.html,13900196,"Petrenko, Svetlana",,MDA,F,w,2140,26.0,1974-05-27,1974.05.27,True,,11155,11155.0,11153.0,417.0,True,False,,OlimpBase historical FIDE list,C:\chenxi\bazi_project\chess\Elo199401e.html,,11155,13900196,1974-05-27,profile_wikidata_agree,unknown,birthplace_no_coordinates,Q9348632,Q170895,Moldavian Soviet Socialist Republic,,,"https://olimpbase.org/Elo/player/P/Petrenko,%20Svetlana.html",1974-05-27,False,hemisphere:unknown:birthplace_no_coordinates,F
1994-01,OlimpBase historical FIDE list,C:\chenxi\bazi_project\chess\Elo199401e.html,12800570,"Rudaityte, Ilona",,LTU,F,w,2140,0.0,1975-05-11,1975.05.11,True,,11198=,11198.0,11153.0,417.0,True,False,,OlimpBase historical FIDE list,C:\chenxi\bazi_project\chess\Elo199401e.html,,11155,12800570,1975-05-11,profile_wikidata_agree,unknown,person_no_birthplace,Q25494219,,,,,"https://olimpbase.org/Elo/player/R/Rudaityte,%20Ilona.html",1975-05-11,False,hemisphere:unknown:person_no_birthplace,F
1994-01,OlimpBase historical FIDE list,C:\chenxi\bazi_project\chess\Elo199401e.html,13400274,"Saidova, Tarana",,AZE,F,w,2140,0.0,,,True,,11198,11198.0,11153.0,417.0,True,False,,OlimpBase historical FIDE list,C:\chenxi\bazi_project\chess\Elo199401e.html,,11155,13400274,,no_exact_dob,unknown,no_wikidata_match,,,,,,"https://olimpbase.org/Elo/player/S/Saidova,%20Tarana.html",,False,dob:no_exact_dob,F
1994-01,OlimpBase historical FIDE list,C:\chenxi\bazi_project\chess\Elo199401e.html,1002732,"Slingerland, Caroline",,NED,F,w,2140,0.0,1975-04-16,1975.04.16,True,,11198=,11198.0,11153.0,417.0,True,False,,OlimpBase historical FIDE list,C:\chenxi\bazi_project\chess\Elo199401e.html,,11155,1002732,1975-04-16,profile_wikidata_agree,unknown,person_no_birthplace,Q2557781,,,,,"https://olimpbase.org/Elo/player/S/Slingerland,%20Caroline.html",1975-04-16,False,hemisphere:unknown:person_no_birthplace,F
1994-01,OlimpBase historical FIDE list,C:\chenxi\bazi_project\chess\Elo199401e.html,7100353,"Tamin, Upi Darmayana",wm,INA,F,w,2140,0.0,1970-02-04,1970.02.04,True,,11198=,11198.0,11153.0,417.0,True,False,,OlimpBase historical FIDE list,C:\chenxi\bazi_project\chess\Elo199401e.html,,11155,7100353,1970-02-04,profile_wikidata_agree,south,resolved_unique_birthplace,Q20177302,Q3630,Jakarta,-6.17527778,106.82694444,"https://olimpbase.org/Elo/player/T/Tamin,%20Upi%20Darmayana.html",1970-02-04,False,hemisphere:south:resolved_unique_birthplace,F
1994-01,OlimpBase historical FIDE list,C:\chenxi\bazi_project\chess\Elo199401e.html,1204793,"Ursuleac, Viorica",,ROM,F,w,2140,0.0,1969-11-30,1969.11.30,True,,11198=,11198.0,11153.0,417.0,True,False,,OlimpBase historical FIDE list,C:\chenxi\bazi_project\chess\Elo199401e.html,,11155,1204793,1969-11-30,profile_wikidata_agree,unknown,person_no_birthplace,Q28478821,,,,,"https://olimpbase.org/Elo/player/U/Ursuleac,%20Viorica.html",1969-11-30,False,hemisphere:unknown:person_no_birthplace,F
1994-01,OlimpBase historical FIDE list,C:\chenxi\bazi_project\chess\Elo199401e.html,14502135,"Videkovic, Marina",,CRO,F,w,2140,2.0,,,True,,11192,11192.0,11153.0,417.0,True,False,,OlimpBase historical FIDE list,C:\chenxi\bazi_project\chess\Elo199401e.html,,11155,14502135,1968-09-07,profile_exact_wikidata_no_unique_exact,unknown,no_wikidata_match,,,,,,"https://olimpbase.org/Elo/player/V/Videkovic,%20Marina.html",1968-09-07,False,hemisphere:unknown:no_wikidata_match,F
1994-01,OlimpBase historical FIDE list,C:\chenxi\bazi_project\chess\Elo199401e.html,1106651,"Wiliczkiewicz, Iwona",,POL,F,w,2140,0.0,1973-03-31,1973.03.31,True,,11198=,11198.0,11153.0,417.0,True,False,,OlimpBase historical FIDE list,C:\chenxi\bazi_project\chess\Elo199401e.html,,11155,1106651,1973-03-31,profile_exact_wikidata_no_unique_exact,unknown,no_wikidata_match,,,,,,"https://olimpbase.org/Elo/player/W/Wiliczkiewicz,%20Iwona.html",1973-03-31,False,hemisphere:unknown:no_wikidata_match,F
1994-01,OlimpBase historical FIDE list,C:\chenxi\bazi_project\chess\Elo199401e.html,1201522,"Baumstark, Gertrude",wm,ROM,F,w,2135,5.0,1941-05-21,1941.05.21,True,,11260=,11260.0,11220.0,437.0,True,False,,OlimpBase historical FIDE list,C:\chenxi\bazi_project\chess\Elo199401e.html,,11222,1201522,1941-05-21,profile_wikidata_agree,north,resolved_unique_birthplace,Q828886,Q83404,Timișoara,45.75972222,21.23,"https://olimpbase.org/Elo/player/B/Baumstark,%20Gertrude.html",1941-05-21,True,,F
1994-01,OlimpBase historical FIDE list,C:\chenxi\bazi_project\chess\Elo199401e.html,2802422,"Chervonenko, Irina",,ISR,F,w,2135,0.0,1974-07-27,1974.07.27,True,,11271=,11271.0,11220.0,437.0,True,False,,OlimpBase historical FIDE list,C:\chenxi\bazi_project\chess\Elo199401e.html,,11222,2802422,1974-07-27,profile_wikidata_agree,unknown,person_no_birthplace,Q28479739,,,,,"https://olimpbase.org/Elo/player/C/Chervonenko,%20Irina.html",1974-07-27,False,hemisphere:unknown:person_no_birthplace,F
1994-01,OlimpBase historical FIDE list,C:\chenxi\bazi_project\chess\Elo199401e.html,11600519,"Dadikina, Anna",,LAT,F,w,2135,20.0,1975-07-25,1975.07.25,True,,11225=,11225.0,11220.0,437.0,True,False,,OlimpBase historical FIDE list,C:\chenxi\bazi_project\chess\Elo199401e.html,,11222,11600519,1975-07-25,profile_exact_wikidata_no_unique_exact,unknown,no_wikidata_match,,,,,,"https://olimpbase.org/Elo/player/D/Dadikina,%20Anna.html",1975-07-25,False,hemisphere:unknown:no_wikidata_match,F
1994-01,OlimpBase historical FIDE list,C:\chenxi\bazi_project\chess\Elo199401e.html,14100959,"Dekusar, Maria",,UKR,F,w,2135,30.0,,,True,,11222,11222.0,11220.0,437.0,True,False,,OlimpBase historical FIDE list,C:\chenxi\bazi_project\chess\Elo199401e.html,,11222,14100959,1972-12-11,profile_wikidata_agree,unknown,person_no_birthplace,Q27597777,,,,,"https://olimpbase.org/Elo/player/D/Dekusar,%20Maria.html",1972-12-11,False,hemisphere:unknown:person_no_birthplace,F
1994-01,OlimpBase historical FIDE list,C:\chenxi\bazi_project\chess\Elo199401e.html,2902427,"Dimitrova, Leila",,BUL,F,w,2135,13.0,1973-04-19,1973.04.19,True,,11233,11233.0,11220.0,437.0,True,False,,OlimpBase historical FIDE list,C:\chenxi\bazi_project\chess\Elo199401e.html,,11222,2902427,1973-04-19,profile_exact_wikidata_no_unique_exact,unknown,no_wikidata_match,,,,,,"https://olimpbase.org/Elo/player/D/Dimitrova,%20Leila.html",1973-04-19,False,hemisphere:unknown:no_wikidata_match,F
1994-01,OlimpBase historical FIDE list,C:\chenxi\bazi_project\chess\Elo199401e.html,12800341,"Domarkaite, Laima",,LTU,F,w,2135,0.0,1970-04-01,1970.04.01,True,,11271=,11271.0,11220.0,437.0,True,False,,OlimpBase historical FIDE list,C:\chenxi\bazi_project\chess\Elo199401e.html,,11222,12800341,1970-04-01,profile_wikidata_agree,north,resolved_unique_birthplace,Q20503284,Q977255,Plungė,55.91666667,21.85,"https://olimpbase.org/Elo/player/D/Domarkaite,%20Laima.html",1970-04-01,True,,F
1994-01,OlimpBase historical FIDE list,C:\chenxi\bazi_project\chess\Elo199401e.html,704431,"Grosch, Maria",wm,HUN,F,w,2135,0.0,1954-08-03,1954.08.03,True,,11271=,11271.0,11220.0,437.0,True,False,,OlimpBase historical FIDE list,C:\chenxi\bazi_project\chess\Elo199401e.html,,11222,704431,1954-08-03,profile_wikidata_agree,north,resolved_unique_birthplace,Q11787761,Q187812,Dunaújváros,46.98333333,18.91666667,"https://olimpbase.org/Elo/player/G/Grosch,%20Maria.html",1954-08-03,True,,F
1994-01,OlimpBase historical FIDE list,C:\chenxi\bazi_project\chess\Elo199401e.html,1104543,"Gruszka, Danuta",wf,POL,F,w,2135,0.0,1970-03-29,1970.03.29,True,,11271=,11271.0,11220.0,437.0,True,False,,OlimpBase historical FIDE list,C:\chenxi\bazi_project\chess\Elo199401e.html,,11222,1104543,1970-03-29,profile_wikidata_agree,unknown,person_no_birthplace,Q11692856,,,,,"https://olimpbase.org/Elo/player/K/Klusek,%20Danuta.html",1970-03-29,False,hemisphere:unknown:person_no_birthplace,F
1994-01,OlimpBase historical FIDE list,C:\chenxi\bazi_project\chess\Elo199401e.html,13400282,"Ismailova, Lala",,AZE,F,w,2135,2.0,,,True,,11265,11265.0,11220.0,437.0,True,False,,OlimpBase historical FIDE list,C:\chenxi\bazi_project\chess\Elo199401e.html,,11222,13400282,1969-12-14,profile_exact_wikidata_no_unique_exact,unknown,person_no_birthplace,Q27597796,,,,,"https://olimpbase.org/Elo/player/I/Ismailova,%20Lala.html",1969-12-14,False,hemisphere:unknown:person_no_birthplace,F
1994-01,OlimpBase historical FIDE list,C:\chenxi\bazi_project\chess\Elo199401e.html,4617118,"Kierzek, Mira",,GER,F,w,2135,10.0,,,True,,11244=,11244.0,11220.0,437.0,True,False,,OlimpBase historical FIDE list,C:\chenxi\bazi_project\chess\Elo199401e.html,,11222,15002110,1955-11-02,profile_wikidata_agree,unknown,person_no_birthplace,Q28479692,,,,,"https://olimpbase.org/Elo/player/K/Kierzek,%20Mira.html",1955-11-02,False,hemisphere:unknown:person_no_birthplace,F
1994-01,OlimpBase historical FIDE list,C:\chenxi\bazi_project\chess\Elo199401e.html,14200201,"Kim, Olga",wm,UZB,F,w,2135,13.0,,,True,,11233=,11233.0,11220.0,437.0,True,False,,OlimpBase historical FIDE list,C:\chenxi\bazi_project\chess\Elo199401e.html,,11222,14200201,1966-06-07,wikidata_exact_via_modern_id,unknown,person_no_birthplace,Q27597879,,,,,"https://olimpbase.org/Elo/player/K/Kim,%20Olga.html",,False,hemisphere:unknown:person_no_birthplace,F
1994-01,OlimpBase historical FIDE list,C:\chenxi\bazi_project\chess\Elo199401e.html,910562,"Lazic, Marina",,YUG,F,w,2135,14.0,,,True,,11232,11232.0,11220.0,437.0,True,False,,OlimpBase historical FIDE list,C:\chenxi\bazi_project\chess\Elo199401e.html,,11222,910562,,no_exact_dob,unknown,no_wikidata_match,,,,,,"https://olimpbase.org/Elo/player/L/Lazic,%20Marina.html",,False,dob:no_exact_dob,F
1994-01,OlimpBase historical FIDE list,C:\chenxi\bazi_project\chess\Elo199401e.html,1201603,"Lupu, Smaranda B.",wm,ROM,F,w,2135,39.0,1967-01-03,1967.01.03,True,,11220,11220.0,11220.0,437.0,True,False,,OlimpBase historical FIDE list,C:\chenxi\bazi_project\chess\Elo199401e.html,,11222,621510,1967-01-03,profile_wikidata_agree,unknown,person_no_birthplace,Q27598368,,,,,"https://olimpbase.org/Elo/player/L/Lupu,%20Smaranda%20B..html",1967-01-03,False,hemisphere:unknown:person_no_birthplace,F
1994-01,OlimpBase historical FIDE list,C:\chenxi\bazi_project\chess\Elo199401e.html,14900955,"Macekova, Martina",,SVK,F,w,2135,12.0,1975-01-07,1975.01.07,True,,11236=,11236.0,11220.0,437.0,True,False,,OlimpBase historical FIDE list,C:\chenxi\bazi_project\chess\Elo199401e.html,,11222,14900955,1975-01-07,profile_wikidata_agree,unknown,person_no_birthplace,Q28479696,,,,,"https://olimpbase.org/Elo/player/M/Macekova,%20Martina.html",1975-01-07,False,hemisphere:unknown:person_no_birthplace,F
1994-01,OlimpBase historical FIDE list,C:\chenxi\bazi_project\chess\Elo199401e.html,1201697,"Nechifor, Mariana",wf,ROM,F,w,2135,0.0,1955-11-09,1955.11.09,True,,11271=,11271.0,11220.0,437.0,True,False,,OlimpBase historical FIDE list,C:\chenxi\bazi_project\chess\Elo199401e.html,,11222,1201697,1955-11-09,profile_exact_wikidata_no_unique_exact,unknown,no_wikidata_match,,,,,,"https://olimpbase.org/Elo/player/N/Nechifor,%20Mariana.html",1955-11-09,False,hemisphere:unknown:no_wikidata_match,F
1994-01,OlimpBase historical FIDE list,C:\chenxi\bazi_project\chess\Elo199401e.html,4118979,"Nikolaeva, N.",,RUS,F,w,2135,13.0,,,True,,11233=,11233.0,11220.0,437.0,True,False,,OlimpBase historical FIDE list,C:\chenxi\bazi_project\chess\Elo199401e.html,,11222,4118979,,no_exact_dob,unknown,no_wikidata_match,,,,,,"https://olimpbase.org/Elo/player/N/Nikolaeva,%20N..html",,False,dob:no_exact_dob,F
1994-01,OlimpBase historical FIDE list,C:\chenxi\bazi_project\chess\Elo199401e.html,14000067,"Odeeva, Larisa",,TKM,F,w,2135,0.0,1962-11-07,1962.11.07,True,,11271=,11271.0,11220.0,437.0,True,False,,OlimpBase historical FIDE list,C:\chenxi\bazi_project\chess\Elo199401e.html,,11222,14000067,1962-11-07,profile_wikidata_agree,unknown,person_no_birthplace,Q28479540,,,,,"https://olimpbase.org/Elo/player/O/Odeeva,%20Larisa.html",1962-11-07,False,hemisphere:unknown:person_no_birthplace,F
1994-01,OlimpBase historical FIDE list,C:\chenxi\bazi_project\chess\Elo199401e.html,2902230,"Petrova-Kalmukova, Marlena",,BUL,F,w,2135,0.0,1961-08-29,1961.08.29,True,,11271=,11271.0,11220.0,437.0,True,False,,OlimpBase historical FIDE list,C:\chenxi\bazi_project\chess\Elo199401e.html,,11222,2902230,1961-08-29,profile_exact_wikidata_no_unique_exact,unknown,no_wikidata_match,,,,,,"https://olimpbase.org/Elo/player/K/Kalmukova,%20Marlena.html",1961-08-29,False,hemisphere:unknown:no_wikidata_match,F
1994-01,OlimpBase historical FIDE list,C:\chenxi\bazi_project\chess\Elo199401e.html,2802244,"Pitam, Ela",,ISR,F,w,2135,12.0,,,True,,11236=,11236.0,11220.0,437.0,True,False,,OlimpBase historical FIDE list,C:\chenxi\bazi_project\chess\Elo199401e.html,,11222,2802244,1977-02-10,profile_wikidata_agree,north,resolved_unique_birthplace,Q660911,Q1773,Riga,56.9475,24.10694444,"https://olimpbase.org/Elo/player/P/Pitam,%20Ela.html",1977-02-10,True,,F
1994-01,OlimpBase historical FIDE list,C:\chenxi\bazi_project\chess\Elo199401e.html,4109775,"Popivoda, Radmila",,RUS,F,w,2135,0.0,1948-05-29,1948.05.29,True,,11271=,11271.0,11220.0,437.0,True,False,,OlimpBase historical FIDE list,C:\chenxi\bazi_project\chess\Elo199401e.html,,11222,4109775,1948-05-29,profile_exact_wikidata_no_unique_exact,unknown,no_wikidata_match,,,,,,"https://olimpbase.org/Elo/player/P/Popivoda,%20Radmila.html",1948-05-29,False,hemisphere:unknown:no_wikidata_match,F
1994-01,OlimpBase historical FIDE list,C:\chenxi\bazi_project\chess\Elo199401e.html,703893,"Porubszky-Angyalosine, Maria A.",wm,HUN,F,w,2135,15.0,1945-11-05,1945.11.05,True,,11229=,11229.0,11220.0,437.0,True,False,,OlimpBase historical FIDE list,C:\chenxi\bazi_project\chess\Elo199401e.html,,11222,703893,1945-11-05,profile_wikidata_agree,north,resolved_unique_birthplace,Q10334356,Q429478,Rédics,46.616667,16.483333,"https://olimpbase.org/Elo/player/P/Porubszky-Angyalosine,%20Maria%20A..html",1945-11-05,True,,F
1994-01,OlimpBase historical FIDE list,C:\chenxi\bazi_project\chess\Elo199401e.html,403067,"Regan, Natasha",wf,ENG,F,w,2135,6.0,1971-06-12,1971.06.12,True,,11258,11258.0,11220.0,437.0,True,False,,OlimpBase historical FIDE list,C:\chenxi\bazi_project\chess\Elo199401e.html,,11222,403067,1971-06-12,profile_wikidata_agree,unknown,person_no_birthplace,Q27597996,,,,,"https://olimpbase.org/Elo/player/R/Regan,%20Natasha.html",1971-06-12,False,hemisphere:unknown:person_no_birthplace,F
1994-01,OlimpBase historical FIDE list,C:\chenxi\bazi_project\chess\Elo199401e.html,4119851,"Roschina, Tatiana",,RUS,F,w,2135,15.0,1976-03-28,1976.03.28,True,,11229=,11229.0,11220.0,437.0,True,False,,OlimpBase historical FIDE list,C:\chenxi\bazi_project\chess\Elo199401e.html,,11222,4119851,1976-03-28,profile_wikidata_agree,unknown,person_no_birthplace,Q27560107,,,,,"https://olimpbase.org/Elo/player/R/Roschina,%20Tatiana.html",1976-03-28,False,hemisphere:unknown:person_no_birthplace,F
1994-01,OlimpBase historical FIDE list,C:\chenxi\bazi_project\chess\Elo199401e.html,14100835,"Senchichin, Jarina",,UKR,F,w,2135,0.0,1969-01-03,1969.01.03,True,,11271=,11271.0,11220.0,437.0,True,False,,OlimpBase historical FIDE list,C:\chenxi\bazi_project\chess\Elo199401e.html,,11222,14100835,1969-01-03,profile_exact_wikidata_no_unique_exact,unknown,person_no_birthplace,Q28479552,,,,,"https://olimpbase.org/Elo/player/S/Senchichin,%20Jarina.html",1969-01-03,False,hemisphere:unknown:person_no_birthplace,F
1994-01,OlimpBase historical FIDE list,C:\chenxi\bazi_project\chess\Elo199401e.html,14502607,"Stanic, Jadranka",,CRO,F,w,2135,10.0,1967-11-15,1967.11.15,True,,11244,11244.0,11220.0,437.0,True,False,,OlimpBase historical FIDE list,C:\chenxi\bazi_project\chess\Elo199401e.html,,11222,14502607,1967-11-15,profile_exact_wikidata_no_unique_exact,unknown,no_wikidata_match,,,,,,"https://olimpbase.org/Elo/player/S/Stanic,%20Jadranka.html",1967-11-15,False,hemisphere:unknown:no_wikidata_match,F
1994-01,OlimpBase historical FIDE list,C:\chenxi\bazi_project\chess\Elo199401e.html,1002287,"Tichelman, Ineke",,NED,F,w,2135,0.0,1973-10-12,1973.10.12,True,,11271=,11271.0,11220.0,437.0,True,False,,OlimpBase historical FIDE list,C:\chenxi\bazi_project\chess\Elo199401e.html,,11222,1002287,1973-10-12,profile_exact_wikidata_no_unique_exact,unknown,no_wikidata_match,,,,,,"https://olimpbase.org/Elo/player/T/Tichelman,%20Ineke.html",1973-10-12,False,hemisphere:unknown:no_wikidata_match,F
1994-01,OlimpBase historical FIDE list,C:\chenxi\bazi_project\chess\Elo199401e.html,1900641,"Valdes, Maritza",wf,POR,F,w,2135,3.0,1966-11-04,1966.11.04,True,,11263=,11263.0,11220.0,437.0,True,False,,OlimpBase historical FIDE list,C:\chenxi\bazi_project\chess\Elo199401e.html,,11222,1900641,1966-11-04,profile_wikidata_agree,unknown,person_no_birthplace,Q10326548,,,,,"https://olimpbase.org/Elo/player/V/Valdes,%20Maritza.html",1966-11-04,False,hemisphere:unknown:person_no_birthplace,F
1994-01,OlimpBase historical FIDE list,C:\chenxi\bazi_project\chess\Elo199401e.html,913618,"Velickovski, Maja",,YUG,F,w,2135,9.0,,,True,,11251=,11251.0,11220.0,437.0,True,False,,OlimpBase historical FIDE list,C:\chenxi\bazi_project\chess\Elo199401e.html,,11222,913618,1973-06-06,profile_wikidata_agree,unknown,person_no_birthplace,Q27598448,,,,,"https://olimpbase.org/Elo/player/V/Velickovski,%20Maja.html",1973-06-06,False,hemisphere:unknown:person_no_birthplace,F
1994-01,OlimpBase historical FIDE list,C:\chenxi\bazi_project\chess\Elo199401e.html,1001710,"Vreeken, Corry                         wh",,NED,F,w,2135,0.0,1928-12-22,1928.12.22,True,,11271=,11271.0,11220.0,437.0,True,False,,OlimpBase historical FIDE list,C:\chenxi\bazi_project\chess\Elo199401e.html,,11222,1001710,1928-12-22,profile_wikidata_agree,north,resolved_unique_birthplace,Q299699,Q9918,Enkhuizen,52.7,5.28333333,"https://olimpbase.org/Elo/player/V/Vreeken,%20Corry.html",1928-12-22,True,,F
1994-01,OlimpBase historical FIDE list,C:\chenxi\bazi_project\chess\Elo199401e.html,4700155,"Vuji, Albana",,ALB,F,w,2135,0.0,,,True,,11271,11271.0,11220.0,437.0,True,False,,OlimpBase historical FIDE list,C:\chenxi\bazi_project\chess\Elo199401e.html,,11222,4700155,,no_exact_dob,unknown,no_wikidata_match,,,,,,"https://olimpbase.org/Elo/player/V/Vuji,%20Albana.html",,False,dob:no_exact_dob,F
1994-01,OlimpBase historical FIDE list,C:\chenxi\bazi_project\chess\Elo199401e.html,4109325,"Yurieva, A.",,RUS,F,w,2135,0.0,,,True,,11271=,11271.0,11220.0,437.0,True,False,,OlimpBase historical FIDE list,C:\chenxi\bazi_project\chess\Elo199401e.html,,11222,4109325,,no_exact_dob,unknown,no_wikidata_match,,,,,,"https://olimpbase.org/Elo/player/Y/Yurieva,%20A..html",,False,dob:no_exact_dob,F
1994-01,OlimpBase historical FIDE list,C:\chenxi\bazi_project\chess\Elo199401e.html,14101572,"Zatonskih, Anna",,UKR,F,w,2135,10.0,1978-07-17,1978.07.17,True,,11244=,11244.0,11220.0,437.0,True,False,,OlimpBase historical FIDE list,C:\chenxi\bazi_project\chess\Elo199401e.html,,11222,14101572,1978-07-17,profile_wikidata_agree,north,resolved_unique_birthplace,Q436927,Q37133,Mariupol,47.13055556,37.56388889,"https://olimpbase.org/Elo/player/Z/Zatonskih,%20Anna.html",1978-07-17,True,,F
