snapshot,source,source_url,fide_id,name,title,fed,sex,sex_raw,rating,games,birth_date,birthday_raw,active,flag_raw,pos_raw,source_rank,rank_overall,rank_within_sex,official_fide_snapshot,manual_injection,injection_reason,rating_source,rating_source_url,identity_source_url,augmented_rank_overall,identity_bridge_modern_fide_id,exact_dob_north_v2,dob_status_north_v2,birthplace_hemisphere,hemisphere_status,wikidata_person_qids,birthplace_qids,birthplace_labels,birthplace_latitudes,birthplace_longitudes,olimpbase_profile_url,olimpbase_profile_dob,eligible_north_primary_v2,north_v2_exclusion_reason,analysis_sex,analysis_rank_within_sex,elo_z_within_snapshot_sex,rank_percentile_within_snapshot_sex,exact_dob_frozen
1994-01,manual historical restoration,https://fidelists.blogspot.com/2008/03/january-1994-fide-rating-list.html,4100018,"Kasparov, Garry",g,RUS,M,,2815,,1963-04-13,1963.04.13,True,,,,,,False,True,Institutional omission from 1994 FIDE list after FIDE/PCA split,"Fide Rating Lists Archive reconstruction, January 1994",https://fidelists.blogspot.com/2008/03/january-1994-fide-rating-list.html,https://ratings.fide.com/profile/4100018,1,4100018,1963-04-13,manual_restored_audited_dob,north,resolved_unique_birthplace,Q28614,Q9248,Baku,40.36665556,49.83518333,,1963-04-13,True,,M,1,4.914600471439919,1.0,1963-04-13
1994-01,OlimpBase historical FIDE list,C:\chenxi\bazi_project\chess\Elo199401e.html,4100026,"Karpov, Anatoly",g,RUS,M,,2740,40.0,1951-05-23,1951.05.23,True,,1,1.0,1.0,1.0,True,False,,OlimpBase historical FIDE list,C:\chenxi\bazi_project\chess\Elo199401e.html,,2,4100026,1951-05-23,profile_wikidata_agree,north,resolved_unique_birthplace,Q131674,Q140087,Zlatoust,55.16666667,59.66666667,"https://olimpbase.org/Elo/player/K/Karpov,%20Anatoly.html",1951-05-23,True,,M,2,3.6989863220478556,0.998003992015968,1951-05-23
1994-01,OlimpBase historical FIDE list,C:\chenxi\bazi_project\chess\Elo199401e.html,5000017,"Anand, Viswanathan",g,IND,M,,2715,37.0,1969-12-11,1969.12.11,True,,3,3.0,2.0,2.0,True,False,,OlimpBase historical FIDE list,C:\chenxi\bazi_project\chess\Elo199401e.html,,3,5000017,1969-12-11,profile_wikidata_agree,north,resolved_unique_birthplace,Q45747,Q1352,Chennai,13.0825,80.275,"https://olimpbase.org/Elo/player/A/Anand,%20Viswanathan.html",1969-12-11,True,,M,3,3.2937816055838343,0.9960079840319361,1969-12-11
1994-01,OlimpBase historical FIDE list,C:\chenxi\bazi_project\chess\Elo199401e.html,11600012,"Shirov, Alexei",g,LAT,M,,2715,49.0,1972-07-04,1972.07.04,True,,2,2.0,2.0,2.0,True,False,,OlimpBase historical FIDE list,C:\chenxi\bazi_project\chess\Elo199401e.html,,3,2209390,1972-07-04,profile_wikidata_agree,north,resolved_unique_birthplace,Q214713,Q1773,Riga,56.9475,24.10694444,"https://olimpbase.org/Elo/player/S/Shirov,%20Alexei.html",1972-07-04,True,,M,3,3.2937816055838343,0.9960079840319361,1972-07-04
1994-01,OlimpBase historical FIDE list,C:\chenxi\bazi_project\chess\Elo199401e.html,14100010,"Ivanchuk, Vassily",g,UKR,M,,2710,33.0,1969-03-18,1969.03.18,True,,4,4.0,4.0,4.0,True,False,,OlimpBase historical FIDE list,C:\chenxi\bazi_project\chess\Elo199401e.html,,5,14100010,1969-03-18,profile_wikidata_agree,north,resolved_unique_birthplace,Q208229,Q997381,Kopychyntsi,49.10867444,25.91187094,"https://olimpbase.org/Elo/player/I/Ivanchuk,%20Vassily.html",1969-03-18,True,,M,5,3.21274066229103,0.9920159680638723,1969-03-18
1994-01,OlimpBase historical FIDE list,C:\chenxi\bazi_project\chess\Elo199401e.html,4101588,"Kramnik, Vladimir",g,RUS,M,,2710,32.0,1975-06-25,1975.06.25,True,,5,5.0,4.0,4.0,True,False,,OlimpBase historical FIDE list,C:\chenxi\bazi_project\chess\Elo199401e.html,,5,4101588,1975-06-25,profile_wikidata_agree,north,resolved_unique_birthplace,Q161092,Q196702,Tuapse,44.1,39.08333333,"https://olimpbase.org/Elo/player/K/Kramnik,%20Vladimir.html",1975-06-25,True,,M,5,3.21274066229103,0.9920159680638723,1975-06-25
1994-01,OlimpBase historical FIDE list,C:\chenxi\bazi_project\chess\Elo199401e.html,2000024,"Kamsky, Gata",g,USA,M,,2695,36.0,1974-06-02,1974.06.02,True,,6,6.0,6.0,6.0,True,False,,OlimpBase historical FIDE list,C:\chenxi\bazi_project\chess\Elo199401e.html,,7,2000024,1974-06-02,profile_wikidata_agree,north,resolved_unique_birthplace,Q315155,Q93910,Novokuznetsk,53.75,87.11666667,"https://olimpbase.org/Elo/player/K/Kamsky,%20Gata.html",1974-06-02,True,,M,7,2.9696178324126175,0.9880239520958084,1974-06-02
1994-01,OlimpBase historical FIDE list,C:\chenxi\bazi_project\chess\Elo199401e.html,4100140,"Bareev, Evgeny",g,RUS,M,,2685,29.0,1966-11-21,1966.11.21,True,,8,8.0,7.0,7.0,True,False,,OlimpBase historical FIDE list,C:\chenxi\bazi_project\chess\Elo199401e.html,,8,4100140,1966-11-21,profile_wikidata_agree,north,resolved_unique_birthplace,Q253524,Q135665,Yemanzhelinsk,54.75,61.31666667,"https://olimpbase.org/Elo/player/B/Bareev,%20Evgeny.html",1966-11-21,True,,M,8,2.807535945827009,0.9860279441117764,1966-11-21
1994-01,OlimpBase historical FIDE list,C:\chenxi\bazi_project\chess\Elo199401e.html,13500015,"Gelfand, Boris",g,BLR,M,,2685,23.0,1968-06-24,1968.06.24,True,,9,9.0,7.0,7.0,True,False,,OlimpBase historical FIDE list,C:\chenxi\bazi_project\chess\Elo199401e.html,,8,2805677,1968-06-24,profile_wikidata_agree,north,resolved_unique_birthplace,Q486778,Q2280,Minsk,53.902246,27.561837,"https://olimpbase.org/Elo/player/G/Gelfand,%20Boris.html",1968-06-24,True,,M,8,2.807535945827009,0.9860279441117764,1968-06-24
1994-01,OlimpBase historical FIDE list,C:\chenxi\bazi_project\chess\Elo199401e.html,4100069,"Salov, Valery",g,RUS,M,,2685,31.0,1964-05-26,1964.05.26,True,,7,7.0,7.0,7.0,True,False,,OlimpBase historical FIDE list,C:\chenxi\bazi_project\chess\Elo199401e.html,,8,4100069,1964-05-26,profile_wikidata_agree,north,resolved_unique_birthplace,Q955884,Q1799,Wrocław,51.11,17.0325,"https://olimpbase.org/Elo/player/S/Salov,%20Valery.html",1964-05-26,True,,M,8,2.807535945827009,0.9860279441117764,1964-05-26
1994-01,OlimpBase historical FIDE list,C:\chenxi\bazi_project\chess\Elo199401e.html,4100182,"Epishin, Vladimir",g,RUS,M,,2675,32.0,1965-07-11,1965.07.11,True,,10,10.0,10.0,10.0,True,False,,OlimpBase historical FIDE list,C:\chenxi\bazi_project\chess\Elo199401e.html,,11,4162714,1965-07-11,profile_wikidata_agree,north,resolved_unique_birthplace,Q1370851,Q656,Saint Petersburg,59.95,30.31666667,"https://olimpbase.org/Elo/player/E/Epishin,%20Vladimir.html",1965-07-11,True,,M,11,2.6454540592414,0.9800399201596807,1965-07-11
1994-01,manual historical restoration,https://fidelists.blogspot.com/2008/03/january-1994-fide-rating-list.html,400025,"Short, Nigel D.",g,ENG,M,,2665,,1965-06-01,1965.06.01,True,,,,,,False,True,Institutional omission from 1994 FIDE list after FIDE/PCA split,"Fide Rating Lists Archive reconstruction, January 1994",https://fidelists.blogspot.com/2008/03/january-1994-fide-rating-list.html,https://ratings.fide.com/profile/400025,12,400025,1965-06-01,manual_restored_audited_dob,north,resolved_unique_birthplace,Q313778,Q2588021,Leigh,53.4975,-2.515,,1965-06-01,True,,M,12,2.4833721726557916,0.9780439121756487,1965-06-01
1994-01,OlimpBase historical FIDE list,C:\chenxi\bazi_project\chess\Elo199401e.html,4618777,"Yusupov, Artur",g,GER,M,,2665,35.0,1960-02-13,1960.02.13,True,,11,11.0,11.0,11.0,True,False,,OlimpBase historical FIDE list,C:\chenxi\bazi_project\chess\Elo199401e.html,,12,4618777,1960-02-13,profile_wikidata_agree,north,resolved_unique_birthplace,Q60598,Q649,Moscow,55.75055556,37.6175,"https://olimpbase.org/Elo/player/Y/Yusupov,%20Artur.html",1960-02-13,True,,M,12,2.4833721726557916,0.9780439121756487,1960-02-13
1994-01,OlimpBase historical FIDE list,C:\chenxi\bazi_project\chess\Elo199401e.html,400041,"Adams, Michael",g,ENG,M,,2660,55.0,1971-11-17,1971.11.17,True,,12,12.0,12.0,12.0,True,False,,OlimpBase historical FIDE list,C:\chenxi\bazi_project\chess\Elo199401e.html,,14,400041,1971-11-17,profile_wikidata_agree,north,resolved_unique_birthplace,Q299636,Q180803,Truro,50.26,-5.051,"https://olimpbase.org/Elo/player/A/Adams,%20Michael.html",1971-11-17,True,,M,14,2.4023312293629875,0.9740518962075848,1971-11-17
1994-01,OlimpBase historical FIDE list,C:\chenxi\bazi_project\chess\Elo199401e.html,4100115,"Khalifman, Alexander",g,RUS,M,,2660,39.0,1966-01-18,1966.01.18,True,,13,13.0,12.0,12.0,True,False,,OlimpBase historical FIDE list,C:\chenxi\bazi_project\chess\Elo199401e.html,,14,4100115,1966-01-18,profile_wikidata_agree,north,resolved_unique_birthplace,Q106374,Q656,Saint Petersburg,59.95,30.31666667,"https://olimpbase.org/Elo/player/K/Khalifman,%20Alexander.html",1966-01-18,True,,M,14,2.4023312293629875,0.9740518962075848,1966-01-18
1994-01,OlimpBase historical FIDE list,C:\chenxi\bazi_project\chess\Elo199401e.html,14100029,"Beliavsky, Alexander G.",g,UKR,M,,2650,23.0,1953-12-17,1953.12.17,True,,15,15.0,14.0,14.0,True,False,,OlimpBase historical FIDE list,C:\chenxi\bazi_project\chess\Elo199401e.html,,16,14602377,1953-12-17,profile_wikidata_agree,north,resolved_unique_birthplace,Q352413,Q36036,Lviv,49.838055;49.841952,24.023055;24.0315921,"https://olimpbase.org/Elo/player/B/Beliavsky,%20Alexander%20G..html",1953-12-17,True,,M,16,2.240249342777379,0.9700598802395209,1953-12-17
1994-01,OlimpBase historical FIDE list,C:\chenxi\bazi_project\chess\Elo199401e.html,14400030,"Sokolov, Ivan",g,BIH,M,,2650,52.0,1968-06-13,1968.06.13,True,,14,14.0,14.0,14.0,True,False,,OlimpBase historical FIDE list,C:\chenxi\bazi_project\chess\Elo199401e.html,,16,14400030,1968-06-13,profile_wikidata_agree,north,multiple_birthplaces_same_hemisphere,Q709548,Q11194;Q258429,Jajce;Sarajevo,43.85638889;44.34025278,17.25723333;18.41305556,"https://olimpbase.org/Elo/player/S/Sokolov,%20Ivan.html",1968-06-13,True,,M,16,2.240249342777379,0.9700598802395209,1968-06-13
1994-01,OlimpBase historical FIDE list,C:\chenxi\bazi_project\chess\Elo199401e.html,4100107,"Dreev, Alexey",g,RUS,M,,2645,34.0,1969-01-30,1969.01.30,True,,16,16.0,16.0,16.0,True,False,,OlimpBase historical FIDE list,C:\chenxi\bazi_project\chess\Elo199401e.html,,18,4100107,1969-01-30,profile_wikidata_agree,north,resolved_unique_birthplace,Q543241,Q5206,Stavropol,45.05,41.98333333,"https://olimpbase.org/Elo/player/D/Dreev,%20Alexey.html",1969-01-30,True,,M,18,2.1592083994845748,0.9660678642714571,1969-01-30
1994-01,OlimpBase historical FIDE list,C:\chenxi\bazi_project\chess\Elo199401e.html,2008564,"Kaidanov, Gregory S.",g,USA,M,,2645,25.0,1959-10-11,1959.10.11,True,,17,17.0,16.0,16.0,True,False,,OlimpBase historical FIDE list,C:\chenxi\bazi_project\chess\Elo199401e.html,,18,2008564,1959-10-11,profile_wikidata_agree,north,resolved_unique_birthplace,Q1266603,Q158799,Berdychiv,49.89194444,28.6,"https://olimpbase.org/Elo/player/K/Kaidanov,%20Grigory%20S..html",1959-10-11,True,,M,18,2.1592083994845748,0.9660678642714571,1959-10-11
1994-01,OlimpBase historical FIDE list,C:\chenxi\bazi_project\chess\Elo199401e.html,2900084,"Topalov, Veselin",g,BUL,M,,2640,31.0,1975-03-15,1975.03.15,True,,18,18.0,18.0,18.0,True,False,,OlimpBase historical FIDE list,C:\chenxi\bazi_project\chess\Elo199401e.html,,20,2900084,1975-03-15,profile_wikidata_agree,north,resolved_unique_birthplace,Q172798,Q160173,Ruse,43.844532,25.953907,"https://olimpbase.org/Elo/player/T/Topalov,%20Veselin.html",1975-03-15,True,,M,20,2.0781674561917707,0.9620758483033932,1975-03-15
1994-01,OlimpBase historical FIDE list,C:\chenxi\bazi_project\chess\Elo199401e.html,715620,"Chernin, Alexander",g,HUN,M,,2630,36.0,1960-03-06,1960.03.06,True,,19,19.0,19.0,19.0,True,False,,OlimpBase historical FIDE list,C:\chenxi\bazi_project\chess\Elo199401e.html,,21,715620,1960-03-06,profile_wikidata_agree,north,resolved_unique_birthplace,Q957014,Q42308,Kharkiv,49.9925,36.23111111,"https://olimpbase.org/Elo/player/C/Chernin,%20Alexander.html",1960-03-06,True,,M,21,1.916085569606162,0.9600798403193613,1960-03-06
1994-01,OlimpBase historical FIDE list,C:\chenxi\bazi_project\chess\Elo199401e.html,4100840,"Tiviakov, Sergei",g,RUS,M,,2630,23.0,1973-02-14,1973.02.14,True,,20,20.0,19.0,19.0,True,False,,OlimpBase historical FIDE list,C:\chenxi\bazi_project\chess\Elo199401e.html,,21,1008013,1973-02-14,profile_wikidata_agree,north,resolved_unique_birthplace,Q710938,Q3646,Krasnodar,45.03333333,38.98333333,"https://olimpbase.org/Elo/player/T/Tiviakov,%20Sergei.html",1973-02-14,True,,M,21,1.916085569606162,0.9600798403193613,1973-02-14
1994-01,OlimpBase historical FIDE list,C:\chenxi\bazi_project\chess\Elo199401e.html,13600010,"Azmaiparashvili, Zurab",g,GEO,M,,2625,11.0,1960-03-16,1960.03.16,True,,26,26.0,22.0,21.0,True,False,,OlimpBase historical FIDE list,C:\chenxi\bazi_project\chess\Elo199401e.html,,24,13601326,1960-03-16,profile_wikidata_agree,north,resolved_unique_birthplace,Q726187,Q994,Tbilisi,41.7225,44.7925,"https://olimpbase.org/Elo/player/A/Azmaiparashvili,%20Zurab.html",1960-03-16,True,,M,23,1.8350446263133577,0.9560878243512974,1960-03-16
1994-01,OlimpBase historical FIDE list,C:\chenxi\bazi_project\chess\Elo199401e.html,4623606,"Dautov, Rustem",g,GER,M,,2625,0.0,1965-11-28,1965.11.28,True,,27,27.0,22.0,21.0,True,False,,OlimpBase historical FIDE list,C:\chenxi\bazi_project\chess\Elo199401e.html,,24,4623606,1965-11-28,profile_wikidata_agree,north,resolved_unique_birthplace,Q67746,Q911,Ufa,54.72611111,55.9475,"https://olimpbase.org/Elo/player/D/Dautov,%20Rustem.html",1965-11-28,True,,M,23,1.8350446263133577,0.9560878243512974,1965-11-28
1994-01,OlimpBase historical FIDE list,C:\chenxi\bazi_project\chess\Elo199401e.html,600016,"Lautier, Joel",g,FRA,M,,2625,31.0,1973-04-12,1973.04.12,True,,23,23.0,22.0,21.0,True,False,,OlimpBase historical FIDE list,C:\chenxi\bazi_project\chess\Elo199401e.html,,24,600016,1973-04-12,profile_wikidata_agree,north,resolved_unique_birthplace,Q506473,Q1025401,Scarborough,43.7737,-79.2446,"https://olimpbase.org/Elo/player/L/Lautier,%20Joel.html",1973-04-12,True,,M,23,1.8350446263133577,0.9560878243512974,1973-04-12
1994-01,OlimpBase historical FIDE list,C:\chenxi\bazi_project\chess\Elo199401e.html,14400014,"Nikolic, Predrag",g,BIH,M,,2625,46.0,1960-09-11,1960.09.11,True,,22,22.0,22.0,21.0,True,False,,OlimpBase historical FIDE list,C:\chenxi\bazi_project\chess\Elo199401e.html,,24,14400014,1960-09-11,profile_wikidata_agree,north,resolved_unique_birthplace,Q634635,Q391033,Šamac,45.06666667,18.46666667,"https://olimpbase.org/Elo/player/N/Nikolic,%20Predrag.html",1960-09-11,True,,M,23,1.8350446263133577,0.9560878243512974,1960-09-11
1994-01,OlimpBase historical FIDE list,C:\chenxi\bazi_project\chess\Elo199401e.html,13300016,"Vaganian, Rafael A.",g,ARM,M,,2625,17.0,1951-10-15,1951.10.15,True,,25,25.0,22.0,21.0,True,False,,OlimpBase historical FIDE list,C:\chenxi\bazi_project\chess\Elo199401e.html,,24,13300016,1951-10-15,profile_wikidata_agree,north,resolved_unique_birthplace,Q738665,Q1953,Yerevan,40.18138889,44.51444444,"https://olimpbase.org/Elo/player/V/Vaganian,%20Rafael%20A..html",1951-10-15,True,,M,23,1.8350446263133577,0.9560878243512974,1951-10-15
1994-01,OlimpBase historical FIDE list,C:\chenxi\bazi_project\chess\Elo199401e.html,2802341,"Yudasin, Leonid",g,ISR,M,,2625,30.0,1959-08-08,1959.08.08,True,,24,24.0,22.0,21.0,True,False,,OlimpBase historical FIDE list,C:\chenxi\bazi_project\chess\Elo199401e.html,,24,2802341,1959-08-08,profile_wikidata_agree,north,resolved_unique_birthplace,Q948740,Q656,Saint Petersburg,59.95,30.31666667,"https://olimpbase.org/Elo/player/Y/Yudasin,%20Leonid.html",1959-08-08,True,,M,23,1.8350446263133577,0.9560878243512974,1959-08-08
1994-01,OlimpBase historical FIDE list,C:\chenxi\bazi_project\chess\Elo199401e.html,2000091,"Benjamin, Joel",g,USA,M,,2620,29.0,1964-03-11,1964.03.11,True,,30,30.0,28.0,27.0,True,False,,OlimpBase historical FIDE list,C:\chenxi\bazi_project\chess\Elo199401e.html,,30,2000091,1964-03-11,profile_wikidata_agree,north,multiple_birthplaces_same_hemisphere,Q1343565,Q18419;Q60,Brooklyn;New York City,40.65083333;40.71277778,-74.00611111;-73.94972222,"https://olimpbase.org/Elo/player/B/Benjamin,%20Joel.html",1964-03-11,True,,M,29,1.7540036830205536,0.9441117764471058,1964-03-11
1994-01,OlimpBase historical FIDE list,C:\chenxi\bazi_project\chess\Elo199401e.html,1000012,"Timman, Jan H.",g,NED,M,,2620,32.0,1951-12-14,1951.12.14,True,,29,29.0,28.0,27.0,True,False,,OlimpBase historical FIDE list,C:\chenxi\bazi_project\chess\Elo199401e.html,,30,1000012,1951-12-14,profile_wikidata_agree,north,resolved_unique_birthplace,Q139438,Q727,Amsterdam,52.36666667,4.88333333,"https://olimpbase.org/Elo/player/T/Timman,%20Jan%20H..html",1951-12-14,True,,M,29,1.7540036830205536,0.9441117764471058,1951-12-14
1994-01,OlimpBase historical FIDE list,C:\chenxi\bazi_project\chess\Elo199401e.html,2005492,"Yermolinsky, Alexey",g,USA,M,,2620,51.0,1958-04-11,1958.04.11,True,,28,28.0,28.0,27.0,True,False,,OlimpBase historical FIDE list,C:\chenxi\bazi_project\chess\Elo199401e.html,,30,2005492,1958-04-11,profile_wikidata_agree,north,resolved_unique_birthplace,Q955831,Q656,Saint Petersburg,59.95,30.31666667,"https://olimpbase.org/Elo/player/Y/Yermolinsky,%20Alex.html",1958-04-11,True,,M,29,1.7540036830205536,0.9441117764471058,1958-04-11
1994-01,OlimpBase historical FIDE list,C:\chenxi\bazi_project\chess\Elo199401e.html,2900017,"Georgiev, Kiril",g,BUL,M,,2615,47.0,1965-11-28,1965.11.28,True,,33,33.0,32.0,31.0,True,False,,OlimpBase historical FIDE list,C:\chenxi\bazi_project\chess\Elo199401e.html,,34,2900017,1965-11-28,profile_wikidata_agree,north,resolved_unique_birthplace,Q725606,Q191099,Petrich,41.398129,23.206857,"https://olimpbase.org/Elo/player/G/Georgiev,%20Kiril.html",1965-11-28,True,,M,32,1.6729627397277493,0.93812375249501,1965-11-28
1994-01,OlimpBase historical FIDE list,C:\chenxi\bazi_project\chess\Elo199401e.html,2000040,"Gulko, Boris F.",g,USA,M,,2615,40.0,1947-02-09,1947.02.09,True,,34=,34.0,32.0,31.0,True,False,,OlimpBase historical FIDE list,C:\chenxi\bazi_project\chess\Elo199401e.html,,34,2000040,1947-02-09,profile_wikidata_agree,north,resolved_unique_birthplace,Q893658,Q1729,Erfurt,50.97805556,11.02888889,"https://olimpbase.org/Elo/player/G/Gulko,%20Boris%20F..html",1947-02-09,True,,M,32,1.6729627397277493,0.93812375249501,1947-02-09
1994-01,OlimpBase historical FIDE list,C:\chenxi\bazi_project\chess\Elo199401e.html,4600088,"Hertneck, Gerald",g,GER,M,,2615,25.0,1963-09-18,1963.09.18,True,,36,36.0,32.0,31.0,True,False,,OlimpBase historical FIDE list,C:\chenxi\bazi_project\chess\Elo199401e.html,,34,4600088,1963-09-18,profile_wikidata_agree,north,resolved_unique_birthplace,Q90505,Q1726,Munich,48.1375,11.575,"https://olimpbase.org/Elo/player/H/Hertneck,%20Gerald.html",1963-09-18,True,,M,32,1.6729627397277493,0.93812375249501,1963-09-18
1994-01,OlimpBase historical FIDE list,C:\chenxi\bazi_project\chess\Elo199401e.html,1300016,"Kortschnoj, Viktor",g,SUI,M,,2615,59.0,1931-03-23,1931.03.23,True,,32,32.0,32.0,31.0,True,False,,OlimpBase historical FIDE list,C:\chenxi\bazi_project\chess\Elo199401e.html,,34,1300016,1931-03-23,profile_wikidata_agree,north,resolved_unique_birthplace,Q212889,Q656,Saint Petersburg,59.95,30.31666667,"https://olimpbase.org/Elo/player/K/Korchnoi,%20Viktor.html",1931-03-23,True,,M,32,1.6729627397277493,0.93812375249501,1931-03-23
1994-01,OlimpBase historical FIDE list,C:\chenxi\bazi_project\chess\Elo199401e.html,702293,"Almasi, Zoltan",g,HUN,M,,2610,68.0,1976-08-29,1976.08.29,True,,37,37.0,37.0,36.0,True,False,,OlimpBase historical FIDE list,C:\chenxi\bazi_project\chess\Elo199401e.html,,39,702293,1976-08-29,profile_wikidata_agree,north,resolved_unique_birthplace,Q218875,Q1781,Budapest,47.49833333,19.04083333,"https://olimpbase.org/Elo/player/A/Almasi,%20Zoltan.html",1976-08-29,True,,M,36,1.591921796434945,0.9301397205588823,1976-08-29
1994-01,OlimpBase historical FIDE list,C:\chenxi\bazi_project\chess\Elo199401e.html,4100093,"Dolmatov, Sergey",g,RUS,M,,2610,41.0,1959-02-20,1959.02.20,True,,40,40.0,37.0,36.0,True,False,,OlimpBase historical FIDE list,C:\chenxi\bazi_project\chess\Elo199401e.html,,39,4100093,1959-02-20,profile_wikidata_agree,north,resolved_unique_birthplace,Q692756,Q153663,Kiselyovsk,53.98333333,86.7,"https://olimpbase.org/Elo/player/D/Dolmatov,%20Sergey.html",1959-02-20,True,,M,36,1.591921796434945,0.9301397205588823,1959-02-20
1994-01,OlimpBase historical FIDE list,C:\chenxi\bazi_project\chess\Elo199401e.html,4500016,"Ehlvest, Jaan",g,EST,M,,2610,43.0,1962-10-14,1962.10.14,True,,38=,38.0,37.0,36.0,True,False,,OlimpBase historical FIDE list,C:\chenxi\bazi_project\chess\Elo199401e.html,,39,4500016,1962-10-14,profile_wikidata_agree,north,resolved_unique_birthplace,Q499615,Q1770,Tallinn,59.43722222,24.745,"https://olimpbase.org/Elo/player/E/Ehlvest,%20Jaan.html",1962-10-14,True,,M,36,1.591921796434945,0.9301397205588823,1962-10-14
1994-01,OlimpBase historical FIDE list,C:\chenxi\bazi_project\chess\Elo199401e.html,2800039,"Greenfeld, Alon",g,ISR,M,,2610,37.0,1964-04-17,1964.04.17,True,,42,42.0,37.0,36.0,True,False,,OlimpBase historical FIDE list,C:\chenxi\bazi_project\chess\Elo199401e.html,,39,2800039,1964-04-17,profile_wikidata_agree,north,resolved_unique_birthplace,Q486592,Q60,New York City,40.71277778,-74.00611111,"https://olimpbase.org/Elo/player/G/Greenfeld,%20Alon.html",1964-04-17,True,,M,36,1.591921796434945,0.9301397205588823,1964-04-17
1994-01,OlimpBase historical FIDE list,C:\chenxi\bazi_project\chess\Elo199401e.html,200930,"Gurevich, Mikhail",g,BEL,M,,2610,43.0,1959-02-22,1959.02.22,True,,38,38.0,37.0,36.0,True,False,,OlimpBase historical FIDE list,C:\chenxi\bazi_project\chess\Elo199401e.html,,39,200930,1959-02-22,profile_wikidata_agree,north,resolved_unique_birthplace,Q506493,Q42308,Kharkiv,49.9925,36.23111111,"https://olimpbase.org/Elo/player/G/Gurevich,%20Mikhail.html",1959-02-22,True,,M,36,1.591921796434945,0.9301397205588823,1959-02-22
1994-01,OlimpBase historical FIDE list,C:\chenxi\bazi_project\chess\Elo199401e.html,4600010,"Huebner, Robert",g,GER,M,,2610,24.0,1948-11-06,1948.11.06,True,,43,43.0,37.0,36.0,True,False,,OlimpBase historical FIDE list,C:\chenxi\bazi_project\chess\Elo199401e.html,,39,4600010,1948-11-06,profile_wikidata_agree,north,resolved_unique_birthplace,Q77389,Q365,Cologne,50.94222222,6.95777778,"https://olimpbase.org/Elo/player/H/Huebner,%20Robert.html",1948-11-06,True,,M,36,1.591921796434945,0.9301397205588823,1948-11-06
1994-01,OlimpBase historical FIDE list,C:\chenxi\bazi_project\chess\Elo199401e.html,4100638,"Sveshnikov, Evgeny",g,RUS,M,,2610,24.0,1950-02-11,1950.02.11,True,,43=,43.0,37.0,36.0,True,False,,OlimpBase historical FIDE list,C:\chenxi\bazi_project\chess\Elo199401e.html,,39,4100638,1950-02-11,profile_wikidata_agree,north,resolved_unique_birthplace,Q675955,Q906,Chelyabinsk,55.15,61.4,"https://olimpbase.org/Elo/player/S/Sveshnikov,%20Evgeny.html",1950-02-11,True,,M,36,1.591921796434945,0.9301397205588823,1950-02-11
1994-01,OlimpBase historical FIDE list,C:\chenxi\bazi_project\chess\Elo199401e.html,13300032,"Akopian, Vladimir",g,ARM,M,,2605,47.0,1971-12-07,1971.12.07,True,,46,46.0,45.0,44.0,True,False,,OlimpBase historical FIDE list,C:\chenxi\bazi_project\chess\Elo199401e.html,,47,13300032,1971-12-07,profile_wikidata_agree,north,resolved_unique_birthplace,Q380839,Q9248,Baku,40.36665556,49.83518333,"https://olimpbase.org/Elo/player/A/Akopian,%20Vladimir.html",1971-12-07,True,,M,43,1.5108808531421407,0.9161676646706587,1971-12-07
1994-01,OlimpBase historical FIDE list,C:\chenxi\bazi_project\chess\Elo199401e.html,400017,"Nunn, John D. M.",g,ENG,M,,2605,19.0,1955-04-25,1955.04.25,True,,52,52.0,45.0,44.0,True,False,,OlimpBase historical FIDE list,C:\chenxi\bazi_project\chess\Elo199401e.html,,47,400017,1955-04-25,profile_wikidata_agree,north,resolved_unique_birthplace,Q450419,Q84,London,51.50722222,-0.1275,"https://olimpbase.org/Elo/player/N/Nunn,%20John%20D.%20M..html",1955-04-25,True,,M,43,1.5108808531421407,0.9161676646706587,1955-04-25
1994-01,OlimpBase historical FIDE list,C:\chenxi\bazi_project\chess\Elo199401e.html,4500024,"Oll, Lembit",g,EST,M,,2605,51.0,1964-11-07,1964.11.07,True,,45,45.0,45.0,44.0,True,False,,OlimpBase historical FIDE list,C:\chenxi\bazi_project\chess\Elo199401e.html,,47,4500024,1997-06-17,wikidata_exact_via_modern_id,north,resolved_unique_birthplace,Q16405443,Q191106,Haapsalu,58.94694444,23.53694444,"https://olimpbase.org/Elo/player/O/Oll,%20Lembit.html",,True,,M,43,1.5108808531421407,0.9161676646706587,1997-06-17
1994-01,OlimpBase historical FIDE list,C:\chenxi\bazi_project\chess\Elo199401e.html,1000055,"Piket, Jeroen",g,NED,M,,2605,46.0,1969-01-27,1969.01.27,True,,47,47.0,45.0,44.0,True,False,,OlimpBase historical FIDE list,C:\chenxi\bazi_project\chess\Elo199401e.html,,47,1000055,1969-01-27,profile_wikidata_agree,north,resolved_unique_birthplace,Q943533,Q43631,Leiden,52.16,4.49,"https://olimpbase.org/Elo/player/P/Piket,%20Jeroen.html",1969-01-27,True,,M,43,1.5108808531421407,0.9161676646706587,1969-01-27
1994-01,OlimpBase historical FIDE list,C:\chenxi\bazi_project\chess\Elo199401e.html,700037,"Portisch, Lajos",g,HUN,M,,2605,13.0,1937-04-04,1937.04.04,True,,54,54.0,45.0,44.0,True,False,,OlimpBase historical FIDE list,C:\chenxi\bazi_project\chess\Elo199401e.html,,47,700037,1937-04-04,profile_wikidata_agree,north,resolved_unique_birthplace,Q390430,Q60037,Zalaegerszeg,46.83916667,16.85111111,"https://olimpbase.org/Elo/player/P/Portisch,%20Lajos.html",1937-04-04,True,,M,43,1.5108808531421407,0.9161676646706587,1937-04-04
1994-01,OlimpBase historical FIDE list,C:\chenxi\bazi_project\chess\Elo199401e.html,12800023,"Rozentalis, Eduardas",g,LTU,M,,2605,34.0,1963-05-27,1963.05.27,True,,49,49.0,45.0,44.0,True,False,,OlimpBase historical FIDE list,C:\chenxi\bazi_project\chess\Elo199401e.html,,47,12800023,1963-05-27,profile_wikidata_agree,north,resolved_unique_birthplace,Q964881,Q216,Vilnius,54.68722222,25.28,"https://olimpbase.org/Elo/player/R/Rosentalis,%20Eduard.html",1963-05-27,True,,M,43,1.5108808531421407,0.9161676646706587,1963-05-27
1994-01,OlimpBase historical FIDE list,C:\chenxi\bazi_project\chess\Elo199401e.html,400033,"Speelman, Jonathan S.",g,ENG,M,,2605,38.0,1956-10-02,1956.10.02,True,,48,48.0,45.0,44.0,True,False,,OlimpBase historical FIDE list,C:\chenxi\bazi_project\chess\Elo199401e.html,,47,400033,1956-10-02,profile_wikidata_agree,north,resolved_unique_birthplace,Q1356841,Q84,London,51.50722222,-0.1275,"https://olimpbase.org/Elo/player/S/Speelman,%20Jonathan%20S..html",1956-10-02,True,,M,43,1.5108808531421407,0.9161676646706587,1956-10-02
1994-01,OlimpBase historical FIDE list,C:\chenxi\bazi_project\chess\Elo199401e.html,1000071,"Van der Sterren, Paul",g,NED,M,,2605,34.0,1956-03-17,1956.03.17,True,,49=,49.0,45.0,44.0,True,False,,OlimpBase historical FIDE list,C:\chenxi\bazi_project\chess\Elo199401e.html,,47,1000071,1956-03-17,profile_wikidata_agree,north,resolved_unique_birthplace,Q73631,Q9777,Venlo,51.36666667,6.16666667,"https://olimpbase.org/Elo/player/V/Van%20der%20Sterren,%20Paul.html",1956-03-17,True,,M,43,1.5108808531421407,0.9161676646706587,1956-03-17
1994-01,OlimpBase historical FIDE list,C:\chenxi\bazi_project\chess\Elo199401e.html,900010,"Ljubojevic, Ljubomir",g,YUG,M,,2600,8.0,1950-11-02,1950.11.02,True,,56,56.0,55.0,54.0,True,False,,OlimpBase historical FIDE list,C:\chenxi\bazi_project\chess\Elo199401e.html,,57,900010,1950-11-02,profile_wikidata_agree,north,resolved_unique_birthplace,Q364327,Q59473,Užice,43.85,19.85,"https://olimpbase.org/Elo/player/L/Ljubojevic,%20Ljubomir.html",1950-11-02,True,,M,51,1.4298399098493366,0.9001996007984032,1950-11-02
1994-01,OlimpBase historical FIDE list,C:\chenxi\bazi_project\chess\Elo199401e.html,700010,"Ribli, Zoltan",g,HUN,M,,2600,15.0,1951-09-06,1951.09.06,True,,55,55.0,55.0,54.0,True,False,,OlimpBase historical FIDE list,C:\chenxi\bazi_project\chess\Elo199401e.html,,57,700010,1951-09-06,profile_wikidata_agree,north,resolved_unique_birthplace,Q219019,Q320798,Mohács,45.99583333,18.67972222,"https://olimpbase.org/Elo/player/R/Ribli,%20Zoltan.html",1951-09-06,True,,M,51,1.4298399098493366,0.9001996007984032,1951-09-06
1994-01,OlimpBase historical FIDE list,C:\chenxi\bazi_project\chess\Elo199401e.html,1500015,"Agdestein, Simen",g,NOR,M,,2595,19.0,1967-05-15,1967.05.15,True,,61,61.0,57.0,56.0,True,False,,OlimpBase historical FIDE list,C:\chenxi\bazi_project\chess\Elo199401e.html,,59,1500015,1967-05-15,profile_wikidata_agree,north,resolved_unique_birthplace,Q381121,Q80593157,Asker,59.7,10.5,"https://olimpbase.org/Elo/player/A/Agdestein,%20Simen.html",1967-05-15,True,,M,53,1.3487989665565323,0.8962075848303394,1967-05-15
1994-01,OlimpBase historical FIDE list,C:\chenxi\bazi_project\chess\Elo199401e.html,2801906,"Alterman, Boris",g,ISR,M,,2595,30.0,1970-05-04,1970.05.04,True,,59,59.0,57.0,56.0,True,False,,OlimpBase historical FIDE list,C:\chenxi\bazi_project\chess\Elo199401e.html,,59,2801906,1970-05-04,profile_wikidata_agree,north,resolved_unique_birthplace,Q893618,Q42308,Kharkiv,49.9925,36.23111111,"https://olimpbase.org/Elo/player/A/Alterman,%20Boris.html",1970-05-04,True,,M,53,1.3487989665565323,0.8962075848303394,1970-05-04
1994-01,OlimpBase historical FIDE list,C:\chenxi\bazi_project\chess\Elo199401e.html,2300044,"Hjartarson, Johann",g,ISL,M,,2595,38.0,1963-02-08,1963.02.08,True,,58,58.0,57.0,56.0,True,False,,OlimpBase historical FIDE list,C:\chenxi\bazi_project\chess\Elo199401e.html,,59,2300044,1963-02-08,profile_wikidata_agree,north,resolved_unique_birthplace,Q923807,Q1764,Reykjavík,64.1475,-21.935,"https://olimpbase.org/Elo/player/H/Hjartarson,%20Johann.html",1963-02-08,True,,M,53,1.3487989665565323,0.8962075848303394,1963-02-08
1994-01,OlimpBase historical FIDE list,C:\chenxi\bazi_project\chess\Elo199401e.html,4600193,"Lutz, Christopher",g,GER,M,,2595,10.0,1971-02-24,1971.02.24,True,,63,63.0,57.0,56.0,True,False,,OlimpBase historical FIDE list,C:\chenxi\bazi_project\chess\Elo199401e.html,,59,4600193,1971-02-24,profile_wikidata_agree,north,resolved_unique_birthplace,Q64754,Q162771,Neukirchen-Vluyn,51.44166667,6.55833333,"https://olimpbase.org/Elo/player/L/Lutz,%20Christopher.html",1971-02-24,True,,M,53,1.3487989665565323,0.8962075848303394,1971-02-24
1994-01,OlimpBase historical FIDE list,C:\chenxi\bazi_project\chess\Elo199401e.html,2000148,"Wolff, Patrick G.",g,USA,M,,2595,24.0,1968-02-15,1968.02.15,True,,60,60.0,57.0,56.0,True,False,,OlimpBase historical FIDE list,C:\chenxi\bazi_project\chess\Elo199401e.html,,59,2000148,1968-02-15,profile_wikidata_agree,north,resolved_unique_birthplace,Q1640809,Q30,United States,39.828175,-98.5795,"https://olimpbase.org/Elo/player/W/Wolff,%20Patrick%20G..html",1968-02-15,True,,M,53,1.3487989665565323,0.8962075848303394,1968-02-15
1994-01,OlimpBase historical FIDE list,C:\chenxi\bazi_project\chess\Elo199401e.html,4100484,"Glek, Igor V.",g,RUS,M,,2590,63.0,1961-11-07,1961.11.07,True,,64,64.0,64.0,63.0,True,False,,OlimpBase historical FIDE list,C:\chenxi\bazi_project\chess\Elo199401e.html,,66,4100484,1961-11-07,profile_wikidata_agree,north,resolved_unique_birthplace,Q664157,Q649,Moscow,55.75055556,37.6175,"https://olimpbase.org/Elo/player/G/Glek,%20Igor%20V..html",1961-11-07,True,,M,58,1.267758023263728,0.8862275449101796,1961-11-07
1994-01,OlimpBase historical FIDE list,C:\chenxi\bazi_project\chess\Elo199401e.html,2200015,"Illescas Cordoba, Miguel",g,ESP,M,,2590,42.0,1965-12-03,1965.12.03,True,,68,68.0,64.0,63.0,True,False,,OlimpBase historical FIDE list,C:\chenxi\bazi_project\chess\Elo199401e.html,,66,2200015,1965-12-03,profile_wikidata_agree,north,resolved_unique_birthplace,Q212554,Q1492,Barcelona,41.3825,2.17694444,"https://olimpbase.org/Elo/player/I/Illescas%20Cordoba,%20Miguel.html",1965-12-03,True,,M,58,1.267758023263728,0.8862275449101796,1965-12-03
1994-01,OlimpBase historical FIDE list,C:\chenxi\bazi_project\chess\Elo199401e.html,13300024,"Lputian, Smbat G.",g,ARM,M,,2590,30.0,1958-02-14,1958.02.14,True,,69,69.0,64.0,63.0,True,False,,OlimpBase historical FIDE list,C:\chenxi\bazi_project\chess\Elo199401e.html,,66,13300024,1958-02-14,profile_wikidata_agree,north,resolved_unique_birthplace,Q738034,Q1953,Yerevan,40.18138889,44.51444444,"https://olimpbase.org/Elo/player/L/Lputian,%20Smbat%20G..html",1958-02-14,True,,M,58,1.267758023263728,0.8862275449101796,1958-02-14
1994-01,OlimpBase historical FIDE list,C:\chenxi\bazi_project\chess\Elo199401e.html,4116992,"Morozevich, Alexander",m,RUS,M,,2590,22.0,1977-07-18,1977.07.18,True,,71,71.0,64.0,63.0,True,False,,OlimpBase historical FIDE list,C:\chenxi\bazi_project\chess\Elo199401e.html,,66,4116992,1977-07-18,profile_wikidata_agree,north,resolved_unique_birthplace,Q312918,Q649,Moscow,55.75055556,37.6175,"https://olimpbase.org/Elo/player/M/Morozevich,%20Alexander.html",1977-07-18,True,,M,58,1.267758023263728,0.8862275449101796,1977-07-18
1994-01,OlimpBase historical FIDE list,C:\chenxi\bazi_project\chess\Elo199401e.html,14100088,"Romanishin, Oleg M.",g,UKR,M,,2590,49.0,1952-01-10,1952.01.10,True,,66,66.0,64.0,63.0,True,False,,OlimpBase historical FIDE list,C:\chenxi\bazi_project\chess\Elo199401e.html,,66,14100088,1952-01-10,profile_wikidata_agree,north,resolved_unique_birthplace,Q1346918,Q36036,Lviv,49.838055;49.841952,24.023055;24.0315921,"https://olimpbase.org/Elo/player/R/Romanishin,%20Oleg%20M..html",1952-01-10,True,,M,58,1.267758023263728,0.8862275449101796,1952-01-10
1994-01,OlimpBase historical FIDE list,C:\chenxi\bazi_project\chess\Elo199401e.html,2008572,"Shabalov, Alexander",g,USA,M,,2590,43.0,1967-09-12,1967.09.12,True,,67,67.0,64.0,63.0,True,False,,OlimpBase historical FIDE list,C:\chenxi\bazi_project\chess\Elo199401e.html,,66,2008572,1967-09-12,profile_wikidata_agree,north,resolved_unique_birthplace,Q722108,Q1773,Riga,56.9475,24.10694444,"https://olimpbase.org/Elo/player/S/Shabalov,%20Alexander.html",1967-09-12,True,,M,58,1.267758023263728,0.8862275449101796,1967-09-12
1994-01,OlimpBase historical FIDE list,C:\chenxi\bazi_project\chess\Elo199401e.html,13900048,"Bologan, Viorel",g,MDA,M,,2585,49.0,1971-12-14,1971.12.14,True,,74,74.0,72.0,71.0,True,False,,OlimpBase historical FIDE list,C:\chenxi\bazi_project\chess\Elo199401e.html,,74,13900048,1971-12-14,profile_wikidata_agree,north,resolved_unique_birthplace,Q728179,Q21197,Chișinău,47.02277778,28.83527778,"https://olimpbase.org/Elo/player/B/Bologan,%20Viktor.html",1971-12-14,True,,M,64,1.186717079970924,0.874251497005988,1971-12-14
1994-01,OlimpBase historical FIDE list,C:\chenxi\bazi_project\chess\Elo199401e.html,2000628,"Gurevich, Ilya",g,USA,M,,2585,23.0,1972-02-08,1972.02.08,True,,76,76.0,72.0,71.0,True,False,,OlimpBase historical FIDE list,C:\chenxi\bazi_project\chess\Elo199401e.html,,74,2000628,1972-02-08,profile_wikidata_agree,north,resolved_unique_birthplace,Q723135,Q1899,Kyiv,50.45,30.52361111,"https://olimpbase.org/Elo/player/G/Gurevich,%20Ilya.html",1972-02-08,True,,M,64,1.186717079970924,0.874251497005988,1972-02-08
1994-01,OlimpBase historical FIDE list,C:\chenxi\bazi_project\chess\Elo199401e.html,2802058,"Milov, Vadim",g,ISR,M,,2585,69.0,,,True,,72,72.0,72.0,71.0,True,False,,OlimpBase historical FIDE list,C:\chenxi\bazi_project\chess\Elo199401e.html,,74,1304364,1972-08-01,profile_wikidata_agree,north,resolved_unique_birthplace,Q667067,Q911,Ufa,54.72611111,55.9475,"https://olimpbase.org/Elo/player/M/Milov,%20Vadim.html",1972-08-01,True,,M,64,1.186717079970924,0.874251497005988,1972-08-01
1994-01,OlimpBase historical FIDE list,C:\chenxi\bazi_project\chess\Elo199401e.html,2800012,"Psakhis, Lev",g,ISR,M,,2585,64.0,1958-11-29,1958.11.29,True,,73,73.0,72.0,71.0,True,False,,OlimpBase historical FIDE list,C:\chenxi\bazi_project\chess\Elo199401e.html,,74,2800012,1958-11-29,profile_wikidata_agree,north,resolved_unique_birthplace,Q723552,Q2288,Tver,56.85782778,35.92192778,"https://olimpbase.org/Elo/player/P/Psakhis,%20Lev.html",1958-11-29,True,,M,64,1.186717079970924,0.874251497005988,1958-11-29
1994-01,OlimpBase historical FIDE list,C:\chenxi\bazi_project\chess\Elo199401e.html,2000032,"Seirawan, Yasser",g,USA,M,,2585,15.0,1960-03-24,1960.03.24,True,,77,77.0,72.0,71.0,True,False,,OlimpBase historical FIDE list,C:\chenxi\bazi_project\chess\Elo199401e.html,,74,2000032,1960-03-24,profile_wikidata_agree,north,resolved_unique_birthplace,Q319208,Q3766,Damascus,33.513;33.51305556,36.29194444;36.292,"https://olimpbase.org/Elo/player/S/Seirawan,%20Yasser.html",1960-03-24,True,,M,64,1.186717079970924,0.874251497005988,1960-03-24
1994-01,OlimpBase historical FIDE list,C:\chenxi\bazi_project\chess\Elo199401e.html,2000105,"De Firmian, Nick E.",g,USA,M,,2580,61.0,1957-07-26,1957.07.26,True,,79,79.0,79.0,78.0,True,False,,OlimpBase historical FIDE list,C:\chenxi\bazi_project\chess\Elo199401e.html,,81,2000105,1957-07-26,profile_wikidata_agree,north,resolved_unique_birthplace,Q690938,Q43301,Fresno,36.78166667,-119.79222222,"https://olimpbase.org/Elo/player/D/De%20Firmian,%20Nick%20E..html",1957-07-26,True,,M,69,1.1056761366781196,0.8642714570858283,1957-07-26
1994-01,OlimpBase historical FIDE list,C:\chenxi\bazi_project\chess\Elo199401e.html,1400010,"Hansen, Curt",g,DEN,M,,2580,26.0,1964-09-18,1964.09.18,True,,80,80.0,79.0,78.0,True,False,,OlimpBase historical FIDE list,C:\chenxi\bazi_project\chess\Elo199401e.html,,81,1400010,1964-09-18,profile_wikidata_agree,north,resolved_unique_birthplace,Q947253,Q558480,Bov Parish,54.83333333,9.36666667,"https://olimpbase.org/Elo/player/H/Hansen,%20Curt.html",1964-09-18,True,,M,69,1.1056761366781196,0.8642714570858283,1964-09-18
1994-01,OlimpBase historical FIDE list,C:\chenxi\bazi_project\chess\Elo199401e.html,13700014,"Vladimirov, Evgeny",g,KAZ,M,,2580,9.0,1957-01-20,1957.01.20,True,,81,81.0,79.0,78.0,True,False,,OlimpBase historical FIDE list,C:\chenxi\bazi_project\chess\Elo199401e.html,,81,13700014,1957-01-20,profile_wikidata_agree,north,resolved_unique_birthplace,Q723866,Q35493,Almaty,43.24,76.915,"https://olimpbase.org/Elo/player/V/Vladimirov,%20Evgeny.html",1957-01-20,True,,M,69,1.1056761366781196,0.8642714570858283,1957-01-20
1994-01,OlimpBase historical FIDE list,C:\chenxi\bazi_project\chess\Elo199401e.html,14100185,"Huzman, Alexander",g,UKR,M,,2575,53.0,1962-04-10,1962.04.10,True,,84,84.0,82.0,81.0,True,False,,OlimpBase historical FIDE list,C:\chenxi\bazi_project\chess\Elo199401e.html,,84,2803828,1962-04-10,profile_wikidata_agree,north,resolved_unique_birthplace,Q2495398,Q156713,Zhytomyr,50.25444444,28.65777778,"https://olimpbase.org/Elo/player/H/Huzman,%20Alexander.html",1962-04-10,True,,M,72,1.0246351933853153,0.8582834331337326,1962-04-10
1994-01,OlimpBase historical FIDE list,C:\chenxi\bazi_project\chess\Elo199401e.html,14502879,"Kozul, Zdenko",g,CRO,M,,2575,61.0,1966-05-21,1966.05.21,True,,83,83.0,82.0,81.0,True,False,,OlimpBase historical FIDE list,C:\chenxi\bazi_project\chess\Elo199401e.html,,84,14502879,1966-05-21,profile_wikidata_agree,north,resolved_unique_birthplace,Q168943,Q204434,Bihać,44.81472222,15.86916667,"https://olimpbase.org/Elo/player/K/Kozul,%20Zdenko.html",1966-05-21,True,,M,72,1.0246351933853153,0.8582834331337326,1966-05-21
1994-01,OlimpBase historical FIDE list,C:\chenxi\bazi_project\chess\Elo199401e.html,14200074,"Nenashev, Alexander",g,UZB,M,,2575,39.0,1962-08-25,1962.08.25,True,,86,86.0,82.0,81.0,True,False,,OlimpBase historical FIDE list,C:\chenxi\bazi_project\chess\Elo199401e.html,,84,4680804,1962-08-25,profile_wikidata_agree,north,resolved_unique_birthplace,Q64220,Q269,Tashkent,41.31111111,69.27972222,"https://olimpbase.org/Elo/player/N/Nenashev,%20Alexander.html",1962-08-25,True,,M,72,1.0246351933853153,0.8582834331337326,1962-08-25
1994-01,OlimpBase historical FIDE list,C:\chenxi\bazi_project\chess\Elo199401e.html,603252,"Vaiser, Anatoly V.",g,FRA,M,,2575,50.0,1949-03-05,1949.03.05,True,,85,85.0,82.0,81.0,True,False,,OlimpBase historical FIDE list,C:\chenxi\bazi_project\chess\Elo199401e.html,,84,603252,1949-03-05,profile_wikidata_agree,north,resolved_unique_birthplace,Q488112,Q35493,Almaty,43.24,76.915,"https://olimpbase.org/Elo/player/V/Vaiser,%20Anatoly%20V..html",1949-03-05,True,,M,72,1.0246351933853153,0.8582834331337326,1949-03-05
1994-01,OlimpBase historical FIDE list,C:\chenxi\bazi_project\chess\Elo199401e.html,14500086,"Cvitan, Ognjen",g,CRO,M,,2570,74.0,1961-10-10,1961.10.10,True,,88,88.0,88.0,87.0,True,False,,OlimpBase historical FIDE list,C:\chenxi\bazi_project\chess\Elo199401e.html,,90,14500086,1961-10-10,profile_wikidata_agree,north,resolved_unique_birthplace,Q1999428,Q3549,Šibenik,43.73388889,15.89555556,"https://olimpbase.org/Elo/player/C/Cvitan,%20Ognjen.html",1961-10-10,True,,M,76,0.9435942500925111,0.8502994011976048,1961-10-10
1994-01,OlimpBase historical FIDE list,C:\chenxi\bazi_project\chess\Elo199401e.html,4100476,"Dokhoian, Yury",g,RUS,M,,2570,24.0,1964-10-26,1964.10.26,True,,98,98.0,88.0,87.0,True,False,,OlimpBase historical FIDE list,C:\chenxi\bazi_project\chess\Elo199401e.html,,90,4100476,1964-10-26,profile_wikidata_agree,north,resolved_unique_birthplace,Q4167363,Q4023887,Zarinsky District,53.7,84.916667,"https://olimpbase.org/Elo/player/D/Dokhoian,%20Yury.html",1964-10-26,True,,M,76,0.9435942500925111,0.8502994011976048,1964-10-26
1994-01,OlimpBase historical FIDE list,C:\chenxi\bazi_project\chess\Elo199401e.html,14100053,"Eingorn, Vereslav S.",g,UKR,M,,2570,28.0,1956-11-23,1956.11.23,True,,96,96.0,88.0,87.0,True,False,,OlimpBase historical FIDE list,C:\chenxi\bazi_project\chess\Elo199401e.html,,90,14100053,1956-11-23,profile_wikidata_agree,north,resolved_unique_birthplace,Q2062580,Q1874,Odesa,46.47747,30.73262,"https://olimpbase.org/Elo/player/E/Eingorn,%20Vereslav%20S..html",1956-11-23,True,,M,76,0.9435942500925111,0.8502994011976048,1956-11-23
1994-01,OlimpBase historical FIDE list,C:\chenxi\bazi_project\chess\Elo199401e.html,400076,"Hodgson, Julian M.",g,ENG,M,,2570,62.0,1963-07-25,1963.07.25,True,,89,89.0,88.0,87.0,True,False,,OlimpBase historical FIDE list,C:\chenxi\bazi_project\chess\Elo199401e.html,,90,400076,1963-07-25,profile_wikidata_agree,north,resolved_unique_birthplace,Q142319,Q548248,St Asaph,53.2577,-3.4416,"https://olimpbase.org/Elo/player/H/Hodgson,%20Julian%20M..html",1963-07-25,True,,M,76,0.9435942500925111,0.8502994011976048,1963-07-25
1994-01,OlimpBase historical FIDE list,C:\chenxi\bazi_project\chess\Elo199401e.html,4600037,"Lobron, Eric",g,GER,M,,2570,27.0,1960-05-07,1960.05.07,True,,97,97.0,88.0,87.0,True,False,,OlimpBase historical FIDE list,C:\chenxi\bazi_project\chess\Elo199401e.html,,90,4600037,1960-05-07,profile_wikidata_agree,north,resolved_unique_birthplace,Q67772,Q1345,Philadelphia,39.95277778,-75.16361111,"https://olimpbase.org/Elo/player/L/Lobron,%20Eric.html",1960-05-07,True,,M,76,0.9435942500925111,0.8502994011976048,1960-05-07
1994-01,OlimpBase historical FIDE list,C:\chenxi\bazi_project\chess\Elo199401e.html,4100514,"Pigusov, Evgeny",g,RUS,M,,2570,38.0,1961-03-31,1961.03.31,True,,91,91.0,88.0,87.0,True,False,,OlimpBase historical FIDE list,C:\chenxi\bazi_project\chess\Elo199401e.html,,90,4100514,1961-03-31,profile_wikidata_agree,north,resolved_unique_birthplace,Q4362459,Q6066,Kemerovo,55.33333333,86.06666667,"https://olimpbase.org/Elo/player/P/Pigusov,%20Evgeny.html",1961-03-31,True,,M,76,0.9435942500925111,0.8502994011976048,1961-03-31
1994-01,OlimpBase historical FIDE list,C:\chenxi\bazi_project\chess\Elo199401e.html,14100045,"Shneider, Aleksandr",g,UKR,M,,2570,37.0,1962-05-22,1962.05.22,True,,92,92.0,88.0,87.0,True,False,,OlimpBase historical FIDE list,C:\chenxi\bazi_project\chess\Elo199401e.html,,90,14100045,1962-05-22,profile_wikidata_agree,north,resolved_unique_birthplace,Q4525809,Q134279,Luhansk,48.5717084,39.2973153,"https://olimpbase.org/Elo/player/S/Shneider,%20Aleksandr.html",1962-05-22,True,,M,76,0.9435942500925111,0.8502994011976048,1962-05-22
1994-01,OlimpBase historical FIDE list,C:\chenxi\bazi_project\chess\Elo199401e.html,1000268,"Van Wely, Loek",g,NED,M,,2570,62.0,1972-10-07,1972.10.07,True,,89=,89.0,88.0,87.0,True,False,,OlimpBase historical FIDE list,C:\chenxi\bazi_project\chess\Elo199401e.html,,90,1000268,1972-10-07,profile_wikidata_agree,north,resolved_unique_birthplace,Q956390,Q9815,Bernheze,51.6931,5.5253,"https://olimpbase.org/Elo/player/V/Van%20Wely,%20Loek.html",1972-10-07,True,,M,76,0.9435942500925111,0.8502994011976048,1972-10-07
1994-01,OlimpBase historical FIDE list,C:\chenxi\bazi_project\chess\Elo199401e.html,1000020,"Van der Wiel, John T. H.",g,NED,M,,2570,34.0,1959-08-09,1959.08.09,True,,94,94.0,88.0,87.0,True,False,,OlimpBase historical FIDE list,C:\chenxi\bazi_project\chess\Elo199401e.html,,90,1000020,1959-08-09,profile_wikidata_agree,north,resolved_unique_birthplace,Q1342210,Q43631,Leiden,52.16,4.49,"https://olimpbase.org/Elo/player/V/Van%20der%20Wiel,%20John%20T.%20H..html",1959-08-09,True,,M,76,0.9435942500925111,0.8502994011976048,1959-08-09
1994-01,OlimpBase historical FIDE list,C:\chenxi\bazi_project\chess\Elo199401e.html,700096,"Adorjan, Andras",g,HUN,M,,2565,11.0,1950-03-31,1950.03.31,True,,107=,107.0,99.0,98.0,True,False,,OlimpBase historical FIDE list,C:\chenxi\bazi_project\chess\Elo199401e.html,,101,700096,1950-03-31,profile_wikidata_agree,north,resolved_unique_birthplace,Q553397,Q1781,Budapest,47.49833333,19.04083333,"https://olimpbase.org/Elo/player/A/Adorjan,%20Andras.html",1950-03-31,True,,M,85,0.8625533067997069,0.8323353293413174,1950-03-31
1994-01,OlimpBase historical FIDE list,C:\chenxi\bazi_project\chess\Elo199401e.html,14900017,"Ftacnik, Lubomir",g,SVK,M,,2565,28.0,1957-10-30,1957.10.30,True,,102,102.0,99.0,98.0,True,False,,OlimpBase historical FIDE list,C:\chenxi\bazi_project\chess\Elo199401e.html,,101,14900017,1957-10-30,profile_wikidata_agree,north,resolved_unique_birthplace,Q344716,Q1780,Bratislava,48.14816;48.1516988,17.10674;17.1093063,"https://olimpbase.org/Elo/player/F/Ftacnik,%20Lubomir.html",1957-10-30,True,,M,85,0.8625533067997069,0.8323353293413174,1957-10-30
1994-01,OlimpBase historical FIDE list,C:\chenxi\bazi_project\chess\Elo199401e.html,11600039,"Kengis, Edvins",g,LAT,M,,2565,24.0,1959-04-12,1959.04.12,True,,104,104.0,99.0,98.0,True,False,,OlimpBase historical FIDE list,C:\chenxi\bazi_project\chess\Elo199401e.html,,101,11600039,1959-04-12,profile_wikidata_agree,north,resolved_unique_birthplace,Q495696,Q107582,Cēsis,57.31305556,25.27472222,"https://olimpbase.org/Elo/player/K/Kengis,%20Edwin.html",1959-04-12,True,,M,85,0.8625533067997069,0.8323353293413174,1959-04-12
1994-01,OlimpBase historical FIDE list,C:\chenxi\bazi_project\chess\Elo199401e.html,4119819,"Krasenkov, Mikhail",g,RUS,M,,2565,46.0,1963-11-14,1963.11.14,True,,99,99.0,99.0,98.0,True,False,,OlimpBase historical FIDE list,C:\chenxi\bazi_project\chess\Elo199401e.html,,101,1113100,1963-11-14,profile_wikidata_agree,north,resolved_unique_birthplace,Q961090,Q649,Moscow,55.75055556,37.6175,"https://olimpbase.org/Elo/player/K/Krasenkov,%20Mikhail.html",1963-11-14,True,,M,85,0.8625533067997069,0.8323353293413174,1963-11-14
1994-01,OlimpBase historical FIDE list,C:\chenxi\bazi_project\chess\Elo199401e.html,14400057,"Kurajica, Bojan",g,BIH,M,,2565,32.0,1947-11-15,1947.11.15,True,,101,101.0,99.0,98.0,True,False,,OlimpBase historical FIDE list,C:\chenxi\bazi_project\chess\Elo199401e.html,,101,14400057,1947-11-15,profile_wikidata_agree,north,resolved_unique_birthplace,Q891144,Q437,Ljubljana,46.05138889,14.50611111,"https://olimpbase.org/Elo/player/K/Kurajica,%20Bojan.html",1947-11-15,True,,M,85,0.8625533067997069,0.8323353293413174,1947-11-15
1994-01,OlimpBase historical FIDE list,C:\chenxi\bazi_project\chess\Elo199401e.html,14100037,"Novikov, Igor A.",g,UKR,M,,2565,24.0,1962-05-23,1962.05.23,True,,104=,104.0,99.0,98.0,True,False,,OlimpBase historical FIDE list,C:\chenxi\bazi_project\chess\Elo199401e.html,,101,14100037,1962-05-23,profile_wikidata_agree,north,resolved_unique_birthplace,Q1950207,Q42308,Kharkiv,49.9925,36.23111111,"https://olimpbase.org/Elo/player/N/Novikov,%20Igor%20A..html",1962-05-23,True,,M,85,0.8625533067997069,0.8323353293413174,1962-05-23
1994-01,OlimpBase historical FIDE list,C:\chenxi\bazi_project\chess\Elo199401e.html,2000172,"Rohde, Michael A.",g,USA,M,,2565,14.0,1959-08-26,1959.08.26,True,,106,106.0,99.0,98.0,True,False,,OlimpBase historical FIDE list,C:\chenxi\bazi_project\chess\Elo199401e.html,,101,2000172,1959-08-26,profile_wikidata_agree,north,resolved_unique_birthplace,Q4395681,Q60,New York City,40.71277778,-74.00611111,"https://olimpbase.org/Elo/player/R/Rohde,%20Michael%20A..html",1959-08-26,True,,M,85,0.8625533067997069,0.8323353293413174,1959-08-26
1994-01,OlimpBase historical FIDE list,C:\chenxi\bazi_project\chess\Elo199401e.html,600024,"Spassky, Boris V.",g,FRA,M,,2565,11.0,1937-01-30,1937.01.30,True,,107,107.0,99.0,98.0,True,False,,OlimpBase historical FIDE list,C:\chenxi\bazi_project\chess\Elo199401e.html,,101,600024,1937-01-30,profile_wikidata_agree,north,resolved_unique_birthplace,Q177310,Q656,Saint Petersburg,59.95,30.31666667,"https://olimpbase.org/Elo/player/S/Spassky,%20Boris%20V..html",1937-01-30,True,,M,85,0.8625533067997069,0.8323353293413174,1937-01-30
1994-01,OlimpBase historical FIDE list,C:\chenxi\bazi_project\chess\Elo199401e.html,2000156,"Alburt, Lev O.",g,USA,M,,2560,11.0,1945-08-21,1945.08.21,True,,120,120.0,110.0,109.0,True,False,,OlimpBase historical FIDE list,C:\chenxi\bazi_project\chess\Elo199401e.html,,112,2000156,1945-08-21,profile_wikidata_agree,north,resolved_unique_birthplace,Q525884,Q5337,Orenburg,51.76666667,55.1,"https://olimpbase.org/Elo/player/A/Alburt,%20Lev%20O..html",1945-08-21,True,,M,93,0.7815123635069026,0.8163672654690619,1945-08-21
1994-01,OlimpBase historical FIDE list,C:\chenxi\bazi_project\chess\Elo199401e.html,2000059,"Christiansen, Larry M.",g,USA,M,,2560,26.0,1956-06-27,1956.06.27,True,,118,118.0,110.0,109.0,True,False,,OlimpBase historical FIDE list,C:\chenxi\bazi_project\chess\Elo199401e.html,,112,2000059,1956-06-27,profile_wikidata_agree,north,resolved_unique_birthplace,Q534057,Q49243,Riverside,33.98222222,-117.3725,"https://olimpbase.org/Elo/player/C/Christiansen,%20Larry%20M..html",1956-06-27,True,,M,93,0.7815123635069026,0.8163672654690619,1956-06-27
1994-01,OlimpBase historical FIDE list,C:\chenxi\bazi_project\chess\Elo199401e.html,900125,"Damljanovic, Branko",g,YUG,M,,2560,27.0,1961-06-17,1961.06.17,True,,117,117.0,110.0,109.0,True,False,,OlimpBase historical FIDE list,C:\chenxi\bazi_project\chess\Elo199401e.html,,112,900125,1961-06-17,profile_wikidata_agree,north,resolved_unique_birthplace,Q898663,Q55630,Novi Sad,45.26444444,19.83166667,"https://olimpbase.org/Elo/player/D/Damljanovic,%20Branko.html",1961-06-17,True,,M,93,0.7815123635069026,0.8163672654690619,1961-06-17
1994-01,OlimpBase historical FIDE list,C:\chenxi\bazi_project\chess\Elo199401e.html,14100983,"Golubev, Mihail",m,UKR,M,,2560,48.0,1970-05-30,1970.05.30,True,,112,112.0,110.0,109.0,True,False,,OlimpBase historical FIDE list,C:\chenxi\bazi_project\chess\Elo199401e.html,,112,14100983,1970-05-30,profile_wikidata_agree,north,resolved_unique_birthplace,Q4142325,Q1874,Odesa,46.47747,30.73262,"https://olimpbase.org/Elo/player/G/Golubev,%20Mihail.html",1970-05-30,True,,M,93,0.7815123635069026,0.8163672654690619,1970-05-30
1994-01,OlimpBase historical FIDE list,C:\chenxi\bazi_project\chess\Elo199401e.html,1700022,"Hellers, Ferdinand",g,SWE,M,,2560,28.0,1969-01-28,1969.01.28,True,,115=,115.0,110.0,109.0,True,False,,OlimpBase historical FIDE list,C:\chenxi\bazi_project\chess\Elo199401e.html,,112,1700022,1969-01-28,profile_wikidata_agree,north,resolved_unique_birthplace,Q2077405,Q1754,Stockholm,59.32944444,18.06861111,"https://olimpbase.org/Elo/player/H/Hellers,%20Ferdinand.html",1969-01-28,True,,M,93,0.7815123635069026,0.8163672654690619,1969-01-28
1994-01,OlimpBase historical FIDE list,C:\chenxi\bazi_project\chess\Elo199401e.html,4100387,"Ruban, Vadim",g,RUS,M,,2560,28.0,1964-06-13,1964.06.13,True,,115,115.0,110.0,109.0,True,False,,OlimpBase historical FIDE list,C:\chenxi\bazi_project\chess\Elo199401e.html,,112,4100387,1964-06-13,profile_wikidata_agree,north,resolved_unique_birthplace,Q4398934,Q883,Novosibirsk,55.03333333,82.91666667,"https://olimpbase.org/Elo/player/R/Ruban,%20Vadim.html",1964-06-13,True,,M,93,0.7815123635069026,0.8163672654690619,1964-06-13
1994-01,OlimpBase historical FIDE list,C:\chenxi\bazi_project\chess\Elo199401e.html,400173,"Sadler, Matthew",g,ENG,M,,2560,36.0,1974-05-15,1974.05.15,True,,113,113.0,110.0,109.0,True,False,,OlimpBase historical FIDE list,C:\chenxi\bazi_project\chess\Elo199401e.html,,112,400173,1974-05-15,profile_wikidata_agree,north,resolved_unique_birthplace,Q634634,Q729006,Chatham,51.38194444,0.52333333,"https://olimpbase.org/Elo/player/S/Sadler,%20Matthew.html",1974-05-15,True,,M,93,0.7815123635069026,0.8163672654690619,1974-05-15
1994-01,OlimpBase historical FIDE list,C:\chenxi\bazi_project\chess\Elo199401e.html,14200031,"Serper, Grigory",g,UZB,M,,2560,31.0,1969-09-14,1969.09.14,True,,114,114.0,110.0,109.0,True,False,,OlimpBase historical FIDE list,C:\chenxi\bazi_project\chess\Elo199401e.html,,112,2012642,1969-09-14,profile_wikidata_agree,north,resolved_unique_birthplace,Q2581383,Q269,Tashkent,41.31111111,69.27972222,"https://olimpbase.org/Elo/player/S/Serper,%20Grigory.html",1969-09-14,True,,M,93,0.7815123635069026,0.8163672654690619,1969-09-14
1994-01,OlimpBase historical FIDE list,C:\chenxi\bazi_project\chess\Elo199401e.html,14900025,"Stohl, Igor",g,SVK,M,,2560,55.0,1964-09-27,1964.09.27,True,,110,110.0,110.0,109.0,True,False,,OlimpBase historical FIDE list,C:\chenxi\bazi_project\chess\Elo199401e.html,,112,14900025,1964-09-27,profile_wikidata_agree,north,resolved_unique_birthplace,Q717486,Q1780,Bratislava,48.14816;48.1516988,17.10674;17.1093063,"https://olimpbase.org/Elo/player/S/Stohl,%20Igor.html",1964-09-27,True,,M,93,0.7815123635069026,0.8163672654690619,1964-09-27
1994-01,OlimpBase historical FIDE list,C:\chenxi\bazi_project\chess\Elo199401e.html,2000075,"Dlugy, Maxim",g,USA,M,,2555,4.0,1966-01-29,1966.01.29,True,,130,130.0,121.0,120.0,True,False,,OlimpBase historical FIDE list,C:\chenxi\bazi_project\chess\Elo199401e.html,,123,2000075,1966-01-29,profile_wikidata_agree,north,resolved_unique_birthplace,Q735208,Q649,Moscow,55.75055556,37.6175,"https://olimpbase.org/Elo/player/D/Dlugy,%20Maxim.html",1966-01-29,True,,M,102,0.7004714202140984,0.7984031936127745,1966-01-29
1994-01,OlimpBase historical FIDE list,C:\chenxi\bazi_project\chess\Elo199401e.html,13600044,"Giorgadze, Giorgi",g,GEO,M,,2555,2.0,1964-10-10,1964.10.10,True,,131,131.0,121.0,120.0,True,False,,OlimpBase historical FIDE list,C:\chenxi\bazi_project\chess\Elo199401e.html,,123,13600044,1964-10-10,profile_wikidata_agree,north,resolved_unique_birthplace,Q2195871,Q230,Georgia,42.0,44.0,"https://olimpbase.org/Elo/player/G/Giorgadze,%20Giorgi.html",1964-10-10,True,,M,102,0.7004714202140984,0.7984031936127745,1964-10-10
1994-01,OlimpBase historical FIDE list,C:\chenxi\bazi_project\chess\Elo199401e.html,2000202,"Ivanov, Alexander",g,USA,M,,2555,23.0,1956-05-01,1956.05.01,True,,126,126.0,121.0,120.0,True,False,,OlimpBase historical FIDE list,C:\chenxi\bazi_project\chess\Elo199401e.html,,123,2000202,1956-05-01,profile_wikidata_agree,north,resolved_unique_birthplace,Q2833146,Q898,Omsk,54.96666667,73.38333333,"https://olimpbase.org/Elo/player/I/Ivanov,%20Alexander.html",1956-05-01,True,,M,102,0.7004714202140984,0.7984031936127745,1956-05-01
1994-01,OlimpBase historical FIDE list,C:\chenxi\bazi_project\chess\Elo199401e.html,2802350,"Khenkin, Igor",g,ISR,M,,2555,47.0,1968-03-21,1968.03.21,True,,122,122.0,121.0,120.0,True,False,,OlimpBase historical FIDE list,C:\chenxi\bazi_project\chess\Elo199401e.html,,123,4659600,1968-03-21,profile_wikidata_agree,north,resolved_unique_birthplace,Q70779,Q2684,Vladimir,56.12861111,40.40583333,"https://olimpbase.org/Elo/player/K/Khenkin,%20Igor.html",1968-03-21,True,,M,102,0.7004714202140984,0.7984031936127745,1968-03-21
1994-01,OlimpBase historical FIDE list,C:\chenxi\bazi_project\chess\Elo199401e.html,700045,"Pinter, Jozsef",g,HUN,M,,2555,26.0,1953-11-09,1953.11.09,True,,125,125.0,121.0,120.0,True,False,,OlimpBase historical FIDE list,C:\chenxi\bazi_project\chess\Elo199401e.html,,123,700045,1953-11-09,profile_wikidata_agree,north,resolved_unique_birthplace,Q346022,Q1781,Budapest,47.49833333,19.04083333,"https://olimpbase.org/Elo/player/P/Pinter,%20Jozsef.html",1953-11-09,True,,M,102,0.7004714202140984,0.7984031936127745,1953-11-09
1994-01,OlimpBase historical FIDE list,C:\chenxi\bazi_project\chess\Elo199401e.html,4104226,"Sakaev, Konstantin",g,RUS,M,,2555,11.0,1974-04-13,1974.04.13,True,,129,129.0,121.0,120.0,True,False,,OlimpBase historical FIDE list,C:\chenxi\bazi_project\chess\Elo199401e.html,,123,4104226,1974-04-13,profile_wikidata_agree,north,resolved_unique_birthplace,Q964923,Q656,Saint Petersburg,59.95,30.31666667,"https://olimpbase.org/Elo/player/S/Sakaev,%20Konstantin.html",1974-04-13,True,,M,102,0.7004714202140984,0.7984031936127745,1974-04-13
1994-01,OlimpBase historical FIDE list,C:\chenxi\bazi_project\chess\Elo199401e.html,4100328,"Sokolov, Andrei",g,RUS,M,,2555,36.0,1963-03-20,1963.03.20,True,,123,123.0,121.0,120.0,True,False,,OlimpBase historical FIDE list,C:\chenxi\bazi_project\chess\Elo199401e.html,,123,627089,1963-03-20,profile_wikidata_agree,north,resolved_unique_birthplace,Q502570,Q133529,Vorkuta,67.5,64.03333333,"https://olimpbase.org/Elo/player/S/Sokolov,%20Andrei.html",1963-03-20,True,,M,102,0.7004714202140984,0.7984031936127745,1963-03-20
1994-01,OlimpBase historical FIDE list,C:\chenxi\bazi_project\chess\Elo199401e.html,8600040,"Ye, Jiangchuan",g,CHN,M,,2555,22.0,1960-11-20,1960.11.20,True,,127,127.0,121.0,120.0,True,False,,OlimpBase historical FIDE list,C:\chenxi\bazi_project\chess\Elo199401e.html,,123,8600040,1960-11-20,profile_wikidata_agree,north,resolved_unique_birthplace,Q1347422,Q42651,Wuxi,31.566667,120.283333,"https://olimpbase.org/Elo/player/Y/Ye,%20Jiangchuan.html",1960-11-20,True,,M,102,0.7004714202140984,0.7984031936127745,1960-11-20
1994-01,OlimpBase historical FIDE list,C:\chenxi\bazi_project\chess\Elo199401e.html,4100379,"Dvoirys, Semen I.",g,RUS,M,,2550,24.0,1958-11-02,1958.11.02,True,,139,139.0,132.0,131.0,True,False,,OlimpBase historical FIDE list,C:\chenxi\bazi_project\chess\Elo199401e.html,,134,4100379,1958-11-02,profile_wikidata_agree,north,resolved_unique_birthplace,Q4155852,Q906,Chelyabinsk,55.15,61.4,"https://olimpbase.org/Elo/player/D/Dvoirys,%20Semen%20I..html",1958-11-02,True,,M,110,0.619430476921294,0.782435129740519,1958-11-02
1994-01,OlimpBase historical FIDE list,C:\chenxi\bazi_project\chess\Elo199401e.html,4600118,"Hickl, Joerg",g,GER,M,,2550,61.0,1965-04-16,1965.04.16,True,,132,132.0,132.0,131.0,True,False,,OlimpBase historical FIDE list,C:\chenxi\bazi_project\chess\Elo199401e.html,,134,4600118,1965-04-16,profile_wikidata_agree,north,resolved_unique_birthplace,Q92207,Q1721,Wiesbaden,50.0825,8.24,"https://olimpbase.org/Elo/player/H/Hickl,%20Joerg.html",1965-04-16,True,,M,110,0.619430476921294,0.782435129740519,1965-04-16
1994-01,OlimpBase historical FIDE list,C:\chenxi\bazi_project\chess\Elo199401e.html,2000164,"Kudrin, Sergey",g,USA,M,,2550,21.0,1959-09-07,1959.09.07,True,,141=,141.0,132.0,131.0,True,False,,OlimpBase historical FIDE list,C:\chenxi\bazi_project\chess\Elo199401e.html,,134,2000164,1959-09-07,profile_wikidata_agree,north,resolved_unique_birthplace,Q2494807,Q883,Novosibirsk,55.03333333,82.91666667,"https://olimpbase.org/Elo/player/K/Kudrin,%20Sergey.html",1959-09-07,True,,M,110,0.619430476921294,0.782435129740519,1959-09-07
1994-01,OlimpBase historical FIDE list,C:\chenxi\bazi_project\chess\Elo199401e.html,3500020,"Nogueiras, Jesus",g,CUB,M,,2550,59.0,1959-07-17,1959.07.17,True,,133,133.0,132.0,131.0,True,False,,OlimpBase historical FIDE list,C:\chenxi\bazi_project\chess\Elo199401e.html,,134,3500020,1959-07-17,profile_wikidata_agree,north,resolved_unique_birthplace,Q1361566,Q211590,Santa Clara,22.40666667,-79.95305556,"https://olimpbase.org/Elo/player/N/Nogueiras,%20Jesus.html",1959-07-17,True,,M,110,0.619430476921294,0.782435129740519,1959-07-17
1994-01,OlimpBase historical FIDE list,C:\chenxi\bazi_project\chess\Elo199401e.html,2300028,"Petursson, Margeir",g,ISL,M,,2550,49.0,1960-02-15,1960.02.15,True,,134,134.0,132.0,131.0,True,False,,OlimpBase historical FIDE list,C:\chenxi\bazi_project\chess\Elo199401e.html,,134,2300028,1960-02-15,profile_wikidata_agree,north,resolved_unique_birthplace,Q1396774,Q1764,Reykjavík,64.1475,-21.935,"https://olimpbase.org/Elo/player/P/Petursson,%20Margeir.html",1960-02-15,True,,M,110,0.619430476921294,0.782435129740519,1960-02-15
1994-01,OlimpBase historical FIDE list,C:\chenxi\bazi_project\chess\Elo199401e.html,4101731,"Piskov, Yury",g,RUS,M,,2550,18.0,,,True,,143,143.0,132.0,131.0,True,False,,OlimpBase historical FIDE list,C:\chenxi\bazi_project\chess\Elo199401e.html,,134,4101731,1961-10-12,profile_wikidata_agree,north,resolved_unique_birthplace,Q4363644,Q649,Moscow,55.75055556,37.6175,"https://olimpbase.org/Elo/player/P/Piskov,%20Yury.html",1961-10-12,True,,M,110,0.619430476921294,0.782435129740519,1961-10-12
1994-01,OlimpBase historical FIDE list,C:\chenxi\bazi_project\chess\Elo199401e.html,4115309,"Rublevsky, Sergei",g,RUS,M,,2550,34.0,1974-10-15,1974.10.15,True,,138,138.0,132.0,131.0,True,False,,OlimpBase historical FIDE list,C:\chenxi\bazi_project\chess\Elo199401e.html,,134,4115309,1974-10-15,profile_wikidata_agree,north,resolved_unique_birthplace,Q727947,Q13379,Kurgan,55.44083333,65.34111111,"https://olimpbase.org/Elo/player/R/Rublevsky,%20Sergei.html",1974-10-15,True,,M,110,0.619430476921294,0.782435129740519,1974-10-15
1994-01,OlimpBase historical FIDE list,C:\chenxi\bazi_project\chess\Elo199401e.html,2600013,"Spraggett, Kevin",g,CAN,M,,2550,39.0,1954-11-10,1954.11.10,True,,136,136.0,132.0,131.0,True,False,,OlimpBase historical FIDE list,C:\chenxi\bazi_project\chess\Elo199401e.html,,134,2600013,1954-11-10,profile_wikidata_agree,north,resolved_unique_birthplace,Q948688,Q340,Montreal,45.5033426,-73.5868411,"https://olimpbase.org/Elo/player/S/Spraggett,%20Kevin.html",1954-11-10,True,,M,110,0.619430476921294,0.782435129740519,1954-11-10
1994-01,OlimpBase historical FIDE list,C:\chenxi\bazi_project\chess\Elo199401e.html,13600095,"Sturua, Zurab",g,GEO,M,,2550,39.0,1959-06-08,1959.06.08,True,,136=,136.0,132.0,131.0,True,False,,OlimpBase historical FIDE list,C:\chenxi\bazi_project\chess\Elo199401e.html,,134,13600095,1959-06-08,profile_wikidata_agree,north,resolved_unique_birthplace,Q2030950,Q994,Tbilisi,41.7225,44.7925,"https://olimpbase.org/Elo/player/S/Sturua,%20Zurab.html",1959-06-08,True,,M,110,0.619430476921294,0.782435129740519,1959-06-08
1994-01,OlimpBase historical FIDE list,C:\chenxi\bazi_project\chess\Elo199401e.html,8600031,"Xu, Jun",m,CHN,M,,2550,22.0,1962-09-17,1962.09.17,True,,140,140.0,132.0,131.0,True,False,,OlimpBase historical FIDE list,C:\chenxi\bazi_project\chess\Elo199401e.html,,134,8600031,1962-09-17,profile_wikidata_agree,north,resolved_unique_birthplace,Q2191949,Q42622,Suzhou,31.3,120.61944444,"https://olimpbase.org/Elo/player/X/Xu,%20Jun.html",1962-09-17,True,,M,110,0.619430476921294,0.782435129740519,1962-09-17
1994-01,OlimpBase historical FIDE list,C:\chenxi\bazi_project\chess\Elo199401e.html,4400011,"Zapata, Alonso",g,COL,M,,2550,40.0,1958-08-22,1958.08.22,True,,135,135.0,132.0,131.0,True,False,,OlimpBase historical FIDE list,C:\chenxi\bazi_project\chess\Elo199401e.html,,134,4400011,1958-08-22,profile_wikidata_agree,north,resolved_unique_birthplace,Q2071871,Q51111,Pereira,4.81444444,-75.69472222,"https://olimpbase.org/Elo/player/Z/Zapata,%20Alonso.html",1958-08-22,True,,M,110,0.619430476921294,0.782435129740519,1958-08-22
1994-01,OlimpBase historical FIDE list,C:\chenxi\bazi_project\chess\Elo199401e.html,900397,"Drasko, Milan",g,YUG,M,,2545,50.0,1962-12-06,1962.12.06,True,,146,146.0,145.0,143.0,True,False,,OlimpBase historical FIDE list,C:\chenxi\bazi_project\chess\Elo199401e.html,,147,900397,1962-12-06,profile_wikidata_agree,north,resolved_unique_birthplace,Q4167799,Q337683,Čapljina,43.11,17.7,"https://olimpbase.org/Elo/player/D/Drasko,%20Milan.html",1962-12-06,True,,M,121,0.5383895336284898,0.7604790419161677,1962-12-06
1994-01,OlimpBase historical FIDE list,C:\chenxi\bazi_project\chess\Elo199401e.html,2800020,"Gruenfeld, Yehuda",g,ISR,M,,2545,32.0,1956-02-28,1956.02.28,True,,154,154.0,145.0,143.0,True,False,,OlimpBase historical FIDE list,C:\chenxi\bazi_project\chess\Elo199401e.html,,147,2800020,1956-02-28,profile_wikidata_agree,north,resolved_unique_birthplace,Q1338537,Q778251,Dzierżoniów,50.72805556,16.65111111,"https://olimpbase.org/Elo/player/G/Gruenfeld,%20Yehuda.html",1956-02-28,True,,M,121,0.5383895336284898,0.7604790419161677,1956-02-28
1994-01,OlimpBase historical FIDE list,C:\chenxi\bazi_project\chess\Elo199401e.html,2000407,"Gurevich, Dmitry",g,USA,M,,2545,33.0,1956-09-11,1956.09.11,True,,153,153.0,145.0,143.0,True,False,,OlimpBase historical FIDE list,C:\chenxi\bazi_project\chess\Elo199401e.html,,147,2000407,1956-09-11,profile_wikidata_agree,north,resolved_unique_birthplace,Q2074839,Q649,Moscow,55.75055556,37.6175,"https://olimpbase.org/Elo/player/G/Gurevich,%20Dmitry.html",1956-09-11,True,,M,121,0.5383895336284898,0.7604790419161677,1956-09-11
1994-01,OlimpBase historical FIDE list,C:\chenxi\bazi_project\chess\Elo199401e.html,1400037,"Hansen, Lars Bo",g,DEN,M,,2545,55.0,1968-09-24,1968.09.24,True,,145,145.0,145.0,143.0,True,False,,OlimpBase historical FIDE list,C:\chenxi\bazi_project\chess\Elo199401e.html,,147,1400037,1968-09-24,profile_wikidata_agree,north,resolved_unique_birthplace,Q724540,Q986435,Nykøbing Falster,54.76666667,11.88333333,"https://olimpbase.org/Elo/player/H/Hansen,%20Lars%20Bo.html",1968-09-24,True,,M,121,0.5383895336284898,0.7604790419161677,1968-09-24
1994-01,OlimpBase historical FIDE list,C:\chenxi\bazi_project\chess\Elo199401e.html,4200012,"Kotronias, Vasilios",g,GRE,M,,2545,44.0,1964-08-25,1964.08.25,True,,150,150.0,145.0,143.0,True,False,,OlimpBase historical FIDE list,C:\chenxi\bazi_project\chess\Elo199401e.html,,147,5900212,1964-08-25,profile_wikidata_agree,north,resolved_unique_birthplace,Q1335802,Q1524,Athens,37.98416667,23.72805556,"https://olimpbase.org/Elo/player/K/Kotronias,%20Vasilios.html",1964-08-25,True,,M,121,0.5383895336284898,0.7604790419161677,1964-08-25
1994-01,OlimpBase historical FIDE list,C:\chenxi\bazi_project\chess\Elo199401e.html,703303,"Leko, Peter",g,HUN,M,,2545,46.0,1979-09-08,1979.09.08,True,,149,149.0,145.0,143.0,True,False,,OlimpBase historical FIDE list,C:\chenxi\bazi_project\chess\Elo199401e.html,,147,703303,1979-09-08,profile_wikidata_agree,north,resolved_unique_birthplace,Q210922,Q170287,Subotica,46.1002058,19.6653273,"https://olimpbase.org/Elo/player/L/Leko,%20Peter.html",1979-09-08,True,,M,121,0.5383895336284898,0.7604790419161677,1979-09-08
1994-01,OlimpBase historical FIDE list,C:\chenxi\bazi_project\chess\Elo199401e.html,13300040,"Minasian, Artashes",g,ARM,M,,2545,48.0,1967-01-21,1967.01.21,True,,147,147.0,145.0,143.0,True,False,,OlimpBase historical FIDE list,C:\chenxi\bazi_project\chess\Elo199401e.html,,147,13300040,1967-01-21,profile_wikidata_agree,north,resolved_unique_birthplace,Q706149,Q1953,Yerevan,40.18138889,44.51444444,"https://olimpbase.org/Elo/player/M/Minasian,%20Artashes.html",1967-01-21,True,,M,121,0.5383895336284898,0.7604790419161677,1967-01-21
1994-01,OlimpBase historical FIDE list,C:\chenxi\bazi_project\chess\Elo199401e.html,4102240,"Sherbakov, Ruslan",g,RUS,M,,2545,27.0,1969-09-14,1969.09.14,True,,156,156.0,145.0,143.0,True,False,,OlimpBase historical FIDE list,C:\chenxi\bazi_project\chess\Elo199401e.html,,147,4102240,1969-09-14,profile_wikidata_agree,north,resolved_unique_birthplace,Q4528844,Q132714,Borovichi,58.4,33.91666667,"https://olimpbase.org/Elo/player/S/Sherbakov,%20Ruslan.html",1969-09-14,True,,M,121,0.5383895336284898,0.7604790419161677,1969-09-14
1994-01,OlimpBase historical FIDE list,C:\chenxi\bazi_project\chess\Elo199401e.html,4100425,"Smagin, Sergey",g,RUS,M,,2545,47.0,1958-09-08,1958.09.08,True,,148,148.0,145.0,143.0,True,False,,OlimpBase historical FIDE list,C:\chenxi\bazi_project\chess\Elo199401e.html,,147,4100425,1958-09-08,profile_wikidata_agree,north,resolved_unique_birthplace,Q1749798,Q175517,Norilsk,69.33333333,88.21666667,"https://olimpbase.org/Elo/player/S/Smagin,%20Sergey.html",1958-09-08,True,,M,121,0.5383895336284898,0.7604790419161677,1958-09-08
1994-01,OlimpBase historical FIDE list,C:\chenxi\bazi_project\chess\Elo199401e.html,4113403,"Zvjaginsev, Vadim",m,RUS,M,,2545,35.0,1976-08-18,1976.08.18,True,,151=,151.0,145.0,143.0,True,False,,OlimpBase historical FIDE list,C:\chenxi\bazi_project\chess\Elo199401e.html,,147,4113403,1976-08-18,profile_wikidata_agree,north,resolved_unique_birthplace,Q910231,Q649,Moscow,55.75055556,37.6175,"https://olimpbase.org/Elo/player/Z/Zvjaginsev,%20Vadim.html",1976-08-18,True,,M,121,0.5383895336284898,0.7604790419161677,1976-08-18
1994-01,OlimpBase historical FIDE list,C:\chenxi\bazi_project\chess\Elo199401e.html,2000113,"Dzindzichashvili, Roman",g,USA,M,,2540,21.0,1944-05-05,1944.05.05,True,,165,165.0,158.0,156.0,True,False,,OlimpBase historical FIDE list,C:\chenxi\bazi_project\chess\Elo199401e.html,,160,2000113,1944-05-05,profile_wikidata_agree,north,resolved_unique_birthplace,Q709682,Q994,Tbilisi,41.7225,44.7925,"https://olimpbase.org/Elo/player/D/Dzindzikhashvili,%20Roman.html",1944-05-05,True,,M,131,0.4573485903356856,0.7405189620758483,1944-05-05
1994-01,OlimpBase historical FIDE list,C:\chenxi\bazi_project\chess\Elo199401e.html,14200023,"Loginov, Valery A.",g,UZB,M,,2540,79.0,1955-12-13,1955.12.13,True,,159,159.0,158.0,156.0,True,False,,OlimpBase historical FIDE list,C:\chenxi\bazi_project\chess\Elo199401e.html,,160,4126297,1955-12-13,profile_wikidata_agree,north,resolved_unique_birthplace,Q2542149,Q2219,Syzran,53.16666667,48.46666667,"https://olimpbase.org/Elo/player/L/Loginov,%20Valery%20A..html",1955-12-13,True,,M,131,0.4573485903356856,0.7405189620758483,1955-12-13
1994-01,OlimpBase historical FIDE list,C:\chenxi\bazi_project\chess\Elo199401e.html,4100468,"Makarichev, Sergey",g,RUS,M,,2540,0.0,1953-11-17,1953.11.17,True,,167,167.0,158.0,156.0,True,False,,OlimpBase historical FIDE list,C:\chenxi\bazi_project\chess\Elo199401e.html,,160,4100468,1953-11-17,profile_wikidata_agree,north,resolved_unique_birthplace,Q726578,Q649,Moscow,55.75055556,37.6175,"https://olimpbase.org/Elo/player/M/Makarichev,%20Sergey.html",1953-11-17,True,,M,131,0.4573485903356856,0.7405189620758483,1953-11-17
1994-01,OlimpBase historical FIDE list,C:\chenxi\bazi_project\chess\Elo199401e.html,14101262,"Savchenko, Stanislav",g,UKR,M,,2540,34.0,1967-01-21,1967.01.21,True,,164,164.0,158.0,156.0,True,False,,OlimpBase historical FIDE list,C:\chenxi\bazi_project\chess\Elo199401e.html,,160,14101262,1967-01-21,profile_wikidata_agree,north,resolved_unique_birthplace,Q2076246,Q133356,Ukrainian Soviet Socialist Republic,50.44444444,30.52888889,"https://olimpbase.org/Elo/player/S/Savchenko,%20Stanislav.html",1967-01-21,True,,M,131,0.4573485903356856,0.7405189620758483,1967-01-21
1994-01,OlimpBase historical FIDE list,C:\chenxi\bazi_project\chess\Elo199401e.html,4600169,"Schlosser, Philipp",g,GER,M,,2540,46.0,1968-09-19,1968.09.19,True,,162,162.0,158.0,156.0,True,False,,OlimpBase historical FIDE list,C:\chenxi\bazi_project\chess\Elo199401e.html,,160,4600169,1968-08-19,profile_wikidata_agree,north,resolved_unique_birthplace,Q74873,Q1726,Munich,48.1375,11.575,"https://olimpbase.org/Elo/player/S/Schlosser,%20Philipp.html",1968-08-19,True,,M,131,0.4573485903356856,0.7405189620758483,1968-08-19
1994-01,OlimpBase historical FIDE list,C:\chenxi\bazi_project\chess\Elo199401e.html,2900041,"Spasov, Vasil",g,BUL,M,,2540,39.0,1971-02-17,1971.02.17,True,,163,163.0,158.0,156.0,True,False,,OlimpBase historical FIDE list,C:\chenxi\bazi_project\chess\Elo199401e.html,,160,2900041,1971-02-17,profile_wikidata_agree,north,resolved_unique_birthplace,Q964563,Q6506,Varna,43.211375,27.91108,"https://olimpbase.org/Elo/player/S/Spasov,%20Vasil.html",1971-02-17,True,,M,131,0.4573485903356856,0.7405189620758483,1971-02-17
1994-01,OlimpBase historical FIDE list,C:\chenxi\bazi_project\chess\Elo199401e.html,700126,"Tolnai, Tibor",g,HUN,M,,2540,81.0,1964-09-23,1964.09.23,True,,158,158.0,158.0,156.0,True,False,,OlimpBase historical FIDE list,C:\chenxi\bazi_project\chess\Elo199401e.html,,160,700126,1964-09-23,profile_wikidata_agree,north,resolved_unique_birthplace,Q2431599,Q124375,Hódmezővásárhely,46.43027778,20.31888889,"https://olimpbase.org/Elo/player/T/Tolnai,%20Tibor.html",1964-09-23,True,,M,131,0.4573485903356856,0.7405189620758483,1964-09-23
1994-01,OlimpBase historical FIDE list,C:\chenxi\bazi_project\chess\Elo199401e.html,13500139,"Aleksandrov, Aleksej",m,BLR,M,,2535,42.0,1973-05-11,1973.05.11,True,,174,174.0,169.0,167.0,True,False,,OlimpBase historical FIDE list,C:\chenxi\bazi_project\chess\Elo199401e.html,,171,13500139,1973-05-11,profile_wikidata_agree,north,resolved_unique_birthplace,Q2034176,Q955992,Kobryn,52.2125,24.35666667,"https://olimpbase.org/Elo/player/A/Aleksandrov,%20Aleksej.html",1973-05-11,True,,M,138,0.37630764704288133,0.7265469061876247,1973-05-11
1994-01,OlimpBase historical FIDE list,C:\chenxi\bazi_project\chess\Elo199401e.html,4611268,"Boensch, Uwe",g,GER,M,,2535,38.0,1958-10-15,1958.10.15,True,,176,176.0,169.0,167.0,True,False,,OlimpBase historical FIDE list,C:\chenxi\bazi_project\chess\Elo199401e.html,,171,4611268,1958-10-15,profile_wikidata_agree,north,resolved_unique_birthplace,Q90555,Q2814,Halle (Saale),51.48277778,11.96972222,"https://olimpbase.org/Elo/player/B/Boensch,%20Uwe.html",1958-10-15,True,,M,138,0.37630764704288133,0.7265469061876247,1958-10-15
1994-01,OlimpBase historical FIDE list,C:\chenxi\bazi_project\chess\Elo199401e.html,4101332,"Gleizerov, Evgeny",g,RUS,M,,2535,56.0,1963-03-20,1963.03.20,True,,171,171.0,169.0,167.0,True,False,,OlimpBase historical FIDE list,C:\chenxi\bazi_project\chess\Elo199401e.html,,171,4101332,1963-03-20,profile_wikidata_agree,north,resolved_unique_birthplace,Q2587450,Q2801,Bryansk,53.2425,34.36666667,"https://olimpbase.org/Elo/player/G/Gleizerov,%20Evgeny.html",1963-03-20,True,,M,138,0.37630764704288133,0.7265469061876247,1963-03-20
1994-01,OlimpBase historical FIDE list,C:\chenxi\bazi_project\chess\Elo199401e.html,4600029,"Hort, Vlastimil",g,GER,M,,2535,6.0,1944-01-12,1944.01.12,True,,187,187.0,169.0,167.0,True,False,,OlimpBase historical FIDE list,C:\chenxi\bazi_project\chess\Elo199401e.html,,171,4600029,1944-01-12,profile_wikidata_agree,north,resolved_unique_birthplace,Q61880,Q155993,Kladno,50.14305556,14.10527778,"https://olimpbase.org/Elo/player/H/Hort,%20Vlastimil.html",1944-01-12,True,,M,138,0.37630764704288133,0.7265469061876247,1944-01-12
1994-01,OlimpBase historical FIDE list,C:\chenxi\bazi_project\chess\Elo199401e.html,700118,"Horvath, Csaba",g,HUN,M,,2535,39.0,1968-06-05,1968.06.05,True,,175,175.0,169.0,167.0,True,False,,OlimpBase historical FIDE list,C:\chenxi\bazi_project\chess\Elo199401e.html,,171,700118,1968-06-05,profile_wikidata_agree,north,resolved_unique_birthplace,Q1142618,Q1781,Budapest,47.49833333,19.04083333,"https://olimpbase.org/Elo/player/H/Horvath,%20Csaba.html",1968-06-05,True,,M,138,0.37630764704288133,0.7265469061876247,1968-06-05
1994-01,OlimpBase historical FIDE list,C:\chenxi\bazi_project\chess\Elo199401e.html,4100948,"Kharitonov, Andrei Y.",g,RUS,M,,2535,19.0,1959-04-04,1959.04.04,True,,186,186.0,169.0,167.0,True,False,,OlimpBase historical FIDE list,C:\chenxi\bazi_project\chess\Elo199401e.html,,171,4100948,1959-04-04,profile_wikidata_agree,north,resolved_unique_birthplace,Q4495896,Q2630,Ivanovo,57.0,41.0,"https://olimpbase.org/Elo/player/K/Kharitonov,%20Andrei%20Y..html",1959-04-04,True,,M,138,0.37630764704288133,0.7265469061876247,1959-04-04
1994-01,OlimpBase historical FIDE list,C:\chenxi\bazi_project\chess\Elo199401e.html,4600053,"Kindermann, Stefan",g,GER,M,,2535,26.0,1959-12-28,1959.12.28,True,,183,183.0,169.0,167.0,True,False,,OlimpBase historical FIDE list,C:\chenxi\bazi_project\chess\Elo199401e.html,,171,4600053,1959-12-28,profile_wikidata_agree,north,resolved_unique_birthplace,Q114505,Q1741,Vienna,48.20833333,16.3725,"https://olimpbase.org/Elo/player/K/Kindermann,%20Stefan.html",1959-12-28,True,,M,138,0.37630764704288133,0.7265469061876247,1959-12-28
1994-01,OlimpBase historical FIDE list,C:\chenxi\bazi_project\chess\Elo199401e.html,14101270,"Komarov, Dimitri",m,UKR,M,,2535,82.0,1968-12-01,1968.12.01,True,,169,169.0,169.0,167.0,True,False,,OlimpBase historical FIDE list,C:\chenxi\bazi_project\chess\Elo199401e.html,,171,14101270,1968-12-01,profile_wikidata_agree,north,resolved_unique_birthplace,Q4229283,Q1899,Kyiv,50.45,30.52361111,"https://olimpbase.org/Elo/player/K/Komarov,%20Dimitri.html",1968-12-01,True,,M,138,0.37630764704288133,0.7265469061876247,1968-12-01
1994-01,OlimpBase historical FIDE list,C:\chenxi\bazi_project\chess\Elo199401e.html,11600047,"Lanka, Zigurds",g,LAT,M,,2535,75.0,1960-05-21,1960.05.21,True,,170,170.0,169.0,167.0,True,False,,OlimpBase historical FIDE list,C:\chenxi\bazi_project\chess\Elo199401e.html,,171,11600047,1960-05-21,profile_wikidata_agree,north,resolved_unique_birthplace,Q202786,Q789351,Baldone,56.7425,24.39083333,"https://olimpbase.org/Elo/player/L/Lanka,%20Zigurds.html",1960-05-21,True,,M,138,0.37630764704288133,0.7265469061876247,1960-05-21
1994-01,OlimpBase historical FIDE list,C:\chenxi\bazi_project\chess\Elo199401e.html,4600134,"Lau, Ralf",g,GER,M,,2535,52.0,1959-10-19,1959.10.19,True,,172,172.0,169.0,167.0,True,False,,OlimpBase historical FIDE list,C:\chenxi\bazi_project\chess\Elo199401e.html,,171,4600134,1959-10-19,profile_wikidata_agree,north,resolved_unique_birthplace,Q96227,Q3907,Delmenhorst,53.05055556,8.63166667,"https://olimpbase.org/Elo/player/L/Lau,%20Ralf.html",1959-10-19,True,,M,138,0.37630764704288133,0.7265469061876247,1959-10-19
1994-01,OlimpBase historical FIDE list,C:\chenxi\bazi_project\chess\Elo199401e.html,14100100,"Moskalenko, Viktor",g,UKR,M,,2535,31.0,1960-12-04,1960.12.04,True,,179=,179.0,169.0,167.0,True,False,,OlimpBase historical FIDE list,C:\chenxi\bazi_project\chess\Elo199401e.html,,171,14100100,1960-12-04,profile_wikidata_agree,north,resolved_unique_birthplace,Q616042,Q1874,Odesa,46.47747,30.73262,"https://olimpbase.org/Elo/player/M/Moskalenko,%20Viktor.html",1960-12-04,True,,M,138,0.37630764704288133,0.7265469061876247,1960-12-04
1994-01,OlimpBase historical FIDE list,C:\chenxi\bazi_project\chess\Elo199401e.html,2300010,"Olafsson, Helgi",g,ISL,M,,2535,27.0,1956-08-15,1956.08.15,True,,182,182.0,169.0,167.0,True,False,,OlimpBase historical FIDE list,C:\chenxi\bazi_project\chess\Elo199401e.html,,171,2300010,1956-08-15,profile_wikidata_agree,north,resolved_unique_birthplace,Q1397091,Q211182,Heimaey,63.42696709,-20.26931488,"https://olimpbase.org/Elo/player/O/Olafsson,%20Helgi.html",1956-08-15,True,,M,138,0.37630764704288133,0.7265469061876247,1956-08-15
1994-01,OlimpBase historical FIDE list,C:\chenxi\bazi_project\chess\Elo199401e.html,14101025,"Onischuk, Alexander",m,UKR,M,,2535,38.0,,,True,,176=,176.0,169.0,167.0,True,False,,OlimpBase historical FIDE list,C:\chenxi\bazi_project\chess\Elo199401e.html,,171,14101025,1975-09-03,profile_wikidata_agree,north,resolved_unique_birthplace,Q378734,Q19566,Simferopol,44.948376,34.100039,"https://olimpbase.org/Elo/player/O/Onischuk,%20Alexander.html",1975-09-03,True,,M,138,0.37630764704288133,0.7265469061876247,1975-09-03
1994-01,OlimpBase historical FIDE list,C:\chenxi\bazi_project\chess\Elo199401e.html,4100603,"Rashkovsky, Nukhim N.",g,RUS,M,,2535,29.0,1946-04-18,1946.04.18,True,,181,181.0,169.0,167.0,True,False,,OlimpBase historical FIDE list,C:\chenxi\bazi_project\chess\Elo199401e.html,,171,4100603,1946-04-18,profile_wikidata_agree,north,resolved_unique_birthplace,Q1749802,Q887,Yekaterinburg,56.83555556,60.61277778,"https://olimpbase.org/Elo/player/R/Rashkovsky,%20Nukhim%20N..html",1946-04-18,True,,M,138,0.37630764704288133,0.7265469061876247,1946-04-18
1994-01,OlimpBase historical FIDE list,C:\chenxi\bazi_project\chess\Elo199401e.html,13600052,"Ubilava, Elizbar",g,GEO,M,,2535,22.0,1950-08-27,1950.08.27,True,,185,185.0,169.0,167.0,True,False,,OlimpBase historical FIDE list,C:\chenxi\bazi_project\chess\Elo199401e.html,,171,13600052,1950-08-27,profile_wikidata_agree,north,resolved_unique_birthplace,Q2563589,Q994,Tbilisi,41.7225,44.7925,"https://olimpbase.org/Elo/player/U/Ubilava,%20Elizbar.html",1950-08-27,True,,M,138,0.37630764704288133,0.7265469061876247,1950-08-27
1994-01,OlimpBase historical FIDE list,C:\chenxi\bazi_project\chess\Elo199401e.html,4101146,"Arkhipov, Sergey",g,RUS,M,,2530,54.0,1954-06-23,1954.06.23,True,,189,189.0,188.0,186.0,True,False,,OlimpBase historical FIDE list,C:\chenxi\bazi_project\chess\Elo199401e.html,,190,4101146,1954-06-23,profile_wikidata_agree,north,resolved_unique_birthplace,Q4070791,Q649,Moscow,55.75055556,37.6175,"https://olimpbase.org/Elo/player/A/Arkhipov,%20Sergey.html",1954-06-23,True,,M,153,0.2952667037500771,0.6966067864271457,1954-06-23
1994-01,OlimpBase historical FIDE list,C:\chenxi\bazi_project\chess\Elo199401e.html,6300014,"Atalik, Suat",m,TUR,M,,2530,43.0,1964-10-10,1964.10.10,True,,192,192.0,188.0,186.0,True,False,,OlimpBase historical FIDE list,C:\chenxi\bazi_project\chess\Elo199401e.html,,190,14401487,1964-10-10,profile_wikidata_agree,north,resolved_unique_birthplace,Q1346942,Q406,Istanbul,41.01,28.96027778,"https://olimpbase.org/Elo/player/A/Atalik,%20Suat.html",1964-10-10,True,,M,153,0.2952667037500771,0.6966067864271457,1964-10-10
1994-01,OlimpBase historical FIDE list,C:\chenxi\bazi_project\chess\Elo199401e.html,2800055,"Beim, Valery",m,ISR,M,,2530,33.0,1950-03-17,1950.03.17,True,,196,196.0,188.0,186.0,True,False,,OlimpBase historical FIDE list,C:\chenxi\bazi_project\chess\Elo199401e.html,,190,1613782,1950-03-17,profile_wikidata_agree,north,resolved_unique_birthplace,Q356004,Q1874,Odesa,46.47747,30.73262,"https://olimpbase.org/Elo/player/B/Beim,%20Valery.html",1950-03-17,True,,M,153,0.2952667037500771,0.6966067864271457,1950-03-17
1994-01,OlimpBase historical FIDE list,C:\chenxi\bazi_project\chess\Elo199401e.html,4105109,"Burmakin, Vladimir",m,RUS,M,,2530,65.0,,,True,,188,188.0,188.0,186.0,True,False,,OlimpBase historical FIDE list,C:\chenxi\bazi_project\chess\Elo199401e.html,,190,4105109,1967-06-06,profile_wikidata_agree,north,resolved_unique_birthplace,Q489109,Q1763,Murmansk,68.96666667,33.08333333,"https://olimpbase.org/Elo/player/B/Burmakin,%20Vladimir.html",1967-06-06,True,,M,153,0.2952667037500771,0.6966067864271457,1967-06-06
1994-01,OlimpBase historical FIDE list,C:\chenxi\bazi_project\chess\Elo199401e.html,1201271,"Crisan, Alexandru",g,ROM,M,,2530,24.0,1962-07-31,1962.07.31,True,,203,203.0,188.0,186.0,True,False,,OlimpBase historical FIDE list,C:\chenxi\bazi_project\chess\Elo199401e.html,,190,1201271,1962-07-31,profile_wikidata_agree,north,resolved_unique_birthplace,Q211194,Q3846983,Șimleu Silvaniei,47.23,22.8,"https://olimpbase.org/Elo/player/C/Crisan,%20Alexandru.html",1962-07-31,True,,M,153,0.2952667037500771,0.6966067864271457,1962-07-31
1994-01,OlimpBase historical FIDE list,C:\chenxi\bazi_project\chess\Elo199401e.html,4600967,"Gabriel, Christian",m,GER,M,,2530,22.0,1975-03-03,1975.03.03,True,,204,204.0,188.0,186.0,True,False,,OlimpBase historical FIDE list,C:\chenxi\bazi_project\chess\Elo199401e.html,,190,4600967,1975-03-03,profile_wikidata_agree,north,resolved_unique_birthplace,Q92507,Q75634,Reșița,45.3,21.89027778,"https://olimpbase.org/Elo/player/G/Gabriel,%20Christian.html",1975-03-03,True,,M,153,0.2952667037500771,0.6966067864271457,1975-03-03
1994-01,OlimpBase historical FIDE list,C:\chenxi\bazi_project\chess\Elo199401e.html,13600028,"Giorgadze, Tamaz",g,GEO,M,,2530,0.0,1947-11-09,1947.11.09,True,,208,208.0,188.0,186.0,True,False,,OlimpBase historical FIDE list,C:\chenxi\bazi_project\chess\Elo199401e.html,,190,13600028,1947-11-09,profile_wikidata_agree,north,resolved_unique_birthplace,Q2391310,Q994,Tbilisi,41.7225,44.7925,"https://olimpbase.org/Elo/player/G/Giorgadze,%20Tamaz.html",1947-11-09,True,,M,153,0.2952667037500771,0.6966067864271457,1947-11-09
1994-01,OlimpBase historical FIDE list,C:\chenxi\bazi_project\chess\Elo199401e.html,400084,"Hebden, Mark",g,ENG,M,,2530,29.0,1958-02-15,1958.02.15,True,,199,199.0,188.0,186.0,True,False,,OlimpBase historical FIDE list,C:\chenxi\bazi_project\chess\Elo199401e.html,,190,400084,1958-02-15,profile_wikidata_agree,north,resolved_unique_birthplace,Q2155549,Q83065,Leicester,52.63611111,-1.13305556,"https://olimpbase.org/Elo/player/H/Hebden,%20Mark.html",1958-02-15,True,,M,153,0.2952667037500771,0.6966067864271457,1958-02-15
1994-01,OlimpBase historical FIDE list,C:\chenxi\bazi_project\chess\Elo199401e.html,4611250,"Knaak, Rainer",g,GER,M,,2530,18.0,1953-03-16,1953.03.16,True,,206,206.0,188.0,186.0,True,False,,OlimpBase historical FIDE list,C:\chenxi\bazi_project\chess\Elo199401e.html,,190,4611250,1953-03-16,profile_wikidata_agree,north,resolved_unique_birthplace,Q76254,Q493924,Pasewalk,53.50627,13.98997,"https://olimpbase.org/Elo/player/K/Knaak,%20Rainer.html",1953-03-16,True,,M,153,0.2952667037500771,0.6966067864271457,1953-03-16
1994-01,OlimpBase historical FIDE list,C:\chenxi\bazi_project\chess\Elo199401e.html,13500023,"Kovalev, Andrei",g,BLR,M,,2530,25.0,1961-11-07,1961.11.07,True,,201,201.0,188.0,186.0,True,False,,OlimpBase historical FIDE list,C:\chenxi\bazi_project\chess\Elo199401e.html,,190,13500023,1961-11-07,profile_wikidata_agree,north,resolved_unique_birthplace,Q3917277,Q102217,Vitebsk,55.18333333,30.16666667,"https://olimpbase.org/Elo/player/K/Kovalev,%20Andrei.html",1961-11-07,True,,M,153,0.2952667037500771,0.6966067864271457,1961-11-07
1994-01,OlimpBase historical FIDE list,C:\chenxi\bazi_project\chess\Elo199401e.html,1200020,"Marin, Mihail",g,ROM,M,,2530,38.0,1965-04-21,1965.04.21,True,,193,193.0,188.0,186.0,True,False,,OlimpBase historical FIDE list,C:\chenxi\bazi_project\chess\Elo199401e.html,,190,1200020,1965-04-21,profile_wikidata_agree,north,resolved_unique_birthplace,Q576461,Q19660,Bucharest,44.41336111,26.09777778,"https://olimpbase.org/Elo/player/M/Marin,%20Mihail.html",1965-04-21,True,,M,153,0.2952667037500771,0.6966067864271457,1965-04-21
1994-01,OlimpBase historical FIDE list,C:\chenxi\bazi_project\chess\Elo199401e.html,14100126,"Mikhalchishin, Adrian",g,UKR,M,,2530,35.0,1954-11-18,1954.11.18,True,,195,195.0,188.0,186.0,True,False,,OlimpBase historical FIDE list,C:\chenxi\bazi_project\chess\Elo199401e.html,,190,14602385,1954-11-18,profile_wikidata_agree,north,resolved_unique_birthplace,Q373570,Q36036,Lviv,49.838055;49.841952,24.023055;24.0315921,"https://olimpbase.org/Elo/player/M/Mikhalchishin,%20Adrian.html",1954-11-18,True,,M,153,0.2952667037500771,0.6966067864271457,1954-11-18
1994-01,OlimpBase historical FIDE list,C:\chenxi\bazi_project\chess\Elo199401e.html,14100150,"Neverov, Valeriy",g,UKR,M,,2530,38.0,1964-06-21,1964.06.21,True,,193=,193.0,188.0,186.0,True,False,,OlimpBase historical FIDE list,C:\chenxi\bazi_project\chess\Elo199401e.html,,190,14100150,1964-06-21,profile_wikidata_agree,north,resolved_unique_birthplace,Q2350551,Q42308,Kharkiv,49.9925,36.23111111,"https://olimpbase.org/Elo/player/N/Neverov,%20Valeriy.html",1964-06-21,True,,M,153,0.2952667037500771,0.6966067864271457,1964-06-21
1994-01,OlimpBase historical FIDE list,C:\chenxi\bazi_project\chess\Elo199401e.html,1000063,"Nijboer, Friso",g,NED,M,,2530,25.0,1965-05-26,1965.05.26,True,,201=,201.0,188.0,186.0,True,False,,OlimpBase historical FIDE list,C:\chenxi\bazi_project\chess\Elo199401e.html,,190,1000063,1965-05-26,profile_wikidata_agree,north,resolved_unique_birthplace,Q1379866,Q47887,Nijmegen,51.8475,5.8625,"https://olimpbase.org/Elo/player/N/Nijboer,%20Friso.html",1965-05-26,True,,M,153,0.2952667037500771,0.6966067864271457,1965-05-26
1994-01,OlimpBase historical FIDE list,C:\chenxi\bazi_project\chess\Elo199401e.html,4100654,"Yakovich, Yuri",g,RUS,M,,2530,44.0,1962-11-30,1962.11.30,True,,191,191.0,188.0,186.0,True,False,,OlimpBase historical FIDE list,C:\chenxi\bazi_project\chess\Elo199401e.html,,190,4100654,1962-11-30,profile_wikidata_agree,north,resolved_unique_birthplace,Q4536812,Q894,Samara,53.18333333,50.11666667,"https://olimpbase.org/Elo/player/Y/Yakovich,%20Yuri.html",1962-11-30,True,,M,153,0.2952667037500771,0.6966067864271457,1962-11-30
1994-01,OlimpBase historical FIDE list,C:\chenxi\bazi_project\chess\Elo199401e.html,13600109,"Zaichik, Gennadi",g,GEO,M,,2530,30.0,1957-02-11,1957.02.11,True,,198,198.0,188.0,186.0,True,False,,OlimpBase historical FIDE list,C:\chenxi\bazi_project\chess\Elo199401e.html,,190,13600109,1957-02-11,profile_wikidata_agree,north,resolved_unique_birthplace,Q4184534,Q994,Tbilisi,41.7225,44.7925,"https://olimpbase.org/Elo/player/Z/Zaichik,%20Gennadi.html",1957-02-11,True,,M,153,0.2952667037500771,0.6966067864271457,1957-02-11
1994-01,OlimpBase historical FIDE list,C:\chenxi\bazi_project\chess\Elo199401e.html,300047,"Blatny, Pavel",g,CZE,M,,2525,32.0,1968-06-22,1968.06.22,True,,222,222.0,209.0,207.0,True,False,,OlimpBase historical FIDE list,C:\chenxi\bazi_project\chess\Elo199401e.html,,211,300047,1968-06-22,profile_wikidata_agree,north,resolved_unique_birthplace,Q363211,Q14960,Brno,49.19527778,16.60833333,"https://olimpbase.org/Elo/player/B/Blatny,%20Pavel.html",1968-06-22,True,,M,169,0.21422576045727285,0.6646706586826348,1968-06-22
1994-01,OlimpBase historical FIDE list,C:\chenxi\bazi_project\chess\Elo199401e.html,404420,"Davies, Nigel R.",g,ENG,M,,2525,62.0,1960-07-31,1960.07.31,True,,211,211.0,209.0,207.0,True,False,,OlimpBase historical FIDE list,C:\chenxi\bazi_project\chess\Elo199401e.html,,211,404420,1960-07-31,profile_wikidata_agree,north,resolved_unique_birthplace,Q1384750,Q868647,Southport,53.64694444,-3.00805556,"https://olimpbase.org/Elo/player/D/Davies,%20Nigel%20R..html",1960-07-31,True,,M,169,0.21422576045727285,0.6646706586826348,1960-07-31
1994-01,OlimpBase historical FIDE list,C:\chenxi\bazi_project\chess\Elo199401e.html,2000377,"Fishbein, Alexander",g,USA,M,,2525,7.0,1968-05-08,1968.05.08,True,,234,234.0,209.0,207.0,True,False,,OlimpBase historical FIDE list,C:\chenxi\bazi_project\chess\Elo199401e.html,,211,2000377,1968-05-08,profile_wikidata_agree,north,resolved_unique_birthplace,Q488452,Q656,Saint Petersburg,59.95,30.31666667,"https://olimpbase.org/Elo/player/F/Fishbein,%20Alexander.html",1968-05-08,True,,M,169,0.21422576045727285,0.6646706586826348,1968-05-08
1994-01,OlimpBase historical FIDE list,C:\chenxi\bazi_project\chess\Elo199401e.html,400165,"Flear, Glenn C.",g,ENG,M,,2525,62.0,1959-02-12,1959.02.12,True,,211=,211.0,209.0,207.0,True,False,,OlimpBase historical FIDE list,C:\chenxi\bazi_project\chess\Elo199401e.html,,211,400165,1959-02-12,profile_wikidata_agree,north,resolved_unique_birthplace,Q329246,Q83065,Leicester,52.63611111,-1.13305556,"https://olimpbase.org/Elo/player/F/Flear,%20Glenn%20C..html",1959-02-12,True,,M,169,0.21422576045727285,0.6646706586826348,1959-02-12
1994-01,OlimpBase historical FIDE list,C:\chenxi\bazi_project\chess\Elo199401e.html,14100134,"Frolov, Artur",m,UKR,M,,2525,36.0,1970-07-30,1970.07.30,True,,221,221.0,209.0,207.0,True,False,,OlimpBase historical FIDE list,C:\chenxi\bazi_project\chess\Elo199401e.html,,211,14100134,1970-07-30,profile_wikidata_agree,north,resolved_unique_birthplace,Q15063074,Q161144,Alchevsk,48.46722222,38.79833333,"https://olimpbase.org/Elo/player/F/Frolov,%20Artur.html",1970-07-30,True,,M,169,0.21422576045727285,0.6646706586826348,1970-07-30
1994-01,OlimpBase historical FIDE list,C:\chenxi\bazi_project\chess\Elo199401e.html,700053,"Groszpeter, Attila",g,HUN,M,,2525,30.0,1960-06-09,1960.06.09,True,,225,225.0,209.0,207.0,True,False,,OlimpBase historical FIDE list,C:\chenxi\bazi_project\chess\Elo199401e.html,,211,700053,1960-06-09,profile_wikidata_agree,north,resolved_unique_birthplace,Q250157,Q124375,Hódmezővásárhely,46.43027778,20.31888889,"https://olimpbase.org/Elo/player/G/Groszpeter,%20Attila.html",1960-06-09,True,,M,169,0.21422576045727285,0.6646706586826348,1960-06-09
1994-01,OlimpBase historical FIDE list,C:\chenxi\bazi_project\chess\Elo199401e.html,4102878,"Ibragimov, Ildar",g,RUS,M,,2525,65.0,1967-08-16,1967.08.16,True,,210,210.0,209.0,207.0,True,False,,OlimpBase historical FIDE list,C:\chenxi\bazi_project\chess\Elo199401e.html,,211,4102878,1967-08-16,profile_wikidata_agree,north,resolved_unique_birthplace,Q2076172,Q900,Kazan,55.79083333,49.11444444,"https://olimpbase.org/Elo/player/I/Ibragimov,%20Ildar.html",1967-08-16,True,,M,169,0.21422576045727285,0.6646706586826348,1967-08-16
1994-01,OlimpBase historical FIDE list,C:\chenxi\bazi_project\chess\Elo199401e.html,14100312,"Legky, Nikolay A.",m,UKR,M,,2525,57.0,1955-04-11,1955.04.11,True,,213,213.0,209.0,207.0,True,False,,OlimpBase historical FIDE list,C:\chenxi\bazi_project\chess\Elo199401e.html,,211,14100312,1955-04-11,profile_wikidata_agree,north,resolved_unique_birthplace,Q4273052,Q1874,Odesa,46.47747,30.73262,"https://olimpbase.org/Elo/player/L/Legky,%20Nikolay%20A..html",1955-04-11,True,,M,169,0.21422576045727285,0.6646706586826348,1955-04-11
1994-01,OlimpBase historical FIDE list,C:\chenxi\bazi_project\chess\Elo199401e.html,13400142,"Magerramov, Elmar",g,AZE,M,,2525,14.0,1958-04-10,1958.04.10,True,,230,230.0,209.0,207.0,True,False,,OlimpBase historical FIDE list,C:\chenxi\bazi_project\chess\Elo199401e.html,,211,13400142,1958-04-10,profile_wikidata_agree,north,resolved_unique_birthplace,Q1332823,Q9248,Baku,40.36665556,49.83518333,"https://olimpbase.org/Elo/player/M/Magerramov,%20Elmar.html",1958-04-10,True,,M,169,0.21422576045727285,0.6646706586826348,1958-04-10
1994-01,OlimpBase historical FIDE list,C:\chenxi\bazi_project\chess\Elo199401e.html,4101103,"Makarov, Marat",g,RUS,M,,2525,10.0,1963-05-07,1963.05.07,True,,231=,231.0,209.0,207.0,True,False,,OlimpBase historical FIDE list,C:\chenxi\bazi_project\chess\Elo199401e.html,,211,4101103,1963-05-07,profile_wikidata_agree,north,resolved_unique_birthplace,Q1892307,Q898,Omsk,54.96666667,73.38333333,"https://olimpbase.org/Elo/player/M/Makarov,%20Marat.html",1963-05-07,True,,M,169,0.21422576045727285,0.6646706586826348,1963-05-07
1994-01,OlimpBase historical FIDE list,C:\chenxi\bazi_project\chess\Elo199401e.html,12800031,"Malisauskas, Vidmantas",g,LTU,M,,2525,31.0,1963-08-04,1963.08.04,True,,224,224.0,209.0,207.0,True,False,,OlimpBase historical FIDE list,C:\chenxi\bazi_project\chess\Elo199401e.html,,211,12800031,1963-08-04,profile_wikidata_agree,north,resolved_unique_birthplace,Q2353702,Q735138,Kėdainiai,55.28333333,23.96666667,"https://olimpbase.org/Elo/player/M/Malisauskas,%20Vidmantas.html",1963-08-04,True,,M,169,0.21422576045727285,0.6646706586826348,1963-08-04
1994-01,OlimpBase historical FIDE list,C:\chenxi\bazi_project\chess\Elo199401e.html,600067,"Murrey, Jacob",g,FRA,M,,2525,21.0,1941-08-02,1941.08.02,True,,228,228.0,209.0,207.0,True,False,,OlimpBase historical FIDE list,C:\chenxi\bazi_project\chess\Elo199401e.html,,211,2803585,1941-08-02,profile_wikidata_agree,north,resolved_unique_birthplace,Q716593,Q649,Moscow,55.75055556,37.6175,"https://olimpbase.org/Elo/player/M/Murrey,%20Jacob.html",1941-08-02,True,,M,169,0.21422576045727285,0.6646706586826348,1941-08-02
1994-01,OlimpBase historical FIDE list,C:\chenxi\bazi_project\chess\Elo199401e.html,400106,"Norwood, David",g,ENG,M,,2525,10.0,1968-10-03,1968.10.03,True,,231,231.0,209.0,207.0,True,False,,OlimpBase historical FIDE list,C:\chenxi\bazi_project\chess\Elo199401e.html,,211,400106,1968-10-03,profile_wikidata_agree,north,resolved_unique_birthplace,Q5238094,Q1397011,Farnworth,53.5452,-2.3999,"https://olimpbase.org/Elo/player/N/Norwood,%20David.html",1968-10-03,True,,M,169,0.21422576045727285,0.6646706586826348,1968-10-03
1994-01,OlimpBase historical FIDE list,C:\chenxi\bazi_project\chess\Elo199401e.html,900109,"Popovic, Petar",g,YUG,M,,2525,9.0,1959-02-14,1959.02.14,True,,233,233.0,209.0,207.0,True,False,,OlimpBase historical FIDE list,C:\chenxi\bazi_project\chess\Elo199401e.html,,211,900109,1959-02-14,profile_wikidata_agree,north,resolved_unique_birthplace,Q1376916,Q1193012,Orlovat,45.23944444,20.57611111,"https://olimpbase.org/Elo/player/P/Popovic,%20Petar.html",1959-02-14,True,,M,169,0.21422576045727285,0.6646706586826348,1959-02-14
1994-01,OlimpBase historical FIDE list,C:\chenxi\bazi_project\chess\Elo199401e.html,4113624,"Shipov, Sergei",m,RUS,M,,2525,32.0,1966-04-17,1966.04.17,True,,222=,222.0,209.0,207.0,True,False,,OlimpBase historical FIDE list,C:\chenxi\bazi_project\chess\Elo199401e.html,,211,4113624,1966-04-17,profile_wikidata_agree,north,resolved_unique_birthplace,Q2664019,Q162677,Murom,55.580854,42.053839,"https://olimpbase.org/Elo/player/S/Shipov,%20Sergei.html",1966-04-17,True,,M,169,0.21422576045727285,0.6646706586826348,1966-04-17
1994-01,OlimpBase historical FIDE list,C:\chenxi\bazi_project\chess\Elo199401e.html,4200020,"Skembris, Spyridon",g,GRE,M,,2525,68.0,1958-02-22,1958.02.22,True,,209,209.0,209.0,207.0,True,False,,OlimpBase historical FIDE list,C:\chenxi\bazi_project\chess\Elo199401e.html,,211,4200020,1958-02-22,profile_wikidata_agree,north,resolved_unique_birthplace,Q3657148,Q121378,Corfu,39.6,19.87,"https://olimpbase.org/Elo/player/S/Skembris,%20Spyridon.html",1958-02-22,True,,M,169,0.21422576045727285,0.6646706586826348,1958-02-22
1994-01,OlimpBase historical FIDE list,C:\chenxi\bazi_project\chess\Elo199401e.html,4102266,"Solozhenkin, Evgeniy",g,RUS,M,,2525,48.0,1966-07-31,1966.07.31,True,,217,217.0,209.0,207.0,True,False,,OlimpBase historical FIDE list,C:\chenxi\bazi_project\chess\Elo199401e.html,,211,4102266,1966-07-31,profile_wikidata_agree,north,resolved_unique_birthplace,Q976715,Q656,Saint Petersburg,59.95,30.31666667,"https://olimpbase.org/Elo/player/S/Solozhenkin,%20Evgeniy.html",1966-07-31,True,,M,169,0.21422576045727285,0.6646706586826348,1966-07-31
1994-01,OlimpBase historical FIDE list,C:\chenxi\bazi_project\chess\Elo199401e.html,1000039,"Sosonko, Gennadi",g,NED,M,,2525,30.0,1943-05-18,1943.05.18,True,,225=,225.0,209.0,207.0,True,False,,OlimpBase historical FIDE list,C:\chenxi\bazi_project\chess\Elo199401e.html,,211,1000039,1943-05-18,profile_wikidata_agree,north,resolved_unique_birthplace,Q961633,Q196694,Troitsk,54.08333333,61.56666667,"https://olimpbase.org/Elo/player/S/Sosonko,%20Gennadi.html",1943-05-18,True,,M,169,0.21422576045727285,0.6646706586826348,1943-05-18
1994-01,OlimpBase historical FIDE list,C:\chenxi\bazi_project\chess\Elo199401e.html,2300087,"Stefansson, Hannes",g,ISL,M,,2525,50.0,1972-02-18,1972.02.18,True,,216,216.0,209.0,207.0,True,False,,OlimpBase historical FIDE list,C:\chenxi\bazi_project\chess\Elo199401e.html,,211,2300087,1972-07-18,profile_wikidata_agree,north,resolved_unique_birthplace,Q2744238,Q1764,Reykjavík,64.1475,-21.935,"https://olimpbase.org/Elo/player/S/Stefansson,%20Hannes.html",1972-07-18,True,,M,169,0.21422576045727285,0.6646706586826348,1972-07-18
1994-01,OlimpBase historical FIDE list,C:\chenxi\bazi_project\chess\Elo199401e.html,1203363,"Suba, Mihai",g,ROM,M,,2525,44.0,1947-06-01,1947.06.01,True,,218,218.0,209.0,207.0,True,False,,OlimpBase historical FIDE list,C:\chenxi\bazi_project\chess\Elo199401e.html,,211,1203363,1947-06-01,profile_wikidata_agree,north,resolved_unique_birthplace,Q1367139,Q19660,Bucharest,44.41336111,26.09777778,"https://olimpbase.org/Elo/player/S/Suba,%20Mihai.html",1947-06-01,True,,M,169,0.21422576045727285,0.6646706586826348,1947-06-01
1994-01,OlimpBase historical FIDE list,C:\chenxi\bazi_project\chess\Elo199401e.html,400157,"Watson, William N.",g,ENG,M,,2525,20.0,1962-04-18,1962.04.18,True,,229,229.0,209.0,207.0,True,False,,OlimpBase historical FIDE list,C:\chenxi\bazi_project\chess\Elo199401e.html,,211,400157,1962-04-18,profile_wikidata_agree,north,resolved_unique_birthplace,Q484932,Q1530,Baghdad,33.31527778,44.36611111,"https://olimpbase.org/Elo/player/W/Watson,%20William%20N..html",1962-04-18,True,,M,169,0.21422576045727285,0.6646706586826348,1962-04-18
1994-01,OlimpBase historical FIDE list,C:\chenxi\bazi_project\chess\Elo199401e.html,2300036,"Arnason, Jon L.",g,ISL,M,,2520,33.0,1960-11-13,1960.11.13,True,,241,241.0,235.0,233.0,True,False,,OlimpBase historical FIDE list,C:\chenxi\bazi_project\chess\Elo199401e.html,,237,2300036,1960-11-13,profile_wikidata_agree,north,resolved_unique_birthplace,Q2078617,Q1764,Reykjavík,64.1475,-21.935,"https://olimpbase.org/Elo/player/A/Arnason,%20Jon%20L..html",1960-11-13,True,,M,190,0.1331848171644686,0.6227544910179641,1960-11-13
1994-01,OlimpBase historical FIDE list,C:\chenxi\bazi_project\chess\Elo199401e.html,4101154,"Baburin, Aleksandar",m,RUS,M,,2520,32.0,1967-02-19,1967.02.19,True,,242=,242.0,235.0,233.0,True,False,,OlimpBase historical FIDE list,C:\chenxi\bazi_project\chess\Elo199401e.html,,237,2500914,1967-02-19,profile_wikidata_agree,north,resolved_unique_birthplace,Q1398323,Q891,Nizhny Novgorod,56.32694444,44.0075,"https://olimpbase.org/Elo/player/B/Baburin,%20Aleksandar.html",1967-02-19,True,,M,190,0.1331848171644686,0.6227544910179641,1967-02-19
1994-01,OlimpBase historical FIDE list,C:\chenxi\bazi_project\chess\Elo199401e.html,2000083,"Fedorowicz, John P.",g,USA,M,,2520,18.0,1958-09-27,1958.09.27,True,,251=,251.0,235.0,233.0,True,False,,OlimpBase historical FIDE list,C:\chenxi\bazi_project\chess\Elo199401e.html,,237,2000083,1958-09-27,profile_wikidata_agree,north,resolved_unique_birthplace,Q1359706,Q60,New York City,40.71277778,-74.00611111,"https://olimpbase.org/Elo/player/F/Fedorowicz,%20John%20P..html",1958-09-27,True,,M,190,0.1331848171644686,0.6227544910179641,1958-09-27
1994-01,OlimpBase historical FIDE list,C:\chenxi\bazi_project\chess\Elo199401e.html,1700057,"Karlsson, Lars",g,SWE,M,,2520,29.0,1955-07-11,1955.07.11,True,,245=,245.0,235.0,233.0,True,False,,OlimpBase historical FIDE list,C:\chenxi\bazi_project\chess\Elo199401e.html,,237,1700057,1955-07-11,profile_wikidata_agree,north,resolved_unique_birthplace,Q768198,Q1754,Stockholm,59.32944444,18.06861111,"https://olimpbase.org/Elo/player/K/Karlsson,%20Lars.html",1955-07-11,True,,M,190,0.1331848171644686,0.6227544910179641,1955-07-11
1994-01,OlimpBase historical FIDE list,C:\chenxi\bazi_project\chess\Elo199401e.html,2800080,"Kosashvili, Yona",g,ISR,M,,2520,24.0,1970-07-03,1970.07.03,True,,247,247.0,235.0,233.0,True,False,,OlimpBase historical FIDE list,C:\chenxi\bazi_project\chess\Elo199401e.html,,237,2800080,1970-07-03,profile_wikidata_agree,north,resolved_unique_birthplace,Q2007272,Q994,Tbilisi,41.7225,44.7925,"https://olimpbase.org/Elo/player/K/Kosashvili,%20Yona.html",1970-07-03,True,,M,190,0.1331848171644686,0.6227544910179641,1970-07-03
1994-01,OlimpBase historical FIDE list,C:\chenxi\bazi_project\chess\Elo199401e.html,4100999,"Kuporosov, Viktor",m,RUS,M,,2520,23.0,1961-09-26,1961.09.26,True,,248,248.0,235.0,233.0,True,False,,OlimpBase historical FIDE list,C:\chenxi\bazi_project\chess\Elo199401e.html,,237,4100999,1961-09-26,profile_wikidata_agree,north,resolved_unique_birthplace,Q15070782,Q891,Nizhny Novgorod,56.32694444,44.0075,"https://olimpbase.org/Elo/player/K/Kuporosov,%20Viktor.html",1961-09-26,True,,M,190,0.1331848171644686,0.6227544910179641,1961-09-26
1994-01,OlimpBase historical FIDE list,C:\chenxi\bazi_project\chess\Elo199401e.html,14500108,"Lalic, Bogdan",g,CRO,M,,2520,43.0,1964-03-08,1964.03.08,True,,239,239.0,235.0,233.0,True,False,,OlimpBase historical FIDE list,C:\chenxi\bazi_project\chess\Elo199401e.html,,237,409081,1964-03-08,profile_wikidata_agree,north,resolved_unique_birthplace,Q2137386,Q1435,Zagreb,45.81305556,15.97722222,"https://olimpbase.org/Elo/player/L/Lalic,%20Bogdan.html",1964-03-08,True,,M,190,0.1331848171644686,0.6227544910179641,1964-03-08
1994-01,OlimpBase historical FIDE list,C:\chenxi\bazi_project\chess\Elo199401e.html,8600058,"Lin, Weiguo",m,CHN,M,,2520,15.0,1970-07-25,1970.07.25,True,,256,256.0,235.0,233.0,True,False,,OlimpBase historical FIDE list,C:\chenxi\bazi_project\chess\Elo199401e.html,,237,8600058,1970-07-25,profile_wikidata_agree,north,resolved_unique_birthplace,Q11756889,Q148,People's Republic of China,35.84472222,103.45194444,"https://olimpbase.org/Elo/player/L/Lin,%20Weiguo.html",1970-07-25,True,,M,190,0.1331848171644686,0.6227544910179641,1970-07-25
1994-01,OlimpBase historical FIDE list,C:\chenxi\bazi_project\chess\Elo199401e.html,400122,"Mestel, A. Jonathan",g,ENG,M,,2520,0.0,1957-03-13,1957.03.13,True,,260,260.0,235.0,233.0,True,False,,OlimpBase historical FIDE list,C:\chenxi\bazi_project\chess\Elo199401e.html,,237,400122,1957-03-13,profile_wikidata_agree,north,resolved_unique_birthplace,Q951469,Q350,Cambridge,52.20805556,0.1225,"https://olimpbase.org/Elo/player/M/Mestel,%20A.%20Jonathan.html",1957-03-13,True,,M,190,0.1331848171644686,0.6227544910179641,1957-03-13
1994-01,OlimpBase historical FIDE list,C:\chenxi\bazi_project\chess\Elo199401e.html,306070,"Mokry, Karel",g,CZE,M,,2520,18.0,1959-02-07,1959.02.07,True,,251,251.0,235.0,233.0,True,False,,OlimpBase historical FIDE list,C:\chenxi\bazi_project\chess\Elo199401e.html,,237,306070,1959-02-07,profile_wikidata_agree,north,resolved_unique_birthplace,Q364519,Q470445,Prostějov,49.47222222,17.11055556,"https://olimpbase.org/Elo/player/M/Mokry,%20Karel.html",1959-02-07,True,,M,190,0.1331848171644686,0.6227544910179641,1959-02-07
1994-01,OlimpBase historical FIDE list,C:\chenxi\bazi_project\chess\Elo199401e.html,2400022,"Motwani, Paul",g,SCO,M,,2520,9.0,1962-06-13,1962.06.13,True,,258=,258.0,235.0,233.0,True,False,,OlimpBase historical FIDE list,C:\chenxi\bazi_project\chess\Elo199401e.html,,237,2400022,1962-06-13,profile_wikidata_agree,north,resolved_unique_birthplace,Q1398304,Q4093,Glasgow,55.86111111,-4.25,"https://olimpbase.org/Elo/player/M/Motwani,%20Paul.html",1962-06-13,True,,M,190,0.1331848171644686,0.6227544910179641,1962-06-13
1994-01,OlimpBase historical FIDE list,C:\chenxi\bazi_project\chess\Elo199401e.html,10200010,"Murshed, Niaz",g,BAN,M,,2520,11.0,1966-05-13,1966.05.13,True,,257,257.0,235.0,233.0,True,False,,OlimpBase historical FIDE list,C:\chenxi\bazi_project\chess\Elo199401e.html,,237,10200010,1966-05-13,profile_wikidata_agree,north,resolved_unique_birthplace,Q2565354,Q1354,Dhaka,23.72888889,90.39444444,"https://olimpbase.org/Elo/player/M/Murshed,%20Niaz.html",1966-05-13,True,,M,190,0.1331848171644686,0.6227544910179641,1966-05-13
1994-01,OlimpBase historical FIDE list,C:\chenxi\bazi_project\chess\Elo199401e.html,14600714,"Sermek, Drazen",m,SLO,M,,2520,76.0,1969-01-30,1969.01.30,True,,235,235.0,235.0,233.0,True,False,,OlimpBase historical FIDE list,C:\chenxi\bazi_project\chess\Elo199401e.html,,237,14600714,1969-01-30,profile_wikidata_agree,north,resolved_unique_birthplace,Q1256081,Q1640,Osijek,45.56027778,18.67027778,"https://olimpbase.org/Elo/player/S/Sermek,%20Drazen.html",1969-01-30,True,,M,190,0.1331848171644686,0.6227544910179641,1969-01-30
1994-01,OlimpBase historical FIDE list,C:\chenxi\bazi_project\chess\Elo199401e.html,4101022,"Sher, Miron N.",g,RUS,M,,2520,44.0,1952-06-29,1952.06.29,True,,237=,237.0,235.0,233.0,True,False,,OlimpBase historical FIDE list,C:\chenxi\bazi_project\chess\Elo199401e.html,,237,2019574,1952-06-29,profile_wikidata_agree,north,resolved_unique_birthplace,Q4523015,Q157725,Chernivtsi,48.29083333,25.93444444,"https://olimpbase.org/Elo/player/S/Sher,%20Miron%20N..html",1952-06-29,True,,M,190,0.1331848171644686,0.6227544910179641,1952-06-29
1994-01,OlimpBase historical FIDE list,C:\chenxi\bazi_project\chess\Elo199401e.html,300020,"Smejkal, Jan",g,CZE,M,,2520,16.0,1946-03-22,1946.03.22,True,,253=,253.0,235.0,233.0,True,False,,OlimpBase historical FIDE list,C:\chenxi\bazi_project\chess\Elo199401e.html,,237,300020,1946-03-22,profile_wikidata_agree,north,resolved_unique_birthplace,Q1374241,Q1000033,Lanškroun,49.91219226,16.61195451,"https://olimpbase.org/Elo/player/S/Smejkal,%20Jan.html",1946-03-22,True,,M,190,0.1331848171644686,0.6227544910179641,1946-03-22
1994-01,OlimpBase historical FIDE list,C:\chenxi\bazi_project\chess\Elo199401e.html,2800101,"Soffer, Ram",m,ISR,M,,2520,49.0,1965-09-06,1965.09.06,True,,236,236.0,235.0,233.0,True,False,,OlimpBase historical FIDE list,C:\chenxi\bazi_project\chess\Elo199401e.html,,237,2800101,1965-09-06,profile_wikidata_agree,north,resolved_unique_birthplace,Q2602082,Q192807,Ramat Gan,32.070007,34.823541,"https://olimpbase.org/Elo/player/S/Soffer,%20Ram.html",1965-09-06,True,,M,190,0.1331848171644686,0.6227544910179641,1965-09-06
1994-01,OlimpBase historical FIDE list,C:\chenxi\bazi_project\chess\Elo199401e.html,14100118,"Timoshenko, Georgy",m,UKR,M,,2520,20.0,1966-06-01,1966.06.01,True,,250,250.0,235.0,233.0,True,False,,OlimpBase historical FIDE list,C:\chenxi\bazi_project\chess\Elo199401e.html,,237,14100118,1966-06-01,profile_wikidata_agree,north,resolved_unique_birthplace,Q4457681,Q1899,Kyiv,50.45,30.52361111,"https://olimpbase.org/Elo/player/T/Timoshenko,%20Georgy.html",1966-06-01,True,,M,190,0.1331848171644686,0.6227544910179641,1966-06-01
1994-01,OlimpBase historical FIDE list,C:\chenxi\bazi_project\chess\Elo199401e.html,5200016,"Torre, Eugenio",g,PHI,M,,2520,9.0,1951-11-04,1951.11.04,True,,258,258.0,235.0,233.0,True,False,,OlimpBase historical FIDE list,C:\chenxi\bazi_project\chess\Elo199401e.html,,237,5200016,1951-11-04,profile_wikidata_agree,north,resolved_unique_birthplace,Q1373353,Q1461,Manila,14.59583333,120.97722222,"https://olimpbase.org/Elo/player/T/Torre,%20Eugenio.html",1951-11-04,True,,M,190,0.1331848171644686,0.6227544910179641,1951-11-04
1994-01,OlimpBase historical FIDE list,C:\chenxi\bazi_project\chess\Elo199401e.html,4601718,"Bezold, Michael",m,GER,M,,2515,32.0,1972-05-23,1972.05.23,True,,277,277.0,261.0,258.0,True,False,,OlimpBase historical FIDE list,C:\chenxi\bazi_project\chess\Elo199401e.html,,263,4601718,1972-05-23,profile_wikidata_agree,north,resolved_unique_birthplace,Q96470,Q3923,Bayreuth,49.94805556,11.57833333,"https://olimpbase.org/Elo/player/B/Bezold,%20Michael.html",1972-05-23,True,,M,208,0.05214387387166435,0.5868263473053892,1972-05-23
1994-01,OlimpBase historical FIDE list,C:\chenxi\bazi_project\chess\Elo199401e.html,5500010,"Bouaziz, Slim",g,TUN,M,,2515,0.0,1950-04-16,1950.04.16,True,,283=,283.0,261.0,258.0,True,False,,OlimpBase historical FIDE list,C:\chenxi\bazi_project\chess\Elo199401e.html,,263,5500010,1950-04-16,profile_wikidata_agree,north,resolved_unique_birthplace,Q9338551,Q3572,Tunis,36.80083333,10.18,"https://olimpbase.org/Elo/player/B/Bouaziz,%20Slim.html",1950-04-16,True,,M,208,0.05214387387166435,0.5868263473053892,1950-04-16
1994-01,OlimpBase historical FIDE list,C:\chenxi\bazi_project\chess\Elo199401e.html,14400049,"Dizdarevic, Emir",g,BIH,M,,2515,76.0,1958-04-02,1958.04.02,True,,263,263.0,261.0,258.0,True,False,,OlimpBase historical FIDE list,C:\chenxi\bazi_project\chess\Elo199401e.html,,263,14400049,1958-04-02,profile_wikidata_agree,north,resolved_unique_birthplace,Q4161414,Q184046,Zenica,44.20166667,17.90388889,"https://olimpbase.org/Elo/player/D/Dizdarevic,%20Emir.html",1958-04-02,True,,M,208,0.05214387387166435,0.5868263473053892,1958-04-02
1994-01,OlimpBase historical FIDE list,C:\chenxi\bazi_project\chess\Elo199401e.html,700134,"Farago, Ivan",g,HUN,M,,2515,84.0,1946-04-01,1946.04.01,True,,262,262.0,261.0,258.0,True,False,,OlimpBase historical FIDE list,C:\chenxi\bazi_project\chess\Elo199401e.html,,263,700134,1946-04-01,profile_wikidata_agree,north,resolved_unique_birthplace,Q1675852,Q1781,Budapest,47.49833333,19.04083333,"https://olimpbase.org/Elo/player/F/Farago,%20Ivan.html",1946-04-01,True,,M,208,0.05214387387166435,0.5868263473053892,1946-04-01
1994-01,OlimpBase historical FIDE list,C:\chenxi\bazi_project\chess\Elo199401e.html,4100590,"Fominyh, Alexander",g,RUS,M,,2515,59.0,1959-06-15,1959.06.15,True,,264,264.0,261.0,258.0,True,False,,OlimpBase historical FIDE list,C:\chenxi\bazi_project\chess\Elo199401e.html,,263,4100590,1959-06-15,profile_wikidata_agree,north,resolved_unique_birthplace,Q4491587,Q883,Novosibirsk,55.03333333,82.91666667,"https://olimpbase.org/Elo/player/F/Fominyh,%20Alexander.html",1959-06-15,True,,M,208,0.05214387387166435,0.5868263473053892,1959-06-15
1994-01,OlimpBase historical FIDE list,C:\chenxi\bazi_project\chess\Elo199401e.html,1700090,"Hector, Jonny",g,SWE,M,,2515,58.0,1964-02-13,1964.02.13,True,,266,266.0,261.0,258.0,True,False,,OlimpBase historical FIDE list,C:\chenxi\bazi_project\chess\Elo199401e.html,,263,1700090,1964-02-13,profile_wikidata_agree,north,resolved_unique_birthplace,Q1703454,Q2211,Malmö,55.58333333,13.0,"https://olimpbase.org/Elo/player/H/Hector,%20Jonny.html",1964-02-13,True,,M,208,0.05214387387166435,0.5868263473053892,1964-02-13
1994-01,OlimpBase historical FIDE list,C:\chenxi\bazi_project\chess\Elo199401e.html,700061,"Horvath, Jozsef",g,HUN,M,,2515,38.0,1964-08-13,1964.08.13,True,,272,272.0,261.0,258.0,True,False,,OlimpBase historical FIDE list,C:\chenxi\bazi_project\chess\Elo199401e.html,,263,700061,1964-08-13,profile_wikidata_agree,north,resolved_unique_birthplace,Q368004,Q1781,Budapest,47.49833333,19.04083333,"https://olimpbase.org/Elo/player/H/Horvath,%20Jozsef.html",1964-08-13,True,,M,208,0.05214387387166435,0.5868263473053892,1964-08-13
1994-01,OlimpBase historical FIDE list,C:\chenxi\bazi_project\chess\Elo199401e.html,4100972,"Ikonnikov, Vyacheslav",m,RUS,M,,2515,36.0,1966-03-15,1966.03.15,True,,274=,274.0,261.0,258.0,True,False,,OlimpBase historical FIDE list,C:\chenxi\bazi_project\chess\Elo199401e.html,,263,4100972,1966-03-15,profile_wikidata_agree,north,resolved_unique_birthplace,Q2867758,Q915,Perm,58.01388889,56.24888889,"https://olimpbase.org/Elo/player/I/Ikonnikov,%20Vyacheslav.html",1966-03-15,True,,M,208,0.05214387387166435,0.5868263473053892,1966-03-15
1994-01,OlimpBase historical FIDE list,C:\chenxi\bazi_project\chess\Elo199401e.html,300128,"Jansa, Vlastimil",g,CZE,M,,2515,43.0,1942-11-27,1942.11.27,True,,270,270.0,261.0,258.0,True,False,,OlimpBase historical FIDE list,C:\chenxi\bazi_project\chess\Elo199401e.html,,263,300128,1942-11-27,profile_wikidata_agree,north,multiple_birthplaces_same_hemisphere,Q2004689,Q1085;Q64833414,Nová Dubeč;Prague,50.0786208;50.0875,14.42138889;14.5994539,"https://olimpbase.org/Elo/player/J/Jansa,%20Vlastimil.html",1942-11-27,True,,M,208,0.05214387387166435,0.5868263473053892,1942-11-27
1994-01,OlimpBase historical FIDE list,C:\chenxi\bazi_project\chess\Elo199401e.html,400114,"Kosten, Anthony C.",g,ENG,M,,2515,44.0,1958-07-24,1958.07.24,True,,269,269.0,261.0,258.0,True,False,,OlimpBase historical FIDE list,C:\chenxi\bazi_project\chess\Elo199401e.html,,263,400114,1958-07-24,profile_wikidata_agree,north,resolved_unique_birthplace,Q573496,Q84,London,51.50722222,-0.1275,"https://olimpbase.org/Elo/player/K/Kosten,%20Anthony%20C..html",1958-07-24,True,,M,208,0.05214387387166435,0.5868263473053892,1958-07-24
1994-01,OlimpBase historical FIDE list,C:\chenxi\bazi_project\chess\Elo199401e.html,4611420,"Luther, Thomas",m,GER,M,,2515,93.0,1969-11-04,1969.11.04,True,,261,261.0,261.0,258.0,True,False,,OlimpBase historical FIDE list,C:\chenxi\bazi_project\chess\Elo199401e.html,,263,4611420,1969-11-04,profile_wikidata_agree,north,resolved_unique_birthplace,Q68610,Q1729,Erfurt,50.97805556,11.02888889,"https://olimpbase.org/Elo/player/L/Luther,%20Thomas.html",1969-11-04,True,,M,208,0.05214387387166435,0.5868263473053892,1969-11-04
1994-01,OlimpBase historical FIDE list,C:\chenxi\bazi_project\chess\Elo199401e.html,4115341,"Tregubov, Pavel V.",m,RUS,M,,2515,59.0,1971-12-27,1971.12.27,True,,264=,264.0,261.0,258.0,True,False,,OlimpBase historical FIDE list,C:\chenxi\bazi_project\chess\Elo199401e.html,,263,4115341,1971-12-21,profile_wikidata_agree,north,resolved_unique_birthplace,Q1359225,Q3646,Krasnodar,45.03333333,38.98333333,"https://olimpbase.org/Elo/player/T/Tregubov,%20Pavel%20V..html",1971-12-21,True,,M,208,0.05214387387166435,0.5868263473053892,1971-12-21
1994-01,OlimpBase historical FIDE list,C:\chenxi\bazi_project\chess\Elo199401e.html,4101405,"Ulibin, Mikhail",g,RUS,M,,2515,35.0,1971-05-31,1971.05.31,True,,276,276.0,261.0,258.0,True,False,,OlimpBase historical FIDE list,C:\chenxi\bazi_project\chess\Elo199401e.html,,263,4101405,1971-05-31,profile_wikidata_agree,north,resolved_unique_birthplace,Q4474884,Q887,Yekaterinburg,56.83555556,60.61277778,"https://olimpbase.org/Elo/player/U/Ulibin,%20Mikhail.html",1971-05-31,True,,M,208,0.05214387387166435,0.5868263473053892,1971-05-31
1994-01,OlimpBase historical FIDE list,C:\chenxi\bazi_project\chess\Elo199401e.html,4100263,"Balashov, Yuri S.",g,RUS,M,,2510,23.0,1949-03-12,1949.03.12,True,,300,300.0,285.0,280.0,True,False,,OlimpBase historical FIDE list,C:\chenxi\bazi_project\chess\Elo199401e.html,,287,4100263,1949-03-12,profile_wikidata_agree,north,resolved_unique_birthplace,Q1713930,Q198155,Shadrinsk,56.08333333,63.63333333,"https://olimpbase.org/Elo/player/B/Balashov,%20Yuri%20S..html",1949-03-12,True,,M,221,-0.02889706942113989,0.5608782435129741,1949-03-12
1994-01,OlimpBase historical FIDE list,C:\chenxi\bazi_project\chess\Elo199401e.html,5000025,"Barua, Dibyendu",g,IND,M,,2510,27.0,1966-10-27,1966.10.27,True,,297,297.0,285.0,280.0,True,False,,OlimpBase historical FIDE list,C:\chenxi\bazi_project\chess\Elo199401e.html,,287,5000025,1966-10-27,profile_wikidata_agree,north,resolved_unique_birthplace,Q2249476,Q1348,Kolkata,22.5675,88.37,"https://olimpbase.org/Elo/player/B/Barua,%20Dibyendu.html",1966-10-27,True,,M,221,-0.02889706942113989,0.5608782435129741,1966-10-27
1994-01,OlimpBase historical FIDE list,C:\chenxi\bazi_project\chess\Elo199401e.html,300071,"Hracek, Zbynek",g,CZE,M,,2510,34.0,1970-09-09,1970.09.09,True,,293,293.0,285.0,280.0,True,False,,OlimpBase historical FIDE list,C:\chenxi\bazi_project\chess\Elo199401e.html,,287,300071,1970-09-09,profile_wikidata_agree,north,resolved_unique_birthplace,Q168312,Q502993,Uherské Hradiště,49.06975755,17.45969135,"https://olimpbase.org/Elo/player/H/Hracek,%20Zbynek.html",1970-09-09,True,,M,221,-0.02889706942113989,0.5608782435129741,1970-09-09
1994-01,OlimpBase historical FIDE list,C:\chenxi\bazi_project\chess\Elo199401e.html,1100033,"Kuczynski, Robert",g,POL,M,,2510,30.0,1966-04-17,1966.04.17,True,,296,296.0,285.0,280.0,True,False,,OlimpBase historical FIDE list,C:\chenxi\bazi_project\chess\Elo199401e.html,,287,1100033,1966-04-17,profile_wikidata_agree,north,resolved_unique_birthplace,Q4250038,Q147934,Jelenia Góra,50.9,15.73333333,"https://olimpbase.org/Elo/player/K/Kuczynski,%20Robert.html",1966-04-17,True,,M,221,-0.02889706942113989,0.5608782435129741,1966-04-17
1994-01,OlimpBase historical FIDE list,C:\chenxi\bazi_project\chess\Elo199401e.html,4101685,"Landa, Konstantin",m,RUS,M,,2510,43.0,,,True,,289,289.0,285.0,280.0,True,False,,OlimpBase historical FIDE list,C:\chenxi\bazi_project\chess\Elo199401e.html,,287,4101685,1972-05-22,profile_wikidata_agree,north,resolved_unique_birthplace,Q487120,Q898,Omsk,54.96666667,73.38333333,"https://olimpbase.org/Elo/player/L/Landa,%20Konstantin.html",1972-05-22,True,,M,221,-0.02889706942113989,0.5608782435129741,1972-05-22
1994-01,OlimpBase historical FIDE list,C:\chenxi\bazi_project\chess\Elo199401e.html,14101068,"Milov, Leonid",m,UKR,M,,2510,60.0,,,True,,285,285.0,285.0,280.0,True,False,,OlimpBase historical FIDE list,C:\chenxi\bazi_project\chess\Elo199401e.html,,287,14101068,1966-02-06,profile_wikidata_agree,north,resolved_unique_birthplace,Q4037671,Q48256,Dnipro,48.4675,35.04,"https://olimpbase.org/Elo/player/M/Milov,%20Leonid.html",1966-02-06,True,,M,221,-0.02889706942113989,0.5608782435129741,1966-02-06
1994-01,OlimpBase historical FIDE list,C:\chenxi\bazi_project\chess\Elo199401e.html,2800047,"Rechlis, Gad",g,ISR,M,,2510,15.0,1967-02-05,1967.02.05,True,,302,302.0,285.0,280.0,True,False,,OlimpBase historical FIDE list,C:\chenxi\bazi_project\chess\Elo199401e.html,,287,2800047,1967-02-05,profile_wikidata_agree,north,resolved_unique_birthplace,Q2182051,Q21197,Chișinău,47.02277778,28.83527778,"https://olimpbase.org/Elo/player/R/Rechlis,%20Gad.html",1967-02-05,True,,M,221,-0.02889706942113989,0.5608782435129741,1967-02-05
1994-01,OlimpBase historical FIDE list,C:\chenxi\bazi_project\chess\Elo199401e.html,14101106,"Stripunsky, Alexander",m,UKR,M,,2510,26.0,,,True,,299,299.0,285.0,280.0,True,False,,OlimpBase historical FIDE list,C:\chenxi\bazi_project\chess\Elo199401e.html,,287,2015315,1970-08-18,profile_wikidata_agree,north,resolved_unique_birthplace,Q2281307,Q42308,Kharkiv,49.9925,36.23111111,"https://olimpbase.org/Elo/player/S/Stripunsky,%20Alexander.html",1970-08-18,True,,M,221,-0.02889706942113989,0.5608782435129741,1970-08-18
1994-01,OlimpBase historical FIDE list,C:\chenxi\bazi_project\chess\Elo199401e.html,13700146,"Tkachiev, Vladislav",m,KAZ,M,,2510,27.0,,,True,,297=,297.0,285.0,280.0,True,False,,OlimpBase historical FIDE list,C:\chenxi\bazi_project\chess\Elo199401e.html,,287,618438,1973-11-09,profile_wikidata_agree,north,resolved_unique_birthplace,Q716035,Q649,Moscow,55.75055556,37.6175,"https://olimpbase.org/Elo/player/T/Tkachiev,%20Vladislav.html",1973-11-09,True,,M,221,-0.02889706942113989,0.5608782435129741,1973-11-09
1994-01,OlimpBase historical FIDE list,C:\chenxi\bazi_project\chess\Elo199401e.html,4101766,"Varavin, Viktor",m,RUS,M,,2510,56.0,1967-05-23,1967.05.23,True,,286,286.0,285.0,280.0,True,False,,OlimpBase historical FIDE list,C:\chenxi\bazi_project\chess\Elo199401e.html,,287,4101766,1967-05-23,profile_wikidata_agree,north,resolved_unique_birthplace,Q4103536,Q915,Perm,58.01388889,56.24888889,"https://olimpbase.org/Elo/player/V/Varavin,%20Viktor.html",1967-05-23,True,,M,221,-0.02889706942113989,0.5608782435129741,1967-05-23
1994-01,OlimpBase historical FIDE list,C:\chenxi\bazi_project\chess\Elo199401e.html,14200040,"Zagrebelny, Sergey",g,UZB,M,,2510,31.0,,,True,,295,295.0,285.0,280.0,True,False,,OlimpBase historical FIDE list,C:\chenxi\bazi_project\chess\Elo199401e.html,,287,14200040,1965-04-09,wikidata_exact_via_modern_id,north,resolved_unique_birthplace,Q4183732,Q913406,Chirchiq,41.46666667,69.58333333,"https://olimpbase.org/Elo/player/Z/Zagrebelny,%20Sergey.html",,True,,M,221,-0.02889706942113989,0.5608782435129741,1965-04-09
1994-01,OlimpBase historical FIDE list,C:\chenxi\bazi_project\chess\Elo199401e.html,5200032,"Antonio, Rogelio jr",g,PHI,M,,2505,24.0,1962-02-19,1962.02.19,True,,317=,317.0,304.0,299.0,True,False,,OlimpBase historical FIDE list,C:\chenxi\bazi_project\chess\Elo199401e.html,,306,5200032,1962-02-19,profile_wikidata_agree,north,resolved_unique_birthplace,Q4800779,Q928,Philippines,12.0,123.0,"https://olimpbase.org/Elo/player/A/Antonio,%20Rogelio%20jr.html",1962-02-19,True,,M,232,-0.10993801271394414,0.5389221556886228,1962-02-19
1994-01,OlimpBase historical FIDE list,C:\chenxi\bazi_project\chess\Elo199401e.html,301264,"Babula, Vlastimil",m,CZE,M,,2505,47.0,1973-10-02,1973.10.02,True,,306,306.0,304.0,299.0,True,False,,OlimpBase historical FIDE list,C:\chenxi\bazi_project\chess\Elo199401e.html,,306,301264,1973-10-02,profile_wikidata_agree,north,resolved_unique_birthplace,Q1382022,Q664895,Uherský Brod,49.02513343,17.6471533,"https://olimpbase.org/Elo/player/B/Babula,%20Vlastimil.html",1973-10-02,True,,M,232,-0.10993801271394414,0.5389221556886228,1973-10-02
1994-01,OlimpBase historical FIDE list,C:\chenxi\bazi_project\chess\Elo199401e.html,13500031,"Dydyshko, Viacheslav",m,BLR,M,,2505,31.0,1949-04-10,1949.04.10,True,,314,314.0,304.0,299.0,True,False,,OlimpBase historical FIDE list,C:\chenxi\bazi_project\chess\Elo199401e.html,,306,13500031,1949-04-10,profile_wikidata_agree,north,resolved_unique_birthplace,Q2064324,Q4262913,Lipsk,52.83277778,26.09611111,"https://olimpbase.org/Elo/player/D/Dydyshko,%20Viacheslav.html",1949-04-10,True,,M,232,-0.10993801271394414,0.5389221556886228,1949-04-10
1994-01,OlimpBase historical FIDE list,C:\chenxi\bazi_project\chess\Elo199401e.html,1100106,"Gdanski, Jacek",m,POL,M,,2505,45.0,1970-11-30,1970.11.30,True,,307,307.0,304.0,299.0,True,False,,OlimpBase historical FIDE list,C:\chenxi\bazi_project\chess\Elo199401e.html,,306,1100106,1970-11-30,profile_wikidata_agree,north,resolved_unique_birthplace,Q326862,Q848999,Szczecinek,53.70777778,16.69916667,"https://olimpbase.org/Elo/player/G/Gdanski,%20Jacek.html",1970-11-30,True,,M,232,-0.10993801271394414,0.5389221556886228,1970-11-30
1994-01,OlimpBase historical FIDE list,C:\chenxi\bazi_project\chess\Elo199401e.html,4200039,"Grivas, Efstratios",g,GRE,M,,2505,51.0,1966-03-30,1966.03.30,True,,305,305.0,304.0,299.0,True,False,,OlimpBase historical FIDE list,C:\chenxi\bazi_project\chess\Elo199401e.html,,306,4200039,1966-03-30,profile_wikidata_agree,north,resolved_unique_birthplace,Q641271,Q212686,Aigio,38.25055556,22.08111111,"https://olimpbase.org/Elo/player/G/Grivas,%20Efstratios.html",1966-03-30,True,,M,232,-0.10993801271394414,0.5389221556886228,1966-03-30
1994-01,OlimpBase historical FIDE list,C:\chenxi\bazi_project\chess\Elo199401e.html,4100875,"Ionov, Sergey",m,RUS,M,,2505,18.0,1962-01-07,1962.01.07,True,,321,321.0,304.0,299.0,True,False,,OlimpBase historical FIDE list,C:\chenxi\bazi_project\chess\Elo199401e.html,,306,4100875,1962-01-07,profile_wikidata_agree,north,resolved_unique_birthplace,Q1760310,Q2235,Veliky Novgorod,58.52099,31.27579,"https://olimpbase.org/Elo/player/I/Ionov,%20Sergey.html",1962-01-07,True,,M,232,-0.10993801271394414,0.5389221556886228,1962-01-07
1994-01,OlimpBase historical FIDE list,C:\chenxi\bazi_project\chess\Elo199401e.html,1200372,"Istratescu, Andrei",m,ROM,M,,2505,30.0,1975-12-03,1975.12.03,True,,315,315.0,304.0,299.0,True,False,,OlimpBase historical FIDE list,C:\chenxi\bazi_project\chess\Elo199401e.html,,306,1200372,1975-12-03,profile_wikidata_agree,north,resolved_unique_birthplace,Q502088,Q19660,Bucharest,44.41336111,26.09777778,"https://olimpbase.org/Elo/player/I/Istratescu,%20Andrei.html",1975-12-03,True,,M,232,-0.10993801271394414,0.5389221556886228,1975-12-03
1994-01,OlimpBase historical FIDE list,C:\chenxi\bazi_project\chess\Elo199401e.html,4101375,"Ivanov, Sergey",m,RUS,M,,2505,16.0,,,True,,322,322.0,304.0,299.0,True,False,,OlimpBase historical FIDE list,C:\chenxi\bazi_project\chess\Elo199401e.html,,306,4101375,1961-09-29,profile_wikidata_agree,north,resolved_unique_birthplace,Q2272920,Q656,Saint Petersburg,59.95,30.31666667,"https://olimpbase.org/Elo/player/I/Ivanov,%20Sergey.html",1961-09-29,True,,M,232,-0.10993801271394414,0.5389221556886228,1961-09-29
1994-01,OlimpBase historical FIDE list,C:\chenxi\bazi_project\chess\Elo199401e.html,900788,"Lazic, Miroljub",m,YUG,M,,2505,58.0,1966-06-28,1966.06.28,True,,304,304.0,304.0,299.0,True,False,,OlimpBase historical FIDE list,C:\chenxi\bazi_project\chess\Elo199401e.html,,306,900788,1966-06-28,profile_wikidata_agree,north,resolved_unique_birthplace,Q4253021,Q2284860,Jadranska Lešnica,44.59916667,19.35361111,"https://olimpbase.org/Elo/player/L/Lazic,%20Miroljub.html",1966-06-28,True,,M,232,-0.10993801271394414,0.5389221556886228,1966-06-28
1994-01,OlimpBase historical FIDE list,C:\chenxi\bazi_project\chess\Elo199401e.html,2200074,"Magem Badals, Jorge",m,ESP,M,,2505,35.0,1967-08-24,1967.08.24,True,,309,309.0,304.0,299.0,True,False,,OlimpBase historical FIDE list,C:\chenxi\bazi_project\chess\Elo199401e.html,,306,2200074,1967-08-24,profile_wikidata_agree,north,resolved_unique_birthplace,Q3824586,Q16697,Manresa,41.72638889,1.82916667,"https://olimpbase.org/Elo/player/M/Magem%20Badals,%20Jorge.html",1967-08-24,True,,M,232,-0.10993801271394414,0.5389221556886228,1967-08-24
1994-01,OlimpBase historical FIDE list,C:\chenxi\bazi_project\chess\Elo199401e.html,14500116,"Palac, Mladen",g,CRO,M,,2505,24.0,1971-02-18,1971.02.18,True,,317,317.0,304.0,299.0,True,False,,OlimpBase historical FIDE list,C:\chenxi\bazi_project\chess\Elo199401e.html,,306,14500116,1971-02-18,profile_wikidata_agree,north,resolved_unique_birthplace,Q2085891,Q3036600,Donji Mamići,44.93333333,16.96666667,"https://olimpbase.org/Elo/player/P/Palac,%20Mladen.html",1971-02-18,True,,M,232,-0.10993801271394414,0.5389221556886228,1971-02-18
1994-01,OlimpBase historical FIDE list,C:\chenxi\bazi_project\chess\Elo199401e.html,2200058,"Rivas Pastor, Manuel",g,ESP,M,,2505,26.0,1960-07-13,1960.07.13,True,,316,316.0,304.0,299.0,True,False,,OlimpBase historical FIDE list,C:\chenxi\bazi_project\chess\Elo199401e.html,,306,2200058,1960-07-13,profile_wikidata_agree,north,resolved_unique_birthplace,Q2078324,Q15681,Jaén,37.76972222,-3.78888889,"https://olimpbase.org/Elo/player/R/Rivas%20Pastor,%20Manuel.html",1960-07-13,True,,M,232,-0.10993801271394414,0.5389221556886228,1960-07-13
1994-01,OlimpBase historical FIDE list,C:\chenxi\bazi_project\chess\Elo199401e.html,4102142,"Svidler, Peter",m,RUS,M,,2505,8.0,1976-06-17,1976.06.17,True,,323,323.0,304.0,299.0,True,False,,OlimpBase historical FIDE list,C:\chenxi\bazi_project\chess\Elo199401e.html,,306,4102142,1976-06-17,profile_wikidata_agree,north,resolved_unique_birthplace,Q278777,Q656,Saint Petersburg,59.95,30.31666667,"https://olimpbase.org/Elo/player/S/Svidler,%20Peter.html",1976-06-17,True,,M,232,-0.10993801271394414,0.5389221556886228,1976-06-17
1994-01,OlimpBase historical FIDE list,C:\chenxi\bazi_project\chess\Elo199401e.html,900060,"Todorcevic, Miodrag",g,YUG,M,,2505,35.0,1940-11-10,1940.11.10,True,,309=,309.0,304.0,299.0,True,False,,OlimpBase historical FIDE list,C:\chenxi\bazi_project\chess\Elo199401e.html,,306,900060,1940-11-10,profile_wikidata_agree,north,resolved_unique_birthplace,Q2667844,Q3711,Belgrade,44.81777778,20.45694444,"https://olimpbase.org/Elo/player/T/Todorcevic,%20Miodrag.html",1940-11-10,True,,M,232,-0.10993801271394414,0.5389221556886228,1940-11-10
1994-01,OlimpBase historical FIDE list,C:\chenxi\bazi_project\chess\Elo199401e.html,8600023,"Wang, Zili",m,CHN,M,,2505,6.0,1968-06-14,1968.06.14,True,,324,324.0,304.0,299.0,True,False,,OlimpBase historical FIDE list,C:\chenxi\bazi_project\chess\Elo199401e.html,,306,8600023,1968-06-14,profile_wikidata_agree,north,resolved_unique_birthplace,Q4103242,Q360769,Bozhou,33.86264,115.77422,"https://olimpbase.org/Elo/player/W/Wang,%20Zili.html",1968-06-14,True,,M,232,-0.10993801271394414,0.5389221556886228,1968-06-14
1994-01,OlimpBase historical FIDE list,C:\chenxi\bazi_project\chess\Elo199401e.html,900206,"Abramovic, Bosko",g,YUG,M,,2500,50.0,1951-02-14,1951.02.14,True,,330,330.0,326.0,321.0,True,False,,OlimpBase historical FIDE list,C:\chenxi\bazi_project\chess\Elo199401e.html,,328,900206,1951-02-14,profile_wikidata_agree,north,resolved_unique_birthplace,Q487109,Q201125,Zrenjanin,45.37777778,20.38611111,"https://olimpbase.org/Elo/player/A/Abramovic,%20Bosko.html",1951-02-14,True,,M,247,-0.19097895600674838,0.5089820359281437,1951-02-14
1994-01,OlimpBase historical FIDE list,C:\chenxi\bazi_project\chess\Elo199401e.html,400270,"Arkell, Keith C.",m,ENG,M,,2500,49.0,1961-01-08,1961.01.08,True,,331,331.0,326.0,321.0,True,False,,OlimpBase historical FIDE list,C:\chenxi\bazi_project\chess\Elo199401e.html,,328,400270,1961-01-08,profile_wikidata_agree,north,resolved_unique_birthplace,Q1277091,Q2256,Birmingham,52.48,-1.9025,"https://olimpbase.org/Elo/player/A/Arkell,%20Keith%20C..html",1961-01-08,True,,M,247,-0.19097895600674838,0.5089820359281437,1961-01-08
1994-01,OlimpBase historical FIDE list,C:\chenxi\bazi_project\chess\Elo199401e.html,900214,"Barlov, Dragan",g,YUG,M,,2500,42.0,1957-01-30,1957.01.30,True,,335,335.0,326.0,321.0,True,False,,OlimpBase historical FIDE list,C:\chenxi\bazi_project\chess\Elo199401e.html,,328,900214,1957-01-30,profile_wikidata_agree,north,resolved_unique_birthplace,Q4078336,Q167394,Kragujevac,44.01011111,20.91722222,"https://olimpbase.org/Elo/player/B/Barlov,%20Dragan.html",1957-01-30,True,,M,247,-0.19097895600674838,0.5089820359281437,1957-01-30
1994-01,OlimpBase historical FIDE list,C:\chenxi\bazi_project\chess\Elo199401e.html,4600045,"Bischoff, Klaus",g,GER,M,,2500,35.0,1961-06-09,1961.06.09,True,,337,337.0,326.0,321.0,True,False,,OlimpBase historical FIDE list,C:\chenxi\bazi_project\chess\Elo199401e.html,,328,4600045,1961-06-09,profile_wikidata_agree,north,resolved_unique_birthplace,Q69937,Q3012,Ulm,48.39861111,9.99111111,"https://olimpbase.org/Elo/player/B/Bischoff,%20Klaus.html",1961-06-09,True,,M,247,-0.19097895600674838,0.5089820359281437,1961-06-09
1994-01,OlimpBase historical FIDE list,C:\chenxi\bazi_project\chess\Elo199401e.html,14100932,"Brodsky, Michail",m,UKR,M,,2500,52.0,1969-03-27,1969.03.27,True,,329,329.0,326.0,321.0,True,False,,OlimpBase historical FIDE list,C:\chenxi\bazi_project\chess\Elo199401e.html,,328,14100932,1969-03-27,profile_wikidata_agree,north,resolved_unique_birthplace,Q2091031,Q42308,Kharkiv,49.9925,36.23111111,"https://olimpbase.org/Elo/player/B/Brodsky,%20Michail.html",1969-03-27,True,,M,247,-0.19097895600674838,0.5089820359281437,1969-03-27
1994-01,OlimpBase historical FIDE list,C:\chenxi\bazi_project\chess\Elo199401e.html,14500124,"Dizdar, Goran",g,CRO,M,,2500,58.0,1958-12-04,1958.12.04,True,,328,328.0,326.0,321.0,True,False,,OlimpBase historical FIDE list,C:\chenxi\bazi_project\chess\Elo199401e.html,,328,14500124,1958-12-04,profile_wikidata_agree,north,resolved_unique_birthplace,Q2333167,Q1435,Zagreb,45.81305556,15.97722222,"https://olimpbase.org/Elo/player/D/Dizdar,%20Goran.html",1958-12-04,True,,M,247,-0.19097895600674838,0.5089820359281437,1958-12-04
1994-01,OlimpBase historical FIDE list,C:\chenxi\bazi_project\chess\Elo199401e.html,13600087,"Janjgava, Lasha",g,GEO,M,,2500,6.0,1970-05-05,1970.05.05,True,,339,339.0,326.0,321.0,True,False,,OlimpBase historical FIDE list,C:\chenxi\bazi_project\chess\Elo199401e.html,,328,13600087,1970-05-05,profile_wikidata_agree,north,resolved_unique_birthplace,Q4159881,Q994,Tbilisi,41.7225,44.7925,"https://olimpbase.org/Elo/player/D/Dzhandzhava,%20Lasha.html",1970-05-05,True,,M,247,-0.19097895600674838,0.5089820359281437,1970-05-05
1994-01,OlimpBase historical FIDE list,C:\chenxi\bazi_project\chess\Elo199401e.html,8600066,"Liang, Jinrong",m,CHN,M,,2500,4.0,1960-05-21,1960.05.21,True,,340,340.0,326.0,321.0,True,False,,OlimpBase historical FIDE list,C:\chenxi\bazi_project\chess\Elo199401e.html,,328,8600066,1960-05-21,profile_wikidata_agree,north,resolved_unique_birthplace,Q11755625,Q16572,Guangzhou,23.13,113.26,"https://olimpbase.org/Elo/player/L/Liang,%20Jinrong.html",1960-05-21,True,,M,247,-0.19097895600674838,0.5089820359281437,1960-05-21
1994-01,OlimpBase historical FIDE list,C:\chenxi\bazi_project\chess\Elo199401e.html,1200852,"Schwartzman, Gabriel",g,ROM,M,,2500,63.0,1976-10-23,1976.10.23,True,,327,327.0,326.0,321.0,True,False,,OlimpBase historical FIDE list,C:\chenxi\bazi_project\chess\Elo199401e.html,,328,2011255,1976-10-23,profile_wikidata_agree,north,resolved_unique_birthplace,Q4521681,Q19660,Bucharest,44.41336111,26.09777778,"https://olimpbase.org/Elo/player/S/Schwartzman,%20Gabriel.html",1976-10-23,True,,M,247,-0.19097895600674838,0.5089820359281437,1976-10-23
1994-01,OlimpBase historical FIDE list,C:\chenxi\bazi_project\chess\Elo199401e.html,3500055,"Vera, Reynaldo",g,CUB,M,,2500,46.0,1961-01-07,1961.01.07,True,,332,332.0,326.0,321.0,True,False,,OlimpBase historical FIDE list,C:\chenxi\bazi_project\chess\Elo199401e.html,,328,3500055,1961-01-07,profile_wikidata_agree,north,resolved_unique_birthplace,Q354819,Q5002,Unión de Reyes,22.80027778,-81.53722222,"https://olimpbase.org/Elo/player/V/Vera,%20Reynaldo.html",1961-01-07,True,,M,247,-0.19097895600674838,0.5089820359281437,1961-01-07
1994-01,OlimpBase historical FIDE list,C:\chenxi\bazi_project\chess\Elo199401e.html,8600015,"Ye, Rongguang",g,CHN,M,,2500,0.0,1963-10-03,1963.10.03,True,,342,342.0,326.0,321.0,True,False,,OlimpBase historical FIDE list,C:\chenxi\bazi_project\chess\Elo199401e.html,,328,8600015,1963-10-03,profile_wikidata_agree,north,resolved_unique_birthplace,Q702454,Q42635,Wenzhou,27.999128,120.656075,"https://olimpbase.org/Elo/player/Y/Ye,%20Rongguang.html",1963-10-03,True,,M,247,-0.19097895600674838,0.5089820359281437,1963-10-03
1994-01,OlimpBase historical FIDE list,C:\chenxi\bazi_project\chess\Elo199401e.html,201260,"Chuchelov, Vladimir",m,BEL,M,,2495,34.0,1969-09-28,1969.09.28,True,,353,353.0,344.0,339.0,True,False,,OlimpBase historical FIDE list,C:\chenxi\bazi_project\chess\Elo199401e.html,,346,201260,1969-09-28,profile_wikidata_agree,north,resolved_unique_birthplace,Q155328,Q649,Moscow,55.75055556,37.6175,"https://olimpbase.org/Elo/player/C/Chuchelov,%20Vladimir.html",1969-09-28,True,,M,258,-0.2720198992995526,0.4870259481037924,1969-09-28
1994-01,OlimpBase historical FIDE list,C:\chenxi\bazi_project\chess\Elo199401e.html,400181,"Conquest, Stuart",g,ENG,M,,2495,58.0,1967-03-01,1967.03.01,True,,345,345.0,344.0,339.0,True,False,,OlimpBase historical FIDE list,C:\chenxi\bazi_project\chess\Elo199401e.html,,346,400181,1967-03-01,profile_wikidata_agree,north,resolved_unique_birthplace,Q349559,Q2297044,Ilford,51.5575,0.08583333,"https://olimpbase.org/Elo/player/C/Conquest,%20Stuart.html",1967-03-01,True,,M,258,-0.2720198992995526,0.4870259481037924,1967-03-01
1994-01,OlimpBase historical FIDE list,C:\chenxi\bazi_project\chess\Elo199401e.html,12400084,"Dao, Thien Hai",m,VIE,M,,2495,56.0,1978-05-10,1978.05.10,True,,346,346.0,344.0,339.0,True,False,,OlimpBase historical FIDE list,C:\chenxi\bazi_project\chess\Elo199401e.html,,346,12400084,1978-05-10,profile_wikidata_agree,north,resolved_unique_birthplace,Q1320395,Q36676,Đồng Tháp,10.38834833,106.0,"https://olimpbase.org/Elo/player/D/Dao,%20Thien%20Hai.html",1978-05-10,True,,M,258,-0.2720198992995526,0.4870259481037924,1978-05-10
1994-01,OlimpBase historical FIDE list,C:\chenxi\bazi_project\chess\Elo199401e.html,400297,"Howell, James C.",m,ENG,M,,2495,30.0,1967-05-17,1967.05.17,True,,356,356.0,344.0,339.0,True,False,,OlimpBase historical FIDE list,C:\chenxi\bazi_project\chess\Elo199401e.html,,346,400297,1967-05-17,profile_wikidata_agree,north,resolved_unique_birthplace,Q4496647,Q84,London,51.50722222,-0.1275,"https://olimpbase.org/Elo/player/H/Howell,%20James%20C..html",1967-05-17,True,,M,258,-0.2720198992995526,0.4870259481037924,1967-05-17
1994-01,OlimpBase historical FIDE list,C:\chenxi\bazi_project\chess\Elo199401e.html,4101561,"Kalinichev, Sergey L.",m,RUS,M,,2495,38.0,1956-02-03,1956.02.03,True,,351,351.0,344.0,339.0,True,False,,OlimpBase historical FIDE list,C:\chenxi\bazi_project\chess\Elo199401e.html,,346,4637321,1956-02-03,profile_wikidata_agree,north,resolved_unique_birthplace,Q827010,Q649,Moscow,55.75055556,37.6175,"https://olimpbase.org/Elo/player/K/Kalinichev,%20Sergey%20L..html",1956-02-03,True,,M,258,-0.2720198992995526,0.4870259481037924,1956-02-03
1994-01,OlimpBase historical FIDE list,C:\chenxi\bazi_project\chess\Elo199401e.html,14100266,"Levin, Felix",m,UKR,M,,2495,52.0,,,True,,347,347.0,344.0,339.0,True,False,,OlimpBase historical FIDE list,C:\chenxi\bazi_project\chess\Elo199401e.html,,346,4650905,1958-11-05,profile_wikidata_agree,north,resolved_unique_birthplace,Q76108,Q36036,Lviv,49.838055;49.841952,24.023055;24.0315921,"https://olimpbase.org/Elo/player/L/Levin,%20Felix.html",1958-11-05,True,,M,258,-0.2720198992995526,0.4870259481037924,1958-11-05
1994-01,OlimpBase historical FIDE list,C:\chenxi\bazi_project\chess\Elo199401e.html,1105680,"Markowski, Tomasz",m,POL,M,,2495,25.0,1975-07-30,1975.07.30,True,,357,357.0,344.0,339.0,True,False,,OlimpBase historical FIDE list,C:\chenxi\bazi_project\chess\Elo199401e.html,,346,1105680,1975-07-30,profile_wikidata_agree,north,resolved_unique_birthplace,Q724051,Q66013,Głogów,51.65888889,16.08027778,"https://olimpbase.org/Elo/player/M/Markowski,%20Tomasz.html",1975-07-30,True,,M,258,-0.2720198992995526,0.4870259481037924,1975-07-30
1994-01,OlimpBase historical FIDE list,C:\chenxi\bazi_project\chess\Elo199401e.html,4118987,"Najer, Evgeniy",m,RUS,M,,2495,43.0,,,True,,348,348.0,344.0,339.0,True,False,,OlimpBase historical FIDE list,C:\chenxi\bazi_project\chess\Elo199401e.html,,346,4118987,1977-06-22,profile_wikidata_agree,north,resolved_unique_birthplace,Q490636,Q649,Moscow,55.75055556,37.6175,"https://olimpbase.org/Elo/player/N/Najer,%20Evgeniy.html",1977-06-22,True,,M,258,-0.2720198992995526,0.4870259481037924,1977-06-22
1994-01,OlimpBase historical FIDE list,C:\chenxi\bazi_project\chess\Elo199401e.html,900150,"Strikovic, Aleksa",m,YUG,M,,2495,42.0,1961-05-12,1961.05.12,True,,349=,349.0,344.0,339.0,True,False,,OlimpBase historical FIDE list,C:\chenxi\bazi_project\chess\Elo199401e.html,,346,900150,1961-05-12,profile_wikidata_agree,north,resolved_unique_birthplace,Q4444009,Q384,Skopje,41.99611111,21.43166667,"https://olimpbase.org/Elo/player/S/Strikovic,%20Aleksa.html",1961-05-12,True,,M,258,-0.2720198992995526,0.4870259481037924,1961-05-12
1994-01,OlimpBase historical FIDE list,C:\chenxi\bazi_project\chess\Elo199401e.html,4611292,"Vogt, Lothar",g,GER,M,,2495,24.0,1952-01-17,1952.01.17,True,,358,358.0,344.0,339.0,True,False,,OlimpBase historical FIDE list,C:\chenxi\bazi_project\chess\Elo199401e.html,,346,4611292,1952-01-17,profile_wikidata_agree,north,resolved_unique_birthplace,Q96129,Q4077,Görlitz,51.155;51.1563185,14.988333;14.991018,"https://olimpbase.org/Elo/player/V/Vogt,%20Lothar.html",1952-01-17,True,,M,258,-0.2720198992995526,0.4870259481037924,1952-01-17
1994-01,OlimpBase historical FIDE list,C:\chenxi\bazi_project\chess\Elo199401e.html,14101440,"Berelovich, Aleksandar",m,UKR,M,,2490,24.0,,,True,,377,377.0,366.0,361.0,True,False,,OlimpBase historical FIDE list,C:\chenxi\bazi_project\chess\Elo199401e.html,,368,14101440,1967-07-02,profile_wikidata_agree,north,resolved_unique_birthplace,Q324960,Q42308,Kharkiv,49.9925,36.23111111,"https://olimpbase.org/Elo/player/B/Berelovich,%20Aleksandar.html",1967-07-02,True,,M,268,-0.35306084259235687,0.46706586826347307,1967-07-02
1994-01,OlimpBase historical FIDE list,C:\chenxi\bazi_project\chess\Elo199401e.html,4100859,"Chekhov, Valery A.",g,RUS,M,,2490,11.0,1955-11-27,1955.11.27,True,,382,382.0,366.0,361.0,True,False,,OlimpBase historical FIDE list,C:\chenxi\bazi_project\chess\Elo199401e.html,,368,4100859,1955-11-27,profile_wikidata_agree,north,resolved_unique_birthplace,Q1377864,Q649,Moscow,55.75055556,37.6175,"https://olimpbase.org/Elo/player/C/Chekhov,%20Valery%20A..html",1955-11-27,True,,M,268,-0.35306084259235687,0.46706586826347307,1955-11-27
1994-01,OlimpBase historical FIDE list,C:\chenxi\bazi_project\chess\Elo199401e.html,600113,"Hauchard, Arnaud",m,FRA,M,,2490,41.0,1971-11-15,1971.11.15,True,,370,370.0,366.0,361.0,True,False,,OlimpBase historical FIDE list,C:\chenxi\bazi_project\chess\Elo199401e.html,,368,600113,1971-11-15,profile_wikidata_agree,north,resolved_unique_birthplace,Q2863141,Q30974,Rouen,49.44305556,1.1025,"https://olimpbase.org/Elo/player/H/Hauchard,%20Arnaud.html",1971-11-15,True,,M,268,-0.35306084259235687,0.46706586826347307,1971-11-15
1994-01,OlimpBase historical FIDE list,C:\chenxi\bazi_project\chess\Elo199401e.html,700282,"Kallai, Gabor",m,HUN,M,,2490,51.0,1959-02-21,1959.02.21,True,,369,369.0,366.0,361.0,True,False,,OlimpBase historical FIDE list,C:\chenxi\bazi_project\chess\Elo199401e.html,,368,700282,1959-02-21,profile_wikidata_agree,north,resolved_unique_birthplace,Q831114,Q1781,Budapest,47.49833333,19.04083333,"https://olimpbase.org/Elo/player/K/Kallai,%20Gabor.html",1959-02-21,True,,M,268,-0.35306084259235687,0.46706586826347307,1959-02-21
1994-01,OlimpBase historical FIDE list,C:\chenxi\bazi_project\chess\Elo199401e.html,2900130,"Kolev, Atanas",g,BUL,M,,2490,53.0,1967-07-15,1967.07.15,True,,368,368.0,366.0,361.0,True,False,,OlimpBase historical FIDE list,C:\chenxi\bazi_project\chess\Elo199401e.html,,368,2900130,1967-07-15,profile_wikidata_agree,north,resolved_unique_birthplace,Q2634340,Q405426,Botevgrad,42.907278,23.793661,"https://olimpbase.org/Elo/player/K/Kolev,%20Atanas.html",1967-07-15,True,,M,268,-0.35306084259235687,0.46706586826347307,1967-07-15
1994-01,OlimpBase historical FIDE list,C:\chenxi\bazi_project\chess\Elo199401e.html,4612396,"Maiwald, Jens-Uwe",m,GER,M,,2490,57.0,1974-05-06,1974.05.06,True,,367,367.0,366.0,361.0,True,False,,OlimpBase historical FIDE list,C:\chenxi\bazi_project\chess\Elo199401e.html,,368,4612396,1974-05-06,profile_wikidata_agree,north,resolved_unique_birthplace,Q95478,Q1731,Dresden,51.0493286;51.05089;51.0833,13.7381437;13.73832;13.7666,"https://olimpbase.org/Elo/player/M/Maiwald,%20Jens-Uwe.html",1974-05-06,True,,M,268,-0.35306084259235687,0.46706586826347307,1974-05-06
1994-01,OlimpBase historical FIDE list,C:\chenxi\bazi_project\chess\Elo199401e.html,4621654,"Mowsziszian, Karen",m,GER,M,,2490,41.0,,,True,,370=,370.0,366.0,361.0,True,False,,OlimpBase historical FIDE list,C:\chenxi\bazi_project\chess\Elo199401e.html,,368,13301152,1963-01-06,profile_wikidata_agree,north,resolved_unique_birthplace,Q821748,Q1953,Yerevan,40.18138889,44.51444444,"https://olimpbase.org/Elo/player/M/Mowsziszian,%20Karen.html",1963-01-06,True,,M,268,-0.35306084259235687,0.46706586826347307,1963-01-06
1994-01,OlimpBase historical FIDE list,C:\chenxi\bazi_project\chess\Elo199401e.html,4611322,"Tischbierek, Raj",g,GER,M,,2490,22.0,1962-09-24,1962.09.24,True,,378,378.0,366.0,361.0,True,False,,OlimpBase historical FIDE list,C:\chenxi\bazi_project\chess\Elo199401e.html,,368,4611322,1962-09-24,profile_wikidata_agree,north,resolved_unique_birthplace,Q89517,Q2079,Leipzig,51.339444;51.33962;51.3406321;51.35,12.371111;12.37129;12.3747329;12.3833,"https://olimpbase.org/Elo/player/T/Tischbierek,%20Raj.html",1962-09-24,True,,M,268,-0.35306084259235687,0.46706586826347307,1962-09-24
1994-01,OlimpBase historical FIDE list,C:\chenxi\bazi_project\chess\Elo199401e.html,4120086,"Turov, Maxim",,RUS,M,,2490,9.0,,,True,,383,383.0,366.0,361.0,True,False,,OlimpBase historical FIDE list,C:\chenxi\bazi_project\chess\Elo199401e.html,,368,4120086,1979-12-07,profile_wikidata_agree,north,resolved_unique_birthplace,Q510911,Q134699,Gukovo,48.05,39.93333333,"https://olimpbase.org/Elo/player/T/Turov,%20Maxim.html",1979-12-07,True,,M,268,-0.35306084259235687,0.46706586826347307,1979-12-07
1994-01,OlimpBase historical FIDE list,C:\chenxi\bazi_project\chess\Elo199401e.html,400327,"Wells, Peter K.",m,ENG,M,,2490,37.0,1965-04-17,1965.04.17,True,,374,374.0,366.0,361.0,True,False,,OlimpBase historical FIDE list,C:\chenxi\bazi_project\chess\Elo199401e.html,,368,400327,1965-04-17,profile_wikidata_agree,north,resolved_unique_birthplace,Q2226229,Q72259,Portsmouth,50.80583333,-1.08722222,"https://olimpbase.org/Elo/player/W/Wells,%20Peter%20K..html",1965-04-17,True,,M,268,-0.35306084259235687,0.46706586826347307,1965-04-17
1994-01,OlimpBase historical FIDE list,C:\chenxi\bazi_project\chess\Elo199401e.html,3500012,"Arencibia, Walter",g,CUB,M,,2485,64.0,1967-07-21,1967.07.21,True,,387,387.0,384.0,379.0,True,False,,OlimpBase historical FIDE list,C:\chenxi\bazi_project\chess\Elo199401e.html,,386,3500012,1967-07-21,profile_wikidata_agree,north,resolved_unique_birthplace,Q583139,Q244154,Holguin,20.88722222,-76.26305556,"https://olimpbase.org/Elo/player/A/Arencibia,%20Walter.html",1967-07-21,True,,M,278,-0.43410178588516113,0.4471057884231537,1967-07-21
1994-01,OlimpBase historical FIDE list,C:\chenxi\bazi_project\chess\Elo199401e.html,1700219,"Brynell, Stellan",m,SWE,M,,2485,32.0,1962-09-28,1962.09.28,True,,398,398.0,384.0,379.0,True,False,,OlimpBase historical FIDE list,C:\chenxi\bazi_project\chess\Elo199401e.html,,386,1700219,1962-09-28,profile_wikidata_agree,north,resolved_unique_birthplace,Q729383,Q34,Sweden,61.0,15.0,"https://olimpbase.org/Elo/player/B/Brynell,%20Stellan.html",1962-09-28,True,,M,278,-0.43410178588516113,0.4471057884231537,1962-09-28
1994-01,OlimpBase historical FIDE list,C:\chenxi\bazi_project\chess\Elo199401e.html,400149,"Gallagher, Joseph G.",g,ENG,M,,2485,67.0,1964-05-04,1964.05.04,True,,385,385.0,384.0,379.0,True,False,,OlimpBase historical FIDE list,C:\chenxi\bazi_project\chess\Elo199401e.html,,386,1303422,1964-05-04,profile_wikidata_agree,north,resolved_unique_birthplace,Q685117,Q84,London,51.50722222,-0.1275,"https://olimpbase.org/Elo/player/G/Gallagher,%20Joseph%20G..html",1964-05-04,True,,M,278,-0.43410178588516113,0.4471057884231537,1964-05-04
1994-01,OlimpBase historical FIDE list,C:\chenxi\bazi_project\chess\Elo199401e.html,2200163,"Gomez Esteban, Juan Mario",m,ESP,M,,2485,35.0,1958-02-05,1958.02.05,True,,396,396.0,384.0,379.0,True,False,,OlimpBase historical FIDE list,C:\chenxi\bazi_project\chess\Elo199401e.html,,386,2200163,1958-02-15,profile_wikidata_agree,north,resolved_unique_birthplace,Q3751041,Q548441,Portugalete,43.319444,-3.019583,"https://olimpbase.org/Elo/player/G/Gomez%20Esteban,%20Juan%20Mario.html",1958-02-15,True,,M,278,-0.43410178588516113,0.4471057884231537,1958-02-15
1994-01,OlimpBase historical FIDE list,C:\chenxi\bazi_project\chess\Elo199401e.html,5100011,"Hernandez, Gilberto",m,MEX,M,,2485,87.0,,,True,,384,384.0,384.0,379.0,True,False,,OlimpBase historical FIDE list,C:\chenxi\bazi_project\chess\Elo199401e.html,,386,5100011,1970-02-04,wikidata_exact_via_modern_id,north,resolved_unique_birthplace,Q1372197,Q3849175,Ébano Municipality,22.16,-98.51,"https://olimpbase.org/Elo/player/H/Hernandez,%20Gilberto.html",,True,,M,278,-0.43410178588516113,0.4471057884231537,1970-02-04
1994-01,OlimpBase historical FIDE list,C:\chenxi\bazi_project\chess\Elo199401e.html,900141,"Ivkov, Borislav",g,YUG,M,,2485,20.0,1933-11-12,1933.11.12,True,,402,402.0,384.0,379.0,True,False,,OlimpBase historical FIDE list,C:\chenxi\bazi_project\chess\Elo199401e.html,,386,900141,1933-11-12,profile_wikidata_agree,north,resolved_unique_birthplace,Q551331,Q3711,Belgrade,44.81777778,20.45694444,"https://olimpbase.org/Elo/player/I/Ivkov,%20Borislav.html",1933-11-12,True,,M,278,-0.43410178588516113,0.4471057884231537,1933-11-12
1994-01,OlimpBase historical FIDE list,C:\chenxi\bazi_project\chess\Elo199401e.html,14500078,"Kovacevic, Vladimir",g,CRO,M,,2485,39.0,1942-03-26,1942.03.26,True,,393,393.0,384.0,379.0,True,False,,OlimpBase historical FIDE list,C:\chenxi\bazi_project\chess\Elo199401e.html,,386,14500078,1942-03-26,profile_wikidata_agree,north,resolved_unique_birthplace,Q2065079,Q1722,Dubrovnik,42.64027778,18.10833333,"https://olimpbase.org/Elo/player/K/Kovacevic,%20Vladimir.html",1942-03-26,True,,M,278,-0.43410178588516113,0.4471057884231537,1942-03-26
1994-01,OlimpBase historical FIDE list,C:\chenxi\bazi_project\chess\Elo199401e.html,700142,"Lukacs, Peter",g,HUN,M,,2485,56.0,1950-07-09,1950.07.09,True,,388,388.0,384.0,379.0,True,False,,OlimpBase historical FIDE list,C:\chenxi\bazi_project\chess\Elo199401e.html,,386,700142,1950-07-09,profile_wikidata_agree,north,resolved_unique_birthplace,Q2120610,Q1781,Budapest,47.49833333,19.04083333,"https://olimpbase.org/Elo/player/L/Lukacs,%20Peter.html",1950-07-09,True,,M,278,-0.43410178588516113,0.4471057884231537,1950-07-09
1994-01,OlimpBase historical FIDE list,C:\chenxi\bazi_project\chess\Elo199401e.html,1100122,"Matlak, Marek",m,POL,M,,2485,66.0,1966-03-21,1966.03.21,True,,386,386.0,384.0,379.0,True,False,,OlimpBase historical FIDE list,C:\chenxi\bazi_project\chess\Elo199401e.html,,386,1100122,1966-03-21,profile_wikidata_agree,north,resolved_unique_birthplace,Q11768307,Q773227,Kęty,49.88214,19.22333,"https://olimpbase.org/Elo/player/M/Matlak,%20Marek.html",1966-03-21,True,,M,278,-0.43410178588516113,0.4471057884231537,1966-03-21
1994-01,OlimpBase historical FIDE list,C:\chenxi\bazi_project\chess\Elo199401e.html,13300245,"Nalbandian, Tigran",m,ARM,M,,2485,24.0,,,True,,401,401.0,384.0,379.0,True,False,,OlimpBase historical FIDE list,C:\chenxi\bazi_project\chess\Elo199401e.html,,386,13300245,1975-06-05,profile_wikidata_agree,north,resolved_unique_birthplace,Q2335548,Q1953,Yerevan,40.18138889,44.51444444,"https://olimpbase.org/Elo/player/N/Nalbandian,%20Tigran.html",1975-06-05,True,,M,278,-0.43410178588516113,0.4471057884231537,1975-06-05
1994-01,OlimpBase historical FIDE list,C:\chenxi\bazi_project\chess\Elo199401e.html,4101880,"Nikolenko, Oleg",m,RUS,M,,2485,16.0,1959-06-19,1959.06.19,True,,403,403.0,384.0,379.0,True,False,,OlimpBase historical FIDE list,C:\chenxi\bazi_project\chess\Elo199401e.html,,386,4101880,1959-06-19,profile_wikidata_agree,north,resolved_unique_birthplace,Q4320700,Q649,Moscow,55.75055556,37.6175,"https://olimpbase.org/Elo/player/N/Nikolenko,%20Oleg.html",1959-06-19,True,,M,278,-0.43410178588516113,0.4471057884231537,1959-06-19
1994-01,OlimpBase historical FIDE list,C:\chenxi\bazi_project\chess\Elo199401e.html,4114914,"Notkin, Maksim",m,RUS,M,,2485,29.0,1963-12-11,1963.12.11,True,,400,400.0,384.0,379.0,True,False,,OlimpBase historical FIDE list,C:\chenxi\bazi_project\chess\Elo199401e.html,,386,4114914,1963-12-11,profile_wikidata_agree,north,resolved_unique_birthplace,Q5990353,Q649,Moscow,55.75055556,37.6175,"https://olimpbase.org/Elo/player/N/Notkin,%20Maksim.html",1963-12-11,True,,M,278,-0.43410178588516113,0.4471057884231537,1963-12-11
1994-01,OlimpBase historical FIDE list,C:\chenxi\bazi_project\chess\Elo199401e.html,2802090,"Oratovsky, Michael",m,ISR,M,,2485,38.0,,,True,,394,394.0,384.0,379.0,True,False,,OlimpBase historical FIDE list,C:\chenxi\bazi_project\chess\Elo199401e.html,,386,2802090,1974-04-03,profile_wikidata_agree,north,resolved_unique_birthplace,Q2584417,Q132572,Tiraspol,46.85,29.63333333,"https://olimpbase.org/Elo/player/O/Oratovsky,%20Michael.html",1974-04-03,True,,M,278,-0.43410178588516113,0.4471057884231537,1974-04-03
1994-01,OlimpBase historical FIDE list,C:\chenxi\bazi_project\chess\Elo199401e.html,14100231,"Palatnik, Semon",g,UKR,M,,2485,16.0,1950-03-26,1950.03.26,True,,403=,403.0,384.0,379.0,True,False,,OlimpBase historical FIDE list,C:\chenxi\bazi_project\chess\Elo199401e.html,,386,2014610,1950-03-26,profile_wikidata_agree,north,resolved_unique_birthplace,Q2509530,Q1874,Odesa,46.47747,30.73262,"https://olimpbase.org/Elo/player/P/Palatnik,%20Semon.html",1950-03-26,True,,M,278,-0.43410178588516113,0.4471057884231537,1950-03-26
1994-01,OlimpBase historical FIDE list,C:\chenxi\bazi_project\chess\Elo199401e.html,4600100,"Pfleger, Helmut",g,GER,M,,2485,0.0,1943-08-06,1943.08.06,True,,408,408.0,384.0,379.0,True,False,,OlimpBase historical FIDE list,C:\chenxi\bazi_project\chess\Elo199401e.html,,386,4600100,1943-08-06,profile_wikidata_agree,north,resolved_unique_birthplace,Q71977,Q146342,Teplice,50.63333333,13.81666667,"https://olimpbase.org/Elo/player/P/Pfleger,%20Helmut.html",1943-08-06,True,,M,278,-0.43410178588516113,0.4471057884231537,1943-08-06
1994-01,OlimpBase historical FIDE list,C:\chenxi\bazi_project\chess\Elo199401e.html,400238,"Plaskett, Jim",g,ENG,M,,2485,10.0,1960-03-18,1960.03.18,True,,406,406.0,384.0,379.0,True,False,,OlimpBase historical FIDE list,C:\chenxi\bazi_project\chess\Elo199401e.html,,386,400238,1960-03-18,profile_wikidata_agree,north,resolved_unique_birthplace,Q2078377,Q229,Cyprus,35.0,33.0,"https://olimpbase.org/Elo/player/P/Plaskett,%20Jim.html",1960-03-18,True,,M,278,-0.43410178588516113,0.4471057884231537,1960-03-18
1994-01,OlimpBase historical FIDE list,C:\chenxi\bazi_project\chess\Elo199401e.html,2000350,"Rachels, Stuart",m,USA,M,,2485,0.0,1969-09-26,1969.09.26,True,,408=,408.0,384.0,379.0,True,False,,OlimpBase historical FIDE list,C:\chenxi\bazi_project\chess\Elo199401e.html,,386,2000350,1969-09-26,profile_wikidata_agree,north,resolved_unique_birthplace,Q1639906,Q79867,Birmingham,33.5175,-86.80944444,"https://olimpbase.org/Elo/player/R/Rachels,%20Stuart.html",1969-09-26,True,,M,278,-0.43410178588516113,0.4471057884231537,1969-09-26
1994-01,OlimpBase historical FIDE list,C:\chenxi\bazi_project\chess\Elo199401e.html,4500105,"Sepp, Olav",,EST,M,,2485,36.0,1969-05-05,1969.05.05,True,,395,395.0,384.0,379.0,True,False,,OlimpBase historical FIDE list,C:\chenxi\bazi_project\chess\Elo199401e.html,,386,4500105,1969-05-05,profile_wikidata_agree,north,resolved_unique_birthplace,Q946534,Q1770,Tallinn,59.43722222,24.745,"https://olimpbase.org/Elo/player/S/Sepp,%20Olav.html",1969-05-05,True,,M,278,-0.43410178588516113,0.4471057884231537,1969-05-05
1994-01,OlimpBase historical FIDE list,C:\chenxi\bazi_project\chess\Elo199401e.html,300101,"Vokac, Marek",m,CZE,M,,2485,50.0,1958-12-06,1958.12.06,True,,390,390.0,384.0,379.0,True,False,,OlimpBase historical FIDE list,C:\chenxi\bazi_project\chess\Elo199401e.html,,386,300101,1958-12-06,profile_wikidata_agree,north,resolved_unique_birthplace,Q366429,Q1085,Prague,50.0875,14.42138889,"https://olimpbase.org/Elo/player/V/Vokac,%20Marek.html",1958-12-06,True,,M,278,-0.43410178588516113,0.4471057884231537,1958-12-06
1994-01,OlimpBase historical FIDE list,C:\chenxi\bazi_project\chess\Elo199401e.html,4101936,"Zlochevskij, Alexander",g,RUS,M,,2485,41.0,1963-06-25,1963.06.25,True,,392,392.0,384.0,379.0,True,False,,OlimpBase historical FIDE list,C:\chenxi\bazi_project\chess\Elo199401e.html,,386,811424,1963-06-25,profile_wikidata_agree,north,resolved_unique_birthplace,Q3389414,Q649,Moscow,55.75055556,37.6175,"https://olimpbase.org/Elo/player/Z/Zlochevskij,%20Alexander.html",1963-06-25,True,,M,278,-0.43410178588516113,0.4471057884231537,1963-06-25
1994-01,OlimpBase historical FIDE list,C:\chenxi\bazi_project\chess\Elo199401e.html,3501728,"Becerra Rivero, Julio",m,CUB,M,,2480,61.0,,,True,,412,412.0,410.0,404.0,True,False,,OlimpBase historical FIDE list,C:\chenxi\bazi_project\chess\Elo199401e.html,,412,3501728,1973-10-15,wikidata_exact_via_modern_id,north,resolved_unique_birthplace,Q3774349,Q1563,Havana,23.13666667,-82.35888889,"https://olimpbase.org/Elo/player/B/Becerra%20Rivero,%20Julio.html",,True,,M,298,-0.5151427291779653,0.40718562874251496,1973-10-15
1994-01,OlimpBase historical FIDE list,C:\chenxi\bazi_project\chess\Elo199401e.html,1300024,"Brunner, Lucas",g,SUI,M,,2480,44.0,1967-05-29,1967.05.29,True,,421=,421.0,410.0,404.0,True,False,,OlimpBase historical FIDE list,C:\chenxi\bazi_project\chess\Elo199401e.html,,412,1300024,1967-05-29,profile_wikidata_agree,north,resolved_unique_birthplace,Q122628,Q70,Bern,46.94798,7.44743,"https://olimpbase.org/Elo/player/B/Brunner,%20Lucas.html",1967-05-29,True,,M,298,-0.5151427291779653,0.40718562874251496,1967-05-29
1994-01,OlimpBase historical FIDE list,C:\chenxi\bazi_project\chess\Elo199401e.html,4117328,"Chernyshov, Konstantin",m,RUS,M,,2480,47.0,1967-06-11,1967.06.11,True,,419,419.0,410.0,404.0,True,False,,OlimpBase historical FIDE list,C:\chenxi\bazi_project\chess\Elo199401e.html,,412,4117328,1967-06-11,profile_wikidata_agree,north,resolved_unique_birthplace,Q536934,Q3426,Voronezh,51.67166667,39.21055556,"https://olimpbase.org/Elo/player/C/Chernyshov,%20Konstantin.html",1967-06-11,True,,M,298,-0.5151427291779653,0.40718562874251496,1967-06-11
1994-01,OlimpBase historical FIDE list,C:\chenxi\bazi_project\chess\Elo199401e.html,1400185,"Danielsen, Henrik",m,DEN,M,,2480,44.0,1966-01-21,1966.01.21,True,,421,421.0,410.0,404.0,True,False,,OlimpBase historical FIDE list,C:\chenxi\bazi_project\chess\Elo199401e.html,,412,1400185,1966-01-21,profile_wikidata_agree,north,resolved_unique_birthplace,Q1606252,Q986435,Nykøbing Falster,54.76666667,11.88333333,"https://olimpbase.org/Elo/player/D/Danielsen,%20Henrik.html",1966-01-21,True,,M,298,-0.5151427291779653,0.40718562874251496,1966-01-21
1994-01,OlimpBase historical FIDE list,C:\chenxi\bazi_project\chess\Elo199401e.html,600270,"Degraeve, Jean-Marc",m,FRA,M,,2480,19.0,1971-01-26,1971.01.26,True,,440,440.0,410.0,404.0,True,False,,OlimpBase historical FIDE list,C:\chenxi\bazi_project\chess\Elo199401e.html,,412,600270,1971-01-26,profile_wikidata_agree,north,resolved_unique_birthplace,Q969892,Q182481,Tourcoing,50.7225,3.16027778,"https://olimpbase.org/Elo/player/D/Degraeve,%20Jean-Marc.html",1971-01-26,True,,M,298,-0.5151427291779653,0.40718562874251496,1971-01-26
1994-01,OlimpBase historical FIDE list,C:\chenxi\bazi_project\chess\Elo199401e.html,2900394,"Delchev, Aleksander",m,BUL,M,,2480,30.0,1971-07-15,1971.07.15,True,,430,430.0,410.0,404.0,True,False,,OlimpBase historical FIDE list,C:\chenxi\bazi_project\chess\Elo199401e.html,,412,2900394,1971-07-15,profile_wikidata_agree,north,resolved_unique_birthplace,Q718236,Q472,Sofia,42.697886,23.321726,"https://olimpbase.org/Elo/player/D/Delchev,%20Aleksander.html",1971-07-15,True,,M,298,-0.5151427291779653,0.40718562874251496,1971-07-15
1994-01,OlimpBase historical FIDE list,C:\chenxi\bazi_project\chess\Elo199401e.html,900133,"Djuric, Stefan",g,YUG,M,,2480,52.0,1955-07-26,1955.07.26,True,,416,416.0,410.0,404.0,True,False,,OlimpBase historical FIDE list,C:\chenxi\bazi_project\chess\Elo199401e.html,,412,900133,1955-07-26,profile_wikidata_agree,north,resolved_unique_birthplace,Q2482416,Q3711,Belgrade,44.81777778,20.45694444,"https://olimpbase.org/Elo/player/D/Djuric,%20Stefan.html",1955-07-26,True,,M,298,-0.5151427291779653,0.40718562874251496,1955-07-26
1994-01,OlimpBase historical FIDE list,C:\chenxi\bazi_project\chess\Elo199401e.html,2900025,"Donchev, Dimitar I.",g,BUL,M,,2480,16.0,1958-07-21,1958.07.21,True,,442,442.0,410.0,404.0,True,False,,OlimpBase historical FIDE list,C:\chenxi\bazi_project\chess\Elo199401e.html,,412,2900025,1958-07-21,profile_wikidata_agree,north,resolved_unique_birthplace,Q3657326,Q181830,Shumen,43.274585,26.93486,"https://olimpbase.org/Elo/player/D/Donchev,%20Dimitar%20I..html",1958-07-21,True,,M,298,-0.5151427291779653,0.40718562874251496,1958-07-21
1994-01,OlimpBase historical FIDE list,C:\chenxi\bazi_project\chess\Elo199401e.html,1700065,"Ernst, Thomas",g,SWE,M,,2480,28.0,1960-08-17,1960.08.17,True,,432,432.0,410.0,404.0,True,False,,OlimpBase historical FIDE list,C:\chenxi\bazi_project\chess\Elo199401e.html,,412,1700065,1960-08-17,profile_wikidata_agree,north,resolved_unique_birthplace,Q2047618,Q25286,Uppsala,59.84976055,17.6389466,"https://olimpbase.org/Elo/player/E/Ernst,%20Thomas.html",1960-08-17,True,,M,298,-0.5151427291779653,0.40718562874251496,1960-08-17
1994-01,OlimpBase historical FIDE list,C:\chenxi\bazi_project\chess\Elo199401e.html,800090,"Godena, Michele",m,ITA,M,,2480,15.0,1967-06-30,1967.06.30,True,,443,443.0,410.0,404.0,True,False,,OlimpBase historical FIDE list,C:\chenxi\bazi_project\chess\Elo199401e.html,,412,800090,1967-06-30,profile_wikidata_agree,north,resolved_unique_birthplace,Q1347335,Q47428,Valdobbiadene,45.91629995,12.01416545,"https://olimpbase.org/Elo/player/G/Godena,%20Michele.html",1967-06-30,True,,M,298,-0.5151427291779653,0.40718562874251496,1967-06-30
1994-01,OlimpBase historical FIDE list,C:\chenxi\bazi_project\chess\Elo199401e.html,9000011,"Hamdouchi, Hichem",m,MAR,M,,2480,48.0,,,True,,418,418.0,410.0,404.0,True,False,,OlimpBase historical FIDE list,C:\chenxi\bazi_project\chess\Elo199401e.html,,412,9000011,1972-10-08,profile_wikidata_agree,north,resolved_unique_birthplace,Q1617234,Q126148,Tangier,35.7696302,-5.8033522,"https://olimpbase.org/Elo/player/H/Hamdouchi,%20Hichem.html",1972-10-08,True,,M,298,-0.5151427291779653,0.40718562874251496,1972-10-08
1994-01,OlimpBase historical FIDE list,C:\chenxi\bazi_project\chess\Elo199401e.html,2801485,"Har-Zvi, Ronen",m,ISR,M,,2480,36.0,1976-10-13,1976.10.13,True,,427,427.0,410.0,404.0,True,False,,OlimpBase historical FIDE list,C:\chenxi\bazi_project\chess\Elo199401e.html,,412,2801485,1976-10-13,wikidata_exact_via_modern_id,north,resolved_unique_birthplace,Q2022678,Q192807,Ramat Gan,32.070007,34.823541,"https://olimpbase.org/Elo/player/H/Har-Zvi,%20Ronen.html",,True,,M,298,-0.5151427291779653,0.40718562874251496,1976-10-13
1994-01,OlimpBase historical FIDE list,C:\chenxi\bazi_project\chess\Elo199401e.html,2000318,"Henley, Ron W.",g,USA,M,,2480,0.0,1956-12-05,1956.12.05,True,,446=,446.0,410.0,404.0,True,False,,OlimpBase historical FIDE list,C:\chenxi\bazi_project\chess\Elo199401e.html,,412,2000318,1956-12-05,profile_wikidata_agree,north,resolved_unique_birthplace,Q728075,Q16555,Houston,29.76277778,-95.38305556,"https://olimpbase.org/Elo/player/H/Henley,%20Ron%20W..html",1956-12-05,True,,M,298,-0.5151427291779653,0.40718562874251496,1956-12-05
1994-01,OlimpBase historical FIDE list,C:\chenxi\bazi_project\chess\Elo199401e.html,600032,"Kouatly, Bachar",g,FRA,M,,2480,23.0,1958-03-03,1958.03.03,True,,437,437.0,410.0,404.0,True,False,,OlimpBase historical FIDE list,C:\chenxi\bazi_project\chess\Elo199401e.html,,412,600032,1958-03-03,profile_wikidata_agree,north,resolved_unique_birthplace,Q2607943,Q3766,Damascus,33.513;33.51305556,36.29194444;36.292,"https://olimpbase.org/Elo/player/K/Kouatly,%20Bachar.html",1958-03-03,True,,M,298,-0.5151427291779653,0.40718562874251496,1958-03-03
1994-01,OlimpBase historical FIDE list,C:\chenxi\bazi_project\chess\Elo199401e.html,4100565,"Krogius, Nikolai V.",g,RUS,M,,2480,20.0,1930-07-22,1930.07.22,True,,439,439.0,410.0,404.0,True,False,,OlimpBase historical FIDE list,C:\chenxi\bazi_project\chess\Elo199401e.html,,412,4100565,1930-07-22,profile_wikidata_agree,north,resolved_unique_birthplace,Q724789,Q5332,Saratov,51.53,46.035,"https://olimpbase.org/Elo/player/K/Krogius,%20Nikolai%20V..html",1930-07-22,True,,M,298,-0.5151427291779653,0.40718562874251496,1930-07-22
1994-01,OlimpBase historical FIDE list,C:\chenxi\bazi_project\chess\Elo199401e.html,2000270,"Lein, Anatoly",g,USA,M,,2480,28.0,1931-03-28,1931.03.28,True,,432=,432.0,410.0,404.0,True,False,,OlimpBase historical FIDE list,C:\chenxi\bazi_project\chess\Elo199401e.html,,412,2000270,1931-03-28,profile_wikidata_agree,north,resolved_unique_birthplace,Q487793,Q656,Saint Petersburg,59.95,30.31666667,"https://olimpbase.org/Elo/player/L/Lein,%20Anatoly.html",1931-03-28,True,,M,298,-0.5151427291779653,0.40718562874251496,1931-03-28
1994-01,OlimpBase historical FIDE list,C:\chenxi\bazi_project\chess\Elo199401e.html,2800063,"Lev, Ronen",m,ISR,M,,2480,35.0,1968-09-22,1968.09.22,True,,428,428.0,410.0,404.0,True,False,,OlimpBase historical FIDE list,C:\chenxi\bazi_project\chess\Elo199401e.html,,412,2800063,1968-09-22,profile_wikidata_agree,north,resolved_unique_birthplace,Q2183048,Q33935,Tel Aviv,32.08,34.78,"https://olimpbase.org/Elo/player/L/Lev,%20Ronen.html",1968-09-22,True,,M,298,-0.5151427291779653,0.40718562874251496,1968-09-22
1994-01,OlimpBase historical FIDE list,C:\chenxi\bazi_project\chess\Elo199401e.html,4600258,"Mainka, Romuald",g,GER,M,,2480,42.0,1965-01-21,1965.01.21,True,,423,423.0,410.0,404.0,True,False,,OlimpBase historical FIDE list,C:\chenxi\bazi_project\chess\Elo199401e.html,,412,4600258,1963-05-15,wikidata_exact_via_modern_id,north,resolved_unique_birthplace,Q96634,Q105084,Gliwice,50.29416667,18.66583333,"https://olimpbase.org/Elo/player/M/Mainka,%20Romuald.html",,True,,M,298,-0.5151427291779653,0.40718562874251496,1963-05-15
1994-01,OlimpBase historical FIDE list,C:\chenxi\bazi_project\chess\Elo199401e.html,902527,"Miladinovic, Igor",g,YUG,M,,2480,25.0,1974-01-25,1974.01.25,True,,435,435.0,410.0,404.0,True,False,,OlimpBase historical FIDE list,C:\chenxi\bazi_project\chess\Elo199401e.html,,412,4203380,1974-01-25,profile_wikidata_agree,north,resolved_unique_birthplace,Q1657753,Q129259,Niš,43.31916667,21.89611111,"https://olimpbase.org/Elo/player/M/Miladinovic,%20Igor.html",1974-01-25,True,,M,298,-0.5151427291779653,0.40718562874251496,1974-01-25
1994-01,OlimpBase historical FIDE list,C:\chenxi\bazi_project\chess\Elo199401e.html,4600347,"Mueller, Karsten",m,GER,M,,2480,0.0,1970-11-23,1970.11.23,True,,446=,446.0,410.0,404.0,True,False,,OlimpBase historical FIDE list,C:\chenxi\bazi_project\chess\Elo199401e.html,,412,4600347,1970-11-23,profile_wikidata_agree,north,resolved_unique_birthplace,Q69936,Q1055,Hamburg,53.55,10.0,"https://olimpbase.org/Elo/player/M/Mueller,%20Karsten.html",1970-11-23,True,,M,298,-0.5151427291779653,0.40718562874251496,1970-11-23
1994-01,OlimpBase historical FIDE list,C:\chenxi\bazi_project\chess\Elo199401e.html,1205730,"Nevednichy, Vladislav",g,ROM,M,,2480,46.0,1969-09-03,1969.09.03,True,,420,420.0,410.0,404.0,True,False,,OlimpBase historical FIDE list,C:\chenxi\bazi_project\chess\Elo199401e.html,,412,1205730,1969-09-03,profile_wikidata_agree,north,resolved_unique_birthplace,Q3622636,Q21197,Chișinău,47.02277778,28.83527778,"https://olimpbase.org/Elo/player/N/Nevednichy,%20Vladislav.html",1969-09-03,True,,M,298,-0.5151427291779653,0.40718562874251496,1969-09-03
1994-01,OlimpBase historical FIDE list,C:\chenxi\bazi_project\chess\Elo199401e.html,4611349,"Paehtz, Thomas",g,GER,M,,2480,24.0,1956-09-04,1956.09.04,True,,436,436.0,410.0,404.0,True,False,,OlimpBase historical FIDE list,C:\chenxi\bazi_project\chess\Elo199401e.html,,412,4611349,1956-09-04,profile_wikidata_agree,north,resolved_unique_birthplace,Q88430,Q1729,Erfurt,50.97805556,11.02888889,"https://olimpbase.org/Elo/player/P/Paehtz,%20Thomas.html",1956-09-04,True,,M,298,-0.5151427291779653,0.40718562874251496,1956-09-04
1994-01,OlimpBase historical FIDE list,C:\chenxi\bazi_project\chess\Elo199401e.html,900389,"Pavlovic, Milos",m,YUG,M,,2480,53.0,1964-01-05,1964.01.05,True,,415,415.0,410.0,404.0,True,False,,OlimpBase historical FIDE list,C:\chenxi\bazi_project\chess\Elo199401e.html,,412,900389,1964-01-05,profile_wikidata_agree,north,resolved_unique_birthplace,Q4341601,Q3711,Belgrade,44.81777778,20.45694444,"https://olimpbase.org/Elo/player/P/Pavlovic,%20Milos.html",1964-01-05,True,,M,298,-0.5151427291779653,0.40718562874251496,1964-01-05
1994-01,OlimpBase historical FIDE list,C:\chenxi\bazi_project\chess\Elo199401e.html,4601475,"Rabiega, Robert",m,GER,M,,2480,60.0,1971-02-01,1971.02.01,True,,413,413.0,410.0,404.0,True,False,,OlimpBase historical FIDE list,C:\chenxi\bazi_project\chess\Elo199401e.html,,412,4601475,1971-02-01,profile_wikidata_agree,north,resolved_unique_birthplace,Q91145,Q64,Berlin,52.51666667,13.38333333,"https://olimpbase.org/Elo/player/R/Rabiega,%20Robert.html",1971-02-01,True,,M,298,-0.5151427291779653,0.40718562874251496,1971-02-01
1994-01,OlimpBase historical FIDE list,C:\chenxi\bazi_project\chess\Elo199401e.html,14100436,"Rotstein, Arkadij",m,UKR,M,,2480,30.0,1961-04-29,1961.04.29,True,,430=,430.0,410.0,404.0,True,False,,OlimpBase historical FIDE list,C:\chenxi\bazi_project\chess\Elo199401e.html,,412,4662997,1961-04-29,profile_wikidata_agree,north,resolved_unique_birthplace,Q442846,Q36036,Lviv,49.838055;49.841952,24.023055;24.0315921,"https://olimpbase.org/Elo/player/R/Rotstein,%20Arkadij.html",1961-04-29,True,,M,298,-0.5151427291779653,0.40718562874251496,1961-04-29
1994-01,OlimpBase historical FIDE list,C:\chenxi\bazi_project\chess\Elo199401e.html,4500040,"Rytshagov, Mikhail",m,EST,M,,2480,40.0,1967-11-12,1967.11.12,True,,426,426.0,410.0,404.0,True,False,,OlimpBase historical FIDE list,C:\chenxi\bazi_project\chess\Elo199401e.html,,412,4500040,1967-11-12,profile_wikidata_agree,north,resolved_unique_birthplace,Q2613932,Q1770,Tallinn,59.43722222,24.745,"https://olimpbase.org/Elo/player/R/Rytshagov,%20Mikhail.html",1967-11-12,True,,M,298,-0.5151427291779653,0.40718562874251496,1967-11-12
1994-01,OlimpBase historical FIDE list,C:\chenxi\bazi_project\chess\Elo199401e.html,14200058,"Saltaev, Mihail",m,UZB,M,,2480,21.0,1962-11-19,1962.11.19,True,,438,438.0,410.0,404.0,True,False,,OlimpBase historical FIDE list,C:\chenxi\bazi_project\chess\Elo199401e.html,,412,14200058,1962-11-19,profile_wikidata_agree,north,resolved_unique_birthplace,Q2227066,Q913406,Chirchiq,41.46666667,69.58333333,"https://olimpbase.org/Elo/player/S/Saltaev,%20Mihail.html",1962-11-19,True,,M,298,-0.5151427291779653,0.40718562874251496,1962-11-19
1994-01,OlimpBase historical FIDE list,C:\chenxi\bazi_project\chess\Elo199401e.html,4102282,"Agrest, Evgenij",m,RUS,M,,2475,43.0,1966-08-15,1966.08.15,True,,457=,457.0,449.0,443.0,True,False,,OlimpBase historical FIDE list,C:\chenxi\bazi_project\chess\Elo199401e.html,,451,1705024,1966-08-15,profile_wikidata_agree,north,resolved_unique_birthplace,Q975861,Q102217,Vitebsk,55.18333333,30.16666667,"https://olimpbase.org/Elo/player/A/Agrest,%20Evgenij.html",1966-08-15,True,,M,325,-0.5961836724707696,0.3532934131736527,1966-08-15
1994-01,OlimpBase historical FIDE list,C:\chenxi\bazi_project\chess\Elo199401e.html,603767,"Bauer, Christian",m,FRA,M,,2475,32.0,1977-01-11,1977.01.11,True,,466=,466.0,449.0,443.0,True,False,,OlimpBase historical FIDE list,C:\chenxi\bazi_project\chess\Elo199401e.html,,451,603767,1977-01-11,profile_wikidata_agree,north,resolved_unique_birthplace,Q1078924,Q22703,Forbach,49.18805556,6.9,"https://olimpbase.org/Elo/player/B/Bauer,%20Christian.html",1977-01-11,True,,M,325,-0.5961836724707696,0.3532934131736527,1977-01-11
1994-01,OlimpBase historical FIDE list,C:\chenxi\bazi_project\chess\Elo199401e.html,11600357,"Berzinsh, Roland",m,LAT,M,,2475,66.0,1975-01-14,1975.01.14,True,,451,451.0,449.0,443.0,True,False,,OlimpBase historical FIDE list,C:\chenxi\bazi_project\chess\Elo199401e.html,,451,11600357,1975-01-14,profile_wikidata_agree,north,resolved_unique_birthplace,Q2384280,Q1773,Riga,56.9475,24.10694444,"https://olimpbase.org/Elo/player/B/Berzinsh,%20Roland.html",1975-01-14,True,,M,325,-0.5961836724707696,0.3532934131736527,1975-01-14
1994-01,OlimpBase historical FIDE list,C:\chenxi\bazi_project\chess\Elo199401e.html,900885,"Blagojevic, Dragisa",m,YUG,M,,2475,49.0,1966-01-01,1966.01.01,True,,456,456.0,449.0,443.0,True,False,,OlimpBase historical FIDE list,C:\chenxi\bazi_project\chess\Elo199401e.html,,451,900885,1966-01-01,profile_wikidata_agree,north,resolved_unique_birthplace,Q1254724,Q174684,Tuzla,44.5391105,18.675193,"https://olimpbase.org/Elo/player/B/Blagojevic,%20Dragisa.html",1966-01-01,True,,M,325,-0.5961836724707696,0.3532934131736527,1966-01-01
1994-01,OlimpBase historical FIDE list,C:\chenxi\bazi_project\chess\Elo199401e.html,2200325,"Comas Fabrego, Lluis",m,ESP,M,,2475,26.0,,,True,,469,469.0,449.0,443.0,True,False,,OlimpBase historical FIDE list,C:\chenxi\bazi_project\chess\Elo199401e.html,,451,2200325,1971-06-22,profile_wikidata_agree,north,resolved_unique_birthplace,Q3824620,Q13834,Santa Eugènia de Berga,41.90222222,2.28416667,"https://olimpbase.org/Elo/player/C/Comas%20Fabrego,%20Lluis.html",1971-06-22,True,,M,325,-0.5961836724707696,0.3532934131736527,1971-06-22
1994-01,OlimpBase historical FIDE list,C:\chenxi\bazi_project\chess\Elo199401e.html,2900106,"Ermenkov, Evgenij",g,BUL,M,,2475,43.0,1949-09-29,1949.09.29,True,,457,457.0,449.0,443.0,True,False,,OlimpBase historical FIDE list,C:\chenxi\bazi_project\chess\Elo199401e.html,,451,2900106,1949-09-29,profile_wikidata_agree,north,resolved_unique_birthplace,Q2047898,Q472,Sofia,42.697886,23.321726,"https://olimpbase.org/Elo/player/E/Ermenkov,%20Evgenij.html",1949-09-29,True,,M,325,-0.5961836724707696,0.3532934131736527,1949-09-29
1994-01,OlimpBase historical FIDE list,C:\chenxi\bazi_project\chess\Elo199401e.html,2000261,"Finegold, Benjamin",m,USA,M,,2475,21.0,1969-09-06,1969.09.06,True,,471,471.0,449.0,443.0,True,False,,OlimpBase historical FIDE list,C:\chenxi\bazi_project\chess\Elo199401e.html,,451,2000261,1969-09-06,profile_wikidata_agree,north,resolved_unique_birthplace,Q816488,Q12439,Detroit,42.33166667,-83.0475,"https://olimpbase.org/Elo/player/F/Finegold,%20Benjamin.html",1969-09-06,True,,M,325,-0.5961836724707696,0.3532934131736527,1969-09-06
1994-01,OlimpBase historical FIDE list,C:\chenxi\bazi_project\chess\Elo199401e.html,300160,"Haba, Petr",m,CZE,M,,2475,36.0,1965-01-06,1965.01.06,True,,464,464.0,449.0,443.0,True,False,,OlimpBase historical FIDE list,C:\chenxi\bazi_project\chess\Elo199401e.html,,451,300160,1965-01-06,profile_wikidata_agree,north,resolved_unique_birthplace,Q363291,Q171018,Zlín,49.23305556,17.66694444,"https://olimpbase.org/Elo/player/H/Haba,%20Petr.html",1965-01-06,True,,M,325,-0.5961836724707696,0.3532934131736527,1965-01-06
1994-01,OlimpBase historical FIDE list,C:\chenxi\bazi_project\chess\Elo199401e.html,700185,"Horvath, Tamas",m,HUN,M,,2475,22.0,1951-10-23,1951.10.23,True,,470,470.0,449.0,443.0,True,False,,OlimpBase historical FIDE list,C:\chenxi\bazi_project\chess\Elo199401e.html,,451,700185,1951-10-23,profile_wikidata_agree,north,resolved_unique_birthplace,Q16714424,Q60037,Zalaegerszeg,46.83916667,16.85111111,"https://olimpbase.org/Elo/player/H/Horvath,%20Tamas.html",1951-10-23,True,,M,325,-0.5961836724707696,0.3532934131736527,1951-10-23
1994-01,OlimpBase historical FIDE list,C:\chenxi\bazi_project\chess\Elo199401e.html,13900072,"Itkis, Boris",m,MDA,M,,2475,80.0,1952-10-08,1952.10.08,True,,449,449.0,449.0,443.0,True,False,,OlimpBase historical FIDE list,C:\chenxi\bazi_project\chess\Elo199401e.html,,451,1209167,1952-10-08,profile_wikidata_agree,north,resolved_unique_birthplace,Q27525992,Q21197,Chișinău,47.02277778,28.83527778,"https://olimpbase.org/Elo/player/I/Itkis,%20Boris.html",1952-10-08,True,,M,325,-0.5961836724707696,0.3532934131736527,1952-10-08
1994-01,OlimpBase historical FIDE list,C:\chenxi\bazi_project\chess\Elo199401e.html,1100076,"Jasnikowski, Zbigniew",m,POL,M,,2475,56.0,1955-05-12,1955.05.12,True,,454,454.0,449.0,443.0,True,False,,OlimpBase historical FIDE list,C:\chenxi\bazi_project\chess\Elo199401e.html,,451,1100076,1955-05-12,profile_wikidata_agree,north,resolved_unique_birthplace,Q4539572,Q1799,Wrocław,51.11,17.0325,"https://olimpbase.org/Elo/player/J/Jasnikowski,%20Zbigniew.html",1955-05-12,True,,M,325,-0.5961836724707696,0.3532934131736527,1955-05-12
1994-01,OlimpBase historical FIDE list,C:\chenxi\bazi_project\chess\Elo199401e.html,1600010,"Klinger, Josef",g,AUT,M,,2475,32.0,1967-06-06,1967.06.06,True,,466,466.0,449.0,443.0,True,False,,OlimpBase historical FIDE list,C:\chenxi\bazi_project\chess\Elo199401e.html,,451,1600010,1967-06-06,profile_wikidata_agree,north,resolved_unique_birthplace,Q682145,Q251022,St Johann im Pongau,47.35,13.2,"https://olimpbase.org/Elo/player/K/Klinger,%20Josef.html",1967-06-06,True,,M,325,-0.5961836724707696,0.3532934131736527,1967-06-06
1994-01,OlimpBase historical FIDE list,C:\chenxi\bazi_project\chess\Elo199401e.html,4100719,"Kochyev, Alexander",g,RUS,M,,2475,7.0,1956-03-25,1956.03.25,True,,479,479.0,449.0,443.0,True,False,,OlimpBase historical FIDE list,C:\chenxi\bazi_project\chess\Elo199401e.html,,451,4100719,1956-03-25,profile_wikidata_agree,north,resolved_unique_birthplace,Q356408,Q656,Saint Petersburg,59.95,30.31666667,"https://olimpbase.org/Elo/player/K/Kochyev,%20Alexander.html",1956-03-25,True,,M,325,-0.5961836724707696,0.3532934131736527,1956-03-25
1994-01,OlimpBase historical FIDE list,C:\chenxi\bazi_project\chess\Elo199401e.html,7800010,"Lodhi, Mahmood",m,PAK,M,,2475,11.0,1961-08-08,1961.08.08,True,,477,477.0,449.0,443.0,True,False,,OlimpBase historical FIDE list,C:\chenxi\bazi_project\chess\Elo199401e.html,,451,7800010,1961-08-08,profile_wikidata_agree,north,resolved_unique_birthplace,Q21175170,Q243322,Gujranwala,32.15,74.18333333,"https://olimpbase.org/Elo/player/L/Lodhi,%20Mahmood.html",1961-08-08,True,,M,325,-0.5961836724707696,0.3532934131736527,1961-08-08
1994-01,OlimpBase historical FIDE list,C:\chenxi\bazi_project\chess\Elo199401e.html,14100584,"Maksimenko, Andrei",m,UKR,M,,2475,42.0,1969-12-07,1969.12.07,True,,459=,459.0,449.0,443.0,True,False,,OlimpBase historical FIDE list,C:\chenxi\bazi_project\chess\Elo199401e.html,,451,14100584,1969-12-07,profile_wikidata_agree,north,resolved_unique_birthplace,Q510942,Q157055,Cherkasy,49.44444444,32.05972222,"https://olimpbase.org/Elo/player/M/Maksimenko,%20Andrei.html",1969-12-07,True,,M,325,-0.5961836724707696,0.3532934131736527,1969-12-07
1994-01,OlimpBase historical FIDE list,C:\chenxi\bazi_project\chess\Elo199401e.html,1400355,"Nielsen, Peter Heine",m,DEN,M,,2475,61.0,1973-05-24,1973.05.24,True,,453,453.0,449.0,443.0,True,False,,OlimpBase historical FIDE list,C:\chenxi\bazi_project\chess\Elo199401e.html,,451,1400355,1973-05-24,profile_wikidata_agree,north,resolved_unique_birthplace,Q708943,Q27678,Holstebro,56.35805556,8.6175,"https://olimpbase.org/Elo/player/N/Nielsen,%20Peter%20Heine.html",1973-05-24,True,,M,325,-0.5961836724707696,0.3532934131736527,1973-05-24
1994-01,OlimpBase historical FIDE list,C:\chenxi\bazi_project\chess\Elo199401e.html,8600511,"Peng, Xiaomin",m,CHN,M,,2475,13.0,1973-04-08,1973.04.08,True,,476,476.0,449.0,443.0,True,False,,OlimpBase historical FIDE list,C:\chenxi\bazi_project\chess\Elo199401e.html,,451,8600511,1973-04-08,profile_wikidata_agree,north,resolved_unique_birthplace,Q7162685,Q1332278,Yongnian District,36.77667,114.48889,"https://olimpbase.org/Elo/player/P/Peng,%20Xiaomin.html",1973-04-08,True,,M,325,-0.5961836724707696,0.3532934131736527,1973-04-08
1994-01,OlimpBase historical FIDE list,C:\chenxi\bazi_project\chess\Elo199401e.html,600172,"Prie, Eric",m,FRA,M,,2475,73.0,1962-03-14,1962.03.14,True,,450,450.0,449.0,443.0,True,False,,OlimpBase historical FIDE list,C:\chenxi\bazi_project\chess\Elo199401e.html,,451,600172,1962-03-14,profile_wikidata_agree,north,resolved_unique_birthplace,Q2027217,Q90,Paris,48.85666667,2.35222222,"https://olimpbase.org/Elo/player/P/Prie,%20Eric.html",1962-03-14,True,,M,325,-0.5961836724707696,0.3532934131736527,1962-03-14
1994-01,OlimpBase historical FIDE list,C:\chenxi\bazi_project\chess\Elo199401e.html,900265,"Rajkovic, Dusan",g,YUG,M,,2475,64.0,1942-06-17,1942.06.17,True,,452,452.0,449.0,443.0,True,False,,OlimpBase historical FIDE list,C:\chenxi\bazi_project\chess\Elo199401e.html,,451,900265,1942-06-17,profile_wikidata_agree,north,resolved_unique_birthplace,Q4388969,Q201442,Kruševac,43.58333333,21.32666667,"https://olimpbase.org/Elo/player/R/Rajkovic,%20Dusan.html",1942-06-17,True,,M,325,-0.5961836724707696,0.3532934131736527,1942-06-17
1994-01,OlimpBase historical FIDE list,C:\chenxi\bazi_project\chess\Elo199401e.html,5000033,"Thipsay, Praveen M.",m,IND,M,,2475,41.0,1959-08-12,1959.08.12,True,,461,461.0,449.0,443.0,True,False,,OlimpBase historical FIDE list,C:\chenxi\bazi_project\chess\Elo199401e.html,,451,5000033,1959-08-12,profile_wikidata_agree,north,resolved_unique_birthplace,Q7238863,Q1156,Mumbai,19.07583333,72.8775,"https://olimpbase.org/Elo/player/T/Thipsay,%20Praveen%20M..html",1959-08-12,True,,M,325,-0.5961836724707696,0.3532934131736527,1959-08-12
1994-01,OlimpBase historical FIDE list,C:\chenxi\bazi_project\chess\Elo199401e.html,4101219,"Tunik, Gennady",m,RUS,M,,2475,39.0,1953-05-27,1953.05.27,True,,462=,462.0,449.0,443.0,True,False,,OlimpBase historical FIDE list,C:\chenxi\bazi_project\chess\Elo199401e.html,,451,4101219,1953-05-27,profile_wikidata_agree,north,resolved_unique_birthplace,Q4465521,Q7968,Magadan,59.56666667,150.8,"https://olimpbase.org/Elo/player/T/Tunik,%20Gennady.html",1953-05-27,True,,M,325,-0.5961836724707696,0.3532934131736527,1953-05-27
1994-01,OlimpBase historical FIDE list,C:\chenxi\bazi_project\chess\Elo199401e.html,4113217,"Yemelin, Vasily",f,RUS,M,,2475,18.0,1976-02-01,1976.02.01,True,,474=,474.0,449.0,443.0,True,False,,OlimpBase historical FIDE list,C:\chenxi\bazi_project\chess\Elo199401e.html,,451,4113217,1976-02-01,profile_wikidata_agree,north,resolved_unique_birthplace,Q1518792,Q656,Saint Petersburg,59.95,30.31666667,"https://olimpbase.org/Elo/player/Y/Yemelin,%20Vasily.html",1976-02-01,True,,M,325,-0.5961836724707696,0.3532934131736527,1976-02-01
1994-01,OlimpBase historical FIDE list,C:\chenxi\bazi_project\chess\Elo199401e.html,4103254,"Yuferov, Sergey N.",m,RUS,M,,2475,55.0,1945-12-03,1945.12.03,True,,455,455.0,449.0,443.0,True,False,,OlimpBase historical FIDE list,C:\chenxi\bazi_project\chess\Elo199401e.html,,451,4103254,1945-12-03,profile_wikidata_agree,north,resolved_unique_birthplace,Q4535461,Q2280,Minsk,53.902246,27.561837,"https://olimpbase.org/Elo/player/Y/Yuferov,%20Sergey%20N..html",1945-12-03,True,,M,325,-0.5961836724707696,0.3532934131736527,1945-12-03
1994-01,OlimpBase historical FIDE list,C:\chenxi\bazi_project\chess\Elo199401e.html,2200040,"De La Villa Garcia, Jesus M.",m,ESP,M,,2470,33.0,1958-08-30,1958.08.30,True,,493,493.0,482.0,476.0,True,False,,OlimpBase historical FIDE list,C:\chenxi\bazi_project\chess\Elo199401e.html,,484,2200040,1958-06-30,profile_wikidata_agree,north,resolved_unique_birthplace,Q2615276,Q8378,Palencia,42.01666667,-4.53333333,"https://olimpbase.org/Elo/player/D/De%20La%20Villa%20Garcia,%20Jesus%20M..html",1958-06-30,True,,M,348,-0.6772246157635738,0.3073852295409182,1958-06-30
1994-01,OlimpBase historical FIDE list,C:\chenxi\bazi_project\chess\Elo199401e.html,2900211,"Genov, Petar",m,BUL,M,,2470,32.0,1970-04-05,1970.04.05,True,,494,494.0,482.0,476.0,True,False,,OlimpBase historical FIDE list,C:\chenxi\bazi_project\chess\Elo199401e.html,,484,2900211,1970-04-05,profile_wikidata_agree,north,resolved_unique_birthplace,Q2607838,Q459,Plovdiv,42.142086,24.741454,"https://olimpbase.org/Elo/player/G/Genov,%20Petar.html",1970-04-05,True,,M,348,-0.6772246157635738,0.3073852295409182,1970-04-05
1994-01,OlimpBase historical FIDE list,C:\chenxi\bazi_project\chess\Elo199401e.html,2900092,"Georgiev, Krum",g,BUL,M,,2470,58.0,1958-05-24,1958.05.24,True,,486,486.0,482.0,476.0,True,False,,OlimpBase historical FIDE list,C:\chenxi\bazi_project\chess\Elo199401e.html,,484,2900092,1958-05-24,profile_wikidata_agree,north,resolved_unique_birthplace,Q2669497,Q186576,Pazardzhik,42.193477,24.332755,"https://olimpbase.org/Elo/player/G/Georgiev,%20Krum.html",1958-05-24,True,,M,348,-0.6772246157635738,0.3073852295409182,1958-05-24
1994-01,OlimpBase historical FIDE list,C:\chenxi\bazi_project\chess\Elo199401e.html,13400231,"Guliev, Sarhan",m,AZE,M,,2470,60.0,1968-04-01,1968.04.01,True,,484,484.0,482.0,476.0,True,False,,OlimpBase historical FIDE list,C:\chenxi\bazi_project\chess\Elo199401e.html,,484,13400231,1968-04-01,profile_wikidata_agree,north,resolved_unique_birthplace,Q2339080,Q1017710,Gubadly,39.34388889,46.57972222,"https://olimpbase.org/Elo/player/G/Guliev,%20Sarhan.html",1968-04-01,True,,M,348,-0.6772246157635738,0.3073852295409182,1968-04-01
1994-01,OlimpBase historical FIDE list,C:\chenxi\bazi_project\chess\Elo199401e.html,4601297,"Hoffmann, Michael",m,GER,M,,2470,19.0,1970-09-19,1970.09.19,True,,504,504.0,482.0,476.0,True,False,,OlimpBase historical FIDE list,C:\chenxi\bazi_project\chess\Elo199401e.html,,484,4601297,1970-09-19,profile_wikidata_agree,north,resolved_unique_birthplace,Q99755,Q2103,Bochum,51.48333333,7.21666667,"https://olimpbase.org/Elo/player/H/Hoffmann,%20Michael.html",1970-09-19,True,,M,348,-0.6772246157635738,0.3073852295409182,1970-09-19
1994-01,OlimpBase historical FIDE list,C:\chenxi\bazi_project\chess\Elo199401e.html,4119231,"Kiriakov, Petr",,RUS,M,,2470,22.0,1975-01-11,1975.01.11,True,,501=,501.0,482.0,476.0,True,False,,OlimpBase historical FIDE list,C:\chenxi\bazi_project\chess\Elo199401e.html,,484,4119231,1975-01-11,profile_wikidata_agree,north,resolved_unique_birthplace,Q2695383,Q919,Krasnoyarsk,56.00888889,92.87194444,"https://olimpbase.org/Elo/player/K/Kiriakov,%20Petr.html",1975-01-11,True,,M,348,-0.6772246157635738,0.3073852295409182,1975-01-11
1994-01,OlimpBase historical FIDE list,C:\chenxi\bazi_project\chess\Elo199401e.html,2000229,"Peters, John A.",m,USA,M,,2470,11.0,1951-02-10,1951.02.10,True,,506=,506.0,482.0,476.0,True,False,,OlimpBase historical FIDE list,C:\chenxi\bazi_project\chess\Elo199401e.html,,484,2000229,1951-02-10,profile_wikidata_agree,north,resolved_unique_birthplace,Q971610,Q100,Boston,42.36027778,-71.05777778,"https://olimpbase.org/Elo/player/P/Peters,%20John%20A..html",1951-02-10,True,,M,348,-0.6772246157635738,0.3073852295409182,1951-02-10
1994-01,OlimpBase historical FIDE list,C:\chenxi\bazi_project\chess\Elo199401e.html,4600215,"Podzielny, Karl-Heinz",m,GER,M,,2470,2.0,1954-09-10,1954.09.10,True,,509,509.0,482.0,476.0,True,False,,OlimpBase historical FIDE list,C:\chenxi\bazi_project\chess\Elo199401e.html,,484,4600215,1954-09-10,wikidata_exact_via_modern_id,north,resolved_unique_birthplace,Q1729954,Q2066,Essen,51.45083333,7.01305556,"https://olimpbase.org/Elo/player/P/Podzielny,%20Karl-Heinz.html",,True,,M,348,-0.6772246157635738,0.3073852295409182,1954-09-10
1994-01,OlimpBase historical FIDE list,C:\chenxi\bazi_project\chess\Elo199401e.html,3500039,"Rodriguez, Amador",g,CUB,M,,2470,51.0,1957-10-18,1957.10.18,True,,487,487.0,482.0,476.0,True,False,,OlimpBase historical FIDE list,C:\chenxi\bazi_project\chess\Elo199401e.html,,484,3500039,1956-09-08,wikidata_exact_via_modern_id,north,resolved_unique_birthplace,Q658013,Q12896707,San Germán (Holguín),20.59816131,-76.13486828,"https://olimpbase.org/Elo/player/R/Rodriguez,%20Amador.html",,True,,M,348,-0.6772246157635738,0.3073852295409182,1956-09-08
1994-01,OlimpBase historical FIDE list,C:\chenxi\bazi_project\chess\Elo199401e.html,2200082,"San Segundo Carrillo, Pablo",m,ESP,M,,2470,38.0,1970-02-09,1970.02.09,True,,491,491.0,482.0,476.0,True,False,,OlimpBase historical FIDE list,C:\chenxi\bazi_project\chess\Elo199401e.html,,484,2200082,1970-02-09,profile_wikidata_agree,north,resolved_unique_birthplace,Q9054021,Q2807,Madrid,40.41694444,-3.70333333,"https://olimpbase.org/Elo/player/S/San%20Segundo%20Carrillo,%20Pablo.html",1970-02-09,True,,M,348,-0.6772246157635738,0.3073852295409182,1970-02-09
1994-01,OlimpBase historical FIDE list,C:\chenxi\bazi_project\chess\Elo199401e.html,2900068,"Semkov, Semko",m,BUL,M,,2470,61.0,1960-02-29,1960.02.29,True,,483,483.0,482.0,476.0,True,False,,OlimpBase historical FIDE list,C:\chenxi\bazi_project\chess\Elo199401e.html,,484,2900068,1960-02-29,profile_wikidata_agree,north,resolved_unique_birthplace,Q9335217,Q472,Sofia,42.697886,23.321726,"https://olimpbase.org/Elo/player/S/Semkov,%20Semko.html",1960-02-29,True,,M,348,-0.6772246157635738,0.3073852295409182,1960-02-29
1994-01,OlimpBase historical FIDE list,C:\chenxi\bazi_project\chess\Elo199401e.html,2802007,"Sutovsky, Emil",m,ISR,M,,2470,47.0,,,True,,488,488.0,482.0,476.0,True,False,,OlimpBase historical FIDE list,C:\chenxi\bazi_project\chess\Elo199401e.html,,484,2802007,1977-09-19,profile_wikidata_agree,north,resolved_unique_birthplace,Q670159,Q9248,Baku,40.36665556,49.83518333,"https://olimpbase.org/Elo/player/S/Sutovskij,%20Emil.html",1977-09-19,True,,M,348,-0.6772246157635738,0.3073852295409182,1977-09-19
1994-01,OlimpBase historical FIDE list,C:\chenxi\bazi_project\chess\Elo199401e.html,2300109,"Thorhallsson, Throstur",m,ISL,M,,2470,43.0,1969-03-19,1969.03.19,True,,489,489.0,482.0,476.0,True,False,,OlimpBase historical FIDE list,C:\chenxi\bazi_project\chess\Elo199401e.html,,484,2300109,1969-03-19,profile_wikidata_agree,north,resolved_unique_birthplace,Q4464700,Q1764,Reykjavík,64.1475,-21.935,"https://olimpbase.org/Elo/player/T/Thorhallsson,%20Throstur.html",1969-03-19,True,,M,348,-0.6772246157635738,0.3073852295409182,1969-03-19
1994-01,OlimpBase historical FIDE list,C:\chenxi\bazi_project\chess\Elo199401e.html,2800128,"Tseitlin, Mark D.",m,ISR,M,,2470,60.0,1943-09-23,1943.09.23,True,,484=,484.0,482.0,476.0,True,False,,OlimpBase historical FIDE list,C:\chenxi\bazi_project\chess\Elo199401e.html,,484,2800128,1943-09-23,profile_wikidata_agree,north,resolved_unique_birthplace,Q2025234,Q9361,Bishkek,42.86666667,74.56666667,"https://olimpbase.org/Elo/player/T/Tseitlin,%20Mark%20D..html",1943-09-23,True,,M,348,-0.6772246157635738,0.3073852295409182,1943-09-23
1994-01,OlimpBase historical FIDE list,C:\chenxi\bazi_project\chess\Elo199401e.html,1900013,"Antunes, Antonio",m,POR,M,,2465,29.0,1962-02-06,1962.02.06,True,,526,526.0,516.0,510.0,True,False,,OlimpBase historical FIDE list,C:\chenxi\bazi_project\chess\Elo199401e.html,,518,1900013,1962-02-06,profile_wikidata_agree,north,resolved_unique_birthplace,Q9158182,Q597,Lisbon,38.708042,-9.139016,"https://olimpbase.org/Elo/player/A/Antunes,%20Antonio.html",1962-02-06,True,,M,362,-0.7582655590563782,0.27944111776447106,1962-02-06
1994-01,OlimpBase historical FIDE list,C:\chenxi\bazi_project\chess\Elo199401e.html,4117603,"Borovikov, Vladislav",m,RUS,M,,2465,25.0,,,True,,528,528.0,516.0,510.0,True,False,,OlimpBase historical FIDE list,C:\chenxi\bazi_project\chess\Elo199401e.html,,518,14102811,1973-08-10,profile_wikidata_agree,north,resolved_unique_birthplace,Q2191571,Q48256,Dnipro,48.4675,35.04,"https://olimpbase.org/Elo/player/B/Borovikov,%20Vladislav.html",1973-08-10,True,,M,362,-0.7582655590563782,0.27944111776447106,1973-08-10
1994-01,OlimpBase historical FIDE list,C:\chenxi\bazi_project\chess\Elo199401e.html,600245,"Bricard, Emmanuel",m,FRA,M,,2465,35.0,1966-05-04,1966.05.04,True,,523,523.0,516.0,510.0,True,False,,OlimpBase historical FIDE list,C:\chenxi\bazi_project\chess\Elo199401e.html,,518,600245,1966-05-04,profile_wikidata_agree,north,resolved_unique_birthplace,Q3052599,Q621,Versailles,48.805,2.135,"https://olimpbase.org/Elo/player/B/Bricard,%20Emmanuel.html",1966-05-04,True,,M,362,-0.7582655590563782,0.27944111776447106,1966-05-04
1994-01,OlimpBase historical FIDE list,C:\chenxi\bazi_project\chess\Elo199401e.html,13600117,"Efimov, Igor",g,GEO,M,,2465,66.0,1960-09-16,1960.09.16,True,,516,516.0,516.0,510.0,True,False,,OlimpBase historical FIDE list,C:\chenxi\bazi_project\chess\Elo199401e.html,,518,806404,1960-09-16,profile_wikidata_agree,north,resolved_unique_birthplace,Q3148276,Q994,Tbilisi,41.7225,44.7925,"https://olimpbase.org/Elo/player/E/Efimov,%20Igor.html",1960-09-16,True,,M,362,-0.7582655590563782,0.27944111776447106,1960-09-16
1994-01,OlimpBase historical FIDE list,C:\chenxi\bazi_project\chess\Elo199401e.html,4611314,"Enders, Peter",m,GER,M,,2465,24.0,1963-02-02,1963.02.02,True,,529,529.0,516.0,510.0,True,False,,OlimpBase historical FIDE list,C:\chenxi\bazi_project\chess\Elo199401e.html,,518,4611314,1963-02-02,profile_wikidata_agree,north,resolved_unique_birthplace,Q96132,Q12050,Taucha,51.38,12.49361111,"https://olimpbase.org/Elo/player/E/Enders,%20Peter.html",1963-02-02,True,,M,362,-0.7582655590563782,0.27944111776447106,1963-02-02
1994-01,OlimpBase historical FIDE list,C:\chenxi\bazi_project\chess\Elo199401e.html,4611276,"Espig, Lutz",g,GER,M,,2465,41.0,1949-01-05,1949.01.05,True,,519=,519.0,516.0,510.0,True,False,,OlimpBase historical FIDE list,C:\chenxi\bazi_project\chess\Elo199401e.html,,518,4611276,1949-01-05,profile_wikidata_agree,north,resolved_unique_birthplace,Q90495,Q502710,Greiz,50.65472222,12.19972222,"https://olimpbase.org/Elo/player/E/Espig,%20Lutz.html",1949-01-05,True,,M,362,-0.7582655590563782,0.27944111776447106,1949-01-05
1994-01,OlimpBase historical FIDE list,C:\chenxi\bazi_project\chess\Elo199401e.html,1200011,"Gheorghiu, Florin",g,ROM,M,,2465,21.0,1944-04-06,1944.04.06,True,,532,532.0,516.0,510.0,True,False,,OlimpBase historical FIDE list,C:\chenxi\bazi_project\chess\Elo199401e.html,,518,1200011,1944-04-06,profile_wikidata_agree,north,resolved_unique_birthplace,Q1350369,Q19660,Bucharest,44.41336111,26.09777778,"https://olimpbase.org/Elo/player/G/Gheorghiu,%20Florin.html",1944-04-06,True,,M,362,-0.7582655590563782,0.27944111776447106,1944-04-06
1994-01,OlimpBase historical FIDE list,C:\chenxi\bazi_project\chess\Elo199401e.html,700177,"Hazai, Laszlo",m,HUN,M,,2465,0.0,1953-06-14,1953.06.14,True,,542=,542.0,516.0,510.0,True,False,,OlimpBase historical FIDE list,C:\chenxi\bazi_project\chess\Elo199401e.html,,518,700177,1953-06-14,profile_wikidata_agree,north,resolved_unique_birthplace,Q11764462,Q1781,Budapest,47.49833333,19.04083333,"https://olimpbase.org/Elo/player/H/Hazai,%20Laszlo.html",1953-06-14,True,,M,362,-0.7582655590563782,0.27944111776447106,1953-06-14
1994-01,OlimpBase historical FIDE list,C:\chenxi\bazi_project\chess\Elo199401e.html,2900033,"Inkiov, Ventzislav",g,BUL,M,,2465,42.0,1956-05-19,1956.05.19,True,,518,518.0,516.0,510.0,True,False,,OlimpBase historical FIDE list,C:\chenxi\bazi_project\chess\Elo199401e.html,,518,2900033,1956-05-19,profile_wikidata_agree,north,resolved_unique_birthplace,Q2562010,Q405279,Dupnitsa,42.264965,23.118525,"https://olimpbase.org/Elo/player/I/Inkiov,%20Ventzislav.html",1956-05-19,True,,M,362,-0.7582655590563782,0.27944111776447106,1956-05-19
1994-01,OlimpBase historical FIDE list,C:\chenxi\bazi_project\chess\Elo199401e.html,1400231,"Kristensen, Bjarke",m,DEN,M,,2465,22.0,1956-04-09,1956.04.09,True,,531,531.0,516.0,510.0,True,False,,OlimpBase historical FIDE list,C:\chenxi\bazi_project\chess\Elo199401e.html,,518,1400231,1956-04-09,profile_wikidata_agree,north,resolved_unique_birthplace,Q3434654,Q1748,Copenhagen,55.67611111,12.56888889,"https://olimpbase.org/Elo/player/K/Kristensen,%20Bjarke.html",1956-04-09,True,,M,362,-0.7582655590563782,0.27944111776447106,1956-04-09
1994-01,OlimpBase historical FIDE list,C:\chenxi\bazi_project\chess\Elo199401e.html,4117174,"Makarov, Andrei",m,RUS,M,,2465,0.0,,,True,,542=,542.0,516.0,510.0,True,False,,OlimpBase historical FIDE list,C:\chenxi\bazi_project\chess\Elo199401e.html,,518,4117174,1954-07-22,wikidata_exact_via_modern_id,north,resolved_unique_birthplace,Q4275338,Q649,Moscow,55.75055556,37.6175,"https://olimpbase.org/Elo/player/M/Makarov,%20Andrei.html",,True,,M,362,-0.7582655590563782,0.27944111776447106,1954-07-22
1994-01,OlimpBase historical FIDE list,C:\chenxi\bazi_project\chess\Elo199401e.html,2300052,"Olafsson, Fridrik",g,ISL,M,,2465,12.0,1935-01-26,1935.01.26,True,,536,536.0,516.0,510.0,True,False,,OlimpBase historical FIDE list,C:\chenxi\bazi_project\chess\Elo199401e.html,,518,2300052,1935-01-26,profile_wikidata_agree,north,resolved_unique_birthplace,Q445884,Q1764,Reykjavík,64.1475,-21.935,"https://olimpbase.org/Elo/player/O/Olafsson,%20Fridrik.html",1935-01-26,True,,M,362,-0.7582655590563782,0.27944111776447106,1935-01-26
1994-01,OlimpBase historical FIDE list,C:\chenxi\bazi_project\chess\Elo199401e.html,2900165,"Popchev, Milko",m,BUL,M,,2465,63.0,1964-11-11,1964.11.11,True,,517,517.0,516.0,510.0,True,False,,OlimpBase historical FIDE list,C:\chenxi\bazi_project\chess\Elo199401e.html,,518,2900165,1964-11-11,profile_wikidata_agree,north,resolved_unique_birthplace,Q4372927,Q459,Plovdiv,42.142086,24.741454,"https://olimpbase.org/Elo/player/P/Popchev,%20Milko.html",1964-11-11,True,,M,362,-0.7582655590563782,0.27944111776447106,1964-11-11
1994-01,OlimpBase historical FIDE list,C:\chenxi\bazi_project\chess\Elo199401e.html,4614569,"Richter, Wolfgang",,GER,M,,2465,0.0,,,True,,542=,542.0,516.0,510.0,True,False,,OlimpBase historical FIDE list,C:\chenxi\bazi_project\chess\Elo199401e.html,,518,4614569,1968-02-20,profile_wikidata_agree,north,resolved_unique_birthplace,Q1239763,Q2066,Essen,51.45083333,7.01305556,"https://olimpbase.org/Elo/player/R/Richter,%20Wolfgang.html",1968-02-20,True,,M,362,-0.7582655590563782,0.27944111776447106,1968-02-20
1994-01,OlimpBase historical FIDE list,C:\chenxi\bazi_project\chess\Elo199401e.html,1700081,"Schussler, Harry",g,SWE,M,,2465,0.0,1957-06-24,1957.06.24,True,,542=,542.0,516.0,510.0,True,False,,OlimpBase historical FIDE list,C:\chenxi\bazi_project\chess\Elo199401e.html,,518,1700081,1957-06-24,profile_wikidata_agree,north,resolved_unique_birthplace,Q786798,Q2211,Malmö,55.58333333,13.0,"https://olimpbase.org/Elo/player/S/Schussler,%20Harry.html",1957-06-24,True,,M,362,-0.7582655590563782,0.27944111776447106,1957-06-24
1994-01,OlimpBase historical FIDE list,C:\chenxi\bazi_project\chess\Elo199401e.html,2000512,"Sherzer, Alex",g,USA,M,,2465,30.0,1971-02-01,1971.02.01,True,,524,524.0,516.0,510.0,True,False,,OlimpBase historical FIDE list,C:\chenxi\bazi_project\chess\Elo199401e.html,,518,2000512,1971-02-01,profile_wikidata_agree,north,resolved_unique_birthplace,Q9147122,Q753603,Fallston,39.5319,-76.4381,"https://olimpbase.org/Elo/player/S/Sherzer,%20Alex.html",1971-02-01,True,,M,362,-0.7582655590563782,0.27944111776447106,1971-02-01
1994-01,OlimpBase historical FIDE list,C:\chenxi\bazi_project\chess\Elo199401e.html,1500066,"Tisdall, Jonathan D.",m,NOR,M,,2465,5.0,1958-08-26,1958.08.26,True,,541,541.0,516.0,510.0,True,False,,OlimpBase historical FIDE list,C:\chenxi\bazi_project\chess\Elo199401e.html,,518,1500066,1958-08-26,profile_wikidata_agree,north,resolved_unique_birthplace,Q1153236,Q40435,Buffalo,42.88638889,-78.87805556,"https://olimpbase.org/Elo/player/T/Tisdall,%20Jonathan%20D..html",1958-08-26,True,,M,362,-0.7582655590563782,0.27944111776447106,1958-08-26
1994-01,OlimpBase historical FIDE list,C:\chenxi\bazi_project\chess\Elo199401e.html,14200155,"Vakhidov, Tahir",m,UZB,M,,2465,19.0,,,True,,534,534.0,516.0,510.0,True,False,,OlimpBase historical FIDE list,C:\chenxi\bazi_project\chess\Elo199401e.html,,518,14200155,1963-12-11,wikidata_exact_via_modern_id,north,resolved_unique_birthplace,Q4105360,Q5753,Samarkand,39.65472222,66.97583333,"https://olimpbase.org/Elo/player/V/Vakhidov,%20Tahir.html",,True,,M,362,-0.7582655590563782,0.27944111776447106,1963-12-11
1994-01,OlimpBase historical FIDE list,C:\chenxi\bazi_project\chess\Elo199401e.html,4500032,"Veingold, Aleksandr",m,EST,M,,2465,41.0,1953-10-10,1953.10.10,True,,519,519.0,516.0,510.0,True,False,,OlimpBase historical FIDE list,C:\chenxi\bazi_project\chess\Elo199401e.html,,518,4500032,1953-10-10,profile_wikidata_agree,north,resolved_unique_birthplace,Q4106004,Q650577,Tapa,59.26444444,25.96277778,"https://olimpbase.org/Elo/player/V/Veingold,%20Aleksandr.html",1953-10-10,True,,M,362,-0.7582655590563782,0.27944111776447106,1953-10-10
1994-01,OlimpBase historical FIDE list,C:\chenxi\bazi_project\chess\Elo199401e.html,4103009,"Vorotnikov, Vladislav V.",m,RUS,M,,2465,9.0,1947-08-17,1947.08.17,True,,539,539.0,516.0,510.0,True,False,,OlimpBase historical FIDE list,C:\chenxi\bazi_project\chess\Elo199401e.html,,518,4103009,1947-08-17,profile_wikidata_agree,north,resolved_unique_birthplace,Q15065124,Q656,Saint Petersburg,59.95,30.31666667,"https://olimpbase.org/Elo/player/V/Vorotnikov,%20Vladislav%20V..html",1947-08-17,True,,M,362,-0.7582655590563782,0.27944111776447106,1947-08-17
1994-01,OlimpBase historical FIDE list,C:\chenxi\bazi_project\chess\Elo199401e.html,1700120,"Akesson, Ralf",m,SWE,M,,2460,7.0,1961-02-08,1961.02.08,True,,569,569.0,547.0,541.0,True,False,,OlimpBase historical FIDE list,C:\chenxi\bazi_project\chess\Elo199401e.html,,549,1700120,1961-02-08,profile_wikidata_agree,north,resolved_unique_birthplace,Q489002,Q27846,Oxelösund,58.67021322,17.1144764,"https://olimpbase.org/Elo/player/A/Akesson,%20Ralf.html",1961-02-08,True,,M,382,-0.8393065023491824,0.23952095808383234,1961-02-08
1994-01,OlimpBase historical FIDE list,C:\chenxi\bazi_project\chess\Elo199401e.html,2001012,"Ashley, Maurice",m,USA,M,,2460,9.0,1966-03-06,1966.03.06,True,,568,568.0,547.0,541.0,True,False,,OlimpBase historical FIDE list,C:\chenxi\bazi_project\chess\Elo199401e.html,,549,2001012,1966-03-06,profile_wikidata_agree,north,resolved_unique_birthplace,Q1349712,Q2212935,Saint Andrew Parish,18.01666667;18.06667,-76.9;-76.75,"https://olimpbase.org/Elo/player/A/Ashley,%20Maurice.html",1966-03-06,True,,M,382,-0.8393065023491824,0.23952095808383234,1966-03-06
1994-01,OlimpBase historical FIDE list,C:\chenxi\bazi_project\chess\Elo199401e.html,2200031,"Bellon Lopez, Juan Manuel",g,ESP,M,,2460,37.0,1950-05-08,1950.05.08,True,,553,553.0,547.0,541.0,True,False,,OlimpBase historical FIDE list,C:\chenxi\bazi_project\chess\Elo199401e.html,,549,2200031,1950-05-08,profile_wikidata_agree,north,resolved_unique_birthplace,Q2561974,Q8818,Valencia,39.47,-0.37638889,"https://olimpbase.org/Elo/player/B/Bellon%20Lopez,%20Juan%20Manuel.html",1950-05-08,True,,M,382,-0.8393065023491824,0.23952095808383234,1950-05-08
1994-01,OlimpBase historical FIDE list,C:\chenxi\bazi_project\chess\Elo199401e.html,4101057,"Bykhovsky, Avigdor",g,RUS,M,,2460,31.0,1955-03-05,1955.03.05,True,,556=,556.0,547.0,541.0,True,False,,OlimpBase historical FIDE list,C:\chenxi\bazi_project\chess\Elo199401e.html,,549,4101057,1955-03-05,profile_wikidata_agree,north,resolved_unique_birthplace,Q4101264,Q649,Moscow,55.75055556,37.6175,"https://olimpbase.org/Elo/player/B/Bykhovsky,%20Avigdor.html",1955-03-05,True,,M,382,-0.8393065023491824,0.23952095808383234,1955-03-05
1994-01,OlimpBase historical FIDE list,C:\chenxi\bazi_project\chess\Elo199401e.html,2900050,"Dimitrov, Vladimir",g,BUL,M,,2460,30.0,1968-04-11,1968.04.11,True,,558,558.0,547.0,541.0,True,False,,OlimpBase historical FIDE list,C:\chenxi\bazi_project\chess\Elo199401e.html,,549,2900050,1968-04-11,profile_wikidata_agree,north,resolved_unique_birthplace,Q4161709,Q472,Sofia,42.697886,23.321726,"https://olimpbase.org/Elo/player/D/Dimitrov,%20Vladimir.html",1968-04-11,True,,M,382,-0.8393065023491824,0.23952095808383234,1968-04-11
1994-01,OlimpBase historical FIDE list,C:\chenxi\bazi_project\chess\Elo199401e.html,1500082,"Djurhuus, Rune",m,NOR,M,,2460,28.0,1970-01-25,1970.01.25,True,,559,559.0,547.0,541.0,True,False,,OlimpBase historical FIDE list,C:\chenxi\bazi_project\chess\Elo199401e.html,,549,1500082,1970-01-25,profile_wikidata_agree,north,resolved_unique_birthplace,Q1384011,Q109140,Elverum Municipality,60.883333,11.566667,"https://olimpbase.org/Elo/player/D/Djurhuus,%20Rune.html",1970-01-25,True,,M,382,-0.8393065023491824,0.23952095808383234,1970-01-25
1994-01,OlimpBase historical FIDE list,C:\chenxi\bazi_project\chess\Elo199401e.html,4611306,"Gruenberg, Hans-Ulrich",m,GER,M,,2460,0.0,1956-01-09,1956.01.09,True,,571=,571.0,547.0,541.0,True,False,,OlimpBase historical FIDE list,C:\chenxi\bazi_project\chess\Elo199401e.html,,549,4611306,1956-01-09,profile_wikidata_agree,north,resolved_unique_birthplace,Q1578225,Q1709,Schwerin,53.62888889,11.415,"https://olimpbase.org/Elo/player/G/Gruenberg,%20Hans-Ulrich.html",1956-01-09,True,,M,382,-0.8393065023491824,0.23952095808383234,1956-01-09
1994-01,OlimpBase historical FIDE list,C:\chenxi\bazi_project\chess\Elo199401e.html,2200260,"Izeta Txabarri, Felix",m,ESP,M,,2460,51.0,1961-08-03,1961.08.03,True,,549,549.0,547.0,541.0,True,False,,OlimpBase historical FIDE list,C:\chenxi\bazi_project\chess\Elo199401e.html,,549,2200260,1961-08-03,profile_wikidata_agree,north,resolved_unique_birthplace,Q3752922,Q1618393,Zestoa,43.2401063,-2.2585525,"https://olimpbase.org/Elo/player/I/Izeta%20Txabarri,%20Felix.html",1961-08-03,True,,M,382,-0.8393065023491824,0.23952095808383234,1961-08-03
1994-01,OlimpBase historical FIDE list,C:\chenxi\bazi_project\chess\Elo199401e.html,4101189,"Khasin, Alexander",m,RUS,M,,2460,0.0,1951-06-16,1951.06.16,True,,571=,571.0,547.0,541.0,True,False,,OlimpBase historical FIDE list,C:\chenxi\bazi_project\chess\Elo199401e.html,,549,4101189,1951-04-29,profile_wikidata_agree,north,resolved_unique_birthplace,Q4496452,Q883,Novosibirsk,55.03333333,82.91666667,"https://olimpbase.org/Elo/player/K/Khasin,%20Alexander.html",1951-04-29,True,,M,382,-0.8393065023491824,0.23952095808383234,1951-04-29
1994-01,OlimpBase historical FIDE list,C:\chenxi\bazi_project\chess\Elo199401e.html,2600170,"Lesiege, Alexandre",m,CAN,M,,2460,21.0,1975-08-18,1975.08.18,True,,563,563.0,547.0,541.0,True,False,,OlimpBase historical FIDE list,C:\chenxi\bazi_project\chess\Elo199401e.html,,549,2600170,1975-08-18,profile_wikidata_agree,north,resolved_unique_birthplace,Q2833832,Q340,Montreal,45.5033426,-73.5868411,"https://olimpbase.org/Elo/player/L/Lesiege,%20Alexandre.html",1975-08-18,True,,M,382,-0.8393065023491824,0.23952095808383234,1975-08-18
1994-01,OlimpBase historical FIDE list,C:\chenxi\bazi_project\chess\Elo199401e.html,2800721,"Liss, Eran",m,ISR,M,,2460,31.0,1975-07-02,1975.07.02,True,,556,556.0,547.0,541.0,True,False,,OlimpBase historical FIDE list,C:\chenxi\bazi_project\chess\Elo199401e.html,,549,2800721,1975-07-02,profile_wikidata_agree,north,resolved_unique_birthplace,Q4263303,Q201051,Rishon LeZion,31.95,34.8,"https://olimpbase.org/Elo/player/L/Liss,%20Eran.html",1975-07-02,True,,M,382,-0.8393065023491824,0.23952095808383234,1975-07-02
1994-01,OlimpBase historical FIDE list,C:\chenxi\bazi_project\chess\Elo199401e.html,400190,"Littlewood, Paul E.",m,ENG,M,,2460,0.0,1956-01-18,1956.01.18,True,,571=,571.0,547.0,541.0,True,False,,OlimpBase historical FIDE list,C:\chenxi\bazi_project\chess\Elo199401e.html,,549,400190,1956-01-18,profile_wikidata_agree,north,resolved_unique_birthplace,Q11813684,Q977991,Skegness,53.14361111,0.34277778,"https://olimpbase.org/Elo/player/L/Littlewood,%20Paul%20E..html",1956-01-18,True,,M,382,-0.8393065023491824,0.23952095808383234,1956-01-18
1994-01,OlimpBase historical FIDE list,C:\chenxi\bazi_project\chess\Elo199401e.html,2800110,"Manor, Ilan",m,ISR,M,,2460,11.0,1969-10-26,1969.10.26,True,,567,567.0,547.0,541.0,True,False,,OlimpBase historical FIDE list,C:\chenxi\bazi_project\chess\Elo199401e.html,,549,2800110,1969-10-26,profile_wikidata_agree,north,resolved_unique_birthplace,Q2194745,Q41621,Haifa,32.81916667,34.99916667,"https://olimpbase.org/Elo/player/M/Manor,%20Ilan.html",1969-10-26,True,,M,382,-0.8393065023491824,0.23952095808383234,1969-10-26
1994-01,OlimpBase historical FIDE list,C:\chenxi\bazi_project\chess\Elo199401e.html,900362,"Matulovic, Milan",g,YUG,M,,2460,0.0,1935-06-10,1935.06.10,True,,571=,571.0,547.0,541.0,True,False,,OlimpBase historical FIDE list,C:\chenxi\bazi_project\chess\Elo199401e.html,,549,900362,1935-06-10,profile_wikidata_agree,north,resolved_unique_birthplace,Q377105,Q3711,Belgrade,44.81777778,20.45694444,"https://olimpbase.org/Elo/player/M/Matulovic,%20Milan.html",1935-06-10,True,,M,382,-0.8393065023491824,0.23952095808383234,1935-06-10
1994-01,OlimpBase historical FIDE list,C:\chenxi\bazi_project\chess\Elo199401e.html,2400030,"Mc Nab, Colin A.",g,SCO,M,,2460,43.0,1961-02-03,1961.02.03,True,,552,552.0,547.0,541.0,True,False,,OlimpBase historical FIDE list,C:\chenxi\bazi_project\chess\Elo199401e.html,,549,2400030,1961-02-03,profile_wikidata_agree,north,resolved_unique_birthplace,Q1108579,Q123709,Dundee,56.46055556,-2.97,"https://olimpbase.org/Elo/player/M/Mc%20Nab,%20Colin%20A..html",1961-02-03,True,,M,382,-0.8393065023491824,0.23952095808383234,1961-02-03
1994-01,OlimpBase historical FIDE list,C:\chenxi\bazi_project\chess\Elo199401e.html,13700030,"Nesterov, Jakov",m,KAZ,M,,2460,35.0,1966-11-24,1966.11.24,True,,555,555.0,547.0,541.0,True,False,,OlimpBase historical FIDE list,C:\chenxi\bazi_project\chess\Elo199401e.html,,549,13700030,1966-11-24,profile_wikidata_agree,north,resolved_unique_birthplace,Q4317800,Q1520,Astana,51.13333333,71.43333333,"https://olimpbase.org/Elo/player/N/Nesterov,%20Jakov.html",1966-11-24,True,,M,382,-0.8393065023491824,0.23952095808383234,1966-11-24
1994-01,OlimpBase historical FIDE list,C:\chenxi\bazi_project\chess\Elo199401e.html,4605551,"Schaefer, Markus",m,GER,M,,2460,26.0,1969-01-04,1969.01.04,True,,560,560.0,547.0,541.0,True,False,,OlimpBase historical FIDE list,C:\chenxi\bazi_project\chess\Elo199401e.html,,549,4605551,1969-01-04,profile_wikidata_agree,north,resolved_unique_birthplace,Q27531610,Q640905,Sande,53.50222222,8.01388889,"https://olimpbase.org/Elo/player/S/Schaefer,%20Markus.html",1969-01-04,True,,M,382,-0.8393065023491824,0.23952095808383234,1969-01-04
1994-01,OlimpBase historical FIDE list,C:\chenxi\bazi_project\chess\Elo199401e.html,14100320,"Shmuter, Leonid",m,UKR,M,,2460,37.0,1969-05-03,1969.05.03,True,,553=,553.0,547.0,541.0,True,False,,OlimpBase historical FIDE list,C:\chenxi\bazi_project\chess\Elo199401e.html,,549,14100320,1969-05-03,profile_wikidata_agree,north,resolved_unique_birthplace,Q27531933,Q42308,Kharkiv,49.9925,36.23111111,"https://olimpbase.org/Elo/player/S/Shmuter,%20Leonid.html",1969-05-03,True,,M,382,-0.8393065023491824,0.23952095808383234,1969-05-03
1994-01,OlimpBase historical FIDE list,C:\chenxi\bazi_project\chess\Elo199401e.html,1601776,"Stanec, Nikolaus",m,AUT,M,,2460,16.0,1968-04-29,1968.04.29,True,,565,565.0,547.0,541.0,True,False,,OlimpBase historical FIDE list,C:\chenxi\bazi_project\chess\Elo199401e.html,,549,1601776,1968-04-29,profile_wikidata_agree,north,resolved_unique_birthplace,Q675556,Q1741,Vienna,48.20833333,16.3725,"https://olimpbase.org/Elo/player/S/Stanec,%20Nikolaus.html",1968-04-29,True,,M,382,-0.8393065023491824,0.23952095808383234,1968-04-29
1994-01,OlimpBase historical FIDE list,C:\chenxi\bazi_project\chess\Elo199401e.html,14500310,"Zelcic, Robert",m,CRO,M,,2460,77.0,,,True,,547,547.0,547.0,541.0,True,False,,OlimpBase historical FIDE list,C:\chenxi\bazi_project\chess\Elo199401e.html,,549,14500310,1965-09-21,profile_wikidata_agree,north,resolved_unique_birthplace,Q2333230,Q1435,Zagreb,45.81305556,15.97722222,"https://olimpbase.org/Elo/player/Z/Zelcic,%20Robert.html",1965-09-21,True,,M,382,-0.8393065023491824,0.23952095808383234,1965-09-21
1994-01,OlimpBase historical FIDE list,C:\chenxi\bazi_project\chess\Elo199401e.html,5200059,"Barcenilla, Rogelio",m,PHI,M,,2455,35.0,,,True,,582,582.0,578.0,572.0,True,False,,OlimpBase historical FIDE list,C:\chenxi\bazi_project\chess\Elo199401e.html,,580,5200059,1972-01-23,wikidata_exact_via_modern_id,north,resolved_unique_birthplace,Q15614863,Q5217,巴科洛德,10.67645833,122.95091667,"https://olimpbase.org/Elo/player/B/Barcenilla,%20Rogelio.html",,True,,M,402,-0.9203474456419866,0.1996007984031936,1972-01-23
1994-01,OlimpBase historical FIDE list,C:\chenxi\bazi_project\chess\Elo199401e.html,4600150,"Darga, Klaus",g,GER,M,,2455,0.0,1934-02-24,1934.02.24,True,,604=,604.0,578.0,572.0,True,False,,OlimpBase historical FIDE list,C:\chenxi\bazi_project\chess\Elo199401e.html,,580,4600150,1934-02-24,profile_wikidata_agree,north,resolved_unique_birthplace,Q63752,Q64,Berlin,52.51666667,13.38333333,"https://olimpbase.org/Elo/player/D/Darga,%20Klaus.html",1934-02-24,True,,M,402,-0.9203474456419866,0.1996007984031936,1934-02-24
1994-01,OlimpBase historical FIDE list,C:\chenxi\bazi_project\chess\Elo199401e.html,2200023,"Fernandez Garcia, Jose Luis",g,ESP,M,,2455,23.0,1954-05-03,1954.05.03,True,,591,591.0,578.0,572.0,True,False,,OlimpBase historical FIDE list,C:\chenxi\bazi_project\chess\Elo199401e.html,,580,2200023,1954-05-03,profile_wikidata_agree,north,resolved_unique_birthplace,Q2566743,Q548441,Portugalete,43.319444,-3.019583,"https://olimpbase.org/Elo/player/F/Fernandez%20Garcia,%20Jose%20Luis.html",1954-05-03,True,,M,402,-0.9203474456419866,0.1996007984031936,1954-05-03
1994-01,OlimpBase historical FIDE list,C:\chenxi\bazi_project\chess\Elo199401e.html,1200186,"Grigore, George",m,ROM,M,,2455,35.0,1970-11-13,1970.11.13,True,,582=,582.0,578.0,572.0,True,False,,OlimpBase historical FIDE list,C:\chenxi\bazi_project\chess\Elo199401e.html,,580,1200186,1970-11-13,profile_wikidata_agree,north,resolved_unique_birthplace,Q647615,Q79808,Constanța,44.17333333;44.1767161;44.21414,28.61862;28.63833333;28.6507598,"https://olimpbase.org/Elo/player/G/Grigore,%20George.html",1970-11-13,True,,M,402,-0.9203474456419866,0.1996007984031936,1970-11-13
1994-01,OlimpBase historical FIDE list,C:\chenxi\bazi_project\chess\Elo199401e.html,5800080,"Hsu, Li-Yang",f,SIN,M,,2455,15.0,1972-09-26,1972.09.26,True,,598=,598.0,578.0,572.0,True,False,,OlimpBase historical FIDE list,C:\chenxi\bazi_project\chess\Elo199401e.html,,580,5800080,1972-09-26,profile_wikidata_agree,north,resolved_unique_birthplace,Q16214005,Q334,Singapore,1.3,103.8,"https://olimpbase.org/Elo/player/H/Hsu,%20Li-Yang.html",1972-09-26,True,,M,402,-0.9203474456419866,0.1996007984031936,1972-09-26
1994-01,OlimpBase historical FIDE list,C:\chenxi\bazi_project\chess\Elo199401e.html,400068,"King, Daniel J.",g,ENG,M,,2455,10.0,1963-08-28,1963.08.28,True,,601,601.0,578.0,572.0,True,False,,OlimpBase historical FIDE list,C:\chenxi\bazi_project\chess\Elo199401e.html,,580,400068,1963-08-28,profile_wikidata_agree,north,resolved_unique_birthplace,Q726972,Q123372,Beckenham,51.4077,-0.022,"https://olimpbase.org/Elo/player/K/King,%20Daniel%20J..html",1963-08-28,True,,M,402,-0.9203474456419866,0.1996007984031936,1963-08-28
1994-01,OlimpBase historical FIDE list,C:\chenxi\bazi_project\chess\Elo199401e.html,14900084,"Konopka, Michal",m,SVK,M,,2455,65.0,1966-03-14,1966.03.14,True,,578,578.0,578.0,572.0,True,False,,OlimpBase historical FIDE list,C:\chenxi\bazi_project\chess\Elo199401e.html,,580,308633,1966-03-14,profile_wikidata_agree,north,resolved_unique_birthplace,Q12036745,Q1085,Prague,50.0875,14.42138889,"https://olimpbase.org/Elo/player/K/Konopka,%20Michal.html",1966-03-14,True,,M,402,-0.9203474456419866,0.1996007984031936,1966-03-14
1994-01,OlimpBase historical FIDE list,C:\chenxi\bazi_project\chess\Elo199401e.html,13700278,"Kotsur, Pavel",m,KAZ,M,,2455,24.0,,,True,,590,590.0,578.0,572.0,True,False,,OlimpBase historical FIDE list,C:\chenxi\bazi_project\chess\Elo199401e.html,,580,13700278,1974-01-03,profile_wikidata_agree,north,resolved_unique_birthplace,Q115303,Q1520,Astana,51.13333333,71.43333333,"https://olimpbase.org/Elo/player/K/Kotsur,%20Pavel.html",1974-01-03,True,,M,402,-0.9203474456419866,0.1996007984031936,1974-01-03
1994-01,OlimpBase historical FIDE list,C:\chenxi\bazi_project\chess\Elo199401e.html,4601130,"Mann, Christian",m,GER,M,,2455,0.0,1971-03-17,1971.03.17,True,,604=,604.0,578.0,572.0,True,False,,OlimpBase historical FIDE list,C:\chenxi\bazi_project\chess\Elo199401e.html,,580,4601130,1971-03-17,profile_wikidata_agree,north,resolved_unique_birthplace,Q1081012,Q715,Heilbronn,49.140428,9.217953,"https://olimpbase.org/Elo/player/M/Mann,%20Christian.html",1971-03-17,True,,M,402,-0.9203474456419866,0.1996007984031936,1971-03-17
1994-01,OlimpBase historical FIDE list,C:\chenxi\bazi_project\chess\Elo199401e.html,600059,"Miralles, Gilles",m,FRA,M,,2455,17.0,1966-02-08,1966.02.08,True,,597,597.0,578.0,572.0,True,False,,OlimpBase historical FIDE list,C:\chenxi\bazi_project\chess\Elo199401e.html,,580,600059,1966-02-08,profile_wikidata_agree,north,resolved_unique_birthplace,Q3106411,Q173705,Grasse,43.65805556,6.92527778,"https://olimpbase.org/Elo/player/M/Miralles,%20Gilles.html",1966-02-08,True,,M,402,-0.9203474456419866,0.1996007984031936,1966-02-08
1994-01,OlimpBase historical FIDE list,C:\chenxi\bazi_project\chess\Elo199401e.html,4600290,"Mohr, Stefan",g,GER,M,,2455,0.0,1967-10-22,1967.10.22,True,,604=,604.0,578.0,572.0,True,False,,OlimpBase historical FIDE list,C:\chenxi\bazi_project\chess\Elo199401e.html,,580,4600290,1967-10-22,profile_wikidata_agree,north,resolved_unique_birthplace,Q76273,Q1794,Frankfurt,50.11055556,8.68222222,"https://olimpbase.org/Elo/player/M/Mohr,%20Stefan.html",1967-10-22,True,,M,402,-0.9203474456419866,0.1996007984031936,1967-10-22
1994-01,OlimpBase historical FIDE list,C:\chenxi\bazi_project\chess\Elo199401e.html,4600304,"Muse, Mladen",m,GER,M,,2455,20.0,1963-01-20,1963.01.20,True,,595,595.0,578.0,572.0,True,False,,OlimpBase historical FIDE list,C:\chenxi\bazi_project\chess\Elo199401e.html,,580,4600304,1963-01-20,profile_wikidata_agree,north,resolved_unique_birthplace,Q96725,Q5707,Bjelovar,45.89888889,16.84222222,"https://olimpbase.org/Elo/player/M/Muse,%20Mladen.html",1963-01-20,True,,M,402,-0.9203474456419866,0.1996007984031936,1963-01-20
1994-01,OlimpBase historical FIDE list,C:\chenxi\bazi_project\chess\Elo199401e.html,4101715,"Naumkin, Igor",g,RUS,M,,2455,43.0,1965-08-10,1965.08.10,True,,581,581.0,578.0,572.0,True,False,,OlimpBase historical FIDE list,C:\chenxi\bazi_project\chess\Elo199401e.html,,580,4101715,1965-08-10,profile_wikidata_agree,north,resolved_unique_birthplace,Q4314323,Q649,Moscow,55.75055556,37.6175,"https://olimpbase.org/Elo/player/N/Naumkin,%20Igor.html",1965-08-10,True,,M,402,-0.9203474456419866,0.1996007984031936,1965-08-10
1994-01,OlimpBase historical FIDE list,C:\chenxi\bazi_project\chess\Elo199401e.html,13300288,"Petrosian, Arshak B.",g,ARM,M,,2455,22.0,1953-12-16,1953.12.16,True,,592,592.0,578.0,572.0,True,False,,OlimpBase historical FIDE list,C:\chenxi\bazi_project\chess\Elo199401e.html,,580,13300288,1953-12-16,profile_wikidata_agree,north,resolved_unique_birthplace,Q704228,Q1953,Yerevan,40.18138889,44.51444444,"https://olimpbase.org/Elo/player/P/Petrosian,%20Arshak%20B..html",1953-12-16,True,,M,402,-0.9203474456419866,0.1996007984031936,1953-12-16
1994-01,OlimpBase historical FIDE list,C:\chenxi\bazi_project\chess\Elo199401e.html,2200066,"Romero Holmes, Alfonso",m,ESP,M,,2455,30.0,1965-05-28,1965.05.28,True,,586,586.0,578.0,572.0,True,False,,OlimpBase historical FIDE list,C:\chenxi\bazi_project\chess\Elo199401e.html,,580,2200066,1965-05-28,profile_wikidata_agree,north,resolved_unique_birthplace,Q973792,Q1492,Barcelona,41.3825,2.17694444,"https://olimpbase.org/Elo/player/R/Romero%20Holmes,%20Alfonso.html",1965-05-28,True,,M,402,-0.9203474456419866,0.1996007984031936,1965-05-28
1994-01,OlimpBase historical FIDE list,C:\chenxi\bazi_project\chess\Elo199401e.html,600288,"Roos, Louis",m,FRA,M,,2455,15.0,1957-12-07,1957.12.07,True,,598,598.0,578.0,572.0,True,False,,OlimpBase historical FIDE list,C:\chenxi\bazi_project\chess\Elo199401e.html,,580,600288,1957-12-07,profile_wikidata_agree,north,resolved_unique_birthplace,Q3263044,Q6602,Strasbourg,48.57333333,7.75222222,"https://olimpbase.org/Elo/player/R/Roos,%20Louis.html",1957-12-07,True,,M,402,-0.9203474456419866,0.1996007984031936,1957-12-07
1994-01,OlimpBase historical FIDE list,C:\chenxi\bazi_project\chess\Elo199401e.html,11600055,"Zhuravliov, Valerij",m,LAT,M,,2455,21.0,1938-12-11,1938.12.11,True,,593=,593.0,578.0,572.0,True,False,,OlimpBase historical FIDE list,C:\chenxi\bazi_project\chess\Elo199401e.html,,580,11600055,1938-12-11,profile_wikidata_agree,north,resolved_unique_birthplace,Q4181766,Q649,Moscow,55.75055556,37.6175,"https://olimpbase.org/Elo/player/Z/Zhuravliov,%20Valerij.html",1938-12-11,True,,M,402,-0.9203474456419866,0.1996007984031936,1938-12-11
1994-01,OlimpBase historical FIDE list,C:\chenxi\bazi_project\chess\Elo199401e.html,2000423,"Zuckerman, Bernard",m,USA,M,,2455,0.0,1943-03-31,1943.03.31,True,,604=,604.0,578.0,572.0,True,False,,OlimpBase historical FIDE list,C:\chenxi\bazi_project\chess\Elo199401e.html,,580,2000423,1943-03-31,profile_wikidata_agree,north,resolved_unique_birthplace,Q15732780,Q18419,Brooklyn,40.65083333,-73.94972222,"https://olimpbase.org/Elo/player/Z/Zuckerman,%20Bernard.html",1943-03-31,True,,M,402,-0.9203474456419866,0.1996007984031936,1943-03-31
1994-01,OlimpBase historical FIDE list,C:\chenxi\bazi_project\chess\Elo199401e.html,602612,"Anic, Darko",m,FRA,M,,2450,61.0,1957-04-30,1957.04.30,True,,612,612.0,611.0,605.0,True,False,,OlimpBase historical FIDE list,C:\chenxi\bazi_project\chess\Elo199401e.html,,613,602612,1957-04-30,profile_wikidata_agree,north,resolved_unique_birthplace,Q1166272,Q3370,Zadar,44.11416667,15.2275,"https://olimpbase.org/Elo/player/A/Anic,%20Darko.html",1957-04-30,True,,M,420,-1.0013883889347908,0.16367265469061876,1957-04-30
1994-01,OlimpBase historical FIDE list,C:\chenxi\bazi_project\chess\Elo199401e.html,12000035,"Atlas, Valeri",m,LIE,M,,2450,13.0,1968-04-16,1968.04.16,True,,636,636.0,611.0,605.0,True,False,,OlimpBase historical FIDE list,C:\chenxi\bazi_project\chess\Elo199401e.html,,613,12000035,1968-04-16,profile_wikidata_agree,north,resolved_unique_birthplace,Q27523219,Q181376,Hrodna,53.66666667,23.81666667,"https://olimpbase.org/Elo/player/A/Atlas,%20Valerij.html",1968-04-16,True,,M,420,-1.0013883889347908,0.16367265469061876,1968-04-16
1994-01,OlimpBase historical FIDE list,C:\chenxi\bazi_project\chess\Elo199401e.html,14200082,"Barsov, Alexei",m,UZB,M,,2450,19.0,,,True,,630,630.0,611.0,605.0,True,False,,OlimpBase historical FIDE list,C:\chenxi\bazi_project\chess\Elo199401e.html,,613,14200082,1966-04-03,wikidata_exact_via_modern_id,north,resolved_unique_birthplace,Q1379424,Q5753,Samarkand,39.65472222,66.97583333,"https://olimpbase.org/Elo/player/B/Barsov,%20Alexei.html",,True,,M,420,-1.0013883889347908,0.16367265469061876,1966-04-03
1994-01,OlimpBase historical FIDE list,C:\chenxi\bazi_project\chess\Elo199401e.html,1700162,"Cramling, Dan",m,SWE,M,,2450,16.0,1959-02-05,1959.02.05,True,,632,632.0,611.0,605.0,True,False,,OlimpBase historical FIDE list,C:\chenxi\bazi_project\chess\Elo199401e.html,,613,1700162,1959-02-05,profile_wikidata_agree,north,resolved_unique_birthplace,Q9201136,Q1754,Stockholm,59.32944444,18.06861111,"https://olimpbase.org/Elo/player/C/Cramling,%20Dan.html",1959-02-05,True,,M,420,-1.0013883889347908,0.16367265469061876,1959-02-05
1994-01,OlimpBase historical FIDE list,C:\chenxi\bazi_project\chess\Elo199401e.html,2200120,"Garcia Padron, Jose",m,ESP,M,,2450,25.0,1958-03-23,1958.03.23,True,,626,626.0,611.0,605.0,True,False,,OlimpBase historical FIDE list,C:\chenxi\bazi_project\chess\Elo199401e.html,,613,2200120,1958-03-23,profile_wikidata_agree,north,resolved_unique_birthplace,Q5940015,Q716384,Arucas,28.1184492,-15.5232237,"https://olimpbase.org/Elo/player/G/Garcia%20Padron,%20Jose.html",1958-03-23,True,,M,420,-1.0013883889347908,0.16367265469061876,1958-03-23
1994-01,OlimpBase historical FIDE list,C:\chenxi\bazi_project\chess\Elo199401e.html,4600177,"Gutman, Lev",g,GER,M,,2450,15.0,1945-09-26,1945.09.26,True,,634,634.0,611.0,605.0,True,False,,OlimpBase historical FIDE list,C:\chenxi\bazi_project\chess\Elo199401e.html,,613,4600177,1945-09-26,profile_wikidata_agree,north,resolved_unique_birthplace,Q72473,Q1773,Riga,56.9475,24.10694444,"https://olimpbase.org/Elo/player/G/Gutman,%20Lev.html",1945-09-26,True,,M,420,-1.0013883889347908,0.16367265469061876,1945-09-26
1994-01,OlimpBase historical FIDE list,C:\chenxi\bazi_project\chess\Elo199401e.html,13500058,"Kapengut, Albert Z.",m,BLR,M,,2450,0.0,1944-07-04,1944.07.04,True,,649=,649.0,611.0,605.0,True,False,,OlimpBase historical FIDE list,C:\chenxi\bazi_project\chess\Elo199401e.html,,613,13500058,1944-07-04,profile_wikidata_agree,north,resolved_unique_birthplace,Q782173,Q900,Kazan,55.79083333,49.11444444,"https://olimpbase.org/Elo/player/K/Kapengut,%20Albert%20Z..html",1944-07-04,True,,M,420,-1.0013883889347908,0.16367265469061876,1944-07-04
1994-01,OlimpBase historical FIDE list,C:\chenxi\bazi_project\chess\Elo199401e.html,14700018,"Magomedov, Magaram (2)",m,TJK,M,,2450,46.0,1966-05-20,1966.05.20,True,,614=,614.0,611.0,605.0,True,False,,OlimpBase historical FIDE list,C:\chenxi\bazi_project\chess\Elo199401e.html,,613,4156757,1966-05-20,profile_wikidata_agree,north,resolved_unique_birthplace,Q4274166,Q4502413,Khuri,42.17083333,47.1275,"https://olimpbase.org/Elo/player/M/Magomedov,%20Magaram%20(2).html",1966-05-20,True,,M,420,-1.0013883889347908,0.16367265469061876,1966-05-20
1994-01,OlimpBase historical FIDE list,C:\chenxi\bazi_project\chess\Elo199401e.html,300055,"Meduna, Eduard",g,CZE,M,,2450,46.0,1950-09-11,1950.09.11,True,,614,614.0,611.0,605.0,True,False,,OlimpBase historical FIDE list,C:\chenxi\bazi_project\chess\Elo199401e.html,,613,300055,1950-09-11,profile_wikidata_agree,north,resolved_unique_birthplace,Q364668,Q1085,Prague,50.0875,14.42138889,"https://olimpbase.org/Elo/player/M/Meduna,%20Eduard.html",1950-09-11,True,,M,420,-1.0013883889347908,0.16367265469061876,1950-09-11
1994-01,OlimpBase historical FIDE list,C:\chenxi\bazi_project\chess\Elo199401e.html,4101901,"Petrienko, Vladimir",m,RUS,M,,2450,5.0,1955-03-09,1955.03.09,True,,644,644.0,611.0,605.0,True,False,,OlimpBase historical FIDE list,C:\chenxi\bazi_project\chess\Elo199401e.html,,613,4101901,1955-03-09,profile_wikidata_agree,north,resolved_unique_birthplace,Q27529854,Q184200,Prokhladny,43.7575,44.02972222,"https://olimpbase.org/Elo/player/P/Petrienko,%20Vladimir.html",1955-03-09,True,,M,420,-1.0013883889347908,0.16367265469061876,1955-03-09
1994-01,OlimpBase historical FIDE list,C:\chenxi\bazi_project\chess\Elo199401e.html,8600082,"Qi, Jingxuan",m,CHN,M,,2450,0.0,1947-11-09,1947.11.09,True,,649=,649.0,611.0,605.0,True,False,,OlimpBase historical FIDE list,C:\chenxi\bazi_project\chess\Elo199401e.html,,613,8600082,1947-11-09,profile_wikidata_agree,north,resolved_unique_birthplace,Q7267581,Q8686,Shanghai,31.2325,121.46916667,"https://olimpbase.org/Elo/player/Q/Qi,%20Jingxuan.html",1947-11-09,True,,M,420,-1.0013883889347908,0.16367265469061876,1947-11-09
1994-01,OlimpBase historical FIDE list,C:\chenxi\bazi_project\chess\Elo199401e.html,4600096,"Schmittdiel, Eckhard",m,GER,M,,2450,73.0,1960-05-13,1960.05.13,True,,611,611.0,611.0,605.0,True,False,,OlimpBase historical FIDE list,C:\chenxi\bazi_project\chess\Elo199401e.html,,613,4600096,1960-05-13,profile_wikidata_agree,north,resolved_unique_birthplace,Q90125,Q1295,Dortmund,51.51388889,7.46527778,"https://olimpbase.org/Elo/player/S/Schmittdiel,%20Eckhard.html",1960-05-13,True,,M,420,-1.0013883889347908,0.16367265469061876,1960-05-13
1994-01,OlimpBase historical FIDE list,C:\chenxi\bazi_project\chess\Elo199401e.html,13700022,"Temirbaev, Serik",m,KAZ,M,,2450,32.0,,,True,,622,622.0,611.0,605.0,True,False,,OlimpBase historical FIDE list,C:\chenxi\bazi_project\chess\Elo199401e.html,,613,13700022,1961-08-08,wikidata_exact_via_modern_id,north,resolved_unique_birthplace,Q115212,Q490643,Kokshetau,53.28245,69.39691944,"https://olimpbase.org/Elo/player/T/Temirbaev,%20Serik.html",,True,,M,420,-1.0013883889347908,0.16367265469061876,1961-08-08
1994-01,OlimpBase historical FIDE list,C:\chenxi\bazi_project\chess\Elo199401e.html,700193,"Tompa, Janos",m,HUN,M,,2450,7.0,1947-04-30,1947.04.30,True,,643,643.0,611.0,605.0,True,False,,OlimpBase historical FIDE list,C:\chenxi\bazi_project\chess\Elo199401e.html,,613,700193,1947-04-30,profile_wikidata_agree,north,resolved_unique_birthplace,Q18278803,Q843035,Celldömölk,47.2575,17.1525,"https://olimpbase.org/Elo/player/T/Tompa,%20Janos.html",1947-04-30,True,,M,420,-1.0013883889347908,0.16367265469061876,1947-04-30
1994-01,OlimpBase historical FIDE list,C:\chenxi\bazi_project\chess\Elo199401e.html,1700073,"Wedberg, Tom",m,SWE,M,,2450,16.0,1953-11-26,1953.11.26,True,,632=,632.0,611.0,605.0,True,False,,OlimpBase historical FIDE list,C:\chenxi\bazi_project\chess\Elo199401e.html,,613,1700073,1953-11-26,profile_wikidata_agree,north,resolved_unique_birthplace,Q723715,Q34,Sweden,61.0,15.0,"https://olimpbase.org/Elo/player/W/Wedberg,%20Tom.html",1953-11-26,True,,M,420,-1.0013883889347908,0.16367265469061876,1953-11-26
1994-01,OlimpBase historical FIDE list,C:\chenxi\bazi_project\chess\Elo199401e.html,12800120,"Zagorskis, Darius",m,LTU,M,,2450,33.0,1969-11-20,1969.11.20,True,,619,619.0,611.0,605.0,True,False,,OlimpBase historical FIDE list,C:\chenxi\bazi_project\chess\Elo199401e.html,,613,12800120,1969-11-20,profile_wikidata_agree,north,resolved_unique_birthplace,Q16471771,Q216,Vilnius,54.68722222,25.28,"https://olimpbase.org/Elo/player/Z/Zagorskis,%20Darius.html",1969-11-20,True,,M,420,-1.0013883889347908,0.16367265469061876,1969-11-20
1994-01,OlimpBase historical FIDE list,C:\chenxi\bazi_project\chess\Elo199401e.html,14200015,"Ziatdinov, Raset",m,UZB,M,,2450,5.0,1958-12-27,1958.12.27,True,,644=,644.0,611.0,605.0,True,False,,OlimpBase historical FIDE list,C:\chenxi\bazi_project\chess\Elo199401e.html,,613,2015323,1958-12-27,profile_wikidata_agree,north,resolved_unique_birthplace,Q9304184,Q484578,Uzbek Soviet Socialist Republic,40.0,66.0,"https://olimpbase.org/Elo/player/Z/Ziatdinov,%20Raset.html",1958-12-27,True,,M,420,-1.0013883889347908,0.16367265469061876,1958-12-27
1994-01,OlimpBase historical FIDE list,C:\chenxi\bazi_project\chess\Elo199401e.html,2801612,"Zilberman, Yaacov",m,ISR,M,,2450,45.0,,,True,,616,616.0,611.0,605.0,True,False,,OlimpBase historical FIDE list,C:\chenxi\bazi_project\chess\Elo199401e.html,,613,2801612,1954-05-26,profile_wikidata_agree,north,resolved_unique_birthplace,Q3143282,Q1520,Astana,51.13333333,71.43333333,"https://olimpbase.org/Elo/player/Z/Zilberman,%20Jakov.html",1954-05-26,True,,M,420,-1.0013883889347908,0.16367265469061876,1954-05-26
1994-01,OlimpBase historical FIDE list,C:\chenxi\bazi_project\chess\Elo199401e.html,14101203,"Anapolsky, Sergey",,UKR,M,,2445,11.0,,,True,,690=,690.0,658.0,650.0,True,False,,OlimpBase historical FIDE list,C:\chenxi\bazi_project\chess\Elo199401e.html,,660,14101203,1975-04-22,profile_wikidata_agree,north,resolved_unique_birthplace,Q27523037,Q1770,Tallinn,59.43722222,24.745,"https://olimpbase.org/Elo/player/A/Anapolsky,%20Sergey.html",1975-04-22,True,,M,438,-1.082429332227595,0.1277445109780439,1975-04-22
1994-01,OlimpBase historical FIDE list,C:\chenxi\bazi_project\chess\Elo199401e.html,4101529,"Averbakh, Yuri L.",g,RUS,M,,2445,0.0,1922-02-08,1922.02.08,True,,699=,699.0,658.0,650.0,True,False,,OlimpBase historical FIDE list,C:\chenxi\bazi_project\chess\Elo199401e.html,,660,4101529,1922-02-08,profile_wikidata_agree,north,resolved_unique_birthplace,Q434808,Q2837,Kaluga,54.53333333,36.26666667,"https://olimpbase.org/Elo/player/A/Averbakh,%20Yuri%20L..html",1922-02-08,True,,M,438,-1.082429332227595,0.1277445109780439,1922-02-08
1994-01,OlimpBase historical FIDE list,C:\chenxi\bazi_project\chess\Elo199401e.html,14600030,"Bukic, Enver",g,SLO,M,,2445,20.0,1937-12-02,1937.12.02,True,,683,683.0,658.0,650.0,True,False,,OlimpBase historical FIDE list,C:\chenxi\bazi_project\chess\Elo199401e.html,,660,14600030,1937-12-02,profile_wikidata_agree,north,resolved_unique_birthplace,Q358808,Q131127,Banja Luka,44.7725,17.1925,"https://olimpbase.org/Elo/player/B/Bukic,%20Enver.html",1937-12-02,True,,M,438,-1.082429332227595,0.1277445109780439,1937-12-02
1994-01,OlimpBase historical FIDE list,C:\chenxi\bazi_project\chess\Elo199401e.html,4102703,"Faibisovich, Vadim Z.",m,RUS,M,,2445,0.0,1944-05-08,1944.05.08,True,,699=,699.0,658.0,650.0,True,False,,OlimpBase historical FIDE list,C:\chenxi\bazi_project\chess\Elo199401e.html,,660,4102703,1944-05-08,profile_wikidata_agree,north,resolved_unique_birthplace,Q1649751,Q5400,Perm Krai,59.23333333,56.13333333,"https://olimpbase.org/Elo/player/F/Faibisovich,%20Vadim%20Z..html",1944-05-08,True,,M,438,-1.082429332227595,0.1277445109780439,1944-05-08
1994-01,OlimpBase historical FIDE list,C:\chenxi\bazi_project\chess\Elo199401e.html,4117565,"Fish, Gannadij",,RUS,M,,2445,18.0,,,True,,684,684.0,658.0,650.0,True,False,,OlimpBase historical FIDE list,C:\chenxi\bazi_project\chess\Elo199401e.html,,660,14102803,1973-04-20,profile_wikidata_agree,north,resolved_unique_birthplace,Q119806,Q19566,Simferopol,44.948376,34.100039,"https://olimpbase.org/Elo/player/F/Fish,%20Gannadij.html",1973-04-20,True,,M,438,-1.082429332227595,0.1277445109780439,1973-04-20
1994-01,OlimpBase historical FIDE list,C:\chenxi\bazi_project\chess\Elo199401e.html,1300040,"Hug, Werner",m,SUI,M,,2445,34.0,1952-09-10,1952.09.10,True,,667,667.0,658.0,650.0,True,False,,OlimpBase historical FIDE list,C:\chenxi\bazi_project\chess\Elo199401e.html,,660,1300040,1952-09-10,profile_wikidata_agree,north,resolved_unique_birthplace,Q260172,Q68261,Meilen,47.27027778,8.64111111,"https://olimpbase.org/Elo/player/H/Hug,%20Werner.html",1952-09-10,True,,M,438,-1.082429332227595,0.1277445109780439,1952-09-10
1994-01,OlimpBase historical FIDE list,C:\chenxi\bazi_project\chess\Elo199401e.html,4102711,"Janovsky, Sergey",m,RUS,M,,2445,6.0,,,True,,696,696.0,658.0,650.0,True,False,,OlimpBase historical FIDE list,C:\chenxi\bazi_project\chess\Elo199401e.html,,660,4102711,1960-02-17,profile_wikidata_agree,north,resolved_unique_birthplace,Q4538211,Q649,Moscow,55.75055556,37.6175,"https://olimpbase.org/Elo/player/J/Janovsky,%20Sergey.html",1960-02-17,True,,M,438,-1.082429332227595,0.1277445109780439,1960-02-17
1994-01,OlimpBase historical FIDE list,C:\chenxi\bazi_project\chess\Elo199401e.html,1100696,"Kaminski, Marcin",m,POL,M,,2445,52.0,1977-03-10,1977.03.10,True,,659,659.0,658.0,650.0,True,False,,OlimpBase historical FIDE list,C:\chenxi\bazi_project\chess\Elo199401e.html,,660,1100696,1977-03-10,profile_wikidata_agree,north,resolved_unique_birthplace,Q4211622,Q1799,Wrocław,51.11,17.0325,"https://olimpbase.org/Elo/player/K/Kaminski,%20Marcin.html",1977-03-10,True,,M,438,-1.082429332227595,0.1277445109780439,1977-03-10
1994-01,OlimpBase historical FIDE list,C:\chenxi\bazi_project\chess\Elo199401e.html,13900030,"Komliakov, Viktor",m,MDA,M,,2445,48.0,1960-04-25,1960.04.25,True,,660,660.0,658.0,650.0,True,False,,OlimpBase historical FIDE list,C:\chenxi\bazi_project\chess\Elo199401e.html,,660,13900030,1960-04-25,profile_wikidata_agree,north,resolved_unique_birthplace,Q4229773,Q21197,Chișinău,47.02277778,28.83527778,"https://olimpbase.org/Elo/player/K/Komliakov,%20Viktor.html",1960-04-25,True,,M,438,-1.082429332227595,0.1277445109780439,1960-04-25
1994-01,OlimpBase historical FIDE list,C:\chenxi\bazi_project\chess\Elo199401e.html,4113250,"Lazarev, Vladimir",m,RUS,M,,2445,46.0,1964-06-05,1964.06.05,True,,661,661.0,658.0,650.0,True,False,,OlimpBase historical FIDE list,C:\chenxi\bazi_project\chess\Elo199401e.html,,660,4113250,1964-06-05,profile_wikidata_agree,north,resolved_unique_birthplace,Q3561809,Q5332,Saratov,51.53,46.035,"https://olimpbase.org/Elo/player/L/Lazarev,%20Vladimir.html",1964-06-05,True,,M,438,-1.082429332227595,0.1277445109780439,1964-06-05
1994-01,OlimpBase historical FIDE list,C:\chenxi\bazi_project\chess\Elo199401e.html,400220,"Levitt, Jonathan",m,ENG,M,,2445,28.0,1963-06-03,1963.06.03,True,,672=,672.0,658.0,650.0,True,False,,OlimpBase historical FIDE list,C:\chenxi\bazi_project\chess\Elo199401e.html,,660,400220,1963-06-03,profile_wikidata_agree,north,resolved_unique_birthplace,Q2789607,Q84,London,51.50722222,-0.1275,"https://olimpbase.org/Elo/player/L/Levitt,%20Jonathan.html",1963-06-03,True,,M,438,-1.082429332227595,0.1277445109780439,1963-06-03
1994-01,OlimpBase historical FIDE list,C:\chenxi\bazi_project\chess\Elo199401e.html,14500183,"Marovic, Drazen",g,CRO,M,,2445,0.0,1938-01-14,1938.01.14,True,,699=,699.0,658.0,650.0,True,False,,OlimpBase historical FIDE list,C:\chenxi\bazi_project\chess\Elo199401e.html,,660,14500183,1938-01-14,profile_wikidata_agree,north,resolved_unique_birthplace,Q487767,Q1663,Split,43.51,16.44,"https://olimpbase.org/Elo/player/M/Marovic,%20Drazen.html",1938-01-14,True,,M,438,-1.082429332227595,0.1277445109780439,1938-01-14
1994-01,OlimpBase historical FIDE list,C:\chenxi\bazi_project\chess\Elo199401e.html,4102541,"Meister, Yakov",m,RUS,M,,2445,46.0,,,True,,661=,661.0,658.0,650.0,True,False,,OlimpBase historical FIDE list,C:\chenxi\bazi_project\chess\Elo199401e.html,,660,4102541,1955-09-11,profile_wikidata_agree,north,resolved_unique_birthplace,Q1679230,Q155148,Kopeysk,55.1,61.61666667,"https://olimpbase.org/Elo/player/M/Meister,%20Yakov.html",1955-09-11,True,,M,438,-1.082429332227595,0.1277445109780439,1955-09-11
1994-01,OlimpBase historical FIDE list,C:\chenxi\bazi_project\chess\Elo199401e.html,4103173,"Nikitin, Aleksander S.",m,RUS,M,,2445,11.0,,,True,,690=,690.0,658.0,650.0,True,False,,OlimpBase historical FIDE list,C:\chenxi\bazi_project\chess\Elo199401e.html,,660,4103173,1935-01-27,profile_wikidata_agree,north,resolved_unique_birthplace,Q4319706,Q649,Moscow,55.75055556,37.6175,"https://olimpbase.org/Elo/player/N/Nikitin,%20Aleksander%20S..html",1935-01-27,True,,M,438,-1.082429332227595,0.1277445109780439,1935-01-27
1994-01,OlimpBase historical FIDE list,C:\chenxi\bazi_project\chess\Elo199401e.html,14500140,"Nikolac, Juraj",g,CRO,M,,2445,5.0,1932-04-22,1932.04.22,True,,697,697.0,658.0,650.0,True,False,,OlimpBase historical FIDE list,C:\chenxi\bazi_project\chess\Elo199401e.html,,660,14500140,1932-04-22,profile_wikidata_agree,north,resolved_unique_birthplace,Q3445608,Q390588,Metković,43.05,17.65,"https://olimpbase.org/Elo/player/N/Nikolac,%20Juraj.html",1932-04-22,True,,M,438,-1.082429332227595,0.1277445109780439,1932-04-22
1994-01,OlimpBase historical FIDE list,C:\chenxi\bazi_project\chess\Elo199401e.html,1700111,"Ornstein, Axel",m,SWE,M,,2445,14.0,1952-04-24,1952.04.24,True,,687,687.0,658.0,650.0,True,False,,OlimpBase historical FIDE list,C:\chenxi\bazi_project\chess\Elo199401e.html,,660,1700111,1952-04-24,profile_wikidata_agree,north,resolved_unique_birthplace,Q6029513,Q891347,Boliden,64.86546839,20.38222126,"https://olimpbase.org/Elo/player/O/Ornstein,%20Axel.html",1952-04-24,True,,M,438,-1.082429332227595,0.1277445109780439,1952-04-24
1994-01,OlimpBase historical FIDE list,C:\chenxi\bazi_project\chess\Elo199401e.html,11600110,"Petkevich, Jusefs",m,LAT,M,,2445,11.0,1940-12-19,1940.12.19,True,,690,690.0,658.0,650.0,True,False,,OlimpBase historical FIDE list,C:\chenxi\bazi_project\chess\Elo199401e.html,,660,11600110,1940-12-19,profile_wikidata_agree,north,resolved_unique_birthplace,Q2039991,Q1773,Riga,56.9475,24.10694444,"https://olimpbase.org/Elo/player/P/Petkevich,%20Josef.html",1940-12-19,True,,M,438,-1.082429332227595,0.1277445109780439,1940-12-19
1994-01,OlimpBase historical FIDE list,C:\chenxi\bazi_project\chess\Elo199401e.html,600199,"Pytel, Krzysztof",m,FRA,M,,2445,13.0,1945-05-15,1945.05.15,True,,688,688.0,658.0,650.0,True,False,,OlimpBase historical FIDE list,C:\chenxi\bazi_project\chess\Elo199401e.html,,660,600199,1945-05-15,profile_wikidata_agree,north,resolved_unique_birthplace,Q3200058,Q234184,Chełm,51.13333333,23.48333333,"https://olimpbase.org/Elo/player/P/Pytel,%20Krzysztof.html",1945-05-15,True,,M,438,-1.082429332227595,0.1277445109780439,1945-05-15
1994-01,OlimpBase historical FIDE list,C:\chenxi\bazi_project\chess\Elo199401e.html,4614054,"Schmaltz, Roland",m,GER,M,,2445,28.0,,,True,,672=,672.0,658.0,650.0,True,False,,OlimpBase historical FIDE list,C:\chenxi\bazi_project\chess\Elo199401e.html,,660,4614054,1974-11-15,profile_wikidata_agree,north,resolved_unique_birthplace,Q70094,Q2119,Mannheim,49.48777778,8.46611111,"https://olimpbase.org/Elo/player/S/Schmaltz,%20Roland.html",1974-11-15,True,,M,438,-1.082429332227595,0.1277445109780439,1974-11-15
1994-01,OlimpBase historical FIDE list,C:\chenxi\bazi_project\chess\Elo199401e.html,14101076,"Sergeev, Vladimir",m,UKR,M,,2445,22.0,,,True,,681,681.0,658.0,650.0,True,False,,OlimpBase historical FIDE list,C:\chenxi\bazi_project\chess\Elo199401e.html,,660,14101076,1964-05-01,profile_wikidata_agree,north,resolved_unique_birthplace,Q4416808,Q1899,Kyiv,50.45,30.52361111,"https://olimpbase.org/Elo/player/S/Sergeev,%20Vladimir.html",1964-05-01,True,,M,438,-1.082429332227595,0.1277445109780439,1964-05-01
1994-01,OlimpBase historical FIDE list,C:\chenxi\bazi_project\chess\Elo199401e.html,5200156,"Sevillano, Enrico",m,PHI,M,,2445,23.0,,,True,,678=,678.0,658.0,650.0,True,False,,OlimpBase historical FIDE list,C:\chenxi\bazi_project\chess\Elo199401e.html,,660,5200156,1968-03-17,wikidata_exact_via_modern_id,north,resolved_unique_birthplace,Q16695791,Q1467,Cebu City,10.293,123.902,"https://olimpbase.org/Elo/player/S/Sevillano,%20Enrico.html",,True,,M,438,-1.082429332227595,0.1277445109780439,1968-03-17
1994-01,OlimpBase historical FIDE list,C:\chenxi\bazi_project\chess\Elo199401e.html,4103351,"Shtyrenkov, Veniamen",m,RUS,M,,2445,33.0,,,True,,668=,668.0,658.0,650.0,True,False,,OlimpBase historical FIDE list,C:\chenxi\bazi_project\chess\Elo199401e.html,,660,4103351,1958-04-23,profile_wikidata_agree,north,resolved_unique_birthplace,Q4527073,Q914,Volgograd,48.70861111,44.51472222,"https://olimpbase.org/Elo/player/S/Shtyrenkov,%20Veniamen.html",1958-04-23,True,,M,438,-1.082429332227595,0.1277445109780439,1958-04-23
1994-01,OlimpBase historical FIDE list,C:\chenxi\bazi_project\chess\Elo199401e.html,4101758,"Umansky, Mikhail",,RUS,M,,2445,0.0,,,True,,699=,699.0,658.0,650.0,True,False,,OlimpBase historical FIDE list,C:\chenxi\bazi_project\chess\Elo199401e.html,,660,4680812,1952-01-21,wikidata_exact_via_modern_id,north,resolved_unique_birthplace,Q260100,Q5206,Stavropol,45.05,41.98333333,"https://olimpbase.org/Elo/player/U/Umansky,%20Mikhail.html",,True,,M,438,-1.082429332227595,0.1277445109780439,1952-01-21
1994-01,OlimpBase historical FIDE list,C:\chenxi\bazi_project\chess\Elo199401e.html,14600021,"Barle, Janez",m,SLO,M,,2440,22.0,1952-03-21,1952.03.21,True,,725,725.0,709.0,701.0,True,False,,OlimpBase historical FIDE list,C:\chenxi\bazi_project\chess\Elo199401e.html,,711,14600021,1952-03-21,profile_wikidata_agree,north,resolved_unique_birthplace,Q12791975,Q1647,Rijeka,45.33333333,14.43333333,"https://olimpbase.org/Elo/player/B/Barle,%20Janez.html",1952-03-21,True,,M,461,-1.1634702755203994,0.08183632734530938,1952-03-21
1994-01,OlimpBase historical FIDE list,C:\chenxi\bazi_project\chess\Elo199401e.html,4119339,"Berezovsky, Igor",,RUS,M,,2440,15.0,,,True,,730=,730.0,709.0,701.0,True,False,,OlimpBase historical FIDE list,C:\chenxi\bazi_project\chess\Elo199401e.html,,711,4646215,1971-05-17,profile_wikidata_agree,north,resolved_unique_birthplace,Q1647119,Q1874,Odesa,46.47747,30.73262,"https://olimpbase.org/Elo/player/B/Berezovsky,%20Igor.html",1971-05-17,True,,M,461,-1.1634702755203994,0.08183632734530938,1971-05-17
1994-01,OlimpBase historical FIDE list,C:\chenxi\bazi_project\chess\Elo199401e.html,2900114,"Danailov, Silvio",m,BUL,M,,2440,18.0,1961-04-21,1961.04.21,True,,727,727.0,709.0,701.0,True,False,,OlimpBase historical FIDE list,C:\chenxi\bazi_project\chess\Elo199401e.html,,711,2900114,1961-04-21,profile_wikidata_agree,north,resolved_unique_birthplace,Q728258,Q472,Sofia,42.697886,23.321726,"https://olimpbase.org/Elo/player/D/Danailov,%20Silvio.html",1961-04-21,True,,M,461,-1.1634702755203994,0.08183632734530938,1961-04-21
1994-01,OlimpBase historical FIDE list,C:\chenxi\bazi_project\chess\Elo199401e.html,11600454,"Fridman, Daniel",f,LAT,M,,2440,18.0,1976-02-15,1976.02.15,True,,727=,727.0,709.0,701.0,True,False,,OlimpBase historical FIDE list,C:\chenxi\bazi_project\chess\Elo199401e.html,,711,11600454,1976-02-15,profile_wikidata_agree,north,resolved_unique_birthplace,Q72463,Q1773,Riga,56.9475,24.10694444,"https://olimpbase.org/Elo/player/F/Fridman,%20Daniel.html",1976-02-15,True,,M,461,-1.1634702755203994,0.08183632734530938,1976-02-15
1994-01,OlimpBase historical FIDE list,C:\chenxi\bazi_project\chess\Elo199401e.html,1200089,"Ionescu, Constantin",m,ROM,M,,2440,42.0,1958-09-12,1958.09.12,True,,713=,713.0,709.0,701.0,True,False,,OlimpBase historical FIDE list,C:\chenxi\bazi_project\chess\Elo199401e.html,,711,1200089,1958-09-12,profile_wikidata_agree,north,resolved_unique_birthplace,Q4202750,Q82174,Brașov,45.65222222,25.61055556,"https://olimpbase.org/Elo/player/I/Ionescu,%20Constantin.html",1958-09-12,True,,M,461,-1.1634702755203994,0.08183632734530938,1958-09-12
1994-01,OlimpBase historical FIDE list,C:\chenxi\bazi_project\chess\Elo199401e.html,14200090,"Kaiumov, Dmitry D.",m,UZB,M,,2440,23.0,1949-02-28,1949.02.28,True,,724,724.0,709.0,701.0,True,False,,OlimpBase historical FIDE list,C:\chenxi\bazi_project\chess\Elo199401e.html,,711,14200090,1949-02-28,profile_wikidata_agree,north,resolved_unique_birthplace,Q4218359,Q269,Tashkent,41.31111111,69.27972222,"https://olimpbase.org/Elo/player/K/Kaiumov,%20Dmitry%20D..html",1949-02-28,True,,M,461,-1.1634702755203994,0.08183632734530938,1949-02-28
1994-01,OlimpBase historical FIDE list,C:\chenxi\bazi_project\chess\Elo199401e.html,4101251,"Lukin, Andrei M.",m,RUS,M,,2440,8.0,1948-08-28,1948.08.28,True,,739=,739.0,709.0,701.0,True,False,,OlimpBase historical FIDE list,C:\chenxi\bazi_project\chess\Elo199401e.html,,711,4101251,1948-08-28,profile_wikidata_agree,north,resolved_unique_birthplace,Q4268869,Q656,Saint Petersburg,59.95,30.31666667,"https://olimpbase.org/Elo/player/L/Lukin,%20Andrei%20M..html",1948-08-28,True,,M,461,-1.1634702755203994,0.08183632734530938,1948-08-28
1994-01,OlimpBase historical FIDE list,C:\chenxi\bazi_project\chess\Elo199401e.html,4114345,"Nevostrujev, Vladimir",m,RUS,M,,2440,13.0,,,True,,732=,732.0,709.0,701.0,True,False,,OlimpBase historical FIDE list,C:\chenxi\bazi_project\chess\Elo199401e.html,,711,4114345,1966-05-25,wikidata_exact_via_modern_id,north,resolved_unique_birthplace,Q4315841,Q93910,Novokuznetsk,53.75,87.11666667,"https://olimpbase.org/Elo/player/N/Nevostrujev,%20Vladimir.html",,True,,M,461,-1.1634702755203994,0.08183632734530938,1966-05-25
1994-01,OlimpBase historical FIDE list,C:\chenxi\bazi_project\chess\Elo199401e.html,3500144,"Ortega, Lexy",m,CUB,M,,2440,58.0,1960-03-08,1960.03.08,True,,710,710.0,709.0,701.0,True,False,,OlimpBase historical FIDE list,C:\chenxi\bazi_project\chess\Elo199401e.html,,711,811416,1960-03-08,profile_wikidata_agree,north,resolved_unique_birthplace,Q622093,Q115329,Camagüey,21.37861111,-77.91861111,"https://olimpbase.org/Elo/player/O/Ortega,%20Lexy.html",1960-03-08,True,,M,461,-1.1634702755203994,0.08183632734530938,1960-03-08
1994-01,OlimpBase historical FIDE list,C:\chenxi\bazi_project\chess\Elo199401e.html,900605,"Raicevic, Vladimir",g,YUG,M,,2440,0.0,1949-05-02,1949.05.02,True,,747=,747.0,709.0,701.0,True,False,,OlimpBase historical FIDE list,C:\chenxi\bazi_project\chess\Elo199401e.html,,711,900605,1949-05-02,profile_wikidata_agree,north,resolved_unique_birthplace,Q1170293,Q159818,Travnik,44.22542188,17.66686852,"https://olimpbase.org/Elo/player/R/Raicevic,%20Vladimir.html",1949-05-02,True,,M,461,-1.1634702755203994,0.08183632734530938,1949-05-02
1994-01,OlimpBase historical FIDE list,C:\chenxi\bazi_project\chess\Elo199401e.html,1000098,"Ree, Hans",g,NED,M,,2440,13.0,1944-09-15,1944.09.15,True,,732=,732.0,709.0,701.0,True,False,,OlimpBase historical FIDE list,C:\chenxi\bazi_project\chess\Elo199401e.html,,711,1000098,1944-09-15,profile_wikidata_agree,north,resolved_unique_birthplace,Q1361637,Q727,Amsterdam,52.36666667,4.88333333,"https://olimpbase.org/Elo/player/R/Ree,%20Hans.html",1944-09-15,True,,M,461,-1.1634702755203994,0.08183632734530938,1944-09-15
1994-01,OlimpBase historical FIDE list,C:\chenxi\bazi_project\chess\Elo199401e.html,600083,"Santo-Roman, Marc",m,FRA,M,,2440,25.0,1960-09-13,1960.09.13,True,,722,722.0,709.0,701.0,True,False,,OlimpBase historical FIDE list,C:\chenxi\bazi_project\chess\Elo199401e.html,,711,600083,1960-09-13,profile_wikidata_agree,north,resolved_unique_birthplace,Q1658829,Q7880,Toulouse,43.60444444,1.44333333,"https://olimpbase.org/Elo/player/S/Santo-Roman,%20Marc.html",1960-09-13,True,,M,461,-1.1634702755203994,0.08183632734530938,1960-09-13
1994-01,OlimpBase historical FIDE list,C:\chenxi\bazi_project\chess\Elo199401e.html,1700235,"Schneider, Lars-Ake",m,SWE,M,,2440,8.0,1955-07-10,1955.07.10,True,,739=,739.0,709.0,701.0,True,False,,OlimpBase historical FIDE list,C:\chenxi\bazi_project\chess\Elo199401e.html,,711,1700235,1955-07-10,profile_wikidata_agree,north,resolved_unique_birthplace,Q6168791,Q1754,Stockholm,59.32944444,18.06861111,"https://olimpbase.org/Elo/player/S/Schneider,%20Lars-Ake.html",1955-07-10,True,,M,461,-1.1634702755203994,0.08183632734530938,1955-07-10
1994-01,OlimpBase historical FIDE list,C:\chenxi\bazi_project\chess\Elo199401e.html,4617347,"Slobodjan, Roman",m,GER,M,,2440,7.0,,,True,,742=,742.0,709.0,701.0,True,False,,OlimpBase historical FIDE list,C:\chenxi\bazi_project\chess\Elo199401e.html,,711,4617347,1975-01-01,profile_wikidata_agree,north,resolved_unique_birthplace,Q69958,Q1711,Potsdam,52.39886;52.4009309,13.0591397;13.06566,"https://olimpbase.org/Elo/player/S/Slobodyan,%20Roman.html",1975-01-01,True,,M,461,-1.1634702755203994,0.08183632734530938,1975-01-01
1994-01,OlimpBase historical FIDE list,C:\chenxi\bazi_project\chess\Elo199401e.html,4100743,"Tseitlin, Mikhail S.",g,RUS,M,,2440,46.0,1947-06-16,1947.06.16,True,,711,711.0,709.0,701.0,True,False,,OlimpBase historical FIDE list,C:\chenxi\bazi_project\chess\Elo199401e.html,,711,4655060,1947-06-16,profile_wikidata_agree,north,resolved_unique_birthplace,Q89749,Q207294,Babruysk,53.15,29.23333333,"https://olimpbase.org/Elo/player/T/Tseitlin,%20Mikhail%20S..html",1947-06-16,True,,M,461,-1.1634702755203994,0.08183632734530938,1947-06-16
1994-01,OlimpBase historical FIDE list,C:\chenxi\bazi_project\chess\Elo199401e.html,1100750,"Urban, Klaudiusz",m,POL,M,,2440,43.0,1968-11-02,1968.11.02,True,,712,712.0,709.0,701.0,True,False,,OlimpBase historical FIDE list,C:\chenxi\bazi_project\chess\Elo199401e.html,,711,1100750,1968-11-02,profile_wikidata_agree,north,resolved_unique_birthplace,Q7197458,Q268,波茲南,52.40833333,16.93361111,"https://olimpbase.org/Elo/player/U/Urban,%20Klaudiusz.html",1968-11-02,True,,M,461,-1.1634702755203994,0.08183632734530938,1968-11-02
1994-01,OlimpBase historical FIDE list,C:\chenxi\bazi_project\chess\Elo199401e.html,8600503,"Wu, Shaobin",m,CHN,M,,2440,0.0,1969-02-04,1969.02.04,True,,747,747.0,709.0,701.0,True,False,,OlimpBase historical FIDE list,C:\chenxi\bazi_project\chess\Elo199401e.html,,711,5800714,1969-02-04,profile_wikidata_agree,north,resolved_unique_birthplace,Q8038967,Q324293,Anyang,36.09561,114.34614,"https://olimpbase.org/Elo/player/W/Wu,%20Shaobin.html",1969-02-04,True,,M,461,-1.1634702755203994,0.08183632734530938,1969-02-04
1994-01,OlimpBase historical FIDE list,C:\chenxi\bazi_project\chess\Elo199401e.html,500011,"Yrjola, Jouni",g,FIN,M,,2440,7.0,1959-10-24,1959.10.24,True,,742,742.0,709.0,701.0,True,False,,OlimpBase historical FIDE list,C:\chenxi\bazi_project\chess\Elo199401e.html,,711,500011,1959-10-24,profile_wikidata_agree,north,resolved_unique_birthplace,Q368696,Q1264422,Vilppula,62.02222222,24.50972222,"https://olimpbase.org/Elo/player/Y/Yrjola,%20Jouni.html",1959-10-24,True,,M,461,-1.1634702755203994,0.08183632734530938,1959-10-24
1994-01,OlimpBase historical FIDE list,C:\chenxi\bazi_project\chess\Elo199401e.html,4600410,"Zysk, Robert",m,GER,M,,2440,15.0,1966-05-04,1966.05.04,True,,730,730.0,709.0,701.0,True,False,,OlimpBase historical FIDE list,C:\chenxi\bazi_project\chess\Elo199401e.html,,711,4600410,1966-05-04,profile_wikidata_agree,north,resolved_unique_birthplace,Q11835016,Q1726,Munich,48.1375,11.575,"https://olimpbase.org/Elo/player/Z/Zysk,%20Robert.html",1966-05-04,True,,M,461,-1.1634702755203994,0.08183632734530938,1966-05-04
1994-01,OlimpBase historical FIDE list,C:\chenxi\bazi_project\chess\Elo199401e.html,2200350,"Alvarez Ibarra, Rafael",m,ESP,M,,2435,8.0,1961-09-19,1961.09.19,True,,804,804.0,756.0,748.0,True,False,,OlimpBase historical FIDE list,C:\chenxi\bazi_project\chess\Elo199401e.html,,758,2200350,1961-09-19,profile_wikidata_agree,north,resolved_unique_birthplace,Q9065945,Q8692,Bilbao,43.26305556,-2.935,"https://olimpbase.org/Elo/player/A/Alvarez%20Ibarra,%20Rafael.html",1961-09-19,True,,M,480,-1.2445112188132037,0.043912175648702596,1961-09-19
1994-01,OlimpBase historical FIDE list,C:\chenxi\bazi_project\chess\Elo199401e.html,600164,"Apicella, Manuel",m,FRA,M,,2435,43.0,1970-04-19,1970.04.19,True,,766,766.0,756.0,748.0,True,False,,OlimpBase historical FIDE list,C:\chenxi\bazi_project\chess\Elo199401e.html,,758,600164,1970-04-19,profile_wikidata_agree,north,resolved_unique_birthplace,Q1377927,Q219045,Longjumeau,48.69694444,2.29555556,"https://olimpbase.org/Elo/player/A/Apicella,%20Manuel.html",1970-04-19,True,,M,480,-1.2445112188132037,0.043912175648702596,1970-04-19
1994-01,OlimpBase historical FIDE list,C:\chenxi\bazi_project\chess\Elo199401e.html,1105620,"Ciemniak, Robert",m,POL,M,,2435,19.0,1975-01-13,1975.01.13,True,,785=,785.0,756.0,748.0,True,False,,OlimpBase historical FIDE list,C:\chenxi\bazi_project\chess\Elo199401e.html,,758,1105620,1975-01-13,profile_wikidata_agree,north,resolved_unique_birthplace,Q11834945,Q41252,Bydgoszcz,53.11666667,18.0,"https://olimpbase.org/Elo/player/C/Ciemniak,%20Robert.html",1975-01-13,True,,M,480,-1.2445112188132037,0.043912175648702596,1975-01-13
1994-01,OlimpBase historical FIDE list,C:\chenxi\bazi_project\chess\Elo199401e.html,1900030,"Damaso, Rui",m,POR,M,,2435,47.0,1968-04-24,1968.04.24,True,,763,763.0,756.0,748.0,True,False,,OlimpBase historical FIDE list,C:\chenxi\bazi_project\chess\Elo199401e.html,,758,1900030,1968-04-24,profile_wikidata_agree,north,resolved_unique_birthplace,Q10365243,Q217394,Barreiro,38.66088889,-9.07327778,"https://olimpbase.org/Elo/player/D/Damaso,%20Rui.html",1968-04-24,True,,M,480,-1.2445112188132037,0.043912175648702596,1968-04-24
1994-01,OlimpBase historical FIDE list,C:\chenxi\bazi_project\chess\Elo199401e.html,1302302,"Ekstroem, Roland",m,SUI,M,,2435,22.0,1956-05-22,1956.05.22,True,,782,782.0,756.0,748.0,True,False,,OlimpBase historical FIDE list,C:\chenxi\bazi_project\chess\Elo199401e.html,,758,1302302,1956-05-22,profile_wikidata_agree,north,resolved_unique_birthplace,Q685868,Q1754,Stockholm,59.32944444,18.06861111,"https://olimpbase.org/Elo/player/E/Ekstroem,%20Roland.html",1956-05-22,True,,M,480,-1.2445112188132037,0.043912175648702596,1956-05-22
1994-01,OlimpBase historical FIDE list,C:\chenxi\bazi_project\chess\Elo199401e.html,14101084,"Ginsburg, Gennadi",,UKR,M,,2435,30.0,,,True,,777,777.0,756.0,748.0,True,False,,OlimpBase historical FIDE list,C:\chenxi\bazi_project\chess\Elo199401e.html,,758,4630629,1971-08-11,profile_wikidata_agree,north,resolved_unique_birthplace,Q967399,Q161144,Alchevsk,48.46722222,38.79833333,"https://olimpbase.org/Elo/player/G/Ginsburg,%20Gennadi.html",1971-08-11,True,,M,480,-1.2445112188132037,0.043912175648702596,1971-08-11
1994-01,OlimpBase historical FIDE list,C:\chenxi\bazi_project\chess\Elo199401e.html,3201783,"Gluzman, Mikhail",m,AUS,M,,2435,0.0,1967-09-05,1967.09.05,True,,809,809.0,756.0,748.0,True,False,,OlimpBase historical FIDE list,C:\chenxi\bazi_project\chess\Elo199401e.html,,758,3201783,1967-09-05,profile_wikidata_agree,north,resolved_unique_birthplace,Q6849543,Q1899,Kyiv,50.45,30.52361111,"https://olimpbase.org/Elo/player/G/Gluzman,%20Mikhail.html",1967-09-05,True,,M,480,-1.2445112188132037,0.043912175648702596,1967-09-05
1994-01,OlimpBase historical FIDE list,C:\chenxi\bazi_project\chess\Elo199401e.html,1101684,"Grabarczyk, Miroslaw",m,POL,M,,2435,37.0,1971-01-03,1971.01.03,True,,773,773.0,756.0,748.0,True,False,,OlimpBase historical FIDE list,C:\chenxi\bazi_project\chess\Elo199401e.html,,758,1101684,1971-01-03,profile_wikidata_agree,north,resolved_unique_birthplace,Q1938503,Q104725,Płock,52.55,19.7,"https://olimpbase.org/Elo/player/G/Grabarczyk,%20Miroslaw.html",1971-01-03,True,,M,480,-1.2445112188132037,0.043912175648702596,1971-01-03
1994-01,OlimpBase historical FIDE list,C:\chenxi\bazi_project\chess\Elo199401e.html,14900041,"Lanc, Alois",m,SVK,M,,2435,27.0,1948-02-18,1948.02.18,True,,779,779.0,756.0,748.0,True,False,,OlimpBase historical FIDE list,C:\chenxi\bazi_project\chess\Elo199401e.html,,758,14900041,1948-02-18,profile_wikidata_agree,north,resolved_unique_birthplace,Q27527036,Q158239,Kroměříž,49.29785997,17.39313486,"https://olimpbase.org/Elo/player/L/Lanc,%20Alois.html",1948-02-18,True,,M,480,-1.2445112188132037,0.043912175648702596,1948-02-18
1994-01,OlimpBase historical FIDE list,C:\chenxi\bazi_project\chess\Elo199401e.html,400602,"Lane, Gary W.",m,ENG,M,,2435,42.0,1964-11-04,1964.11.04,True,,767,767.0,756.0,748.0,True,False,,OlimpBase historical FIDE list,C:\chenxi\bazi_project\chess\Elo199401e.html,,758,3203301,1964-11-04,profile_wikidata_agree,north,resolved_unique_birthplace,Q3658176,Q145,United Kingdom,54.6,-2.0,"https://olimpbase.org/Elo/player/L/Lane,%20Gary%20W..html",1964-11-04,True,,M,480,-1.2445112188132037,0.043912175648702596,1964-11-04
1994-01,OlimpBase historical FIDE list,C:\chenxi\bazi_project\chess\Elo199401e.html,400300,"Martin, Andrew D.",m,ENG,M,,2435,11.0,1957-05-18,1957.05.18,True,,798=,798.0,756.0,748.0,True,False,,OlimpBase historical FIDE list,C:\chenxi\bazi_project\chess\Elo199401e.html,,758,400300,1957-05-18,profile_wikidata_agree,north,resolved_unique_birthplace,Q504392,Q84,London,51.50722222,-0.1275,"https://olimpbase.org/Elo/player/M/Martin,%20Andrew%20D..html",1957-05-18,True,,M,480,-1.2445112188132037,0.043912175648702596,1957-05-18
1994-01,OlimpBase historical FIDE list,C:\chenxi\bazi_project\chess\Elo199401e.html,1105671,"Murdzia, Piotr",,POL,M,,2435,64.0,1975-02-20,1975.02.20,True,,757,757.0,756.0,748.0,True,False,,OlimpBase historical FIDE list,C:\chenxi\bazi_project\chess\Elo199401e.html,,758,1105671,1975-02-20,profile_wikidata_agree,north,resolved_unique_birthplace,Q920885,Q1792,Gdańsk,54.3482907;54.35,18.6540233;18.66666667,"https://olimpbase.org/Elo/player/M/Murdzia,%20Piotr.html",1975-02-20,True,,M,480,-1.2445112188132037,0.043912175648702596,1975-02-20
1994-01,OlimpBase historical FIDE list,C:\chenxi\bazi_project\chess\Elo199401e.html,1100874,"Pieniazek, Artur",m,POL,M,,2435,10.0,1968-05-28,1968.05.28,True,,801,801.0,756.0,748.0,True,False,,OlimpBase historical FIDE list,C:\chenxi\bazi_project\chess\Elo199401e.html,,758,1100874,1968-05-28,profile_wikidata_agree,north,resolved_unique_birthplace,Q9160727,Q66013,Głogów,51.65888889,16.08027778,"https://olimpbase.org/Elo/player/P/Pieniazek,%20Artur.html",1968-05-28,True,,M,480,-1.2445112188132037,0.043912175648702596,1968-05-28
1994-01,OlimpBase historical FIDE list,C:\chenxi\bazi_project\chess\Elo199401e.html,14900068,"Plachetka, Jan",g,SVK,M,,2435,17.0,1945-02-18,1945.02.18,True,,789=,789.0,756.0,748.0,True,False,,OlimpBase historical FIDE list,C:\chenxi\bazi_project\chess\Elo199401e.html,,758,14900068,1945-02-18,profile_wikidata_agree,north,resolved_unique_birthplace,Q1382684,Q145002,Trenčín,48.89416667,18.04055556,"https://olimpbase.org/Elo/player/P/Plachetka,%20Jan.html",1945-02-18,True,,M,480,-1.2445112188132037,0.043912175648702596,1945-02-18
1994-01,OlimpBase historical FIDE list,C:\chenxi\bazi_project\chess\Elo199401e.html,4119002,"Rustemov, Alexander",,RUS,M,,2435,59.0,1973-07-06,1973.07.06,True,,760,760.0,756.0,748.0,True,False,,OlimpBase historical FIDE list,C:\chenxi\bazi_project\chess\Elo199401e.html,,758,4119002,1973-07-06,profile_wikidata_agree,north,resolved_unique_birthplace,Q484905,Q1763,Murmansk,68.96666667,33.08333333,"https://olimpbase.org/Elo/player/R/Rustemov,%20Alexander.html",1973-07-06,True,,M,480,-1.2445112188132037,0.043912175648702596,1973-07-06
1994-01,OlimpBase historical FIDE list,C:\chenxi\bazi_project\chess\Elo199401e.html,1100254,"Sapis, Witalis",m,POL,M,,2435,21.0,1964-06-07,1964.06.07,True,,783,783.0,756.0,748.0,True,False,,OlimpBase historical FIDE list,C:\chenxi\bazi_project\chess\Elo199401e.html,,758,1100254,1964-06-07,profile_wikidata_agree,north,resolved_unique_birthplace,Q9375530,Q103217,Częstochowa,50.80964,19.12217,"https://olimpbase.org/Elo/player/S/Sapis,%20Witalis.html",1964-06-07,True,,M,480,-1.2445112188132037,0.043912175648702596,1964-06-07
1994-01,OlimpBase historical FIDE list,C:\chenxi\bazi_project\chess\Elo199401e.html,1100041,"Schmidt, Wlodzimierz",g,POL,M,,2435,41.0,1943-04-10,1943.04.10,True,,768,768.0,756.0,748.0,True,False,,OlimpBase historical FIDE list,C:\chenxi\bazi_project\chess\Elo199401e.html,,758,1100041,1943-04-10,profile_wikidata_agree,north,resolved_unique_birthplace,Q708045,Q268,波茲南,52.40833333,16.93361111,"https://olimpbase.org/Elo/player/S/Schmidt,%20Wlodzimierz.html",1943-04-10,True,,M,480,-1.2445112188132037,0.043912175648702596,1943-04-10
1994-01,OlimpBase historical FIDE list,C:\chenxi\bazi_project\chess\Elo199401e.html,4102258,"Shestoperov, Aleksej",,RUS,M,,2435,5.0,,,True,,806,806.0,756.0,748.0,True,False,,OlimpBase historical FIDE list,C:\chenxi\bazi_project\chess\Elo199401e.html,,758,4102258,1935-06-25,profile_wikidata_agree,north,resolved_unique_birthplace,Q2643990,Q5332,Saratov,51.53,46.035,"https://olimpbase.org/Elo/player/S/Shestoperov,%20Aleksej.html",1935-06-25,True,,M,480,-1.2445112188132037,0.043912175648702596,1935-06-25
1994-01,OlimpBase historical FIDE list,C:\chenxi\bazi_project\chess\Elo199401e.html,2900238,"Spiridonov, Nikola",g,BUL,M,,2435,11.0,1938-02-28,1938.02.28,True,,798,798.0,756.0,748.0,True,False,,OlimpBase historical FIDE list,C:\chenxi\bazi_project\chess\Elo199401e.html,,758,2900238,1938-02-28,profile_wikidata_agree,north,resolved_unique_birthplace,Q2077346,Q165420,Pleven,43.413188,24.616916,"https://olimpbase.org/Elo/player/S/Spiridonov,%20Nikola.html",1938-02-28,True,,M,480,-1.2445112188132037,0.043912175648702596,1938-02-28
1994-01,OlimpBase historical FIDE list,C:\chenxi\bazi_project\chess\Elo199401e.html,1100068,"Stempin, Pawel",m,POL,M,,2435,0.0,1959-07-13,1959.07.13,True,,809=,809.0,756.0,748.0,True,False,,OlimpBase historical FIDE list,C:\chenxi\bazi_project\chess\Elo199401e.html,,758,1100068,1959-07-13,profile_wikidata_agree,north,resolved_unique_birthplace,Q11814431,Q268,波茲南,52.40833333,16.93361111,"https://olimpbase.org/Elo/player/S/Stempin,%20Pawel.html",1959-07-13,True,,M,480,-1.2445112188132037,0.043912175648702596,1959-07-13
1994-01,OlimpBase historical FIDE list,C:\chenxi\bazi_project\chess\Elo199401e.html,13600664,"Supatashvili, Khvicha",m,GEO,M,,2435,36.0,1969-03-31,1969.03.31,True,,774,774.0,756.0,748.0,True,False,,OlimpBase historical FIDE list,C:\chenxi\bazi_project\chess\Elo199401e.html,,758,13600664,1969-03-31,profile_wikidata_agree,north,resolved_unique_birthplace,Q27532887,Q172415,Kutaisi,42.27166667,42.70555556,"https://olimpbase.org/Elo/player/S/Supatashvili,%20Khvicha.html",1969-03-31,True,,M,480,-1.2445112188132037,0.043912175648702596,1969-03-31
1994-01,OlimpBase historical FIDE list,C:\chenxi\bazi_project\chess\Elo199401e.html,2100053,"Van Riemsdijk, Herman C.",m,BRA,M,,2435,53.0,1948-08-26,1948.08.26,True,,762,762.0,756.0,748.0,True,False,,OlimpBase historical FIDE list,C:\chenxi\bazi_project\chess\Elo199401e.html,,758,2100053,1948-08-26,profile_wikidata_agree,north,resolved_unique_birthplace,Q9291551,Q73221,Tiel,51.8833,5.4333,"https://olimpbase.org/Elo/player/V/Van%20Riemsdijk,%20Herman%20C..html",1948-08-26,True,,M,480,-1.2445112188132037,0.043912175648702596,1948-08-26
1994-01,OlimpBase historical FIDE list,C:\chenxi\bazi_project\chess\Elo199401e.html,4101413,"Zlotnik, Boris A.",m,RUS,M,,2435,9.0,1946-10-15,1946.10.15,True,,802=,802.0,756.0,748.0,True,False,,OlimpBase historical FIDE list,C:\chenxi\bazi_project\chess\Elo199401e.html,,758,4101413,1946-10-15,profile_wikidata_agree,north,resolved_unique_birthplace,Q20995086,Q4973565,Perovo,55.74111111,37.77472222,"https://olimpbase.org/Elo/player/Z/Zlotnik,%20Boris%20A..html",1946-10-15,True,,M,480,-1.2445112188132037,0.043912175648702596,1946-10-15
