date,n_people,Business/Entrepreneurship__n,Business/Entrepreneurship__pct,Film/TV/Acting__n,Film/TV/Acting__pct,Games/Esports__n,Games/Esports__pct,Law__n,Law__pct,Medicine/Health__n,Medicine/Health__pct,Music__n,Music__pct,Politics/Government__n,Politics/Government__pct,Religion__n,Religion__pct,Science/Academia/Engineering__n,Science/Academia/Engineering__pct,Sports athlete/player__n,Sports athlete/player__pct,Visual arts/Design__n,Visual arts/Design__pct,Writing/Journalism__n,Writing/Journalism__pct,year_pillar,month_pillar,day_pillar,year_stem,year_branch,month_stem,month_branch,day_stem,day_branch,pillar_transition_ambiguous,YMD_DAY_HALF_TRINE,YMD_DAY_STEM_COMBINE,YMD_STEM_COMBINE_AND_HALF_TRINE,P4_DAY_HALF_TRINE,P4_FULL_SANHE_ANY,P4_FULL_SANHE_INVOLVES_DAY,P4_DAY_STEM_COMBINE,P4_FULL_DAY_SANHE_AND_STEM_COMBINE,P_HOUR_ADDS_NEW_DAY_HALF_TRINE,P_HOUR_COMPLETES_DAY_SANHE,gregorian_month,weekday
1988-01-01,89,1,1.1235955056179776,7,7.865168539325842,0,0.0,0,0.0,0,0.0,1,1.1235955056179776,1,1.1235955056179776,0,0.0,0,0.0,69,77.52808988764045,0,0.0,2,2.247191011235955,丁卯,壬子,乙卯,丁,卯,壬,子,乙,卯,False,0,0,0,0.16666666666666666,0.0,0.0,0.08333333333333333,0.0,0.16666666666666666,0.0,1,Friday
1988-01-02,55,0,0.0,3,5.454545454545454,1,1.818181818181818,1,1.818181818181818,1,1.818181818181818,3,5.454545454545454,1,1.818181818181818,0,0.0,1,1.818181818181818,43,78.18181818181819,0,0.0,0,0.0,丁卯,壬子,丙辰,丁,卯,壬,子,丙,辰,False,1,0,0,1.0,0.08333333333333333,0.08333333333333333,0.08333333333333333,0.0,0.0,0.08333333333333333,1,Saturday
1988-01-03,45,1,2.2222222222222223,2,4.444444444444445,0,0.0,0,0.0,0,0.0,2,4.444444444444445,0,0.0,0,0.0,0,0.0,33,73.33333333333333,0,0.0,0,0.0,丁卯,壬子,丁巳,丁,卯,壬,子,丁,巳,False,0,1,0,0.16666666666666666,0.0,0.0,1.0,0.0,0.16666666666666666,0.0,1,Sunday
1988-01-04,39,0,0.0,3,7.6923076923076925,0,0.0,0,0.0,0,0.0,1,2.5641025641025643,0,0.0,0,0.0,0,0.0,31,79.48717948717949,0,0.0,1,2.5641025641025643,丁卯,壬子,戊午,丁,卯,壬,子,戊,午,False,0,0,0,0.16666666666666666,0.0,0.0,0.16666666666666666,0.0,0.16666666666666666,0.0,1,Monday
1988-01-05,58,0,0.0,5,8.620689655172415,0,0.0,0,0.0,0,0.0,3,5.172413793103448,1,1.7241379310344829,0,0.0,0,0.0,43,74.13793103448276,0,0.0,2,3.4482758620689653,丁卯,壬子,己未,丁,卯,壬,子,己,未,False,1,0,0,1.0,0.08333333333333333,0.08333333333333333,0.16666666666666666,0.0,0.0,0.08333333333333333,1,Tuesday
1988-01-06,58,0,0.0,7,12.06896551724138,0,0.0,0,0.0,0,0.0,2,3.4482758620689653,1,1.7241379310344829,0,0.0,0,0.0,45,77.58620689655173,2,3.4482758620689653,0,0.0,丁卯,癸丑,庚申,丁,卯,癸,丑,庚,申,True,0,0,0,0.16666666666666666,0.0,0.0,0.08333333333333333,0.0,0.16666666666666666,0.0,1,Wednesday
1988-01-07,51,1,1.96078431372549,6,11.764705882352942,0,0.0,0,0.0,0,0.0,4,7.84313725490196,1,1.96078431372549,0,0.0,1,1.96078431372549,38,74.50980392156863,0,0.0,1,1.96078431372549,丁卯,癸丑,辛酉,丁,卯,癸,丑,辛,酉,False,1,0,0,1.0,0.08333333333333333,0.08333333333333333,0.08333333333333333,0.0,0.0,0.08333333333333333,1,Thursday
1988-01-08,48,0,0.0,3,6.25,2,4.166666666666667,0,0.0,0,0.0,1,2.083333333333333,0,0.0,0,0.0,1,2.083333333333333,40,83.33333333333333,0,0.0,0,0.0,丁卯,癸丑,壬戌,丁,卯,癸,丑,壬,戌,False,0,1,0,0.16666666666666666,0.0,0.0,1.0,0.0,0.16666666666666666,0.0,1,Friday
1988-01-09,47,0,0.0,4,8.51063829787234,1,2.127659574468085,0,0.0,0,0.0,3,6.382978723404255,5,10.638297872340424,0,0.0,0,0.0,29,61.70212765957447,0,0.0,0,0.0,丁卯,癸丑,癸亥,丁,卯,癸,丑,癸,亥,False,1,0,0,1.0,0.08333333333333333,0.08333333333333333,0.08333333333333333,0.0,0.0,0.08333333333333333,1,Saturday
1988-01-10,51,0,0.0,3,5.882352941176471,0,0.0,0,0.0,0,0.0,2,3.92156862745098,2,3.92156862745098,0,0.0,0,0.0,40,78.43137254901961,1,1.96078431372549,2,3.92156862745098,丁卯,癸丑,甲子,丁,卯,癸,丑,甲,子,False,0,0,0,0.16666666666666666,0.0,0.0,0.08333333333333333,0.0,0.16666666666666666,0.0,1,Sunday
1988-01-11,43,1,2.3255813953488373,2,4.651162790697675,1,2.3255813953488373,0,0.0,0,0.0,1,2.3255813953488373,1,2.3255813953488373,0,0.0,0,0.0,34,79.06976744186046,0,0.0,0,0.0,丁卯,癸丑,乙丑,丁,卯,癸,丑,乙,丑,False,0,0,0,0.16666666666666666,0.0,0.0,0.08333333333333333,0.0,0.16666666666666666,0.0,1,Monday
1988-01-12,57,1,1.7543859649122806,2,3.508771929824561,0,0.0,0,0.0,0,0.0,4,7.017543859649122,1,1.7543859649122806,0,0.0,0,0.0,46,80.70175438596492,1,1.7543859649122806,0,0.0,丁卯,癸丑,丙寅,丁,卯,癸,丑,丙,寅,False,0,0,0,0.16666666666666666,0.0,0.0,0.08333333333333333,0.0,0.16666666666666666,0.0,1,Tuesday
1988-01-13,54,0,0.0,4,7.407407407407407,1,1.851851851851852,0,0.0,0,0.0,4,7.407407407407407,2,3.703703703703704,0,0.0,1,1.851851851851852,39,72.22222222222223,0,0.0,0,0.0,丁卯,癸丑,丁卯,丁,卯,癸,丑,丁,卯,False,0,0,0,0.16666666666666666,0.0,0.0,0.08333333333333333,0.0,0.16666666666666666,0.0,1,Wednesday
1988-01-14,68,0,0.0,9,13.235294117647058,0,0.0,0,0.0,0,0.0,3,4.411764705882353,1,1.4705882352941178,0,0.0,0,0.0,49,72.05882352941177,1,1.4705882352941178,0,0.0,丁卯,癸丑,戊辰,丁,卯,癸,丑,戊,辰,False,0,1,0,0.16666666666666666,0.0,0.0,1.0,0.0,0.16666666666666666,0.0,1,Thursday
1988-01-15,49,1,2.0408163265306123,3,6.122448979591836,0,0.0,0,0.0,0,0.0,4,8.16326530612245,1,2.0408163265306123,0,0.0,2,4.081632653061225,37,75.51020408163265,1,2.0408163265306123,2,4.081632653061225,丁卯,癸丑,己巳,丁,卯,癸,丑,己,巳,False,1,0,0,1.0,0.08333333333333333,0.08333333333333333,0.16666666666666666,0.0,0.0,0.08333333333333333,1,Friday
1988-01-16,45,2,4.444444444444445,4,8.88888888888889,0,0.0,0,0.0,0,0.0,3,6.666666666666667,1,2.2222222222222223,0,0.0,0,0.0,32,71.11111111111111,0,0.0,3,6.666666666666667,丁卯,癸丑,庚午,丁,卯,癸,丑,庚,午,False,0,0,0,0.16666666666666666,0.0,0.0,0.08333333333333333,0.0,0.16666666666666666,0.0,1,Saturday
1988-01-17,48,0,0.0,2,4.166666666666667,0,0.0,0,0.0,0,0.0,1,2.083333333333333,2,4.166666666666667,0,0.0,0,0.0,35,72.91666666666667,1,2.083333333333333,1,2.083333333333333,丁卯,癸丑,辛未,丁,卯,癸,丑,辛,未,False,1,0,0,1.0,0.08333333333333333,0.08333333333333333,0.08333333333333333,0.0,0.0,0.08333333333333333,1,Sunday
1988-01-18,56,0,0.0,8,14.285714285714286,0,0.0,0,0.0,0,0.0,6,10.714285714285714,0,0.0,0,0.0,0,0.0,45,80.35714285714286,0,0.0,0,0.0,丁卯,癸丑,壬申,丁,卯,癸,丑,壬,申,False,0,1,0,0.16666666666666666,0.0,0.0,1.0,0.0,0.16666666666666666,0.0,1,Monday
1988-01-19,47,0,0.0,4,8.51063829787234,1,2.127659574468085,0,0.0,0,0.0,3,6.382978723404255,1,2.127659574468085,0,0.0,0,0.0,37,78.72340425531915,0,0.0,0,0.0,丁卯,癸丑,癸酉,丁,卯,癸,丑,癸,酉,False,1,0,0,1.0,0.08333333333333333,0.08333333333333333,0.08333333333333333,0.0,0.0,0.08333333333333333,1,Tuesday
1988-01-20,56,0,0.0,2,3.571428571428572,0,0.0,0,0.0,0,0.0,0,0.0,2,3.571428571428572,0,0.0,0,0.0,48,85.71428571428571,0,0.0,1,1.7857142857142858,丁卯,癸丑,甲戌,丁,卯,癸,丑,甲,戌,False,0,0,0,0.16666666666666666,0.0,0.0,0.08333333333333333,0.0,0.16666666666666666,0.0,1,Wednesday
1988-01-21,57,0,0.0,8,14.035087719298245,0,0.0,0,0.0,0,0.0,4,7.017543859649122,3,5.2631578947368425,0,0.0,0,0.0,41,71.9298245614035,0,0.0,2,3.508771929824561,丁卯,癸丑,乙亥,丁,卯,癸,丑,乙,亥,False,1,0,0,1.0,0.08333333333333333,0.08333333333333333,0.08333333333333333,0.0,0.0,0.08333333333333333,1,Thursday
1988-01-22,59,0,0.0,4,6.779661016949152,0,0.0,2,3.389830508474576,0,0.0,4,6.779661016949152,1,1.694915254237288,0,0.0,1,1.694915254237288,48,81.35593220338983,1,1.694915254237288,2,3.389830508474576,丁卯,癸丑,丙子,丁,卯,癸,丑,丙,子,False,0,0,0,0.16666666666666666,0.0,0.0,0.08333333333333333,0.0,0.16666666666666666,0.0,1,Friday
1988-01-23,44,1,2.272727272727273,3,6.818181818181818,0,0.0,0,0.0,0,0.0,1,2.272727272727273,3,6.818181818181818,0,0.0,0,0.0,36,81.81818181818181,1,2.272727272727273,1,2.272727272727273,丁卯,癸丑,丁丑,丁,卯,癸,丑,丁,丑,False,0,0,0,0.16666666666666666,0.0,0.0,0.08333333333333333,0.0,0.16666666666666666,0.0,1,Saturday
1988-01-24,39,0,0.0,1,2.5641025641025643,0,0.0,0,0.0,1,2.5641025641025643,4,10.256410256410255,0,0.0,0,0.0,0,0.0,30,76.92307692307692,0,0.0,0,0.0,丁卯,癸丑,戊寅,丁,卯,癸,丑,戊,寅,False,0,1,0,0.16666666666666666,0.0,0.0,1.0,0.0,0.16666666666666666,0.0,1,Sunday
1988-01-25,36,0,0.0,3,8.333333333333334,0,0.0,0,0.0,0,0.0,2,5.555555555555555,1,2.7777777777777777,0,0.0,0,0.0,29,80.55555555555556,0,0.0,1,2.7777777777777777,丁卯,癸丑,己卯,丁,卯,癸,丑,己,卯,False,0,0,0,0.16666666666666666,0.0,0.0,0.16666666666666666,0.0,0.16666666666666666,0.0,1,Monday
1988-01-26,42,0,0.0,2,4.761904761904762,0,0.0,0,0.0,0,0.0,3,7.142857142857143,1,2.380952380952381,0,0.0,0,0.0,32,76.19047619047619,2,4.761904761904762,2,4.761904761904762,丁卯,癸丑,庚辰,丁,卯,癸,丑,庚,辰,False,0,0,0,0.16666666666666666,0.0,0.0,0.08333333333333333,0.0,0.16666666666666666,0.0,1,Tuesday
1988-01-27,41,0,0.0,8,19.51219512195122,0,0.0,0,0.0,0,0.0,2,4.878048780487805,1,2.4390243902439024,0,0.0,0,0.0,28,68.29268292682927,1,2.4390243902439024,1,2.4390243902439024,丁卯,癸丑,辛巳,丁,卯,癸,丑,辛,巳,False,1,0,0,1.0,0.08333333333333333,0.08333333333333333,0.08333333333333333,0.0,0.0,0.08333333333333333,1,Wednesday
1988-01-28,46,1,2.1739130434782608,4,8.695652173913043,0,0.0,0,0.0,0,0.0,3,6.521739130434782,3,6.521739130434782,0,0.0,2,4.3478260869565215,30,65.21739130434783,2,4.3478260869565215,5,10.869565217391305,丁卯,癸丑,壬午,丁,卯,癸,丑,壬,午,False,0,1,0,0.16666666666666666,0.0,0.0,1.0,0.0,0.16666666666666666,0.0,1,Thursday
1988-01-29,65,0,0.0,5,7.6923076923076925,0,0.0,0,0.0,0,0.0,5,7.6923076923076925,1,1.5384615384615383,0,0.0,0,0.0,50,76.92307692307692,1,1.5384615384615383,3,4.615384615384615,丁卯,癸丑,癸未,丁,卯,癸,丑,癸,未,False,1,0,0,1.0,0.08333333333333333,0.08333333333333333,0.08333333333333333,0.0,0.0,0.08333333333333333,1,Friday
1988-01-30,46,0,0.0,6,13.043478260869565,0,0.0,0,0.0,0,0.0,1,2.1739130434782608,1,2.1739130434782608,0,0.0,1,2.1739130434782608,36,78.26086956521739,0,0.0,2,4.3478260869565215,丁卯,癸丑,甲申,丁,卯,癸,丑,甲,申,False,0,0,0,0.16666666666666666,0.0,0.0,0.08333333333333333,0.0,0.16666666666666666,0.0,1,Saturday
1988-01-31,48,0,0.0,2,4.166666666666667,0,0.0,1,2.083333333333333,0,0.0,4,8.333333333333334,2,4.166666666666667,0,0.0,1,2.083333333333333,33,68.75,2,4.166666666666667,2,4.166666666666667,丁卯,癸丑,乙酉,丁,卯,癸,丑,乙,酉,False,1,0,0,1.0,0.08333333333333333,0.08333333333333333,0.08333333333333333,0.0,0.0,0.08333333333333333,1,Sunday
1988-02-01,48,0,0.0,5,10.416666666666666,0,0.0,0,0.0,0,0.0,1,2.083333333333333,0,0.0,0,0.0,0,0.0,36,75.0,0,0.0,1,2.083333333333333,丁卯,癸丑,丙戌,丁,卯,癸,丑,丙,戌,False,0,0,0,0.16666666666666666,0.0,0.0,0.08333333333333333,0.0,0.16666666666666666,0.0,2,Monday
1988-02-02,59,0,0.0,5,8.474576271186441,1,1.694915254237288,1,1.694915254237288,0,0.0,1,1.694915254237288,0,0.0,0,0.0,1,1.694915254237288,43,72.88135593220339,1,1.694915254237288,1,1.694915254237288,丁卯,癸丑,丁亥,丁,卯,癸,丑,丁,亥,False,1,0,0,1.0,0.08333333333333333,0.08333333333333333,0.08333333333333333,0.0,0.0,0.08333333333333333,2,Tuesday
1988-02-03,38,0,0.0,4,10.526315789473683,1,2.631578947368421,1,2.631578947368421,0,0.0,3,7.894736842105263,1,2.631578947368421,0,0.0,0,0.0,31,81.57894736842105,1,2.631578947368421,1,2.631578947368421,丁卯,癸丑,戊子,丁,卯,癸,丑,戊,子,False,0,1,0,0.16666666666666666,0.0,0.0,1.0,0.0,0.16666666666666666,0.0,2,Wednesday
1988-02-04,51,0,0.0,2,3.92156862745098,0,0.0,0,0.0,0,0.0,2,3.92156862745098,1,1.96078431372549,0,0.0,0,0.0,39,76.47058823529412,1,1.96078431372549,2,3.92156862745098,丁卯,癸丑,己丑,丁,卯,癸,丑,己,丑,False,0,0,0,0.16666666666666666,0.0,0.0,0.16666666666666666,0.0,0.16666666666666666,0.0,2,Thursday
1988-02-05,65,0,0.0,6,9.23076923076923,3,4.615384615384615,0,0.0,0,0.0,4,6.153846153846154,0,0.0,0,0.0,0,0.0,51,78.46153846153847,0,0.0,0,0.0,戊辰,甲寅,庚寅,戊,辰,甲,寅,庚,寅,False,0,0,0,0.16666666666666666,0.0,0.0,0.08333333333333333,0.0,0.16666666666666666,0.0,2,Friday
1988-02-06,45,0,0.0,6,13.333333333333334,0,0.0,0,0.0,0,0.0,4,8.88888888888889,0,0.0,0,0.0,1,2.2222222222222223,30,66.66666666666667,0,0.0,0,0.0,戊辰,甲寅,辛卯,戊,辰,甲,寅,辛,卯,False,0,0,0,0.16666666666666666,0.0,0.0,0.08333333333333333,0.0,0.16666666666666666,0.0,2,Saturday
1988-02-07,46,0,0.0,1,2.1739130434782608,0,0.0,0,0.0,0,0.0,5,10.869565217391305,1,2.1739130434782608,0,0.0,0,0.0,37,80.43478260869566,0,0.0,0,0.0,戊辰,甲寅,壬辰,戊,辰,甲,寅,壬,辰,False,0,0,0,0.16666666666666666,0.0,0.0,0.08333333333333333,0.0,0.16666666666666666,0.0,2,Sunday
1988-02-08,65,0,0.0,10,15.384615384615383,2,3.076923076923077,2,3.076923076923077,0,0.0,6,9.23076923076923,6,9.23076923076923,0,0.0,0,0.0,40,61.53846153846154,0,0.0,1,1.5384615384615383,戊辰,甲寅,癸巳,戊,辰,甲,寅,癸,巳,False,0,1,0,0.16666666666666666,0.0,0.0,1.0,0.0,0.16666666666666666,0.0,2,Monday
1988-02-09,49,0,0.0,2,4.081632653061225,0,0.0,0,0.0,0,0.0,1,2.0408163265306123,3,6.122448979591836,0,0.0,0,0.0,37,75.51020408163265,0,0.0,1,2.0408163265306123,戊辰,甲寅,甲午,戊,辰,甲,寅,甲,午,False,1,0,0,1.0,0.08333333333333333,0.08333333333333333,0.08333333333333333,0.0,0.0,0.08333333333333333,2,Tuesday
1988-02-10,44,0,0.0,4,9.090909090909092,0,0.0,1,2.272727272727273,0,0.0,2,4.545454545454546,4,9.090909090909092,0,0.0,1,2.272727272727273,30,68.18181818181819,1,2.272727272727273,0,0.0,戊辰,甲寅,乙未,戊,辰,甲,寅,乙,未,False,0,0,0,0.16666666666666666,0.0,0.0,0.08333333333333333,0.0,0.16666666666666666,0.0,2,Wednesday
1988-02-11,62,1,1.6129032258064515,4,6.451612903225806,0,0.0,0,0.0,0,0.0,6,9.67741935483871,2,3.225806451612903,0,0.0,1,1.6129032258064515,44,70.96774193548387,1,1.6129032258064515,0,0.0,戊辰,甲寅,丙申,戊,辰,甲,寅,丙,申,False,1,0,0,1.0,0.08333333333333333,0.08333333333333333,0.08333333333333333,0.0,0.0,0.08333333333333333,2,Thursday
1988-02-12,51,1,1.96078431372549,3,5.882352941176471,0,0.0,0,0.0,0,0.0,2,3.92156862745098,0,0.0,0,0.0,0,0.0,43,84.31372549019608,0,0.0,1,1.96078431372549,戊辰,甲寅,丁酉,戊,辰,甲,寅,丁,酉,False,0,0,0,0.16666666666666666,0.0,0.0,0.08333333333333333,0.0,0.16666666666666666,0.0,2,Friday
1988-02-13,45,0,0.0,8,17.77777777777778,1,2.2222222222222223,1,2.2222222222222223,0,0.0,2,4.444444444444445,4,8.88888888888889,0,0.0,2,4.444444444444445,28,62.22222222222222,1,2.2222222222222223,1,2.2222222222222223,戊辰,甲寅,戊戌,戊,辰,甲,寅,戊,戌,False,1,0,0,1.0,0.08333333333333333,0.08333333333333333,0.16666666666666666,0.0,0.0,0.08333333333333333,2,Saturday
1988-02-14,53,0,0.0,3,5.660377358490566,1,1.8867924528301887,0,0.0,0,0.0,3,5.660377358490566,3,5.660377358490566,0,0.0,0,0.0,43,81.13207547169812,0,0.0,0,0.0,戊辰,甲寅,己亥,戊,辰,甲,寅,己,亥,False,0,1,0,0.16666666666666666,0.0,0.0,1.0,0.0,0.16666666666666666,0.0,2,Sunday
1988-02-15,65,0,0.0,5,7.6923076923076925,0,0.0,0,0.0,0,0.0,3,4.615384615384615,1,1.5384615384615383,0,0.0,0,0.0,52,80.0,1,1.5384615384615383,1,1.5384615384615383,戊辰,甲寅,庚子,戊,辰,甲,寅,庚,子,False,1,0,0,1.0,0.08333333333333333,0.08333333333333333,0.08333333333333333,0.0,0.0,0.08333333333333333,2,Monday
1988-02-16,45,0,0.0,5,11.11111111111111,0,0.0,0,0.0,0,0.0,2,4.444444444444445,1,2.2222222222222223,0,0.0,0,0.0,36,80.0,0,0.0,0,0.0,戊辰,甲寅,辛丑,戊,辰,甲,寅,辛,丑,False,0,0,0,0.16666666666666666,0.0,0.0,0.08333333333333333,0.0,0.16666666666666666,0.0,2,Tuesday
1988-02-17,43,0,0.0,3,6.976744186046512,1,2.3255813953488373,0,0.0,0,0.0,4,9.30232558139535,3,6.976744186046512,0,0.0,1,2.3255813953488373,30,69.76744186046511,0,0.0,1,2.3255813953488373,戊辰,甲寅,壬寅,戊,辰,甲,寅,壬,寅,False,0,0,0,0.16666666666666666,0.0,0.0,0.08333333333333333,0.0,0.16666666666666666,0.0,2,Wednesday
1988-02-18,63,0,0.0,8,12.698412698412698,1,1.5873015873015872,0,0.0,0,0.0,5,7.936507936507937,0,0.0,0,0.0,0,0.0,47,74.60317460317461,0,0.0,1,1.5873015873015872,戊辰,甲寅,癸卯,戊,辰,甲,寅,癸,卯,False,0,1,0,0.16666666666666666,0.0,0.0,1.0,0.0,0.16666666666666666,0.0,2,Thursday
1988-02-19,46,0,0.0,7,15.217391304347826,1,2.1739130434782608,0,0.0,0,0.0,4,8.695652173913043,1,2.1739130434782608,0,0.0,0,0.0,35,76.08695652173913,0,0.0,0,0.0,戊辰,甲寅,甲辰,戊,辰,甲,寅,甲,辰,False,0,0,0,0.16666666666666666,0.0,0.0,0.08333333333333333,0.0,0.16666666666666666,0.0,2,Friday
1988-02-20,51,2,3.92156862745098,5,9.803921568627452,0,0.0,0,0.0,0,0.0,5,9.803921568627452,1,1.96078431372549,0,0.0,0,0.0,38,74.50980392156863,0,0.0,1,1.96078431372549,戊辰,甲寅,乙巳,戊,辰,甲,寅,乙,巳,False,0,0,0,0.16666666666666666,0.0,0.0,0.08333333333333333,0.0,0.16666666666666666,0.0,2,Saturday
1988-02-21,40,0,0.0,3,7.5,0,0.0,0,0.0,0,0.0,2,5.0,0,0.0,0,0.0,0,0.0,34,85.0,0,0.0,0,0.0,戊辰,甲寅,丙午,戊,辰,甲,寅,丙,午,False,1,0,0,1.0,0.08333333333333333,0.08333333333333333,0.08333333333333333,0.0,0.0,0.08333333333333333,2,Sunday
1988-02-22,55,1,1.818181818181818,6,10.909090909090908,0,0.0,0,0.0,0,0.0,5,9.090909090909092,2,3.636363636363636,0,0.0,0,0.0,41,74.54545454545455,1,1.818181818181818,0,0.0,戊辰,甲寅,丁未,戊,辰,甲,寅,丁,未,False,0,0,0,0.16666666666666666,0.0,0.0,0.08333333333333333,0.0,0.16666666666666666,0.0,2,Monday
1988-02-23,51,0,0.0,4,7.84313725490196,0,0.0,1,1.96078431372549,0,0.0,2,3.92156862745098,1,1.96078431372549,0,0.0,0,0.0,38,74.50980392156863,0,0.0,0,0.0,戊辰,甲寅,戊申,戊,辰,甲,寅,戊,申,False,1,0,0,1.0,0.08333333333333333,0.08333333333333333,0.16666666666666666,0.0,0.0,0.08333333333333333,2,Tuesday
1988-02-24,55,0,0.0,3,5.454545454545454,0,0.0,0,0.0,0,0.0,2,3.636363636363636,1,1.818181818181818,0,0.0,2,3.636363636363636,44,80.0,0,0.0,0,0.0,戊辰,甲寅,己酉,戊,辰,甲,寅,己,酉,False,0,1,0,0.16666666666666666,0.0,0.0,1.0,0.0,0.16666666666666666,0.0,2,Wednesday
1988-02-25,56,0,0.0,5,8.928571428571429,0,0.0,0,0.0,0,0.0,9,16.071428571428573,1,1.7857142857142858,0,0.0,0,0.0,41,73.21428571428571,1,1.7857142857142858,1,1.7857142857142858,戊辰,甲寅,庚戌,戊,辰,甲,寅,庚,戌,False,1,0,0,1.0,0.08333333333333333,0.08333333333333333,0.08333333333333333,0.0,0.0,0.08333333333333333,2,Thursday
1988-02-26,58,0,0.0,6,10.344827586206897,0,0.0,0,0.0,0,0.0,3,5.172413793103448,1,1.7241379310344829,0,0.0,1,1.7241379310344829,42,72.41379310344827,0,0.0,2,3.4482758620689653,戊辰,甲寅,辛亥,戊,辰,甲,寅,辛,亥,False,0,0,0,0.16666666666666666,0.0,0.0,0.08333333333333333,0.0,0.16666666666666666,0.0,2,Friday
1988-02-27,31,0,0.0,0,0.0,0,0.0,0,0.0,0,0.0,1,3.225806451612903,1,3.225806451612903,0,0.0,0,0.0,24,77.41935483870968,1,3.225806451612903,0,0.0,戊辰,甲寅,壬子,戊,辰,甲,寅,壬,子,False,1,0,0,1.0,0.08333333333333333,0.08333333333333333,0.08333333333333333,0.0,0.0,0.08333333333333333,2,Saturday
1988-02-28,41,0,0.0,3,7.317073170731708,1,2.4390243902439024,0,0.0,0,0.0,2,4.878048780487805,0,0.0,0,0.0,0,0.0,36,87.8048780487805,0,0.0,0,0.0,戊辰,甲寅,癸丑,戊,辰,甲,寅,癸,丑,False,0,1,0,0.16666666666666666,0.0,0.0,1.0,0.0,0.16666666666666666,0.0,2,Sunday
1988-02-29,40,1,2.5,3,7.5,0,0.0,0,0.0,0,0.0,2,5.0,3,7.5,0,0.0,0,0.0,28,70.0,1,2.5,2,5.0,戊辰,甲寅,甲寅,戊,辰,甲,寅,甲,寅,False,0,0,0,0.16666666666666666,0.0,0.0,0.08333333333333333,0.0,0.16666666666666666,0.0,2,Monday
1988-03-01,54,0,0.0,2,3.703703703703704,0,0.0,0,0.0,1,1.851851851851852,1,1.851851851851852,1,1.851851851851852,0,0.0,2,3.703703703703704,41,75.92592592592592,0,0.0,1,1.851851851851852,戊辰,甲寅,乙卯,戊,辰,甲,寅,乙,卯,False,0,0,0,0.16666666666666666,0.0,0.0,0.08333333333333333,0.0,0.16666666666666666,0.0,3,Tuesday
1988-03-02,58,1,1.7241379310344829,7,12.06896551724138,0,0.0,0,0.0,1,1.7241379310344829,3,5.172413793103448,1,1.7241379310344829,0,0.0,0,0.0,39,67.24137931034483,0,0.0,1,1.7241379310344829,戊辰,甲寅,丙辰,戊,辰,甲,寅,丙,辰,False,0,0,0,0.16666666666666666,0.0,0.0,0.08333333333333333,0.0,0.16666666666666666,0.0,3,Wednesday
1988-03-03,55,0,0.0,3,5.454545454545454,1,1.818181818181818,0,0.0,0,0.0,0,0.0,0,0.0,0,0.0,0,0.0,47,85.45454545454545,1,1.818181818181818,0,0.0,戊辰,甲寅,丁巳,戊,辰,甲,寅,丁,巳,False,0,0,0,0.16666666666666666,0.0,0.0,0.08333333333333333,0.0,0.16666666666666666,0.0,3,Thursday
1988-03-04,55,0,0.0,6,10.909090909090908,0,0.0,0,0.0,1,1.818181818181818,4,7.272727272727272,1,1.818181818181818,0,0.0,0,0.0,42,76.36363636363636,0,0.0,1,1.818181818181818,戊辰,甲寅,戊午,戊,辰,甲,寅,戊,午,False,1,0,0,1.0,0.08333333333333333,0.08333333333333333,0.16666666666666666,0.0,0.0,0.08333333333333333,3,Friday
1988-03-05,51,0,0.0,2,3.92156862745098,0,0.0,0,0.0,0,0.0,4,7.84313725490196,2,3.92156862745098,0,0.0,0,0.0,41,80.3921568627451,0,0.0,2,3.92156862745098,戊辰,甲寅,己未,戊,辰,甲,寅,己,未,True,0,1,0,0.16666666666666666,0.0,0.0,1.0,0.0,0.16666666666666666,0.0,3,Saturday
1988-03-06,45,0,0.0,3,6.666666666666667,1,2.2222222222222223,0,0.0,0,0.0,3,6.666666666666667,1,2.2222222222222223,0,0.0,0,0.0,30,66.66666666666667,0,0.0,1,2.2222222222222223,戊辰,乙卯,庚申,戊,辰,乙,卯,庚,申,False,1,1,1,1.0,0.08333333333333333,0.08333333333333333,1.0,0.08333333333333333,0.0,0.08333333333333333,3,Sunday
1988-03-07,45,0,0.0,3,6.666666666666667,0,0.0,0,0.0,0,0.0,3,6.666666666666667,0,0.0,0,0.0,0,0.0,36,80.0,0,0.0,1,2.2222222222222223,戊辰,乙卯,辛酉,戊,辰,乙,卯,辛,酉,False,0,0,0,0.16666666666666666,0.0,0.0,0.08333333333333333,0.0,0.16666666666666666,0.0,3,Monday
1988-03-08,50,0,0.0,2,4.0,0,0.0,0,0.0,0,0.0,8,16.0,1,2.0,0,0.0,2,4.0,38,76.0,0,0.0,5,10.0,戊辰,乙卯,壬戌,戊,辰,乙,卯,壬,戌,False,0,0,0,0.16666666666666666,0.0,0.0,0.08333333333333333,0.0,0.16666666666666666,0.0,3,Tuesday
1988-03-09,43,0,0.0,2,4.651162790697675,0,0.0,0,0.0,0,0.0,1,2.3255813953488373,0,0.0,0,0.0,0,0.0,34,79.06976744186046,1,2.3255813953488373,0,0.0,戊辰,乙卯,癸亥,戊,辰,乙,卯,癸,亥,False,1,1,1,1.0,0.08333333333333333,0.08333333333333333,1.0,0.08333333333333333,0.0,0.08333333333333333,3,Wednesday
1988-03-10,58,2,3.4482758620689653,5,8.620689655172415,0,0.0,0,0.0,0,0.0,4,6.896551724137931,2,3.4482758620689653,0,0.0,1,1.7241379310344829,46,79.3103448275862,0,0.0,2,3.4482758620689653,戊辰,乙卯,甲子,戊,辰,乙,卯,甲,子,False,1,0,0,1.0,0.08333333333333333,0.08333333333333333,0.08333333333333333,0.0,0.0,0.08333333333333333,3,Thursday
1988-03-11,44,0,0.0,1,2.272727272727273,1,2.272727272727273,0,0.0,0,0.0,4,9.090909090909092,0,0.0,0,0.0,1,2.272727272727273,34,77.27272727272727,0,0.0,0,0.0,戊辰,乙卯,乙丑,戊,辰,乙,卯,乙,丑,False,0,0,0,0.16666666666666666,0.0,0.0,0.08333333333333333,0.0,0.16666666666666666,0.0,3,Friday
1988-03-12,42,1,2.380952380952381,1,2.380952380952381,1,2.380952380952381,0,0.0,0,0.0,2,4.761904761904762,2,4.761904761904762,0,0.0,0,0.0,33,78.57142857142857,1,2.380952380952381,0,0.0,戊辰,乙卯,丙寅,戊,辰,乙,卯,丙,寅,False,0,0,0,0.16666666666666666,0.0,0.0,0.08333333333333333,0.0,0.16666666666666666,0.0,3,Saturday
1988-03-13,34,0,0.0,2,5.882352941176471,0,0.0,0,0.0,0,0.0,1,2.9411764705882355,1,2.9411764705882355,0,0.0,1,2.9411764705882355,23,67.6470588235294,0,0.0,0,0.0,戊辰,乙卯,丁卯,戊,辰,乙,卯,丁,卯,False,0,0,0,0.16666666666666666,0.0,0.0,0.08333333333333333,0.0,0.16666666666666666,0.0,3,Sunday
1988-03-14,48,0,0.0,4,8.333333333333334,0,0.0,0,0.0,0,0.0,2,4.166666666666667,3,6.25,0,0.0,0,0.0,38,79.16666666666667,1,2.083333333333333,2,4.166666666666667,戊辰,乙卯,戊辰,戊,辰,乙,卯,戊,辰,False,0,0,0,0.16666666666666666,0.0,0.0,0.16666666666666666,0.0,0.16666666666666666,0.0,3,Monday
1988-03-15,55,0,0.0,8,14.545454545454543,1,1.818181818181818,0,0.0,0,0.0,5,9.090909090909092,5,9.090909090909092,0,0.0,1,1.818181818181818,36,65.45454545454545,1,1.818181818181818,2,3.636363636363636,戊辰,乙卯,己巳,戊,辰,乙,卯,己,巳,False,0,0,0,0.16666666666666666,0.0,0.0,0.16666666666666666,0.0,0.16666666666666666,0.0,3,Tuesday
1988-03-16,42,0,0.0,3,7.142857142857143,0,0.0,0,0.0,0,0.0,3,7.142857142857143,1,2.380952380952381,0,0.0,0,0.0,34,80.95238095238095,0,0.0,0,0.0,戊辰,乙卯,庚午,戊,辰,乙,卯,庚,午,False,0,1,0,0.16666666666666666,0.0,0.0,1.0,0.0,0.16666666666666666,0.0,3,Wednesday
1988-03-17,56,0,0.0,2,3.571428571428572,0,0.0,0,0.0,0,0.0,4,7.142857142857143,3,5.357142857142857,0,0.0,0,0.0,41,73.21428571428571,2,3.571428571428572,2,3.571428571428572,戊辰,乙卯,辛未,戊,辰,乙,卯,辛,未,False,1,0,0,1.0,0.08333333333333333,0.08333333333333333,0.08333333333333333,0.0,0.0,0.08333333333333333,3,Thursday
1988-03-18,39,0,0.0,5,12.82051282051282,0,0.0,0,0.0,0,0.0,5,12.82051282051282,0,0.0,0,0.0,0,0.0,29,74.35897435897436,1,2.5641025641025643,0,0.0,戊辰,乙卯,壬申,戊,辰,乙,卯,壬,申,False,1,0,0,1.0,0.08333333333333333,0.08333333333333333,0.08333333333333333,0.0,0.0,0.08333333333333333,3,Friday
1988-03-19,31,0,0.0,2,6.451612903225806,0,0.0,0,0.0,0,0.0,2,6.451612903225806,1,3.225806451612903,0,0.0,0,0.0,25,80.64516129032258,0,0.0,0,0.0,戊辰,乙卯,癸酉,戊,辰,乙,卯,癸,酉,False,0,1,0,0.16666666666666666,0.0,0.0,1.0,0.0,0.16666666666666666,0.0,3,Saturday
1988-03-20,42,0,0.0,4,9.523809523809524,0,0.0,0,0.0,0,0.0,3,7.142857142857143,0,0.0,0,0.0,0,0.0,32,76.19047619047619,1,2.380952380952381,1,2.380952380952381,戊辰,乙卯,甲戌,戊,辰,乙,卯,甲,戌,False,0,0,0,0.16666666666666666,0.0,0.0,0.08333333333333333,0.0,0.16666666666666666,0.0,3,Sunday
1988-03-21,45,1,2.2222222222222223,1,2.2222222222222223,0,0.0,0,0.0,0,0.0,2,4.444444444444445,1,2.2222222222222223,0,0.0,0,0.0,33,73.33333333333333,0,0.0,0,0.0,戊辰,乙卯,乙亥,戊,辰,乙,卯,乙,亥,False,1,0,0,1.0,0.08333333333333333,0.08333333333333333,0.08333333333333333,0.0,0.0,0.08333333333333333,3,Monday
1988-03-22,48,0,0.0,8,16.666666666666668,0,0.0,0,0.0,0,0.0,2,4.166666666666667,0,0.0,0,0.0,0,0.0,34,70.83333333333333,0,0.0,2,4.166666666666667,戊辰,乙卯,丙子,戊,辰,乙,卯,丙,子,False,1,0,0,1.0,0.08333333333333333,0.08333333333333333,0.08333333333333333,0.0,0.0,0.08333333333333333,3,Tuesday
1988-03-23,57,0,0.0,0,0.0,0,0.0,0,0.0,0,0.0,1,1.7543859649122806,1,1.7543859649122806,0,0.0,0,0.0,50,87.71929824561404,0,0.0,1,1.7543859649122806,戊辰,乙卯,丁丑,戊,辰,乙,卯,丁,丑,False,0,0,0,0.16666666666666666,0.0,0.0,0.08333333333333333,0.0,0.16666666666666666,0.0,3,Wednesday
1988-03-24,49,0,0.0,5,10.20408163265306,1,2.0408163265306123,0,0.0,0,0.0,2,4.081632653061225,2,4.081632653061225,0,0.0,0,0.0,34,69.38775510204081,1,2.0408163265306123,1,2.0408163265306123,戊辰,乙卯,戊寅,戊,辰,乙,卯,戊,寅,False,0,0,0,0.16666666666666666,0.0,0.0,0.16666666666666666,0.0,0.16666666666666666,0.0,3,Thursday
1988-03-25,43,0,0.0,5,11.627906976744184,0,0.0,0,0.0,0,0.0,6,13.953488372093023,0,0.0,0,0.0,0,0.0,31,72.09302325581395,0,0.0,0,0.0,戊辰,乙卯,己卯,戊,辰,乙,卯,己,卯,False,0,0,0,0.16666666666666666,0.0,0.0,0.16666666666666666,0.0,0.16666666666666666,0.0,3,Friday
1988-03-26,47,0,0.0,6,12.76595744680851,0,0.0,0,0.0,0,0.0,0,0.0,3,6.382978723404255,0,0.0,0,0.0,35,74.46808510638297,1,2.127659574468085,1,2.127659574468085,戊辰,乙卯,庚辰,戊,辰,乙,卯,庚,辰,False,0,1,0,0.16666666666666666,0.0,0.0,1.0,0.0,0.16666666666666666,0.0,3,Saturday
1988-03-27,42,0,0.0,3,7.142857142857143,0,0.0,1,2.380952380952381,0,0.0,2,4.761904761904762,2,4.761904761904762,0,0.0,1,2.380952380952381,30,71.42857142857143,0,0.0,3,7.142857142857143,戊辰,乙卯,辛巳,戊,辰,乙,卯,辛,巳,False,0,0,0,0.16666666666666666,0.0,0.0,0.08333333333333333,0.0,0.16666666666666666,0.0,3,Sunday
1988-03-28,48,0,0.0,5,10.416666666666666,0,0.0,0,0.0,0,0.0,2,4.166666666666667,4,8.333333333333334,0,0.0,0,0.0,36,75.0,0,0.0,0,0.0,戊辰,乙卯,壬午,戊,辰,乙,卯,壬,午,False,0,0,0,0.16666666666666666,0.0,0.0,0.08333333333333333,0.0,0.16666666666666666,0.0,3,Monday
1988-03-29,45,1,2.2222222222222223,5,11.11111111111111,0,0.0,1,2.2222222222222223,0,0.0,1,2.2222222222222223,1,2.2222222222222223,0,0.0,1,2.2222222222222223,38,84.44444444444444,1,2.2222222222222223,0,0.0,戊辰,乙卯,癸未,戊,辰,乙,卯,癸,未,False,1,1,1,1.0,0.08333333333333333,0.08333333333333333,1.0,0.08333333333333333,0.0,0.08333333333333333,3,Tuesday
1988-03-30,49,0,0.0,4,8.16326530612245,0,0.0,0,0.0,1,2.0408163265306123,5,10.20408163265306,2,4.081632653061225,0,0.0,1,2.0408163265306123,35,71.42857142857143,0,0.0,0,0.0,戊辰,乙卯,甲申,戊,辰,乙,卯,甲,申,False,1,0,0,1.0,0.08333333333333333,0.08333333333333333,0.08333333333333333,0.0,0.0,0.08333333333333333,3,Wednesday
1988-03-31,53,0,0.0,3,5.660377358490566,2,3.7735849056603774,0,0.0,0,0.0,2,3.7735849056603774,1,1.8867924528301887,0,0.0,1,1.8867924528301887,42,79.24528301886792,0,0.0,0,0.0,戊辰,乙卯,乙酉,戊,辰,乙,卯,乙,酉,False,0,0,0,0.16666666666666666,0.0,0.0,0.08333333333333333,0.0,0.16666666666666666,0.0,3,Thursday
1988-04-01,54,0,0.0,5,9.25925925925926,0,0.0,0,0.0,0,0.0,6,11.11111111111111,0,0.0,0,0.0,0,0.0,34,62.96296296296296,2,3.703703703703704,4,7.407407407407407,戊辰,乙卯,丙戌,戊,辰,乙,卯,丙,戌,False,0,0,0,0.16666666666666666,0.0,0.0,0.08333333333333333,0.0,0.16666666666666666,0.0,4,Friday
1988-04-02,43,0,0.0,4,9.30232558139535,0,0.0,0,0.0,0,0.0,4,9.30232558139535,2,4.651162790697675,0,0.0,0,0.0,31,72.09302325581395,1,2.3255813953488373,1,2.3255813953488373,戊辰,乙卯,丁亥,戊,辰,乙,卯,丁,亥,False,1,0,0,1.0,0.08333333333333333,0.08333333333333333,0.08333333333333333,0.0,0.0,0.08333333333333333,4,Saturday
1988-04-03,48,0,0.0,2,4.166666666666667,0,0.0,0,0.0,0,0.0,2,4.166666666666667,1,2.083333333333333,0,0.0,1,2.083333333333333,35,72.91666666666667,1,2.083333333333333,0,0.0,戊辰,乙卯,戊子,戊,辰,乙,卯,戊,子,False,1,0,0,1.0,0.08333333333333333,0.08333333333333333,0.16666666666666666,0.0,0.0,0.08333333333333333,4,Sunday
1988-04-04,41,0,0.0,5,12.195121951219512,0,0.0,0,0.0,0,0.0,1,2.4390243902439024,0,0.0,0,0.0,0,0.0,31,75.60975609756098,1,2.4390243902439024,0,0.0,戊辰,乙卯,己丑,戊,辰,乙,卯,己,丑,True,0,0,0,0.16666666666666666,0.0,0.0,0.16666666666666666,0.0,0.16666666666666666,0.0,4,Monday
1988-04-05,46,2,4.3478260869565215,6,13.043478260869565,0,0.0,0,0.0,0,0.0,4,8.695652173913043,1,2.1739130434782608,0,0.0,0,0.0,31,67.3913043478261,0,0.0,0,0.0,戊辰,丙辰,庚寅,戊,辰,丙,辰,庚,寅,False,0,0,0,0.16666666666666666,0.0,0.0,0.08333333333333333,0.0,0.16666666666666666,0.0,4,Tuesday
1988-04-06,52,0,0.0,2,3.8461538461538463,0,0.0,0,0.0,0,0.0,3,5.769230769230769,0,0.0,0,0.0,0,0.0,43,82.6923076923077,0,0.0,2,3.8461538461538463,戊辰,丙辰,辛卯,戊,辰,丙,辰,辛,卯,False,0,1,0,0.16666666666666666,0.0,0.0,1.0,0.0,0.16666666666666666,0.0,4,Wednesday
1988-04-07,55,0,0.0,6,10.909090909090908,0,0.0,0,0.0,0,0.0,2,3.636363636363636,2,3.636363636363636,0,0.0,1,1.818181818181818,40,72.72727272727273,2,3.636363636363636,2,3.636363636363636,戊辰,丙辰,壬辰,戊,辰,丙,辰,壬,辰,False,0,0,0,0.16666666666666666,0.0,0.0,0.08333333333333333,0.0,0.16666666666666666,0.0,4,Thursday
1988-04-08,46,0,0.0,6,13.043478260869565,0,0.0,0,0.0,0,0.0,5,10.869565217391305,1,2.1739130434782608,0,0.0,0,0.0,32,69.56521739130434,0,0.0,2,4.3478260869565215,戊辰,丙辰,癸巳,戊,辰,丙,辰,癸,巳,False,0,1,0,0.16666666666666666,0.0,0.0,1.0,0.0,0.16666666666666666,0.0,4,Friday
1988-04-09,41,0,0.0,5,12.195121951219512,0,0.0,0,0.0,0,0.0,3,7.317073170731708,1,2.4390243902439024,0,0.0,0,0.0,32,78.04878048780488,0,0.0,0,0.0,戊辰,丙辰,甲午,戊,辰,丙,辰,甲,午,False,0,0,0,0.16666666666666666,0.0,0.0,0.08333333333333333,0.0,0.16666666666666666,0.0,4,Saturday
1988-04-10,49,0,0.0,7,14.285714285714286,0,0.0,0,0.0,0,0.0,1,2.0408163265306123,1,2.0408163265306123,0,0.0,0,0.0,37,75.51020408163265,0,0.0,2,4.081632653061225,戊辰,丙辰,乙未,戊,辰,丙,辰,乙,未,False,0,0,0,0.16666666666666666,0.0,0.0,0.08333333333333333,0.0,0.16666666666666666,0.0,4,Sunday
1988-04-11,44,1,2.272727272727273,3,6.818181818181818,1,2.272727272727273,0,0.0,0,0.0,4,9.090909090909092,0,0.0,0,0.0,0,0.0,34,77.27272727272727,0,0.0,0,0.0,戊辰,丙辰,丙申,戊,辰,丙,辰,丙,申,False,1,0,0,1.0,0.08333333333333333,0.08333333333333333,0.08333333333333333,0.0,0.0,0.08333333333333333,4,Monday
1988-04-12,58,1,1.7241379310344829,4,6.896551724137931,1,1.7241379310344829,0,0.0,0,0.0,5,8.620689655172415,0,0.0,0,0.0,0,0.0,46,79.3103448275862,0,0.0,0,0.0,戊辰,丙辰,丁酉,戊,辰,丙,辰,丁,酉,False,0,0,0,0.16666666666666666,0.0,0.0,0.08333333333333333,0.0,0.16666666666666666,0.0,4,Tuesday
1988-04-13,49,0,0.0,9,18.367346938775512,1,2.0408163265306123,0,0.0,0,0.0,3,6.122448979591836,4,8.16326530612245,0,0.0,1,2.0408163265306123,31,63.265306122448976,0,0.0,0,0.0,戊辰,丙辰,戊戌,戊,辰,丙,辰,戊,戌,False,0,0,0,0.16666666666666666,0.0,0.0,0.16666666666666666,0.0,0.16666666666666666,0.0,4,Wednesday
1988-04-14,59,0,0.0,4,6.779661016949152,0,0.0,0,0.0,0,0.0,0,0.0,1,1.694915254237288,0,0.0,0,0.0,46,77.96610169491525,0,0.0,0,0.0,戊辰,丙辰,己亥,戊,辰,丙,辰,己,亥,False,0,0,0,0.16666666666666666,0.0,0.0,0.16666666666666666,0.0,0.16666666666666666,0.0,4,Thursday
1988-04-15,66,0,0.0,9,13.636363636363637,0,0.0,0,0.0,0,0.0,2,3.0303030303030303,1,1.5151515151515151,0,0.0,0,0.0,51,77.27272727272727,1,1.5151515151515151,2,3.0303030303030303,戊辰,丙辰,庚子,戊,辰,丙,辰,庚,子,False,1,0,0,1.0,0.08333333333333333,0.08333333333333333,0.08333333333333333,0.0,0.0,0.08333333333333333,4,Friday
1988-04-16,42,0,0.0,5,11.904761904761903,0,0.0,0,0.0,0,0.0,3,7.142857142857143,0,0.0,0,0.0,0,0.0,32,76.19047619047619,0,0.0,0,0.0,戊辰,丙辰,辛丑,戊,辰,丙,辰,辛,丑,False,0,1,0,0.16666666666666666,0.0,0.0,1.0,0.0,0.16666666666666666,0.0,4,Saturday
1988-04-17,38,0,0.0,4,10.526315789473683,0,0.0,0,0.0,0,0.0,2,5.2631578947368425,1,2.631578947368421,0,0.0,0,0.0,28,73.6842105263158,0,0.0,0,0.0,戊辰,丙辰,壬寅,戊,辰,丙,辰,壬,寅,False,0,0,0,0.16666666666666666,0.0,0.0,0.08333333333333333,0.0,0.16666666666666666,0.0,4,Sunday
1988-04-18,67,2,2.985074626865672,2,2.985074626865672,2,2.985074626865672,1,1.492537313432836,0,0.0,2,2.985074626865672,4,5.970149253731344,0,0.0,1,1.492537313432836,48,71.64179104477611,0,0.0,3,4.477611940298507,戊辰,丙辰,癸卯,戊,辰,丙,辰,癸,卯,False,0,1,0,0.16666666666666666,0.0,0.0,1.0,0.0,0.16666666666666666,0.0,4,Monday
1988-04-19,40,0,0.0,4,10.0,0,0.0,0,0.0,0,0.0,4,10.0,2,5.0,0,0.0,1,2.5,25,62.5,2,5.0,0,0.0,戊辰,丙辰,甲辰,戊,辰,丙,辰,甲,辰,False,0,0,0,0.16666666666666666,0.0,0.0,0.08333333333333333,0.0,0.16666666666666666,0.0,4,Tuesday
1988-04-20,46,0,0.0,3,6.521739130434782,2,4.3478260869565215,0,0.0,0,0.0,2,4.3478260869565215,0,0.0,0,0.0,0,0.0,38,82.6086956521739,0,0.0,0,0.0,戊辰,丙辰,乙巳,戊,辰,丙,辰,乙,巳,False,0,0,0,0.16666666666666666,0.0,0.0,0.08333333333333333,0.0,0.16666666666666666,0.0,4,Wednesday
1988-04-21,46,0,0.0,7,15.217391304347826,1,2.1739130434782608,0,0.0,0,0.0,4,8.695652173913043,2,4.3478260869565215,0,0.0,1,2.1739130434782608,29,63.04347826086956,1,2.1739130434782608,1,2.1739130434782608,戊辰,丙辰,丙午,戊,辰,丙,辰,丙,午,False,0,0,0,0.16666666666666666,0.0,0.0,0.08333333333333333,0.0,0.16666666666666666,0.0,4,Thursday
1988-04-22,46,0,0.0,4,8.695652173913043,0,0.0,0,0.0,0,0.0,3,6.521739130434782,0,0.0,0,0.0,0,0.0,35,76.08695652173913,1,2.1739130434782608,1,2.1739130434782608,戊辰,丙辰,丁未,戊,辰,丙,辰,丁,未,False,0,0,0,0.16666666666666666,0.0,0.0,0.08333333333333333,0.0,0.16666666666666666,0.0,4,Friday
1988-04-23,47,0,0.0,5,10.638297872340424,0,0.0,1,2.127659574468085,0,0.0,4,8.51063829787234,3,6.382978723404255,0,0.0,0,0.0,33,70.2127659574468,1,2.127659574468085,0,0.0,戊辰,丙辰,戊申,戊,辰,丙,辰,戊,申,False,1,0,0,1.0,0.08333333333333333,0.08333333333333333,0.16666666666666666,0.0,0.0,0.08333333333333333,4,Saturday
1988-04-24,49,0,0.0,3,6.122448979591836,1,2.0408163265306123,0,0.0,0,0.0,4,8.16326530612245,1,2.0408163265306123,0,0.0,0,0.0,34,69.38775510204081,0,0.0,1,2.0408163265306123,戊辰,丙辰,己酉,戊,辰,丙,辰,己,酉,False,0,0,0,0.16666666666666666,0.0,0.0,0.16666666666666666,0.0,0.16666666666666666,0.0,4,Sunday
1988-04-25,49,0,0.0,5,10.20408163265306,0,0.0,0,0.0,0,0.0,7,14.285714285714286,0,0.0,0,0.0,0,0.0,35,71.42857142857143,0,0.0,0,0.0,戊辰,丙辰,庚戌,戊,辰,丙,辰,庚,戌,False,0,0,0,0.16666666666666666,0.0,0.0,0.08333333333333333,0.0,0.16666666666666666,0.0,4,Monday
1988-04-26,51,1,1.96078431372549,4,7.84313725490196,4,7.84313725490196,0,0.0,0,0.0,3,5.882352941176471,1,1.96078431372549,0,0.0,2,3.92156862745098,31,60.78431372549019,1,1.96078431372549,2,3.92156862745098,戊辰,丙辰,辛亥,戊,辰,丙,辰,辛,亥,False,0,1,0,0.16666666666666666,0.0,0.0,1.0,0.0,0.16666666666666666,0.0,4,Tuesday
1988-04-27,55,1,1.818181818181818,4,7.272727272727272,0,0.0,1,1.818181818181818,0,0.0,5,9.090909090909092,5,9.090909090909092,0,0.0,0,0.0,39,70.9090909090909,0,0.0,0,0.0,戊辰,丙辰,壬子,戊,辰,丙,辰,壬,子,False,1,0,0,1.0,0.08333333333333333,0.08333333333333333,0.08333333333333333,0.0,0.0,0.08333333333333333,4,Wednesday
1988-04-28,50,0,0.0,1,2.0,0,0.0,0,0.0,0,0.0,3,6.0,2,4.0,0,0.0,1,2.0,41,82.0,0,0.0,0,0.0,戊辰,丙辰,癸丑,戊,辰,丙,辰,癸,丑,False,0,1,0,0.16666666666666666,0.0,0.0,1.0,0.0,0.16666666666666666,0.0,4,Thursday
1988-04-29,45,0,0.0,4,8.88888888888889,0,0.0,0,0.0,1,2.2222222222222223,5,11.11111111111111,3,6.666666666666667,0,0.0,1,2.2222222222222223,28,62.22222222222222,2,4.444444444444445,0,0.0,戊辰,丙辰,甲寅,戊,辰,丙,辰,甲,寅,False,0,0,0,0.16666666666666666,0.0,0.0,0.08333333333333333,0.0,0.16666666666666666,0.0,4,Friday
1988-04-30,36,0,0.0,3,8.333333333333334,2,5.555555555555555,1,2.7777777777777777,0,0.0,2,5.555555555555555,2,5.555555555555555,0,0.0,0,0.0,25,69.44444444444444,0,0.0,0,0.0,戊辰,丙辰,乙卯,戊,辰,丙,辰,乙,卯,False,0,0,0,0.16666666666666666,0.0,0.0,0.08333333333333333,0.0,0.16666666666666666,0.0,4,Saturday
1988-05-01,44,0,0.0,3,6.818181818181818,0,0.0,0,0.0,0,0.0,3,6.818181818181818,1,2.272727272727273,0,0.0,0,0.0,26,59.09090909090909,0,0.0,0,0.0,戊辰,丙辰,丙辰,戊,辰,丙,辰,丙,辰,False,0,0,0,0.16666666666666666,0.0,0.0,0.08333333333333333,0.0,0.16666666666666666,0.0,5,Sunday
1988-05-02,46,0,0.0,4,8.695652173913043,0,0.0,0,0.0,0,0.0,2,4.3478260869565215,1,2.1739130434782608,0,0.0,1,2.1739130434782608,33,71.73913043478261,0,0.0,0,0.0,戊辰,丙辰,丁巳,戊,辰,丙,辰,丁,巳,False,0,0,0,0.16666666666666666,0.0,0.0,0.08333333333333333,0.0,0.16666666666666666,0.0,5,Monday
1988-05-03,40,0,0.0,2,5.0,0,0.0,0,0.0,0,0.0,0,0.0,2,5.0,0,0.0,0,0.0,32,80.0,0,0.0,0,0.0,戊辰,丙辰,戊午,戊,辰,丙,辰,戊,午,False,0,0,0,0.16666666666666666,0.0,0.0,0.16666666666666666,0.0,0.16666666666666666,0.0,5,Tuesday
1988-05-04,54,0,0.0,1,1.851851851851852,0,0.0,0,0.0,0,0.0,3,5.555555555555555,3,5.555555555555555,0,0.0,0,0.0,44,81.48148148148148,2,3.703703703703704,1,1.851851851851852,戊辰,丙辰,己未,戊,辰,丙,辰,己,未,False,0,0,0,0.16666666666666666,0.0,0.0,0.16666666666666666,0.0,0.16666666666666666,0.0,5,Wednesday
1988-05-05,60,0,0.0,7,11.666666666666666,2,3.333333333333333,0,0.0,0,0.0,8,13.333333333333334,2,3.333333333333333,0,0.0,0,0.0,41,68.33333333333333,1,1.6666666666666667,0,0.0,戊辰,丙辰,庚申,戊,辰,丙,辰,庚,申,True,1,0,0,1.0,0.08333333333333333,0.08333333333333333,0.08333333333333333,0.0,0.0,0.08333333333333333,5,Thursday
1988-05-06,52,0,0.0,4,7.6923076923076925,2,3.8461538461538463,0,0.0,0,0.0,3,5.769230769230769,3,5.769230769230769,0,0.0,0,0.0,39,75.0,2,3.8461538461538463,1,1.9230769230769231,戊辰,丁巳,辛酉,戊,辰,丁,巳,辛,酉,False,1,0,0,1.0,0.08333333333333333,0.08333333333333333,0.08333333333333333,0.0,0.0,0.08333333333333333,5,Friday
1988-05-07,45,0,0.0,3,6.666666666666667,0,0.0,0,0.0,0,0.0,3,6.666666666666667,1,2.2222222222222223,0,0.0,0,0.0,38,84.44444444444444,0,0.0,1,2.2222222222222223,戊辰,丁巳,壬戌,戊,辰,丁,巳,壬,戌,False,0,1,0,0.16666666666666666,0.0,0.0,1.0,0.0,0.16666666666666666,0.0,5,Saturday
1988-05-08,39,0,0.0,2,5.128205128205129,0,0.0,0,0.0,0,0.0,4,10.256410256410255,2,5.128205128205129,0,0.0,1,2.5641025641025643,28,71.7948717948718,0,0.0,0,0.0,戊辰,丁巳,癸亥,戊,辰,丁,巳,癸,亥,False,0,1,0,0.16666666666666666,0.0,0.0,1.0,0.0,0.16666666666666666,0.0,5,Sunday
1988-05-09,57,1,1.7543859649122806,3,5.2631578947368425,0,0.0,0,0.0,0,0.0,4,7.017543859649122,5,8.771929824561404,0,0.0,0,0.0,40,70.17543859649123,1,1.7543859649122806,0,0.0,戊辰,丁巳,甲子,戊,辰,丁,巳,甲,子,False,1,0,0,1.0,0.08333333333333333,0.08333333333333333,0.08333333333333333,0.0,0.0,0.08333333333333333,5,Monday
1988-05-10,53,1,1.8867924528301887,3,5.660377358490566,1,1.8867924528301887,0,0.0,0,0.0,3,5.660377358490566,1,1.8867924528301887,0,0.0,2,3.7735849056603774,40,75.47169811320755,0,0.0,0,0.0,戊辰,丁巳,乙丑,戊,辰,丁,巳,乙,丑,False,1,0,0,1.0,0.08333333333333333,0.08333333333333333,0.08333333333333333,0.0,0.0,0.08333333333333333,5,Tuesday
1988-05-11,59,2,3.389830508474576,8,13.559322033898304,0,0.0,0,0.0,0,0.0,5,8.474576271186441,0,0.0,0,0.0,0,0.0,45,76.27118644067797,3,5.084745762711864,0,0.0,戊辰,丁巳,丙寅,戊,辰,丁,巳,丙,寅,False,0,0,0,0.16666666666666666,0.0,0.0,0.08333333333333333,0.0,0.16666666666666666,0.0,5,Wednesday
1988-05-12,46,0,0.0,4,8.695652173913043,0,0.0,0,0.0,0,0.0,2,4.3478260869565215,2,4.3478260869565215,0,0.0,1,2.1739130434782608,35,76.08695652173913,0,0.0,2,4.3478260869565215,戊辰,丁巳,丁卯,戊,辰,丁,巳,丁,卯,False,0,0,0,0.16666666666666666,0.0,0.0,0.08333333333333333,0.0,0.16666666666666666,0.0,5,Thursday
1988-05-13,52,0,0.0,4,7.6923076923076925,1,1.9230769230769231,0,0.0,0,0.0,3,5.769230769230769,2,3.8461538461538463,0,0.0,1,1.9230769230769231,38,73.07692307692308,0,0.0,1,1.9230769230769231,戊辰,丁巳,戊辰,戊,辰,丁,巳,戊,辰,False,0,0,0,0.16666666666666666,0.0,0.0,0.16666666666666666,0.0,0.16666666666666666,0.0,5,Friday
1988-05-14,41,1,2.4390243902439024,6,14.634146341463415,0,0.0,0,0.0,0,0.0,4,9.75609756097561,1,2.4390243902439024,0,0.0,1,2.4390243902439024,28,68.29268292682927,0,0.0,1,2.4390243902439024,戊辰,丁巳,己巳,戊,辰,丁,巳,己,巳,False,0,0,0,0.16666666666666666,0.0,0.0,0.16666666666666666,0.0,0.16666666666666666,0.0,5,Saturday
1988-05-15,47,1,2.127659574468085,3,6.382978723404255,0,0.0,0,0.0,0,0.0,2,4.25531914893617,1,2.127659574468085,0,0.0,0,0.0,36,76.59574468085107,0,0.0,1,2.127659574468085,戊辰,丁巳,庚午,戊,辰,丁,巳,庚,午,False,0,0,0,0.16666666666666666,0.0,0.0,0.08333333333333333,0.0,0.16666666666666666,0.0,5,Sunday
1988-05-16,38,0,0.0,6,15.789473684210526,1,2.631578947368421,0,0.0,0,0.0,3,7.894736842105263,0,0.0,0,0.0,1,2.631578947368421,23,60.526315789473685,0,0.0,2,5.2631578947368425,戊辰,丁巳,辛未,戊,辰,丁,巳,辛,未,False,0,0,0,0.16666666666666666,0.0,0.0,0.08333333333333333,0.0,0.16666666666666666,0.0,5,Monday
1988-05-17,53,0,0.0,8,15.09433962264151,0,0.0,0,0.0,2,3.7735849056603774,2,3.7735849056603774,1,1.8867924528301887,0,0.0,0,0.0,34,64.15094339622641,0,0.0,2,3.7735849056603774,戊辰,丁巳,壬申,戊,辰,丁,巳,壬,申,False,1,1,1,1.0,0.08333333333333333,0.08333333333333333,1.0,0.08333333333333333,0.0,0.08333333333333333,5,Tuesday
1988-05-18,59,0,0.0,4,6.779661016949152,0,0.0,0,0.0,0,0.0,7,11.864406779661016,1,1.694915254237288,0,0.0,1,1.694915254237288,42,71.1864406779661,0,0.0,2,3.389830508474576,戊辰,丁巳,癸酉,戊,辰,丁,巳,癸,酉,False,1,1,1,1.0,0.08333333333333333,0.08333333333333333,1.0,0.08333333333333333,0.0,0.08333333333333333,5,Wednesday
1988-05-19,54,0,0.0,7,12.962962962962964,1,1.851851851851852,0,0.0,0,0.0,5,9.25925925925926,2,3.703703703703704,0,0.0,0,0.0,36,66.66666666666667,1,1.851851851851852,2,3.703703703703704,戊辰,丁巳,甲戌,戊,辰,丁,巳,甲,戌,False,0,0,0,0.16666666666666666,0.0,0.0,0.08333333333333333,0.0,0.16666666666666666,0.0,5,Thursday
1988-05-20,48,0,0.0,6,12.5,1,2.083333333333333,0,0.0,0,0.0,3,6.25,2,4.166666666666667,0,0.0,0,0.0,32,66.66666666666667,0,0.0,0,0.0,戊辰,丁巳,乙亥,戊,辰,丁,巳,乙,亥,False,0,0,0,0.16666666666666666,0.0,0.0,0.08333333333333333,0.0,0.16666666666666666,0.0,5,Friday
1988-05-21,41,1,2.4390243902439024,4,9.75609756097561,1,2.4390243902439024,0,0.0,0,0.0,2,4.878048780487805,2,4.878048780487805,0,0.0,0,0.0,28,68.29268292682927,1,2.4390243902439024,1,2.4390243902439024,戊辰,丁巳,丙子,戊,辰,丁,巳,丙,子,False,1,0,0,1.0,0.08333333333333333,0.08333333333333333,0.08333333333333333,0.0,0.0,0.08333333333333333,5,Saturday
1988-05-22,37,2,5.405405405405405,3,8.108108108108109,1,2.702702702702702,1,2.702702702702702,0,0.0,1,2.702702702702702,1,2.702702702702702,0,0.0,1,2.702702702702702,30,81.08108108108108,1,2.702702702702702,3,8.108108108108109,戊辰,丁巳,丁丑,戊,辰,丁,巳,丁,丑,False,1,0,0,1.0,0.08333333333333333,0.08333333333333333,0.08333333333333333,0.0,0.0,0.08333333333333333,5,Sunday
1988-05-23,49,0,0.0,6,12.244897959183673,0,0.0,0,0.0,0,0.0,3,6.122448979591836,3,6.122448979591836,0,0.0,0,0.0,31,63.265306122448976,0,0.0,3,6.122448979591836,戊辰,丁巳,戊寅,戊,辰,丁,巳,戊,寅,False,0,0,0,0.16666666666666666,0.0,0.0,0.16666666666666666,0.0,0.16666666666666666,0.0,5,Monday
1988-05-24,54,0,0.0,6,11.11111111111111,0,0.0,0,0.0,1,1.851851851851852,6,11.11111111111111,1,1.851851851851852,0,0.0,0,0.0,36,66.66666666666667,4,7.407407407407407,2,3.703703703703704,戊辰,丁巳,己卯,戊,辰,丁,巳,己,卯,False,0,0,0,0.16666666666666666,0.0,0.0,0.16666666666666666,0.0,0.16666666666666666,0.0,5,Tuesday
1988-05-25,43,0,0.0,1,2.3255813953488373,0,0.0,0,0.0,0,0.0,1,2.3255813953488373,3,6.976744186046512,0,0.0,0,0.0,30,69.76744186046511,0,0.0,0,0.0,戊辰,丁巳,庚辰,戊,辰,丁,巳,庚,辰,False,0,0,0,0.16666666666666666,0.0,0.0,0.08333333333333333,0.0,0.16666666666666666,0.0,5,Wednesday
1988-05-26,47,0,0.0,1,2.127659574468085,0,0.0,0,0.0,0,0.0,1,2.127659574468085,1,2.127659574468085,0,0.0,0,0.0,40,85.1063829787234,0,0.0,0,0.0,戊辰,丁巳,辛巳,戊,辰,丁,巳,辛,巳,False,0,0,0,0.16666666666666666,0.0,0.0,0.08333333333333333,0.0,0.16666666666666666,0.0,5,Thursday
1988-05-27,59,0,0.0,9,15.254237288135592,0,0.0,0,0.0,1,1.694915254237288,6,10.169491525423728,2,3.389830508474576,0,0.0,0,0.0,34,57.6271186440678,2,3.389830508474576,0,0.0,戊辰,丁巳,壬午,戊,辰,丁,巳,壬,午,False,0,1,0,0.16666666666666666,0.0,0.0,1.0,0.0,0.16666666666666666,0.0,5,Friday
1988-05-28,50,2,4.0,2,4.0,0,0.0,1,2.0,0,0.0,5,10.0,1,2.0,0,0.0,0,0.0,38,76.0,1,2.0,1,2.0,戊辰,丁巳,癸未,戊,辰,丁,巳,癸,未,False,0,1,0,0.16666666666666666,0.0,0.0,1.0,0.0,0.16666666666666666,0.0,5,Saturday
1988-05-29,33,0,0.0,3,9.090909090909092,0,0.0,0,0.0,0,0.0,3,9.090909090909092,2,6.0606060606060606,0,0.0,0,0.0,24,72.72727272727273,0,0.0,0,0.0,戊辰,丁巳,甲申,戊,辰,丁,巳,甲,申,False,1,0,0,1.0,0.08333333333333333,0.08333333333333333,0.08333333333333333,0.0,0.0,0.08333333333333333,5,Sunday
1988-05-30,41,1,2.4390243902439024,2,4.878048780487805,0,0.0,0,0.0,0,0.0,2,4.878048780487805,2,4.878048780487805,0,0.0,0,0.0,33,80.48780487804878,0,0.0,0,0.0,戊辰,丁巳,乙酉,戊,辰,丁,巳,乙,酉,False,1,0,0,1.0,0.08333333333333333,0.08333333333333333,0.08333333333333333,0.0,0.0,0.08333333333333333,5,Monday
1988-05-31,43,0,0.0,4,9.30232558139535,0,0.0,0,0.0,0,0.0,5,11.627906976744184,5,11.627906976744184,0,0.0,0,0.0,28,65.11627906976744,1,2.3255813953488373,1,2.3255813953488373,戊辰,丁巳,丙戌,戊,辰,丁,巳,丙,戌,False,0,0,0,0.16666666666666666,0.0,0.0,0.08333333333333333,0.0,0.16666666666666666,0.0,5,Tuesday
1988-06-01,54,1,1.851851851851852,4,7.407407407407407,2,3.703703703703704,0,0.0,0,0.0,3,5.555555555555555,0,0.0,0,0.0,1,1.851851851851852,39,72.22222222222223,1,1.851851851851852,1,1.851851851851852,戊辰,丁巳,丁亥,戊,辰,丁,巳,丁,亥,False,0,0,0,0.16666666666666666,0.0,0.0,0.08333333333333333,0.0,0.16666666666666666,0.0,6,Wednesday
1988-06-02,47,1,2.127659574468085,10,21.27659574468085,0,0.0,0,0.0,0,0.0,3,6.382978723404255,2,4.25531914893617,0,0.0,1,2.127659574468085,31,65.95744680851064,0,0.0,0,0.0,戊辰,丁巳,戊子,戊,辰,丁,巳,戊,子,False,1,0,0,1.0,0.08333333333333333,0.08333333333333333,0.16666666666666666,0.0,0.0,0.08333333333333333,6,Thursday
1988-06-03,40,0,0.0,4,10.0,1,2.5,0,0.0,0,0.0,1,2.5,1,2.5,0,0.0,0,0.0,31,77.5,0,0.0,1,2.5,戊辰,丁巳,己丑,戊,辰,丁,巳,己,丑,False,1,0,0,1.0,0.08333333333333333,0.08333333333333333,0.16666666666666666,0.0,0.0,0.08333333333333333,6,Friday
1988-06-04,41,1,2.4390243902439024,2,4.878048780487805,0,0.0,0,0.0,0,0.0,3,7.317073170731708,1,2.4390243902439024,0,0.0,2,4.878048780487805,30,73.17073170731707,0,0.0,1,2.4390243902439024,戊辰,丁巳,庚寅,戊,辰,丁,巳,庚,寅,False,0,0,0,0.16666666666666666,0.0,0.0,0.08333333333333333,0.0,0.16666666666666666,0.0,6,Saturday
1988-06-05,49,0,0.0,5,10.20408163265306,0,0.0,0,0.0,0,0.0,4,8.16326530612245,0,0.0,0,0.0,0,0.0,39,79.59183673469387,0,0.0,0,0.0,戊辰,丁巳,辛卯,戊,辰,丁,巳,辛,卯,True,0,0,0,0.16666666666666666,0.0,0.0,0.08333333333333333,0.0,0.16666666666666666,0.0,6,Sunday
1988-06-06,64,1,1.5625,5,7.8125,0,0.0,0,0.0,0,0.0,2,3.125,4,6.25,1,1.5625,0,0.0,52,81.25,2,3.125,3,4.6875,戊辰,戊午,壬辰,戊,辰,戊,午,壬,辰,False,0,0,0,0.16666666666666666,0.0,0.0,0.08333333333333333,0.0,0.16666666666666666,0.0,6,Monday
1988-06-07,33,0,0.0,5,15.151515151515152,0,0.0,0,0.0,0,0.0,2,6.0606060606060606,1,3.0303030303030303,0,0.0,0,0.0,24,72.72727272727273,0,0.0,0,0.0,戊辰,戊午,癸巳,戊,辰,戊,午,癸,巳,False,0,1,0,0.16666666666666666,0.0,0.0,1.0,0.0,0.16666666666666666,0.0,6,Tuesday
1988-06-08,41,0,0.0,2,4.878048780487805,2,4.878048780487805,0,0.0,0,0.0,5,12.195121951219512,1,2.4390243902439024,0,0.0,0,0.0,25,60.97560975609756,1,2.4390243902439024,1,2.4390243902439024,戊辰,戊午,甲午,戊,辰,戊,午,甲,午,False,0,0,0,0.16666666666666666,0.0,0.0,0.08333333333333333,0.0,0.16666666666666666,0.0,6,Wednesday
1988-06-09,53,0,0.0,4,7.547169811320755,1,1.8867924528301887,1,1.8867924528301887,0,0.0,2,3.7735849056603774,4,7.547169811320755,0,0.0,0,0.0,41,77.35849056603773,0,0.0,0,0.0,戊辰,戊午,乙未,戊,辰,戊,午,乙,未,False,0,0,0,0.16666666666666666,0.0,0.0,0.08333333333333333,0.0,0.16666666666666666,0.0,6,Thursday
1988-06-10,41,0,0.0,4,9.75609756097561,2,4.878048780487805,0,0.0,0,0.0,4,9.75609756097561,3,7.317073170731708,0,0.0,0,0.0,28,68.29268292682927,0,0.0,4,9.75609756097561,戊辰,戊午,丙申,戊,辰,戊,午,丙,申,False,1,0,0,1.0,0.08333333333333333,0.08333333333333333,0.08333333333333333,0.0,0.0,0.08333333333333333,6,Friday
1988-06-11,35,1,2.857142857142857,6,17.142857142857142,1,2.857142857142857,0,0.0,0,0.0,5,14.285714285714286,1,2.857142857142857,0,0.0,0,0.0,23,65.71428571428571,0,0.0,0,0.0,戊辰,戊午,丁酉,戊,辰,戊,午,丁,酉,False,0,0,0,0.16666666666666666,0.0,0.0,0.08333333333333333,0.0,0.16666666666666666,0.0,6,Saturday
1988-06-12,50,0,0.0,1,2.0,0,0.0,0,0.0,0,0.0,5,10.0,1,2.0,0,0.0,0,0.0,38,76.0,1,2.0,1,2.0,戊辰,戊午,戊戌,戊,辰,戊,午,戊,戌,False,1,0,0,1.0,0.08333333333333333,0.08333333333333333,0.16666666666666666,0.0,0.0,0.08333333333333333,6,Sunday
1988-06-13,39,0,0.0,5,12.82051282051282,0,0.0,0,0.0,0,0.0,1,2.5641025641025643,1,2.5641025641025643,0,0.0,0,0.0,29,74.35897435897436,1,2.5641025641025643,0,0.0,戊辰,戊午,己亥,戊,辰,戊,午,己,亥,False,0,0,0,0.16666666666666666,0.0,0.0,0.16666666666666666,0.0,0.16666666666666666,0.0,6,Monday
1988-06-14,40,1,2.5,6,15.0,0,0.0,1,2.5,0,0.0,3,7.5,1,2.5,0,0.0,1,2.5,27,67.5,1,2.5,2,5.0,戊辰,戊午,庚子,戊,辰,戊,午,庚,子,False,1,0,0,1.0,0.08333333333333333,0.08333333333333333,0.08333333333333333,0.0,0.0,0.08333333333333333,6,Tuesday
1988-06-15,51,0,0.0,5,9.803921568627452,0,0.0,1,1.96078431372549,0,0.0,5,9.803921568627452,3,5.882352941176471,0,0.0,1,1.96078431372549,34,66.66666666666667,3,5.882352941176471,1,1.96078431372549,戊辰,戊午,辛丑,戊,辰,戊,午,辛,丑,False,0,0,0,0.16666666666666666,0.0,0.0,0.08333333333333333,0.0,0.16666666666666666,0.0,6,Wednesday
1988-06-16,71,0,0.0,5,7.042253521126761,0,0.0,0,0.0,0,0.0,7,9.859154929577464,4,5.633802816901408,0,0.0,0,0.0,48,67.6056338028169,1,1.408450704225352,0,0.0,戊辰,戊午,壬寅,戊,辰,戊,午,壬,寅,False,1,0,0,1.0,0.08333333333333333,0.08333333333333333,0.08333333333333333,0.0,0.0,0.08333333333333333,6,Thursday
1988-06-17,43,0,0.0,4,9.30232558139535,0,0.0,0,0.0,0,0.0,2,4.651162790697675,2,4.651162790697675,0,0.0,0,0.0,34,79.06976744186046,0,0.0,1,2.3255813953488373,戊辰,戊午,癸卯,戊,辰,戊,午,癸,卯,False,0,1,0,0.16666666666666666,0.0,0.0,1.0,0.0,0.16666666666666666,0.0,6,Friday
1988-06-18,39,0,0.0,3,7.6923076923076925,0,0.0,0,0.0,0,0.0,3,7.6923076923076925,2,5.128205128205129,0,0.0,0,0.0,26,66.66666666666667,2,5.128205128205129,0,0.0,戊辰,戊午,甲辰,戊,辰,戊,午,甲,辰,False,0,0,0,0.16666666666666666,0.0,0.0,0.08333333333333333,0.0,0.16666666666666666,0.0,6,Saturday
1988-06-19,42,1,2.380952380952381,5,11.904761904761903,0,0.0,0,0.0,0,0.0,2,4.761904761904762,1,2.380952380952381,0,0.0,0,0.0,27,64.28571428571429,0,0.0,1,2.380952380952381,戊辰,戊午,乙巳,戊,辰,戊,午,乙,巳,False,0,0,0,0.16666666666666666,0.0,0.0,0.08333333333333333,0.0,0.16666666666666666,0.0,6,Sunday
1988-06-20,36,0,0.0,4,11.11111111111111,0,0.0,0,0.0,0,0.0,1,2.7777777777777777,1,2.7777777777777777,0,0.0,0,0.0,26,72.22222222222223,2,5.555555555555555,1,2.7777777777777777,戊辰,戊午,丙午,戊,辰,戊,午,丙,午,False,0,0,0,0.16666666666666666,0.0,0.0,0.08333333333333333,0.0,0.16666666666666666,0.0,6,Monday
1988-06-21,46,1,2.1739130434782608,3,6.521739130434782,2,4.3478260869565215,0,0.0,0,0.0,1,2.1739130434782608,1,2.1739130434782608,0,0.0,0,0.0,36,78.26086956521739,2,4.3478260869565215,0,0.0,戊辰,戊午,丁未,戊,辰,戊,午,丁,未,False,0,0,0,0.16666666666666666,0.0,0.0,0.08333333333333333,0.0,0.16666666666666666,0.0,6,Tuesday
1988-06-22,63,0,0.0,7,11.11111111111111,1,1.5873015873015872,0,0.0,1,1.5873015873015872,5,7.936507936507937,2,3.1746031746031744,0,0.0,1,1.5873015873015872,44,69.84126984126983,1,1.5873015873015872,2,3.1746031746031744,戊辰,戊午,戊申,戊,辰,戊,午,戊,申,False,1,0,0,1.0,0.08333333333333333,0.08333333333333333,0.16666666666666666,0.0,0.0,0.08333333333333333,6,Wednesday
1988-06-23,41,0,0.0,3,7.317073170731708,0,0.0,0,0.0,0,0.0,4,9.75609756097561,3,7.317073170731708,0,0.0,0,0.0,32,78.04878048780488,1,2.4390243902439024,0,0.0,戊辰,戊午,己酉,戊,辰,戊,午,己,酉,False,0,0,0,0.16666666666666666,0.0,0.0,0.16666666666666666,0.0,0.16666666666666666,0.0,6,Thursday
1988-06-24,49,1,2.0408163265306123,4,8.16326530612245,2,4.081632653061225,1,2.0408163265306123,0,0.0,3,6.122448979591836,1,2.0408163265306123,0,0.0,0,0.0,38,77.55102040816327,0,0.0,1,2.0408163265306123,戊辰,戊午,庚戌,戊,辰,戊,午,庚,戌,False,1,0,0,1.0,0.08333333333333333,0.08333333333333333,0.08333333333333333,0.0,0.0,0.08333333333333333,6,Friday
1988-06-25,42,0,0.0,2,4.761904761904762,0,0.0,0,0.0,2,4.761904761904762,0,0.0,1,2.380952380952381,0,0.0,1,2.380952380952381,34,80.95238095238095,0,0.0,0,0.0,戊辰,戊午,辛亥,戊,辰,戊,午,辛,亥,False,0,0,0,0.16666666666666666,0.0,0.0,0.08333333333333333,0.0,0.16666666666666666,0.0,6,Saturday
1988-06-26,42,0,0.0,3,7.142857142857143,0,0.0,0,0.0,0,0.0,0,0.0,1,2.380952380952381,0,0.0,1,2.380952380952381,29,69.04761904761905,0,0.0,2,4.761904761904762,戊辰,戊午,壬子,戊,辰,戊,午,壬,子,False,1,0,0,1.0,0.08333333333333333,0.08333333333333333,0.08333333333333333,0.0,0.0,0.08333333333333333,6,Sunday
1988-06-27,39,0,0.0,3,7.6923076923076925,0,0.0,0,0.0,0,0.0,1,2.5641025641025643,0,0.0,0,0.0,0,0.0,32,82.05128205128206,0,0.0,0,0.0,戊辰,戊午,癸丑,戊,辰,戊,午,癸,丑,False,0,1,0,0.16666666666666666,0.0,0.0,1.0,0.0,0.16666666666666666,0.0,6,Monday
1988-06-28,60,1,1.6666666666666667,7,11.666666666666666,0,0.0,1,1.6666666666666667,0,0.0,7,11.666666666666666,0,0.0,0,0.0,1,1.6666666666666667,38,63.333333333333336,1,1.6666666666666667,3,5.0,戊辰,戊午,甲寅,戊,辰,戊,午,甲,寅,False,1,0,0,1.0,0.08333333333333333,0.08333333333333333,0.08333333333333333,0.0,0.0,0.08333333333333333,6,Tuesday
1988-06-29,34,0,0.0,5,14.705882352941176,0,0.0,0,0.0,1,2.9411764705882355,5,14.705882352941176,2,5.882352941176471,0,0.0,1,2.9411764705882355,21,61.76470588235294,0,0.0,0,0.0,戊辰,戊午,乙卯,戊,辰,戊,午,乙,卯,False,0,0,0,0.16666666666666666,0.0,0.0,0.08333333333333333,0.0,0.16666666666666666,0.0,6,Wednesday
1988-06-30,44,0,0.0,5,11.363636363636363,1,2.272727272727273,0,0.0,0,0.0,4,9.090909090909092,1,2.272727272727273,0,0.0,0,0.0,31,70.45454545454545,1,2.272727272727273,1,2.272727272727273,戊辰,戊午,丙辰,戊,辰,戊,午,丙,辰,False,0,0,0,0.16666666666666666,0.0,0.0,0.08333333333333333,0.0,0.16666666666666666,0.0,6,Thursday
1988-07-01,49,0,0.0,3,6.122448979591836,0,0.0,0,0.0,0,0.0,1,2.0408163265306123,2,4.081632653061225,0,0.0,0,0.0,36,73.46938775510205,0,0.0,1,2.0408163265306123,戊辰,戊午,丁巳,戊,辰,戊,午,丁,巳,False,0,0,0,0.16666666666666666,0.0,0.0,0.08333333333333333,0.0,0.16666666666666666,0.0,7,Friday
1988-07-02,47,0,0.0,6,12.76595744680851,0,0.0,0,0.0,0,0.0,4,8.51063829787234,1,2.127659574468085,0,0.0,0,0.0,33,70.2127659574468,1,2.127659574468085,0,0.0,戊辰,戊午,戊午,戊,辰,戊,午,戊,午,False,0,0,0,0.16666666666666666,0.0,0.0,0.16666666666666666,0.0,0.16666666666666666,0.0,7,Saturday
1988-07-03,41,1,2.4390243902439024,1,2.4390243902439024,0,0.0,1,2.4390243902439024,0,0.0,2,4.878048780487805,1,2.4390243902439024,0,0.0,1,2.4390243902439024,32,78.04878048780488,1,2.4390243902439024,0,0.0,戊辰,戊午,己未,戊,辰,戊,午,己,未,False,0,0,0,0.16666666666666666,0.0,0.0,0.16666666666666666,0.0,0.16666666666666666,0.0,7,Sunday
1988-07-04,40,0,0.0,2,5.0,1,2.5,0,0.0,0,0.0,1,2.5,2,5.0,0,0.0,0,0.0,30,75.0,1,2.5,2,5.0,戊辰,戊午,庚申,戊,辰,戊,午,庚,申,False,1,0,0,1.0,0.08333333333333333,0.08333333333333333,0.08333333333333333,0.0,0.0,0.08333333333333333,7,Monday
1988-07-05,40,0,0.0,2,5.0,0,0.0,0,0.0,0,0.0,2,5.0,3,7.5,0,0.0,0,0.0,32,80.0,1,2.5,1,2.5,戊辰,戊午,辛酉,戊,辰,戊,午,辛,酉,False,0,0,0,0.16666666666666666,0.0,0.0,0.08333333333333333,0.0,0.16666666666666666,0.0,7,Tuesday
1988-07-06,49,1,2.0408163265306123,5,10.20408163265306,0,0.0,0,0.0,0,0.0,3,6.122448979591836,4,8.16326530612245,0,0.0,0,0.0,38,77.55102040816327,0,0.0,0,0.0,戊辰,戊午,壬戌,戊,辰,戊,午,壬,戌,False,1,0,0,1.0,0.08333333333333333,0.08333333333333333,0.08333333333333333,0.0,0.0,0.08333333333333333,7,Wednesday
1988-07-07,45,0,0.0,3,6.666666666666667,1,2.2222222222222223,0,0.0,0,0.0,4,8.88888888888889,3,6.666666666666667,0,0.0,0,0.0,28,62.22222222222222,0,0.0,0,0.0,戊辰,己未,癸亥,戊,辰,己,未,癸,亥,True,1,1,1,1.0,0.08333333333333333,0.08333333333333333,1.0,0.08333333333333333,0.0,0.08333333333333333,7,Thursday
1988-07-08,59,1,1.694915254237288,6,10.169491525423728,0,0.0,1,1.694915254237288,0,0.0,1,1.694915254237288,2,3.389830508474576,0,0.0,0,0.0,46,77.96610169491525,0,0.0,1,1.694915254237288,戊辰,己未,甲子,戊,辰,己,未,甲,子,False,1,1,1,1.0,0.08333333333333333,0.08333333333333333,1.0,0.08333333333333333,0.0,0.08333333333333333,7,Friday
1988-07-09,41,1,2.4390243902439024,2,4.878048780487805,2,4.878048780487805,0,0.0,0,0.0,1,2.4390243902439024,1,2.4390243902439024,0,0.0,0,0.0,29,70.73170731707317,1,2.4390243902439024,3,7.317073170731708,戊辰,己未,乙丑,戊,辰,己,未,乙,丑,False,0,0,0,0.16666666666666666,0.0,0.0,0.08333333333333333,0.0,0.16666666666666666,0.0,7,Saturday
1988-07-10,32,0,0.0,2,6.25,0,0.0,0,0.0,0,0.0,0,0.0,2,6.25,0,0.0,1,3.125,22,68.75,0,0.0,1,3.125,戊辰,己未,丙寅,戊,辰,己,未,丙,寅,False,0,0,0,0.16666666666666666,0.0,0.0,0.08333333333333333,0.0,0.16666666666666666,0.0,7,Sunday
1988-07-11,54,0,0.0,5,9.25925925925926,0,0.0,0,0.0,0,0.0,4,7.407407407407407,1,1.851851851851852,0,0.0,1,1.851851851851852,40,74.07407407407408,0,0.0,1,1.851851851851852,戊辰,己未,丁卯,戊,辰,己,未,丁,卯,False,1,0,0,1.0,0.08333333333333333,0.08333333333333333,0.08333333333333333,0.0,0.0,0.08333333333333333,7,Monday
1988-07-12,56,0,0.0,2,3.571428571428572,1,1.7857142857142858,0,0.0,0,0.0,8,14.285714285714286,1,1.7857142857142858,0,0.0,0,0.0,40,71.42857142857143,0,0.0,1,1.7857142857142858,戊辰,己未,戊辰,戊,辰,己,未,戊,辰,False,0,0,0,0.16666666666666666,0.0,0.0,0.16666666666666666,0.0,0.16666666666666666,0.0,7,Tuesday
1988-07-13,44,1,2.272727272727273,3,6.818181818181818,0,0.0,1,2.272727272727273,0,0.0,5,11.363636363636363,0,0.0,0,0.0,1,2.272727272727273,30,68.18181818181819,2,4.545454545454546,0,0.0,戊辰,己未,己巳,戊,辰,己,未,己,巳,False,0,0,0,0.16666666666666666,0.0,0.0,0.16666666666666666,0.0,0.16666666666666666,0.0,7,Wednesday
1988-07-14,42,0,0.0,4,9.523809523809524,0,0.0,0,0.0,0,0.0,0,0.0,0,0.0,0,0.0,0,0.0,35,83.33333333333333,1,2.380952380952381,1,2.380952380952381,戊辰,己未,庚午,戊,辰,己,未,庚,午,False,0,0,0,0.16666666666666666,0.0,0.0,0.08333333333333333,0.0,0.16666666666666666,0.0,7,Thursday
1988-07-15,43,0,0.0,4,9.30232558139535,1,2.3255813953488373,0,0.0,0,0.0,4,9.30232558139535,1,2.3255813953488373,0,0.0,0,0.0,25,58.13953488372093,1,2.3255813953488373,0,0.0,戊辰,己未,辛未,戊,辰,己,未,辛,未,False,0,0,0,0.16666666666666666,0.0,0.0,0.08333333333333333,0.0,0.16666666666666666,0.0,7,Friday
1988-07-16,37,0,0.0,2,5.405405405405405,0,0.0,0,0.0,0,0.0,2,5.405405405405405,1,2.702702702702702,0,0.0,0,0.0,26,70.27027027027027,0,0.0,0,0.0,戊辰,己未,壬申,戊,辰,己,未,壬,申,False,1,0,0,1.0,0.08333333333333333,0.08333333333333333,0.08333333333333333,0.0,0.0,0.08333333333333333,7,Saturday
1988-07-17,43,0,0.0,5,11.627906976744184,0,0.0,0,0.0,0,0.0,2,4.651162790697675,1,2.3255813953488373,0,0.0,0,0.0,32,74.4186046511628,0,0.0,0,0.0,戊辰,己未,癸酉,戊,辰,己,未,癸,酉,False,0,1,0,0.16666666666666666,0.0,0.0,1.0,0.0,0.16666666666666666,0.0,7,Sunday
1988-07-18,62,0,0.0,4,6.451612903225806,0,0.0,0,0.0,0,0.0,3,4.838709677419355,2,3.225806451612903,0,0.0,0,0.0,49,79.03225806451613,0,0.0,1,1.6129032258064515,戊辰,己未,甲戌,戊,辰,己,未,甲,戌,False,0,1,0,0.16666666666666666,0.0,0.0,1.0,0.0,0.16666666666666666,0.0,7,Monday
1988-07-19,50,2,4.0,6,12.0,0,0.0,0,0.0,0,0.0,5,10.0,0,0.0,0,0.0,0,0.0,41,82.0,0,0.0,2,4.0,戊辰,己未,乙亥,戊,辰,己,未,乙,亥,False,1,0,0,1.0,0.08333333333333333,0.08333333333333333,0.08333333333333333,0.0,0.0,0.08333333333333333,7,Tuesday
1988-07-20,62,0,0.0,4,6.451612903225806,0,0.0,1,1.6129032258064515,0,0.0,3,4.838709677419355,3,4.838709677419355,0,0.0,1,1.6129032258064515,50,80.64516129032258,0,0.0,2,3.225806451612903,戊辰,己未,丙子,戊,辰,己,未,丙,子,False,1,0,0,1.0,0.08333333333333333,0.08333333333333333,0.08333333333333333,0.0,0.0,0.08333333333333333,7,Wednesday
1988-07-21,52,0,0.0,2,3.8461538461538463,0,0.0,1,1.9230769230769231,0,0.0,5,9.615384615384617,0,0.0,0,0.0,1,1.9230769230769231,43,82.6923076923077,0,0.0,1,1.9230769230769231,戊辰,己未,丁丑,戊,辰,己,未,丁,丑,False,0,0,0,0.16666666666666666,0.0,0.0,0.08333333333333333,0.0,0.16666666666666666,0.0,7,Thursday
1988-07-22,56,0,0.0,6,10.714285714285714,0,0.0,0,0.0,0,0.0,0,0.0,5,8.928571428571429,0,0.0,1,1.7857142857142858,39,69.64285714285714,0,0.0,3,5.357142857142857,戊辰,己未,戊寅,戊,辰,己,未,戊,寅,False,0,0,0,0.16666666666666666,0.0,0.0,0.16666666666666666,0.0,0.16666666666666666,0.0,7,Friday
1988-07-23,33,0,0.0,2,6.0606060606060606,0,0.0,1,3.0303030303030303,0,0.0,1,3.0303030303030303,1,3.0303030303030303,0,0.0,0,0.0,28,84.84848484848484,0,0.0,1,3.0303030303030303,戊辰,己未,己卯,戊,辰,己,未,己,卯,False,1,0,0,1.0,0.08333333333333333,0.08333333333333333,0.16666666666666666,0.0,0.0,0.08333333333333333,7,Saturday
1988-07-24,40,0,0.0,4,10.0,0,0.0,0,0.0,0,0.0,4,10.0,1,2.5,0,0.0,0,0.0,28,70.0,0,0.0,0,0.0,戊辰,己未,庚辰,戊,辰,己,未,庚,辰,False,0,0,0,0.16666666666666666,0.0,0.0,0.08333333333333333,0.0,0.16666666666666666,0.0,7,Sunday
1988-07-25,62,1,1.6129032258064515,4,6.451612903225806,0,0.0,0,0.0,0,0.0,3,4.838709677419355,4,6.451612903225806,0,0.0,0,0.0,45,72.58064516129032,0,0.0,0,0.0,戊辰,己未,辛巳,戊,辰,己,未,辛,巳,False,0,0,0,0.16666666666666666,0.0,0.0,0.08333333333333333,0.0,0.16666666666666666,0.0,7,Monday
1988-07-26,42,0,0.0,8,19.047619047619047,0,0.0,0,0.0,0,0.0,2,4.761904761904762,1,2.380952380952381,0,0.0,0,0.0,27,64.28571428571429,0,0.0,2,4.761904761904762,戊辰,己未,壬午,戊,辰,己,未,壬,午,False,0,0,0,0.16666666666666666,0.0,0.0,0.08333333333333333,0.0,0.16666666666666666,0.0,7,Tuesday
1988-07-27,40,0,0.0,2,5.0,1,2.5,0,0.0,0,0.0,4,10.0,0,0.0,0,0.0,0,0.0,28,70.0,0,0.0,1,2.5,戊辰,己未,癸未,戊,辰,己,未,癸,未,False,0,1,0,0.16666666666666666,0.0,0.0,1.0,0.0,0.16666666666666666,0.0,7,Wednesday
1988-07-28,42,0,0.0,3,7.142857142857143,0,0.0,0,0.0,0,0.0,5,11.904761904761903,1,2.380952380952381,0,0.0,0,0.0,27,64.28571428571429,1,2.380952380952381,0,0.0,戊辰,己未,甲申,戊,辰,己,未,甲,申,False,1,1,1,1.0,0.08333333333333333,0.08333333333333333,1.0,0.08333333333333333,0.0,0.08333333333333333,7,Thursday
1988-07-29,39,0,0.0,4,10.256410256410255,0,0.0,1,2.5641025641025643,0,0.0,2,5.128205128205129,2,5.128205128205129,0,0.0,0,0.0,28,71.7948717948718,0,0.0,0,0.0,戊辰,己未,乙酉,戊,辰,己,未,乙,酉,False,0,0,0,0.16666666666666666,0.0,0.0,0.08333333333333333,0.0,0.16666666666666666,0.0,7,Friday
1988-07-30,44,0,0.0,8,18.181818181818183,0,0.0,0,0.0,0,0.0,1,2.272727272727273,4,9.090909090909092,0,0.0,0,0.0,29,65.9090909090909,0,0.0,0,0.0,戊辰,己未,丙戌,戊,辰,己,未,丙,戌,False,0,0,0,0.16666666666666666,0.0,0.0,0.08333333333333333,0.0,0.16666666666666666,0.0,7,Saturday
1988-07-31,31,0,0.0,4,12.903225806451612,0,0.0,0,0.0,0,0.0,3,9.67741935483871,1,3.225806451612903,0,0.0,0,0.0,22,70.96774193548387,0,0.0,1,3.225806451612903,戊辰,己未,丁亥,戊,辰,己,未,丁,亥,False,1,0,0,1.0,0.08333333333333333,0.08333333333333333,0.08333333333333333,0.0,0.0,0.08333333333333333,7,Sunday
1988-08-01,50,1,2.0,2,4.0,1,2.0,1,2.0,0,0.0,4,8.0,2,4.0,0,0.0,0,0.0,36,72.0,1,2.0,0,0.0,戊辰,己未,戊子,戊,辰,己,未,戊,子,False,1,0,0,1.0,0.08333333333333333,0.08333333333333333,0.16666666666666666,0.0,0.0,0.08333333333333333,8,Monday
1988-08-02,60,0,0.0,6,10.0,0,0.0,0,0.0,0,0.0,5,8.333333333333334,1,1.6666666666666667,0,0.0,0,0.0,43,71.66666666666667,0,0.0,3,5.0,戊辰,己未,己丑,戊,辰,己,未,己,丑,False,0,0,0,0.16666666666666666,0.0,0.0,0.16666666666666666,0.0,0.16666666666666666,0.0,8,Tuesday
1988-08-03,47,0,0.0,2,4.25531914893617,0,0.0,0,0.0,0,0.0,4,8.51063829787234,2,4.25531914893617,0,0.0,1,2.127659574468085,32,68.08510638297872,1,2.127659574468085,1,2.127659574468085,戊辰,己未,庚寅,戊,辰,己,未,庚,寅,False,0,0,0,0.16666666666666666,0.0,0.0,0.08333333333333333,0.0,0.16666666666666666,0.0,8,Wednesday
1988-08-04,41,0,0.0,2,4.878048780487805,1,2.4390243902439024,0,0.0,0,0.0,3,7.317073170731708,1,2.4390243902439024,0,0.0,0,0.0,27,65.85365853658537,0,0.0,0,0.0,戊辰,己未,辛卯,戊,辰,己,未,辛,卯,False,1,0,0,1.0,0.08333333333333333,0.08333333333333333,0.08333333333333333,0.0,0.0,0.08333333333333333,8,Thursday
1988-08-05,49,1,2.0408163265306123,2,4.081632653061225,0,0.0,0,0.0,0,0.0,0,0.0,3,6.122448979591836,0,0.0,0,0.0,35,71.42857142857143,0,0.0,0,0.0,戊辰,己未,壬辰,戊,辰,己,未,壬,辰,False,0,0,0,0.16666666666666666,0.0,0.0,0.08333333333333333,0.0,0.16666666666666666,0.0,8,Friday
1988-08-06,53,1,1.8867924528301887,9,16.9811320754717,0,0.0,0,0.0,0,0.0,3,5.660377358490566,0,0.0,0,0.0,0,0.0,41,77.35849056603773,0,0.0,1,1.8867924528301887,戊辰,己未,癸巳,戊,辰,己,未,癸,巳,False,0,1,0,0.16666666666666666,0.0,0.0,1.0,0.0,0.16666666666666666,0.0,8,Saturday
1988-08-07,42,0,0.0,4,9.523809523809524,0,0.0,0,0.0,1,2.380952380952381,2,4.761904761904762,0,0.0,0,0.0,0,0.0,35,83.33333333333333,0,0.0,0,0.0,戊辰,己未,甲午,戊,辰,己,未,甲,午,True,0,1,0,0.16666666666666666,0.0,0.0,1.0,0.0,0.16666666666666666,0.0,8,Sunday
1988-08-08,73,1,1.36986301369863,6,8.219178082191782,1,1.36986301369863,0,0.0,0,0.0,0,0.0,4,5.47945205479452,0,0.0,0,0.0,48,65.75342465753425,0,0.0,4,5.47945205479452,戊辰,庚申,乙未,戊,辰,庚,申,乙,未,False,0,1,0,0.16666666666666666,0.08333333333333333,0.0,1.0,0.0,0.16666666666666666,0.0,8,Monday
1988-08-09,41,0,0.0,6,14.634146341463415,0,0.0,0,0.0,0,0.0,3,7.317073170731708,2,4.878048780487805,0,0.0,0,0.0,28,68.29268292682927,0,0.0,2,4.878048780487805,戊辰,庚申,丙申,戊,辰,庚,申,丙,申,False,1,0,0,1.0,0.08333333333333333,0.08333333333333333,0.08333333333333333,0.0,0.0,0.08333333333333333,8,Tuesday
1988-08-10,56,0,0.0,4,7.142857142857143,0,0.0,0,0.0,0,0.0,3,5.357142857142857,1,1.7857142857142858,0,0.0,0,0.0,42,75.0,1,1.7857142857142858,1,1.7857142857142858,戊辰,庚申,丁酉,戊,辰,庚,申,丁,酉,False,0,0,0,0.16666666666666666,0.08333333333333333,0.0,0.08333333333333333,0.0,0.16666666666666666,0.0,8,Wednesday
1988-08-11,50,1,2.0,8,16.0,0,0.0,0,0.0,0,0.0,2,4.0,1,2.0,0,0.0,1,2.0,41,82.0,0,0.0,0,0.0,戊辰,庚申,戊戌,戊,辰,庚,申,戊,戌,False,0,0,0,0.16666666666666666,0.08333333333333333,0.0,0.16666666666666666,0.0,0.16666666666666666,0.0,8,Thursday
1988-08-12,43,0,0.0,3,6.976744186046512,0,0.0,1,2.3255813953488373,0,0.0,3,6.976744186046512,1,2.3255813953488373,0,0.0,0,0.0,36,83.72093023255815,0,0.0,0,0.0,戊辰,庚申,己亥,戊,辰,庚,申,己,亥,False,0,0,0,0.16666666666666666,0.08333333333333333,0.0,0.16666666666666666,0.0,0.16666666666666666,0.0,8,Friday
1988-08-13,38,0,0.0,1,2.631578947368421,0,0.0,0,0.0,0,0.0,2,5.2631578947368425,0,0.0,0,0.0,0,0.0,30,78.94736842105263,0,0.0,0,0.0,戊辰,庚申,庚子,戊,辰,庚,申,庚,子,False,1,0,0,1.0,1.0,1.0,0.08333333333333333,0.08333333333333333,0.0,0.0,8,Saturday
1988-08-14,38,0,0.0,2,5.2631578947368425,0,0.0,0,0.0,0,0.0,0,0.0,0,0.0,0,0.0,0,0.0,33,86.84210526315789,0,0.0,0,0.0,戊辰,庚申,辛丑,戊,辰,庚,申,辛,丑,False,0,0,0,0.16666666666666666,0.08333333333333333,0.0,0.08333333333333333,0.0,0.16666666666666666,0.0,8,Sunday
1988-08-15,38,1,2.631578947368421,4,10.526315789473683,0,0.0,1,2.631578947368421,0,0.0,0,0.0,4,10.526315789473683,0,0.0,0,0.0,30,78.94736842105263,0,0.0,0,0.0,戊辰,庚申,壬寅,戊,辰,庚,申,壬,寅,False,0,0,0,0.16666666666666666,0.08333333333333333,0.0,0.08333333333333333,0.0,0.16666666666666666,0.0,8,Monday
1988-08-16,56,0,0.0,6,10.714285714285714,0,0.0,0,0.0,0,0.0,3,5.357142857142857,3,5.357142857142857,0,0.0,0,0.0,41,73.21428571428571,1,1.7857142857142858,3,5.357142857142857,戊辰,庚申,癸卯,戊,辰,庚,申,癸,卯,False,0,1,0,0.16666666666666666,0.08333333333333333,0.0,1.0,0.0,0.16666666666666666,0.0,8,Tuesday
1988-08-17,56,1,1.7857142857142858,5,8.928571428571429,2,3.571428571428572,1,1.7857142857142858,0,0.0,8,14.285714285714286,1,1.7857142857142858,0,0.0,0,0.0,36,64.28571428571429,1,1.7857142857142858,2,3.571428571428572,戊辰,庚申,甲辰,戊,辰,庚,申,甲,辰,False,1,0,0,1.0,0.08333333333333333,0.08333333333333333,0.08333333333333333,0.0,0.0,0.08333333333333333,8,Wednesday
1988-08-18,46,1,2.1739130434782608,4,8.695652173913043,0,0.0,0,0.0,0,0.0,1,2.1739130434782608,0,0.0,0,0.0,0,0.0,35,76.08695652173913,2,4.3478260869565215,2,4.3478260869565215,戊辰,庚申,乙巳,戊,辰,庚,申,乙,巳,False,0,1,0,0.16666666666666666,0.08333333333333333,0.0,1.0,0.0,0.16666666666666666,0.0,8,Thursday
1988-08-19,46,0,0.0,3,6.521739130434782,0,0.0,0,0.0,0,0.0,4,8.695652173913043,0,0.0,0,0.0,0,0.0,35,76.08695652173913,0,0.0,2,4.3478260869565215,戊辰,庚申,丙午,戊,辰,庚,申,丙,午,False,0,0,0,0.16666666666666666,0.08333333333333333,0.0,0.08333333333333333,0.0,0.16666666666666666,0.0,8,Friday
1988-08-20,45,0,0.0,7,15.555555555555555,0,0.0,1,2.2222222222222223,0,0.0,2,4.444444444444445,1,2.2222222222222223,0,0.0,1,2.2222222222222223,31,68.88888888888889,0,0.0,0,0.0,戊辰,庚申,丁未,戊,辰,庚,申,丁,未,False,0,0,0,0.16666666666666666,0.08333333333333333,0.0,0.08333333333333333,0.0,0.16666666666666666,0.0,8,Saturday
1988-08-21,38,0,0.0,4,10.526315789473683,1,2.631578947368421,0,0.0,0,0.0,4,10.526315789473683,1,2.631578947368421,0,0.0,0,0.0,26,68.42105263157895,0,0.0,2,5.2631578947368425,戊辰,庚申,戊申,戊,辰,庚,申,戊,申,False,1,0,0,1.0,0.08333333333333333,0.08333333333333333,0.16666666666666666,0.0,0.0,0.08333333333333333,8,Sunday
1988-08-22,42,0,0.0,2,4.761904761904762,1,2.380952380952381,1,2.380952380952381,1,2.380952380952381,3,7.142857142857143,2,4.761904761904762,0,0.0,0,0.0,29,69.04761904761905,0,0.0,3,7.142857142857143,戊辰,庚申,己酉,戊,辰,庚,申,己,酉,False,0,0,0,0.16666666666666666,0.08333333333333333,0.0,0.16666666666666666,0.0,0.16666666666666666,0.0,8,Monday
1988-08-23,40,0,0.0,3,7.5,2,5.0,0,0.0,0,0.0,0,0.0,1,2.5,0,0.0,1,2.5,31,77.5,0,0.0,1,2.5,戊辰,庚申,庚戌,戊,辰,庚,申,庚,戌,False,0,0,0,0.16666666666666666,0.08333333333333333,0.0,0.08333333333333333,0.0,0.16666666666666666,0.0,8,Tuesday
1988-08-24,45,0,0.0,5,11.11111111111111,0,0.0,0,0.0,0,0.0,3,6.666666666666667,0,0.0,0,0.0,0,0.0,33,73.33333333333333,0,0.0,1,2.2222222222222223,戊辰,庚申,辛亥,戊,辰,庚,申,辛,亥,False,0,0,0,0.16666666666666666,0.08333333333333333,0.0,0.08333333333333333,0.0,0.16666666666666666,0.0,8,Wednesday
1988-08-25,52,0,0.0,4,7.6923076923076925,0,0.0,0,0.0,0,0.0,3,5.769230769230769,1,1.9230769230769231,0,0.0,0,0.0,43,82.6923076923077,0,0.0,1,1.9230769230769231,戊辰,庚申,壬子,戊,辰,庚,申,壬,子,False,1,0,0,1.0,1.0,1.0,0.08333333333333333,0.08333333333333333,0.0,0.0,8,Thursday
1988-08-26,42,0,0.0,8,19.047619047619047,1,2.380952380952381,0,0.0,0,0.0,5,11.904761904761903,1,2.380952380952381,0,0.0,0,0.0,26,61.90476190476191,1,2.380952380952381,0,0.0,戊辰,庚申,癸丑,戊,辰,庚,申,癸,丑,False,0,1,0,0.16666666666666666,0.08333333333333333,0.0,1.0,0.0,0.16666666666666666,0.0,8,Friday
1988-08-27,36,0,0.0,1,2.7777777777777777,0,0.0,0,0.0,0,0.0,4,11.11111111111111,2,5.555555555555555,0,0.0,0,0.0,24,66.66666666666667,1,2.7777777777777777,1,2.7777777777777777,戊辰,庚申,甲寅,戊,辰,庚,申,甲,寅,False,0,0,0,0.16666666666666666,0.08333333333333333,0.0,0.08333333333333333,0.0,0.16666666666666666,0.0,8,Saturday
1988-08-28,40,0,0.0,4,10.0,0,0.0,0,0.0,0,0.0,3,7.5,2,5.0,0,0.0,0,0.0,28,70.0,0,0.0,1,2.5,戊辰,庚申,乙卯,戊,辰,庚,申,乙,卯,False,0,1,0,0.16666666666666666,0.08333333333333333,0.0,1.0,0.0,0.16666666666666666,0.0,8,Sunday
1988-08-29,41,0,0.0,3,7.317073170731708,0,0.0,0,0.0,0,0.0,1,2.4390243902439024,3,7.317073170731708,0,0.0,0,0.0,32,78.04878048780488,1,2.4390243902439024,1,2.4390243902439024,戊辰,庚申,丙辰,戊,辰,庚,申,丙,辰,False,1,0,0,1.0,0.08333333333333333,0.08333333333333333,0.08333333333333333,0.0,0.0,0.08333333333333333,8,Monday
1988-08-30,36,0,0.0,2,5.555555555555555,0,0.0,0,0.0,0,0.0,3,8.333333333333334,0,0.0,0,0.0,0,0.0,27,75.0,1,2.7777777777777777,1,2.7777777777777777,戊辰,庚申,丁巳,戊,辰,庚,申,丁,巳,False,0,0,0,0.16666666666666666,0.08333333333333333,0.0,0.08333333333333333,0.0,0.16666666666666666,0.0,8,Tuesday
1988-08-31,52,0,0.0,5,9.615384615384617,0,0.0,1,1.9230769230769231,0,0.0,1,1.9230769230769231,1,1.9230769230769231,0,0.0,0,0.0,43,82.6923076923077,1,1.9230769230769231,2,3.8461538461538463,戊辰,庚申,戊午,戊,辰,庚,申,戊,午,False,0,0,0,0.16666666666666666,0.08333333333333333,0.0,0.16666666666666666,0.0,0.16666666666666666,0.0,8,Wednesday
1988-09-01,47,0,0.0,5,10.638297872340424,1,2.127659574468085,0,0.0,0,0.0,2,4.25531914893617,2,4.25531914893617,0,0.0,1,2.127659574468085,34,72.34042553191489,2,4.25531914893617,1,2.127659574468085,戊辰,庚申,己未,戊,辰,庚,申,己,未,False,0,0,0,0.16666666666666666,0.08333333333333333,0.0,0.16666666666666666,0.0,0.16666666666666666,0.0,9,Thursday
1988-09-02,34,0,0.0,3,8.823529411764707,0,0.0,0,0.0,0,0.0,1,2.9411764705882355,0,0.0,0,0.0,1,2.9411764705882355,24,70.58823529411765,0,0.0,0,0.0,戊辰,庚申,庚申,戊,辰,庚,申,庚,申,False,1,0,0,1.0,0.08333333333333333,0.08333333333333333,0.08333333333333333,0.0,0.0,0.08333333333333333,9,Friday
1988-09-03,38,0,0.0,5,13.157894736842104,0,0.0,0,0.0,0,0.0,3,7.894736842105263,2,5.2631578947368425,0,0.0,0,0.0,25,65.78947368421052,0,0.0,3,7.894736842105263,戊辰,庚申,辛酉,戊,辰,庚,申,辛,酉,False,0,0,0,0.16666666666666666,0.08333333333333333,0.0,0.08333333333333333,0.0,0.16666666666666666,0.0,9,Saturday
1988-09-04,50,0,0.0,2,4.0,0,0.0,0,0.0,0,0.0,3,6.0,1,2.0,0,0.0,0,0.0,37,74.0,1,2.0,1,2.0,戊辰,庚申,壬戌,戊,辰,庚,申,壬,戌,False,0,0,0,0.16666666666666666,0.08333333333333333,0.0,0.08333333333333333,0.0,0.16666666666666666,0.0,9,Sunday
1988-09-05,48,0,0.0,6,12.5,0,0.0,0,0.0,0,0.0,2,4.166666666666667,0,0.0,0,0.0,0,0.0,35,72.91666666666667,1,2.083333333333333,1,2.083333333333333,戊辰,庚申,癸亥,戊,辰,庚,申,癸,亥,False,0,1,0,0.16666666666666666,0.08333333333333333,0.0,1.0,0.0,0.16666666666666666,0.0,9,Monday
1988-09-06,47,1,2.127659574468085,8,17.02127659574468,2,4.25531914893617,0,0.0,0,0.0,4,8.51063829787234,1,2.127659574468085,0,0.0,0,0.0,35,74.46808510638297,1,2.127659574468085,0,0.0,戊辰,庚申,甲子,戊,辰,庚,申,甲,子,False,1,0,0,1.0,1.0,1.0,0.08333333333333333,0.08333333333333333,0.0,0.0,9,Tuesday
1988-09-07,59,1,1.694915254237288,10,16.949152542372882,1,1.694915254237288,0,0.0,0,0.0,3,5.084745762711864,0,0.0,0,0.0,0,0.0,45,76.27118644067797,1,1.694915254237288,3,5.084745762711864,戊辰,庚申,乙丑,戊,辰,庚,申,乙,丑,True,0,1,0,0.16666666666666666,0.08333333333333333,0.0,1.0,0.0,0.16666666666666666,0.0,9,Wednesday
1988-09-08,54,0,0.0,7,12.962962962962964,0,0.0,0,0.0,0,0.0,5,9.25925925925926,2,3.703703703703704,0,0.0,1,1.851851851851852,38,70.37037037037037,0,0.0,1,1.851851851851852,戊辰,辛酉,丙寅,戊,辰,辛,酉,丙,寅,False,0,1,0,0.16666666666666666,0.0,0.0,1.0,0.0,0.16666666666666666,0.0,9,Thursday
1988-09-09,56,0,0.0,9,16.071428571428573,1,1.7857142857142858,0,0.0,0,0.0,2,3.571428571428572,3,5.357142857142857,0,0.0,0,0.0,36,64.28571428571429,0,0.0,0,0.0,戊辰,辛酉,丁卯,戊,辰,辛,酉,丁,卯,False,0,0,0,0.16666666666666666,0.0,0.0,0.08333333333333333,0.0,0.16666666666666666,0.0,9,Friday
1988-09-10,38,0,0.0,3,7.894736842105263,0,0.0,1,2.631578947368421,0,0.0,0,0.0,1,2.631578947368421,0,0.0,0,0.0,29,76.3157894736842,0,0.0,2,5.2631578947368425,戊辰,辛酉,戊辰,戊,辰,辛,酉,戊,辰,False,0,0,0,0.16666666666666666,0.0,0.0,0.16666666666666666,0.0,0.16666666666666666,0.0,9,Saturday
1988-09-11,33,0,0.0,3,9.090909090909092,0,0.0,1,3.0303030303030303,0,0.0,1,3.0303030303030303,1,3.0303030303030303,0,0.0,0,0.0,26,78.78787878787878,0,0.0,0,0.0,戊辰,辛酉,己巳,戊,辰,辛,酉,己,巳,False,1,0,0,1.0,0.08333333333333333,0.08333333333333333,0.16666666666666666,0.0,0.0,0.08333333333333333,9,Sunday
1988-09-12,44,0,0.0,6,13.636363636363637,0,0.0,0,0.0,0,0.0,4,9.090909090909092,1,2.272727272727273,0,0.0,1,2.272727272727273,26,59.09090909090909,3,6.818181818181818,0,0.0,戊辰,辛酉,庚午,戊,辰,辛,酉,庚,午,False,0,0,0,0.16666666666666666,0.0,0.0,0.08333333333333333,0.0,0.16666666666666666,0.0,9,Monday
1988-09-13,51,0,0.0,6,11.764705882352942,0,0.0,0,0.0,0,0.0,6,11.764705882352942,1,1.96078431372549,0,0.0,0,0.0,37,72.54901960784314,0,0.0,1,1.96078431372549,戊辰,辛酉,辛未,戊,辰,辛,酉,辛,未,False,0,0,0,0.16666666666666666,0.0,0.0,0.08333333333333333,0.0,0.16666666666666666,0.0,9,Tuesday
1988-09-14,50,0,0.0,7,14.0,1,2.0,0,0.0,0,0.0,6,12.0,1,2.0,0,0.0,1,2.0,32,64.0,1,2.0,1,2.0,戊辰,辛酉,壬申,戊,辰,辛,酉,壬,申,False,1,0,0,1.0,0.08333333333333333,0.08333333333333333,0.08333333333333333,0.0,0.0,0.08333333333333333,9,Wednesday
1988-09-15,53,1,1.8867924528301887,7,13.20754716981132,1,1.8867924528301887,0,0.0,1,1.8867924528301887,1,1.8867924528301887,2,3.7735849056603774,0,0.0,0,0.0,39,73.58490566037736,1,1.8867924528301887,0,0.0,戊辰,辛酉,癸酉,戊,辰,辛,酉,癸,酉,False,0,1,0,0.16666666666666666,0.0,0.0,1.0,0.0,0.16666666666666666,0.0,9,Thursday
1988-09-16,53,0,0.0,9,16.9811320754717,0,0.0,0,0.0,1,1.8867924528301887,3,5.660377358490566,1,1.8867924528301887,0,0.0,0,0.0,38,71.69811320754717,0,0.0,1,1.8867924528301887,戊辰,辛酉,甲戌,戊,辰,辛,酉,甲,戌,False,0,0,0,0.16666666666666666,0.0,0.0,0.08333333333333333,0.0,0.16666666666666666,0.0,9,Friday
1988-09-17,33,1,3.0303030303030303,5,15.151515151515152,0,0.0,1,3.0303030303030303,0,0.0,3,9.090909090909092,3,9.090909090909092,0,0.0,0,0.0,21,63.63636363636363,0,0.0,0,0.0,戊辰,辛酉,乙亥,戊,辰,辛,酉,乙,亥,False,0,0,0,0.16666666666666666,0.0,0.0,0.08333333333333333,0.0,0.16666666666666666,0.0,9,Saturday
1988-09-18,42,0,0.0,4,9.523809523809524,1,2.380952380952381,0,0.0,0,0.0,2,4.761904761904762,2,4.761904761904762,1,2.380952380952381,0,0.0,27,64.28571428571429,0,0.0,2,4.761904761904762,戊辰,辛酉,丙子,戊,辰,辛,酉,丙,子,False,1,1,1,1.0,0.08333333333333333,0.08333333333333333,1.0,0.08333333333333333,0.0,0.08333333333333333,9,Sunday
1988-09-19,38,0,0.0,5,13.157894736842104,0,0.0,0,0.0,0,0.0,2,5.2631578947368425,2,5.2631578947368425,0,0.0,1,2.631578947368421,28,73.6842105263158,0,0.0,2,5.2631578947368425,戊辰,辛酉,丁丑,戊,辰,辛,酉,丁,丑,False,1,0,0,1.0,0.08333333333333333,0.08333333333333333,0.08333333333333333,0.0,0.0,0.08333333333333333,9,Monday
1988-09-20,54,0,0.0,6,11.11111111111111,0,0.0,0,0.0,0,0.0,6,11.11111111111111,1,1.851851851851852,0,0.0,0,0.0,39,72.22222222222223,0,0.0,2,3.703703703703704,戊辰,辛酉,戊寅,戊,辰,辛,酉,戊,寅,False,0,0,0,0.16666666666666666,0.0,0.0,0.16666666666666666,0.0,0.16666666666666666,0.0,9,Tuesday
1988-09-21,60,0,0.0,2,3.333333333333333,1,1.6666666666666667,0,0.0,0,0.0,3,5.0,4,6.666666666666667,0,0.0,1,1.6666666666666667,44,73.33333333333333,1,1.6666666666666667,1,1.6666666666666667,戊辰,辛酉,己卯,戊,辰,辛,酉,己,卯,False,0,0,0,0.16666666666666666,0.0,0.0,0.16666666666666666,0.0,0.16666666666666666,0.0,9,Wednesday
1988-09-22,61,1,1.639344262295082,7,11.475409836065571,0,0.0,0,0.0,0,0.0,6,9.836065573770492,1,1.639344262295082,0,0.0,3,4.918032786885246,41,67.21311475409836,1,1.639344262295082,2,3.278688524590164,戊辰,辛酉,庚辰,戊,辰,辛,酉,庚,辰,False,0,0,0,0.16666666666666666,0.0,0.0,0.08333333333333333,0.0,0.16666666666666666,0.0,9,Thursday
1988-09-23,54,1,1.851851851851852,5,9.25925925925926,0,0.0,0,0.0,0,0.0,4,7.407407407407407,1,1.851851851851852,0,0.0,1,1.851851851851852,37,68.51851851851852,1,1.851851851851852,2,3.703703703703704,戊辰,辛酉,辛巳,戊,辰,辛,酉,辛,巳,False,1,0,0,1.0,0.08333333333333333,0.08333333333333333,0.08333333333333333,0.0,0.0,0.08333333333333333,9,Friday
1988-09-24,51,0,0.0,3,5.882352941176471,0,0.0,0,0.0,0,0.0,2,3.92156862745098,1,1.96078431372549,0,0.0,0,0.0,44,86.27450980392157,1,1.96078431372549,1,1.96078431372549,戊辰,辛酉,壬午,戊,辰,辛,酉,壬,午,False,0,0,0,0.16666666666666666,0.0,0.0,0.08333333333333333,0.0,0.16666666666666666,0.0,9,Saturday
1988-09-25,44,0,0.0,5,11.363636363636363,1,2.272727272727273,0,0.0,0,0.0,3,6.818181818181818,0,0.0,0,0.0,0,0.0,28,63.63636363636363,0,0.0,2,4.545454545454546,戊辰,辛酉,癸未,戊,辰,辛,酉,癸,未,False,0,1,0,0.16666666666666666,0.0,0.0,1.0,0.0,0.16666666666666666,0.0,9,Sunday
1988-09-26,52,0,0.0,7,13.461538461538462,0,0.0,1,1.9230769230769231,0,0.0,6,11.538461538461538,1,1.9230769230769231,0,0.0,0,0.0,38,73.07692307692308,1,1.9230769230769231,1,1.9230769230769231,戊辰,辛酉,甲申,戊,辰,辛,酉,甲,申,False,1,0,0,1.0,0.08333333333333333,0.08333333333333333,0.08333333333333333,0.0,0.0,0.08333333333333333,9,Monday
1988-09-27,56,0,0.0,4,7.142857142857143,2,3.571428571428572,0,0.0,0,0.0,6,10.714285714285714,2,3.571428571428572,0,0.0,3,5.357142857142857,40,71.42857142857143,0,0.0,2,3.571428571428572,戊辰,辛酉,乙酉,戊,辰,辛,酉,乙,酉,False,0,0,0,0.16666666666666666,0.0,0.0,0.08333333333333333,0.0,0.16666666666666666,0.0,9,Tuesday
1988-09-28,48,0,0.0,6,12.5,0,0.0,0,0.0,0,0.0,3,6.25,1,2.083333333333333,0,0.0,0,0.0,35,72.91666666666667,1,2.083333333333333,0,0.0,戊辰,辛酉,丙戌,戊,辰,辛,酉,丙,戌,False,0,1,0,0.16666666666666666,0.0,0.0,1.0,0.0,0.16666666666666666,0.0,9,Wednesday
1988-09-29,49,0,0.0,5,10.20408163265306,0,0.0,0,0.0,0,0.0,1,2.0408163265306123,5,10.20408163265306,0,0.0,0,0.0,35,71.42857142857143,1,2.0408163265306123,2,4.081632653061225,戊辰,辛酉,丁亥,戊,辰,辛,酉,丁,亥,False,0,0,0,0.16666666666666666,0.0,0.0,0.08333333333333333,0.0,0.16666666666666666,0.0,9,Thursday
1988-09-30,51,0,0.0,5,9.803921568627452,0,0.0,1,1.96078431372549,0,0.0,2,3.92156862745098,0,0.0,0,0.0,2,3.92156862745098,40,78.43137254901961,1,1.96078431372549,1,1.96078431372549,戊辰,辛酉,戊子,戊,辰,辛,酉,戊,子,False,1,0,0,1.0,0.08333333333333333,0.08333333333333333,0.16666666666666666,0.0,0.0,0.08333333333333333,9,Friday
1988-10-01,40,0,0.0,7,17.5,0,0.0,0,0.0,0,0.0,4,10.0,2,5.0,0,0.0,0,0.0,25,62.5,1,2.5,2,5.0,戊辰,辛酉,己丑,戊,辰,辛,酉,己,丑,False,1,0,0,1.0,0.08333333333333333,0.08333333333333333,0.16666666666666666,0.0,0.0,0.08333333333333333,10,Saturday
1988-10-02,42,0,0.0,3,7.142857142857143,0,0.0,0,0.0,0,0.0,4,9.523809523809524,0,0.0,1,2.380952380952381,0,0.0,25,59.523809523809526,0,0.0,2,4.761904761904762,戊辰,辛酉,庚寅,戊,辰,辛,酉,庚,寅,False,0,0,0,0.16666666666666666,0.0,0.0,0.08333333333333333,0.0,0.16666666666666666,0.0,10,Sunday
1988-10-03,46,1,2.1739130434782608,9,19.565217391304348,0,0.0,0,0.0,1,2.1739130434782608,3,6.521739130434782,4,8.695652173913043,0,0.0,0,0.0,28,60.869565217391305,1,2.1739130434782608,0,0.0,戊辰,辛酉,辛卯,戊,辰,辛,酉,辛,卯,False,0,0,0,0.16666666666666666,0.0,0.0,0.08333333333333333,0.0,0.16666666666666666,0.0,10,Monday
1988-10-04,46,0,0.0,2,4.3478260869565215,0,0.0,1,2.1739130434782608,0,0.0,4,8.695652173913043,2,4.3478260869565215,0,0.0,0,0.0,33,71.73913043478261,0,0.0,0,0.0,戊辰,辛酉,壬辰,戊,辰,辛,酉,壬,辰,False,0,0,0,0.16666666666666666,0.0,0.0,0.08333333333333333,0.0,0.16666666666666666,0.0,10,Tuesday
1988-10-05,52,0,0.0,7,13.461538461538462,0,0.0,0,0.0,0,0.0,4,7.6923076923076925,1,1.9230769230769231,0,0.0,1,1.9230769230769231,37,71.15384615384616,0,0.0,2,3.8461538461538463,戊辰,辛酉,癸巳,戊,辰,辛,酉,癸,巳,False,1,1,1,1.0,0.08333333333333333,0.08333333333333333,1.0,0.08333333333333333,0.0,0.08333333333333333,10,Wednesday
1988-10-06,39,0,0.0,5,12.82051282051282,0,0.0,0,0.0,0,0.0,4,10.256410256410255,0,0.0,0,0.0,0,0.0,25,64.1025641025641,0,0.0,1,2.5641025641025643,戊辰,辛酉,甲午,戊,辰,辛,酉,甲,午,False,0,0,0,0.16666666666666666,0.0,0.0,0.08333333333333333,0.0,0.16666666666666666,0.0,10,Thursday
1988-10-07,44,0,0.0,3,6.818181818181818,0,0.0,0,0.0,0,0.0,3,6.818181818181818,2,4.545454545454546,0,0.0,0,0.0,34,77.27272727272727,0,0.0,0,0.0,戊辰,辛酉,乙未,戊,辰,辛,酉,乙,未,False,0,0,0,0.16666666666666666,0.0,0.0,0.08333333333333333,0.0,0.16666666666666666,0.0,10,Friday
1988-10-08,44,0,0.0,3,6.818181818181818,0,0.0,0,0.0,0,0.0,0,0.0,3,6.818181818181818,0,0.0,0,0.0,33,75.0,1,2.272727272727273,0,0.0,戊辰,壬戌,丙申,戊,辰,壬,戌,丙,申,True,1,0,0,1.0,0.08333333333333333,0.08333333333333333,0.08333333333333333,0.0,0.0,0.08333333333333333,10,Saturday
1988-10-09,24,0,0.0,2,8.333333333333334,0,0.0,0,0.0,0,0.0,1,4.166666666666667,1,4.166666666666667,0,0.0,0,0.0,20,83.33333333333333,1,4.166666666666667,1,4.166666666666667,戊辰,壬戌,丁酉,戊,辰,壬,戌,丁,酉,False,0,1,0,0.16666666666666666,0.0,0.0,1.0,0.0,0.16666666666666666,0.0,10,Sunday
1988-10-10,62,0,0.0,3,4.838709677419355,0,0.0,1,1.6129032258064515,0,0.0,3,4.838709677419355,1,1.6129032258064515,0,0.0,1,1.6129032258064515,49,79.03225806451613,0,0.0,1,1.6129032258064515,戊辰,壬戌,戊戌,戊,辰,壬,戌,戊,戌,False,0,0,0,0.16666666666666666,0.0,0.0,0.16666666666666666,0.0,0.16666666666666666,0.0,10,Monday
1988-10-11,45,1,2.2222222222222223,2,4.444444444444445,1,2.2222222222222223,0,0.0,0,0.0,0,0.0,2,4.444444444444445,0,0.0,0,0.0,34,75.55555555555556,0,0.0,0,0.0,戊辰,壬戌,己亥,戊,辰,壬,戌,己,亥,False,0,0,0,0.16666666666666666,0.0,0.0,0.16666666666666666,0.0,0.16666666666666666,0.0,10,Tuesday
1988-10-12,58,0,0.0,5,8.620689655172415,0,0.0,1,1.7241379310344829,0,0.0,4,6.896551724137931,2,3.4482758620689653,0,0.0,0,0.0,43,74.13793103448276,0,0.0,3,5.172413793103448,戊辰,壬戌,庚子,戊,辰,壬,戌,庚,子,False,1,0,0,1.0,0.08333333333333333,0.08333333333333333,0.08333333333333333,0.0,0.0,0.08333333333333333,10,Wednesday
1988-10-13,53,1,1.8867924528301887,7,13.20754716981132,0,0.0,0,0.0,0,0.0,4,7.547169811320755,1,1.8867924528301887,0,0.0,0,0.0,41,77.35849056603773,2,3.7735849056603774,0,0.0,戊辰,壬戌,辛丑,戊,辰,壬,戌,辛,丑,False,0,0,0,0.16666666666666666,0.0,0.0,0.08333333333333333,0.0,0.16666666666666666,0.0,10,Thursday
1988-10-14,46,0,0.0,2,4.3478260869565215,0,0.0,1,2.1739130434782608,0,0.0,2,4.3478260869565215,1,2.1739130434782608,0,0.0,0,0.0,36,78.26086956521739,1,2.1739130434782608,1,2.1739130434782608,戊辰,壬戌,壬寅,戊,辰,壬,戌,壬,寅,False,1,0,0,1.0,0.08333333333333333,0.08333333333333333,0.08333333333333333,0.0,0.0,0.08333333333333333,10,Friday
1988-10-15,35,0,0.0,2,5.714285714285714,1,2.857142857142857,0,0.0,0,0.0,3,8.571428571428571,3,8.571428571428571,0,0.0,0,0.0,25,71.42857142857143,0,0.0,2,5.714285714285714,戊辰,壬戌,癸卯,戊,辰,壬,戌,癸,卯,False,0,1,0,0.16666666666666666,0.0,0.0,1.0,0.0,0.16666666666666666,0.0,10,Saturday
1988-10-16,32,0,0.0,3,9.375,0,0.0,0,0.0,0,0.0,1,3.125,1,3.125,0,0.0,0,0.0,24,75.0,0,0.0,1,3.125,戊辰,壬戌,甲辰,戊,辰,壬,戌,甲,辰,False,0,0,0,0.16666666666666666,0.0,0.0,0.08333333333333333,0.0,0.16666666666666666,0.0,10,Sunday
1988-10-17,51,2,3.92156862745098,8,15.68627450980392,0,0.0,0,0.0,0,0.0,6,11.764705882352942,1,1.96078431372549,0,0.0,1,1.96078431372549,36,70.58823529411765,0,0.0,2,3.92156862745098,戊辰,壬戌,乙巳,戊,辰,壬,戌,乙,巳,False,0,0,0,0.16666666666666666,0.0,0.0,0.08333333333333333,0.0,0.16666666666666666,0.0,10,Monday
1988-10-18,35,0,0.0,7,20.0,0,0.0,0,0.0,0,0.0,3,8.571428571428571,0,0.0,0,0.0,0,0.0,26,74.28571428571429,0,0.0,0,0.0,戊辰,壬戌,丙午,戊,辰,壬,戌,丙,午,False,1,0,0,1.0,0.08333333333333333,0.08333333333333333,0.08333333333333333,0.0,0.0,0.08333333333333333,10,Tuesday
1988-10-19,40,0,0.0,4,10.0,0,0.0,0,0.0,0,0.0,3,7.5,0,0.0,0,0.0,0,0.0,28,70.0,0,0.0,1,2.5,戊辰,壬戌,丁未,戊,辰,壬,戌,丁,未,False,0,1,0,0.16666666666666666,0.0,0.0,1.0,0.0,0.16666666666666666,0.0,10,Wednesday
1988-10-20,48,0,0.0,6,12.5,1,2.083333333333333,0,0.0,0,0.0,5,10.416666666666666,3,6.25,0,0.0,0,0.0,31,64.58333333333333,1,2.083333333333333,0,0.0,戊辰,壬戌,戊申,戊,辰,壬,戌,戊,申,False,1,0,0,1.0,0.08333333333333333,0.08333333333333333,0.16666666666666666,0.0,0.0,0.08333333333333333,10,Thursday
1988-10-21,50,1,2.0,8,16.0,0,0.0,0,0.0,0,0.0,4,8.0,3,6.0,0,0.0,0,0.0,35,70.0,0,0.0,2,4.0,戊辰,壬戌,己酉,戊,辰,壬,戌,己,酉,False,0,0,0,0.16666666666666666,0.0,0.0,0.16666666666666666,0.0,0.16666666666666666,0.0,10,Friday
1988-10-22,45,1,2.2222222222222223,5,11.11111111111111,0,0.0,0,0.0,0,0.0,2,4.444444444444445,2,4.444444444444445,0,0.0,1,2.2222222222222223,32,71.11111111111111,0,0.0,3,6.666666666666667,戊辰,壬戌,庚戌,戊,辰,壬,戌,庚,戌,False,0,0,0,0.16666666666666666,0.0,0.0,0.08333333333333333,0.0,0.16666666666666666,0.0,10,Saturday
1988-10-23,35,0,0.0,2,5.714285714285714,0,0.0,0,0.0,0,0.0,2,5.714285714285714,0,0.0,0,0.0,0,0.0,23,65.71428571428571,0,0.0,0,0.0,戊辰,壬戌,辛亥,戊,辰,壬,戌,辛,亥,False,0,0,0,0.16666666666666666,0.0,0.0,0.08333333333333333,0.0,0.16666666666666666,0.0,10,Sunday
1988-10-24,42,0,0.0,1,2.380952380952381,0,0.0,0,0.0,0,0.0,2,4.761904761904762,2,4.761904761904762,0,0.0,1,2.380952380952381,28,66.66666666666667,1,2.380952380952381,0,0.0,戊辰,壬戌,壬子,戊,辰,壬,戌,壬,子,False,1,0,0,1.0,0.08333333333333333,0.08333333333333333,0.08333333333333333,0.0,0.0,0.08333333333333333,10,Monday
1988-10-25,50,1,2.0,10,20.0,0,0.0,0,0.0,0,0.0,3,6.0,3,6.0,0,0.0,0,0.0,34,68.0,0,0.0,2,4.0,戊辰,壬戌,癸丑,戊,辰,壬,戌,癸,丑,False,0,1,0,0.16666666666666666,0.0,0.0,1.0,0.0,0.16666666666666666,0.0,10,Tuesday
1988-10-26,39,1,2.5641025641025643,1,2.5641025641025643,1,2.5641025641025643,0,0.0,0,0.0,2,5.128205128205129,2,5.128205128205129,0,0.0,0,0.0,23,58.97435897435897,0,0.0,0,0.0,戊辰,壬戌,甲寅,戊,辰,壬,戌,甲,寅,False,1,0,0,1.0,0.08333333333333333,0.08333333333333333,0.08333333333333333,0.0,0.0,0.08333333333333333,10,Wednesday
1988-10-27,44,1,2.272727272727273,1,2.272727272727273,0,0.0,0,0.0,2,4.545454545454546,5,11.363636363636363,3,6.818181818181818,0,0.0,0,0.0,30,68.18181818181819,0,0.0,0,0.0,戊辰,壬戌,乙卯,戊,辰,壬,戌,乙,卯,False,0,0,0,0.16666666666666666,0.0,0.0,0.08333333333333333,0.0,0.16666666666666666,0.0,10,Thursday
1988-10-28,60,1,1.6666666666666667,12,20.0,1,1.6666666666666667,0,0.0,0,0.0,7,11.666666666666666,2,3.333333333333333,0,0.0,0,0.0,36,60.0,1,1.6666666666666667,2,3.333333333333333,戊辰,壬戌,丙辰,戊,辰,壬,戌,丙,辰,False,0,0,0,0.16666666666666666,0.0,0.0,0.08333333333333333,0.0,0.16666666666666666,0.0,10,Friday
1988-10-29,43,1,2.3255813953488373,3,6.976744186046512,0,0.0,0,0.0,0,0.0,2,4.651162790697675,2,4.651162790697675,0,0.0,0,0.0,31,72.09302325581395,0,0.0,2,4.651162790697675,戊辰,壬戌,丁巳,戊,辰,壬,戌,丁,巳,False,0,1,0,0.16666666666666666,0.0,0.0,1.0,0.0,0.16666666666666666,0.0,10,Saturday
1988-10-30,31,0,0.0,3,9.67741935483871,0,0.0,0,0.0,0,0.0,2,6.451612903225806,0,0.0,0,0.0,1,3.225806451612903,18,58.064516129032256,0,0.0,1,3.225806451612903,戊辰,壬戌,戊午,戊,辰,壬,戌,戊,午,False,1,0,0,1.0,0.08333333333333333,0.08333333333333333,0.16666666666666666,0.0,0.0,0.08333333333333333,10,Sunday
1988-10-31,39,0,0.0,2,5.128205128205129,0,0.0,1,2.5641025641025643,0,0.0,2,5.128205128205129,1,2.5641025641025643,0,0.0,0,0.0,30,76.92307692307692,1,2.5641025641025643,0,0.0,戊辰,壬戌,己未,戊,辰,壬,戌,己,未,False,0,0,0,0.16666666666666666,0.0,0.0,0.16666666666666666,0.0,0.16666666666666666,0.0,10,Monday
1988-11-01,43,0,0.0,3,6.976744186046512,0,0.0,1,2.3255813953488373,0,0.0,2,4.651162790697675,1,2.3255813953488373,0,0.0,0,0.0,31,72.09302325581395,1,2.3255813953488373,2,4.651162790697675,戊辰,壬戌,庚申,戊,辰,壬,戌,庚,申,False,1,0,0,1.0,0.08333333333333333,0.08333333333333333,0.08333333333333333,0.0,0.0,0.08333333333333333,11,Tuesday
1988-11-02,33,0,0.0,2,6.0606060606060606,1,3.0303030303030303,0,0.0,0,0.0,1,3.0303030303030303,2,6.0606060606060606,0,0.0,0,0.0,24,72.72727272727273,0,0.0,1,3.0303030303030303,戊辰,壬戌,辛酉,戊,辰,壬,戌,辛,酉,False,0,0,0,0.16666666666666666,0.0,0.0,0.08333333333333333,0.0,0.16666666666666666,0.0,11,Wednesday
1988-11-03,47,0,0.0,4,8.51063829787234,0,0.0,0,0.0,0,0.0,3,6.382978723404255,1,2.127659574468085,0,0.0,0,0.0,36,76.59574468085107,2,4.25531914893617,0,0.0,戊辰,壬戌,壬戌,戊,辰,壬,戌,壬,戌,False,0,0,0,0.16666666666666666,0.0,0.0,0.08333333333333333,0.0,0.16666666666666666,0.0,11,Thursday
1988-11-04,51,0,0.0,3,5.882352941176471,0,0.0,1,1.96078431372549,0,0.0,2,3.92156862745098,4,7.84313725490196,0,0.0,0,0.0,36,70.58823529411765,1,1.96078431372549,0,0.0,戊辰,壬戌,癸亥,戊,辰,壬,戌,癸,亥,False,0,1,0,0.16666666666666666,0.0,0.0,1.0,0.0,0.16666666666666666,0.0,11,Friday
1988-11-05,35,1,2.857142857142857,3,8.571428571428571,0,0.0,0,0.0,0,0.0,1,2.857142857142857,1,2.857142857142857,0,0.0,0,0.0,25,71.42857142857143,1,2.857142857142857,1,2.857142857142857,戊辰,壬戌,甲子,戊,辰,壬,戌,甲,子,False,1,0,0,1.0,0.08333333333333333,0.08333333333333333,0.08333333333333333,0.0,0.0,0.08333333333333333,11,Saturday
1988-11-06,47,0,0.0,5,10.638297872340424,0,0.0,0,0.0,0,0.0,6,12.76595744680851,0,0.0,0,0.0,1,2.127659574468085,32,68.08510638297872,0,0.0,0,0.0,戊辰,壬戌,乙丑,戊,辰,壬,戌,乙,丑,False,0,0,0,0.16666666666666666,0.0,0.0,0.08333333333333333,0.0,0.16666666666666666,0.0,11,Sunday
1988-11-07,44,1,2.272727272727273,5,11.363636363636363,0,0.0,0,0.0,0,0.0,4,9.090909090909092,0,0.0,0,0.0,1,2.272727272727273,32,72.72727272727273,0,0.0,0,0.0,戊辰,壬戌,丙寅,戊,辰,壬,戌,丙,寅,True,1,0,0,1.0,0.08333333333333333,0.08333333333333333,0.08333333333333333,0.0,0.0,0.08333333333333333,11,Monday
1988-11-08,46,1,2.1739130434782608,6,13.043478260869565,0,0.0,0,0.0,0,0.0,3,6.521739130434782,1,2.1739130434782608,0,0.0,0,0.0,32,69.56521739130434,3,6.521739130434782,4,8.695652173913043,戊辰,癸亥,丁卯,戊,辰,癸,亥,丁,卯,False,1,0,0,1.0,0.08333333333333333,0.08333333333333333,0.08333333333333333,0.0,0.0,0.08333333333333333,11,Tuesday
1988-11-09,42,0,0.0,5,11.904761904761903,1,2.380952380952381,1,2.380952380952381,1,2.380952380952381,1,2.380952380952381,1,2.380952380952381,0,0.0,0,0.0,27,64.28571428571429,0,0.0,1,2.380952380952381,戊辰,癸亥,戊辰,戊,辰,癸,亥,戊,辰,False,0,1,0,0.16666666666666666,0.0,0.0,1.0,0.0,0.16666666666666666,0.0,11,Wednesday
1988-11-10,49,1,2.0408163265306123,5,10.20408163265306,0,0.0,0,0.0,0,0.0,3,6.122448979591836,5,10.20408163265306,0,0.0,0,0.0,29,59.18367346938776,0,0.0,3,6.122448979591836,戊辰,癸亥,己巳,戊,辰,癸,亥,己,巳,False,0,0,0,0.16666666666666666,0.0,0.0,0.16666666666666666,0.0,0.16666666666666666,0.0,11,Thursday
1988-11-11,45,0,0.0,4,8.88888888888889,2,4.444444444444445,0,0.0,0,0.0,3,6.666666666666667,2,4.444444444444445,0,0.0,0,0.0,29,64.44444444444444,1,2.2222222222222223,0,0.0,戊辰,癸亥,庚午,戊,辰,癸,亥,庚,午,False,0,0,0,0.16666666666666666,0.0,0.0,0.08333333333333333,0.0,0.16666666666666666,0.0,11,Friday
1988-11-12,37,1,2.702702702702702,5,13.513513513513514,1,2.702702702702702,0,0.0,0,0.0,1,2.702702702702702,1,2.702702702702702,0,0.0,0,0.0,24,64.86486486486487,0,0.0,1,2.702702702702702,戊辰,癸亥,辛未,戊,辰,癸,亥,辛,未,False,1,0,0,1.0,0.08333333333333333,0.08333333333333333,0.08333333333333333,0.0,0.0,0.08333333333333333,11,Saturday
1988-11-13,24,2,8.333333333333334,3,12.5,0,0.0,0,0.0,0,0.0,2,8.333333333333334,3,12.5,0,0.0,0,0.0,16,66.66666666666667,0,0.0,0,0.0,戊辰,癸亥,壬申,戊,辰,癸,亥,壬,申,False,1,0,0,1.0,0.08333333333333333,0.08333333333333333,0.08333333333333333,0.0,0.0,0.08333333333333333,11,Sunday
1988-11-14,38,1,2.631578947368421,3,7.894736842105263,1,2.631578947368421,0,0.0,0,0.0,2,5.2631578947368425,2,5.2631578947368425,0,0.0,0,0.0,27,71.05263157894737,0,0.0,1,2.631578947368421,戊辰,癸亥,癸酉,戊,辰,癸,亥,癸,酉,False,0,1,0,0.16666666666666666,0.0,0.0,1.0,0.0,0.16666666666666666,0.0,11,Monday
1988-11-15,36,0,0.0,2,5.555555555555555,1,2.7777777777777777,0,0.0,0,0.0,1,2.7777777777777777,1,2.7777777777777777,0,0.0,0,0.0,30,83.33333333333333,0,0.0,0,0.0,戊辰,癸亥,甲戌,戊,辰,癸,亥,甲,戌,False,0,0,0,0.16666666666666666,0.0,0.0,0.08333333333333333,0.0,0.16666666666666666,0.0,11,Tuesday
1988-11-16,44,0,0.0,6,13.636363636363637,0,0.0,0,0.0,0,0.0,8,18.181818181818183,0,0.0,0,0.0,0,0.0,32,72.72727272727273,2,4.545454545454546,0,0.0,戊辰,癸亥,乙亥,戊,辰,癸,亥,乙,亥,False,0,0,0,0.16666666666666666,0.0,0.0,0.08333333333333333,0.0,0.16666666666666666,0.0,11,Wednesday
1988-11-17,38,0,0.0,5,13.157894736842104,0,0.0,0,0.0,0,0.0,2,5.2631578947368425,1,2.631578947368421,0,0.0,0,0.0,29,76.3157894736842,1,2.631578947368421,0,0.0,戊辰,癸亥,丙子,戊,辰,癸,亥,丙,子,False,1,0,0,1.0,0.08333333333333333,0.08333333333333333,0.08333333333333333,0.0,0.0,0.08333333333333333,11,Thursday
1988-11-18,44,0,0.0,5,11.363636363636363,0,0.0,0,0.0,0,0.0,7,15.909090909090908,2,4.545454545454546,0,0.0,0,0.0,28,63.63636363636363,2,4.545454545454546,0,0.0,戊辰,癸亥,丁丑,戊,辰,癸,亥,丁,丑,False,0,0,0,0.16666666666666666,0.0,0.0,0.08333333333333333,0.0,0.16666666666666666,0.0,11,Friday
1988-11-19,39,0,0.0,5,12.82051282051282,1,2.5641025641025643,0,0.0,0,0.0,3,7.6923076923076925,1,2.5641025641025643,0,0.0,1,2.5641025641025643,28,71.7948717948718,0,0.0,0,0.0,戊辰,癸亥,戊寅,戊,辰,癸,亥,戊,寅,False,0,1,0,0.16666666666666666,0.0,0.0,1.0,0.0,0.16666666666666666,0.0,11,Saturday
1988-11-20,40,1,2.5,6,15.0,0,0.0,0,0.0,0,0.0,3,7.5,2,5.0,0,0.0,0,0.0,26,65.0,0,0.0,2,5.0,戊辰,癸亥,己卯,戊,辰,癸,亥,己,卯,False,1,0,0,1.0,0.08333333333333333,0.08333333333333333,0.16666666666666666,0.0,0.0,0.08333333333333333,11,Sunday
1988-11-21,42,0,0.0,1,2.380952380952381,1,2.380952380952381,0,0.0,0,0.0,0,0.0,1,2.380952380952381,0,0.0,1,2.380952380952381,32,76.19047619047619,0,0.0,1,2.380952380952381,戊辰,癸亥,庚辰,戊,辰,癸,亥,庚,辰,False,0,0,0,0.16666666666666666,0.0,0.0,0.08333333333333333,0.0,0.16666666666666666,0.0,11,Monday
1988-11-22,37,0,0.0,4,10.81081081081081,0,0.0,1,2.702702702702702,0,0.0,5,13.513513513513514,2,5.405405405405405,0,0.0,1,2.702702702702702,24,64.86486486486487,0,0.0,1,2.702702702702702,戊辰,癸亥,辛巳,戊,辰,癸,亥,辛,巳,False,0,0,0,0.16666666666666666,0.0,0.0,0.08333333333333333,0.0,0.16666666666666666,0.0,11,Tuesday
1988-11-23,40,0,0.0,1,2.5,0,0.0,1,2.5,0,0.0,2,5.0,2,5.0,0,0.0,0,0.0,31,77.5,1,2.5,0,0.0,戊辰,癸亥,壬午,戊,辰,癸,亥,壬,午,False,0,0,0,0.16666666666666666,0.0,0.0,0.08333333333333333,0.0,0.16666666666666666,0.0,11,Wednesday
1988-11-24,27,0,0.0,2,7.407407407407407,0,0.0,0,0.0,0,0.0,1,3.703703703703704,1,3.703703703703704,0,0.0,0,0.0,22,81.48148148148148,0,0.0,0,0.0,戊辰,癸亥,癸未,戊,辰,癸,亥,癸,未,False,1,1,1,1.0,0.08333333333333333,0.08333333333333333,1.0,0.08333333333333333,0.0,0.08333333333333333,11,Thursday
1988-11-25,41,1,2.4390243902439024,1,2.4390243902439024,1,2.4390243902439024,0,0.0,0,0.0,1,2.4390243902439024,1,2.4390243902439024,0,0.0,2,4.878048780487805,31,75.60975609756098,0,0.0,1,2.4390243902439024,戊辰,癸亥,甲申,戊,辰,癸,亥,甲,申,False,1,0,0,1.0,0.08333333333333333,0.08333333333333333,0.08333333333333333,0.0,0.0,0.08333333333333333,11,Friday
1988-11-26,38,0,0.0,7,18.42105263157895,0,0.0,0,0.0,0,0.0,5,13.157894736842104,0,0.0,0,0.0,0,0.0,30,78.94736842105263,0,0.0,0,0.0,戊辰,癸亥,乙酉,戊,辰,癸,亥,乙,酉,False,0,0,0,0.16666666666666666,0.0,0.0,0.08333333333333333,0.0,0.16666666666666666,0.0,11,Saturday
1988-11-27,27,0,0.0,2,7.407407407407407,0,0.0,0,0.0,0,0.0,3,11.11111111111111,0,0.0,0,0.0,0,0.0,17,62.96296296296296,0,0.0,0,0.0,戊辰,癸亥,丙戌,戊,辰,癸,亥,丙,戌,False,0,0,0,0.16666666666666666,0.0,0.0,0.08333333333333333,0.0,0.16666666666666666,0.0,11,Sunday
1988-11-28,59,0,0.0,9,15.254237288135592,0,0.0,0,0.0,0,0.0,5,8.474576271186441,0,0.0,0,0.0,0,0.0,41,69.49152542372882,2,3.389830508474576,1,1.694915254237288,戊辰,癸亥,丁亥,戊,辰,癸,亥,丁,亥,False,0,0,0,0.16666666666666666,0.0,0.0,0.08333333333333333,0.0,0.16666666666666666,0.0,11,Monday
1988-11-29,44,0,0.0,5,11.363636363636363,0,0.0,0,0.0,0,0.0,2,4.545454545454546,0,0.0,0,0.0,0,0.0,37,84.0909090909091,0,0.0,1,2.272727272727273,戊辰,癸亥,戊子,戊,辰,癸,亥,戊,子,False,1,1,1,1.0,0.08333333333333333,0.08333333333333333,1.0,0.08333333333333333,0.0,0.08333333333333333,11,Tuesday
1988-11-30,39,0,0.0,2,5.128205128205129,0,0.0,0,0.0,0,0.0,6,15.384615384615383,0,0.0,0,0.0,2,5.128205128205129,29,74.35897435897436,2,5.128205128205129,0,0.0,戊辰,癸亥,己丑,戊,辰,癸,亥,己,丑,False,0,0,0,0.16666666666666666,0.0,0.0,0.16666666666666666,0.0,0.16666666666666666,0.0,11,Wednesday
1988-12-01,44,0,0.0,9,20.454545454545453,0,0.0,0,0.0,0,0.0,5,11.363636363636363,2,4.545454545454546,0,0.0,1,2.272727272727273,26,59.09090909090909,0,0.0,0,0.0,戊辰,癸亥,庚寅,戊,辰,癸,亥,庚,寅,False,0,0,0,0.16666666666666666,0.0,0.0,0.08333333333333333,0.0,0.16666666666666666,0.0,12,Thursday
1988-12-02,29,0,0.0,4,13.79310344827586,0,0.0,0,0.0,0,0.0,4,13.79310344827586,0,0.0,0,0.0,0,0.0,19,65.51724137931035,1,3.4482758620689653,1,3.4482758620689653,戊辰,癸亥,辛卯,戊,辰,癸,亥,辛,卯,False,1,0,0,1.0,0.08333333333333333,0.08333333333333333,0.08333333333333333,0.0,0.0,0.08333333333333333,12,Friday
1988-12-03,34,0,0.0,4,11.764705882352942,0,0.0,1,2.9411764705882355,0,0.0,3,8.823529411764707,6,17.647058823529413,0,0.0,1,2.9411764705882355,16,47.05882352941177,0,0.0,1,2.9411764705882355,戊辰,癸亥,壬辰,戊,辰,癸,亥,壬,辰,False,0,0,0,0.16666666666666666,0.0,0.0,0.08333333333333333,0.0,0.16666666666666666,0.0,12,Saturday
1988-12-04,35,0,0.0,2,5.714285714285714,0,0.0,1,2.857142857142857,0,0.0,4,11.428571428571429,1,2.857142857142857,0,0.0,0,0.0,28,80.0,0,0.0,2,5.714285714285714,戊辰,癸亥,癸巳,戊,辰,癸,亥,癸,巳,False,0,1,0,0.16666666666666666,0.0,0.0,1.0,0.0,0.16666666666666666,0.0,12,Sunday
1988-12-05,52,0,0.0,4,7.6923076923076925,0,0.0,0,0.0,0,0.0,5,9.615384615384617,1,1.9230769230769231,0,0.0,0,0.0,35,67.3076923076923,1,1.9230769230769231,2,3.8461538461538463,戊辰,癸亥,甲午,戊,辰,癸,亥,甲,午,False,0,0,0,0.16666666666666666,0.0,0.0,0.08333333333333333,0.0,0.16666666666666666,0.0,12,Monday
1988-12-06,37,0,0.0,8,21.62162162162162,0,0.0,0,0.0,0,0.0,3,8.108108108108109,1,2.702702702702702,0,0.0,0,0.0,23,62.16216216216216,1,2.702702702702702,0,0.0,戊辰,癸亥,乙未,戊,辰,癸,亥,乙,未,False,1,0,0,1.0,0.08333333333333333,0.08333333333333333,0.08333333333333333,0.0,0.0,0.08333333333333333,12,Tuesday
1988-12-07,34,0,0.0,6,17.647058823529413,0,0.0,0,0.0,0,0.0,9,26.47058823529412,0,0.0,0,0.0,0,0.0,19,55.88235294117647,0,0.0,2,5.882352941176471,戊辰,甲子,丙申,戊,辰,甲,子,丙,申,True,1,0,0,1.0,1.0,1.0,0.08333333333333333,0.08333333333333333,0.0,0.0,12,Wednesday
1988-12-08,42,0,0.0,1,2.380952380952381,0,0.0,0,0.0,0,0.0,3,7.142857142857143,2,4.761904761904762,0,0.0,2,4.761904761904762,30,71.42857142857143,1,2.380952380952381,0,0.0,戊辰,甲子,丁酉,戊,辰,甲,子,丁,酉,False,0,0,0,0.16666666666666666,0.08333333333333333,0.0,0.08333333333333333,0.0,0.16666666666666666,0.0,12,Thursday
1988-12-09,30,1,3.333333333333333,2,6.666666666666667,0,0.0,0,0.0,0,0.0,0,0.0,1,3.333333333333333,0,0.0,0,0.0,27,90.0,0,0.0,0,0.0,戊辰,甲子,戊戌,戊,辰,甲,子,戊,戌,False,0,0,0,0.16666666666666666,0.08333333333333333,0.0,0.16666666666666666,0.0,0.16666666666666666,0.0,12,Friday
1988-12-10,34,0,0.0,3,8.823529411764707,0,0.0,1,2.9411764705882355,0,0.0,2,5.882352941176471,0,0.0,0,0.0,0,0.0,25,73.52941176470588,0,0.0,0,0.0,戊辰,甲子,己亥,戊,辰,甲,子,己,亥,False,0,1,0,0.16666666666666666,0.08333333333333333,0.0,1.0,0.0,0.16666666666666666,0.0,12,Saturday
1988-12-11,32,0,0.0,1,3.125,0,0.0,0,0.0,0,0.0,1,3.125,2,6.25,0,0.0,0,0.0,26,81.25,0,0.0,1,3.125,戊辰,甲子,庚子,戊,辰,甲,子,庚,子,False,1,0,0,1.0,0.08333333333333333,0.08333333333333333,0.08333333333333333,0.0,0.0,0.08333333333333333,12,Sunday
1988-12-12,53,0,0.0,5,9.433962264150944,1,1.8867924528301887,0,0.0,0,0.0,2,3.7735849056603774,4,7.547169811320755,0,0.0,0,0.0,38,71.69811320754717,0,0.0,0,0.0,戊辰,甲子,辛丑,戊,辰,甲,子,辛,丑,False,0,0,0,0.16666666666666666,0.08333333333333333,0.0,0.08333333333333333,0.0,0.16666666666666666,0.0,12,Monday
1988-12-13,30,0,0.0,3,10.0,0,0.0,0,0.0,0,0.0,0,0.0,0,0.0,0,0.0,0,0.0,25,83.33333333333333,1,3.333333333333333,0,0.0,戊辰,甲子,壬寅,戊,辰,甲,子,壬,寅,False,0,0,0,0.16666666666666666,0.08333333333333333,0.0,0.08333333333333333,0.0,0.16666666666666666,0.0,12,Tuesday
1988-12-14,45,0,0.0,5,11.11111111111111,0,0.0,0,0.0,0,0.0,6,13.333333333333334,1,2.2222222222222223,0,0.0,1,2.2222222222222223,30,66.66666666666667,1,2.2222222222222223,1,2.2222222222222223,戊辰,甲子,癸卯,戊,辰,甲,子,癸,卯,False,0,1,0,0.16666666666666666,0.08333333333333333,0.0,1.0,0.0,0.16666666666666666,0.0,12,Wednesday
1988-12-15,53,0,0.0,6,11.320754716981131,0,0.0,0,0.0,0,0.0,3,5.660377358490566,1,1.8867924528301887,0,0.0,0,0.0,40,75.47169811320755,0,0.0,2,3.7735849056603774,戊辰,甲子,甲辰,戊,辰,甲,子,甲,辰,False,1,0,0,1.0,0.08333333333333333,0.08333333333333333,0.08333333333333333,0.0,0.0,0.08333333333333333,12,Thursday
1988-12-16,45,1,2.2222222222222223,5,11.11111111111111,1,2.2222222222222223,0,0.0,0,0.0,0,0.0,1,2.2222222222222223,0,0.0,3,6.666666666666667,29,64.44444444444444,1,2.2222222222222223,1,2.2222222222222223,戊辰,甲子,乙巳,戊,辰,甲,子,乙,巳,False,0,0,0,0.16666666666666666,0.08333333333333333,0.0,0.08333333333333333,0.0,0.16666666666666666,0.0,12,Friday
1988-12-17,45,0,0.0,3,6.666666666666667,0,0.0,0,0.0,0,0.0,3,6.666666666666667,1,2.2222222222222223,0,0.0,0,0.0,37,82.22222222222223,1,2.2222222222222223,0,0.0,戊辰,甲子,丙午,戊,辰,甲,子,丙,午,False,0,0,0,0.16666666666666666,0.08333333333333333,0.0,0.08333333333333333,0.0,0.16666666666666666,0.0,12,Saturday
1988-12-18,34,0,0.0,5,14.705882352941176,0,0.0,0,0.0,0,0.0,0,0.0,1,2.9411764705882355,0,0.0,0,0.0,24,70.58823529411765,0,0.0,0,0.0,戊辰,甲子,丁未,戊,辰,甲,子,丁,未,False,0,0,0,0.16666666666666666,0.08333333333333333,0.0,0.08333333333333333,0.0,0.16666666666666666,0.0,12,Sunday
1988-12-19,39,0,0.0,6,15.384615384615383,0,0.0,0,0.0,0,0.0,3,7.6923076923076925,1,2.5641025641025643,0,0.0,0,0.0,29,74.35897435897436,1,2.5641025641025643,1,2.5641025641025643,戊辰,甲子,戊申,戊,辰,甲,子,戊,申,False,1,0,0,1.0,1.0,1.0,0.16666666666666666,0.16666666666666666,0.0,0.0,12,Monday
1988-12-20,38,0,0.0,4,10.526315789473683,0,0.0,0,0.0,0,0.0,1,2.631578947368421,0,0.0,0,0.0,2,5.2631578947368425,28,73.6842105263158,0,0.0,2,5.2631578947368425,戊辰,甲子,己酉,戊,辰,甲,子,己,酉,False,0,1,0,0.16666666666666666,0.08333333333333333,0.0,1.0,0.0,0.16666666666666666,0.0,12,Tuesday
1988-12-21,51,0,0.0,6,11.764705882352942,0,0.0,2,3.92156862745098,0,0.0,2,3.92156862745098,3,5.882352941176471,0,0.0,0,0.0,33,64.70588235294117,0,0.0,0,0.0,戊辰,甲子,庚戌,戊,辰,甲,子,庚,戌,False,0,0,0,0.16666666666666666,0.08333333333333333,0.0,0.08333333333333333,0.0,0.16666666666666666,0.0,12,Wednesday
1988-12-22,46,0,0.0,3,6.521739130434782,0,0.0,0,0.0,0,0.0,5,10.869565217391305,1,2.1739130434782608,0,0.0,0,0.0,35,76.08695652173913,0,0.0,1,2.1739130434782608,戊辰,甲子,辛亥,戊,辰,甲,子,辛,亥,False,0,0,0,0.16666666666666666,0.08333333333333333,0.0,0.08333333333333333,0.0,0.16666666666666666,0.0,12,Thursday
1988-12-23,46,0,0.0,6,13.043478260869565,0,0.0,0,0.0,0,0.0,5,10.869565217391305,2,4.3478260869565215,0,0.0,0,0.0,32,69.56521739130434,0,0.0,1,2.1739130434782608,戊辰,甲子,壬子,戊,辰,甲,子,壬,子,False,1,0,0,1.0,0.08333333333333333,0.08333333333333333,0.08333333333333333,0.0,0.0,0.08333333333333333,12,Friday
1988-12-24,38,0,0.0,6,15.789473684210526,0,0.0,0,0.0,0,0.0,6,15.789473684210526,1,2.631578947368421,0,0.0,0,0.0,29,76.3157894736842,0,0.0,1,2.631578947368421,戊辰,甲子,癸丑,戊,辰,甲,子,癸,丑,False,0,1,0,0.16666666666666666,0.08333333333333333,0.0,1.0,0.0,0.16666666666666666,0.0,12,Saturday
1988-12-25,39,0,0.0,1,2.5641025641025643,0,0.0,0,0.0,0,0.0,2,5.128205128205129,3,7.6923076923076925,0,0.0,0,0.0,30,76.92307692307692,0,0.0,0,0.0,戊辰,甲子,甲寅,戊,辰,甲,子,甲,寅,False,0,0,0,0.16666666666666666,0.08333333333333333,0.0,0.08333333333333333,0.0,0.16666666666666666,0.0,12,Sunday
1988-12-26,31,0,0.0,3,9.67741935483871,0,0.0,0,0.0,0,0.0,3,9.67741935483871,0,0.0,0,0.0,0,0.0,27,87.09677419354838,0,0.0,0,0.0,戊辰,甲子,乙卯,戊,辰,甲,子,乙,卯,False,0,0,0,0.16666666666666666,0.08333333333333333,0.0,0.08333333333333333,0.0,0.16666666666666666,0.0,12,Monday
1988-12-27,37,1,2.702702702702702,4,10.81081081081081,0,0.0,0,0.0,0,0.0,3,8.108108108108109,3,8.108108108108109,0,0.0,1,2.702702702702702,25,67.56756756756756,1,2.702702702702702,1,2.702702702702702,戊辰,甲子,丙辰,戊,辰,甲,子,丙,辰,False,1,0,0,1.0,0.08333333333333333,0.08333333333333333,0.08333333333333333,0.0,0.0,0.08333333333333333,12,Tuesday
1988-12-28,45,0,0.0,4,8.88888888888889,0,0.0,0,0.0,0,0.0,7,15.555555555555555,1,2.2222222222222223,0,0.0,0,0.0,30,66.66666666666667,1,2.2222222222222223,0,0.0,戊辰,甲子,丁巳,戊,辰,甲,子,丁,巳,False,0,0,0,0.16666666666666666,0.08333333333333333,0.0,0.08333333333333333,0.0,0.16666666666666666,0.0,12,Wednesday
1988-12-29,32,0,0.0,3,9.375,1,3.125,0,0.0,0,0.0,1,3.125,2,6.25,0,0.0,0,0.0,21,65.625,1,3.125,1,3.125,戊辰,甲子,戊午,戊,辰,甲,子,戊,午,False,0,0,0,0.16666666666666666,0.08333333333333333,0.0,0.16666666666666666,0.0,0.16666666666666666,0.0,12,Thursday
1988-12-30,53,0,0.0,7,13.20754716981132,0,0.0,0,0.0,0,0.0,6,11.320754716981131,1,1.8867924528301887,0,0.0,1,1.8867924528301887,33,62.264150943396224,1,1.8867924528301887,1,1.8867924528301887,戊辰,甲子,己未,戊,辰,甲,子,己,未,False,0,1,0,0.16666666666666666,0.08333333333333333,0.0,1.0,0.0,0.16666666666666666,0.0,12,Friday
1988-12-31,39,0,0.0,5,12.82051282051282,0,0.0,1,2.5641025641025643,0,0.0,3,7.6923076923076925,2,5.128205128205129,0,0.0,1,2.5641025641025643,28,71.7948717948718,1,2.5641025641025643,4,10.256410256410255,戊辰,甲子,庚申,戊,辰,甲,子,庚,申,False,1,0,0,1.0,1.0,1.0,0.08333333333333333,0.08333333333333333,0.0,0.0,12,Saturday
