name,dob,birth_year,gender,qid,ittf_id,year_pillar,month_pillar,day_pillar,year_stem_tg,month_stem_tg,month_order_tg,month_main_stem,year_food_god,ttr_match_ok,ttr_match_score,ttr_match_margin,ttr_search_query,ttr_site_player_id,ttr_site_name,ttr_detail_url,ttr_country,current_rank,highest_rank,highest_rank_ym,peak_source,approx_age_at_peak,displayed_age,ttr_error,_dob,birth_year_analysis,elements_6pos,distinct_elements_6pos,dominant_element_share,hhi_element_concentration,element_entropy,all_five_present_6pos
张超,1985-01-07,1985,男,Q3575348,110546,甲子,丁丑,丙午,偏印,劫财,伤官,己,0,0,,,,,,,,,,,,,,No sufficiently confident site match. Top candidates: ZHANG Mo [77.8] id=1171; ZHANG Kai [73.7] id=1892; ZHANG Lily [66.7] id=1155; ZHANG Sofia-Xuan [66.7] id=1256; Sunny ZHANG [66.7] id=15591,1985-01-07,1985,木|水|火|土|火|火,4,0.5,0.33333333333333337,1.242453324894,0
波陶·乔吉娜,1985-01-13,1985,女,Q443506,107525,甲子,丁丑,壬子,食神,正财,正官,己,1,1,100.0,100.0,GEORGINA POTA,1104.0,POTA Georgina,https://tabletennis-reference.com/player/detail/1104,Hungary,502.0,14.0,2015/1,explicit_current_and_highest,30.00472288958705,41.0,,1985-01-13,1985,木|水|火|土|水|水,4,0.5,0.3333333333333333,1.2424533248940002,0
Kristin Silbereisen,1985-03-14,1985,女,Q95913,108658,乙丑,己卯,壬子,伤官,正官,伤官,乙,0,0,,,,,,,,,,,,,,No sufficiently confident site match. Top candidates: ,1985-03-14,1985,木|土|土|木|水|水,3,0.3333333333333333,0.3333333333333333,1.0986122886681096,0
平野早矢香,1985-03-24,1985,女,Q2727114,103610,乙丑,己卯,壬戌,伤官,正官,伤官,乙,0,1,100.0,100.0,SAYAKA HIRANO,25.0,HIRANO Sayaka,https://tabletennis-reference.com/player/detail/25,Japan,,13.0,2015/4,explicit_highest_only,30.059481029726825,41.0,,1985-03-24,1985,木|土|土|木|水|土,3,0.5,0.3888888888888889,1.0114042647073516,0
Q6767975,1985-04-20,1985,男,Q6767975,103515,乙丑,庚辰,己丑,七杀,伤官,劫财,戊,0,0,,,,,,,,,,,,,,No sufficiently confident site match. Top candidates: ,1985-04-20,1985,木|土|金|土|土|土,3,0.6666666666666666,0.5,0.8675632284814612,0
李嫱冰,1985-04-30,1985,女,Q443192,105344,乙丑,庚辰,己亥,七杀,伤官,劫财,戊,0,1,100.0,100.0,LI QIANGBING,1165.0,LI Qiangbing,https://tabletennis-reference.com/player/detail/1165,Austria,,84.0,2014/4,explicit_highest_only,28.958842412917445,41.0,,1985-04-30,1985,木|土|金|土|土|水,4,0.5,0.33333333333333337,1.242453324894,0
古斯塔夫·坪井,1985-05-31,1985,男,Q133873,109581,乙丑,辛巳,庚午,正财,劫财,七杀,丙,0,1,100.0,100.0,GUSTAVO TSUBOI,151.0,TSUBOI Gustavo,https://tabletennis-reference.com/player/detail/151,Brazil,,28.0,2019/11,explicit_highest_only,34.45929758995736,41.0,,1985-05-31,1985,木|土|金|火|金|火,4,0.3333333333333333,0.2777777777777778,1.3296613488547582,0
张一博,1985-07-05,1985,男,Q11487581,114455,乙丑,壬午,乙巳,比肩,正印,食神,丁,0,1,100.0,100.0,CHAN KAZUHIRO,30.0,KAZUHIRO Chan Ryukyu Asteeda,https://tabletennis-reference.com/player/detail/30,Japan,,41.0,2014/3,explicit_highest_only,28.69326543323956,41.0,,1985-07-05,1985,木|土|水|火|木|火,4,0.3333333333333333,0.2777777777777778,1.329661348854758,0
袁嘉楠,1985-07-11,1985,女,Q3178554,137894,乙丑,癸未,辛亥,偏财,食神,偏印,己,0,1,100.0,100.0,JIA NAN YUAN,9321.0,YUAN Jia Nan,https://tabletennis-reference.com/player/detail/9321,France,34.0,17.0,2023/4,explicit_current_and_highest,37.7612134403855,41.0,,1985-07-11,1985,木|土|水|土|金|水,4,0.3333333333333333,0.2777777777777778,1.3296613488547582,0
克里斯蒂安·苏斯,1985-07-28,1985,男,Q278668,109102,乙丑,癸未,戊辰,正官,正财,劫财,己,0,1,100.0,100.0,CHRISTIAN SUSS,4079.0,SUSS Christian,https://tabletennis-reference.com/player/detail/4079,Germany,,65.0,2014/4,explicit_highest_only,28.715168689295467,41.0,,1985-07-28,1985,木|土|水|土|土|土,3,0.6666666666666666,0.5,0.8675632284814612,0
Katharina Schneider,1985-08-14,1985,女,Q1735986,108395,乙丑,甲申,乙酉,比肩,劫财,正官,庚,0,0,,,,,,,,,,,,,,No sufficiently confident site match. Top candidates: MICHAJLOVA Katharina [64.3] id=7251; BONDARENKO-GETZ Katharina [64.3] id=5896,1985-08-14,1985,木|土|木|金|木|金,3,0.5,0.3888888888888889,1.0114042647073518,0
张成万,1985-08-17,1985,男,Q6153923,104050,乙丑,甲申,戊子,正官,七杀,食神,庚,0,0,,,,,,,,,,,,,,No sufficiently confident site match. Top candidates: ,1985-08-17,1985,木|土|木|金|土|水,4,0.3333333333333333,0.2777777777777778,1.329661348854758,0
Liu Yuan,1985-09-07,1985,女,Q15916114,111881,乙丑,甲申,己酉,七杀,正官,伤官,庚,0,1,100.0,100.0,LIU YUAN,4223.0,LIU Yuan,https://tabletennis-reference.com/player/detail/4223,Austria,,178.0,2014/3,explicit_highest_only,28.518039384792296,39.0,,1985-09-07,1985,木|土|木|金|土|金,3,0.3333333333333333,0.3333333333333333,1.0986122886681096,0
金赫峰,1985-10-28,1985,男,Q6408783,104580,乙丑,丙戌,庚子,正财,七杀,偏印,戊,0,1,100.0,100.0,KIM HYOK BONG,3479.0,KIM Hyok Bong,https://tabletennis-reference.com/player/detail/3479,"Korea, Democratic People's Republic of",,45.0,2014/4,explicit_highest_only,28.463281244652524,40.0,,1985-10-28,1985,木|土|火|土|金|水,5,0.3333333333333333,0.2222222222222222,1.5607104090414063,1
Yadira Silva,1985-12-24,1985,女,Q8046566,113309,乙丑,戊子,丁酉,偏印,伤官,七杀,癸,0,1,100.0,100.0,YADIRA SILVA,1189.0,SILVA Yadira,https://tabletennis-reference.com/player/detail/1189,Mexico,,112.0,2020/2,explicit_highest_only,34.14443828415368,41.0,,1985-12-24,1985,木|土|土|水|火|金,5,0.3333333333333333,0.2222222222222222,1.5607104090414063,1
Ri Chol-Guk,1985-12-25,1985,男,Q7322038,107828,乙丑,戊子,戊戌,正官,比肩,正财,癸,0,0,,,,,,,,,,,,,,No sufficiently confident site match. Top candidates: ,1985-12-25,1985,木|土|土|水|土|土,3,0.6666666666666666,0.5,0.8675632284814612,0
安東尼·阿馬拉傑,1986-01-24,1986,男,Q17479499,100001,乙丑,己丑,戊辰,正官,劫财,劫财,己,0,1,100.0,100.0,A AMALRAJ,227.0,ANTHONY Amalraj,https://tabletennis-reference.com/player/detail/227,India,1095.0,77.0,2018/2,explicit_current_and_highest,32.060891051835426,40.0,,1986-01-24,1986,木|土|土|土|土|土,2,0.8333333333333334,0.7222222222222223,0.45056120886630463,0
安德亞·加奇尼,1986-05-21,1986,男,Q502831,102891,丙寅,癸巳,乙丑,伤官,偏印,伤官,丙,0,1,100.0,0.0,ANDREJ GACINA,58.0,GACINA Andrej,https://tabletennis-reference.com/player/detail/58,Croatia,63.0,18.0,2016/2,explicit_current_and_highest,29.73914590990917,40.0,,1986-05-21,1986,火|木|水|火|木|土,4,0.3333333333333333,0.2777777777777778,1.329661348854758,0
Mie Skov,1986-05-24,1986,女,Q12327098,108747,丙寅,癸巳,戊辰,偏印,正财,偏印,丙,0,1,100.0,100.0,MIE SKOV,4586.0,SKOV Mie,https://tabletennis-reference.com/player/detail/4586,Denmark,,140.0,2014/2,explicit_highest_only,27.732260073786595,38.0,,1986-05-24,1986,火|木|水|火|土|土,4,0.3333333333333333,0.2777777777777778,1.3296613488547582,0
丹尼爾·哈貝索恩,1986-07-22,1986,男,Q1161006,103345,丙寅,乙未,丁卯,劫财,偏印,食神,己,0,1,100.0,100.0,DANIEL HABESOHN,150.0,HABESOHN Daniel,https://tabletennis-reference.com/player/detail/150,Austria,149.0,27.0,2019/8,explicit_current_and_highest,33.06570292340021,40.0,,1986-07-22,1986,火|木|木|土|火|木,3,0.5,0.3888888888888889,1.0114042647073516,0
約諾斯·賈卡比,1986-07-23,1986,男,Q6319755,104009,丙寅,乙未,戊辰,偏印,正官,劫财,己,0,1,100.0,100.0,JANOS JAKAB,216.0,JAKAB Janos,https://tabletennis-reference.com/player/detail/216,Hungary,,112.0,2015/2,explicit_highest_only,28.567321710918087,40.0,,1986-07-23,1986,火|木|木|土|土|土,3,0.5,0.3888888888888889,1.0114042647073518,0
Idir Khourta,1986-07-26,1986,男,Q5989050,104528,丙寅,乙未,辛未,正官,偏财,偏印,己,0,1,100.0,100.0,IDIR KHOURTA,2284.0,KHOURTA Idir,https://tabletennis-reference.com/player/detail/2284,Algeria,,344.0,2015/4,explicit_highest_only,28.720644503309444,40.0,,1986-07-26,1986,火|木|木|土|金|土,4,0.3333333333333333,0.2777777777777778,1.3296613488547582,0
蒂亞哥·阿波羅尼亞,1986-07-28,1986,男,Q2118021,100621,丙寅,乙未,癸酉,正财,食神,七杀,己,0,1,100.0,0.0,TIAGO APOLONIA,54.0,APOLONIA Tiago,https://tabletennis-reference.com/player/detail/54,Portugal,81.0,13.0,2014/11,explicit_current_and_highest,28.3017447312402,40.0,,1986-07-28,1986,火|木|木|土|水|金,5,0.3333333333333333,0.22222222222222227,1.5607104090414063,1
李倩,1986-07-30,1986,女,Q458293,111882,丙寅,乙未,乙亥,伤官,比肩,偏财,己,0,1,100.0,22.22222222222221,LI QIAN,81.0,LI Qian,https://tabletennis-reference.com/player/detail/81,Poland,,24.0,2018/11,explicit_highest_only,32.296351054436435,40.0,,1986-07-30,1986,火|木|木|土|木|水,4,0.5,0.33333333333333337,1.242453324894,0
冯天薇,1986-08-31,1986,女,Q242490,102712,丙寅,丙申,丁未,劫财,劫财,正财,庚,0,1,100.0,100.0,FENG TIANWEI,34.0,Feng Tianwei KYOTO-KABUYARIZE,https://tabletennis-reference.com/player/detail/34,Singapore,,3.0,2018/2,explicit_highest_only,31.46128941730494,40.0,,1986-08-31,1986,火|木|火|金|火|土,4,0.5,0.33333333333333337,1.242453324894,0
波麗娜·米凱洛娃,1986-08-31,1986,女,Q26789880,106114,丙寅,丙申,丁未,劫财,劫财,正财,庚,0,1,100.0,100.0,POLINA MIKHAILOVA,1098.0,MIKHAILOVA Polina,https://tabletennis-reference.com/player/detail/1098,Russian Federation,,34.0,2016/6,explicit_highest_only,29.791166143041952,40.0,,1986-08-31,1986,火|木|火|金|火|土,4,0.5,0.33333333333333337,1.242453324894,0
Marcos Madrid,1986-09-06,1986,男,Q5996629,105679,丙寅,丙申,癸丑,正财,正财,正印,庚,0,1,100.0,100.0,MARCOS MADRID,228.0,MADRID Marcos,https://tabletennis-reference.com/player/detail/228,Mexico,241.0,58.0,2023/11,explicit_current_and_highest,37.19172878293189,40.0,,1986-09-06,1986,火|木|火|金|水|土,5,0.3333333333333333,0.22222222222222227,1.5607104090414063,1
Carole Grundisch,1986-09-07,1986,女,Q2939888,103279,丙寅,丙申,甲寅,食神,食神,七杀,庚,1,1,100.0,100.0,CAROLE GRUNDISCH,1144.0,GRUNDISCH Carole,https://tabletennis-reference.com/player/detail/1144,France,,68.0,2015/5,explicit_highest_only,28.685051712218595,40.0,,1986-09-07,1986,火|木|火|金|木|木,3,0.5,0.3888888888888889,1.0114042647073516,0
米哈伊·博博奇卡,1986-09-08,1986,男,Q11342482,101192,丙寅,丁酉,乙卯,伤官,食神,七杀,辛,0,1,100.0,100.0,MIHAI BOBOCICA,164.0,BOBOCICA Mihai,https://tabletennis-reference.com/player/detail/164,Italy,150.0,55.0,2015/1,explicit_current_and_highest,28.353764964372985,40.0,,1986-09-08,1986,火|木|火|金|木|木,3,0.5,0.3888888888888889,1.0114042647073516,0
Stephanie Sang Xu,1986-09-29,1986,女,Q7608386,108274,丙寅,丁酉,丙子,比肩,劫财,正财,辛,0,1,100.0,100.0,STEPHANIE SANG XU,9905.0,SANG Xu Stephanie,https://tabletennis-reference.com/player/detail/9905,Australia,,571.0,2019/9,explicit_highest_only,32.96166245713464,,,1986-09-29,1986,火|木|火|金|火|水,4,0.5,0.33333333333333337,1.242453324894,0
趙彥來,1986-10-01,1986,男,Q16078483,101747,丙寅,丁酉,戊寅,偏印,正印,伤官,辛,0,1,95.23809523809524,100.0,CHO EON RAE,2271.0,CHO Eonrae,https://tabletennis-reference.com/player/detail/2271,"Korea, Republic of",,19.0,2014/7,explicit_highest_only,27.787018213926363,40.0,,1986-10-01,1986,火|木|火|金|土|木,4,0.3333333333333333,0.2777777777777778,1.329661348854758,0
Sarah Hanffou,1986-10-08,1986,女,Q7422363,103425,丙寅,丁酉,乙酉,伤官,食神,七杀,辛,0,1,100.0,100.0,SARAH HANFFOU,1294.0,HANFFOU Sarah,https://tabletennis-reference.com/player/detail/1294,Cameroon,,77.0,2023/7,explicit_highest_only,36.76735319684867,40.0,,1986-10-08,1986,火|木|火|金|木|金,3,0.3333333333333333,0.3333333333333333,1.0986122886681096,0
Michikazu Tsuboguchi,1986-10-25,1986,男,Q11425751,111470,丙寅,戊戌,壬寅,偏财,七杀,七杀,戊,0,0,,,,,,,,,,,,,,No sufficiently confident site match. Top candidates: ,1986-10-25,1986,火|木|土|土|水|木,4,0.3333333333333333,0.2777777777777778,1.3296613488547582,0
卡拉·瑙文,1986-11-29,1986,女,Q1894448,106792,丙寅,己亥,丁丑,劫财,食神,正官,壬,0,0,,,,,,,,,,,,,,No sufficiently confident site match. Top candidates: ,1986-11-29,1986,火|木|土|水|火|土,4,0.3333333333333333,0.2777777777777778,1.3296613488547582,0
Johenny Valdez,1986-12-12,1986,女,Q16231594,109707,丙寅,庚子,庚寅,七杀,比肩,伤官,癸,0,1,100.0,100.0,JOHENNY VALDEZ,1431.0,VALDEZ Johenny,https://tabletennis-reference.com/player/detail/1431,Dominican Republic,,370.0,2015/3,explicit_highest_only,28.2552003121214,40.0,,1986-12-12,1986,火|木|金|水|金|木,4,0.3333333333333333,0.2777777777777778,1.3296613488547582,0
Offiong Edem,1986-12-31,1986,女,Q7079630,102445,丙寅,庚子,己酉,正印,伤官,偏财,癸,0,1,100.0,100.0,OFFIONG EDEM,1254.0,EDEM Offiong,https://tabletennis-reference.com/player/detail/1254,Nigeria,,94.0,2022/5,explicit_highest_only,35.37102062328453,40.0,,1986-12-31,1986,火|木|金|水|土|金,5,0.3333333333333333,0.2222222222222222,1.5607104090414063,1
Marko Jevtović,1987-01-05,1987,男,Q1900802,104115,丙寅,庚子,甲寅,食神,七杀,正印,癸,1,1,100.0,100.0,MARKO JEVTOVIC,198.0,JEVTOVIC Marko,https://tabletennis-reference.com/player/detail/198,Serbia,,104.0,2014/4,explicit_highest_only,27.27502960361951,39.0,,1987-01-05,1987,火|木|金|水|木|木,4,0.5,0.33333333333333337,1.242453324894,0
孙祯琦,1987-01-09,1987,女,Q197742,100947,丙寅,辛丑,戊午,偏印,伤官,劫财,己,0,1,100.0,100.0,ZHENQI BARTHEL,2243.0,BARTHEL Zhenqi,https://tabletennis-reference.com/player/detail/2243,Germany,,59.0,2014/4,explicit_highest_only,27.26407797559156,39.0,,1987-01-09,1987,火|木|金|土|土|火,4,0.3333333333333333,0.2777777777777778,1.3296613488547582,0
Kokou Dodji Fanny,1987-04-15,1987,男,Q107600720,118722,丁卯,甲辰,甲午,伤官,比肩,偏财,戊,0,1,100.0,100.0,KOKOU DODJI FANNY,2343.0,FANNY Kokou Dodji,https://tabletennis-reference.com/player/detail/2343,Togo,,167.0,2025/5,explicit_highest_only,38.08428646721014,39.0,,1987-04-15,1987,火|木|木|土|木|火,3,0.5,0.3888888888888889,1.0114042647073516,0
徐孝元,1987-05-10,1987,女,Q16905124,108470,丁卯,乙巳,己未,偏印,七杀,正印,丙,0,0,,,,,,,,,,,,,,"Search candidate matched, but detail-page name check failed: 'SUH Hyowon Top Nagoya', score=75.0",1987-05-10,1987,火|木|木|火|土|土,3,0.3333333333333333,0.3333333333333333,1.0986122886681096,0
岸川聖也,1987-05-21,1987,男,Q1354306,104675,丁卯,乙巳,庚午,正官,正财,七杀,丙,0,1,100.0,100.0,SEIYA KISHIKAWA,27.0,SEIYA Kishikawa T.T Saitama,https://tabletennis-reference.com/player/detail/27,Japan Member of team Fast,,22.0,2014/4,explicit_highest_only,26.90267425066908,39.0,,1987-05-21,1987,火|木|木|火|金|火,3,0.5,0.3888888888888889,1.0114042647073516,0
Joanna Parker,1987-06-10,1987,女,Q6205926,107172,丁卯,丙午,庚寅,正官,七杀,正官,丁,0,1,100.0,100.0,JOANNA DRINKHALL,3748.0,DRINKHALL Joanna,https://tabletennis-reference.com/player/detail/3748,England,,109.0,2014/5,explicit_highest_only,26.93005332073896,37.0,,1987-06-10,1987,火|木|火|火|金|木,3,0.5,0.3888888888888889,1.0114042647073516,0
帕特里克·鲍姆,1987-06-23,1987,男,Q73630,100982,丁卯,丙午,癸卯,偏财,正财,偏财,丁,0,1,100.0,100.0,PATRICK BAUM,127.0,BAUM Patrick,https://tabletennis-reference.com/player/detail/127,Germany,,14.0,2014/10,explicit_highest_only,27.313360301717356,39.0,,1987-06-23,1987,火|木|火|火|水|木,3,0.5,0.3888888888888889,1.0114042647073516,0
Yulia Prokhorova,1987-07-15,1987,女,Q4382197,107576,丁卯,丁未,乙丑,食神,食神,偏财,己,1,1,100.0,100.0,YULIA PROKHOROVA,1142.0,PROKHOROVA Yulia,https://tabletennis-reference.com/player/detail/1142,Russian Federation,,83.0,2017/2,explicit_highest_only,29.59129893153179,39.0,,1987-07-15,1987,火|木|火|土|木|土,3,0.3333333333333333,0.3333333333333333,1.0986122886681096,0
Maria Dolgikh,1987-07-24,1987,女,Q26066527,110531,丁卯,丁未,甲戌,伤官,伤官,正财,己,0,1,100.0,100.0,MARIA DOLGIKH,1134.0,DOLGIKH Maria,https://tabletennis-reference.com/player/detail/1134,Russian Federation,,66.0,2017/1,explicit_highest_only,29.48178265125225,39.0,,1987-07-24,1987,火|木|火|土|木|土,3,0.3333333333333333,0.3333333333333333,1.0986122886681096,0
克里爾·卡奇可夫,1987-08-06,1987,男,Q264621,108742,丁卯,丁未,丁亥,比肩,比肩,食神,己,0,1,100.0,100.0,KIRILL SKACHKOV,160.0,SKACHKOV Kirill,https://tabletennis-reference.com/player/detail/160,Russian Federation,309.0,41.0,2019/8,explicit_current_and_highest,32.02529826074457,39.0,,1987-08-06,1987,火|木|火|土|火|水,4,0.5,0.33333333333333337,1.242453324894,0
卢博米尔·扬恰日克,1987-08-17,1987,男,Q26789868,104036,丁卯,戊申,戊戌,正印,比肩,食神,庚,0,1,100.0,100.0,LUBOMIR JANCARIK,136.0,JANCARIK Lubomir,https://tabletennis-reference.com/player/detail/136,Czech Republic,49.0,39.0,2026/2,explicit_current_and_highest,38.50044833227239,39.0,,1987-08-17,1987,火|木|土|金|土|土,4,0.5,0.33333333333333337,1.242453324894,0
Sara Ramírez,1987-09-04,1987,女,Q7421759,107698,丁卯,戊申,丙辰,劫财,食神,偏财,庚,0,1,100.0,100.0,SARA RAMIREZ,1173.0,RAMIREZ Sara,https://tabletennis-reference.com/player/detail/1173,Spain,,88.0,2014/4,explicit_highest_only,26.61245610792829,39.0,,1987-09-04,1987,火|木|土|金|火|土,4,0.3333333333333333,0.2777777777777778,1.3296613488547582,0
Adrien Mattenet,1987-10-15,1987,男,Q377108,105937,丁卯,庚戌,丁酉,比肩,正财,伤官,戊,0,1,100.0,100.0,ADRIEN MATTENET,17.0,Adrien Mattenet,https://tabletennis-reference.com/player/detail/17,France,,34.0,2014/11,explicit_highest_only,27.086114020137305,38.0,,1987-10-15,1987,火|木|金|土|火|金,4,0.3333333333333333,0.2777777777777778,1.3296613488547582,0
寇磊,1987-11-20,1987,男,Q6434420,113165,丁卯,辛亥,癸酉,偏财,偏印,劫财,壬,0,1,100.0,100.0,KOU LEI,119.0,KOU Lei,https://tabletennis-reference.com/player/detail/119,Ukraine,,20.0,2017/4,explicit_highest_only,29.402383348049582,38.0,,1987-11-20,1987,火|木|金|水|水|金,4,0.3333333333333333,0.2777777777777778,1.3296613488547582,0
Michelle Bromley,1987-12-24,1987,女,Q104624221,101000,丁卯,壬子,丁未,比肩,正官,七杀,癸,0,1,100.0,0.0,MICHELLE BROMLEY,5211.0,BROMLEY Michelle,https://tabletennis-reference.com/player/detail/5211,Australia,,100.0,2023/11,explicit_highest_only,35.893960861619334,39.0,,1987-12-24,1987,火|木|水|水|火|土,4,0.3333333333333333,0.2777777777777778,1.3296613488547582,0
楊曉欣,1988-01-08,1988,女,Q17009411,112868,丁卯,癸丑,壬戌,正财,劫财,正官,己,0,1,100.0,100.0,XIAO XIN YANG,1117.0,YANG Xiaoxin Kyushu Asteeda,https://tabletennis-reference.com/player/detail/1117,Monaco,69.0,11.0,2023/8,explicit_current_and_highest,35.60100481187156,38.0,,1988-01-08,1988,火|木|水|土|水|土,4,0.3333333333333333,0.2777777777777778,1.3296613488547582,0
Syouki Morita,1988-01-10,1988,男,Q56346513,106346,丁卯,癸丑,甲子,伤官,正印,正财,己,0,1,91.66666666666669,25.00000000000001,MORITA,3648.0,YUKI Morita,https://tabletennis-reference.com/player/detail/3648,Japan,,450.0,2016/8,explicit_highest_only,28.597438687994963,39.0,,1988-01-10,1988,火|木|水|土|木|水,4,0.3333333333333333,0.2777777777777778,1.3296613488547582,0
丹尼爾拉·多迪安,1988-01-13,1988,女,Q455544,102316,丁卯,癸丑,丁卯,比肩,七杀,食神,己,0,1,100.0,100.0,DANIELA DODEAN,1122.0,MONTEIRO DODEAN Daniela,https://tabletennis-reference.com/player/detail/1122,Romania,,39.0,2017/6,explicit_highest_only,29.4215486970985,38.0,,1988-01-13,1988,火|木|水|土|火|木,4,0.3333333333333333,0.2777777777777778,1.329661348854758,0
李晓霞,1988-01-16,1988,女,Q254995,105350,丁卯,癸丑,庚午,正官,伤官,正印,己,0,1,100.0,100.0,LI XIAOXIA,37.0,LI Xiaoxia,https://tabletennis-reference.com/player/detail/37,China,,2.0,2015/3,explicit_highest_only,27.160037509326,38.0,,1988-01-16,1988,火|木|水|土|金|火,5,0.3333333333333333,0.22222222222222227,1.5607104090414063,1
魯文·菲魯斯,1988-02-14,1988,男,Q96486,102761,戊辰,甲寅,己亥,劫财,正官,正官,甲,0,1,100.0,100.0,RUWEN FILUS,125.0,FILUS Ruwen,https://tabletennis-reference.com/player/detail/125,Germany,692.0,18.0,2018/1,explicit_current_and_highest,29.91984777237041,38.0,,1988-02-14,1988,土|土|木|木|土|水,3,0.5,0.3888888888888889,1.0114042647073516,0
张继科,1988-02-16,1988,男,Q197218,110553,戊辰,甲寅,辛丑,正印,正财,正财,甲,0,1,100.0,100.0,ZHANG JIKE,5.0,ZHANG Jike,https://tabletennis-reference.com/player/detail/5,China,,3.0,2015/6,explicit_highest_only,27.32704983675229,38.0,,1988-02-16,1988,土|土|木|木|金|土,3,0.5,0.3888888888888889,1.0114042647073516,0
江天一,1988-02-28,1988,男,Q554242,104128,戊辰,甲寅,癸丑,正官,伤官,伤官,甲,0,1,100.0,100.0,JIANG TIANYI,137.0,JIANG Tianyi,https://tabletennis-reference.com/player/detail/137,Hong Kong,,30.0,2015/2,explicit_highest_only,26.965646111829813,38.0,,1988-02-28,1988,土|土|木|木|水|土,3,0.5,0.3888888888888889,1.0114042647073516,0
Cho Ha-la,1988-03-21,1988,女,Q108121988,101748,戊辰,乙卯,乙亥,正财,比肩,比肩,乙,0,1,94.11764705882354,21.3903743315508,CHO HA LA,3876.0,CHO Hala,https://tabletennis-reference.com/player/detail/3876,"Korea, Republic of",,115.0,2014/4,explicit_highest_only,26.06761261353758,36.0,,1988-03-21,1988,土|土|木|木|木|水,3,0.5,0.3888888888888889,1.0114042647073516,0
加利亞·多沃拉克,1988-04-01,1988,女,Q5518550,102427,戊辰,乙卯,丙戌,食神,正印,正印,乙,1,1,100.0,100.0,GALIA DVORAK,1151.0,DVORAK Galia,https://tabletennis-reference.com/player/detail/1151,Spain,,74.0,2018/11,explicit_highest_only,30.623489873166456,38.0,,1988-04-01,1988,土|土|木|木|火|土,3,0.5,0.3888888888888889,1.0114042647073518,0
馬科斯·弗雷塔斯,1988-04-08,1988,男,Q1894059,102841,戊辰,丙辰,癸巳,正官,正财,正官,戊,0,1,100.0,0.0,MARCOS FREITAS,53.0,FREITAS Marcos Kinoshita Meister Tokyo,https://tabletennis-reference.com/player/detail/53,Portugal,72.0,7.0,2015/11,explicit_current_and_highest,27.603578444458133,38.0,,1988-04-08,1988,土|土|火|土|水|火,3,0.5,0.3888888888888889,1.0114042647073516,0
Mariany Nonaka,1988-04-22,1988,女,Q5925842,106771,戊辰,丙辰,丁未,伤官,劫财,伤官,戊,0,0,,,,,,,,,,,,,,No sufficiently confident site match. Top candidates: ,1988-04-22,1988,土|土|火|土|火|土,2,0.6666666666666666,0.5555555555555556,0.6365141682948128,0
埃曼紐爾·黎貝森,1988-04-24,1988,男,Q3052758,105136,戊辰,丙辰,己酉,劫财,正印,劫财,戊,0,1,100.0,100.0,EMMANUEL LEBESSON,78.0,LEBESSON Emmanuel,https://tabletennis-reference.com/player/detail/78,France,,20.0,2017/9,explicit_highest_only,29.394169627028617,38.0,,1988-04-24,1988,土|土|火|土|土|金,3,0.6666666666666666,0.5,0.8675632284814612,0
沙班,1988-05-12,1988,女,Q144373,108500,戊辰,丁巳,丁卯,伤官,比肩,劫财,丙,0,0,,,,,,,,,,,,,,No sufficiently confident site match. Top candidates: SHABANI Mentor [69.2] id=10689,1988-05-12,1988,土|土|火|火|火|木,3,0.5,0.3888888888888889,1.0114042647073518,0
郭跃,1988-07-17,1988,女,Q240084,103320,戊辰,己未,癸酉,正官,七杀,七杀,己,0,1,100.0,100.0,GUO YUE,33.0,Guo Yue,https://tabletennis-reference.com/player/detail/33,China,,11.0,2014/2,explicit_highest_only,25.583003073300613,38.0,,1988-07-17,1988,土|土|土|土|水|金,3,0.6666666666666666,0.5,0.8675632284814612,0
史蒂芬·孟加爾,1988-08-02,1988,男,Q2338697,106050,戊辰,己未,己丑,劫财,比肩,比肩,己,0,1,100.0,100.0,STEFFEN MENGEL,129.0,MENGEL Steffen,https://tabletennis-reference.com/player/detail/129,Germany,239.0,25.0,2015/1,explicit_current_and_highest,26.45365750152296,38.0,,1988-08-02,1988,土|土|土|土|土|土,1,1.0,1.0,-0.0,0
夸德里·阿鲁纳,1988-08-09,1988,男,Q7268393,112092,戊辰,庚申,丙申,食神,偏财,偏财,庚,1,1,100.0,100.0,QUADRI ARUNA,115.0,ARUNA Quadri,https://tabletennis-reference.com/player/detail/115,Nigeria,98.0,10.0,2022/5,explicit_current_and_highest,33.76386921018228,38.0,,1988-08-09,1988,土|土|金|金|火|金,3,0.5,0.3888888888888889,1.0114042647073518,0
Hidetoshi Ōya,1988-08-10,1988,男,Q11438131,107043,戊辰,庚申,丁酉,伤官,正财,正财,庚,0,1,100.0,100.0,HIDETOSHI OYA,72.0,HIDETOSHI Oya Ryukyu Asteeda,https://tabletennis-reference.com/player/detail/72,Japan Member of team Fast,,104.0,2014/11,explicit_highest_only,26.26474191804075,38.0,,1988-08-10,1988,土|土|金|金|火|金,3,0.5,0.3888888888888889,1.0114042647073518,0
迪米特里·奥恰洛夫,1988-09-02,1988,男,Q58021,107028,戊辰,庚申,庚申,偏印,比肩,比肩,庚,0,1,100.0,100.0,DIMITRIJ OVTCHAROV,40.0,OVTCHAROV Dimitrij,https://tabletennis-reference.com/player/detail/40,Germany,20.0,1.0,2018/2,explicit_current_and_highest,29.454403581182365,38.0,,1988-09-02,1988,土|土|金|金|金|金,2,0.6666666666666666,0.5555555555555556,0.6365141682948128,0
史蒂芬·費格爾,1988-09-12,1988,男,Q21027989,102697,戊辰,辛酉,庚午,偏印,劫财,劫财,辛,0,1,100.0,100.0,STEFAN FEGERL,107.0,FEGERL Stefan,https://tabletennis-reference.com/player/detail/107,Austria,,19.0,2017/6,explicit_highest_only,28.756237294400297,38.0,,1988-09-12,1988,土|土|金|金|金|火,3,0.5,0.3888888888888889,1.0114042647073518,0
马龙,1988-10-20,1988,男,Q459114,105649,戊辰,壬戌,戊申,比肩,偏财,比肩,戊,0,1,100.0,0.0,MA LONG,19.0,MA Long,https://tabletennis-reference.com/player/detail/19,China,,1.0,2017/12,explicit_highest_only,29.153233810413628,37.0,,1988-10-20,1988,土|土|水|土|土|金,3,0.6666666666666666,0.5,0.8675632284814612,0
Laura Matzke,1988-10-30,1988,女,Q1807794,105950,戊辰,壬戌,戊午,比肩,偏财,比肩,戊,0,0,,,,,,,,,,,,,,No sufficiently confident site match. Top candidates: ,1988-10-30,1988,土|土|水|土|土|火,3,0.6666666666666666,0.5,0.8675632284814612,0
福原愛,1988-11-01,1988,女,Q239371,102876,戊辰,壬戌,庚申,偏印,食神,偏印,戊,0,1,100.0,100.0,AI FUKUHARA,9.0,AI Fukuhara,https://tabletennis-reference.com/player/detail/9,Japan,,4.0,2016/2,explicit_highest_only,27.288719138654454,37.0,,1988-11-01,1988,土|土|水|土|金|金,3,0.5,0.3888888888888889,1.0114042647073516,0
Sami Kherouf,1988-11-15,1988,男,Q121436025,104514,戊辰,癸亥,甲戌,偏财,正印,偏印,壬,0,1,100.0,100.0,SAMI KHEROUF,493.0,KHEROUF Sami,https://tabletennis-reference.com/player/detail/493,Algeria,406.0,140.0,2019/12,explicit_current_and_highest,31.08072034333354,38.0,,1988-11-15,1988,土|土|水|水|木|土,3,0.5,0.3888888888888889,1.0114042647073518,0
朴英淑,1988-12-18,1988,女,Q13468831,107167,戊辰,甲子,丁未,伤官,正印,七杀,癸,0,1,96.55172413793105,22.47765006385696,PARK YOUNG SOOK,1141.0,PARK Youngsook,https://tabletennis-reference.com/player/detail/1141,"Korea, Republic of",,52.0,2014/8,explicit_highest_only,25.656926562489303,38.0,,1988-12-18,1988,土|土|木|水|火|土,4,0.5,0.33333333333333337,1.242453324894,0
木子,1989-01-09,1989,女,Q11518286,111601,戊辰,乙丑,己巳,劫财,七杀,比肩,己,0,1,100.0,47.36842105263157,MU ZI,1927.0,MU Zi,https://tabletennis-reference.com/player/detail/1927,China,,14.0,2017/6,explicit_highest_only,28.430426360568664,37.0,,1989-01-09,1989,土|土|木|土|土|火,3,0.6666666666666666,0.5,0.8675632284814612,0
张墨,1989-01-17,1989,女,Q3375038,110560,戊辰,乙丑,丁丑,伤官,偏印,食神,己,0,1,100.0,23.07692307692308,ZHANG MO,1171.0,ZHANG Mo,https://tabletennis-reference.com/player/detail/1171,Canada,51.0,19.0,2018/12,explicit_current_and_highest,29.908896144342457,37.0,,1989-01-17,1989,土|土|木|土|火|土,3,0.6666666666666666,0.5,0.8675632284814612,0
Kyle Davis,1989-01-18,1989,男,Q18330918,102113,戊辰,乙丑,戊寅,比肩,正官,劫财,己,0,0,,,,,,,,,,,,,,No sufficiently confident site match. Top candidates: DAVIS Tony [70.0] id=10482; DAVIS Lovetta [69.6] id=18995; PINO Davis [66.7] id=16749,1989-01-18,1989,土|土|木|土|土|木,2,0.6666666666666666,0.5555555555555556,0.6365141682948128,0
Katharina Michajlova,1989-01-27,1989,女,Q104621418,106090,戊辰,乙丑,丁亥,伤官,偏印,食神,己,0,1,100.0,100.0,KATHARINA MICHAJLOVA,7251.0,MICHAJLOVA Katharina,https://tabletennis-reference.com/player/detail/7251,Germany,,732.0,2018/9,explicit_highest_only,29.632367536636615,,,1989-01-27,1989,土|土|木|土|火|水,4,0.5,0.33333333333333337,1.242453324894,0
侯美玲,1989-01-27,1989,女,Q432696,113161,戊辰,乙丑,丁亥,伤官,偏印,食神,己,0,1,100.0,100.0,MELEK HU,1089.0,HU Melek,https://tabletennis-reference.com/player/detail/1089,Turkey,,10.0,2017/2,explicit_highest_only,28.052595193604247,37.0,,1989-01-27,1989,土|土|木|土|火|水,4,0.5,0.33333333333333337,1.242453324894,0
江宏傑,1989-02-22,1989,男,Q15918705,101711,己巳,丙寅,癸丑,七杀,正财,伤官,甲,0,1,100.0,100.0,CHIANG HUNG CHIEH,56.0,Chiang Hung-Chieh Ryukyu Asteeda,https://tabletennis-reference.com/player/detail/56,Taiwan,,47.0,2014/11,explicit_highest_only,25.728112144671005,37.0,,1989-02-22,1989,土|火|火|木|水|土,4,0.3333333333333333,0.2777777777777778,1.3296613488547582,0
卡斯帕·斯騰伯格,1989-02-26,1989,男,Q12321521,108976,己巳,丙寅,丁巳,食神,劫财,正印,甲,1,1,100.0,100.0,KASPER STERNBERG,2178.0,STERNBERG Kasper,https://tabletennis-reference.com/player/detail/2178,Denmark,,124.0,2015/2,explicit_highest_only,25.969047961285995,37.0,,1989-02-26,1989,土|火|火|木|火|火,3,0.6666666666666666,0.5,0.8675632284814612,0
Kenji Matsudaira,1989-04-06,1989,男,Q11530590,111033,己巳,戊辰,丙申,伤官,食神,食神,戊,0,1,100.0,100.0,KENJI MATSUDAIRA,86.0,KENJI Matsudaira,https://tabletennis-reference.com/player/detail/86,Japan Member of team Kyowa Hakko Kirin,,64.0,2014/2,explicit_highest_only,24.86293353046264,37.0,,1989-04-06,1989,土|火|土|土|火|金,3,0.5,0.3888888888888889,1.0114042647073516,0
伊莎貝塔·薩瑪拉,1989-04-15,1989,女,Q441050,108226,己巳,戊辰,乙巳,偏财,正财,正财,戊,0,1,100.0,0.0,ELIZABETA SAMARA,67.0,SAMARA Elizabeta Top Nagoya,https://tabletennis-reference.com/player/detail/67,Romania,38.0,13.0,2014/9,explicit_current_and_highest,25.418728652881303,37.0,,1989-04-15,1989,土|火|土|土|木|火,3,0.5,0.3888888888888889,1.0114042647073518,0
金仲,1989-04-19,1989,女,Q6408963,104589,己巳,戊辰,己酉,比肩,劫财,劫财,戊,0,1,100.0,15.78947368421052,KIM JONG,3030.0,KIM Jong,https://tabletennis-reference.com/player/detail/3030,"Korea, Democratic People's Republic of",,59.0,2014/3,explicit_highest_only,24.904002135567463,36.0,,1989-04-19,1989,土|火|土|土|土|金,3,0.6666666666666666,0.5,0.8675632284814612,0
水谷隼,1989-06-09,1989,男,Q1332747,106195,己巳,庚午,庚子,正印,比肩,正官,丁,0,1,100.0,100.0,JUN MIZUTANI,1.0,JUN Mizutani Kinoshita Meister Tokyo,https://tabletennis-reference.com/player/detail/1,Japan Member of team Kinoshita Group,,4.0,2017/2,explicit_highest_only,27.688453561674777,37.0,,1989-06-09,1989,土|火|金|火|金|水,4,0.3333333333333333,0.2777777777777778,1.3296613488547582,0
奧維杜·約內斯庫,1989-06-28,1989,男,Q2792055,103903,己巳,庚午,己未,比肩,伤官,偏印,丁,0,1,100.0,100.0,OVIDIU IONESCU,138.0,IONESCU Ovidiu,https://tabletennis-reference.com/player/detail/138,Romania,123.0,39.0,2019/4,explicit_current_and_highest,29.79664195705593,37.0,,1989-06-28,1989,土|火|金|火|土|土,3,0.5,0.3888888888888889,1.0114042647073516,0
石垣優香,1989-07-22,1989,女,Q11585389,103927,己巳,辛未,癸未,七杀,偏印,七杀,己,0,1,100.0,100.0,ISHIGAKI YUKA,64.0,YUKA Ishigaki Nissay Redelf,https://tabletennis-reference.com/player/detail/64,Japan,,19.0,2015/9,explicit_highest_only,26.14974982374724,37.0,,1989-07-22,1989,土|火|金|土|水|土,4,0.5,0.33333333333333337,1.242453324894,0
娜達莉雅·柏迪卡,1989-07-27,1989,女,Q259768,107177,己巳,辛未,戊子,劫财,伤官,劫财,己,0,1,100.0,100.0,NATALIA PARTYKA,1132.0,PARTYKA Natalia,https://tabletennis-reference.com/player/detail/1132,Poland,,53.0,2018/2,explicit_highest_only,28.556370082890133,37.0,,1989-07-27,1989,土|火|金|土|土|水,4,0.5,0.33333333333333337,1.242453324894,0
Mikhail Paikov,1989-07-31,1989,男,Q22919310,107071,己巳,辛未,壬辰,正官,正印,正官,己,0,1,100.0,100.0,MIKHAIL PAIKOV,165.0,PAIKOV Mikhail,https://tabletennis-reference.com/player/detail/165,Russian Federation,,80.0,2017/1,explicit_highest_only,27.46120728009473,37.0,,1989-07-31,1989,土|火|金|土|水|土,4,0.5,0.33333333333333337,1.242453324894,0
于梦雨,1989-08-18,1989,女,Q3573074,111628,己巳,壬申,庚戌,正印,食神,比肩,庚,0,1,100.0,27.272727272727263,YU MENGYU,1085.0,YU Mengyu Nissay Redelf,https://tabletennis-reference.com/player/detail/1085,Singapore,,10.0,2014/9,explicit_highest_only,25.076490277007743,37.0,,1989-08-18,1989,土|火|水|金|金|土,4,0.3333333333333333,0.2777777777777778,1.3296613488547582,0
Andy Pereira,1989-08-31,1989,男,Q4761161,107272,己巳,壬申,癸亥,七杀,劫财,正印,庚,0,1,100.0,100.0,ANDY PEREIRA,241.0,PEREIRA Andy,https://tabletennis-reference.com/player/detail/241,Cuba,800.0,53.0,2024/4,explicit_current_and_highest,34.62357201037667,37.0,,1989-08-31,1989,土|火|水|金|水|水,4,0.5,0.3333333333333333,1.2424533248940002,0
Matīss Burģis,1989-08-31,1989,男,Q6792159,101393,己巳,壬申,癸亥,七杀,劫财,正印,庚,0,1,100.0,100.0,MATISS BURGIS,202.0,BURGIS Matiss,https://tabletennis-reference.com/player/detail/202,Latvia,,113.0,2015/1,explicit_highest_only,25.37492214076949,37.0,,1989-08-31,1989,土|火|水|金|水|水,4,0.5,0.3333333333333333,1.2424533248940002,0
薛娟,1989-10-20,1989,女,Q83812750,4645,己巳,甲戌,癸丑,七杀,伤官,正官,戊,0,1,100.0,100.0,XUE JUAN,16404.0,XUE Juan,https://tabletennis-reference.com/player/detail/16404,China,,,,,,,,1989-10-20,1989,土|火|木|土|水|土,4,0.5,0.33333333333333337,1.242453324894,0
韓杏,1989-11-08,1989,女,Q5646702,114456,己巳,乙亥,壬申,正官,伤官,比肩,壬,0,1,100.0,20.0,HAN XING,1217.0,HAN Xing,https://tabletennis-reference.com/player/detail/1217,Congo,,125.0,2015/5,explicit_highest_only,25.514555398125903,37.0,,1989-11-08,1989,土|火|木|水|水|金,5,0.3333333333333333,0.2222222222222222,1.5607104090414063,1
瑞秋·莫雷特,1989-11-23,1989,女,Q19629136,111416,己巳,乙亥,丁亥,食神,偏印,正官,壬,1,1,100.0,100.0,RACHEL MORET,1186.0,MORET Rachel,https://tabletennis-reference.com/player/detail/1186,Switzerland,137.0,68.0,2018/3,explicit_current_and_highest,28.30722054525418,37.0,,1989-11-23,1989,土|火|木|水|火|水,4,0.3333333333333333,0.2777777777777778,1.3296613488547582,0
Vladislavs Agurjanovs,1989-12-03,1989,男,Q7938935,100171,己巳,乙亥,丁酉,食神,偏印,正官,壬,1,0,,,,,,,,,,,,,,No sufficiently confident site match. Top candidates: ,1989-12-03,1989,土|火|木|水|火|金,5,0.3333333333333333,0.22222222222222227,1.5607104090414063,1
阿布德-卡德爾·薩利夫,1989-12-07,1989,男,Q2820947,108204,己巳,丙子,辛丑,偏印,正官,食神,癸,0,1,100.0,100.0,ABDEL KADER SALIFOU,1870.0,SALIFOU Abdel-Kader,https://tabletennis-reference.com/player/detail/1870,France,111.0,83.0,2018/2,explicit_current_and_highest,28.192228450960663,36.0,,1989-12-07,1989,土|火|火|水|金|土,4,0.3333333333333333,0.2777777777777778,1.329661348854758,0
薩希德·艾多烏,1990-01-03,1990,男,Q7399575,114457,己巳,丙子,戊辰,劫财,偏印,正财,癸,0,1,100.0,100.0,SAHEED IDOWU,328.0,IDOWU Saheed,https://tabletennis-reference.com/player/detail/328,Congo,,100.0,2024/8,explicit_highest_only,34.615358289355704,36.0,,1990-01-03,1990,土|火|火|水|土|土,3,0.5,0.3888888888888889,1.0114042647073516,0
许昕,1990-01-08,1990,男,Q2520617,110267,己巳,丁丑,癸酉,七杀,偏财,七杀,己,0,1,100.0,20.0,XU XIN,16.0,XU Xin,https://tabletennis-reference.com/player/detail/16,China,,1.0,2020/3,explicit_highest_only,30.182686845041307,36.0,,1990-01-08,1990,土|火|火|土|水|金,4,0.3333333333333333,0.2777777777777778,1.329661348854758,0
保羅·金克霍爾,1990-01-16,1990,男,Q1392394,102380,己巳,丁丑,辛巳,偏印,七杀,偏印,己,0,1,100.0,100.0,PAUL DRINKHALL,80.0,DRINKHALL Paul,https://tabletennis-reference.com/player/detail/80,England,739.0,32.0,2016/9,explicit_current_and_highest,26.664476341061075,36.0,,1990-01-16,1990,土|火|火|土|金|火,3,0.5,0.3888888888888889,1.0114042647073516,0
梅利莎·泰普,1990-03-01,1990,女,Q6812892,109272,庚午,戊寅,乙丑,正官,正财,劫财,甲,0,1,100.0,0.0,MELISSA TAPPER,1399.0,TAPPER Melissa,https://tabletennis-reference.com/player/detail/1399,Australia,,100.0,2025/6,explicit_highest_only,35.291621320081866,36.0,,1990-03-01,1990,金|火|土|木|木|土,4,0.3333333333333333,0.2777777777777778,1.3296613488547582,0
沈强,1990-05-11,1990,男,Q7494124,108568,庚午,辛巳,丙子,偏财,正财,比肩,丙,0,0,,,,,,,,,,,,,,No sufficiently confident site match. Top candidates: ZHANG Qiang [76.2] id=3310; JIANQIANG HUANG [64.0] id=10136; LI Qiangbing [54.5] id=1165,1990-05-11,1990,金|火|金|火|火|水,3,0.5,0.3888888888888889,1.0114042647073516,0
Safa Saidani,1990-05-26,1990,女,Q23667753,108158,庚午,辛巳,辛卯,劫财,比肩,正官,丙,0,1,100.0,100.0,SAFA SAIDANI,1482.0,SAIDANI Safa,https://tabletennis-reference.com/player/detail/1482,Tunisia,,215.0,2019/5,explicit_highest_only,28.9697940409454,36.0,,1990-05-26,1990,金|火|金|火|金|木,3,0.5,0.3888888888888889,1.0114042647073518,0
哈娜·瑪他洛伐,1990-06-08,1990,女,Q26775469,105913,庚午,壬午,甲辰,七杀,偏印,伤官,丁,0,1,100.0,100.0,HANA MATELOVA,1138.0,MATELOVA Hana,https://tabletennis-reference.com/player/detail/1138,Czech Republic,,18.0,2022/5,explicit_highest_only,31.934947329513957,36.0,,1990-06-08,1990,金|火|水|火|木|土,5,0.3333333333333333,0.22222222222222227,1.5607104090414063,1
丁宁,1990-06-20,1990,女,Q242496,102265,庚午,壬午,丙辰,偏财,七杀,劫财,丁,0,1,100.0,100.0,DING NING,24.0,DING Ning,https://tabletennis-reference.com/player/detail/24,China,,1.0,2019/5,explicit_highest_only,28.901346365770685,36.0,,1990-06-20,1990,金|火|水|火|火|土,4,0.5,0.33333333333333337,1.242453324894,0
Ficky Supit Santoso,1990-08-02,1990,男,Q65095381,112040,庚午,癸未,己亥,伤官,偏财,比肩,己,0,1,100.0,100.0,SANTOSO,326.0,SANTOSO Ficky,https://tabletennis-reference.com/player/detail/326,Indonesia,,257.0,2016/4,explicit_highest_only,25.70347098160811,36.0,,1990-08-02,1990,金|火|水|土|土|水,4,0.3333333333333333,0.2777777777777778,1.3296613488547582,0
李相秀,1990-08-13,1990,男,Q3228931,105197,庚午,甲申,庚戌,比肩,偏财,比肩,庚,0,1,100.0,100.0,LEE SANG SU,105.0,LEE Sangsu Okayama Rivets,https://tabletennis-reference.com/player/detail/105,"Korea, Republic of",,6.0,2019/4,explicit_highest_only,28.671362177183653,36.0,,1990-08-13,1990,金|火|木|金|金|土,4,0.5,0.3333333333333333,1.2424533248940002,0
Alexander Shibaev,1990-09-09,1990,男,Q4523564,108581,庚午,乙酉,丁丑,正财,偏印,偏财,辛,0,1,100.0,100.0,ALEXANDER SHIBAEV,106.0,SHIBAEV Alexander,https://tabletennis-reference.com/player/detail/106,Russian Federation,,21.0,2016/6,explicit_highest_only,25.766442842768846,36.0,,1990-09-09,1990,金|火|木|金|火|土,4,0.3333333333333333,0.2777777777777778,1.3296613488547582,0
Rosalia Stähr,1990-09-16,1990,女,Q15843023,108925,庚午,乙酉,甲申,七杀,劫财,正官,辛,0,1,100.0,100.0,ROSALIA STAHR,7218.0,STAHR Rosalia,https://tabletennis-reference.com/player/detail/7218,Germany,,,,,,,,1990-09-16,1990,金|火|木|金|木|金,3,0.5,0.3888888888888889,1.0114042647073518,0
艾米麗·索爾佳,1990-09-29,1990,女,Q461737,108843,庚午,乙酉,丁酉,正财,偏印,偏财,辛,0,1,100.0,100.0,AMELIE SOLJA,1164.0,SOLJA Amelie,https://tabletennis-reference.com/player/detail/1164,Austria,,47.0,2014/10,explicit_highest_only,24.044299335373072,35.0,,1990-09-29,1990,金|火|木|金|火|金,3,0.5,0.3888888888888889,1.0114042647073518,0
Olga Vorobyova,1990-10-12,1990,女,Q29358738,111871,庚午,丙戌,庚戌,比肩,七杀,偏印,戊,0,1,100.0,100.0,OLGA VOROBEVA,4888.0,VOROBEVA Olga,https://tabletennis-reference.com/player/detail/4888,Russian Federation,317.0,61.0,2018/3,explicit_current_and_highest,27.42287658199689,36.0,,1990-10-12,1990,金|火|火|土|金|土,3,0.3333333333333333,0.3333333333333333,1.0986122886681096,0
本篤·奧拉,1991-03-29,1991,男,Q3873895,110726,辛未,辛卯,戊戌,伤官,伤官,正官,乙,0,1,100.0,100.0,BENEDEK OLAH,135.0,OLAH Benedek,https://tabletennis-reference.com/player/detail/135,Finland,801.0,50.0,2022/6,explicit_current_and_highest,31.214877786675974,35.0,,1991-03-29,1991,金|土|金|木|土|土,3,0.5,0.3888888888888889,1.0114042647073518,0
松平健太,1991-04-11,1991,男,Q2363614,105926,辛未,壬辰,辛亥,比肩,伤官,正印,戊,0,1,100.0,100.0,KENTA MATSUDAIRA,10.0,KENTA Matsudaira Kanazawa-PORT,https://tabletennis-reference.com/player/detail/10,Japan Member of team Fast,,9.0,2017/11,explicit_highest_only,26.59876657289335,35.0,,1991-04-11,1991,金|土|水|土|金|水,3,0.3333333333333333,0.3333333333333333,1.0986122886681096,0
刘诗雯,1991-04-12,1991,女,Q443175,105482,辛未,壬辰,壬子,正印,比肩,七杀,戊,0,1,100.0,100.0,LIU SHIWEN,15.0,LIU Shiwen,https://tabletennis-reference.com/player/detail/15,China,,1.0,2016/9,explicit_highest_only,25.42968028090926,35.0,,1991-04-12,1991,金|土|水|土|水|水,3,0.5,0.3888888888888889,1.0114042647073518,0
阿尔瓦罗·罗贝尔斯,1991-04-29,1991,男,Q63348571,111050,辛未,壬辰,己巳,食神,正财,劫财,戊,1,1,100.0,100.0,ALVARO ROBLES,177.0,ROBLES Alvaro,https://tabletennis-reference.com/player/detail/177,Spain,57.0,30.0,2025/2,explicit_current_and_highest,33.80219990828012,35.0,,1991-04-29,1991,金|土|水|土|土|火,4,0.5,0.33333333333333337,1.242453324894,0
徐賢德,1991-05-09,1991,男,Q16172062,111884,辛未,癸巳,己卯,食神,偏财,正印,丙,1,1,96.0,100.0,SEO HYUN DEOK,2576.0,SEO Hyundeok,https://tabletennis-reference.com/player/detail/2576,"Korea, Republic of",,77.0,2014/3,explicit_highest_only,22.850571880326083,35.0,,1991-05-09,1991,金|土|水|火|土|木,5,0.3333333333333333,0.2222222222222222,1.5607104090414063,1
Priscila Tommy,1991-05-23,1991,女,Q3361139,109480,辛未,癸巳,癸巳,偏印,比肩,正财,丙,0,1,100.0,100.0,PRISCILA TOMMY,7491.0,TOMMY Priscila,https://tabletennis-reference.com/player/detail/7491,Vanuatu,,101.0,2024/8,explicit_highest_only,33.2327152508265,,,1991-05-23,1991,金|土|水|火|水|火,4,0.3333333333333333,0.2777777777777778,1.3296613488547582,0
Yvonne Kaiser,1991-05-28,1991,女,Q78360315,114794,辛未,癸巳,戊戌,伤官,正财,偏印,丙,0,1,100.0,100.0,YVONNE KAISER,5243.0,KAISER Yvonne,https://tabletennis-reference.com/player/detail/5243,Germany,,377.0,2017/11,explicit_highest_only,26.47008494356489,35.0,,1991-05-28,1991,金|土|水|火|土|土,4,0.5,0.33333333333333337,1.242453324894,0
陳建安,1991-06-16,1991,男,Q13360457,101648,辛未,甲午,丁巳,偏财,正印,比肩,丁,0,1,100.0,0.0,CHEN CHIEN AN,77.0,CHEN Chien-An Ryukyu Asteeda,https://tabletennis-reference.com/player/detail/77,Taiwan,,17.0,2014/11,explicit_highest_only,23.417318630772705,35.0,,1991-06-16,1991,金|土|木|火|火|火,4,0.5,0.33333333333333337,1.242453324894,0
奧瑪·阿薩爾,1991-07-22,1991,男,Q7089642,100696,辛未,乙未,癸巳,偏印,食神,七杀,己,0,1,100.0,100.0,OMAR ASSAR,116.0,ASSAR Omar,https://tabletennis-reference.com/player/detail/116,Egypt,27.0,13.0,2024/4,explicit_current_and_highest,32.7344161755546,35.0,,1991-07-22,1991,金|土|木|土|水|火,5,0.3333333333333333,0.2222222222222222,1.5607104090414063,1
克里斯蒂安·卡尔松,1991-08-06,1991,男,Q5901753,104379,辛未,乙未,戊申,伤官,正官,劫财,己,0,1,100.0,0.0,KRISTIAN KARLSSON,110.0,KARLSSON Kristian,https://tabletennis-reference.com/player/detail/110,Sweden,40.0,15.0,2022/5,explicit_current_and_highest,30.774074758550825,35.0,,1991-08-06,1991,金|土|木|土|土|金,3,0.5,0.3888888888888889,1.0114042647073518,0
Margaryta Pesotska,1991-08-09,1991,女,Q2031941,107321,辛未,丙申,辛亥,比肩,正官,劫财,庚,0,1,100.0,100.0,MARGARYTA PESOTSKA,83.0,PESOTSKA Margaryta,https://tabletennis-reference.com/player/detail/83,Ukraine,44.0,27.0,2022/2,explicit_current_and_highest,30.52218731390788,35.0,,1991-08-09,1991,金|土|火|金|金|水,4,0.5,0.33333333333333337,1.242453324894,0
马蒂亚斯·法尔克,1991-09-07,1991,男,Q26720581,112074,辛未,丙申,庚辰,劫财,七杀,比肩,庚,0,1,100.0,100.0,MATTIAS FALCK,118.0,FALCK Mattias,https://tabletennis-reference.com/player/detail/118,Sweden,95.0,7.0,2019/8,explicit_current_and_highest,27.93760309931073,35.0,,1991-09-07,1991,金|土|火|金|金|土,3,0.5,0.3888888888888889,1.0114042647073518,0
黃鎮廷,1991-09-07,1991,男,Q16321529,112620,辛未,丙申,庚辰,劫财,七杀,比肩,庚,0,1,100.0,100.0,WONG CHUN TING,65.0,WONG Chun Ting T.T Saitama,https://tabletennis-reference.com/player/detail/65,Hong Kong,38.0,6.0,2018/3,explicit_current_and_highest,26.519367269690683,35.0,,1991-09-07,1991,金|土|火|金|金|土,3,0.5,0.3888888888888889,1.0114042647073518,0
Jorge Campos,1991-09-19,1991,男,Q26775234,112121,辛未,丁酉,壬辰,正印,正财,正印,辛,0,1,100.0,100.0,JORGE CAMPOS,278.0,CAMPOS Jorge,https://tabletennis-reference.com/player/detail/278,Cuba,549.0,150.0,2022/5,explicit_current_and_highest,30.65360685024333,35.0,,1991-09-19,1991,金|土|火|金|水|土,4,0.3333333333333333,0.2777777777777778,1.3296613488547582,0
Jishan Liang,1991-11-08,1991,男,Q134300013,121222,辛未,己亥,壬午,正印,正官,比肩,壬,0,1,100.0,100.0,JISHAN LIANG,2605.0,LIANG Jishan,https://tabletennis-reference.com/player/detail/2605,United States,184.0,139.0,2024/5,explicit_current_and_highest,32.5181215220025,34.0,,1991-11-08,1991,金|土|土|水|水|火,4,0.3333333333333333,0.2777777777777778,1.3296613488547582,0
Onyinyechi Nwachukwu,1991-11-21,1991,女,Q67582526,114458,辛未,己亥,乙未,七杀,偏财,正印,壬,0,1,100.0,100.0,ONYINYECHI NWACHUKWU,1617.0,NWACHUKWU Onyinyechi,https://tabletennis-reference.com/player/detail/1617,Congo,,437.0,2017/2,explicit_highest_only,25.23802679042006,35.0,,1991-11-21,1991,金|土|土|水|木|土,4,0.5,0.33333333333333337,1.242453324894,0
諾沙德·阿拉米安,1991-11-21,1991,男,Q3361650,110673,辛未,己亥,乙未,七杀,偏财,正印,壬,0,0,,,,,,,,,,,,,,No sufficiently confident site match. Top candidates: ALAMIAN Nima [76.9] id=176,1991-11-21,1991,金|土|土|水|木|土,4,0.5,0.33333333333333337,1.242453324894,0
里卡多·瓦尔特,1991-11-30,1991,男,Q2148735,109946,辛未,己亥,甲辰,正官,正财,偏印,壬,0,1,100.0,100.0,RICARDO WALTHER,147.0,WALTHER Ricardo,https://tabletennis-reference.com/player/detail/147,Germany,135.0,27.0,2018/1,explicit_current_and_highest,26.12784656769133,34.0,,1991-11-30,1991,金|土|土|水|木|土,4,0.5,0.33333333333333337,1.242453324894,0
Jin Ueda,1991-12-10,1991,男,Q44738288,110730,辛未,庚子,甲寅,正官,七杀,正印,癸,0,1,100.0,100.0,JIN UEDA,2577.0,JIN Ueda T.T Saitama,https://tabletennis-reference.com/player/detail/2577,Japan,,23.0,2018/6,explicit_highest_only,26.513891455676703,34.0,,1991-12-10,1991,金|土|金|水|木|木,4,0.3333333333333333,0.2777777777777778,1.3296613488547582,0
Philipp Floritz,1991-12-14,1991,男,Q2086717,113251,辛未,庚子,戊午,伤官,食神,正财,癸,0,1,100.0,100.0,PHILIPP FLORITZ,1879.0,FLORITZ Philipp,https://tabletennis-reference.com/player/detail/1879,Bulgaria,,183.0,2017/8,explicit_highest_only,25.670616097524245,35.0,,1991-12-14,1991,金|土|金|水|土|火,4,0.3333333333333333,0.2777777777777778,1.3296613488547582,0
Widad Nouari,1992-01-02,1992,女,Q67180818,134214,辛未,庚子,丁丑,偏财,正财,七杀,癸,0,1,100.0,100.0,WIDAD NOUARI,7510.0,NOUARI Widad,https://tabletennis-reference.com/player/detail/7510,Algeria,,209.0,2022/5,explicit_highest_only,30.366126614509536,,,1992-01-02,1992,金|土|金|水|火|土,4,0.3333333333333333,0.2777777777777778,1.3296613488547582,0
武杨,1992-01-05,1992,女,Q3225038,110226,辛未,庚子,庚辰,劫财,比肩,伤官,癸,0,1,92.3076923076923,14.52991452991452,WU YANG,45.0,WuYang,https://tabletennis-reference.com/player/detail/45,China,,5.0,2014/9,explicit_highest_only,22.69451118092774,34.0,,1992-01-05,1992,金|土|金|水|金|土,3,0.5,0.3888888888888889,1.0114042647073516,0
方博,1992-01-09,1992,男,Q19849724,111606,辛未,辛丑,甲申,正官,正官,正财,己,0,1,100.0,17.64705882352942,FANG BO,47.0,FANG Bo,https://tabletennis-reference.com/player/detail/47,China,156.0,8.0,2016/3,explicit_current_and_highest,24.1811946857225,34.0,,1992-01-09,1992,金|土|金|土|木|金,3,0.5,0.3888888888888889,1.0114042647073518,0
鄭榮植,1992-01-20,1992,男,Q6312686,104257,辛未,辛丑,乙未,七杀,七杀,偏财,己,0,1,96.7741935483871,22.700119474313027,JEOUNG YOUNG SIK,103.0,JEOUNG Youngsik,https://tabletennis-reference.com/player/detail/103,"Korea, Republic of",,7.0,2017/2,explicit_highest_only,25.07375237000075,34.0,,1992-01-20,1992,金|土|金|土|木|土,3,0.5,0.3888888888888889,1.0114042647073518,0
Kathrin Mühlbach,1992-01-30,1992,女,Q1670478,111064,辛未,辛丑,乙巳,七杀,七杀,偏财,己,0,1,100.0,100.0,KATHRIN MUHLBACH,3535.0,MUHLBACH Kathrin,https://tabletennis-reference.com/player/detail/3535,Germany,,180.0,2015/3,explicit_highest_only,23.121624674017948,33.0,,1992-01-30,1992,金|土|金|土|木|火,4,0.3333333333333333,0.2777777777777778,1.3296613488547582,0
Noha Yossry,1992-02-07,1992,女,Q7047550,110883,壬申,壬寅,癸丑,劫财,劫财,伤官,甲,0,0,,,,,,,,,,,,,,No sufficiently confident site match. Top candidates: ,1992-02-07,1992,水|金|水|木|水|土,4,0.5,0.3333333333333333,1.2424533248940002,0
鄭怡靜,1992-02-15,1992,女,Q16078561,110797,壬申,壬寅,辛酉,伤官,伤官,正财,甲,0,1,100.0,100.0,CHENG I CHING,1084.0,CHENG I-Ching Kinoshita Abyell Kanagawa,https://tabletennis-reference.com/player/detail/1084,Taiwan,28.0,5.0,2017/3,explicit_current_and_highest,25.07922818401473,34.0,,1992-02-15,1992,水|金|水|木|金|金,3,0.5,0.3888888888888889,1.0114042647073518,0
金珉錫,1992-02-25,1992,男,Q6409162,111791,壬申,壬寅,辛未,伤官,伤官,正财,甲,0,0,,,,,,,,,,,,,,No sufficiently confident site match. Top candidates: KIM Minseok [95.7] id=60; KIM Minseok [95.7] id=14897,1992-02-25,1992,水|金|水|木|金|土,4,0.3333333333333333,0.2777777777777778,1.3296613488547582,0
巴博菈·巴薩佐伐,1992-03-18,1992,女,Q26789883,100868,壬申,癸卯,癸巳,劫财,比肩,食神,乙,0,1,100.0,100.0,BARBORA BALAZOVA,1126.0,BALAZOVA Barbora,https://tabletennis-reference.com/player/detail/1126,Slovakia,122.0,37.0,2022/5,explicit_current_and_highest,30.15804568197841,34.0,,1992-03-18,1992,水|金|水|木|水|火,4,0.5,0.3333333333333333,1.2424533248940002,0
周雨,1992-05-19,1992,男,Q13362689,110609,壬申,乙巳,乙未,正印,比肩,伤官,丙,0,1,100.0,12.5,ZHOU YU,3136.0,ZHOU Yu Ryukyu Asteeda,https://tabletennis-reference.com/player/detail/3136,China,,13.0,2014/4,explicit_highest_only,21.905993962915048,33.0,,1992-05-19,1992,水|金|木|火|木|土,5,0.3333333333333333,0.22222222222222227,1.5607104090414063,1
Lauric Jean,1992-06-05,1992,男,Q19942987,104087,壬申,乙巳,壬子,比肩,伤官,偏财,丙,0,1,100.0,100.0,LAURIC JEAN,292.0,JEAN Lauric,https://tabletennis-reference.com/player/detail/292,Belgium,,197.0,2018/4,explicit_highest_only,25.85953168100645,34.0,,1992-06-05,1992,水|金|木|火|水|水,4,0.5,0.3333333333333333,1.2424533248940002,0
Valeria Kotcyur,1992-06-11,1992,女,Q108171990,114947,壬申,丙午,戊午,偏财,偏印,正印,丁,0,1,100.0,100.0,VALERIA KOTCYUR,3539.0,KOTCYUR Valeria,https://tabletennis-reference.com/player/detail/3539,Russian Federation,322.0,85.0,2022/5,explicit_current_and_highest,29.925323586384387,33.0,,1992-06-11,1992,水|金|火|火|土|火,4,0.5,0.33333333333333337,1.242453324894,0
帕特里克·弗朗西斯卡,1992-06-11,1992,男,Q2057592,102832,壬申,丙午,戊午,偏财,偏印,正印,丁,0,1,100.0,100.0,PATRICK FRANZISKA,121.0,FRANZISKA Patrick,https://tabletennis-reference.com/player/detail/121,Germany,24.0,8.0,2025/4,explicit_current_and_highest,32.843932455834135,34.0,,1992-06-11,1992,水|金|火|火|土|火,4,0.5,0.33333333333333337,1.242453324894,0
Ibrahima Diaw,1992-07-09,1992,男,Q98593728,113681,壬申,丁未,丙戌,七杀,劫财,伤官,己,0,1,100.0,100.0,IBRAHIMA DIAW,4893.0,DIAW Ibrahima,https://tabletennis-reference.com/player/detail/4893,Senegal,201.0,53.0,2022/2,explicit_current_and_highest,29.60498846656673,34.0,,1992-07-09,1992,水|金|火|土|火|土,4,0.3333333333333333,0.2777777777777778,1.329661348854758,0
Yūki Hirano,1992-07-23,1992,男,Q108776841,110727,壬申,丁未,庚子,食神,正官,正印,己,1,1,100.0,100.0,HIRANO YUKI,3845.0,YUKI Hirano,https://tabletennis-reference.com/player/detail/3845,Japan Member of team Kyowa Hakko Kirin,,93.0,2020/3,explicit_highest_only,27.644647049562963,34.0,,1992-07-23,1992,水|金|火|土|金|水,4,0.3333333333333333,0.2777777777777778,1.3296613488547582,0
Stéphanie Loeuillette,1992-07-27,1992,女,Q101089590,112356,壬申,丁未,甲辰,偏印,伤官,正财,己,0,1,100.0,100.0,STEPHANIE LOEUILLETTE,1237.0,LOEUILLETTE Stephanie,https://tabletennis-reference.com/player/detail/1237,France,,73.0,2019/9,explicit_highest_only,27.1353963462631,34.0,,1992-07-27,1992,水|金|火|土|木|土,5,0.3333333333333333,0.2222222222222222,1.5607104090414063,1
Farah Abdelaziz,1992-09-01,1992,女,Q107877445,100032,壬申,戊申,庚辰,食神,偏印,比肩,庚,1,1,100.0,100.0,FARAH ABDEL AZIZ,1432.0,ABDEL-AZIZ Farah,https://tabletennis-reference.com/player/detail/1432,Egypt,568.0,117.0,2022/5,explicit_current_and_highest,29.70081521181133,34.0,,1992-09-01,1992,水|金|土|金|金|土,3,0.5,0.3888888888888889,1.0114042647073516,0
莎賓·溫特爾,1992-09-27,1992,女,Q104639,111066,壬申,己酉,丙午,七杀,伤官,正财,辛,0,1,100.0,100.0,SABINE WINTER,1111.0,WINTER Sabine,https://tabletennis-reference.com/player/detail/1111,Germany,9.0,8.0,2026/7,explicit_current_and_highest,33.79672409426614,34.0,,1992-09-27,1992,水|金|土|金|火|火,4,0.3333333333333333,0.2777777777777778,1.3296613488547582,0
田志希,1992-10-28,1992,女,Q16906285,118994,壬申,庚戌,丁丑,正官,正财,伤官,戊,0,1,100.0,0.0,JEON JI HEE,1082.0,JEON Jihee Nissay Redelf,https://tabletennis-reference.com/player/detail/1082,"Korea, Republic of",,10.0,2022/2,explicit_highest_only,29.30108078879101,33.0,,1992-10-28,1992,水|金|金|土|火|土,4,0.3333333333333333,0.2777777777777778,1.3296613488547582,0
约纳坦·格罗特,1992-11-02,1992,男,Q12320301,112409,壬申,庚戌,壬午,比肩,偏印,七杀,戊,0,1,100.0,0.0,JONATHAN GROTH,113.0,GROTH Jonathan,https://tabletennis-reference.com/player/detail/113,Denmark,42.0,15.0,2018/11,explicit_current_and_highest,26.03475772945372,33.0,,1992-11-02,1992,水|金|金|土|水|火,4,0.3333333333333333,0.2777777777777778,1.3296613488547582,0
Pavel Širuček,1992-11-20,1992,男,Q107610946,113243,壬申,辛亥,庚子,食神,劫财,食神,壬,1,1,100.0,100.0,PAVEL SIRUCEK,207.0,SIRUCEK Pavel,https://tabletennis-reference.com/player/detail/207,Czech Republic,521.0,44.0,2020/3,explicit_current_and_highest,27.31609820872434,33.0,,1992-11-20,1992,水|金|金|水|金|水,2,0.5,0.5,0.6931471805599453,0
沙拉·德·纳特,1992-11-21,1992,女,Q57984030,112280,壬申,辛亥,辛丑,伤官,比肩,伤官,壬,0,1,100.0,100.0,SARAH DE NUTTE,1166.0,DE NUTTE Sarah,https://tabletennis-reference.com/player/detail/1166,Luxembourg,85.0,57.0,2018/3,explicit_current_and_highest,25.31195027960875,34.0,,1992-11-21,1992,水|金|金|水|金|土,3,0.5,0.3888888888888889,1.0114042647073518,0
李皓晴,1992-11-24,1992,女,Q17096778,105159,壬申,辛亥,甲辰,偏印,正官,偏印,壬,0,1,100.0,0.0,LEE HO CHING,1090.0,LEE Ho Ching Nipponpaint Mallets,https://tabletennis-reference.com/player/detail/1090,Hong Kong,,12.0,2018/1,explicit_highest_only,25.142200045175464,33.0,,1992-11-24,1992,水|金|金|水|木|土,4,0.3333333333333333,0.2777777777777778,1.3296613488547582,0
哈立德·阿薩爾,1992-12-10,1992,男,Q26706881,111959,壬申,壬子,庚申,食神,食神,伤官,癸,1,1,100.0,0.0,KHALID ASSAR,274.0,ASSAR Khalid,https://tabletennis-reference.com/player/detail/274,Egypt,903.0,109.0,2022/2,explicit_current_and_highest,29.183350787490504,34.0,,1992-12-10,1992,水|金|水|水|金|金,2,0.5,0.5,0.6931471805599453,0
Kim Song-nam,1992-12-17,1992,男,Q6409387,104631,壬申,壬子,丁卯,正官,正官,七杀,癸,0,0,,,,,,,,,,,,,,No sufficiently confident site match. Top candidates: ,1992-12-17,1992,水|金|水|水|火|木,4,0.5,0.3333333333333333,1.2424533248940002,0
尼瑪·阿拉米安,1992-12-24,1992,男,Q23852693,112035,壬申,壬子,甲戌,偏印,偏印,正印,癸,0,1,100.0,100.0,NIMA ALAMIAN,176.0,ALAMIAN Nima,https://tabletennis-reference.com/player/detail/176,"Iran, Islamic Republic of",570.0,60.0,2019/4,explicit_current_and_highest,26.30581052314558,34.0,,1992-12-24,1992,水|金|水|水|木|土,4,0.5,0.3333333333333333,1.2424533248940002,0
塞德里克·纽廷克,1993-01-06,1993,男,Q109953463,106814,壬申,癸丑,丁亥,正官,七杀,食神,己,0,1,100.0,100.0,CEDRIC NUYTINCK,171.0,NUYTINCK Cedric,https://tabletennis-reference.com/player/detail/171,Belgium,59.0,38.0,2018/3,explicit_current_and_highest,25.18600655728728,33.0,,1993-01-06,1993,水|金|水|土|火|水,4,0.5,0.3333333333333333,1.2424533248940002,0
昆汀·侯比諾,1993-01-07,1993,男,Q3414192,112436,壬申,癸丑,戊子,偏财,正财,劫财,己,0,1,100.0,100.0,QUENTIN ROBINOT,168.0,ROBINOT Quentin,https://tabletennis-reference.com/player/detail/168,France,,65.0,2017/11,explicit_highest_only,24.854719809441672,33.0,,1993-01-07,1993,水|金|水|土|土|水,3,0.5,0.3888888888888889,1.0114042647073518,0
沙提安·吉納納賽卡蘭,1993-01-08,1993,男,Q24946131,103126,壬申,癸丑,己丑,正财,偏财,比肩,己,0,1,100.0,100.0,G SATHIYAN,224.0,GNANASEKARAN Sathiyan Okayama Rivets,https://tabletennis-reference.com/player/detail/224,India,82.0,24.0,2019/7,explicit_current_and_highest,26.513891455676703,33.0,,1993-01-08,1993,水|金|水|土|土|土,3,0.5,0.3888888888888889,1.0114042647073518,0
闫安,1993-01-12,1993,男,Q13415224,113059,壬申,癸丑,癸巳,劫财,比肩,七杀,己,0,0,,,,,,,,,,,,,,No sufficiently confident site match. Top candidates: WANG Yang [80.0] id=120; YANG Haeun [75.0] id=59; YANG Xiaoxin [66.7] id=1117; YANG Hao-Jen [66.7] id=13476; YANG Yiyun [62.5] id=7004,1993-01-12,1993,水|金|水|土|水|火,4,0.5,0.3333333333333333,1.2424533248940002,0
Marcelo Aguirre,1993-01-21,1993,男,Q6130102,111115,壬申,癸丑,壬寅,比肩,劫财,正官,己,0,1,100.0,100.0,MARCELO AGUIRRE,273.0,AGUIRRE Marcelo,https://tabletennis-reference.com/player/detail/273,Paraguay,200.0,52.0,2022/2,explicit_current_and_highest,29.068358693196984,33.0,,1993-01-21,1993,水|金|水|土|水|木,4,0.5,0.3333333333333333,1.2424533248940002,0
Li Yuheng,1993-02-02,1993,女,Q67583228,132097,壬申,癸丑,甲寅,偏印,正印,正财,己,0,1,100.0,100.0,LI YUHENG,2401.0,LI Yuheng,https://tabletennis-reference.com/player/detail/2401,Congo,,461.0,2016/1,explicit_highest_only,22.949136532577672,33.0,,1993-02-02,1993,水|金|水|土|木|木,4,0.3333333333333333,0.2777777777777778,1.3296613488547582,0
石川佳純,1993-02-23,1993,女,Q262311,110752,癸酉,甲寅,乙亥,偏印,劫财,劫财,甲,0,1,100.0,100.0,ISHIKAWA KASUMI,7.0,KASUMI Ishikawa Kinoshita Abyell Kanagawa,https://tabletennis-reference.com/player/detail/7,Japan,,3.0,2019/1,explicit_highest_only,25.89238656509032,33.0,,1993-02-23,1993,水|金|木|木|木|水,3,0.5,0.3888888888888889,1.0114042647073518,0
Jin Takuya,1993-03-02,1993,男,Q105259018,117336,癸酉,甲寅,壬午,劫财,食神,食神,甲,0,1,100.0,100.0,JIN TAKUYA,2272.0,TAKUYA Jin T.T Saitama,https://tabletennis-reference.com/player/detail/2272,Japan,,44.0,2020/1,explicit_highest_only,26.872557273592204,33.0,,1993-03-02,1993,水|金|木|木|水|火,4,0.3333333333333333,0.2777777777777778,1.3296613488547582,0
Satoshi Aida,1993-03-19,1993,男,Q108777190,132632,癸酉,乙卯,己亥,偏财,七杀,七杀,乙,0,1,100.0,100.0,AIDA SATOSHI,2581.0,SATOSHI Aida Okayama Rivets,https://tabletennis-reference.com/player/detail/2581,Japan,185.0,82.0,2023/10,explicit_current_and_highest,30.574207547040665,33.0,,1993-03-19,1993,水|金|木|木|土|水,4,0.3333333333333333,0.2777777777777778,1.3296613488547582,0
鄭先知,1993-04-18,1993,女,Q24835886,114706,癸酉,丙辰,己巳,偏财,正印,劫财,戊,0,1,100.0,100.0,CHENG HSIEN TZU,1147.0,CHENG Hsien-Tzu Kyushu Asteeda,https://tabletennis-reference.com/player/detail/1147,Taiwan,412.0,43.0,2018/4,explicit_current_and_highest,24.9916151597911,33.0,,1993-04-18,1993,水|金|火|土|土|火,4,0.3333333333333333,0.2777777777777778,1.329661348854758,0
Stefanie Christensen,1993-05-04,1993,女,Q104640888,116863,癸酉,丙辰,乙酉,偏印,伤官,正财,戊,0,1,100.0,100.0,STEFANIE CHRISTENSEN,1387.0,CHRISTENSEN Stefanie,https://tabletennis-reference.com/player/detail/1387,Denmark,,211.0,2019/5,explicit_highest_only,26.029281915439743,33.0,,1993-05-04,1993,水|金|火|土|木|金,5,0.3333333333333333,0.2222222222222222,1.5607104090414063,1
索麥雅特·戈什,1993-05-10,1993,男,Q7564600,103070,癸酉,丁巳,辛卯,食神,七杀,正官,丙,1,1,100.0,100.0,SOUMYAJIT GHOSH,133.0,GHOSH Soumyajit,https://tabletennis-reference.com/player/detail/133,India,832.0,58.0,2018/3,explicit_current_and_highest,24.846506088420707,33.0,,1993-05-10,1993,水|金|火|火|金|木,4,0.3333333333333333,0.2777777777777778,1.3296613488547582,0
友华·盛,1993-06-20,1993,男,Q8056345,108602,癸酉,戊午,壬申,劫财,七杀,正财,丁,0,1,100.0,100.0,YOSHUA SHING,665.0,SHING Yoshua,https://tabletennis-reference.com/player/detail/665,Vanuatu,,249.0,2022/2,explicit_highest_only,28.657672642148707,33.0,,1993-06-20,1993,水|金|土|火|水|金,4,0.3333333333333333,0.2777777777777778,1.3296613488547582,0
納登·埃爾達夫拉特利,1993-06-22,1993,女,Q11209845,112249,癸酉,戊午,甲戌,正印,偏财,伤官,丁,0,1,100.0,100.0,NADEEN EL DAWLATLY,1240.0,EL-DAWLATLY Nadeen,https://tabletennis-reference.com/player/detail/1240,Egypt,,173.0,2016/1,explicit_highest_only,22.56582955159928,33.0,,1993-06-22,1993,水|金|土|火|木|土,5,0.3333333333333333,0.2222222222222222,1.5607104090414063,1
勞拉·加尼爾,1993-07-10,1993,女,Q3218685,112357,癸酉,己未,壬辰,劫财,正官,正官,己,0,1,100.0,100.0,LAURA GASNIER,3596.0,GASNIER Laura,https://tabletennis-reference.com/player/detail/3596,France,,70.0,2019/9,explicit_highest_only,26.182604707831096,32.0,,1993-07-10,1993,水|金|土|土|水|土,3,0.5,0.3888888888888889,1.0114042647073518,0
利亞姆·皮奇福德,1993-07-12,1993,男,Q12033302,112442,癸酉,己未,甲午,正印,正财,正财,己,0,1,100.0,100.0,LIAM PITCHFORD,124.0,PITCHFORD Liam T.T Saitama,https://tabletennis-reference.com/player/detail/124,England,338.0,12.0,2019/8,explicit_current_and_highest,26.09225377660048,33.0,,1993-07-12,1993,水|金|土|土|木|火,5,0.3333333333333333,0.2222222222222222,1.5607104090414063,1
陳思羽,1993-08-01,1993,女,Q5090900,114105,癸酉,己未,甲寅,正印,正财,正财,己,0,1,100.0,0.0,CHEN SZU YU,1093.0,CHEN Szu-Yu Nissay Redelf,https://tabletennis-reference.com/player/detail/1093,Taiwan,134.0,10.0,2018/3,explicit_current_and_highest,24.61925980684066,33.0,,1993-08-01,1993,水|金|土|土|木|木,4,0.3333333333333333,0.2777777777777778,1.329661348854758,0
吉村真晴,1993-08-03,1993,男,Q661628,117113,癸酉,己未,丙辰,正官,伤官,伤官,己,0,1,100.0,100.0,MAHARU YOSHIMURA,69.0,MAHARU Yoshimura Ryukyu Asteeda,https://tabletennis-reference.com/player/detail/69,Japan Member of team Fast,44.0,15.0,2016/5,explicit_current_and_highest,22.782124205151373,33.0,,1993-08-03,1993,水|金|土|土|火|土,4,0.5,0.33333333333333337,1.242453324894,0
史蒂芬·烏艾什,1993-09-18,1993,男,Q16678108,113685,癸酉,辛酉,壬寅,劫财,正印,正印,辛,0,1,100.0,100.0,STEPHANE OUAICHE,155.0,OUAICHE Stephane,https://tabletennis-reference.com/player/detail/155,France,139.0,55.0,2017/1,explicit_current_and_highest,23.326967699542084,33.0,,1993-09-18,1993,水|金|金|金|水|木,3,0.5,0.3888888888888889,1.0114042647073518,0
Yasmin Farah,1993-09-22,1993,女,Q8049829,116452,癸酉,辛酉,丙午,正官,正财,正财,辛,0,0,,,,,,,,,,,,,,No sufficiently confident site match. Top candidates: ARANKI Yasmin [80.0] id=17586; ZAKARIA Yasmine [74.1] id=8790; GOMAA Yasmine [72.0] id=2946; NASRI Yasmine [72.0] id=2829; SAMY Yasmine [66.7] id=11010,1993-09-22,1993,水|金|金|金|火|火,3,0.5,0.3888888888888889,1.0114042647073516,0
朴信赫,1993-10-25,1993,男,Q60677680,115927,癸酉,壬戌,己卯,偏财,正财,劫财,戊,0,1,100.0,100.0,PAK SIN HYOK,145.0,PAK Sin Hyok,https://tabletennis-reference.com/player/detail/145,"Korea, Democratic People's Republic of",,66.0,2017/11,explicit_highest_only,24.057988870408018,33.0,,1993-10-25,1993,水|金|水|土|土|木,4,0.3333333333333333,0.2777777777777778,1.3296613488547582,0
陈梦,1994-01-15,1994,女,Q13360632,112019,癸酉,乙丑,辛丑,食神,偏财,偏印,己,1,1,100.0,0.0,CHEN MENG,1080.0,CHEN Meng,https://tabletennis-reference.com/player/detail/1080,China,,1.0,2022/6,explicit_highest_only,28.413998918526733,32.0,,1994-01-15,1994,水|金|木|土|金|土,4,0.3333333333333333,0.2777777777777778,1.3296613488547582,0
Liu Fei,1994-01-18,1994,女,Q58698504,123508,癸酉,乙丑,甲辰,正印,劫财,正财,己,0,1,100.0,0.0,LIU FEI,2907.0,LIU Fei,https://tabletennis-reference.com/player/detail/2907,China,,23.0,2015/4,explicit_highest_only,21.23794465320985,31.0,,1994-01-18,1994,水|金|木|土|木|土,4,0.3333333333333333,0.2777777777777778,1.329661348854758,0
亞娜·諾斯科娃,1994-02-02,1994,女,Q8048205,106788,癸酉,乙丑,己未,偏财,七杀,比肩,己,0,1,100.0,100.0,YANA NOSKOVA,1145.0,NOSKOVA Yana,https://tabletennis-reference.com/player/detail/1145,Russian Federation,,52.0,2019/9,explicit_highest_only,25.61585795738448,32.0,,1994-02-02,1994,水|金|木|土|土|土,4,0.5,0.33333333333333337,1.242453324894,0
布里特·埃尔兰,1994-02-22,1994,女,Q4788697,113701,甲戌,丙寅,己卯,正官,正印,正官,甲,0,1,100.0,100.0,BRITT EERLAND,1156.0,EERLAND Britt,https://tabletennis-reference.com/player/detail/1156,Netherlands,160.0,27.0,2021/2,explicit_current_and_highest,26.982073553871743,32.0,,1994-02-22,1994,木|土|火|木|土|木,3,0.5,0.3888888888888889,1.0114042647073518,0
梁夏銀,1994-02-25,1994,女,Q9075702,112368,甲戌,丙寅,壬午,食神,偏财,食神,甲,1,1,100.0,100.0,YANG HA EUN,59.0,YANG Haeun Top Nagoya,https://tabletennis-reference.com/player/detail/59,"Korea, Republic of",60.0,11.0,2016/2,explicit_current_and_highest,21.971703731082773,32.0,,1994-02-25,1994,木|土|火|木|水|火,4,0.3333333333333333,0.2777777777777778,1.329661348854758,0
大島祐哉,1994-03-05,1994,男,Q22100007,121752,甲戌,丙寅,庚寅,偏财,七杀,偏财,甲,0,1,100.0,100.0,OSHIMA YUYA,48.0,YUYA Oshima Ryukyu Asteeda,https://tabletennis-reference.com/player/detail/48,Japan Member of team Kinoshita Group,,17.0,2017/8,explicit_highest_only,23.447435607849577,32.0,,1994-03-05,1994,木|土|火|木|金|木,4,0.5,0.33333333333333337,1.242453324894,0
Antoine Hachard,1994-03-06,1994,男,Q63208576,112446,甲戌,丁卯,辛卯,正财,七杀,偏财,乙,0,1,100.0,100.0,ANTOINE HACHARD,158.0,HACHARD Antoine,https://tabletennis-reference.com/player/detail/158,France,,91.0,2016/6,explicit_highest_only,22.278349315865487,32.0,,1994-03-06,1994,木|土|火|木|金|木,4,0.5,0.33333333333333337,1.242453324894,0
Bima Abdi Negara,1994-03-06,1994,男,Q65095373,122299,甲戌,丁卯,辛卯,正财,七杀,偏财,乙,0,0,,,,,,,,,,,,,,No sufficiently confident site match. Top candidates: NEGARA Muhammad [71.0] id=3937,1994-03-06,1994,木|土|火|木|金|木,4,0.5,0.33333333333333337,1.242453324894,0
蒂娜∙梅謝芙,1994-03-10,1994,女,Q5277851,111656,甲戌,丁卯,乙未,劫财,食神,比肩,乙,0,1,100.0,100.0,DINA MESHREF,1150.0,MESHREF Dina,https://tabletennis-reference.com/player/detail/1150,Egypt,30.0,21.0,2023/8,explicit_current_and_highest,29.43250032512645,32.0,,1994-03-10,1994,木|土|火|木|木|土,3,0.5,0.3888888888888889,1.0114042647073518,0
佩特麗薩·索爾亞,1994-03-11,1994,女,Q6564989,111065,甲戌,丁卯,丙申,偏印,劫财,正印,乙,0,1,100.0,100.0,PETRISSA SOLJA,92.0,SOLJA Petrissa,https://tabletennis-reference.com/player/detail/92,Germany,,13.0,2017/3,explicit_highest_only,23.012108393738405,32.0,,1994-03-11,1994,木|土|火|木|火|金,4,0.3333333333333333,0.2777777777777778,1.329661348854758,0
貝尼狄克·杜達,1994-04-04,1994,男,Q15787642,116620,甲戌,丁卯,庚申,偏财,正官,正财,乙,0,1,100.0,100.0,BENEDIKT DUDA,162.0,DUDA Benedikt,https://tabletennis-reference.com/player/detail/162,Germany,37.0,8.0,2025/10,explicit_current_and_highest,31.53247499948664,32.0,,1994-04-04,1994,木|土|火|木|金|金,4,0.3333333333333333,0.2777777777777778,1.3296613488547582,0
肖瑶茜,1994-05-19,1994,女,Q72759074,111072,甲戌,己巳,乙巳,劫财,偏财,伤官,丙,0,1,100.0,100.0,MARIA XIAO,1154.0,XIAO Maria,https://tabletennis-reference.com/player/detail/1154,Spain,56.0,46.0,2026/4,explicit_current_and_highest,31.907568259444066,32.0,,1994-05-19,1994,木|土|土|火|木|火,3,0.3333333333333333,0.3333333333333333,1.0986122886681096,0
Asuka Machi,1994-05-20,1994,男,Q63109235,111826,甲戌,己巳,丙午,偏印,伤官,比肩,丙,0,1,100.0,100.0,ASUKA MACHI,90.0,ASUKA Machi Shizuoka-JADE,https://tabletennis-reference.com/player/detail/90,Japan Member of team Fast,,73.0,2015/1,explicit_highest_only,20.65750836772829,32.0,,1994-05-20,1994,木|土|土|火|火|火,3,0.5,0.3888888888888889,1.0114042647073518,0
Ayuka Tanioka,1994-06-23,1994,女,Q11632829,111367,甲戌,庚午,庚辰,偏财,比肩,正官,丁,0,1,100.0,100.0,AYUKA TANIOKA,4585.0,AYUKA Tanioka Kinoshita Abyell Kanagawa,https://tabletennis-reference.com/player/detail/4585,Japan,,120.0,2014/2,explicit_highest_only,19.64995858915652,30.0,,1994-06-23,1994,木|土|金|火|金|土,4,0.3333333333333333,0.2777777777777778,1.3296613488547582,0
車孝心,1994-07-15,1994,女,Q23994971,132251,甲戌,辛未,壬寅,食神,正印,正官,己,1,1,100.0,100.0,CHA HYO SIM,1169.0,CHA Hyo Sim,https://tabletennis-reference.com/player/detail/1169,"Korea, Democratic People's Republic of",,44.0,2019/6,explicit_highest_only,24.91769167060241,32.0,,1994-07-15,1994,木|土|金|土|水|木,4,0.3333333333333333,0.2777777777777778,1.329661348854758,0
艾亞·穆罕默德·馬吉蒂,1994-08-01,1994,女,Q4830773,113197,甲戌,辛未,己未,正官,食神,比肩,己,0,0,,,,,,,,,,,,,,No sufficiently confident site match. Top candidates: MOHAMED Aia [77.8] id=1632; JMAIEL Mohamed Iyed [72.2] id=12115; SALEH Mohamed [70.0] id=2987; SHAFFAN Mohamed [63.6] id=5936; ABDELLATIF Mohamed [62.9] id=8799,1994-08-01,1994,木|土|金|土|土|土,3,0.6666666666666666,0.5,0.8675632284814612,0
Anna Blazhko,1994-09-02,1994,女,Q18236617,113650,甲戌,壬申,辛卯,正财,伤官,劫财,庚,0,1,100.0,100.0,ANNA BLAZHKO,1939.0,BLAZHKO Anna,https://tabletennis-reference.com/player/detail/1939,Russian Federation,,128.0,2015/2,explicit_highest_only,20.45490324921114,32.0,,1994-09-02,1994,木|土|水|金|金|木,4,0.3333333333333333,0.2777777777777778,1.3296613488547582,0
波爾卡諾娃,1994-09-03,1994,女,Q26267577,107477,甲戌,壬申,壬辰,食神,比肩,偏印,庚,1,1,100.0,100.0,SOFIA POLCANOVA,1115.0,POLCANOVA Sofia Kinoshita Abyell Kanagawa,https://tabletennis-reference.com/player/detail/1115,Austria,43.0,10.0,2022/9,explicit_current_and_highest,28.03342984455533,32.0,,1994-09-03,1994,木|土|水|金|水|土,4,0.3333333333333333,0.2777777777777778,1.3296613488547582,0
Masaki Yoshida,1994-09-30,1994,男,Q30937355,110411,甲戌,癸酉,己未,正官,偏财,食神,辛,0,1,100.0,100.0,MASAKI YOSHIDA,1868.0,MASAKI Yoshida Kanazawa-PORT,https://tabletennis-reference.com/player/detail/1868,Japan Member of team Kyowa Hakko Kirin,,18.0,2017/8,explicit_highest_only,22.87521304338898,31.0,,1994-09-30,1994,木|土|水|金|土|土,4,0.5,0.33333333333333337,1.242453324894,0
丹羽孝希,1994-10-10,1994,男,Q1088427,110729,甲戌,甲戌,己巳,正官,正官,劫财,戊,0,1,100.0,100.0,KOKI NIWA,11.0,KOKI Niwa Kinoshita Meister Tokyo,https://tabletennis-reference.com/player/detail/11,Japan Member of team Svenson,,5.0,2017/11,explicit_highest_only,23.09972141796204,31.0,,1994-10-10,1994,木|土|木|土|土|火,3,0.5,0.3888888888888889,1.0114042647073518,0
Taimu Arinobu,1994-10-12,1994,男,Q108776877,114687,甲戌,甲戌,辛未,正财,正财,正印,戊,0,1,100.0,100.0,TAIMU ARINOBU,313.0,TAIMU Arinobu T.T Saitama,https://tabletennis-reference.com/player/detail/313,Japan,,229.0,2017/4,explicit_highest_only,22.50833350445252,32.0,,1994-10-12,1994,木|土|木|土|金|土,3,0.5,0.3888888888888889,1.0114042647073516,0
西蒙·高澤,1994-10-25,1994,男,Q3484283,112062,甲戌,甲戌,甲申,比肩,比肩,偏财,戊,0,1,100.0,0.0,SIMON GAUZY,109.0,GAUZY Simon,https://tabletennis-reference.com/player/detail/109,France,30.0,8.0,2018/3,explicit_current_and_highest,23.387201653695836,31.0,,1994-10-25,1994,木|土|木|土|木|金,3,0.5,0.3888888888888889,1.0114042647073516,0
Adam Hmam,1994-11-11,1994,男,Q16236775,103621,甲戌,乙亥,辛丑,正财,偏财,伤官,壬,0,0,,,,,,,,,,,,,,No sufficiently confident site match. Top candidates: ,1994-11-11,1994,木|土|木|水|金|土,4,0.3333333333333333,0.2777777777777778,1.329661348854758,0
崔斯坦·弗洛雷,1995-01-02,1995,男,Q3539622,114355,甲戌,丙子,癸巳,伤官,正财,比肩,癸,0,1,100.0,100.0,TRISTAN FLORE,96.0,FLORE Tristan,https://tabletennis-reference.com/player/detail/96,France,,41.0,2018/1,explicit_highest_only,23.036749556801304,31.0,,1995-01-02,1995,木|土|火|水|水|火,4,0.3333333333333333,0.2777777777777778,1.3296613488547582,0
朱雨玲,1995-01-10,1995,女,Q13360630,117332,甲戌,丁丑,辛丑,正财,七杀,偏印,己,0,1,100.0,100.0,ZHU YULING,61.0,Zhu Yuling Kinoshita Abyell Kanagawa,https://tabletennis-reference.com/player/detail/61,China,8.0,1.0,2018/12,explicit_current_and_highest,23.92930724107956,31.0,,1995-01-10,1995,木|土|火|土|金|土,4,0.5,0.33333333333333337,1.242453324894,0
琳達·伯格斯特龍,1995-01-12,1995,女,Q100604556,114905,甲戌,丁丑,癸卯,伤官,偏财,七杀,己,0,1,100.0,100.0,LINDA BERGSTROM,1214.0,BERGSTROM Linda,https://tabletennis-reference.com/player/detail/1214,Sweden,74.0,27.0,2024/4,explicit_current_and_highest,29.25727427667919,31.0,,1995-01-12,1995,木|土|火|土|水|木,4,0.3333333333333333,0.2777777777777778,1.3296613488547582,0
Mateja Jeger,1995-01-13,1995,女,Q104563752,112453,甲戌,丁丑,甲辰,比肩,伤官,正财,己,0,1,100.0,100.0,MATEJA JEGER,1250.0,JEGER Mateja,https://tabletennis-reference.com/player/detail/1250,Croatia,255.0,77.0,2018/5,explicit_current_and_highest,23.33518142056305,31.0,,1995-01-13,1995,木|土|火|土|木|土,3,0.5,0.3888888888888889,1.0114042647073518,0
Katia Kessaci,1995-02-28,1995,女,Q67180404,115104,乙亥,戊寅,庚寅,正财,偏印,偏财,甲,0,1,100.0,100.0,KATIA KESSACI,1584.0,KESSACI Katia,https://tabletennis-reference.com/player/detail/1584,Algeria,,157.0,2022/4,explicit_highest_only,27.12718262524213,31.0,,1995-02-28,1995,木|水|土|木|金|木,4,0.5,0.33333333333333337,1.242453324894,0
伯纳黛特·斯佐科斯,1995-03-05,1995,女,Q16237036,111012,乙亥,戊寅,乙未,比肩,正财,劫财,甲,0,1,100.0,100.0,BERNADETTE SZOCS,84.0,SZOCS Bernadette,https://tabletennis-reference.com/player/detail/84,Romania,23.0,9.0,2024/5,explicit_current_and_highest,29.19704032252545,31.0,,1995-03-05,1995,木|水|土|木|木|土,3,0.5,0.3888888888888889,1.0114042647073516,0
林高遠,1995-03-19,1995,男,Q30128441,115910,乙亥,己卯,己酉,七杀,比肩,七杀,乙,0,1,100.0,100.0,LIN GAOYUAN,4050.0,LIN Gaoyuan,https://tabletennis-reference.com/player/detail/4050,China,223.0,2.0,2019/7,explicit_current_and_highest,24.323565850085902,31.0,,1995-03-19,1995,木|水|土|木|土|金,4,0.3333333333333333,0.2777777777777778,1.329661348854758,0
布魯納·科斯塔·亞歷山大,1995-03-29,1995,女,Q27267603,117298,乙亥,己卯,己未,七杀,比肩,七杀,乙,0,1,100.0,0.0,BRUNA ALEXANDRE,1419.0,ALEXANDRE Bruna,https://tabletennis-reference.com/player/detail/1419,Brazil,,173.0,2024/5,explicit_highest_only,29.13133055435772,31.0,,1995-03-29,1995,木|水|土|木|土|土,3,0.5,0.3888888888888889,1.0114042647073516,0
田添健汰,1995-04-02,1995,男,Q30096206,113340,乙亥,己卯,癸亥,食神,七杀,食神,乙,1,1,100.0,100.0,KENTA TAZOE,200.0,KENTA Tazoe Kinoshita Meister Tokyo,https://tabletennis-reference.com/player/detail/200,Japan,,74.0,2017/11,explicit_highest_only,22.62332559874604,32.0,,1995-04-02,1995,木|水|土|木|水|水,3,0.5,0.3888888888888889,1.0114042647073518,0
Laurens Tromer,1995-04-03,1995,男,Q99975353,115392,乙亥,己卯,甲子,劫财,正财,劫财,乙,0,1,100.0,100.0,LAURENS TROMER,282.0,TROMER Laurens,https://tabletennis-reference.com/player/detail/282,Netherlands,,143.0,2018/11,explicit_highest_only,23.619923749289853,31.0,,1995-04-03,1995,木|水|土|木|木|水,3,0.5,0.3888888888888889,1.0114042647073518,0
森薗政崇,1995-04-05,1995,男,Q11540298,112580,乙亥,己卯,丙寅,正印,伤官,正印,乙,0,1,100.0,100.0,MASATAKA MORIZONO,63.0,MASATAKA Morizono Shizuoka-JADE,https://tabletennis-reference.com/player/detail/63,Japan,,21.0,2015/8,explicit_highest_only,20.36181441097353,31.0,,1995-04-05,1995,木|水|土|木|火|木,4,0.5,0.33333333333333337,1.242453324894,0
李恩惠,1995-05-02,1995,女,Q112023622,122052,乙亥,庚辰,癸巳,食神,正印,正官,戊,1,1,100.0,16.666666666666657,LEE EUN HYE,2909.0,LEE Eunhye,https://tabletennis-reference.com/player/detail/2909,"Korea, Republic of",54.0,30.0,2026/3,explicit_current_and_highest,30.869901503795425,30.0,,1995-05-02,1995,木|水|金|土|水|火,5,0.3333333333333333,0.2222222222222222,1.5607104090414063,1
Mehdi Bouloussa,1995-05-15,1995,男,Q115766458,113679,乙亥,辛巳,丙午,正印,正财,比肩,丙,0,1,100.0,100.0,MEHDI BOULOUSSA,257.0,BOULOUSSA Mehdi,https://tabletennis-reference.com/player/detail/257,Algeria,69.0,57.0,2023/7,explicit_current_and_highest,28.167587287897767,31.0,,1995-05-15,1995,木|水|金|火|火|火,4,0.5,0.33333333333333337,1.242453324894,0
萨姆·沃克,1995-05-15,1995,男,Q18217378,114718,乙亥,辛巳,丙午,正印,正财,比肩,丙,0,0,,,,,,,,,,,,,,No sufficiently confident site match. Top candidates: WALKER Samuel [87.0] id=182; WALKER Qwanell [75.0] id=12714,1995-05-15,1995,木|水|金|火|火|火,4,0.5,0.33333333333333337,1.242453324894,0
Rajko Gommers,1995-06-08,1995,男,Q99860051,114868,乙亥,壬午,庚午,正财,食神,正官,丁,0,1,100.0,100.0,RAJKO GOMMERS,365.0,GOMMERS Rajko,https://tabletennis-reference.com/player/detail/365,Netherlands,,194.0,2018/11,explicit_highest_only,23.43922188682861,31.0,,1995-06-08,1995,木|水|水|火|金|火,4,0.3333333333333333,0.2777777777777778,1.3296613488547582,0
马尼卡·巴特拉,1995-06-15,1995,女,Q25350367,115920,乙亥,壬午,丁丑,偏印,正官,比肩,丁,0,1,100.0,100.0,MANIKA BATRA,1174.0,BATRA Manika,https://tabletennis-reference.com/player/detail/1174,India,53.0,25.0,2024/12,explicit_current_and_highest,29.50368590730816,31.0,,1995-06-15,1995,木|水|水|火|火|土,4,0.3333333333333333,0.2777777777777778,1.3296613488547582,0
Olajide Omotayo,1995-07-06,1995,男,Q92097721,113563,乙亥,壬午,戊戌,正官,偏财,正印,丁,0,1,100.0,100.0,OLAJIDE OMOTAYO,695.0,OMOTAYO Olajide,https://tabletennis-reference.com/player/detail/695,Nigeria,207.0,84.0,2022/2,explicit_current_and_highest,26.615194014935284,31.0,,1995-07-06,1995,木|水|水|火|土|土,4,0.3333333333333333,0.2777777777777778,1.3296613488547582,0
Irina Ciobanu,1995-08-05,1995,女,Q101088352,113711,乙亥,癸未,戊辰,正官,正财,劫财,己,0,1,100.0,100.0,IRINA CIOBANU,1231.0,CIOBANU Irina,https://tabletennis-reference.com/player/detail/1231,Romania,,90.0,2019/8,explicit_highest_only,24.02787189333114,31.0,,1995-08-05,1995,木|水|水|土|土|土,3,0.5,0.3888888888888889,1.0114042647073518,0
張禹珍,1995-09-10,1995,男,Q21060118,114936,乙亥,乙酉,甲辰,劫财,劫财,正官,辛,0,1,100.0,0.0,JANG WOO JIN,114.0,JANG Woojin Kanazawa-PORT,https://tabletennis-reference.com/player/detail/114,"Korea, Republic of",11.0,8.0,2023/8,explicit_current_and_highest,27.92938937828977,31.0,,1995-09-10,1995,木|水|木|金|木|土,4,0.5,0.33333333333333337,1.242453324894,0
若昂·热拉尔多,1995-09-29,1995,男,Q20169033,115396,乙亥,乙酉,癸亥,食神,食神,偏印,辛,1,1,100.0,100.0,JOAO GERALDO,131.0,GERALDO Joao,https://tabletennis-reference.com/player/detail/131,Portugal,34.0,31.0,2026/8,explicit_current_and_highest,30.878115224816387,31.0,,1995-09-29,1995,木|水|木|金|水|水,3,0.5,0.3888888888888889,1.0114042647073518,0
亞歷山大·侯比諾,1995-10-03,1995,男,Q51908744,113689,乙亥,乙酉,丁卯,偏印,偏印,偏财,辛,0,1,100.0,100.0,ALEXANDRE ROBINOT,206.0,ROBINOT Alexandre,https://tabletennis-reference.com/player/detail/206,France,,90.0,2019/4,explicit_highest_only,23.53231072506622,31.0,,1995-10-03,1995,木|水|木|金|火|木,4,0.5,0.33333333333333337,1.242453324894,0
Jakub Dyjas,1995-10-09,1995,男,Q23874575,113931,乙亥,丙戌,癸酉,食神,正财,正官,戊,1,1,100.0,100.0,JAKUB DYJAS,122.0,DYJAS Jakub,https://tabletennis-reference.com/player/detail/122,Poland,,36.0,2016/11,explicit_highest_only,21.103787209867416,30.0,,1995-10-09,1995,木|水|火|土|水|金,5,0.3333333333333333,0.2222222222222222,1.5607104090414063,1
邢延華,1995-11-29,1995,女,Q4790427,111120,乙亥,丁亥,甲子,劫财,伤官,偏印,壬,0,1,100.0,100.0,ARIEL HSING,3875.0,HSING Ariel,https://tabletennis-reference.com/player/detail/3875,United States,,81.0,2014/4,explicit_highest_only,18.376831830906863,29.0,,1995-11-29,1995,木|水|火|水|木|水,3,0.5,0.3888888888888889,1.0114042647073518,0
Yousra Abdel Razek,1995-12-03,1995,女,Q26789879,113908,乙亥,丁亥,戊辰,正官,正印,偏财,壬,0,0,,,,,,,,,,,,,,No sufficiently confident site match. Top candidates: HELMY Yousra [66.7] id=1381,1995-12-03,1995,木|水|火|水|土|土,4,0.3333333333333333,0.2777777777777778,1.3296613488547582,0
Florent Lambiet,1995-12-22,1995,男,Q100668484,114709,乙亥,戊子,丁亥,偏印,伤官,七杀,癸,0,1,100.0,100.0,FLORENT LAMBIET,247.0,LAMBIET Florent,https://tabletennis-reference.com/player/detail/247,Belgium,261.0,86.0,2018/9,explicit_current_and_highest,22.732841879025575,31.0,,1995-12-22,1995,木|水|土|水|火|水,4,0.5,0.3333333333333333,1.2424533248940002,0
周哲宇,1995-12-27,1995,男,Q107708484,113395,乙亥,戊子,壬辰,伤官,七杀,劫财,癸,0,1,100.0,100.0,CLARENCE CHEW,232.0,CHEW Zhe Yu Clarence,https://tabletennis-reference.com/player/detail/232,Singapore,340.0,126.0,2022/5,explicit_current_and_highest,26.38247191934126,31.0,,1995-12-27,1995,木|水|土|水|水|土,3,0.5,0.3888888888888889,1.0114042647073518,0
托米斯拉夫·普察尔,1996-01-26,1996,男,Q28962932,116532,乙亥,己丑,壬戌,伤官,正官,正官,己,0,1,100.0,100.0,TOMISLAV PUCAR,178.0,PUCAR Tomislav,https://tabletennis-reference.com/player/detail/178,Croatia,32.0,26.0,2025/12,explicit_current_and_highest,29.88699288828655,30.0,,1996-01-26,1996,木|水|土|土|水|土,3,0.5,0.3888888888888889,1.0114042647073518,0
Kim Nam-hae,1996-03-05,1996,女,Q55728010,123232,丙子,庚寅,辛丑,正官,劫财,正财,甲,0,1,100.0,100.0,KIM NAM HAE,2522.0,KIM Nam Hae,https://tabletennis-reference.com/player/detail/2522,"Korea, Democratic People's Republic of",,85.0,2019/10,explicit_highest_only,23.611710028268888,29.0,,1996-03-05,1996,火|水|金|木|金|土,5,0.3333333333333333,0.2222222222222222,1.5607104090414063,1
Mizuki Morizono,1996-04-09,1996,女,Q96715220,115027,丙子,壬辰,丙子,比肩,七杀,食神,戊,0,1,100.0,100.0,MIZUKI MORIZONO,1228.0,MIZUKI Morizono Kinoshita Abyell Kanagawa,https://tabletennis-reference.com/player/detail/1228,Japan,,70.0,2017/11,explicit_highest_only,21.602086285139325,30.0,,1996-04-09,1996,火|水|水|土|火|水,3,0.5,0.3888888888888889,1.0114042647073518,0
Martin Allegro,1996-04-29,1996,男,Q110007526,114848,丙子,壬辰,丙申,比肩,七杀,食神,戊,0,1,100.0,100.0,MARTIN ALLEGRO,276.0,ALLEGRO Martin,https://tabletennis-reference.com/player/detail/276,Belgium,130.0,61.0,2023/12,explicit_current_and_highest,27.62821960752103,30.0,,1996-04-29,1996,火|水|水|土|火|金,4,0.3333333333333333,0.2777777777777778,1.3296613488547582,0
梅拉妮·迪亚斯,1996-05-07,1996,女,Q66311493,112463,丙子,癸巳,甲辰,食神,正印,食神,丙,1,1,100.0,100.0,MELANIE DIAZ,1300.0,DIAZ Melanie,https://tabletennis-reference.com/player/detail/1300,Puerto Rico,,61.0,2019/10,explicit_highest_only,23.43922188682861,30.0,,1996-05-07,1996,火|水|水|火|木|土,4,0.3333333333333333,0.2777777777777778,1.3296613488547582,0
李时温,1996-05-27,1996,女,Q21059908,119285,丙子,癸巳,甲子,食神,正印,食神,丙,1,1,100.0,100.0,LEE ZI ON,1148.0,LEE Zion,https://tabletennis-reference.com/player/detail/1148,"Korea, Republic of",192.0,40.0,2024/2,explicit_current_and_highest,27.72130844575864,30.0,,1996-05-27,1996,火|水|水|火|木|水,3,0.5,0.3888888888888889,1.0114042647073518,0
Hibiki Tazoe,1996-06-02,1996,男,Q108777107,136114,丙子,癸巳,庚午,七杀,伤官,七杀,丙,0,1,100.0,100.0,HIBIKI TAZOE,7247.0,TAZOE Hibiki Okayama Rivets,https://tabletennis-reference.com/player/detail/7247,Japan,,251.0,2018/10,explicit_highest_only,22.368700247096108,30.0,,1996-06-02,1996,火|水|水|火|金|火,3,0.5,0.3888888888888889,1.0114042647073518,0
Charlotte Carey,1996-06-11,1996,女,Q104224598,113587,丙子,甲午,己卯,正印,正官,偏印,丁,0,1,100.0,100.0,CHARLOTTE CAREY,1303.0,CAREY Charlotte,https://tabletennis-reference.com/player/detail/1303,Wales,246.0,98.0,2018/7,explicit_current_and_highest,22.09217163939027,30.0,,1996-06-11,1996,火|水|木|火|土|木,4,0.3333333333333333,0.2777777777777778,1.329661348854758,0
刘高阳,1996-06-13,1996,女,Q17633842,119531,丙子,甲午,辛巳,正官,正财,七杀,丁,0,1,100.0,100.0,LIU GAOYANG,1929.0,LIU Gaoyang,https://tabletennis-reference.com/player/detail/1929,China,,28.0,2014/10,explicit_highest_only,18.338501132809025,30.0,,1996-06-13,1996,火|水|木|火|金|火,4,0.5,0.33333333333333337,1.242453324894,0
张安,1996-06-16,1996,女,Q6548581,112221,丙子,甲午,甲申,食神,比肩,伤官,丁,1,1,100.0,100.0,LILY ZHANG,1155.0,ZHANG Lily,https://tabletennis-reference.com/player/detail/1155,United States,32.0,22.0,2023/5,explicit_current_and_highest,26.91088797169004,30.0,,1996-06-16,1996,火|水|木|火|木|金,4,0.3333333333333333,0.2777777777777778,1.329661348854758,0
雨果·卡爾德拉諾,1996-06-22,1996,男,Q10298743,115641,丙子,甲午,庚寅,七杀,偏财,正官,丁,0,1,100.0,100.0,HUGO CALDERANO,134.0,CALDERANO Hugo Kinoshita Meister Tokyo,https://tabletennis-reference.com/player/detail/134,Brazil,7.0,2.0,2026/2,explicit_current_and_highest,29.651532885685537,30.0,,1996-06-22,1996,火|水|木|火|金|木,4,0.3333333333333333,0.2777777777777778,1.329661348854758,0
Chantal Mantz,1996-06-26,1996,女,Q18718793,116674,丙子,甲午,甲午,食神,比肩,伤官,丁,1,1,100.0,100.0,CHANTAL MANTZ,1942.0,MANTZ Chantal,https://tabletennis-reference.com/player/detail/1942,Germany,,110.0,2022/5,explicit_highest_only,25.88417284406935,30.0,,1996-06-26,1996,火|水|木|火|木|火,3,0.5,0.3888888888888889,1.0114042647073516,0
Kazuhiro Yoshimura,1996-07-28,1996,男,Q73138030,123962,丙子,乙未,丙寅,比肩,正印,伤官,己,0,1,100.0,100.0,KAZUHIRO YOSHIMURA,197.0,KAZUHIRO Yoshimura Kinoshita Meister Tokyo,https://tabletennis-reference.com/player/detail/197,Japan,106.0,34.0,2019/9,explicit_current_and_highest,23.1325763020459,30.0,,1996-07-28,1996,火|水|木|土|火|木,4,0.3333333333333333,0.2777777777777778,1.329661348854758,0
Taisei Matsushita,1996-08-05,1996,男,Q113578635,120233,丙子,乙未,甲戌,食神,劫财,正财,己,1,1,100.0,100.0,TAISEI MATSUSHITA,3904.0,TAISEI Matsushita Kanazawa-PORT,https://tabletennis-reference.com/player/detail/3904,Japan,519.0,371.0,2014/3,explicit_current_and_highest,17.607479961943092,30.0,,1996-08-05,1996,火|水|木|土|木|土,4,0.3333333333333333,0.2777777777777778,1.3296613488547582,0
村松雄斗,1996-10-14,1996,男,Q27666720,115439,丙子,戊戌,甲申,食神,偏财,偏财,戊,1,1,100.0,100.0,YUTO MURAMATSU,94.0,YUTO Muramatsu Shizuoka-JADE,https://tabletennis-reference.com/player/detail/94,Japan,529.0,21.0,2017/6,explicit_current_and_highest,20.668459995756244,30.0,,1996-10-14,1996,火|水|土|土|木|金,5,0.3333333333333333,0.2222222222222222,1.5607104090414063,1
梁靖崑,1996-10-20,1996,男,Q24199651,119588,丙子,戊戌,庚寅,七杀,偏印,偏印,戊,0,1,100.0,100.0,LIANG JINGKUN,2093.0,LIANG Jingkun,https://tabletennis-reference.com/player/detail/2093,China,33.0,2.0,2024/7,explicit_current_and_highest,27.734997980793583,29.0,,1996-10-20,1996,火|水|土|土|金|木,5,0.3333333333333333,0.2222222222222222,1.5607104090414063,1
邱黨,1996-10-29,1996,男,Q29862601,114715,丙子,戊戌,己亥,正印,劫财,劫财,戊,0,1,100.0,0.0,DANG QIU,283.0,QIU Dang,https://tabletennis-reference.com/player/detail/283,Germany,10.0,9.0,2026/6,explicit_current_and_highest,29.62689172262264,30.0,,1996-10-29,1996,火|水|土|土|土|水,3,0.5,0.3888888888888889,1.0114042647073518,0
曾尖,1996-11-19,1996,女,Q79056438,131342,丙子,己亥,庚申,七杀,正印,食神,壬,0,1,100.0,100.0,ZENG JIAN,1100.0,ZENG Jian Kinoshita Abyell Kanagawa,https://tabletennis-reference.com/player/detail/1100,Singapore,48.0,17.0,2017/7,explicit_current_and_highest,20.652032553714317,30.0,,1996-11-19,1996,火|水|土|水|金|金,4,0.3333333333333333,0.2777777777777778,1.3296613488547582,0
尼娜·米特蘭,1996-11-23,1996,女,Q19297322,114726,丙子,己亥,甲子,食神,正财,偏印,壬,1,1,100.0,100.0,NINA MITTELHAM,1176.0,MITTELHAM Nina,https://tabletennis-reference.com/player/detail/1176,Germany,29.0,12.0,2022/8,explicit_current_and_highest,25.725374237664017,29.0,,1996-11-23,1996,火|水|土|水|木|水,4,0.5,0.3333333333333333,1.2424533248940002,0
杜凱琹,1996-11-27,1996,女,Q17625867,115543,丙子,己亥,戊辰,偏印,劫财,偏财,壬,0,1,100.0,0.0,DOO HOI KEM,1087.0,DOO Hoi Kem KYOTO-KABUYARIZE,https://tabletennis-reference.com/player/detail/1087,Hong Kong,35.0,7.0,2022/9,explicit_current_and_highest,25.799297726852707,29.0,,1996-11-27,1996,火|水|土|水|土|土,3,0.5,0.3888888888888889,1.0114042647073518,0
克利爾·莒拉斯門戈,1996-12-18,1996,男,Q26789869,117890,丙子,庚子,己丑,正印,伤官,偏财,癸,0,1,100.0,100.0,KIRILL GERASSIMENKO,223.0,GERASSIMENKO Kirill,https://tabletennis-reference.com/player/detail/223,Kazakhstan,50.0,26.0,2022/8,explicit_current_and_highest,25.656926562489303,30.0,,1996-12-18,1996,火|水|金|水|土|土,4,0.3333333333333333,0.2777777777777778,1.3296613488547582,0
Hokuto Koriyama,1996-12-19,1996,男,Q108940113,123846,丙子,庚子,庚寅,七杀,比肩,伤官,癸,0,1,100.0,100.0,HOKUTO KORIYAMA,299.0,HOKUTO Koriyama Kinoshita Meister Tokyo,https://tabletennis-reference.com/player/detail/299,Japan,,211.0,2017/4,explicit_highest_only,20.320745805868704,30.0,,1996-12-19,1996,火|水|金|水|金|木,4,0.3333333333333333,0.2777777777777778,1.3296613488547582,0
赫巴·阿莱吉,1997-01-20,1997,女,Q26422243,118823,丙子,辛丑,壬戌,偏财,正印,正官,己,0,1,100.0,100.0,HEBA ALLEJJI,1762.0,ALLEJJI Heba,https://tabletennis-reference.com/player/detail/1762,Syrian Arab Republic,,629.0,2016/12,explicit_highest_only,19.901846033799465,29.0,,1997-01-20,1997,火|水|金|土|水|土,4,0.3333333333333333,0.2777777777777778,1.3296613488547582,0
林钟勋,1997-01-21,1997,男,Q82159936,117357,丙子,辛丑,癸亥,正财,偏印,七杀,己,0,1,100.0,100.0,JONGHOON LIM,184.0,LIM Jonghoon Kanazawa-PORT,https://tabletennis-reference.com/player/detail/184,"Korea, Republic of",35.0,11.0,2023/6,explicit_current_and_highest,26.3961614543762,29.0,,1997-01-21,1997,火|水|金|土|水|水,4,0.5,0.3333333333333333,1.2424533248940002,0
樊振东,1997-01-22,1997,男,Q14594723,121404,丙子,辛丑,甲子,食神,正官,正财,己,1,1,100.0,100.0,FAN ZHENDONG,46.0,FAN Zhendong,https://tabletennis-reference.com/player/detail/46,China,,1.0,2024/2,explicit_highest_only,27.0642107640814,29.0,,1997-01-22,1997,火|水|金|土|木|水,5,0.3333333333333333,0.2222222222222222,1.5607104090414063,1
安藤南,1997-02-12,1997,女,Q82326617,123847,丁丑,壬寅,乙酉,食神,正印,劫财,甲,1,1,100.0,100.0,ANDO MINAMI,2050.0,MINAMI Ando Top Nagoya,https://tabletennis-reference.com/player/detail/2050,Japan,,29.0,2019/5,explicit_highest_only,22.2509702457956,29.0,,1997-02-12,1997,火|土|水|木|木|金,5,0.3333333333333333,0.22222222222222227,1.5607104090414063,1
王艺迪,1997-02-14,1997,女,Q77566947,124110,丁丑,壬寅,丁亥,比肩,正官,正印,甲,0,1,100.0,100.0,WANG YIDI,1931.0,WANG Yidi,https://tabletennis-reference.com/player/detail/1931,China,5.0,2.0,2024/1,explicit_current_and_highest,26.916363785704014,29.0,,1997-02-14,1997,火|土|水|木|火|水,4,0.3333333333333333,0.2777777777777778,1.3296613488547582,0
布里安·阿法纳多尔,1997-03-06,1997,男,Q26225887,115000,丁丑,癸卯,丁未,比肩,七杀,偏印,乙,0,1,100.0,100.0,BRIAN AFANADOR,254.0,AFANADOR Brian,https://tabletennis-reference.com/player/detail/254,Puerto Rico,,62.0,2022/5,explicit_highest_only,25.19148237130126,29.0,,1997-03-06,1997,火|土|水|木|火|土,4,0.3333333333333333,0.2777777777777778,1.3296613488547582,0
纳塔利娅·巴约尔,1997-03-07,1997,女,Q104006921,115454,丁丑,癸卯,戊申,正印,正财,正官,乙,0,1,100.0,0.0,NATALIA BAJOR,1205.0,BAJOR Natalia,https://tabletennis-reference.com/player/detail/1205,Poland,49.0,38.0,2024/9,explicit_current_and_highest,27.52691704826245,29.0,,1997-03-07,1997,火|土|水|木|土|金,5,0.3333333333333333,0.2222222222222222,1.5607104090414063,1
Q107638066,1997-03-18,1997,男,Q107638066,118851,丁丑,癸卯,己未,偏印,偏财,七杀,乙,0,0,,,,,,,,,,,,,,No sufficiently confident site match. Top candidates: ,1997-03-18,1997,火|土|水|木|土|土,4,0.5,0.33333333333333337,1.242453324894,0
何鈞傑,1997-04-20,1997,男,Q16922626,123690,丁丑,甲辰,壬辰,正财,食神,七杀,戊,0,1,100.0,100.0,HO KWAN KIT,111.0,HO Kwan Kit,https://tabletennis-reference.com/player/detail/111,Hong Kong,299.0,28.0,2016/6,explicit_current_and_highest,19.1543974208916,29.0,,1997-04-20,1997,火|土|木|土|水|土,4,0.5,0.33333333333333337,1.242453324894,0
Lynda Loghraibi,1997-05-03,1997,女,Q67180521,117142,丁丑,甲辰,乙巳,食神,劫财,正财,戊,1,1,100.0,100.0,LYNDA LOGHRAIBI,1605.0,LOGHRAIBI Lynda,https://tabletennis-reference.com/player/detail/1605,Algeria,,129.0,2023/7,explicit_highest_only,26.19903214987303,29.0,,1997-05-03,1997,火|土|木|土|木|火,3,0.3333333333333333,0.3333333333333333,1.0986122886681096,0
Alena Lemmer,1997-05-16,1997,女,Q23564210,116627,丁丑,乙巳,戊午,正印,正官,偏印,丙,0,1,100.0,100.0,ALENA LEMMER,1949.0,LEMMER Alena,https://tabletennis-reference.com/player/detail/1949,Germany,,168.0,2015/5,explicit_highest_only,17.99626275693546,29.0,,1997-05-16,1997,火|土|木|火|土|火,3,0.5,0.3888888888888889,1.0114042647073518,0
Can Akkuzu,1997-05-23,1997,男,Q62078331,116612,丁丑,乙巳,乙丑,食神,比肩,伤官,丙,1,1,100.0,100.0,CAN AKKUZU,192.0,AKKUZU Can,https://tabletennis-reference.com/player/detail/192,France,,40.0,2023/7,explicit_highest_only,26.14427400973326,29.0,,1997-05-23,1997,火|土|木|火|木|土,3,0.3333333333333333,0.3333333333333333,1.0986122886681096,0
萬遠,1997-05-23,1997,女,Q27049759,118777,丁丑,乙巳,乙丑,食神,比肩,伤官,丙,1,1,100.0,0.0,WAN YUAN,1226.0,WAN Yuan,https://tabletennis-reference.com/player/detail/1226,Germany,129.0,55.0,2025/6,explicit_current_and_highest,28.0635468216322,29.0,,1997-05-23,1997,火|土|木|火|木|土,3,0.3333333333333333,0.3333333333333333,1.0986122886681096,0
陈幸同,1997-05-27,1997,女,Q30942351,121403,丁丑,乙巳,己巳,偏印,七杀,正印,丙,0,1,100.0,100.0,CHEN XINGTONG,1930.0,CHEN Xingtong,https://tabletennis-reference.com/player/detail/1930,China,7.0,3.0,2026/4,explicit_current_and_highest,28.884918923728755,29.0,,1997-05-27,1997,火|土|木|火|土|火,3,0.5,0.3888888888888889,1.0114042647073518,0
Ali Al-Khadrawi,1997-05-31,1997,男,Q103796488,113376,丁丑,乙巳,癸酉,偏财,食神,正财,丙,0,1,96.55172413793105,100.0,ALI AL KHADRAWI,356.0,ALKHADRAWI Ali,https://tabletennis-reference.com/player/detail/356,Saudi Arabia,243.0,146.0,2019/10,explicit_current_and_highest,22.374176061110084,29.0,,1997-05-31,1997,火|土|木|火|水|金,5,0.3333333333333333,0.22222222222222227,1.5607104090414063,1
Mizuki Oikawa,1997-06-26,1997,男,Q105258432,120850,丁丑,丙午,己亥,偏印,正印,偏印,丁,0,1,100.0,100.0,MIZUKI OIKAWA,187.0,MIZUKI Oikawa Okayama Rivets,https://tabletennis-reference.com/player/detail/187,Japan,133.0,47.0,2023/9,explicit_current_and_highest,26.220935405928937,29.0,,1997-06-26,1997,火|土|火|火|土|水,3,0.5,0.3888888888888889,1.0114042647073516,0
切尔茜·埃德希尔,1997-07-06,1997,女,Q107652623,115498,丁丑,丙午,己酉,偏印,正印,偏印,丁,0,1,100.0,0.0,CHELSEA EDGHILL,1666.0,EDGHILL Chelsea,https://tabletennis-reference.com/player/detail/1666,Guyana,423.0,241.0,2022/5,explicit_current_and_highest,24.85745771644866,29.0,,1997-07-06,1997,火|土|火|火|土|金,3,0.5,0.3888888888888889,1.0114042647073516,0
奧拉旺·帕拉南,1997-07-07,1997,女,Q107694761,120972,丁丑,丁未,庚戌,正官,正官,正印,己,0,1,100.0,0.0,ORAWAN PARANANG,1239.0,PARANANG Orawan,https://tabletennis-reference.com/player/detail/1239,Thailand,108.0,34.0,2024/4,explicit_current_and_highest,26.77399262134061,29.0,,1997-07-07,1997,火|土|火|土|金|土,3,0.5,0.3888888888888889,1.0114042647073516,0
三部航平,1997-07-13,1997,男,Q16336351,120313,丁丑,丁未,丙辰,劫财,劫财,伤官,己,0,1,100.0,100.0,SAMBE KOHEI,156.0,KOHEI Sambe Okayama Rivets,https://tabletennis-reference.com/player/detail/156,Japan,495.0,88.0,2016/6,explicit_current_and_highest,18.92441323230457,29.0,,1997-07-13,1997,火|土|火|土|火|土,2,0.5,0.5,0.6931471805599453,0
波林·查赛琳,1997-08-01,1997,女,Q108121867,116921,丁丑,丁未,乙亥,食神,食神,偏财,己,1,1,100.0,100.0,PAULINE CHASSELIN,1196.0,CHASSELIN Pauline,https://tabletennis-reference.com/player/detail/1196,France,335.0,106.0,2019/2,explicit_current_and_highest,21.541852330985577,29.0,,1997-08-01,1997,火|土|火|土|木|水,4,0.3333333333333333,0.2777777777777778,1.3296613488547582,0
安東·卡爾伯格,1997-08-17,1997,男,Q23060866,116853,丁丑,戊申,辛卯,七杀,正印,劫财,庚,0,1,100.0,0.0,ANTON KALLBERG,152.0,KALLBERG Anton,https://tabletennis-reference.com/player/detail/152,Sweden,31.0,12.0,2024/4,explicit_current_and_highest,26.661738434054087,29.0,,1997-08-17,1997,火|土|土|金|金|木,4,0.3333333333333333,0.2777777777777778,1.3296613488547582,0
Ri Hyon-sim,1997-12-18,1997,女,Q97970425,117899,丁丑,壬子,甲午,伤官,偏印,正印,癸,0,1,100.0,100.0,RI HYON SIM,2530.0,RI Hyon Sim,https://tabletennis-reference.com/player/detail/2530,"Korea, Democratic People's Republic of",,141.0,2017/11,explicit_highest_only,19.910059754820427,28.0,,1997-12-18,1997,火|土|水|水|木|火,4,0.3333333333333333,0.2777777777777778,1.3296613488547582,0
佐藤瞳,1997-12-23,1997,女,Q28601284,122261,丁丑,壬子,己亥,偏印,正财,偏财,癸,0,1,100.0,100.0,HITOMI SATO,1088.0,HITOMI Sato Nipponpaint Mallets,https://tabletennis-reference.com/player/detail/1088,Japan,13.0,9.0,2017/4,explicit_current_and_highest,19.310458120289944,28.0,,1997-12-23,1997,火|土|水|水|土|水,3,0.5,0.3888888888888889,1.0114042647073518,0
劉丁碩,1998-01-13,1998,男,Q30947941,121408,丁丑,癸丑,庚申,正官,伤官,正印,己,0,1,100.0,100.0,LIU DINGSHUO,1978.0,LIU Dingshuo,https://tabletennis-reference.com/player/detail/1978,China,,41.0,2019/1,explicit_highest_only,21.00522255761583,28.0,,1998-01-13,1998,火|土|水|土|金|金,4,0.3333333333333333,0.2777777777777778,1.3296613488547582,0
Janina Kämmerer,1998-03-16,1998,女,Q101235501,123888,戊寅,乙卯,壬戌,七杀,伤官,伤官,乙,0,1,100.0,100.0,JANINA KAMMERER,1358.0,KAMMERER Janina,https://tabletennis-reference.com/player/detail/1358,Germany,,271.0,2017/2,explicit_highest_only,18.92167532529757,28.0,,1998-03-16,1998,土|木|木|木|水|土,3,0.5,0.3888888888888889,1.0114042647073516,0
蘇慧音,1998-04-13,1998,女,Q30942363,115037,戊寅,丙辰,庚寅,偏印,七杀,偏印,戊,0,1,100.0,100.0,MINNIE SOO WAI YAM,1146.0,SOO Wai Yam Minnie Nipponpaint Mallets,https://tabletennis-reference.com/player/detail/1146,Hong Kong,,25.0,2018/2,explicit_highest_only,19.844349986652706,28.0,,1998-04-13,1998,土|木|火|土|金|木,4,0.3333333333333333,0.2777777777777778,1.3296613488547582,0
Karoline Mischek,1998-05-22,1998,女,Q58398818,118893,戊寅,丁巳,己巳,劫财,偏印,正印,丙,0,1,100.0,100.0,KAROLINE MISCHEK,1393.0,MISCHEK Karoline,https://tabletennis-reference.com/player/detail/1393,Austria,203.0,108.0,2019/9,explicit_current_and_highest,21.31734395641252,28.0,,1998-05-22,1998,土|木|火|火|土|火,3,0.5,0.3888888888888889,1.0114042647073518,0
橋本帆乃香,1998-07-05,1998,女,Q28609190,133000,戊寅,戊午,癸丑,正官,正官,偏财,丁,0,1,100.0,100.0,HASHIMOTO HONOKA,1106.0,HONOKA Hashimoto Nipponpaint Mallets,https://tabletennis-reference.com/player/detail/1106,Japan,15.0,10.0,2025/10,explicit_current_and_highest,27.28050541763349,28.0,,1998-07-05,1998,土|木|土|火|水|土,4,0.5,0.33333333333333337,1.242453324894,0
Yūki Matsuyama,1998-07-21,1998,男,Q108940390,118886,戊寅,己未,己巳,劫财,比肩,比肩,己,0,1,100.0,100.0,MATSUYAMA YUKI,370.0,YUKI Matsuyama Okayama Rivets,https://tabletennis-reference.com/player/detail/370,Japan,,97.0,2018/4,explicit_highest_only,19.734833706373163,28.0,,1998-07-21,1998,土|木|土|土|土|火,3,0.6666666666666666,0.5,0.8675632284814612,0
奥德蕾·扎里夫,1998-07-23,1998,女,Q108120952,116874,戊寅,己未,辛未,正印,偏印,偏印,己,0,1,100.0,100.0,AUDREY ZARIF,1200.0,ZARIF Audrey,https://tabletennis-reference.com/player/detail/1200,France,104.0,71.0,2024/1,explicit_current_and_highest,25.48170051404204,28.0,,1998-07-23,1998,土|木|土|土|金|土,3,0.6666666666666666,0.5,0.8675632284814612,0
達科·约奇克,1998-07-30,1998,男,Q56827213,118927,戊寅,己未,戊寅,比肩,劫财,劫财,己,0,1,100.0,100.0,DARKO JORGIC,188.0,JORGIC Darko,https://tabletennis-reference.com/player/detail/188,Slovenia,12.0,6.0,2022/5,explicit_current_and_highest,23.79241189073013,28.0,,1998-07-30,1998,土|木|土|土|土|木,2,0.6666666666666666,0.5555555555555556,0.6365141682948128,0
斯莉嘉·阿库拉,1998-07-31,1998,女,Q65929204,122718,戊寅,己未,己卯,劫财,比肩,比肩,己,0,1,100.0,0.0,SREEJA AKULA,2067.0,AKULA Sreeja,https://tabletennis-reference.com/player/detail/2067,India,58.0,22.0,2024/8,explicit_current_and_highest,26.042971450474685,28.0,,1998-07-31,1998,土|木|土|土|土|木,2,0.6666666666666666,0.5555555555555556,0.6365141682948128,0
Gustin Dwi Jayanti,1998-08-26,1998,女,Q65095393,122304,戊寅,庚申,乙巳,正财,正官,正官,庚,0,1,97.14285714285714,100.0,GUSTIN DWI JAYANTI,1529.0,DWIJAYANTI Gustin,https://tabletennis-reference.com/player/detail/1529,Indonesia,,307.0,2019/1,explicit_highest_only,20.389193481043417,28.0,,1998-08-26,1998,土|木|金|金|木|火,4,0.3333333333333333,0.2777777777777778,1.3296613488547582,0
何天天,1998-09-03,1998,女,Q18216851,115430,戊寅,庚申,癸丑,正官,正印,正印,庚,0,1,100.0,23.80952380952381,TIN TIN HO,1247.0,HO Tin-Tin,https://tabletennis-reference.com/player/detail/1247,England,80.0,78.0,2026/7,explicit_current_and_highest,27.86367961012204,28.0,,1998-09-03,1998,土|木|金|金|水|土,4,0.3333333333333333,0.2777777777777778,1.3296613488547582,0
Alexandre Cassin,1998-10-05,1998,男,Q107981867,117003,戊寅,辛酉,乙酉,正财,七杀,七杀,辛,0,1,100.0,100.0,ALEXANDRE CASSIN,229.0,CASSIN Alexandre,https://tabletennis-reference.com/player/detail/229,France,,73.0,2022/5,explicit_highest_only,23.6089721212619,28.0,,1998-10-05,1998,土|木|金|金|木|金,3,0.5,0.3888888888888889,1.0114042647073518,0
Caroline Hajok,1998-10-09,1998,女,Q100391946,122278,戊寅,壬戌,己丑,劫财,正财,劫财,戊,0,1,100.0,100.0,CAROLINE HAJOK,1310.0,HAJOK Caroline,https://tabletennis-reference.com/player/detail/1310,Germany,,252.0,2016/6,explicit_highest_only,17.68414135813877,28.0,,1998-10-09,1998,土|木|水|土|土|土,3,0.6666666666666666,0.5,0.8675632284814612,0
He Zhuojia,1998-10-25,1998,女,Q58485493,119730,戊寅,壬戌,乙巳,正财,正印,正财,戊,0,1,100.0,100.0,HE ZHUOJIA,2519.0,HE Zhuojia Kinoshita Abyell Kanagawa,https://tabletennis-reference.com/player/detail/2519,China,73.0,13.0,2019/12,explicit_current_and_highest,21.139380000958266,27.0,,1998-10-25,1998,土|木|水|土|木|火,4,0.3333333333333333,0.2777777777777778,1.3296613488547582,0
安德斯·林德,1998-12-14,1998,男,Q12301437,115029,戊寅,甲子,乙未,正财,劫财,偏印,癸,0,1,100.0,100.0,ANDERS LIND,434.0,LIND Anders,https://tabletennis-reference.com/player/detail/434,Denmark,14.0,13.0,2026/8,explicit_current_and_highest,27.669288212625855,28.0,,1998-12-14,1998,土|木|木|水|木|土,3,0.5,0.3888888888888889,1.0114042647073516,0
Ton'in Ryūzaki,1998-12-29,1998,男,Q108777389,119543,戊寅,甲子,庚戌,偏印,偏财,伤官,癸,0,0,,,,,,,,,,,,,,"Search candidate matched, but detail-page name check failed: 'TONIN Ryuzaki Ryukyu Asteeda', score=66.7",1998-12-29,1998,土|木|木|水|金|土,4,0.3333333333333333,0.2777777777777778,1.329661348854758,0
王曼昱,1999-02-09,1999,女,Q30942350,121411,己卯,丙寅,壬辰,正官,偏财,食神,甲,0,1,100.0,0.0,WANG MANYU,2047.0,WANG Manyu,https://tabletennis-reference.com/player/detail/2047,China,1.0,1.0,,inferred_from_current_only,,27.0,,1999-02-09,1999,土|木|火|木|水|土,4,0.3333333333333333,0.2777777777777778,1.3296613488547582,0
Solomija Brateyko,1999-02-24,1999,女,Q65211624,122348,己卯,丙寅,丁未,食神,劫财,正印,甲,1,1,100.0,100.0,SOLOMIYA BRATEYKO,1537.0,BRATEYKO Solomiya,https://tabletennis-reference.com/player/detail/1537,Ukraine,,91.0,2024/3,explicit_highest_only,25.054587020951832,27.0,,1999-02-24,1999,土|木|火|木|火|土,3,0.3333333333333333,0.3333333333333333,1.0986122886681096,0
Filippa Bergand,1999-03-11,1999,女,Q126116495,120125,己卯,丁卯,壬戌,正官,正财,伤官,乙,0,1,100.0,0.0,FILIPPA BERGAND,1386.0,BERGAND Filippa,https://tabletennis-reference.com/player/detail/1386,Sweden,117.0,99.0,2026/6,explicit_current_and_highest,27.26407797559156,27.0,,1999-03-11,1999,土|木|火|木|水|土,4,0.3333333333333333,0.2777777777777778,1.3296613488547582,0
Luisa Säger,1999-08-10,1999,女,Q100304017,121895,己卯,壬申,甲午,正财,偏印,七杀,庚,0,1,100.0,100.0,LUISA SAEGER,1953.0,SAEGER Luisa,https://tabletennis-reference.com/player/detail/1953,Germany,,207.0,2016/1,explicit_highest_only,16.43291785594502,27.0,,1999-08-10,1999,土|木|水|金|木|火,5,0.3333333333333333,0.22222222222222227,1.5607104090414063,1
Leonie Hartbrich,1999-09-08,1999,女,Q113575949,118868,己卯,癸酉,癸亥,七杀,比肩,偏印,辛,0,1,100.0,100.0,LEONIE HARTBRICH,1410.0,HARTBRICH Leonie,https://tabletennis-reference.com/player/detail/1410,Hungary,,129.0,2022/5,explicit_highest_only,22.683559552899787,27.0,,1999-09-08,1999,土|木|水|金|水|水,4,0.5,0.3333333333333333,1.2424533248940002,0
Yūto Kizukuri,1999-10-22,1999,男,Q30925948,119794,己卯,甲戌,丁未,食神,正印,伤官,戊,1,1,100.0,100.0,YUTO KIZUKURI,196.0,YUTO Kizukuri T.T Saitama,https://tabletennis-reference.com/player/detail/196,Japan,85.0,65.0,2018/3,explicit_current_and_highest,18.39599717995578,26.0,,1999-10-22,1999,土|木|木|土|火|土,3,0.5,0.3888888888888889,1.0114042647073518,0
Izabela Lupulesku,1999-11-07,1999,女,Q108123181,120187,己卯,甲戌,癸亥,七杀,伤官,正官,戊,0,1,100.0,100.0,IZABELA LUPULESKU,1282.0,LUPULESKU Izabela,https://tabletennis-reference.com/player/detail/1282,Serbia,127.0,69.0,2025/4,explicit_current_and_highest,25.437894001930225,27.0,,1999-11-07,1999,土|木|木|土|水|水,3,0.3333333333333333,0.3333333333333333,1.0986122886681096,0
Q128693236,1999-11-12,1999,男,Q128693236,120162,己卯,乙亥,戊辰,劫财,正官,偏财,壬,0,0,,,,,,,,,,,,,,No sufficiently confident site match. Top candidates: ,1999-11-12,1999,土|木|木|水|土|土,3,0.5,0.3888888888888889,1.0114042647073516,0
Asuka Sasao,1999-12-15,1999,女,Q38277413,134790,己卯,丙子,辛丑,偏印,正官,食神,癸,0,1,100.0,100.0,ASUKA SASAO,5153.0,SASAO Asuka Nissay Redelf,https://tabletennis-reference.com/player/detail/5153,Japan,101.0,62.0,2023/5,explicit_current_and_highest,23.41458072376572,26.0,,1999-12-15,1999,土|木|火|水|金|土,5,0.3333333333333333,0.2222222222222222,1.5607104090414063,1
安宰贤,1999-12-25,1999,男,Q63349734,121514,己卯,丙子,辛亥,偏印,正官,食神,癸,0,0,,,,,,,,,,,,,,"Search candidate matched, but detail-page name check failed: 'AN Jaehyun Ryukyu Asteeda', score=55.6",1999-12-25,1999,土|木|火|水|金|水,5,0.3333333333333333,0.2222222222222222,1.5607104090414063,1
Yuka Umemura,2000-01-09,2000,女,Q113671369,133690,己卯,丁丑,丙寅,伤官,劫财,伤官,己,0,1,100.0,100.0,UMEMURA YUKA,1283.0,YUKA Umemura Kyushu Asteeda,https://tabletennis-reference.com/player/detail/1283,Japan,,178.0,2017/11,explicit_highest_only,17.85115368556507,26.0,,2000-01-09,2000,土|木|火|土|火|木,3,0.3333333333333333,0.3333333333333333,1.0986122886681096,0
钱天一,2000-01-23,2000,女,Q81878452,119797,己卯,丁丑,庚辰,正印,正官,正印,己,0,1,100.0,100.0,QIAN TIANYI,2760.0,QIAN Tianyi,https://tabletennis-reference.com/player/detail/2760,China,216.0,5.0,2023/4,explicit_current_and_highest,23.22566514028351,25.0,,2000-01-23,2000,土|木|火|土|金|土,4,0.5,0.33333333333333337,1.242453324894,0
Su Pei-ling,2000-01-30,2000,女,Q100150481,122716,己卯,丁丑,丁亥,食神,比肩,食神,己,1,1,100.0,100.0,SU PEI LING,2142.0,SU Pei-Ling,https://tabletennis-reference.com/player/detail/2142,Taiwan,,90.0,2022/6,explicit_highest_only,22.374176061110084,26.0,,2000-01-30,2000,土|木|火|土|火|水,4,0.3333333333333333,0.2777777777777778,1.3296613488547582,0
Esteban Dorr,2000-03-11,2000,男,Q134560842,133652,庚辰,己卯,戊辰,食神,劫财,正官,乙,1,1,100.0,100.0,ESTEBAN DORR,5044.0,DORR Esteban,https://tabletennis-reference.com/player/detail/5044,France,121.0,99.0,2025/6,explicit_current_and_highest,25.26266795348296,26.0,,2000-03-11,2000,金|土|土|木|土|土,3,0.6666666666666666,0.5,0.8675632284814612,0
Florian Bourrassaud,2000-03-22,2000,男,Q134548570,120857,庚辰,己卯,己卯,伤官,比肩,七杀,乙,0,1,100.0,100.0,FLORIAN BOURRASSAUD,863.0,BOURRASSAUD Florian,https://tabletennis-reference.com/player/detail/863,France,112.0,89.0,2026/3,explicit_current_and_highest,25.979999589313948,26.0,,2000-03-22,2000,金|土|土|木|土|木,3,0.5,0.3888888888888889,1.0114042647073516,0
Mariam Alhodaby,2000-04-05,2000,女,Q124360370,120726,庚辰,庚辰,癸巳,正印,正印,正官,戊,0,1,100.0,0.0,MARIAM ALHODABY,1604.0,ALHODABY Mariam,https://tabletennis-reference.com/player/detail/1604,Egypt,102.0,40.0,2022/5,explicit_current_and_highest,22.1085990814322,26.0,,2000-04-05,2000,金|土|金|土|水|火,4,0.3333333333333333,0.2777777777777778,1.3296613488547582,0
Sabina Šurjan,2000-04-10,2000,女,Q100149484,121074,庚辰,庚辰,戊戌,食神,食神,比肩,戊,1,1,100.0,100.0,SABINA SURJAN,1369.0,SURJAN Sabina,https://tabletennis-reference.com/player/detail/1369,Serbia,111.0,92.0,2026/7,explicit_current_and_highest,26.262004011033763,26.0,,2000-04-10,2000,金|土|金|土|土|土,2,0.6666666666666666,0.5555555555555556,0.6365141682948128,0
平野美宇,2000-04-14,2000,女,Q11483715,117820,庚辰,庚辰,壬寅,偏印,偏印,七杀,戊,0,1,100.0,0.0,HIRANO MIU,62.0,MIU Hirano Kyushu Asteeda,https://tabletennis-reference.com/player/detail/62,Japan,26.0,5.0,2017/11,explicit_current_and_highest,17.588314612894173,26.0,,2000-04-14,2000,金|土|金|土|水|木,4,0.3333333333333333,0.2777777777777778,1.3296613488547582,0
王楚钦,2000-05-11,2000,男,Q47501789,121558,庚辰,辛巳,己巳,伤官,食神,正印,丙,0,1,100.0,0.0,WANG CHUQIN,1980.0,WANG Chuqin,https://tabletennis-reference.com/player/detail/1980,China,1.0,1.0,,inferred_from_current_only,,26.0,,2000-05-11,2000,金|土|金|火|土|火,3,0.3333333333333333,0.3333333333333333,1.0986122886681096,0
Archana Kamath,2000-06-17,2000,女,Q31793132,123684,庚辰,壬午,丙午,偏财,七杀,劫财,丁,0,1,100.0,0.0,ARCHANA GIRISH KAMATH,1257.0,KAMATH Archana Girish,https://tabletennis-reference.com/player/detail/1257,India,,65.0,2022/5,explicit_highest_only,21.90873186992204,26.0,,2000-06-17,2000,金|土|水|火|火|火,4,0.5,0.33333333333333337,1.242453324894,0
卡納克·賈哈,2000-06-19,2000,男,Q26508825,116021,庚辰,壬午,戊申,食神,偏财,正印,丁,1,1,100.0,100.0,KANAK JHA,342.0,JHA Kanak,https://tabletennis-reference.com/player/detail/342,United States,25.0,20.0,2023/1,explicit_current_and_highest,22.574043272620244,26.0,,2000-06-19,2000,金|土|水|火|土|金,4,0.3333333333333333,0.2777777777777778,1.3296613488547582,0
早田希娜,2000-07-07,2000,女,Q27917566,123672,庚辰,癸未,丙寅,偏财,正官,伤官,己,0,1,100.0,0.0,HINA HAYATA,1101.0,HINA Hayata Nissay Redelf,https://tabletennis-reference.com/player/detail/1101,Japan,6.0,4.0,2023/10,explicit_current_and_highest,23.272209559402317,26.0,,2000-07-07,2000,金|土|水|土|火|木,5,0.3333333333333333,0.2222222222222222,1.5607104090414063,1
布鲁娜·高桥,2000-07-19,2000,女,Q26789878,121623,庚辰,癸未,戊寅,食神,正财,劫财,己,1,1,100.0,0.0,BRUNA TAKAHASHI,1215.0,TAKAHASHI Bruna,https://tabletennis-reference.com/player/detail/1215,Brazil,27.0,16.0,2025/10,explicit_current_and_highest,25.24076469742705,26.0,,2000-07-19,2000,金|土|水|土|土|木,4,0.5,0.33333333333333337,1.242453324894,0
Abir Haj Salah,2000-08-06,2000,女,Q67180919,120020,庚辰,癸未,丙申,偏财,正官,伤官,己,0,1,100.0,100.0,ABIR HAJ SALAH,1786.0,HAJ SALAH Abir,https://tabletennis-reference.com/player/detail/1786,Tunisia,212.0,190.0,2026/3,explicit_current_and_highest,25.604906329356524,26.0,,2000-08-06,2000,金|土|水|土|火|金,4,0.3333333333333333,0.2777777777777778,1.3296613488547582,0
安德烈娅·德拉戈曼,2000-08-18,2000,女,Q99708665,122428,庚辰,甲申,戊申,食神,七杀,食神,庚,1,1,100.0,100.0,ANDREEA DRAGOMAN,1201.0,DRAGOMAN Andreea,https://tabletennis-reference.com/player/detail/1201,Romania,57.0,48.0,2026/2,explicit_current_and_highest,25.49539004907698,26.0,,2000-08-18,2000,金|土|木|金|土|金,3,0.5,0.3888888888888889,1.0114042647073518,0
伊藤美誠,2000-10-21,2000,女,Q11380376,117821,庚辰,丙戌,壬子,偏印,偏财,七杀,戊,0,1,100.0,100.0,ITO MIMA,49.0,MIMA Ito Nissay Redelf,https://tabletennis-reference.com/player/detail/49,Japan,24.0,2.0,2021/7,explicit_current_and_highest,20.73143185691698,25.0,,2000-10-21,2000,金|土|火|土|水|水,4,0.3333333333333333,0.2777777777777778,1.3296613488547582,0
阿德里亞娜·迪亞茲,2000-10-31,2000,女,Q22002897,115009,庚辰,丙戌,壬戌,偏印,偏财,七杀,戊,0,1,100.0,100.0,ADRIANA DIAZ,1139.0,DIAZ Adriana Kinoshita Abyell Kanagawa,https://tabletennis-reference.com/player/detail/1139,Puerto Rico,20.0,9.0,2022/6,explicit_current_and_highest,21.621251634188244,25.0,,2000-10-31,2000,金|土|火|土|水|土,4,0.5,0.33333333333333337,1.242453324894,0
孫穎莎,2000-11-04,2000,女,Q32772779,131163,庚辰,丙戌,丙寅,偏财,比肩,食神,戊,0,1,100.0,100.0,SUN YINGSHA,2746.0,SUN Yingsha,https://tabletennis-reference.com/player/detail/2746,China,2.0,1.0,2026/8,explicit_current_and_highest,25.7773944707968,25.0,,2000-11-04,2000,金|土|火|土|火|木,4,0.3333333333333333,0.2777777777777778,1.3296613488547582,0
魏睿萱,2001-02-26,2001,女,Q108122766,123579,辛巳,庚寅,庚申,劫财,比肩,偏财,甲,0,1,100.0,100.0,GOI RUI XUAN,1471.0,GOI Rui Xuan,https://tabletennis-reference.com/player/detail/1471,Singapore,,93.0,2022/5,explicit_highest_only,21.21330349014696,25.0,,2001-02-26,2001,金|火|金|木|金|金,3,0.6666666666666666,0.5,0.8675632284814612,0
Lev Katsman,2001-03-31,2001,男,Q97315628,123282,辛巳,辛卯,癸巳,偏印,偏印,食神,乙,0,1,100.0,100.0,LEV KATSMAN,530.0,KATSMAN Lev,https://tabletennis-reference.com/player/detail/530,Russian Federation,237.0,174.0,2026/8,explicit_current_and_highest,25.37492214076949,25.0,,2001-03-31,2001,金|火|金|木|水|火,4,0.3333333333333333,0.2777777777777778,1.3296613488547582,0
Takeru Kashiwa,2001-04-10,2001,男,Q101200018,123882,辛巳,壬辰,癸卯,偏印,劫财,正官,戊,0,1,100.0,100.0,KASHIWA TAKERU,504.0,TAKERU Kashiwa Okayama Rivets,https://tabletennis-reference.com/player/detail/504,Japan,,408.0,2019/6,explicit_highest_only,18.17970252640369,25.0,,2001-04-10,2001,金|火|水|土|水|木,5,0.3333333333333333,0.2222222222222222,1.5607104090414063,1
边松景,2001-06-24,2001,女,Q56825264,132886,辛巳,甲午,戊午,伤官,七杀,正印,丁,0,1,100.0,100.0,PYON SONG GYONG,2061.0,PYON Song Gyong,https://tabletennis-reference.com/player/detail/2061,"Korea, Democratic People's Republic of",179.0,56.0,2024/9,explicit_current_and_highest,23.2284030472905,25.0,,2001-06-24,2001,金|火|木|火|土|火,4,0.5,0.33333333333333337,1.242453324894,0
宇田幸矢,2001-08-06,2001,男,Q81941578,122777,辛巳,乙未,辛丑,比肩,偏财,偏印,己,0,1,100.0,100.0,YUKIYA UDA,264.0,YUKIYA Uda T.T Saitama,https://tabletennis-reference.com/player/detail/264,Japan,26.0,19.0,2023/6,explicit_current_and_highest,21.856711636789257,25.0,,2001-08-06,2001,金|火|木|土|金|土,4,0.3333333333333333,0.2777777777777778,1.3296613488547582,0
Dimitrije Levajac,2001-08-14,2001,男,Q107634158,123192,辛巳,丙申,己酉,食神,正印,伤官,庚,1,1,100.0,100.0,DIMITRIJE LEVAJAC,808.0,LEVAJAC Dimitrije,https://tabletennis-reference.com/player/detail/808,Serbia,138.0,132.0,2026/8,explicit_current_and_highest,25.002566787819053,25.0,,2001-08-14,2001,金|火|火|金|土|金,3,0.5,0.3888888888888889,1.0114042647073518,0
林昀儒,2001-08-17,2001,男,Q20063561,121582,辛巳,丙申,壬子,正印,偏财,偏印,庚,0,1,100.0,100.0,LIN YUN JU,1898.0,LIN Yun-Ju Kinoshita Meister Tokyo,https://tabletennis-reference.com/player/detail/1898,Taiwan,6.0,6.0,,inferred_from_current_only,,25.0,,2001-08-17,2001,金|火|火|金|水|水,3,0.3333333333333333,0.3333333333333333,1.0986122886681096,0
Santiago Lorenzo,2001-09-21,2001,男,Q133503960,132793,辛巳,丁酉,丁亥,偏财,比肩,偏财,辛,0,1,100.0,100.0,SANTIAGO LORENZO,5144.0,LORENZO Santiago,https://tabletennis-reference.com/player/detail/5144,Argentina,157.0,70.0,2023/8,explicit_current_and_highest,21.897780241894083,25.0,,2001-09-21,2001,金|火|火|金|火|水,3,0.5,0.3888888888888889,1.0114042647073516,0
Laura Tiefenbrunner,2001-12-01,2001,女,Q104621067,132770,辛巳,己亥,戊戌,伤官,劫财,偏财,壬,0,1,100.0,100.0,LAURA TIEFENBRUNNER,1433.0,TIEFENBRUNNER Laura,https://tabletennis-reference.com/player/detail/1433,Germany,,332.0,2017/4,explicit_highest_only,15.370609937233482,25.0,,2001-12-01,2001,金|火|土|水|土|土,4,0.5,0.33333333333333337,1.242453324894,0
Franziska Schreiner,2001-12-22,2001,女,Q58048692,131086,辛巳,庚子,己未,食神,伤官,偏财,癸,1,1,100.0,100.0,FRANZISKA SCHREINER,1577.0,SCHREINER Franziska,https://tabletennis-reference.com/player/detail/1577,Germany,142.0,96.0,2024/7,explicit_current_and_highest,22.56309164459229,25.0,,2001-12-22,2001,金|火|金|水|土|土,4,0.3333333333333333,0.2777777777777778,1.3296613488547582,0
Fadwa Garci,2002-02-06,2002,女,Q67180909,117150,壬午,壬寅,乙巳,正印,正印,劫财,甲,0,1,100.0,100.0,FADWA GARCI,1779.0,GARCI Fadwa,https://tabletennis-reference.com/player/detail/1779,Tunisia,288.0,133.0,2022/5,explicit_current_and_highest,20.26872557273592,24.0,,2002-02-06,2002,水|火|水|木|木|火,3,0.3333333333333333,0.3333333333333333,1.0986122886681096,0
图鲁斯·莫雷高德,2002-02-16,2002,男,Q83699517,122044,壬午,壬寅,乙卯,正印,正印,劫财,甲,0,0,,,,,,,,,,,,,,No sufficiently confident site match. Top candidates: ,2002-02-16,2002,水|火|水|木|木|木,3,0.5,0.3888888888888889,1.0114042647073518,0
弗拉基米爾·斯多倫科,2002-04-07,2002,男,Q55102290,124576,壬午,甲辰,乙巳,正印,劫财,正财,戊,0,1,100.0,100.0,VLADIMIR SIDORENKO,394.0,SIDORENKO Vladimir Shizuoka-JADE,https://tabletennis-reference.com/player/detail/394,Russian Federation,17.0,16.0,2026/8,explicit_current_and_highest,24.356420734169763,24.0,,2002-04-07,2002,水|火|木|土|木|火,4,0.3333333333333333,0.2777777777777778,1.329661348854758,0
Ryu Han-na,2002-04-20,2002,女,Q134569900,132701,壬午,甲辰,戊午,偏财,七杀,比肩,戊,0,0,,,,,,,,,,,,,,"Search candidate matched, but detail-page name check failed: 'RYU Hanna Kinoshita Abyell Kanagawa', score=46.2",2002-04-20,2002,水|火|木|土|土|火,4,0.3333333333333333,0.2777777777777778,1.3296613488547582,0
Musfiquh Kalam,2002-05-01,2002,女,Q113551028,133647,壬午,甲辰,己巳,正财,正官,劫财,戊,0,1,100.0,100.0,MUSFIQUH KALAM,7180.0,KALAM Musfiquh,https://tabletennis-reference.com/player/detail/7180,South Africa,264.0,198.0,2023/6,explicit_current_and_highest,21.12295255891633,,,2002-05-01,2002,水|火|木|土|土|火,4,0.3333333333333333,0.2777777777777778,1.3296613488547582,0
冯耀恩,2002-05-08,2002,男,Q136690514,131912,壬午,乙巳,丙子,七杀,正印,比肩,丙,0,1,100.0,100.0,PANG YEW EN KOEN,756.0,PANG Yew En Koen,https://tabletennis-reference.com/player/detail/756,Singapore,116.0,77.0,2024/2,explicit_current_and_highest,21.7745744265796,24.0,,2002-05-08,2002,水|火|木|火|火|水,3,0.5,0.3888888888888889,1.0114042647073518,0
Manel Baklouti,2002-05-19,2002,女,Q67180922,121721,壬午,乙巳,丁亥,正官,偏印,劫财,丙,0,1,100.0,100.0,MANEL BAKLOUTI,1820.0,BAKLOUTI Manel,https://tabletennis-reference.com/player/detail/1820,Tunisia,,529.0,2017/2,explicit_highest_only,14.7463671396401,24.0,,2002-05-19,2002,水|火|木|火|火|水,3,0.5,0.3888888888888889,1.0114042647073518,0
刘杨子,2002-06-06,2002,女,Q123115642,137627,壬午,丙午,乙巳,正印,伤官,食神,丁,0,1,100.0,100.0,LIU YANGZI,8945.0,LIU Yangzi,https://tabletennis-reference.com/player/detail/8945,Portugal,41.0,25.0,2024/3,explicit_current_and_highest,21.7745744265796,,,2002-06-06,2002,水|火|火|火|木|火,3,0.6666666666666666,0.5,0.8675632284814612,0
Kyōka Idesawa,2002-06-28,2002,女,Q90863016,144633,壬午,丙午,丁卯,正官,劫财,比肩,丁,0,1,100.0,100.0,IDESAWA KYOKA,9656.0,IDESAWA Kyoka Top Nagoya,https://tabletennis-reference.com/player/detail/9656,Japan,230.0,62.0,2025/10,explicit_current_and_highest,23.2995886294722,24.0,,2002-06-28,2002,水|火|火|火|火|木,3,0.6666666666666666,0.5,0.8675632284814612,0
卡米耶·卢茨,2002-07-17,2002,女,Q108461095,123550,壬午,丁未,丙戌,七杀,劫财,伤官,己,0,1,100.0,100.0,CAMILLE LUTZ,1586.0,LUTZ Camille,https://tabletennis-reference.com/player/detail/1586,France,106.0,76.0,2023/10,explicit_current_and_highest,21.24615837423082,24.0,,2002-07-17,2002,水|火|火|土|火|土,3,0.5,0.3888888888888889,1.0114042647073516,0
Daniela Fonseca,2002-07-24,2002,女,Q107708205,124042,壬午,丁未,癸巳,劫财,偏财,七杀,己,0,1,100.0,0.0,DANIELA FONSECA,6125.0,FONSECA CARRAZANA Daniela,https://tabletennis-reference.com/player/detail/6125,Cuba,583.0,98.0,2025/6,explicit_current_and_highest,22.8943783924379,,,2002-07-24,2002,水|火|火|土|水|火,3,0.5,0.3888888888888889,1.0114042647073518,0
Yumeno Sōma,2002-08-17,2002,女,Q105258982,134995,壬午,戊申,丁巳,正官,伤官,正财,庚,0,1,100.0,100.0,SOMA YUMENO,5156.0,SOMA Yumeno,https://tabletennis-reference.com/player/detail/5156,Japan,,86.0,2019/8,explicit_highest_only,16.994188792377667,24.0,,2002-08-17,2002,水|火|土|金|火|火,4,0.5,0.33333333333333337,1.242453324894,0
Hanitra Karen Raharimanana,2002-10-15,2002,女,Q128305972,131141,壬午,庚戌,丙辰,七杀,偏财,食神,戊,0,1,100.0,100.0,RAHARIMANANA,1789.0,RAHARIMANANA Hanitra,https://tabletennis-reference.com/player/detail/1789,France,206.0,135.0,2025/10,explicit_current_and_highest,23.00115676571045,24.0,,2002-10-15,2002,水|火|金|土|火|土,4,0.3333333333333333,0.2777777777777778,1.329661348854758,0
Özge Yılmaz,2002-11-04,2002,女,Q113638596,133026,壬午,庚戌,丙子,七杀,偏财,食神,戊,0,1,100.0,100.0,OZGE YILMAZ,1514.0,YILMAZ Ozge,https://tabletennis-reference.com/player/detail/1514,Turkey,305.0,139.0,2022/3,explicit_current_and_highest,19.35974044641574,24.0,,2002-11-04,2002,水|火|金|土|火|水,4,0.3333333333333333,0.2777777777777778,1.3296613488547582,0
Batmönkhiin Bolor-Erdene,2002-11-12,2002,女,Q107720854,132126,壬午,辛亥,甲申,偏印,正官,偏印,壬,0,0,,,,,,,,,,,,,,No sufficiently confident site match. Top candidates: ,2002-11-12,2002,水|火|金|水|木|金,4,0.3333333333333333,0.2777777777777778,1.3296613488547582,0
Nikhil Kumar,2003-01-01,2003,男,Q107629613,119463,壬午,壬子,甲戌,偏印,偏印,正印,癸,0,1,100.0,100.0,NIKHIL KUMAR,844.0,KUMAR Nikhil,https://tabletennis-reference.com/player/detail/844,United States,192.0,165.0,2022/2,explicit_current_and_highest,19.12428044381473,23.0,,2003-01-01,2003,水|火|水|水|木|土,4,0.5,0.3333333333333333,1.2424533248940002,0
Mohammad Mousavi,2003-02-22,2003,男,Q137604742,134268,癸未,甲寅,丙寅,正官,偏印,偏印,甲,0,1,100.0,100.0,MOHAMMAD MOUSAVI,5702.0,MOUSAVI TAHER Mohammad,https://tabletennis-reference.com/player/detail/5702,"Iran, Islamic Republic of",,409.0,2022/5,explicit_highest_only,19.2255830030733,,,2003-02-22,2003,水|土|木|木|火|木,4,0.5,0.33333333333333337,1.242453324894,0
向鹏,2003-03-07,2003,男,Q113258356,135888,癸未,乙卯,己卯,偏财,七杀,七杀,乙,0,1,100.0,100.0,XIANG PENG,7047.0,XIANG Peng,https://tabletennis-reference.com/player/detail/7047,China,22.0,8.0,2025/5,explicit_current_and_highest,22.19073629164185,,,2003-03-07,2003,水|土|木|木|土|木,3,0.5,0.3888888888888889,1.0114042647073516,0
Sophia Klee,2003-05-08,2003,女,Q104596137,132978,癸未,丁巳,辛巳,食神,七杀,正官,丙,1,1,100.0,100.0,SOPHIA KLEE,1675.0,KLEE Sophia,https://tabletennis-reference.com/player/detail/1675,Germany,241.0,218.0,2025/5,explicit_current_and_highest,22.020986057208567,23.0,,2003-05-08,2003,水|土|火|火|金|火,4,0.5,0.33333333333333337,1.242453324894,0
Yūma Tanigaki,2003-06-03,2003,男,Q108940480,135625,癸未,丁巳,丁未,七杀,比肩,劫财,丙,0,1,100.0,100.0,TANIGAKI YUMA,5710.0,TANIGAKI Yuma Kanazawa-PORT,https://tabletennis-reference.com/player/detail/5710,Japan,,413.0,2022/5,explicit_highest_only,18.94905439536746,23.0,,2003-06-03,2003,水|土|火|火|火|土,3,0.5,0.3888888888888889,1.0114042647073516,0
張本智和,2003-06-27,2003,男,Q27917476,123980,癸未,戊午,辛未,食神,正印,七杀,丁,1,1,100.0,100.0,HARIMOTO TOMOKAZU,250.0,TOMOKAZU Harimoto Okayama Rivets,https://tabletennis-reference.com/player/detail/250,Japan,4.0,2.0,2026/6,explicit_current_and_highest,22.96830188162659,23.0,,2003-06-27,2003,水|土|土|火|金|土,4,0.5,0.33333333333333337,1.242453324894,0
艾利克斯·勒布伦,2003-08-27,2003,男,Q113091289,132992,癸未,庚申,壬申,劫财,偏印,偏印,庚,0,1,100.0,0.0,ALEXIS LEBRUN,2128.0,LEBRUN Alexis,https://tabletennis-reference.com/player/detail/2128,France,9.0,9.0,,inferred_from_current_only,,23.0,,2003-08-27,2003,水|土|金|金|水|金,3,0.5,0.3888888888888889,1.0114042647073518,0
Kazuki Hamada,2003-09-12,2003,男,Q109918635,134583,癸未,辛酉,戊子,正财,伤官,伤官,辛,0,1,100.0,100.0,HAMADA KAZUKI,5041.0,HAMADA Kazuki Shizuoka-JADE,https://tabletennis-reference.com/player/detail/5041,Japan,58.0,46.0,2025/11,explicit_current_and_highest,22.177046756606916,23.0,,2003-09-12,2003,水|土|金|金|土|水,3,0.3333333333333333,0.3333333333333333,1.0986122886681096,0
篠塚大登,2003-12-23,2003,男,Q108777169,134442,癸未,甲子,庚午,伤官,偏财,伤官,癸,0,1,100.0,0.0,HIROTO SHINOZUKA,5043.0,SHINOZUKA Hiroto Ryukyu Asteeda,https://tabletennis-reference.com/player/detail/5043,Japan,18.0,17.0,2026/8,explicit_current_and_highest,22.645228854801942,22.0,,2003-12-23,2003,水|土|木|水|金|火,5,0.3333333333333333,0.2222222222222222,1.5607104090414063,1
Khalil Sta,2004-01-04,2004,男,Q131340292,131040,癸未,甲子,壬午,劫财,食神,劫财,癸,0,1,100.0,100.0,KHALIL STA,6567.0,STA Khalil,https://tabletennis-reference.com/player/detail/6567,Tunisia,,236.0,2024/3,explicit_highest_only,20.19480208354723,,,2004-01-04,2004,水|土|木|水|水|火,4,0.5,0.3333333333333333,1.2424533248940002,0
橫井笑櫻,2004-04-23,2004,女,Q108776991,135935,甲申,戊辰,壬申,食神,七杀,七杀,戊,1,1,100.0,100.0,SAKURA YOKOI,6976.0,YOKOI Sakura Nipponpaint Mallets,https://tabletennis-reference.com/player/detail/6976,Japan,22.0,22.0,,inferred_from_current_only,,22.0,,2004-04-23,2004,木|金|土|土|水|金,4,0.3333333333333333,0.2777777777777778,1.3296613488547582,0
大藤沙月,2004-05-16,2004,女,Q84790226,133405,甲申,己巳,乙未,劫财,偏财,伤官,丙,0,1,100.0,100.0,ODO SATSUKI,1385.0,SATSUKI Odo Nipponpaint Mallets,https://tabletennis-reference.com/player/detail/1385,Japan,12.0,7.0,2025/1,explicit_current_and_highest,20.668459995756244,22.0,,2004-05-16,2004,木|金|土|火|木|土,4,0.3333333333333333,0.2777777777777778,1.3296613488547582,0
蒂博·波雷,2004-06-30,2004,男,Q131721491,134718,甲申,庚午,庚辰,偏财,比肩,正官,丁,0,1,100.0,100.0,THIBAULT PORET,5871.0,PORET Thibault,https://tabletennis-reference.com/player/detail/5871,France,21.0,21.0,,inferred_from_current_only,,22.0,,2004-06-30,2004,木|金|金|火|金|土,4,0.5,0.3333333333333333,1.2424533248940002,0
Kaho Akae,2004-07-03,2004,女,Q132431644,136309,甲申,庚午,癸未,伤官,正印,偏财,丁,0,1,100.0,100.0,AKAE KAHO,7562.0,AKAE Kaho Nissay Redelf,https://tabletennis-reference.com/player/detail/7562,Japan,37.0,32.0,2026/7,explicit_current_and_highest,22.03193768523652,,,2004-07-03,2004,木|金|金|火|水|土,5,0.3333333333333333,0.2222222222222222,1.5607104090414063,1
申裕斌,2004-07-05,2004,女,Q103908823,123977,甲申,庚午,乙酉,劫财,正官,食神,丁,0,1,100.0,0.0,SHIN YU BIN,1406.0,SHIN Yubin Kyushu Asteeda,https://tabletennis-reference.com/player/detail/1406,"Korea, Republic of",11.0,7.0,2024/8,explicit_current_and_highest,20.11266487333757,22.0,,2004-07-05,2004,木|金|金|火|木|金,3,0.5,0.3888888888888889,1.0114042647073518,0
Rachel Sung,2004-07-09,2004,女,Q128031820,121250,甲申,辛未,己丑,正官,食神,比肩,己,0,1,100.0,0.0,RACHEL SUNG,2930.0,SUNG Rachel,https://tabletennis-reference.com/player/detail/2930,United States,,168.0,2023/9,explicit_highest_only,19.184514397968474,21.0,,2004-07-09,2004,木|金|金|土|土|土,3,0.5,0.3888888888888889,1.0114042647073518,0
Ryōichi Yoshiyama,2004-07-16,2004,男,Q108940608,136757,甲申,辛未,丙申,偏印,正财,伤官,己,0,1,100.0,100.0,RYOICHI YOSHIYAMA,8222.0,YOSHIYAMA Ryoichi Kinoshita Meister Tokyo,https://tabletennis-reference.com/player/detail/8222,Japan,60.0,55.0,2026/2,explicit_current_and_highest,21.585658843097395,22.0,,2004-07-16,2004,木|金|金|土|火|金,4,0.5,0.3333333333333333,1.2424533248940002,0
Louis Laffineur,2004-07-31,2004,男,Q117127064,131756,甲申,辛未,辛亥,正财,比肩,偏印,己,0,1,100.0,100.0,LOUIS LAFFINEUR,5269.0,LAFFINEUR Louis,https://tabletennis-reference.com/player/detail/5269,Belgium,,194.0,2022/5,explicit_highest_only,17.788181824404333,22.0,,2004-07-31,2004,木|金|金|土|金|水,4,0.5,0.33333333333333337,1.242453324894,0
普利西卡·帕瓦德,2004-08-02,2004,女,Q63349575,131100,甲申,辛未,癸丑,伤官,偏印,七杀,己,0,1,100.0,0.0,PRITHIKA PAVADE,1424.0,PAVADE Prithika,https://tabletennis-reference.com/player/detail/1424,France,40.0,18.0,2024/7,explicit_current_and_highest,19.951128359925256,22.0,,2004-08-02,2004,木|金|金|土|水|土,4,0.3333333333333333,0.2777777777777778,1.3296613488547582,0
Hana Arapović,2004-08-26,2004,女,Q113665558,132756,甲申,壬申,丁丑,正印,正官,正财,庚,0,1,100.0,100.0,HANA ARAPOVIC,4952.0,ARAPOVIC Hana,https://tabletennis-reference.com/player/detail/4952,Croatia,88.0,88.0,,inferred_from_current_only,,22.0,,2004-08-26,2004,木|金|水|金|火|土,5,0.3333333333333333,0.2222222222222222,1.5607104090414063,1
高承睿,2004-12-25,2004,男,Q126392323,132824,甲申,丙子,戊寅,七杀,偏印,正财,癸,0,1,100.0,0.0,KAO CHENG JUI,6600.0,KAO Cheng-Jui Kanazawa-PORT,https://tabletennis-reference.com/player/detail/6600,Taiwan,176.0,22.0,2025/6,explicit_current_and_highest,20.471330691253076,21.0,,2004-12-25,2004,木|金|火|水|土|木,5,0.3333333333333333,0.22222222222222227,1.5607104090414063,1
Amina Kessaci,2005-01-04,2005,女,Q136540422,133464,甲申,丙子,戊子,七杀,偏印,正财,癸,0,1,100.0,100.0,AMINA KESSACI,7309.0,KESSACI Amina,https://tabletennis-reference.com/player/detail/7309,Algeria,424.0,316.0,2025/3,explicit_current_and_highest,20.19206417654024,,,2005-01-04,2005,木|金|火|水|土|水,5,0.3333333333333333,0.2222222222222222,1.5607104090414063,1
Vicky Wu,2005-04-08,2005,男,Q128009429,123935,乙酉,庚辰,壬戌,伤官,偏印,七杀,戊,0,1,100.0,100.0,VICKY WU,5513.0,WU Vicky,https://tabletennis-reference.com/player/detail/5513,Fiji,,173.0,2024/8,explicit_highest_only,19.35426463240176,21.0,,2005-04-08,2005,木|金|金|土|水|土,4,0.3333333333333333,0.2777777777777778,1.3296613488547582,0
Wim Verdonschot,2005-05-15,2005,男,Q136558526,201466,乙酉,辛巳,己亥,七杀,食神,正印,丙,0,1,100.0,100.0,WIM VERDONSCHOT,12817.0,VERDONSCHOT Wim,https://tabletennis-reference.com/player/detail/12817,Germany,62.0,57.0,2026/7,explicit_current_and_highest,21.166759071028157,21.0,,2005-05-15,2005,木|金|金|火|土|水,5,0.3333333333333333,0.2222222222222222,1.5607104090414063,1
Navid Shams,2005-07-29,2005,男,Q111702209,121940,乙酉,癸未,甲寅,劫财,正印,正财,己,0,1,100.0,100.0,NAVID SHAMS,5200.0,SHAMS Navid,https://tabletennis-reference.com/player/detail/5200,"Iran, Islamic Republic of",282.0,142.0,2025/6,explicit_current_and_highest,19.879942777743555,21.0,,2005-07-29,2005,木|金|水|土|木|木,4,0.5,0.33333333333333337,1.242453324894,0
Haruna Ojio,2005-08-03,2005,女,Q109926917,135179,乙酉,癸未,己未,七杀,偏财,比肩,己,0,1,100.0,100.0,HARUNA OJIO,5221.0,OJIO Haruna Top Nagoya,https://tabletennis-reference.com/player/detail/5221,Japan,,41.0,2023/6,explicit_highest_only,17.86484322060001,21.0,,2005-08-03,2005,木|金|水|土|土|土,4,0.5,0.33333333333333337,1.242453324894,0
Darius Movileanu,2005-08-19,2005,男,Q140311174,134693,乙酉,甲申,乙亥,比肩,劫财,正官,庚,0,1,100.0,100.0,DARIUS MOVILEANU,5666.0,MOVILEANU Darius,https://tabletennis-reference.com/player/detail/5666,Romania,100.0,100.0,,inferred_from_current_only,,21.0,,2005-08-19,2005,木|金|木|金|木|水,3,0.5,0.3888888888888889,1.0114042647073516,0
Q131418726,2005-12-15,2005,男,Q131418726,200157,乙酉,戊子,癸酉,食神,正官,比肩,癸,1,0,,,,,,,,,,,,,,No sufficiently confident site match. Top candidates: ,2005-12-15,2005,木|金|土|水|水|金,4,0.3333333333333333,0.2777777777777778,1.3296613488547582,0
Tom Closset,2006-02-16,2006,男,Q124544505,134817,丙戌,庚寅,丙子,比肩,偏财,偏印,甲,0,1,100.0,100.0,TOM CLOSSET,7114.0,CLOSSET Tom,https://tabletennis-reference.com/player/detail/7114,Belgium,307.0,194.0,2023/7,explicit_current_and_highest,17.407612750432932,,,2006-02-16,2006,火|土|金|木|火|水,5,0.3333333333333333,0.22222222222222227,1.5607104090414063,1
Anna Hursey,2006-06-22,2006,女,Q47490745,131480,丙戌,甲午,壬午,偏财,食神,正财,丁,0,1,100.0,100.0,ANNA HURSEY,5215.0,HURSEY Anna,https://tabletennis-reference.com/player/detail/5215,Wales,36.0,32.0,2026/3,explicit_current_and_highest,19.729357892359182,20.0,,2006-06-22,2006,火|土|木|火|水|火,4,0.5,0.33333333333333337,1.242453324894,0
安妮特·考夫曼,2006-06-23,2006,女,Q108805919,135493,丙戌,甲午,癸未,正财,伤官,偏财,丁,0,1,100.0,100.0,ANNETT KAUFMANN,5861.0,KAUFMANN Annett,https://tabletennis-reference.com/player/detail/5861,Germany,42.0,42.0,,inferred_from_current_only,,,,2006-06-23,2006,火|土|木|火|水|土,4,0.3333333333333333,0.2777777777777778,1.3296613488547582,0
费利克斯·勒布伦,2006-09-12,2006,男,Q113553703,135977,丙戌,丁酉,甲辰,食神,伤官,正官,辛,1,1,100.0,100.0,FELIX LEBRUN,6992.0,LEBRUN Felix,https://tabletennis-reference.com/player/detail/6992,France,2.0,2.0,,inferred_from_current_only,,20.0,,2006-09-12,2006,火|土|火|金|木|土,4,0.3333333333333333,0.2777777777777778,1.3296613488547582,0
温瑞博,2007-01-05,2007,男,Q138314471,203067,丙戌,庚子,己亥,正印,伤官,偏财,癸,0,1,100.0,100.0,WEN RUIBO,14168.0,WEN Ruibo,https://tabletennis-reference.com/player/detail/14168,China,15.0,11.0,2026/5,explicit_current_and_highest,19.35700253940875,,,2007-01-05,2007,火|土|金|水|土|水,4,0.3333333333333333,0.2777777777777778,1.3296613488547582,0
Bianca Mei-Roşu,2007-01-15,2007,女,Q117744883,136153,丙戌,辛丑,己酉,正印,食神,比肩,己,0,1,100.0,100.0,BIANCA MEI ROSU,7460.0,MEI ROSU Bianca,https://tabletennis-reference.com/player/detail/7460,Romania,189.0,179.0,2026/6,explicit_current_and_highest,19.414498586555503,,,2007-01-15,2007,火|土|金|土|土|金,3,0.5,0.3888888888888889,1.0114042647073518,0
松岛辉空,2007-04-29,2007,男,Q105704235,135996,丁亥,甲辰,癸巳,偏财,伤官,正官,戊,0,1,100.0,100.0,SORA MATSUSHIMA,8092.0,MATSUSHIMA Sora Okayama Rivets,https://tabletennis-reference.com/player/detail/8092,Japan,3.0,3.0,,inferred_from_current_only,,19.0,,2007-04-29,2007,火|水|木|土|水|火,4,0.3333333333333333,0.2777777777777778,1.3296613488547582,0
Kazuki Yoshiyama,2007-07-04,2007,男,Q109333518,135981,丁亥,丙午,己亥,偏印,正印,偏印,丁,0,1,100.0,100.0,KAZUKI YOSHIYAMA,8452.0,YOSHIYAMA Kazuki Okayama Rivets,https://tabletennis-reference.com/player/detail/8452,Japan,195.0,154.0,2026/2,explicit_current_and_highest,18.62050555452884,19.0,,2007-07-04,2007,火|水|火|火|土|水,3,0.5,0.3888888888888889,1.0114042647073518,0
Lilou Massart,2007-09-18,2007,女,Q117619640,136258,丁亥,己酉,乙卯,食神,偏财,七杀,辛,1,1,100.0,100.0,LILOU MASSART,9557.0,MASSART Lilou,https://tabletennis-reference.com/player/detail/9557,Belgium,176.0,151.0,2024/4,explicit_current_and_highest,16.575289020308425,,,2007-09-18,2007,火|水|土|金|木|木,5,0.3333333333333333,0.22222222222222227,1.5607104090414063,1
哈娜·戈达,2007-12-12,2007,女,Q124360313,131335,丁亥,壬子,庚辰,正官,食神,伤官,癸,0,1,100.0,0.0,HANA GODA,1860.0,GODA Hana,https://tabletennis-reference.com/player/detail/1860,Egypt,21.0,20.0,2026/6,explicit_current_and_highest,18.508251367242316,19.0,,2007-12-12,2007,火|水|水|水|金|土,4,0.5,0.3333333333333333,1.2424533248940002,0
面手凛,2007-12-31,2007,女,Q113671411,144860,丁亥,壬子,己亥,偏印,正财,偏财,癸,0,1,100.0,33.33333333333333,MENDE RIN,9818.0,MENDE Rin Nissay Redelf,https://tabletennis-reference.com/player/detail/9818,Japan,84.0,79.0,2026/8,explicit_current_and_highest,18.62324346153583,18.0,,2007-12-31,2007,火|水|水|水|土|水,3,0.6666666666666666,0.5,0.8675632284814612,0
弗拉维安·科东,2008-04-07,2008,男,Q128548301,144528,戊子,丙辰,丁丑,伤官,劫财,伤官,戊,0,1,100.0,100.0,FLAVIEN COTON,9500.0,COTON Flavien,https://tabletennis-reference.com/player/detail/9500,France,19.0,19.0,,inferred_from_current_only,,,,2008-04-07,2008,土|水|火|土|火|土,3,0.5,0.3888888888888889,1.0114042647073516,0
Léana Hochart,2008-05-31,2008,女,Q140248215,145544,戊子,丁巳,辛未,正印,七杀,正官,丙,0,1,100.0,100.0,LEANA HOCHART,11058.0,HOCHART Leana,https://tabletennis-reference.com/player/detail/11058,France,202.0,146.0,2025/10,explicit_current_and_highest,17.374757866349068,,,2008-05-31,2008,土|水|火|火|金|土,4,0.3333333333333333,0.2777777777777778,1.329661348854758,0
張本美和,2008-06-16,2008,女,Q56533455,136711,戊子,戊午,丁亥,伤官,伤官,比肩,丁,0,1,100.0,100.0,MIWA HARIMOTO,8229.0,HARIMOTO Miwa Kinoshita Abyell Kanagawa,https://tabletennis-reference.com/player/detail/8229,Japan Member of team Kinoshita Group,3.0,3.0,,inferred_from_current_only,,18.0,,2008-06-16,2008,土|水|土|火|火|水,3,0.3333333333333333,0.3333333333333333,1.0986122886681096,0
