date,n_people,Business/Entrepreneurship__n,Business/Entrepreneurship__pct,Film/TV/Acting__n,Film/TV/Acting__pct,Games/Esports__n,Games/Esports__pct,Law__n,Law__pct,Medicine/Health__n,Medicine/Health__pct,Music__n,Music__pct,Politics/Government__n,Politics/Government__pct,Religion__n,Religion__pct,Science/Academia/Engineering__n,Science/Academia/Engineering__pct,Sports athlete/player__n,Sports athlete/player__pct,Visual arts/Design__n,Visual arts/Design__pct,Writing/Journalism__n,Writing/Journalism__pct,year_pillar,month_pillar,day_pillar,year_stem,year_branch,month_stem,month_branch,day_stem,day_branch,pillar_transition_ambiguous,YMD_DAY_HALF_TRINE,YMD_DAY_STEM_COMBINE,YMD_STEM_COMBINE_AND_HALF_TRINE,P4_DAY_HALF_TRINE,P4_FULL_SANHE_ANY,P4_FULL_SANHE_INVOLVES_DAY,P4_DAY_STEM_COMBINE,P4_FULL_DAY_SANHE_AND_STEM_COMBINE,P_HOUR_ADDS_NEW_DAY_HALF_TRINE,P_HOUR_COMPLETES_DAY_SANHE,gregorian_month,weekday
1987-01-01,73,1,1.36986301369863,5,6.849315068493151,4,5.47945205479452,1,1.36986301369863,0,0.0,0,0.0,3,4.109589041095891,0,0.0,0,0.0,53,72.6027397260274,0,0.0,3,4.109589041095891,丙寅,庚子,庚戌,丙,寅,庚,子,庚,戌,False,1,0,0,1.0,0.08333333333333333,0.08333333333333333,0.08333333333333333,0.0,0.0,0.08333333333333333,1,Thursday
1987-01-02,56,0,0.0,6,10.714285714285714,1,1.7857142857142858,0,0.0,0,0.0,3,5.357142857142857,1,1.7857142857142858,0,0.0,0,0.0,43,76.78571428571429,0,0.0,1,1.7857142857142858,丙寅,庚子,辛亥,丙,寅,庚,子,辛,亥,False,0,1,0,0.16666666666666666,0.0,0.0,1.0,0.0,0.16666666666666666,0.0,1,Friday
1987-01-03,43,0,0.0,3,6.976744186046512,1,2.3255813953488373,0,0.0,0,0.0,1,2.3255813953488373,3,6.976744186046512,0,0.0,0,0.0,33,76.74418604651163,0,0.0,1,2.3255813953488373,丙寅,庚子,壬子,丙,寅,庚,子,壬,子,False,0,0,0,0.16666666666666666,0.0,0.0,0.08333333333333333,0.0,0.16666666666666666,0.0,1,Saturday
1987-01-04,31,1,3.225806451612903,4,12.903225806451612,0,0.0,0,0.0,0,0.0,2,6.451612903225806,1,3.225806451612903,0,0.0,0,0.0,25,80.64516129032258,0,0.0,1,3.225806451612903,丙寅,庚子,癸丑,丙,寅,庚,子,癸,丑,False,0,0,0,0.16666666666666666,0.0,0.0,0.08333333333333333,0.0,0.16666666666666666,0.0,1,Sunday
1987-01-05,45,0,0.0,3,6.666666666666667,0,0.0,0,0.0,0,0.0,2,4.444444444444445,0,0.0,0,0.0,0,0.0,40,88.88888888888889,1,2.2222222222222223,1,2.2222222222222223,丙寅,庚子,甲寅,丙,寅,庚,子,甲,寅,False,0,0,0,0.16666666666666666,0.0,0.0,0.08333333333333333,0.0,0.16666666666666666,0.0,1,Monday
1987-01-06,53,0,0.0,1,1.8867924528301887,0,0.0,2,3.7735849056603774,0,0.0,3,5.660377358490566,3,5.660377358490566,0,0.0,0,0.0,44,83.01886792452831,0,0.0,0,0.0,丙寅,辛丑,乙卯,丙,寅,辛,丑,乙,卯,True,0,0,0,0.16666666666666666,0.0,0.0,0.08333333333333333,0.0,0.16666666666666666,0.0,1,Tuesday
1987-01-07,55,0,0.0,6,10.909090909090908,0,0.0,0,0.0,0,0.0,3,5.454545454545454,1,1.818181818181818,0,0.0,0,0.0,42,76.36363636363636,0,0.0,1,1.818181818181818,丙寅,辛丑,丙辰,丙,寅,辛,丑,丙,辰,False,0,1,0,0.16666666666666666,0.0,0.0,1.0,0.0,0.16666666666666666,0.0,1,Wednesday
1987-01-08,56,0,0.0,6,10.714285714285714,0,0.0,0,0.0,0,0.0,5,8.928571428571429,2,3.571428571428572,0,0.0,1,1.7857142857142858,41,73.21428571428571,1,1.7857142857142858,2,3.571428571428572,丙寅,辛丑,丁巳,丙,寅,辛,丑,丁,巳,False,1,0,0,1.0,0.08333333333333333,0.08333333333333333,0.08333333333333333,0.0,0.0,0.08333333333333333,1,Thursday
1987-01-09,47,0,0.0,10,21.27659574468085,1,2.127659574468085,0,0.0,0,0.0,6,12.76595744680851,1,2.127659574468085,0,0.0,1,2.127659574468085,30,63.82978723404256,1,2.127659574468085,2,4.25531914893617,丙寅,辛丑,戊午,丙,寅,辛,丑,戊,午,False,1,0,0,1.0,0.08333333333333333,0.08333333333333333,0.16666666666666666,0.0,0.0,0.08333333333333333,1,Friday
1987-01-10,39,0,0.0,4,10.256410256410255,0,0.0,0,0.0,1,2.5641025641025643,3,7.6923076923076925,2,5.128205128205129,0,0.0,0,0.0,32,82.05128205128206,1,2.5641025641025643,1,2.5641025641025643,丙寅,辛丑,己未,丙,寅,辛,丑,己,未,False,0,0,0,0.16666666666666666,0.0,0.0,0.16666666666666666,0.0,0.16666666666666666,0.0,1,Saturday
1987-01-11,45,0,0.0,7,15.555555555555555,0,0.0,0,0.0,0,0.0,1,2.2222222222222223,1,2.2222222222222223,0,0.0,0,0.0,34,75.55555555555556,0,0.0,1,2.2222222222222223,丙寅,辛丑,庚申,丙,寅,辛,丑,庚,申,False,0,0,0,0.16666666666666666,0.0,0.0,0.08333333333333333,0.0,0.16666666666666666,0.0,1,Sunday
1987-01-12,69,0,0.0,7,10.144927536231885,0,0.0,1,1.4492753623188406,0,0.0,4,5.797101449275362,4,5.797101449275362,0,0.0,0,0.0,54,78.26086956521739,0,0.0,0,0.0,丙寅,辛丑,辛酉,丙,寅,辛,丑,辛,酉,False,1,1,1,1.0,0.08333333333333333,0.08333333333333333,1.0,0.08333333333333333,0.0,0.08333333333333333,1,Monday
1987-01-13,57,0,0.0,5,8.771929824561404,1,1.7543859649122806,0,0.0,0,0.0,4,7.017543859649122,3,5.2631578947368425,0,0.0,0,0.0,41,71.9298245614035,1,1.7543859649122806,2,3.508771929824561,丙寅,辛丑,壬戌,丙,寅,辛,丑,壬,戌,False,1,0,0,1.0,0.08333333333333333,0.08333333333333333,0.08333333333333333,0.0,0.0,0.08333333333333333,1,Tuesday
1987-01-14,56,1,1.7857142857142858,3,5.357142857142857,1,1.7857142857142858,0,0.0,0,0.0,2,3.571428571428572,5,8.928571428571429,0,0.0,0,0.0,38,67.85714285714286,0,0.0,0,0.0,丙寅,辛丑,癸亥,丙,寅,辛,丑,癸,亥,False,0,0,0,0.16666666666666666,0.0,0.0,0.08333333333333333,0.0,0.16666666666666666,0.0,1,Wednesday
1987-01-15,43,0,0.0,5,11.627906976744184,0,0.0,1,2.3255813953488373,0,0.0,3,6.976744186046512,0,0.0,0,0.0,0,0.0,35,81.3953488372093,1,2.3255813953488373,1,2.3255813953488373,丙寅,辛丑,甲子,丙,寅,辛,丑,甲,子,False,0,0,0,0.16666666666666666,0.0,0.0,0.08333333333333333,0.0,0.16666666666666666,0.0,1,Thursday
1987-01-16,48,1,2.083333333333333,6,12.5,0,0.0,1,2.083333333333333,0,0.0,4,8.333333333333334,3,6.25,0,0.0,0,0.0,34,70.83333333333333,1,2.083333333333333,1,2.083333333333333,丙寅,辛丑,乙丑,丙,寅,辛,丑,乙,丑,False,0,0,0,0.16666666666666666,0.0,0.0,0.08333333333333333,0.0,0.16666666666666666,0.0,1,Friday
1987-01-17,47,0,0.0,6,12.76595744680851,0,0.0,0,0.0,0,0.0,3,6.382978723404255,2,4.25531914893617,0,0.0,0,0.0,33,70.2127659574468,0,0.0,3,6.382978723404255,丙寅,辛丑,丙寅,丙,寅,辛,丑,丙,寅,False,0,1,0,0.16666666666666666,0.0,0.0,1.0,0.0,0.16666666666666666,0.0,1,Saturday
1987-01-18,44,0,0.0,3,6.818181818181818,0,0.0,0,0.0,0,0.0,1,2.272727272727273,0,0.0,0,0.0,0,0.0,37,84.0909090909091,0,0.0,0,0.0,丙寅,辛丑,丁卯,丙,寅,辛,丑,丁,卯,False,0,0,0,0.16666666666666666,0.0,0.0,0.08333333333333333,0.0,0.16666666666666666,0.0,1,Sunday
1987-01-19,62,0,0.0,8,12.903225806451612,0,0.0,0,0.0,0,0.0,3,4.838709677419355,1,1.6129032258064515,0,0.0,0,0.0,45,72.58064516129032,0,0.0,2,3.225806451612903,丙寅,辛丑,戊辰,丙,寅,辛,丑,戊,辰,False,0,0,0,0.16666666666666666,0.0,0.0,0.16666666666666666,0.0,0.16666666666666666,0.0,1,Monday
1987-01-20,54,0,0.0,5,9.25925925925926,0,0.0,0,0.0,0,0.0,3,5.555555555555555,2,3.703703703703704,0,0.0,0,0.0,40,74.07407407407408,0,0.0,0,0.0,丙寅,辛丑,己巳,丙,寅,辛,丑,己,巳,False,1,0,0,1.0,0.08333333333333333,0.08333333333333333,0.16666666666666666,0.0,0.0,0.08333333333333333,1,Tuesday
1987-01-21,60,0,0.0,3,5.0,0,0.0,0,0.0,0,0.0,2,3.333333333333333,1,1.6666666666666667,0,0.0,0,0.0,48,80.0,1,1.6666666666666667,1,1.6666666666666667,丙寅,辛丑,庚午,丙,寅,辛,丑,庚,午,False,1,0,0,1.0,0.08333333333333333,0.08333333333333333,0.08333333333333333,0.0,0.0,0.08333333333333333,1,Wednesday
1987-01-22,45,1,2.2222222222222223,1,2.2222222222222223,0,0.0,1,2.2222222222222223,1,2.2222222222222223,2,4.444444444444445,2,4.444444444444445,0,0.0,1,2.2222222222222223,35,77.77777777777777,1,2.2222222222222223,2,4.444444444444445,丙寅,辛丑,辛未,丙,寅,辛,丑,辛,未,False,0,1,0,0.16666666666666666,0.0,0.0,1.0,0.0,0.16666666666666666,0.0,1,Thursday
1987-01-23,49,0,0.0,7,14.285714285714286,0,0.0,0,0.0,0,0.0,5,10.20408163265306,4,8.16326530612245,0,0.0,0,0.0,33,67.34693877551021,2,4.081632653061225,1,2.0408163265306123,丙寅,辛丑,壬申,丙,寅,辛,丑,壬,申,False,0,0,0,0.16666666666666666,0.0,0.0,0.08333333333333333,0.0,0.16666666666666666,0.0,1,Friday
1987-01-24,48,0,0.0,7,14.583333333333334,0,0.0,0,0.0,0,0.0,0,0.0,3,6.25,0,0.0,2,4.166666666666667,34,70.83333333333333,3,6.25,2,4.166666666666667,丙寅,辛丑,癸酉,丙,寅,辛,丑,癸,酉,False,1,0,0,1.0,0.08333333333333333,0.08333333333333333,0.08333333333333333,0.0,0.0,0.08333333333333333,1,Saturday
1987-01-25,37,0,0.0,3,8.108108108108109,0,0.0,0,0.0,0,0.0,0,0.0,1,2.702702702702702,0,0.0,0,0.0,31,83.78378378378379,0,0.0,1,2.702702702702702,丙寅,辛丑,甲戌,丙,寅,辛,丑,甲,戌,False,1,0,0,1.0,0.08333333333333333,0.08333333333333333,0.08333333333333333,0.0,0.0,0.08333333333333333,1,Sunday
1987-01-26,37,0,0.0,1,2.702702702702702,0,0.0,0,0.0,0,0.0,0,0.0,0,0.0,0,0.0,0,0.0,30,81.08108108108108,0,0.0,0,0.0,丙寅,辛丑,乙亥,丙,寅,辛,丑,乙,亥,False,0,0,0,0.16666666666666666,0.0,0.0,0.08333333333333333,0.0,0.16666666666666666,0.0,1,Monday
1987-01-27,61,0,0.0,7,11.475409836065571,0,0.0,0,0.0,0,0.0,5,8.19672131147541,1,1.639344262295082,0,0.0,0,0.0,46,75.40983606557377,0,0.0,3,4.918032786885246,丙寅,辛丑,丙子,丙,寅,辛,丑,丙,子,False,0,1,0,0.16666666666666666,0.0,0.0,1.0,0.0,0.16666666666666666,0.0,1,Tuesday
1987-01-28,56,0,0.0,7,12.5,0,0.0,0,0.0,0,0.0,4,7.142857142857143,2,3.571428571428572,0,0.0,0,0.0,39,69.64285714285714,1,1.7857142857142858,3,5.357142857142857,丙寅,辛丑,丁丑,丙,寅,辛,丑,丁,丑,False,0,0,0,0.16666666666666666,0.0,0.0,0.08333333333333333,0.0,0.16666666666666666,0.0,1,Wednesday
1987-01-29,50,1,2.0,6,12.0,1,2.0,1,2.0,1,2.0,4,8.0,5,10.0,0,0.0,0,0.0,27,54.0,2,4.0,3,6.0,丙寅,辛丑,戊寅,丙,寅,辛,丑,戊,寅,False,0,0,0,0.16666666666666666,0.0,0.0,0.16666666666666666,0.0,0.16666666666666666,0.0,1,Thursday
1987-01-30,55,0,0.0,3,5.454545454545454,2,3.636363636363636,1,1.818181818181818,0,0.0,2,3.636363636363636,2,3.636363636363636,0,0.0,0,0.0,43,78.18181818181819,0,0.0,1,1.818181818181818,丙寅,辛丑,己卯,丙,寅,辛,丑,己,卯,False,0,0,0,0.16666666666666666,0.0,0.0,0.16666666666666666,0.0,0.16666666666666666,0.0,1,Friday
1987-01-31,47,0,0.0,5,10.638297872340424,0,0.0,0,0.0,0,0.0,6,12.76595744680851,0,0.0,0,0.0,1,2.127659574468085,33,70.2127659574468,1,2.127659574468085,0,0.0,丙寅,辛丑,庚辰,丙,寅,辛,丑,庚,辰,False,0,0,0,0.16666666666666666,0.0,0.0,0.08333333333333333,0.0,0.16666666666666666,0.0,1,Saturday
1987-02-01,50,0,0.0,2,4.0,0,0.0,0,0.0,0,0.0,2,4.0,1,2.0,0,0.0,0,0.0,44,88.0,1,2.0,1,2.0,丙寅,辛丑,辛巳,丙,寅,辛,丑,辛,巳,False,1,1,1,1.0,0.08333333333333333,0.08333333333333333,1.0,0.08333333333333333,0.0,0.08333333333333333,2,Sunday
1987-02-02,49,1,2.0408163265306123,6,12.244897959183673,0,0.0,1,2.0408163265306123,0,0.0,4,8.16326530612245,1,2.0408163265306123,0,0.0,1,2.0408163265306123,36,73.46938775510205,2,4.081632653061225,1,2.0408163265306123,丙寅,辛丑,壬午,丙,寅,辛,丑,壬,午,False,1,0,0,1.0,0.08333333333333333,0.08333333333333333,0.08333333333333333,0.0,0.0,0.08333333333333333,2,Monday
1987-02-03,36,1,2.7777777777777777,4,11.11111111111111,0,0.0,0,0.0,0,0.0,2,5.555555555555555,2,5.555555555555555,0,0.0,1,2.7777777777777777,26,72.22222222222223,0,0.0,1,2.7777777777777777,丙寅,辛丑,癸未,丙,寅,辛,丑,癸,未,False,0,0,0,0.16666666666666666,0.0,0.0,0.08333333333333333,0.0,0.16666666666666666,0.0,2,Tuesday
1987-02-04,53,0,0.0,2,3.7735849056603774,3,5.660377358490566,1,1.8867924528301887,1,1.8867924528301887,1,1.8867924528301887,3,5.660377358490566,0,0.0,0,0.0,39,73.58490566037736,0,0.0,0,0.0,丙寅,辛丑,甲申,丙,寅,辛,丑,甲,申,True,0,0,0,0.16666666666666666,0.0,0.0,0.08333333333333333,0.0,0.16666666666666666,0.0,2,Wednesday
1987-02-05,57,1,1.7543859649122806,8,14.035087719298245,0,0.0,1,1.7543859649122806,0,0.0,9,15.789473684210526,1,1.7543859649122806,0,0.0,1,1.7543859649122806,39,68.42105263157895,0,0.0,0,0.0,丁卯,壬寅,乙酉,丁,卯,壬,寅,乙,酉,False,0,0,0,0.16666666666666666,0.0,0.0,0.08333333333333333,0.0,0.16666666666666666,0.0,2,Thursday
1987-02-06,60,0,0.0,4,6.666666666666667,1,1.6666666666666667,0,0.0,0,0.0,4,6.666666666666667,7,11.666666666666666,0,0.0,1,1.6666666666666667,40,66.66666666666667,0,0.0,4,6.666666666666667,丁卯,壬寅,丙戌,丁,卯,壬,寅,丙,戌,False,1,0,0,1.0,0.08333333333333333,0.08333333333333333,0.08333333333333333,0.0,0.0,0.08333333333333333,2,Friday
1987-02-07,38,0,0.0,4,10.526315789473683,0,0.0,0,0.0,0,0.0,4,10.526315789473683,2,5.2631578947368425,0,0.0,0,0.0,24,63.1578947368421,1,2.631578947368421,1,2.631578947368421,丁卯,壬寅,丁亥,丁,卯,壬,寅,丁,亥,False,1,1,1,1.0,0.08333333333333333,0.08333333333333333,1.0,0.08333333333333333,0.0,0.08333333333333333,2,Saturday
1987-02-08,33,0,0.0,5,15.151515151515152,1,3.0303030303030303,0,0.0,0,0.0,3,9.090909090909092,0,0.0,0,0.0,0,0.0,24,72.72727272727273,0,0.0,2,6.0606060606060606,丁卯,壬寅,戊子,丁,卯,壬,寅,戊,子,False,0,0,0,0.16666666666666666,0.0,0.0,0.16666666666666666,0.0,0.16666666666666666,0.0,2,Sunday
1987-02-09,55,0,0.0,5,9.090909090909092,2,3.636363636363636,2,3.636363636363636,0,0.0,2,3.636363636363636,6,10.909090909090908,0,0.0,1,1.818181818181818,38,69.0909090909091,1,1.818181818181818,1,1.818181818181818,丁卯,壬寅,己丑,丁,卯,壬,寅,己,丑,False,0,0,0,0.16666666666666666,0.0,0.0,0.16666666666666666,0.0,0.16666666666666666,0.0,2,Monday
1987-02-10,48,0,0.0,5,10.416666666666666,0,0.0,1,2.083333333333333,0,0.0,4,8.333333333333334,1,2.083333333333333,0,0.0,0,0.0,36,75.0,0,0.0,1,2.083333333333333,丁卯,壬寅,庚寅,丁,卯,壬,寅,庚,寅,False,0,0,0,0.16666666666666666,0.0,0.0,0.08333333333333333,0.0,0.16666666666666666,0.0,2,Tuesday
1987-02-11,53,2,3.7735849056603774,1,1.8867924528301887,0,0.0,0,0.0,0,0.0,2,3.7735849056603774,1,1.8867924528301887,0,0.0,0,0.0,44,83.01886792452831,1,1.8867924528301887,2,3.7735849056603774,丁卯,壬寅,辛卯,丁,卯,壬,寅,辛,卯,False,0,0,0,0.16666666666666666,0.0,0.0,0.08333333333333333,0.0,0.16666666666666666,0.0,2,Wednesday
1987-02-12,51,0,0.0,7,13.72549019607843,1,1.96078431372549,0,0.0,0,0.0,8,15.68627450980392,2,3.92156862745098,0,0.0,1,1.96078431372549,29,56.86274509803921,1,1.96078431372549,1,1.96078431372549,丁卯,壬寅,壬辰,丁,卯,壬,寅,壬,辰,False,0,1,0,0.16666666666666666,0.0,0.0,1.0,0.0,0.16666666666666666,0.0,2,Thursday
1987-02-13,43,2,4.651162790697675,3,6.976744186046512,1,2.3255813953488373,0,0.0,0,0.0,1,2.3255813953488373,3,6.976744186046512,0,0.0,0,0.0,32,74.4186046511628,1,2.3255813953488373,1,2.3255813953488373,丁卯,壬寅,癸巳,丁,卯,壬,寅,癸,巳,False,0,0,0,0.16666666666666666,0.0,0.0,0.08333333333333333,0.0,0.16666666666666666,0.0,2,Friday
1987-02-14,56,0,0.0,5,8.928571428571429,1,1.7857142857142858,1,1.7857142857142858,0,0.0,7,12.5,2,3.571428571428572,0,0.0,1,1.7857142857142858,39,69.64285714285714,0,0.0,0,0.0,丁卯,壬寅,甲午,丁,卯,壬,寅,甲,午,False,1,0,0,1.0,0.08333333333333333,0.08333333333333333,0.08333333333333333,0.0,0.0,0.08333333333333333,2,Saturday
1987-02-15,50,1,2.0,3,6.0,0,0.0,0,0.0,0,0.0,4,8.0,1,2.0,0,0.0,0,0.0,38,76.0,0,0.0,0,0.0,丁卯,壬寅,乙未,丁,卯,壬,寅,乙,未,False,1,0,0,1.0,0.08333333333333333,0.08333333333333333,0.08333333333333333,0.0,0.0,0.08333333333333333,2,Sunday
1987-02-16,39,1,2.5641025641025643,5,12.82051282051282,0,0.0,0,0.0,0,0.0,0,0.0,1,2.5641025641025643,0,0.0,0,0.0,24,61.53846153846154,1,2.5641025641025643,2,5.128205128205129,丁卯,壬寅,丙申,丁,卯,壬,寅,丙,申,False,0,0,0,0.16666666666666666,0.0,0.0,0.08333333333333333,0.0,0.16666666666666666,0.0,2,Monday
1987-02-17,64,1,1.5625,6,9.375,0,0.0,0,0.0,1,1.5625,1,1.5625,3,4.6875,0,0.0,0,0.0,47,73.4375,2,3.125,1,1.5625,丁卯,壬寅,丁酉,丁,卯,壬,寅,丁,酉,False,0,1,0,0.16666666666666666,0.0,0.0,1.0,0.0,0.16666666666666666,0.0,2,Tuesday
1987-02-18,50,0,0.0,3,6.0,0,0.0,0,0.0,0,0.0,3,6.0,4,8.0,0,0.0,0,0.0,34,68.0,2,4.0,3,6.0,丁卯,壬寅,戊戌,丁,卯,壬,寅,戊,戌,False,1,0,0,1.0,0.08333333333333333,0.08333333333333333,0.16666666666666666,0.0,0.0,0.08333333333333333,2,Wednesday
1987-02-19,51,0,0.0,4,7.84313725490196,2,3.92156862745098,1,1.96078431372549,0,0.0,1,1.96078431372549,2,3.92156862745098,0,0.0,1,1.96078431372549,35,68.62745098039215,0,0.0,2,3.92156862745098,丁卯,壬寅,己亥,丁,卯,壬,寅,己,亥,False,1,0,0,1.0,0.08333333333333333,0.08333333333333333,0.16666666666666666,0.0,0.0,0.08333333333333333,2,Thursday
1987-02-20,58,0,0.0,7,12.06896551724138,0,0.0,0,0.0,0,0.0,3,5.172413793103448,1,1.7241379310344829,0,0.0,0,0.0,41,70.6896551724138,0,0.0,1,1.7241379310344829,丁卯,壬寅,庚子,丁,卯,壬,寅,庚,子,False,0,0,0,0.16666666666666666,0.0,0.0,0.08333333333333333,0.0,0.16666666666666666,0.0,2,Friday
1987-02-21,39,0,0.0,6,15.384615384615383,1,2.5641025641025643,1,2.5641025641025643,0,0.0,1,2.5641025641025643,0,0.0,0,0.0,3,7.6923076923076925,25,64.1025641025641,0,0.0,0,0.0,丁卯,壬寅,辛丑,丁,卯,壬,寅,辛,丑,False,0,0,0,0.16666666666666666,0.0,0.0,0.08333333333333333,0.0,0.16666666666666666,0.0,2,Saturday
1987-02-22,42,0,0.0,8,19.047619047619047,0,0.0,0,0.0,0,0.0,0,0.0,0,0.0,0,0.0,0,0.0,32,76.19047619047619,0,0.0,1,2.380952380952381,丁卯,壬寅,壬寅,丁,卯,壬,寅,壬,寅,False,0,1,0,0.16666666666666666,0.0,0.0,1.0,0.0,0.16666666666666666,0.0,2,Sunday
1987-02-23,49,0,0.0,1,2.0408163265306123,0,0.0,0,0.0,1,2.0408163265306123,3,6.122448979591836,1,2.0408163265306123,0,0.0,0,0.0,39,79.59183673469387,1,2.0408163265306123,0,0.0,丁卯,壬寅,癸卯,丁,卯,壬,寅,癸,卯,False,0,0,0,0.16666666666666666,0.0,0.0,0.08333333333333333,0.0,0.16666666666666666,0.0,2,Monday
1987-02-24,40,0,0.0,7,17.5,0,0.0,0,0.0,0,0.0,3,7.5,2,5.0,0,0.0,0,0.0,26,65.0,0,0.0,2,5.0,丁卯,壬寅,甲辰,丁,卯,壬,寅,甲,辰,False,0,0,0,0.16666666666666666,0.0,0.0,0.08333333333333333,0.0,0.16666666666666666,0.0,2,Tuesday
1987-02-25,62,0,0.0,5,8.064516129032258,0,0.0,0,0.0,0,0.0,2,3.225806451612903,3,4.838709677419355,0,0.0,0,0.0,47,75.80645161290323,1,1.6129032258064515,1,1.6129032258064515,丁卯,壬寅,乙巳,丁,卯,壬,寅,乙,巳,False,0,0,0,0.16666666666666666,0.0,0.0,0.08333333333333333,0.0,0.16666666666666666,0.0,2,Wednesday
1987-02-26,41,0,0.0,6,14.634146341463415,0,0.0,0,0.0,0,0.0,3,7.317073170731708,1,2.4390243902439024,0,0.0,0,0.0,30,73.17073170731707,0,0.0,0,0.0,丁卯,壬寅,丙午,丁,卯,壬,寅,丙,午,False,1,0,0,1.0,0.08333333333333333,0.08333333333333333,0.08333333333333333,0.0,0.0,0.08333333333333333,2,Thursday
1987-02-27,56,0,0.0,4,7.142857142857143,0,0.0,0,0.0,0,0.0,2,3.571428571428572,2,3.571428571428572,0,0.0,0,0.0,42,75.0,0,0.0,1,1.7857142857142858,丁卯,壬寅,丁未,丁,卯,壬,寅,丁,未,False,1,1,1,1.0,0.08333333333333333,0.08333333333333333,1.0,0.08333333333333333,0.0,0.08333333333333333,2,Friday
1987-02-28,45,1,2.2222222222222223,10,22.22222222222222,1,2.2222222222222223,0,0.0,0,0.0,4,8.88888888888889,3,6.666666666666667,0,0.0,0,0.0,27,60.0,1,2.2222222222222223,1,2.2222222222222223,丁卯,壬寅,戊申,丁,卯,壬,寅,戊,申,False,0,0,0,0.16666666666666666,0.0,0.0,0.16666666666666666,0.0,0.16666666666666666,0.0,2,Saturday
1987-03-01,39,0,0.0,3,7.6923076923076925,1,2.5641025641025643,0,0.0,0,0.0,5,12.82051282051282,1,2.5641025641025643,0,0.0,1,2.5641025641025643,27,69.23076923076923,2,5.128205128205129,0,0.0,丁卯,壬寅,己酉,丁,卯,壬,寅,己,酉,False,0,0,0,0.16666666666666666,0.0,0.0,0.16666666666666666,0.0,0.16666666666666666,0.0,3,Sunday
1987-03-02,46,0,0.0,5,10.869565217391305,0,0.0,2,4.3478260869565215,0,0.0,2,4.3478260869565215,2,4.3478260869565215,0,0.0,0,0.0,34,73.91304347826087,1,2.1739130434782608,1,2.1739130434782608,丁卯,壬寅,庚戌,丁,卯,壬,寅,庚,戌,False,1,0,0,1.0,0.08333333333333333,0.08333333333333333,0.08333333333333333,0.0,0.0,0.08333333333333333,3,Monday
1987-03-03,44,0,0.0,6,13.636363636363637,0,0.0,0,0.0,1,2.272727272727273,4,9.090909090909092,1,2.272727272727273,0,0.0,1,2.272727272727273,30,68.18181818181819,1,2.272727272727273,1,2.272727272727273,丁卯,壬寅,辛亥,丁,卯,壬,寅,辛,亥,False,1,0,0,1.0,0.08333333333333333,0.08333333333333333,0.08333333333333333,0.0,0.0,0.08333333333333333,3,Tuesday
1987-03-04,44,0,0.0,3,6.818181818181818,0,0.0,0,0.0,0,0.0,1,2.272727272727273,3,6.818181818181818,0,0.0,2,4.545454545454546,34,77.27272727272727,0,0.0,1,2.272727272727273,丁卯,壬寅,壬子,丁,卯,壬,寅,壬,子,False,0,1,0,0.16666666666666666,0.0,0.0,1.0,0.0,0.16666666666666666,0.0,3,Wednesday
1987-03-05,45,1,2.2222222222222223,6,13.333333333333334,1,2.2222222222222223,0,0.0,1,2.2222222222222223,4,8.88888888888889,2,4.444444444444445,0,0.0,1,2.2222222222222223,30,66.66666666666667,0,0.0,1,2.2222222222222223,丁卯,壬寅,癸丑,丁,卯,壬,寅,癸,丑,False,0,0,0,0.16666666666666666,0.0,0.0,0.08333333333333333,0.0,0.16666666666666666,0.0,3,Thursday
1987-03-06,39,1,2.5641025641025643,3,7.6923076923076925,0,0.0,0,0.0,0,0.0,2,5.128205128205129,3,7.6923076923076925,0,0.0,0,0.0,29,74.35897435897436,0,0.0,1,2.5641025641025643,丁卯,癸卯,甲寅,丁,卯,癸,卯,甲,寅,True,0,0,0,0.16666666666666666,0.0,0.0,0.08333333333333333,0.0,0.16666666666666666,0.0,3,Friday
1987-03-07,39,0,0.0,5,12.82051282051282,0,0.0,1,2.5641025641025643,0,0.0,2,5.128205128205129,1,2.5641025641025643,0,0.0,0,0.0,29,74.35897435897436,1,2.5641025641025643,0,0.0,丁卯,癸卯,乙卯,丁,卯,癸,卯,乙,卯,False,0,0,0,0.16666666666666666,0.0,0.0,0.08333333333333333,0.0,0.16666666666666666,0.0,3,Saturday
1987-03-08,34,0,0.0,4,11.764705882352942,0,0.0,0,0.0,0,0.0,3,8.823529411764707,1,2.9411764705882355,0,0.0,0,0.0,25,73.52941176470588,1,2.9411764705882355,0,0.0,丁卯,癸卯,丙辰,丁,卯,癸,卯,丙,辰,False,0,0,0,0.16666666666666666,0.0,0.0,0.08333333333333333,0.0,0.16666666666666666,0.0,3,Sunday
1987-03-09,43,0,0.0,2,4.651162790697675,1,2.3255813953488373,0,0.0,0,0.0,2,4.651162790697675,2,4.651162790697675,0,0.0,1,2.3255813953488373,33,76.74418604651163,0,0.0,2,4.651162790697675,丁卯,癸卯,丁巳,丁,卯,癸,卯,丁,巳,False,0,0,0,0.16666666666666666,0.0,0.0,0.08333333333333333,0.0,0.16666666666666666,0.0,3,Monday
1987-03-10,61,0,0.0,8,13.114754098360656,1,1.639344262295082,0,0.0,0,0.0,8,13.114754098360656,2,3.278688524590164,0,0.0,0,0.0,42,68.85245901639344,1,1.639344262295082,1,1.639344262295082,丁卯,癸卯,戊午,丁,卯,癸,卯,戊,午,False,0,1,0,0.16666666666666666,0.0,0.0,1.0,0.0,0.16666666666666666,0.0,3,Tuesday
1987-03-11,56,0,0.0,5,8.928571428571429,0,0.0,0,0.0,0,0.0,3,5.357142857142857,2,3.571428571428572,0,0.0,0,0.0,43,76.78571428571429,1,1.7857142857142858,3,5.357142857142857,丁卯,癸卯,己未,丁,卯,癸,卯,己,未,False,1,0,0,1.0,0.08333333333333333,0.08333333333333333,0.16666666666666666,0.0,0.0,0.08333333333333333,3,Wednesday
1987-03-12,49,1,2.0408163265306123,5,10.20408163265306,1,2.0408163265306123,0,0.0,1,2.0408163265306123,4,8.16326530612245,2,4.081632653061225,0,0.0,1,2.0408163265306123,34,69.38775510204081,2,4.081632653061225,0,0.0,丁卯,癸卯,庚申,丁,卯,癸,卯,庚,申,False,0,0,0,0.16666666666666666,0.0,0.0,0.08333333333333333,0.0,0.16666666666666666,0.0,3,Thursday
1987-03-13,45,0,0.0,1,2.2222222222222223,0,0.0,0,0.0,0,0.0,4,8.88888888888889,1,2.2222222222222223,0,0.0,0,0.0,34,75.55555555555556,0,0.0,1,2.2222222222222223,丁卯,癸卯,辛酉,丁,卯,癸,卯,辛,酉,False,0,0,0,0.16666666666666666,0.0,0.0,0.08333333333333333,0.0,0.16666666666666666,0.0,3,Friday
1987-03-14,33,0,0.0,4,12.12121212121212,1,3.0303030303030303,0,0.0,0,0.0,1,3.0303030303030303,0,0.0,0,0.0,0,0.0,26,78.78787878787878,0,0.0,0,0.0,丁卯,癸卯,壬戌,丁,卯,癸,卯,壬,戌,False,0,1,0,0.16666666666666666,0.0,0.0,1.0,0.0,0.16666666666666666,0.0,3,Saturday
1987-03-15,38,0,0.0,4,10.526315789473683,0,0.0,0,0.0,0,0.0,2,5.2631578947368425,3,7.894736842105263,0,0.0,0,0.0,28,73.6842105263158,0,0.0,1,2.631578947368421,丁卯,癸卯,癸亥,丁,卯,癸,卯,癸,亥,False,1,0,0,1.0,0.08333333333333333,0.08333333333333333,0.08333333333333333,0.0,0.0,0.08333333333333333,3,Sunday
1987-03-16,34,0,0.0,4,11.764705882352942,0,0.0,0,0.0,0,0.0,3,8.823529411764707,0,0.0,0,0.0,0,0.0,25,73.52941176470588,0,0.0,1,2.9411764705882355,丁卯,癸卯,甲子,丁,卯,癸,卯,甲,子,False,0,0,0,0.16666666666666666,0.0,0.0,0.08333333333333333,0.0,0.16666666666666666,0.0,3,Monday
1987-03-17,56,1,1.7857142857142858,6,10.714285714285714,1,1.7857142857142858,0,0.0,0,0.0,4,7.142857142857143,1,1.7857142857142858,0,0.0,0,0.0,43,76.78571428571429,2,3.571428571428572,1,1.7857142857142858,丁卯,癸卯,乙丑,丁,卯,癸,卯,乙,丑,False,0,0,0,0.16666666666666666,0.0,0.0,0.08333333333333333,0.0,0.16666666666666666,0.0,3,Tuesday
1987-03-18,52,0,0.0,4,7.6923076923076925,0,0.0,0,0.0,0,0.0,2,3.8461538461538463,1,1.9230769230769231,0,0.0,0,0.0,42,80.76923076923077,0,0.0,0,0.0,丁卯,癸卯,丙寅,丁,卯,癸,卯,丙,寅,False,0,0,0,0.16666666666666666,0.0,0.0,0.08333333333333333,0.0,0.16666666666666666,0.0,3,Wednesday
1987-03-19,53,0,0.0,8,15.09433962264151,0,0.0,1,1.8867924528301887,0,0.0,4,7.547169811320755,2,3.7735849056603774,0,0.0,1,1.8867924528301887,38,71.69811320754717,1,1.8867924528301887,2,3.7735849056603774,丁卯,癸卯,丁卯,丁,卯,癸,卯,丁,卯,False,0,0,0,0.16666666666666666,0.0,0.0,0.08333333333333333,0.0,0.16666666666666666,0.0,3,Thursday
1987-03-20,53,0,0.0,9,16.9811320754717,1,1.8867924528301887,0,0.0,0,0.0,4,7.547169811320755,0,0.0,0,0.0,0,0.0,32,60.37735849056604,0,0.0,1,1.8867924528301887,丁卯,癸卯,戊辰,丁,卯,癸,卯,戊,辰,False,0,1,0,0.16666666666666666,0.0,0.0,1.0,0.0,0.16666666666666666,0.0,3,Friday
1987-03-21,50,0,0.0,9,18.0,0,0.0,0,0.0,0,0.0,6,12.0,2,4.0,0,0.0,0,0.0,33,66.0,0,0.0,1,2.0,丁卯,癸卯,己巳,丁,卯,癸,卯,己,巳,False,0,0,0,0.16666666666666666,0.0,0.0,0.16666666666666666,0.0,0.16666666666666666,0.0,3,Saturday
1987-03-22,46,0,0.0,6,13.043478260869565,1,2.1739130434782608,0,0.0,0,0.0,1,2.1739130434782608,2,4.3478260869565215,0,0.0,1,2.1739130434782608,30,65.21739130434783,0,0.0,1,2.1739130434782608,丁卯,癸卯,庚午,丁,卯,癸,卯,庚,午,False,0,0,0,0.16666666666666666,0.0,0.0,0.08333333333333333,0.0,0.16666666666666666,0.0,3,Sunday
1987-03-23,31,0,0.0,1,3.225806451612903,1,3.225806451612903,0,0.0,0,0.0,4,12.903225806451612,0,0.0,0,0.0,0,0.0,23,74.19354838709677,2,6.451612903225806,2,6.451612903225806,丁卯,癸卯,辛未,丁,卯,癸,卯,辛,未,False,1,0,0,1.0,0.08333333333333333,0.08333333333333333,0.08333333333333333,0.0,0.0,0.08333333333333333,3,Monday
1987-03-24,49,0,0.0,7,14.285714285714286,2,4.081632653061225,0,0.0,0,0.0,4,8.16326530612245,1,2.0408163265306123,0,0.0,0,0.0,30,61.224489795918366,0,0.0,0,0.0,丁卯,癸卯,壬申,丁,卯,癸,卯,壬,申,False,0,1,0,0.16666666666666666,0.0,0.0,1.0,0.0,0.16666666666666666,0.0,3,Tuesday
1987-03-25,50,0,0.0,5,10.0,0,0.0,0,0.0,0,0.0,3,6.0,3,6.0,0,0.0,1,2.0,36,72.0,1,2.0,0,0.0,丁卯,癸卯,癸酉,丁,卯,癸,卯,癸,酉,False,0,0,0,0.16666666666666666,0.0,0.0,0.08333333333333333,0.0,0.16666666666666666,0.0,3,Wednesday
1987-03-26,60,0,0.0,2,3.333333333333333,0,0.0,0,0.0,0,0.0,2,3.333333333333333,3,5.0,0,0.0,0,0.0,53,88.33333333333333,1,1.6666666666666667,2,3.333333333333333,丁卯,癸卯,甲戌,丁,卯,癸,卯,甲,戌,False,0,0,0,0.16666666666666666,0.0,0.0,0.08333333333333333,0.0,0.16666666666666666,0.0,3,Thursday
1987-03-27,63,0,0.0,10,15.873015873015872,0,0.0,0,0.0,1,1.5873015873015872,4,6.349206349206349,2,3.1746031746031744,0,0.0,0,0.0,46,73.01587301587301,0,0.0,1,1.5873015873015872,丁卯,癸卯,乙亥,丁,卯,癸,卯,乙,亥,False,1,0,0,1.0,0.08333333333333333,0.08333333333333333,0.08333333333333333,0.0,0.0,0.08333333333333333,3,Friday
1987-03-28,37,0,0.0,7,18.91891891891892,0,0.0,0,0.0,0,0.0,2,5.405405405405405,3,8.108108108108109,0,0.0,0,0.0,25,67.56756756756756,1,2.702702702702702,2,5.405405405405405,丁卯,癸卯,丙子,丁,卯,癸,卯,丙,子,False,0,0,0,0.16666666666666666,0.0,0.0,0.08333333333333333,0.0,0.16666666666666666,0.0,3,Saturday
1987-03-29,39,0,0.0,5,12.82051282051282,0,0.0,0,0.0,0,0.0,1,2.5641025641025643,1,2.5641025641025643,0,0.0,2,5.128205128205129,27,69.23076923076923,0,0.0,2,5.128205128205129,丁卯,癸卯,丁丑,丁,卯,癸,卯,丁,丑,False,0,0,0,0.16666666666666666,0.0,0.0,0.08333333333333333,0.0,0.16666666666666666,0.0,3,Sunday
1987-03-30,63,0,0.0,7,11.11111111111111,0,0.0,0,0.0,0,0.0,3,4.761904761904762,3,4.761904761904762,0,0.0,1,1.5873015873015872,48,76.19047619047619,2,3.1746031746031744,1,1.5873015873015872,丁卯,癸卯,戊寅,丁,卯,癸,卯,戊,寅,False,0,1,0,0.16666666666666666,0.0,0.0,1.0,0.0,0.16666666666666666,0.0,3,Monday
1987-03-31,53,0,0.0,6,11.320754716981131,2,3.7735849056603774,1,1.8867924528301887,0,0.0,3,5.660377358490566,2,3.7735849056603774,0,0.0,0,0.0,40,75.47169811320755,1,1.8867924528301887,1,1.8867924528301887,丁卯,癸卯,己卯,丁,卯,癸,卯,己,卯,False,0,0,0,0.16666666666666666,0.0,0.0,0.16666666666666666,0.0,0.16666666666666666,0.0,3,Tuesday
1987-04-01,53,1,1.8867924528301887,4,7.547169811320755,0,0.0,0,0.0,0,0.0,2,3.7735849056603774,5,9.433962264150944,1,1.8867924528301887,0,0.0,39,73.58490566037736,0,0.0,1,1.8867924528301887,丁卯,癸卯,庚辰,丁,卯,癸,卯,庚,辰,False,0,0,0,0.16666666666666666,0.0,0.0,0.08333333333333333,0.0,0.16666666666666666,0.0,4,Wednesday
1987-04-02,45,0,0.0,3,6.666666666666667,0,0.0,0,0.0,0,0.0,2,4.444444444444445,1,2.2222222222222223,0,0.0,0,0.0,40,88.88888888888889,1,2.2222222222222223,2,4.444444444444445,丁卯,癸卯,辛巳,丁,卯,癸,卯,辛,巳,False,0,0,0,0.16666666666666666,0.0,0.0,0.08333333333333333,0.0,0.16666666666666666,0.0,4,Thursday
1987-04-03,54,0,0.0,8,14.814814814814817,0,0.0,1,1.851851851851852,0,0.0,5,9.25925925925926,2,3.703703703703704,0,0.0,0,0.0,37,68.51851851851852,1,1.851851851851852,2,3.703703703703704,丁卯,癸卯,壬午,丁,卯,癸,卯,壬,午,False,0,1,0,0.16666666666666666,0.0,0.0,1.0,0.0,0.16666666666666666,0.0,4,Friday
1987-04-04,50,0,0.0,4,8.0,0,0.0,0,0.0,0,0.0,2,4.0,3,6.0,0,0.0,0,0.0,37,74.0,0,0.0,0,0.0,丁卯,癸卯,癸未,丁,卯,癸,卯,癸,未,False,1,0,0,1.0,0.08333333333333333,0.08333333333333333,0.08333333333333333,0.0,0.0,0.08333333333333333,4,Saturday
1987-04-05,46,0,0.0,4,8.695652173913043,2,4.3478260869565215,0,0.0,0,0.0,1,2.1739130434782608,3,6.521739130434782,0,0.0,0,0.0,34,73.91304347826087,2,4.3478260869565215,1,2.1739130434782608,丁卯,癸卯,甲申,丁,卯,癸,卯,甲,申,True,0,0,0,0.16666666666666666,0.0,0.0,0.08333333333333333,0.0,0.16666666666666666,0.0,4,Sunday
1987-04-06,32,1,3.125,4,12.5,1,3.125,0,0.0,0,0.0,1,3.125,2,6.25,0,0.0,2,6.25,22,68.75,0,0.0,1,3.125,丁卯,甲辰,乙酉,丁,卯,甲,辰,乙,酉,False,0,0,0,0.16666666666666666,0.0,0.0,0.08333333333333333,0.0,0.16666666666666666,0.0,4,Monday
1987-04-07,49,0,0.0,7,14.285714285714286,1,2.0408163265306123,0,0.0,0,0.0,3,6.122448979591836,2,4.081632653061225,0,0.0,2,4.081632653061225,33,67.34693877551021,1,2.0408163265306123,1,2.0408163265306123,丁卯,甲辰,丙戌,丁,卯,甲,辰,丙,戌,False,0,0,0,0.16666666666666666,0.0,0.0,0.08333333333333333,0.0,0.16666666666666666,0.0,4,Tuesday
1987-04-08,51,0,0.0,2,3.92156862745098,0,0.0,0,0.0,0,0.0,5,9.803921568627452,2,3.92156862745098,0,0.0,0,0.0,34,66.66666666666667,0,0.0,0,0.0,丁卯,甲辰,丁亥,丁,卯,甲,辰,丁,亥,False,1,0,0,1.0,0.08333333333333333,0.08333333333333333,0.08333333333333333,0.0,0.0,0.08333333333333333,4,Wednesday
1987-04-09,49,1,2.0408163265306123,5,10.20408163265306,0,0.0,0,0.0,1,2.0408163265306123,9,18.367346938775512,1,2.0408163265306123,0,0.0,0,0.0,30,61.224489795918366,1,2.0408163265306123,2,4.081632653061225,丁卯,甲辰,戊子,丁,卯,甲,辰,戊,子,False,1,0,0,1.0,0.08333333333333333,0.08333333333333333,0.16666666666666666,0.0,0.0,0.08333333333333333,4,Thursday
1987-04-10,56,0,0.0,8,14.285714285714286,1,1.7857142857142858,1,1.7857142857142858,0,0.0,3,5.357142857142857,2,3.571428571428572,0,0.0,0,0.0,39,69.64285714285714,1,1.7857142857142858,0,0.0,丁卯,甲辰,己丑,丁,卯,甲,辰,己,丑,False,0,1,0,0.16666666666666666,0.0,0.0,1.0,0.0,0.16666666666666666,0.0,4,Friday
1987-04-11,47,2,4.25531914893617,7,14.893617021276595,0,0.0,0,0.0,0,0.0,2,4.25531914893617,1,2.127659574468085,0,0.0,1,2.127659574468085,31,65.95744680851064,3,6.382978723404255,2,4.25531914893617,丁卯,甲辰,庚寅,丁,卯,甲,辰,庚,寅,False,0,0,0,0.16666666666666666,0.0,0.0,0.08333333333333333,0.0,0.16666666666666666,0.0,4,Saturday
1987-04-12,38,0,0.0,6,15.789473684210526,0,0.0,0,0.0,0,0.0,4,10.526315789473683,0,0.0,0,0.0,0,0.0,24,63.1578947368421,1,2.631578947368421,3,7.894736842105263,丁卯,甲辰,辛卯,丁,卯,甲,辰,辛,卯,False,0,0,0,0.16666666666666666,0.0,0.0,0.08333333333333333,0.0,0.16666666666666666,0.0,4,Sunday
1987-04-13,44,0,0.0,3,6.818181818181818,1,2.272727272727273,0,0.0,1,2.272727272727273,4,9.090909090909092,3,6.818181818181818,0,0.0,0,0.0,32,72.72727272727273,0,0.0,0,0.0,丁卯,甲辰,壬辰,丁,卯,甲,辰,壬,辰,False,0,1,0,0.16666666666666666,0.0,0.0,1.0,0.0,0.16666666666666666,0.0,4,Monday
1987-04-14,48,0,0.0,6,12.5,2,4.166666666666667,0,0.0,0,0.0,0,0.0,0,0.0,0,0.0,1,2.083333333333333,39,81.25,0,0.0,1,2.083333333333333,丁卯,甲辰,癸巳,丁,卯,甲,辰,癸,巳,False,0,0,0,0.16666666666666666,0.0,0.0,0.08333333333333333,0.0,0.16666666666666666,0.0,4,Tuesday
1987-04-15,57,1,1.7543859649122806,5,8.771929824561404,2,3.508771929824561,0,0.0,0,0.0,6,10.526315789473683,1,1.7543859649122806,1,1.7543859649122806,0,0.0,41,71.9298245614035,0,0.0,2,3.508771929824561,丁卯,甲辰,甲午,丁,卯,甲,辰,甲,午,False,0,0,0,0.16666666666666666,0.0,0.0,0.08333333333333333,0.0,0.16666666666666666,0.0,4,Wednesday
1987-04-16,53,1,1.8867924528301887,6,11.320754716981131,1,1.8867924528301887,0,0.0,0,0.0,0,0.0,1,1.8867924528301887,0,0.0,0,0.0,42,79.24528301886792,1,1.8867924528301887,2,3.7735849056603774,丁卯,甲辰,乙未,丁,卯,甲,辰,乙,未,False,1,0,0,1.0,0.08333333333333333,0.08333333333333333,0.08333333333333333,0.0,0.0,0.08333333333333333,4,Thursday
1987-04-17,45,1,2.2222222222222223,5,11.11111111111111,0,0.0,0,0.0,0,0.0,4,8.88888888888889,0,0.0,0,0.0,0,0.0,32,71.11111111111111,1,2.2222222222222223,2,4.444444444444445,丁卯,甲辰,丙申,丁,卯,甲,辰,丙,申,False,1,0,0,1.0,0.08333333333333333,0.08333333333333333,0.08333333333333333,0.0,0.0,0.08333333333333333,4,Friday
1987-04-18,52,1,1.9230769230769231,6,11.538461538461538,0,0.0,0,0.0,0,0.0,2,3.8461538461538463,2,3.8461538461538463,0,0.0,0,0.0,37,71.15384615384616,2,3.8461538461538463,3,5.769230769230769,丁卯,甲辰,丁酉,丁,卯,甲,辰,丁,酉,False,0,0,0,0.16666666666666666,0.0,0.0,0.08333333333333333,0.0,0.16666666666666666,0.0,4,Saturday
1987-04-19,49,0,0.0,4,8.16326530612245,1,2.0408163265306123,0,0.0,0,0.0,4,8.16326530612245,2,4.081632653061225,0,0.0,0,0.0,35,71.42857142857143,1,2.0408163265306123,0,0.0,丁卯,甲辰,戊戌,丁,卯,甲,辰,戊,戌,False,0,0,0,0.16666666666666666,0.0,0.0,0.16666666666666666,0.0,0.16666666666666666,0.0,4,Sunday
1987-04-20,52,0,0.0,6,11.538461538461538,0,0.0,0,0.0,0,0.0,2,3.8461538461538463,1,1.9230769230769231,0,0.0,1,1.9230769230769231,39,75.0,1,1.9230769230769231,1,1.9230769230769231,丁卯,甲辰,己亥,丁,卯,甲,辰,己,亥,False,1,1,1,1.0,0.08333333333333333,0.08333333333333333,1.0,0.08333333333333333,0.0,0.08333333333333333,4,Monday
1987-04-21,54,1,1.851851851851852,6,11.11111111111111,0,0.0,0,0.0,0,0.0,1,1.851851851851852,0,0.0,0,0.0,0,0.0,39,72.22222222222223,1,1.851851851851852,1,1.851851851851852,丁卯,甲辰,庚子,丁,卯,甲,辰,庚,子,False,1,0,0,1.0,0.08333333333333333,0.08333333333333333,0.08333333333333333,0.0,0.0,0.08333333333333333,4,Tuesday
1987-04-22,52,0,0.0,2,3.8461538461538463,0,0.0,0,0.0,0,0.0,3,5.769230769230769,3,5.769230769230769,0,0.0,0,0.0,38,73.07692307692308,0,0.0,2,3.8461538461538463,丁卯,甲辰,辛丑,丁,卯,甲,辰,辛,丑,False,0,0,0,0.16666666666666666,0.0,0.0,0.08333333333333333,0.0,0.16666666666666666,0.0,4,Wednesday
1987-04-23,52,0,0.0,4,7.6923076923076925,1,1.9230769230769231,0,0.0,0,0.0,2,3.8461538461538463,3,5.769230769230769,0,0.0,0,0.0,40,76.92307692307692,0,0.0,2,3.8461538461538463,丁卯,甲辰,壬寅,丁,卯,甲,辰,壬,寅,False,0,1,0,0.16666666666666666,0.0,0.0,1.0,0.0,0.16666666666666666,0.0,4,Thursday
1987-04-24,63,1,1.5873015873015872,6,9.523809523809524,0,0.0,0,0.0,0,0.0,5,7.936507936507937,2,3.1746031746031744,0,0.0,0,0.0,49,77.77777777777777,0,0.0,0,0.0,丁卯,甲辰,癸卯,丁,卯,甲,辰,癸,卯,False,0,0,0,0.16666666666666666,0.0,0.0,0.08333333333333333,0.0,0.16666666666666666,0.0,4,Friday
1987-04-25,46,1,2.1739130434782608,4,8.695652173913043,0,0.0,0,0.0,0,0.0,6,13.043478260869565,3,6.521739130434782,0,0.0,0,0.0,33,71.73913043478261,0,0.0,0,0.0,丁卯,甲辰,甲辰,丁,卯,甲,辰,甲,辰,False,0,0,0,0.16666666666666666,0.0,0.0,0.08333333333333333,0.0,0.16666666666666666,0.0,4,Saturday
1987-04-26,48,1,2.083333333333333,2,4.166666666666667,0,0.0,0,0.0,0,0.0,1,2.083333333333333,3,6.25,0,0.0,0,0.0,38,79.16666666666667,0,0.0,0,0.0,丁卯,甲辰,乙巳,丁,卯,甲,辰,乙,巳,False,0,0,0,0.16666666666666666,0.0,0.0,0.08333333333333333,0.0,0.16666666666666666,0.0,4,Sunday
1987-04-27,47,1,2.127659574468085,8,17.02127659574468,0,0.0,0,0.0,0,0.0,6,12.76595744680851,2,4.25531914893617,0,0.0,0,0.0,28,59.57446808510638,0,0.0,2,4.25531914893617,丁卯,甲辰,丙午,丁,卯,甲,辰,丙,午,False,0,0,0,0.16666666666666666,0.0,0.0,0.08333333333333333,0.0,0.16666666666666666,0.0,4,Monday
1987-04-28,46,0,0.0,5,10.869565217391305,0,0.0,2,4.3478260869565215,0,0.0,4,8.695652173913043,1,2.1739130434782608,0,0.0,0,0.0,31,67.3913043478261,2,4.3478260869565215,3,6.521739130434782,丁卯,甲辰,丁未,丁,卯,甲,辰,丁,未,False,1,0,0,1.0,0.08333333333333333,0.08333333333333333,0.08333333333333333,0.0,0.0,0.08333333333333333,4,Tuesday
1987-04-29,45,1,2.2222222222222223,3,6.666666666666667,0,0.0,0,0.0,0,0.0,0,0.0,0,0.0,0,0.0,0,0.0,38,84.44444444444444,2,4.444444444444445,1,2.2222222222222223,丁卯,甲辰,戊申,丁,卯,甲,辰,戊,申,False,1,0,0,1.0,0.08333333333333333,0.08333333333333333,0.16666666666666666,0.0,0.0,0.08333333333333333,4,Wednesday
1987-04-30,49,0,0.0,3,6.122448979591836,0,0.0,0,0.0,0,0.0,4,8.16326530612245,0,0.0,0,0.0,1,2.0408163265306123,36,73.46938775510205,0,0.0,2,4.081632653061225,丁卯,甲辰,己酉,丁,卯,甲,辰,己,酉,False,0,1,0,0.16666666666666666,0.0,0.0,1.0,0.0,0.16666666666666666,0.0,4,Thursday
1987-05-01,57,0,0.0,3,5.2631578947368425,0,0.0,0,0.0,0,0.0,2,3.508771929824561,2,3.508771929824561,0,0.0,0,0.0,46,80.70175438596492,0,0.0,0,0.0,丁卯,甲辰,庚戌,丁,卯,甲,辰,庚,戌,False,0,0,0,0.16666666666666666,0.0,0.0,0.08333333333333333,0.0,0.16666666666666666,0.0,5,Friday
1987-05-02,41,0,0.0,6,14.634146341463415,0,0.0,0,0.0,0,0.0,5,12.195121951219512,0,0.0,0,0.0,0,0.0,29,70.73170731707317,2,4.878048780487805,1,2.4390243902439024,丁卯,甲辰,辛亥,丁,卯,甲,辰,辛,亥,False,1,0,0,1.0,0.08333333333333333,0.08333333333333333,0.08333333333333333,0.0,0.0,0.08333333333333333,5,Saturday
1987-05-03,40,0,0.0,5,12.5,1,2.5,0,0.0,0,0.0,4,10.0,1,2.5,0,0.0,0,0.0,26,65.0,0,0.0,1,2.5,丁卯,甲辰,壬子,丁,卯,甲,辰,壬,子,False,1,1,1,1.0,0.08333333333333333,0.08333333333333333,1.0,0.08333333333333333,0.0,0.08333333333333333,5,Sunday
1987-05-04,50,1,2.0,7,14.0,1,2.0,0,0.0,0,0.0,3,6.0,5,10.0,0,0.0,1,2.0,29,58.0,2,4.0,1,2.0,丁卯,甲辰,癸丑,丁,卯,甲,辰,癸,丑,False,0,0,0,0.16666666666666666,0.0,0.0,0.08333333333333333,0.0,0.16666666666666666,0.0,5,Monday
1987-05-05,45,0,0.0,1,2.2222222222222223,0,0.0,0,0.0,0,0.0,3,6.666666666666667,1,2.2222222222222223,0,0.0,0,0.0,36,80.0,0,0.0,1,2.2222222222222223,丁卯,甲辰,甲寅,丁,卯,甲,辰,甲,寅,False,0,0,0,0.16666666666666666,0.0,0.0,0.08333333333333333,0.0,0.16666666666666666,0.0,5,Tuesday
1987-05-06,42,1,2.380952380952381,6,14.285714285714286,0,0.0,1,2.380952380952381,0,0.0,4,9.523809523809524,3,7.142857142857143,0,0.0,0,0.0,26,61.90476190476191,0,0.0,1,2.380952380952381,丁卯,乙巳,乙卯,丁,卯,乙,巳,乙,卯,True,0,0,0,0.16666666666666666,0.0,0.0,0.08333333333333333,0.0,0.16666666666666666,0.0,5,Wednesday
1987-05-07,60,1,1.6666666666666667,7,11.666666666666666,0,0.0,0,0.0,0,0.0,6,10.0,1,1.6666666666666667,0,0.0,1,1.6666666666666667,40,66.66666666666667,3,5.0,1,1.6666666666666667,丁卯,乙巳,丙辰,丁,卯,乙,巳,丙,辰,False,0,0,0,0.16666666666666666,0.0,0.0,0.08333333333333333,0.0,0.16666666666666666,0.0,5,Thursday
1987-05-08,55,0,0.0,6,10.909090909090908,0,0.0,1,1.818181818181818,0,0.0,0,0.0,5,9.090909090909092,0,0.0,1,1.818181818181818,39,70.9090909090909,1,1.818181818181818,3,5.454545454545454,丁卯,乙巳,丁巳,丁,卯,乙,巳,丁,巳,False,0,0,0,0.16666666666666666,0.0,0.0,0.08333333333333333,0.0,0.16666666666666666,0.0,5,Friday
1987-05-09,41,0,0.0,1,2.4390243902439024,0,0.0,0,0.0,0,0.0,1,2.4390243902439024,1,2.4390243902439024,0,0.0,0,0.0,32,78.04878048780488,2,4.878048780487805,3,7.317073170731708,丁卯,乙巳,戊午,丁,卯,乙,巳,戊,午,False,0,0,0,0.16666666666666666,0.0,0.0,0.16666666666666666,0.0,0.16666666666666666,0.0,5,Saturday
1987-05-10,35,0,0.0,2,5.714285714285714,0,0.0,0,0.0,0,0.0,2,5.714285714285714,0,0.0,0,0.0,0,0.0,28,80.0,0,0.0,1,2.857142857142857,丁卯,乙巳,己未,丁,卯,乙,巳,己,未,False,1,0,0,1.0,0.08333333333333333,0.08333333333333333,0.16666666666666666,0.0,0.0,0.08333333333333333,5,Sunday
1987-05-11,49,0,0.0,5,10.20408163265306,0,0.0,0,0.0,0,0.0,3,6.122448979591836,2,4.081632653061225,0,0.0,1,2.0408163265306123,34,69.38775510204081,0,0.0,0,0.0,丁卯,乙巳,庚申,丁,卯,乙,巳,庚,申,False,0,1,0,0.16666666666666666,0.0,0.0,1.0,0.0,0.16666666666666666,0.0,5,Monday
1987-05-12,55,0,0.0,4,7.272727272727272,1,1.818181818181818,0,0.0,0,0.0,3,5.454545454545454,1,1.818181818181818,0,0.0,1,1.818181818181818,42,76.36363636363636,1,1.818181818181818,1,1.818181818181818,丁卯,乙巳,辛酉,丁,卯,乙,巳,辛,酉,False,1,0,0,1.0,0.08333333333333333,0.08333333333333333,0.08333333333333333,0.0,0.0,0.08333333333333333,5,Tuesday
1987-05-13,51,1,1.96078431372549,10,19.607843137254903,1,1.96078431372549,1,1.96078431372549,0,0.0,6,11.764705882352942,4,7.84313725490196,0,0.0,0,0.0,27,52.94117647058823,3,5.882352941176471,2,3.92156862745098,丁卯,乙巳,壬戌,丁,卯,乙,巳,壬,戌,False,0,1,0,0.16666666666666666,0.0,0.0,1.0,0.0,0.16666666666666666,0.0,5,Wednesday
1987-05-14,49,1,2.0408163265306123,5,10.20408163265306,0,0.0,0,0.0,0,0.0,3,6.122448979591836,3,6.122448979591836,0,0.0,1,2.0408163265306123,32,65.3061224489796,0,0.0,0,0.0,丁卯,乙巳,癸亥,丁,卯,乙,巳,癸,亥,False,1,0,0,1.0,0.08333333333333333,0.08333333333333333,0.08333333333333333,0.0,0.0,0.08333333333333333,5,Thursday
1987-05-15,64,0,0.0,4,6.25,0,0.0,1,1.5625,1,1.5625,7,10.9375,3,4.6875,0,0.0,0,0.0,45,70.3125,0,0.0,0,0.0,丁卯,乙巳,甲子,丁,卯,乙,巳,甲,子,False,0,0,0,0.16666666666666666,0.0,0.0,0.08333333333333333,0.0,0.16666666666666666,0.0,5,Friday
1987-05-16,41,0,0.0,4,9.75609756097561,1,2.4390243902439024,0,0.0,0,0.0,3,7.317073170731708,1,2.4390243902439024,0,0.0,0,0.0,27,65.85365853658537,1,2.4390243902439024,1,2.4390243902439024,丁卯,乙巳,乙丑,丁,卯,乙,巳,乙,丑,False,1,0,0,1.0,0.08333333333333333,0.08333333333333333,0.08333333333333333,0.0,0.0,0.08333333333333333,5,Saturday
1987-05-17,45,1,2.2222222222222223,4,8.88888888888889,0,0.0,0,0.0,0,0.0,1,2.2222222222222223,1,2.2222222222222223,0,0.0,1,2.2222222222222223,33,73.33333333333333,2,4.444444444444445,1,2.2222222222222223,丁卯,乙巳,丙寅,丁,卯,乙,巳,丙,寅,False,0,0,0,0.16666666666666666,0.0,0.0,0.08333333333333333,0.0,0.16666666666666666,0.0,5,Sunday
1987-05-18,43,1,2.3255813953488373,4,9.30232558139535,0,0.0,0,0.0,0,0.0,3,6.976744186046512,3,6.976744186046512,0,0.0,1,2.3255813953488373,32,74.4186046511628,0,0.0,1,2.3255813953488373,丁卯,乙巳,丁卯,丁,卯,乙,巳,丁,卯,False,0,0,0,0.16666666666666666,0.0,0.0,0.08333333333333333,0.0,0.16666666666666666,0.0,5,Monday
1987-05-19,44,0,0.0,3,6.818181818181818,0,0.0,0,0.0,0,0.0,5,11.363636363636363,1,2.272727272727273,0,0.0,0,0.0,31,70.45454545454545,0,0.0,2,4.545454545454546,丁卯,乙巳,戊辰,丁,卯,乙,巳,戊,辰,False,0,0,0,0.16666666666666666,0.0,0.0,0.16666666666666666,0.0,0.16666666666666666,0.0,5,Tuesday
1987-05-20,55,0,0.0,6,10.909090909090908,0,0.0,0,0.0,0,0.0,5,9.090909090909092,1,1.818181818181818,0,0.0,1,1.818181818181818,39,70.9090909090909,1,1.818181818181818,0,0.0,丁卯,乙巳,己巳,丁,卯,乙,巳,己,巳,False,0,0,0,0.16666666666666666,0.0,0.0,0.16666666666666666,0.0,0.16666666666666666,0.0,5,Wednesday
1987-05-21,51,0,0.0,4,7.84313725490196,0,0.0,0,0.0,0,0.0,4,7.84313725490196,3,5.882352941176471,0,0.0,1,1.96078431372549,39,76.47058823529412,0,0.0,0,0.0,丁卯,乙巳,庚午,丁,卯,乙,巳,庚,午,False,0,1,0,0.16666666666666666,0.0,0.0,1.0,0.0,0.16666666666666666,0.0,5,Thursday
1987-05-22,44,0,0.0,1,2.272727272727273,0,0.0,0,0.0,0,0.0,3,6.818181818181818,1,2.272727272727273,0,0.0,1,2.272727272727273,35,79.54545454545455,1,2.272727272727273,1,2.272727272727273,丁卯,乙巳,辛未,丁,卯,乙,巳,辛,未,False,1,0,0,1.0,0.08333333333333333,0.08333333333333333,0.08333333333333333,0.0,0.0,0.08333333333333333,5,Friday
1987-05-23,38,0,0.0,4,10.526315789473683,0,0.0,1,2.631578947368421,0,0.0,2,5.2631578947368425,4,10.526315789473683,0,0.0,1,2.631578947368421,26,68.42105263157895,0,0.0,1,2.631578947368421,丁卯,乙巳,壬申,丁,卯,乙,巳,壬,申,False,0,1,0,0.16666666666666666,0.0,0.0,1.0,0.0,0.16666666666666666,0.0,5,Saturday
1987-05-24,49,0,0.0,5,10.20408163265306,0,0.0,0,0.0,0,0.0,5,10.20408163265306,2,4.081632653061225,0,0.0,0,0.0,37,75.51020408163265,0,0.0,0,0.0,丁卯,乙巳,癸酉,丁,卯,乙,巳,癸,酉,False,1,0,0,1.0,0.08333333333333333,0.08333333333333333,0.08333333333333333,0.0,0.0,0.08333333333333333,5,Sunday
1987-05-25,50,0,0.0,3,6.0,0,0.0,0,0.0,1,2.0,4,8.0,1,2.0,0,0.0,0,0.0,35,70.0,0,0.0,2,4.0,丁卯,乙巳,甲戌,丁,卯,乙,巳,甲,戌,False,0,0,0,0.16666666666666666,0.0,0.0,0.08333333333333333,0.0,0.16666666666666666,0.0,5,Monday
1987-05-26,54,0,0.0,6,11.11111111111111,1,1.851851851851852,1,1.851851851851852,0,0.0,7,12.962962962962964,3,5.555555555555555,0,0.0,0,0.0,37,68.51851851851852,1,1.851851851851852,2,3.703703703703704,丁卯,乙巳,乙亥,丁,卯,乙,巳,乙,亥,False,1,0,0,1.0,0.08333333333333333,0.08333333333333333,0.08333333333333333,0.0,0.0,0.08333333333333333,5,Tuesday
1987-05-27,40,1,2.5,7,17.5,0,0.0,1,2.5,0,0.0,6,15.0,2,5.0,0,0.0,0,0.0,22,55.0,1,2.5,2,5.0,丁卯,乙巳,丙子,丁,卯,乙,巳,丙,子,False,0,0,0,0.16666666666666666,0.0,0.0,0.08333333333333333,0.0,0.16666666666666666,0.0,5,Wednesday
1987-05-28,38,0,0.0,4,10.526315789473683,0,0.0,0,0.0,0,0.0,1,2.631578947368421,2,5.2631578947368425,0,0.0,0,0.0,25,65.78947368421052,2,5.2631578947368425,2,5.2631578947368425,丁卯,乙巳,丁丑,丁,卯,乙,巳,丁,丑,False,1,0,0,1.0,0.08333333333333333,0.08333333333333333,0.08333333333333333,0.0,0.0,0.08333333333333333,5,Thursday
1987-05-29,54,0,0.0,9,16.666666666666668,0,0.0,0,0.0,0,0.0,6,11.11111111111111,3,5.555555555555555,0,0.0,1,1.851851851851852,36,66.66666666666667,1,1.851851851851852,1,1.851851851851852,丁卯,乙巳,戊寅,丁,卯,乙,巳,戊,寅,False,0,0,0,0.16666666666666666,0.0,0.0,0.16666666666666666,0.0,0.16666666666666666,0.0,5,Friday
1987-05-30,39,1,2.5641025641025643,5,12.82051282051282,0,0.0,0,0.0,0,0.0,5,12.82051282051282,1,2.5641025641025643,0,0.0,0,0.0,23,58.97435897435897,1,2.5641025641025643,3,7.6923076923076925,丁卯,乙巳,己卯,丁,卯,乙,巳,己,卯,False,0,0,0,0.16666666666666666,0.0,0.0,0.16666666666666666,0.0,0.16666666666666666,0.0,5,Saturday
1987-05-31,25,0,0.0,4,16.0,0,0.0,0,0.0,0,0.0,4,16.0,0,0.0,0,0.0,0,0.0,18,72.0,0,0.0,1,4.0,丁卯,乙巳,庚辰,丁,卯,乙,巳,庚,辰,False,0,1,0,0.16666666666666666,0.0,0.0,1.0,0.0,0.16666666666666666,0.0,5,Sunday
1987-06-01,45,0,0.0,8,17.77777777777778,0,0.0,0,0.0,0,0.0,5,11.11111111111111,1,2.2222222222222223,0,0.0,0,0.0,28,62.22222222222222,0,0.0,0,0.0,丁卯,乙巳,辛巳,丁,卯,乙,巳,辛,巳,False,0,0,0,0.16666666666666666,0.0,0.0,0.08333333333333333,0.0,0.16666666666666666,0.0,6,Monday
1987-06-02,56,1,1.7857142857142858,6,10.714285714285714,1,1.7857142857142858,0,0.0,0,0.0,7,12.5,2,3.571428571428572,0,0.0,0,0.0,38,67.85714285714286,2,3.571428571428572,1,1.7857142857142858,丁卯,乙巳,壬午,丁,卯,乙,巳,壬,午,False,0,1,0,0.16666666666666666,0.0,0.0,1.0,0.0,0.16666666666666666,0.0,6,Tuesday
1987-06-03,40,0,0.0,6,15.0,1,2.5,1,2.5,0,0.0,3,7.5,5,12.5,0,0.0,0,0.0,22,55.0,0,0.0,2,5.0,丁卯,乙巳,癸未,丁,卯,乙,巳,癸,未,False,1,0,0,1.0,0.08333333333333333,0.08333333333333333,0.08333333333333333,0.0,0.0,0.08333333333333333,6,Wednesday
1987-06-04,47,2,4.25531914893617,5,10.638297872340424,0,0.0,0,0.0,1,2.127659574468085,5,10.638297872340424,2,4.25531914893617,0,0.0,2,4.25531914893617,34,72.34042553191489,0,0.0,2,4.25531914893617,丁卯,乙巳,甲申,丁,卯,乙,巳,甲,申,False,0,0,0,0.16666666666666666,0.0,0.0,0.08333333333333333,0.0,0.16666666666666666,0.0,6,Thursday
1987-06-05,36,0,0.0,5,13.88888888888889,0,0.0,0,0.0,0,0.0,3,8.333333333333334,0,0.0,0,0.0,0,0.0,25,69.44444444444444,1,2.7777777777777777,3,8.333333333333334,丁卯,乙巳,乙酉,丁,卯,乙,巳,乙,酉,False,1,0,0,1.0,0.08333333333333333,0.08333333333333333,0.08333333333333333,0.0,0.0,0.08333333333333333,6,Friday
1987-06-06,38,1,2.631578947368421,3,7.894736842105263,0,0.0,0,0.0,0,0.0,1,2.631578947368421,1,2.631578947368421,0,0.0,0,0.0,28,73.6842105263158,1,2.631578947368421,1,2.631578947368421,丁卯,乙巳,丙戌,丁,卯,乙,巳,丙,戌,True,0,0,0,0.16666666666666666,0.0,0.0,0.08333333333333333,0.0,0.16666666666666666,0.0,6,Saturday
1987-06-07,33,0,0.0,1,3.0303030303030303,0,0.0,0,0.0,0,0.0,1,3.0303030303030303,0,0.0,0,0.0,0,0.0,28,84.84848484848484,0,0.0,0,0.0,丁卯,丙午,丁亥,丁,卯,丙,午,丁,亥,False,1,0,0,1.0,0.08333333333333333,0.08333333333333333,0.08333333333333333,0.0,0.0,0.08333333333333333,6,Sunday
1987-06-08,45,0,0.0,2,4.444444444444445,0,0.0,1,2.2222222222222223,0,0.0,4,8.88888888888889,3,6.666666666666667,0,0.0,1,2.2222222222222223,31,68.88888888888889,2,4.444444444444445,1,2.2222222222222223,丁卯,丙午,戊子,丁,卯,丙,午,戊,子,False,0,0,0,0.16666666666666666,0.0,0.0,0.16666666666666666,0.0,0.16666666666666666,0.0,6,Monday
1987-06-09,47,3,6.382978723404255,5,10.638297872340424,0,0.0,0,0.0,0,0.0,5,10.638297872340424,0,0.0,0,0.0,1,2.127659574468085,32,68.08510638297872,2,4.25531914893617,1,2.127659574468085,丁卯,丙午,己丑,丁,卯,丙,午,己,丑,False,0,0,0,0.16666666666666666,0.0,0.0,0.16666666666666666,0.0,0.16666666666666666,0.0,6,Tuesday
1987-06-10,46,1,2.1739130434782608,3,6.521739130434782,0,0.0,0,0.0,0,0.0,5,10.869565217391305,1,2.1739130434782608,0,0.0,0,0.0,36,78.26086956521739,1,2.1739130434782608,0,0.0,丁卯,丙午,庚寅,丁,卯,丙,午,庚,寅,False,1,0,0,1.0,0.08333333333333333,0.08333333333333333,0.08333333333333333,0.0,0.0,0.08333333333333333,6,Wednesday
1987-06-11,42,1,2.380952380952381,5,11.904761904761903,0,0.0,0,0.0,0,0.0,4,9.523809523809524,2,4.761904761904762,0,0.0,0,0.0,30,71.42857142857143,1,2.380952380952381,0,0.0,丁卯,丙午,辛卯,丁,卯,丙,午,辛,卯,False,0,1,0,0.16666666666666666,0.0,0.0,1.0,0.0,0.16666666666666666,0.0,6,Thursday
1987-06-12,41,0,0.0,4,9.75609756097561,0,0.0,1,2.4390243902439024,0,0.0,0,0.0,4,9.75609756097561,0,0.0,0,0.0,30,73.17073170731707,1,2.4390243902439024,0,0.0,丁卯,丙午,壬辰,丁,卯,丙,午,壬,辰,False,0,1,0,0.16666666666666666,0.0,0.0,1.0,0.0,0.16666666666666666,0.0,6,Friday
1987-06-13,53,0,0.0,2,3.7735849056603774,0,0.0,0,0.0,0,0.0,4,7.547169811320755,0,0.0,0,0.0,0,0.0,46,86.79245283018868,1,1.8867924528301887,1,1.8867924528301887,丁卯,丙午,癸巳,丁,卯,丙,午,癸,巳,False,0,0,0,0.16666666666666666,0.0,0.0,0.08333333333333333,0.0,0.16666666666666666,0.0,6,Saturday
1987-06-14,44,0,0.0,5,11.363636363636363,0,0.0,1,2.272727272727273,0,0.0,2,4.545454545454546,3,6.818181818181818,0,0.0,1,2.272727272727273,26,59.09090909090909,1,2.272727272727273,1,2.272727272727273,丁卯,丙午,甲午,丁,卯,丙,午,甲,午,False,0,0,0,0.16666666666666666,0.0,0.0,0.08333333333333333,0.0,0.16666666666666666,0.0,6,Sunday
1987-06-15,35,0,0.0,2,5.714285714285714,1,2.857142857142857,0,0.0,0,0.0,0,0.0,0,0.0,0,0.0,0,0.0,31,88.57142857142857,0,0.0,1,2.857142857142857,丁卯,丙午,乙未,丁,卯,丙,午,乙,未,False,1,0,0,1.0,0.08333333333333333,0.08333333333333333,0.08333333333333333,0.0,0.0,0.08333333333333333,6,Monday
1987-06-16,50,1,2.0,9,18.0,2,4.0,0,0.0,0,0.0,5,10.0,0,0.0,0,0.0,0,0.0,34,68.0,0,0.0,3,6.0,丁卯,丙午,丙申,丁,卯,丙,午,丙,申,False,0,0,0,0.16666666666666666,0.0,0.0,0.08333333333333333,0.0,0.16666666666666666,0.0,6,Tuesday
1987-06-17,38,0,0.0,4,10.526315789473683,0,0.0,0,0.0,0,0.0,5,13.157894736842104,0,0.0,0,0.0,0,0.0,29,76.3157894736842,0,0.0,1,2.631578947368421,丁卯,丙午,丁酉,丁,卯,丙,午,丁,酉,False,0,0,0,0.16666666666666666,0.0,0.0,0.08333333333333333,0.0,0.16666666666666666,0.0,6,Wednesday
1987-06-18,61,0,0.0,7,11.475409836065571,0,0.0,0,0.0,0,0.0,4,6.557377049180328,2,3.278688524590164,0,0.0,1,1.639344262295082,45,73.77049180327869,0,0.0,2,3.278688524590164,丁卯,丙午,戊戌,丁,卯,丙,午,戊,戌,False,1,0,0,1.0,0.08333333333333333,0.08333333333333333,0.16666666666666666,0.0,0.0,0.08333333333333333,6,Thursday
1987-06-19,50,0,0.0,6,12.0,0,0.0,1,2.0,0,0.0,2,4.0,2,4.0,0,0.0,0,0.0,35,70.0,2,4.0,0,0.0,丁卯,丙午,己亥,丁,卯,丙,午,己,亥,False,1,0,0,1.0,0.08333333333333333,0.08333333333333333,0.16666666666666666,0.0,0.0,0.08333333333333333,6,Friday
1987-06-20,40,0,0.0,2,5.0,0,0.0,0,0.0,0,0.0,3,7.5,2,5.0,0,0.0,1,2.5,29,72.5,0,0.0,1,2.5,丁卯,丙午,庚子,丁,卯,丙,午,庚,子,False,0,0,0,0.16666666666666666,0.0,0.0,0.08333333333333333,0.0,0.16666666666666666,0.0,6,Saturday
1987-06-21,48,0,0.0,9,18.75,0,0.0,0,0.0,0,0.0,7,14.583333333333334,1,2.083333333333333,0,0.0,1,2.083333333333333,33,68.75,1,2.083333333333333,3,6.25,丁卯,丙午,辛丑,丁,卯,丙,午,辛,丑,False,0,1,0,0.16666666666666666,0.0,0.0,1.0,0.0,0.16666666666666666,0.0,6,Sunday
1987-06-22,57,0,0.0,9,15.789473684210526,0,0.0,0,0.0,0,0.0,8,14.035087719298245,1,1.7543859649122806,0,0.0,0,0.0,39,68.42105263157895,2,3.508771929824561,2,3.508771929824561,丁卯,丙午,壬寅,丁,卯,丙,午,壬,寅,False,1,1,1,1.0,0.08333333333333333,0.08333333333333333,1.0,0.08333333333333333,0.0,0.08333333333333333,6,Monday
1987-06-23,58,0,0.0,9,15.517241379310343,0,0.0,1,1.7241379310344829,1,1.7241379310344829,6,10.344827586206897,3,5.172413793103448,0,0.0,1,1.7241379310344829,37,63.793103448275865,2,3.4482758620689653,3,5.172413793103448,丁卯,丙午,癸卯,丁,卯,丙,午,癸,卯,False,0,0,0,0.16666666666666666,0.0,0.0,0.08333333333333333,0.0,0.16666666666666666,0.0,6,Tuesday
1987-06-24,55,1,1.818181818181818,3,5.454545454545454,0,0.0,1,1.818181818181818,0,0.0,6,10.909090909090908,3,5.454545454545454,0,0.0,0,0.0,40,72.72727272727273,0,0.0,0,0.0,丁卯,丙午,甲辰,丁,卯,丙,午,甲,辰,False,0,0,0,0.16666666666666666,0.0,0.0,0.08333333333333333,0.0,0.16666666666666666,0.0,6,Wednesday
1987-06-25,61,0,0.0,11,18.0327868852459,0,0.0,0,0.0,0,0.0,4,6.557377049180328,1,1.639344262295082,0,0.0,0,0.0,39,63.9344262295082,3,4.918032786885246,4,6.557377049180328,丁卯,丙午,乙巳,丁,卯,丙,午,乙,巳,False,0,0,0,0.16666666666666666,0.0,0.0,0.08333333333333333,0.0,0.16666666666666666,0.0,6,Thursday
1987-06-26,49,0,0.0,7,14.285714285714286,0,0.0,0,0.0,0,0.0,2,4.081632653061225,3,6.122448979591836,0,0.0,0,0.0,33,67.34693877551021,2,4.081632653061225,1,2.0408163265306123,丁卯,丙午,丙午,丁,卯,丙,午,丙,午,False,0,0,0,0.16666666666666666,0.0,0.0,0.08333333333333333,0.0,0.16666666666666666,0.0,6,Friday
1987-06-27,45,1,2.2222222222222223,3,6.666666666666667,1,2.2222222222222223,0,0.0,0,0.0,5,11.11111111111111,3,6.666666666666667,0,0.0,2,4.444444444444445,25,55.55555555555556,0,0.0,1,2.2222222222222223,丁卯,丙午,丁未,丁,卯,丙,午,丁,未,False,1,0,0,1.0,0.08333333333333333,0.08333333333333333,0.08333333333333333,0.0,0.0,0.08333333333333333,6,Saturday
1987-06-28,31,1,3.225806451612903,3,9.67741935483871,1,3.225806451612903,0,0.0,0,0.0,2,6.451612903225806,3,9.67741935483871,0,0.0,0,0.0,19,61.29032258064516,0,0.0,0,0.0,丁卯,丙午,戊申,丁,卯,丙,午,戊,申,False,0,0,0,0.16666666666666666,0.0,0.0,0.16666666666666666,0.0,0.16666666666666666,0.0,6,Sunday
1987-06-29,41,0,0.0,5,12.195121951219512,1,2.4390243902439024,0,0.0,0,0.0,2,4.878048780487805,3,7.317073170731708,0,0.0,0,0.0,29,70.73170731707317,0,0.0,0,0.0,丁卯,丙午,己酉,丁,卯,丙,午,己,酉,False,0,0,0,0.16666666666666666,0.0,0.0,0.16666666666666666,0.0,0.16666666666666666,0.0,6,Monday
1987-06-30,46,0,0.0,6,13.043478260869565,2,4.3478260869565215,0,0.0,0,0.0,4,8.695652173913043,0,0.0,0,0.0,0,0.0,29,63.04347826086956,0,0.0,3,6.521739130434782,丁卯,丙午,庚戌,丁,卯,丙,午,庚,戌,False,1,0,0,1.0,0.08333333333333333,0.08333333333333333,0.08333333333333333,0.0,0.0,0.08333333333333333,6,Tuesday
1987-07-01,41,0,0.0,3,7.317073170731708,1,2.4390243902439024,0,0.0,1,2.4390243902439024,3,7.317073170731708,4,9.75609756097561,0,0.0,0,0.0,26,63.41463414634146,1,2.4390243902439024,1,2.4390243902439024,丁卯,丙午,辛亥,丁,卯,丙,午,辛,亥,False,1,1,1,1.0,0.08333333333333333,0.08333333333333333,1.0,0.08333333333333333,0.0,0.08333333333333333,7,Wednesday
1987-07-02,45,0,0.0,2,4.444444444444445,0,0.0,0,0.0,1,2.2222222222222223,1,2.2222222222222223,0,0.0,0,0.0,0,0.0,31,68.88888888888889,0,0.0,0,0.0,丁卯,丙午,壬子,丁,卯,丙,午,壬,子,False,0,1,0,0.16666666666666666,0.0,0.0,1.0,0.0,0.16666666666666666,0.0,7,Thursday
1987-07-03,43,0,0.0,6,13.953488372093023,0,0.0,0,0.0,0,0.0,1,2.3255813953488373,0,0.0,0,0.0,0,0.0,31,72.09302325581395,0,0.0,0,0.0,丁卯,丙午,癸丑,丁,卯,丙,午,癸,丑,False,0,0,0,0.16666666666666666,0.0,0.0,0.08333333333333333,0.0,0.16666666666666666,0.0,7,Friday
1987-07-04,36,0,0.0,3,8.333333333333334,0,0.0,0,0.0,0,0.0,2,5.555555555555555,3,8.333333333333334,0,0.0,0,0.0,22,61.11111111111112,0,0.0,1,2.7777777777777777,丁卯,丙午,甲寅,丁,卯,丙,午,甲,寅,False,1,0,0,1.0,0.08333333333333333,0.08333333333333333,0.08333333333333333,0.0,0.0,0.08333333333333333,7,Saturday
1987-07-05,44,0,0.0,9,20.454545454545453,0,0.0,0,0.0,0,0.0,4,9.090909090909092,0,0.0,0,0.0,0,0.0,31,70.45454545454545,0,0.0,3,6.818181818181818,丁卯,丙午,乙卯,丁,卯,丙,午,乙,卯,False,0,0,0,0.16666666666666666,0.0,0.0,0.08333333333333333,0.0,0.16666666666666666,0.0,7,Sunday
1987-07-06,44,0,0.0,4,9.090909090909092,0,0.0,0,0.0,0,0.0,4,9.090909090909092,2,4.545454545454546,0,0.0,0,0.0,35,79.54545454545455,1,2.272727272727273,1,2.272727272727273,丁卯,丙午,丙辰,丁,卯,丙,午,丙,辰,False,0,0,0,0.16666666666666666,0.0,0.0,0.08333333333333333,0.0,0.16666666666666666,0.0,7,Monday
1987-07-07,59,0,0.0,5,8.474576271186441,1,1.694915254237288,0,0.0,0,0.0,4,6.779661016949152,0,0.0,0,0.0,0,0.0,46,77.96610169491525,1,1.694915254237288,2,3.389830508474576,丁卯,丙午,丁巳,丁,卯,丙,午,丁,巳,False,0,0,0,0.16666666666666666,0.0,0.0,0.08333333333333333,0.0,0.16666666666666666,0.0,7,Tuesday
1987-07-08,46,0,0.0,6,13.043478260869565,0,0.0,0,0.0,0,0.0,4,8.695652173913043,2,4.3478260869565215,0,0.0,0,0.0,36,78.26086956521739,1,2.1739130434782608,1,2.1739130434782608,丁卯,丁未,戊午,丁,卯,丁,未,戊,午,False,0,0,0,0.16666666666666666,0.08333333333333333,0.0,0.16666666666666666,0.0,0.16666666666666666,0.0,7,Wednesday
1987-07-09,44,0,0.0,5,11.363636363636363,0,0.0,0,0.0,0,0.0,4,9.090909090909092,3,6.818181818181818,0,0.0,0,0.0,26,59.09090909090909,0,0.0,4,9.090909090909092,丁卯,丁未,己未,丁,卯,丁,未,己,未,False,1,0,0,1.0,0.08333333333333333,0.08333333333333333,0.16666666666666666,0.0,0.0,0.08333333333333333,7,Thursday
1987-07-10,54,0,0.0,2,3.703703703703704,1,1.851851851851852,0,0.0,0,0.0,4,7.407407407407407,1,1.851851851851852,0,0.0,0,0.0,43,79.62962962962963,0,0.0,1,1.851851851851852,丁卯,丁未,庚申,丁,卯,丁,未,庚,申,False,0,0,0,0.16666666666666666,0.08333333333333333,0.0,0.08333333333333333,0.0,0.16666666666666666,0.0,7,Friday
1987-07-11,37,1,2.702702702702702,5,13.513513513513514,0,0.0,0,0.0,0,0.0,3,8.108108108108109,2,5.405405405405405,0,0.0,0,0.0,28,75.67567567567568,0,0.0,3,8.108108108108109,丁卯,丁未,辛酉,丁,卯,丁,未,辛,酉,False,0,0,0,0.16666666666666666,0.08333333333333333,0.0,0.08333333333333333,0.0,0.16666666666666666,0.0,7,Saturday
1987-07-12,33,0,0.0,2,6.0606060606060606,0,0.0,0,0.0,0,0.0,2,6.0606060606060606,4,12.12121212121212,0,0.0,1,3.0303030303030303,23,69.6969696969697,0,0.0,0,0.0,丁卯,丁未,壬戌,丁,卯,丁,未,壬,戌,False,0,1,0,0.16666666666666666,0.08333333333333333,0.0,1.0,0.0,0.16666666666666666,0.0,7,Sunday
1987-07-13,30,1,3.333333333333333,4,13.333333333333334,0,0.0,0,0.0,0,0.0,1,3.333333333333333,1,3.333333333333333,1,3.333333333333333,0,0.0,22,73.33333333333333,0,0.0,0,0.0,丁卯,丁未,癸亥,丁,卯,丁,未,癸,亥,False,1,0,0,1.0,1.0,1.0,0.08333333333333333,0.08333333333333333,0.0,0.0,7,Monday
1987-07-14,61,0,0.0,7,11.475409836065571,1,1.639344262295082,0,0.0,0,0.0,6,9.836065573770492,1,1.639344262295082,0,0.0,0,0.0,44,72.1311475409836,0,0.0,1,1.639344262295082,丁卯,丁未,甲子,丁,卯,丁,未,甲,子,False,0,0,0,0.16666666666666666,0.08333333333333333,0.0,0.08333333333333333,0.0,0.16666666666666666,0.0,7,Tuesday
1987-07-15,48,1,2.083333333333333,2,4.166666666666667,0,0.0,0,0.0,0,0.0,1,2.083333333333333,2,4.166666666666667,0,0.0,1,2.083333333333333,35,72.91666666666667,0,0.0,0,0.0,丁卯,丁未,乙丑,丁,卯,丁,未,乙,丑,False,0,0,0,0.16666666666666666,0.08333333333333333,0.0,0.08333333333333333,0.0,0.16666666666666666,0.0,7,Wednesday
1987-07-16,40,1,2.5,7,17.5,0,0.0,0,0.0,0,0.0,1,2.5,1,2.5,0,0.0,0,0.0,24,60.0,0,0.0,3,7.5,丁卯,丁未,丙寅,丁,卯,丁,未,丙,寅,False,0,0,0,0.16666666666666666,0.08333333333333333,0.0,0.08333333333333333,0.0,0.16666666666666666,0.0,7,Thursday
1987-07-17,58,0,0.0,2,3.4482758620689653,1,1.7241379310344829,0,0.0,0,0.0,5,8.620689655172415,2,3.4482758620689653,0,0.0,0,0.0,39,67.24137931034483,0,0.0,1,1.7241379310344829,丁卯,丁未,丁卯,丁,卯,丁,未,丁,卯,False,1,0,0,1.0,0.08333333333333333,0.08333333333333333,0.08333333333333333,0.0,0.0,0.08333333333333333,7,Friday
1987-07-18,40,0,0.0,1,2.5,0,0.0,0,0.0,0,0.0,1,2.5,1,2.5,0,0.0,1,2.5,35,87.5,0,0.0,1,2.5,丁卯,丁未,戊辰,丁,卯,丁,未,戊,辰,False,0,0,0,0.16666666666666666,0.08333333333333333,0.0,0.16666666666666666,0.0,0.16666666666666666,0.0,7,Saturday
1987-07-19,39,1,2.5641025641025643,0,0.0,0,0.0,0,0.0,0,0.0,3,7.6923076923076925,1,2.5641025641025643,0,0.0,0,0.0,32,82.05128205128206,1,2.5641025641025643,0,0.0,丁卯,丁未,己巳,丁,卯,丁,未,己,巳,False,0,0,0,0.16666666666666666,0.08333333333333333,0.0,0.16666666666666666,0.0,0.16666666666666666,0.0,7,Sunday
1987-07-20,38,1,2.631578947368421,5,13.157894736842104,0,0.0,0,0.0,0,0.0,4,10.526315789473683,2,5.2631578947368425,0,0.0,1,2.631578947368421,22,57.89473684210526,2,5.2631578947368425,2,5.2631578947368425,丁卯,丁未,庚午,丁,卯,丁,未,庚,午,False,0,0,0,0.16666666666666666,0.08333333333333333,0.0,0.08333333333333333,0.0,0.16666666666666666,0.0,7,Monday
1987-07-21,51,1,1.96078431372549,1,1.96078431372549,0,0.0,0,0.0,0,0.0,3,5.882352941176471,0,0.0,1,1.96078431372549,0,0.0,39,76.47058823529412,0,0.0,1,1.96078431372549,丁卯,丁未,辛未,丁,卯,丁,未,辛,未,False,1,0,0,1.0,0.08333333333333333,0.08333333333333333,0.08333333333333333,0.0,0.0,0.08333333333333333,7,Tuesday
1987-07-22,50,0,0.0,4,8.0,0,0.0,0,0.0,0,0.0,4,8.0,2,4.0,0,0.0,0,0.0,37,74.0,0,0.0,1,2.0,丁卯,丁未,壬申,丁,卯,丁,未,壬,申,False,0,1,0,0.16666666666666666,0.08333333333333333,0.0,1.0,0.0,0.16666666666666666,0.0,7,Wednesday
1987-07-23,48,0,0.0,5,10.416666666666666,0,0.0,0,0.0,0,0.0,2,4.166666666666667,4,8.333333333333334,0,0.0,0,0.0,37,77.08333333333333,0,0.0,0,0.0,丁卯,丁未,癸酉,丁,卯,丁,未,癸,酉,False,0,0,0,0.16666666666666666,0.08333333333333333,0.0,0.08333333333333333,0.0,0.16666666666666666,0.0,7,Thursday
1987-07-24,58,0,0.0,12,20.689655172413797,1,1.7241379310344829,1,1.7241379310344829,0,0.0,3,5.172413793103448,1,1.7241379310344829,0,0.0,1,1.7241379310344829,36,62.06896551724138,0,0.0,3,5.172413793103448,丁卯,丁未,甲戌,丁,卯,丁,未,甲,戌,False,0,0,0,0.16666666666666666,0.08333333333333333,0.0,0.08333333333333333,0.0,0.16666666666666666,0.0,7,Friday
1987-07-25,37,0,0.0,4,10.81081081081081,0,0.0,0,0.0,1,2.702702702702702,5,13.513513513513514,1,2.702702702702702,0,0.0,0,0.0,29,78.37837837837837,0,0.0,0,0.0,丁卯,丁未,乙亥,丁,卯,丁,未,乙,亥,False,1,0,0,1.0,1.0,1.0,0.08333333333333333,0.08333333333333333,0.0,0.0,7,Saturday
1987-07-26,36,0,0.0,6,16.666666666666668,0,0.0,0,0.0,0,0.0,6,16.666666666666668,0,0.0,0,0.0,0,0.0,25,69.44444444444444,0,0.0,0,0.0,丁卯,丁未,丙子,丁,卯,丁,未,丙,子,False,0,0,0,0.16666666666666666,0.08333333333333333,0.0,0.08333333333333333,0.0,0.16666666666666666,0.0,7,Sunday
1987-07-27,56,0,0.0,5,8.928571428571429,1,1.7857142857142858,0,0.0,0,0.0,2,3.571428571428572,0,0.0,0,0.0,0,0.0,42,75.0,1,1.7857142857142858,0,0.0,丁卯,丁未,丁丑,丁,卯,丁,未,丁,丑,False,0,0,0,0.16666666666666666,0.08333333333333333,0.0,0.08333333333333333,0.0,0.16666666666666666,0.0,7,Monday
1987-07-28,52,0,0.0,4,7.6923076923076925,1,1.9230769230769231,0,0.0,0,0.0,6,11.538461538461538,2,3.8461538461538463,0,0.0,0,0.0,37,71.15384615384616,0,0.0,0,0.0,丁卯,丁未,戊寅,丁,卯,丁,未,戊,寅,False,0,0,0,0.16666666666666666,0.08333333333333333,0.0,0.16666666666666666,0.0,0.16666666666666666,0.0,7,Tuesday
1987-07-29,37,1,2.702702702702702,3,8.108108108108109,1,2.702702702702702,0,0.0,0,0.0,3,8.108108108108109,2,5.405405405405405,0,0.0,2,5.405405405405405,22,59.45945945945946,1,2.702702702702702,0,0.0,丁卯,丁未,己卯,丁,卯,丁,未,己,卯,False,1,0,0,1.0,0.08333333333333333,0.08333333333333333,0.16666666666666666,0.0,0.0,0.08333333333333333,7,Wednesday
1987-07-30,44,0,0.0,5,11.363636363636363,1,2.272727272727273,0,0.0,1,2.272727272727273,6,13.636363636363637,0,0.0,0,0.0,0,0.0,27,61.36363636363637,1,2.272727272727273,0,0.0,丁卯,丁未,庚辰,丁,卯,丁,未,庚,辰,False,0,0,0,0.16666666666666666,0.08333333333333333,0.0,0.08333333333333333,0.0,0.16666666666666666,0.0,7,Thursday
1987-07-31,50,0,0.0,4,8.0,0,0.0,0,0.0,0,0.0,5,10.0,3,6.0,0,0.0,1,2.0,32,64.0,0,0.0,0,0.0,丁卯,丁未,辛巳,丁,卯,丁,未,辛,巳,False,0,0,0,0.16666666666666666,0.08333333333333333,0.0,0.08333333333333333,0.0,0.16666666666666666,0.0,7,Friday
1987-08-01,41,0,0.0,4,9.75609756097561,1,2.4390243902439024,1,2.4390243902439024,0,0.0,2,4.878048780487805,2,4.878048780487805,0,0.0,0,0.0,24,58.53658536585366,1,2.4390243902439024,2,4.878048780487805,丁卯,丁未,壬午,丁,卯,丁,未,壬,午,False,0,1,0,0.16666666666666666,0.08333333333333333,0.0,1.0,0.0,0.16666666666666666,0.0,8,Saturday
1987-08-02,29,0,0.0,5,17.24137931034483,1,3.4482758620689653,0,0.0,0,0.0,2,6.896551724137931,1,3.4482758620689653,0,0.0,0,0.0,18,62.06896551724138,1,3.4482758620689653,0,0.0,丁卯,丁未,癸未,丁,卯,丁,未,癸,未,False,1,0,0,1.0,0.08333333333333333,0.08333333333333333,0.08333333333333333,0.0,0.0,0.08333333333333333,8,Sunday
1987-08-03,41,1,2.4390243902439024,3,7.317073170731708,0,0.0,1,2.4390243902439024,0,0.0,1,2.4390243902439024,1,2.4390243902439024,0,0.0,0,0.0,33,80.48780487804878,0,0.0,0,0.0,丁卯,丁未,甲申,丁,卯,丁,未,甲,申,False,0,0,0,0.16666666666666666,0.08333333333333333,0.0,0.08333333333333333,0.0,0.16666666666666666,0.0,8,Monday
1987-08-04,49,1,2.0408163265306123,9,18.367346938775512,0,0.0,0,0.0,0,0.0,4,8.16326530612245,2,4.081632653061225,0,0.0,1,2.0408163265306123,27,55.10204081632653,3,6.122448979591836,2,4.081632653061225,丁卯,丁未,乙酉,丁,卯,丁,未,乙,酉,False,0,0,0,0.16666666666666666,0.08333333333333333,0.0,0.08333333333333333,0.0,0.16666666666666666,0.0,8,Tuesday
1987-08-05,54,1,1.851851851851852,7,12.962962962962964,0,0.0,0,0.0,0,0.0,3,5.555555555555555,2,3.703703703703704,0,0.0,0,0.0,39,72.22222222222223,0,0.0,2,3.703703703703704,丁卯,丁未,丙戌,丁,卯,丁,未,丙,戌,False,0,0,0,0.16666666666666666,0.08333333333333333,0.0,0.08333333333333333,0.0,0.16666666666666666,0.0,8,Wednesday
1987-08-06,42,0,0.0,5,11.904761904761903,0,0.0,0,0.0,0,0.0,4,9.523809523809524,1,2.380952380952381,0,0.0,2,4.761904761904762,31,73.80952380952381,1,2.380952380952381,2,4.761904761904762,丁卯,丁未,丁亥,丁,卯,丁,未,丁,亥,False,1,0,0,1.0,1.0,1.0,0.08333333333333333,0.08333333333333333,0.0,0.0,8,Thursday
1987-08-07,48,0,0.0,3,6.25,0,0.0,0,0.0,0,0.0,1,2.083333333333333,2,4.166666666666667,0,0.0,1,2.083333333333333,39,81.25,1,2.083333333333333,1,2.083333333333333,丁卯,丁未,戊子,丁,卯,丁,未,戊,子,False,0,0,0,0.16666666666666666,0.08333333333333333,0.0,0.16666666666666666,0.0,0.16666666666666666,0.0,8,Friday
1987-08-08,38,1,2.631578947368421,6,15.789473684210526,0,0.0,0,0.0,0,0.0,4,10.526315789473683,2,5.2631578947368425,0,0.0,1,2.631578947368421,23,60.526315789473685,0,0.0,0,0.0,丁卯,戊申,己丑,丁,卯,戊,申,己,丑,True,0,0,0,0.16666666666666666,0.0,0.0,0.16666666666666666,0.0,0.16666666666666666,0.0,8,Saturday
1987-08-09,18,0,0.0,1,5.555555555555555,0,0.0,0,0.0,0,0.0,1,5.555555555555555,1,5.555555555555555,0,0.0,0,0.0,11,61.11111111111112,0,0.0,1,5.555555555555555,丁卯,戊申,庚寅,丁,卯,戊,申,庚,寅,False,0,0,0,0.16666666666666666,0.0,0.0,0.08333333333333333,0.0,0.16666666666666666,0.0,8,Sunday
1987-08-10,47,0,0.0,4,8.51063829787234,0,0.0,0,0.0,0,0.0,2,4.25531914893617,1,2.127659574468085,0,0.0,0,0.0,37,78.72340425531915,0,0.0,0,0.0,丁卯,戊申,辛卯,丁,卯,戊,申,辛,卯,False,0,0,0,0.16666666666666666,0.0,0.0,0.08333333333333333,0.0,0.16666666666666666,0.0,8,Monday
1987-08-11,54,2,3.703703703703704,9,16.666666666666668,0,0.0,0,0.0,0,0.0,5,9.25925925925926,1,1.851851851851852,0,0.0,0,0.0,35,64.81481481481481,1,1.851851851851852,0,0.0,丁卯,戊申,壬辰,丁,卯,戊,申,壬,辰,False,1,1,1,1.0,0.08333333333333333,0.08333333333333333,1.0,0.08333333333333333,0.0,0.08333333333333333,8,Tuesday
1987-08-12,45,0,0.0,4,8.88888888888889,0,0.0,0,0.0,0,0.0,2,4.444444444444445,3,6.666666666666667,0,0.0,0,0.0,32,71.11111111111111,0,0.0,1,2.2222222222222223,丁卯,戊申,癸巳,丁,卯,戊,申,癸,巳,False,0,1,0,0.16666666666666666,0.0,0.0,1.0,0.0,0.16666666666666666,0.0,8,Wednesday
1987-08-13,40,0,0.0,6,15.0,0,0.0,0,0.0,0,0.0,3,7.5,3,7.5,0,0.0,1,2.5,27,67.5,3,7.5,3,7.5,丁卯,戊申,甲午,丁,卯,戊,申,甲,午,False,0,0,0,0.16666666666666666,0.0,0.0,0.08333333333333333,0.0,0.16666666666666666,0.0,8,Thursday
1987-08-14,50,0,0.0,10,20.0,0,0.0,1,2.0,0,0.0,5,10.0,1,2.0,0,0.0,0,0.0,31,62.0,1,2.0,1,2.0,丁卯,戊申,乙未,丁,卯,戊,申,乙,未,False,1,0,0,1.0,0.08333333333333333,0.08333333333333333,0.08333333333333333,0.0,0.0,0.08333333333333333,8,Friday
1987-08-15,35,0,0.0,1,2.857142857142857,0,0.0,1,2.857142857142857,0,0.0,1,2.857142857142857,2,5.714285714285714,0,0.0,0,0.0,29,82.85714285714286,0,0.0,1,2.857142857142857,丁卯,戊申,丙申,丁,卯,戊,申,丙,申,False,0,0,0,0.16666666666666666,0.0,0.0,0.08333333333333333,0.0,0.16666666666666666,0.0,8,Saturday
1987-08-16,36,0,0.0,5,13.88888888888889,0,0.0,0,0.0,0,0.0,3,8.333333333333334,1,2.7777777777777777,0,0.0,1,2.7777777777777777,24,66.66666666666667,0,0.0,1,2.7777777777777777,丁卯,戊申,丁酉,丁,卯,戊,申,丁,酉,False,0,0,0,0.16666666666666666,0.0,0.0,0.08333333333333333,0.0,0.16666666666666666,0.0,8,Sunday
1987-08-17,44,1,2.272727272727273,6,13.636363636363637,0,0.0,0,0.0,0,0.0,3,6.818181818181818,0,0.0,0,0.0,0,0.0,31,70.45454545454545,1,2.272727272727273,2,4.545454545454546,丁卯,戊申,戊戌,丁,卯,戊,申,戊,戌,False,0,0,0,0.16666666666666666,0.0,0.0,0.16666666666666666,0.0,0.16666666666666666,0.0,8,Monday
1987-08-18,46,0,0.0,7,15.217391304347826,0,0.0,1,2.1739130434782608,0,0.0,3,6.521739130434782,2,4.3478260869565215,0,0.0,0,0.0,30,65.21739130434783,0,0.0,2,4.3478260869565215,丁卯,戊申,己亥,丁,卯,戊,申,己,亥,False,1,0,0,1.0,0.08333333333333333,0.08333333333333333,0.16666666666666666,0.0,0.0,0.08333333333333333,8,Tuesday
1987-08-19,40,1,2.5,2,5.0,1,2.5,0,0.0,0,0.0,5,12.5,2,5.0,0,0.0,1,2.5,22,55.0,1,2.5,0,0.0,丁卯,戊申,庚子,丁,卯,戊,申,庚,子,False,1,0,0,1.0,0.08333333333333333,0.08333333333333333,0.08333333333333333,0.0,0.0,0.08333333333333333,8,Wednesday
1987-08-20,45,0,0.0,3,6.666666666666667,1,2.2222222222222223,0,0.0,0,0.0,4,8.88888888888889,1,2.2222222222222223,0,0.0,1,2.2222222222222223,31,68.88888888888889,1,2.2222222222222223,1,2.2222222222222223,丁卯,戊申,辛丑,丁,卯,戊,申,辛,丑,False,0,0,0,0.16666666666666666,0.0,0.0,0.08333333333333333,0.0,0.16666666666666666,0.0,8,Thursday
1987-08-21,40,0,0.0,5,12.5,1,2.5,0,0.0,0,0.0,8,20.0,1,2.5,0,0.0,0,0.0,25,62.5,0,0.0,4,10.0,丁卯,戊申,壬寅,丁,卯,戊,申,壬,寅,False,0,1,0,0.16666666666666666,0.0,0.0,1.0,0.0,0.16666666666666666,0.0,8,Friday
1987-08-22,38,0,0.0,3,7.894736842105263,1,2.631578947368421,0,0.0,0,0.0,0,0.0,2,5.2631578947368425,0,0.0,0,0.0,30,78.94736842105263,1,2.631578947368421,1,2.631578947368421,丁卯,戊申,癸卯,丁,卯,戊,申,癸,卯,False,0,1,0,0.16666666666666666,0.0,0.0,1.0,0.0,0.16666666666666666,0.0,8,Saturday
1987-08-23,42,1,2.380952380952381,6,14.285714285714286,1,2.380952380952381,0,0.0,0,0.0,3,7.142857142857143,1,2.380952380952381,0,0.0,1,2.380952380952381,29,69.04761904761905,0,0.0,0,0.0,丁卯,戊申,甲辰,丁,卯,戊,申,甲,辰,False,1,0,0,1.0,0.08333333333333333,0.08333333333333333,0.08333333333333333,0.0,0.0,0.08333333333333333,8,Sunday
1987-08-24,57,0,0.0,4,7.017543859649122,1,1.7543859649122806,1,1.7543859649122806,0,0.0,5,8.771929824561404,3,5.2631578947368425,0,0.0,2,3.508771929824561,42,73.6842105263158,0,0.0,2,3.508771929824561,丁卯,戊申,乙巳,丁,卯,戊,申,乙,巳,False,0,0,0,0.16666666666666666,0.0,0.0,0.08333333333333333,0.0,0.16666666666666666,0.0,8,Monday
1987-08-25,60,1,1.6666666666666667,7,11.666666666666666,0,0.0,1,1.6666666666666667,0,0.0,6,10.0,7,11.666666666666666,0,0.0,1,1.6666666666666667,41,68.33333333333333,0,0.0,2,3.333333333333333,丁卯,戊申,丙午,丁,卯,戊,申,丙,午,False,0,0,0,0.16666666666666666,0.0,0.0,0.08333333333333333,0.0,0.16666666666666666,0.0,8,Tuesday
1987-08-26,47,0,0.0,3,6.382978723404255,1,2.127659574468085,0,0.0,0,0.0,3,6.382978723404255,1,2.127659574468085,0,0.0,0,0.0,34,72.34042553191489,1,2.127659574468085,0,0.0,丁卯,戊申,丁未,丁,卯,戊,申,丁,未,False,1,0,0,1.0,0.08333333333333333,0.08333333333333333,0.08333333333333333,0.0,0.0,0.08333333333333333,8,Wednesday
1987-08-27,47,0,0.0,4,8.51063829787234,0,0.0,0,0.0,1,2.127659574468085,1,2.127659574468085,2,4.25531914893617,0,0.0,0,0.0,39,82.97872340425532,0,0.0,0,0.0,丁卯,戊申,戊申,丁,卯,戊,申,戊,申,False,0,0,0,0.16666666666666666,0.0,0.0,0.16666666666666666,0.0,0.16666666666666666,0.0,8,Thursday
1987-08-28,47,0,0.0,5,10.638297872340424,0,0.0,0,0.0,0,0.0,1,2.127659574468085,2,4.25531914893617,0,0.0,1,2.127659574468085,33,70.2127659574468,0,0.0,0,0.0,丁卯,戊申,己酉,丁,卯,戊,申,己,酉,False,0,0,0,0.16666666666666666,0.0,0.0,0.16666666666666666,0.0,0.16666666666666666,0.0,8,Friday
1987-08-29,40,0,0.0,4,10.0,0,0.0,0,0.0,0,0.0,1,2.5,1,2.5,0,0.0,0,0.0,30,75.0,0,0.0,0,0.0,丁卯,戊申,庚戌,丁,卯,戊,申,庚,戌,False,0,0,0,0.16666666666666666,0.0,0.0,0.08333333333333333,0.0,0.16666666666666666,0.0,8,Saturday
1987-08-30,24,0,0.0,2,8.333333333333334,0,0.0,0,0.0,0,0.0,2,8.333333333333334,1,4.166666666666667,0,0.0,1,4.166666666666667,17,70.83333333333333,1,4.166666666666667,1,4.166666666666667,丁卯,戊申,辛亥,丁,卯,戊,申,辛,亥,False,1,0,0,1.0,0.08333333333333333,0.08333333333333333,0.08333333333333333,0.0,0.0,0.08333333333333333,8,Sunday
1987-08-31,43,2,4.651162790697675,3,6.976744186046512,1,2.3255813953488373,0,0.0,1,2.3255813953488373,2,4.651162790697675,2,4.651162790697675,0,0.0,0,0.0,30,69.76744186046511,1,2.3255813953488373,0,0.0,丁卯,戊申,壬子,丁,卯,戊,申,壬,子,False,1,1,1,1.0,0.08333333333333333,0.08333333333333333,1.0,0.08333333333333333,0.0,0.08333333333333333,8,Monday
1987-09-01,49,2,4.081632653061225,7,14.285714285714286,1,2.0408163265306123,0,0.0,0,0.0,2,4.081632653061225,1,2.0408163265306123,0,0.0,0,0.0,35,71.42857142857143,1,2.0408163265306123,2,4.081632653061225,丁卯,戊申,癸丑,丁,卯,戊,申,癸,丑,False,0,1,0,0.16666666666666666,0.0,0.0,1.0,0.0,0.16666666666666666,0.0,9,Tuesday
1987-09-02,44,0,0.0,5,11.363636363636363,1,2.272727272727273,0,0.0,0,0.0,5,11.363636363636363,2,4.545454545454546,0,0.0,0,0.0,27,61.36363636363637,1,2.272727272727273,1,2.272727272727273,丁卯,戊申,甲寅,丁,卯,戊,申,甲,寅,False,0,0,0,0.16666666666666666,0.0,0.0,0.08333333333333333,0.0,0.16666666666666666,0.0,9,Wednesday
1987-09-03,47,0,0.0,6,12.76595744680851,0,0.0,2,4.25531914893617,0,0.0,1,2.127659574468085,0,0.0,0,0.0,0,0.0,35,74.46808510638297,2,4.25531914893617,1,2.127659574468085,丁卯,戊申,乙卯,丁,卯,戊,申,乙,卯,False,0,0,0,0.16666666666666666,0.0,0.0,0.08333333333333333,0.0,0.16666666666666666,0.0,9,Thursday
1987-09-04,34,0,0.0,1,2.9411764705882355,0,0.0,0,0.0,0,0.0,1,2.9411764705882355,2,5.882352941176471,0,0.0,0,0.0,28,82.3529411764706,0,0.0,0,0.0,丁卯,戊申,丙辰,丁,卯,戊,申,丙,辰,False,1,0,0,1.0,0.08333333333333333,0.08333333333333333,0.08333333333333333,0.0,0.0,0.08333333333333333,9,Friday
1987-09-05,48,1,2.083333333333333,4,8.333333333333334,0,0.0,0,0.0,0,0.0,3,6.25,2,4.166666666666667,1,2.083333333333333,0,0.0,39,81.25,0,0.0,0,0.0,丁卯,戊申,丁巳,丁,卯,戊,申,丁,巳,False,0,0,0,0.16666666666666666,0.0,0.0,0.08333333333333333,0.0,0.16666666666666666,0.0,9,Saturday
1987-09-06,41,0,0.0,3,7.317073170731708,0,0.0,0,0.0,1,2.4390243902439024,4,9.75609756097561,1,2.4390243902439024,0,0.0,1,2.4390243902439024,31,75.60975609756098,0,0.0,1,2.4390243902439024,丁卯,戊申,戊午,丁,卯,戊,申,戊,午,False,0,0,0,0.16666666666666666,0.0,0.0,0.16666666666666666,0.0,0.16666666666666666,0.0,9,Sunday
1987-09-07,46,0,0.0,6,13.043478260869565,0,0.0,0,0.0,0,0.0,3,6.521739130434782,0,0.0,0,0.0,0,0.0,36,78.26086956521739,0,0.0,0,0.0,丁卯,戊申,己未,丁,卯,戊,申,己,未,False,1,0,0,1.0,0.08333333333333333,0.08333333333333333,0.16666666666666666,0.0,0.0,0.08333333333333333,9,Monday
1987-09-08,52,1,1.9230769230769231,5,9.615384615384617,0,0.0,0,0.0,0,0.0,4,7.6923076923076925,2,3.8461538461538463,1,1.9230769230769231,1,1.9230769230769231,34,65.38461538461539,0,0.0,1,1.9230769230769231,丁卯,戊申,庚申,丁,卯,戊,申,庚,申,True,0,0,0,0.16666666666666666,0.0,0.0,0.08333333333333333,0.0,0.16666666666666666,0.0,9,Tuesday
1987-09-09,56,1,1.7857142857142858,7,12.5,0,0.0,0,0.0,0,0.0,5,8.928571428571429,2,3.571428571428572,0,0.0,1,1.7857142857142858,35,62.5,0,0.0,2,3.571428571428572,丁卯,己酉,辛酉,丁,卯,己,酉,辛,酉,False,0,0,0,0.16666666666666666,0.0,0.0,0.08333333333333333,0.0,0.16666666666666666,0.0,9,Wednesday
1987-09-10,38,0,0.0,3,7.894736842105263,0,0.0,1,2.631578947368421,0,0.0,2,5.2631578947368425,3,7.894736842105263,0,0.0,0,0.0,29,76.3157894736842,1,2.631578947368421,1,2.631578947368421,丁卯,己酉,壬戌,丁,卯,己,酉,壬,戌,False,0,1,0,0.16666666666666666,0.0,0.0,1.0,0.0,0.16666666666666666,0.0,9,Thursday
1987-09-11,59,0,0.0,3,5.084745762711864,0,0.0,0,0.0,0,0.0,4,6.779661016949152,2,3.389830508474576,0,0.0,1,1.694915254237288,42,71.1864406779661,0,0.0,1,1.694915254237288,丁卯,己酉,癸亥,丁,卯,己,酉,癸,亥,False,1,0,0,1.0,0.08333333333333333,0.08333333333333333,0.08333333333333333,0.0,0.0,0.08333333333333333,9,Friday
1987-09-12,27,0,0.0,3,11.11111111111111,0,0.0,0,0.0,0,0.0,3,11.11111111111111,0,0.0,0,0.0,0,0.0,19,70.37037037037037,0,0.0,0,0.0,丁卯,己酉,甲子,丁,卯,己,酉,甲,子,False,0,1,0,0.16666666666666666,0.0,0.0,1.0,0.0,0.16666666666666666,0.0,9,Saturday
1987-09-13,35,0,0.0,6,17.142857142857142,0,0.0,2,5.714285714285714,0,0.0,3,8.571428571428571,3,8.571428571428571,0,0.0,0,0.0,25,71.42857142857143,0,0.0,0,0.0,丁卯,己酉,乙丑,丁,卯,己,酉,乙,丑,False,1,0,0,1.0,0.08333333333333333,0.08333333333333333,0.08333333333333333,0.0,0.0,0.08333333333333333,9,Sunday
1987-09-14,48,0,0.0,5,10.416666666666666,0,0.0,0,0.0,0,0.0,1,2.083333333333333,2,4.166666666666667,0,0.0,0,0.0,33,68.75,1,2.083333333333333,1,2.083333333333333,丁卯,己酉,丙寅,丁,卯,己,酉,丙,寅,False,0,0,0,0.16666666666666666,0.0,0.0,0.08333333333333333,0.0,0.16666666666666666,0.0,9,Monday
1987-09-15,37,0,0.0,4,10.81081081081081,0,0.0,0,0.0,0,0.0,1,2.702702702702702,4,10.81081081081081,0,0.0,0,0.0,25,67.56756756756756,0,0.0,0,0.0,丁卯,己酉,丁卯,丁,卯,己,酉,丁,卯,False,0,0,0,0.16666666666666666,0.0,0.0,0.08333333333333333,0.0,0.16666666666666666,0.0,9,Tuesday
1987-09-16,49,2,4.081632653061225,8,16.3265306122449,0,0.0,1,2.0408163265306123,0,0.0,2,4.081632653061225,2,4.081632653061225,0,0.0,0,0.0,34,69.38775510204081,2,4.081632653061225,1,2.0408163265306123,丁卯,己酉,戊辰,丁,卯,己,酉,戊,辰,False,0,0,0,0.16666666666666666,0.0,0.0,0.16666666666666666,0.0,0.16666666666666666,0.0,9,Wednesday
1987-09-17,44,1,2.272727272727273,3,6.818181818181818,0,0.0,1,2.272727272727273,0,0.0,2,4.545454545454546,2,4.545454545454546,0,0.0,1,2.272727272727273,31,70.45454545454545,0,0.0,0,0.0,丁卯,己酉,己巳,丁,卯,己,酉,己,巳,False,1,0,0,1.0,0.08333333333333333,0.08333333333333333,0.16666666666666666,0.0,0.0,0.08333333333333333,9,Thursday
1987-09-18,46,0,0.0,6,13.043478260869565,0,0.0,0,0.0,0,0.0,6,13.043478260869565,2,4.3478260869565215,0,0.0,1,2.1739130434782608,31,67.3913043478261,0,0.0,2,4.3478260869565215,丁卯,己酉,庚午,丁,卯,己,酉,庚,午,False,0,0,0,0.16666666666666666,0.0,0.0,0.08333333333333333,0.0,0.16666666666666666,0.0,9,Friday
1987-09-19,38,0,0.0,3,7.894736842105263,0,0.0,0,0.0,0,0.0,4,10.526315789473683,2,5.2631578947368425,0,0.0,1,2.631578947368421,26,68.42105263157895,1,2.631578947368421,0,0.0,丁卯,己酉,辛未,丁,卯,己,酉,辛,未,False,1,0,0,1.0,0.08333333333333333,0.08333333333333333,0.08333333333333333,0.0,0.0,0.08333333333333333,9,Saturday
1987-09-20,47,0,0.0,3,6.382978723404255,1,2.127659574468085,0,0.0,0,0.0,6,12.76595744680851,1,2.127659574468085,0,0.0,0,0.0,34,72.34042553191489,0,0.0,0,0.0,丁卯,己酉,壬申,丁,卯,己,酉,壬,申,False,0,1,0,0.16666666666666666,0.0,0.0,1.0,0.0,0.16666666666666666,0.0,9,Sunday
1987-09-21,47,0,0.0,4,8.51063829787234,1,2.127659574468085,0,0.0,0,0.0,2,4.25531914893617,3,6.382978723404255,0,0.0,1,2.127659574468085,33,70.2127659574468,3,6.382978723404255,1,2.127659574468085,丁卯,己酉,癸酉,丁,卯,己,酉,癸,酉,False,0,0,0,0.16666666666666666,0.0,0.0,0.08333333333333333,0.0,0.16666666666666666,0.0,9,Monday
1987-09-22,44,0,0.0,9,20.454545454545453,0,0.0,0,0.0,1,2.272727272727273,6,13.636363636363637,2,4.545454545454546,0,0.0,1,2.272727272727273,26,59.09090909090909,0,0.0,2,4.545454545454546,丁卯,己酉,甲戌,丁,卯,己,酉,甲,戌,False,0,1,0,0.16666666666666666,0.0,0.0,1.0,0.0,0.16666666666666666,0.0,9,Tuesday
1987-09-23,43,0,0.0,2,4.651162790697675,0,0.0,0,0.0,0,0.0,4,9.30232558139535,0,0.0,0,0.0,1,2.3255813953488373,33,76.74418604651163,2,4.651162790697675,1,2.3255813953488373,丁卯,己酉,乙亥,丁,卯,己,酉,乙,亥,False,1,0,0,1.0,0.08333333333333333,0.08333333333333333,0.08333333333333333,0.0,0.0,0.08333333333333333,9,Wednesday
1987-09-24,48,1,2.083333333333333,6,12.5,0,0.0,0,0.0,1,2.083333333333333,1,2.083333333333333,2,4.166666666666667,0,0.0,1,2.083333333333333,31,64.58333333333333,0,0.0,1,2.083333333333333,丁卯,己酉,丙子,丁,卯,己,酉,丙,子,False,0,0,0,0.16666666666666666,0.0,0.0,0.08333333333333333,0.0,0.16666666666666666,0.0,9,Thursday
1987-09-25,53,0,0.0,4,7.547169811320755,0,0.0,0,0.0,0,0.0,3,5.660377358490566,4,7.547169811320755,0,0.0,1,1.8867924528301887,34,64.15094339622641,2,3.7735849056603774,1,1.8867924528301887,丁卯,己酉,丁丑,丁,卯,己,酉,丁,丑,False,1,0,0,1.0,0.08333333333333333,0.08333333333333333,0.08333333333333333,0.0,0.0,0.08333333333333333,9,Friday
1987-09-26,51,0,0.0,6,11.764705882352942,1,1.96078431372549,1,1.96078431372549,0,0.0,4,7.84313725490196,1,1.96078431372549,0,0.0,0,0.0,37,72.54901960784314,0,0.0,0,0.0,丁卯,己酉,戊寅,丁,卯,己,酉,戊,寅,False,0,0,0,0.16666666666666666,0.0,0.0,0.16666666666666666,0.0,0.16666666666666666,0.0,9,Saturday
1987-09-27,40,0,0.0,5,12.5,0,0.0,0,0.0,0,0.0,1,2.5,2,5.0,0,0.0,0,0.0,31,77.5,0,0.0,1,2.5,丁卯,己酉,己卯,丁,卯,己,酉,己,卯,False,0,0,0,0.16666666666666666,0.0,0.0,0.16666666666666666,0.0,0.16666666666666666,0.0,9,Sunday
1987-09-28,46,1,2.1739130434782608,3,6.521739130434782,0,0.0,1,2.1739130434782608,0,0.0,4,8.695652173913043,2,4.3478260869565215,0,0.0,0,0.0,36,78.26086956521739,1,2.1739130434782608,1,2.1739130434782608,丁卯,己酉,庚辰,丁,卯,己,酉,庚,辰,False,0,0,0,0.16666666666666666,0.0,0.0,0.08333333333333333,0.0,0.16666666666666666,0.0,9,Monday
1987-09-29,38,0,0.0,6,15.789473684210526,0,0.0,0,0.0,1,2.631578947368421,3,7.894736842105263,1,2.631578947368421,0,0.0,0,0.0,25,65.78947368421052,0,0.0,2,5.2631578947368425,丁卯,己酉,辛巳,丁,卯,己,酉,辛,巳,False,1,0,0,1.0,0.08333333333333333,0.08333333333333333,0.08333333333333333,0.0,0.0,0.08333333333333333,9,Tuesday
1987-09-30,43,0,0.0,6,13.953488372093023,1,2.3255813953488373,0,0.0,0,0.0,3,6.976744186046512,0,0.0,0,0.0,0,0.0,29,67.44186046511628,0,0.0,1,2.3255813953488373,丁卯,己酉,壬午,丁,卯,己,酉,壬,午,False,0,1,0,0.16666666666666666,0.0,0.0,1.0,0.0,0.16666666666666666,0.0,9,Wednesday
1987-10-01,54,0,0.0,6,11.11111111111111,0,0.0,2,3.703703703703704,0,0.0,3,5.555555555555555,2,3.703703703703704,0,0.0,0,0.0,41,75.92592592592592,0,0.0,1,1.851851851851852,丁卯,己酉,癸未,丁,卯,己,酉,癸,未,False,1,0,0,1.0,0.08333333333333333,0.08333333333333333,0.08333333333333333,0.0,0.0,0.08333333333333333,10,Thursday
1987-10-02,44,0,0.0,3,6.818181818181818,1,2.272727272727273,0,0.0,0,0.0,3,6.818181818181818,4,9.090909090909092,0,0.0,0,0.0,31,70.45454545454545,0,0.0,0,0.0,丁卯,己酉,甲申,丁,卯,己,酉,甲,申,False,0,1,0,0.16666666666666666,0.0,0.0,1.0,0.0,0.16666666666666666,0.0,10,Friday
1987-10-03,48,1,2.083333333333333,8,16.666666666666668,0,0.0,0,0.0,0,0.0,6,12.5,2,4.166666666666667,0,0.0,0,0.0,28,58.333333333333336,1,2.083333333333333,3,6.25,丁卯,己酉,乙酉,丁,卯,己,酉,乙,酉,False,0,0,0,0.16666666666666666,0.0,0.0,0.08333333333333333,0.0,0.16666666666666666,0.0,10,Saturday
1987-10-04,42,0,0.0,5,11.904761904761903,0,0.0,1,2.380952380952381,0,0.0,2,4.761904761904762,7,16.666666666666668,0,0.0,2,4.761904761904762,27,64.28571428571429,0,0.0,4,9.523809523809524,丁卯,己酉,丙戌,丁,卯,己,酉,丙,戌,False,0,0,0,0.16666666666666666,0.0,0.0,0.08333333333333333,0.0,0.16666666666666666,0.0,10,Sunday
1987-10-05,44,0,0.0,5,11.363636363636363,0,0.0,0,0.0,0,0.0,3,6.818181818181818,0,0.0,0,0.0,0,0.0,34,77.27272727272727,1,2.272727272727273,1,2.272727272727273,丁卯,己酉,丁亥,丁,卯,己,酉,丁,亥,False,1,0,0,1.0,0.08333333333333333,0.08333333333333333,0.08333333333333333,0.0,0.0,0.08333333333333333,10,Monday
1987-10-06,44,0,0.0,1,2.272727272727273,0,0.0,0,0.0,0,0.0,6,13.636363636363637,3,6.818181818181818,0,0.0,1,2.272727272727273,32,72.72727272727273,1,2.272727272727273,0,0.0,丁卯,己酉,戊子,丁,卯,己,酉,戊,子,False,0,0,0,0.16666666666666666,0.0,0.0,0.16666666666666666,0.0,0.16666666666666666,0.0,10,Tuesday
1987-10-07,45,1,2.2222222222222223,2,4.444444444444445,0,0.0,0,0.0,0,0.0,6,13.333333333333334,3,6.666666666666667,0,0.0,0,0.0,33,73.33333333333333,0,0.0,0,0.0,丁卯,己酉,己丑,丁,卯,己,酉,己,丑,False,1,0,0,1.0,0.08333333333333333,0.08333333333333333,0.16666666666666666,0.0,0.0,0.08333333333333333,10,Wednesday
1987-10-08,45,1,2.2222222222222223,7,15.555555555555555,2,4.444444444444445,0,0.0,0,0.0,4,8.88888888888889,1,2.2222222222222223,0,0.0,0,0.0,30,66.66666666666667,0,0.0,1,2.2222222222222223,丁卯,己酉,庚寅,丁,卯,己,酉,庚,寅,False,0,0,0,0.16666666666666666,0.0,0.0,0.08333333333333333,0.0,0.16666666666666666,0.0,10,Thursday
1987-10-09,57,0,0.0,7,12.280701754385966,0,0.0,0,0.0,0,0.0,2,3.508771929824561,1,1.7543859649122806,0,0.0,0,0.0,38,66.66666666666667,0,0.0,1,1.7543859649122806,丁卯,庚戌,辛卯,丁,卯,庚,戌,辛,卯,True,0,0,0,0.16666666666666666,0.0,0.0,0.08333333333333333,0.0,0.16666666666666666,0.0,10,Friday
1987-10-10,43,0,0.0,4,9.30232558139535,0,0.0,1,2.3255813953488373,0,0.0,1,2.3255813953488373,3,6.976744186046512,0,0.0,1,2.3255813953488373,33,76.74418604651163,0,0.0,0,0.0,丁卯,庚戌,壬辰,丁,卯,庚,戌,壬,辰,False,0,1,0,0.16666666666666666,0.0,0.0,1.0,0.0,0.16666666666666666,0.0,10,Saturday
1987-10-11,27,1,3.703703703703704,3,11.11111111111111,1,3.703703703703704,0,0.0,0,0.0,1,3.703703703703704,1,3.703703703703704,0,0.0,0,0.0,19,70.37037037037037,0,0.0,0,0.0,丁卯,庚戌,癸巳,丁,卯,庚,戌,癸,巳,False,0,0,0,0.16666666666666666,0.0,0.0,0.08333333333333333,0.0,0.16666666666666666,0.0,10,Sunday
1987-10-12,46,0,0.0,2,4.3478260869565215,1,2.1739130434782608,0,0.0,0,0.0,1,2.1739130434782608,1,2.1739130434782608,0,0.0,0,0.0,33,71.73913043478261,3,6.521739130434782,1,2.1739130434782608,丁卯,庚戌,甲午,丁,卯,庚,戌,甲,午,False,1,0,0,1.0,0.08333333333333333,0.08333333333333333,0.08333333333333333,0.0,0.0,0.08333333333333333,10,Monday
1987-10-13,35,0,0.0,2,5.714285714285714,0,0.0,0,0.0,0,0.0,1,2.857142857142857,1,2.857142857142857,0,0.0,0,0.0,27,77.14285714285714,1,2.857142857142857,2,5.714285714285714,丁卯,庚戌,乙未,丁,卯,庚,戌,乙,未,False,1,1,1,1.0,0.08333333333333333,0.08333333333333333,1.0,0.08333333333333333,0.0,0.08333333333333333,10,Tuesday
1987-10-14,34,0,0.0,5,14.705882352941176,0,0.0,1,2.9411764705882355,0,0.0,2,5.882352941176471,2,5.882352941176471,0,0.0,1,2.9411764705882355,19,55.88235294117647,1,2.9411764705882355,0,0.0,丁卯,庚戌,丙申,丁,卯,庚,戌,丙,申,False,0,0,0,0.16666666666666666,0.0,0.0,0.08333333333333333,0.0,0.16666666666666666,0.0,10,Wednesday
1987-10-15,49,1,2.0408163265306123,5,10.20408163265306,0,0.0,1,2.0408163265306123,0,0.0,6,12.244897959183673,3,6.122448979591836,0,0.0,0,0.0,36,73.46938775510205,1,2.0408163265306123,1,2.0408163265306123,丁卯,庚戌,丁酉,丁,卯,庚,戌,丁,酉,False,0,0,0,0.16666666666666666,0.0,0.0,0.08333333333333333,0.0,0.16666666666666666,0.0,10,Thursday
1987-10-16,34,1,2.9411764705882355,4,11.764705882352942,0,0.0,0,0.0,0,0.0,4,11.764705882352942,2,5.882352941176471,0,0.0,0,0.0,26,76.47058823529412,0,0.0,0,0.0,丁卯,庚戌,戊戌,丁,卯,庚,戌,戊,戌,False,0,0,0,0.16666666666666666,0.0,0.0,0.16666666666666666,0.0,0.16666666666666666,0.0,10,Friday
1987-10-17,32,0,0.0,4,12.5,1,3.125,0,0.0,0,0.0,4,12.5,1,3.125,0,0.0,1,3.125,17,53.125,2,6.25,1,3.125,丁卯,庚戌,己亥,丁,卯,庚,戌,己,亥,False,1,0,0,1.0,0.08333333333333333,0.08333333333333333,0.16666666666666666,0.0,0.0,0.08333333333333333,10,Saturday
1987-10-18,37,0,0.0,4,10.81081081081081,0,0.0,0,0.0,0,0.0,2,5.405405405405405,3,8.108108108108109,0,0.0,0,0.0,29,78.37837837837837,0,0.0,0,0.0,丁卯,庚戌,庚子,丁,卯,庚,戌,庚,子,False,0,0,0,0.16666666666666666,0.0,0.0,0.08333333333333333,0.0,0.16666666666666666,0.0,10,Sunday
1987-10-19,39,0,0.0,7,17.94871794871795,0,0.0,0,0.0,0,0.0,2,5.128205128205129,1,2.5641025641025643,0,0.0,1,2.5641025641025643,26,66.66666666666667,0,0.0,1,2.5641025641025643,丁卯,庚戌,辛丑,丁,卯,庚,戌,辛,丑,False,0,0,0,0.16666666666666666,0.0,0.0,0.08333333333333333,0.0,0.16666666666666666,0.0,10,Monday
1987-10-20,42,0,0.0,5,11.904761904761903,0,0.0,0,0.0,0,0.0,0,0.0,1,2.380952380952381,0,0.0,1,2.380952380952381,32,76.19047619047619,1,2.380952380952381,2,4.761904761904762,丁卯,庚戌,壬寅,丁,卯,庚,戌,壬,寅,False,1,1,1,1.0,0.08333333333333333,0.08333333333333333,1.0,0.08333333333333333,0.0,0.08333333333333333,10,Tuesday
1987-10-21,43,2,4.651162790697675,5,11.627906976744184,0,0.0,0,0.0,0,0.0,2,4.651162790697675,2,4.651162790697675,0,0.0,0,0.0,31,72.09302325581395,1,2.3255813953488373,0,0.0,丁卯,庚戌,癸卯,丁,卯,庚,戌,癸,卯,False,0,0,0,0.16666666666666666,0.0,0.0,0.08333333333333333,0.0,0.16666666666666666,0.0,10,Wednesday
1987-10-22,36,1,2.7777777777777777,5,13.88888888888889,0,0.0,0,0.0,0,0.0,1,2.7777777777777777,2,5.555555555555555,0,0.0,0,0.0,24,66.66666666666667,0,0.0,1,2.7777777777777777,丁卯,庚戌,甲辰,丁,卯,庚,戌,甲,辰,False,0,0,0,0.16666666666666666,0.0,0.0,0.08333333333333333,0.0,0.16666666666666666,0.0,10,Thursday
1987-10-23,44,0,0.0,8,18.181818181818183,1,2.272727272727273,0,0.0,0,0.0,5,11.363636363636363,0,0.0,0,0.0,1,2.272727272727273,30,68.18181818181819,3,6.818181818181818,2,4.545454545454546,丁卯,庚戌,乙巳,丁,卯,庚,戌,乙,巳,False,0,1,0,0.16666666666666666,0.0,0.0,1.0,0.0,0.16666666666666666,0.0,10,Friday
1987-10-24,42,1,2.380952380952381,3,7.142857142857143,0,0.0,1,2.380952380952381,0,0.0,0,0.0,4,9.523809523809524,0,0.0,0,0.0,34,80.95238095238095,0,0.0,0,0.0,丁卯,庚戌,丙午,丁,卯,庚,戌,丙,午,False,1,0,0,1.0,0.08333333333333333,0.08333333333333333,0.08333333333333333,0.0,0.0,0.08333333333333333,10,Saturday
1987-10-25,34,0,0.0,3,8.823529411764707,0,0.0,2,5.882352941176471,0,0.0,1,2.9411764705882355,3,8.823529411764707,0,0.0,0,0.0,23,67.6470588235294,1,2.9411764705882355,2,5.882352941176471,丁卯,庚戌,丁未,丁,卯,庚,戌,丁,未,False,1,0,0,1.0,0.08333333333333333,0.08333333333333333,0.08333333333333333,0.0,0.0,0.08333333333333333,10,Sunday
1987-10-26,44,1,2.272727272727273,8,18.181818181818183,0,0.0,0,0.0,0,0.0,4,9.090909090909092,1,2.272727272727273,0,0.0,1,2.272727272727273,30,68.18181818181819,1,2.272727272727273,2,4.545454545454546,丁卯,庚戌,戊申,丁,卯,庚,戌,戊,申,False,0,0,0,0.16666666666666666,0.0,0.0,0.16666666666666666,0.0,0.16666666666666666,0.0,10,Monday
1987-10-27,44,0,0.0,3,6.818181818181818,0,0.0,0,0.0,0,0.0,1,2.272727272727273,1,2.272727272727273,0,0.0,1,2.272727272727273,36,81.81818181818181,0,0.0,0,0.0,丁卯,庚戌,己酉,丁,卯,庚,戌,己,酉,False,0,0,0,0.16666666666666666,0.0,0.0,0.16666666666666666,0.0,0.16666666666666666,0.0,10,Tuesday
1987-10-28,45,0,0.0,3,6.666666666666667,2,4.444444444444445,0,0.0,0,0.0,1,2.2222222222222223,2,4.444444444444445,0,0.0,0,0.0,31,68.88888888888889,3,6.666666666666667,0,0.0,丁卯,庚戌,庚戌,丁,卯,庚,戌,庚,戌,False,0,0,0,0.16666666666666666,0.0,0.0,0.08333333333333333,0.0,0.16666666666666666,0.0,10,Wednesday
1987-10-29,46,1,2.1739130434782608,9,19.565217391304348,0,0.0,0,0.0,0,0.0,6,13.043478260869565,0,0.0,0,0.0,0,0.0,31,67.3913043478261,1,2.1739130434782608,1,2.1739130434782608,丁卯,庚戌,辛亥,丁,卯,庚,戌,辛,亥,False,1,0,0,1.0,0.08333333333333333,0.08333333333333333,0.08333333333333333,0.0,0.0,0.08333333333333333,10,Thursday
1987-10-30,47,1,2.127659574468085,3,6.382978723404255,0,0.0,2,4.25531914893617,0,0.0,2,4.25531914893617,3,6.382978723404255,0,0.0,1,2.127659574468085,33,70.2127659574468,0,0.0,2,4.25531914893617,丁卯,庚戌,壬子,丁,卯,庚,戌,壬,子,False,0,1,0,0.16666666666666666,0.0,0.0,1.0,0.0,0.16666666666666666,0.0,10,Friday
1987-10-31,34,0,0.0,1,2.9411764705882355,0,0.0,0,0.0,0,0.0,5,14.705882352941176,4,11.764705882352942,0,0.0,1,2.9411764705882355,23,67.6470588235294,1,2.9411764705882355,2,5.882352941176471,丁卯,庚戌,癸丑,丁,卯,庚,戌,癸,丑,False,0,0,0,0.16666666666666666,0.0,0.0,0.08333333333333333,0.0,0.16666666666666666,0.0,10,Saturday
1987-11-01,39,0,0.0,6,15.384615384615383,0,0.0,0,0.0,0,0.0,2,5.128205128205129,1,2.5641025641025643,0,0.0,0,0.0,25,64.1025641025641,0,0.0,0,0.0,丁卯,庚戌,甲寅,丁,卯,庚,戌,甲,寅,False,1,0,0,1.0,0.08333333333333333,0.08333333333333333,0.08333333333333333,0.0,0.0,0.08333333333333333,11,Sunday
1987-11-02,41,0,0.0,4,9.75609756097561,0,0.0,0,0.0,0,0.0,1,2.4390243902439024,1,2.4390243902439024,0,0.0,0,0.0,34,82.92682926829268,1,2.4390243902439024,0,0.0,丁卯,庚戌,乙卯,丁,卯,庚,戌,乙,卯,False,0,1,0,0.16666666666666666,0.0,0.0,1.0,0.0,0.16666666666666666,0.0,11,Monday
1987-11-03,47,0,0.0,4,8.51063829787234,0,0.0,0,0.0,1,2.127659574468085,4,8.51063829787234,5,10.638297872340424,0,0.0,2,4.25531914893617,33,70.2127659574468,1,2.127659574468085,0,0.0,丁卯,庚戌,丙辰,丁,卯,庚,戌,丙,辰,False,0,0,0,0.16666666666666666,0.0,0.0,0.08333333333333333,0.0,0.16666666666666666,0.0,11,Tuesday
1987-11-04,43,0,0.0,4,9.30232558139535,0,0.0,1,2.3255813953488373,0,0.0,8,18.6046511627907,1,2.3255813953488373,0,0.0,0,0.0,29,67.44186046511628,0,0.0,0,0.0,丁卯,庚戌,丁巳,丁,卯,庚,戌,丁,巳,False,0,0,0,0.16666666666666666,0.0,0.0,0.08333333333333333,0.0,0.16666666666666666,0.0,11,Wednesday
1987-11-05,46,1,2.1739130434782608,9,19.565217391304348,0,0.0,0,0.0,0,0.0,6,13.043478260869565,0,0.0,0,0.0,1,2.1739130434782608,32,69.56521739130434,1,2.1739130434782608,0,0.0,丁卯,庚戌,戊午,丁,卯,庚,戌,戊,午,False,1,0,0,1.0,0.08333333333333333,0.08333333333333333,0.16666666666666666,0.0,0.0,0.08333333333333333,11,Thursday
1987-11-06,34,0,0.0,6,17.647058823529413,1,2.9411764705882355,0,0.0,1,2.9411764705882355,3,8.823529411764707,0,0.0,0,0.0,0,0.0,23,67.6470588235294,0,0.0,1,2.9411764705882355,丁卯,庚戌,己未,丁,卯,庚,戌,己,未,False,1,0,0,1.0,0.08333333333333333,0.08333333333333333,0.16666666666666666,0.0,0.0,0.08333333333333333,11,Friday
1987-11-07,45,0,0.0,7,15.555555555555555,1,2.2222222222222223,1,2.2222222222222223,0,0.0,3,6.666666666666667,3,6.666666666666667,0,0.0,0,0.0,29,64.44444444444444,0,0.0,2,4.444444444444445,丁卯,庚戌,庚申,丁,卯,庚,戌,庚,申,False,0,0,0,0.16666666666666666,0.0,0.0,0.08333333333333333,0.0,0.16666666666666666,0.0,11,Saturday
1987-11-08,38,0,0.0,1,2.631578947368421,0,0.0,0,0.0,0,0.0,0,0.0,1,2.631578947368421,0,0.0,1,2.631578947368421,34,89.47368421052632,0,0.0,0,0.0,丁卯,辛亥,辛酉,丁,卯,辛,亥,辛,酉,True,0,0,0,0.16666666666666666,0.08333333333333333,0.0,0.08333333333333333,0.0,0.16666666666666666,0.0,11,Sunday
1987-11-09,36,0,0.0,4,11.11111111111111,1,2.7777777777777777,0,0.0,0,0.0,2,5.555555555555555,1,2.7777777777777777,0,0.0,0,0.0,26,72.22222222222223,0,0.0,1,2.7777777777777777,丁卯,辛亥,壬戌,丁,卯,辛,亥,壬,戌,False,0,1,0,0.16666666666666666,0.08333333333333333,0.0,1.0,0.0,0.16666666666666666,0.0,11,Monday
1987-11-10,40,1,2.5,6,15.0,0,0.0,0,0.0,1,2.5,4,10.0,1,2.5,0,0.0,0,0.0,24,60.0,0,0.0,1,2.5,丁卯,辛亥,癸亥,丁,卯,辛,亥,癸,亥,False,1,0,0,1.0,0.08333333333333333,0.08333333333333333,0.08333333333333333,0.0,0.0,0.08333333333333333,11,Tuesday
1987-11-11,45,0,0.0,7,15.555555555555555,0,0.0,3,6.666666666666667,0,0.0,2,4.444444444444445,6,13.333333333333334,0,0.0,0,0.0,27,60.0,0,0.0,1,2.2222222222222223,丁卯,辛亥,甲子,丁,卯,辛,亥,甲,子,False,0,0,0,0.16666666666666666,0.08333333333333333,0.0,0.08333333333333333,0.0,0.16666666666666666,0.0,11,Wednesday
1987-11-12,33,0,0.0,1,3.0303030303030303,2,6.0606060606060606,0,0.0,0,0.0,2,6.0606060606060606,5,15.151515151515152,0,0.0,0,0.0,19,57.57575757575758,1,3.0303030303030303,1,3.0303030303030303,丁卯,辛亥,乙丑,丁,卯,辛,亥,乙,丑,False,0,0,0,0.16666666666666666,0.08333333333333333,0.0,0.08333333333333333,0.0,0.16666666666666666,0.0,11,Thursday
1987-11-13,33,1,3.0303030303030303,3,9.090909090909092,0,0.0,0,0.0,0,0.0,1,3.0303030303030303,2,6.0606060606060606,0,0.0,1,3.0303030303030303,20,60.60606060606061,0,0.0,0,0.0,丁卯,辛亥,丙寅,丁,卯,辛,亥,丙,寅,False,0,1,0,0.16666666666666666,0.08333333333333333,0.0,1.0,0.0,0.16666666666666666,0.0,11,Friday
1987-11-14,38,1,2.631578947368421,6,15.789473684210526,2,5.2631578947368425,0,0.0,0,0.0,2,5.2631578947368425,2,5.2631578947368425,0,0.0,3,7.894736842105263,22,57.89473684210526,1,2.631578947368421,0,0.0,丁卯,辛亥,丁卯,丁,卯,辛,亥,丁,卯,False,1,0,0,1.0,0.08333333333333333,0.08333333333333333,0.08333333333333333,0.0,0.0,0.08333333333333333,11,Saturday
1987-11-15,33,0,0.0,3,9.090909090909092,0,0.0,0,0.0,0,0.0,3,9.090909090909092,2,6.0606060606060606,0,0.0,0,0.0,21,63.63636363636363,1,3.0303030303030303,1,3.0303030303030303,丁卯,辛亥,戊辰,丁,卯,辛,亥,戊,辰,False,0,0,0,0.16666666666666666,0.08333333333333333,0.0,0.16666666666666666,0.0,0.16666666666666666,0.0,11,Sunday
1987-11-16,45,0,0.0,4,8.88888888888889,0,0.0,0,0.0,0,0.0,1,2.2222222222222223,4,8.88888888888889,0,0.0,0,0.0,30,66.66666666666667,0,0.0,0,0.0,丁卯,辛亥,己巳,丁,卯,辛,亥,己,巳,False,0,0,0,0.16666666666666666,0.08333333333333333,0.0,0.16666666666666666,0.0,0.16666666666666666,0.0,11,Monday
1987-11-17,32,0,0.0,1,3.125,1,3.125,0,0.0,0,0.0,0,0.0,3,9.375,0,0.0,0,0.0,25,78.125,0,0.0,1,3.125,丁卯,辛亥,庚午,丁,卯,辛,亥,庚,午,False,0,0,0,0.16666666666666666,0.08333333333333333,0.0,0.08333333333333333,0.0,0.16666666666666666,0.0,11,Tuesday
1987-11-18,38,0,0.0,5,13.157894736842104,1,2.631578947368421,0,0.0,0,0.0,2,5.2631578947368425,0,0.0,0,0.0,0,0.0,28,73.6842105263158,2,5.2631578947368425,1,2.631578947368421,丁卯,辛亥,辛未,丁,卯,辛,亥,辛,未,False,1,0,0,1.0,1.0,1.0,0.08333333333333333,0.08333333333333333,0.0,0.0,11,Wednesday
1987-11-19,35,0,0.0,4,11.428571428571429,0,0.0,0,0.0,0,0.0,3,8.571428571428571,1,2.857142857142857,0,0.0,0,0.0,28,80.0,0,0.0,0,0.0,丁卯,辛亥,壬申,丁,卯,辛,亥,壬,申,False,0,1,0,0.16666666666666666,0.08333333333333333,0.0,1.0,0.0,0.16666666666666666,0.0,11,Thursday
1987-11-20,34,0,0.0,4,11.764705882352942,0,0.0,1,2.9411764705882355,0,0.0,3,8.823529411764707,2,5.882352941176471,0,0.0,0,0.0,23,67.6470588235294,0,0.0,2,5.882352941176471,丁卯,辛亥,癸酉,丁,卯,辛,亥,癸,酉,False,0,0,0,0.16666666666666666,0.08333333333333333,0.0,0.08333333333333333,0.0,0.16666666666666666,0.0,11,Friday
1987-11-21,40,0,0.0,5,12.5,1,2.5,0,0.0,0,0.0,3,7.5,2,5.0,0,0.0,0,0.0,27,67.5,0,0.0,3,7.5,丁卯,辛亥,甲戌,丁,卯,辛,亥,甲,戌,False,0,0,0,0.16666666666666666,0.08333333333333333,0.0,0.08333333333333333,0.0,0.16666666666666666,0.0,11,Saturday
1987-11-22,47,0,0.0,5,10.638297872340424,1,2.127659574468085,0,0.0,0,0.0,0,0.0,1,2.127659574468085,0,0.0,0,0.0,39,82.97872340425532,0,0.0,2,4.25531914893617,丁卯,辛亥,乙亥,丁,卯,辛,亥,乙,亥,False,1,0,0,1.0,0.08333333333333333,0.08333333333333333,0.08333333333333333,0.0,0.0,0.08333333333333333,11,Sunday
1987-11-23,41,1,2.4390243902439024,7,17.073170731707318,0,0.0,0,0.0,0,0.0,2,4.878048780487805,0,0.0,0,0.0,0,0.0,28,68.29268292682927,0,0.0,2,4.878048780487805,丁卯,辛亥,丙子,丁,卯,辛,亥,丙,子,False,0,1,0,0.16666666666666666,0.08333333333333333,0.0,1.0,0.0,0.16666666666666666,0.0,11,Monday
1987-11-24,30,0,0.0,4,13.333333333333334,0,0.0,0,0.0,0,0.0,3,10.0,1,3.333333333333333,0,0.0,0,0.0,20,66.66666666666667,0,0.0,2,6.666666666666667,丁卯,辛亥,丁丑,丁,卯,辛,亥,丁,丑,False,0,0,0,0.16666666666666666,0.08333333333333333,0.0,0.08333333333333333,0.0,0.16666666666666666,0.0,11,Tuesday
1987-11-25,46,0,0.0,1,2.1739130434782608,0,0.0,0,0.0,0,0.0,2,4.3478260869565215,1,2.1739130434782608,0,0.0,0,0.0,37,80.43478260869566,0,0.0,1,2.1739130434782608,丁卯,辛亥,戊寅,丁,卯,辛,亥,戊,寅,False,0,0,0,0.16666666666666666,0.08333333333333333,0.0,0.16666666666666666,0.0,0.16666666666666666,0.0,11,Wednesday
1987-11-26,45,1,2.2222222222222223,4,8.88888888888889,0,0.0,0,0.0,0,0.0,3,6.666666666666667,4,8.88888888888889,0,0.0,0,0.0,33,73.33333333333333,0,0.0,2,4.444444444444445,丁卯,辛亥,己卯,丁,卯,辛,亥,己,卯,False,1,0,0,1.0,0.08333333333333333,0.08333333333333333,0.16666666666666666,0.0,0.0,0.08333333333333333,11,Thursday
1987-11-27,37,0,0.0,3,8.108108108108109,0,0.0,0,0.0,0,0.0,3,8.108108108108109,1,2.702702702702702,0,0.0,0,0.0,25,67.56756756756756,1,2.702702702702702,1,2.702702702702702,丁卯,辛亥,庚辰,丁,卯,辛,亥,庚,辰,False,0,0,0,0.16666666666666666,0.08333333333333333,0.0,0.08333333333333333,0.0,0.16666666666666666,0.0,11,Friday
1987-11-28,29,0,0.0,5,17.24137931034483,0,0.0,0,0.0,0,0.0,2,6.896551724137931,1,3.4482758620689653,0,0.0,0,0.0,20,68.96551724137932,0,0.0,1,3.4482758620689653,丁卯,辛亥,辛巳,丁,卯,辛,亥,辛,巳,False,0,0,0,0.16666666666666666,0.08333333333333333,0.0,0.08333333333333333,0.0,0.16666666666666666,0.0,11,Saturday
1987-11-29,31,0,0.0,3,9.67741935483871,0,0.0,0,0.0,0,0.0,1,3.225806451612903,0,0.0,0,0.0,0,0.0,26,83.87096774193549,0,0.0,1,3.225806451612903,丁卯,辛亥,壬午,丁,卯,辛,亥,壬,午,False,0,1,0,0.16666666666666666,0.08333333333333333,0.0,1.0,0.0,0.16666666666666666,0.0,11,Sunday
1987-11-30,42,2,4.761904761904762,5,11.904761904761903,0,0.0,0,0.0,0,0.0,3,7.142857142857143,2,4.761904761904762,0,0.0,0,0.0,30,71.42857142857143,2,4.761904761904762,1,2.380952380952381,丁卯,辛亥,癸未,丁,卯,辛,亥,癸,未,False,1,0,0,1.0,1.0,1.0,0.08333333333333333,0.08333333333333333,0.0,0.0,11,Monday
1987-12-01,36,0,0.0,4,11.11111111111111,0,0.0,0,0.0,0,0.0,2,5.555555555555555,2,5.555555555555555,0,0.0,0,0.0,28,77.77777777777777,0,0.0,0,0.0,丁卯,辛亥,甲申,丁,卯,辛,亥,甲,申,False,0,0,0,0.16666666666666666,0.08333333333333333,0.0,0.08333333333333333,0.0,0.16666666666666666,0.0,12,Tuesday
1987-12-02,40,0,0.0,5,12.5,0,0.0,0,0.0,0,0.0,4,10.0,2,5.0,0,0.0,1,2.5,26,65.0,1,2.5,1,2.5,丁卯,辛亥,乙酉,丁,卯,辛,亥,乙,酉,False,0,0,0,0.16666666666666666,0.08333333333333333,0.0,0.08333333333333333,0.0,0.16666666666666666,0.0,12,Wednesday
1987-12-03,55,2,3.636363636363636,4,7.272727272727272,0,0.0,0,0.0,1,1.818181818181818,6,10.909090909090908,0,0.0,0,0.0,1,1.818181818181818,42,76.36363636363636,2,3.636363636363636,2,3.636363636363636,丁卯,辛亥,丙戌,丁,卯,辛,亥,丙,戌,False,0,1,0,0.16666666666666666,0.08333333333333333,0.0,1.0,0.0,0.16666666666666666,0.0,12,Thursday
1987-12-04,44,0,0.0,7,15.909090909090908,0,0.0,0,0.0,1,2.272727272727273,3,6.818181818181818,0,0.0,0,0.0,0,0.0,28,63.63636363636363,0,0.0,1,2.272727272727273,丁卯,辛亥,丁亥,丁,卯,辛,亥,丁,亥,False,1,0,0,1.0,0.08333333333333333,0.08333333333333333,0.08333333333333333,0.0,0.0,0.08333333333333333,12,Friday
1987-12-05,22,0,0.0,1,4.545454545454546,0,0.0,0,0.0,0,0.0,2,9.090909090909092,0,0.0,0,0.0,0,0.0,19,86.36363636363636,0,0.0,0,0.0,丁卯,辛亥,戊子,丁,卯,辛,亥,戊,子,False,0,0,0,0.16666666666666666,0.08333333333333333,0.0,0.16666666666666666,0.0,0.16666666666666666,0.0,12,Saturday
1987-12-06,23,1,4.3478260869565215,3,13.043478260869565,0,0.0,0,0.0,0,0.0,1,4.3478260869565215,0,0.0,0,0.0,1,4.3478260869565215,14,60.869565217391305,0,0.0,1,4.3478260869565215,丁卯,辛亥,己丑,丁,卯,辛,亥,己,丑,False,0,0,0,0.16666666666666666,0.08333333333333333,0.0,0.16666666666666666,0.0,0.16666666666666666,0.0,12,Sunday
1987-12-07,40,0,0.0,8,20.0,1,2.5,0,0.0,1,2.5,4,10.0,1,2.5,0,0.0,1,2.5,25,62.5,1,2.5,0,0.0,丁卯,辛亥,庚寅,丁,卯,辛,亥,庚,寅,False,0,0,0,0.16666666666666666,0.08333333333333333,0.0,0.08333333333333333,0.0,0.16666666666666666,0.0,12,Monday
1987-12-08,48,0,0.0,2,4.166666666666667,2,4.166666666666667,0,0.0,0,0.0,0,0.0,2,4.166666666666667,0,0.0,0,0.0,35,72.91666666666667,1,2.083333333333333,1,2.083333333333333,丁卯,壬子,辛卯,丁,卯,壬,子,辛,卯,False,0,0,0,0.16666666666666666,0.0,0.0,0.08333333333333333,0.0,0.16666666666666666,0.0,12,Tuesday
1987-12-09,49,0,0.0,5,10.20408163265306,1,2.0408163265306123,0,0.0,0,0.0,2,4.081632653061225,0,0.0,0,0.0,0,0.0,40,81.63265306122449,2,4.081632653061225,0,0.0,丁卯,壬子,壬辰,丁,卯,壬,子,壬,辰,False,1,1,1,1.0,0.08333333333333333,0.08333333333333333,1.0,0.08333333333333333,0.0,0.08333333333333333,12,Wednesday
1987-12-10,44,0,0.0,5,11.363636363636363,0,0.0,0,0.0,0,0.0,4,9.090909090909092,2,4.545454545454546,0,0.0,1,2.272727272727273,28,63.63636363636363,0,0.0,1,2.272727272727273,丁卯,壬子,癸巳,丁,卯,壬,子,癸,巳,False,0,0,0,0.16666666666666666,0.0,0.0,0.08333333333333333,0.0,0.16666666666666666,0.0,12,Thursday
1987-12-11,52,2,3.8461538461538463,11,21.153846153846157,1,1.9230769230769231,1,1.9230769230769231,0,0.0,2,3.8461538461538463,6,11.538461538461538,0,0.0,1,1.9230769230769231,31,59.61538461538461,1,1.9230769230769231,4,7.6923076923076925,丁卯,壬子,甲午,丁,卯,壬,子,甲,午,False,0,0,0,0.16666666666666666,0.0,0.0,0.08333333333333333,0.0,0.16666666666666666,0.0,12,Friday
1987-12-12,44,0,0.0,4,9.090909090909092,0,0.0,1,2.272727272727273,0,0.0,3,6.818181818181818,1,2.272727272727273,0,0.0,0,0.0,32,72.72727272727273,1,2.272727272727273,1,2.272727272727273,丁卯,壬子,乙未,丁,卯,壬,子,乙,未,False,1,0,0,1.0,0.08333333333333333,0.08333333333333333,0.08333333333333333,0.0,0.0,0.08333333333333333,12,Saturday
1987-12-13,34,0,0.0,3,8.823529411764707,0,0.0,1,2.9411764705882355,0,0.0,0,0.0,0,0.0,0,0.0,0,0.0,27,79.41176470588235,1,2.9411764705882355,1,2.9411764705882355,丁卯,壬子,丙申,丁,卯,壬,子,丙,申,False,1,0,0,1.0,0.08333333333333333,0.08333333333333333,0.08333333333333333,0.0,0.0,0.08333333333333333,12,Sunday
1987-12-14,36,0,0.0,6,16.666666666666668,0,0.0,0,0.0,0,0.0,2,5.555555555555555,2,5.555555555555555,0,0.0,0,0.0,21,58.333333333333336,0,0.0,2,5.555555555555555,丁卯,壬子,丁酉,丁,卯,壬,子,丁,酉,False,0,1,0,0.16666666666666666,0.0,0.0,1.0,0.0,0.16666666666666666,0.0,12,Monday
1987-12-15,35,0,0.0,2,5.714285714285714,0,0.0,1,2.857142857142857,0,0.0,2,5.714285714285714,4,11.428571428571429,0,0.0,0,0.0,21,60.0,1,2.857142857142857,2,5.714285714285714,丁卯,壬子,戊戌,丁,卯,壬,子,戊,戌,False,0,0,0,0.16666666666666666,0.0,0.0,0.16666666666666666,0.0,0.16666666666666666,0.0,12,Tuesday
1987-12-16,40,1,2.5,2,5.0,0,0.0,0,0.0,0,0.0,1,2.5,0,0.0,0,0.0,0,0.0,32,80.0,0,0.0,0,0.0,丁卯,壬子,己亥,丁,卯,壬,子,己,亥,False,1,0,0,1.0,0.08333333333333333,0.08333333333333333,0.16666666666666666,0.0,0.0,0.08333333333333333,12,Wednesday
1987-12-17,45,0,0.0,6,13.333333333333334,0,0.0,0,0.0,0,0.0,2,4.444444444444445,2,4.444444444444445,0,0.0,1,2.2222222222222223,30,66.66666666666667,0,0.0,3,6.666666666666667,丁卯,壬子,庚子,丁,卯,壬,子,庚,子,False,0,0,0,0.16666666666666666,0.0,0.0,0.08333333333333333,0.0,0.16666666666666666,0.0,12,Thursday
1987-12-18,37,0,0.0,5,13.513513513513514,0,0.0,0,0.0,0,0.0,1,2.702702702702702,1,2.702702702702702,0,0.0,1,2.702702702702702,26,70.27027027027027,1,2.702702702702702,0,0.0,丁卯,壬子,辛丑,丁,卯,壬,子,辛,丑,False,0,0,0,0.16666666666666666,0.0,0.0,0.08333333333333333,0.0,0.16666666666666666,0.0,12,Friday
1987-12-19,48,0,0.0,7,14.583333333333334,0,0.0,1,2.083333333333333,0,0.0,4,8.333333333333334,5,10.416666666666666,0,0.0,0,0.0,32,66.66666666666667,1,2.083333333333333,3,6.25,丁卯,壬子,壬寅,丁,卯,壬,子,壬,寅,False,0,1,0,0.16666666666666666,0.0,0.0,1.0,0.0,0.16666666666666666,0.0,12,Saturday
1987-12-20,36,0,0.0,6,16.666666666666668,0,0.0,0,0.0,0,0.0,3,8.333333333333334,1,2.7777777777777777,0,0.0,0,0.0,26,72.22222222222223,0,0.0,0,0.0,丁卯,壬子,癸卯,丁,卯,壬,子,癸,卯,False,0,0,0,0.16666666666666666,0.0,0.0,0.08333333333333333,0.0,0.16666666666666666,0.0,12,Sunday
1987-12-21,45,0,0.0,4,8.88888888888889,1,2.2222222222222223,0,0.0,0,0.0,2,4.444444444444445,4,8.88888888888889,0,0.0,0,0.0,31,68.88888888888889,0,0.0,1,2.2222222222222223,丁卯,壬子,甲辰,丁,卯,壬,子,甲,辰,False,1,0,0,1.0,0.08333333333333333,0.08333333333333333,0.08333333333333333,0.0,0.0,0.08333333333333333,12,Monday
1987-12-22,36,0,0.0,5,13.88888888888889,1,2.7777777777777777,0,0.0,0,0.0,3,8.333333333333334,1,2.7777777777777777,0,0.0,1,2.7777777777777777,26,72.22222222222223,0,0.0,1,2.7777777777777777,丁卯,壬子,乙巳,丁,卯,壬,子,乙,巳,False,0,0,0,0.16666666666666666,0.0,0.0,0.08333333333333333,0.0,0.16666666666666666,0.0,12,Tuesday
1987-12-23,42,0,0.0,4,9.523809523809524,1,2.380952380952381,0,0.0,0,0.0,3,7.142857142857143,1,2.380952380952381,0,0.0,0,0.0,30,71.42857142857143,1,2.380952380952381,0,0.0,丁卯,壬子,丙午,丁,卯,壬,子,丙,午,False,0,0,0,0.16666666666666666,0.0,0.0,0.08333333333333333,0.0,0.16666666666666666,0.0,12,Wednesday
1987-12-24,28,0,0.0,1,3.571428571428572,0,0.0,0,0.0,0,0.0,1,3.571428571428572,2,7.142857142857143,0,0.0,0,0.0,15,53.57142857142857,0,0.0,3,10.714285714285714,丁卯,壬子,丁未,丁,卯,壬,子,丁,未,False,1,1,1,1.0,0.08333333333333333,0.08333333333333333,1.0,0.08333333333333333,0.0,0.08333333333333333,12,Thursday
1987-12-25,45,0,0.0,6,13.333333333333334,0,0.0,0,0.0,0,0.0,2,4.444444444444445,1,2.2222222222222223,0,0.0,0,0.0,30,66.66666666666667,0,0.0,3,6.666666666666667,丁卯,壬子,戊申,丁,卯,壬,子,戊,申,False,1,0,0,1.0,0.08333333333333333,0.08333333333333333,0.16666666666666666,0.0,0.0,0.08333333333333333,12,Friday
1987-12-26,37,2,5.405405405405405,3,8.108108108108109,0,0.0,0,0.0,0,0.0,2,5.405405405405405,1,2.702702702702702,0,0.0,0,0.0,31,83.78378378378379,0,0.0,0,0.0,丁卯,壬子,己酉,丁,卯,壬,子,己,酉,False,0,0,0,0.16666666666666666,0.0,0.0,0.16666666666666666,0.0,0.16666666666666666,0.0,12,Saturday
1987-12-27,28,2,7.142857142857143,4,14.285714285714286,0,0.0,0,0.0,0,0.0,3,10.714285714285714,0,0.0,0,0.0,0,0.0,20,71.42857142857143,1,3.571428571428572,0,0.0,丁卯,壬子,庚戌,丁,卯,壬,子,庚,戌,False,0,0,0,0.16666666666666666,0.0,0.0,0.08333333333333333,0.0,0.16666666666666666,0.0,12,Sunday
1987-12-28,33,0,0.0,6,18.181818181818183,0,0.0,0,0.0,0,0.0,2,6.0606060606060606,0,0.0,0,0.0,0,0.0,22,66.66666666666667,0,0.0,1,3.0303030303030303,丁卯,壬子,辛亥,丁,卯,壬,子,辛,亥,False,1,0,0,1.0,0.08333333333333333,0.08333333333333333,0.08333333333333333,0.0,0.0,0.08333333333333333,12,Monday
1987-12-29,38,0,0.0,7,18.42105263157895,0,0.0,0,0.0,0,0.0,1,2.631578947368421,1,2.631578947368421,0,0.0,0,0.0,26,68.42105263157895,2,5.2631578947368425,0,0.0,丁卯,壬子,壬子,丁,卯,壬,子,壬,子,False,0,1,0,0.16666666666666666,0.0,0.0,1.0,0.0,0.16666666666666666,0.0,12,Tuesday
1987-12-30,38,0,0.0,5,13.157894736842104,0,0.0,0,0.0,0,0.0,0,0.0,1,2.631578947368421,0,0.0,0,0.0,28,73.6842105263158,0,0.0,0,0.0,丁卯,壬子,癸丑,丁,卯,壬,子,癸,丑,False,0,0,0,0.16666666666666666,0.0,0.0,0.08333333333333333,0.0,0.16666666666666666,0.0,12,Wednesday
1987-12-31,41,1,2.4390243902439024,3,7.317073170731708,0,0.0,0,0.0,0,0.0,2,4.878048780487805,2,4.878048780487805,0,0.0,1,2.4390243902439024,35,85.36585365853658,0,0.0,0,0.0,丁卯,壬子,甲寅,丁,卯,壬,子,甲,寅,False,0,0,0,0.16666666666666666,0.0,0.0,0.08333333333333333,0.0,0.16666666666666666,0.0,12,Thursday
