cohort_key,record_id,display_name,election_year,source_url,dob_raw,dob_precision,dob_exact_iso,dob_year_from_raw,catalogue_lifespan_birth_year,birth_year_consistent,http_status,final_url,error
RS_PAST_NA1000,NA1000,Samuel,1704,https://catalogues.royalsociety.org/calmview/Record.aspx?src=CalmView.Persons&id=NA1000,,missing,,,,,200,https://catalogues.royalsociety.org/calmview/Record.aspx?src=CalmView.Persons&id=NA1000,
RS_PAST_NA10029,NA10029,James,,https://catalogues.royalsociety.org/calmview/Record.aspx?src=CalmView.Persons&id=NA10029,fl 1684,nonstandard_or_ambiguous,,,,,200,https://catalogues.royalsociety.org/calmview/Record.aspx?src=CalmView.Persons&id=NA10029,
RS_PAST_NA1004,NA1004,William,1708,https://catalogues.royalsociety.org/calmview/Record.aspx?src=CalmView.Persons&id=NA1004,,missing,,,,,200,https://catalogues.royalsociety.org/calmview/Record.aspx?src=CalmView.Persons&id=NA1004,
RS_PAST_NA1005,NA1005,Henry,1847,https://catalogues.royalsociety.org/calmview/Record.aspx?src=CalmView.Persons&id=NA1005,c 1782,circa_year,,1782,1782,1,200,https://catalogues.royalsociety.org/calmview/Record.aspx?src=CalmView.Persons&id=NA1005,
RS_PAST_NA1009,NA1009,Ralph,1692,https://catalogues.royalsociety.org/calmview/Record.aspx?src=CalmView.Persons&id=NA1009,,missing,,,,,200,https://catalogues.royalsociety.org/calmview/Record.aspx?src=CalmView.Persons&id=NA1009,
RS_PAST_NA1010,NA1010,James,1738,https://catalogues.royalsociety.org/calmview/Record.aspx?src=CalmView.Persons&id=NA1010,,missing,,,,,200,https://catalogues.royalsociety.org/calmview/Record.aspx?src=CalmView.Persons&id=NA1010,
RS_PAST_NA1018,NA1018,William,1770,https://catalogues.royalsociety.org/calmview/Record.aspx?src=CalmView.Persons&id=NA1018,1711,year_only,,1711,1711,1,200,https://catalogues.royalsociety.org/calmview/Record.aspx?src=CalmView.Persons&id=NA1018,
RS_PAST_NA1022,NA1022,Thomas,1735,https://catalogues.royalsociety.org/calmview/Record.aspx?src=CalmView.Persons&id=NA1022,c. 1695,circa_year,,1695,1695,1,200,https://catalogues.royalsociety.org/calmview/Record.aspx?src=CalmView.Persons&id=NA1022,
RS_PAST_NA1023,NA1023,Thomas,1681,https://catalogues.royalsociety.org/calmview/Record.aspx?src=CalmView.Persons&id=NA1023,,missing,,,,,200,https://catalogues.royalsociety.org/calmview/Record.aspx?src=CalmView.Persons&id=NA1023,
RS_PAST_NA1025,NA1025,William,1847,https://catalogues.royalsociety.org/calmview/Record.aspx?src=CalmView.Persons&id=NA1025,1814,year_only,,1814,1814,1,200,https://catalogues.royalsociety.org/calmview/Record.aspx?src=CalmView.Persons&id=NA1025,
RS_PAST_NA1029,NA1029,Samuel,1766,https://catalogues.royalsociety.org/calmview/Record.aspx?src=CalmView.Persons&id=NA1029,,missing,,,,,200,https://catalogues.royalsociety.org/calmview/Record.aspx?src=CalmView.Persons&id=NA1029,
RS_PAST_NA1030,NA1030,Moses da,1737,https://catalogues.royalsociety.org/calmview/Record.aspx?src=CalmView.Persons&id=NA1030,,missing,,,,,200,https://catalogues.royalsociety.org/calmview/Record.aspx?src=CalmView.Persons&id=NA1030,
RS_PAST_NA1033,NA1033,John,1846,https://catalogues.royalsociety.org/calmview/Record.aspx?src=CalmView.Persons&id=NA1033,1794,year_only,,1794,1794,1,200,https://catalogues.royalsociety.org/calmview/Record.aspx?src=CalmView.Persons&id=NA1033,
RS_PAST_NA1039,NA1039,Maximilian Joseph,1819,https://catalogues.royalsociety.org/calmview/Record.aspx?src=CalmView.Persons&id=NA1039,,missing,,,1782,,200,https://catalogues.royalsociety.org/calmview/Record.aspx?src=CalmView.Persons&id=NA1039,
RS_PAST_NA1040,NA1040,John,1816,https://catalogues.royalsociety.org/calmview/Record.aspx?src=CalmView.Persons&id=NA1040,,missing,,,1782,,200,https://catalogues.royalsociety.org/calmview/Record.aspx?src=CalmView.Persons&id=NA1040,
RS_PAST_NA1043,NA1043,Michael,1742,https://catalogues.royalsociety.org/calmview/Record.aspx?src=CalmView.Persons&id=NA1043,,missing,,,,,200,https://catalogues.royalsociety.org/calmview/Record.aspx?src=CalmView.Persons&id=NA1043,
RS_PAST_NA10434,NA10434,Abraham,1661,https://catalogues.royalsociety.org/calmview/Record.aspx?src=CalmView.Persons&id=NA10434,1618,year_only,,1618,1618,1,200,https://catalogues.royalsociety.org/calmview/Record.aspx?src=CalmView.Persons&id=NA10434,
RS_PAST_NA10435,NA10435,Nicholas,1663,https://catalogues.royalsociety.org/calmview/Record.aspx?src=CalmView.Persons&id=NA10435,c1599,other,,,,,200,https://catalogues.royalsociety.org/calmview/Record.aspx?src=CalmView.Persons&id=NA10435,
RS_PAST_NA10436,NA10436,William,1661,https://catalogues.royalsociety.org/calmview/Record.aspx?src=CalmView.Persons&id=NA10436,,missing,,,1627,,200,https://catalogues.royalsociety.org/calmview/Record.aspx?src=CalmView.Persons&id=NA10436,
RS_PAST_NA1056,NA1056,Hervey Redmond,1793,https://catalogues.royalsociety.org/calmview/Record.aspx?src=CalmView.Persons&id=NA1056,,missing,,,1746,,200,https://catalogues.royalsociety.org/calmview/Record.aspx?src=CalmView.Persons&id=NA1056,
RS_PAST_NA1060,NA1060,Henry,1739,https://catalogues.royalsociety.org/calmview/Record.aspx?src=CalmView.Persons&id=NA1060,,missing,,,,,200,https://catalogues.royalsociety.org/calmview/Record.aspx?src=CalmView.Persons&id=NA1060,
RS_PAST_NA1065,NA1065,Willem,1706,https://catalogues.royalsociety.org/calmview/Record.aspx?src=CalmView.Persons&id=NA1065,,missing,,,1661,,200,https://catalogues.royalsociety.org/calmview/Record.aspx?src=CalmView.Persons&id=NA1065,
RS_PAST_NA1067,NA1067,William Charles Henry Friso,1734,https://catalogues.royalsociety.org/calmview/Record.aspx?src=CalmView.Persons&id=NA1067,1711,year_only,,1711,1711,1,200,https://catalogues.royalsociety.org/calmview/Record.aspx?src=CalmView.Persons&id=NA1067,
RS_PAST_NA1068,NA1068,James,1726,https://catalogues.royalsociety.org/calmview/Record.aspx?src=CalmView.Persons&id=NA1068,1692,year_only,,1692,1692,1,200,https://catalogues.royalsociety.org/calmview/Record.aspx?src=CalmView.Persons&id=NA1068,
RS_PAST_NA1071,NA1071,Lewis Alexander,1791,https://catalogues.royalsociety.org/calmview/Record.aspx?src=CalmView.Persons&id=NA1071,,missing,,,,,200,https://catalogues.royalsociety.org/calmview/Record.aspx?src=CalmView.Persons&id=NA1071,
RS_PAST_NA1074,NA1074,Victor Beaufort,1663,https://catalogues.royalsociety.org/calmview/Record.aspx?src=CalmView.Persons&id=NA1074,,missing,,,,,200,https://catalogues.royalsociety.org/calmview/Record.aspx?src=CalmView.Persons&id=NA1074,
RS_PAST_NA1077,NA1077,Isaac,1719,https://catalogues.royalsociety.org/calmview/Record.aspx?src=CalmView.Persons&id=NA1077,,missing,,,1674,,200,https://catalogues.royalsociety.org/calmview/Record.aspx?src=CalmView.Persons&id=NA1077,
RS_PAST_NA1079,NA1079,Nicholas,1718,https://catalogues.royalsociety.org/calmview/Record.aspx?src=CalmView.Persons&id=NA1079,January 1682,nonstandard_or_ambiguous,,,1682,,200,https://catalogues.royalsociety.org/calmview/Record.aspx?src=CalmView.Persons&id=NA1079,
RS_PAST_NA1080,NA1080,Other Hickman,1773,https://catalogues.royalsociety.org/calmview/Record.aspx?src=CalmView.Persons&id=NA1080,30 or 31 May 1751,nonstandard_or_ambiguous,,,1751,,200,https://catalogues.royalsociety.org/calmview/Record.aspx?src=CalmView.Persons&id=NA1080,
RS_PAST_NA1084,NA1084,Stephanus Evodius,1738,https://catalogues.royalsociety.org/calmview/Record.aspx?src=CalmView.Persons&id=NA1084,,missing,,,1707,,200,https://catalogues.royalsociety.org/calmview/Record.aspx?src=CalmView.Persons&id=NA1084,
RS_PAST_NA1085,NA1085,Maurice,1668,https://catalogues.royalsociety.org/calmview/Record.aspx?src=CalmView.Persons&id=NA1085,,missing,,,,,200,https://catalogues.royalsociety.org/calmview/Record.aspx?src=CalmView.Persons&id=NA1085,
RS_PAST_NA1086,NA1086,Archibald,1819,https://catalogues.royalsociety.org/calmview/Record.aspx?src=CalmView.Persons&id=NA1086,February 1770,nonstandard_or_ambiguous,,,1770,,200,https://catalogues.royalsociety.org/calmview/Record.aspx?src=CalmView.Persons&id=NA1086,
RS_PAST_NA1092,NA1092,Samuel,1742,https://catalogues.royalsociety.org/calmview/Record.aspx?src=CalmView.Persons&id=NA1092,1704,year_only,,1704,1704,1,200,https://catalogues.royalsociety.org/calmview/Record.aspx?src=CalmView.Persons&id=NA1092,
RS_PAST_NA1093,NA1093,John Philip,1681,https://catalogues.royalsociety.org/calmview/Record.aspx?src=CalmView.Persons&id=NA1093,1658,year_only,,1658,1658,1,200,https://catalogues.royalsociety.org/calmview/Record.aspx?src=CalmView.Persons&id=NA1093,
RS_PAST_NA1096,NA1096,John Thomas,1742,https://catalogues.royalsociety.org/calmview/Record.aspx?src=CalmView.Persons&id=NA1096,,missing,,,,,200,https://catalogues.royalsociety.org/calmview/Record.aspx?src=CalmView.Persons&id=NA1096,
RS_PAST_NA1098,NA1098,James,1784,https://catalogues.royalsociety.org/calmview/Record.aspx?src=CalmView.Persons&id=NA1098,1748,year_only,,1748,1748,1,200,https://catalogues.royalsociety.org/calmview/Record.aspx?src=CalmView.Persons&id=NA1098,
RS_PAST_NA1100,NA1100,John,1742,https://catalogues.royalsociety.org/calmview/Record.aspx?src=CalmView.Persons&id=NA1100,,missing,,,,,200,https://catalogues.royalsociety.org/calmview/Record.aspx?src=CalmView.Persons&id=NA1100,
RS_PAST_NA1101,NA1101,Meyer Low,1726,https://catalogues.royalsociety.org/calmview/Record.aspx?src=CalmView.Persons&id=NA1101,1690,year_only,,1690,1690,1,200,https://catalogues.royalsociety.org/calmview/Record.aspx?src=CalmView.Persons&id=NA1101,
RS_PAST_NA1102,NA1102,Edward,1834,https://catalogues.royalsociety.org/calmview/Record.aspx?src=CalmView.Persons&id=NA1102,1790,year_only,,1790,1790,1,200,https://catalogues.royalsociety.org/calmview/Record.aspx?src=CalmView.Persons&id=NA1102,
RS_PAST_NA1103,NA1103,Etienne,1738,https://catalogues.royalsociety.org/calmview/Record.aspx?src=CalmView.Persons&id=NA1103,1683,year_only,,1683,1683,1,200,https://catalogues.royalsociety.org/calmview/Record.aspx?src=CalmView.Persons&id=NA1103,
RS_PAST_NA1106,NA1106,Philip Julius,1722,https://catalogues.royalsociety.org/calmview/Record.aspx?src=CalmView.Persons&id=NA1106,,missing,,,,,200,https://catalogues.royalsociety.org/calmview/Record.aspx?src=CalmView.Persons&id=NA1106,
RS_PAST_NA1107,NA1107,James,1732,https://catalogues.royalsociety.org/calmview/Record.aspx?src=CalmView.Persons&id=NA1107,,missing,,,1689,,200,https://catalogues.royalsociety.org/calmview/Record.aspx?src=CalmView.Persons&id=NA1107,
RS_PAST_NA1108,NA1108,John,1732,https://catalogues.royalsociety.org/calmview/Record.aspx?src=CalmView.Persons&id=NA1108,,missing,,,,,200,https://catalogues.royalsociety.org/calmview/Record.aspx?src=CalmView.Persons&id=NA1108,
RS_PAST_NA1109,NA1109,Vincent,1732,https://catalogues.royalsociety.org/calmview/Record.aspx?src=CalmView.Persons&id=NA1109,,missing,,,,,200,https://catalogues.royalsociety.org/calmview/Record.aspx?src=CalmView.Persons&id=NA1109,
RS_PAST_NA1110,NA1110,John de,1736,https://catalogues.royalsociety.org/calmview/Record.aspx?src=CalmView.Persons&id=NA1110,,missing,,,,,200,https://catalogues.royalsociety.org/calmview/Record.aspx?src=CalmView.Persons&id=NA1110,
RS_PAST_NA1115,NA1115,Gasparo,1736,https://catalogues.royalsociety.org/calmview/Record.aspx?src=CalmView.Persons&id=NA1115,1690,year_only,,1690,1690,1,200,https://catalogues.royalsociety.org/calmview/Record.aspx?src=CalmView.Persons&id=NA1115,
RS_PAST_NA1133,NA1133,Herbert Henry,1938,https://catalogues.royalsociety.org/calmview/Record.aspx?src=CalmView.Persons&id=NA1133,1889,year_only,,1889,1889,1,200,https://catalogues.royalsociety.org/calmview/Record.aspx?src=CalmView.Persons&id=NA1133,
RS_PAST_NA1136,NA1136,Thomas,1669,https://catalogues.royalsociety.org/calmview/Record.aspx?src=CalmView.Persons&id=NA1136,,missing,,,1648,,200,https://catalogues.royalsociety.org/calmview/Record.aspx?src=CalmView.Persons&id=NA1136,
RS_PAST_NA1139,NA1139,Shallet,1741,https://catalogues.royalsociety.org/calmview/Record.aspx?src=CalmView.Persons&id=NA1139,,missing,,,1692,,200,https://catalogues.royalsociety.org/calmview/Record.aspx?src=CalmView.Persons&id=NA1139,
RS_PAST_NA1144,NA1144,Samuel Rickard,1926,https://catalogues.royalsociety.org/calmview/Record.aspx?src=CalmView.Persons&id=NA1144,,missing,,,1873,,200,https://catalogues.royalsociety.org/calmview/Record.aspx?src=CalmView.Persons&id=NA1144,
RS_PAST_NA1157,NA1157,Frederick William,1922,https://catalogues.royalsociety.org/calmview/Record.aspx?src=CalmView.Persons&id=NA1157,23 or 28 October 1868,nonstandard_or_ambiguous,,,1868,,200,https://catalogues.royalsociety.org/calmview/Record.aspx?src=CalmView.Persons&id=NA1157,
RS_PAST_NA1160,NA1160,John,1791,https://catalogues.royalsociety.org/calmview/Record.aspx?src=CalmView.Persons&id=NA1160,,missing,,,1744,,200,https://catalogues.royalsociety.org/calmview/Record.aspx?src=CalmView.Persons&id=NA1160,
RS_PAST_NA1175,NA1175,Benjamin,1746,https://catalogues.royalsociety.org/calmview/Record.aspx?src=CalmView.Persons&id=NA1175,,missing,,,,,200,https://catalogues.royalsociety.org/calmview/Record.aspx?src=CalmView.Persons&id=NA1175,
RS_PAST_NA1179,NA1179,James,1837,https://catalogues.royalsociety.org/calmview/Record.aspx?src=CalmView.Persons&id=NA1179,1772,year_only,,1772,1772,1,200,https://catalogues.royalsociety.org/calmview/Record.aspx?src=CalmView.Persons&id=NA1179,
RS_PAST_NA1183,NA1183,Thomas,1740,https://catalogues.royalsociety.org/calmview/Record.aspx?src=CalmView.Persons&id=NA1183,1696,year_only,,1696,1696,1,200,https://catalogues.royalsociety.org/calmview/Record.aspx?src=CalmView.Persons&id=NA1183,
RS_PAST_NA1185,NA1185,Giulio,1740,https://catalogues.royalsociety.org/calmview/Record.aspx?src=CalmView.Persons&id=NA1185,,missing,,,,,200,https://catalogues.royalsociety.org/calmview/Record.aspx?src=CalmView.Persons&id=NA1185,
RS_PAST_NA1186,NA1186,Francis Philip,1741,https://catalogues.royalsociety.org/calmview/Record.aspx?src=CalmView.Persons&id=NA1186,,missing,,,,,200,https://catalogues.royalsociety.org/calmview/Record.aspx?src=CalmView.Persons&id=NA1186,
RS_PAST_NA1197,NA1197,John,1742,https://catalogues.royalsociety.org/calmview/Record.aspx?src=CalmView.Persons&id=NA1197,c 1716,circa_year,,1716,1716,1,200,https://catalogues.royalsociety.org/calmview/Record.aspx?src=CalmView.Persons&id=NA1197,
RS_PAST_NA1201,NA1201,William,1801,https://catalogues.royalsociety.org/calmview/Record.aspx?src=CalmView.Persons&id=NA1201,,missing,,,,,200,https://catalogues.royalsociety.org/calmview/Record.aspx?src=CalmView.Persons&id=NA1201,
RS_PAST_NA1203,NA1203,Samuel,1742,https://catalogues.royalsociety.org/calmview/Record.aspx?src=CalmView.Persons&id=NA1203,1683,year_only,,1683,1683,1,200,https://catalogues.royalsociety.org/calmview/Record.aspx?src=CalmView.Persons&id=NA1203,
RS_PAST_NA1214,NA1214,Ralph,1741,https://catalogues.royalsociety.org/calmview/Record.aspx?src=CalmView.Persons&id=NA1214,,missing,,,,,200,https://catalogues.royalsociety.org/calmview/Record.aspx?src=CalmView.Persons&id=NA1214,
RS_PAST_NA1217,NA1217,Daniel de,1741,https://catalogues.royalsociety.org/calmview/Record.aspx?src=CalmView.Persons&id=NA1217,,missing,,,1696,,200,https://catalogues.royalsociety.org/calmview/Record.aspx?src=CalmView.Persons&id=NA1217,
RS_PAST_NA1236,NA1236,Jonathan,1852,https://catalogues.royalsociety.org/calmview/Record.aspx?src=CalmView.Persons&id=NA1236,c. 1790,circa_year,,1790,1790,1,200,https://catalogues.royalsociety.org/calmview/Record.aspx?src=CalmView.Persons&id=NA1236,
RS_PAST_NA1239,NA1239,Jerome de,1741,https://catalogues.royalsociety.org/calmview/Record.aspx?src=CalmView.Persons&id=NA1239,,missing,,,1709,,200,https://catalogues.royalsociety.org/calmview/Record.aspx?src=CalmView.Persons&id=NA1239,
RS_PAST_NA1240,NA1240,James,1741,https://catalogues.royalsociety.org/calmview/Record.aspx?src=CalmView.Persons&id=NA1240,March 1705,nonstandard_or_ambiguous,,,1705,,200,https://catalogues.royalsociety.org/calmview/Record.aspx?src=CalmView.Persons&id=NA1240,
RS_PAST_NA1241,NA1241,George,1758,https://catalogues.royalsociety.org/calmview/Record.aspx?src=CalmView.Persons&id=NA1241,,missing,,,,,200,https://catalogues.royalsociety.org/calmview/Record.aspx?src=CalmView.Persons&id=NA1241,
RS_PAST_NA1244,NA1244,Charles,1742,https://catalogues.royalsociety.org/calmview/Record.aspx?src=CalmView.Persons&id=NA1244,c. 1699,circa_year,,1699,1699,1,200,https://catalogues.royalsociety.org/calmview/Record.aspx?src=CalmView.Persons&id=NA1244,
RS_PAST_NA1254,NA1254,James Henry,1806,https://catalogues.royalsociety.org/calmview/Record.aspx?src=CalmView.Persons&id=NA1254,c. 1759,circa_year,,1759,1759,1,200,https://catalogues.royalsociety.org/calmview/Record.aspx?src=CalmView.Persons&id=NA1254,
RS_PAST_NA1255,NA1255,Peter,1743,https://catalogues.royalsociety.org/calmview/Record.aspx?src=CalmView.Persons&id=NA1255,1715,year_only,,1715,1715,1,200,https://catalogues.royalsociety.org/calmview/Record.aspx?src=CalmView.Persons&id=NA1255,
RS_PAST_NA1262,NA1262,Jacobus,1680,https://catalogues.royalsociety.org/calmview/Record.aspx?src=CalmView.Persons&id=NA1262,1647,year_only,,1647,1647,1,200,https://catalogues.royalsociety.org/calmview/Record.aspx?src=CalmView.Persons&id=NA1262,
RS_PAST_NA1277,NA1277,Robert,1801,https://catalogues.royalsociety.org/calmview/Record.aspx?src=CalmView.Persons&id=NA1277,1759,year_only,,1759,1759,1,200,https://catalogues.royalsociety.org/calmview/Record.aspx?src=CalmView.Persons&id=NA1277,
RS_PAST_NA1279,NA1279,Sidney Stafford,1742,https://catalogues.royalsociety.org/calmview/Record.aspx?src=CalmView.Persons&id=NA1279,1705,year_only,,1705,1705,1,200,https://catalogues.royalsociety.org/calmview/Record.aspx?src=CalmView.Persons&id=NA1279,
RS_PAST_NA1281,NA1281,John,1764,https://catalogues.royalsociety.org/calmview/Record.aspx?src=CalmView.Persons&id=NA1281,1718,year_only,,1718,1718,1,200,https://catalogues.royalsociety.org/calmview/Record.aspx?src=CalmView.Persons&id=NA1281,
RS_PAST_NA1283,NA1283,William,1742,https://catalogues.royalsociety.org/calmview/Record.aspx?src=CalmView.Persons&id=NA1283,,missing,,,,,200,https://catalogues.royalsociety.org/calmview/Record.aspx?src=CalmView.Persons&id=NA1283,
RS_PAST_NA1284,NA1284,Coote,1731,https://catalogues.royalsociety.org/calmview/Record.aspx?src=CalmView.Persons&id=NA1284,"1695, 1697 or 1700",nonstandard_or_ambiguous,,,,,200,https://catalogues.royalsociety.org/calmview/Record.aspx?src=CalmView.Persons&id=NA1284,
RS_PAST_NA1286,NA1286,Charles,1752,https://catalogues.royalsociety.org/calmview/Record.aspx?src=CalmView.Persons&id=NA1286,1716,year_only,,1716,1716,1,200,https://catalogues.royalsociety.org/calmview/Record.aspx?src=CalmView.Persons&id=NA1286,
RS_PAST_NA1289,NA1289,Michel,1742,https://catalogues.royalsociety.org/calmview/Record.aspx?src=CalmView.Persons&id=NA1289,,missing,,,1690,,200,https://catalogues.royalsociety.org/calmview/Record.aspx?src=CalmView.Persons&id=NA1289,
RS_PAST_NA1292,NA1292,Thomas,1742,https://catalogues.royalsociety.org/calmview/Record.aspx?src=CalmView.Persons&id=NA1292,1685,year_only,,1685,1685,1,200,https://catalogues.royalsociety.org/calmview/Record.aspx?src=CalmView.Persons&id=NA1292,
RS_PAST_NA1296,NA1296,James,1743,https://catalogues.royalsociety.org/calmview/Record.aspx?src=CalmView.Persons&id=NA1296,,missing,,,,,200,https://catalogues.royalsociety.org/calmview/Record.aspx?src=CalmView.Persons&id=NA1296,
RS_PAST_NA1298,NA1298,Charles,1743,https://catalogues.royalsociety.org/calmview/Record.aspx?src=CalmView.Persons&id=NA1298,1714,year_only,,1714,1714,1,200,https://catalogues.royalsociety.org/calmview/Record.aspx?src=CalmView.Persons&id=NA1298,
RS_PAST_NA1301,NA1301,Kennedy Joseph Previte,1921,https://catalogues.royalsociety.org/calmview/Record.aspx?src=CalmView.Persons&id=NA1301,,missing,,,,,200,https://catalogues.royalsociety.org/calmview/Record.aspx?src=CalmView.Persons&id=NA1301,
RS_PAST_NA1302,NA1302,Stephen,1797,https://catalogues.royalsociety.org/calmview/Record.aspx?src=CalmView.Persons&id=NA1302,,missing,,,,,200,https://catalogues.royalsociety.org/calmview/Record.aspx?src=CalmView.Persons&id=NA1302,
RS_PAST_NA1305,NA1305,John,1790,https://catalogues.royalsociety.org/calmview/Record.aspx?src=CalmView.Persons&id=NA1305,1752 or 1753,nonstandard_or_ambiguous,,,,,200,https://catalogues.royalsociety.org/calmview/Record.aspx?src=CalmView.Persons&id=NA1305,
RS_PAST_NA1307,NA1307,William,1742,https://catalogues.royalsociety.org/calmview/Record.aspx?src=CalmView.Persons&id=NA1307,,missing,,,1719,,200,https://catalogues.royalsociety.org/calmview/Record.aspx?src=CalmView.Persons&id=NA1307,
RS_PAST_NA1332,NA1332,George,1743,https://catalogues.royalsociety.org/calmview/Record.aspx?src=CalmView.Persons&id=NA1332,,missing,,,,,200,https://catalogues.royalsociety.org/calmview/Record.aspx?src=CalmView.Persons&id=NA1332,
RS_PAST_NA1337,NA1337,James,1803,https://catalogues.royalsociety.org/calmview/Record.aspx?src=CalmView.Persons&id=NA1337,1749,year_only,,1749,1749,1,200,https://catalogues.royalsociety.org/calmview/Record.aspx?src=CalmView.Persons&id=NA1337,
RS_PAST_NA1344,NA1344,Olaus Magnus Friedrich Erdmann,1874,https://catalogues.royalsociety.org/calmview/Record.aspx?src=CalmView.Persons&id=NA1344,1840,year_only,,1840,1840,1,200,https://catalogues.royalsociety.org/calmview/Record.aspx?src=CalmView.Persons&id=NA1344,
RS_PAST_NA1363,NA1363,William James,1900,https://catalogues.royalsociety.org/calmview/Record.aspx?src=CalmView.Persons&id=NA1363,1847,year_only,,1847,1847,1,200,https://catalogues.royalsociety.org/calmview/Record.aspx?src=CalmView.Persons&id=NA1363,
RS_PAST_NA1364,NA1364,John,1748,https://catalogues.royalsociety.org/calmview/Record.aspx?src=CalmView.Persons&id=NA1364,,missing,,,,,200,https://catalogues.royalsociety.org/calmview/Record.aspx?src=CalmView.Persons&id=NA1364,
RS_PAST_NA1372,NA1372,Henry,1743,https://catalogues.royalsociety.org/calmview/Record.aspx?src=CalmView.Persons&id=NA1372,,missing,,,1715,,200,https://catalogues.royalsociety.org/calmview/Record.aspx?src=CalmView.Persons&id=NA1372,
RS_PAST_NA1374,NA1374,Hugh,1748,https://catalogues.royalsociety.org/calmview/Record.aspx?src=CalmView.Persons&id=NA1374,,missing,,,,,200,https://catalogues.royalsociety.org/calmview/Record.aspx?src=CalmView.Persons&id=NA1374,
RS_PAST_NA1378,NA1378,Jean,1743,https://catalogues.royalsociety.org/calmview/Record.aspx?src=CalmView.Persons&id=NA1378,,missing,,,,,200,https://catalogues.royalsociety.org/calmview/Record.aspx?src=CalmView.Persons&id=NA1378,
RS_PAST_NA1380,NA1380,George Robert,1865,https://catalogues.royalsociety.org/calmview/Record.aspx?src=CalmView.Persons&id=NA1380,?08 July 1808,nonstandard_or_ambiguous,,,1808,,200,https://catalogues.royalsociety.org/calmview/Record.aspx?src=CalmView.Persons&id=NA1380,
RS_PAST_NA1383,NA1383,Solomon,1743,https://catalogues.royalsociety.org/calmview/Record.aspx?src=CalmView.Persons&id=NA1383,,missing,,,,,200,https://catalogues.royalsociety.org/calmview/Record.aspx?src=CalmView.Persons&id=NA1383,
RS_PAST_NA1384,NA1384,Daniel,1743,https://catalogues.royalsociety.org/calmview/Record.aspx?src=CalmView.Persons&id=NA1384,,missing,,,1711,,200,https://catalogues.royalsociety.org/calmview/Record.aspx?src=CalmView.Persons&id=NA1384,
RS_PAST_NA1386,NA1386,Jean Marie Francois du Parc,1744,https://catalogues.royalsociety.org/calmview/Record.aspx?src=CalmView.Persons&id=NA1386,c. 1708,circa_year,,1708,1708,1,200,https://catalogues.royalsociety.org/calmview/Record.aspx?src=CalmView.Persons&id=NA1386,
RS_PAST_NA1387,NA1387,Joseph,1703,https://catalogues.royalsociety.org/calmview/Record.aspx?src=CalmView.Persons&id=NA1387,,missing,,,1671,,200,https://catalogues.royalsociety.org/calmview/Record.aspx?src=CalmView.Persons&id=NA1387,
RS_PAST_NA1388,NA1388,Francis,1663,https://catalogues.royalsociety.org/calmview/Record.aspx?src=CalmView.Persons&id=NA1388,29 May 1594,other,,,,,200,https://catalogues.royalsociety.org/calmview/Record.aspx?src=CalmView.Persons&id=NA1388,
RS_PAST_NA1397,NA1397,Ludovicus a,1718,https://catalogues.royalsociety.org/calmview/Record.aspx?src=CalmView.Persons&id=NA1397,,missing,,,,,200,https://catalogues.royalsociety.org/calmview/Record.aspx?src=CalmView.Persons&id=NA1397,
RS_PAST_NA1404,NA1404,Edward,1696,https://catalogues.royalsociety.org/calmview/Record.aspx?src=CalmView.Persons&id=NA1404,1665,year_only,,1665,1665,1,200,https://catalogues.royalsociety.org/calmview/Record.aspx?src=CalmView.Persons&id=NA1404,
RS_PAST_NA1407,NA1407,William,1749,https://catalogues.royalsociety.org/calmview/Record.aspx?src=CalmView.Persons&id=NA1407,,missing,,,,,200,https://catalogues.royalsociety.org/calmview/Record.aspx?src=CalmView.Persons&id=NA1407,
RS_PAST_NA1409,NA1409,Matthew,1743,https://catalogues.royalsociety.org/calmview/Record.aspx?src=CalmView.Persons&id=NA1409,,missing,,,,,200,https://catalogues.royalsociety.org/calmview/Record.aspx?src=CalmView.Persons&id=NA1409,
RS_PAST_NA1417,NA1417,John,1744,https://catalogues.royalsociety.org/calmview/Record.aspx?src=CalmView.Persons&id=NA1417,,missing,,,,,200,https://catalogues.royalsociety.org/calmview/Record.aspx?src=CalmView.Persons&id=NA1417,
RS_PAST_NA1436,NA1436,Richard,1774,https://catalogues.royalsociety.org/calmview/Record.aspx?src=CalmView.Persons&id=NA1436,,missing,,,1728,,200,https://catalogues.royalsociety.org/calmview/Record.aspx?src=CalmView.Persons&id=NA1436,
RS_PAST_NA1438,NA1438,Charles,1663,https://catalogues.royalsociety.org/calmview/Record.aspx?src=CalmView.Persons&id=NA1438,c. December 1615,nonstandard_or_ambiguous,,,1615,,200,https://catalogues.royalsociety.org/calmview/Record.aspx?src=CalmView.Persons&id=NA1438,
RS_PAST_NA1440,NA1440,Benjamin,1835,https://catalogues.royalsociety.org/calmview/Record.aspx?src=CalmView.Persons&id=NA1440,c. 1807,circa_year,,1807,1807,1,200,https://catalogues.royalsociety.org/calmview/Record.aspx?src=CalmView.Persons&id=NA1440,
RS_PAST_NA1441,NA1441,Joseph,1854,https://catalogues.royalsociety.org/calmview/Record.aspx?src=CalmView.Persons&id=NA1441,,missing,,,,,200,https://catalogues.royalsociety.org/calmview/Record.aspx?src=CalmView.Persons&id=NA1441,
RS_PAST_NA1444,NA1444,Reeve,1699,https://catalogues.royalsociety.org/calmview/Record.aspx?src=CalmView.Persons&id=NA1444,,missing,,,,,200,https://catalogues.royalsociety.org/calmview/Record.aspx?src=CalmView.Persons&id=NA1444,
RS_PAST_NA1451,NA1451,Michael,1774,https://catalogues.royalsociety.org/calmview/Record.aspx?src=CalmView.Persons&id=NA1451,,missing,,,,,200,https://catalogues.royalsociety.org/calmview/Record.aspx?src=CalmView.Persons&id=NA1451,
RS_PAST_NA1454,NA1454,John,1719,https://catalogues.royalsociety.org/calmview/Record.aspx?src=CalmView.Persons&id=NA1454,,missing,,,,,200,https://catalogues.royalsociety.org/calmview/Record.aspx?src=CalmView.Persons&id=NA1454,
RS_PAST_NA1457,NA1457,Charles Romley Alder,1881,https://catalogues.royalsociety.org/calmview/Record.aspx?src=CalmView.Persons&id=NA1457,1844,year_only,,1844,1844,1,200,https://catalogues.royalsociety.org/calmview/Record.aspx?src=CalmView.Persons&id=NA1457,
RS_PAST_NA1459,NA1459,William,1745,https://catalogues.royalsociety.org/calmview/Record.aspx?src=CalmView.Persons&id=NA1459,,missing,,,,,200,https://catalogues.royalsociety.org/calmview/Record.aspx?src=CalmView.Persons&id=NA1459,
RS_PAST_NA1461,NA1461,Marco Antonio de,1736,https://catalogues.royalsociety.org/calmview/Record.aspx?src=CalmView.Persons&id=NA1461,,missing,,,1688,,200,https://catalogues.royalsociety.org/calmview/Record.aspx?src=CalmView.Persons&id=NA1461,
RS_PAST_NA1462,NA1462,Swithin,1744,https://catalogues.royalsociety.org/calmview/Record.aspx?src=CalmView.Persons&id=NA1462,1704 or 1705,nonstandard_or_ambiguous,,,1704,,200,https://catalogues.royalsociety.org/calmview/Record.aspx?src=CalmView.Persons&id=NA1462,
RS_PAST_NA1463,NA1463,Edward,1745,https://catalogues.royalsociety.org/calmview/Record.aspx?src=CalmView.Persons&id=NA1463,,missing,,,,,200,https://catalogues.royalsociety.org/calmview/Record.aspx?src=CalmView.Persons&id=NA1463,
RS_PAST_NA1466,NA1466,Giovanni Francesco Mauro Melchiorre,1745,https://catalogues.royalsociety.org/calmview/Record.aspx?src=CalmView.Persons&id=NA1466,,missing,,,1708,,200,https://catalogues.royalsociety.org/calmview/Record.aspx?src=CalmView.Persons&id=NA1466,
RS_PAST_NA1470,NA1470,John,1745,https://catalogues.royalsociety.org/calmview/Record.aspx?src=CalmView.Persons&id=NA1470,,missing,,,,,200,https://catalogues.royalsociety.org/calmview/Record.aspx?src=CalmView.Persons&id=NA1470,
RS_PAST_NA1472,NA1472,John,1663,https://catalogues.royalsociety.org/calmview/Record.aspx?src=CalmView.Persons&id=NA1472,,missing,,,1620,,200,https://catalogues.royalsociety.org/calmview/Record.aspx?src=CalmView.Persons&id=NA1472,
RS_PAST_NA1477,NA1477,George James,1854,https://catalogues.royalsociety.org/calmview/Record.aspx?src=CalmView.Persons&id=NA1477,1812,year_only,,1812,1812,1,200,https://catalogues.royalsociety.org/calmview/Record.aspx?src=CalmView.Persons&id=NA1477,
RS_PAST_NA1479,NA1479,Charles Tennyson D',1829,https://catalogues.royalsociety.org/calmview/Record.aspx?src=CalmView.Persons&id=NA1479,July 1784,nonstandard_or_ambiguous,,,1784,,200,https://catalogues.royalsociety.org/calmview/Record.aspx?src=CalmView.Persons&id=NA1479,
RS_PAST_NA1483,NA1483,John Robinson,1869,https://catalogues.royalsociety.org/calmview/Record.aspx?src=CalmView.Persons&id=NA1483,1813,year_only,,1813,1813,1,200,https://catalogues.royalsociety.org/calmview/Record.aspx?src=CalmView.Persons&id=NA1483,
RS_PAST_NA1488,NA1488,Clement Tudway,1839,https://catalogues.royalsociety.org/calmview/Record.aspx?src=CalmView.Persons&id=NA1488,1783,year_only,,1783,1783,1,200,https://catalogues.royalsociety.org/calmview/Record.aspx?src=CalmView.Persons&id=NA1488,
RS_PAST_NA1490,NA1490,Pierre,1780,https://catalogues.royalsociety.org/calmview/Record.aspx?src=CalmView.Persons&id=NA1490,,missing,,,,,200,https://catalogues.royalsociety.org/calmview/Record.aspx?src=CalmView.Persons&id=NA1490,
RS_PAST_NA1494,NA1494,Jean Baptiste de la,1747,https://catalogues.royalsociety.org/calmview/Record.aspx?src=CalmView.Persons&id=NA1494,,missing,,,,,200,https://catalogues.royalsociety.org/calmview/Record.aspx?src=CalmView.Persons&id=NA1494,
RS_PAST_NA1496,NA1496,Thomas,1665,https://catalogues.royalsociety.org/calmview/Record.aspx?src=CalmView.Persons&id=NA1496,,missing,,,1604,,200,https://catalogues.royalsociety.org/calmview/Record.aspx?src=CalmView.Persons&id=NA1496,
RS_PAST_NA1498,NA1498,William,1745,https://catalogues.royalsociety.org/calmview/Record.aspx?src=CalmView.Persons&id=NA1498,,missing,,,,,200,https://catalogues.royalsociety.org/calmview/Record.aspx?src=CalmView.Persons&id=NA1498,
RS_PAST_NA1499,NA1499,William,1748,https://catalogues.royalsociety.org/calmview/Record.aspx?src=CalmView.Persons&id=NA1499,,missing,,,,,200,https://catalogues.royalsociety.org/calmview/Record.aspx?src=CalmView.Persons&id=NA1499,
RS_PAST_NA1501,NA1501,James,1884,https://catalogues.royalsociety.org/calmview/Record.aspx?src=CalmView.Persons&id=NA1501,1824,year_only,,1824,1824,1,200,https://catalogues.royalsociety.org/calmview/Record.aspx?src=CalmView.Persons&id=NA1501,
RS_PAST_NA1505,NA1505,James Meadows,1843,https://catalogues.royalsociety.org/calmview/Record.aspx?src=CalmView.Persons&id=NA1505,December 1799,nonstandard_or_ambiguous,,,1799,,200,https://catalogues.royalsociety.org/calmview/Record.aspx?src=CalmView.Persons&id=NA1505,
RS_PAST_NA1516,NA1516,Francis,1746,https://catalogues.royalsociety.org/calmview/Record.aspx?src=CalmView.Persons&id=NA1516,1708,year_only,,1708,1708,1,200,https://catalogues.royalsociety.org/calmview/Record.aspx?src=CalmView.Persons&id=NA1516,
RS_PAST_NA1517,NA1517,Daniel Peter,1747,https://catalogues.royalsociety.org/calmview/Record.aspx?src=CalmView.Persons&id=NA1517,1721,year_only,,1721,1721,1,200,https://catalogues.royalsociety.org/calmview/Record.aspx?src=CalmView.Persons&id=NA1517,
RS_PAST_NA1518,NA1518,Edwin,1839,https://catalogues.royalsociety.org/calmview/Record.aspx?src=CalmView.Persons&id=NA1518,1800,year_only,,1800,1800,1,200,https://catalogues.royalsociety.org/calmview/Record.aspx?src=CalmView.Persons&id=NA1518,
RS_PAST_NA1519,NA1519,Percy Fry,1924,https://catalogues.royalsociety.org/calmview/Record.aspx?src=CalmView.Persons&id=NA1519,,missing,,,,,200,https://catalogues.royalsociety.org/calmview/Record.aspx?src=CalmView.Persons&id=NA1519,
RS_PAST_NA1522,NA1522,Thomas,1838,https://catalogues.royalsociety.org/calmview/Record.aspx?src=CalmView.Persons&id=NA1522,,missing,,,,,200,https://catalogues.royalsociety.org/calmview/Record.aspx?src=CalmView.Persons&id=NA1522,
RS_PAST_NA1531,NA1531,James Raymond,1837,https://catalogues.royalsociety.org/calmview/Record.aspx?src=CalmView.Persons&id=NA1531,1805,year_only,,1805,1805,1,200,https://catalogues.royalsociety.org/calmview/Record.aspx?src=CalmView.Persons&id=NA1531,
RS_PAST_NA1535,NA1535,Peter,1746,https://catalogues.royalsociety.org/calmview/Record.aspx?src=CalmView.Persons&id=NA1535,,missing,,,,,200,https://catalogues.royalsociety.org/calmview/Record.aspx?src=CalmView.Persons&id=NA1535,
RS_PAST_NA1537,NA1537,George,1834,https://catalogues.royalsociety.org/calmview/Record.aspx?src=CalmView.Persons&id=NA1537,1788,year_only,,1788,1788,1,200,https://catalogues.royalsociety.org/calmview/Record.aspx?src=CalmView.Persons&id=NA1537,
RS_PAST_NA1548,NA1548,Thomas,1866,https://catalogues.royalsociety.org/calmview/Record.aspx?src=CalmView.Persons&id=NA1548,,missing,,,,,200,https://catalogues.royalsociety.org/calmview/Record.aspx?src=CalmView.Persons&id=NA1548,
RS_PAST_NA1552,NA1552,Edward,1746,https://catalogues.royalsociety.org/calmview/Record.aspx?src=CalmView.Persons&id=NA1552,,missing,,,,,200,https://catalogues.royalsociety.org/calmview/Record.aspx?src=CalmView.Persons&id=NA1552,
RS_PAST_NA1554,NA1554,John,1747,https://catalogues.royalsociety.org/calmview/Record.aspx?src=CalmView.Persons&id=NA1554,,missing,,,,,200,https://catalogues.royalsociety.org/calmview/Record.aspx?src=CalmView.Persons&id=NA1554,
RS_PAST_NA1556,NA1556,Samuel,1746,https://catalogues.royalsociety.org/calmview/Record.aspx?src=CalmView.Persons&id=NA1556,1713,year_only,,1713,1713,1,200,https://catalogues.royalsociety.org/calmview/Record.aspx?src=CalmView.Persons&id=NA1556,
RS_PAST_NA1558,NA1558,Rice,1748,https://catalogues.royalsociety.org/calmview/Record.aspx?src=CalmView.Persons&id=NA1558,,missing,,,1710,,200,https://catalogues.royalsociety.org/calmview/Record.aspx?src=CalmView.Persons&id=NA1558,
RS_PAST_NA1560,NA1560,Peter,1747,https://catalogues.royalsociety.org/calmview/Record.aspx?src=CalmView.Persons&id=NA1560,c. 1719,circa_year,,1719,1719,1,200,https://catalogues.royalsociety.org/calmview/Record.aspx?src=CalmView.Persons&id=NA1560,
RS_PAST_NA1563,NA1563,Isaac,1750,https://catalogues.royalsociety.org/calmview/Record.aspx?src=CalmView.Persons&id=NA1563,,missing,,,,,200,https://catalogues.royalsociety.org/calmview/Record.aspx?src=CalmView.Persons&id=NA1563,
RS_PAST_NA1564,NA1564,Thomas,1718,https://catalogues.royalsociety.org/calmview/Record.aspx?src=CalmView.Persons&id=NA1564,1655,year_only,,1655,1655,1,200,https://catalogues.royalsociety.org/calmview/Record.aspx?src=CalmView.Persons&id=NA1564,
RS_PAST_NA1565,NA1565,Evan,1820,https://catalogues.royalsociety.org/calmview/Record.aspx?src=CalmView.Persons&id=NA1565,1751,year_only,,1751,1751,1,200,https://catalogues.royalsociety.org/calmview/Record.aspx?src=CalmView.Persons&id=NA1565,
RS_PAST_NA1569,NA1569,Xaverius,1756,https://catalogues.royalsociety.org/calmview/Record.aspx?src=CalmView.Persons&id=NA1569,1723,year_only,,1723,1723,1,200,https://catalogues.royalsociety.org/calmview/Record.aspx?src=CalmView.Persons&id=NA1569,
RS_PAST_NA1576,NA1576,Falco,1747,https://catalogues.royalsociety.org/calmview/Record.aspx?src=CalmView.Persons&id=NA1576,,missing,,,,,200,https://catalogues.royalsociety.org/calmview/Record.aspx?src=CalmView.Persons&id=NA1576,
RS_PAST_NA1577,NA1577,Joshua,1747,https://catalogues.royalsociety.org/calmview/Record.aspx?src=CalmView.Persons&id=NA1577,c. 1716,circa_year,,1716,1716,1,200,https://catalogues.royalsociety.org/calmview/Record.aspx?src=CalmView.Persons&id=NA1577,
RS_PAST_NA1579,NA1579,Giovanni Giacomo,1746,https://catalogues.royalsociety.org/calmview/Record.aspx?src=CalmView.Persons&id=NA1579,1676,year_only,,1676,1676,1,200,https://catalogues.royalsociety.org/calmview/Record.aspx?src=CalmView.Persons&id=NA1579,
RS_PAST_NA1582,NA1582,Nicholas,1749,https://catalogues.royalsociety.org/calmview/Record.aspx?src=CalmView.Persons&id=NA1582,c. 1721,circa_year,,1721,1721,1,200,https://catalogues.royalsociety.org/calmview/Record.aspx?src=CalmView.Persons&id=NA1582,
RS_PAST_NA1583,NA1583,Loftus Longueville Tottenham,1820,https://catalogues.royalsociety.org/calmview/Record.aspx?src=CalmView.Persons&id=NA1583,? 1794,nonstandard_or_ambiguous,,,,,200,https://catalogues.royalsociety.org/calmview/Record.aspx?src=CalmView.Persons&id=NA1583,
RS_PAST_NA1586,NA1586,Antonio Freyre de,1749,https://catalogues.royalsociety.org/calmview/Record.aspx?src=CalmView.Persons&id=NA1586,,missing,,,,,200,https://catalogues.royalsociety.org/calmview/Record.aspx?src=CalmView.Persons&id=NA1586,
RS_PAST_NA1598,NA1598,Owen Salusbury,1762,https://catalogues.royalsociety.org/calmview/Record.aspx?src=CalmView.Persons&id=NA1598,1715,year_only,,1715,1715,1,200,https://catalogues.royalsociety.org/calmview/Record.aspx?src=CalmView.Persons&id=NA1598,
RS_PAST_NA1601,NA1601,George,1748,https://catalogues.royalsociety.org/calmview/Record.aspx?src=CalmView.Persons&id=NA1601,c. 1721,circa_year,,1721,1721,1,200,https://catalogues.royalsociety.org/calmview/Record.aspx?src=CalmView.Persons&id=NA1601,
RS_PAST_NA1616,NA1616,William,1838,https://catalogues.royalsociety.org/calmview/Record.aspx?src=CalmView.Persons&id=NA1616,1808,year_only,,1808,1808,1,200,https://catalogues.royalsociety.org/calmview/Record.aspx?src=CalmView.Persons&id=NA1616,
RS_PAST_NA1617,NA1617,William Henry,1870,https://catalogues.royalsociety.org/calmview/Record.aspx?src=CalmView.Persons&id=NA1617,,missing,,,,,200,https://catalogues.royalsociety.org/calmview/Record.aspx?src=CalmView.Persons&id=NA1617,
RS_PAST_NA1622,NA1622,Robert,1708,https://catalogues.royalsociety.org/calmview/Record.aspx?src=CalmView.Persons&id=NA1622,,missing,,,,,200,https://catalogues.royalsociety.org/calmview/Record.aspx?src=CalmView.Persons&id=NA1622,
RS_PAST_NA1628,NA1628,Henry,1807,https://catalogues.royalsociety.org/calmview/Record.aspx?src=CalmView.Persons&id=NA1628,1750,year_only,,1750,1750,1,200,https://catalogues.royalsociety.org/calmview/Record.aspx?src=CalmView.Persons&id=NA1628,
RS_PAST_NA1629,NA1629,William Charles,1979,https://catalogues.royalsociety.org/calmview/Record.aspx?src=CalmView.Persons&id=NA1629,,missing,,,,,200,https://catalogues.royalsociety.org/calmview/Record.aspx?src=CalmView.Persons&id=NA1629,
RS_PAST_NA1634,NA1634,Benjamin,1687,https://catalogues.royalsociety.org/calmview/Record.aspx?src=CalmView.Persons&id=NA1634,,missing,,,,,200,https://catalogues.royalsociety.org/calmview/Record.aspx?src=CalmView.Persons&id=NA1634,
RS_PAST_NA1635,NA1635,Gerald Beresford,1965,https://catalogues.royalsociety.org/calmview/Record.aspx?src=CalmView.Persons&id=NA1635,,missing,,,,,200,https://catalogues.royalsociety.org/calmview/Record.aspx?src=CalmView.Persons&id=NA1635,
RS_PAST_NA164,NA164,Thomas,1708,https://catalogues.royalsociety.org/calmview/Record.aspx?src=CalmView.Persons&id=NA164,,missing,,,,,200,https://catalogues.royalsociety.org/calmview/Record.aspx?src=CalmView.Persons&id=NA164,
RS_PAST_NA1641,NA1641,Henry Charles,1778,https://catalogues.royalsociety.org/calmview/Record.aspx?src=CalmView.Persons&id=NA1641,1752,year_only,,1752,1752,1,200,https://catalogues.royalsociety.org/calmview/Record.aspx?src=CalmView.Persons&id=NA1641,
RS_PAST_NA1644,NA1644,Robert,1810,https://catalogues.royalsociety.org/calmview/Record.aspx?src=CalmView.Persons&id=NA1644,,missing,,,1773,,200,https://catalogues.royalsociety.org/calmview/Record.aspx?src=CalmView.Persons&id=NA1644,
RS_PAST_NA1646,NA1646,George,1812,https://catalogues.royalsociety.org/calmview/Record.aspx?src=CalmView.Persons&id=NA1646,1762,year_only,,1762,1762,1,200,https://catalogues.royalsociety.org/calmview/Record.aspx?src=CalmView.Persons&id=NA1646,
RS_PAST_NA1647,NA1647,George,1846,https://catalogues.royalsociety.org/calmview/Record.aspx?src=CalmView.Persons&id=NA1647,17 or 22 November 1805,nonstandard_or_ambiguous,,,1805,,200,https://catalogues.royalsociety.org/calmview/Record.aspx?src=CalmView.Persons&id=NA1647,
RS_PAST_NA1655,NA1655,Nicholas James Sutherland,1846,https://catalogues.royalsociety.org/calmview/Record.aspx?src=CalmView.Persons&id=NA1655,1796,year_only,,1796,1796,1,200,https://catalogues.royalsociety.org/calmview/Record.aspx?src=CalmView.Persons&id=NA1655,
RS_PAST_NA1659,NA1659,George Hartley,1895,https://catalogues.royalsociety.org/calmview/Record.aspx?src=CalmView.Persons&id=NA1659,,missing,,,,,200,https://catalogues.royalsociety.org/calmview/Record.aspx?src=CalmView.Persons&id=NA1659,
RS_PAST_NA166,NA166,Richard Dugard,1846,https://catalogues.royalsociety.org/calmview/Record.aspx?src=CalmView.Persons&id=NA166,1801,year_only,,1801,1801,1,200,https://catalogues.royalsociety.org/calmview/Record.aspx?src=CalmView.Persons&id=NA166,
RS_PAST_NA1663,NA1663,Thomas,1826,https://catalogues.royalsociety.org/calmview/Record.aspx?src=CalmView.Persons&id=NA1663,1772,year_only,,1772,1772,1,200,https://catalogues.royalsociety.org/calmview/Record.aspx?src=CalmView.Persons&id=NA1663,
RS_PAST_NA1667,NA1667,Peter,1752,https://catalogues.royalsociety.org/calmview/Record.aspx?src=CalmView.Persons&id=NA1667,1694,year_only,,1694,1694,1,200,https://catalogues.royalsociety.org/calmview/Record.aspx?src=CalmView.Persons&id=NA1667,
RS_PAST_NA167,NA167,William,1731,https://catalogues.royalsociety.org/calmview/Record.aspx?src=CalmView.Persons&id=NA167,1704,year_only,,1704,1704,1,200,https://catalogues.royalsociety.org/calmview/Record.aspx?src=CalmView.Persons&id=NA167,
RS_PAST_NA1698,NA1698,Stephen,1724,https://catalogues.royalsociety.org/calmview/Record.aspx?src=CalmView.Persons&id=NA1698,,missing,,,,,200,https://catalogues.royalsociety.org/calmview/Record.aspx?src=CalmView.Persons&id=NA1698,
RS_PAST_NA1715,NA1715,John,1786,https://catalogues.royalsociety.org/calmview/Record.aspx?src=CalmView.Persons&id=NA1715,c. 1730,circa_year,,1730,1730,1,200,https://catalogues.royalsociety.org/calmview/Record.aspx?src=CalmView.Persons&id=NA1715,
RS_PAST_NA174,NA174,William Henry Cavendish,1766,https://catalogues.royalsociety.org/calmview/Record.aspx?src=CalmView.Persons&id=NA174,1738,year_only,,1738,1738,1,200,https://catalogues.royalsociety.org/calmview/Record.aspx?src=CalmView.Persons&id=NA174,
RS_PAST_NA1747,NA1747,Thomas,1781,https://catalogues.royalsociety.org/calmview/Record.aspx?src=CalmView.Persons&id=NA1747,c. 1749,circa_year,,1749,1749,1,200,https://catalogues.royalsociety.org/calmview/Record.aspx?src=CalmView.Persons&id=NA1747,
RS_PAST_NA1751,NA1751,Henry,1886,https://catalogues.royalsociety.org/calmview/Record.aspx?src=CalmView.Persons&id=NA1751,before 17 February 1833,nonstandard_or_ambiguous,,,1833,,200,https://catalogues.royalsociety.org/calmview/Record.aspx?src=CalmView.Persons&id=NA1751,
RS_PAST_NA1790,NA1790,John,1808,https://catalogues.royalsociety.org/calmview/Record.aspx?src=CalmView.Persons&id=NA1790,c. 1766,circa_year,,1766,1766,1,200,https://catalogues.royalsociety.org/calmview/Record.aspx?src=CalmView.Persons&id=NA1790,
RS_PAST_NA1799,NA1799,Robert,1682,https://catalogues.royalsociety.org/calmview/Record.aspx?src=CalmView.Persons&id=NA1799,1653,year_only,,1653,1653,1,200,https://catalogues.royalsociety.org/calmview/Record.aspx?src=CalmView.Persons&id=NA1799,
RS_PAST_NA1806,NA1806,Matthew,1782,https://catalogues.royalsociety.org/calmview/Record.aspx?src=CalmView.Persons&id=NA1806,,missing,,,,,200,https://catalogues.royalsociety.org/calmview/Record.aspx?src=CalmView.Persons&id=NA1806,
RS_PAST_NA183,NA183,Benjamin,1731,https://catalogues.royalsociety.org/calmview/Record.aspx?src=CalmView.Persons&id=NA183,1692,year_only,,1692,1692,1,200,https://catalogues.royalsociety.org/calmview/Record.aspx?src=CalmView.Persons&id=NA183,
RS_PAST_NA184,NA184,Johann Baptist,1762,https://catalogues.royalsociety.org/calmview/Record.aspx?src=CalmView.Persons&id=NA184,,missing,,,,,200,https://catalogues.royalsociety.org/calmview/Record.aspx?src=CalmView.Persons&id=NA184,
RS_PAST_NA1848,NA1848,Philip Henry,1727,https://catalogues.royalsociety.org/calmview/Record.aspx?src=CalmView.Persons&id=NA1848,,missing,,,,,200,https://catalogues.royalsociety.org/calmview/Record.aspx?src=CalmView.Persons&id=NA1848,
RS_PAST_NA185,NA185,Justin,1770,https://catalogues.royalsociety.org/calmview/Record.aspx?src=CalmView.Persons&id=NA185,,missing,,,,,200,https://catalogues.royalsociety.org/calmview/Record.aspx?src=CalmView.Persons&id=NA185,
RS_PAST_NA1850,NA1850,Joannes Sigismundus Augustus,1730,https://catalogues.royalsociety.org/calmview/Record.aspx?src=CalmView.Persons&id=NA1850,,missing,,,,,200,https://catalogues.royalsociety.org/calmview/Record.aspx?src=CalmView.Persons&id=NA1850,
RS_PAST_NA186,NA186,Andrew,1738,https://catalogues.royalsociety.org/calmview/Record.aspx?src=CalmView.Persons&id=NA186,,missing,,,,,200,https://catalogues.royalsociety.org/calmview/Record.aspx?src=CalmView.Persons&id=NA186,
RS_PAST_NA1862,NA1862,Mohammed Ben Ali,1726,https://catalogues.royalsociety.org/calmview/Record.aspx?src=CalmView.Persons&id=NA1862,,missing,,,,,200,https://catalogues.royalsociety.org/calmview/Record.aspx?src=CalmView.Persons&id=NA1862,
RS_PAST_NA1871,NA1871,Daniel,1761,https://catalogues.royalsociety.org/calmview/Record.aspx?src=CalmView.Persons&id=NA1871,,missing,,,1712,,200,https://catalogues.royalsociety.org/calmview/Record.aspx?src=CalmView.Persons&id=NA1871,
RS_PAST_NA189,NA189,Joao,1757,https://catalogues.royalsociety.org/calmview/Record.aspx?src=CalmView.Persons&id=NA189,,missing,,,1719,,200,https://catalogues.royalsociety.org/calmview/Record.aspx?src=CalmView.Persons&id=NA189,
RS_PAST_NA1898,NA1898,Morrison,1884,https://catalogues.royalsociety.org/calmview/Record.aspx?src=CalmView.Persons&id=NA1898,1845 or 1846,nonstandard_or_ambiguous,,,1846,,200,https://catalogues.royalsociety.org/calmview/Record.aspx?src=CalmView.Persons&id=NA1898,
RS_PAST_NA1907,NA1907,Fane William,1764,https://catalogues.royalsociety.org/calmview/Record.aspx?src=CalmView.Persons&id=NA1907,c. 1727,circa_year,,1727,1727,1,200,https://catalogues.royalsociety.org/calmview/Record.aspx?src=CalmView.Persons&id=NA1907,
RS_PAST_NA1925,NA1925,Orlando,1696,https://catalogues.royalsociety.org/calmview/Record.aspx?src=CalmView.Persons&id=NA1925,,missing,,,,,200,https://catalogues.royalsociety.org/calmview/Record.aspx?src=CalmView.Persons&id=NA1925,
RS_PAST_NA1935,NA1935,Frederick Augusta,1790,https://catalogues.royalsociety.org/calmview/Record.aspx?src=CalmView.Persons&id=NA1935,c. 1743,circa_year,,1743,1743,1,200,https://catalogues.royalsociety.org/calmview/Record.aspx?src=CalmView.Persons&id=NA1935,
RS_PAST_NA196,NA196,William,1794,https://catalogues.royalsociety.org/calmview/Record.aspx?src=CalmView.Persons&id=NA196,,missing,,,,,200,https://catalogues.royalsociety.org/calmview/Record.aspx?src=CalmView.Persons&id=NA196,
RS_PAST_NA200,NA200,Ambrose,1722,https://catalogues.royalsociety.org/calmview/Record.aspx?src=CalmView.Persons&id=NA200,c. 1687,circa_year,,1687,1687,1,200,https://catalogues.royalsociety.org/calmview/Record.aspx?src=CalmView.Persons&id=NA200,
RS_PAST_NA2029,NA2029,William,1721,https://catalogues.royalsociety.org/calmview/Record.aspx?src=CalmView.Persons&id=NA2029,,missing,,,,,200,https://catalogues.royalsociety.org/calmview/Record.aspx?src=CalmView.Persons&id=NA2029,
RS_PAST_NA203,NA203,John Frederick,1844,https://catalogues.royalsociety.org/calmview/Record.aspx?src=CalmView.Persons&id=NA203,January 1815,nonstandard_or_ambiguous,,,1815,,200,https://catalogues.royalsociety.org/calmview/Record.aspx?src=CalmView.Persons&id=NA203,
RS_PAST_NA207,NA207,Richard,1767,https://catalogues.royalsociety.org/calmview/Record.aspx?src=CalmView.Persons&id=NA207,,missing,,,,,200,https://catalogues.royalsociety.org/calmview/Record.aspx?src=CalmView.Persons&id=NA207,
RS_PAST_NA208,NA208,Robert James,1831,https://catalogues.royalsociety.org/calmview/Record.aspx?src=CalmView.Persons&id=NA208,1774,year_only,,1774,1774,1,200,https://catalogues.royalsociety.org/calmview/Record.aspx?src=CalmView.Persons&id=NA208,
RS_PAST_NA209,NA209,Edward,1726,https://catalogues.royalsociety.org/calmview/Record.aspx?src=CalmView.Persons&id=NA209,,missing,,,,,200,https://catalogues.royalsociety.org/calmview/Record.aspx?src=CalmView.Persons&id=NA209,
RS_PAST_NA212,NA212,John Gorham,1847,https://catalogues.royalsociety.org/calmview/Record.aspx?src=CalmView.Persons&id=NA212,1818,year_only,,1818,1818,1,200,https://catalogues.royalsociety.org/calmview/Record.aspx?src=CalmView.Persons&id=NA212,
RS_PAST_NA2158,NA2158,Edward,1802,https://catalogues.royalsociety.org/calmview/Record.aspx?src=CalmView.Persons&id=NA2158,,missing,,,,,200,https://catalogues.royalsociety.org/calmview/Record.aspx?src=CalmView.Persons&id=NA2158,
RS_PAST_NA216,NA216,Charles William,1803,https://catalogues.royalsociety.org/calmview/Record.aspx?src=CalmView.Persons&id=NA216,1764,year_only,,1764,1764,1,200,https://catalogues.royalsociety.org/calmview/Record.aspx?src=CalmView.Persons&id=NA216,
RS_PAST_NA2166,NA2166,Frederick John Owen,1862,https://catalogues.royalsociety.org/calmview/Record.aspx?src=CalmView.Persons&id=NA2166,09 or 25 March 1815,nonstandard_or_ambiguous,,,1815,,200,https://catalogues.royalsociety.org/calmview/Record.aspx?src=CalmView.Persons&id=NA2166,
RS_PAST_NA2172,NA2172,Roger,1744,https://catalogues.royalsociety.org/calmview/Record.aspx?src=CalmView.Persons&id=NA2172,c. 1720,circa_year,,1720,1720,1,200,https://catalogues.royalsociety.org/calmview/Record.aspx?src=CalmView.Persons&id=NA2172,
RS_PAST_NA218,NA218,John Smith De,1753,https://catalogues.royalsociety.org/calmview/Record.aspx?src=CalmView.Persons&id=NA218,1720,year_only,,1720,1720,1,200,https://catalogues.royalsociety.org/calmview/Record.aspx?src=CalmView.Persons&id=NA218,
RS_PAST_NA2195,NA2195,Murdoch,1774,https://catalogues.royalsociety.org/calmview/Record.aspx?src=CalmView.Persons&id=NA2195,1712,year_only,,1712,1712,1,200,https://catalogues.royalsociety.org/calmview/Record.aspx?src=CalmView.Persons&id=NA2195,
RS_PAST_NA2200,NA2200,William,1817,https://catalogues.royalsociety.org/calmview/Record.aspx?src=CalmView.Persons&id=NA2200,c1756,circa_year,,1756,1756,1,200,https://catalogues.royalsociety.org/calmview/Record.aspx?src=CalmView.Persons&id=NA2200,
RS_PAST_NA2201,NA2201,Martin,1699,https://catalogues.royalsociety.org/calmview/Record.aspx?src=CalmView.Persons&id=NA2201,c 1671,circa_year,,1671,1671,1,200,https://catalogues.royalsociety.org/calmview/Record.aspx?src=CalmView.Persons&id=NA2201,
RS_PAST_NA2211,NA2211,Frederick John,1894,https://catalogues.royalsociety.org/calmview/Record.aspx?src=CalmView.Persons&id=NA2211,,missing,,,,,200,https://catalogues.royalsociety.org/calmview/Record.aspx?src=CalmView.Persons&id=NA2211,
RS_PAST_NA2217,NA2217,Andrew,1857,https://catalogues.royalsociety.org/calmview/Record.aspx?src=CalmView.Persons&id=NA2217,1797,year_only,,1797,1797,1,200,https://catalogues.royalsociety.org/calmview/Record.aspx?src=CalmView.Persons&id=NA2217,
RS_PAST_NA2225,NA2225,Daniel,1665,https://catalogues.royalsociety.org/calmview/Record.aspx?src=CalmView.Persons&id=NA2225,1640,year_only,,1640,1640,1,200,https://catalogues.royalsociety.org/calmview/Record.aspx?src=CalmView.Persons&id=NA2225,
RS_PAST_NA2231,NA2231,Sholto Charles,1754,https://catalogues.royalsociety.org/calmview/Record.aspx?src=CalmView.Persons&id=NA2231,1732,year_only,,1732,1732,1,200,https://catalogues.royalsociety.org/calmview/Record.aspx?src=CalmView.Persons&id=NA2231,
RS_PAST_NA225,NA225,John,1764,https://catalogues.royalsociety.org/calmview/Record.aspx?src=CalmView.Persons&id=NA225,,missing,,,,,200,https://catalogues.royalsociety.org/calmview/Record.aspx?src=CalmView.Persons&id=NA225,
RS_PAST_NA2250,NA2250,Ernst Christoph,1748,https://catalogues.royalsociety.org/calmview/Record.aspx?src=CalmView.Persons&id=NA2250,1676,year_only,,1676,1676,1,200,https://catalogues.royalsociety.org/calmview/Record.aspx?src=CalmView.Persons&id=NA2250,
RS_PAST_NA2252,NA2252,Nicholas de,1749,https://catalogues.royalsociety.org/calmview/Record.aspx?src=CalmView.Persons&id=NA2252,,missing,,,,,200,https://catalogues.royalsociety.org/calmview/Record.aspx?src=CalmView.Persons&id=NA2252,
RS_PAST_NA2253,NA2253,Jeremiah,1730,https://catalogues.royalsociety.org/calmview/Record.aspx?src=CalmView.Persons&id=NA2253,,missing,,,,,200,https://catalogues.royalsociety.org/calmview/Record.aspx?src=CalmView.Persons&id=NA2253,
RS_PAST_NA2254,NA2254,William Windham,1749,https://catalogues.royalsociety.org/calmview/Record.aspx?src=CalmView.Persons&id=NA2254,,missing,,,,,200,https://catalogues.royalsociety.org/calmview/Record.aspx?src=CalmView.Persons&id=NA2254,
RS_PAST_NA2255,NA2255,Ernst Boris,1949,https://catalogues.royalsociety.org/calmview/Record.aspx?src=CalmView.Persons&id=NA2255,,missing,,,,,200,https://catalogues.royalsociety.org/calmview/Record.aspx?src=CalmView.Persons&id=NA2255,
RS_PAST_NA2258,NA2258,Thomas,1773,https://catalogues.royalsociety.org/calmview/Record.aspx?src=CalmView.Persons&id=NA2258,c. 1740,circa_year,,1740,1740,1,200,https://catalogues.royalsociety.org/calmview/Record.aspx?src=CalmView.Persons&id=NA2258,
RS_PAST_NA226,NA226,Thomas,1726,https://catalogues.royalsociety.org/calmview/Record.aspx?src=CalmView.Persons&id=NA226,,missing,,,,,200,https://catalogues.royalsociety.org/calmview/Record.aspx?src=CalmView.Persons&id=NA226,
RS_PAST_NA2262,NA2262,William Vesey,1816,https://catalogues.royalsociety.org/calmview/Record.aspx?src=CalmView.Persons&id=NA2262,1783,year_only,,1783,1783,1,200,https://catalogues.royalsociety.org/calmview/Record.aspx?src=CalmView.Persons&id=NA2262,
RS_PAST_NA2276,NA2276,George,1750,https://catalogues.royalsociety.org/calmview/Record.aspx?src=CalmView.Persons&id=NA2276,,missing,,,,,200,https://catalogues.royalsociety.org/calmview/Record.aspx?src=CalmView.Persons&id=NA2276,
RS_PAST_NA2288,NA2288,Charles Maria de La,1748,https://catalogues.royalsociety.org/calmview/Record.aspx?src=CalmView.Persons&id=NA2288,1701,year_only,,1701,1701,1,200,https://catalogues.royalsociety.org/calmview/Record.aspx?src=CalmView.Persons&id=NA2288,
RS_PAST_NA2289,NA2289,Thomas,1748,https://catalogues.royalsociety.org/calmview/Record.aspx?src=CalmView.Persons&id=NA2289,1694,year_only,,1694,1694,1,200,https://catalogues.royalsociety.org/calmview/Record.aspx?src=CalmView.Persons&id=NA2289,
RS_PAST_NA2291,NA2291,Thomas,1833,https://catalogues.royalsociety.org/calmview/Record.aspx?src=CalmView.Persons&id=NA2291,c. 1763,circa_year,,1763,1763,1,200,https://catalogues.royalsociety.org/calmview/Record.aspx?src=CalmView.Persons&id=NA2291,
RS_PAST_NA230,NA230,Otto Christoph,1716,https://catalogues.royalsociety.org/calmview/Record.aspx?src=CalmView.Persons&id=NA230,,missing,,,,,200,https://catalogues.royalsociety.org/calmview/Record.aspx?src=CalmView.Persons&id=NA230,
RS_PAST_NA2300,NA2300,Simon,1730,https://catalogues.royalsociety.org/calmview/Record.aspx?src=CalmView.Persons&id=NA2300,1697,year_only,,1697,1697,1,200,https://catalogues.royalsociety.org/calmview/Record.aspx?src=CalmView.Persons&id=NA2300,
RS_PAST_NA2301,NA2301,Chevalier de,1750,https://catalogues.royalsociety.org/calmview/Record.aspx?src=CalmView.Persons&id=NA2301,,missing,,,,,200,https://catalogues.royalsociety.org/calmview/Record.aspx?src=CalmView.Persons&id=NA2301,
RS_PAST_NA2302,NA2302,Edward Wortley,1750,https://catalogues.royalsociety.org/calmview/Record.aspx?src=CalmView.Persons&id=NA2302,1713,year_only,,1713,1713,1,200,https://catalogues.royalsociety.org/calmview/Record.aspx?src=CalmView.Persons&id=NA2302,
RS_PAST_NA2303,NA2303,Isaac Pacatus,1751,https://catalogues.royalsociety.org/calmview/Record.aspx?src=CalmView.Persons&id=NA2303,,missing,,,,,200,https://catalogues.royalsociety.org/calmview/Record.aspx?src=CalmView.Persons&id=NA2303,
RS_PAST_NA2304,NA2304,Charles,1748,https://catalogues.royalsociety.org/calmview/Record.aspx?src=CalmView.Persons&id=NA2304,1719 or 1720,nonstandard_or_ambiguous,,,,,200,https://catalogues.royalsociety.org/calmview/Record.aspx?src=CalmView.Persons&id=NA2304,
RS_PAST_NA2305,NA2305,William,1707,https://catalogues.royalsociety.org/calmview/Record.aspx?src=CalmView.Persons&id=NA2305,,missing,,,,,200,https://catalogues.royalsociety.org/calmview/Record.aspx?src=CalmView.Persons&id=NA2305,
RS_PAST_NA2306,NA2306,Hugh,1744,https://catalogues.royalsociety.org/calmview/Record.aspx?src=CalmView.Persons&id=NA2306,,missing,,,,,200,https://catalogues.royalsociety.org/calmview/Record.aspx?src=CalmView.Persons&id=NA2306,
RS_PAST_NA2307,NA2307,John,1778,https://catalogues.royalsociety.org/calmview/Record.aspx?src=CalmView.Persons&id=NA2307,,missing,,,1742,,200,https://catalogues.royalsociety.org/calmview/Record.aspx?src=CalmView.Persons&id=NA2307,
RS_PAST_NA2309,NA2309,Pedro Alonzo,1749,https://catalogues.royalsociety.org/calmview/Record.aspx?src=CalmView.Persons&id=NA2309,,missing,,,1724,,200,https://catalogues.royalsociety.org/calmview/Record.aspx?src=CalmView.Persons&id=NA2309,
RS_PAST_NA231,NA231,Johann Georg Heinrich,1765,https://catalogues.royalsociety.org/calmview/Record.aspx?src=CalmView.Persons&id=NA231,,missing,,,1735,,200,https://catalogues.royalsociety.org/calmview/Record.aspx?src=CalmView.Persons&id=NA231,
RS_PAST_NA2310,NA2310,James,1774,https://catalogues.royalsociety.org/calmview/Record.aspx?src=CalmView.Persons&id=NA2310,c. 1720,circa_year,,1720,1720,1,200,https://catalogues.royalsociety.org/calmview/Record.aspx?src=CalmView.Persons&id=NA2310,
RS_PAST_NA2311,NA2311,Nathan,1750,https://catalogues.royalsociety.org/calmview/Record.aspx?src=CalmView.Persons&id=NA2311,September 1707,nonstandard_or_ambiguous,,,1707,,200,https://catalogues.royalsociety.org/calmview/Record.aspx?src=CalmView.Persons&id=NA2311,
RS_PAST_NA2312,NA2312,Gebhard D',1723,https://catalogues.royalsociety.org/calmview/Record.aspx?src=CalmView.Persons&id=NA2312,,missing,,,,,200,https://catalogues.royalsociety.org/calmview/Record.aspx?src=CalmView.Persons&id=NA2312,
RS_PAST_NA2314,NA2314,Thomas Lee,1732,https://catalogues.royalsociety.org/calmview/Record.aspx?src=CalmView.Persons&id=NA2314,c. 1712,circa_year,,1712,1712,1,200,https://catalogues.royalsociety.org/calmview/Record.aspx?src=CalmView.Persons&id=NA2314,
RS_PAST_NA2315,NA2315,Charles,1750,https://catalogues.royalsociety.org/calmview/Record.aspx?src=CalmView.Persons&id=NA2315,c. 1692,circa_year,,1692,1692,1,200,https://catalogues.royalsociety.org/calmview/Record.aspx?src=CalmView.Persons&id=NA2315,
RS_PAST_NA2317,NA2317,Nicholas,1750,https://catalogues.royalsociety.org/calmview/Record.aspx?src=CalmView.Persons&id=NA2317,,missing,,,1686,,200,https://catalogues.royalsociety.org/calmview/Record.aspx?src=CalmView.Persons&id=NA2317,
RS_PAST_NA2320,NA2320,Isaac,1831,https://catalogues.royalsociety.org/calmview/Record.aspx?src=CalmView.Persons&id=NA2320,c. 1756,circa_year,,1756,1756,1,200,https://catalogues.royalsociety.org/calmview/Record.aspx?src=CalmView.Persons&id=NA2320,
RS_PAST_NA2321,NA2321,James,1718,https://catalogues.royalsociety.org/calmview/Record.aspx?src=CalmView.Persons&id=NA2321,,missing,,,,,200,https://catalogues.royalsociety.org/calmview/Record.aspx?src=CalmView.Persons&id=NA2321,
RS_PAST_NA2322,NA2322,John,1751,https://catalogues.royalsociety.org/calmview/Record.aspx?src=CalmView.Persons&id=NA2322,,missing,,,,,200,https://catalogues.royalsociety.org/calmview/Record.aspx?src=CalmView.Persons&id=NA2322,
RS_PAST_NA2325,NA2325,John,1771,https://catalogues.royalsociety.org/calmview/Record.aspx?src=CalmView.Persons&id=NA2325,April 1743,nonstandard_or_ambiguous,,,1743,,200,https://catalogues.royalsociety.org/calmview/Record.aspx?src=CalmView.Persons&id=NA2325,
RS_PAST_NA2328,NA2328,Adrian,1666,https://catalogues.royalsociety.org/calmview/Record.aspx?src=CalmView.Persons&id=NA2328,January 1622,nonstandard_or_ambiguous,,,1622,,200,https://catalogues.royalsociety.org/calmview/Record.aspx?src=CalmView.Persons&id=NA2328,
RS_PAST_NA2329,NA2329,William,1752,https://catalogues.royalsociety.org/calmview/Record.aspx?src=CalmView.Persons&id=NA2329,1711,year_only,,1711,1711,1,200,https://catalogues.royalsociety.org/calmview/Record.aspx?src=CalmView.Persons&id=NA2329,
RS_PAST_NA233,NA233,Francois Henri,1762,https://catalogues.royalsociety.org/calmview/Record.aspx?src=CalmView.Persons&id=NA233,,missing,,,1712,,200,https://catalogues.royalsociety.org/calmview/Record.aspx?src=CalmView.Persons&id=NA233,
RS_PAST_NA2330,NA2330,William,1807,https://catalogues.royalsociety.org/calmview/Record.aspx?src=CalmView.Persons&id=NA2330,c. 1762,circa_year,,1762,1762,1,200,https://catalogues.royalsociety.org/calmview/Record.aspx?src=CalmView.Persons&id=NA2330,
RS_PAST_NA2331,NA2331,Joachim Jose Fidalgo da,1751,https://catalogues.royalsociety.org/calmview/Record.aspx?src=CalmView.Persons&id=NA2331,,missing,,,,,200,https://catalogues.royalsociety.org/calmview/Record.aspx?src=CalmView.Persons&id=NA2331,
RS_PAST_NA2334,NA2334,John,1752,https://catalogues.royalsociety.org/calmview/Record.aspx?src=CalmView.Persons&id=NA2334,,missing,,,,,200,https://catalogues.royalsociety.org/calmview/Record.aspx?src=CalmView.Persons&id=NA2334,
RS_PAST_NA2335,NA2335,Charles,1752,https://catalogues.royalsociety.org/calmview/Record.aspx?src=CalmView.Persons&id=NA2335,1711,year_only,,1711,1711,1,200,https://catalogues.royalsociety.org/calmview/Record.aspx?src=CalmView.Persons&id=NA2335,
RS_PAST_NA236,NA236,John,1719,https://catalogues.royalsociety.org/calmview/Record.aspx?src=CalmView.Persons&id=NA236,,missing,,,,,200,https://catalogues.royalsociety.org/calmview/Record.aspx?src=CalmView.Persons&id=NA236,
RS_PAST_NA237,NA237,William,1721,https://catalogues.royalsociety.org/calmview/Record.aspx?src=CalmView.Persons&id=NA237,,missing,,,,,200,https://catalogues.royalsociety.org/calmview/Record.aspx?src=CalmView.Persons&id=NA237,
RS_PAST_NA238,NA238,Robert,1718,https://catalogues.royalsociety.org/calmview/Record.aspx?src=CalmView.Persons&id=NA238,1671,year_only,,1671,1671,1,200,https://catalogues.royalsociety.org/calmview/Record.aspx?src=CalmView.Persons&id=NA238,
RS_PAST_NA2382,NA2382,Henry,1750,https://catalogues.royalsociety.org/calmview/Record.aspx?src=CalmView.Persons&id=NA2382,1721,year_only,,1721,1721,1,200,https://catalogues.royalsociety.org/calmview/Record.aspx?src=CalmView.Persons&id=NA2382,
RS_PAST_NA2383,NA2383,Timothy,1770,https://catalogues.royalsociety.org/calmview/Record.aspx?src=CalmView.Persons&id=NA2383,June 1734,nonstandard_or_ambiguous,,,1734,,200,https://catalogues.royalsociety.org/calmview/Record.aspx?src=CalmView.Persons&id=NA2383,
RS_PAST_NA2385,NA2385,Kingsmill,1726,https://catalogues.royalsociety.org/calmview/Record.aspx?src=CalmView.Persons&id=NA2385,,missing,,,,,200,https://catalogues.royalsociety.org/calmview/Record.aspx?src=CalmView.Persons&id=NA2385,
RS_PAST_NA2386,NA2386,Gilbert,1738,https://catalogues.royalsociety.org/calmview/Record.aspx?src=CalmView.Persons&id=NA2386,c. 1692,circa_year,,1692,1692,1,200,https://catalogues.royalsociety.org/calmview/Record.aspx?src=CalmView.Persons&id=NA2386,
RS_PAST_NA2391,NA2391,George,1737,https://catalogues.royalsociety.org/calmview/Record.aspx?src=CalmView.Persons&id=NA2391,,missing,,,1708,,200,https://catalogues.royalsociety.org/calmview/Record.aspx?src=CalmView.Persons&id=NA2391,
RS_PAST_NA2393,NA2393,Thomas,1752,https://catalogues.royalsociety.org/calmview/Record.aspx?src=CalmView.Persons&id=NA2393,,missing,,,,,200,https://catalogues.royalsociety.org/calmview/Record.aspx?src=CalmView.Persons&id=NA2393,
RS_PAST_NA2395,NA2395,Jean Baptiste,1752,https://catalogues.royalsociety.org/calmview/Record.aspx?src=CalmView.Persons&id=NA2395,1706,year_only,,1706,1706,1,200,https://catalogues.royalsociety.org/calmview/Record.aspx?src=CalmView.Persons&id=NA2395,
RS_PAST_NA2396,NA2396,Richard,1752,https://catalogues.royalsociety.org/calmview/Record.aspx?src=CalmView.Persons&id=NA2396,,missing,,,,,200,https://catalogues.royalsociety.org/calmview/Record.aspx?src=CalmView.Persons&id=NA2396,
RS_PAST_NA2397,NA2397,William,1753,https://catalogues.royalsociety.org/calmview/Record.aspx?src=CalmView.Persons&id=NA2397,,missing,,,1689,,200,https://catalogues.royalsociety.org/calmview/Record.aspx?src=CalmView.Persons&id=NA2397,
RS_PAST_NA2402,NA2402,Richard,1753,https://catalogues.royalsociety.org/calmview/Record.aspx?src=CalmView.Persons&id=NA2402,1694,year_only,,1694,1694,1,200,https://catalogues.royalsociety.org/calmview/Record.aspx?src=CalmView.Persons&id=NA2402,
RS_PAST_NA2407,NA2407,Giuseppe Lorenzo,1744,https://catalogues.royalsociety.org/calmview/Record.aspx?src=CalmView.Persons&id=NA2407,,missing,,,,,200,https://catalogues.royalsociety.org/calmview/Record.aspx?src=CalmView.Persons&id=NA2407,
RS_PAST_NA2408,NA2408,Charles,1762,https://catalogues.royalsociety.org/calmview/Record.aspx?src=CalmView.Persons&id=NA2408,c 1723,circa_year,,1723,1723,1,200,https://catalogues.royalsociety.org/calmview/Record.aspx?src=CalmView.Persons&id=NA2408,
RS_PAST_NA2409,NA2409,John,1739,https://catalogues.royalsociety.org/calmview/Record.aspx?src=CalmView.Persons&id=NA2409,1699,year_only,,1699,1699,1,200,https://catalogues.royalsociety.org/calmview/Record.aspx?src=CalmView.Persons&id=NA2409,
RS_PAST_NA241,NA241,James,1770,https://catalogues.royalsociety.org/calmview/Record.aspx?src=CalmView.Persons&id=NA241,c. 1723,circa_year,,1723,1723,1,200,https://catalogues.royalsociety.org/calmview/Record.aspx?src=CalmView.Persons&id=NA241,
RS_PAST_NA2410,NA2410,Clifton,1742,https://catalogues.royalsociety.org/calmview/Record.aspx?src=CalmView.Persons&id=NA2410,1710,year_only,,1710,1710,1,200,https://catalogues.royalsociety.org/calmview/Record.aspx?src=CalmView.Persons&id=NA2410,
RS_PAST_NA2415,NA2415,Charles,1749,https://catalogues.royalsociety.org/calmview/Record.aspx?src=CalmView.Persons&id=NA2415,,missing,,,1716,,200,https://catalogues.royalsociety.org/calmview/Record.aspx?src=CalmView.Persons&id=NA2415,
RS_PAST_NA2418,NA2418,,1719,https://catalogues.royalsociety.org/calmview/Record.aspx?src=CalmView.Persons&id=NA2418,,missing,,,,,200,https://catalogues.royalsociety.org/calmview/Record.aspx?src=CalmView.Persons&id=NA2418,
RS_PAST_NA2421,NA2421,Pierre Francois Andre,1789,https://catalogues.royalsociety.org/calmview/Record.aspx?src=CalmView.Persons&id=NA2421,16 April or 16 August 1744,nonstandard_or_ambiguous,,,1744,,200,https://catalogues.royalsociety.org/calmview/Record.aspx?src=CalmView.Persons&id=NA2421,
RS_PAST_NA2423,NA2423,Gideon,1783,https://catalogues.royalsociety.org/calmview/Record.aspx?src=CalmView.Persons&id=NA2423,,missing,,,,,200,https://catalogues.royalsociety.org/calmview/Record.aspx?src=CalmView.Persons&id=NA2423,
RS_PAST_NA2424,NA2424,William,1807,https://catalogues.royalsociety.org/calmview/Record.aspx?src=CalmView.Persons&id=NA2424,,missing,,,,,200,https://catalogues.royalsociety.org/calmview/Record.aspx?src=CalmView.Persons&id=NA2424,
RS_PAST_NA2431,NA2431,Thomas,1686,https://catalogues.royalsociety.org/calmview/Record.aspx?src=CalmView.Persons&id=NA2431,c 1662,circa_year,,1662,1662,1,200,https://catalogues.royalsociety.org/calmview/Record.aspx?src=CalmView.Persons&id=NA2431,
RS_PAST_NA2436,NA2436,John,1830,https://catalogues.royalsociety.org/calmview/Record.aspx?src=CalmView.Persons&id=NA2436,c. 1756,circa_year,,1756,1756,1,200,https://catalogues.royalsociety.org/calmview/Record.aspx?src=CalmView.Persons&id=NA2436,
RS_PAST_NA2437,NA2437,Edward,1738,https://catalogues.royalsociety.org/calmview/Record.aspx?src=CalmView.Persons&id=NA2437,,missing,,,,,200,https://catalogues.royalsociety.org/calmview/Record.aspx?src=CalmView.Persons&id=NA2437,
RS_PAST_NA2442,NA2442,Seth,1663,https://catalogues.royalsociety.org/calmview/Record.aspx?src=CalmView.Persons&id=NA2442,c. 1617,circa_year,,1617,1617,1,200,https://catalogues.royalsociety.org/calmview/Record.aspx?src=CalmView.Persons&id=NA2442,
RS_PAST_NA2444,NA2444,Robert Augustus,1788,https://catalogues.royalsociety.org/calmview/Record.aspx?src=CalmView.Persons&id=NA2444,1745,year_only,,1745,1745,1,200,https://catalogues.royalsociety.org/calmview/Record.aspx?src=CalmView.Persons&id=NA2444,
RS_PAST_NA2445,NA2445,Edward,1727,https://catalogues.royalsociety.org/calmview/Record.aspx?src=CalmView.Persons&id=NA2445,c. 1701,circa_year,,1701,1701,1,200,https://catalogues.royalsociety.org/calmview/Record.aspx?src=CalmView.Persons&id=NA2445,
RS_PAST_NA2447,NA2447,Rinaldo,1712,https://catalogues.royalsociety.org/calmview/Record.aspx?src=CalmView.Persons&id=NA2447,,missing,,,,,200,https://catalogues.royalsociety.org/calmview/Record.aspx?src=CalmView.Persons&id=NA2447,
RS_PAST_NA2449,NA2449,Lucius Henry,1773,https://catalogues.royalsociety.org/calmview/Record.aspx?src=CalmView.Persons&id=NA2449,1731,year_only,,1731,1731,1,200,https://catalogues.royalsociety.org/calmview/Record.aspx?src=CalmView.Persons&id=NA2449,
RS_PAST_NA245,NA245,William,1769,https://catalogues.royalsociety.org/calmview/Record.aspx?src=CalmView.Persons&id=NA245,,missing,,,1728,,200,https://catalogues.royalsociety.org/calmview/Record.aspx?src=CalmView.Persons&id=NA245,
RS_PAST_NA2450,NA2450,Joseph de,1739,https://catalogues.royalsociety.org/calmview/Record.aspx?src=CalmView.Persons&id=NA2450,,missing,,,,,200,https://catalogues.royalsociety.org/calmview/Record.aspx?src=CalmView.Persons&id=NA2450,
RS_PAST_NA2452,NA2452,William,1810,https://catalogues.royalsociety.org/calmview/Record.aspx?src=CalmView.Persons&id=NA2452,"and death and carrer information courtesy of Mark L Perkins, Librarian and Curator, Provincial Grand Lodge of Essex.",other,,,1768,,200,https://catalogues.royalsociety.org/calmview/Record.aspx?src=CalmView.Persons&id=NA2452,
RS_PAST_NA246,NA246,Thomas,1740,https://catalogues.royalsociety.org/calmview/Record.aspx?src=CalmView.Persons&id=NA246,c. 1703,circa_year,,1703,1703,1,200,https://catalogues.royalsociety.org/calmview/Record.aspx?src=CalmView.Persons&id=NA246,
RS_PAST_NA2463,NA2463,Benjamin,1834,https://catalogues.royalsociety.org/calmview/Record.aspx?src=CalmView.Persons&id=NA2463,1805,year_only,,1805,1805,1,200,https://catalogues.royalsociety.org/calmview/Record.aspx?src=CalmView.Persons&id=NA2463,
RS_PAST_NA2468,NA2468,Charles de la,1725,https://catalogues.royalsociety.org/calmview/Record.aspx?src=CalmView.Persons&id=NA2468,,missing,,,,,200,https://catalogues.royalsociety.org/calmview/Record.aspx?src=CalmView.Persons&id=NA2468,
RS_PAST_NA247,NA247,Thomas,1766,https://catalogues.royalsociety.org/calmview/Record.aspx?src=CalmView.Persons&id=NA247,,missing,,,,,200,https://catalogues.royalsociety.org/calmview/Record.aspx?src=CalmView.Persons&id=NA247,
RS_PAST_NA2471,NA2471,Joseph,1835,https://catalogues.royalsociety.org/calmview/Record.aspx?src=CalmView.Persons&id=NA2471,,missing,,,,,200,https://catalogues.royalsociety.org/calmview/Record.aspx?src=CalmView.Persons&id=NA2471,
RS_PAST_NA2472,NA2472,Ralph,1830,https://catalogues.royalsociety.org/calmview/Record.aspx?src=CalmView.Persons&id=NA2472,,missing,,,,,200,https://catalogues.royalsociety.org/calmview/Record.aspx?src=CalmView.Persons&id=NA2472,
RS_PAST_NA2473,NA2473,Robert,1831,https://catalogues.royalsociety.org/calmview/Record.aspx?src=CalmView.Persons&id=NA2473,c 1801,circa_year,,1801,1801,1,200,https://catalogues.royalsociety.org/calmview/Record.aspx?src=CalmView.Persons&id=NA2473,
RS_PAST_NA2475,NA2475,Joannes Adamus,1688,https://catalogues.royalsociety.org/calmview/Record.aspx?src=CalmView.Persons&id=NA2475,,missing,,,,,200,https://catalogues.royalsociety.org/calmview/Record.aspx?src=CalmView.Persons&id=NA2475,
RS_PAST_NA2478,NA2478,Joseph,1831,https://catalogues.royalsociety.org/calmview/Record.aspx?src=CalmView.Persons&id=NA2478,1788,year_only,,1788,1788,1,200,https://catalogues.royalsociety.org/calmview/Record.aspx?src=CalmView.Persons&id=NA2478,
RS_PAST_NA2480,NA2480,Charles John Kemeys,1834,https://catalogues.royalsociety.org/calmview/Record.aspx?src=CalmView.Persons&id=NA2480,1800,year_only,,1800,1800,1,200,https://catalogues.royalsociety.org/calmview/Record.aspx?src=CalmView.Persons&id=NA2480,
RS_PAST_NA2481,NA2481,Henry Robinson,1831,https://catalogues.royalsociety.org/calmview/Record.aspx?src=CalmView.Persons&id=NA2481,1795,year_only,,1795,1795,1,200,https://catalogues.royalsociety.org/calmview/Record.aspx?src=CalmView.Persons&id=NA2481,
RS_PAST_NA2485,NA2485,Archibald John,1832,https://catalogues.royalsociety.org/calmview/Record.aspx?src=CalmView.Persons&id=NA2485,1808,year_only,,1808,1808,1,200,https://catalogues.royalsociety.org/calmview/Record.aspx?src=CalmView.Persons&id=NA2485,
RS_PAST_NA2487,NA2487,Thomas Smith,1831,https://catalogues.royalsociety.org/calmview/Record.aspx?src=CalmView.Persons&id=NA2487,c. . July 1794,nonstandard_or_ambiguous,,,1794,,200,https://catalogues.royalsociety.org/calmview/Record.aspx?src=CalmView.Persons&id=NA2487,
RS_PAST_NA249,NA249,William,1718,https://catalogues.royalsociety.org/calmview/Record.aspx?src=CalmView.Persons&id=NA249,1685,year_only,,1685,1685,1,200,https://catalogues.royalsociety.org/calmview/Record.aspx?src=CalmView.Persons&id=NA249,
RS_PAST_NA2491,NA2491,Thomas Locke,1836,https://catalogues.royalsociety.org/calmview/Record.aspx?src=CalmView.Persons&id=NA2491,,missing,,,,,200,https://catalogues.royalsociety.org/calmview/Record.aspx?src=CalmView.Persons&id=NA2491,
RS_PAST_NA2492,NA2492,Henry Hyde,1856,https://catalogues.royalsociety.org/calmview/Record.aspx?src=CalmView.Persons&id=NA2492,1823,year_only,,1823,1823,1,200,https://catalogues.royalsociety.org/calmview/Record.aspx?src=CalmView.Persons&id=NA2492,
RS_PAST_NA2493,NA2493,Robert,1834,https://catalogues.royalsociety.org/calmview/Record.aspx?src=CalmView.Persons&id=NA2493,1801,year_only,,1801,1801,1,200,https://catalogues.royalsociety.org/calmview/Record.aspx?src=CalmView.Persons&id=NA2493,
RS_PAST_NA2494,NA2494,Alexander,1831,https://catalogues.royalsociety.org/calmview/Record.aspx?src=CalmView.Persons&id=NA2494,,missing,,,,,200,https://catalogues.royalsociety.org/calmview/Record.aspx?src=CalmView.Persons&id=NA2494,
RS_PAST_NA2497,NA2497,Richard,1773,https://catalogues.royalsociety.org/calmview/Record.aspx?src=CalmView.Persons&id=NA2497,,missing,,,,,200,https://catalogues.royalsociety.org/calmview/Record.aspx?src=CalmView.Persons&id=NA2497,
RS_PAST_NA2498,NA2498,Roger Elliot,1801,https://catalogues.royalsociety.org/calmview/Record.aspx?src=CalmView.Persons&id=NA2498,c. 1753,circa_year,,1753,1753,1,200,https://catalogues.royalsociety.org/calmview/Record.aspx?src=CalmView.Persons&id=NA2498,
RS_PAST_NA2499,NA2499,Robert Adam,1833,https://catalogues.royalsociety.org/calmview/Record.aspx?src=CalmView.Persons&id=NA2499,,missing,,,,,200,https://catalogues.royalsociety.org/calmview/Record.aspx?src=CalmView.Persons&id=NA2499,
RS_PAST_NA2501,NA2501,John,1838,https://catalogues.royalsociety.org/calmview/Record.aspx?src=CalmView.Persons&id=NA2501,1797,year_only,,1797,1797,1,200,https://catalogues.royalsociety.org/calmview/Record.aspx?src=CalmView.Persons&id=NA2501,
RS_PAST_NA2502,NA2502,John,1835,https://catalogues.royalsociety.org/calmview/Record.aspx?src=CalmView.Persons&id=NA2502,,missing,,,,,200,https://catalogues.royalsociety.org/calmview/Record.aspx?src=CalmView.Persons&id=NA2502,
RS_PAST_NA2504,NA2504,Edwin,1833,https://catalogues.royalsociety.org/calmview/Record.aspx?src=CalmView.Persons&id=NA2504,1802,year_only,,1802,1802,1,200,https://catalogues.royalsociety.org/calmview/Record.aspx?src=CalmView.Persons&id=NA2504,
RS_PAST_NA251,NA251,Wilhelm Van,1706,https://catalogues.royalsociety.org/calmview/Record.aspx?src=CalmView.Persons&id=NA251,1656,year_only,,1656,1656,1,200,https://catalogues.royalsociety.org/calmview/Record.aspx?src=CalmView.Persons&id=NA251,
RS_PAST_NA2511,NA2511,Charles Purton,1832,https://catalogues.royalsociety.org/calmview/Record.aspx?src=CalmView.Persons&id=NA2511,1793,year_only,,1793,1793,1,200,https://catalogues.royalsociety.org/calmview/Record.aspx?src=CalmView.Persons&id=NA2511,
RS_PAST_NA2515,NA2515,Charles Baring,1830,https://catalogues.royalsociety.org/calmview/Record.aspx?src=CalmView.Persons&id=NA2515,c. 1795,circa_year,,1795,1795,1,200,https://catalogues.royalsociety.org/calmview/Record.aspx?src=CalmView.Persons&id=NA2515,
RS_PAST_NA2517,NA2517,William Forster,1834,https://catalogues.royalsociety.org/calmview/Record.aspx?src=CalmView.Persons&id=NA2517,1794,year_only,,1794,1794,1,200,https://catalogues.royalsociety.org/calmview/Record.aspx?src=CalmView.Persons&id=NA2517,
RS_PAST_NA252,NA252,Robert,1716,https://catalogues.royalsociety.org/calmview/Record.aspx?src=CalmView.Persons&id=NA252,Before 1698,nonstandard_or_ambiguous,,,1697,,200,https://catalogues.royalsociety.org/calmview/Record.aspx?src=CalmView.Persons&id=NA252,
RS_PAST_NA2521,NA2521,James,1834,https://catalogues.royalsociety.org/calmview/Record.aspx?src=CalmView.Persons&id=NA2521,1790,year_only,,1790,1790,1,200,https://catalogues.royalsociety.org/calmview/Record.aspx?src=CalmView.Persons&id=NA2521,
RS_PAST_NA2526,NA2526,Charles,1833,https://catalogues.royalsociety.org/calmview/Record.aspx?src=CalmView.Persons&id=NA2526,,missing,,,1791,,200,https://catalogues.royalsociety.org/calmview/Record.aspx?src=CalmView.Persons&id=NA2526,
RS_PAST_NA253,NA253,Edmond,1726,https://catalogues.royalsociety.org/calmview/Record.aspx?src=CalmView.Persons&id=NA253,,missing,,,,,200,https://catalogues.royalsociety.org/calmview/Record.aspx?src=CalmView.Persons&id=NA253,
RS_PAST_NA2532,NA2532,James,1833,https://catalogues.royalsociety.org/calmview/Record.aspx?src=CalmView.Persons&id=NA2532,November 1791,nonstandard_or_ambiguous,,,1791,,200,https://catalogues.royalsociety.org/calmview/Record.aspx?src=CalmView.Persons&id=NA2532,
RS_PAST_NA2533,NA2533,William,1835,https://catalogues.royalsociety.org/calmview/Record.aspx?src=CalmView.Persons&id=NA2533,February 1798,nonstandard_or_ambiguous,,,1798,,200,https://catalogues.royalsociety.org/calmview/Record.aspx?src=CalmView.Persons&id=NA2533,
RS_PAST_NA2536,NA2536,William,1834,https://catalogues.royalsociety.org/calmview/Record.aspx?src=CalmView.Persons&id=NA2536,1783,year_only,,1783,1783,1,200,https://catalogues.royalsociety.org/calmview/Record.aspx?src=CalmView.Persons&id=NA2536,
RS_PAST_NA2537,NA2537,Walter Nugent Thomas,1834,https://catalogues.royalsociety.org/calmview/Record.aspx?src=CalmView.Persons&id=NA2537,1801,year_only,,1801,1801,1,200,https://catalogues.royalsociety.org/calmview/Record.aspx?src=CalmView.Persons&id=NA2537,
RS_PAST_NA254,NA254,Ralph,1758,https://catalogues.royalsociety.org/calmview/Record.aspx?src=CalmView.Persons&id=NA254,c. 1712,circa_year,,1712,1712,1,200,https://catalogues.royalsociety.org/calmview/Record.aspx?src=CalmView.Persons&id=NA254,
RS_PAST_NA2540,NA2540,George,1835,https://catalogues.royalsociety.org/calmview/Record.aspx?src=CalmView.Persons&id=NA2540,c. 1777,circa_year,,1777,1777,1,200,https://catalogues.royalsociety.org/calmview/Record.aspx?src=CalmView.Persons&id=NA2540,
RS_PAST_NA2541,NA2541,Benjamin Bond,1837,https://catalogues.royalsociety.org/calmview/Record.aspx?src=CalmView.Persons&id=NA2541,1781,year_only,,1781,1781,1,200,https://catalogues.royalsociety.org/calmview/Record.aspx?src=CalmView.Persons&id=NA2541,
RS_PAST_NA2542,NA2542,Robert,1834,https://catalogues.royalsociety.org/calmview/Record.aspx?src=CalmView.Persons&id=NA2542,1806,year_only,,1806,1806,1,200,https://catalogues.royalsociety.org/calmview/Record.aspx?src=CalmView.Persons&id=NA2542,
RS_PAST_NA2545,NA2545,Edward Blackett,1835,https://catalogues.royalsociety.org/calmview/Record.aspx?src=CalmView.Persons&id=NA2545,1802,year_only,,1802,1802,1,200,https://catalogues.royalsociety.org/calmview/Record.aspx?src=CalmView.Persons&id=NA2545,
RS_PAST_NA2548,NA2548,Richard Cope,1771,https://catalogues.royalsociety.org/calmview/Record.aspx?src=CalmView.Persons&id=NA2548,c. 1738,circa_year,,1738,1738,1,200,https://catalogues.royalsociety.org/calmview/Record.aspx?src=CalmView.Persons&id=NA2548,
RS_PAST_NA2552,NA2552,John,1773,https://catalogues.royalsociety.org/calmview/Record.aspx?src=CalmView.Persons&id=NA2552,c. 1724,circa_year,,1724,1724,1,200,https://catalogues.royalsociety.org/calmview/Record.aspx?src=CalmView.Persons&id=NA2552,
RS_PAST_NA2554,NA2554,Welbore Ellis,1781,https://catalogues.royalsociety.org/calmview/Record.aspx?src=CalmView.Persons&id=NA2554,c. 1736,circa_year,,1736,1736,1,200,https://catalogues.royalsociety.org/calmview/Record.aspx?src=CalmView.Persons&id=NA2554,
RS_PAST_NA2556,NA2556,Philip,1774,https://catalogues.royalsociety.org/calmview/Record.aspx?src=CalmView.Persons&id=NA2556,1732,year_only,,1732,1732,1,200,https://catalogues.royalsociety.org/calmview/Record.aspx?src=CalmView.Persons&id=NA2556,
RS_PAST_NA2557,NA2557,John Greathed,1835,https://catalogues.royalsociety.org/calmview/Record.aspx?src=CalmView.Persons&id=NA2557,c. 1774,circa_year,,1774,1774,1,200,https://catalogues.royalsociety.org/calmview/Record.aspx?src=CalmView.Persons&id=NA2557,
RS_PAST_NA256,NA256,Edward,1724,https://catalogues.royalsociety.org/calmview/Record.aspx?src=CalmView.Persons&id=NA256,c. 1695,circa_year,,1695,1695,1,200,https://catalogues.royalsociety.org/calmview/Record.aspx?src=CalmView.Persons&id=NA256,
RS_PAST_NA2560,NA2560,Thomas,1776,https://catalogues.royalsociety.org/calmview/Record.aspx?src=CalmView.Persons&id=NA2560,1722,year_only,,1722,1722,1,200,https://catalogues.royalsociety.org/calmview/Record.aspx?src=CalmView.Persons&id=NA2560,
RS_PAST_NA2561,NA2561,Benjamin,1772,https://catalogues.royalsociety.org/calmview/Record.aspx?src=CalmView.Persons&id=NA2561,,missing,,,,,200,https://catalogues.royalsociety.org/calmview/Record.aspx?src=CalmView.Persons&id=NA2561,
RS_PAST_NA2563,NA2563,Philip van,1772,https://catalogues.royalsociety.org/calmview/Record.aspx?src=CalmView.Persons&id=NA2563,,missing,,,,,200,https://catalogues.royalsociety.org/calmview/Record.aspx?src=CalmView.Persons&id=NA2563,
RS_PAST_NA2564,NA2564,John,1772,https://catalogues.royalsociety.org/calmview/Record.aspx?src=CalmView.Persons&id=NA2564,1716,year_only,,1716,1716,1,200,https://catalogues.royalsociety.org/calmview/Record.aspx?src=CalmView.Persons&id=NA2564,
RS_PAST_NA2565,NA2565,Richard Warburton,1772,https://catalogues.royalsociety.org/calmview/Record.aspx?src=CalmView.Persons&id=NA2565,,missing,,,1745,,200,https://catalogues.royalsociety.org/calmview/Record.aspx?src=CalmView.Persons&id=NA2565,
RS_PAST_NA2566,NA2566,Robert,1775,https://catalogues.royalsociety.org/calmview/Record.aspx?src=CalmView.Persons&id=NA2566,,missing,,,,,200,https://catalogues.royalsociety.org/calmview/Record.aspx?src=CalmView.Persons&id=NA2566,
RS_PAST_NA2568,NA2568,Tesser Samuel,1772,https://catalogues.royalsociety.org/calmview/Record.aspx?src=CalmView.Persons&id=NA2568,,missing,,,,,200,https://catalogues.royalsociety.org/calmview/Record.aspx?src=CalmView.Persons&id=NA2568,
RS_PAST_NA2569,NA2569,Richard,1781,https://catalogues.royalsociety.org/calmview/Record.aspx?src=CalmView.Persons&id=NA2569,c. 1732,circa_year,,1732,1732,1,200,https://catalogues.royalsociety.org/calmview/Record.aspx?src=CalmView.Persons&id=NA2569,
RS_PAST_NA2570,NA2570,John,1772,https://catalogues.royalsociety.org/calmview/Record.aspx?src=CalmView.Persons&id=NA2570,,missing,,,,,200,https://catalogues.royalsociety.org/calmview/Record.aspx?src=CalmView.Persons&id=NA2570,
RS_PAST_NA2573,NA2573,William Benson,1773,https://catalogues.royalsociety.org/calmview/Record.aspx?src=CalmView.Persons&id=NA2573,1740,year_only,,1740,1740,1,200,https://catalogues.royalsociety.org/calmview/Record.aspx?src=CalmView.Persons&id=NA2573,
RS_PAST_NA2574,NA2574,Thomas Tyrwhitt,1800,https://catalogues.royalsociety.org/calmview/Record.aspx?src=CalmView.Persons&id=NA2574,1765,year_only,,1765,1765,1,200,https://catalogues.royalsociety.org/calmview/Record.aspx?src=CalmView.Persons&id=NA2574,
RS_PAST_NA2577,NA2577,Peter,1773,https://catalogues.royalsociety.org/calmview/Record.aspx?src=CalmView.Persons&id=NA2577,1727,year_only,,1727,1727,1,200,https://catalogues.royalsociety.org/calmview/Record.aspx?src=CalmView.Persons&id=NA2577,
RS_PAST_NA2578,NA2578,John,1773,https://catalogues.royalsociety.org/calmview/Record.aspx?src=CalmView.Persons&id=NA2578,c. 1744,circa_year,,1744,1744,1,200,https://catalogues.royalsociety.org/calmview/Record.aspx?src=CalmView.Persons&id=NA2578,
RS_PAST_NA2579,NA2579,William,1796,https://catalogues.royalsociety.org/calmview/Record.aspx?src=CalmView.Persons&id=NA2579,,missing,,,,,200,https://catalogues.royalsociety.org/calmview/Record.aspx?src=CalmView.Persons&id=NA2579,
RS_PAST_NA2583,NA2583,Jeremiah,1773,https://catalogues.royalsociety.org/calmview/Record.aspx?src=CalmView.Persons&id=NA2583,1726,year_only,,1726,1726,1,200,https://catalogues.royalsociety.org/calmview/Record.aspx?src=CalmView.Persons&id=NA2583,
RS_PAST_NA259,NA259,Matthias,1765,https://catalogues.royalsociety.org/calmview/Record.aspx?src=CalmView.Persons&id=NA259,,missing,,,,,200,https://catalogues.royalsociety.org/calmview/Record.aspx?src=CalmView.Persons&id=NA259,
RS_PAST_NA2593,NA2593,William,1775,https://catalogues.royalsociety.org/calmview/Record.aspx?src=CalmView.Persons&id=NA2593,c 1721,circa_year,,1721,1721,1,200,https://catalogues.royalsociety.org/calmview/Record.aspx?src=CalmView.Persons&id=NA2593,
RS_PAST_NA2598,NA2598,John,1775,https://catalogues.royalsociety.org/calmview/Record.aspx?src=CalmView.Persons&id=NA2598,,missing,,,,,200,https://catalogues.royalsociety.org/calmview/Record.aspx?src=CalmView.Persons&id=NA2598,
RS_PAST_NA260,NA260,John,1780,https://catalogues.royalsociety.org/calmview/Record.aspx?src=CalmView.Persons&id=NA260,May 1745,nonstandard_or_ambiguous,,,1745,,200,https://catalogues.royalsociety.org/calmview/Record.aspx?src=CalmView.Persons&id=NA260,
RS_PAST_NA2600,NA2600,John,1776,https://catalogues.royalsociety.org/calmview/Record.aspx?src=CalmView.Persons&id=NA2600,,missing,,,1732,,200,https://catalogues.royalsociety.org/calmview/Record.aspx?src=CalmView.Persons&id=NA2600,
RS_PAST_NA2601,NA2601,Wade Toby,1778,https://catalogues.royalsociety.org/calmview/Record.aspx?src=CalmView.Persons&id=NA2601,1732,year_only,,1732,1732,1,200,https://catalogues.royalsociety.org/calmview/Record.aspx?src=CalmView.Persons&id=NA2601,
RS_PAST_NA2602,NA2602,Richard,1712,https://catalogues.royalsociety.org/calmview/Record.aspx?src=CalmView.Persons&id=NA2602,,missing,,,,,200,https://catalogues.royalsociety.org/calmview/Record.aspx?src=CalmView.Persons&id=NA2602,
RS_PAST_NA2603,NA2603,Robert,1776,https://catalogues.royalsociety.org/calmview/Record.aspx?src=CalmView.Persons&id=NA2603,,missing,,,,,200,https://catalogues.royalsociety.org/calmview/Record.aspx?src=CalmView.Persons&id=NA2603,
RS_PAST_NA2604,NA2604,William,1776,https://catalogues.royalsociety.org/calmview/Record.aspx?src=CalmView.Persons&id=NA2604,,missing,,,,,200,https://catalogues.royalsociety.org/calmview/Record.aspx?src=CalmView.Persons&id=NA2604,
RS_PAST_NA2605,NA2605,John Lodge,1768,https://catalogues.royalsociety.org/calmview/Record.aspx?src=CalmView.Persons&id=NA2605,c. 1729,circa_year,,1729,1729,1,200,https://catalogues.royalsociety.org/calmview/Record.aspx?src=CalmView.Persons&id=NA2605,
RS_PAST_NA2608,NA2608,Samuel,1776,https://catalogues.royalsociety.org/calmview/Record.aspx?src=CalmView.Persons&id=NA2608,,missing,,,,,200,https://catalogues.royalsociety.org/calmview/Record.aspx?src=CalmView.Persons&id=NA2608,
RS_PAST_NA2610,NA2610,William,1776,https://catalogues.royalsociety.org/calmview/Record.aspx?src=CalmView.Persons&id=NA2610,,missing,,,,,200,https://catalogues.royalsociety.org/calmview/Record.aspx?src=CalmView.Persons&id=NA2610,
RS_PAST_NA2611,NA2611,Joseph,1778,https://catalogues.royalsociety.org/calmview/Record.aspx?src=CalmView.Persons&id=NA2611,,missing,,,,,200,https://catalogues.royalsociety.org/calmview/Record.aspx?src=CalmView.Persons&id=NA2611,
RS_PAST_NA2612,NA2612,John,1776,https://catalogues.royalsociety.org/calmview/Record.aspx?src=CalmView.Persons&id=NA2612,,missing,,,,,200,https://catalogues.royalsociety.org/calmview/Record.aspx?src=CalmView.Persons&id=NA2612,
RS_PAST_NA2613,NA2613,Robert,1777,https://catalogues.royalsociety.org/calmview/Record.aspx?src=CalmView.Persons&id=NA2613,1744,year_only,,1744,1744,1,200,https://catalogues.royalsociety.org/calmview/Record.aspx?src=CalmView.Persons&id=NA2613,
RS_PAST_NA2614,NA2614,Edward,1777,https://catalogues.royalsociety.org/calmview/Record.aspx?src=CalmView.Persons&id=NA2614,,missing,,,,,200,https://catalogues.royalsociety.org/calmview/Record.aspx?src=CalmView.Persons&id=NA2614,
RS_PAST_NA2616,NA2616,William,1777,https://catalogues.royalsociety.org/calmview/Record.aspx?src=CalmView.Persons&id=NA2616,c. 1747,circa_year,,1747,1747,1,200,https://catalogues.royalsociety.org/calmview/Record.aspx?src=CalmView.Persons&id=NA2616,
RS_PAST_NA262,NA262,Theodore,1762,https://catalogues.royalsociety.org/calmview/Record.aspx?src=CalmView.Persons&id=NA262,1709,year_only,,1709,1709,1,200,https://catalogues.royalsociety.org/calmview/Record.aspx?src=CalmView.Persons&id=NA262,
RS_PAST_NA2621,NA2621,Henry,1778,https://catalogues.royalsociety.org/calmview/Record.aspx?src=CalmView.Persons&id=NA2621,,missing,,,,,200,https://catalogues.royalsociety.org/calmview/Record.aspx?src=CalmView.Persons&id=NA2621,
RS_PAST_NA2624,NA2624,William,1778,https://catalogues.royalsociety.org/calmview/Record.aspx?src=CalmView.Persons&id=NA2624,,missing,,,,,200,https://catalogues.royalsociety.org/calmview/Record.aspx?src=CalmView.Persons&id=NA2624,
RS_PAST_NA2625,NA2625,Gustavus Adam,1777,https://catalogues.royalsociety.org/calmview/Record.aspx?src=CalmView.Persons&id=NA2625,c. 1732,circa_year,,1732,1732,1,200,https://catalogues.royalsociety.org/calmview/Record.aspx?src=CalmView.Persons&id=NA2625,
RS_PAST_NA2626,NA2626,John Proctor,1811,https://catalogues.royalsociety.org/calmview/Record.aspx?src=CalmView.Persons&id=NA2626,1761,year_only,,1761,1761,1,200,https://catalogues.royalsociety.org/calmview/Record.aspx?src=CalmView.Persons&id=NA2626,
RS_PAST_NA2628,NA2628,George Samuel,1777,https://catalogues.royalsociety.org/calmview/Record.aspx?src=CalmView.Persons&id=NA2628,c. 1750,circa_year,,1750,1750,1,200,https://catalogues.royalsociety.org/calmview/Record.aspx?src=CalmView.Persons&id=NA2628,
RS_PAST_NA2631,NA2631,Matthew,1778,https://catalogues.royalsociety.org/calmview/Record.aspx?src=CalmView.Persons&id=NA2631,,missing,,,,,200,https://catalogues.royalsociety.org/calmview/Record.aspx?src=CalmView.Persons&id=NA2631,
RS_PAST_NA2632,NA2632,Robert Boyle,1778,https://catalogues.royalsociety.org/calmview/Record.aspx?src=CalmView.Persons&id=NA2632,1736,year_only,,1736,1736,1,200,https://catalogues.royalsociety.org/calmview/Record.aspx?src=CalmView.Persons&id=NA2632,
RS_PAST_NA2633,NA2633,Samuel,1776,https://catalogues.royalsociety.org/calmview/Record.aspx?src=CalmView.Persons&id=NA2633,,missing,,,,,200,https://catalogues.royalsociety.org/calmview/Record.aspx?src=CalmView.Persons&id=NA2633,
RS_PAST_NA2634,NA2634,Robert Banks,1778,https://catalogues.royalsociety.org/calmview/Record.aspx?src=CalmView.Persons&id=NA2634,1721,year_only,,1721,1721,1,200,https://catalogues.royalsociety.org/calmview/Record.aspx?src=CalmView.Persons&id=NA2634,
RS_PAST_NA2635,NA2635,Benjamin,1778,https://catalogues.royalsociety.org/calmview/Record.aspx?src=CalmView.Persons&id=NA2635,,missing,,,,,200,https://catalogues.royalsociety.org/calmview/Record.aspx?src=CalmView.Persons&id=NA2635,
RS_PAST_NA2637,NA2637,Charles Peter,1778,https://catalogues.royalsociety.org/calmview/Record.aspx?src=CalmView.Persons&id=NA2637,1749,year_only,,1749,1749,1,200,https://catalogues.royalsociety.org/calmview/Record.aspx?src=CalmView.Persons&id=NA2637,
RS_PAST_NA2638,NA2638,Patrick George,1774,https://catalogues.royalsociety.org/calmview/Record.aspx?src=CalmView.Persons&id=NA2638,,missing,,,,,200,https://catalogues.royalsociety.org/calmview/Record.aspx?src=CalmView.Persons&id=NA2638,
RS_PAST_NA2639,NA2639,Henry,1778,https://catalogues.royalsociety.org/calmview/Record.aspx?src=CalmView.Persons&id=NA2639,c. 1728,circa_year,,1728,1728,1,200,https://catalogues.royalsociety.org/calmview/Record.aspx?src=CalmView.Persons&id=NA2639,
RS_PAST_NA2641,NA2641,Alexander,1773,https://catalogues.royalsociety.org/calmview/Record.aspx?src=CalmView.Persons&id=NA2641,January 1730,nonstandard_or_ambiguous,,,1730,,200,https://catalogues.royalsociety.org/calmview/Record.aspx?src=CalmView.Persons&id=NA2641,
RS_PAST_NA2642,NA2642,Joseph,1778,https://catalogues.royalsociety.org/calmview/Record.aspx?src=CalmView.Persons&id=NA2642,,missing,,,,,200,https://catalogues.royalsociety.org/calmview/Record.aspx?src=CalmView.Persons&id=NA2642,
RS_PAST_NA2643,NA2643,Robert,1785,https://catalogues.royalsociety.org/calmview/Record.aspx?src=CalmView.Persons&id=NA2643,,missing,,,,,200,https://catalogues.royalsociety.org/calmview/Record.aspx?src=CalmView.Persons&id=NA2643,
RS_PAST_NA2644,NA2644,John,1703,https://catalogues.royalsociety.org/calmview/Record.aspx?src=CalmView.Persons&id=NA2644,,missing,,,1670,,200,https://catalogues.royalsociety.org/calmview/Record.aspx?src=CalmView.Persons&id=NA2644,
RS_PAST_NA2645,NA2645,Thomas,1784,https://catalogues.royalsociety.org/calmview/Record.aspx?src=CalmView.Persons&id=NA2645,1740,year_only,,1740,1740,1,200,https://catalogues.royalsociety.org/calmview/Record.aspx?src=CalmView.Persons&id=NA2645,
RS_PAST_NA2647,NA2647,Thomas,1784,https://catalogues.royalsociety.org/calmview/Record.aspx?src=CalmView.Persons&id=NA2647,,missing,,,,,200,https://catalogues.royalsociety.org/calmview/Record.aspx?src=CalmView.Persons&id=NA2647,
RS_PAST_NA2649,NA2649,Robert,1785,https://catalogues.royalsociety.org/calmview/Record.aspx?src=CalmView.Persons&id=NA2649,c. 1725,circa_year,,1725,1725,1,200,https://catalogues.royalsociety.org/calmview/Record.aspx?src=CalmView.Persons&id=NA2649,
RS_PAST_NA265,NA265,Bruno,1715,https://catalogues.royalsociety.org/calmview/Record.aspx?src=CalmView.Persons&id=NA265,1656,year_only,,1656,1656,1,200,https://catalogues.royalsociety.org/calmview/Record.aspx?src=CalmView.Persons&id=NA265,
RS_PAST_NA2650,NA2650,George,1789,https://catalogues.royalsociety.org/calmview/Record.aspx?src=CalmView.Persons&id=NA2650,,missing,,,,,200,https://catalogues.royalsociety.org/calmview/Record.aspx?src=CalmView.Persons&id=NA2650,
RS_PAST_NA2652,NA2652,Stayner,1785,https://catalogues.royalsociety.org/calmview/Record.aspx?src=CalmView.Persons&id=NA2652,,missing,,,,,200,https://catalogues.royalsociety.org/calmview/Record.aspx?src=CalmView.Persons&id=NA2652,
RS_PAST_NA2654,NA2654,Constantine John,1771,https://catalogues.royalsociety.org/calmview/Record.aspx?src=CalmView.Persons&id=NA2654,May 1744,nonstandard_or_ambiguous,,,1744,,200,https://catalogues.royalsociety.org/calmview/Record.aspx?src=CalmView.Persons&id=NA2654,
RS_PAST_NA2656,NA2656,Robert James,1850,https://catalogues.royalsociety.org/calmview/Record.aspx?src=CalmView.Persons&id=NA2656,1796 or 27 March 1797,nonstandard_or_ambiguous,,,,,200,https://catalogues.royalsociety.org/calmview/Record.aspx?src=CalmView.Persons&id=NA2656,
RS_PAST_NA2657,NA2657,Joseph,1782,https://catalogues.royalsociety.org/calmview/Record.aspx?src=CalmView.Persons&id=NA2657,c. 1715,circa_year,,1715,1715,1,200,https://catalogues.royalsociety.org/calmview/Record.aspx?src=CalmView.Persons&id=NA2657,
RS_PAST_NA2659,NA2659,William,1781,https://catalogues.royalsociety.org/calmview/Record.aspx?src=CalmView.Persons&id=NA2659,c. 1742,circa_year,,1742,1742,1,200,https://catalogues.royalsociety.org/calmview/Record.aspx?src=CalmView.Persons&id=NA2659,
RS_PAST_NA266,NA266,Charles,1726,https://catalogues.royalsociety.org/calmview/Record.aspx?src=CalmView.Persons&id=NA266,1673,year_only,,1673,1673,1,200,https://catalogues.royalsociety.org/calmview/Record.aspx?src=CalmView.Persons&id=NA266,
RS_PAST_NA2660,NA2660,Daniel,1782,https://catalogues.royalsociety.org/calmview/Record.aspx?src=CalmView.Persons&id=NA2660,c. 1731,circa_year,,1731,1731,1,200,https://catalogues.royalsociety.org/calmview/Record.aspx?src=CalmView.Persons&id=NA2660,
RS_PAST_NA2661,NA2661,Christopher William de,1783,https://catalogues.royalsociety.org/calmview/Record.aspx?src=CalmView.Persons&id=NA2661,,missing,,,,,200,https://catalogues.royalsociety.org/calmview/Record.aspx?src=CalmView.Persons&id=NA2661,
RS_PAST_NA2662,NA2662,Bernt,1782,https://catalogues.royalsociety.org/calmview/Record.aspx?src=CalmView.Persons&id=NA2662,,missing,,,1746,,200,https://catalogues.royalsociety.org/calmview/Record.aspx?src=CalmView.Persons&id=NA2662,
RS_PAST_NA2664,NA2664,Richard Brown,1781,https://catalogues.royalsociety.org/calmview/Record.aspx?src=CalmView.Persons&id=NA2664,,missing,,,,,200,https://catalogues.royalsociety.org/calmview/Record.aspx?src=CalmView.Persons&id=NA2664,
RS_PAST_NA2665,NA2665,Thomas,1779,https://catalogues.royalsociety.org/calmview/Record.aspx?src=CalmView.Persons&id=NA2665,,missing,,,,,200,https://catalogues.royalsociety.org/calmview/Record.aspx?src=CalmView.Persons&id=NA2665,
RS_PAST_NA2668,NA2668,Patrick Duguid,1781,https://catalogues.royalsociety.org/calmview/Record.aspx?src=CalmView.Persons&id=NA2668,,missing,,,,,200,https://catalogues.royalsociety.org/calmview/Record.aspx?src=CalmView.Persons&id=NA2668,
RS_PAST_NA2669,NA2669,Francesco d',1783,https://catalogues.royalsociety.org/calmview/Record.aspx?src=CalmView.Persons&id=NA2669,,missing,,,1736,,200,https://catalogues.royalsociety.org/calmview/Record.aspx?src=CalmView.Persons&id=NA2669,
RS_PAST_NA267,NA267,Charles,1722,https://catalogues.royalsociety.org/calmview/Record.aspx?src=CalmView.Persons&id=NA267,c. 1693,circa_year,,1693,1693,1,200,https://catalogues.royalsociety.org/calmview/Record.aspx?src=CalmView.Persons&id=NA267,
RS_PAST_NA2671,NA2671,Henry,1781,https://catalogues.royalsociety.org/calmview/Record.aspx?src=CalmView.Persons&id=NA2671,,missing,,,,,200,https://catalogues.royalsociety.org/calmview/Record.aspx?src=CalmView.Persons&id=NA2671,
RS_PAST_NA2673,NA2673,Benjamin,1727,https://catalogues.royalsociety.org/calmview/Record.aspx?src=CalmView.Persons&id=NA2673,1707,year_only,,1707,1707,1,200,https://catalogues.royalsociety.org/calmview/Record.aspx?src=CalmView.Persons&id=NA2673,
RS_PAST_NA2675,NA2675,Aaron,1785,https://catalogues.royalsociety.org/calmview/Record.aspx?src=CalmView.Persons&id=NA2675,,missing,,,,,200,https://catalogues.royalsociety.org/calmview/Record.aspx?src=CalmView.Persons&id=NA2675,
RS_PAST_NA2678,NA2678,John,1781,https://catalogues.royalsociety.org/calmview/Record.aspx?src=CalmView.Persons&id=NA2678,,missing,,,,,200,https://catalogues.royalsociety.org/calmview/Record.aspx?src=CalmView.Persons&id=NA2678,
RS_PAST_NA2679,NA2679,Thomas,1781,https://catalogues.royalsociety.org/calmview/Record.aspx?src=CalmView.Persons&id=NA2679,1737,year_only,,1737,1737,1,200,https://catalogues.royalsociety.org/calmview/Record.aspx?src=CalmView.Persons&id=NA2679,
RS_PAST_NA2680,NA2680,William,1781,https://catalogues.royalsociety.org/calmview/Record.aspx?src=CalmView.Persons&id=NA2680,,missing,,,,,200,https://catalogues.royalsociety.org/calmview/Record.aspx?src=CalmView.Persons&id=NA2680,
RS_PAST_NA2681,NA2681,Edmund,1786,https://catalogues.royalsociety.org/calmview/Record.aspx?src=CalmView.Persons&id=NA2681,1756,year_only,,1756,1756,1,200,https://catalogues.royalsociety.org/calmview/Record.aspx?src=CalmView.Persons&id=NA2681,
RS_PAST_NA2682,NA2682,Thomas Pattinson,1781,https://catalogues.royalsociety.org/calmview/Record.aspx?src=CalmView.Persons&id=NA2682,,missing,,,,,200,https://catalogues.royalsociety.org/calmview/Record.aspx?src=CalmView.Persons&id=NA2682,
RS_PAST_NA2683,NA2683,Anthony de,1781,https://catalogues.royalsociety.org/calmview/Record.aspx?src=CalmView.Persons&id=NA2683,,missing,,,,,200,https://catalogues.royalsociety.org/calmview/Record.aspx?src=CalmView.Persons&id=NA2683,
RS_PAST_NA2685,NA2685,James,1840,https://catalogues.royalsociety.org/calmview/Record.aspx?src=CalmView.Persons&id=NA2685,c. 1780,circa_year,,1780,1780,1,200,https://catalogues.royalsociety.org/calmview/Record.aspx?src=CalmView.Persons&id=NA2685,
RS_PAST_NA269,NA269,Philip,1700,https://catalogues.royalsociety.org/calmview/Record.aspx?src=CalmView.Persons&id=NA269,c.1676,circa_year,,1676,1676,1,200,https://catalogues.royalsociety.org/calmview/Record.aspx?src=CalmView.Persons&id=NA269,
RS_PAST_NA2691,NA2691,John,1779,https://catalogues.royalsociety.org/calmview/Record.aspx?src=CalmView.Persons&id=NA2691,,missing,,,,,200,https://catalogues.royalsociety.org/calmview/Record.aspx?src=CalmView.Persons&id=NA2691,
RS_PAST_NA2693,NA2693,John,1779,https://catalogues.royalsociety.org/calmview/Record.aspx?src=CalmView.Persons&id=NA2693,1750,year_only,,1750,1750,1,200,https://catalogues.royalsociety.org/calmview/Record.aspx?src=CalmView.Persons&id=NA2693,
RS_PAST_NA2695,NA2695,Hugh,1779,https://catalogues.royalsociety.org/calmview/Record.aspx?src=CalmView.Persons&id=NA2695,,missing,,,,,200,https://catalogues.royalsociety.org/calmview/Record.aspx?src=CalmView.Persons&id=NA2695,
RS_PAST_NA2696,NA2696,Bernardo de,1780,https://catalogues.royalsociety.org/calmview/Record.aspx?src=CalmView.Persons&id=NA2696,,missing,,,,,200,https://catalogues.royalsociety.org/calmview/Record.aspx?src=CalmView.Persons&id=NA2696,
RS_PAST_NA2697,NA2697,Philip,1780,https://catalogues.royalsociety.org/calmview/Record.aspx?src=CalmView.Persons&id=NA2697,,missing,,,1713,,200,https://catalogues.royalsociety.org/calmview/Record.aspx?src=CalmView.Persons&id=NA2697,
RS_PAST_NA2698,NA2698,Charles,1780,https://catalogues.royalsociety.org/calmview/Record.aspx?src=CalmView.Persons&id=NA2698,September 1727,nonstandard_or_ambiguous,,,1727,,200,https://catalogues.royalsociety.org/calmview/Record.aspx?src=CalmView.Persons&id=NA2698,
RS_PAST_NA2699,NA2699,John,1780,https://catalogues.royalsociety.org/calmview/Record.aspx?src=CalmView.Persons&id=NA2699,1745,year_only,,1745,1745,1,200,https://catalogues.royalsociety.org/calmview/Record.aspx?src=CalmView.Persons&id=NA2699,
RS_PAST_NA270,NA270,Robert,1702,https://catalogues.royalsociety.org/calmview/Record.aspx?src=CalmView.Persons&id=NA270,c1676,circa_year,,1676,1676,1,200,https://catalogues.royalsociety.org/calmview/Record.aspx?src=CalmView.Persons&id=NA270,
RS_PAST_NA2700,NA2700,Henry,1780,https://catalogues.royalsociety.org/calmview/Record.aspx?src=CalmView.Persons&id=NA2700,c 1737,circa_year,,1737,1737,1,200,https://catalogues.royalsociety.org/calmview/Record.aspx?src=CalmView.Persons&id=NA2700,
RS_PAST_NA2704,NA2704,Thomas,1706,https://catalogues.royalsociety.org/calmview/Record.aspx?src=CalmView.Persons&id=NA2704,c 1650,circa_year,,1650,1650,1,200,https://catalogues.royalsociety.org/calmview/Record.aspx?src=CalmView.Persons&id=NA2704,
RS_PAST_NA2705,NA2705,James Carmichael,1779,https://catalogues.royalsociety.org/calmview/Record.aspx?src=CalmView.Persons&id=NA2705,1741,year_only,,1741,1741,1,200,https://catalogues.royalsociety.org/calmview/Record.aspx?src=CalmView.Persons&id=NA2705,
RS_PAST_NA2706,NA2706,Robert,1779,https://catalogues.royalsociety.org/calmview/Record.aspx?src=CalmView.Persons&id=NA2706,1732,year_only,,1732,1732,1,200,https://catalogues.royalsociety.org/calmview/Record.aspx?src=CalmView.Persons&id=NA2706,
RS_PAST_NA2707,NA2707,James,1779,https://catalogues.royalsociety.org/calmview/Record.aspx?src=CalmView.Persons&id=NA2707,1750,year_only,,1750,1750,1,200,https://catalogues.royalsociety.org/calmview/Record.aspx?src=CalmView.Persons&id=NA2707,
RS_PAST_NA271,NA271,Richard,1708,https://catalogues.royalsociety.org/calmview/Record.aspx?src=CalmView.Persons&id=NA271,,missing,,,,,200,https://catalogues.royalsociety.org/calmview/Record.aspx?src=CalmView.Persons&id=NA271,
RS_PAST_NA2711,NA2711,James,1779,https://catalogues.royalsociety.org/calmview/Record.aspx?src=CalmView.Persons&id=NA2711,c 1722,circa_year,,1722,1722,1,200,https://catalogues.royalsociety.org/calmview/Record.aspx?src=CalmView.Persons&id=NA2711,
RS_PAST_NA2714,NA2714,Josias,1779,https://catalogues.royalsociety.org/calmview/Record.aspx?src=CalmView.Persons&id=NA2714,1721,year_only,,1721,1721,1,200,https://catalogues.royalsociety.org/calmview/Record.aspx?src=CalmView.Persons&id=NA2714,
RS_PAST_NA2715,NA2715,Humphry,1772,https://catalogues.royalsociety.org/calmview/Record.aspx?src=CalmView.Persons&id=NA2715,1717,year_only,,1717,1717,1,200,https://catalogues.royalsociety.org/calmview/Record.aspx?src=CalmView.Persons&id=NA2715,
RS_PAST_NA2716,NA2716,Richard,1786,https://catalogues.royalsociety.org/calmview/Record.aspx?src=CalmView.Persons&id=NA2716,1737,year_only,,1737,1737,1,200,https://catalogues.royalsociety.org/calmview/Record.aspx?src=CalmView.Persons&id=NA2716,
RS_PAST_NA2717,NA2717,Osmond,1785,https://catalogues.royalsociety.org/calmview/Record.aspx?src=CalmView.Persons&id=NA2717,,missing,,,1720,,200,https://catalogues.royalsociety.org/calmview/Record.aspx?src=CalmView.Persons&id=NA2717,
RS_PAST_NA2718,NA2718,Edward,1818,https://catalogues.royalsociety.org/calmview/Record.aspx?src=CalmView.Persons&id=NA2718,,missing,,,,,200,https://catalogues.royalsociety.org/calmview/Record.aspx?src=CalmView.Persons&id=NA2718,
RS_PAST_NA272,NA272,Michaelangelo,1708,https://catalogues.royalsociety.org/calmview/Record.aspx?src=CalmView.Persons&id=NA272,,missing,,,1655,,200,https://catalogues.royalsociety.org/calmview/Record.aspx?src=CalmView.Persons&id=NA272,
RS_PAST_NA2720,NA2720,Thomas,1783,https://catalogues.royalsociety.org/calmview/Record.aspx?src=CalmView.Persons&id=NA2720,,missing,,,,,200,https://catalogues.royalsociety.org/calmview/Record.aspx?src=CalmView.Persons&id=NA2720,
RS_PAST_NA2723,NA2723,Alexander,1786,https://catalogues.royalsociety.org/calmview/Record.aspx?src=CalmView.Persons&id=NA2723,1744,year_only,,1744,1744,1,200,https://catalogues.royalsociety.org/calmview/Record.aspx?src=CalmView.Persons&id=NA2723,
RS_PAST_NA2728,NA2728,Henry,1786,https://catalogues.royalsociety.org/calmview/Record.aspx?src=CalmView.Persons&id=NA2728,,missing,,,1741,,200,https://catalogues.royalsociety.org/calmview/Record.aspx?src=CalmView.Persons&id=NA2728,
RS_PAST_NA273,NA273,Alexander,1757,https://catalogues.royalsociety.org/calmview/Record.aspx?src=CalmView.Persons&id=NA273,c. 1718,circa_year,,1718,1718,1,200,https://catalogues.royalsociety.org/calmview/Record.aspx?src=CalmView.Persons&id=NA273,
RS_PAST_NA2730,NA2730,William,1786,https://catalogues.royalsociety.org/calmview/Record.aspx?src=CalmView.Persons&id=NA2730,,missing,,,,,200,https://catalogues.royalsociety.org/calmview/Record.aspx?src=CalmView.Persons&id=NA2730,
RS_PAST_NA2733,NA2733,John,1782,https://catalogues.royalsociety.org/calmview/Record.aspx?src=CalmView.Persons&id=NA2733,,missing,,,1734,,200,https://catalogues.royalsociety.org/calmview/Record.aspx?src=CalmView.Persons&id=NA2733,
RS_PAST_NA2734,NA2734,George Gilbert,1819,https://catalogues.royalsociety.org/calmview/Record.aspx?src=CalmView.Persons&id=NA2734,,missing,,,,,200,https://catalogues.royalsociety.org/calmview/Record.aspx?src=CalmView.Persons&id=NA2734,
RS_PAST_NA2735,NA2735,David,1792,https://catalogues.royalsociety.org/calmview/Record.aspx?src=CalmView.Persons&id=NA2735,1763,year_only,,1763,1763,1,200,https://catalogues.royalsociety.org/calmview/Record.aspx?src=CalmView.Persons&id=NA2735,
RS_PAST_NA2736,NA2736,Philip D',1786,https://catalogues.royalsociety.org/calmview/Record.aspx?src=CalmView.Persons&id=NA2736,November 1754,nonstandard_or_ambiguous,,,1754,,200,https://catalogues.royalsociety.org/calmview/Record.aspx?src=CalmView.Persons&id=NA2736,
RS_PAST_NA2739,NA2739,Craven,1787,https://catalogues.royalsociety.org/calmview/Record.aspx?src=CalmView.Persons&id=NA2739,1756,year_only,,1756,1756,1,200,https://catalogues.royalsociety.org/calmview/Record.aspx?src=CalmView.Persons&id=NA2739,
RS_PAST_NA2741,NA2741,Richard,1787,https://catalogues.royalsociety.org/calmview/Record.aspx?src=CalmView.Persons&id=NA2741,1754,year_only,,1754,1754,1,200,https://catalogues.royalsociety.org/calmview/Record.aspx?src=CalmView.Persons&id=NA2741,
RS_PAST_NA2744,NA2744,Richard Anthony,1787,https://catalogues.royalsociety.org/calmview/Record.aspx?src=CalmView.Persons&id=NA2744,,missing,,,1761,,200,https://catalogues.royalsociety.org/calmview/Record.aspx?src=CalmView.Persons&id=NA2744,
RS_PAST_NA2745,NA2745,Thomas Frognall,1821,https://catalogues.royalsociety.org/calmview/Record.aspx?src=CalmView.Persons&id=NA2745,1776,year_only,,1776,1776,1,200,https://catalogues.royalsociety.org/calmview/Record.aspx?src=CalmView.Persons&id=NA2745,
RS_PAST_NA2746,NA2746,Thomas Brand,1756,https://catalogues.royalsociety.org/calmview/Record.aspx?src=CalmView.Persons&id=NA2746,,missing,,,,,200,https://catalogues.royalsociety.org/calmview/Record.aspx?src=CalmView.Persons&id=NA2746,
RS_PAST_NA2748,NA2748,Charles,1768,https://catalogues.royalsociety.org/calmview/Record.aspx?src=CalmView.Persons&id=NA2748,c. 1722,circa_year,,1722,1722,1,200,https://catalogues.royalsociety.org/calmview/Record.aspx?src=CalmView.Persons&id=NA2748,
RS_PAST_NA2749,NA2749,John,1788,https://catalogues.royalsociety.org/calmview/Record.aspx?src=CalmView.Persons&id=NA2749,,missing,,,,,200,https://catalogues.royalsociety.org/calmview/Record.aspx?src=CalmView.Persons&id=NA2749,
RS_PAST_NA275,NA275,William,1748,https://catalogues.royalsociety.org/calmview/Record.aspx?src=CalmView.Persons&id=NA275,1698,year_only,,1698,1698,1,200,https://catalogues.royalsociety.org/calmview/Record.aspx?src=CalmView.Persons&id=NA275,
RS_PAST_NA2751,NA2751,Thomas Boothby,1787,https://catalogues.royalsociety.org/calmview/Record.aspx?src=CalmView.Persons&id=NA2751,1755,year_only,,1755,1755,1,200,https://catalogues.royalsociety.org/calmview/Record.aspx?src=CalmView.Persons&id=NA2751,
RS_PAST_NA2754,NA2754,John,1772,https://catalogues.royalsociety.org/calmview/Record.aspx?src=CalmView.Persons&id=NA2754,1716,year_only,,1716,1716,1,200,https://catalogues.royalsociety.org/calmview/Record.aspx?src=CalmView.Persons&id=NA2754,
RS_PAST_NA2756,NA2756,John,1787,https://catalogues.royalsociety.org/calmview/Record.aspx?src=CalmView.Persons&id=NA2756,c 1723,circa_year,,1723,1723,1,200,https://catalogues.royalsociety.org/calmview/Record.aspx?src=CalmView.Persons&id=NA2756,
RS_PAST_NA2758,NA2758,George Trenchard,1787,https://catalogues.royalsociety.org/calmview/Record.aspx?src=CalmView.Persons&id=NA2758,,missing,,,,,200,https://catalogues.royalsociety.org/calmview/Record.aspx?src=CalmView.Persons&id=NA2758,
RS_PAST_NA2759,NA2759,John,1793,https://catalogues.royalsociety.org/calmview/Record.aspx?src=CalmView.Persons&id=NA2759,1758,year_only,,1758,1758,1,200,https://catalogues.royalsociety.org/calmview/Record.aspx?src=CalmView.Persons&id=NA2759,
RS_PAST_NA276,NA276,William,1761,https://catalogues.royalsociety.org/calmview/Record.aspx?src=CalmView.Persons&id=NA276,1720,year_only,,1720,1720,1,200,https://catalogues.royalsociety.org/calmview/Record.aspx?src=CalmView.Persons&id=NA276,
RS_PAST_NA2760,NA2760,William,1787,https://catalogues.royalsociety.org/calmview/Record.aspx?src=CalmView.Persons&id=NA2760,,missing,,,,,200,https://catalogues.royalsociety.org/calmview/Record.aspx?src=CalmView.Persons&id=NA2760,
RS_PAST_NA2761,NA2761,John,1788,https://catalogues.royalsociety.org/calmview/Record.aspx?src=CalmView.Persons&id=NA2761,? 17 February 1760,nonstandard_or_ambiguous,,,1760,,200,https://catalogues.royalsociety.org/calmview/Record.aspx?src=CalmView.Persons&id=NA2761,
RS_PAST_NA2764,NA2764,John,1793,https://catalogues.royalsociety.org/calmview/Record.aspx?src=CalmView.Persons&id=NA2764,c. 1738,circa_year,,1738,1738,1,200,https://catalogues.royalsociety.org/calmview/Record.aspx?src=CalmView.Persons&id=NA2764,
RS_PAST_NA2765,NA2765,Giambattista,1760,https://catalogues.royalsociety.org/calmview/Record.aspx?src=CalmView.Persons&id=NA2765,1715,year_only,,1715,1715,1,200,https://catalogues.royalsociety.org/calmview/Record.aspx?src=CalmView.Persons&id=NA2765,
RS_PAST_NA2766,NA2766,Thomas,1663,https://catalogues.royalsociety.org/calmview/Record.aspx?src=CalmView.Persons&id=NA2766,September 1625,nonstandard_or_ambiguous,,,1625,,200,https://catalogues.royalsociety.org/calmview/Record.aspx?src=CalmView.Persons&id=NA2766,
RS_PAST_NA277,NA277,James,1723,https://catalogues.royalsociety.org/calmview/Record.aspx?src=CalmView.Persons&id=NA277,1675,year_only,,1675,1675,1,200,https://catalogues.royalsociety.org/calmview/Record.aspx?src=CalmView.Persons&id=NA277,
RS_PAST_NA2774,NA2774,James,1788,https://catalogues.royalsociety.org/calmview/Record.aspx?src=CalmView.Persons&id=NA2774,,missing,,,1743,,200,https://catalogues.royalsociety.org/calmview/Record.aspx?src=CalmView.Persons&id=NA2774,
RS_PAST_NA2777,NA2777,John David,1789,https://catalogues.royalsociety.org/calmview/Record.aspx?src=CalmView.Persons&id=NA2777,1717,year_only,,1717,1717,1,200,https://catalogues.royalsociety.org/calmview/Record.aspx?src=CalmView.Persons&id=NA2777,
RS_PAST_NA278,NA278,George Lewis,1725,https://catalogues.royalsociety.org/calmview/Record.aspx?src=CalmView.Persons&id=NA278,,missing,,,,,200,https://catalogues.royalsociety.org/calmview/Record.aspx?src=CalmView.Persons&id=NA278,
RS_PAST_NA2782,NA2782,William,1791,https://catalogues.royalsociety.org/calmview/Record.aspx?src=CalmView.Persons&id=NA2782,1737,year_only,,1737,1737,1,200,https://catalogues.royalsociety.org/calmview/Record.aspx?src=CalmView.Persons&id=NA2782,
RS_PAST_NA2785,NA2785,Henry Norton,1791,https://catalogues.royalsociety.org/calmview/Record.aspx?src=CalmView.Persons&id=NA2785,,missing,,,,,200,https://catalogues.royalsociety.org/calmview/Record.aspx?src=CalmView.Persons&id=NA2785,
RS_PAST_NA2787,NA2787,John Christopher,1745,https://catalogues.royalsociety.org/calmview/Record.aspx?src=CalmView.Persons&id=NA2787,1667,year_only,,1667,1667,1,200,https://catalogues.royalsociety.org/calmview/Record.aspx?src=CalmView.Persons&id=NA2787,
RS_PAST_NA2788,NA2788,Matthew,1795,https://catalogues.royalsociety.org/calmview/Record.aspx?src=CalmView.Persons&id=NA2788,,missing,,,,,200,https://catalogues.royalsociety.org/calmview/Record.aspx?src=CalmView.Persons&id=NA2788,
RS_PAST_NA279,NA279,William,1846,https://catalogues.royalsociety.org/calmview/Record.aspx?src=CalmView.Persons&id=NA279,1793,year_only,,1793,1793,1,200,https://catalogues.royalsociety.org/calmview/Record.aspx?src=CalmView.Persons&id=NA279,
RS_PAST_NA2790,NA2790,James,1696,https://catalogues.royalsociety.org/calmview/Record.aspx?src=CalmView.Persons&id=NA2790,1660,year_only,,1660,1660,1,200,https://catalogues.royalsociety.org/calmview/Record.aspx?src=CalmView.Persons&id=NA2790,
RS_PAST_NA2791,NA2791,Samuel,1792,https://catalogues.royalsociety.org/calmview/Record.aspx?src=CalmView.Persons&id=NA2791,1760,year_only,,1760,1760,1,200,https://catalogues.royalsociety.org/calmview/Record.aspx?src=CalmView.Persons&id=NA2791,
RS_PAST_NA2793,NA2793,Robert,1801,https://catalogues.royalsociety.org/calmview/Record.aspx?src=CalmView.Persons&id=NA2793,,missing,,,,,200,https://catalogues.royalsociety.org/calmview/Record.aspx?src=CalmView.Persons&id=NA2793,
RS_PAST_NA2795,NA2795,John,1809,https://catalogues.royalsociety.org/calmview/Record.aspx?src=CalmView.Persons&id=NA2795,c. 1768,circa_year,,1768,1768,1,200,https://catalogues.royalsociety.org/calmview/Record.aspx?src=CalmView.Persons&id=NA2795,
RS_PAST_NA2796,NA2796,John Lloyd,1801,https://catalogues.royalsociety.org/calmview/Record.aspx?src=CalmView.Persons&id=NA2796,,missing,,,,,200,https://catalogues.royalsociety.org/calmview/Record.aspx?src=CalmView.Persons&id=NA2796,
RS_PAST_NA2797,NA2797,Fowler,1791,https://catalogues.royalsociety.org/calmview/Record.aspx?src=CalmView.Persons&id=NA2797,c. 1732,circa_year,,1732,1732,1,200,https://catalogues.royalsociety.org/calmview/Record.aspx?src=CalmView.Persons&id=NA2797,
RS_PAST_NA2798,NA2798,Thomas,1803,https://catalogues.royalsociety.org/calmview/Record.aspx?src=CalmView.Persons&id=NA2798,1756,year_only,,1756,1756,1,200,https://catalogues.royalsociety.org/calmview/Record.aspx?src=CalmView.Persons&id=NA2798,
RS_PAST_NA2799,NA2799,Edward,1801,https://catalogues.royalsociety.org/calmview/Record.aspx?src=CalmView.Persons&id=NA2799,c 1764,circa_year,,1764,1764,1,200,https://catalogues.royalsociety.org/calmview/Record.aspx?src=CalmView.Persons&id=NA2799,
RS_PAST_NA2801,NA2801,John,1802,https://catalogues.royalsociety.org/calmview/Record.aspx?src=CalmView.Persons&id=NA2801,,missing,,,,,200,https://catalogues.royalsociety.org/calmview/Record.aspx?src=CalmView.Persons&id=NA2801,
RS_PAST_NA2804,NA2804,John,1839,https://catalogues.royalsociety.org/calmview/Record.aspx?src=CalmView.Persons&id=NA2804,1804,year_only,,1804,1804,1,200,https://catalogues.royalsociety.org/calmview/Record.aspx?src=CalmView.Persons&id=NA2804,
RS_PAST_NA2806,NA2806,Thomas,1804,https://catalogues.royalsociety.org/calmview/Record.aspx?src=CalmView.Persons&id=NA2806,August 1771,nonstandard_or_ambiguous,,,1771,,200,https://catalogues.royalsociety.org/calmview/Record.aspx?src=CalmView.Persons&id=NA2806,
RS_PAST_NA2807,NA2807,Valentine,1804,https://catalogues.royalsociety.org/calmview/Record.aspx?src=CalmView.Persons&id=NA2807,,missing,,,,,200,https://catalogues.royalsociety.org/calmview/Record.aspx?src=CalmView.Persons&id=NA2807,
RS_PAST_NA2808,NA2808,William Henry,1808,https://catalogues.royalsociety.org/calmview/Record.aspx?src=CalmView.Persons&id=NA2808,,missing,,,,,200,https://catalogues.royalsociety.org/calmview/Record.aspx?src=CalmView.Persons&id=NA2808,
RS_PAST_NA2816,NA2816,Albert Henri de,1719,https://catalogues.royalsociety.org/calmview/Record.aspx?src=CalmView.Persons&id=NA2816,? 1694,nonstandard_or_ambiguous,,,,,200,https://catalogues.royalsociety.org/calmview/Record.aspx?src=CalmView.Persons&id=NA2816,
RS_PAST_NA2817,NA2817,James,1816,https://catalogues.royalsociety.org/calmview/Record.aspx?src=CalmView.Persons&id=NA2817,1771,year_only,,1771,1771,1,200,https://catalogues.royalsociety.org/calmview/Record.aspx?src=CalmView.Persons&id=NA2817,
RS_PAST_NA282,NA282,John,1765,https://catalogues.royalsociety.org/calmview/Record.aspx?src=CalmView.Persons&id=NA282,,missing,,,,,200,https://catalogues.royalsociety.org/calmview/Record.aspx?src=CalmView.Persons&id=NA282,
RS_PAST_NA2822,NA2822,Thomas,1805,https://catalogues.royalsociety.org/calmview/Record.aspx?src=CalmView.Persons&id=NA2822,,missing,,,1758,,200,https://catalogues.royalsociety.org/calmview/Record.aspx?src=CalmView.Persons&id=NA2822,
RS_PAST_NA2823,NA2823,Robert,1804,https://catalogues.royalsociety.org/calmview/Record.aspx?src=CalmView.Persons&id=NA2823,1742,year_only,,1742,1742,1,200,https://catalogues.royalsociety.org/calmview/Record.aspx?src=CalmView.Persons&id=NA2823,
RS_PAST_NA2825,NA2825,John,1720,https://catalogues.royalsociety.org/calmview/Record.aspx?src=CalmView.Persons&id=NA2825,,missing,,,,,200,https://catalogues.royalsociety.org/calmview/Record.aspx?src=CalmView.Persons&id=NA2825,
RS_PAST_NA2826,NA2826,Robert,1805,https://catalogues.royalsociety.org/calmview/Record.aspx?src=CalmView.Persons&id=NA2826,c. 1758,circa_year,,1758,1758,1,200,https://catalogues.royalsociety.org/calmview/Record.aspx?src=CalmView.Persons&id=NA2826,
RS_PAST_NA2827,NA2827,Charles Warre,1806,https://catalogues.royalsociety.org/calmview/Record.aspx?src=CalmView.Persons&id=NA2827,? 1753,nonstandard_or_ambiguous,,,,,200,https://catalogues.royalsociety.org/calmview/Record.aspx?src=CalmView.Persons&id=NA2827,
RS_PAST_NA2828,NA2828,James,1804,https://catalogues.royalsociety.org/calmview/Record.aspx?src=CalmView.Persons&id=NA2828,c. 1742,circa_year,,1742,1742,1,200,https://catalogues.royalsociety.org/calmview/Record.aspx?src=CalmView.Persons&id=NA2828,
RS_PAST_NA2830,NA2830,George,1663,https://catalogues.royalsociety.org/calmview/Record.aspx?src=CalmView.Persons&id=NA2830,1608,year_only,,1608,1608,1,200,https://catalogues.royalsociety.org/calmview/Record.aspx?src=CalmView.Persons&id=NA2830,
RS_PAST_NA2831,NA2831,Samuel,1728,https://catalogues.royalsociety.org/calmview/Record.aspx?src=CalmView.Persons&id=NA2831,,missing,,,,,200,https://catalogues.royalsociety.org/calmview/Record.aspx?src=CalmView.Persons&id=NA2831,
RS_PAST_NA2833,NA2833,Joseph,1805,https://catalogues.royalsociety.org/calmview/Record.aspx?src=CalmView.Persons&id=NA2833,,missing,,,1755,,200,https://catalogues.royalsociety.org/calmview/Record.aspx?src=CalmView.Persons&id=NA2833,
RS_PAST_NA2838,NA2838,Charles,1770,https://catalogues.royalsociety.org/calmview/Record.aspx?src=CalmView.Persons&id=NA2838,c.1727,circa_year,,1727,1727,1,200,https://catalogues.royalsociety.org/calmview/Record.aspx?src=CalmView.Persons&id=NA2838,
RS_PAST_NA2839,NA2839,Robert,1751,https://catalogues.royalsociety.org/calmview/Record.aspx?src=CalmView.Persons&id=NA2839,c. 1720,circa_year,,1720,1720,1,200,https://catalogues.royalsociety.org/calmview/Record.aspx?src=CalmView.Persons&id=NA2839,
RS_PAST_NA2841,NA2841,George,1791,https://catalogues.royalsociety.org/calmview/Record.aspx?src=CalmView.Persons&id=NA2841,c. 1756,circa_year,,1756,1756,1,200,https://catalogues.royalsociety.org/calmview/Record.aspx?src=CalmView.Persons&id=NA2841,
RS_PAST_NA2842,NA2842,James Stanier,1792,https://catalogues.royalsociety.org/calmview/Record.aspx?src=CalmView.Persons&id=NA2842,? 1765,nonstandard_or_ambiguous,,,,,200,https://catalogues.royalsociety.org/calmview/Record.aspx?src=CalmView.Persons&id=NA2842,
RS_PAST_NA2843,NA2843,Thomas,1834,https://catalogues.royalsociety.org/calmview/Record.aspx?src=CalmView.Persons&id=NA2843,May 1781,nonstandard_or_ambiguous,,,1781,,200,https://catalogues.royalsociety.org/calmview/Record.aspx?src=CalmView.Persons&id=NA2843,
RS_PAST_NA2845,NA2845,John Wesley,1839,https://catalogues.royalsociety.org/calmview/Record.aspx?src=CalmView.Persons&id=NA2845,1788,year_only,,1788,1788,1,200,https://catalogues.royalsociety.org/calmview/Record.aspx?src=CalmView.Persons&id=NA2845,
RS_PAST_NA2848,NA2848,Roger,1717,https://catalogues.royalsociety.org/calmview/Record.aspx?src=CalmView.Persons&id=NA2848,1672,year_only,,1672,1672,1,200,https://catalogues.royalsociety.org/calmview/Record.aspx?src=CalmView.Persons&id=NA2848,
RS_PAST_NA2849,NA2849,John,1676,https://catalogues.royalsociety.org/calmview/Record.aspx?src=CalmView.Persons&id=NA2849,c 1648,circa_year,,1648,1648,1,200,https://catalogues.royalsociety.org/calmview/Record.aspx?src=CalmView.Persons&id=NA2849,
RS_PAST_NA286,NA286,Charles,1720,https://catalogues.royalsociety.org/calmview/Record.aspx?src=CalmView.Persons&id=NA286,c. 1682,circa_year,,1682,1682,1,200,https://catalogues.royalsociety.org/calmview/Record.aspx?src=CalmView.Persons&id=NA286,
RS_PAST_NA2860,NA2860,Thomas Robert,1818,https://catalogues.royalsociety.org/calmview/Record.aspx?src=CalmView.Persons&id=NA2860,13 or 17 February 1766,nonstandard_or_ambiguous,,,1766,,200,https://catalogues.royalsociety.org/calmview/Record.aspx?src=CalmView.Persons&id=NA2860,
RS_PAST_NA287,NA287,David,1766,https://catalogues.royalsociety.org/calmview/Record.aspx?src=CalmView.Persons&id=NA287,,missing,,,,,200,https://catalogues.royalsociety.org/calmview/Record.aspx?src=CalmView.Persons&id=NA287,
RS_PAST_NA2875,NA2875,Arthur,1839,https://catalogues.royalsociety.org/calmview/Record.aspx?src=CalmView.Persons&id=NA2875,? 17 June 1842,nonstandard_or_ambiguous,,,1807,,200,https://catalogues.royalsociety.org/calmview/Record.aspx?src=CalmView.Persons&id=NA2875,
RS_PAST_NA2880,NA2880,William,1722,https://catalogues.royalsociety.org/calmview/Record.aspx?src=CalmView.Persons&id=NA2880,,missing,,,,,200,https://catalogues.royalsociety.org/calmview/Record.aspx?src=CalmView.Persons&id=NA2880,
RS_PAST_NA2882,NA2882,William,1867,https://catalogues.royalsociety.org/calmview/Record.aspx?src=CalmView.Persons&id=NA2882,1803,year_only,,1803,1803,1,200,https://catalogues.royalsociety.org/calmview/Record.aspx?src=CalmView.Persons&id=NA2882,
RS_PAST_NA2885,NA2885,Gilbert Wakefield,1839,https://catalogues.royalsociety.org/calmview/Record.aspx?src=CalmView.Persons&id=NA2885,c. 1788,circa_year,,1788,1788,1,200,https://catalogues.royalsociety.org/calmview/Record.aspx?src=CalmView.Persons&id=NA2885,
RS_PAST_NA2886,NA2886,William,1663,https://catalogues.royalsociety.org/calmview/Record.aspx?src=CalmView.Persons&id=NA2886,,missing,,,1635,,200,https://catalogues.royalsociety.org/calmview/Record.aspx?src=CalmView.Persons&id=NA2886,
RS_PAST_NA2889,NA2889,James Matthews,1883,https://catalogues.royalsociety.org/calmview/Record.aspx?src=CalmView.Persons&id=NA2889,April 1826,nonstandard_or_ambiguous,,,1826,,200,https://catalogues.royalsociety.org/calmview/Record.aspx?src=CalmView.Persons&id=NA2889,
RS_PAST_NA2897,NA2897,James,1794,https://catalogues.royalsociety.org/calmview/Record.aspx?src=CalmView.Persons&id=NA2897,,missing,,,1755,,200,https://catalogues.royalsociety.org/calmview/Record.aspx?src=CalmView.Persons&id=NA2897,
RS_PAST_NA2899,NA2899,Leonard,1792,https://catalogues.royalsociety.org/calmview/Record.aspx?src=CalmView.Persons&id=NA2899,c. 1744,circa_year,,1744,1744,1,200,https://catalogues.royalsociety.org/calmview/Record.aspx?src=CalmView.Persons&id=NA2899,
RS_PAST_NA290,NA290,Conrad Joachim,1721,https://catalogues.royalsociety.org/calmview/Record.aspx?src=CalmView.Persons&id=NA290,,missing,,,,,200,https://catalogues.royalsociety.org/calmview/Record.aspx?src=CalmView.Persons&id=NA290,
RS_PAST_NA2905,NA2905,William,1796,https://catalogues.royalsociety.org/calmview/Record.aspx?src=CalmView.Persons&id=NA2905,,missing,,,,,200,https://catalogues.royalsociety.org/calmview/Record.aspx?src=CalmView.Persons&id=NA2905,
RS_PAST_NA2907,NA2907,Thomas,1803,https://catalogues.royalsociety.org/calmview/Record.aspx?src=CalmView.Persons&id=NA2907,1772,year_only,,1772,1772,1,200,https://catalogues.royalsociety.org/calmview/Record.aspx?src=CalmView.Persons&id=NA2907,
RS_PAST_NA2909,NA2909,James Robertson,1790,https://catalogues.royalsociety.org/calmview/Record.aspx?src=CalmView.Persons&id=NA2909,,missing,,,,,200,https://catalogues.royalsociety.org/calmview/Record.aspx?src=CalmView.Persons&id=NA2909,
RS_PAST_NA2910,NA2910,Richard Wilson,1793,https://catalogues.royalsociety.org/calmview/Record.aspx?src=CalmView.Persons&id=NA2910,,missing,,,,,200,https://catalogues.royalsociety.org/calmview/Record.aspx?src=CalmView.Persons&id=NA2910,
RS_PAST_NA2916,NA2916,Stephen,1798,https://catalogues.royalsociety.org/calmview/Record.aspx?src=CalmView.Persons&id=NA2916,,missing,,,,,200,https://catalogues.royalsociety.org/calmview/Record.aspx?src=CalmView.Persons&id=NA2916,
RS_PAST_NA2918,NA2918,Johann Adolph,1716,https://catalogues.royalsociety.org/calmview/Record.aspx?src=CalmView.Persons&id=NA2918,,missing,,,,,200,https://catalogues.royalsociety.org/calmview/Record.aspx?src=CalmView.Persons&id=NA2918,
RS_PAST_NA2919,NA2919,William,1840,https://catalogues.royalsociety.org/calmview/Record.aspx?src=CalmView.Persons&id=NA2919,1786,year_only,,1786,1786,1,200,https://catalogues.royalsociety.org/calmview/Record.aspx?src=CalmView.Persons&id=NA2919,
RS_PAST_NA292,NA292,Sigismund Ehrenreich,1765,https://catalogues.royalsociety.org/calmview/Record.aspx?src=CalmView.Persons&id=NA292,1720,year_only,,1720,1720,1,200,https://catalogues.royalsociety.org/calmview/Record.aspx?src=CalmView.Persons&id=NA292,
RS_PAST_NA2920,NA2920,George,1791,https://catalogues.royalsociety.org/calmview/Record.aspx?src=CalmView.Persons&id=NA2920,1742,year_only,,1742,1742,1,200,https://catalogues.royalsociety.org/calmview/Record.aspx?src=CalmView.Persons&id=NA2920,
RS_PAST_NA2921,NA2921,Matthew,1794,https://catalogues.royalsociety.org/calmview/Record.aspx?src=CalmView.Persons&id=NA2921,1748,year_only,,1748,1748,1,200,https://catalogues.royalsociety.org/calmview/Record.aspx?src=CalmView.Persons&id=NA2921,
RS_PAST_NA2922,NA2922,Thomas,1792,https://catalogues.royalsociety.org/calmview/Record.aspx?src=CalmView.Persons&id=NA2922,1741,year_only,,1741,1741,1,200,https://catalogues.royalsociety.org/calmview/Record.aspx?src=CalmView.Persons&id=NA2922,
RS_PAST_NA2923,NA2923,Jean Baptiste,1760,https://catalogues.royalsociety.org/calmview/Record.aspx?src=CalmView.Persons&id=NA2923,,missing,,,1702,,200,https://catalogues.royalsociety.org/calmview/Record.aspx?src=CalmView.Persons&id=NA2923,
RS_PAST_NA2924,NA2924,Richard,1835,https://catalogues.royalsociety.org/calmview/Record.aspx?src=CalmView.Persons&id=NA2924,c. 1774,circa_year,,1774,1774,1,200,https://catalogues.royalsociety.org/calmview/Record.aspx?src=CalmView.Persons&id=NA2924,
RS_PAST_NA2925,NA2925,Nicolaus de,1760,https://catalogues.royalsociety.org/calmview/Record.aspx?src=CalmView.Persons&id=NA2925,October 1729,nonstandard_or_ambiguous,,,1729,,200,https://catalogues.royalsociety.org/calmview/Record.aspx?src=CalmView.Persons&id=NA2925,
RS_PAST_NA2927,NA2927,Godfrey,1733,https://catalogues.royalsociety.org/calmview/Record.aspx?src=CalmView.Persons&id=NA2927,,missing,,,1704,,200,https://catalogues.royalsociety.org/calmview/Record.aspx?src=CalmView.Persons&id=NA2927,
RS_PAST_NA2928,NA2928,Adam,1798,https://catalogues.royalsociety.org/calmview/Record.aspx?src=CalmView.Persons&id=NA2928,1750,year_only,,1750,1750,1,200,https://catalogues.royalsociety.org/calmview/Record.aspx?src=CalmView.Persons&id=NA2928,
RS_PAST_NA2929,NA2929,Antonio,1736,https://catalogues.royalsociety.org/calmview/Record.aspx?src=CalmView.Persons&id=NA2929,1695,year_only,,1695,1695,1,200,https://catalogues.royalsociety.org/calmview/Record.aspx?src=CalmView.Persons&id=NA2929,
RS_PAST_NA293,NA293,Temple,1726,https://catalogues.royalsociety.org/calmview/Record.aspx?src=CalmView.Persons&id=NA293,c. 1677,circa_year,,1677,1677,1,200,https://catalogues.royalsociety.org/calmview/Record.aspx?src=CalmView.Persons&id=NA293,
RS_PAST_NA2930,NA2930,John,1686,https://catalogues.royalsociety.org/calmview/Record.aspx?src=CalmView.Persons&id=NA2930,1661,year_only,,1661,1661,1,200,https://catalogues.royalsociety.org/calmview/Record.aspx?src=CalmView.Persons&id=NA2930,
RS_PAST_NA2934,NA2934,Thomas Osbert,1796,https://catalogues.royalsociety.org/calmview/Record.aspx?src=CalmView.Persons&id=NA2934,c. 1729,circa_year,,1729,1729,1,200,https://catalogues.royalsociety.org/calmview/Record.aspx?src=CalmView.Persons&id=NA2934,
RS_PAST_NA2937,NA2937,Thomas,1791,https://catalogues.royalsociety.org/calmview/Record.aspx?src=CalmView.Persons&id=NA2937,,missing,,,,,200,https://catalogues.royalsociety.org/calmview/Record.aspx?src=CalmView.Persons&id=NA2937,
RS_PAST_NA2938,NA2938,Robert,1761,https://catalogues.royalsociety.org/calmview/Record.aspx?src=CalmView.Persons&id=NA2938,1728,year_only,,1728,1728,1,200,https://catalogues.royalsociety.org/calmview/Record.aspx?src=CalmView.Persons&id=NA2938,
RS_PAST_NA2939,NA2939,John,1792,https://catalogues.royalsociety.org/calmview/Record.aspx?src=CalmView.Persons&id=NA2939,,missing,,,1744,,200,https://catalogues.royalsociety.org/calmview/Record.aspx?src=CalmView.Persons&id=NA2939,
RS_PAST_NA2941,NA2941,John,1791,https://catalogues.royalsociety.org/calmview/Record.aspx?src=CalmView.Persons&id=NA2941,1745,year_only,,1745,1745,1,200,https://catalogues.royalsociety.org/calmview/Record.aspx?src=CalmView.Persons&id=NA2941,
RS_PAST_NA2942,NA2942,Stephen,1792,https://catalogues.royalsociety.org/calmview/Record.aspx?src=CalmView.Persons&id=NA2942,1747,year_only,,1747,1747,1,200,https://catalogues.royalsociety.org/calmview/Record.aspx?src=CalmView.Persons&id=NA2942,
RS_PAST_NA2943,NA2943,John,1791,https://catalogues.royalsociety.org/calmview/Record.aspx?src=CalmView.Persons&id=NA2943,c 1747,circa_year,,1747,1747,1,200,https://catalogues.royalsociety.org/calmview/Record.aspx?src=CalmView.Persons&id=NA2943,
RS_PAST_NA2945,NA2945,Francis,1793,https://catalogues.royalsociety.org/calmview/Record.aspx?src=CalmView.Persons&id=NA2945,c. 1739,circa_year,,1739,1739,1,200,https://catalogues.royalsociety.org/calmview/Record.aspx?src=CalmView.Persons&id=NA2945,
RS_PAST_NA2946,NA2946,George,1677,https://catalogues.royalsociety.org/calmview/Record.aspx?src=CalmView.Persons&id=NA2946,c 1630,circa_year,,1630,1630,1,200,https://catalogues.royalsociety.org/calmview/Record.aspx?src=CalmView.Persons&id=NA2946,
RS_PAST_NA295,NA295,Thomas,1844,https://catalogues.royalsociety.org/calmview/Record.aspx?src=CalmView.Persons&id=NA295,,missing,,,,,200,https://catalogues.royalsociety.org/calmview/Record.aspx?src=CalmView.Persons&id=NA295,
RS_PAST_NA2950,NA2950,John,1794,https://catalogues.royalsociety.org/calmview/Record.aspx?src=CalmView.Persons&id=NA2950,,missing,,,,,200,https://catalogues.royalsociety.org/calmview/Record.aspx?src=CalmView.Persons&id=NA2950,
RS_PAST_NA2951,NA2951,Henry Butler,1752,https://catalogues.royalsociety.org/calmview/Record.aspx?src=CalmView.Persons&id=NA2951,,missing,,,,,200,https://catalogues.royalsociety.org/calmview/Record.aspx?src=CalmView.Persons&id=NA2951,
RS_PAST_NA2953,NA2953,William,1793,https://catalogues.royalsociety.org/calmview/Record.aspx?src=CalmView.Persons&id=NA2953,1743,year_only,,1743,1743,1,200,https://catalogues.royalsociety.org/calmview/Record.aspx?src=CalmView.Persons&id=NA2953,
RS_PAST_NA2955,NA2955,Christopher,1795,https://catalogues.royalsociety.org/calmview/Record.aspx?src=CalmView.Persons&id=NA2955,1765,year_only,,1765,1765,1,200,https://catalogues.royalsociety.org/calmview/Record.aspx?src=CalmView.Persons&id=NA2955,
RS_PAST_NA2956,NA2956,Samuel,1792,https://catalogues.royalsociety.org/calmview/Record.aspx?src=CalmView.Persons&id=NA2956,c. 1724,circa_year,,1724,1724,1,200,https://catalogues.royalsociety.org/calmview/Record.aspx?src=CalmView.Persons&id=NA2956,
RS_PAST_NA2960,NA2960,Samuel,1798,https://catalogues.royalsociety.org/calmview/Record.aspx?src=CalmView.Persons&id=NA2960,,missing,,,,,200,https://catalogues.royalsociety.org/calmview/Record.aspx?src=CalmView.Persons&id=NA2960,
RS_PAST_NA2962,NA2962,Browne,1734,https://catalogues.royalsociety.org/calmview/Record.aspx?src=CalmView.Persons&id=NA2962,,missing,,,,,200,https://catalogues.royalsociety.org/calmview/Record.aspx?src=CalmView.Persons&id=NA2962,
RS_PAST_NA2963,NA2963,Matthew,1795,https://catalogues.royalsociety.org/calmview/Record.aspx?src=CalmView.Persons&id=NA2963,,missing,,,1739,,200,https://catalogues.royalsociety.org/calmview/Record.aspx?src=CalmView.Persons&id=NA2963,
RS_PAST_NA2969,NA2969,Alberto,1795,https://catalogues.royalsociety.org/calmview/Record.aspx?src=CalmView.Persons&id=NA2969,August 1741,nonstandard_or_ambiguous,,,1741,,200,https://catalogues.royalsociety.org/calmview/Record.aspx?src=CalmView.Persons&id=NA2969,
RS_PAST_NA2970,NA2970,Isaac,1757,https://catalogues.royalsociety.org/calmview/Record.aspx?src=CalmView.Persons&id=NA2970,,missing,,,,,200,https://catalogues.royalsociety.org/calmview/Record.aspx?src=CalmView.Persons&id=NA2970,
RS_PAST_NA2971,NA2971,George,1795,https://catalogues.royalsociety.org/calmview/Record.aspx?src=CalmView.Persons&id=NA2971,,missing,,,,,200,https://catalogues.royalsociety.org/calmview/Record.aspx?src=CalmView.Persons&id=NA2971,
RS_PAST_NA2973,NA2973,Michael,1800,https://catalogues.royalsociety.org/calmview/Record.aspx?src=CalmView.Persons&id=NA2973,,missing,,,1753,,200,https://catalogues.royalsociety.org/calmview/Record.aspx?src=CalmView.Persons&id=NA2973,
RS_PAST_NA2976,NA2976,Robert,1794,https://catalogues.royalsociety.org/calmview/Record.aspx?src=CalmView.Persons&id=NA2976,1738,year_only,,1738,1738,1,200,https://catalogues.royalsociety.org/calmview/Record.aspx?src=CalmView.Persons&id=NA2976,
RS_PAST_NA2978,NA2978,Hugh,1795,https://catalogues.royalsociety.org/calmview/Record.aspx?src=CalmView.Persons&id=NA2978,,missing,,,,,200,https://catalogues.royalsociety.org/calmview/Record.aspx?src=CalmView.Persons&id=NA2978,
RS_PAST_NA2983,NA2983,Patrick,1794,https://catalogues.royalsociety.org/calmview/Record.aspx?src=CalmView.Persons&id=NA2983,c. 1740,circa_year,,1740,1740,1,200,https://catalogues.royalsociety.org/calmview/Record.aspx?src=CalmView.Persons&id=NA2983,
RS_PAST_NA2984,NA2984,Henry,1795,https://catalogues.royalsociety.org/calmview/Record.aspx?src=CalmView.Persons&id=NA2984,,missing,,,,,200,https://catalogues.royalsociety.org/calmview/Record.aspx?src=CalmView.Persons&id=NA2984,
RS_PAST_NA2985,NA2985,Octavien de,1750,https://catalogues.royalsociety.org/calmview/Record.aspx?src=CalmView.Persons&id=NA2985,1712,year_only,,1712,1712,1,200,https://catalogues.royalsociety.org/calmview/Record.aspx?src=CalmView.Persons&id=NA2985,
RS_PAST_NA2987,NA2987,William,1795,https://catalogues.royalsociety.org/calmview/Record.aspx?src=CalmView.Persons&id=NA2987,1747,year_only,,1747,1747,1,200,https://catalogues.royalsociety.org/calmview/Record.aspx?src=CalmView.Persons&id=NA2987,
RS_PAST_NA2988,NA2988,Bartholomew,1797,https://catalogues.royalsociety.org/calmview/Record.aspx?src=CalmView.Persons&id=NA2988,1750,year_only,,1750,1750,1,200,https://catalogues.royalsociety.org/calmview/Record.aspx?src=CalmView.Persons&id=NA2988,
RS_PAST_NA2989,NA2989,Nicholas,1798,https://catalogues.royalsociety.org/calmview/Record.aspx?src=CalmView.Persons&id=NA2989,,missing,,,,,200,https://catalogues.royalsociety.org/calmview/Record.aspx?src=CalmView.Persons&id=NA2989,
RS_PAST_NA2990,NA2990,John,1796,https://catalogues.royalsociety.org/calmview/Record.aspx?src=CalmView.Persons&id=NA2990,,missing,,,,,200,https://catalogues.royalsociety.org/calmview/Record.aspx?src=CalmView.Persons&id=NA2990,
RS_PAST_NA2991,NA2991,William,1795,https://catalogues.royalsociety.org/calmview/Record.aspx?src=CalmView.Persons&id=NA2991,,missing,,,,,200,https://catalogues.royalsociety.org/calmview/Record.aspx?src=CalmView.Persons&id=NA2991,
RS_PAST_NA2993,NA2993,Archibald,1795,https://catalogues.royalsociety.org/calmview/Record.aspx?src=CalmView.Persons&id=NA2993,,missing,,,,,200,https://catalogues.royalsociety.org/calmview/Record.aspx?src=CalmView.Persons&id=NA2993,
RS_PAST_NA2996,NA2996,John,1795,https://catalogues.royalsociety.org/calmview/Record.aspx?src=CalmView.Persons&id=NA2996,,missing,,,1755,,200,https://catalogues.royalsociety.org/calmview/Record.aspx?src=CalmView.Persons&id=NA2996,
RS_PAST_NA2997,NA2997,George,1797,https://catalogues.royalsociety.org/calmview/Record.aspx?src=CalmView.Persons&id=NA2997,1741,year_only,,1741,1741,1,200,https://catalogues.royalsociety.org/calmview/Record.aspx?src=CalmView.Persons&id=NA2997,
RS_PAST_NA2998,NA2998,William,1796,https://catalogues.royalsociety.org/calmview/Record.aspx?src=CalmView.Persons&id=NA2998,1761,year_only,,1761,1761,1,200,https://catalogues.royalsociety.org/calmview/Record.aspx?src=CalmView.Persons&id=NA2998,
RS_PAST_NA2999,NA2999,José Correia de,1796,https://catalogues.royalsociety.org/calmview/Record.aspx?src=CalmView.Persons&id=NA2999,1750,year_only,,1750,1750,1,200,https://catalogues.royalsociety.org/calmview/Record.aspx?src=CalmView.Persons&id=NA2999,
RS_PAST_NA3001,NA3001,Benjamin,1796,https://catalogues.royalsociety.org/calmview/Record.aspx?src=CalmView.Persons&id=NA3001,c. 1741,circa_year,,1741,1741,1,200,https://catalogues.royalsociety.org/calmview/Record.aspx?src=CalmView.Persons&id=NA3001,
RS_PAST_NA3003,NA3003,Glocester,1796,https://catalogues.royalsociety.org/calmview/Record.aspx?src=CalmView.Persons&id=NA3003,,missing,,,,,200,https://catalogues.royalsociety.org/calmview/Record.aspx?src=CalmView.Persons&id=NA3003,
RS_PAST_NA3005,NA3005,John,1798,https://catalogues.royalsociety.org/calmview/Record.aspx?src=CalmView.Persons&id=NA3005,,missing,,,,,200,https://catalogues.royalsociety.org/calmview/Record.aspx?src=CalmView.Persons&id=NA3005,
RS_PAST_NA3007,NA3007,James,1800,https://catalogues.royalsociety.org/calmview/Record.aspx?src=CalmView.Persons&id=NA3007,? 1748,nonstandard_or_ambiguous,,,,,200,https://catalogues.royalsociety.org/calmview/Record.aspx?src=CalmView.Persons&id=NA3007,
RS_PAST_NA3009,NA3009,Diego de,1736,https://catalogues.royalsociety.org/calmview/Record.aspx?src=CalmView.Persons&id=NA3009,,missing,,,,,200,https://catalogues.royalsociety.org/calmview/Record.aspx?src=CalmView.Persons&id=NA3009,
RS_PAST_NA301,NA301,Alexander,1714,https://catalogues.royalsociety.org/calmview/Record.aspx?src=CalmView.Persons&id=NA301,c 1673,circa_year,,1673,1673,1,200,https://catalogues.royalsociety.org/calmview/Record.aspx?src=CalmView.Persons&id=NA301,
RS_PAST_NA3011,NA3011,Matthew,1703,https://catalogues.royalsociety.org/calmview/Record.aspx?src=CalmView.Persons&id=NA3011,,missing,,,,,200,https://catalogues.royalsociety.org/calmview/Record.aspx?src=CalmView.Persons&id=NA3011,
RS_PAST_NA3019,NA3019,John,1796,https://catalogues.royalsociety.org/calmview/Record.aspx?src=CalmView.Persons&id=NA3019,? 1749,nonstandard_or_ambiguous,,,,,200,https://catalogues.royalsociety.org/calmview/Record.aspx?src=CalmView.Persons&id=NA3019,
RS_PAST_NA302,NA302,Heinrich Friedrich de,1744,https://catalogues.royalsociety.org/calmview/Record.aspx?src=CalmView.Persons&id=NA302,,missing,,,,,200,https://catalogues.royalsociety.org/calmview/Record.aspx?src=CalmView.Persons&id=NA302,
RS_PAST_NA3020,NA3020,Mathew Curling,1820,https://catalogues.royalsociety.org/calmview/Record.aspx?src=CalmView.Persons&id=NA3020,1792,year_only,,1792,1792,1,200,https://catalogues.royalsociety.org/calmview/Record.aspx?src=CalmView.Persons&id=NA3020,
RS_PAST_NA3023,NA3023,Henry,1797,https://catalogues.royalsociety.org/calmview/Record.aspx?src=CalmView.Persons&id=NA3023,c. 1754,circa_year,,1754,1754,1,200,https://catalogues.royalsociety.org/calmview/Record.aspx?src=CalmView.Persons&id=NA3023,
RS_PAST_NA3026,NA3026,William Cumberland,1797,https://catalogues.royalsociety.org/calmview/Record.aspx?src=CalmView.Persons&id=NA3026,1745,year_only,,1745,1745,1,200,https://catalogues.royalsociety.org/calmview/Record.aspx?src=CalmView.Persons&id=NA3026,
RS_PAST_NA3027,NA3027,Robert,1797,https://catalogues.royalsociety.org/calmview/Record.aspx?src=CalmView.Persons&id=NA3027,1767,year_only,,1767,1767,1,200,https://catalogues.royalsociety.org/calmview/Record.aspx?src=CalmView.Persons&id=NA3027,
RS_PAST_NA3028,NA3028,John Corse,1800,https://catalogues.royalsociety.org/calmview/Record.aspx?src=CalmView.Persons&id=NA3028,,missing,,,,,200,https://catalogues.royalsociety.org/calmview/Record.aspx?src=CalmView.Persons&id=NA3028,
RS_PAST_NA3029,NA3029,Gibbes Walker,1800,https://catalogues.royalsociety.org/calmview/Record.aspx?src=CalmView.Persons&id=NA3029,1757,year_only,,1757,1757,1,200,https://catalogues.royalsociety.org/calmview/Record.aspx?src=CalmView.Persons&id=NA3029,
RS_PAST_NA303,NA303,Thomas,1768,https://catalogues.royalsociety.org/calmview/Record.aspx?src=CalmView.Persons&id=NA303,,missing,,,,,200,https://catalogues.royalsociety.org/calmview/Record.aspx?src=CalmView.Persons&id=NA303,
RS_PAST_NA3031,NA3031,Allen,1683,https://catalogues.royalsociety.org/calmview/Record.aspx?src=CalmView.Persons&id=NA3031,c 1653,circa_year,,1653,1653,1,200,https://catalogues.royalsociety.org/calmview/Record.aspx?src=CalmView.Persons&id=NA3031,
RS_PAST_NA3032,NA3032,Samuel,1801,https://catalogues.royalsociety.org/calmview/Record.aspx?src=CalmView.Persons&id=NA3032,c 1749,circa_year,,1749,1749,1,200,https://catalogues.royalsociety.org/calmview/Record.aspx?src=CalmView.Persons&id=NA3032,
RS_PAST_NA3033,NA3033,John Baptist,1747,https://catalogues.royalsociety.org/calmview/Record.aspx?src=CalmView.Persons&id=NA3033,,missing,,,,,200,https://catalogues.royalsociety.org/calmview/Record.aspx?src=CalmView.Persons&id=NA3033,
RS_PAST_NA3035,NA3035,Edward,1799,https://catalogues.royalsociety.org/calmview/Record.aspx?src=CalmView.Persons&id=NA3035,c 1763,circa_year,,1763,1763,1,200,https://catalogues.royalsociety.org/calmview/Record.aspx?src=CalmView.Persons&id=NA3035,
RS_PAST_NA3040,NA3040,John,1797,https://catalogues.royalsociety.org/calmview/Record.aspx?src=CalmView.Persons&id=NA3040,,missing,,,,,200,https://catalogues.royalsociety.org/calmview/Record.aspx?src=CalmView.Persons&id=NA3040,
RS_PAST_NA3041,NA3041,Archibald,1799,https://catalogues.royalsociety.org/calmview/Record.aspx?src=CalmView.Persons&id=NA3041,,missing,,,,,200,https://catalogues.royalsociety.org/calmview/Record.aspx?src=CalmView.Persons&id=NA3041,
RS_PAST_NA3042,NA3042,George,1797,https://catalogues.royalsociety.org/calmview/Record.aspx?src=CalmView.Persons&id=NA3042,,missing,,,,,200,https://catalogues.royalsociety.org/calmview/Record.aspx?src=CalmView.Persons&id=NA3042,
RS_PAST_NA3043,NA3043,Alexander,1794,https://catalogues.royalsociety.org/calmview/Record.aspx?src=CalmView.Persons&id=NA3043,,missing,,,,,200,https://catalogues.royalsociety.org/calmview/Record.aspx?src=CalmView.Persons&id=NA3043,
RS_PAST_NA3044,NA3044,John,1801,https://catalogues.royalsociety.org/calmview/Record.aspx?src=CalmView.Persons&id=NA3044,,missing,,,,,200,https://catalogues.royalsociety.org/calmview/Record.aspx?src=CalmView.Persons&id=NA3044,
RS_PAST_NA3045,NA3045,Joseph,1751,https://catalogues.royalsociety.org/calmview/Record.aspx?src=CalmView.Persons&id=NA3045,,missing,,,,,200,https://catalogues.royalsociety.org/calmview/Record.aspx?src=CalmView.Persons&id=NA3045,
RS_PAST_NA305,NA305,William,1747,https://catalogues.royalsociety.org/calmview/Record.aspx?src=CalmView.Persons&id=NA305,1714,year_only,,1714,1714,1,200,https://catalogues.royalsociety.org/calmview/Record.aspx?src=CalmView.Persons&id=NA305,
RS_PAST_NA3050,NA3050,William,1733,https://catalogues.royalsociety.org/calmview/Record.aspx?src=CalmView.Persons&id=NA3050,c 1695,circa_year,,1695,1695,1,200,https://catalogues.royalsociety.org/calmview/Record.aspx?src=CalmView.Persons&id=NA3050,
RS_PAST_NA3051,NA3051,Edward Loveden,1805,https://catalogues.royalsociety.org/calmview/Record.aspx?src=CalmView.Persons&id=NA3051,1751,year_only,,1751,1751,1,200,https://catalogues.royalsociety.org/calmview/Record.aspx?src=CalmView.Persons&id=NA3051,
RS_PAST_NA3053,NA3053,Apollon Moussin,1799,https://catalogues.royalsociety.org/calmview/Record.aspx?src=CalmView.Persons&id=NA3053,,missing,,,,,200,https://catalogues.royalsociety.org/calmview/Record.aspx?src=CalmView.Persons&id=NA3053,
RS_PAST_NA3054,NA3054,Abraham,1799,https://catalogues.royalsociety.org/calmview/Record.aspx?src=CalmView.Persons&id=NA3054,c. 1750,circa_year,,1750,1750,1,200,https://catalogues.royalsociety.org/calmview/Record.aspx?src=CalmView.Persons&id=NA3054,
RS_PAST_NA3055,NA3055,Joseph,1799,https://catalogues.royalsociety.org/calmview/Record.aspx?src=CalmView.Persons&id=NA3055,1770,year_only,,1770,1770,1,200,https://catalogues.royalsociety.org/calmview/Record.aspx?src=CalmView.Persons&id=NA3055,
RS_PAST_NA3057,NA3057,William,1800,https://catalogues.royalsociety.org/calmview/Record.aspx?src=CalmView.Persons&id=NA3057,1768,year_only,,1768,,,200,https://catalogues.royalsociety.org/calmview/Record.aspx?src=CalmView.Persons&id=NA3057,
RS_PAST_NA3058,NA3058,James,1787,https://catalogues.royalsociety.org/calmview/Record.aspx?src=CalmView.Persons&id=NA3058,1765,year_only,,1765,1765,1,200,https://catalogues.royalsociety.org/calmview/Record.aspx?src=CalmView.Persons&id=NA3058,
RS_PAST_NA3060,NA3060,James,1778,https://catalogues.royalsociety.org/calmview/Record.aspx?src=CalmView.Persons&id=NA3060,c. 1748,circa_year,,1748,1748,1,200,https://catalogues.royalsociety.org/calmview/Record.aspx?src=CalmView.Persons&id=NA3060,
RS_PAST_NA3062,NA3062,Richard,1806,https://catalogues.royalsociety.org/calmview/Record.aspx?src=CalmView.Persons&id=NA3062,c 1745,circa_year,,1745,1745,1,200,https://catalogues.royalsociety.org/calmview/Record.aspx?src=CalmView.Persons&id=NA3062,
RS_PAST_NA3063,NA3063,George,1754,https://catalogues.royalsociety.org/calmview/Record.aspx?src=CalmView.Persons&id=NA3063,,missing,,,,,200,https://catalogues.royalsociety.org/calmview/Record.aspx?src=CalmView.Persons&id=NA3063,
RS_PAST_NA3064,NA3064,Carlo,1733,https://catalogues.royalsociety.org/calmview/Record.aspx?src=CalmView.Persons&id=NA3064,1679,year_only,,1679,1679,1,200,https://catalogues.royalsociety.org/calmview/Record.aspx?src=CalmView.Persons&id=NA3064,
RS_PAST_NA3065,NA3065,,1749,https://catalogues.royalsociety.org/calmview/Record.aspx?src=CalmView.Persons&id=NA3065,,missing,,,,,200,https://catalogues.royalsociety.org/calmview/Record.aspx?src=CalmView.Persons&id=NA3065,
RS_PAST_NA3068,NA3068,Archibald,1708,https://catalogues.royalsociety.org/calmview/Record.aspx?src=CalmView.Persons&id=NA3068,c. 1660,circa_year,,1660,1660,1,200,https://catalogues.royalsociety.org/calmview/Record.aspx?src=CalmView.Persons&id=NA3068,
RS_PAST_NA307,NA307,Edward,1767,https://catalogues.royalsociety.org/calmview/Record.aspx?src=CalmView.Persons&id=NA307,1734,year_only,,1734,1734,1,200,https://catalogues.royalsociety.org/calmview/Record.aspx?src=CalmView.Persons&id=NA307,
RS_PAST_NA3076,NA3076,Henry,1809,https://catalogues.royalsociety.org/calmview/Record.aspx?src=CalmView.Persons&id=NA3076,1784 or 1785,nonstandard_or_ambiguous,,,,,200,https://catalogues.royalsociety.org/calmview/Record.aspx?src=CalmView.Persons&id=NA3076,
RS_PAST_NA3077,NA3077,Woronzow,1833,https://catalogues.royalsociety.org/calmview/Record.aspx?src=CalmView.Persons&id=NA3077,c. 1805,circa_year,,1805,1805,1,200,https://catalogues.royalsociety.org/calmview/Record.aspx?src=CalmView.Persons&id=NA3077,
RS_PAST_NA3080,NA3080,Corbyn,1757,https://catalogues.royalsociety.org/calmview/Record.aspx?src=CalmView.Persons&id=NA3080,,missing,,,,,200,https://catalogues.royalsociety.org/calmview/Record.aspx?src=CalmView.Persons&id=NA3080,
RS_PAST_NA309,NA309,Joseph,1703,https://catalogues.royalsociety.org/calmview/Record.aspx?src=CalmView.Persons&id=NA309,1671,year_only,,1671,1671,1,200,https://catalogues.royalsociety.org/calmview/Record.aspx?src=CalmView.Persons&id=NA309,
RS_PAST_NA3129,NA3129,John,1774,https://catalogues.royalsociety.org/calmview/Record.aspx?src=CalmView.Persons&id=NA3129,,missing,,,,,200,https://catalogues.royalsociety.org/calmview/Record.aspx?src=CalmView.Persons&id=NA3129,
RS_PAST_NA3130,NA3130,Robert Salusbury,1774,https://catalogues.royalsociety.org/calmview/Record.aspx?src=CalmView.Persons&id=NA3130,c. 1739,circa_year,,1739,1739,1,200,https://catalogues.royalsociety.org/calmview/Record.aspx?src=CalmView.Persons&id=NA3130,
RS_PAST_NA3131,NA3131,Arthur,1752,https://catalogues.royalsociety.org/calmview/Record.aspx?src=CalmView.Persons&id=NA3131,c. 1705,circa_year,,1705,1705,1,200,https://catalogues.royalsociety.org/calmview/Record.aspx?src=CalmView.Persons&id=NA3131,
RS_PAST_NA3132,NA3132,Cyril,1663,https://catalogues.royalsociety.org/calmview/Record.aspx?src=CalmView.Persons&id=NA3132,c 1632,circa_year,,1632,1632,1,200,https://catalogues.royalsociety.org/calmview/Record.aspx?src=CalmView.Persons&id=NA3132,
RS_PAST_NA3133,NA3133,Louis Jean Le,1750,https://catalogues.royalsociety.org/calmview/Record.aspx?src=CalmView.Persons&id=NA3133,,missing,,,,,200,https://catalogues.royalsociety.org/calmview/Record.aspx?src=CalmView.Persons&id=NA3133,
RS_PAST_NA3136,NA3136,John,1774,https://catalogues.royalsociety.org/calmview/Record.aspx?src=CalmView.Persons&id=NA3136,,missing,,,,,200,https://catalogues.royalsociety.org/calmview/Record.aspx?src=CalmView.Persons&id=NA3136,
RS_PAST_NA3137,NA3137,Anton Georg,1774,https://catalogues.royalsociety.org/calmview/Record.aspx?src=CalmView.Persons&id=NA3137,,missing,,,1740,,200,https://catalogues.royalsociety.org/calmview/Record.aspx?src=CalmView.Persons&id=NA3137,
RS_PAST_NA3138,NA3138,William Henry,1815,https://catalogues.royalsociety.org/calmview/Record.aspx?src=CalmView.Persons&id=NA3138,January 1780,nonstandard_or_ambiguous,,,1780,,200,https://catalogues.royalsociety.org/calmview/Record.aspx?src=CalmView.Persons&id=NA3138,
RS_PAST_NA314,NA314,Robert,1706,https://catalogues.royalsociety.org/calmview/Record.aspx?src=CalmView.Persons&id=NA314,1675,year_only,,1675,1675,1,200,https://catalogues.royalsociety.org/calmview/Record.aspx?src=CalmView.Persons&id=NA314,
RS_PAST_NA3141,NA3141,John Willett,1774,https://catalogues.royalsociety.org/calmview/Record.aspx?src=CalmView.Persons&id=NA3141,01 Jan 1745,nonstandard_or_ambiguous,,,1745,,200,https://catalogues.royalsociety.org/calmview/Record.aspx?src=CalmView.Persons&id=NA3141,
RS_PAST_NA3142,NA3142,Lancelot,1778,https://catalogues.royalsociety.org/calmview/Record.aspx?src=CalmView.Persons&id=NA3142,,missing,,,,,200,https://catalogues.royalsociety.org/calmview/Record.aspx?src=CalmView.Persons&id=NA3142,
RS_PAST_NA3143,NA3143,Jean Christophe,1706,https://catalogues.royalsociety.org/calmview/Record.aspx?src=CalmView.Persons&id=NA3143,,missing,,,,,200,https://catalogues.royalsociety.org/calmview/Record.aspx?src=CalmView.Persons&id=NA3143,
RS_PAST_NA3144,NA3144,Robert,1808,https://catalogues.royalsociety.org/calmview/Record.aspx?src=CalmView.Persons&id=NA3144,1759,year_only,,1759,1759,1,200,https://catalogues.royalsociety.org/calmview/Record.aspx?src=CalmView.Persons&id=NA3144,
RS_PAST_NA315,NA315,Thomas Hetherington,1846,https://catalogues.royalsociety.org/calmview/Record.aspx?src=CalmView.Persons&id=NA315,c. 1816,circa_year,,1816,1816,1,200,https://catalogues.royalsociety.org/calmview/Record.aspx?src=CalmView.Persons&id=NA315,
RS_PAST_NA3150,NA3150,John,1823,https://catalogues.royalsociety.org/calmview/Record.aspx?src=CalmView.Persons&id=NA3150,,missing,,,,,200,https://catalogues.royalsociety.org/calmview/Record.aspx?src=CalmView.Persons&id=NA3150,
RS_PAST_NA3155,NA3155,Richard,1803,https://catalogues.royalsociety.org/calmview/Record.aspx?src=CalmView.Persons&id=NA3155,1761,year_only,,1761,,,200,https://catalogues.royalsociety.org/calmview/Record.aspx?src=CalmView.Persons&id=NA3155,
RS_PAST_NA3156,NA3156,Edward,1806,https://catalogues.royalsociety.org/calmview/Record.aspx?src=CalmView.Persons&id=NA3156,1771,year_only,,1771,1771,1,200,https://catalogues.royalsociety.org/calmview/Record.aspx?src=CalmView.Persons&id=NA3156,
RS_PAST_NA3157,NA3157,Olaus,1805,https://catalogues.royalsociety.org/calmview/Record.aspx?src=CalmView.Persons&id=NA3157,,missing,,,,,200,https://catalogues.royalsociety.org/calmview/Record.aspx?src=CalmView.Persons&id=NA3157,
RS_PAST_NA3159,NA3159,James,1799,https://catalogues.royalsociety.org/calmview/Record.aspx?src=CalmView.Persons&id=NA3159,1737,year_only,,1737,1737,1,200,https://catalogues.royalsociety.org/calmview/Record.aspx?src=CalmView.Persons&id=NA3159,
RS_PAST_NA3160,NA3160,Thomas,1806,https://catalogues.royalsociety.org/calmview/Record.aspx?src=CalmView.Persons&id=NA3160,,missing,,,1753,,200,https://catalogues.royalsociety.org/calmview/Record.aspx?src=CalmView.Persons&id=NA3160,
RS_PAST_NA3162,NA3162,John,1806,https://catalogues.royalsociety.org/calmview/Record.aspx?src=CalmView.Persons&id=NA3162,,missing,,,,,200,https://catalogues.royalsociety.org/calmview/Record.aspx?src=CalmView.Persons&id=NA3162,
RS_PAST_NA3163,NA3163,George,1807,https://catalogues.royalsociety.org/calmview/Record.aspx?src=CalmView.Persons&id=NA3163,,missing,,,,,200,https://catalogues.royalsociety.org/calmview/Record.aspx?src=CalmView.Persons&id=NA3163,
RS_PAST_NA3165,NA3165,John,1806,https://catalogues.royalsociety.org/calmview/Record.aspx?src=CalmView.Persons&id=NA3165,1741,year_only,,1741,1741,1,200,https://catalogues.royalsociety.org/calmview/Record.aspx?src=CalmView.Persons&id=NA3165,
RS_PAST_NA3166,NA3166,Benjamin Fonseca,1838,https://catalogues.royalsociety.org/calmview/Record.aspx?src=CalmView.Persons&id=NA3166,1774,year_only,,1774,1774,1,200,https://catalogues.royalsociety.org/calmview/Record.aspx?src=CalmView.Persons&id=NA3166,
RS_PAST_NA3167,NA3167,Taylor,1807,https://catalogues.royalsociety.org/calmview/Record.aspx?src=CalmView.Persons&id=NA3167,1774,year_only,,1774,1774,1,200,https://catalogues.royalsociety.org/calmview/Record.aspx?src=CalmView.Persons&id=NA3167,
RS_PAST_NA3168,NA3168,John,1807,https://catalogues.royalsociety.org/calmview/Record.aspx?src=CalmView.Persons&id=NA3168,1767,year_only,,1767,1767,1,200,https://catalogues.royalsociety.org/calmview/Record.aspx?src=CalmView.Persons&id=NA3168,
RS_PAST_NA3169,NA3169,James Peter,1808,https://catalogues.royalsociety.org/calmview/Record.aspx?src=CalmView.Persons&id=NA3169,1753,year_only,,1753,1753,1,200,https://catalogues.royalsociety.org/calmview/Record.aspx?src=CalmView.Persons&id=NA3169,
RS_PAST_NA3171,NA3171,John Anthony,1809,https://catalogues.royalsociety.org/calmview/Record.aspx?src=CalmView.Persons&id=NA3171,,missing,,,1763,,200,https://catalogues.royalsociety.org/calmview/Record.aspx?src=CalmView.Persons&id=NA3171,
RS_PAST_NA3173,NA3173,Robert,1807,https://catalogues.royalsociety.org/calmview/Record.aspx?src=CalmView.Persons&id=NA3173,,missing,,,1745,,200,https://catalogues.royalsociety.org/calmview/Record.aspx?src=CalmView.Persons&id=NA3173,
RS_PAST_NA3176,NA3176,Henry,1667,https://catalogues.royalsociety.org/calmview/Record.aspx?src=CalmView.Persons&id=NA3176,,missing,,,1622,,200,https://catalogues.royalsociety.org/calmview/Record.aspx?src=CalmView.Persons&id=NA3176,
RS_PAST_NA3177,NA3177,John William,1821,https://catalogues.royalsociety.org/calmview/Record.aspx?src=CalmView.Persons&id=NA3177,,missing,,,1774,,200,https://catalogues.royalsociety.org/calmview/Record.aspx?src=CalmView.Persons&id=NA3177,
RS_PAST_NA3178,NA3178,George,1811,https://catalogues.royalsociety.org/calmview/Record.aspx?src=CalmView.Persons&id=NA3178,1757,year_only,,1757,1757,1,200,https://catalogues.royalsociety.org/calmview/Record.aspx?src=CalmView.Persons&id=NA3178,
RS_PAST_NA318,NA318,Samuel,1762,https://catalogues.royalsociety.org/calmview/Record.aspx?src=CalmView.Persons&id=NA318,,missing,,,,,200,https://catalogues.royalsociety.org/calmview/Record.aspx?src=CalmView.Persons&id=NA318,
RS_PAST_NA3181,NA3181,George Crawford,1818,https://catalogues.royalsociety.org/calmview/Record.aspx?src=CalmView.Persons&id=NA3181,c 1794,circa_year,,1794,1794,1,200,https://catalogues.royalsociety.org/calmview/Record.aspx?src=CalmView.Persons&id=NA3181,
RS_PAST_NA3183,NA3183,Dionysius,1766,https://catalogues.royalsociety.org/calmview/Record.aspx?src=CalmView.Persons&id=NA3183,,missing,,,1733,,200,https://catalogues.royalsociety.org/calmview/Record.aspx?src=CalmView.Persons&id=NA3183,
RS_PAST_NA3185,NA3185,William,1733,https://catalogues.royalsociety.org/calmview/Record.aspx?src=CalmView.Persons&id=NA3185,,missing,,,1694,,200,https://catalogues.royalsociety.org/calmview/Record.aspx?src=CalmView.Persons&id=NA3185,
RS_PAST_NA3186,NA3186,Conrad Van,1682,https://catalogues.royalsociety.org/calmview/Record.aspx?src=CalmView.Persons&id=NA3186,1622,year_only,,1622,1622,1,200,https://catalogues.royalsociety.org/calmview/Record.aspx?src=CalmView.Persons&id=NA3186,
RS_PAST_NA3187,NA3187,Thomas,1663,https://catalogues.royalsociety.org/calmview/Record.aspx?src=CalmView.Persons&id=NA3187,c 1622,circa_year,,1622,1622,1,200,https://catalogues.royalsociety.org/calmview/Record.aspx?src=CalmView.Persons&id=NA3187,
RS_PAST_NA3188,NA3188,Von,1713,https://catalogues.royalsociety.org/calmview/Record.aspx?src=CalmView.Persons&id=NA3188,,missing,,,,,200,https://catalogues.royalsociety.org/calmview/Record.aspx?src=CalmView.Persons&id=NA3188,
RS_PAST_NA3190,NA3190,Thomas,1783,https://catalogues.royalsociety.org/calmview/Record.aspx?src=CalmView.Persons&id=NA3190,c 1728,circa_year,,1728,1728,1,200,https://catalogues.royalsociety.org/calmview/Record.aspx?src=CalmView.Persons&id=NA3190,
RS_PAST_NA3191,NA3191,Cyril,1701,https://catalogues.royalsociety.org/calmview/Record.aspx?src=CalmView.Persons&id=NA3191,c1665,circa_year,,1665,1665,1,200,https://catalogues.royalsociety.org/calmview/Record.aspx?src=CalmView.Persons&id=NA3191,
RS_PAST_NA3194,NA3194,Thomas,1766,https://catalogues.royalsociety.org/calmview/Record.aspx?src=CalmView.Persons&id=NA3194,c 1724,circa_year,,1724,1724,1,200,https://catalogues.royalsociety.org/calmview/Record.aspx?src=CalmView.Persons&id=NA3194,
RS_PAST_NA3197,NA3197,Samuel,1722,https://catalogues.royalsociety.org/calmview/Record.aspx?src=CalmView.Persons&id=NA3197,,missing,,,,,200,https://catalogues.royalsociety.org/calmview/Record.aspx?src=CalmView.Persons&id=NA3197,
RS_PAST_NA3201,NA3201,Martinho de,1757,https://catalogues.royalsociety.org/calmview/Record.aspx?src=CalmView.Persons&id=NA3201,,missing,,,,,200,https://catalogues.royalsociety.org/calmview/Record.aspx?src=CalmView.Persons&id=NA3201,
RS_PAST_NA3202,NA3202,Thomas,1754,https://catalogues.royalsociety.org/calmview/Record.aspx?src=CalmView.Persons&id=NA3202,1703,year_only,,1703,1703,1,200,https://catalogues.royalsociety.org/calmview/Record.aspx?src=CalmView.Persons&id=NA3202,
RS_PAST_NA3204,NA3204,Anthony Le,1723,https://catalogues.royalsociety.org/calmview/Record.aspx?src=CalmView.Persons&id=NA3204,,missing,,,,,200,https://catalogues.royalsociety.org/calmview/Record.aspx?src=CalmView.Persons&id=NA3204,
RS_PAST_NA3205,NA3205,Joseph,1843,https://catalogues.royalsociety.org/calmview/Record.aspx?src=CalmView.Persons&id=NA3205,? 1798,nonstandard_or_ambiguous,,,,,200,https://catalogues.royalsociety.org/calmview/Record.aspx?src=CalmView.Persons&id=NA3205,
RS_PAST_NA3206,NA3206,Giovanni Ambrosio,1679,https://catalogues.royalsociety.org/calmview/Record.aspx?src=CalmView.Persons&id=NA3206,,missing,,,,,200,https://catalogues.royalsociety.org/calmview/Record.aspx?src=CalmView.Persons&id=NA3206,
RS_PAST_NA321,NA321,John,1844,https://catalogues.royalsociety.org/calmview/Record.aspx?src=CalmView.Persons&id=NA321,1795,year_only,,1795,1795,1,200,https://catalogues.royalsociety.org/calmview/Record.aspx?src=CalmView.Persons&id=NA321,
RS_PAST_NA3211,NA3211,Thomas,1722,https://catalogues.royalsociety.org/calmview/Record.aspx?src=CalmView.Persons&id=NA3211,,missing,,,,,200,https://catalogues.royalsociety.org/calmview/Record.aspx?src=CalmView.Persons&id=NA3211,
RS_PAST_NA3212,NA3212,Richard,1722,https://catalogues.royalsociety.org/calmview/Record.aspx?src=CalmView.Persons&id=NA3212,,missing,,,1693,,200,https://catalogues.royalsociety.org/calmview/Record.aspx?src=CalmView.Persons&id=NA3212,
RS_PAST_NA3213,NA3213,Richard,1681,https://catalogues.royalsociety.org/calmview/Record.aspx?src=CalmView.Persons&id=NA3213,,missing,,,,,200,https://catalogues.royalsociety.org/calmview/Record.aspx?src=CalmView.Persons&id=NA3213,
RS_PAST_NA3220,NA3220,Daniel,1768,https://catalogues.royalsociety.org/calmview/Record.aspx?src=CalmView.Persons&id=NA3220,,missing,,,,,200,https://catalogues.royalsociety.org/calmview/Record.aspx?src=CalmView.Persons&id=NA3220,
RS_PAST_NA3221,NA3221,James,1768,https://catalogues.royalsociety.org/calmview/Record.aspx?src=CalmView.Persons&id=NA3221,c. 1724,circa_year,,1724,,,200,https://catalogues.royalsociety.org/calmview/Record.aspx?src=CalmView.Persons&id=NA3221,
RS_PAST_NA3222,NA3222,James,1768,https://catalogues.royalsociety.org/calmview/Record.aspx?src=CalmView.Persons&id=NA3222,,missing,,,,,200,https://catalogues.royalsociety.org/calmview/Record.aspx?src=CalmView.Persons&id=NA3222,
RS_PAST_NA3225,NA3225,Richard,1769,https://catalogues.royalsociety.org/calmview/Record.aspx?src=CalmView.Persons&id=NA3225,1737,year_only,,1737,1737,1,200,https://catalogues.royalsociety.org/calmview/Record.aspx?src=CalmView.Persons&id=NA3225,
RS_PAST_NA3226,NA3226,John,1768,https://catalogues.royalsociety.org/calmview/Record.aspx?src=CalmView.Persons&id=NA3226,c. 1722,circa_year,,1722,1722,1,200,https://catalogues.royalsociety.org/calmview/Record.aspx?src=CalmView.Persons&id=NA3226,
RS_PAST_NA3228,NA3228,John Corham,1769,https://catalogues.royalsociety.org/calmview/Record.aspx?src=CalmView.Persons&id=NA3228,1723,year_only,,1723,,,200,https://catalogues.royalsociety.org/calmview/Record.aspx?src=CalmView.Persons&id=NA3228,
RS_PAST_NA3232,NA3232,John,1680,https://catalogues.royalsociety.org/calmview/Record.aspx?src=CalmView.Persons&id=NA3232,July 1645,nonstandard_or_ambiguous,,,1645,,200,https://catalogues.royalsociety.org/calmview/Record.aspx?src=CalmView.Persons&id=NA3232,
RS_PAST_NA3233,NA3233,William,1732,https://catalogues.royalsociety.org/calmview/Record.aspx?src=CalmView.Persons&id=NA3233,1692,year_only,,1692,1692,1,200,https://catalogues.royalsociety.org/calmview/Record.aspx?src=CalmView.Persons&id=NA3233,
RS_PAST_NA3236,NA3236,Richard,1740,https://catalogues.royalsociety.org/calmview/Record.aspx?src=CalmView.Persons&id=NA3236,,missing,,,,,200,https://catalogues.royalsociety.org/calmview/Record.aspx?src=CalmView.Persons&id=NA3236,
RS_PAST_NA3241,NA3241,Edward Hardinge John,1810,https://catalogues.royalsociety.org/calmview/Record.aspx?src=CalmView.Persons&id=NA3241,September 1768,nonstandard_or_ambiguous,,,1768,,200,https://catalogues.royalsociety.org/calmview/Record.aspx?src=CalmView.Persons&id=NA3241,
RS_PAST_NA3244,NA3244,Charles Frederick,1809,https://catalogues.royalsociety.org/calmview/Record.aspx?src=CalmView.Persons&id=NA3244,c. 1781,circa_year,,1781,1781,1,200,https://catalogues.royalsociety.org/calmview/Record.aspx?src=CalmView.Persons&id=NA3244,
RS_PAST_NA3245,NA3245,William,1811,https://catalogues.royalsociety.org/calmview/Record.aspx?src=CalmView.Persons&id=NA3245,1788,year_only,,1788,1788,1,200,https://catalogues.royalsociety.org/calmview/Record.aspx?src=CalmView.Persons&id=NA3245,
RS_PAST_NA3251,NA3251,Thomas,1742,https://catalogues.royalsociety.org/calmview/Record.aspx?src=CalmView.Persons&id=NA3251,c. 1702,circa_year,,1702,1702,1,200,https://catalogues.royalsociety.org/calmview/Record.aspx?src=CalmView.Persons&id=NA3251,
RS_PAST_NA3252,NA3252,John,1811,https://catalogues.royalsociety.org/calmview/Record.aspx?src=CalmView.Persons&id=NA3252,,missing,,,,,200,https://catalogues.royalsociety.org/calmview/Record.aspx?src=CalmView.Persons&id=NA3252,
RS_PAST_NA3254,NA3254,Colin,1808,https://catalogues.royalsociety.org/calmview/Record.aspx?src=CalmView.Persons&id=NA3254,1755,year_only,,1755,1755,1,200,https://catalogues.royalsociety.org/calmview/Record.aspx?src=CalmView.Persons&id=NA3254,
RS_PAST_NA3255,NA3255,Richard Hussey,1810,https://catalogues.royalsociety.org/calmview/Record.aspx?src=CalmView.Persons&id=NA3255,1759,year_only,,1759,1759,1,200,https://catalogues.royalsociety.org/calmview/Record.aspx?src=CalmView.Persons&id=NA3255,
RS_PAST_NA3259,NA3259,William,1812,https://catalogues.royalsociety.org/calmview/Record.aspx?src=CalmView.Persons&id=NA3259,c. 1764,circa_year,,1764,1764,1,200,https://catalogues.royalsociety.org/calmview/Record.aspx?src=CalmView.Persons&id=NA3259,
RS_PAST_NA326,NA326,William,1731,https://catalogues.royalsociety.org/calmview/Record.aspx?src=CalmView.Persons&id=NA326,1705,year_only,,1705,1705,1,200,https://catalogues.royalsociety.org/calmview/Record.aspx?src=CalmView.Persons&id=NA326,
RS_PAST_NA3264,NA3264,John,1693,https://catalogues.royalsociety.org/calmview/Record.aspx?src=CalmView.Persons&id=NA3264,,missing,,,,,200,https://catalogues.royalsociety.org/calmview/Record.aspx?src=CalmView.Persons&id=NA3264,
RS_PAST_NA3265,NA3265,Walter,1704,https://catalogues.royalsociety.org/calmview/Record.aspx?src=CalmView.Persons&id=NA3265,,missing,,,,,200,https://catalogues.royalsociety.org/calmview/Record.aspx?src=CalmView.Persons&id=NA3265,
RS_PAST_NA3266,NA3266,Edward,1801,https://catalogues.royalsociety.org/calmview/Record.aspx?src=CalmView.Persons&id=NA3266,,missing,,,,,200,https://catalogues.royalsociety.org/calmview/Record.aspx?src=CalmView.Persons&id=NA3266,
RS_PAST_NA3269,NA3269,Daniel,1810,https://catalogues.royalsociety.org/calmview/Record.aspx?src=CalmView.Persons&id=NA3269,c. 1760,circa_year,,1760,1760,1,200,https://catalogues.royalsociety.org/calmview/Record.aspx?src=CalmView.Persons&id=NA3269,
RS_PAST_NA327,NA327,John,1728,https://catalogues.royalsociety.org/calmview/Record.aspx?src=CalmView.Persons&id=NA327,c. 1678,circa_year,,1678,1678,1,200,https://catalogues.royalsociety.org/calmview/Record.aspx?src=CalmView.Persons&id=NA327,
RS_PAST_NA3272,NA3272,Richard,1813,https://catalogues.royalsociety.org/calmview/Record.aspx?src=CalmView.Persons&id=NA3272,c 1781,circa_year,,1781,1781,1,200,https://catalogues.royalsociety.org/calmview/Record.aspx?src=CalmView.Persons&id=NA3272,
RS_PAST_NA3274,NA3274,James,1810,https://catalogues.royalsociety.org/calmview/Record.aspx?src=CalmView.Persons&id=NA3274,,missing,,,1753,,200,https://catalogues.royalsociety.org/calmview/Record.aspx?src=CalmView.Persons&id=NA3274,
RS_PAST_NA3276,NA3276,John,1811,https://catalogues.royalsociety.org/calmview/Record.aspx?src=CalmView.Persons&id=NA3276,1760,year_only,,1760,1760,1,200,https://catalogues.royalsociety.org/calmview/Record.aspx?src=CalmView.Persons&id=NA3276,
RS_PAST_NA3278,NA3278,Thomas,1760,https://catalogues.royalsociety.org/calmview/Record.aspx?src=CalmView.Persons&id=NA3278,,missing,,,,,200,https://catalogues.royalsociety.org/calmview/Record.aspx?src=CalmView.Persons&id=NA3278,
RS_PAST_NA328,NA328,Kenneth,1772,https://catalogues.royalsociety.org/calmview/Record.aspx?src=CalmView.Persons&id=NA328,,missing,,,1744,,200,https://catalogues.royalsociety.org/calmview/Record.aspx?src=CalmView.Persons&id=NA328,
RS_PAST_NA3280,NA3280,William,1812,https://catalogues.royalsociety.org/calmview/Record.aspx?src=CalmView.Persons&id=NA3280,1774,year_only,,1774,1774,1,200,https://catalogues.royalsociety.org/calmview/Record.aspx?src=CalmView.Persons&id=NA3280,
RS_PAST_NA3282,NA3282,Walter,1811,https://catalogues.royalsociety.org/calmview/Record.aspx?src=CalmView.Persons&id=NA3282,,missing,,,,,200,https://catalogues.royalsociety.org/calmview/Record.aspx?src=CalmView.Persons&id=NA3282,
RS_PAST_NA3285,NA3285,James,1703,https://catalogues.royalsociety.org/calmview/Record.aspx?src=CalmView.Persons&id=NA3285,1672,year_only,,1672,1672,1,200,https://catalogues.royalsociety.org/calmview/Record.aspx?src=CalmView.Persons&id=NA3285,
RS_PAST_NA3286,NA3286,Edmond,1717,https://catalogues.royalsociety.org/calmview/Record.aspx?src=CalmView.Persons&id=NA3286,c. 1690,circa_year,,1690,1690,1,200,https://catalogues.royalsociety.org/calmview/Record.aspx?src=CalmView.Persons&id=NA3286,
RS_PAST_NA3287,NA3287,John,1724,https://catalogues.royalsociety.org/calmview/Record.aspx?src=CalmView.Persons&id=NA3287,1703,year_only,,1703,1703,1,200,https://catalogues.royalsociety.org/calmview/Record.aspx?src=CalmView.Persons&id=NA3287,
RS_PAST_NA3291,NA3291,Martin,1735,https://catalogues.royalsociety.org/calmview/Record.aspx?src=CalmView.Persons&id=NA3291,,missing,,,1690,,200,https://catalogues.royalsociety.org/calmview/Record.aspx?src=CalmView.Persons&id=NA3291,
RS_PAST_NA3293,NA3293,Clifford,1667,https://catalogues.royalsociety.org/calmview/Record.aspx?src=CalmView.Persons&id=NA3293,,missing,,,1626,,200,https://catalogues.royalsociety.org/calmview/Record.aspx?src=CalmView.Persons&id=NA3293,
RS_PAST_NA3294,NA3294,Amyas,1758,https://catalogues.royalsociety.org/calmview/Record.aspx?src=CalmView.Persons&id=NA3294,,missing,,,,,200,https://catalogues.royalsociety.org/calmview/Record.aspx?src=CalmView.Persons&id=NA3294,
RS_PAST_NA3295,NA3295,Henry,1730,https://catalogues.royalsociety.org/calmview/Record.aspx?src=CalmView.Persons&id=NA3295,,missing,,,,,200,https://catalogues.royalsociety.org/calmview/Record.aspx?src=CalmView.Persons&id=NA3295,
RS_PAST_NA3296,NA3296,Stephen,1728,https://catalogues.royalsociety.org/calmview/Record.aspx?src=CalmView.Persons&id=NA3296,,missing,,,,,200,https://catalogues.royalsociety.org/calmview/Record.aspx?src=CalmView.Persons&id=NA3296,
RS_PAST_NA3297,NA3297,William,1836,https://catalogues.royalsociety.org/calmview/Record.aspx?src=CalmView.Persons&id=NA3297,1790,year_only,,1790,1790,1,200,https://catalogues.royalsociety.org/calmview/Record.aspx?src=CalmView.Persons&id=NA3297,
RS_PAST_NA3302,NA3302,Lewis,1794,https://catalogues.royalsociety.org/calmview/Record.aspx?src=CalmView.Persons&id=NA3302,,missing,,,,,200,https://catalogues.royalsociety.org/calmview/Record.aspx?src=CalmView.Persons&id=NA3302,
RS_PAST_NA3303,NA3303,Benjamin,1795,https://catalogues.royalsociety.org/calmview/Record.aspx?src=CalmView.Persons&id=NA3303,,missing,,,,,200,https://catalogues.royalsociety.org/calmview/Record.aspx?src=CalmView.Persons&id=NA3303,
RS_PAST_NA3304,NA3304,Henry Benjamin Hanbury,1815,https://catalogues.royalsociety.org/calmview/Record.aspx?src=CalmView.Persons&id=NA3304,1786,year_only,,1786,1786,1,200,https://catalogues.royalsociety.org/calmview/Record.aspx?src=CalmView.Persons&id=NA3304,
RS_PAST_NA3305,NA3305,Thomas Flower,1847,https://catalogues.royalsociety.org/calmview/Record.aspx?src=CalmView.Persons&id=NA3305,1796,year_only,,1796,1796,1,200,https://catalogues.royalsociety.org/calmview/Record.aspx?src=CalmView.Persons&id=NA3305,
RS_PAST_NA3306,NA3306,Edward John,1836,https://catalogues.royalsociety.org/calmview/Record.aspx?src=CalmView.Persons&id=NA3306,? 1795,nonstandard_or_ambiguous,,,,,200,https://catalogues.royalsociety.org/calmview/Record.aspx?src=CalmView.Persons&id=NA3306,
RS_PAST_NA3308,NA3308,David,1699,https://catalogues.royalsociety.org/calmview/Record.aspx?src=CalmView.Persons&id=NA3308,1669,year_only,,1669,1669,1,200,https://catalogues.royalsociety.org/calmview/Record.aspx?src=CalmView.Persons&id=NA3308,
RS_PAST_NA3310,NA3310,Walter,1742,https://catalogues.royalsociety.org/calmview/Record.aspx?src=CalmView.Persons&id=NA3310,,missing,,,,,200,https://catalogues.royalsociety.org/calmview/Record.aspx?src=CalmView.Persons&id=NA3310,
RS_PAST_NA3311,NA3311,Samuel Wells,1770,https://catalogues.royalsociety.org/calmview/Record.aspx?src=CalmView.Persons&id=NA3311,c. 1740,circa_year,,1740,1740,1,200,https://catalogues.royalsociety.org/calmview/Record.aspx?src=CalmView.Persons&id=NA3311,
RS_PAST_NA3312,NA3312,William,1683,https://catalogues.royalsociety.org/calmview/Record.aspx?src=CalmView.Persons&id=NA3312,c. 1652,circa_year,,1652,1652,1,200,https://catalogues.royalsociety.org/calmview/Record.aspx?src=CalmView.Persons&id=NA3312,
RS_PAST_NA3314,NA3314,Jodocus,1681,https://catalogues.royalsociety.org/calmview/Record.aspx?src=CalmView.Persons&id=NA3314,,missing,,,,,200,https://catalogues.royalsociety.org/calmview/Record.aspx?src=CalmView.Persons&id=NA3314,
RS_PAST_NA3316,NA3316,Richard,1768,https://catalogues.royalsociety.org/calmview/Record.aspx?src=CalmView.Persons&id=NA3316,1720,year_only,,1720,1720,1,200,https://catalogues.royalsociety.org/calmview/Record.aspx?src=CalmView.Persons&id=NA3316,
RS_PAST_NA3318,NA3318,George Foster,1758,https://catalogues.royalsociety.org/calmview/Record.aspx?src=CalmView.Persons&id=NA3318,1723,year_only,,1723,1723,1,200,https://catalogues.royalsociety.org/calmview/Record.aspx?src=CalmView.Persons&id=NA3318,
RS_PAST_NA3319,NA3319,Thomas,1758,https://catalogues.royalsociety.org/calmview/Record.aspx?src=CalmView.Persons&id=NA3319,,missing,,,,,200,https://catalogues.royalsociety.org/calmview/Record.aspx?src=CalmView.Persons&id=NA3319,
RS_PAST_NA3323,NA3323,Thomas,1758,https://catalogues.royalsociety.org/calmview/Record.aspx?src=CalmView.Persons&id=NA3323,1712,year_only,,1712,1712,1,200,https://catalogues.royalsociety.org/calmview/Record.aspx?src=CalmView.Persons&id=NA3323,
RS_PAST_NA3325,NA3325,Joseph,1759,https://catalogues.royalsociety.org/calmview/Record.aspx?src=CalmView.Persons&id=NA3325,1716,year_only,,1716,1716,1,200,https://catalogues.royalsociety.org/calmview/Record.aspx?src=CalmView.Persons&id=NA3325,
RS_PAST_NA3326,NA3326,Edward,1759,https://catalogues.royalsociety.org/calmview/Record.aspx?src=CalmView.Persons&id=NA3326,,missing,,,,,200,https://catalogues.royalsociety.org/calmview/Record.aspx?src=CalmView.Persons&id=NA3326,
RS_PAST_NA3327,NA3327,Giovanni,1759,https://catalogues.royalsociety.org/calmview/Record.aspx?src=CalmView.Persons&id=NA3327,1715,year_only,,1715,1715,1,200,https://catalogues.royalsociety.org/calmview/Record.aspx?src=CalmView.Persons&id=NA3327,
RS_PAST_NA3328,NA3328,Erasmus,1759,https://catalogues.royalsociety.org/calmview/Record.aspx?src=CalmView.Persons&id=NA3328,,missing,,,,,200,https://catalogues.royalsociety.org/calmview/Record.aspx?src=CalmView.Persons&id=NA3328,
RS_PAST_NA3329,NA3329,Edward,1759,https://catalogues.royalsociety.org/calmview/Record.aspx?src=CalmView.Persons&id=NA3329,,missing,,,,,200,https://catalogues.royalsociety.org/calmview/Record.aspx?src=CalmView.Persons&id=NA3329,
RS_PAST_NA3330,NA3330,Filippo,1759,https://catalogues.royalsociety.org/calmview/Record.aspx?src=CalmView.Persons&id=NA3330,,missing,,,1709,,200,https://catalogues.royalsociety.org/calmview/Record.aspx?src=CalmView.Persons&id=NA3330,
RS_PAST_NA3331,NA3331,John,1759,https://catalogues.royalsociety.org/calmview/Record.aspx?src=CalmView.Persons&id=NA3331,c. 1735,circa_year,,1735,1735,1,200,https://catalogues.royalsociety.org/calmview/Record.aspx?src=CalmView.Persons&id=NA3331,
RS_PAST_NA3332,NA3332,Israel,1760,https://catalogues.royalsociety.org/calmview/Record.aspx?src=CalmView.Persons&id=NA3332,c. 1722,circa_year,,1722,1722,1,200,https://catalogues.royalsociety.org/calmview/Record.aspx?src=CalmView.Persons&id=NA3332,
RS_PAST_NA3334,NA3334,Alexander,1808,https://catalogues.royalsociety.org/calmview/Record.aspx?src=CalmView.Persons&id=NA3334,1762,year_only,,1762,1762,1,200,https://catalogues.royalsociety.org/calmview/Record.aspx?src=CalmView.Persons&id=NA3334,
RS_PAST_NA3335,NA3335,Thomas,1811,https://catalogues.royalsociety.org/calmview/Record.aspx?src=CalmView.Persons&id=NA3335,,missing,,,,,200,https://catalogues.royalsociety.org/calmview/Record.aspx?src=CalmView.Persons&id=NA3335,
RS_PAST_NA3336,NA3336,Edward,1840,https://catalogues.royalsociety.org/calmview/Record.aspx?src=CalmView.Persons&id=NA3336,1816,year_only,,1816,1816,1,200,https://catalogues.royalsociety.org/calmview/Record.aspx?src=CalmView.Persons&id=NA3336,
RS_PAST_NA3337,NA3337,William,1811,https://catalogues.royalsociety.org/calmview/Record.aspx?src=CalmView.Persons&id=NA3337,August 1775,nonstandard_or_ambiguous,,,1775,,200,https://catalogues.royalsociety.org/calmview/Record.aspx?src=CalmView.Persons&id=NA3337,
RS_PAST_NA3339,NA3339,Malachy,1665,https://catalogues.royalsociety.org/calmview/Record.aspx?src=CalmView.Persons&id=NA3339,c 1628,circa_year,,1628,1628,1,200,https://catalogues.royalsociety.org/calmview/Record.aspx?src=CalmView.Persons&id=NA3339,
RS_PAST_NA334,NA334,Henry,1742,https://catalogues.royalsociety.org/calmview/Record.aspx?src=CalmView.Persons&id=NA334,,missing,,,,,200,https://catalogues.royalsociety.org/calmview/Record.aspx?src=CalmView.Persons&id=NA334,
RS_PAST_NA3340,NA3340,Edmund,1812,https://catalogues.royalsociety.org/calmview/Record.aspx?src=CalmView.Persons&id=NA3340,c. 1774,circa_year,,1774,1774,1,200,https://catalogues.royalsociety.org/calmview/Record.aspx?src=CalmView.Persons&id=NA3340,
RS_PAST_NA3343,NA3343,Edward,1668,https://catalogues.royalsociety.org/calmview/Record.aspx?src=CalmView.Persons&id=NA3343,1644,year_only,,1644,1644,1,200,https://catalogues.royalsociety.org/calmview/Record.aspx?src=CalmView.Persons&id=NA3343,
RS_PAST_NA3344,NA3344,Benjamin,1812,https://catalogues.royalsociety.org/calmview/Record.aspx?src=CalmView.Persons&id=NA3344,,missing,,,,,200,https://catalogues.royalsociety.org/calmview/Record.aspx?src=CalmView.Persons&id=NA3344,
RS_PAST_NA3346,NA3346,Edward,1663,https://catalogues.royalsociety.org/calmview/Record.aspx?src=CalmView.Persons&id=NA3346,c 1616,circa_year,,1616,1616,1,200,https://catalogues.royalsociety.org/calmview/Record.aspx?src=CalmView.Persons&id=NA3346,
RS_PAST_NA3349,NA3349,William Edward,1812,https://catalogues.royalsociety.org/calmview/Record.aspx?src=CalmView.Persons&id=NA3349,c. 1786,circa_year,,1786,1786,1,200,https://catalogues.royalsociety.org/calmview/Record.aspx?src=CalmView.Persons&id=NA3349,
RS_PAST_NA335,NA335,Samuel,1739,https://catalogues.royalsociety.org/calmview/Record.aspx?src=CalmView.Persons&id=NA335,,missing,,,,,200,https://catalogues.royalsociety.org/calmview/Record.aspx?src=CalmView.Persons&id=NA335,
RS_PAST_NA3354,NA3354,Peter,1663,https://catalogues.royalsociety.org/calmview/Record.aspx?src=CalmView.Persons&id=NA3354,c 1638,circa_year,,1638,1638,1,200,https://catalogues.royalsociety.org/calmview/Record.aspx?src=CalmView.Persons&id=NA3354,
RS_PAST_NA3355,NA3355,John,1663,https://catalogues.royalsociety.org/calmview/Record.aspx?src=CalmView.Persons&id=NA3355,c1608,circa_year,,1608,1608,1,200,https://catalogues.royalsociety.org/calmview/Record.aspx?src=CalmView.Persons&id=NA3355,
RS_PAST_NA3356,NA3356,Paul,1699,https://catalogues.royalsociety.org/calmview/Record.aspx?src=CalmView.Persons&id=NA3356,c. 1655,circa_year,,1655,1655,1,200,https://catalogues.royalsociety.org/calmview/Record.aspx?src=CalmView.Persons&id=NA3356,
RS_PAST_NA336,NA336,John,1819,https://catalogues.royalsociety.org/calmview/Record.aspx?src=CalmView.Persons&id=NA336,1748,year_only,,1748,1748,1,200,https://catalogues.royalsociety.org/calmview/Record.aspx?src=CalmView.Persons&id=NA336,
RS_PAST_NA3360,NA3360,John,1813,https://catalogues.royalsociety.org/calmview/Record.aspx?src=CalmView.Persons&id=NA3360,1747,year_only,,1747,1747,1,200,https://catalogues.royalsociety.org/calmview/Record.aspx?src=CalmView.Persons&id=NA3360,
RS_PAST_NA3368,NA3368,Charles William Rouse,1814,https://catalogues.royalsociety.org/calmview/Record.aspx?src=CalmView.Persons&id=NA3368,,missing,,,,,200,https://catalogues.royalsociety.org/calmview/Record.aspx?src=CalmView.Persons&id=NA3368,
RS_PAST_NA337,NA337,Domenico,1765,https://catalogues.royalsociety.org/calmview/Record.aspx?src=CalmView.Persons&id=NA337,,missing,,,1715,,200,https://catalogues.royalsociety.org/calmview/Record.aspx?src=CalmView.Persons&id=NA337,
RS_PAST_NA3373,NA3373,Augustus,1812,https://catalogues.royalsociety.org/calmview/Record.aspx?src=CalmView.Persons&id=NA3373,,missing,,,1762,,200,https://catalogues.royalsociety.org/calmview/Record.aspx?src=CalmView.Persons&id=NA3373,
RS_PAST_NA3377,NA3377,John,1815,https://catalogues.royalsociety.org/calmview/Record.aspx?src=CalmView.Persons&id=NA3377,c 1765,circa_year,,1765,1765,1,200,https://catalogues.royalsociety.org/calmview/Record.aspx?src=CalmView.Persons&id=NA3377,
RS_PAST_NA338,NA338,George,1784,https://catalogues.royalsociety.org/calmview/Record.aspx?src=CalmView.Persons&id=NA338,,missing,,,1754,,200,https://catalogues.royalsociety.org/calmview/Record.aspx?src=CalmView.Persons&id=NA338,
RS_PAST_NA3382,NA3382,John,1814,https://catalogues.royalsociety.org/calmview/Record.aspx?src=CalmView.Persons&id=NA3382,1749,year_only,,1749,1749,1,200,https://catalogues.royalsociety.org/calmview/Record.aspx?src=CalmView.Persons&id=NA3382,
RS_PAST_NA3383,NA3383,John,1816,https://catalogues.royalsociety.org/calmview/Record.aspx?src=CalmView.Persons&id=NA3383,,missing,,,,,200,https://catalogues.royalsociety.org/calmview/Record.aspx?src=CalmView.Persons&id=NA3383,
RS_PAST_NA3385,NA3385,Nicholas,1814,https://catalogues.royalsociety.org/calmview/Record.aspx?src=CalmView.Persons&id=NA3385,January or February 1771,nonstandard_or_ambiguous,,,1771,,200,https://catalogues.royalsociety.org/calmview/Record.aspx?src=CalmView.Persons&id=NA3385,
RS_PAST_NA3388,NA3388,Phineas,1815,https://catalogues.royalsociety.org/calmview/Record.aspx?src=CalmView.Persons&id=NA3388,,missing,,,1748,,200,https://catalogues.royalsociety.org/calmview/Record.aspx?src=CalmView.Persons&id=NA3388,
RS_PAST_NA3390,NA3390,Christian Ludwig,1733,https://catalogues.royalsociety.org/calmview/Record.aspx?src=CalmView.Persons&id=NA3390,February 1701,nonstandard_or_ambiguous,,,1701,,200,https://catalogues.royalsociety.org/calmview/Record.aspx?src=CalmView.Persons&id=NA3390,
RS_PAST_NA3393,NA3393,Thomas,1815,https://catalogues.royalsociety.org/calmview/Record.aspx?src=CalmView.Persons&id=NA3393,,missing,,,,,200,https://catalogues.royalsociety.org/calmview/Record.aspx?src=CalmView.Persons&id=NA3393,
RS_PAST_NA3399,NA3399,Peter Patten,1815,https://catalogues.royalsociety.org/calmview/Record.aspx?src=CalmView.Persons&id=NA3399,,missing,,,,,200,https://catalogues.royalsociety.org/calmview/Record.aspx?src=CalmView.Persons&id=NA3399,
RS_PAST_NA340,NA340,Littleton,1724,https://catalogues.royalsociety.org/calmview/Record.aspx?src=CalmView.Persons&id=NA340,c 1648,circa_year,,1648,1648,1,200,https://catalogues.royalsociety.org/calmview/Record.aspx?src=CalmView.Persons&id=NA340,
RS_PAST_NA3403,NA3403,Samuel,1815,https://catalogues.royalsociety.org/calmview/Record.aspx?src=CalmView.Persons&id=NA3403,,missing,,,,,200,https://catalogues.royalsociety.org/calmview/Record.aspx?src=CalmView.Persons&id=NA3403,
RS_PAST_NA3411,NA3411,Christopher,1815,https://catalogues.royalsociety.org/calmview/Record.aspx?src=CalmView.Persons&id=NA3411,,missing,,,1758,,200,https://catalogues.royalsociety.org/calmview/Record.aspx?src=CalmView.Persons&id=NA3411,
RS_PAST_NA3420,NA3420,Thomas William,1815,https://catalogues.royalsociety.org/calmview/Record.aspx?src=CalmView.Persons&id=NA3420,,missing,,,,,200,https://catalogues.royalsociety.org/calmview/Record.aspx?src=CalmView.Persons&id=NA3420,
RS_PAST_NA3423,NA3423,Frederick Henry Turnor,1818,https://catalogues.royalsociety.org/calmview/Record.aspx?src=CalmView.Persons&id=NA3423,c. 1770,circa_year,,1770,1770,1,200,https://catalogues.royalsociety.org/calmview/Record.aspx?src=CalmView.Persons&id=NA3423,
RS_PAST_NA3424,NA3424,Samuel John,1816,https://catalogues.royalsociety.org/calmview/Record.aspx?src=CalmView.Persons&id=NA3424,1792 or 1793,nonstandard_or_ambiguous,,,,,200,https://catalogues.royalsociety.org/calmview/Record.aspx?src=CalmView.Persons&id=NA3424,
RS_PAST_NA3426,NA3426,Michael,1816,https://catalogues.royalsociety.org/calmview/Record.aspx?src=CalmView.Persons&id=NA3426,c. 1777,circa_year,,1777,1777,1,200,https://catalogues.royalsociety.org/calmview/Record.aspx?src=CalmView.Persons&id=NA3426,
RS_PAST_NA3433,NA3433,João Mendes Sachetti,1750,https://catalogues.royalsociety.org/calmview/Record.aspx?src=CalmView.Persons&id=NA3433,1714,year_only,,1714,1714,1,200,https://catalogues.royalsociety.org/calmview/Record.aspx?src=CalmView.Persons&id=NA3433,
RS_PAST_NA3436,NA3436,Thomas Stephens,1833,https://catalogues.royalsociety.org/calmview/Record.aspx?src=CalmView.Persons&id=NA3436,1795,year_only,,1795,1795,1,200,https://catalogues.royalsociety.org/calmview/Record.aspx?src=CalmView.Persons&id=NA3436,
RS_PAST_NA3437,NA3437,Thomas,1817,https://catalogues.royalsociety.org/calmview/Record.aspx?src=CalmView.Persons&id=NA3437,1793,year_only,,1793,1793,1,200,https://catalogues.royalsociety.org/calmview/Record.aspx?src=CalmView.Persons&id=NA3437,
RS_PAST_NA3439,NA3439,John,1817,https://catalogues.royalsociety.org/calmview/Record.aspx?src=CalmView.Persons&id=NA3439,1772,year_only,,1772,1772,1,200,https://catalogues.royalsociety.org/calmview/Record.aspx?src=CalmView.Persons&id=NA3439,
RS_PAST_NA344,NA344,Thomas,1711,https://catalogues.royalsociety.org/calmview/Record.aspx?src=CalmView.Persons&id=NA344,,missing,,,,,200,https://catalogues.royalsociety.org/calmview/Record.aspx?src=CalmView.Persons&id=NA344,
RS_PAST_NA3441,NA3441,Peter Evan,1817,https://catalogues.royalsociety.org/calmview/Record.aspx?src=CalmView.Persons&id=NA3441,1786,year_only,,1786,1786,1,200,https://catalogues.royalsociety.org/calmview/Record.aspx?src=CalmView.Persons&id=NA3441,
RS_PAST_NA3442,NA3442,George Augustus,1816,https://catalogues.royalsociety.org/calmview/Record.aspx?src=CalmView.Persons&id=NA3442,c. 1771,circa_year,,1771,1771,1,200,https://catalogues.royalsociety.org/calmview/Record.aspx?src=CalmView.Persons&id=NA3442,
RS_PAST_NA3443,NA3443,William,1817,https://catalogues.royalsociety.org/calmview/Record.aspx?src=CalmView.Persons&id=NA3443,,missing,,,,,200,https://catalogues.royalsociety.org/calmview/Record.aspx?src=CalmView.Persons&id=NA3443,
RS_PAST_NA3444,NA3444,John William,1817,https://catalogues.royalsociety.org/calmview/Record.aspx?src=CalmView.Persons&id=NA3444,c 1788,circa_year,,1788,,,200,https://catalogues.royalsociety.org/calmview/Record.aspx?src=CalmView.Persons&id=NA3444,
RS_PAST_NA3445,NA3445,James Rawlins,1817,https://catalogues.royalsociety.org/calmview/Record.aspx?src=CalmView.Persons&id=NA3445,,missing,,,,,200,https://catalogues.royalsociety.org/calmview/Record.aspx?src=CalmView.Persons&id=NA3445,
RS_PAST_NA3449,NA3449,John,1817,https://catalogues.royalsociety.org/calmview/Record.aspx?src=CalmView.Persons&id=NA3449,c 1765,circa_year,,1765,1765,1,200,https://catalogues.royalsociety.org/calmview/Record.aspx?src=CalmView.Persons&id=NA3449,
RS_PAST_NA3450,NA3450,John Thomas,1818,https://catalogues.royalsociety.org/calmview/Record.aspx?src=CalmView.Persons&id=NA3450,1792,year_only,,1792,1792,1,200,https://catalogues.royalsociety.org/calmview/Record.aspx?src=CalmView.Persons&id=NA3450,
RS_PAST_NA3452,NA3452,Stephen Remnant,1816,https://catalogues.royalsociety.org/calmview/Record.aspx?src=CalmView.Persons&id=NA3452,1776,year_only,,1776,1776,1,200,https://catalogues.royalsociety.org/calmview/Record.aspx?src=CalmView.Persons&id=NA3452,
RS_PAST_NA3458,NA3458,Charles,1819,https://catalogues.royalsociety.org/calmview/Record.aspx?src=CalmView.Persons&id=NA3458,,missing,,,,,200,https://catalogues.royalsociety.org/calmview/Record.aspx?src=CalmView.Persons&id=NA3458,
RS_PAST_NA3463,NA3463,John Leslie,1819,https://catalogues.royalsociety.org/calmview/Record.aspx?src=CalmView.Persons&id=NA3463,,missing,,,,,200,https://catalogues.royalsociety.org/calmview/Record.aspx?src=CalmView.Persons&id=NA3463,
RS_PAST_NA3466,NA3466,Rudolf Eric,1769,https://catalogues.royalsociety.org/calmview/Record.aspx?src=CalmView.Persons&id=NA3466,1737,year_only,,1737,1737,1,200,https://catalogues.royalsociety.org/calmview/Record.aspx?src=CalmView.Persons&id=NA3466,
RS_PAST_NA3469,NA3469,Charles Henry,1812,https://catalogues.royalsociety.org/calmview/Record.aspx?src=CalmView.Persons&id=NA3469,1779,year_only,,1779,1779,1,200,https://catalogues.royalsociety.org/calmview/Record.aspx?src=CalmView.Persons&id=NA3469,
RS_PAST_NA347,NA347,Ferdinand Philip,1747,https://catalogues.royalsociety.org/calmview/Record.aspx?src=CalmView.Persons&id=NA347,,missing,,,1724,,200,https://catalogues.royalsociety.org/calmview/Record.aspx?src=CalmView.Persons&id=NA347,
RS_PAST_NA3470,NA3470,John Sprat,1819,https://catalogues.royalsociety.org/calmview/Record.aspx?src=CalmView.Persons&id=NA3470,,missing,,,,,200,https://catalogues.royalsociety.org/calmview/Record.aspx?src=CalmView.Persons&id=NA3470,
RS_PAST_NA348,NA348,Henry,1767,https://catalogues.royalsociety.org/calmview/Record.aspx?src=CalmView.Persons&id=NA348,,missing,,,1725,,200,https://catalogues.royalsociety.org/calmview/Record.aspx?src=CalmView.Persons&id=NA348,
RS_PAST_NA3485,NA3485,Edmund,1725,https://catalogues.royalsociety.org/calmview/Record.aspx?src=CalmView.Persons&id=NA3485,,missing,,,1700,,200,https://catalogues.royalsociety.org/calmview/Record.aspx?src=CalmView.Persons&id=NA3485,
RS_PAST_NA349,NA349,Thomas,1712,https://catalogues.royalsociety.org/calmview/Record.aspx?src=CalmView.Persons&id=NA349,1723,year_only,,1723,,,200,https://catalogues.royalsociety.org/calmview/Record.aspx?src=CalmView.Persons&id=NA349,
RS_PAST_NA3494,NA3494,Robert,1818,https://catalogues.royalsociety.org/calmview/Record.aspx?src=CalmView.Persons&id=NA3494,1780,year_only,,1780,1780,1,200,https://catalogues.royalsociety.org/calmview/Record.aspx?src=CalmView.Persons&id=NA3494,
RS_PAST_NA3496,NA3496,Henry,1676,https://catalogues.royalsociety.org/calmview/Record.aspx?src=CalmView.Persons&id=NA3496,,missing,,,,,200,https://catalogues.royalsociety.org/calmview/Record.aspx?src=CalmView.Persons&id=NA3496,
RS_PAST_NA3498,NA3498,Thomas,1673,https://catalogues.royalsociety.org/calmview/Record.aspx?src=CalmView.Persons&id=NA3498,,missing,,,,,200,https://catalogues.royalsociety.org/calmview/Record.aspx?src=CalmView.Persons&id=NA3498,
RS_PAST_NA3502,NA3502,George,1819,https://catalogues.royalsociety.org/calmview/Record.aspx?src=CalmView.Persons&id=NA3502,1775,year_only,,1775,1775,1,200,https://catalogues.royalsociety.org/calmview/Record.aspx?src=CalmView.Persons&id=NA3502,
RS_PAST_NA3503,NA3503,William,1660,https://catalogues.royalsociety.org/calmview/Record.aspx?src=CalmView.Persons&id=NA3503,c 1620,circa_year,,1620,1620,1,200,https://catalogues.royalsociety.org/calmview/Record.aspx?src=CalmView.Persons&id=NA3503,
RS_PAST_NA3507,NA3507,Charles,1826,https://catalogues.royalsociety.org/calmview/Record.aspx?src=CalmView.Persons&id=NA3507,November 1774,nonstandard_or_ambiguous,,,1774,,200,https://catalogues.royalsociety.org/calmview/Record.aspx?src=CalmView.Persons&id=NA3507,
RS_PAST_NA3508,NA3508,John,1718,https://catalogues.royalsociety.org/calmview/Record.aspx?src=CalmView.Persons&id=NA3508,,missing,,,1679,,200,https://catalogues.royalsociety.org/calmview/Record.aspx?src=CalmView.Persons&id=NA3508,
RS_PAST_NA351,NA351,John Van Brugh,1765,https://catalogues.royalsociety.org/calmview/Record.aspx?src=CalmView.Persons&id=NA351,,missing,,,1737,,200,https://catalogues.royalsociety.org/calmview/Record.aspx?src=CalmView.Persons&id=NA351,
RS_PAST_NA3510,NA3510,George,1839,https://catalogues.royalsociety.org/calmview/Record.aspx?src=CalmView.Persons&id=NA3510,1776,year_only,,1776,1776,1,200,https://catalogues.royalsociety.org/calmview/Record.aspx?src=CalmView.Persons&id=NA3510,
RS_PAST_NA3521,NA3521,John Churchill,1716,https://catalogues.royalsociety.org/calmview/Record.aspx?src=CalmView.Persons&id=NA3521,,missing,,,,,200,https://catalogues.royalsociety.org/calmview/Record.aspx?src=CalmView.Persons&id=NA3521,
RS_PAST_NA3522,NA3522,Joanne Baptista,1729,https://catalogues.royalsociety.org/calmview/Record.aspx?src=CalmView.Persons&id=NA3522,,missing,,,,,200,https://catalogues.royalsociety.org/calmview/Record.aspx?src=CalmView.Persons&id=NA3522,
RS_PAST_NA3524,NA3524,Gaspar de Meres de,1669,https://catalogues.royalsociety.org/calmview/Record.aspx?src=CalmView.Persons&id=NA3524,,missing,,,,,200,https://catalogues.royalsociety.org/calmview/Record.aspx?src=CalmView.Persons&id=NA3524,
RS_PAST_NA3530,NA3530,Thomas,1794,https://catalogues.royalsociety.org/calmview/Record.aspx?src=CalmView.Persons&id=NA3530,c. 1761,circa_year,,1761,1761,1,200,https://catalogues.royalsociety.org/calmview/Record.aspx?src=CalmView.Persons&id=NA3530,
RS_PAST_NA3536,NA3536,Frederick,1822,https://catalogues.royalsociety.org/calmview/Record.aspx?src=CalmView.Persons&id=NA3536,,missing,,,,,200,https://catalogues.royalsociety.org/calmview/Record.aspx?src=CalmView.Persons&id=NA3536,
RS_PAST_NA3537,NA3537,Charles,1747,https://catalogues.royalsociety.org/calmview/Record.aspx?src=CalmView.Persons&id=NA3537,,missing,,,1704,,200,https://catalogues.royalsociety.org/calmview/Record.aspx?src=CalmView.Persons&id=NA3537,
RS_PAST_NA3538,NA3538,Edward,1708,https://catalogues.royalsociety.org/calmview/Record.aspx?src=CalmView.Persons&id=NA3538,,missing,,,,,200,https://catalogues.royalsociety.org/calmview/Record.aspx?src=CalmView.Persons&id=NA3538,
RS_PAST_NA3539,NA3539,William,1742,https://catalogues.royalsociety.org/calmview/Record.aspx?src=CalmView.Persons&id=NA3539,,missing,,,1699,,200,https://catalogues.royalsociety.org/calmview/Record.aspx?src=CalmView.Persons&id=NA3539,
RS_PAST_NA3540,NA3540,Edmund,1834,https://catalogues.royalsociety.org/calmview/Record.aspx?src=CalmView.Persons&id=NA3540,,missing,,,,,200,https://catalogues.royalsociety.org/calmview/Record.aspx?src=CalmView.Persons&id=NA3540,
RS_PAST_NA3543,NA3543,George Paulet,1805,https://catalogues.royalsociety.org/calmview/Record.aspx?src=CalmView.Persons&id=NA3543,c. 1760,circa_year,,1760,1760,1,200,https://catalogues.royalsociety.org/calmview/Record.aspx?src=CalmView.Persons&id=NA3543,
RS_PAST_NA3544,NA3544,Edward,1812,https://catalogues.royalsociety.org/calmview/Record.aspx?src=CalmView.Persons&id=NA3544,c. 1769,circa_year,,1769,1769,1,200,https://catalogues.royalsociety.org/calmview/Record.aspx?src=CalmView.Persons&id=NA3544,
RS_PAST_NA3545,NA3545,Thomas Bayly,1804,https://catalogues.royalsociety.org/calmview/Record.aspx?src=CalmView.Persons&id=NA3545,1768,year_only,,1768,1768,1,200,https://catalogues.royalsociety.org/calmview/Record.aspx?src=CalmView.Persons&id=NA3545,
RS_PAST_NA3546,NA3546,John,1802,https://catalogues.royalsociety.org/calmview/Record.aspx?src=CalmView.Persons&id=NA3546,c. 1766,circa_year,,1766,1766,1,200,https://catalogues.royalsociety.org/calmview/Record.aspx?src=CalmView.Persons&id=NA3546,
RS_PAST_NA3548,NA3548,William,1799,https://catalogues.royalsociety.org/calmview/Record.aspx?src=CalmView.Persons&id=NA3548,c. 1770,circa_year,,1770,1770,1,200,https://catalogues.royalsociety.org/calmview/Record.aspx?src=CalmView.Persons&id=NA3548,
RS_PAST_NA3551,NA3551,Richard,1791,https://catalogues.royalsociety.org/calmview/Record.aspx?src=CalmView.Persons&id=NA3551,April 1738,nonstandard_or_ambiguous,,,1738,,200,https://catalogues.royalsociety.org/calmview/Record.aspx?src=CalmView.Persons&id=NA3551,
RS_PAST_NA3553,NA3553,Godfrey,1786,https://catalogues.royalsociety.org/calmview/Record.aspx?src=CalmView.Persons&id=NA3553,c. 1719,circa_year,,1719,1719,1,200,https://catalogues.royalsociety.org/calmview/Record.aspx?src=CalmView.Persons&id=NA3553,
RS_PAST_NA3555,NA3555,William,1779,https://catalogues.royalsociety.org/calmview/Record.aspx?src=CalmView.Persons&id=NA3555,1754,year_only,,1754,1754,1,200,https://catalogues.royalsociety.org/calmview/Record.aspx?src=CalmView.Persons&id=NA3555,
RS_PAST_NA3556,NA3556,Theodore Forbes,1781,https://catalogues.royalsociety.org/calmview/Record.aspx?src=CalmView.Persons&id=NA3556,1746,year_only,,1746,1746,1,200,https://catalogues.royalsociety.org/calmview/Record.aspx?src=CalmView.Persons&id=NA3556,
RS_PAST_NA356,NA356,Thomas,1770,https://catalogues.royalsociety.org/calmview/Record.aspx?src=CalmView.Persons&id=NA356,1726,year_only,,1726,1726,1,200,https://catalogues.royalsociety.org/calmview/Record.aspx?src=CalmView.Persons&id=NA356,
RS_PAST_NA3562,NA3562,John,1834,https://catalogues.royalsociety.org/calmview/Record.aspx?src=CalmView.Persons&id=NA3562,,missing,,,1793,,200,https://catalogues.royalsociety.org/calmview/Record.aspx?src=CalmView.Persons&id=NA3562,
RS_PAST_NA3565,NA3565,John Delafield,1815,https://catalogues.royalsociety.org/calmview/Record.aspx?src=CalmView.Persons&id=NA3565,c. 1765,circa_year,,1765,1765,1,200,https://catalogues.royalsociety.org/calmview/Record.aspx?src=CalmView.Persons&id=NA3565,
RS_PAST_NA3568,NA3568,Robert,1809,https://catalogues.royalsociety.org/calmview/Record.aspx?src=CalmView.Persons&id=NA3568,,missing,,,,,200,https://catalogues.royalsociety.org/calmview/Record.aspx?src=CalmView.Persons&id=NA3568,
RS_PAST_NA3569,NA3569,James Devereux,1819,https://catalogues.royalsociety.org/calmview/Record.aspx?src=CalmView.Persons&id=NA3569,,missing,,,,,200,https://catalogues.royalsociety.org/calmview/Record.aspx?src=CalmView.Persons&id=NA3569,
RS_PAST_NA3579,NA3579,Richard,1768,https://catalogues.royalsociety.org/calmview/Record.aspx?src=CalmView.Persons&id=NA3579,1728,year_only,,1728,1728,1,200,https://catalogues.royalsociety.org/calmview/Record.aspx?src=CalmView.Persons&id=NA3579,
RS_PAST_NA3581,NA3581,Samuel Reynolds,1823,https://catalogues.royalsociety.org/calmview/Record.aspx?src=CalmView.Persons&id=NA3581,,missing,,,1781,,200,https://catalogues.royalsociety.org/calmview/Record.aspx?src=CalmView.Persons&id=NA3581,
RS_PAST_NA3583,NA3583,James,1742,https://catalogues.royalsociety.org/calmview/Record.aspx?src=CalmView.Persons&id=NA3583,1705,year_only,,1705,1705,1,200,https://catalogues.royalsociety.org/calmview/Record.aspx?src=CalmView.Persons&id=NA3583,
RS_PAST_NA3591,NA3591,Francis,1834,https://catalogues.royalsociety.org/calmview/Record.aspx?src=CalmView.Persons&id=NA3591,c. 1769,circa_year,,1769,1769,1,200,https://catalogues.royalsociety.org/calmview/Record.aspx?src=CalmView.Persons&id=NA3591,
RS_PAST_NA3592,NA3592,Augustus Page,1833,https://catalogues.royalsociety.org/calmview/Record.aspx?src=CalmView.Persons&id=NA3592,1801,year_only,,1801,1801,1,200,https://catalogues.royalsociety.org/calmview/Record.aspx?src=CalmView.Persons&id=NA3592,
RS_PAST_NA3593,NA3593,William Augustus,1778,https://catalogues.royalsociety.org/calmview/Record.aspx?src=CalmView.Persons&id=NA3593,,missing,,,,,200,https://catalogues.royalsociety.org/calmview/Record.aspx?src=CalmView.Persons&id=NA3593,
RS_PAST_NA3594,NA3594,James Ormiston,1848,https://catalogues.royalsociety.org/calmview/Record.aspx?src=CalmView.Persons&id=NA3594,1808,year_only,,1808,1808,1,200,https://catalogues.royalsociety.org/calmview/Record.aspx?src=CalmView.Persons&id=NA3594,
RS_PAST_NA3601,NA3601,William Bingham,1854,https://catalogues.royalsociety.org/calmview/Record.aspx?src=CalmView.Persons&id=NA3601,June 1799,nonstandard_or_ambiguous,,,1799,,200,https://catalogues.royalsociety.org/calmview/Record.aspx?src=CalmView.Persons&id=NA3601,
RS_PAST_NA3604,NA3604,Louis Hayes,1807,https://catalogues.royalsociety.org/calmview/Record.aspx?src=CalmView.Persons&id=NA3604,? 1774,nonstandard_or_ambiguous,,,,,200,https://catalogues.royalsociety.org/calmview/Record.aspx?src=CalmView.Persons&id=NA3604,
RS_PAST_NA3605,NA3605,Alexander,1710,https://catalogues.royalsociety.org/calmview/Record.aspx?src=CalmView.Persons&id=NA3605,,missing,,,,,200,https://catalogues.royalsociety.org/calmview/Record.aspx?src=CalmView.Persons&id=NA3605,
RS_PAST_NA3611,NA3611,William,1726,https://catalogues.royalsociety.org/calmview/Record.aspx?src=CalmView.Persons&id=NA3611,,missing,,,,,200,https://catalogues.royalsociety.org/calmview/Record.aspx?src=CalmView.Persons&id=NA3611,
RS_PAST_NA3614,NA3614,Rowland,1707,https://catalogues.royalsociety.org/calmview/Record.aspx?src=CalmView.Persons&id=NA3614,c 1652,circa_year,,1652,1652,1,200,https://catalogues.royalsociety.org/calmview/Record.aspx?src=CalmView.Persons&id=NA3614,
RS_PAST_NA362,NA362,Dudley,1853,https://catalogues.royalsociety.org/calmview/Record.aspx?src=CalmView.Persons&id=NA362,19 or 23 May 1798,nonstandard_or_ambiguous,,,1798,,200,https://catalogues.royalsociety.org/calmview/Record.aspx?src=CalmView.Persons&id=NA362,
RS_PAST_NA3645,NA3645,John,1859,https://catalogues.royalsociety.org/calmview/Record.aspx?src=CalmView.Persons&id=NA3645,1805,year_only,,1805,1805,1,200,https://catalogues.royalsociety.org/calmview/Record.aspx?src=CalmView.Persons&id=NA3645,
RS_PAST_NA3647,NA3647,John,1688,https://catalogues.royalsociety.org/calmview/Record.aspx?src=CalmView.Persons&id=NA3647,c 1660,circa_year,,1660,1660,1,200,https://catalogues.royalsociety.org/calmview/Record.aspx?src=CalmView.Persons&id=NA3647,
RS_PAST_NA3654,NA3654,Francis Augustus,1809,https://catalogues.royalsociety.org/calmview/Record.aspx?src=CalmView.Persons&id=NA3654,1750,year_only,,1750,1750,1,200,https://catalogues.royalsociety.org/calmview/Record.aspx?src=CalmView.Persons&id=NA3654,
RS_PAST_NA3655,NA3655,Sampson,1789,https://catalogues.royalsociety.org/calmview/Record.aspx?src=CalmView.Persons&id=NA3655,1744 or 1745,nonstandard_or_ambiguous,,,,,200,https://catalogues.royalsociety.org/calmview/Record.aspx?src=CalmView.Persons&id=NA3655,
RS_PAST_NA3656,NA3656,Molyneux,1777,https://catalogues.royalsociety.org/calmview/Record.aspx?src=CalmView.Persons&id=NA3656,c. 1717,circa_year,,1717,1717,1,200,https://catalogues.royalsociety.org/calmview/Record.aspx?src=CalmView.Persons&id=NA3656,
RS_PAST_NA3658,NA3658,William,1796,https://catalogues.royalsociety.org/calmview/Record.aspx?src=CalmView.Persons&id=NA3658,,missing,,,,,200,https://catalogues.royalsociety.org/calmview/Record.aspx?src=CalmView.Persons&id=NA3658,
RS_PAST_NA3659,NA3659,Charles,1792,https://catalogues.royalsociety.org/calmview/Record.aspx?src=CalmView.Persons&id=NA3659,1761,year_only,,1761,1761,1,200,https://catalogues.royalsociety.org/calmview/Record.aspx?src=CalmView.Persons&id=NA3659,
RS_PAST_NA366,NA366,John,1746,https://catalogues.royalsociety.org/calmview/Record.aspx?src=CalmView.Persons&id=NA366,,missing,,,,,200,https://catalogues.royalsociety.org/calmview/Record.aspx?src=CalmView.Persons&id=NA366,
RS_PAST_NA3660,NA3660,George Smith,1796,https://catalogues.royalsociety.org/calmview/Record.aspx?src=CalmView.Persons&id=NA3660,1771,year_only,,1771,1771,1,200,https://catalogues.royalsociety.org/calmview/Record.aspx?src=CalmView.Persons&id=NA3660,
RS_PAST_NA3661,NA3661,Richard,1738,https://catalogues.royalsociety.org/calmview/Record.aspx?src=CalmView.Persons&id=NA3661,c 1708,circa_year,,1708,1708,1,200,https://catalogues.royalsociety.org/calmview/Record.aspx?src=CalmView.Persons&id=NA3661,
RS_PAST_NA3662,NA3662,Jerome de,1808,https://catalogues.royalsociety.org/calmview/Record.aspx?src=CalmView.Persons&id=NA3662,1771,year_only,,1771,1771,1,200,https://catalogues.royalsociety.org/calmview/Record.aspx?src=CalmView.Persons&id=NA3662,
RS_PAST_NA3663,NA3663,Griffith,1748,https://catalogues.royalsociety.org/calmview/Record.aspx?src=CalmView.Persons&id=NA3663,,missing,,,,,200,https://catalogues.royalsociety.org/calmview/Record.aspx?src=CalmView.Persons&id=NA3663,
RS_PAST_NA3664,NA3664,Jeremiah,1775,https://catalogues.royalsociety.org/calmview/Record.aspx?src=CalmView.Persons&id=NA3664,c. 1751,circa_year,,1751,1751,1,200,https://catalogues.royalsociety.org/calmview/Record.aspx?src=CalmView.Persons&id=NA3664,
RS_PAST_NA3665,NA3665,John,1778,https://catalogues.royalsociety.org/calmview/Record.aspx?src=CalmView.Persons&id=NA3665,c. 1721,circa_year,,1721,1721,1,200,https://catalogues.royalsociety.org/calmview/Record.aspx?src=CalmView.Persons&id=NA3665,
RS_PAST_NA3667,NA3667,John Farr,1793,https://catalogues.royalsociety.org/calmview/Record.aspx?src=CalmView.Persons&id=NA3667,1756,year_only,,1756,1756,1,200,https://catalogues.royalsociety.org/calmview/Record.aspx?src=CalmView.Persons&id=NA3667,
RS_PAST_NA3668,NA3668,Samuel,1793,https://catalogues.royalsociety.org/calmview/Record.aspx?src=CalmView.Persons&id=NA3668,1768,year_only,,1768,1768,1,200,https://catalogues.royalsociety.org/calmview/Record.aspx?src=CalmView.Persons&id=NA3668,
RS_PAST_NA367,NA367,James,1767,https://catalogues.royalsociety.org/calmview/Record.aspx?src=CalmView.Persons&id=NA367,c. 1704,circa_year,,1704,1704,1,200,https://catalogues.royalsociety.org/calmview/Record.aspx?src=CalmView.Persons&id=NA367,
RS_PAST_NA3670,NA3670,James,1781,https://catalogues.royalsociety.org/calmview/Record.aspx?src=CalmView.Persons&id=NA3670,June 1750,nonstandard_or_ambiguous,,,1750,,200,https://catalogues.royalsociety.org/calmview/Record.aspx?src=CalmView.Persons&id=NA3670,
RS_PAST_NA3672,NA3672,Finlay,1798,https://catalogues.royalsociety.org/calmview/Record.aspx?src=CalmView.Persons&id=NA3672,,missing,,,,,200,https://catalogues.royalsociety.org/calmview/Record.aspx?src=CalmView.Persons&id=NA3672,
RS_PAST_NA3674,NA3674,John,1786,https://catalogues.royalsociety.org/calmview/Record.aspx?src=CalmView.Persons&id=NA3674,,missing,,,,,200,https://catalogues.royalsociety.org/calmview/Record.aspx?src=CalmView.Persons&id=NA3674,
RS_PAST_NA3675,NA3675,Eugenius,1788,https://catalogues.royalsociety.org/calmview/Record.aspx?src=CalmView.Persons&id=NA3675,1716,year_only,,1716,1716,1,200,https://catalogues.royalsociety.org/calmview/Record.aspx?src=CalmView.Persons&id=NA3675,
RS_PAST_NA3677,NA3677,Joseph,1819,https://catalogues.royalsociety.org/calmview/Record.aspx?src=CalmView.Persons&id=NA3677,1775,year_only,,1775,1775,1,200,https://catalogues.royalsociety.org/calmview/Record.aspx?src=CalmView.Persons&id=NA3677,
RS_PAST_NA3678,NA3678,Edward,1663,https://catalogues.royalsociety.org/calmview/Record.aspx?src=CalmView.Persons&id=NA3678,c 1615,circa_year,,1615,1615,1,200,https://catalogues.royalsociety.org/calmview/Record.aspx?src=CalmView.Persons&id=NA3678,
RS_PAST_NA3679,NA3679,Charles Dietrich Eberhard,1810,https://catalogues.royalsociety.org/calmview/Record.aspx?src=CalmView.Persons&id=NA3679,1774,year_only,,1774,1774,1,200,https://catalogues.royalsociety.org/calmview/Record.aspx?src=CalmView.Persons&id=NA3679,
RS_PAST_NA368,NA368,William,1741,https://catalogues.royalsociety.org/calmview/Record.aspx?src=CalmView.Persons&id=NA368,c. 1690,circa_year,,1690,1690,1,200,https://catalogues.royalsociety.org/calmview/Record.aspx?src=CalmView.Persons&id=NA368,
RS_PAST_NA3680,NA3680,Edward,1860,https://catalogues.royalsociety.org/calmview/Record.aspx?src=CalmView.Persons&id=NA3680,c 1818,circa_year,,1818,1818,1,200,https://catalogues.royalsociety.org/calmview/Record.aspx?src=CalmView.Persons&id=NA3680,
RS_PAST_NA3687,NA3687,Jacob Augustus Lockhart,1854,https://catalogues.royalsociety.org/calmview/Record.aspx?src=CalmView.Persons&id=NA3687,1817,year_only,,1817,1817,1,200,https://catalogues.royalsociety.org/calmview/Record.aspx?src=CalmView.Persons&id=NA3687,
RS_PAST_NA3694,NA3694,William,1722,https://catalogues.royalsociety.org/calmview/Record.aspx?src=CalmView.Persons&id=NA3694,1652,year_only,,1652,1652,1,200,https://catalogues.royalsociety.org/calmview/Record.aspx?src=CalmView.Persons&id=NA3694,
RS_PAST_NA3695,NA3695,William Clavering,1732,https://catalogues.royalsociety.org/calmview/Record.aspx?src=CalmView.Persons&id=NA3695,1709,year_only,,1709,1709,1,200,https://catalogues.royalsociety.org/calmview/Record.aspx?src=CalmView.Persons&id=NA3695,
RS_PAST_NA3696,NA3696,William,1737,https://catalogues.royalsociety.org/calmview/Record.aspx?src=CalmView.Persons&id=NA3696,1697,year_only,,1697,1697,1,200,https://catalogues.royalsociety.org/calmview/Record.aspx?src=CalmView.Persons&id=NA3696,
RS_PAST_NA3697,NA3697,John,1701,https://catalogues.royalsociety.org/calmview/Record.aspx?src=CalmView.Persons&id=NA3697,1671,year_only,,1671,1671,1,200,https://catalogues.royalsociety.org/calmview/Record.aspx?src=CalmView.Persons&id=NA3697,
RS_PAST_NA3698,NA3698,John Thomas,1721,https://catalogues.royalsociety.org/calmview/Record.aspx?src=CalmView.Persons&id=NA3698,c 1650,circa_year,,1650,1650,1,200,https://catalogues.royalsociety.org/calmview/Record.aspx?src=CalmView.Persons&id=NA3698,
RS_PAST_NA3704,NA3704,William,1766,https://catalogues.royalsociety.org/calmview/Record.aspx?src=CalmView.Persons&id=NA3704,,missing,,,,,200,https://catalogues.royalsociety.org/calmview/Record.aspx?src=CalmView.Persons&id=NA3704,
RS_PAST_NA3706,NA3706,Christopher Robert,1796,https://catalogues.royalsociety.org/calmview/Record.aspx?src=CalmView.Persons&id=NA3706,1765,year_only,,1765,1765,1,200,https://catalogues.royalsociety.org/calmview/Record.aspx?src=CalmView.Persons&id=NA3706,
RS_PAST_NA3708,NA3708,John,1813,https://catalogues.royalsociety.org/calmview/Record.aspx?src=CalmView.Persons&id=NA3708,1768,year_only,,1768,1768,1,200,https://catalogues.royalsociety.org/calmview/Record.aspx?src=CalmView.Persons&id=NA3708,
RS_PAST_NA3709,NA3709,Robert William,1814,https://catalogues.royalsociety.org/calmview/Record.aspx?src=CalmView.Persons&id=NA3709,c. 1787,circa_year,,1787,1787,1,200,https://catalogues.royalsociety.org/calmview/Record.aspx?src=CalmView.Persons&id=NA3709,
RS_PAST_NA3710,NA3710,John Spencer,1803,https://catalogues.royalsociety.org/calmview/Record.aspx?src=CalmView.Persons&id=NA3710,,missing,,,1770,,200,https://catalogues.royalsociety.org/calmview/Record.aspx?src=CalmView.Persons&id=NA3710,
RS_PAST_NA3713,NA3713,Martin Browne,1772,https://catalogues.royalsociety.org/calmview/Record.aspx?src=CalmView.Persons&id=NA3713,,missing,,,1749,,200,https://catalogues.royalsociety.org/calmview/Record.aspx?src=CalmView.Persons&id=NA3713,
RS_PAST_NA3719,NA3719,John,1815,https://catalogues.royalsociety.org/calmview/Record.aspx?src=CalmView.Persons&id=NA3719,c 1755,circa_year,,1755,1755,1,200,https://catalogues.royalsociety.org/calmview/Record.aspx?src=CalmView.Persons&id=NA3719,
RS_PAST_NA3720,NA3720,Charles,1815,https://catalogues.royalsociety.org/calmview/Record.aspx?src=CalmView.Persons&id=NA3720,,missing,,,1788,,200,https://catalogues.royalsociety.org/calmview/Record.aspx?src=CalmView.Persons&id=NA3720,
RS_PAST_NA3721,NA3721,Henry,1737,https://catalogues.royalsociety.org/calmview/Record.aspx?src=CalmView.Persons&id=NA3721,,missing,,,,,200,https://catalogues.royalsociety.org/calmview/Record.aspx?src=CalmView.Persons&id=NA3721,
RS_PAST_NA3722,NA3722,James,1752,https://catalogues.royalsociety.org/calmview/Record.aspx?src=CalmView.Persons&id=NA3722,,missing,,,1722,,200,https://catalogues.royalsociety.org/calmview/Record.aspx?src=CalmView.Persons&id=NA3722,
RS_PAST_NA3723,NA3723,Joseph,1818,https://catalogues.royalsociety.org/calmview/Record.aspx?src=CalmView.Persons&id=NA3723,,missing,,,,,200,https://catalogues.royalsociety.org/calmview/Record.aspx?src=CalmView.Persons&id=NA3723,
RS_PAST_NA3726,NA3726,William,1815,https://catalogues.royalsociety.org/calmview/Record.aspx?src=CalmView.Persons&id=NA3726,,missing,,,,,200,https://catalogues.royalsociety.org/calmview/Record.aspx?src=CalmView.Persons&id=NA3726,
RS_PAST_NA3728,NA3728,William Ford,1811,https://catalogues.royalsociety.org/calmview/Record.aspx?src=CalmView.Persons&id=NA3728,,missing,,,,,200,https://catalogues.royalsociety.org/calmview/Record.aspx?src=CalmView.Persons&id=NA3728,
RS_PAST_NA3731,NA3731,Cornelius,1663,https://catalogues.royalsociety.org/calmview/Record.aspx?src=CalmView.Persons&id=NA3731,1626,year_only,,1626,1626,1,200,https://catalogues.royalsociety.org/calmview/Record.aspx?src=CalmView.Persons&id=NA3731,
RS_PAST_NA3734,NA3734,John,1780,https://catalogues.royalsociety.org/calmview/Record.aspx?src=CalmView.Persons&id=NA3734,c. 1751,circa_year,,1751,1751,1,200,https://catalogues.royalsociety.org/calmview/Record.aspx?src=CalmView.Persons&id=NA3734,
RS_PAST_NA3736,NA3736,Thomas James,1795,https://catalogues.royalsociety.org/calmview/Record.aspx?src=CalmView.Persons&id=NA3736,? 1754,nonstandard_or_ambiguous,,,,,200,https://catalogues.royalsociety.org/calmview/Record.aspx?src=CalmView.Persons&id=NA3736,
RS_PAST_NA3739,NA3739,James,1809,https://catalogues.royalsociety.org/calmview/Record.aspx?src=CalmView.Persons&id=NA3739,1750,year_only,,1750,1750,1,200,https://catalogues.royalsociety.org/calmview/Record.aspx?src=CalmView.Persons&id=NA3739,
RS_PAST_NA374,NA374,James,1843,https://catalogues.royalsociety.org/calmview/Record.aspx?src=CalmView.Persons&id=NA374,,missing,,,1788,,200,https://catalogues.royalsociety.org/calmview/Record.aspx?src=CalmView.Persons&id=NA374,
RS_PAST_NA3740,NA3740,Francisco Xavier de,1738,https://catalogues.royalsociety.org/calmview/Record.aspx?src=CalmView.Persons&id=NA3740,,missing,,,,,200,https://catalogues.royalsociety.org/calmview/Record.aspx?src=CalmView.Persons&id=NA3740,
RS_PAST_NA3741,NA3741,Francis,1774,https://catalogues.royalsociety.org/calmview/Record.aspx?src=CalmView.Persons&id=NA3741,c. 1715,circa_year,,1715,1715,1,200,https://catalogues.royalsociety.org/calmview/Record.aspx?src=CalmView.Persons&id=NA3741,
RS_PAST_NA3743,NA3743,Patrick,1746,https://catalogues.royalsociety.org/calmview/Record.aspx?src=CalmView.Persons&id=NA3743,,missing,,,,,200,https://catalogues.royalsociety.org/calmview/Record.aspx?src=CalmView.Persons&id=NA3743,
RS_PAST_NA3744,NA3744,William,1735,https://catalogues.royalsociety.org/calmview/Record.aspx?src=CalmView.Persons&id=NA3744,,missing,,,,,200,https://catalogues.royalsociety.org/calmview/Record.aspx?src=CalmView.Persons&id=NA3744,
RS_PAST_NA3745,NA3745,Samuel,1735,https://catalogues.royalsociety.org/calmview/Record.aspx?src=CalmView.Persons&id=NA3745,,missing,,,,,200,https://catalogues.royalsociety.org/calmview/Record.aspx?src=CalmView.Persons&id=NA3745,
RS_PAST_NA3746,NA3746,Jonathan,1736,https://catalogues.royalsociety.org/calmview/Record.aspx?src=CalmView.Persons&id=NA3746,,missing,,,,,200,https://catalogues.royalsociety.org/calmview/Record.aspx?src=CalmView.Persons&id=NA3746,
RS_PAST_NA3747,NA3747,Karl Ludwig,1806,https://catalogues.royalsociety.org/calmview/Record.aspx?src=CalmView.Persons&id=NA3747,29 July or 29 September 1765,nonstandard_or_ambiguous,,,1765,,200,https://catalogues.royalsociety.org/calmview/Record.aspx?src=CalmView.Persons&id=NA3747,
RS_PAST_NA375,NA375,Archibald,1730,https://catalogues.royalsociety.org/calmview/Record.aspx?src=CalmView.Persons&id=NA375,,missing,,,1706,,200,https://catalogues.royalsociety.org/calmview/Record.aspx?src=CalmView.Persons&id=NA375,
RS_PAST_NA3753,NA3753,Samuel,1822,https://catalogues.royalsociety.org/calmview/Record.aspx?src=CalmView.Persons&id=NA3753,,missing,,,1774,,200,https://catalogues.royalsociety.org/calmview/Record.aspx?src=CalmView.Persons&id=NA3753,
RS_PAST_NA3761,NA3761,James,1701,https://catalogues.royalsociety.org/calmview/Record.aspx?src=CalmView.Persons&id=NA3761,1666,year_only,,1666,1666,1,200,https://catalogues.royalsociety.org/calmview/Record.aspx?src=CalmView.Persons&id=NA3761,
RS_PAST_NA3764,NA3764,Samuel Husbands,1859,https://catalogues.royalsociety.org/calmview/Record.aspx?src=CalmView.Persons&id=NA3764,1814,year_only,,1814,1814,1,200,https://catalogues.royalsociety.org/calmview/Record.aspx?src=CalmView.Persons&id=NA3764,
RS_PAST_NA3772,NA3772,Henry,1782,https://catalogues.royalsociety.org/calmview/Record.aspx?src=CalmView.Persons&id=NA3772,,missing,,,,,200,https://catalogues.royalsociety.org/calmview/Record.aspx?src=CalmView.Persons&id=NA3772,
RS_PAST_NA3774,NA3774,Jeremiah,1819,https://catalogues.royalsociety.org/calmview/Record.aspx?src=CalmView.Persons&id=NA3774,c. 1777,circa_year,,1777,1777,1,200,https://catalogues.royalsociety.org/calmview/Record.aspx?src=CalmView.Persons&id=NA3774,
RS_PAST_NA3776,NA3776,Edmund,1856,https://catalogues.royalsociety.org/calmview/Record.aspx?src=CalmView.Persons&id=NA3776,1802,year_only,,1802,1802,1,200,https://catalogues.royalsociety.org/calmview/Record.aspx?src=CalmView.Persons&id=NA3776,
RS_PAST_NA3785,NA3785,John,1698,https://catalogues.royalsociety.org/calmview/Record.aspx?src=CalmView.Persons&id=NA3785,1663,year_only,,1663,1663,1,200,https://catalogues.royalsociety.org/calmview/Record.aspx?src=CalmView.Persons&id=NA3785,
RS_PAST_NA3794,NA3794,Thomas Edward Lawes,1854,https://catalogues.royalsociety.org/calmview/Record.aspx?src=CalmView.Persons&id=NA3794,1819,year_only,,1819,1819,1,200,https://catalogues.royalsociety.org/calmview/Record.aspx?src=CalmView.Persons&id=NA3794,
RS_PAST_NA3796,NA3796,Richard,1721,https://catalogues.royalsociety.org/calmview/Record.aspx?src=CalmView.Persons&id=NA3796,1670,year_only,,1670,1670,1,200,https://catalogues.royalsociety.org/calmview/Record.aspx?src=CalmView.Persons&id=NA3796,
RS_PAST_NA3802,NA3802,Edward,1831,https://catalogues.royalsociety.org/calmview/Record.aspx?src=CalmView.Persons&id=NA3802,1766,year_only,,1766,1766,1,200,https://catalogues.royalsociety.org/calmview/Record.aspx?src=CalmView.Persons&id=NA3802,
RS_PAST_NA3806,NA3806,John William,1866,https://catalogues.royalsociety.org/calmview/Record.aspx?src=CalmView.Persons&id=NA3806,1814,year_only,,1814,1814,1,200,https://catalogues.royalsociety.org/calmview/Record.aspx?src=CalmView.Persons&id=NA3806,
RS_PAST_NA3808,NA3808,Nathaniel Bagshaw,1852,https://catalogues.royalsociety.org/calmview/Record.aspx?src=CalmView.Persons&id=NA3808,1791,year_only,,1791,1791,1,200,https://catalogues.royalsociety.org/calmview/Record.aspx?src=CalmView.Persons&id=NA3808,
RS_PAST_NA381,NA381,John Louis,1762,https://catalogues.royalsociety.org/calmview/Record.aspx?src=CalmView.Persons&id=NA381,,missing,,,1694,,200,https://catalogues.royalsociety.org/calmview/Record.aspx?src=CalmView.Persons&id=NA381,
RS_PAST_NA3812,NA3812,John,1855,https://catalogues.royalsociety.org/calmview/Record.aspx?src=CalmView.Persons&id=NA3812,1811,year_only,,1811,1811,1,200,https://catalogues.royalsociety.org/calmview/Record.aspx?src=CalmView.Persons&id=NA3812,
RS_PAST_NA3816,NA3816,Simon,1838,https://catalogues.royalsociety.org/calmview/Record.aspx?src=CalmView.Persons&id=NA3816,,missing,,,,,200,https://catalogues.royalsociety.org/calmview/Record.aspx?src=CalmView.Persons&id=NA3816,
RS_PAST_NA3820,NA3820,Richard,1839,https://catalogues.royalsociety.org/calmview/Record.aspx?src=CalmView.Persons&id=NA3820,1787,year_only,,1787,1787,1,200,https://catalogues.royalsociety.org/calmview/Record.aspx?src=CalmView.Persons&id=NA3820,
RS_PAST_NA3823,NA3823,James,1775,https://catalogues.royalsociety.org/calmview/Record.aspx?src=CalmView.Persons&id=NA3823,c. 1710,circa_year,,1710,1710,1,200,https://catalogues.royalsociety.org/calmview/Record.aspx?src=CalmView.Persons&id=NA3823,
RS_PAST_NA3832,NA3832,George Owen,1843,https://catalogues.royalsociety.org/calmview/Record.aspx?src=CalmView.Persons&id=NA3832,November 1813,nonstandard_or_ambiguous,,,1813,,200,https://catalogues.royalsociety.org/calmview/Record.aspx?src=CalmView.Persons&id=NA3832,
RS_PAST_NA3838,NA3838,John,1816,https://catalogues.royalsociety.org/calmview/Record.aspx?src=CalmView.Persons&id=NA3838,,missing,,,,,200,https://catalogues.royalsociety.org/calmview/Record.aspx?src=CalmView.Persons&id=NA3838,
RS_PAST_NA3848,NA3848,Levett Landon Boscawen,1850,https://catalogues.royalsociety.org/calmview/Record.aspx?src=CalmView.Persons&id=NA3848,,missing,,,,,200,https://catalogues.royalsociety.org/calmview/Record.aspx?src=CalmView.Persons&id=NA3848,
RS_PAST_NA3849,NA3849,Andrew,1793,https://catalogues.royalsociety.org/calmview/Record.aspx?src=CalmView.Persons&id=NA3849,1736,year_only,,1736,1736,1,200,https://catalogues.royalsociety.org/calmview/Record.aspx?src=CalmView.Persons&id=NA3849,
RS_PAST_NA3851,NA3851,James,1855,https://catalogues.royalsociety.org/calmview/Record.aspx?src=CalmView.Persons&id=NA3851,1798 or 1799,nonstandard_or_ambiguous,,,,,200,https://catalogues.royalsociety.org/calmview/Record.aspx?src=CalmView.Persons&id=NA3851,
RS_PAST_NA3853,NA3853,John Martin,1767,https://catalogues.royalsociety.org/calmview/Record.aspx?src=CalmView.Persons&id=NA3853,,missing,,,,,200,https://catalogues.royalsociety.org/calmview/Record.aspx?src=CalmView.Persons&id=NA3853,
RS_PAST_NA3854,NA3854,William,1716,https://catalogues.royalsociety.org/calmview/Record.aspx?src=CalmView.Persons&id=NA3854,,missing,,,,,200,https://catalogues.royalsociety.org/calmview/Record.aspx?src=CalmView.Persons&id=NA3854,
RS_PAST_NA3855,NA3855,Charles Nicholas,1708,https://catalogues.royalsociety.org/calmview/Record.aspx?src=CalmView.Persons&id=NA3855,,missing,,,,,200,https://catalogues.royalsociety.org/calmview/Record.aspx?src=CalmView.Persons&id=NA3855,
RS_PAST_NA3856,NA3856,Pietro Andrea,1744,https://catalogues.royalsociety.org/calmview/Record.aspx?src=CalmView.Persons&id=NA3856,,missing,,,,,200,https://catalogues.royalsociety.org/calmview/Record.aspx?src=CalmView.Persons&id=NA3856,
RS_PAST_NA3857,NA3857,Philip,1708,https://catalogues.royalsociety.org/calmview/Record.aspx?src=CalmView.Persons&id=NA3857,1633,year_only,,1633,1633,1,200,https://catalogues.royalsociety.org/calmview/Record.aspx?src=CalmView.Persons&id=NA3857,
RS_PAST_NA3859,NA3859,Frederic de,1729,https://catalogues.royalsociety.org/calmview/Record.aspx?src=CalmView.Persons&id=NA3859,,missing,,,,,200,https://catalogues.royalsociety.org/calmview/Record.aspx?src=CalmView.Persons&id=NA3859,
RS_PAST_NA3860,NA3860,Thomas,1714,https://catalogues.royalsociety.org/calmview/Record.aspx?src=CalmView.Persons&id=NA3860,,missing,,,,,200,https://catalogues.royalsociety.org/calmview/Record.aspx?src=CalmView.Persons&id=NA3860,
RS_PAST_NA3861,NA3861,Levinus,1715,https://catalogues.royalsociety.org/calmview/Record.aspx?src=CalmView.Persons&id=NA3861,1658,year_only,,1658,1658,1,200,https://catalogues.royalsociety.org/calmview/Record.aspx?src=CalmView.Persons&id=NA3861,
RS_PAST_NA3862,NA3862,James,1702,https://catalogues.royalsociety.org/calmview/Record.aspx?src=CalmView.Persons&id=NA3862,,missing,,,1677,,200,https://catalogues.royalsociety.org/calmview/Record.aspx?src=CalmView.Persons&id=NA3862,
RS_PAST_NA3863,NA3863,Thomas,1708,https://catalogues.royalsociety.org/calmview/Record.aspx?src=CalmView.Persons&id=NA3863,,missing,,,,,200,https://catalogues.royalsociety.org/calmview/Record.aspx?src=CalmView.Persons&id=NA3863,
RS_PAST_NA3864,NA3864,Edmond,1714,https://catalogues.royalsociety.org/calmview/Record.aspx?src=CalmView.Persons&id=NA3864,,missing,,,,,200,https://catalogues.royalsociety.org/calmview/Record.aspx?src=CalmView.Persons&id=NA3864,
RS_PAST_NA3865,NA3865,John,1770,https://catalogues.royalsociety.org/calmview/Record.aspx?src=CalmView.Persons&id=NA3865,,missing,,,1732,,200,https://catalogues.royalsociety.org/calmview/Record.aspx?src=CalmView.Persons&id=NA3865,
RS_PAST_NA3866,NA3866,Melchior De,1730,https://catalogues.royalsociety.org/calmview/Record.aspx?src=CalmView.Persons&id=NA3866,,missing,,,,,200,https://catalogues.royalsociety.org/calmview/Record.aspx?src=CalmView.Persons&id=NA3866,
RS_PAST_NA3869,NA3869,William,1718,https://catalogues.royalsociety.org/calmview/Record.aspx?src=CalmView.Persons&id=NA3869,1693 or 1696,nonstandard_or_ambiguous,,,1693,,200,https://catalogues.royalsociety.org/calmview/Record.aspx?src=CalmView.Persons&id=NA3869,
RS_PAST_NA3872,NA3872,Charles Savill,1819,https://catalogues.royalsociety.org/calmview/Record.aspx?src=CalmView.Persons&id=NA3872,? 1757,nonstandard_or_ambiguous,,,,,200,https://catalogues.royalsociety.org/calmview/Record.aspx?src=CalmView.Persons&id=NA3872,
RS_PAST_NA390,NA390,John,1794,https://catalogues.royalsociety.org/calmview/Record.aspx?src=CalmView.Persons&id=NA390,1724,year_only,,1724,1724,1,200,https://catalogues.royalsociety.org/calmview/Record.aspx?src=CalmView.Persons&id=NA390,
RS_PAST_NA395,NA395,Charles,1843,https://catalogues.royalsociety.org/calmview/Record.aspx?src=CalmView.Persons&id=NA395,1805,year_only,,1805,1805,1,200,https://catalogues.royalsociety.org/calmview/Record.aspx?src=CalmView.Persons&id=NA395,
RS_PAST_NA396,NA396,John,1726,https://catalogues.royalsociety.org/calmview/Record.aspx?src=CalmView.Persons&id=NA396,,missing,,,,,200,https://catalogues.royalsociety.org/calmview/Record.aspx?src=CalmView.Persons&id=NA396,
RS_PAST_NA3987,NA3987,John,1715,https://catalogues.royalsociety.org/calmview/Record.aspx?src=CalmView.Persons&id=NA3987,,missing,,,,,200,https://catalogues.royalsociety.org/calmview/Record.aspx?src=CalmView.Persons&id=NA3987,
RS_PAST_NA400,NA400,Edward,1736,https://catalogues.royalsociety.org/calmview/Record.aspx?src=CalmView.Persons&id=NA400,1710,year_only,,1710,1710,1,200,https://catalogues.royalsociety.org/calmview/Record.aspx?src=CalmView.Persons&id=NA400,
RS_PAST_NA4002,NA4002,John Philips,1820,https://catalogues.royalsociety.org/calmview/Record.aspx?src=CalmView.Persons&id=NA4002,1793,year_only,,1793,1793,1,200,https://catalogues.royalsociety.org/calmview/Record.aspx?src=CalmView.Persons&id=NA4002,
RS_PAST_NA4004,NA4004,Henry,1820,https://catalogues.royalsociety.org/calmview/Record.aspx?src=CalmView.Persons&id=NA4004,1779,year_only,,1779,1779,1,200,https://catalogues.royalsociety.org/calmview/Record.aspx?src=CalmView.Persons&id=NA4004,
RS_PAST_NA401,NA401,Thomas Charles,1845,https://catalogues.royalsociety.org/calmview/Record.aspx?src=CalmView.Persons&id=NA401,c. 1793,circa_year,,1793,1793,1,200,https://catalogues.royalsociety.org/calmview/Record.aspx?src=CalmView.Persons&id=NA401,
RS_PAST_NA403,NA403,Paul Henry,1771,https://catalogues.royalsociety.org/calmview/Record.aspx?src=CalmView.Persons&id=NA403,1745,year_only,,1745,1745,1,200,https://catalogues.royalsociety.org/calmview/Record.aspx?src=CalmView.Persons&id=NA403,
RS_PAST_NA405,NA405,Richard,1661,https://catalogues.royalsociety.org/calmview/Record.aspx?src=CalmView.Persons&id=NA405,,missing,,,,,200,https://catalogues.royalsociety.org/calmview/Record.aspx?src=CalmView.Persons&id=NA405,
RS_PAST_NA408,NA408,Andreas Henry de,1725,https://catalogues.royalsociety.org/calmview/Record.aspx?src=CalmView.Persons&id=NA408,,missing,,,,,200,https://catalogues.royalsociety.org/calmview/Record.aspx?src=CalmView.Persons&id=NA408,
RS_PAST_NA413,NA413,,1681,https://catalogues.royalsociety.org/calmview/Record.aspx?src=CalmView.Persons&id=NA413,,missing,,,,,200,https://catalogues.royalsociety.org/calmview/Record.aspx?src=CalmView.Persons&id=NA413,
RS_PAST_NA416,NA416,Michael Le,1702,https://catalogues.royalsociety.org/calmview/Record.aspx?src=CalmView.Persons&id=NA416,c 1648,circa_year,,1648,1648,1,200,https://catalogues.royalsociety.org/calmview/Record.aspx?src=CalmView.Persons&id=NA416,
RS_PAST_NA418,NA418,Anthony,1767,https://catalogues.royalsociety.org/calmview/Record.aspx?src=CalmView.Persons&id=NA418,1703,year_only,,1703,1703,1,200,https://catalogues.royalsociety.org/calmview/Record.aspx?src=CalmView.Persons&id=NA418,
RS_PAST_NA419,NA419,David,1843,https://catalogues.royalsociety.org/calmview/Record.aspx?src=CalmView.Persons&id=NA419,1800,year_only,,1800,1800,1,200,https://catalogues.royalsociety.org/calmview/Record.aspx?src=CalmView.Persons&id=NA419,
RS_PAST_NA423,NA423,Emanuele,1703,https://catalogues.royalsociety.org/calmview/Record.aspx?src=CalmView.Persons&id=NA423,1665,year_only,,1665,1665,1,200,https://catalogues.royalsociety.org/calmview/Record.aspx?src=CalmView.Persons&id=NA423,
RS_PAST_NA426,NA426,William Beauchamp,1810,https://catalogues.royalsociety.org/calmview/Record.aspx?src=CalmView.Persons&id=NA426,1782,year_only,,1782,1782,1,200,https://catalogues.royalsociety.org/calmview/Record.aspx?src=CalmView.Persons&id=NA426,
RS_PAST_NA4266,NA4266,John,1820,https://catalogues.royalsociety.org/calmview/Record.aspx?src=CalmView.Persons&id=NA4266,c. 1766,circa_year,,1766,1766,1,200,https://catalogues.royalsociety.org/calmview/Record.aspx?src=CalmView.Persons&id=NA4266,
RS_PAST_NA4274,NA4274,Nicasius Le,1663,https://catalogues.royalsociety.org/calmview/Record.aspx?src=CalmView.Persons&id=NA4274,c 1610,circa_year,,1610,1610,1,200,https://catalogues.royalsociety.org/calmview/Record.aspx?src=CalmView.Persons&id=NA4274,
RS_PAST_NA4277,NA4277,William,1663,https://catalogues.royalsociety.org/calmview/Record.aspx?src=CalmView.Persons&id=NA4277,c 1627,circa_year,,1627,1627,1,200,https://catalogues.royalsociety.org/calmview/Record.aspx?src=CalmView.Persons&id=NA4277,
RS_PAST_NA4281,NA4281,William Le,1668,https://catalogues.royalsociety.org/calmview/Record.aspx?src=CalmView.Persons&id=NA4281,,missing,,,,,200,https://catalogues.royalsociety.org/calmview/Record.aspx?src=CalmView.Persons&id=NA4281,
RS_PAST_NA4282,NA4282,Giovanni Antonio,1713,https://catalogues.royalsociety.org/calmview/Record.aspx?src=CalmView.Persons&id=NA4282,07 or 08 July 1654,nonstandard_or_ambiguous,,,1654,,200,https://catalogues.royalsociety.org/calmview/Record.aspx?src=CalmView.Persons&id=NA4282,
RS_PAST_NA4290,NA4290,Ridolfino,1757,https://catalogues.royalsociety.org/calmview/Record.aspx?src=CalmView.Persons&id=NA4290,1705,year_only,,1705,1705,1,200,https://catalogues.royalsociety.org/calmview/Record.aspx?src=CalmView.Persons&id=NA4290,
RS_PAST_NA4299,NA4299,George,1692,https://catalogues.royalsociety.org/calmview/Record.aspx?src=CalmView.Persons&id=NA4299,1630,year_only,,1630,1630,1,200,https://catalogues.royalsociety.org/calmview/Record.aspx?src=CalmView.Persons&id=NA4299,
RS_PAST_NA431,NA431,Samuel,1717,https://catalogues.royalsociety.org/calmview/Record.aspx?src=CalmView.Persons&id=NA431,,missing,,,1685,,200,https://catalogues.royalsociety.org/calmview/Record.aspx?src=CalmView.Persons&id=NA431,
RS_PAST_NA4314,NA4314,Thomas,1680,https://catalogues.royalsociety.org/calmview/Record.aspx?src=CalmView.Persons&id=NA4314,June 1632,nonstandard_or_ambiguous,,,1632,,200,https://catalogues.royalsociety.org/calmview/Record.aspx?src=CalmView.Persons&id=NA4314,
RS_PAST_NA4316,NA4316,John,1731,https://catalogues.royalsociety.org/calmview/Record.aspx?src=CalmView.Persons&id=NA4316,,missing,,,1707,,200,https://catalogues.royalsociety.org/calmview/Record.aspx?src=CalmView.Persons&id=NA4316,
RS_PAST_NA4319,NA4319,William,1663,https://catalogues.royalsociety.org/calmview/Record.aspx?src=CalmView.Persons&id=NA4319,,missing,,,,,200,https://catalogues.royalsociety.org/calmview/Record.aspx?src=CalmView.Persons&id=NA4319,
RS_PAST_NA4324,NA4324,Joannes Nicolaus,1688,https://catalogues.royalsociety.org/calmview/Record.aspx?src=CalmView.Persons&id=NA4324,c 1646,circa_year,,1646,1646,1,200,https://catalogues.royalsociety.org/calmview/Record.aspx?src=CalmView.Persons&id=NA4324,
RS_PAST_NA4325,NA4325,Thomas,1725,https://catalogues.royalsociety.org/calmview/Record.aspx?src=CalmView.Persons&id=NA4325,c. 1683,circa_year,,1683,1683,1,200,https://catalogues.royalsociety.org/calmview/Record.aspx?src=CalmView.Persons&id=NA4325,
RS_PAST_NA4327,NA4327,Johannes Philippus,1703,https://catalogues.royalsociety.org/calmview/Record.aspx?src=CalmView.Persons&id=NA4327,c 1680,circa_year,,1680,1680,1,200,https://catalogues.royalsociety.org/calmview/Record.aspx?src=CalmView.Persons&id=NA4327,
RS_PAST_NA433,NA433,Henry,1742,https://catalogues.royalsociety.org/calmview/Record.aspx?src=CalmView.Persons&id=NA433,1694,year_only,,1694,1694,1,200,https://catalogues.royalsociety.org/calmview/Record.aspx?src=CalmView.Persons&id=NA433,
RS_PAST_NA4330,NA4330,Rufane Shaw,1826,https://catalogues.royalsociety.org/calmview/Record.aspx?src=CalmView.Persons&id=NA4330,,missing,,,,,200,https://catalogues.royalsociety.org/calmview/Record.aspx?src=CalmView.Persons&id=NA4330,
RS_PAST_NA4332,NA4332,Timothy,1663,https://catalogues.royalsociety.org/calmview/Record.aspx?src=CalmView.Persons&id=NA4332,,missing,,,,,200,https://catalogues.royalsociety.org/calmview/Record.aspx?src=CalmView.Persons&id=NA4332,
RS_PAST_NA4334,NA4334,Alexander,1663,https://catalogues.royalsociety.org/calmview/Record.aspx?src=CalmView.Persons&id=NA4334,c 1610,circa_year,,1610,1610,1,200,https://catalogues.royalsociety.org/calmview/Record.aspx?src=CalmView.Persons&id=NA4334,
RS_PAST_NA4335,NA4335,Orlando,1698,https://catalogues.royalsociety.org/calmview/Record.aspx?src=CalmView.Persons&id=NA4335,,missing,,,1649,,200,https://catalogues.royalsociety.org/calmview/Record.aspx?src=CalmView.Persons&id=NA4335,
RS_PAST_NA4336,NA4336,Georg,1669,https://catalogues.royalsociety.org/calmview/Record.aspx?src=CalmView.Persons&id=NA4336,7 August 1598,other,,,,,200,https://catalogues.royalsociety.org/calmview/Record.aspx?src=CalmView.Persons&id=NA4336,
RS_PAST_NA4337,NA4337,Wilfrid,1718,https://catalogues.royalsociety.org/calmview/Record.aspx?src=CalmView.Persons&id=NA4337,1697,year_only,,1697,1697,1,200,https://catalogues.royalsociety.org/calmview/Record.aspx?src=CalmView.Persons&id=NA4337,
RS_PAST_NA4338,NA4338,Jeremiah,1742,https://catalogues.royalsociety.org/calmview/Record.aspx?src=CalmView.Persons&id=NA4338,c 1714,circa_year,,1714,1714,1,200,https://catalogues.royalsociety.org/calmview/Record.aspx?src=CalmView.Persons&id=NA4338,
RS_PAST_NA4340,NA4340,Richard,1713,https://catalogues.royalsociety.org/calmview/Record.aspx?src=CalmView.Persons&id=NA4340,,missing,,,,,200,https://catalogues.royalsociety.org/calmview/Record.aspx?src=CalmView.Persons&id=NA4340,
RS_PAST_NA4349,NA4349,Samuel,1681,https://catalogues.royalsociety.org/calmview/Record.aspx?src=CalmView.Persons&id=NA4349,,missing,,,,,200,https://catalogues.royalsociety.org/calmview/Record.aspx?src=CalmView.Persons&id=NA4349,
RS_PAST_NA435,NA435,William,1766,https://catalogues.royalsociety.org/calmview/Record.aspx?src=CalmView.Persons&id=NA435,,missing,,,,,200,https://catalogues.royalsociety.org/calmview/Record.aspx?src=CalmView.Persons&id=NA435,
RS_PAST_NA4353,NA4353,Alexander,1660,https://catalogues.royalsociety.org/calmview/Record.aspx?src=CalmView.Persons&id=NA4353,c 1629,circa_year,,1629,1629,1,200,https://catalogues.royalsociety.org/calmview/Record.aspx?src=CalmView.Persons&id=NA4353,
RS_PAST_NA4354,NA4354,Vital de,1665,https://catalogues.royalsociety.org/calmview/Record.aspx?src=CalmView.Persons&id=NA4354,,missing,,,,,200,https://catalogues.royalsociety.org/calmview/Record.aspx?src=CalmView.Persons&id=NA4354,
RS_PAST_NA4355,NA4355,Andrew,1663,https://catalogues.royalsociety.org/calmview/Record.aspx?src=CalmView.Persons&id=NA4355,,missing,,,,,200,https://catalogues.royalsociety.org/calmview/Record.aspx?src=CalmView.Persons&id=NA4355,
RS_PAST_NA4358,NA4358,Robert,1725,https://catalogues.royalsociety.org/calmview/Record.aspx?src=CalmView.Persons&id=NA4358,,missing,,,1678,,200,https://catalogues.royalsociety.org/calmview/Record.aspx?src=CalmView.Persons&id=NA4358,
RS_PAST_NA4359,NA4359,Francis,1663,https://catalogues.royalsociety.org/calmview/Record.aspx?src=CalmView.Persons&id=NA4359,,missing,,,1612,,200,https://catalogues.royalsociety.org/calmview/Record.aspx?src=CalmView.Persons&id=NA4359,
RS_PAST_NA4366,NA4366,Jonas,1680,https://catalogues.royalsociety.org/calmview/Record.aspx?src=CalmView.Persons&id=NA4366,,missing,,,,,200,https://catalogues.royalsociety.org/calmview/Record.aspx?src=CalmView.Persons&id=NA4366,
RS_PAST_NA4380,NA4380,Leonard,1766,https://catalogues.royalsociety.org/calmview/Record.aspx?src=CalmView.Persons&id=NA4380,,missing,,,,,200,https://catalogues.royalsociety.org/calmview/Record.aspx?src=CalmView.Persons&id=NA4380,
RS_PAST_NA4381,NA4381,Alexander,1784,https://catalogues.royalsociety.org/calmview/Record.aspx?src=CalmView.Persons&id=NA4381,June 1743,nonstandard_or_ambiguous,,,1743,,200,https://catalogues.royalsociety.org/calmview/Record.aspx?src=CalmView.Persons&id=NA4381,
RS_PAST_NA4385,NA4385,Joseph Ignacio de,1758,https://catalogues.royalsociety.org/calmview/Record.aspx?src=CalmView.Persons&id=NA4385,,missing,,,,,200,https://catalogues.royalsociety.org/calmview/Record.aspx?src=CalmView.Persons&id=NA4385,
RS_PAST_NA4386,NA4386,William,1663,https://catalogues.royalsociety.org/calmview/Record.aspx?src=CalmView.Persons&id=NA4386,,missing,,,,,200,https://catalogues.royalsociety.org/calmview/Record.aspx?src=CalmView.Persons&id=NA4386,
RS_PAST_NA4389,NA4389,Samuel,1846,https://catalogues.royalsociety.org/calmview/Record.aspx?src=CalmView.Persons&id=NA4389,September 1780,nonstandard_or_ambiguous,,,1780,,200,https://catalogues.royalsociety.org/calmview/Record.aspx?src=CalmView.Persons&id=NA4389,
RS_PAST_NA439,NA439,Thomas,1672,https://catalogues.royalsociety.org/calmview/Record.aspx?src=CalmView.Persons&id=NA439,c 1655,circa_year,,1655,1655,1,200,https://catalogues.royalsociety.org/calmview/Record.aspx?src=CalmView.Persons&id=NA439,
RS_PAST_NA4411,NA4411,Wilson,1997,https://catalogues.royalsociety.org/calmview/Record.aspx?src=CalmView.Persons&id=NA4411,March 1948,nonstandard_or_ambiguous,,,1948,,200,https://catalogues.royalsociety.org/calmview/Record.aspx?src=CalmView.Persons&id=NA4411,
RS_PAST_NA442,NA442,John,1765,https://catalogues.royalsociety.org/calmview/Record.aspx?src=CalmView.Persons&id=NA442,,missing,,,,,200,https://catalogues.royalsociety.org/calmview/Record.aspx?src=CalmView.Persons&id=NA442,
RS_PAST_NA444,NA444,Thomas,1726,https://catalogues.royalsociety.org/calmview/Record.aspx?src=CalmView.Persons&id=NA444,,missing,,,,,200,https://catalogues.royalsociety.org/calmview/Record.aspx?src=CalmView.Persons&id=NA444,
RS_PAST_NA445,NA445,Felipe Vittorio Ferrero di Fieschi,1770,https://catalogues.royalsociety.org/calmview/Record.aspx?src=CalmView.Persons&id=NA445,1713,year_only,,1713,1713,1,200,https://catalogues.royalsociety.org/calmview/Record.aspx?src=CalmView.Persons&id=NA445,
RS_PAST_NA447,NA447,John,1767,https://catalogues.royalsociety.org/calmview/Record.aspx?src=CalmView.Persons&id=NA447,,missing,,,,,200,https://catalogues.royalsociety.org/calmview/Record.aspx?src=CalmView.Persons&id=NA447,
RS_PAST_NA4492,NA4492,,1711,https://catalogues.royalsociety.org/calmview/Record.aspx?src=CalmView.Persons&id=NA4492,,missing,,,,,200,https://catalogues.royalsociety.org/calmview/Record.aspx?src=CalmView.Persons&id=NA4492,
RS_PAST_NA450,NA450,Louis,1816,https://catalogues.royalsociety.org/calmview/Record.aspx?src=CalmView.Persons&id=NA450,,missing,,,1784,,200,https://catalogues.royalsociety.org/calmview/Record.aspx?src=CalmView.Persons&id=NA450,
RS_PAST_NA4510,NA4510,Henry,1816,https://catalogues.royalsociety.org/calmview/Record.aspx?src=CalmView.Persons&id=NA4510,,missing,,,,,200,https://catalogues.royalsociety.org/calmview/Record.aspx?src=CalmView.Persons&id=NA4510,
RS_PAST_NA4511,NA4511,Berkeley,1698,https://catalogues.royalsociety.org/calmview/Record.aspx?src=CalmView.Persons&id=NA4511,1672,year_only,,1672,1672,1,200,https://catalogues.royalsociety.org/calmview/Record.aspx?src=CalmView.Persons&id=NA4511,
RS_PAST_NA4512,NA4512,Anthony,1663,https://catalogues.royalsociety.org/calmview/Record.aspx?src=CalmView.Persons&id=NA4512,1621,year_only,,1621,1621,1,200,https://catalogues.royalsociety.org/calmview/Record.aspx?src=CalmView.Persons&id=NA4512,
RS_PAST_NA4513,NA4513,Laurent,1730,https://catalogues.royalsociety.org/calmview/Record.aspx?src=CalmView.Persons&id=NA4513,1683,year_only,,1683,1683,1,200,https://catalogues.royalsociety.org/calmview/Record.aspx?src=CalmView.Persons&id=NA4513,
RS_PAST_NA4516,NA4516,Peter,1677,https://catalogues.royalsociety.org/calmview/Record.aspx?src=CalmView.Persons&id=NA4516,c. September 1635,nonstandard_or_ambiguous,,,1635,,200,https://catalogues.royalsociety.org/calmview/Record.aspx?src=CalmView.Persons&id=NA4516,
RS_PAST_NA4518,NA4518,Pierre,1667,https://catalogues.royalsociety.org/calmview/Record.aspx?src=CalmView.Persons&id=NA4518,8 December 1594,other,,,,,200,https://catalogues.royalsociety.org/calmview/Record.aspx?src=CalmView.Persons&id=NA4518,
RS_PAST_NA4522,NA4522,Johann Weikhard,1687,https://catalogues.royalsociety.org/calmview/Record.aspx?src=CalmView.Persons&id=NA4522,c. May 1641,nonstandard_or_ambiguous,,,1641,,200,https://catalogues.royalsociety.org/calmview/Record.aspx?src=CalmView.Persons&id=NA4522,
RS_PAST_NA4523,NA4523,James,1669,https://catalogues.royalsociety.org/calmview/Record.aspx?src=CalmView.Persons&id=NA4523,1642,year_only,,1642,1642,1,200,https://catalogues.royalsociety.org/calmview/Record.aspx?src=CalmView.Persons&id=NA4523,
RS_PAST_NA4524,NA4524,Hugues Louis De,1665,https://catalogues.royalsociety.org/calmview/Record.aspx?src=CalmView.Persons&id=NA4524,,missing,,,,,200,https://catalogues.royalsociety.org/calmview/Record.aspx?src=CalmView.Persons&id=NA4524,
RS_PAST_NA4525,NA4525,William,1807,https://catalogues.royalsociety.org/calmview/Record.aspx?src=CalmView.Persons&id=NA4525,1777,year_only,,1777,1777,1,200,https://catalogues.royalsociety.org/calmview/Record.aspx?src=CalmView.Persons&id=NA4525,
RS_PAST_NA4526,NA4526,James,1663,https://catalogues.royalsociety.org/calmview/Record.aspx?src=CalmView.Persons&id=NA4526,1616 or 1617,nonstandard_or_ambiguous,,,,,200,https://catalogues.royalsociety.org/calmview/Record.aspx?src=CalmView.Persons&id=NA4526,
RS_PAST_NA4534,NA4534,Ralph,1662,https://catalogues.royalsociety.org/calmview/Record.aspx?src=CalmView.Persons&id=NA4534,1617,year_only,,1617,1617,1,200,https://catalogues.royalsociety.org/calmview/Record.aspx?src=CalmView.Persons&id=NA4534,
RS_PAST_NA4536,NA4536,John,1666,https://catalogues.royalsociety.org/calmview/Record.aspx?src=CalmView.Persons&id=NA4536,1623,year_only,,1623,1623,1,200,https://catalogues.royalsociety.org/calmview/Record.aspx?src=CalmView.Persons&id=NA4536,
RS_PAST_NA4537,NA4537,Joseph,1830,https://catalogues.royalsociety.org/calmview/Record.aspx?src=CalmView.Persons&id=NA4537,,missing,,,,,200,https://catalogues.royalsociety.org/calmview/Record.aspx?src=CalmView.Persons&id=NA4537,
RS_PAST_NA4538,NA4538,Edward,1664,https://catalogues.royalsociety.org/calmview/Record.aspx?src=CalmView.Persons&id=NA4538,,missing,,,,,200,https://catalogues.royalsociety.org/calmview/Record.aspx?src=CalmView.Persons&id=NA4538,
RS_PAST_NA4540,NA4540,Louis,1691,https://catalogues.royalsociety.org/calmview/Record.aspx?src=CalmView.Persons&id=NA4540,,missing,,,,,200,https://catalogues.royalsociety.org/calmview/Record.aspx?src=CalmView.Persons&id=NA4540,
RS_PAST_NA4544,NA4544,Edmund,1674,https://catalogues.royalsociety.org/calmview/Record.aspx?src=CalmView.Persons&id=NA4544,c 1606,circa_year,,1606,1606,1,200,https://catalogues.royalsociety.org/calmview/Record.aspx?src=CalmView.Persons&id=NA4544,
RS_PAST_NA4545,NA4545,Thomas,1668,https://catalogues.royalsociety.org/calmview/Record.aspx?src=CalmView.Persons&id=NA4545,c 1630,circa_year,,1630,1630,1,200,https://catalogues.royalsociety.org/calmview/Record.aspx?src=CalmView.Persons&id=NA4545,
RS_PAST_NA4546,NA4546,John,1663,https://catalogues.royalsociety.org/calmview/Record.aspx?src=CalmView.Persons&id=NA4546,,missing,,,1613,,200,https://catalogues.royalsociety.org/calmview/Record.aspx?src=CalmView.Persons&id=NA4546,
RS_PAST_NA4547,NA4547,Henry,1663,https://catalogues.royalsociety.org/calmview/Record.aspx?src=CalmView.Persons&id=NA4547,March 1607,nonstandard_or_ambiguous,,,1607,,200,https://catalogues.royalsociety.org/calmview/Record.aspx?src=CalmView.Persons&id=NA4547,
RS_PAST_NA4549,NA4549,Grant David,1819,https://catalogues.royalsociety.org/calmview/Record.aspx?src=CalmView.Persons&id=NA4549,1773,year_only,,1773,1773,1,200,https://catalogues.royalsociety.org/calmview/Record.aspx?src=CalmView.Persons&id=NA4549,
RS_PAST_NA4550,NA4550,Benjamin,1798,https://catalogues.royalsociety.org/calmview/Record.aspx?src=CalmView.Persons&id=NA4550,1757,year_only,,1757,1757,1,200,https://catalogues.royalsociety.org/calmview/Record.aspx?src=CalmView.Persons&id=NA4550,
RS_PAST_NA4552,NA4552,Edward,1668,https://catalogues.royalsociety.org/calmview/Record.aspx?src=CalmView.Persons&id=NA4552,,missing,,,,,200,https://catalogues.royalsociety.org/calmview/Record.aspx?src=CalmView.Persons&id=NA4552,
RS_PAST_NA4553,NA4553,John Deas,1820,https://catalogues.royalsociety.org/calmview/Record.aspx?src=CalmView.Persons&id=NA4553,1763,year_only,,1763,1763,1,200,https://catalogues.royalsociety.org/calmview/Record.aspx?src=CalmView.Persons&id=NA4553,
RS_PAST_NA4554,NA4554,Hart,1841,https://catalogues.royalsociety.org/calmview/Record.aspx?src=CalmView.Persons&id=NA4554,,missing,,,,,200,https://catalogues.royalsociety.org/calmview/Record.aspx?src=CalmView.Persons&id=NA4554,
RS_PAST_NA4559,NA4559,Francis,1678,https://catalogues.royalsociety.org/calmview/Record.aspx?src=CalmView.Persons&id=NA4559,c 1644,circa_year,,1644,1644,1,200,https://catalogues.royalsociety.org/calmview/Record.aspx?src=CalmView.Persons&id=NA4559,
RS_PAST_NA456,NA456,Robert Edward,1780,https://catalogues.royalsociety.org/calmview/Record.aspx?src=CalmView.Persons&id=NA456,c February 1742,nonstandard_or_ambiguous,,,1742,,200,https://catalogues.royalsociety.org/calmview/Record.aspx?src=CalmView.Persons&id=NA456,
RS_PAST_NA459,NA459,Frederick,1792,https://catalogues.royalsociety.org/calmview/Record.aspx?src=CalmView.Persons&id=NA459,July 1733,nonstandard_or_ambiguous,,,1733,,200,https://catalogues.royalsociety.org/calmview/Record.aspx?src=CalmView.Persons&id=NA459,
RS_PAST_NA4607,NA4607,Frederick,1680,https://catalogues.royalsociety.org/calmview/Record.aspx?src=CalmView.Persons&id=NA4607,c 1647,circa_year,,1647,1647,1,200,https://catalogues.royalsociety.org/calmview/Record.aspx?src=CalmView.Persons&id=NA4607,
RS_PAST_NA461,NA461,William,1769,https://catalogues.royalsociety.org/calmview/Record.aspx?src=CalmView.Persons&id=NA461,c. 1742,circa_year,,1742,1742,1,200,https://catalogues.royalsociety.org/calmview/Record.aspx?src=CalmView.Persons&id=NA461,
RS_PAST_NA462,NA462,Henry,1716,https://catalogues.royalsociety.org/calmview/Record.aspx?src=CalmView.Persons&id=NA462,c. 1681,circa_year,,1681,1681,1,200,https://catalogues.royalsociety.org/calmview/Record.aspx?src=CalmView.Persons&id=NA462,
RS_PAST_NA463,NA463,Orlando,1717,https://catalogues.royalsociety.org/calmview/Record.aspx?src=CalmView.Persons&id=NA463,,missing,,,,,200,https://catalogues.royalsociety.org/calmview/Record.aspx?src=CalmView.Persons&id=NA463,
RS_PAST_NA4669,NA4669,John,1776,https://catalogues.royalsociety.org/calmview/Record.aspx?src=CalmView.Persons&id=NA4669,,missing,,,,,200,https://catalogues.royalsociety.org/calmview/Record.aspx?src=CalmView.Persons&id=NA4669,
RS_PAST_NA468,NA468,Samuel,1718,https://catalogues.royalsociety.org/calmview/Record.aspx?src=CalmView.Persons&id=NA468,,missing,,,,,200,https://catalogues.royalsociety.org/calmview/Record.aspx?src=CalmView.Persons&id=NA468,
RS_PAST_NA470,NA470,Thomas,1712,https://catalogues.royalsociety.org/calmview/Record.aspx?src=CalmView.Persons&id=NA470,? 1671,nonstandard_or_ambiguous,,,,,200,https://catalogues.royalsociety.org/calmview/Record.aspx?src=CalmView.Persons&id=NA470,
RS_PAST_NA472,NA472,John,1703,https://catalogues.royalsociety.org/calmview/Record.aspx?src=CalmView.Persons&id=NA472,,missing,,,,,200,https://catalogues.royalsociety.org/calmview/Record.aspx?src=CalmView.Persons&id=NA472,
RS_PAST_NA474,NA474,Paolo Antonio,1729,https://catalogues.royalsociety.org/calmview/Record.aspx?src=CalmView.Persons&id=NA474,1687,year_only,,1687,1687,1,200,https://catalogues.royalsociety.org/calmview/Record.aspx?src=CalmView.Persons&id=NA474,
RS_PAST_NA4855,NA4855,Marmaduke,1711,https://catalogues.royalsociety.org/calmview/Record.aspx?src=CalmView.Persons&id=NA4855,,missing,,,,,200,https://catalogues.royalsociety.org/calmview/Record.aspx?src=CalmView.Persons&id=NA4855,
RS_PAST_NA486,NA486,William,1703,https://catalogues.royalsociety.org/calmview/Record.aspx?src=CalmView.Persons&id=NA486,1659,year_only,,1659,1659,1,200,https://catalogues.royalsociety.org/calmview/Record.aspx?src=CalmView.Persons&id=NA486,
RS_PAST_NA4864,NA4864,John,1663,https://catalogues.royalsociety.org/calmview/Record.aspx?src=CalmView.Persons&id=NA4864,1613,year_only,,1613,1613,1,200,https://catalogues.royalsociety.org/calmview/Record.aspx?src=CalmView.Persons&id=NA4864,
RS_PAST_NA4867,NA4867,William,1770,https://catalogues.royalsociety.org/calmview/Record.aspx?src=CalmView.Persons&id=NA4867,,missing,,,,,200,https://catalogues.royalsociety.org/calmview/Record.aspx?src=CalmView.Persons&id=NA4867,
RS_PAST_NA4869,NA4869,Richard,1663,https://catalogues.royalsociety.org/calmview/Record.aspx?src=CalmView.Persons&id=NA4869,,missing,,,,,200,https://catalogues.royalsociety.org/calmview/Record.aspx?src=CalmView.Persons&id=NA4869,
RS_PAST_NA4875,NA4875,Thomas,1663,https://catalogues.royalsociety.org/calmview/Record.aspx?src=CalmView.Persons&id=NA4875,,missing,,,1632,,200,https://catalogues.royalsociety.org/calmview/Record.aspx?src=CalmView.Persons&id=NA4875,
RS_PAST_NA488,NA488,Francis Rawdon Moira,1843,https://catalogues.royalsociety.org/calmview/Record.aspx?src=CalmView.Persons&id=NA488,,missing,,,1796,,200,https://catalogues.royalsociety.org/calmview/Record.aspx?src=CalmView.Persons&id=NA488,
RS_PAST_NA4885,NA4885,Thaddeus Joseph,1769,https://catalogues.royalsociety.org/calmview/Record.aspx?src=CalmView.Persons&id=NA4885,c 1730,circa_year,,1730,1730,1,200,https://catalogues.royalsociety.org/calmview/Record.aspx?src=CalmView.Persons&id=NA4885,
RS_PAST_NA4887,NA4887,Peter,1765,https://catalogues.royalsociety.org/calmview/Record.aspx?src=CalmView.Persons&id=NA4887,c. 1720,circa_year,,1720,1720,1,200,https://catalogues.royalsociety.org/calmview/Record.aspx?src=CalmView.Persons&id=NA4887,
RS_PAST_NA4888,NA4888,Thomas,1767,https://catalogues.royalsociety.org/calmview/Record.aspx?src=CalmView.Persons&id=NA4888,,missing,,,,,200,https://catalogues.royalsociety.org/calmview/Record.aspx?src=CalmView.Persons&id=NA4888,
RS_PAST_NA4893,NA4893,John Joshua,1767,https://catalogues.royalsociety.org/calmview/Record.aspx?src=CalmView.Persons&id=NA4893,1716,year_only,,1716,1716,1,200,https://catalogues.royalsociety.org/calmview/Record.aspx?src=CalmView.Persons&id=NA4893,
RS_PAST_NA4896,NA4896,Thomas,1762,https://catalogues.royalsociety.org/calmview/Record.aspx?src=CalmView.Persons&id=NA4896,,missing,,,,,200,https://catalogues.royalsociety.org/calmview/Record.aspx?src=CalmView.Persons&id=NA4896,
RS_PAST_NA4898,NA4898,Joseph Henry,1846,https://catalogues.royalsociety.org/calmview/Record.aspx?src=CalmView.Persons&id=NA4898,1814,year_only,,1814,1814,1,200,https://catalogues.royalsociety.org/calmview/Record.aspx?src=CalmView.Persons&id=NA4898,
RS_PAST_NA4902,NA4902,James Ranald,1845,https://catalogues.royalsociety.org/calmview/Record.aspx?src=CalmView.Persons&id=NA4902,1793,year_only,,1793,1793,1,200,https://catalogues.royalsociety.org/calmview/Record.aspx?src=CalmView.Persons&id=NA4902,
RS_PAST_NA4905,NA4905,James,1707,https://catalogues.royalsociety.org/calmview/Record.aspx?src=CalmView.Persons&id=NA4905,,missing,,,,,200,https://catalogues.royalsociety.org/calmview/Record.aspx?src=CalmView.Persons&id=NA4905,
RS_PAST_NA491,NA491,John,1810,https://catalogues.royalsociety.org/calmview/Record.aspx?src=CalmView.Persons&id=NA491,1767,year_only,,1767,1767,1,200,https://catalogues.royalsociety.org/calmview/Record.aspx?src=CalmView.Persons&id=NA491,
RS_PAST_NA4919,NA4919,Friedrich August von,1745,https://catalogues.royalsociety.org/calmview/Record.aspx?src=CalmView.Persons&id=NA4919,,missing,,,1700,,200,https://catalogues.royalsociety.org/calmview/Record.aspx?src=CalmView.Persons&id=NA4919,
RS_PAST_NA492,NA492,Peter,1680,https://catalogues.royalsociety.org/calmview/Record.aspx?src=CalmView.Persons&id=NA492,,missing,,,,,200,https://catalogues.royalsociety.org/calmview/Record.aspx?src=CalmView.Persons&id=NA492,
RS_PAST_NA4923,NA4923,George,1796,https://catalogues.royalsociety.org/calmview/Record.aspx?src=CalmView.Persons&id=NA4923,January 1771,nonstandard_or_ambiguous,,,1771,,200,https://catalogues.royalsociety.org/calmview/Record.aspx?src=CalmView.Persons&id=NA4923,
RS_PAST_NA4926,NA4926,Claude Gros de,1749,https://catalogues.royalsociety.org/calmview/Record.aspx?src=CalmView.Persons&id=NA4926,1680,year_only,,1680,1680,1,200,https://catalogues.royalsociety.org/calmview/Record.aspx?src=CalmView.Persons&id=NA4926,
RS_PAST_NA4928,NA4928,John,1809,https://catalogues.royalsociety.org/calmview/Record.aspx?src=CalmView.Persons&id=NA4928,,missing,,,,,200,https://catalogues.royalsociety.org/calmview/Record.aspx?src=CalmView.Persons&id=NA4928,
RS_PAST_NA4931,NA4931,Matthew,1783,https://catalogues.royalsociety.org/calmview/Record.aspx?src=CalmView.Persons&id=NA4931,1742,year_only,,1742,1742,1,200,https://catalogues.royalsociety.org/calmview/Record.aspx?src=CalmView.Persons&id=NA4931,
RS_PAST_NA4934,NA4934,John,1821,https://catalogues.royalsociety.org/calmview/Record.aspx?src=CalmView.Persons&id=NA4934,1756,year_only,,1756,1756,1,200,https://catalogues.royalsociety.org/calmview/Record.aspx?src=CalmView.Persons&id=NA4934,
RS_PAST_NA4939,NA4939,John,1718,https://catalogues.royalsociety.org/calmview/Record.aspx?src=CalmView.Persons&id=NA4939,,missing,,,1687,,200,https://catalogues.royalsociety.org/calmview/Record.aspx?src=CalmView.Persons&id=NA4939,
RS_PAST_NA4942,NA4942,John,1668,https://catalogues.royalsociety.org/calmview/Record.aspx?src=CalmView.Persons&id=NA4942,c. August 1627,nonstandard_or_ambiguous,,,1627,,200,https://catalogues.royalsociety.org/calmview/Record.aspx?src=CalmView.Persons&id=NA4942,
RS_PAST_NA4947,NA4947,James,1760,https://catalogues.royalsociety.org/calmview/Record.aspx?src=CalmView.Persons&id=NA4947,,missing,,,,,200,https://catalogues.royalsociety.org/calmview/Record.aspx?src=CalmView.Persons&id=NA4947,
RS_PAST_NA4950,NA4950,Nicholas,1667,https://catalogues.royalsociety.org/calmview/Record.aspx?src=CalmView.Persons&id=NA4950,,missing,,,,,200,https://catalogues.royalsociety.org/calmview/Record.aspx?src=CalmView.Persons&id=NA4950,
RS_PAST_NA4951,NA4951,George,1788,https://catalogues.royalsociety.org/calmview/Record.aspx?src=CalmView.Persons&id=NA4951,18 September 1765 or 26 March 1766,nonstandard_or_ambiguous,,,1765,,200,https://catalogues.royalsociety.org/calmview/Record.aspx?src=CalmView.Persons&id=NA4951,
RS_PAST_NA4953,NA4953,John,1766,https://catalogues.royalsociety.org/calmview/Record.aspx?src=CalmView.Persons&id=NA4953,1732,year_only,,1732,1732,1,200,https://catalogues.royalsociety.org/calmview/Record.aspx?src=CalmView.Persons&id=NA4953,
RS_PAST_NA4954,NA4954,James,1726,https://catalogues.royalsociety.org/calmview/Record.aspx?src=CalmView.Persons&id=NA4954,,missing,,,,,200,https://catalogues.royalsociety.org/calmview/Record.aspx?src=CalmView.Persons&id=NA4954,
RS_PAST_NA4955,NA4955,Thomas,1707,https://catalogues.royalsociety.org/calmview/Record.aspx?src=CalmView.Persons&id=NA4955,c. 1683,circa_year,,1683,1683,1,200,https://catalogues.royalsociety.org/calmview/Record.aspx?src=CalmView.Persons&id=NA4955,
RS_PAST_NA4956,NA4956,Henry,1663,https://catalogues.royalsociety.org/calmview/Record.aspx?src=CalmView.Persons&id=NA4956,c 1620,circa_year,,1620,1620,1,200,https://catalogues.royalsociety.org/calmview/Record.aspx?src=CalmView.Persons&id=NA4956,
RS_PAST_NA4959,NA4959,William,1821,https://catalogues.royalsociety.org/calmview/Record.aspx?src=CalmView.Persons&id=NA4959,c. 1762,circa_year,,1762,1762,1,200,https://catalogues.royalsociety.org/calmview/Record.aspx?src=CalmView.Persons&id=NA4959,
RS_PAST_NA496,NA496,Richard,1712,https://catalogues.royalsociety.org/calmview/Record.aspx?src=CalmView.Persons&id=NA496,,missing,,,1663,,200,https://catalogues.royalsociety.org/calmview/Record.aspx?src=CalmView.Persons&id=NA496,
RS_PAST_NA4964,NA4964,Ralph,1724,https://catalogues.royalsociety.org/calmview/Record.aspx?src=CalmView.Persons&id=NA4964,,missing,,,1699,,200,https://catalogues.royalsociety.org/calmview/Record.aspx?src=CalmView.Persons&id=NA4964,
RS_PAST_NA4966,NA4966,James,1664,https://catalogues.royalsociety.org/calmview/Record.aspx?src=CalmView.Persons&id=NA4966,c 1620,circa_year,,1620,1620,1,200,https://catalogues.royalsociety.org/calmview/Record.aspx?src=CalmView.Persons&id=NA4966,
RS_PAST_NA4967,NA4967,Winston,1664,https://catalogues.royalsociety.org/calmview/Record.aspx?src=CalmView.Persons&id=NA4967,April 1620,nonstandard_or_ambiguous,,,1620,,200,https://catalogues.royalsociety.org/calmview/Record.aspx?src=CalmView.Persons&id=NA4967,
RS_PAST_NA4969,NA4969,Daniel,1675,https://catalogues.royalsociety.org/calmview/Record.aspx?src=CalmView.Persons&id=NA4969,c 1626,circa_year,,1626,1626,1,200,https://catalogues.royalsociety.org/calmview/Record.aspx?src=CalmView.Persons&id=NA4969,
RS_PAST_NA4972,NA4972,George,1697,https://catalogues.royalsociety.org/calmview/Record.aspx?src=CalmView.Persons&id=NA4972,1663,year_only,,1663,1663,1,200,https://catalogues.royalsociety.org/calmview/Record.aspx?src=CalmView.Persons&id=NA4972,
RS_PAST_NA4973,NA4973,James,1663,https://catalogues.royalsociety.org/calmview/Record.aspx?src=CalmView.Persons&id=NA4973,c 1629,circa_year,,1629,1629,1,200,https://catalogues.royalsociety.org/calmview/Record.aspx?src=CalmView.Persons&id=NA4973,
RS_PAST_NA4977,NA4977,Samuel,1663,https://catalogues.royalsociety.org/calmview/Record.aspx?src=CalmView.Persons&id=NA4977,c 1615,circa_year,,1615,1615,1,200,https://catalogues.royalsociety.org/calmview/Record.aspx?src=CalmView.Persons&id=NA4977,
RS_PAST_NA4978,NA4978,William,1806,https://catalogues.royalsociety.org/calmview/Record.aspx?src=CalmView.Persons&id=NA4978,,missing,,,,,200,https://catalogues.royalsociety.org/calmview/Record.aspx?src=CalmView.Persons&id=NA4978,
RS_PAST_NA4979,NA4979,Edward,1663,https://catalogues.royalsociety.org/calmview/Record.aspx?src=CalmView.Persons&id=NA4979,1619,year_only,,1619,1619,1,200,https://catalogues.royalsociety.org/calmview/Record.aspx?src=CalmView.Persons&id=NA4979,
RS_PAST_NA498,NA498,Anton Adam,1727,https://catalogues.royalsociety.org/calmview/Record.aspx?src=CalmView.Persons&id=NA498,,missing,,,,,200,https://catalogues.royalsociety.org/calmview/Record.aspx?src=CalmView.Persons&id=NA498,
RS_PAST_NA4982,NA4982,Andrew,1663,https://catalogues.royalsociety.org/calmview/Record.aspx?src=CalmView.Persons&id=NA4982,,missing,,,,,200,https://catalogues.royalsociety.org/calmview/Record.aspx?src=CalmView.Persons&id=NA4982,
RS_PAST_NA4985,NA4985,William,1821,https://catalogues.royalsociety.org/calmview/Record.aspx?src=CalmView.Persons&id=NA4985,c. 1764,circa_year,,1764,1764,1,200,https://catalogues.royalsociety.org/calmview/Record.aspx?src=CalmView.Persons&id=NA4985,
RS_PAST_NA4986,NA4986,William Bentinck Letham,1835,https://catalogues.royalsociety.org/calmview/Record.aspx?src=CalmView.Persons&id=NA4986,1802,year_only,,1802,1802,1,200,https://catalogues.royalsociety.org/calmview/Record.aspx?src=CalmView.Persons&id=NA4986,
RS_PAST_NA4989,NA4989,Thomas,1821,https://catalogues.royalsociety.org/calmview/Record.aspx?src=CalmView.Persons&id=NA4989,29 February 1774,invalid_exact_candidate,,1774,1774,1,200,https://catalogues.royalsociety.org/calmview/Record.aspx?src=CalmView.Persons&id=NA4989,
RS_PAST_NA4991,NA4991,John,1694,https://catalogues.royalsociety.org/calmview/Record.aspx?src=CalmView.Persons&id=NA4991,c 1672,circa_year,,1672,1672,1,200,https://catalogues.royalsociety.org/calmview/Record.aspx?src=CalmView.Persons&id=NA4991,
RS_PAST_NA4994,NA4994,William,1667,https://catalogues.royalsociety.org/calmview/Record.aspx?src=CalmView.Persons&id=NA4994,c 1644,circa_year,,1644,1644,1,200,https://catalogues.royalsociety.org/calmview/Record.aspx?src=CalmView.Persons&id=NA4994,
RS_PAST_NA4995,NA4995,John,1673,https://catalogues.royalsociety.org/calmview/Record.aspx?src=CalmView.Persons&id=NA4995,,missing,,,1625,,200,https://catalogues.royalsociety.org/calmview/Record.aspx?src=CalmView.Persons&id=NA4995,
RS_PAST_NA4997,NA4997,Thomas,1691,https://catalogues.royalsociety.org/calmview/Record.aspx?src=CalmView.Persons&id=NA4997,c 1656,circa_year,,1656,1656,1,200,https://catalogues.royalsociety.org/calmview/Record.aspx?src=CalmView.Persons&id=NA4997,
RS_PAST_NA4999,NA4999,Walter,1727,https://catalogues.royalsociety.org/calmview/Record.aspx?src=CalmView.Persons&id=NA4999,,missing,,,,,200,https://catalogues.royalsociety.org/calmview/Record.aspx?src=CalmView.Persons&id=NA4999,
RS_PAST_NA500,NA500,Henry,1746,https://catalogues.royalsociety.org/calmview/Record.aspx?src=CalmView.Persons&id=NA500,1696,year_only,,1696,1696,1,200,https://catalogues.royalsociety.org/calmview/Record.aspx?src=CalmView.Persons&id=NA500,
RS_PAST_NA5008,NA5008,Giovanni Battista,1765,https://catalogues.royalsociety.org/calmview/Record.aspx?src=CalmView.Persons&id=NA5008,,missing,,,1722,,200,https://catalogues.royalsociety.org/calmview/Record.aspx?src=CalmView.Persons&id=NA5008,
RS_PAST_NA5009,NA5009,John,1779,https://catalogues.royalsociety.org/calmview/Record.aspx?src=CalmView.Persons&id=NA5009,1741,year_only,,1741,1741,1,200,https://catalogues.royalsociety.org/calmview/Record.aspx?src=CalmView.Persons&id=NA5009,
RS_PAST_NA5012,NA5012,Thomas,1663,https://catalogues.royalsociety.org/calmview/Record.aspx?src=CalmView.Persons&id=NA5012,c 1615,circa_year,,1615,1615,1,200,https://catalogues.royalsociety.org/calmview/Record.aspx?src=CalmView.Persons&id=NA5012,
RS_PAST_NA5015,NA5015,Jan de,1748,https://catalogues.royalsociety.org/calmview/Record.aspx?src=CalmView.Persons&id=NA5015,,missing,,,,,200,https://catalogues.royalsociety.org/calmview/Record.aspx?src=CalmView.Persons&id=NA5015,
RS_PAST_NA5016,NA5016,Joseph,1729,https://catalogues.royalsociety.org/calmview/Record.aspx?src=CalmView.Persons&id=NA5016,c. 1696,circa_year,,1696,1696,1,200,https://catalogues.royalsociety.org/calmview/Record.aspx?src=CalmView.Persons&id=NA5016,
RS_PAST_NA5026,NA5026,George,1802,https://catalogues.royalsociety.org/calmview/Record.aspx?src=CalmView.Persons&id=NA5026,c. 1762,circa_year,,1762,1762,1,200,https://catalogues.royalsociety.org/calmview/Record.aspx?src=CalmView.Persons&id=NA5026,
RS_PAST_NA5027,NA5027,James,1755,https://catalogues.royalsociety.org/calmview/Record.aspx?src=CalmView.Persons&id=NA5027,1722,year_only,,1722,1722,1,200,https://catalogues.royalsociety.org/calmview/Record.aspx?src=CalmView.Persons&id=NA5027,
RS_PAST_NA503,NA503,William Henry Chicheley,1847,https://catalogues.royalsociety.org/calmview/Record.aspx?src=CalmView.Persons&id=NA503,21 April 1787 or 1790,nonstandard_or_ambiguous,,,,,200,https://catalogues.royalsociety.org/calmview/Record.aspx?src=CalmView.Persons&id=NA503,
RS_PAST_NA5031,NA5031,James,1717,https://catalogues.royalsociety.org/calmview/Record.aspx?src=CalmView.Persons&id=NA5031,,missing,,,1684,,200,https://catalogues.royalsociety.org/calmview/Record.aspx?src=CalmView.Persons&id=NA5031,
RS_PAST_NA5032,NA5032,John,1776,https://catalogues.royalsociety.org/calmview/Record.aspx?src=CalmView.Persons&id=NA5032,c. 1744,circa_year,,1744,1744,1,200,https://catalogues.royalsociety.org/calmview/Record.aspx?src=CalmView.Persons&id=NA5032,
RS_PAST_NA5034,NA5034,Edward Joshua,1853,https://catalogues.royalsociety.org/calmview/Record.aspx?src=CalmView.Persons&id=NA5034,May 1798,nonstandard_or_ambiguous,,,1798,,200,https://catalogues.royalsociety.org/calmview/Record.aspx?src=CalmView.Persons&id=NA5034,
RS_PAST_NA5040,NA5040,Antonio Mario,1788,https://catalogues.royalsociety.org/calmview/Record.aspx?src=CalmView.Persons&id=NA5040,1730,year_only,,1730,1730,1,200,https://catalogues.royalsociety.org/calmview/Record.aspx?src=CalmView.Persons&id=NA5040,
RS_PAST_NA5042,NA5042,Claude,1716,https://catalogues.royalsociety.org/calmview/Record.aspx?src=CalmView.Persons&id=NA5042,c 1680,circa_year,,1680,1680,1,200,https://catalogues.royalsociety.org/calmview/Record.aspx?src=CalmView.Persons&id=NA5042,
RS_PAST_NA5044,NA5044,Amelius,1809,https://catalogues.royalsociety.org/calmview/Record.aspx?src=CalmView.Persons&id=NA5044,1771,year_only,,1771,1771,1,200,https://catalogues.royalsociety.org/calmview/Record.aspx?src=CalmView.Persons&id=NA5044,
RS_PAST_NA5045,NA5045,William,1728,https://catalogues.royalsociety.org/calmview/Record.aspx?src=CalmView.Persons&id=NA5045,,missing,,,,,200,https://catalogues.royalsociety.org/calmview/Record.aspx?src=CalmView.Persons&id=NA5045,
RS_PAST_NA5048,NA5048,Andrew,1804,https://catalogues.royalsociety.org/calmview/Record.aspx?src=CalmView.Persons&id=NA5048,,missing,,,,,200,https://catalogues.royalsociety.org/calmview/Record.aspx?src=CalmView.Persons&id=NA5048,
RS_PAST_NA5050,NA5050,Johann Benjamin,1744,https://catalogues.royalsociety.org/calmview/Record.aspx?src=CalmView.Persons&id=NA5050,1720,year_only,,1720,1720,1,200,https://catalogues.royalsociety.org/calmview/Record.aspx?src=CalmView.Persons&id=NA5050,
RS_PAST_NA5052,NA5052,Granado,1774,https://catalogues.royalsociety.org/calmview/Record.aspx?src=CalmView.Persons&id=NA5052,,missing,,,,,200,https://catalogues.royalsociety.org/calmview/Record.aspx?src=CalmView.Persons&id=NA5052,
RS_PAST_NA5053,NA5053,William,1748,https://catalogues.royalsociety.org/calmview/Record.aspx?src=CalmView.Persons&id=NA5053,1725,year_only,,1725,1725,1,200,https://catalogues.royalsociety.org/calmview/Record.aspx?src=CalmView.Persons&id=NA5053,
RS_PAST_NA5055,NA5055,John,1768,https://catalogues.royalsociety.org/calmview/Record.aspx?src=CalmView.Persons&id=NA5055,,missing,,,,,200,https://catalogues.royalsociety.org/calmview/Record.aspx?src=CalmView.Persons&id=NA5055,
RS_PAST_NA5063,NA5063,John,1825,https://catalogues.royalsociety.org/calmview/Record.aspx?src=CalmView.Persons&id=NA5063,,missing,,,,,200,https://catalogues.royalsociety.org/calmview/Record.aspx?src=CalmView.Persons&id=NA5063,
RS_PAST_NA507,NA507,James,1730,https://catalogues.royalsociety.org/calmview/Record.aspx?src=CalmView.Persons&id=NA507,,missing,,,,,200,https://catalogues.royalsociety.org/calmview/Record.aspx?src=CalmView.Persons&id=NA507,
RS_PAST_NA508,NA508,Henry,1707,https://catalogues.royalsociety.org/calmview/Record.aspx?src=CalmView.Persons&id=NA508,,missing,,,,,200,https://catalogues.royalsociety.org/calmview/Record.aspx?src=CalmView.Persons&id=NA508,
RS_PAST_NA5081,NA5081,James,1663,https://catalogues.royalsociety.org/calmview/Record.aspx?src=CalmView.Persons&id=NA5081,,missing,,,,,200,https://catalogues.royalsociety.org/calmview/Record.aspx?src=CalmView.Persons&id=NA5081,
RS_PAST_NA5083,NA5083,Ewald Friedrich,1789,https://catalogues.royalsociety.org/calmview/Record.aspx?src=CalmView.Persons&id=NA5083,,missing,,,1725,,200,https://catalogues.royalsociety.org/calmview/Record.aspx?src=CalmView.Persons&id=NA5083,
RS_PAST_NA5087,NA5087,Richard,1747,https://catalogues.royalsociety.org/calmview/Record.aspx?src=CalmView.Persons&id=NA5087,,missing,,,1711,,200,https://catalogues.royalsociety.org/calmview/Record.aspx?src=CalmView.Persons&id=NA5087,
RS_PAST_NA509,NA509,Daniel,1765,https://catalogues.royalsociety.org/calmview/Record.aspx?src=CalmView.Persons&id=NA509,,missing,,,,,200,https://catalogues.royalsociety.org/calmview/Record.aspx?src=CalmView.Persons&id=NA509,
RS_PAST_NA5092,NA5092,Friedrich Christian,1764,https://catalogues.royalsociety.org/calmview/Record.aspx?src=CalmView.Persons&id=NA5092,,missing,,,1719,,200,https://catalogues.royalsociety.org/calmview/Record.aspx?src=CalmView.Persons&id=NA5092,
RS_PAST_NA5097,NA5097,John,1794,https://catalogues.royalsociety.org/calmview/Record.aspx?src=CalmView.Persons&id=NA5097,,missing,,,,,200,https://catalogues.royalsociety.org/calmview/Record.aspx?src=CalmView.Persons&id=NA5097,
RS_PAST_NA5105,NA5105,George,1733,https://catalogues.royalsociety.org/calmview/Record.aspx?src=CalmView.Persons&id=NA5105,,missing,,,,,200,https://catalogues.royalsociety.org/calmview/Record.aspx?src=CalmView.Persons&id=NA5105,
RS_PAST_NA5108,NA5108,Jacob,1773,https://catalogues.royalsociety.org/calmview/Record.aspx?src=CalmView.Persons&id=NA5108,,missing,,,,,200,https://catalogues.royalsociety.org/calmview/Record.aspx?src=CalmView.Persons&id=NA5108,
RS_PAST_NA511,NA511,Andrew,1673,https://catalogues.royalsociety.org/calmview/Record.aspx?src=CalmView.Persons&id=NA511,c 1652,circa_year,,1652,1652,1,200,https://catalogues.royalsociety.org/calmview/Record.aspx?src=CalmView.Persons&id=NA511,
RS_PAST_NA5112,NA5112,Richard,1726,https://catalogues.royalsociety.org/calmview/Record.aspx?src=CalmView.Persons&id=NA5112,1688,year_only,,1688,1688,1,200,https://catalogues.royalsociety.org/calmview/Record.aspx?src=CalmView.Persons&id=NA5112,
RS_PAST_NA5113,NA5113,Arthur,1683,https://catalogues.royalsociety.org/calmview/Record.aspx?src=CalmView.Persons&id=NA5113,,missing,,,,,200,https://catalogues.royalsociety.org/calmview/Record.aspx?src=CalmView.Persons&id=NA5113,
RS_PAST_NA5114,NA5114,John,1779,https://catalogues.royalsociety.org/calmview/Record.aspx?src=CalmView.Persons&id=NA5114,,missing,,,,,200,https://catalogues.royalsociety.org/calmview/Record.aspx?src=CalmView.Persons&id=NA5114,
RS_PAST_NA5115,NA5115,Charles,1800,https://catalogues.royalsociety.org/calmview/Record.aspx?src=CalmView.Persons&id=NA5115,,missing,,,,,200,https://catalogues.royalsociety.org/calmview/Record.aspx?src=CalmView.Persons&id=NA5115,
RS_PAST_NA5117,NA5117,George,1793,https://catalogues.royalsociety.org/calmview/Record.aspx?src=CalmView.Persons&id=NA5117,c. 1745,circa_year,,1745,1745,1,200,https://catalogues.royalsociety.org/calmview/Record.aspx?src=CalmView.Persons&id=NA5117,
RS_PAST_NA5119,NA5119,Peter,1794,https://catalogues.royalsociety.org/calmview/Record.aspx?src=CalmView.Persons&id=NA5119,1739,year_only,,1739,1739,1,200,https://catalogues.royalsociety.org/calmview/Record.aspx?src=CalmView.Persons&id=NA5119,
RS_PAST_NA5120,NA5120,Francis George,1812,https://catalogues.royalsociety.org/calmview/Record.aspx?src=CalmView.Persons&id=NA5120,,missing,,,,,200,https://catalogues.royalsociety.org/calmview/Record.aspx?src=CalmView.Persons&id=NA5120,
RS_PAST_NA5125,NA5125,Francis,1715,https://catalogues.royalsociety.org/calmview/Record.aspx?src=CalmView.Persons&id=NA5125,,missing,,,,,200,https://catalogues.royalsociety.org/calmview/Record.aspx?src=CalmView.Persons&id=NA5125,
RS_PAST_NA5127,NA5127,William,1745,https://catalogues.royalsociety.org/calmview/Record.aspx?src=CalmView.Persons&id=NA5127,1703,year_only,,1703,1703,1,200,https://catalogues.royalsociety.org/calmview/Record.aspx?src=CalmView.Persons&id=NA5127,
RS_PAST_NA513,NA513,Richard,1725,https://catalogues.royalsociety.org/calmview/Record.aspx?src=CalmView.Persons&id=NA513,,missing,,,,,200,https://catalogues.royalsociety.org/calmview/Record.aspx?src=CalmView.Persons&id=NA513,
RS_PAST_NA5130,NA5130,Henry,1798,https://catalogues.royalsociety.org/calmview/Record.aspx?src=CalmView.Persons&id=NA5130,,missing,,,,,200,https://catalogues.royalsociety.org/calmview/Record.aspx?src=CalmView.Persons&id=NA5130,
RS_PAST_NA5134,NA5134,William,1806,https://catalogues.royalsociety.org/calmview/Record.aspx?src=CalmView.Persons&id=NA5134,1762 or 1763,nonstandard_or_ambiguous,,,,,200,https://catalogues.royalsociety.org/calmview/Record.aspx?src=CalmView.Persons&id=NA5134,
RS_PAST_NA5135,NA5135,Richard,1726,https://catalogues.royalsociety.org/calmview/Record.aspx?src=CalmView.Persons&id=NA5135,? 1688,nonstandard_or_ambiguous,,,,,200,https://catalogues.royalsociety.org/calmview/Record.aspx?src=CalmView.Persons&id=NA5135,
RS_PAST_NA5136,NA5136,Charles,1816,https://catalogues.royalsociety.org/calmview/Record.aspx?src=CalmView.Persons&id=NA5136,,missing,,,,,200,https://catalogues.royalsociety.org/calmview/Record.aspx?src=CalmView.Persons&id=NA5136,
RS_PAST_NA5137,NA5137,Owen Putland,1776,https://catalogues.royalsociety.org/calmview/Record.aspx?src=CalmView.Persons&id=NA5137,c. 1752,circa_year,,1752,1752,1,200,https://catalogues.royalsociety.org/calmview/Record.aspx?src=CalmView.Persons&id=NA5137,
RS_PAST_NA514,NA514,Russell,1703,https://catalogues.royalsociety.org/calmview/Record.aspx?src=CalmView.Persons&id=NA514,c 1672,circa_year,,1672,1672,1,200,https://catalogues.royalsociety.org/calmview/Record.aspx?src=CalmView.Persons&id=NA514,
RS_PAST_NA5142,NA5142,Alexander,1778,https://catalogues.royalsociety.org/calmview/Record.aspx?src=CalmView.Persons&id=NA5142,,missing,,,,,200,https://catalogues.royalsociety.org/calmview/Record.aspx?src=CalmView.Persons&id=NA5142,
RS_PAST_NA5143,NA5143,Thomas,1663,https://catalogues.royalsociety.org/calmview/Record.aspx?src=CalmView.Persons&id=NA5143,c 1613,circa_year,,1613,1613,1,200,https://catalogues.royalsociety.org/calmview/Record.aspx?src=CalmView.Persons&id=NA5143,
RS_PAST_NA5146,NA5146,Thomas,1773,https://catalogues.royalsociety.org/calmview/Record.aspx?src=CalmView.Persons&id=NA5146,September 1750,nonstandard_or_ambiguous,,,1750,,200,https://catalogues.royalsociety.org/calmview/Record.aspx?src=CalmView.Persons&id=NA5146,
RS_PAST_NA5147,NA5147,Thomas,1677,https://catalogues.royalsociety.org/calmview/Record.aspx?src=CalmView.Persons&id=NA5147,1635 or 1636,nonstandard_or_ambiguous,,,1636,,200,https://catalogues.royalsociety.org/calmview/Record.aspx?src=CalmView.Persons&id=NA5147,
RS_PAST_NA5148,NA5148,John,1794,https://catalogues.royalsociety.org/calmview/Record.aspx?src=CalmView.Persons&id=NA5148,,missing,,,,,200,https://catalogues.royalsociety.org/calmview/Record.aspx?src=CalmView.Persons&id=NA5148,
RS_PAST_NA5150,NA5150,,1706,https://catalogues.royalsociety.org/calmview/Record.aspx?src=CalmView.Persons&id=NA5150,,missing,,,,,200,https://catalogues.royalsociety.org/calmview/Record.aspx?src=CalmView.Persons&id=NA5150,
RS_PAST_NA5155,NA5155,Walter,1717,https://catalogues.royalsociety.org/calmview/Record.aspx?src=CalmView.Persons&id=NA5155,,missing,,,,,200,https://catalogues.royalsociety.org/calmview/Record.aspx?src=CalmView.Persons&id=NA5155,
RS_PAST_NA5157,NA5157,George,1669,https://catalogues.royalsociety.org/calmview/Record.aspx?src=CalmView.Persons&id=NA5157,c. 1635,circa_year,,1635,1635,1,200,https://catalogues.royalsociety.org/calmview/Record.aspx?src=CalmView.Persons&id=NA5157,
RS_PAST_NA5158,NA5158,Richard,1810,https://catalogues.royalsociety.org/calmview/Record.aspx?src=CalmView.Persons&id=NA5158,c. 1765,circa_year,,1765,1765,1,200,https://catalogues.royalsociety.org/calmview/Record.aspx?src=CalmView.Persons&id=NA5158,
RS_PAST_NA5161,NA5161,Richard,1665,https://catalogues.royalsociety.org/calmview/Record.aspx?src=CalmView.Persons&id=NA5161,,missing,,,1640,,200,https://catalogues.royalsociety.org/calmview/Record.aspx?src=CalmView.Persons&id=NA5161,
RS_PAST_NA5162,NA5162,Percival Norton,1846,https://catalogues.royalsociety.org/calmview/Record.aspx?src=CalmView.Persons&id=NA5162,1793,year_only,,1793,1793,1,200,https://catalogues.royalsociety.org/calmview/Record.aspx?src=CalmView.Persons&id=NA5162,
RS_PAST_NA5163,NA5163,James,1707,https://catalogues.royalsociety.org/calmview/Record.aspx?src=CalmView.Persons&id=NA5163,,missing,,,1680,,200,https://catalogues.royalsociety.org/calmview/Record.aspx?src=CalmView.Persons&id=NA5163,
RS_PAST_NA5165,NA5165,Edward,1669,https://catalogues.royalsociety.org/calmview/Record.aspx?src=CalmView.Persons&id=NA5165,,missing,,,,,200,https://catalogues.royalsociety.org/calmview/Record.aspx?src=CalmView.Persons&id=NA5165,
RS_PAST_NA5167,NA5167,Alfred Le,1819,https://catalogues.royalsociety.org/calmview/Record.aspx?src=CalmView.Persons&id=NA5167,,missing,,,,,200,https://catalogues.royalsociety.org/calmview/Record.aspx?src=CalmView.Persons&id=NA5167,
RS_PAST_NA5169,NA5169,Thomas,1714,https://catalogues.royalsociety.org/calmview/Record.aspx?src=CalmView.Persons&id=NA5169,,missing,,,,,200,https://catalogues.royalsociety.org/calmview/Record.aspx?src=CalmView.Persons&id=NA5169,
RS_PAST_NA517,NA517,George,1713,https://catalogues.royalsociety.org/calmview/Record.aspx?src=CalmView.Persons&id=NA517,c 1684,circa_year,,1684,1684,1,200,https://catalogues.royalsociety.org/calmview/Record.aspx?src=CalmView.Persons&id=NA517,
RS_PAST_NA5170,NA5170,John,1682,https://catalogues.royalsociety.org/calmview/Record.aspx?src=CalmView.Persons&id=NA5170,c 1660,circa_year,,1660,1660,1,200,https://catalogues.royalsociety.org/calmview/Record.aspx?src=CalmView.Persons&id=NA5170,
RS_PAST_NA518,NA518,William,1720,https://catalogues.royalsociety.org/calmview/Record.aspx?src=CalmView.Persons&id=NA518,1687,year_only,,1687,1687,1,200,https://catalogues.royalsociety.org/calmview/Record.aspx?src=CalmView.Persons&id=NA518,
RS_PAST_NA5183,NA5183,Christopher,1737,https://catalogues.royalsociety.org/calmview/Record.aspx?src=CalmView.Persons&id=NA5183,,missing,,,,,200,https://catalogues.royalsociety.org/calmview/Record.aspx?src=CalmView.Persons&id=NA5183,
RS_PAST_NA5186,NA5186,John Laurens,1821,https://catalogues.royalsociety.org/calmview/Record.aspx?src=CalmView.Persons&id=NA5186,c. 1786,circa_year,,1786,1786,1,200,https://catalogues.royalsociety.org/calmview/Record.aspx?src=CalmView.Persons&id=NA5186,
RS_PAST_NA5188,NA5188,James,1821,https://catalogues.royalsociety.org/calmview/Record.aspx?src=CalmView.Persons&id=NA5188,1774,year_only,,1774,1774,1,200,https://catalogues.royalsociety.org/calmview/Record.aspx?src=CalmView.Persons&id=NA5188,
RS_PAST_NA5193,NA5193,Thomas,1768,https://catalogues.royalsociety.org/calmview/Record.aspx?src=CalmView.Persons&id=NA5193,1741,year_only,,1741,1741,1,200,https://catalogues.royalsociety.org/calmview/Record.aspx?src=CalmView.Persons&id=NA5193,
RS_PAST_NA5197,NA5197,George,1810,https://catalogues.royalsociety.org/calmview/Record.aspx?src=CalmView.Persons&id=NA5197,1754,year_only,,1754,1754,1,200,https://catalogues.royalsociety.org/calmview/Record.aspx?src=CalmView.Persons&id=NA5197,
RS_PAST_NA520,NA520,John,1766,https://catalogues.royalsociety.org/calmview/Record.aspx?src=CalmView.Persons&id=NA520,,missing,,,,,200,https://catalogues.royalsociety.org/calmview/Record.aspx?src=CalmView.Persons&id=NA520,
RS_PAST_NA5201,NA5201,Henry,1819,https://catalogues.royalsociety.org/calmview/Record.aspx?src=CalmView.Persons&id=NA5201,1777,year_only,,1777,1777,1,200,https://catalogues.royalsociety.org/calmview/Record.aspx?src=CalmView.Persons&id=NA5201,
RS_PAST_NA5204,NA5204,Thomas,1786,https://catalogues.royalsociety.org/calmview/Record.aspx?src=CalmView.Persons&id=NA5204,1745,year_only,,1745,1745,1,200,https://catalogues.royalsociety.org/calmview/Record.aspx?src=CalmView.Persons&id=NA5204,
RS_PAST_NA5206,NA5206,Daniel,1736,https://catalogues.royalsociety.org/calmview/Record.aspx?src=CalmView.Persons&id=NA5206,,missing,,,1708,,200,https://catalogues.royalsociety.org/calmview/Record.aspx?src=CalmView.Persons&id=NA5206,
RS_PAST_NA5207,NA5207,William,1777,https://catalogues.royalsociety.org/calmview/Record.aspx?src=CalmView.Persons&id=NA5207,,missing,,,1713,,200,https://catalogues.royalsociety.org/calmview/Record.aspx?src=CalmView.Persons&id=NA5207,
RS_PAST_NA5209,NA5209,Richard,1765,https://catalogues.royalsociety.org/calmview/Record.aspx?src=CalmView.Persons&id=NA5209,,missing,,,1736,,200,https://catalogues.royalsociety.org/calmview/Record.aspx?src=CalmView.Persons&id=NA5209,
RS_PAST_NA5212,NA5212,John,1776,https://catalogues.royalsociety.org/calmview/Record.aspx?src=CalmView.Persons&id=NA5212,1748,year_only,,1748,1748,1,200,https://catalogues.royalsociety.org/calmview/Record.aspx?src=CalmView.Persons&id=NA5212,
RS_PAST_NA5216,NA5216,Isaac,1772,https://catalogues.royalsociety.org/calmview/Record.aspx?src=CalmView.Persons&id=NA5216,1735 or 1736,nonstandard_or_ambiguous,,,1735,,200,https://catalogues.royalsociety.org/calmview/Record.aspx?src=CalmView.Persons&id=NA5216,
RS_PAST_NA5217,NA5217,Francis,1820,https://catalogues.royalsociety.org/calmview/Record.aspx?src=CalmView.Persons&id=NA5217,,missing,,,,,200,https://catalogues.royalsociety.org/calmview/Record.aspx?src=CalmView.Persons&id=NA5217,
RS_PAST_NA5219,NA5219,Jean Rodolphe,1708,https://catalogues.royalsociety.org/calmview/Record.aspx?src=CalmView.Persons&id=NA5219,,missing,,,,,200,https://catalogues.royalsociety.org/calmview/Record.aspx?src=CalmView.Persons&id=NA5219,
RS_PAST_NA522,NA522,John,1706,https://catalogues.royalsociety.org/calmview/Record.aspx?src=CalmView.Persons&id=NA522,After July 1667,nonstandard_or_ambiguous,,,,,200,https://catalogues.royalsociety.org/calmview/Record.aspx?src=CalmView.Persons&id=NA522,
RS_PAST_NA5222,NA5222,Henry Colepeper,1727,https://catalogues.royalsociety.org/calmview/Record.aspx?src=CalmView.Persons&id=NA5222,c. 1697,circa_year,,1697,1697,1,200,https://catalogues.royalsociety.org/calmview/Record.aspx?src=CalmView.Persons&id=NA5222,
RS_PAST_NA5224,NA5224,John,1756,https://catalogues.royalsociety.org/calmview/Record.aspx?src=CalmView.Persons&id=NA5224,c. 1696,circa_year,,1696,1696,1,200,https://catalogues.royalsociety.org/calmview/Record.aspx?src=CalmView.Persons&id=NA5224,
RS_PAST_NA5225,NA5225,Samuel,1749,https://catalogues.royalsociety.org/calmview/Record.aspx?src=CalmView.Persons&id=NA5225,,missing,,,,,200,https://catalogues.royalsociety.org/calmview/Record.aspx?src=CalmView.Persons&id=NA5225,
RS_PAST_NA5226,NA5226,Peter,1663,https://catalogues.royalsociety.org/calmview/Record.aspx?src=CalmView.Persons&id=NA5226,c. October 1630,nonstandard_or_ambiguous,,,,,200,https://catalogues.royalsociety.org/calmview/Record.aspx?src=CalmView.Persons&id=NA5226,
RS_PAST_NA5228,NA5228,Benjamin,1668,https://catalogues.royalsociety.org/calmview/Record.aspx?src=CalmView.Persons&id=NA5228,April 1638,nonstandard_or_ambiguous,,,1638,,200,https://catalogues.royalsociety.org/calmview/Record.aspx?src=CalmView.Persons&id=NA5228,
RS_PAST_NA523,NA523,Benjamin von,1684,https://catalogues.royalsociety.org/calmview/Record.aspx?src=CalmView.Persons&id=NA523,,missing,,,,,200,https://catalogues.royalsociety.org/calmview/Record.aspx?src=CalmView.Persons&id=NA523,
RS_PAST_NA5230,NA5230,George,1801,https://catalogues.royalsociety.org/calmview/Record.aspx?src=CalmView.Persons&id=NA5230,,missing,,,1754,,200,https://catalogues.royalsociety.org/calmview/Record.aspx?src=CalmView.Persons&id=NA5230,
RS_PAST_NA5232,NA5232,Leopold I,1816,https://catalogues.royalsociety.org/calmview/Record.aspx?src=CalmView.Persons&id=NA5232,14 or 18 December 1790,nonstandard_or_ambiguous,,,1790,,200,https://catalogues.royalsociety.org/calmview/Record.aspx?src=CalmView.Persons&id=NA5232,
RS_PAST_NA5233,NA5233,Westby,1740,https://catalogues.royalsociety.org/calmview/Record.aspx?src=CalmView.Persons&id=NA5233,1679,year_only,,1679,1679,1,200,https://catalogues.royalsociety.org/calmview/Record.aspx?src=CalmView.Persons&id=NA5233,
RS_PAST_NA524,NA524,Robert,1727,https://catalogues.royalsociety.org/calmview/Record.aspx?src=CalmView.Persons&id=NA524,c. 1696,circa_year,,1696,1696,1,200,https://catalogues.royalsociety.org/calmview/Record.aspx?src=CalmView.Persons&id=NA524,
RS_PAST_NA5241,NA5241,Johann Borkman,1667,https://catalogues.royalsociety.org/calmview/Record.aspx?src=CalmView.Persons&id=NA5241,Before 7 February 1625,nonstandard_or_ambiguous,,,1625,,200,https://catalogues.royalsociety.org/calmview/Record.aspx?src=CalmView.Persons&id=NA5241,
RS_PAST_NA5242,NA5242,William,1678,https://catalogues.royalsociety.org/calmview/Record.aspx?src=CalmView.Persons&id=NA5242,c 1650,circa_year,,1650,1650,1,200,https://catalogues.royalsociety.org/calmview/Record.aspx?src=CalmView.Persons&id=NA5242,
RS_PAST_NA5245,NA5245,John,1816,https://catalogues.royalsociety.org/calmview/Record.aspx?src=CalmView.Persons&id=NA5245,,missing,,,,,200,https://catalogues.royalsociety.org/calmview/Record.aspx?src=CalmView.Persons&id=NA5245,
RS_PAST_NA5246,NA5246,Jean Paul de Gua de,1743,https://catalogues.royalsociety.org/calmview/Record.aspx?src=CalmView.Persons&id=NA5246,c. 1714,circa_year,,1714,1714,1,200,https://catalogues.royalsociety.org/calmview/Record.aspx?src=CalmView.Persons&id=NA5246,
RS_PAST_NA525,NA525,George,1843,https://catalogues.royalsociety.org/calmview/Record.aspx?src=CalmView.Persons&id=NA525,1794,year_only,,1794,1794,1,200,https://catalogues.royalsociety.org/calmview/Record.aspx?src=CalmView.Persons&id=NA525,
RS_PAST_NA5250,NA5250,Andrew,1704,https://catalogues.royalsociety.org/calmview/Record.aspx?src=CalmView.Persons&id=NA5250,1673,year_only,,1673,1673,1,200,https://catalogues.royalsociety.org/calmview/Record.aspx?src=CalmView.Persons&id=NA5250,
RS_PAST_NA5251,NA5251,Walter,1682,https://catalogues.royalsociety.org/calmview/Record.aspx?src=CalmView.Persons&id=NA5251,1654,year_only,,1654,1654,1,200,https://catalogues.royalsociety.org/calmview/Record.aspx?src=CalmView.Persons&id=NA5251,
RS_PAST_NA5252,NA5252,William,1745,https://catalogues.royalsociety.org/calmview/Record.aspx?src=CalmView.Persons&id=NA5252,,missing,,,,,200,https://catalogues.royalsociety.org/calmview/Record.aspx?src=CalmView.Persons&id=NA5252,
RS_PAST_NA5253,NA5253,Frank,1728,https://catalogues.royalsociety.org/calmview/Record.aspx?src=CalmView.Persons&id=NA5253,1699,year_only,,1699,1699,1,200,https://catalogues.royalsociety.org/calmview/Record.aspx?src=CalmView.Persons&id=NA5253,
RS_PAST_NA5259,NA5259,Thomas,1740,https://catalogues.royalsociety.org/calmview/Record.aspx?src=CalmView.Persons&id=NA5259,,missing,,,,,200,https://catalogues.royalsociety.org/calmview/Record.aspx?src=CalmView.Persons&id=NA5259,
RS_PAST_NA5261,NA5261,Henry,1765,https://catalogues.royalsociety.org/calmview/Record.aspx?src=CalmView.Persons&id=NA5261,1716,year_only,,1716,1716,1,200,https://catalogues.royalsociety.org/calmview/Record.aspx?src=CalmView.Persons&id=NA5261,
RS_PAST_NA5266,NA5266,John Peter,1739,https://catalogues.royalsociety.org/calmview/Record.aspx?src=CalmView.Persons&id=NA5266,,missing,,,,,200,https://catalogues.royalsociety.org/calmview/Record.aspx?src=CalmView.Persons&id=NA5266,
RS_PAST_NA5267,NA5267,Richard,1750,https://catalogues.royalsociety.org/calmview/Record.aspx?src=CalmView.Persons&id=NA5267,,missing,,,,,200,https://catalogues.royalsociety.org/calmview/Record.aspx?src=CalmView.Persons&id=NA5267,
RS_PAST_NA5270,NA5270,Conde de,1732,https://catalogues.royalsociety.org/calmview/Record.aspx?src=CalmView.Persons&id=NA5270,,missing,,,,,200,https://catalogues.royalsociety.org/calmview/Record.aspx?src=CalmView.Persons&id=NA5270,
RS_PAST_NA5274,NA5274,Robert,1789,https://catalogues.royalsociety.org/calmview/Record.aspx?src=CalmView.Persons&id=NA5274,,missing,,,,,200,https://catalogues.royalsociety.org/calmview/Record.aspx?src=CalmView.Persons&id=NA5274,
RS_PAST_NA528,NA528,Topham,1770,https://catalogues.royalsociety.org/calmview/Record.aspx?src=CalmView.Persons&id=NA528,,missing,,,1739,,200,https://catalogues.royalsociety.org/calmview/Record.aspx?src=CalmView.Persons&id=NA528,
RS_PAST_NA5282,NA5282,Ralph,1723,https://catalogues.royalsociety.org/calmview/Record.aspx?src=CalmView.Persons&id=NA5282,,missing,,,,,200,https://catalogues.royalsociety.org/calmview/Record.aspx?src=CalmView.Persons&id=NA5282,
RS_PAST_NA5283,NA5283,Robert,1724,https://catalogues.royalsociety.org/calmview/Record.aspx?src=CalmView.Persons&id=NA5283,1700,year_only,,1700,1700,1,200,https://catalogues.royalsociety.org/calmview/Record.aspx?src=CalmView.Persons&id=NA5283,
RS_PAST_NA5284,NA5284,Allan,1767,https://catalogues.royalsociety.org/calmview/Record.aspx?src=CalmView.Persons&id=NA5284,,missing,,,,,200,https://catalogues.royalsociety.org/calmview/Record.aspx?src=CalmView.Persons&id=NA5284,
RS_PAST_NA5285,NA5285,Matthew,1764,https://catalogues.royalsociety.org/calmview/Record.aspx?src=CalmView.Persons&id=NA5285,January 1717,nonstandard_or_ambiguous,,,1717,,200,https://catalogues.royalsociety.org/calmview/Record.aspx?src=CalmView.Persons&id=NA5285,
RS_PAST_NA5286,NA5286,Samuel,1728,https://catalogues.royalsociety.org/calmview/Record.aspx?src=CalmView.Persons&id=NA5286,,missing,,,,,200,https://catalogues.royalsociety.org/calmview/Record.aspx?src=CalmView.Persons&id=NA5286,
RS_PAST_NA5287,NA5287,John,1791,https://catalogues.royalsociety.org/calmview/Record.aspx?src=CalmView.Persons&id=NA5287,c. 1740,circa_year,,1740,1740,1,200,https://catalogues.royalsociety.org/calmview/Record.aspx?src=CalmView.Persons&id=NA5287,
RS_PAST_NA5288,NA5288,Michael,1764,https://catalogues.royalsociety.org/calmview/Record.aspx?src=CalmView.Persons&id=NA5288,,missing,,,,,200,https://catalogues.royalsociety.org/calmview/Record.aspx?src=CalmView.Persons&id=NA5288,
RS_PAST_NA5289,NA5289,Alexander Copland,1828,https://catalogues.royalsociety.org/calmview/Record.aspx?src=CalmView.Persons&id=NA5289,,missing,,,,,200,https://catalogues.royalsociety.org/calmview/Record.aspx?src=CalmView.Persons&id=NA5289,
RS_PAST_NA5290,NA5290,Edward,1808,https://catalogues.royalsociety.org/calmview/Record.aspx?src=CalmView.Persons&id=NA5290,,missing,,,,,200,https://catalogues.royalsociety.org/calmview/Record.aspx?src=CalmView.Persons&id=NA5290,
RS_PAST_NA5292,NA5292,Francis,1743,https://catalogues.royalsociety.org/calmview/Record.aspx?src=CalmView.Persons&id=NA5292,,missing,,,,,200,https://catalogues.royalsociety.org/calmview/Record.aspx?src=CalmView.Persons&id=NA5292,
RS_PAST_NA5293,NA5293,Edward,1682,https://catalogues.royalsociety.org/calmview/Record.aspx?src=CalmView.Persons&id=NA5293,c 1652,circa_year,,1652,,,200,https://catalogues.royalsociety.org/calmview/Record.aspx?src=CalmView.Persons&id=NA5293,
RS_PAST_NA5294,NA5294,George,1810,https://catalogues.royalsociety.org/calmview/Record.aspx?src=CalmView.Persons&id=NA5294,,missing,,,,,200,https://catalogues.royalsociety.org/calmview/Record.aspx?src=CalmView.Persons&id=NA5294,
RS_PAST_NA5295,NA5295,Hugh,1823,https://catalogues.royalsociety.org/calmview/Record.aspx?src=CalmView.Persons&id=NA5295,17 or 20 April 1785,nonstandard_or_ambiguous,,,1785,,200,https://catalogues.royalsociety.org/calmview/Record.aspx?src=CalmView.Persons&id=NA5295,
RS_PAST_NA5297,NA5297,Isaac,1797,https://catalogues.royalsociety.org/calmview/Record.aspx?src=CalmView.Persons&id=NA5297,1740 or 1744,nonstandard_or_ambiguous,,,1740,,200,https://catalogues.royalsociety.org/calmview/Record.aspx?src=CalmView.Persons&id=NA5297,
RS_PAST_NA5298,NA5298,Barrington Pope,1815,https://catalogues.royalsociety.org/calmview/Record.aspx?src=CalmView.Persons&id=NA5298,,missing,,,,,200,https://catalogues.royalsociety.org/calmview/Record.aspx?src=CalmView.Persons&id=NA5298,
RS_PAST_NA5299,NA5299,Jean Patrice Piers de,1732,https://catalogues.royalsociety.org/calmview/Record.aspx?src=CalmView.Persons&id=NA5299,,missing,,,,,200,https://catalogues.royalsociety.org/calmview/Record.aspx?src=CalmView.Persons&id=NA5299,
RS_PAST_NA5302,NA5302,William,1730,https://catalogues.royalsociety.org/calmview/Record.aspx?src=CalmView.Persons&id=NA5302,,missing,,,1699,,200,https://catalogues.royalsociety.org/calmview/Record.aspx?src=CalmView.Persons&id=NA5302,
RS_PAST_NA5306,NA5306,Richard,1780,https://catalogues.royalsociety.org/calmview/Record.aspx?src=CalmView.Persons&id=NA5306,1733,year_only,,1733,1733,1,200,https://catalogues.royalsociety.org/calmview/Record.aspx?src=CalmView.Persons&id=NA5306,
RS_PAST_NA531,NA531,Robert,1740,https://catalogues.royalsociety.org/calmview/Record.aspx?src=CalmView.Persons&id=NA531,c. 1717,circa_year,,1717,1717,1,200,https://catalogues.royalsociety.org/calmview/Record.aspx?src=CalmView.Persons&id=NA531,
RS_PAST_NA5312,NA5312,Colin,1730,https://catalogues.royalsociety.org/calmview/Record.aspx?src=CalmView.Persons&id=NA5312,,missing,,,,,200,https://catalogues.royalsociety.org/calmview/Record.aspx?src=CalmView.Persons&id=NA5312,
RS_PAST_NA5314,NA5314,William,1817,https://catalogues.royalsociety.org/calmview/Record.aspx?src=CalmView.Persons&id=NA5314,1784,year_only,,1784,1784,1,200,https://catalogues.royalsociety.org/calmview/Record.aspx?src=CalmView.Persons&id=NA5314,
RS_PAST_NA5320,NA5320,John,1734,https://catalogues.royalsociety.org/calmview/Record.aspx?src=CalmView.Persons&id=NA5320,,missing,,,,,200,https://catalogues.royalsociety.org/calmview/Record.aspx?src=CalmView.Persons&id=NA5320,
RS_PAST_NA5322,NA5322,Abraham D',1791,https://catalogues.royalsociety.org/calmview/Record.aspx?src=CalmView.Persons&id=NA5322,,missing,,,,,200,https://catalogues.royalsociety.org/calmview/Record.aspx?src=CalmView.Persons&id=NA5322,
RS_PAST_NA5326,NA5326,Henry Jerome de,1770,https://catalogues.royalsociety.org/calmview/Record.aspx?src=CalmView.Persons&id=NA5326,1740,year_only,,1740,1740,1,200,https://catalogues.royalsociety.org/calmview/Record.aspx?src=CalmView.Persons&id=NA5326,
RS_PAST_NA5331,NA5331,Samuel,1812,https://catalogues.royalsociety.org/calmview/Record.aspx?src=CalmView.Persons&id=NA5331,,missing,,,,,200,https://catalogues.royalsociety.org/calmview/Record.aspx?src=CalmView.Persons&id=NA5331,
RS_PAST_NA5332,NA5332,Nathaniel,1683,https://catalogues.royalsociety.org/calmview/Record.aspx?src=CalmView.Persons&id=NA5332,,missing,,,,,200,https://catalogues.royalsociety.org/calmview/Record.aspx?src=CalmView.Persons&id=NA5332,
RS_PAST_NA5333,NA5333,John,1819,https://catalogues.royalsociety.org/calmview/Record.aspx?src=CalmView.Persons&id=NA5333,,missing,,,,,200,https://catalogues.royalsociety.org/calmview/Record.aspx?src=CalmView.Persons&id=NA5333,
RS_PAST_NA5335,NA5335,Thomas Le,1741,https://catalogues.royalsociety.org/calmview/Record.aspx?src=CalmView.Persons&id=NA5335,,missing,,,,,200,https://catalogues.royalsociety.org/calmview/Record.aspx?src=CalmView.Persons&id=NA5335,
RS_PAST_NA5338,NA5338,António,1725,https://catalogues.royalsociety.org/calmview/Record.aspx?src=CalmView.Persons&id=NA5338,,missing,,,,,200,https://catalogues.royalsociety.org/calmview/Record.aspx?src=CalmView.Persons&id=NA5338,
RS_PAST_NA5339,NA5339,Isaac de Sequeira,1723,https://catalogues.royalsociety.org/calmview/Record.aspx?src=CalmView.Persons&id=NA5339,c 1681,circa_year,,1681,1681,1,200,https://catalogues.royalsociety.org/calmview/Record.aspx?src=CalmView.Persons&id=NA5339,
RS_PAST_NA5340,NA5340,William,1744,https://catalogues.royalsociety.org/calmview/Record.aspx?src=CalmView.Persons&id=NA5340,,missing,,,,,200,https://catalogues.royalsociety.org/calmview/Record.aspx?src=CalmView.Persons&id=NA5340,
RS_PAST_NA5341,NA5341,Richard,1676,https://catalogues.royalsociety.org/calmview/Record.aspx?src=CalmView.Persons&id=NA5341,c. February 1640,nonstandard_or_ambiguous,,,1640,,200,https://catalogues.royalsociety.org/calmview/Record.aspx?src=CalmView.Persons&id=NA5341,
RS_PAST_NA5343,NA5343,Matthias,1738,https://catalogues.royalsociety.org/calmview/Record.aspx?src=CalmView.Persons&id=NA5343,1684,year_only,,1684,1684,1,200,https://catalogues.royalsociety.org/calmview/Record.aspx?src=CalmView.Persons&id=NA5343,
RS_PAST_NA5344,NA5344,John,1820,https://catalogues.royalsociety.org/calmview/Record.aspx?src=CalmView.Persons&id=NA5344,c. 1769,circa_year,,1769,1769,1,200,https://catalogues.royalsociety.org/calmview/Record.aspx?src=CalmView.Persons&id=NA5344,
RS_PAST_NA5345,NA5345,Thomas,1794,https://catalogues.royalsociety.org/calmview/Record.aspx?src=CalmView.Persons&id=NA5345,1745,year_only,,1745,1745,1,200,https://catalogues.royalsociety.org/calmview/Record.aspx?src=CalmView.Persons&id=NA5345,
RS_PAST_NA5347,NA5347,Francis Haskins,1743,https://catalogues.royalsociety.org/calmview/Record.aspx?src=CalmView.Persons&id=NA5347,,missing,,,,,200,https://catalogues.royalsociety.org/calmview/Record.aspx?src=CalmView.Persons&id=NA5347,
RS_PAST_NA5350,NA5350,Matthew,1752,https://catalogues.royalsociety.org/calmview/Record.aspx?src=CalmView.Persons&id=NA5350,1715,year_only,,1715,1715,1,200,https://catalogues.royalsociety.org/calmview/Record.aspx?src=CalmView.Persons&id=NA5350,
RS_PAST_NA5351,NA5351,James,1862,https://catalogues.royalsociety.org/calmview/Record.aspx?src=CalmView.Persons&id=NA5351,16 August or 16 December 1821,nonstandard_or_ambiguous,,,1821,,200,https://catalogues.royalsociety.org/calmview/Record.aspx?src=CalmView.Persons&id=NA5351,
RS_PAST_NA5352,NA5352,Charles,1683,https://catalogues.royalsociety.org/calmview/Record.aspx?src=CalmView.Persons&id=NA5352,c 1630,circa_year,,1630,1630,1,200,https://catalogues.royalsociety.org/calmview/Record.aspx?src=CalmView.Persons&id=NA5352,
RS_PAST_NA5353,NA5353,Petrus,1738,https://catalogues.royalsociety.org/calmview/Record.aspx?src=CalmView.Persons&id=NA5353,,missing,,,1704,,200,https://catalogues.royalsociety.org/calmview/Record.aspx?src=CalmView.Persons&id=NA5353,
RS_PAST_NA5354,NA5354,Robert,1728,https://catalogues.royalsociety.org/calmview/Record.aspx?src=CalmView.Persons&id=NA5354,,missing,,,,,200,https://catalogues.royalsociety.org/calmview/Record.aspx?src=CalmView.Persons&id=NA5354,
RS_PAST_NA5355,NA5355,Jonathan,1789,https://catalogues.royalsociety.org/calmview/Record.aspx?src=CalmView.Persons&id=NA5355,1736,year_only,,1736,1736,1,200,https://catalogues.royalsociety.org/calmview/Record.aspx?src=CalmView.Persons&id=NA5355,
RS_PAST_NA5357,NA5357,Granville,1728,https://catalogues.royalsociety.org/calmview/Record.aspx?src=CalmView.Persons&id=NA5357,August 1701,nonstandard_or_ambiguous,,,1701,,200,https://catalogues.royalsociety.org/calmview/Record.aspx?src=CalmView.Persons&id=NA5357,
RS_PAST_NA536,NA536,William,1846,https://catalogues.royalsociety.org/calmview/Record.aspx?src=CalmView.Persons&id=NA536,1802,year_only,,1802,1802,1,200,https://catalogues.royalsociety.org/calmview/Record.aspx?src=CalmView.Persons&id=NA536,
RS_PAST_NA5361,NA5361,George,1719,https://catalogues.royalsociety.org/calmview/Record.aspx?src=CalmView.Persons&id=NA5361,,missing,,,,,200,https://catalogues.royalsociety.org/calmview/Record.aspx?src=CalmView.Persons&id=NA5361,
RS_PAST_NA5364,NA5364,John van,1739,https://catalogues.royalsociety.org/calmview/Record.aspx?src=CalmView.Persons&id=NA5364,,missing,,,,,200,https://catalogues.royalsociety.org/calmview/Record.aspx?src=CalmView.Persons&id=NA5364,
RS_PAST_NA5366,NA5366,James Lyon,1732,https://catalogues.royalsociety.org/calmview/Record.aspx?src=CalmView.Persons&id=NA5366,,missing,,,1702,,200,https://catalogues.royalsociety.org/calmview/Record.aspx?src=CalmView.Persons&id=NA5366,
RS_PAST_NA5367,NA5367,William,1808,https://catalogues.royalsociety.org/calmview/Record.aspx?src=CalmView.Persons&id=NA5367,c. 1759,circa_year,,1759,1759,1,200,https://catalogues.royalsociety.org/calmview/Record.aspx?src=CalmView.Persons&id=NA5367,
RS_PAST_NA5375,NA5375,Thomas,1811,https://catalogues.royalsociety.org/calmview/Record.aspx?src=CalmView.Persons&id=NA5375,1778,year_only,,1778,1778,1,200,https://catalogues.royalsociety.org/calmview/Record.aspx?src=CalmView.Persons&id=NA5375,
RS_PAST_NA5377,NA5377,John,1821,https://catalogues.royalsociety.org/calmview/Record.aspx?src=CalmView.Persons&id=NA5377,c. 1763,circa_year,,1763,1763,1,200,https://catalogues.royalsociety.org/calmview/Record.aspx?src=CalmView.Persons&id=NA5377,
RS_PAST_NA5378,NA5378,John,1764,https://catalogues.royalsociety.org/calmview/Record.aspx?src=CalmView.Persons&id=NA5378,,missing,,,1732,,200,https://catalogues.royalsociety.org/calmview/Record.aspx?src=CalmView.Persons&id=NA5378,
RS_PAST_NA5389,NA5389,Roger,1782,https://catalogues.royalsociety.org/calmview/Record.aspx?src=CalmView.Persons&id=NA5389,c. 1744,circa_year,,1744,1744,1,200,https://catalogues.royalsociety.org/calmview/Record.aspx?src=CalmView.Persons&id=NA5389,
RS_PAST_NA539,NA539,James,1725,https://catalogues.royalsociety.org/calmview/Record.aspx?src=CalmView.Persons&id=NA539,1688,year_only,,1688,1688,1,200,https://catalogues.royalsociety.org/calmview/Record.aspx?src=CalmView.Persons&id=NA539,
RS_PAST_NA5391,NA5391,Thomas Hyde,1783,https://catalogues.royalsociety.org/calmview/Record.aspx?src=CalmView.Persons&id=NA5391,1746,year_only,,1746,1746,1,200,https://catalogues.royalsociety.org/calmview/Record.aspx?src=CalmView.Persons&id=NA5391,
RS_PAST_NA5395,NA5395,Wilhelmus,1743,https://catalogues.royalsociety.org/calmview/Record.aspx?src=CalmView.Persons&id=NA5395,1720,year_only,,1720,1720,1,200,https://catalogues.royalsociety.org/calmview/Record.aspx?src=CalmView.Persons&id=NA5395,
RS_PAST_NA540,NA540,Alexander,1711,https://catalogues.royalsociety.org/calmview/Record.aspx?src=CalmView.Persons&id=NA540,,missing,,,,,200,https://catalogues.royalsociety.org/calmview/Record.aspx?src=CalmView.Persons&id=NA540,
RS_PAST_NA5401,NA5401,William,1742,https://catalogues.royalsociety.org/calmview/Record.aspx?src=CalmView.Persons&id=NA5401,1704,year_only,,1704,1704,1,200,https://catalogues.royalsociety.org/calmview/Record.aspx?src=CalmView.Persons&id=NA5401,
RS_PAST_NA5403,NA5403,Thomas,1684,https://catalogues.royalsociety.org/calmview/Record.aspx?src=CalmView.Persons&id=NA5403,c 1625,circa_year,,1625,1625,1,200,https://catalogues.royalsociety.org/calmview/Record.aspx?src=CalmView.Persons&id=NA5403,
RS_PAST_NA5408,NA5408,Richard,1789,https://catalogues.royalsociety.org/calmview/Record.aspx?src=CalmView.Persons&id=NA5408,August 1745,nonstandard_or_ambiguous,,,1745,,200,https://catalogues.royalsociety.org/calmview/Record.aspx?src=CalmView.Persons&id=NA5408,
RS_PAST_NA5410,NA5410,John,1732,https://catalogues.royalsociety.org/calmview/Record.aspx?src=CalmView.Persons&id=NA5410,1706,year_only,,1706,1706,1,200,https://catalogues.royalsociety.org/calmview/Record.aspx?src=CalmView.Persons&id=NA5410,
RS_PAST_NA5412,NA5412,George,1832,https://catalogues.royalsociety.org/calmview/Record.aspx?src=CalmView.Persons&id=NA5412,1778,year_only,,1778,1778,1,200,https://catalogues.royalsociety.org/calmview/Record.aspx?src=CalmView.Persons&id=NA5412,
RS_PAST_NA5413,NA5413,John,1809,https://catalogues.royalsociety.org/calmview/Record.aspx?src=CalmView.Persons&id=NA5413,c. 1748,circa_year,,1748,1748,1,200,https://catalogues.royalsociety.org/calmview/Record.aspx?src=CalmView.Persons&id=NA5413,
RS_PAST_NA5414,NA5414,William,1820,https://catalogues.royalsociety.org/calmview/Record.aspx?src=CalmView.Persons&id=NA5414,c1765,circa_year,,1765,1765,1,200,https://catalogues.royalsociety.org/calmview/Record.aspx?src=CalmView.Persons&id=NA5414,
RS_PAST_NA5417,NA5417,George,1692,https://catalogues.royalsociety.org/calmview/Record.aspx?src=CalmView.Persons&id=NA5417,After 1657,nonstandard_or_ambiguous,,,1657,,200,https://catalogues.royalsociety.org/calmview/Record.aspx?src=CalmView.Persons&id=NA5417,
RS_PAST_NA5418,NA5418,Charles,1797,https://catalogues.royalsociety.org/calmview/Record.aspx?src=CalmView.Persons&id=NA5418,,missing,,,,,200,https://catalogues.royalsociety.org/calmview/Record.aspx?src=CalmView.Persons&id=NA5418,
RS_PAST_NA5425,NA5425,Thomas,1707,https://catalogues.royalsociety.org/calmview/Record.aspx?src=CalmView.Persons&id=NA5425,,missing,,,1658,,200,https://catalogues.royalsociety.org/calmview/Record.aspx?src=CalmView.Persons&id=NA5425,
RS_PAST_NA5427,NA5427,George,1721,https://catalogues.royalsociety.org/calmview/Record.aspx?src=CalmView.Persons&id=NA5427,1678,year_only,,1678,1678,1,200,https://catalogues.royalsociety.org/calmview/Record.aspx?src=CalmView.Persons&id=NA5427,
RS_PAST_NA5428,NA5428,Thomas,1822,https://catalogues.royalsociety.org/calmview/Record.aspx?src=CalmView.Persons&id=NA5428,,missing,,,,,200,https://catalogues.royalsociety.org/calmview/Record.aspx?src=CalmView.Persons&id=NA5428,
RS_PAST_NA5431,NA5431,William,1663,https://catalogues.royalsociety.org/calmview/Record.aspx?src=CalmView.Persons&id=NA5431,c 1618,circa_year,,1618,1618,1,200,https://catalogues.royalsociety.org/calmview/Record.aspx?src=CalmView.Persons&id=NA5431,
RS_PAST_NA5434,NA5434,John,1821,https://catalogues.royalsociety.org/calmview/Record.aspx?src=CalmView.Persons&id=NA5434,1781,year_only,,1781,1781,1,200,https://catalogues.royalsociety.org/calmview/Record.aspx?src=CalmView.Persons&id=NA5434,
RS_PAST_NA5435,NA5435,Henry,1825,https://catalogues.royalsociety.org/calmview/Record.aspx?src=CalmView.Persons&id=NA5435,,missing,,,1783,,200,https://catalogues.royalsociety.org/calmview/Record.aspx?src=CalmView.Persons&id=NA5435,
RS_PAST_NA5441,NA5441,George,1822,https://catalogues.royalsociety.org/calmview/Record.aspx?src=CalmView.Persons&id=NA5441,c. 1777,circa_year,,1777,1777,1,200,https://catalogues.royalsociety.org/calmview/Record.aspx?src=CalmView.Persons&id=NA5441,
RS_PAST_NA5443,NA5443,Thomas,1738,https://catalogues.royalsociety.org/calmview/Record.aspx?src=CalmView.Persons&id=NA5443,,missing,,,,,200,https://catalogues.royalsociety.org/calmview/Record.aspx?src=CalmView.Persons&id=NA5443,
RS_PAST_NA5444,NA5444,Graves Champney,1821,https://catalogues.royalsociety.org/calmview/Record.aspx?src=CalmView.Persons&id=NA5444,1788,year_only,,1788,1788,1,200,https://catalogues.royalsociety.org/calmview/Record.aspx?src=CalmView.Persons&id=NA5444,
RS_PAST_NA5447,NA5447,Richard,1822,https://catalogues.royalsociety.org/calmview/Record.aspx?src=CalmView.Persons&id=NA5447,1778,year_only,,1778,1778,1,200,https://catalogues.royalsociety.org/calmview/Record.aspx?src=CalmView.Persons&id=NA5447,
RS_PAST_NA5448,NA5448,George Henry Kendrick,1865,https://catalogues.royalsociety.org/calmview/Record.aspx?src=CalmView.Persons&id=NA5448,1811,year_only,,1811,1811,1,200,https://catalogues.royalsociety.org/calmview/Record.aspx?src=CalmView.Persons&id=NA5448,
RS_PAST_NA5468,NA5468,William,1807,https://catalogues.royalsociety.org/calmview/Record.aspx?src=CalmView.Persons&id=NA5468,c. 1774,circa_year,,1774,1774,1,200,https://catalogues.royalsociety.org/calmview/Record.aspx?src=CalmView.Persons&id=NA5468,
RS_PAST_NA547,NA547,Thomas,1726,https://catalogues.royalsociety.org/calmview/Record.aspx?src=CalmView.Persons&id=NA547,,missing,,,1703,,200,https://catalogues.royalsociety.org/calmview/Record.aspx?src=CalmView.Persons&id=NA547,
RS_PAST_NA5470,NA5470,Herbert,1828,https://catalogues.royalsociety.org/calmview/Record.aspx?src=CalmView.Persons&id=NA5470,03 April or 03 May 1796,nonstandard_or_ambiguous,,,1796,,200,https://catalogues.royalsociety.org/calmview/Record.aspx?src=CalmView.Persons&id=NA5470,
RS_PAST_NA5472,NA5472,George,1825,https://catalogues.royalsociety.org/calmview/Record.aspx?src=CalmView.Persons&id=NA5472,,missing,,,,,200,https://catalogues.royalsociety.org/calmview/Record.aspx?src=CalmView.Persons&id=NA5472,
RS_PAST_NA5473,NA5473,Richard Myddleton,1712,https://catalogues.royalsociety.org/calmview/Record.aspx?src=CalmView.Persons&id=NA5473,,missing,,,1678,,200,https://catalogues.royalsociety.org/calmview/Record.aspx?src=CalmView.Persons&id=NA5473,
RS_PAST_NA5475,NA5475,Charles,1824,https://catalogues.royalsociety.org/calmview/Record.aspx?src=CalmView.Persons&id=NA5475,1779,year_only,,1779,1779,1,200,https://catalogues.royalsociety.org/calmview/Record.aspx?src=CalmView.Persons&id=NA5475,
RS_PAST_NA5482,NA5482,Theodor,1678,https://catalogues.royalsociety.org/calmview/Record.aspx?src=CalmView.Persons&id=NA5482,1640,year_only,,1640,1640,1,200,https://catalogues.royalsociety.org/calmview/Record.aspx?src=CalmView.Persons&id=NA5482,
RS_PAST_NA5486,NA5486,William Venables Vernon,1824,https://catalogues.royalsociety.org/calmview/Record.aspx?src=CalmView.Persons&id=NA5486,June 1789,nonstandard_or_ambiguous,,,1789,,200,https://catalogues.royalsociety.org/calmview/Record.aspx?src=CalmView.Persons&id=NA5486,
RS_PAST_NA5491,NA5491,John,1806,https://catalogues.royalsociety.org/calmview/Record.aspx?src=CalmView.Persons&id=NA5491,,missing,,,1740,,200,https://catalogues.royalsociety.org/calmview/Record.aspx?src=CalmView.Persons&id=NA5491,
RS_PAST_NA5493,NA5493,Charles James,1831,https://catalogues.royalsociety.org/calmview/Record.aspx?src=CalmView.Persons&id=NA5493,August 1788,nonstandard_or_ambiguous,,,1788,,200,https://catalogues.royalsociety.org/calmview/Record.aspx?src=CalmView.Persons&id=NA5493,
RS_PAST_NA5495,NA5495,John,1732,https://catalogues.royalsociety.org/calmview/Record.aspx?src=CalmView.Persons&id=NA5495,c. 1686,circa_year,,1686,1686,1,200,https://catalogues.royalsociety.org/calmview/Record.aspx?src=CalmView.Persons&id=NA5495,
RS_PAST_NA5496,NA5496,George,1741,https://catalogues.royalsociety.org/calmview/Record.aspx?src=CalmView.Persons&id=NA5496,1662,year_only,,1662,1662,1,200,https://catalogues.royalsociety.org/calmview/Record.aspx?src=CalmView.Persons&id=NA5496,
RS_PAST_NA5497,NA5497,Robert,1744,https://catalogues.royalsociety.org/calmview/Record.aspx?src=CalmView.Persons&id=NA5497,1695,year_only,,1695,1695,1,200,https://catalogues.royalsociety.org/calmview/Record.aspx?src=CalmView.Persons&id=NA5497,
RS_PAST_NA5498,NA5498,James,1749,https://catalogues.royalsociety.org/calmview/Record.aspx?src=CalmView.Persons&id=NA5498,1710,year_only,,1710,1710,1,200,https://catalogues.royalsociety.org/calmview/Record.aspx?src=CalmView.Persons&id=NA5498,
RS_PAST_NA551,NA551,Edward,1770,https://catalogues.royalsociety.org/calmview/Record.aspx?src=CalmView.Persons&id=NA551,,missing,,,,,200,https://catalogues.royalsociety.org/calmview/Record.aspx?src=CalmView.Persons&id=NA551,
RS_PAST_NA5511,NA5511,Richard,1665,https://catalogues.royalsociety.org/calmview/Record.aspx?src=CalmView.Persons&id=NA5511,c 1596,other,,,,,200,https://catalogues.royalsociety.org/calmview/Record.aspx?src=CalmView.Persons&id=NA5511,
RS_PAST_NA5512,NA5512,Charles,1824,https://catalogues.royalsociety.org/calmview/Record.aspx?src=CalmView.Persons&id=NA5512,1770,year_only,,1770,1770,1,200,https://catalogues.royalsociety.org/calmview/Record.aspx?src=CalmView.Persons&id=NA5512,
RS_PAST_NA5514,NA5514,James,1825,https://catalogues.royalsociety.org/calmview/Record.aspx?src=CalmView.Persons&id=NA5514,1786,year_only,,1786,1786,1,200,https://catalogues.royalsociety.org/calmview/Record.aspx?src=CalmView.Persons&id=NA5514,
RS_PAST_NA5516,NA5516,Henry,1779,https://catalogues.royalsociety.org/calmview/Record.aspx?src=CalmView.Persons&id=NA5516,c. 1715,circa_year,,1715,1715,1,200,https://catalogues.royalsociety.org/calmview/Record.aspx?src=CalmView.Persons&id=NA5516,
RS_PAST_NA5519,NA5519,Robert,1780,https://catalogues.royalsociety.org/calmview/Record.aspx?src=CalmView.Persons&id=NA5519,c. 1708,circa_year,,1708,1708,1,200,https://catalogues.royalsociety.org/calmview/Record.aspx?src=CalmView.Persons&id=NA5519,
RS_PAST_NA5520,NA5520,John,1797,https://catalogues.royalsociety.org/calmview/Record.aspx?src=CalmView.Persons&id=NA5520,,missing,,,,,200,https://catalogues.royalsociety.org/calmview/Record.aspx?src=CalmView.Persons&id=NA5520,
RS_PAST_NA5521,NA5521,Richard,1801,https://catalogues.royalsociety.org/calmview/Record.aspx?src=CalmView.Persons&id=NA5521,c 1774,circa_year,,1774,1774,1,200,https://catalogues.royalsociety.org/calmview/Record.aspx?src=CalmView.Persons&id=NA5521,
RS_PAST_NA5522,NA5522,Bewick,1812,https://catalogues.royalsociety.org/calmview/Record.aspx?src=CalmView.Persons&id=NA5522,1767,year_only,,1767,1767,1,200,https://catalogues.royalsociety.org/calmview/Record.aspx?src=CalmView.Persons&id=NA5522,
RS_PAST_NA5531,NA5531,Peter,1668,https://catalogues.royalsociety.org/calmview/Record.aspx?src=CalmView.Persons&id=NA5531,,missing,,,,,200,https://catalogues.royalsociety.org/calmview/Record.aspx?src=CalmView.Persons&id=NA5531,
RS_PAST_NA5534,NA5534,William,1837,https://catalogues.royalsociety.org/calmview/Record.aspx?src=CalmView.Persons&id=NA5534,,missing,,,,,200,https://catalogues.royalsociety.org/calmview/Record.aspx?src=CalmView.Persons&id=NA5534,
RS_PAST_NA5544,NA5544,George West,1873,https://catalogues.royalsociety.org/calmview/Record.aspx?src=CalmView.Persons&id=NA5544,01 May 1817 or 1819,nonstandard_or_ambiguous,,,,,200,https://catalogues.royalsociety.org/calmview/Record.aspx?src=CalmView.Persons&id=NA5544,
RS_PAST_NA5546,NA5546,John,1849,https://catalogues.royalsociety.org/calmview/Record.aspx?src=CalmView.Persons&id=NA5546,1803,year_only,,1803,1803,1,200,https://catalogues.royalsociety.org/calmview/Record.aspx?src=CalmView.Persons&id=NA5546,
RS_PAST_NA5552,NA5552,Edward Hamilton,1838,https://catalogues.royalsociety.org/calmview/Record.aspx?src=CalmView.Persons&id=NA5552,,missing,,,,,200,https://catalogues.royalsociety.org/calmview/Record.aspx?src=CalmView.Persons&id=NA5552,
RS_PAST_NA5554,NA5554,Benjamin D',1825,https://catalogues.royalsociety.org/calmview/Record.aspx?src=CalmView.Persons&id=NA5554,1777,year_only,,1777,1777,1,200,https://catalogues.royalsociety.org/calmview/Record.aspx?src=CalmView.Persons&id=NA5554,
RS_PAST_NA5555,NA5555,George Lewis Newnham,1819,https://catalogues.royalsociety.org/calmview/Record.aspx?src=CalmView.Persons&id=NA5555,c. 1782,circa_year,,1782,1782,1,200,https://catalogues.royalsociety.org/calmview/Record.aspx?src=CalmView.Persons&id=NA5555,
RS_PAST_NA5556,NA5556,William Francis,1815,https://catalogues.royalsociety.org/calmview/Record.aspx?src=CalmView.Persons&id=NA5556,1792,year_only,,1792,1792,1,200,https://catalogues.royalsociety.org/calmview/Record.aspx?src=CalmView.Persons&id=NA5556,
RS_PAST_NA5557,NA5557,Edward Davies,1839,https://catalogues.royalsociety.org/calmview/Record.aspx?src=CalmView.Persons&id=NA5557,c. 1779,circa_year,,1779,1779,1,200,https://catalogues.royalsociety.org/calmview/Record.aspx?src=CalmView.Persons&id=NA5557,
RS_PAST_NA556,NA556,Pomponio,1696,https://catalogues.royalsociety.org/calmview/Record.aspx?src=CalmView.Persons&id=NA556,,missing,,,,,200,https://catalogues.royalsociety.org/calmview/Record.aspx?src=CalmView.Persons&id=NA556,
RS_PAST_NA5570,NA5570,Thomas,1664,https://catalogues.royalsociety.org/calmview/Record.aspx?src=CalmView.Persons&id=NA5570,c. January 1641,nonstandard_or_ambiguous,,,1641,,200,https://catalogues.royalsociety.org/calmview/Record.aspx?src=CalmView.Persons&id=NA5570,
RS_PAST_NA5571,NA5571,John,1826,https://catalogues.royalsociety.org/calmview/Record.aspx?src=CalmView.Persons&id=NA5571,,missing,,,,,200,https://catalogues.royalsociety.org/calmview/Record.aspx?src=CalmView.Persons&id=NA5571,
RS_PAST_NA5573,NA5573,Nicholas,1826,https://catalogues.royalsociety.org/calmview/Record.aspx?src=CalmView.Persons&id=NA5573,,missing,,,,,200,https://catalogues.royalsociety.org/calmview/Record.aspx?src=CalmView.Persons&id=NA5573,
RS_PAST_NA5574,NA5574,Charles,1827,https://catalogues.royalsociety.org/calmview/Record.aspx?src=CalmView.Persons&id=NA5574,,missing,,,1767,,200,https://catalogues.royalsociety.org/calmview/Record.aspx?src=CalmView.Persons&id=NA5574,
RS_PAST_NA5578,NA5578,Henry,1717,https://catalogues.royalsociety.org/calmview/Record.aspx?src=CalmView.Persons&id=NA5578,c. 1670,circa_year,,1670,1670,1,200,https://catalogues.royalsociety.org/calmview/Record.aspx?src=CalmView.Persons&id=NA5578,
RS_PAST_NA5579,NA5579,Gilbert,1723,https://catalogues.royalsociety.org/calmview/Record.aspx?src=CalmView.Persons&id=NA5579,1690,year_only,,1690,1690,1,200,https://catalogues.royalsociety.org/calmview/Record.aspx?src=CalmView.Persons&id=NA5579,
RS_PAST_NA558,NA558,Antonio Maria,1716,https://catalogues.royalsociety.org/calmview/Record.aspx?src=CalmView.Persons&id=NA558,1653,year_only,,1653,1653,1,200,https://catalogues.royalsociety.org/calmview/Record.aspx?src=CalmView.Persons&id=NA558,
RS_PAST_NA5584,NA5584,William Robert Keith,1826,https://catalogues.royalsociety.org/calmview/Record.aspx?src=CalmView.Persons&id=NA5584,1783,year_only,,1783,1783,1,200,https://catalogues.royalsociety.org/calmview/Record.aspx?src=CalmView.Persons&id=NA5584,
RS_PAST_NA5585,NA5585,John,1769,https://catalogues.royalsociety.org/calmview/Record.aspx?src=CalmView.Persons&id=NA5585,,missing,,,,,200,https://catalogues.royalsociety.org/calmview/Record.aspx?src=CalmView.Persons&id=NA5585,
RS_PAST_NA5586,NA5586,John Philip de,1771,https://catalogues.royalsociety.org/calmview/Record.aspx?src=CalmView.Persons&id=NA5586,1726,year_only,,1726,1726,1,200,https://catalogues.royalsociety.org/calmview/Record.aspx?src=CalmView.Persons&id=NA5586,
RS_PAST_NA5592,NA5592,William Hyde,1826,https://catalogues.royalsociety.org/calmview/Record.aspx?src=CalmView.Persons&id=NA5592,,missing,,,,,200,https://catalogues.royalsociety.org/calmview/Record.aspx?src=CalmView.Persons&id=NA5592,
RS_PAST_NA5595,NA5595,Lewis Andrew de la,1826,https://catalogues.royalsociety.org/calmview/Record.aspx?src=CalmView.Persons&id=NA5595,1763,year_only,,1763,1763,1,200,https://catalogues.royalsociety.org/calmview/Record.aspx?src=CalmView.Persons&id=NA5595,
RS_PAST_NA5596,NA5596,James,1827,https://catalogues.royalsociety.org/calmview/Record.aspx?src=CalmView.Persons&id=NA5596,1769,year_only,,1769,1769,1,200,https://catalogues.royalsociety.org/calmview/Record.aspx?src=CalmView.Persons&id=NA5596,
RS_PAST_NA5598,NA5598,George,1830,https://catalogues.royalsociety.org/calmview/Record.aspx?src=CalmView.Persons&id=NA5598,,missing,,,,,200,https://catalogues.royalsociety.org/calmview/Record.aspx?src=CalmView.Persons&id=NA5598,
RS_PAST_NA560,NA560,Samuel,1720,https://catalogues.royalsociety.org/calmview/Record.aspx?src=CalmView.Persons&id=NA560,,missing,,,,,200,https://catalogues.royalsociety.org/calmview/Record.aspx?src=CalmView.Persons&id=NA560,
RS_PAST_NA5606,NA5606,John,1826,https://catalogues.royalsociety.org/calmview/Record.aspx?src=CalmView.Persons&id=NA5606,c. 1769,circa_year,,1769,1769,1,200,https://catalogues.royalsociety.org/calmview/Record.aspx?src=CalmView.Persons&id=NA5606,
RS_PAST_NA5608,NA5608,Colin,1819,https://catalogues.royalsociety.org/calmview/Record.aspx?src=CalmView.Persons&id=NA5608,c 1753,circa_year,,1753,1753,1,200,https://catalogues.royalsociety.org/calmview/Record.aspx?src=CalmView.Persons&id=NA5608,
RS_PAST_NA561,NA561,Tyringham,1766,https://catalogues.royalsociety.org/calmview/Record.aspx?src=CalmView.Persons&id=NA561,,missing,,,,,200,https://catalogues.royalsociety.org/calmview/Record.aspx?src=CalmView.Persons&id=NA561,
RS_PAST_NA5611,NA5611,William,1828,https://catalogues.royalsociety.org/calmview/Record.aspx?src=CalmView.Persons&id=NA5611,c. 1790,circa_year,,1790,1790,1,200,https://catalogues.royalsociety.org/calmview/Record.aspx?src=CalmView.Persons&id=NA5611,
RS_PAST_NA5615,NA5615,James,1814,https://catalogues.royalsociety.org/calmview/Record.aspx?src=CalmView.Persons&id=NA5615,,missing,,,1785,,200,https://catalogues.royalsociety.org/calmview/Record.aspx?src=CalmView.Persons&id=NA5615,
RS_PAST_NA5616,NA5616,Walter,1663,https://catalogues.royalsociety.org/calmview/Record.aspx?src=CalmView.Persons&id=NA5616,c 1627,circa_year,,1627,1627,1,200,https://catalogues.royalsociety.org/calmview/Record.aspx?src=CalmView.Persons&id=NA5616,
RS_PAST_NA562,NA562,John Caspar,1724,https://catalogues.royalsociety.org/calmview/Record.aspx?src=CalmView.Persons&id=NA562,1702,year_only,,1702,1702,1,200,https://catalogues.royalsociety.org/calmview/Record.aspx?src=CalmView.Persons&id=NA562,
RS_PAST_NA5622,NA5622,Charles,1804,https://catalogues.royalsociety.org/calmview/Record.aspx?src=CalmView.Persons&id=NA5622,c. 1762,circa_year,,1762,1762,1,200,https://catalogues.royalsociety.org/calmview/Record.aspx?src=CalmView.Persons&id=NA5622,
RS_PAST_NA5623,NA5623,Henry,1681,https://catalogues.royalsociety.org/calmview/Record.aspx?src=CalmView.Persons&id=NA5623,,missing,,,,,200,https://catalogues.royalsociety.org/calmview/Record.aspx?src=CalmView.Persons&id=NA5623,
RS_PAST_NA5626,NA5626,John,1685,https://catalogues.royalsociety.org/calmview/Record.aspx?src=CalmView.Persons&id=NA5626,,missing,,,,,200,https://catalogues.royalsociety.org/calmview/Record.aspx?src=CalmView.Persons&id=NA5626,
RS_PAST_NA5627,NA5627,Theodore de,1665,https://catalogues.royalsociety.org/calmview/Record.aspx?src=CalmView.Persons&id=NA5627,,missing,,,1628,,200,https://catalogues.royalsociety.org/calmview/Record.aspx?src=CalmView.Persons&id=NA5627,
RS_PAST_NA5631,NA5631,Rowland,1673,https://catalogues.royalsociety.org/calmview/Record.aspx?src=CalmView.Persons&id=NA5631,c 1609,circa_year,,1609,,,200,https://catalogues.royalsociety.org/calmview/Record.aspx?src=CalmView.Persons&id=NA5631,
RS_PAST_NA5632,NA5632,Silvestro,1696,https://catalogues.royalsociety.org/calmview/Record.aspx?src=CalmView.Persons&id=NA5632,? 1637,nonstandard_or_ambiguous,,,,,200,https://catalogues.royalsociety.org/calmview/Record.aspx?src=CalmView.Persons&id=NA5632,
RS_PAST_NA5634,NA5634,Charles,1696,https://catalogues.royalsociety.org/calmview/Record.aspx?src=CalmView.Persons&id=NA5634,c 1650,circa_year,,1650,1650,1,200,https://catalogues.royalsociety.org/calmview/Record.aspx?src=CalmView.Persons&id=NA5634,
RS_PAST_NA5636,NA5636,Carlo,1667,https://catalogues.royalsociety.org/calmview/Record.aspx?src=CalmView.Persons&id=NA5636,,missing,,,,,200,https://catalogues.royalsociety.org/calmview/Record.aspx?src=CalmView.Persons&id=NA5636,
RS_PAST_NA5637,NA5637,Robert,1693,https://catalogues.royalsociety.org/calmview/Record.aspx?src=CalmView.Persons&id=NA5637,c 1661,circa_year,,1661,1661,1,200,https://catalogues.royalsociety.org/calmview/Record.aspx?src=CalmView.Persons&id=NA5637,
RS_PAST_NA5639,NA5639,Henry,1723,https://catalogues.royalsociety.org/calmview/Record.aspx?src=CalmView.Persons&id=NA5639,,missing,,,,,200,https://catalogues.royalsociety.org/calmview/Record.aspx?src=CalmView.Persons&id=NA5639,
RS_PAST_NA5641,NA5641,Edmund,1677,https://catalogues.royalsociety.org/calmview/Record.aspx?src=CalmView.Persons&id=NA5641,,missing,,,1659,,200,https://catalogues.royalsociety.org/calmview/Record.aspx?src=CalmView.Persons&id=NA5641,
RS_PAST_NA5642,NA5642,Thomas,1693,https://catalogues.royalsociety.org/calmview/Record.aspx?src=CalmView.Persons&id=NA5642,c 1670,circa_year,,1670,1670,1,200,https://catalogues.royalsociety.org/calmview/Record.aspx?src=CalmView.Persons&id=NA5642,
RS_PAST_NA5643,NA5643,John,1663,https://catalogues.royalsociety.org/calmview/Record.aspx?src=CalmView.Persons&id=NA5643,,missing,,,,,200,https://catalogues.royalsociety.org/calmview/Record.aspx?src=CalmView.Persons&id=NA5643,
RS_PAST_NA5644,NA5644,William,1722,https://catalogues.royalsociety.org/calmview/Record.aspx?src=CalmView.Persons&id=NA5644,,missing,,,1696,,200,https://catalogues.royalsociety.org/calmview/Record.aspx?src=CalmView.Persons&id=NA5644,
RS_PAST_NA5645,NA5645,Robert,1681,https://catalogues.royalsociety.org/calmview/Record.aspx?src=CalmView.Persons&id=NA5645,1621 or 1622,nonstandard_or_ambiguous,,,,,200,https://catalogues.royalsociety.org/calmview/Record.aspx?src=CalmView.Persons&id=NA5645,
RS_PAST_NA5647,NA5647,David,1666,https://catalogues.royalsociety.org/calmview/Record.aspx?src=CalmView.Persons&id=NA5647,,missing,,,,,200,https://catalogues.royalsociety.org/calmview/Record.aspx?src=CalmView.Persons&id=NA5647,
RS_PAST_NA5648,NA5648,Robert,1789,https://catalogues.royalsociety.org/calmview/Record.aspx?src=CalmView.Persons&id=NA5648,29 February 1743,invalid_exact_candidate,,1743,1743,1,200,https://catalogues.royalsociety.org/calmview/Record.aspx?src=CalmView.Persons&id=NA5648,
RS_PAST_NA5650,NA5650,John Arthur,1846,https://catalogues.royalsociety.org/calmview/Record.aspx?src=CalmView.Persons&id=NA5650,1791,year_only,,1791,1791,1,200,https://catalogues.royalsociety.org/calmview/Record.aspx?src=CalmView.Persons&id=NA5650,
RS_PAST_NA5651,NA5651,Robert,1722,https://catalogues.royalsociety.org/calmview/Record.aspx?src=CalmView.Persons&id=NA5651,,missing,,,,,200,https://catalogues.royalsociety.org/calmview/Record.aspx?src=CalmView.Persons&id=NA5651,
RS_PAST_NA5652,NA5652,Francis,1672,https://catalogues.royalsociety.org/calmview/Record.aspx?src=CalmView.Persons&id=NA5652,c 1637,circa_year,,1637,1637,1,200,https://catalogues.royalsociety.org/calmview/Record.aspx?src=CalmView.Persons&id=NA5652,
RS_PAST_NA5653,NA5653,Esay,1668,https://catalogues.royalsociety.org/calmview/Record.aspx?src=CalmView.Persons&id=NA5653,,missing,,,1629,,200,https://catalogues.royalsociety.org/calmview/Record.aspx?src=CalmView.Persons&id=NA5653,
RS_PAST_NA5654,NA5654,Humphrey,1665,https://catalogues.royalsociety.org/calmview/Record.aspx?src=CalmView.Persons&id=NA5654,22 December 1592,other,,,,,200,https://catalogues.royalsociety.org/calmview/Record.aspx?src=CalmView.Persons&id=NA5654,
RS_PAST_NA5655,NA5655,John,1724,https://catalogues.royalsociety.org/calmview/Record.aspx?src=CalmView.Persons&id=NA5655,,missing,,,,,200,https://catalogues.royalsociety.org/calmview/Record.aspx?src=CalmView.Persons&id=NA5655,
RS_PAST_NA5656,NA5656,Pierre de,1713,https://catalogues.royalsociety.org/calmview/Record.aspx?src=CalmView.Persons&id=NA5656,,missing,,,1659,,200,https://catalogues.royalsociety.org/calmview/Record.aspx?src=CalmView.Persons&id=NA5656,
RS_PAST_NA5660,NA5660,Philip,1790,https://catalogues.royalsociety.org/calmview/Record.aspx?src=CalmView.Persons&id=NA5660,c. 1733,circa_year,,1733,1733,1,200,https://catalogues.royalsociety.org/calmview/Record.aspx?src=CalmView.Persons&id=NA5660,
RS_PAST_NA5661,NA5661,William,1728,https://catalogues.royalsociety.org/calmview/Record.aspx?src=CalmView.Persons&id=NA5661,,missing,,,,,200,https://catalogues.royalsociety.org/calmview/Record.aspx?src=CalmView.Persons&id=NA5661,
RS_PAST_NA5662,NA5662,Thomas,1685,https://catalogues.royalsociety.org/calmview/Record.aspx?src=CalmView.Persons&id=NA5662,c 1656,circa_year,,1656,1656,1,200,https://catalogues.royalsociety.org/calmview/Record.aspx?src=CalmView.Persons&id=NA5662,
RS_PAST_NA5664,NA5664,George,1666,https://catalogues.royalsociety.org/calmview/Record.aspx?src=CalmView.Persons&id=NA5664,27 February 1597,other,,,,,200,https://catalogues.royalsociety.org/calmview/Record.aspx?src=CalmView.Persons&id=NA5664,
RS_PAST_NA5667,NA5667,Nicolo,1715,https://catalogues.royalsociety.org/calmview/Record.aspx?src=CalmView.Persons&id=NA5667,,missing,,,1685,,200,https://catalogues.royalsociety.org/calmview/Record.aspx?src=CalmView.Persons&id=NA5667,
RS_PAST_NA5668,NA5668,Henry,1852,https://catalogues.royalsociety.org/calmview/Record.aspx?src=CalmView.Persons&id=NA5668,,missing,,,1827,,200,https://catalogues.royalsociety.org/calmview/Record.aspx?src=CalmView.Persons&id=NA5668,
RS_PAST_NA5670,NA5670,Mark,1826,https://catalogues.royalsociety.org/calmview/Record.aspx?src=CalmView.Persons&id=NA5670,c 1760,circa_year,,1760,1760,1,200,https://catalogues.royalsociety.org/calmview/Record.aspx?src=CalmView.Persons&id=NA5670,
RS_PAST_NA5671,NA5671,Robert,1725,https://catalogues.royalsociety.org/calmview/Record.aspx?src=CalmView.Persons&id=NA5671,c 1697,circa_year,,1697,1697,1,200,https://catalogues.royalsociety.org/calmview/Record.aspx?src=CalmView.Persons&id=NA5671,
RS_PAST_NA5675,NA5675,Dudley,1663,https://catalogues.royalsociety.org/calmview/Record.aspx?src=CalmView.Persons&id=NA5675,,missing,,,1617,,200,https://catalogues.royalsociety.org/calmview/Record.aspx?src=CalmView.Persons&id=NA5675,
RS_PAST_NA5676,NA5676,Patrick,1694,https://catalogues.royalsociety.org/calmview/Record.aspx?src=CalmView.Persons&id=NA5676,,missing,,,,,200,https://catalogues.royalsociety.org/calmview/Record.aspx?src=CalmView.Persons&id=NA5676,
RS_PAST_NA5679,NA5679,Matthew,1801,https://catalogues.royalsociety.org/calmview/Record.aspx?src=CalmView.Persons&id=NA5679,,missing,,,,,200,https://catalogues.royalsociety.org/calmview/Record.aspx?src=CalmView.Persons&id=NA5679,
RS_PAST_NA5680,NA5680,John,1712,https://catalogues.royalsociety.org/calmview/Record.aspx?src=CalmView.Persons&id=NA5680,1675,year_only,,1675,1675,1,200,https://catalogues.royalsociety.org/calmview/Record.aspx?src=CalmView.Persons&id=NA5680,
RS_PAST_NA5682,NA5682,James,1678,https://catalogues.royalsociety.org/calmview/Record.aspx?src=CalmView.Persons&id=NA5682,c 1620,circa_year,,1620,1620,1,200,https://catalogues.royalsociety.org/calmview/Record.aspx?src=CalmView.Persons&id=NA5682,
RS_PAST_NA5684,NA5684,John Le,1673,https://catalogues.royalsociety.org/calmview/Record.aspx?src=CalmView.Persons&id=NA5684,,missing,,,,,200,https://catalogues.royalsociety.org/calmview/Record.aspx?src=CalmView.Persons&id=NA5684,
RS_PAST_NA5686,NA5686,John,1666,https://catalogues.royalsociety.org/calmview/Record.aspx?src=CalmView.Persons&id=NA5686,1606,year_only,,1606,1606,1,200,https://catalogues.royalsociety.org/calmview/Record.aspx?src=CalmView.Persons&id=NA5686,
RS_PAST_NA5689,NA5689,Robert,1729,https://catalogues.royalsociety.org/calmview/Record.aspx?src=CalmView.Persons&id=NA5689,,missing,,,1700,,200,https://catalogues.royalsociety.org/calmview/Record.aspx?src=CalmView.Persons&id=NA5689,
RS_PAST_NA5690,NA5690,Esprit Cabart de,1685,https://catalogues.royalsociety.org/calmview/Record.aspx?src=CalmView.Persons&id=NA5690,c 1617,circa_year,,1617,1617,1,200,https://catalogues.royalsociety.org/calmview/Record.aspx?src=CalmView.Persons&id=NA5690,
RS_PAST_NA5691,NA5691,Benjamin,1723,https://catalogues.royalsociety.org/calmview/Record.aspx?src=CalmView.Persons&id=NA5691,c 1691,circa_year,,1691,1691,1,200,https://catalogues.royalsociety.org/calmview/Record.aspx?src=CalmView.Persons&id=NA5691,
RS_PAST_NA5694,NA5694,William,1666,https://catalogues.royalsociety.org/calmview/Record.aspx?src=CalmView.Persons&id=NA5694,,missing,,,,,200,https://catalogues.royalsociety.org/calmview/Record.aspx?src=CalmView.Persons&id=NA5694,
RS_PAST_NA5695,NA5695,James,1718,https://catalogues.royalsociety.org/calmview/Record.aspx?src=CalmView.Persons&id=NA5695,,missing,,,,,200,https://catalogues.royalsociety.org/calmview/Record.aspx?src=CalmView.Persons&id=NA5695,
RS_PAST_NA5697,NA5697,George,1677,https://catalogues.royalsociety.org/calmview/Record.aspx?src=CalmView.Persons&id=NA5697,1650,year_only,,1650,1650,1,200,https://catalogues.royalsociety.org/calmview/Record.aspx?src=CalmView.Persons&id=NA5697,
RS_PAST_NA5698,NA5698,David,1836,https://catalogues.royalsociety.org/calmview/Record.aspx?src=CalmView.Persons&id=NA5698,,missing,,,,,200,https://catalogues.royalsociety.org/calmview/Record.aspx?src=CalmView.Persons&id=NA5698,
RS_PAST_NA5699,NA5699,John,1708,https://catalogues.royalsociety.org/calmview/Record.aspx?src=CalmView.Persons&id=NA5699,1666,year_only,,1666,1666,1,200,https://catalogues.royalsociety.org/calmview/Record.aspx?src=CalmView.Persons&id=NA5699,
RS_PAST_NA5700,NA5700,Daniel Gabriel,1724,https://catalogues.royalsociety.org/calmview/Record.aspx?src=CalmView.Persons&id=NA5700,14 or 24 May 1686,nonstandard_or_ambiguous,,,1686,,200,https://catalogues.royalsociety.org/calmview/Record.aspx?src=CalmView.Persons&id=NA5700,
RS_PAST_NA5701,NA5701,Erasmus,1668,https://catalogues.royalsociety.org/calmview/Record.aspx?src=CalmView.Persons&id=NA5701,,missing,,,1628,,200,https://catalogues.royalsociety.org/calmview/Record.aspx?src=CalmView.Persons&id=NA5701,
RS_PAST_NA5704,NA5704,Robert,1703,https://catalogues.royalsociety.org/calmview/Record.aspx?src=CalmView.Persons&id=NA5704,c.1674,circa_year,,1674,1674,1,200,https://catalogues.royalsociety.org/calmview/Record.aspx?src=CalmView.Persons&id=NA5704,
RS_PAST_NA5708,NA5708,Richard Hart,1812,https://catalogues.royalsociety.org/calmview/Record.aspx?src=CalmView.Persons&id=NA5708,c. 1767,circa_year,,1767,1767,1,200,https://catalogues.royalsociety.org/calmview/Record.aspx?src=CalmView.Persons&id=NA5708,
RS_PAST_NA571,NA571,Stephen,1734,https://catalogues.royalsociety.org/calmview/Record.aspx?src=CalmView.Persons&id=NA571,c 1701,circa_year,,1701,1701,1,200,https://catalogues.royalsociety.org/calmview/Record.aspx?src=CalmView.Persons&id=NA571,
RS_PAST_NA5710,NA5710,Charles,1685,https://catalogues.royalsociety.org/calmview/Record.aspx?src=CalmView.Persons&id=NA5710,1662,year_only,,1662,1662,1,200,https://catalogues.royalsociety.org/calmview/Record.aspx?src=CalmView.Persons&id=NA5710,
RS_PAST_NA572,NA572,Robert,1732,https://catalogues.royalsociety.org/calmview/Record.aspx?src=CalmView.Persons&id=NA572,,missing,,,,,200,https://catalogues.royalsociety.org/calmview/Record.aspx?src=CalmView.Persons&id=NA572,
RS_PAST_NA5720,NA5720,Christopher,1768,https://catalogues.royalsociety.org/calmview/Record.aspx?src=CalmView.Persons&id=NA5720,,missing,,,,,200,https://catalogues.royalsociety.org/calmview/Record.aspx?src=CalmView.Persons&id=NA5720,
RS_PAST_NA5721,NA5721,Denis,1680,https://catalogues.royalsociety.org/calmview/Record.aspx?src=CalmView.Persons&id=NA5721,August 1647,nonstandard_or_ambiguous,,,1647,,200,https://catalogues.royalsociety.org/calmview/Record.aspx?src=CalmView.Persons&id=NA5721,
RS_PAST_NA5723,NA5723,George Francis,1827,https://catalogues.royalsociety.org/calmview/Record.aspx?src=CalmView.Persons&id=NA5723,1795,year_only,,1795,1795,1,200,https://catalogues.royalsociety.org/calmview/Record.aspx?src=CalmView.Persons&id=NA5723,
RS_PAST_NA5724,NA5724,Joseph,1727,https://catalogues.royalsociety.org/calmview/Record.aspx?src=CalmView.Persons&id=NA5724,,missing,,,1691,,200,https://catalogues.royalsociety.org/calmview/Record.aspx?src=CalmView.Persons&id=NA5724,
RS_PAST_NA5729,NA5729,John,1719,https://catalogues.royalsociety.org/calmview/Record.aspx?src=CalmView.Persons&id=NA5729,c 1654,circa_year,,1654,1654,1,200,https://catalogues.royalsociety.org/calmview/Record.aspx?src=CalmView.Persons&id=NA5729,
RS_PAST_NA573,NA573,John,1727,https://catalogues.royalsociety.org/calmview/Record.aspx?src=CalmView.Persons&id=NA573,,missing,,,,,200,https://catalogues.royalsociety.org/calmview/Record.aspx?src=CalmView.Persons&id=NA573,
RS_PAST_NA5730,NA5730,Dethlevus,1678,https://catalogues.royalsociety.org/calmview/Record.aspx?src=CalmView.Persons&id=NA5730,c. 1645,circa_year,,1645,1645,1,200,https://catalogues.royalsociety.org/calmview/Record.aspx?src=CalmView.Persons&id=NA5730,
RS_PAST_NA5731,NA5731,Daniel,1663,https://catalogues.royalsociety.org/calmview/Record.aspx?src=CalmView.Persons&id=NA5731,c.1619,circa_year,,1619,1619,1,200,https://catalogues.royalsociety.org/calmview/Record.aspx?src=CalmView.Persons&id=NA5731,
RS_PAST_NA5734,NA5734,Moise,1695,https://catalogues.royalsociety.org/calmview/Record.aspx?src=CalmView.Persons&id=NA5734,,missing,,,,,200,https://catalogues.royalsociety.org/calmview/Record.aspx?src=CalmView.Persons&id=NA5734,
RS_PAST_NA5735,NA5735,William,1696,https://catalogues.royalsociety.org/calmview/Record.aspx?src=CalmView.Persons&id=NA5735,1669,year_only,,1669,1669,1,200,https://catalogues.royalsociety.org/calmview/Record.aspx?src=CalmView.Persons&id=NA5735,
RS_PAST_NA5737,NA5737,John,1663,https://catalogues.royalsociety.org/calmview/Record.aspx?src=CalmView.Persons&id=NA5737,,missing,,,,,200,https://catalogues.royalsociety.org/calmview/Record.aspx?src=CalmView.Persons&id=NA5737,
RS_PAST_NA5738,NA5738,John,1827,https://catalogues.royalsociety.org/calmview/Record.aspx?src=CalmView.Persons&id=NA5738,,missing,,,,,200,https://catalogues.royalsociety.org/calmview/Record.aspx?src=CalmView.Persons&id=NA5738,
RS_PAST_NA5739,NA5739,Robert,1671,https://catalogues.royalsociety.org/calmview/Record.aspx?src=CalmView.Persons&id=NA5739,c 1640,circa_year,,1640,1640,1,200,https://catalogues.royalsociety.org/calmview/Record.aspx?src=CalmView.Persons&id=NA5739,
RS_PAST_NA574,NA574,Fayrer,1732,https://catalogues.royalsociety.org/calmview/Record.aspx?src=CalmView.Persons&id=NA574,,missing,,,,,200,https://catalogues.royalsociety.org/calmview/Record.aspx?src=CalmView.Persons&id=NA574,
RS_PAST_NA5740,NA5740,John,1698,https://catalogues.royalsociety.org/calmview/Record.aspx?src=CalmView.Persons&id=NA5740,1650,year_only,,1650,1650,1,200,https://catalogues.royalsociety.org/calmview/Record.aspx?src=CalmView.Persons&id=NA5740,
RS_PAST_NA5741,NA5741,Philip,1696,https://catalogues.royalsociety.org/calmview/Record.aspx?src=CalmView.Persons&id=NA5741,,missing,,,,,200,https://catalogues.royalsociety.org/calmview/Record.aspx?src=CalmView.Persons&id=NA5741,
RS_PAST_NA5744,NA5744,Thomas,1667,https://catalogues.royalsociety.org/calmview/Record.aspx?src=CalmView.Persons&id=NA5744,,missing,,,,,200,https://catalogues.royalsociety.org/calmview/Record.aspx?src=CalmView.Persons&id=NA5744,
RS_PAST_NA5745,NA5745,Richard,1663,https://catalogues.royalsociety.org/calmview/Record.aspx?src=CalmView.Persons&id=NA5745,c. July 1628,nonstandard_or_ambiguous,,,1628,,200,https://catalogues.royalsociety.org/calmview/Record.aspx?src=CalmView.Persons&id=NA5745,
RS_PAST_NA5746,NA5746,Thomas,1679,https://catalogues.royalsociety.org/calmview/Record.aspx?src=CalmView.Persons&id=NA5746,1646,year_only,,1646,1646,1,200,https://catalogues.royalsociety.org/calmview/Record.aspx?src=CalmView.Persons&id=NA5746,
RS_PAST_NA5747,NA5747,Edward,1666,https://catalogues.royalsociety.org/calmview/Record.aspx?src=CalmView.Persons&id=NA5747,? 1604,nonstandard_or_ambiguous,,,,,200,https://catalogues.royalsociety.org/calmview/Record.aspx?src=CalmView.Persons&id=NA5747,
RS_PAST_NA5749,NA5749,Thomas,1712,https://catalogues.royalsociety.org/calmview/Record.aspx?src=CalmView.Persons&id=NA5749,23 July 1666 or 1667,nonstandard_or_ambiguous,,,,,200,https://catalogues.royalsociety.org/calmview/Record.aspx?src=CalmView.Persons&id=NA5749,
RS_PAST_NA575,NA575,Jonas,1692,https://catalogues.royalsociety.org/calmview/Record.aspx?src=CalmView.Persons&id=NA575,c 1671,circa_year,,1671,1671,1,200,https://catalogues.royalsociety.org/calmview/Record.aspx?src=CalmView.Persons&id=NA575,
RS_PAST_NA5751,NA5751,John,1818,https://catalogues.royalsociety.org/calmview/Record.aspx?src=CalmView.Persons&id=NA5751,1773,year_only,,1773,1773,1,200,https://catalogues.royalsociety.org/calmview/Record.aspx?src=CalmView.Persons&id=NA5751,
RS_PAST_NA5754,NA5754,William,1733,https://catalogues.royalsociety.org/calmview/Record.aspx?src=CalmView.Persons&id=NA5754,c 1693,circa_year,,1693,1693,1,200,https://catalogues.royalsociety.org/calmview/Record.aspx?src=CalmView.Persons&id=NA5754,
RS_PAST_NA5755,NA5755,Charles,1673,https://catalogues.royalsociety.org/calmview/Record.aspx?src=CalmView.Persons&id=NA5755,December 1660,nonstandard_or_ambiguous,,,1660,,200,https://catalogues.royalsociety.org/calmview/Record.aspx?src=CalmView.Persons&id=NA5755,
RS_PAST_NA5756,NA5756,Alexander,1829,https://catalogues.royalsociety.org/calmview/Record.aspx?src=CalmView.Persons&id=NA5756,1762,year_only,,1762,1762,1,200,https://catalogues.royalsociety.org/calmview/Record.aspx?src=CalmView.Persons&id=NA5756,
RS_PAST_NA5758,NA5758,Abel,1720,https://catalogues.royalsociety.org/calmview/Record.aspx?src=CalmView.Persons&id=NA5758,c. 1676,circa_year,,1676,1676,1,200,https://catalogues.royalsociety.org/calmview/Record.aspx?src=CalmView.Persons&id=NA5758,
RS_PAST_NA5759,NA5759,Charles,1698,https://catalogues.royalsociety.org/calmview/Record.aspx?src=CalmView.Persons&id=NA5759,,missing,,,1674,,200,https://catalogues.royalsociety.org/calmview/Record.aspx?src=CalmView.Persons&id=NA5759,
RS_PAST_NA576,NA576,Alexander,1734,https://catalogues.royalsociety.org/calmview/Record.aspx?src=CalmView.Persons&id=NA576,,missing,,,,,200,https://catalogues.royalsociety.org/calmview/Record.aspx?src=CalmView.Persons&id=NA576,
RS_PAST_NA5762,NA5762,Roger,1664,https://catalogues.royalsociety.org/calmview/Record.aspx?src=CalmView.Persons&id=NA5762,,missing,,,,,200,https://catalogues.royalsociety.org/calmview/Record.aspx?src=CalmView.Persons&id=NA5762,
RS_PAST_NA5764,NA5764,Bernard,1695,https://catalogues.royalsociety.org/calmview/Record.aspx?src=CalmView.Persons&id=NA5764,c 1666,circa_year,,1666,1666,1,200,https://catalogues.royalsociety.org/calmview/Record.aspx?src=CalmView.Persons&id=NA5764,
RS_PAST_NA5768,NA5768,Thomas Henry,1827,https://catalogues.royalsociety.org/calmview/Record.aspx?src=CalmView.Persons&id=NA5768,1796,year_only,,1796,1796,1,200,https://catalogues.royalsociety.org/calmview/Record.aspx?src=CalmView.Persons&id=NA5768,
RS_PAST_NA577,NA577,Peter,1735,https://catalogues.royalsociety.org/calmview/Record.aspx?src=CalmView.Persons&id=NA577,,missing,,,,,200,https://catalogues.royalsociety.org/calmview/Record.aspx?src=CalmView.Persons&id=NA577,
RS_PAST_NA5770,NA5770,John,1666,https://catalogues.royalsociety.org/calmview/Record.aspx?src=CalmView.Persons&id=NA5770,1645,year_only,,1645,1645,1,200,https://catalogues.royalsociety.org/calmview/Record.aspx?src=CalmView.Persons&id=NA5770,
RS_PAST_NA5771,NA5771,Richard,1684,https://catalogues.royalsociety.org/calmview/Record.aspx?src=CalmView.Persons&id=NA5771,c. 1654,circa_year,,1654,1654,1,200,https://catalogues.royalsociety.org/calmview/Record.aspx?src=CalmView.Persons&id=NA5771,
RS_PAST_NA5774,NA5774,Cyriacus,1727,https://catalogues.royalsociety.org/calmview/Record.aspx?src=CalmView.Persons&id=NA5774,,missing,,,,,200,https://catalogues.royalsociety.org/calmview/Record.aspx?src=CalmView.Persons&id=NA5774,
RS_PAST_NA5776,NA5776,George,1677,https://catalogues.royalsociety.org/calmview/Record.aspx?src=CalmView.Persons&id=NA5776,c 1644,circa_year,,1644,1644,1,200,https://catalogues.royalsociety.org/calmview/Record.aspx?src=CalmView.Persons&id=NA5776,
RS_PAST_NA578,NA578,John,1734,https://catalogues.royalsociety.org/calmview/Record.aspx?src=CalmView.Persons&id=NA578,,missing,,,,,200,https://catalogues.royalsociety.org/calmview/Record.aspx?src=CalmView.Persons&id=NA578,
RS_PAST_NA5785,NA5785,Ellis,1663,https://catalogues.royalsociety.org/calmview/Record.aspx?src=CalmView.Persons&id=NA5785,,missing,,,,,200,https://catalogues.royalsociety.org/calmview/Record.aspx?src=CalmView.Persons&id=NA5785,
RS_PAST_NA5786,NA5786,Richard,1720,https://catalogues.royalsociety.org/calmview/Record.aspx?src=CalmView.Persons&id=NA5786,1690,year_only,,1690,1690,1,200,https://catalogues.royalsociety.org/calmview/Record.aspx?src=CalmView.Persons&id=NA5786,
RS_PAST_NA5788,NA5788,Peter,1823,https://catalogues.royalsociety.org/calmview/Record.aspx?src=CalmView.Persons&id=NA5788,October 1776,nonstandard_or_ambiguous,,,1776,,200,https://catalogues.royalsociety.org/calmview/Record.aspx?src=CalmView.Persons&id=NA5788,
RS_PAST_NA5789,NA5789,Alexander,1820,https://catalogues.royalsociety.org/calmview/Record.aspx?src=CalmView.Persons&id=NA5789,c. 1754,circa_year,,1754,1754,1,200,https://catalogues.royalsociety.org/calmview/Record.aspx?src=CalmView.Persons&id=NA5789,
RS_PAST_NA579,NA579,Edward,1734,https://catalogues.royalsociety.org/calmview/Record.aspx?src=CalmView.Persons&id=NA579,,missing,,,,,200,https://catalogues.royalsociety.org/calmview/Record.aspx?src=CalmView.Persons&id=NA579,
RS_PAST_NA5791,NA5791,George,1729,https://catalogues.royalsociety.org/calmview/Record.aspx?src=CalmView.Persons&id=NA5791,After January 1694,nonstandard_or_ambiguous,,,,,200,https://catalogues.royalsociety.org/calmview/Record.aspx?src=CalmView.Persons&id=NA5791,
RS_PAST_NA5793,NA5793,Douglas Charles,1824,https://catalogues.royalsociety.org/calmview/Record.aspx?src=CalmView.Persons&id=NA5793,,missing,,,,,200,https://catalogues.royalsociety.org/calmview/Record.aspx?src=CalmView.Persons&id=NA5793,
RS_PAST_NA5794,NA5794,Lewis,1823,https://catalogues.royalsociety.org/calmview/Record.aspx?src=CalmView.Persons&id=NA5794,1755,year_only,,1755,1755,1,200,https://catalogues.royalsociety.org/calmview/Record.aspx?src=CalmView.Persons&id=NA5794,
RS_PAST_NA5799,NA5799,St George,1686,https://catalogues.royalsociety.org/calmview/Record.aspx?src=CalmView.Persons&id=NA5799,1658,year_only,,1658,1658,1,200,https://catalogues.royalsociety.org/calmview/Record.aspx?src=CalmView.Persons&id=NA5799,
RS_PAST_NA580,NA580,Benjamin,1736,https://catalogues.royalsociety.org/calmview/Record.aspx?src=CalmView.Persons&id=NA580,,missing,,,,,200,https://catalogues.royalsociety.org/calmview/Record.aspx?src=CalmView.Persons&id=NA580,
RS_PAST_NA5804,NA5804,Thomas,1707,https://catalogues.royalsociety.org/calmview/Record.aspx?src=CalmView.Persons&id=NA5804,,missing,,,,,200,https://catalogues.royalsociety.org/calmview/Record.aspx?src=CalmView.Persons&id=NA5804,
RS_PAST_NA5807,NA5807,James,1750,https://catalogues.royalsociety.org/calmview/Record.aspx?src=CalmView.Persons&id=NA5807,1700,year_only,,1700,1700,1,200,https://catalogues.royalsociety.org/calmview/Record.aspx?src=CalmView.Persons&id=NA5807,
RS_PAST_NA581,NA581,Georg Peter,1734,https://catalogues.royalsociety.org/calmview/Record.aspx?src=CalmView.Persons&id=NA581,,missing,,,,,200,https://catalogues.royalsociety.org/calmview/Record.aspx?src=CalmView.Persons&id=NA581,
RS_PAST_NA5810,NA5810,Henry,1767,https://catalogues.royalsociety.org/calmview/Record.aspx?src=CalmView.Persons&id=NA5810,,missing,,,,,200,https://catalogues.royalsociety.org/calmview/Record.aspx?src=CalmView.Persons&id=NA5810,
RS_PAST_NA5814,NA5814,William,1790,https://catalogues.royalsociety.org/calmview/Record.aspx?src=CalmView.Persons&id=NA5814,June 1750,nonstandard_or_ambiguous,,,1750,,200,https://catalogues.royalsociety.org/calmview/Record.aspx?src=CalmView.Persons&id=NA5814,
RS_PAST_NA5819,NA5819,Frederick,1880,https://catalogues.royalsociety.org/calmview/Record.aspx?src=CalmView.Persons&id=NA5819,1823,year_only,,1823,1823,1,200,https://catalogues.royalsociety.org/calmview/Record.aspx?src=CalmView.Persons&id=NA5819,
RS_PAST_NA582,NA582,George,1735,https://catalogues.royalsociety.org/calmview/Record.aspx?src=CalmView.Persons&id=NA582,c. 1672,circa_year,,1672,1672,1,200,https://catalogues.royalsociety.org/calmview/Record.aspx?src=CalmView.Persons&id=NA582,
RS_PAST_NA5822,NA5822,Edward John,1818,https://catalogues.royalsociety.org/calmview/Record.aspx?src=CalmView.Persons&id=NA5822,1785,year_only,,1785,1785,1,200,https://catalogues.royalsociety.org/calmview/Record.aspx?src=CalmView.Persons&id=NA5822,
RS_PAST_NA5824,NA5824,Benjamin Guy,1828,https://catalogues.royalsociety.org/calmview/Record.aspx?src=CalmView.Persons&id=NA5824,1794,year_only,,1794,1794,1,200,https://catalogues.royalsociety.org/calmview/Record.aspx?src=CalmView.Persons&id=NA5824,
RS_PAST_NA5828,NA5828,Thomas,1761,https://catalogues.royalsociety.org/calmview/Record.aspx?src=CalmView.Persons&id=NA5828,,missing,,,1703,,200,https://catalogues.royalsociety.org/calmview/Record.aspx?src=CalmView.Persons&id=NA5828,
RS_PAST_NA5829,NA5829,George,1791,https://catalogues.royalsociety.org/calmview/Record.aspx?src=CalmView.Persons&id=NA5829,,missing,,,1751,,200,https://catalogues.royalsociety.org/calmview/Record.aspx?src=CalmView.Persons&id=NA5829,
RS_PAST_NA583,NA583,Celestino,1735,https://catalogues.royalsociety.org/calmview/Record.aspx?src=CalmView.Persons&id=NA583,,missing,,,1681,,200,https://catalogues.royalsociety.org/calmview/Record.aspx?src=CalmView.Persons&id=NA583,
RS_PAST_NA5834,NA5834,John Robert,1829,https://catalogues.royalsociety.org/calmview/Record.aspx?src=CalmView.Persons&id=NA5834,,missing,,,,,200,https://catalogues.royalsociety.org/calmview/Record.aspx?src=CalmView.Persons&id=NA5834,
RS_PAST_NA5836,NA5836,Samuel,1760,https://catalogues.royalsociety.org/calmview/Record.aspx?src=CalmView.Persons&id=NA5836,1725,year_only,,1725,1725,1,200,https://catalogues.royalsociety.org/calmview/Record.aspx?src=CalmView.Persons&id=NA5836,
RS_PAST_NA5838,NA5838,George,1827,https://catalogues.royalsociety.org/calmview/Record.aspx?src=CalmView.Persons&id=NA5838,,missing,,,,,200,https://catalogues.royalsociety.org/calmview/Record.aspx?src=CalmView.Persons&id=NA5838,
RS_PAST_NA5842,NA5842,John,1663,https://catalogues.royalsociety.org/calmview/Record.aspx?src=CalmView.Persons&id=NA5842,1615,year_only,,1615,1615,1,200,https://catalogues.royalsociety.org/calmview/Record.aspx?src=CalmView.Persons&id=NA5842,
RS_PAST_NA5844,NA5844,Joannes Henricus,1730,https://catalogues.royalsociety.org/calmview/Record.aspx?src=CalmView.Persons&id=NA5844,1697,year_only,,1697,1697,1,200,https://catalogues.royalsociety.org/calmview/Record.aspx?src=CalmView.Persons&id=NA5844,
RS_PAST_NA5847,NA5847,Jorge,1749,https://catalogues.royalsociety.org/calmview/Record.aspx?src=CalmView.Persons&id=NA5847,1712 or 05 January 1713,nonstandard_or_ambiguous,,,1713,,200,https://catalogues.royalsociety.org/calmview/Record.aspx?src=CalmView.Persons&id=NA5847,
RS_PAST_NA5850,NA5850,Edmund Robert,1828,https://catalogues.royalsociety.org/calmview/Record.aspx?src=CalmView.Persons&id=NA5850,,missing,,,,,200,https://catalogues.royalsociety.org/calmview/Record.aspx?src=CalmView.Persons&id=NA5850,
RS_PAST_NA5851,NA5851,John,1830,https://catalogues.royalsociety.org/calmview/Record.aspx?src=CalmView.Persons&id=NA5851,1774,year_only,,1774,1774,1,200,https://catalogues.royalsociety.org/calmview/Record.aspx?src=CalmView.Persons&id=NA5851,
RS_PAST_NA5852,NA5852,Joseph,1829,https://catalogues.royalsociety.org/calmview/Record.aspx?src=CalmView.Persons&id=NA5852,1789,year_only,,1789,1789,1,200,https://catalogues.royalsociety.org/calmview/Record.aspx?src=CalmView.Persons&id=NA5852,
RS_PAST_NA586,NA586,Pierre,1714,https://catalogues.royalsociety.org/calmview/Record.aspx?src=CalmView.Persons&id=NA586,1654,year_only,,1654,1654,1,200,https://catalogues.royalsociety.org/calmview/Record.aspx?src=CalmView.Persons&id=NA586,
RS_PAST_NA5860,NA5860,Henry,1720,https://catalogues.royalsociety.org/calmview/Record.aspx?src=CalmView.Persons&id=NA5860,1694,year_only,,1694,1694,1,200,https://catalogues.royalsociety.org/calmview/Record.aspx?src=CalmView.Persons&id=NA5860,
RS_PAST_NA5861,NA5861,James,1734,https://catalogues.royalsociety.org/calmview/Record.aspx?src=CalmView.Persons&id=NA5861,c. 1680,circa_year,,1680,1680,1,200,https://catalogues.royalsociety.org/calmview/Record.aspx?src=CalmView.Persons&id=NA5861,
RS_PAST_NA5862,NA5862,Henry,1829,https://catalogues.royalsociety.org/calmview/Record.aspx?src=CalmView.Persons&id=NA5862,,missing,,,,,200,https://catalogues.royalsociety.org/calmview/Record.aspx?src=CalmView.Persons&id=NA5862,
RS_PAST_NA587,NA587,Marmaduke,1735,https://catalogues.royalsociety.org/calmview/Record.aspx?src=CalmView.Persons&id=NA587,1692,year_only,,1692,1692,1,200,https://catalogues.royalsociety.org/calmview/Record.aspx?src=CalmView.Persons&id=NA587,
RS_PAST_NA5880,NA5880,John,1715,https://catalogues.royalsociety.org/calmview/Record.aspx?src=CalmView.Persons&id=NA5880,,missing,,,,,200,https://catalogues.royalsociety.org/calmview/Record.aspx?src=CalmView.Persons&id=NA5880,
RS_PAST_NA5881,NA5881,Busick,1784,https://catalogues.royalsociety.org/calmview/Record.aspx?src=CalmView.Persons&id=NA5881,c 1745,circa_year,,1745,1745,1,200,https://catalogues.royalsociety.org/calmview/Record.aspx?src=CalmView.Persons&id=NA5881,
RS_PAST_NA5882,NA5882,George,1776,https://catalogues.royalsociety.org/calmview/Record.aspx?src=CalmView.Persons&id=NA5882,c. 1730,circa_year,,1730,1730,1,200,https://catalogues.royalsociety.org/calmview/Record.aspx?src=CalmView.Persons&id=NA5882,
RS_PAST_NA5884,NA5884,George Henry,1829,https://catalogues.royalsociety.org/calmview/Record.aspx?src=CalmView.Persons&id=NA5884,,missing,,,,,200,https://catalogues.royalsociety.org/calmview/Record.aspx?src=CalmView.Persons&id=NA5884,
RS_PAST_NA5886,NA5886,William George,1830,https://catalogues.royalsociety.org/calmview/Record.aspx?src=CalmView.Persons&id=NA5886,c. 1804,circa_year,,1804,1804,1,200,https://catalogues.royalsociety.org/calmview/Record.aspx?src=CalmView.Persons&id=NA5886,
RS_PAST_NA589,NA589,Roger,1736,https://catalogues.royalsociety.org/calmview/Record.aspx?src=CalmView.Persons&id=NA589,,missing,,,,,200,https://catalogues.royalsociety.org/calmview/Record.aspx?src=CalmView.Persons&id=NA589,
RS_PAST_NA5892,NA5892,Joshua Frederick,1841,https://catalogues.royalsociety.org/calmview/Record.aspx?src=CalmView.Persons&id=NA5892,c. 1801,circa_year,,1801,1801,1,200,https://catalogues.royalsociety.org/calmview/Record.aspx?src=CalmView.Persons&id=NA5892,
RS_PAST_NA5897,NA5897,James,1821,https://catalogues.royalsociety.org/calmview/Record.aspx?src=CalmView.Persons&id=NA5897,c. 1760,circa_year,,1760,1760,1,200,https://catalogues.royalsociety.org/calmview/Record.aspx?src=CalmView.Persons&id=NA5897,
RS_PAST_NA590,NA590,Moreton,1735,https://catalogues.royalsociety.org/calmview/Record.aspx?src=CalmView.Persons&id=NA590,,missing,,,,,200,https://catalogues.royalsociety.org/calmview/Record.aspx?src=CalmView.Persons&id=NA590,
RS_PAST_NA5900,NA5900,John,1830,https://catalogues.royalsociety.org/calmview/Record.aspx?src=CalmView.Persons&id=NA5900,c. 1796,circa_year,,1796,1796,1,200,https://catalogues.royalsociety.org/calmview/Record.aspx?src=CalmView.Persons&id=NA5900,
RS_PAST_NA5904,NA5904,Edward,1765,https://catalogues.royalsociety.org/calmview/Record.aspx?src=CalmView.Persons&id=NA5904,,missing,,,,,200,https://catalogues.royalsociety.org/calmview/Record.aspx?src=CalmView.Persons&id=NA5904,
RS_PAST_NA5905,NA5905,William James,1839,https://catalogues.royalsociety.org/calmview/Record.aspx?src=CalmView.Persons&id=NA5905,1778,year_only,,1778,1778,1,200,https://catalogues.royalsociety.org/calmview/Record.aspx?src=CalmView.Persons&id=NA5905,
RS_PAST_NA5909,NA5909,Joseph,1750,https://catalogues.royalsociety.org/calmview/Record.aspx?src=CalmView.Persons&id=NA5909,1717,year_only,,1717,1717,1,200,https://catalogues.royalsociety.org/calmview/Record.aspx?src=CalmView.Persons&id=NA5909,
RS_PAST_NA5921,NA5921,John Jacob,1838,https://catalogues.royalsociety.org/calmview/Record.aspx?src=CalmView.Persons&id=NA5921,1788,year_only,,1788,1788,1,200,https://catalogues.royalsociety.org/calmview/Record.aspx?src=CalmView.Persons&id=NA5921,
RS_PAST_NA5922,NA5922,William,1814,https://catalogues.royalsociety.org/calmview/Record.aspx?src=CalmView.Persons&id=NA5922,,missing,,,,,200,https://catalogues.royalsociety.org/calmview/Record.aspx?src=CalmView.Persons&id=NA5922,
RS_PAST_NA5925,NA5925,Samuel Daniel,1830,https://catalogues.royalsociety.org/calmview/Record.aspx?src=CalmView.Persons&id=NA5925,July 1787,nonstandard_or_ambiguous,,,1787,,200,https://catalogues.royalsociety.org/calmview/Record.aspx?src=CalmView.Persons&id=NA5925,
RS_PAST_NA5926,NA5926,James,1830,https://catalogues.royalsociety.org/calmview/Record.aspx?src=CalmView.Persons&id=NA5926,1781,year_only,,1781,1781,1,200,https://catalogues.royalsociety.org/calmview/Record.aspx?src=CalmView.Persons&id=NA5926,
RS_PAST_NA5928,NA5928,Charles,1830,https://catalogues.royalsociety.org/calmview/Record.aspx?src=CalmView.Persons&id=NA5928,,missing,,,1784,,200,https://catalogues.royalsociety.org/calmview/Record.aspx?src=CalmView.Persons&id=NA5928,
RS_PAST_NA593,NA593,William,1751,https://catalogues.royalsociety.org/calmview/Record.aspx?src=CalmView.Persons&id=NA593,,missing,,,,,200,https://catalogues.royalsociety.org/calmview/Record.aspx?src=CalmView.Persons&id=NA593,
RS_PAST_NA5931,NA5931,William,1776,https://catalogues.royalsociety.org/calmview/Record.aspx?src=CalmView.Persons&id=NA5931,c. 1734,circa_year,,1734,1734,1,200,https://catalogues.royalsociety.org/calmview/Record.aspx?src=CalmView.Persons&id=NA5931,
RS_PAST_NA5932,NA5932,Edward,1772,https://catalogues.royalsociety.org/calmview/Record.aspx?src=CalmView.Persons&id=NA5932,,missing,,,1745,,200,https://catalogues.royalsociety.org/calmview/Record.aspx?src=CalmView.Persons&id=NA5932,
RS_PAST_NA5936,NA5936,Henry,1829,https://catalogues.royalsociety.org/calmview/Record.aspx?src=CalmView.Persons&id=NA5936,,missing,,,1799,,200,https://catalogues.royalsociety.org/calmview/Record.aspx?src=CalmView.Persons&id=NA5936,
RS_PAST_NA5937,NA5937,Isaac,1829,https://catalogues.royalsociety.org/calmview/Record.aspx?src=CalmView.Persons&id=NA5937,,missing,,,,,200,https://catalogues.royalsociety.org/calmview/Record.aspx?src=CalmView.Persons&id=NA5937,
RS_PAST_NA5940,NA5940,Francis,1727,https://catalogues.royalsociety.org/calmview/Record.aspx?src=CalmView.Persons&id=NA5940,,missing,,,,,200,https://catalogues.royalsociety.org/calmview/Record.aspx?src=CalmView.Persons&id=NA5940,
RS_PAST_NA5941,NA5941,Whitlock,1830,https://catalogues.royalsociety.org/calmview/Record.aspx?src=CalmView.Persons&id=NA5941,1786,year_only,,1786,1786,1,200,https://catalogues.royalsociety.org/calmview/Record.aspx?src=CalmView.Persons&id=NA5941,
RS_PAST_NA5953,NA5953,Peirce,1730,https://catalogues.royalsociety.org/calmview/Record.aspx?src=CalmView.Persons&id=NA5953,1683,year_only,,1683,1683,1,200,https://catalogues.royalsociety.org/calmview/Record.aspx?src=CalmView.Persons&id=NA5953,
RS_PAST_NA5955,NA5955,Steddy,1767,https://catalogues.royalsociety.org/calmview/Record.aspx?src=CalmView.Persons&id=NA5955,,missing,,,,,200,https://catalogues.royalsociety.org/calmview/Record.aspx?src=CalmView.Persons&id=NA5955,
RS_PAST_NA5969,NA5969,William,1778,https://catalogues.royalsociety.org/calmview/Record.aspx?src=CalmView.Persons&id=NA5969,March 1735,nonstandard_or_ambiguous,,,1735,,200,https://catalogues.royalsociety.org/calmview/Record.aspx?src=CalmView.Persons&id=NA5969,
RS_PAST_NA5975,NA5975,Roger,1681,https://catalogues.royalsociety.org/calmview/Record.aspx?src=CalmView.Persons&id=NA5975,1637,year_only,,1637,1637,1,200,https://catalogues.royalsociety.org/calmview/Record.aspx?src=CalmView.Persons&id=NA5975,
RS_PAST_NA5979,NA5979,Thomas,1667,https://catalogues.royalsociety.org/calmview/Record.aspx?src=CalmView.Persons&id=NA5979,,missing,,,,,200,https://catalogues.royalsociety.org/calmview/Record.aspx?src=CalmView.Persons&id=NA5979,
RS_PAST_NA5981,NA5981,James Alexander,1835,https://catalogues.royalsociety.org/calmview/Record.aspx?src=CalmView.Persons&id=NA5981,1793,year_only,,1793,1793,1,200,https://catalogues.royalsociety.org/calmview/Record.aspx?src=CalmView.Persons&id=NA5981,
RS_PAST_NA5987,NA5987,John James,1836,https://catalogues.royalsociety.org/calmview/Record.aspx?src=CalmView.Persons&id=NA5987,,missing,,,,,200,https://catalogues.royalsociety.org/calmview/Record.aspx?src=CalmView.Persons&id=NA5987,
RS_PAST_NA5988,NA5988,Martin,1835,https://catalogues.royalsociety.org/calmview/Record.aspx?src=CalmView.Persons&id=NA5988,1780,year_only,,1780,1780,1,200,https://catalogues.royalsociety.org/calmview/Record.aspx?src=CalmView.Persons&id=NA5988,
RS_PAST_NA5994,NA5994,Frederick Beilby,1818,https://catalogues.royalsociety.org/calmview/Record.aspx?src=CalmView.Persons&id=NA5994,1773,year_only,,1773,1773,1,200,https://catalogues.royalsociety.org/calmview/Record.aspx?src=CalmView.Persons&id=NA5994,
RS_PAST_NA5998,NA5998,Richard,1835,https://catalogues.royalsociety.org/calmview/Record.aspx?src=CalmView.Persons&id=NA5998,c. 1773,circa_year,,1773,1773,1,200,https://catalogues.royalsociety.org/calmview/Record.aspx?src=CalmView.Persons&id=NA5998,
RS_PAST_NA5999,NA5999,Thomas,1706,https://catalogues.royalsociety.org/calmview/Record.aspx?src=CalmView.Persons&id=NA5999,,missing,,,,,200,https://catalogues.royalsociety.org/calmview/Record.aspx?src=CalmView.Persons&id=NA5999,
RS_PAST_NA6000,NA6000,Charles,1829,https://catalogues.royalsociety.org/calmview/Record.aspx?src=CalmView.Persons&id=NA6000,,missing,,,,,200,https://catalogues.royalsociety.org/calmview/Record.aspx?src=CalmView.Persons&id=NA6000,
RS_PAST_NA6004,NA6004,George William,1835,https://catalogues.royalsociety.org/calmview/Record.aspx?src=CalmView.Persons&id=NA6004,1780,year_only,,1780,1780,1,200,https://catalogues.royalsociety.org/calmview/Record.aspx?src=CalmView.Persons&id=NA6004,
RS_PAST_NA6019,NA6019,William Sands,1836,https://catalogues.royalsociety.org/calmview/Record.aspx?src=CalmView.Persons&id=NA6019,1802,year_only,,1802,1802,1,200,https://catalogues.royalsociety.org/calmview/Record.aspx?src=CalmView.Persons&id=NA6019,
RS_PAST_NA6023,NA6023,James,1742,https://catalogues.royalsociety.org/calmview/Record.aspx?src=CalmView.Persons&id=NA6023,,missing,,,,,200,https://catalogues.royalsociety.org/calmview/Record.aspx?src=CalmView.Persons&id=NA6023,
RS_PAST_NA6034,NA6034,William,1861,https://catalogues.royalsociety.org/calmview/Record.aspx?src=CalmView.Persons&id=NA6034,,missing,,,1804,,200,https://catalogues.royalsociety.org/calmview/Record.aspx?src=CalmView.Persons&id=NA6034,
RS_PAST_NA6035,NA6035,Edward,1699,https://catalogues.royalsociety.org/calmview/Record.aspx?src=CalmView.Persons&id=NA6035,c.1678,circa_year,,1678,1678,1,200,https://catalogues.royalsociety.org/calmview/Record.aspx?src=CalmView.Persons&id=NA6035,
RS_PAST_NA6044,NA6044,Thomas Pridgen,1862,https://catalogues.royalsociety.org/calmview/Record.aspx?src=CalmView.Persons&id=NA6044,1800,year_only,,1800,1800,1,200,https://catalogues.royalsociety.org/calmview/Record.aspx?src=CalmView.Persons&id=NA6044,
RS_PAST_NA6062,NA6062,Anthony,1778,https://catalogues.royalsociety.org/calmview/Record.aspx?src=CalmView.Persons&id=NA6062,1732 or 1735,nonstandard_or_ambiguous,,,1732,,200,https://catalogues.royalsociety.org/calmview/Record.aspx?src=CalmView.Persons&id=NA6062,
RS_PAST_NA6069,NA6069,Edward,1796,https://catalogues.royalsociety.org/calmview/Record.aspx?src=CalmView.Persons&id=NA6069,c. 1758,circa_year,,1758,1758,1,200,https://catalogues.royalsociety.org/calmview/Record.aspx?src=CalmView.Persons&id=NA6069,
RS_PAST_NA6070,NA6070,Thomas Henry Shadwell,1833,https://catalogues.royalsociety.org/calmview/Record.aspx?src=CalmView.Persons&id=NA6070,1792,year_only,,1792,1792,1,200,https://catalogues.royalsociety.org/calmview/Record.aspx?src=CalmView.Persons&id=NA6070,
RS_PAST_NA6078,NA6078,Alexander,1663,https://catalogues.royalsociety.org/calmview/Record.aspx?src=CalmView.Persons&id=NA6078,1638,year_only,,1638,1638,1,200,https://catalogues.royalsociety.org/calmview/Record.aspx?src=CalmView.Persons&id=NA6078,
RS_PAST_NA6079,NA6079,William Chadwell,1826,https://catalogues.royalsociety.org/calmview/Record.aspx?src=CalmView.Persons&id=NA6079,05 or 06 April 1781,nonstandard_or_ambiguous,,,1781,,200,https://catalogues.royalsociety.org/calmview/Record.aspx?src=CalmView.Persons&id=NA6079,
RS_PAST_NA608,NA608,William Frederick,1828,https://catalogues.royalsociety.org/calmview/Record.aspx?src=CalmView.Persons&id=NA608,,missing,,,,,200,https://catalogues.royalsociety.org/calmview/Record.aspx?src=CalmView.Persons&id=NA608,
RS_PAST_NA6087,NA6087,Joseph William,1830,https://catalogues.royalsociety.org/calmview/Record.aspx?src=CalmView.Persons&id=NA6087,1803,year_only,,1803,1803,1,200,https://catalogues.royalsociety.org/calmview/Record.aspx?src=CalmView.Persons&id=NA6087,
RS_PAST_NA6088,NA6088,Henry,1674,https://catalogues.royalsociety.org/calmview/Record.aspx?src=CalmView.Persons&id=NA6088,,missing,,,,,200,https://catalogues.royalsociety.org/calmview/Record.aspx?src=CalmView.Persons&id=NA6088,
RS_PAST_NA6089,NA6089,Robert,1663,https://catalogues.royalsociety.org/calmview/Record.aspx?src=CalmView.Persons&id=NA6089,c. March 1626,nonstandard_or_ambiguous,,,1626,,200,https://catalogues.royalsociety.org/calmview/Record.aspx?src=CalmView.Persons&id=NA6089,
RS_PAST_NA6092,NA6092,James,1826,https://catalogues.royalsociety.org/calmview/Record.aspx?src=CalmView.Persons&id=NA6092,c. 1783,circa_year,,1783,1783,1,200,https://catalogues.royalsociety.org/calmview/Record.aspx?src=CalmView.Persons&id=NA6092,
RS_PAST_NA6094,NA6094,Henry,1679,https://catalogues.royalsociety.org/calmview/Record.aspx?src=CalmView.Persons&id=NA6094,c. April 1623,nonstandard_or_ambiguous,,,1623,,200,https://catalogues.royalsociety.org/calmview/Record.aspx?src=CalmView.Persons&id=NA6094,
RS_PAST_NA6098,NA6098,Gilbert,1665,https://catalogues.royalsociety.org/calmview/Record.aspx?src=CalmView.Persons&id=NA6098,19 June 1598,other,,,,,200,https://catalogues.royalsociety.org/calmview/Record.aspx?src=CalmView.Persons&id=NA6098,
RS_PAST_NA6101,NA6101,George Frederic,1818,https://catalogues.royalsociety.org/calmview/Record.aspx?src=CalmView.Persons&id=NA6101,c. 1773,circa_year,,1773,1773,1,200,https://catalogues.royalsociety.org/calmview/Record.aspx?src=CalmView.Persons&id=NA6101,
RS_PAST_NA6102,NA6102,Richard,1667,https://catalogues.royalsociety.org/calmview/Record.aspx?src=CalmView.Persons&id=NA6102,1631,year_only,,1631,1631,1,200,https://catalogues.royalsociety.org/calmview/Record.aspx?src=CalmView.Persons&id=NA6102,
RS_PAST_NA6104,NA6104,Henry,1681,https://catalogues.royalsociety.org/calmview/Record.aspx?src=CalmView.Persons&id=NA6104,1620,year_only,,1620,1620,1,200,https://catalogues.royalsociety.org/calmview/Record.aspx?src=CalmView.Persons&id=NA6104,
RS_PAST_NA6106,NA6106,Johann Wilhelm,1729,https://catalogues.royalsociety.org/calmview/Record.aspx?src=CalmView.Persons&id=NA6106,,missing,,,,,200,https://catalogues.royalsociety.org/calmview/Record.aspx?src=CalmView.Persons&id=NA6106,
RS_PAST_NA6108,NA6108,James William,1834,https://catalogues.royalsociety.org/calmview/Record.aspx?src=CalmView.Persons&id=NA6108,c. 1775,circa_year,,1775,1775,1,200,https://catalogues.royalsociety.org/calmview/Record.aspx?src=CalmView.Persons&id=NA6108,
RS_PAST_NA6113,NA6113,George Watson,1826,https://catalogues.royalsociety.org/calmview/Record.aspx?src=CalmView.Persons&id=NA6113,,missing,,,,,200,https://catalogues.royalsociety.org/calmview/Record.aspx?src=CalmView.Persons&id=NA6113,
RS_PAST_NA6134,NA6134,Christopher,1663,https://catalogues.royalsociety.org/calmview/Record.aspx?src=CalmView.Persons&id=NA6134,1620,year_only,,1620,1620,1,200,https://catalogues.royalsociety.org/calmview/Record.aspx?src=CalmView.Persons&id=NA6134,
RS_PAST_NA6135,NA6135,Charles Hampden,1821,https://catalogues.royalsociety.org/calmview/Record.aspx?src=CalmView.Persons&id=NA6135,,missing,,,,,200,https://catalogues.royalsociety.org/calmview/Record.aspx?src=CalmView.Persons&id=NA6135,
RS_PAST_NA6139,NA6139,Henry,1663,https://catalogues.royalsociety.org/calmview/Record.aspx?src=CalmView.Persons&id=NA6139,c. October 1630,nonstandard_or_ambiguous,,,1630,,200,https://catalogues.royalsociety.org/calmview/Record.aspx?src=CalmView.Persons&id=NA6139,
RS_PAST_NA6141,NA6141,Daines,1767,https://catalogues.royalsociety.org/calmview/Record.aspx?src=CalmView.Persons&id=NA6141,1727,year_only,,1727,1727,1,200,https://catalogues.royalsociety.org/calmview/Record.aspx?src=CalmView.Persons&id=NA6141,
RS_PAST_NA618,NA618,Thomas,1757,https://catalogues.royalsociety.org/calmview/Record.aspx?src=CalmView.Persons&id=NA618,,missing,,,,,200,https://catalogues.royalsociety.org/calmview/Record.aspx?src=CalmView.Persons&id=NA618,
RS_PAST_NA6227,NA6227,Richard,1790,https://catalogues.royalsociety.org/calmview/Record.aspx?src=CalmView.Persons&id=NA6227,c. 1746,circa_year,,1746,1746,1,200,https://catalogues.royalsociety.org/calmview/Record.aspx?src=CalmView.Persons&id=NA6227,
RS_PAST_NA6229,NA6229,Gilbert,1663,https://catalogues.royalsociety.org/calmview/Record.aspx?src=CalmView.Persons&id=NA6229,c 1606,circa_year,,1606,1606,1,200,https://catalogues.royalsociety.org/calmview/Record.aspx?src=CalmView.Persons&id=NA6229,
RS_PAST_NA6236,NA6236,Charles,1788,https://catalogues.royalsociety.org/calmview/Record.aspx?src=CalmView.Persons&id=NA6236,1749,year_only,,1749,1749,1,200,https://catalogues.royalsociety.org/calmview/Record.aspx?src=CalmView.Persons&id=NA6236,
RS_PAST_NA6237,NA6237,William,1776,https://catalogues.royalsociety.org/calmview/Record.aspx?src=CalmView.Persons&id=NA6237,1726,year_only,,1726,1726,1,200,https://catalogues.royalsociety.org/calmview/Record.aspx?src=CalmView.Persons&id=NA6237,
RS_PAST_NA6257,NA6257,John,1786,https://catalogues.royalsociety.org/calmview/Record.aspx?src=CalmView.Persons&id=NA6257,before 27 February 1754,nonstandard_or_ambiguous,,,,,200,https://catalogues.royalsociety.org/calmview/Record.aspx?src=CalmView.Persons&id=NA6257,
RS_PAST_NA6274,NA6274,Henry Herbert,1825,https://catalogues.royalsociety.org/calmview/Record.aspx?src=CalmView.Persons&id=NA6274,1783 or 18 January 1784,nonstandard_or_ambiguous,,,,,200,https://catalogues.royalsociety.org/calmview/Record.aspx?src=CalmView.Persons&id=NA6274,
RS_PAST_NA6292,NA6292,William,1837,https://catalogues.royalsociety.org/calmview/Record.aspx?src=CalmView.Persons&id=NA6292,1777,year_only,,1777,1777,1,200,https://catalogues.royalsociety.org/calmview/Record.aspx?src=CalmView.Persons&id=NA6292,
RS_PAST_NA6302,NA6302,Giles,1660,https://catalogues.royalsociety.org/calmview/Record.aspx?src=CalmView.Persons&id=NA6302,,missing,,,,,200,https://catalogues.royalsociety.org/calmview/Record.aspx?src=CalmView.Persons&id=NA6302,
RS_PAST_NA6304,NA6304,John,1661,https://catalogues.royalsociety.org/calmview/Record.aspx?src=CalmView.Persons&id=NA6304,1605,year_only,,1605,1605,1,200,https://catalogues.royalsociety.org/calmview/Record.aspx?src=CalmView.Persons&id=NA6304,
RS_PAST_NA6305,NA6305,John,1668,https://catalogues.royalsociety.org/calmview/Record.aspx?src=CalmView.Persons&id=NA6305,,missing,,,,,200,https://catalogues.royalsociety.org/calmview/Record.aspx?src=CalmView.Persons&id=NA6305,
RS_PAST_NA6306,NA6306,Mungo,1661,https://catalogues.royalsociety.org/calmview/Record.aspx?src=CalmView.Persons&id=NA6306,12 October 1599,other,,,,,200,https://catalogues.royalsociety.org/calmview/Record.aspx?src=CalmView.Persons&id=NA6306,
RS_PAST_NA6311,NA6311,Count of Briancon,1706,https://catalogues.royalsociety.org/calmview/Record.aspx?src=CalmView.Persons&id=NA6311,,missing,,,,,200,https://catalogues.royalsociety.org/calmview/Record.aspx?src=CalmView.Persons&id=NA6311,
RS_PAST_NA6317,NA6317,Richard,1837,https://catalogues.royalsociety.org/calmview/Record.aspx?src=CalmView.Persons&id=NA6317,1799,year_only,,1799,1799,1,200,https://catalogues.royalsociety.org/calmview/Record.aspx?src=CalmView.Persons&id=NA6317,
RS_PAST_NA632,NA632,Jacobus,1736,https://catalogues.royalsociety.org/calmview/Record.aspx?src=CalmView.Persons&id=NA632,,missing,,,,,200,https://catalogues.royalsociety.org/calmview/Record.aspx?src=CalmView.Persons&id=NA632,
RS_PAST_NA6321,NA6321,John,1753,https://catalogues.royalsociety.org/calmview/Record.aspx?src=CalmView.Persons&id=NA6321,,missing,,,,,200,https://catalogues.royalsociety.org/calmview/Record.aspx?src=CalmView.Persons&id=NA6321,
RS_PAST_NA6324,NA6324,Alexander,1838,https://catalogues.royalsociety.org/calmview/Record.aspx?src=CalmView.Persons&id=NA6324,c. 1781,circa_year,,1781,1781,1,200,https://catalogues.royalsociety.org/calmview/Record.aspx?src=CalmView.Persons&id=NA6324,
RS_PAST_NA6326,NA6326,George Henry Sacheverell,1838,https://catalogues.royalsociety.org/calmview/Record.aspx?src=CalmView.Persons&id=NA6326,1808,year_only,,1808,1808,1,200,https://catalogues.royalsociety.org/calmview/Record.aspx?src=CalmView.Persons&id=NA6326,
RS_PAST_NA6339,NA6339,William Hutcheon,1847,https://catalogues.royalsociety.org/calmview/Record.aspx?src=CalmView.Persons&id=NA6339,c. 1797,circa_year,,1797,1797,1,200,https://catalogues.royalsociety.org/calmview/Record.aspx?src=CalmView.Persons&id=NA6339,
RS_PAST_NA6341,NA6341,Charles,1727,https://catalogues.royalsociety.org/calmview/Record.aspx?src=CalmView.Persons&id=NA6341,,missing,,,,,200,https://catalogues.royalsociety.org/calmview/Record.aspx?src=CalmView.Persons&id=NA6341,
RS_PAST_NA6346,NA6346,William,1869,https://catalogues.royalsociety.org/calmview/Record.aspx?src=CalmView.Persons&id=NA6346,17 May 1838 or 17 May 1839,nonstandard_or_ambiguous,,,1838,,200,https://catalogues.royalsociety.org/calmview/Record.aspx?src=CalmView.Persons&id=NA6346,
RS_PAST_NA6365,NA6365,Kingsmill,1668,https://catalogues.royalsociety.org/calmview/Record.aspx?src=CalmView.Persons&id=NA6365,c 1649,circa_year,,1649,1649,1,200,https://catalogues.royalsociety.org/calmview/Record.aspx?src=CalmView.Persons&id=NA6365,
RS_PAST_NA6371,NA6371,Jacob,1732,https://catalogues.royalsociety.org/calmview/Record.aspx?src=CalmView.Persons&id=NA6371,,missing,,,1700,,200,https://catalogues.royalsociety.org/calmview/Record.aspx?src=CalmView.Persons&id=NA6371,
RS_PAST_NA6374,NA6374,Thomas,1836,https://catalogues.royalsociety.org/calmview/Record.aspx?src=CalmView.Persons&id=NA6374,20 or 21 December 1805,nonstandard_or_ambiguous,,,1805,,200,https://catalogues.royalsociety.org/calmview/Record.aspx?src=CalmView.Persons&id=NA6374,
RS_PAST_NA6381,NA6381,Robin Buchanan,1978,https://catalogues.royalsociety.org/calmview/Record.aspx?src=CalmView.Persons&id=NA6381,,missing,,,,,200,https://catalogues.royalsociety.org/calmview/Record.aspx?src=CalmView.Persons&id=NA6381,
RS_PAST_NA6401,NA6401,Alexander,1873,https://catalogues.royalsociety.org/calmview/Record.aspx?src=CalmView.Persons&id=NA6401,1818,year_only,,1818,1818,1,200,https://catalogues.royalsociety.org/calmview/Record.aspx?src=CalmView.Persons&id=NA6401,
RS_PAST_NA6403,NA6403,William,1871,https://catalogues.royalsociety.org/calmview/Record.aspx?src=CalmView.Persons&id=NA6403,11 or 14 September 1811,nonstandard_or_ambiguous,,,1811,,200,https://catalogues.royalsociety.org/calmview/Record.aspx?src=CalmView.Persons&id=NA6403,
RS_PAST_NA6413,NA6413,John,1780,https://catalogues.royalsociety.org/calmview/Record.aspx?src=CalmView.Persons&id=NA6413,,missing,,,1729,,200,https://catalogues.royalsociety.org/calmview/Record.aspx?src=CalmView.Persons&id=NA6413,
RS_PAST_NA642,NA642,Michael,1791,https://catalogues.royalsociety.org/calmview/Record.aspx?src=CalmView.Persons&id=NA642,1736,year_only,,1736,1736,1,200,https://catalogues.royalsociety.org/calmview/Record.aspx?src=CalmView.Persons&id=NA642,
RS_PAST_NA6433,NA6433,Benjamin,1666,https://catalogues.royalsociety.org/calmview/Record.aspx?src=CalmView.Persons&id=NA6433,1591,other,,,,,200,https://catalogues.royalsociety.org/calmview/Record.aspx?src=CalmView.Persons&id=NA6433,
RS_PAST_NA6444,NA6444,John,1875,https://catalogues.royalsociety.org/calmview/Record.aspx?src=CalmView.Persons&id=NA6444,May 1820,nonstandard_or_ambiguous,,,1820,,200,https://catalogues.royalsociety.org/calmview/Record.aspx?src=CalmView.Persons&id=NA6444,
RS_PAST_NA6478,NA6478,Edward,1698,https://catalogues.royalsociety.org/calmview/Record.aspx?src=CalmView.Persons&id=NA6478,1658,year_only,,1658,1658,1,200,https://catalogues.royalsociety.org/calmview/Record.aspx?src=CalmView.Persons&id=NA6478,
RS_PAST_NA6489,NA6489,Francis Stephen Bennet Francois de,1879,https://catalogues.royalsociety.org/calmview/Record.aspx?src=CalmView.Persons&id=NA6489,,missing,,,1833,,200,https://catalogues.royalsociety.org/calmview/Record.aspx?src=CalmView.Persons&id=NA6489,
RS_PAST_NA6490,NA6490,George John,1879,https://catalogues.royalsociety.org/calmview/Record.aspx?src=CalmView.Persons&id=NA6490,02 or 20 May 1848,nonstandard_or_ambiguous,,,1848,,200,https://catalogues.royalsociety.org/calmview/Record.aspx?src=CalmView.Persons&id=NA6490,
RS_PAST_NA6516,NA6516,William Henry,1878,https://catalogues.royalsociety.org/calmview/Record.aspx?src=CalmView.Persons&id=NA6516,12 or 13 July 1816,nonstandard_or_ambiguous,,,1817,,200,https://catalogues.royalsociety.org/calmview/Record.aspx?src=CalmView.Persons&id=NA6516,
RS_PAST_NA6529,NA6529,Edward,1828,https://catalogues.royalsociety.org/calmview/Record.aspx?src=CalmView.Persons&id=NA6529,,missing,,,,,200,https://catalogues.royalsociety.org/calmview/Record.aspx?src=CalmView.Persons&id=NA6529,
RS_PAST_NA6548,NA6548,Andrew,1680,https://catalogues.royalsociety.org/calmview/Record.aspx?src=CalmView.Persons&id=NA6548,,missing,,,,,200,https://catalogues.royalsociety.org/calmview/Record.aspx?src=CalmView.Persons&id=NA6548,
RS_PAST_NA6552,NA6552,Forbes,1786,https://catalogues.royalsociety.org/calmview/Record.aspx?src=CalmView.Persons&id=NA6552,1725,year_only,,1725,1725,1,200,https://catalogues.royalsociety.org/calmview/Record.aspx?src=CalmView.Persons&id=NA6552,
RS_PAST_NA6553,NA6553,Alexander,1798,https://catalogues.royalsociety.org/calmview/Record.aspx?src=CalmView.Persons&id=NA6553,,missing,,,1758,,200,https://catalogues.royalsociety.org/calmview/Record.aspx?src=CalmView.Persons&id=NA6553,
RS_PAST_NA6554,NA6554,Philip Carteret,1749,https://catalogues.royalsociety.org/calmview/Record.aspx?src=CalmView.Persons&id=NA6554,1700,year_only,,1700,1700,1,200,https://catalogues.royalsociety.org/calmview/Record.aspx?src=CalmView.Persons&id=NA6554,
RS_PAST_NA6556,NA6556,Alexander,1854,https://catalogues.royalsociety.org/calmview/Record.aspx?src=CalmView.Persons&id=NA6556,1802,year_only,,1802,1802,1,200,https://catalogues.royalsociety.org/calmview/Record.aspx?src=CalmView.Persons&id=NA6556,
RS_PAST_NA6557,NA6557,Noah,1745,https://catalogues.royalsociety.org/calmview/Record.aspx?src=CalmView.Persons&id=NA6557,,missing,,,,,200,https://catalogues.royalsociety.org/calmview/Record.aspx?src=CalmView.Persons&id=NA6557,
RS_PAST_NA6559,NA6559,Israel,1751,https://catalogues.royalsociety.org/calmview/Record.aspx?src=CalmView.Persons&id=NA6559,1708,year_only,,1708,1708,1,200,https://catalogues.royalsociety.org/calmview/Record.aspx?src=CalmView.Persons&id=NA6559,
RS_PAST_NA6565,NA6565,Thomas Lister,1815,https://catalogues.royalsociety.org/calmview/Record.aspx?src=CalmView.Persons&id=NA6565,17 or 27 September 1779,nonstandard_or_ambiguous,,,1779,,200,https://catalogues.royalsociety.org/calmview/Record.aspx?src=CalmView.Persons&id=NA6565,
RS_PAST_NA6567,NA6567,Clarke,1819,https://catalogues.royalsociety.org/calmview/Record.aspx?src=CalmView.Persons&id=NA6567,c. 1780,circa_year,,1780,1780,1,200,https://catalogues.royalsociety.org/calmview/Record.aspx?src=CalmView.Persons&id=NA6567,
RS_PAST_NA6586,NA6586,Edmund,1663,https://catalogues.royalsociety.org/calmview/Record.aspx?src=CalmView.Persons&id=NA6586,? 10 October 1618,nonstandard_or_ambiguous,,,1618,,200,https://catalogues.royalsociety.org/calmview/Record.aspx?src=CalmView.Persons&id=NA6586,
RS_PAST_NA6590,NA6590,James,1812,https://catalogues.royalsociety.org/calmview/Record.aspx?src=CalmView.Persons&id=NA6590,,missing,,,,,200,https://catalogues.royalsociety.org/calmview/Record.aspx?src=CalmView.Persons&id=NA6590,
RS_PAST_NA660,NA660,Antonio,1734,https://catalogues.royalsociety.org/calmview/Record.aspx?src=CalmView.Persons&id=NA660,,missing,,,1684,,200,https://catalogues.royalsociety.org/calmview/Record.aspx?src=CalmView.Persons&id=NA660,
RS_PAST_NA6603,NA6603,Thomas,1768,https://catalogues.royalsociety.org/calmview/Record.aspx?src=CalmView.Persons&id=NA6603,,missing,,,,,200,https://catalogues.royalsociety.org/calmview/Record.aspx?src=CalmView.Persons&id=NA6603,
RS_PAST_NA6619,NA6619,Robert,1819,https://catalogues.royalsociety.org/calmview/Record.aspx?src=CalmView.Persons&id=NA6619,,missing,,,,,200,https://catalogues.royalsociety.org/calmview/Record.aspx?src=CalmView.Persons&id=NA6619,
RS_PAST_NA6627,NA6627,Thomas William,1839,https://catalogues.royalsociety.org/calmview/Record.aspx?src=CalmView.Persons&id=NA6627,25 or 29 May 1808,nonstandard_or_ambiguous,,,1808,,200,https://catalogues.royalsociety.org/calmview/Record.aspx?src=CalmView.Persons&id=NA6627,
RS_PAST_NA6631,NA6631,John,1711,https://catalogues.royalsociety.org/calmview/Record.aspx?src=CalmView.Persons&id=NA6631,,missing,,,,,200,https://catalogues.royalsociety.org/calmview/Record.aspx?src=CalmView.Persons&id=NA6631,
RS_PAST_NA6635,NA6635,Giovanni Battista,1674,https://catalogues.royalsociety.org/calmview/Record.aspx?src=CalmView.Persons&id=NA6635,,missing,,,1634,,200,https://catalogues.royalsociety.org/calmview/Record.aspx?src=CalmView.Persons&id=NA6635,
RS_PAST_NA6647,NA6647,William,1882,https://catalogues.royalsociety.org/calmview/Record.aspx?src=CalmView.Persons&id=NA6647,14 or 15 April 1833,nonstandard_or_ambiguous,,,1833,,200,https://catalogues.royalsociety.org/calmview/Record.aspx?src=CalmView.Persons&id=NA6647,
RS_PAST_NA6663,NA6663,James,1816,https://catalogues.royalsociety.org/calmview/Record.aspx?src=CalmView.Persons&id=NA6663,c 1772,circa_year,,1772,1772,1,200,https://catalogues.royalsociety.org/calmview/Record.aspx?src=CalmView.Persons&id=NA6663,
RS_PAST_NA6664,NA6664,H Alexander,1839,https://catalogues.royalsociety.org/calmview/Record.aspx?src=CalmView.Persons&id=NA6664,,missing,,,,,200,https://catalogues.royalsociety.org/calmview/Record.aspx?src=CalmView.Persons&id=NA6664,
RS_PAST_NA6665,NA6665,James,1828,https://catalogues.royalsociety.org/calmview/Record.aspx?src=CalmView.Persons&id=NA6665,1799,year_only,,1799,1799,1,200,https://catalogues.royalsociety.org/calmview/Record.aspx?src=CalmView.Persons&id=NA6665,
RS_PAST_NA6675,NA6675,William,1667,https://catalogues.royalsociety.org/calmview/Record.aspx?src=CalmView.Persons&id=NA6675,c. 1642,circa_year,,1642,1642,1,200,https://catalogues.royalsociety.org/calmview/Record.aspx?src=CalmView.Persons&id=NA6675,
RS_PAST_NA6679,NA6679,John,1727,https://catalogues.royalsociety.org/calmview/Record.aspx?src=CalmView.Persons&id=NA6679,c 1683,circa_year,,1683,1683,1,200,https://catalogues.royalsociety.org/calmview/Record.aspx?src=CalmView.Persons&id=NA6679,
RS_PAST_NA6684,NA6684,John Van de,1678,https://catalogues.royalsociety.org/calmview/Record.aspx?src=CalmView.Persons&id=NA6684,c. 1655,circa_year,,1655,1655,1,200,https://catalogues.royalsociety.org/calmview/Record.aspx?src=CalmView.Persons&id=NA6684,
RS_PAST_NA6688,NA6688,Sydney,1885,https://catalogues.royalsociety.org/calmview/Record.aspx?src=CalmView.Persons&id=NA6688,1835,year_only,,1835,1835,1,200,https://catalogues.royalsociety.org/calmview/Record.aspx?src=CalmView.Persons&id=NA6688,
RS_PAST_NA6690,NA6690,Edward,1668,https://catalogues.royalsociety.org/calmview/Record.aspx?src=CalmView.Persons&id=NA6690,,missing,,,1623,,200,https://catalogues.royalsociety.org/calmview/Record.aspx?src=CalmView.Persons&id=NA6690,
RS_PAST_NA6691,NA6691,Joseph,1729,https://catalogues.royalsociety.org/calmview/Record.aspx?src=CalmView.Persons&id=NA6691,1677,year_only,,1677,1677,1,200,https://catalogues.royalsociety.org/calmview/Record.aspx?src=CalmView.Persons&id=NA6691,
RS_PAST_NA6692,NA6692,Thomas,1730,https://catalogues.royalsociety.org/calmview/Record.aspx?src=CalmView.Persons&id=NA6692,c. 1696,circa_year,,1696,1696,1,200,https://catalogues.royalsociety.org/calmview/Record.aspx?src=CalmView.Persons&id=NA6692,
RS_PAST_NA6697,NA6697,Abraham,1789,https://catalogues.royalsociety.org/calmview/Record.aspx?src=CalmView.Persons&id=NA6697,,missing,,,1749,,200,https://catalogues.royalsociety.org/calmview/Record.aspx?src=CalmView.Persons&id=NA6697,
RS_PAST_NA6698,NA6698,Laurence,1681,https://catalogues.royalsociety.org/calmview/Record.aspx?src=CalmView.Persons&id=NA6698,,missing,,,,,200,https://catalogues.royalsociety.org/calmview/Record.aspx?src=CalmView.Persons&id=NA6698,
RS_PAST_NA6699,NA6699,Walter,1711,https://catalogues.royalsociety.org/calmview/Record.aspx?src=CalmView.Persons&id=NA6699,,missing,,,1670,,200,https://catalogues.royalsociety.org/calmview/Record.aspx?src=CalmView.Persons&id=NA6699,
RS_PAST_NA6701,NA6701,John,1729,https://catalogues.royalsociety.org/calmview/Record.aspx?src=CalmView.Persons&id=NA6701,1688,year_only,,1688,1688,1,200,https://catalogues.royalsociety.org/calmview/Record.aspx?src=CalmView.Persons&id=NA6701,
RS_PAST_NA6703,NA6703,John,1767,https://catalogues.royalsociety.org/calmview/Record.aspx?src=CalmView.Persons&id=NA6703,,missing,,,,,200,https://catalogues.royalsociety.org/calmview/Record.aspx?src=CalmView.Persons&id=NA6703,
RS_PAST_NA6707,NA6707,John,1718,https://catalogues.royalsociety.org/calmview/Record.aspx?src=CalmView.Persons&id=NA6707,c 1667,circa_year,,1667,1667,1,200,https://catalogues.royalsociety.org/calmview/Record.aspx?src=CalmView.Persons&id=NA6707,
RS_PAST_NA6709,NA6709,Robert Johnston,1726,https://catalogues.royalsociety.org/calmview/Record.aspx?src=CalmView.Persons&id=NA6709,,missing,,,,,200,https://catalogues.royalsociety.org/calmview/Record.aspx?src=CalmView.Persons&id=NA6709,
RS_PAST_NA6711,NA6711,William,1730,https://catalogues.royalsociety.org/calmview/Record.aspx?src=CalmView.Persons&id=NA6711,c. 1700,circa_year,,1700,1700,1,200,https://catalogues.royalsociety.org/calmview/Record.aspx?src=CalmView.Persons&id=NA6711,
RS_PAST_NA6712,NA6712,George,1708,https://catalogues.royalsociety.org/calmview/Record.aspx?src=CalmView.Persons&id=NA6712,1666,year_only,,1666,1666,1,200,https://catalogues.royalsociety.org/calmview/Record.aspx?src=CalmView.Persons&id=NA6712,
RS_PAST_NA6713,NA6713,Ludwig Friedrich,1711,https://catalogues.royalsociety.org/calmview/Record.aspx?src=CalmView.Persons&id=NA6713,,missing,,,,,200,https://catalogues.royalsociety.org/calmview/Record.aspx?src=CalmView.Persons&id=NA6713,
RS_PAST_NA6714,NA6714,Charles,1722,https://catalogues.royalsociety.org/calmview/Record.aspx?src=CalmView.Persons&id=NA6714,,missing,,,1670,,200,https://catalogues.royalsociety.org/calmview/Record.aspx?src=CalmView.Persons&id=NA6714,
RS_PAST_NA6715,NA6715,William,1718,https://catalogues.royalsociety.org/calmview/Record.aspx?src=CalmView.Persons&id=NA6715,1684,year_only,,1684,1684,1,200,https://catalogues.royalsociety.org/calmview/Record.aspx?src=CalmView.Persons&id=NA6715,
RS_PAST_NA6721,NA6721,Philip,1706,https://catalogues.royalsociety.org/calmview/Record.aspx?src=CalmView.Persons&id=NA6721,1677,year_only,,1677,1677,1,200,https://catalogues.royalsociety.org/calmview/Record.aspx?src=CalmView.Persons&id=NA6721,
RS_PAST_NA6726,NA6726,Charles Du,1700,https://catalogues.royalsociety.org/calmview/Record.aspx?src=CalmView.Persons&id=NA6726,c 1656,circa_year,,1656,1656,1,200,https://catalogues.royalsociety.org/calmview/Record.aspx?src=CalmView.Persons&id=NA6726,
RS_PAST_NA6728,NA6728,Peniston,1703,https://catalogues.royalsociety.org/calmview/Record.aspx?src=CalmView.Persons&id=NA6728,1681,year_only,,1681,1681,1,200,https://catalogues.royalsociety.org/calmview/Record.aspx?src=CalmView.Persons&id=NA6728,
RS_PAST_NA6735,NA6735,John,1664,https://catalogues.royalsociety.org/calmview/Record.aspx?src=CalmView.Persons&id=NA6735,,missing,,,1630,,200,https://catalogues.royalsociety.org/calmview/Record.aspx?src=CalmView.Persons&id=NA6735,
RS_PAST_NA6736,NA6736,Littleton,1730,https://catalogues.royalsociety.org/calmview/Record.aspx?src=CalmView.Persons&id=NA6736,,missing,,,,,200,https://catalogues.royalsociety.org/calmview/Record.aspx?src=CalmView.Persons&id=NA6736,
RS_PAST_NA6737,NA6737,Owen,1710,https://catalogues.royalsociety.org/calmview/Record.aspx?src=CalmView.Persons&id=NA6737,,missing,,,1679,,200,https://catalogues.royalsociety.org/calmview/Record.aspx?src=CalmView.Persons&id=NA6737,
RS_PAST_NA6738,NA6738,James,1663,https://catalogues.royalsociety.org/calmview/Record.aspx?src=CalmView.Persons&id=NA6738,1645,year_only,,1645,1645,1,200,https://catalogues.royalsociety.org/calmview/Record.aspx?src=CalmView.Persons&id=NA6738,
RS_PAST_NA6739,NA6739,Richard,1681,https://catalogues.royalsociety.org/calmview/Record.aspx?src=CalmView.Persons&id=NA6739,c 1646,circa_year,,1646,1646,1,200,https://catalogues.royalsociety.org/calmview/Record.aspx?src=CalmView.Persons&id=NA6739,
RS_PAST_NA6740,NA6740,Jean Baptiste Nicolas,1749,https://catalogues.royalsociety.org/calmview/Record.aspx?src=CalmView.Persons&id=NA6740,1693,year_only,,1693,1693,1,200,https://catalogues.royalsociety.org/calmview/Record.aspx?src=CalmView.Persons&id=NA6740,
RS_PAST_NA6741,NA6741,James,1699,https://catalogues.royalsociety.org/calmview/Record.aspx?src=CalmView.Persons&id=NA6741,1669,year_only,,1669,1669,1,200,https://catalogues.royalsociety.org/calmview/Record.aspx?src=CalmView.Persons&id=NA6741,
RS_PAST_NA6743,NA6743,José de,1682,https://catalogues.royalsociety.org/calmview/Record.aspx?src=CalmView.Persons&id=NA6743,,missing,,,,,200,https://catalogues.royalsociety.org/calmview/Record.aspx?src=CalmView.Persons&id=NA6743,
RS_PAST_NA6744,NA6744,Theodor de,1667,https://catalogues.royalsociety.org/calmview/Record.aspx?src=CalmView.Persons&id=NA6744,1644,year_only,,1644,1644,1,200,https://catalogues.royalsociety.org/calmview/Record.aspx?src=CalmView.Persons&id=NA6744,
RS_PAST_NA6746,NA6746,John,1718,https://catalogues.royalsociety.org/calmview/Record.aspx?src=CalmView.Persons&id=NA6746,March 1688,nonstandard_or_ambiguous,,,1688,,200,https://catalogues.royalsociety.org/calmview/Record.aspx?src=CalmView.Persons&id=NA6746,
RS_PAST_NA6747,NA6747,John,1702,https://catalogues.royalsociety.org/calmview/Record.aspx?src=CalmView.Persons&id=NA6747,c 1666,circa_year,,1666,1666,1,200,https://catalogues.royalsociety.org/calmview/Record.aspx?src=CalmView.Persons&id=NA6747,
RS_PAST_NA6748,NA6748,Edward,1683,https://catalogues.royalsociety.org/calmview/Record.aspx?src=CalmView.Persons&id=NA6748,,missing,,,,,200,https://catalogues.royalsociety.org/calmview/Record.aspx?src=CalmView.Persons&id=NA6748,
RS_PAST_NA6750,NA6750,Joseph,1689,https://catalogues.royalsociety.org/calmview/Record.aspx?src=CalmView.Persons&id=NA6750,? 1648,nonstandard_or_ambiguous,,,,,200,https://catalogues.royalsociety.org/calmview/Record.aspx?src=CalmView.Persons&id=NA6750,
RS_PAST_NA6751,NA6751,Jean,1702,https://catalogues.royalsociety.org/calmview/Record.aspx?src=CalmView.Persons&id=NA6751,c. 1664,circa_year,,1664,1664,1,200,https://catalogues.royalsociety.org/calmview/Record.aspx?src=CalmView.Persons&id=NA6751,
RS_PAST_NA6752,NA6752,Pietro Antonio,1718,https://catalogues.royalsociety.org/calmview/Record.aspx?src=CalmView.Persons&id=NA6752,1680,year_only,,1680,1680,1,200,https://catalogues.royalsociety.org/calmview/Record.aspx?src=CalmView.Persons&id=NA6752,
RS_PAST_NA6753,NA6753,George,1702,https://catalogues.royalsociety.org/calmview/Record.aspx?src=CalmView.Persons&id=NA6753,1671,year_only,,1671,1671,1,200,https://catalogues.royalsociety.org/calmview/Record.aspx?src=CalmView.Persons&id=NA6753,
RS_PAST_NA6754,NA6754,Charles,1837,https://catalogues.royalsociety.org/calmview/Record.aspx?src=CalmView.Persons&id=NA6754,1802,year_only,,1802,1802,1,200,https://catalogues.royalsociety.org/calmview/Record.aspx?src=CalmView.Persons&id=NA6754,
RS_PAST_NA6755,NA6755,Silius,1669,https://catalogues.royalsociety.org/calmview/Record.aspx?src=CalmView.Persons&id=NA6755,c. 1623,circa_year,,1623,1623,1,200,https://catalogues.royalsociety.org/calmview/Record.aspx?src=CalmView.Persons&id=NA6755,
RS_PAST_NA6756,NA6756,Anthony,1669,https://catalogues.royalsociety.org/calmview/Record.aspx?src=CalmView.Persons&id=NA6756,1641,year_only,,1641,1641,1,200,https://catalogues.royalsociety.org/calmview/Record.aspx?src=CalmView.Persons&id=NA6756,
RS_PAST_NA6757,NA6757,Justus van,1715,https://catalogues.royalsociety.org/calmview/Record.aspx?src=CalmView.Persons&id=NA6757,11 February or 21 April 1684,nonstandard_or_ambiguous,,,1684,,200,https://catalogues.royalsociety.org/calmview/Record.aspx?src=CalmView.Persons&id=NA6757,
RS_PAST_NA6758,NA6758,John Benjamin,1838,https://catalogues.royalsociety.org/calmview/Record.aspx?src=CalmView.Persons&id=NA6758,c 1793,circa_year,,1793,1793,1,200,https://catalogues.royalsociety.org/calmview/Record.aspx?src=CalmView.Persons&id=NA6758,
RS_PAST_NA6760,NA6760,Henry,1709,https://catalogues.royalsociety.org/calmview/Record.aspx?src=CalmView.Persons&id=NA6760,1682,year_only,,1682,1682,1,200,https://catalogues.royalsociety.org/calmview/Record.aspx?src=CalmView.Persons&id=NA6760,
RS_PAST_NA6761,NA6761,Henry,1663,https://catalogues.royalsociety.org/calmview/Record.aspx?src=CalmView.Persons&id=NA6761,c 1623,circa_year,,1623,1623,1,200,https://catalogues.royalsociety.org/calmview/Record.aspx?src=CalmView.Persons&id=NA6761,
RS_PAST_NA6762,NA6762,William,1706,https://catalogues.royalsociety.org/calmview/Record.aspx?src=CalmView.Persons&id=NA6762,c 1665,circa_year,,1665,1665,1,200,https://catalogues.royalsociety.org/calmview/Record.aspx?src=CalmView.Persons&id=NA6762,
RS_PAST_NA6763,NA6763,James,1699,https://catalogues.royalsociety.org/calmview/Record.aspx?src=CalmView.Persons&id=NA6763,c 1667,circa_year,,1667,1667,1,200,https://catalogues.royalsociety.org/calmview/Record.aspx?src=CalmView.Persons&id=NA6763,
RS_PAST_NA6777,NA6777,Hieronymus,1731,https://catalogues.royalsociety.org/calmview/Record.aspx?src=CalmView.Persons&id=NA6777,,missing,,,,,200,https://catalogues.royalsociety.org/calmview/Record.aspx?src=CalmView.Persons&id=NA6777,
RS_PAST_NA6778,NA6778,Edward,1732,https://catalogues.royalsociety.org/calmview/Record.aspx?src=CalmView.Persons&id=NA6778,1698,year_only,,1698,1698,1,200,https://catalogues.royalsociety.org/calmview/Record.aspx?src=CalmView.Persons&id=NA6778,
RS_PAST_NA6782,NA6782,William,1787,https://catalogues.royalsociety.org/calmview/Record.aspx?src=CalmView.Persons&id=NA6782,1724,year_only,,1724,1724,1,200,https://catalogues.royalsociety.org/calmview/Record.aspx?src=CalmView.Persons&id=NA6782,
RS_PAST_NA6783,NA6783,Edward,1733,https://catalogues.royalsociety.org/calmview/Record.aspx?src=CalmView.Persons&id=NA6783,1698,year_only,,1698,1698,1,200,https://catalogues.royalsociety.org/calmview/Record.aspx?src=CalmView.Persons&id=NA6783,
RS_PAST_NA6785,NA6785,Johann Gabriel,1733,https://catalogues.royalsociety.org/calmview/Record.aspx?src=CalmView.Persons&id=NA6785,1671,year_only,,1671,1671,1,200,https://catalogues.royalsociety.org/calmview/Record.aspx?src=CalmView.Persons&id=NA6785,
RS_PAST_NA6789,NA6789,Henri Louis,1735,https://catalogues.royalsociety.org/calmview/Record.aspx?src=CalmView.Persons&id=NA6789,1700,year_only,,1700,1700,1,200,https://catalogues.royalsociety.org/calmview/Record.aspx?src=CalmView.Persons&id=NA6789,
RS_PAST_NA6793,NA6793,David,1736,https://catalogues.royalsociety.org/calmview/Record.aspx?src=CalmView.Persons&id=NA6793,? 1705,nonstandard_or_ambiguous,,,,,200,https://catalogues.royalsociety.org/calmview/Record.aspx?src=CalmView.Persons&id=NA6793,
RS_PAST_NA6794,NA6794,Joseph,1736,https://catalogues.royalsociety.org/calmview/Record.aspx?src=CalmView.Persons&id=NA6794,1663,year_only,,1663,1663,1,200,https://catalogues.royalsociety.org/calmview/Record.aspx?src=CalmView.Persons&id=NA6794,
RS_PAST_NA6795,NA6795,Nicholas,1738,https://catalogues.royalsociety.org/calmview/Record.aspx?src=CalmView.Persons&id=NA6795,,missing,,,,,200,https://catalogues.royalsociety.org/calmview/Record.aspx?src=CalmView.Persons&id=NA6795,
RS_PAST_NA6797,NA6797,William,1738,https://catalogues.royalsociety.org/calmview/Record.aspx?src=CalmView.Persons&id=NA6797,,missing,,,,,200,https://catalogues.royalsociety.org/calmview/Record.aspx?src=CalmView.Persons&id=NA6797,
RS_PAST_NA6801,NA6801,Josephus de,1740,https://catalogues.royalsociety.org/calmview/Record.aspx?src=CalmView.Persons&id=NA6801,,missing,,,,,200,https://catalogues.royalsociety.org/calmview/Record.aspx?src=CalmView.Persons&id=NA6801,
RS_PAST_NA6802,NA6802,Henry Stewart,1740,https://catalogues.royalsociety.org/calmview/Record.aspx?src=CalmView.Persons&id=NA6802,,missing,,,,,200,https://catalogues.royalsociety.org/calmview/Record.aspx?src=CalmView.Persons&id=NA6802,
RS_PAST_NA6803,NA6803,Peter,1740,https://catalogues.royalsociety.org/calmview/Record.aspx?src=CalmView.Persons&id=NA6803,1695,year_only,,1695,1695,1,200,https://catalogues.royalsociety.org/calmview/Record.aspx?src=CalmView.Persons&id=NA6803,
RS_PAST_NA6805,NA6805,George,1740,https://catalogues.royalsociety.org/calmview/Record.aspx?src=CalmView.Persons&id=NA6805,1700,year_only,,1700,1700,1,200,https://catalogues.royalsociety.org/calmview/Record.aspx?src=CalmView.Persons&id=NA6805,
RS_PAST_NA6807,NA6807,Pierre de,1741,https://catalogues.royalsociety.org/calmview/Record.aspx?src=CalmView.Persons&id=NA6807,,missing,,,,,200,https://catalogues.royalsociety.org/calmview/Record.aspx?src=CalmView.Persons&id=NA6807,
RS_PAST_NA6808,NA6808,Edward,1742,https://catalogues.royalsociety.org/calmview/Record.aspx?src=CalmView.Persons&id=NA6808,c 1712,circa_year,,1712,1712,1,200,https://catalogues.royalsociety.org/calmview/Record.aspx?src=CalmView.Persons&id=NA6808,
RS_PAST_NA6813,NA6813,Benjamin,1745,https://catalogues.royalsociety.org/calmview/Record.aspx?src=CalmView.Persons&id=NA6813,1697,year_only,,1697,1697,1,200,https://catalogues.royalsociety.org/calmview/Record.aspx?src=CalmView.Persons&id=NA6813,
RS_PAST_NA6814,NA6814,William,1745,https://catalogues.royalsociety.org/calmview/Record.aspx?src=CalmView.Persons&id=NA6814,,missing,,,1708,,200,https://catalogues.royalsociety.org/calmview/Record.aspx?src=CalmView.Persons&id=NA6814,
RS_PAST_NA6816,NA6816,Francis,1746,https://catalogues.royalsociety.org/calmview/Record.aspx?src=CalmView.Persons&id=NA6816,December 1708,nonstandard_or_ambiguous,,,1708,,200,https://catalogues.royalsociety.org/calmview/Record.aspx?src=CalmView.Persons&id=NA6816,
RS_PAST_NA6821,NA6821,Lorenzo,1709,https://catalogues.royalsociety.org/calmview/Record.aspx?src=CalmView.Persons&id=NA6821,23 October or 13 December 1637,nonstandard_or_ambiguous,,,1637,,200,https://catalogues.royalsociety.org/calmview/Record.aspx?src=CalmView.Persons&id=NA6821,
RS_PAST_NA6823,NA6823,James,1748,https://catalogues.royalsociety.org/calmview/Record.aspx?src=CalmView.Persons&id=NA6823,,missing,,,,,200,https://catalogues.royalsociety.org/calmview/Record.aspx?src=CalmView.Persons&id=NA6823,
RS_PAST_NA6824,NA6824,Samuel,1749,https://catalogues.royalsociety.org/calmview/Record.aspx?src=CalmView.Persons&id=NA6824,c. 1700,circa_year,,1700,1700,1,200,https://catalogues.royalsociety.org/calmview/Record.aspx?src=CalmView.Persons&id=NA6824,
RS_PAST_NA6827,NA6827,Anthony,1750,https://catalogues.royalsociety.org/calmview/Record.aspx?src=CalmView.Persons&id=NA6827,1722,year_only,,1722,1722,1,200,https://catalogues.royalsociety.org/calmview/Record.aspx?src=CalmView.Persons&id=NA6827,
RS_PAST_NA6831,NA6831,Richard,1806,https://catalogues.royalsociety.org/calmview/Record.aspx?src=CalmView.Persons&id=NA6831,1759,year_only,,1759,1759,1,200,https://catalogues.royalsociety.org/calmview/Record.aspx?src=CalmView.Persons&id=NA6831,
RS_PAST_NA6832,NA6832,Hermann,1738,https://catalogues.royalsociety.org/calmview/Record.aspx?src=CalmView.Persons&id=NA6832,,missing,,,,,200,https://catalogues.royalsociety.org/calmview/Record.aspx?src=CalmView.Persons&id=NA6832,
RS_PAST_NA6834,NA6834,Maurice,1698,https://catalogues.royalsociety.org/calmview/Record.aspx?src=CalmView.Persons&id=NA6834,1676,year_only,,1676,1676,1,200,https://catalogues.royalsociety.org/calmview/Record.aspx?src=CalmView.Persons&id=NA6834,
RS_PAST_NA6835,NA6835,Abraham,1700,https://catalogues.royalsociety.org/calmview/Record.aspx?src=CalmView.Persons&id=NA6835,c 1656,circa_year,,1656,1656,1,200,https://catalogues.royalsociety.org/calmview/Record.aspx?src=CalmView.Persons&id=NA6835,
RS_PAST_NA6844,NA6844,Noah,1753,https://catalogues.royalsociety.org/calmview/Record.aspx?src=CalmView.Persons&id=NA6844,1720,year_only,,1720,1720,1,200,https://catalogues.royalsociety.org/calmview/Record.aspx?src=CalmView.Persons&id=NA6844,
RS_PAST_NA6848,NA6848,Peter Simon,1764,https://catalogues.royalsociety.org/calmview/Record.aspx?src=CalmView.Persons&id=NA6848,22 September or 03 October 1741,nonstandard_or_ambiguous,,,1741,,200,https://catalogues.royalsociety.org/calmview/Record.aspx?src=CalmView.Persons&id=NA6848,
RS_PAST_NA6856,NA6856,Michael,1766,https://catalogues.royalsociety.org/calmview/Record.aspx?src=CalmView.Persons&id=NA6856,1725,year_only,,1725,1725,1,200,https://catalogues.royalsociety.org/calmview/Record.aspx?src=CalmView.Persons&id=NA6856,
RS_PAST_NA6857,NA6857,James,1695,https://catalogues.royalsociety.org/calmview/Record.aspx?src=CalmView.Persons&id=NA6857,1663,year_only,,1663,1663,1,200,https://catalogues.royalsociety.org/calmview/Record.aspx?src=CalmView.Persons&id=NA6857,
RS_PAST_NA6896,NA6896,John,1680,https://catalogues.royalsociety.org/calmview/Record.aspx?src=CalmView.Persons&id=NA6896,,missing,,,,,200,https://catalogues.royalsociety.org/calmview/Record.aspx?src=CalmView.Persons&id=NA6896,
RS_PAST_NA6908,NA6908,Joshua,1836,https://catalogues.royalsociety.org/calmview/Record.aspx?src=CalmView.Persons&id=NA6908,c. 1786,circa_year,,1786,1786,1,200,https://catalogues.royalsociety.org/calmview/Record.aspx?src=CalmView.Persons&id=NA6908,
RS_PAST_NA6913,NA6913,Mark,1790,https://catalogues.royalsociety.org/calmview/Record.aspx?src=CalmView.Persons&id=NA6913,1764,year_only,,1764,1764,1,200,https://catalogues.royalsociety.org/calmview/Record.aspx?src=CalmView.Persons&id=NA6913,
RS_PAST_NA6916,NA6916,Charles David L',1767,https://catalogues.royalsociety.org/calmview/Record.aspx?src=CalmView.Persons&id=NA6916,c1722,circa_year,,1722,1722,1,200,https://catalogues.royalsociety.org/calmview/Record.aspx?src=CalmView.Persons&id=NA6916,
RS_PAST_NA6923,NA6923,George,1767,https://catalogues.royalsociety.org/calmview/Record.aspx?src=CalmView.Persons&id=NA6923,,missing,,,,,200,https://catalogues.royalsociety.org/calmview/Record.aspx?src=CalmView.Persons&id=NA6923,
RS_PAST_NA6925,NA6925,Charles Dillon,1767,https://catalogues.royalsociety.org/calmview/Record.aspx?src=CalmView.Persons&id=NA6925,1745,year_only,,1745,1745,1,200,https://catalogues.royalsociety.org/calmview/Record.aspx?src=CalmView.Persons&id=NA6925,
RS_PAST_NA6927,NA6927,Daniel,1767,https://catalogues.royalsociety.org/calmview/Record.aspx?src=CalmView.Persons&id=NA6927,,missing,,,,,200,https://catalogues.royalsociety.org/calmview/Record.aspx?src=CalmView.Persons&id=NA6927,
RS_PAST_NA6928,NA6928,Robert,1767,https://catalogues.royalsociety.org/calmview/Record.aspx?src=CalmView.Persons&id=NA6928,,missing,,,,,200,https://catalogues.royalsociety.org/calmview/Record.aspx?src=CalmView.Persons&id=NA6928,
RS_PAST_NA6929,NA6929,John,1767,https://catalogues.royalsociety.org/calmview/Record.aspx?src=CalmView.Persons&id=NA6929,c. 1735,circa_year,,1735,1735,1,200,https://catalogues.royalsociety.org/calmview/Record.aspx?src=CalmView.Persons&id=NA6929,
RS_PAST_NA6930,NA6930,Caspar,1663,https://catalogues.royalsociety.org/calmview/Record.aspx?src=CalmView.Persons&id=NA6930,,missing,,,1622,,200,https://catalogues.royalsociety.org/calmview/Record.aspx?src=CalmView.Persons&id=NA6930,
RS_PAST_NA6931,NA6931,John,1741,https://catalogues.royalsociety.org/calmview/Record.aspx?src=CalmView.Persons&id=NA6931,1712,year_only,,1712,1712,1,200,https://catalogues.royalsociety.org/calmview/Record.aspx?src=CalmView.Persons&id=NA6931,
RS_PAST_NA6943,NA6943,Anthony,1724,https://catalogues.royalsociety.org/calmview/Record.aspx?src=CalmView.Persons&id=NA6943,,missing,,,1690,,200,https://catalogues.royalsociety.org/calmview/Record.aspx?src=CalmView.Persons&id=NA6943,
RS_PAST_NA6951,NA6951,Henry Beaumont,1849,https://catalogues.royalsociety.org/calmview/Record.aspx?src=CalmView.Persons&id=NA6951,c. 1800,circa_year,,1800,1800,1,200,https://catalogues.royalsociety.org/calmview/Record.aspx?src=CalmView.Persons&id=NA6951,
RS_PAST_NA6952,NA6952,James Willoughby,1801,https://catalogues.royalsociety.org/calmview/Record.aspx?src=CalmView.Persons&id=NA6952,1773,year_only,,1773,1773,1,200,https://catalogues.royalsociety.org/calmview/Record.aspx?src=CalmView.Persons&id=NA6952,
RS_PAST_NA6953,NA6953,James,1815,https://catalogues.royalsociety.org/calmview/Record.aspx?src=CalmView.Persons&id=NA6953,1760,year_only,,1760,1760,1,200,https://catalogues.royalsociety.org/calmview/Record.aspx?src=CalmView.Persons&id=NA6953,
RS_PAST_NA6962,NA6962,Andre,1670,https://catalogues.royalsociety.org/calmview/Record.aspx?src=CalmView.Persons&id=NA6962,c 1640,circa_year,,1640,1640,1,200,https://catalogues.royalsociety.org/calmview/Record.aspx?src=CalmView.Persons&id=NA6962,
RS_PAST_NA6966,NA6966,Harry Marshall,1888,https://catalogues.royalsociety.org/calmview/Record.aspx?src=CalmView.Persons&id=NA6966,1854,year_only,,1854,1854,1,200,https://catalogues.royalsociety.org/calmview/Record.aspx?src=CalmView.Persons&id=NA6966,
RS_PAST_NA697,NA697,,1732,https://catalogues.royalsociety.org/calmview/Record.aspx?src=CalmView.Persons&id=NA697,,missing,,,,,200,https://catalogues.royalsociety.org/calmview/Record.aspx?src=CalmView.Persons&id=NA697,
RS_PAST_NA6988,NA6988,John,1840,https://catalogues.royalsociety.org/calmview/Record.aspx?src=CalmView.Persons&id=NA6988,,missing,,,,,200,https://catalogues.royalsociety.org/calmview/Record.aspx?src=CalmView.Persons&id=NA6988,
RS_PAST_NA7002,NA7002,William,1783,https://catalogues.royalsociety.org/calmview/Record.aspx?src=CalmView.Persons&id=NA7002,29 or 30 January 1744,nonstandard_or_ambiguous,,,1744,,200,https://catalogues.royalsociety.org/calmview/Record.aspx?src=CalmView.Persons&id=NA7002,
RS_PAST_NA7005,NA7005,Rosalind Venetia Pitt-,1954,https://catalogues.royalsociety.org/calmview/Record.aspx?src=CalmView.Persons&id=NA7005,March 1907,nonstandard_or_ambiguous,,,1907,,200,https://catalogues.royalsociety.org/calmview/Record.aspx?src=CalmView.Persons&id=NA7005,
RS_PAST_NA7007,NA7007,John,1814,https://catalogues.royalsociety.org/calmview/Record.aspx?src=CalmView.Persons&id=NA7007,c. 1755,circa_year,,1755,1755,1,200,https://catalogues.royalsociety.org/calmview/Record.aspx?src=CalmView.Persons&id=NA7007,
RS_PAST_NA7008,NA7008,Thomas,1663,https://catalogues.royalsociety.org/calmview/Record.aspx?src=CalmView.Persons&id=NA7008,1635,year_only,,1635,1635,1,200,https://catalogues.royalsociety.org/calmview/Record.aspx?src=CalmView.Persons&id=NA7008,
RS_PAST_NA7015,NA7015,James Cosmo,1841,https://catalogues.royalsociety.org/calmview/Record.aspx?src=CalmView.Persons&id=NA7015,1792,year_only,,1792,1792,1,200,https://catalogues.royalsociety.org/calmview/Record.aspx?src=CalmView.Persons&id=NA7015,
RS_PAST_NA7016,NA7016,Thomas,1840,https://catalogues.royalsociety.org/calmview/Record.aspx?src=CalmView.Persons&id=NA7016,,missing,,,,,200,https://catalogues.royalsociety.org/calmview/Record.aspx?src=CalmView.Persons&id=NA7016,
RS_PAST_NA7017,NA7017,Henry Rowland,1841,https://catalogues.royalsociety.org/calmview/Record.aspx?src=CalmView.Persons&id=NA7017,,missing,,,,,200,https://catalogues.royalsociety.org/calmview/Record.aspx?src=CalmView.Persons&id=NA7017,
RS_PAST_NA7018,NA7018,John George,1840,https://catalogues.royalsociety.org/calmview/Record.aspx?src=CalmView.Persons&id=NA7018,c. 1788,circa_year,,1788,1788,1,200,https://catalogues.royalsociety.org/calmview/Record.aspx?src=CalmView.Persons&id=NA7018,
RS_PAST_NA7019,NA7019,John,1840,https://catalogues.royalsociety.org/calmview/Record.aspx?src=CalmView.Persons&id=NA7019,1782,year_only,,1782,1782,1,200,https://catalogues.royalsociety.org/calmview/Record.aspx?src=CalmView.Persons&id=NA7019,
RS_PAST_NA7022,NA7022,Alexander John Gaspard,1808,https://catalogues.royalsociety.org/calmview/Record.aspx?src=CalmView.Persons&id=NA7022,1770,year_only,,1770,1770,1,200,https://catalogues.royalsociety.org/calmview/Record.aspx?src=CalmView.Persons&id=NA7022,
RS_PAST_NA7025,NA7025,Charles,1821,https://catalogues.royalsociety.org/calmview/Record.aspx?src=CalmView.Persons&id=NA7025,c. 1757,circa_year,,1757,1757,1,200,https://catalogues.royalsociety.org/calmview/Record.aspx?src=CalmView.Persons&id=NA7025,
RS_PAST_NA7027,NA7027,Charles Dickson,1840,https://catalogues.royalsociety.org/calmview/Record.aspx?src=CalmView.Persons&id=NA7027,c. 1802,circa_year,,1802,1802,1,200,https://catalogues.royalsociety.org/calmview/Record.aspx?src=CalmView.Persons&id=NA7027,
RS_PAST_NA7029,NA7029,Joseph,1841,https://catalogues.royalsociety.org/calmview/Record.aspx?src=CalmView.Persons&id=NA7029,1791,year_only,,1791,1791,1,200,https://catalogues.royalsociety.org/calmview/Record.aspx?src=CalmView.Persons&id=NA7029,
RS_PAST_NA7032,NA7032,Edward,1679,https://catalogues.royalsociety.org/calmview/Record.aspx?src=CalmView.Persons&id=NA7032,1651,year_only,,1651,1651,1,200,https://catalogues.royalsociety.org/calmview/Record.aspx?src=CalmView.Persons&id=NA7032,
RS_PAST_NA7034,NA7034,James Justinian,1819,https://catalogues.royalsociety.org/calmview/Record.aspx?src=CalmView.Persons&id=NA7034,c 1780,circa_year,,1780,1780,1,200,https://catalogues.royalsociety.org/calmview/Record.aspx?src=CalmView.Persons&id=NA7034,
RS_PAST_NA7037,NA7037,William,1663,https://catalogues.royalsociety.org/calmview/Record.aspx?src=CalmView.Persons&id=NA7037,,missing,,,,,200,https://catalogues.royalsociety.org/calmview/Record.aspx?src=CalmView.Persons&id=NA7037,
RS_PAST_NA7040,NA7040,James,1843,https://catalogues.royalsociety.org/calmview/Record.aspx?src=CalmView.Persons&id=NA7040,1801,year_only,,1801,1801,1,200,https://catalogues.royalsociety.org/calmview/Record.aspx?src=CalmView.Persons&id=NA7040,
RS_PAST_NA7044,NA7044,William,1663,https://catalogues.royalsociety.org/calmview/Record.aspx?src=CalmView.Persons&id=NA7044,1616,year_only,,1616,1616,1,200,https://catalogues.royalsociety.org/calmview/Record.aspx?src=CalmView.Persons&id=NA7044,
RS_PAST_NA7046,NA7046,Francis,1770,https://catalogues.royalsociety.org/calmview/Record.aspx?src=CalmView.Persons&id=NA7046,,missing,,,,,200,https://catalogues.royalsociety.org/calmview/Record.aspx?src=CalmView.Persons&id=NA7046,
RS_PAST_NA7047,NA7047,John,1765,https://catalogues.royalsociety.org/calmview/Record.aspx?src=CalmView.Persons&id=NA7047,1731,year_only,,1731,1731,1,200,https://catalogues.royalsociety.org/calmview/Record.aspx?src=CalmView.Persons&id=NA7047,
RS_PAST_NA7049,NA7049,John,1840,https://catalogues.royalsociety.org/calmview/Record.aspx?src=CalmView.Persons&id=NA7049,1805,year_only,,1805,1805,1,200,https://catalogues.royalsociety.org/calmview/Record.aspx?src=CalmView.Persons&id=NA7049,
RS_PAST_NA7050,NA7050,Richard,1811,https://catalogues.royalsociety.org/calmview/Record.aspx?src=CalmView.Persons&id=NA7050,c. 1780,circa_year,,1780,1780,1,200,https://catalogues.royalsociety.org/calmview/Record.aspx?src=CalmView.Persons&id=NA7050,
RS_PAST_NA7058,NA7058,Marsilio,1751,https://catalogues.royalsociety.org/calmview/Record.aspx?src=CalmView.Persons&id=NA7058,,missing,,,,,200,https://catalogues.royalsociety.org/calmview/Record.aspx?src=CalmView.Persons&id=NA7058,
RS_PAST_NA7061,NA7061,John,1778,https://catalogues.royalsociety.org/calmview/Record.aspx?src=CalmView.Persons&id=NA7061,,missing,,,,,200,https://catalogues.royalsociety.org/calmview/Record.aspx?src=CalmView.Persons&id=NA7061,
RS_PAST_NA7065,NA7065,Francois,1752,https://catalogues.royalsociety.org/calmview/Record.aspx?src=CalmView.Persons&id=NA7065,January or 4 June 1694,nonstandard_or_ambiguous,,,1694,,200,https://catalogues.royalsociety.org/calmview/Record.aspx?src=CalmView.Persons&id=NA7065,
RS_PAST_NA7067,NA7067,Matthew,1754,https://catalogues.royalsociety.org/calmview/Record.aspx?src=CalmView.Persons&id=NA7067,,missing,,,,,200,https://catalogues.royalsociety.org/calmview/Record.aspx?src=CalmView.Persons&id=NA7067,
RS_PAST_NA7069,NA7069,Vitaliano,1757,https://catalogues.royalsociety.org/calmview/Record.aspx?src=CalmView.Persons&id=NA7069,1717,year_only,,1717,1717,1,200,https://catalogues.royalsociety.org/calmview/Record.aspx?src=CalmView.Persons&id=NA7069,
RS_PAST_NA7072,NA7072,James,1758,https://catalogues.royalsociety.org/calmview/Record.aspx?src=CalmView.Persons&id=NA7072,1713,year_only,,1713,1713,1,200,https://catalogues.royalsociety.org/calmview/Record.aspx?src=CalmView.Persons&id=NA7072,
RS_PAST_NA7074,NA7074,John,1759,https://catalogues.royalsociety.org/calmview/Record.aspx?src=CalmView.Persons&id=NA7074,1726,year_only,,1726,1726,1,200,https://catalogues.royalsociety.org/calmview/Record.aspx?src=CalmView.Persons&id=NA7074,
RS_PAST_NA7075,NA7075,Marco,1759,https://catalogues.royalsociety.org/calmview/Record.aspx?src=CalmView.Persons&id=NA7075,,missing,,,1696,,200,https://catalogues.royalsociety.org/calmview/Record.aspx?src=CalmView.Persons&id=NA7075,
RS_PAST_NA7076,NA7076,Roger,1760,https://catalogues.royalsociety.org/calmview/Record.aspx?src=CalmView.Persons&id=NA7076,c 1717,circa_year,,1717,1717,1,200,https://catalogues.royalsociety.org/calmview/Record.aspx?src=CalmView.Persons&id=NA7076,
RS_PAST_NA7078,NA7078,Nicolas Louis de,1760,https://catalogues.royalsociety.org/calmview/Record.aspx?src=CalmView.Persons&id=NA7078,15 March or 15 May 1713,nonstandard_or_ambiguous,,,1713,,200,https://catalogues.royalsociety.org/calmview/Record.aspx?src=CalmView.Persons&id=NA7078,
RS_PAST_NA7082,NA7082,Samuel,1764,https://catalogues.royalsociety.org/calmview/Record.aspx?src=CalmView.Persons&id=NA7082,1735,year_only,,1735,1735,1,200,https://catalogues.royalsociety.org/calmview/Record.aspx?src=CalmView.Persons&id=NA7082,
RS_PAST_NA709,NA709,Alvaro Lopez,1735,https://catalogues.royalsociety.org/calmview/Record.aspx?src=CalmView.Persons&id=NA709,,missing,,,,,200,https://catalogues.royalsociety.org/calmview/Record.aspx?src=CalmView.Persons&id=NA709,
RS_PAST_NA7090,NA7090,John,1766,https://catalogues.royalsociety.org/calmview/Record.aspx?src=CalmView.Persons&id=NA7090,,missing,,,1717,,200,https://catalogues.royalsociety.org/calmview/Record.aspx?src=CalmView.Persons&id=NA7090,
RS_PAST_NA7094,NA7094,William,1886,https://catalogues.royalsociety.org/calmview/Record.aspx?src=CalmView.Persons&id=NA7094,c 1811,circa_year,,1811,1811,1,200,https://catalogues.royalsociety.org/calmview/Record.aspx?src=CalmView.Persons&id=NA7094,
RS_PAST_NA7095,NA7095,David Francis,1841,https://catalogues.royalsociety.org/calmview/Record.aspx?src=CalmView.Persons&id=NA7095,,missing,,,1783,,200,https://catalogues.royalsociety.org/calmview/Record.aspx?src=CalmView.Persons&id=NA7095,
RS_PAST_NA7100,NA7100,James,1831,https://catalogues.royalsociety.org/calmview/Record.aspx?src=CalmView.Persons&id=NA7100,c 1783,circa_year,,1783,1783,1,200,https://catalogues.royalsociety.org/calmview/Record.aspx?src=CalmView.Persons&id=NA7100,
RS_PAST_NA7101,NA7101,Robert,1814,https://catalogues.royalsociety.org/calmview/Record.aspx?src=CalmView.Persons&id=NA7101,1767,year_only,,1767,1767,1,200,https://catalogues.royalsociety.org/calmview/Record.aspx?src=CalmView.Persons&id=NA7101,
RS_PAST_NA7103,NA7103,Francis,1821,https://catalogues.royalsociety.org/calmview/Record.aspx?src=CalmView.Persons&id=NA7103,July 1788,nonstandard_or_ambiguous,,,1788,,200,https://catalogues.royalsociety.org/calmview/Record.aspx?src=CalmView.Persons&id=NA7103,
RS_PAST_NA7104,NA7104,James,1821,https://catalogues.royalsociety.org/calmview/Record.aspx?src=CalmView.Persons&id=NA7104,October 1785,nonstandard_or_ambiguous,,,1785,,200,https://catalogues.royalsociety.org/calmview/Record.aspx?src=CalmView.Persons&id=NA7104,
RS_PAST_NA7106,NA7106,Richard Hill,1769,https://catalogues.royalsociety.org/calmview/Record.aspx?src=CalmView.Persons&id=NA7106,c. 1721,circa_year,,1721,1721,1,200,https://catalogues.royalsociety.org/calmview/Record.aspx?src=CalmView.Persons&id=NA7106,
RS_PAST_NA7107,NA7107,,1668,https://catalogues.royalsociety.org/calmview/Record.aspx?src=CalmView.Persons&id=NA7107,,missing,,,,,200,https://catalogues.royalsociety.org/calmview/Record.aspx?src=CalmView.Persons&id=NA7107,
RS_PAST_NA7110,NA7110,Charles Le,1770,https://catalogues.royalsociety.org/calmview/Record.aspx?src=CalmView.Persons&id=NA7110,12 January or 12 February 1726,nonstandard_or_ambiguous,,,1726,,200,https://catalogues.royalsociety.org/calmview/Record.aspx?src=CalmView.Persons&id=NA7110,
RS_PAST_NA7112,NA7112,Charles,1770,https://catalogues.royalsociety.org/calmview/Record.aspx?src=CalmView.Persons&id=NA7112,1725,year_only,,1725,1725,1,200,https://catalogues.royalsociety.org/calmview/Record.aspx?src=CalmView.Persons&id=NA7112,
RS_PAST_NA7149,NA7149,Mark Aloysius,1841,https://catalogues.royalsociety.org/calmview/Record.aspx?src=CalmView.Persons&id=NA7149,September 1795,nonstandard_or_ambiguous,,,1795,,200,https://catalogues.royalsociety.org/calmview/Record.aspx?src=CalmView.Persons&id=NA7149,
RS_PAST_NA7154,NA7154,Robert Masters,1841,https://catalogues.royalsociety.org/calmview/Record.aspx?src=CalmView.Persons&id=NA7154,c. 1766,circa_year,,1766,1766,1,200,https://catalogues.royalsociety.org/calmview/Record.aspx?src=CalmView.Persons&id=NA7154,
RS_PAST_NA7155,NA7155,Martin,1801,https://catalogues.royalsociety.org/calmview/Record.aspx?src=CalmView.Persons&id=NA7155,1763,year_only,,1763,1763,1,200,https://catalogues.royalsociety.org/calmview/Record.aspx?src=CalmView.Persons&id=NA7155,
RS_PAST_NA7165,NA7165,Richard,1767,https://catalogues.royalsociety.org/calmview/Record.aspx?src=CalmView.Persons&id=NA7165,c. 1739,circa_year,,1739,1739,1,200,https://catalogues.royalsociety.org/calmview/Record.aspx?src=CalmView.Persons&id=NA7165,
RS_PAST_NA7166,NA7166,Edward,1728,https://catalogues.royalsociety.org/calmview/Record.aspx?src=CalmView.Persons&id=NA7166,1701,year_only,,1701,1701,1,200,https://catalogues.royalsociety.org/calmview/Record.aspx?src=CalmView.Persons&id=NA7166,
RS_PAST_NA7168,NA7168,William,1767,https://catalogues.royalsociety.org/calmview/Record.aspx?src=CalmView.Persons&id=NA7168,,missing,,,,,200,https://catalogues.royalsociety.org/calmview/Record.aspx?src=CalmView.Persons&id=NA7168,
RS_PAST_NA7169,NA7169,Francis,1767,https://catalogues.royalsociety.org/calmview/Record.aspx?src=CalmView.Persons&id=NA7169,,missing,,,1724,,200,https://catalogues.royalsociety.org/calmview/Record.aspx?src=CalmView.Persons&id=NA7169,
RS_PAST_NA7170,NA7170,Edward,1767,https://catalogues.royalsociety.org/calmview/Record.aspx?src=CalmView.Persons&id=NA7170,1735,year_only,,1735,1735,1,200,https://catalogues.royalsociety.org/calmview/Record.aspx?src=CalmView.Persons&id=NA7170,
RS_PAST_NA7175,NA7175,Adair,1786,https://catalogues.royalsociety.org/calmview/Record.aspx?src=CalmView.Persons&id=NA7175,1748,year_only,,1748,1748,1,200,https://catalogues.royalsociety.org/calmview/Record.aspx?src=CalmView.Persons&id=NA7175,
RS_PAST_NA7176,NA7176,John James,1768,https://catalogues.royalsociety.org/calmview/Record.aspx?src=CalmView.Persons&id=NA7176,1709,year_only,,1709,1709,1,200,https://catalogues.royalsociety.org/calmview/Record.aspx?src=CalmView.Persons&id=NA7176,
RS_PAST_NA7177,NA7177,James,1755,https://catalogues.royalsociety.org/calmview/Record.aspx?src=CalmView.Persons&id=NA7177,,missing,,,,,200,https://catalogues.royalsociety.org/calmview/Record.aspx?src=CalmView.Persons&id=NA7177,
RS_PAST_NA7178,NA7178,Thomas,1770,https://catalogues.royalsociety.org/calmview/Record.aspx?src=CalmView.Persons&id=NA7178,c 1724,circa_year,,1724,1724,1,200,https://catalogues.royalsociety.org/calmview/Record.aspx?src=CalmView.Persons&id=NA7178,
RS_PAST_NA7179,NA7179,John Wynn,1771,https://catalogues.royalsociety.org/calmview/Record.aspx?src=CalmView.Persons&id=NA7179,,missing,,,,,200,https://catalogues.royalsociety.org/calmview/Record.aspx?src=CalmView.Persons&id=NA7179,
RS_PAST_NA7180,NA7180,Marmaduke,1771,https://catalogues.royalsociety.org/calmview/Record.aspx?src=CalmView.Persons&id=NA7180,1743,year_only,,1743,1743,1,200,https://catalogues.royalsociety.org/calmview/Record.aspx?src=CalmView.Persons&id=NA7180,
RS_PAST_NA7182,NA7182,George,1771,https://catalogues.royalsociety.org/calmview/Record.aspx?src=CalmView.Persons&id=NA7182,c 1734,circa_year,,1734,1734,1,200,https://catalogues.royalsociety.org/calmview/Record.aspx?src=CalmView.Persons&id=NA7182,
RS_PAST_NA7183,NA7183,William,1771,https://catalogues.royalsociety.org/calmview/Record.aspx?src=CalmView.Persons&id=NA7183,,missing,,,1715,,200,https://catalogues.royalsociety.org/calmview/Record.aspx?src=CalmView.Persons&id=NA7183,
RS_PAST_NA7184,NA7184,Benjamin,1771,https://catalogues.royalsociety.org/calmview/Record.aspx?src=CalmView.Persons&id=NA7184,September 1740,nonstandard_or_ambiguous,,,1740,,200,https://catalogues.royalsociety.org/calmview/Record.aspx?src=CalmView.Persons&id=NA7184,
RS_PAST_NA7185,NA7185,John Glen,1771,https://catalogues.royalsociety.org/calmview/Record.aspx?src=CalmView.Persons&id=NA7185,1732,year_only,,1732,1732,1,200,https://catalogues.royalsociety.org/calmview/Record.aspx?src=CalmView.Persons&id=NA7185,
RS_PAST_NA7186,NA7186,Cyril,1772,https://catalogues.royalsociety.org/calmview/Record.aspx?src=CalmView.Persons&id=NA7186,1746,year_only,,1746,1746,1,200,https://catalogues.royalsociety.org/calmview/Record.aspx?src=CalmView.Persons&id=NA7186,
RS_PAST_NA7187,NA7187,Thomas,1772,https://catalogues.royalsociety.org/calmview/Record.aspx?src=CalmView.Persons&id=NA7187,1722,year_only,,1722,1722,1,200,https://catalogues.royalsociety.org/calmview/Record.aspx?src=CalmView.Persons&id=NA7187,
RS_PAST_NA7193,NA7193,William,1773,https://catalogues.royalsociety.org/calmview/Record.aspx?src=CalmView.Persons&id=NA7193,,missing,,,,,200,https://catalogues.royalsociety.org/calmview/Record.aspx?src=CalmView.Persons&id=NA7193,
RS_PAST_NA7194,NA7194,Jacob de,1773,https://catalogues.royalsociety.org/calmview/Record.aspx?src=CalmView.Persons&id=NA7194,1710,year_only,,1710,1710,1,200,https://catalogues.royalsociety.org/calmview/Record.aspx?src=CalmView.Persons&id=NA7194,
RS_PAST_NA7201,NA7201,William,1774,https://catalogues.royalsociety.org/calmview/Record.aspx?src=CalmView.Persons&id=NA7201,c. 1719,circa_year,,1719,1719,1,200,https://catalogues.royalsociety.org/calmview/Record.aspx?src=CalmView.Persons&id=NA7201,
RS_PAST_NA7205,NA7205,Alexander,1775,https://catalogues.royalsociety.org/calmview/Record.aspx?src=CalmView.Persons&id=NA7205,1729,year_only,,1729,1729,1,200,https://catalogues.royalsociety.org/calmview/Record.aspx?src=CalmView.Persons&id=NA7205,
RS_PAST_NA7207,NA7207,Robert,1775,https://catalogues.royalsociety.org/calmview/Record.aspx?src=CalmView.Persons&id=NA7207,c. 1729,circa_year,,1729,,,200,https://catalogues.royalsociety.org/calmview/Record.aspx?src=CalmView.Persons&id=NA7207,
RS_PAST_NA7209,NA7209,Thomas,1775,https://catalogues.royalsociety.org/calmview/Record.aspx?src=CalmView.Persons&id=NA7209,28 September or 26 October 1734,nonstandard_or_ambiguous,,,1734,,200,https://catalogues.royalsociety.org/calmview/Record.aspx?src=CalmView.Persons&id=NA7209,
RS_PAST_NA7212,NA7212,Jean Baptiste Gaspar d'Ansse de,1776,https://catalogues.royalsociety.org/calmview/Record.aspx?src=CalmView.Persons&id=NA7212,"05 March 1750, or 1753",nonstandard_or_ambiguous,,,,,200,https://catalogues.royalsociety.org/calmview/Record.aspx?src=CalmView.Persons&id=NA7212,
RS_PAST_NA7213,NA7213,Pedro Franco,1776,https://catalogues.royalsociety.org/calmview/Record.aspx?src=CalmView.Persons&id=NA7213,,missing,,,,,200,https://catalogues.royalsociety.org/calmview/Record.aspx?src=CalmView.Persons&id=NA7213,
RS_PAST_NA7222,NA7222,Alexander,1747,https://catalogues.royalsociety.org/calmview/Record.aspx?src=CalmView.Persons&id=NA7222,1702,year_only,,1702,1702,1,200,https://catalogues.royalsociety.org/calmview/Record.aspx?src=CalmView.Persons&id=NA7222,
RS_PAST_NA7226,NA7226,John,1729,https://catalogues.royalsociety.org/calmview/Record.aspx?src=CalmView.Persons&id=NA7226,1703,year_only,,1703,1703,1,200,https://catalogues.royalsociety.org/calmview/Record.aspx?src=CalmView.Persons&id=NA7226,
RS_PAST_NA7230,NA7230,Henry,1824,https://catalogues.royalsociety.org/calmview/Record.aspx?src=CalmView.Persons&id=NA7230,August 1796,nonstandard_or_ambiguous,,,1796,,200,https://catalogues.royalsociety.org/calmview/Record.aspx?src=CalmView.Persons&id=NA7230,
RS_PAST_NA7237,NA7237,William,1779,https://catalogues.royalsociety.org/calmview/Record.aspx?src=CalmView.Persons&id=NA7237,,missing,,,1747,,200,https://catalogues.royalsociety.org/calmview/Record.aspx?src=CalmView.Persons&id=NA7237,
RS_PAST_NA7238,NA7238,Edward Whitaker,1779,https://catalogues.royalsociety.org/calmview/Record.aspx?src=CalmView.Persons&id=NA7238,1748,year_only,,1748,1748,1,200,https://catalogues.royalsociety.org/calmview/Record.aspx?src=CalmView.Persons&id=NA7238,
RS_PAST_NA7240,NA7240,Samuel,1779,https://catalogues.royalsociety.org/calmview/Record.aspx?src=CalmView.Persons&id=NA7240,,missing,,,1741,,200,https://catalogues.royalsociety.org/calmview/Record.aspx?src=CalmView.Persons&id=NA7240,
RS_PAST_NA7241,NA7241,Robert,1779,https://catalogues.royalsociety.org/calmview/Record.aspx?src=CalmView.Persons&id=NA7241,,missing,,,,,200,https://catalogues.royalsociety.org/calmview/Record.aspx?src=CalmView.Persons&id=NA7241,
RS_PAST_NA7244,NA7244,Joseph,1779,https://catalogues.royalsociety.org/calmview/Record.aspx?src=CalmView.Persons&id=NA7244,24 or 28 October 1746,nonstandard_or_ambiguous,,,1746,,200,https://catalogues.royalsociety.org/calmview/Record.aspx?src=CalmView.Persons&id=NA7244,
RS_PAST_NA7249,NA7249,John,1781,https://catalogues.royalsociety.org/calmview/Record.aspx?src=CalmView.Persons&id=NA7249,1740,year_only,,1740,1740,1,200,https://catalogues.royalsociety.org/calmview/Record.aspx?src=CalmView.Persons&id=NA7249,
RS_PAST_NA7251,NA7251,Peter,1781,https://catalogues.royalsociety.org/calmview/Record.aspx?src=CalmView.Persons&id=NA7251,,missing,,,,,200,https://catalogues.royalsociety.org/calmview/Record.aspx?src=CalmView.Persons&id=NA7251,
RS_PAST_NA7253,NA7253,James,1781,https://catalogues.royalsociety.org/calmview/Record.aspx?src=CalmView.Persons&id=NA7253,1752,year_only,,1752,1752,1,200,https://catalogues.royalsociety.org/calmview/Record.aspx?src=CalmView.Persons&id=NA7253,
RS_PAST_NA7255,NA7255,Henry,1785,https://catalogues.royalsociety.org/calmview/Record.aspx?src=CalmView.Persons&id=NA7255,,missing,,,,,200,https://catalogues.royalsociety.org/calmview/Record.aspx?src=CalmView.Persons&id=NA7255,
RS_PAST_NA7258,NA7258,Caleb,1784,https://catalogues.royalsociety.org/calmview/Record.aspx?src=CalmView.Persons&id=NA7258,1734,year_only,,1734,1734,1,200,https://catalogues.royalsociety.org/calmview/Record.aspx?src=CalmView.Persons&id=NA7258,
RS_PAST_NA7259,NA7259,Charles,1786,https://catalogues.royalsociety.org/calmview/Record.aspx?src=CalmView.Persons&id=NA7259,1721,year_only,,1721,1721,1,200,https://catalogues.royalsociety.org/calmview/Record.aspx?src=CalmView.Persons&id=NA7259,
RS_PAST_NA7260,NA7260,Robert,1785,https://catalogues.royalsociety.org/calmview/Record.aspx?src=CalmView.Persons&id=NA7260,c. 1735,circa_year,,1735,1735,1,200,https://catalogues.royalsociety.org/calmview/Record.aspx?src=CalmView.Persons&id=NA7260,
RS_PAST_NA7261,NA7261,William,1785,https://catalogues.royalsociety.org/calmview/Record.aspx?src=CalmView.Persons&id=NA7261,March 1741,nonstandard_or_ambiguous,,,1741,,200,https://catalogues.royalsociety.org/calmview/Record.aspx?src=CalmView.Persons&id=NA7261,
RS_PAST_NA7265,NA7265,Abraham,1786,https://catalogues.royalsociety.org/calmview/Record.aspx?src=CalmView.Persons&id=NA7265,1743,year_only,,1743,1743,1,200,https://catalogues.royalsociety.org/calmview/Record.aspx?src=CalmView.Persons&id=NA7265,
RS_PAST_NA7266,NA7266,George Leonard,1787,https://catalogues.royalsociety.org/calmview/Record.aspx?src=CalmView.Persons&id=NA7266,10 or 19 April 1737,nonstandard_or_ambiguous,,,1737,,200,https://catalogues.royalsociety.org/calmview/Record.aspx?src=CalmView.Persons&id=NA7266,
RS_PAST_NA7268,NA7268,Lorenz Florenz Friedrich von,1788,https://catalogues.royalsociety.org/calmview/Record.aspx?src=CalmView.Persons&id=NA7268,21 January 1744 or 1745,nonstandard_or_ambiguous,,,,,200,https://catalogues.royalsociety.org/calmview/Record.aspx?src=CalmView.Persons&id=NA7268,
RS_PAST_NA7276,NA7276,James,1756,https://catalogues.royalsociety.org/calmview/Record.aspx?src=CalmView.Persons&id=NA7276,c. 1731,circa_year,,1731,1731,1,200,https://catalogues.royalsociety.org/calmview/Record.aspx?src=CalmView.Persons&id=NA7276,
RS_PAST_NA7281,NA7281,Antonio,1791,https://catalogues.royalsociety.org/calmview/Record.aspx?src=CalmView.Persons&id=NA7281,13 June 1747 or 19 May 1752,nonstandard_or_ambiguous,,,,,200,https://catalogues.royalsociety.org/calmview/Record.aspx?src=CalmView.Persons&id=NA7281,
RS_PAST_NA7284,NA7284,Richard Dickson,1792,https://catalogues.royalsociety.org/calmview/Record.aspx?src=CalmView.Persons&id=NA7284,06 or 11 November 1743,nonstandard_or_ambiguous,,,1743,,200,https://catalogues.royalsociety.org/calmview/Record.aspx?src=CalmView.Persons&id=NA7284,
RS_PAST_NA7285,NA7285,Archibald,1792,https://catalogues.royalsociety.org/calmview/Record.aspx?src=CalmView.Persons&id=NA7285,1757,year_only,,1757,1757,1,200,https://catalogues.royalsociety.org/calmview/Record.aspx?src=CalmView.Persons&id=NA7285,
RS_PAST_NA7288,NA7288,Joseph,1793,https://catalogues.royalsociety.org/calmview/Record.aspx?src=CalmView.Persons&id=NA7288,"15 September 1762, 1763 or 1764",nonstandard_or_ambiguous,,,,,200,https://catalogues.royalsociety.org/calmview/Record.aspx?src=CalmView.Persons&id=NA7288,
RS_PAST_NA7289,NA7289,William,1663,https://catalogues.royalsociety.org/calmview/Record.aspx?src=CalmView.Persons&id=NA7289,c 1642,circa_year,,1642,1642,1,200,https://catalogues.royalsociety.org/calmview/Record.aspx?src=CalmView.Persons&id=NA7289,
RS_PAST_NA7292,NA7292,Thomas,1811,https://catalogues.royalsociety.org/calmview/Record.aspx?src=CalmView.Persons&id=NA7292,1767 or 1768,nonstandard_or_ambiguous,,,,,200,https://catalogues.royalsociety.org/calmview/Record.aspx?src=CalmView.Persons&id=NA7292,
RS_PAST_NA7294,NA7294,John,1797,https://catalogues.royalsociety.org/calmview/Record.aspx?src=CalmView.Persons&id=NA7294,1748,year_only,,1748,1748,1,200,https://catalogues.royalsociety.org/calmview/Record.aspx?src=CalmView.Persons&id=NA7294,
RS_PAST_NA7296,NA7296,Philip,1799,https://catalogues.royalsociety.org/calmview/Record.aspx?src=CalmView.Persons&id=NA7296,,missing,,,,,200,https://catalogues.royalsociety.org/calmview/Record.aspx?src=CalmView.Persons&id=NA7296,
RS_PAST_NA7300,NA7300,Charles,1841,https://catalogues.royalsociety.org/calmview/Record.aspx?src=CalmView.Persons&id=NA7300,1789 or 1790,nonstandard_or_ambiguous,,,,,200,https://catalogues.royalsociety.org/calmview/Record.aspx?src=CalmView.Persons&id=NA7300,
RS_PAST_NA7301,NA7301,John,1664,https://catalogues.royalsociety.org/calmview/Record.aspx?src=CalmView.Persons&id=NA7301,,missing,,,1608,,200,https://catalogues.royalsociety.org/calmview/Record.aspx?src=CalmView.Persons&id=NA7301,
RS_PAST_NA7304,NA7304,Thomas Seymour,1836,https://catalogues.royalsociety.org/calmview/Record.aspx?src=CalmView.Persons&id=NA7304,c. 1805,circa_year,,1805,1805,1,200,https://catalogues.royalsociety.org/calmview/Record.aspx?src=CalmView.Persons&id=NA7304,
RS_PAST_NA7305,NA7305,John,1841,https://catalogues.royalsociety.org/calmview/Record.aspx?src=CalmView.Persons&id=NA7305,1789,year_only,,1789,1789,1,200,https://catalogues.royalsociety.org/calmview/Record.aspx?src=CalmView.Persons&id=NA7305,
RS_PAST_NA7306,NA7306,Benjamin,1830,https://catalogues.royalsociety.org/calmview/Record.aspx?src=CalmView.Persons&id=NA7306,,missing,,,,,200,https://catalogues.royalsociety.org/calmview/Record.aspx?src=CalmView.Persons&id=NA7306,
RS_PAST_NA7310,NA7310,Samuel,1730,https://catalogues.royalsociety.org/calmview/Record.aspx?src=CalmView.Persons&id=NA7310,? November 1765,nonstandard_or_ambiguous,,,1698,,200,https://catalogues.royalsociety.org/calmview/Record.aspx?src=CalmView.Persons&id=NA7310,
RS_PAST_NA7311,NA7311,Antoine,1723,https://catalogues.royalsociety.org/calmview/Record.aspx?src=CalmView.Persons&id=NA7311,1670,year_only,,1670,1670,1,200,https://catalogues.royalsociety.org/calmview/Record.aspx?src=CalmView.Persons&id=NA7311,
RS_PAST_NA7312,NA7312,Thomas,1720,https://catalogues.royalsociety.org/calmview/Record.aspx?src=CalmView.Persons&id=NA7312,,missing,,,1678,,200,https://catalogues.royalsociety.org/calmview/Record.aspx?src=CalmView.Persons&id=NA7312,
RS_PAST_NA7315,NA7315,Joannes Jacobus,1724,https://catalogues.royalsociety.org/calmview/Record.aspx?src=CalmView.Persons&id=NA7315,1687,year_only,,1687,1687,1,200,https://catalogues.royalsociety.org/calmview/Record.aspx?src=CalmView.Persons&id=NA7315,
RS_PAST_NA7316,NA7316,Thomas,1769,https://catalogues.royalsociety.org/calmview/Record.aspx?src=CalmView.Persons&id=NA7316,06 or 29 May 1712,nonstandard_or_ambiguous,,,1712,,200,https://catalogues.royalsociety.org/calmview/Record.aspx?src=CalmView.Persons&id=NA7316,
RS_PAST_NA7322,NA7322,William,1729,https://catalogues.royalsociety.org/calmview/Record.aspx?src=CalmView.Persons&id=NA7322,,missing,,,,,200,https://catalogues.royalsociety.org/calmview/Record.aspx?src=CalmView.Persons&id=NA7322,
RS_PAST_NA7323,NA7323,Edward Hodges,1842,https://catalogues.royalsociety.org/calmview/Record.aspx?src=CalmView.Persons&id=NA7323,1788,year_only,,1788,1788,1,200,https://catalogues.royalsociety.org/calmview/Record.aspx?src=CalmView.Persons&id=NA7323,
RS_PAST_NA7324,NA7324,Robert Edwards,1842,https://catalogues.royalsociety.org/calmview/Record.aspx?src=CalmView.Persons&id=NA7324,c. 1781,circa_year,,1781,1781,1,200,https://catalogues.royalsociety.org/calmview/Record.aspx?src=CalmView.Persons&id=NA7324,
RS_PAST_NA7326,NA7326,Henry,1842,https://catalogues.royalsociety.org/calmview/Record.aspx?src=CalmView.Persons&id=NA7326,1811,year_only,,1811,1811,1,200,https://catalogues.royalsociety.org/calmview/Record.aspx?src=CalmView.Persons&id=NA7326,
RS_PAST_NA7333,NA7333,Cassem Algiada,1728,https://catalogues.royalsociety.org/calmview/Record.aspx?src=CalmView.Persons&id=NA7333,,missing,,,,,200,https://catalogues.royalsociety.org/calmview/Record.aspx?src=CalmView.Persons&id=NA7333,
RS_PAST_NA7335,NA7335,William,1699,https://catalogues.royalsociety.org/calmview/Record.aspx?src=CalmView.Persons&id=NA7335,c 1666,circa_year,,1666,1666,1,200,https://catalogues.royalsociety.org/calmview/Record.aspx?src=CalmView.Persons&id=NA7335,
RS_PAST_NA7336,NA7336,Henry,1720,https://catalogues.royalsociety.org/calmview/Record.aspx?src=CalmView.Persons&id=NA7336,,missing,,,,,200,https://catalogues.royalsociety.org/calmview/Record.aspx?src=CalmView.Persons&id=NA7336,
RS_PAST_NA7337,NA7337,Nicolo Alerbo d',1723,https://catalogues.royalsociety.org/calmview/Record.aspx?src=CalmView.Persons&id=NA7337,,missing,,,,,200,https://catalogues.royalsociety.org/calmview/Record.aspx?src=CalmView.Persons&id=NA7337,
RS_PAST_NA7338,NA7338,Thomas,1666,https://catalogues.royalsociety.org/calmview/Record.aspx?src=CalmView.Persons&id=NA7338,,missing,,,,,200,https://catalogues.royalsociety.org/calmview/Record.aspx?src=CalmView.Persons&id=NA7338,
RS_PAST_NA7339,NA7339,Peter,1663,https://catalogues.royalsociety.org/calmview/Record.aspx?src=CalmView.Persons&id=NA7339,1628,year_only,,1628,1628,1,200,https://catalogues.royalsociety.org/calmview/Record.aspx?src=CalmView.Persons&id=NA7339,
RS_PAST_NA7340,NA7340,Thomas,1664,https://catalogues.royalsociety.org/calmview/Record.aspx?src=CalmView.Persons&id=NA7340,,missing,,,1640,,200,https://catalogues.royalsociety.org/calmview/Record.aspx?src=CalmView.Persons&id=NA7340,
RS_PAST_NA7342,NA7342,John,1677,https://catalogues.royalsociety.org/calmview/Record.aspx?src=CalmView.Persons&id=NA7342,,missing,,,1647,,200,https://catalogues.royalsociety.org/calmview/Record.aspx?src=CalmView.Persons&id=NA7342,
RS_PAST_NA7343,NA7343,Robert,1714,https://catalogues.royalsociety.org/calmview/Record.aspx?src=CalmView.Persons&id=NA7343,c. 1686,circa_year,,1686,1686,1,200,https://catalogues.royalsociety.org/calmview/Record.aspx?src=CalmView.Persons&id=NA7343,
RS_PAST_NA7344,NA7344,Henry,1676,https://catalogues.royalsociety.org/calmview/Record.aspx?src=CalmView.Persons&id=NA7344,,missing,,,,,200,https://catalogues.royalsociety.org/calmview/Record.aspx?src=CalmView.Persons&id=NA7344,
RS_PAST_NA7345,NA7345,John,1721,https://catalogues.royalsociety.org/calmview/Record.aspx?src=CalmView.Persons&id=NA7345,,missing,,,,,200,https://catalogues.royalsociety.org/calmview/Record.aspx?src=CalmView.Persons&id=NA7345,
RS_PAST_NA7346,NA7346,James,1729,https://catalogues.royalsociety.org/calmview/Record.aspx?src=CalmView.Persons&id=NA7346,,missing,,,1707,,200,https://catalogues.royalsociety.org/calmview/Record.aspx?src=CalmView.Persons&id=NA7346,
RS_PAST_NA7348,NA7348,Jeremy,1681,https://catalogues.royalsociety.org/calmview/Record.aspx?src=CalmView.Persons&id=NA7348,,missing,,,,,200,https://catalogues.royalsociety.org/calmview/Record.aspx?src=CalmView.Persons&id=NA7348,
RS_PAST_NA7350,NA7350,Samuel,1666,https://catalogues.royalsociety.org/calmview/Record.aspx?src=CalmView.Persons&id=NA7350,1640,year_only,,1640,1640,1,200,https://catalogues.royalsociety.org/calmview/Record.aspx?src=CalmView.Persons&id=NA7350,
RS_PAST_NA7351,NA7351,Francesco,1696,https://catalogues.royalsociety.org/calmview/Record.aspx?src=CalmView.Persons&id=NA7351,,missing,,,,,200,https://catalogues.royalsociety.org/calmview/Record.aspx?src=CalmView.Persons&id=NA7351,
RS_PAST_NA7352,NA7352,John,1667,https://catalogues.royalsociety.org/calmview/Record.aspx?src=CalmView.Persons&id=NA7352,1627,year_only,,1627,1627,1,200,https://catalogues.royalsociety.org/calmview/Record.aspx?src=CalmView.Persons&id=NA7352,
RS_PAST_NA7353,NA7353,Thomas,1728,https://catalogues.royalsociety.org/calmview/Record.aspx?src=CalmView.Persons&id=NA7353,,missing,,,1695,,200,https://catalogues.royalsociety.org/calmview/Record.aspx?src=CalmView.Persons&id=NA7353,
RS_PAST_NA7356,NA7356,Robert,1718,https://catalogues.royalsociety.org/calmview/Record.aspx?src=CalmView.Persons&id=NA7356,,missing,,,,,200,https://catalogues.royalsociety.org/calmview/Record.aspx?src=CalmView.Persons&id=NA7356,
RS_PAST_NA7359,NA7359,Domenico,1723,https://catalogues.royalsociety.org/calmview/Record.aspx?src=CalmView.Persons&id=NA7359,,missing,,,,,200,https://catalogues.royalsociety.org/calmview/Record.aspx?src=CalmView.Persons&id=NA7359,
RS_PAST_NA7360,NA7360,Philips,1723,https://catalogues.royalsociety.org/calmview/Record.aspx?src=CalmView.Persons&id=NA7360,1697,year_only,,1697,1697,1,200,https://catalogues.royalsociety.org/calmview/Record.aspx?src=CalmView.Persons&id=NA7360,
RS_PAST_NA7362,NA7362,Hewer Edgley,1723,https://catalogues.royalsociety.org/calmview/Record.aspx?src=CalmView.Persons&id=NA7362,c. 1692,circa_year,,1692,1692,1,200,https://catalogues.royalsociety.org/calmview/Record.aspx?src=CalmView.Persons&id=NA7362,
RS_PAST_NA7365,NA7365,Stephen,1733,https://catalogues.royalsociety.org/calmview/Record.aspx?src=CalmView.Persons&id=NA7365,? 1666,nonstandard_or_ambiguous,,,,,200,https://catalogues.royalsociety.org/calmview/Record.aspx?src=CalmView.Persons&id=NA7365,
RS_PAST_NA7366,NA7366,John,1663,https://catalogues.royalsociety.org/calmview/Record.aspx?src=CalmView.Persons&id=NA7366,1596,other,,,,,200,https://catalogues.royalsociety.org/calmview/Record.aspx?src=CalmView.Persons&id=NA7366,
RS_PAST_NA7367,NA7367,Thomas,1663,https://catalogues.royalsociety.org/calmview/Record.aspx?src=CalmView.Persons&id=NA7367,,missing,,,,,200,https://catalogues.royalsociety.org/calmview/Record.aspx?src=CalmView.Persons&id=NA7367,
RS_PAST_NA7368,NA7368,Thomas,1708,https://catalogues.royalsociety.org/calmview/Record.aspx?src=CalmView.Persons&id=NA7368,1654,year_only,,1654,1654,1,200,https://catalogues.royalsociety.org/calmview/Record.aspx?src=CalmView.Persons&id=NA7368,
RS_PAST_NA7369,NA7369,H Berenger de,1730,https://catalogues.royalsociety.org/calmview/Record.aspx?src=CalmView.Persons&id=NA7369,,missing,,,,,200,https://catalogues.royalsociety.org/calmview/Record.aspx?src=CalmView.Persons&id=NA7369,
RS_PAST_NA7371,NA7371,John,1716,https://catalogues.royalsociety.org/calmview/Record.aspx?src=CalmView.Persons&id=NA7371,1683,year_only,,1683,1683,1,200,https://catalogues.royalsociety.org/calmview/Record.aspx?src=CalmView.Persons&id=NA7371,
RS_PAST_NA7373,NA7373,David,1708,https://catalogues.royalsociety.org/calmview/Record.aspx?src=CalmView.Persons&id=NA7373,1663,year_only,,1663,1663,1,200,https://catalogues.royalsociety.org/calmview/Record.aspx?src=CalmView.Persons&id=NA7373,
RS_PAST_NA7376,NA7376,William,1865,https://catalogues.royalsociety.org/calmview/Record.aspx?src=CalmView.Persons&id=NA7376,,missing,,,,,200,https://catalogues.royalsociety.org/calmview/Record.aspx?src=CalmView.Persons&id=NA7376,
RS_PAST_NA7377,NA7377,Ambrose,1730,https://catalogues.royalsociety.org/calmview/Record.aspx?src=CalmView.Persons&id=NA7377,1660,year_only,,1660,1660,1,200,https://catalogues.royalsociety.org/calmview/Record.aspx?src=CalmView.Persons&id=NA7377,
RS_PAST_NA7382,NA7382,George,1712,https://catalogues.royalsociety.org/calmview/Record.aspx?src=CalmView.Persons&id=NA7382,,missing,,,,,200,https://catalogues.royalsociety.org/calmview/Record.aspx?src=CalmView.Persons&id=NA7382,
RS_PAST_NA7383,NA7383,Nathan,1725,https://catalogues.royalsociety.org/calmview/Record.aspx?src=CalmView.Persons&id=NA7383,,missing,,,1695,,200,https://catalogues.royalsociety.org/calmview/Record.aspx?src=CalmView.Persons&id=NA7383,
RS_PAST_NA7387,NA7387,Jacques du,1667,https://catalogues.royalsociety.org/calmview/Record.aspx?src=CalmView.Persons&id=NA7387,,missing,,,,,200,https://catalogues.royalsociety.org/calmview/Record.aspx?src=CalmView.Persons&id=NA7387,
RS_PAST_NA7388,NA7388,Ephraim,1729,https://catalogues.royalsociety.org/calmview/Record.aspx?src=CalmView.Persons&id=NA7388,c 1680,circa_year,,1680,1680,1,200,https://catalogues.royalsociety.org/calmview/Record.aspx?src=CalmView.Persons&id=NA7388,
RS_PAST_NA7389,NA7389,Samuel,1711,https://catalogues.royalsociety.org/calmview/Record.aspx?src=CalmView.Persons&id=NA7389,1648,year_only,,1648,1648,1,200,https://catalogues.royalsociety.org/calmview/Record.aspx?src=CalmView.Persons&id=NA7389,
RS_PAST_NA7390,NA7390,William,1730,https://catalogues.royalsociety.org/calmview/Record.aspx?src=CalmView.Persons&id=NA7390,1703,year_only,,1703,1703,1,200,https://catalogues.royalsociety.org/calmview/Record.aspx?src=CalmView.Persons&id=NA7390,
RS_PAST_NA7391,NA7391,Thomas,1715,https://catalogues.royalsociety.org/calmview/Record.aspx?src=CalmView.Persons&id=NA7391,,missing,,,,,200,https://catalogues.royalsociety.org/calmview/Record.aspx?src=CalmView.Persons&id=NA7391,
RS_PAST_NA7392,NA7392,Johann Heinrich,1729,https://catalogues.royalsociety.org/calmview/Record.aspx?src=CalmView.Persons&id=NA7392,1677,year_only,,1677,1677,1,200,https://catalogues.royalsociety.org/calmview/Record.aspx?src=CalmView.Persons&id=NA7392,
RS_PAST_NA7395,NA7395,James,1719,https://catalogues.royalsociety.org/calmview/Record.aspx?src=CalmView.Persons&id=NA7395,c. 1673,circa_year,,1673,1673,1,200,https://catalogues.royalsociety.org/calmview/Record.aspx?src=CalmView.Persons&id=NA7395,
RS_PAST_NA7396,NA7396,Thomas,1668,https://catalogues.royalsociety.org/calmview/Record.aspx?src=CalmView.Persons&id=NA7396,c 1637,circa_year,,1637,1637,1,200,https://catalogues.royalsociety.org/calmview/Record.aspx?src=CalmView.Persons&id=NA7396,
RS_PAST_NA7397,NA7397,Oliver,1681,https://catalogues.royalsociety.org/calmview/Record.aspx?src=CalmView.Persons&id=NA7397,,missing,,,,,200,https://catalogues.royalsociety.org/calmview/Record.aspx?src=CalmView.Persons&id=NA7397,
RS_PAST_NA7398,NA7398,Robert,1709,https://catalogues.royalsociety.org/calmview/Record.aspx?src=CalmView.Persons&id=NA7398,,missing,,,,,200,https://catalogues.royalsociety.org/calmview/Record.aspx?src=CalmView.Persons&id=NA7398,
RS_PAST_NA7399,NA7399,William,1679,https://catalogues.royalsociety.org/calmview/Record.aspx?src=CalmView.Persons&id=NA7399,c 1639,circa_year,,1639,1639,1,200,https://catalogues.royalsociety.org/calmview/Record.aspx?src=CalmView.Persons&id=NA7399,
RS_PAST_NA7401,NA7401,Samuel,1841,https://catalogues.royalsociety.org/calmview/Record.aspx?src=CalmView.Persons&id=NA7401,1789,year_only,,1789,1789,1,200,https://catalogues.royalsociety.org/calmview/Record.aspx?src=CalmView.Persons&id=NA7401,
RS_PAST_NA7403,NA7403,Johann Georg,1714,https://catalogues.royalsociety.org/calmview/Record.aspx?src=CalmView.Persons&id=NA7403,c 1667,circa_year,,1667,1667,1,200,https://catalogues.royalsociety.org/calmview/Record.aspx?src=CalmView.Persons&id=NA7403,
RS_PAST_NA7410,NA7410,George,1819,https://catalogues.royalsociety.org/calmview/Record.aspx?src=CalmView.Persons&id=NA7410,1789,year_only,,1789,1789,1,200,https://catalogues.royalsociety.org/calmview/Record.aspx?src=CalmView.Persons&id=NA7410,
RS_PAST_NA7412,NA7412,Edmund,1801,https://catalogues.royalsociety.org/calmview/Record.aspx?src=CalmView.Persons&id=NA7412,,missing,,,,,200,https://catalogues.royalsociety.org/calmview/Record.aspx?src=CalmView.Persons&id=NA7412,
RS_PAST_NA7413,NA7413,Giffin,1801,https://catalogues.royalsociety.org/calmview/Record.aspx?src=CalmView.Persons&id=NA7413,,missing,,,,,200,https://catalogues.royalsociety.org/calmview/Record.aspx?src=CalmView.Persons&id=NA7413,
RS_PAST_NA7414,NA7414,Gustavus,1754,https://catalogues.royalsociety.org/calmview/Record.aspx?src=CalmView.Persons&id=NA7414,1720,year_only,,1720,1720,1,200,https://catalogues.royalsociety.org/calmview/Record.aspx?src=CalmView.Persons&id=NA7414,
RS_PAST_NA7417,NA7417,Langford,1802,https://catalogues.royalsociety.org/calmview/Record.aspx?src=CalmView.Persons&id=NA7417,,missing,,,,,200,https://catalogues.royalsociety.org/calmview/Record.aspx?src=CalmView.Persons&id=NA7417,
RS_PAST_NA7424,NA7424,James,1803,https://catalogues.royalsociety.org/calmview/Record.aspx?src=CalmView.Persons&id=NA7424,1765,year_only,,1765,1765,1,200,https://catalogues.royalsociety.org/calmview/Record.aspx?src=CalmView.Persons&id=NA7424,
RS_PAST_NA7426,NA7426,William Holwell,1806,https://catalogues.royalsociety.org/calmview/Record.aspx?src=CalmView.Persons&id=NA7426,1758,year_only,,1758,1758,1,200,https://catalogues.royalsociety.org/calmview/Record.aspx?src=CalmView.Persons&id=NA7426,
RS_PAST_NA7440,NA7440,Thomas,1813,https://catalogues.royalsociety.org/calmview/Record.aspx?src=CalmView.Persons&id=NA7440,1755 or 1756,nonstandard_or_ambiguous,,,,,200,https://catalogues.royalsociety.org/calmview/Record.aspx?src=CalmView.Persons&id=NA7440,
RS_PAST_NA7443,NA7443,Roger,1815,https://catalogues.royalsociety.org/calmview/Record.aspx?src=CalmView.Persons&id=NA7443,,missing,,,,,200,https://catalogues.royalsociety.org/calmview/Record.aspx?src=CalmView.Persons&id=NA7443,
RS_PAST_NA7448,NA7448,James,1668,https://catalogues.royalsociety.org/calmview/Record.aspx?src=CalmView.Persons&id=NA7448,c. October 1636,nonstandard_or_ambiguous,,,1636,,200,https://catalogues.royalsociety.org/calmview/Record.aspx?src=CalmView.Persons&id=NA7448,
RS_PAST_NA7454,NA7454,David,1816,https://catalogues.royalsociety.org/calmview/Record.aspx?src=CalmView.Persons&id=NA7454,,missing,,,,,200,https://catalogues.royalsociety.org/calmview/Record.aspx?src=CalmView.Persons&id=NA7454,
RS_PAST_NA7461,NA7461,William,1818,https://catalogues.royalsociety.org/calmview/Record.aspx?src=CalmView.Persons&id=NA7461,,missing,,,,,200,https://catalogues.royalsociety.org/calmview/Record.aspx?src=CalmView.Persons&id=NA7461,
RS_PAST_NA7462,NA7462,Hugh,1736,https://catalogues.royalsociety.org/calmview/Record.aspx?src=CalmView.Persons&id=NA7462,1715,year_only,,1715,1715,1,200,https://catalogues.royalsociety.org/calmview/Record.aspx?src=CalmView.Persons&id=NA7462,
RS_PAST_NA7464,NA7464,Thomas Stamford Bingley,1817,https://catalogues.royalsociety.org/calmview/Record.aspx?src=CalmView.Persons&id=NA7464,05 or 06 July 1781,nonstandard_or_ambiguous,,,1781,,200,https://catalogues.royalsociety.org/calmview/Record.aspx?src=CalmView.Persons&id=NA7464,
RS_PAST_NA7471,NA7471,Cesar,1827,https://catalogues.royalsociety.org/calmview/Record.aspx?src=CalmView.Persons&id=NA7471,1791,year_only,,1791,1791,1,200,https://catalogues.royalsociety.org/calmview/Record.aspx?src=CalmView.Persons&id=NA7471,
RS_PAST_NA7473,NA7473,Philip,1821,https://catalogues.royalsociety.org/calmview/Record.aspx?src=CalmView.Persons&id=NA7473,c. 1783,circa_year,,1783,1783,1,200,https://catalogues.royalsociety.org/calmview/Record.aspx?src=CalmView.Persons&id=NA7473,
RS_PAST_NA7475,NA7475,Charles,1821,https://catalogues.royalsociety.org/calmview/Record.aspx?src=CalmView.Persons&id=NA7475,1784,year_only,,1784,1784,1,200,https://catalogues.royalsociety.org/calmview/Record.aspx?src=CalmView.Persons&id=NA7475,
RS_PAST_NA7477,NA7477,Thomas,1821,https://catalogues.royalsociety.org/calmview/Record.aspx?src=CalmView.Persons&id=NA7477,1760,year_only,,1760,1760,1,200,https://catalogues.royalsociety.org/calmview/Record.aspx?src=CalmView.Persons&id=NA7477,
RS_PAST_NA7478,NA7478,Richard,1824,https://catalogues.royalsociety.org/calmview/Record.aspx?src=CalmView.Persons&id=NA7478,1784,year_only,,1784,1784,1,200,https://catalogues.royalsociety.org/calmview/Record.aspx?src=CalmView.Persons&id=NA7478,
RS_PAST_NA7483,NA7483,William Stanley,1821,https://catalogues.royalsociety.org/calmview/Record.aspx?src=CalmView.Persons&id=NA7483,,missing,,,,,200,https://catalogues.royalsociety.org/calmview/Record.aspx?src=CalmView.Persons&id=NA7483,
RS_PAST_NA7484,NA7484,Robert,1822,https://catalogues.royalsociety.org/calmview/Record.aspx?src=CalmView.Persons&id=NA7484,1789,year_only,,1789,1789,1,200,https://catalogues.royalsociety.org/calmview/Record.aspx?src=CalmView.Persons&id=NA7484,
RS_PAST_NA7489,NA7489,Daniell,1823,https://catalogues.royalsociety.org/calmview/Record.aspx?src=CalmView.Persons&id=NA7489,1776,year_only,,1776,1776,1,200,https://catalogues.royalsociety.org/calmview/Record.aspx?src=CalmView.Persons&id=NA7489,
RS_PAST_NA7497,NA7497,John,1697,https://catalogues.royalsociety.org/calmview/Record.aspx?src=CalmView.Persons&id=NA7497,,missing,,,,,200,https://catalogues.royalsociety.org/calmview/Record.aspx?src=CalmView.Persons&id=NA7497,
RS_PAST_NA750,NA750,William Jolly,1947,https://catalogues.royalsociety.org/calmview/Record.aspx?src=CalmView.Persons&id=NA750,,missing,,,,,200,https://catalogues.royalsociety.org/calmview/Record.aspx?src=CalmView.Persons&id=NA750,
RS_PAST_NA7501,NA7501,Nicholas Aylward,1826,https://catalogues.royalsociety.org/calmview/Record.aspx?src=CalmView.Persons&id=NA7501,1785,year_only,,1785,1785,1,200,https://catalogues.royalsociety.org/calmview/Record.aspx?src=CalmView.Persons&id=NA7501,
RS_PAST_NA7502,NA7502,Alexander Robert,1828,https://catalogues.royalsociety.org/calmview/Record.aspx?src=CalmView.Persons&id=NA7502,c 1772,circa_year,,1772,1772,1,200,https://catalogues.royalsociety.org/calmview/Record.aspx?src=CalmView.Persons&id=NA7502,
RS_PAST_NA7504,NA7504,George,1826,https://catalogues.royalsociety.org/calmview/Record.aspx?src=CalmView.Persons&id=NA7504,,missing,,,1764,,200,https://catalogues.royalsociety.org/calmview/Record.aspx?src=CalmView.Persons&id=NA7504,
RS_PAST_NA7507,NA7507,Edmund,1825,https://catalogues.royalsociety.org/calmview/Record.aspx?src=CalmView.Persons&id=NA7507,1785,year_only,,1785,1785,1,200,https://catalogues.royalsociety.org/calmview/Record.aspx?src=CalmView.Persons&id=NA7507,
RS_PAST_NA7509,NA7509,Robert,1730,https://catalogues.royalsociety.org/calmview/Record.aspx?src=CalmView.Persons&id=NA7509,1703,year_only,,1703,1703,1,200,https://catalogues.royalsociety.org/calmview/Record.aspx?src=CalmView.Persons&id=NA7509,
RS_PAST_NA7514,NA7514,Andrew,1828,https://catalogues.royalsociety.org/calmview/Record.aspx?src=CalmView.Persons&id=NA7514,1757,year_only,,1757,1757,1,200,https://catalogues.royalsociety.org/calmview/Record.aspx?src=CalmView.Persons&id=NA7514,
RS_PAST_NA7517,NA7517,William,1830,https://catalogues.royalsociety.org/calmview/Record.aspx?src=CalmView.Persons&id=NA7517,1785,year_only,,1785,1785,1,200,https://catalogues.royalsociety.org/calmview/Record.aspx?src=CalmView.Persons&id=NA7517,
RS_PAST_NA7519,NA7519,William,1842,https://catalogues.royalsociety.org/calmview/Record.aspx?src=CalmView.Persons&id=NA7519,,missing,,,,,200,https://catalogues.royalsociety.org/calmview/Record.aspx?src=CalmView.Persons&id=NA7519,
RS_PAST_NA7524,NA7524,Lionel,1971,https://catalogues.royalsociety.org/calmview/Record.aspx?src=CalmView.Persons&id=NA7524,,missing,,,,,200,https://catalogues.royalsociety.org/calmview/Record.aspx?src=CalmView.Persons&id=NA7524,
RS_PAST_NA7527,NA7527,Henry Wollaston,1843,https://catalogues.royalsociety.org/calmview/Record.aspx?src=CalmView.Persons&id=NA7527,1815,year_only,,1815,1815,1,200,https://catalogues.royalsociety.org/calmview/Record.aspx?src=CalmView.Persons&id=NA7527,
RS_PAST_NA7529,NA7529,Augustin Francis Bullock,1842,https://catalogues.royalsociety.org/calmview/Record.aspx?src=CalmView.Persons&id=NA7529,1800,year_only,,1800,1800,1,200,https://catalogues.royalsociety.org/calmview/Record.aspx?src=CalmView.Persons&id=NA7529,
RS_PAST_NA7538,NA7538,Alexander,1832,https://catalogues.royalsociety.org/calmview/Record.aspx?src=CalmView.Persons&id=NA7538,,missing,,,,,200,https://catalogues.royalsociety.org/calmview/Record.aspx?src=CalmView.Persons&id=NA7538,
RS_PAST_NA7540,NA7540,John,1696,https://catalogues.royalsociety.org/calmview/Record.aspx?src=CalmView.Persons&id=NA7540,c 1666,circa_year,,1666,1666,1,200,https://catalogues.royalsociety.org/calmview/Record.aspx?src=CalmView.Persons&id=NA7540,
RS_PAST_NA7549,NA7549,George,1833,https://catalogues.royalsociety.org/calmview/Record.aspx?src=CalmView.Persons&id=NA7549,c. 1780,circa_year,,1780,1780,1,200,https://catalogues.royalsociety.org/calmview/Record.aspx?src=CalmView.Persons&id=NA7549,
RS_PAST_NA7551,NA7551,John,1834,https://catalogues.royalsociety.org/calmview/Record.aspx?src=CalmView.Persons&id=NA7551,c 1799,circa_year,,1799,1799,1,200,https://catalogues.royalsociety.org/calmview/Record.aspx?src=CalmView.Persons&id=NA7551,
RS_PAST_NA7556,NA7556,William,1833,https://catalogues.royalsociety.org/calmview/Record.aspx?src=CalmView.Persons&id=NA7556,1779,year_only,,1779,1779,1,200,https://catalogues.royalsociety.org/calmview/Record.aspx?src=CalmView.Persons&id=NA7556,
RS_PAST_NA7557,NA7557,Arthur,1835,https://catalogues.royalsociety.org/calmview/Record.aspx?src=CalmView.Persons&id=NA7557,1801,year_only,,1801,1801,1,200,https://catalogues.royalsociety.org/calmview/Record.aspx?src=CalmView.Persons&id=NA7557,
RS_PAST_NA7562,NA7562,George,1722,https://catalogues.royalsociety.org/calmview/Record.aspx?src=CalmView.Persons&id=NA7562,,missing,,,1697,,200,https://catalogues.royalsociety.org/calmview/Record.aspx?src=CalmView.Persons&id=NA7562,
RS_PAST_NA7565,NA7565,Samuel Edward,1842,https://catalogues.royalsociety.org/calmview/Record.aspx?src=CalmView.Persons&id=NA7565,1787,year_only,,1787,1787,1,200,https://catalogues.royalsociety.org/calmview/Record.aspx?src=CalmView.Persons&id=NA7565,
RS_PAST_NA7567,NA7567,Robert Bentley,1838,https://catalogues.royalsociety.org/calmview/Record.aspx?src=CalmView.Persons&id=NA7567,07 or 09 April 1809,nonstandard_or_ambiguous,,,1809,,200,https://catalogues.royalsociety.org/calmview/Record.aspx?src=CalmView.Persons&id=NA7567,
RS_PAST_NA7572,NA7572,Robert,1830,https://catalogues.royalsociety.org/calmview/Record.aspx?src=CalmView.Persons&id=NA7572,1793,year_only,,1793,1793,1,200,https://catalogues.royalsociety.org/calmview/Record.aspx?src=CalmView.Persons&id=NA7572,
RS_PAST_NA7573,NA7573,James,1843,https://catalogues.royalsociety.org/calmview/Record.aspx?src=CalmView.Persons&id=NA7573,1809,year_only,,1809,1809,1,200,https://catalogues.royalsociety.org/calmview/Record.aspx?src=CalmView.Persons&id=NA7573,
RS_PAST_NA758,NA758,Peter,1767,https://catalogues.royalsociety.org/calmview/Record.aspx?src=CalmView.Persons&id=NA758,,missing,,,1727,,200,https://catalogues.royalsociety.org/calmview/Record.aspx?src=CalmView.Persons&id=NA758,
RS_PAST_NA7583,NA7583,William,1753,https://catalogues.royalsociety.org/calmview/Record.aspx?src=CalmView.Persons&id=NA7583,,missing,,,,,200,https://catalogues.royalsociety.org/calmview/Record.aspx?src=CalmView.Persons&id=NA7583,
RS_PAST_NA7585,NA7585,John,1724,https://catalogues.royalsociety.org/calmview/Record.aspx?src=CalmView.Persons&id=NA7585,,missing,,,,,200,https://catalogues.royalsociety.org/calmview/Record.aspx?src=CalmView.Persons&id=NA7585,
RS_PAST_NA7587,NA7587,Joseph,1753,https://catalogues.royalsociety.org/calmview/Record.aspx?src=CalmView.Persons&id=NA7587,,missing,,,,,200,https://catalogues.royalsociety.org/calmview/Record.aspx?src=CalmView.Persons&id=NA7587,
RS_PAST_NA7590,NA7590,John,1841,https://catalogues.royalsociety.org/calmview/Record.aspx?src=CalmView.Persons&id=NA7590,,missing,,,,,200,https://catalogues.royalsociety.org/calmview/Record.aspx?src=CalmView.Persons&id=NA7590,
RS_PAST_NA7597,NA7597,Thomas Tassell,1840,https://catalogues.royalsociety.org/calmview/Record.aspx?src=CalmView.Persons&id=NA7597,1795,year_only,,1795,1795,1,200,https://catalogues.royalsociety.org/calmview/Record.aspx?src=CalmView.Persons&id=NA7597,
RS_PAST_NA7598,NA7598,Samuel,1841,https://catalogues.royalsociety.org/calmview/Record.aspx?src=CalmView.Persons&id=NA7598,1800,year_only,,1800,1800,1,200,https://catalogues.royalsociety.org/calmview/Record.aspx?src=CalmView.Persons&id=NA7598,
RS_PAST_NA7599,NA7599,James Scott,1842,https://catalogues.royalsociety.org/calmview/Record.aspx?src=CalmView.Persons&id=NA7599,July 1797,nonstandard_or_ambiguous,,,1797,,200,https://catalogues.royalsociety.org/calmview/Record.aspx?src=CalmView.Persons&id=NA7599,
RS_PAST_NA7600,NA7600,Charles James,1844,https://catalogues.royalsociety.org/calmview/Record.aspx?src=CalmView.Persons&id=NA7600,December 1820,nonstandard_or_ambiguous,,,1820,,200,https://catalogues.royalsociety.org/calmview/Record.aspx?src=CalmView.Persons&id=NA7600,
RS_PAST_NA7603,NA7603,Samuel Elliott,1843,https://catalogues.royalsociety.org/calmview/Record.aspx?src=CalmView.Persons&id=NA7603,February 1799,nonstandard_or_ambiguous,,,1799,,200,https://catalogues.royalsociety.org/calmview/Record.aspx?src=CalmView.Persons&id=NA7603,
RS_PAST_NA7604,NA7604,Robert,1753,https://catalogues.royalsociety.org/calmview/Record.aspx?src=CalmView.Persons&id=NA7604,,missing,,,,,200,https://catalogues.royalsociety.org/calmview/Record.aspx?src=CalmView.Persons&id=NA7604,
RS_PAST_NA7607,NA7607,James,1754,https://catalogues.royalsociety.org/calmview/Record.aspx?src=CalmView.Persons&id=NA7607,,missing,,,,,200,https://catalogues.royalsociety.org/calmview/Record.aspx?src=CalmView.Persons&id=NA7607,
RS_PAST_NA7608,NA7608,John,1754,https://catalogues.royalsociety.org/calmview/Record.aspx?src=CalmView.Persons&id=NA7608,c. 1702,circa_year,,1702,1702,1,200,https://catalogues.royalsociety.org/calmview/Record.aspx?src=CalmView.Persons&id=NA7608,
RS_PAST_NA7609,NA7609,John,1741,https://catalogues.royalsociety.org/calmview/Record.aspx?src=CalmView.Persons&id=NA7609,? 1705,nonstandard_or_ambiguous,,,1705,,200,https://catalogues.royalsociety.org/calmview/Record.aspx?src=CalmView.Persons&id=NA7609,
RS_PAST_NA7612,NA7612,Lewis,1754,https://catalogues.royalsociety.org/calmview/Record.aspx?src=CalmView.Persons&id=NA7612,1701,year_only,,1701,1701,1,200,https://catalogues.royalsociety.org/calmview/Record.aspx?src=CalmView.Persons&id=NA7612,
RS_PAST_NA7613,NA7613,Bartholomew,1754,https://catalogues.royalsociety.org/calmview/Record.aspx?src=CalmView.Persons&id=NA7613,,missing,,,,,200,https://catalogues.royalsociety.org/calmview/Record.aspx?src=CalmView.Persons&id=NA7613,
RS_PAST_NA7614,NA7614,John,1754,https://catalogues.royalsociety.org/calmview/Record.aspx?src=CalmView.Persons&id=NA7614,,missing,,,,,200,https://catalogues.royalsociety.org/calmview/Record.aspx?src=CalmView.Persons&id=NA7614,
RS_PAST_NA7615,NA7615,R,1754,https://catalogues.royalsociety.org/calmview/Record.aspx?src=CalmView.Persons&id=NA7615,,missing,,,,,200,https://catalogues.royalsociety.org/calmview/Record.aspx?src=CalmView.Persons&id=NA7615,
RS_PAST_NA7616,NA7616,George,1663,https://catalogues.royalsociety.org/calmview/Record.aspx?src=CalmView.Persons&id=NA7616,c 1629,circa_year,,1629,1629,1,200,https://catalogues.royalsociety.org/calmview/Record.aspx?src=CalmView.Persons&id=NA7616,
RS_PAST_NA7617,NA7617,Gregory,1754,https://catalogues.royalsociety.org/calmview/Record.aspx?src=CalmView.Persons&id=NA7617,1713,year_only,,1713,1713,1,200,https://catalogues.royalsociety.org/calmview/Record.aspx?src=CalmView.Persons&id=NA7617,
RS_PAST_NA7618,NA7618,Jacob de,1730,https://catalogues.royalsociety.org/calmview/Record.aspx?src=CalmView.Persons&id=NA7618,1692,year_only,,1692,1692,1,200,https://catalogues.royalsociety.org/calmview/Record.aspx?src=CalmView.Persons&id=NA7618,
RS_PAST_NA7619,NA7619,Charles,1754,https://catalogues.royalsociety.org/calmview/Record.aspx?src=CalmView.Persons&id=NA7619,,missing,,,1696,,200,https://catalogues.royalsociety.org/calmview/Record.aspx?src=CalmView.Persons&id=NA7619,
RS_PAST_NA7620,NA7620,Caspar,1754,https://catalogues.royalsociety.org/calmview/Record.aspx?src=CalmView.Persons&id=NA7620,,missing,,,,,200,https://catalogues.royalsociety.org/calmview/Record.aspx?src=CalmView.Persons&id=NA7620,
RS_PAST_NA7621,NA7621,Samuel,1754,https://catalogues.royalsociety.org/calmview/Record.aspx?src=CalmView.Persons&id=NA7621,1693,year_only,,1693,1693,1,200,https://catalogues.royalsociety.org/calmview/Record.aspx?src=CalmView.Persons&id=NA7621,
RS_PAST_NA7622,NA7622,Charles,1753,https://catalogues.royalsociety.org/calmview/Record.aspx?src=CalmView.Persons&id=NA7622,c. 1715,circa_year,,1715,1715,1,200,https://catalogues.royalsociety.org/calmview/Record.aspx?src=CalmView.Persons&id=NA7622,
RS_PAST_NA7623,NA7623,Peter,1753,https://catalogues.royalsociety.org/calmview/Record.aspx?src=CalmView.Persons&id=NA7623,1715,year_only,,1715,1715,1,200,https://catalogues.royalsociety.org/calmview/Record.aspx?src=CalmView.Persons&id=NA7623,
RS_PAST_NA7625,NA7625,Caleb,1753,https://catalogues.royalsociety.org/calmview/Record.aspx?src=CalmView.Persons&id=NA7625,,missing,,,1701,,200,https://catalogues.royalsociety.org/calmview/Record.aspx?src=CalmView.Persons&id=NA7625,
RS_PAST_NA7627,NA7627,William,1753,https://catalogues.royalsociety.org/calmview/Record.aspx?src=CalmView.Persons&id=NA7627,1721,year_only,,1721,1721,1,200,https://catalogues.royalsociety.org/calmview/Record.aspx?src=CalmView.Persons&id=NA7627,
RS_PAST_NA7628,NA7628,William,1754,https://catalogues.royalsociety.org/calmview/Record.aspx?src=CalmView.Persons&id=NA7628,c. 1687,circa_year,,1687,1687,1,200,https://catalogues.royalsociety.org/calmview/Record.aspx?src=CalmView.Persons&id=NA7628,
RS_PAST_NA7629,NA7629,John,1754,https://catalogues.royalsociety.org/calmview/Record.aspx?src=CalmView.Persons&id=NA7629,c 1730,circa_year,,1730,1730,1,200,https://catalogues.royalsociety.org/calmview/Record.aspx?src=CalmView.Persons&id=NA7629,
RS_PAST_NA7630,NA7630,John,1754,https://catalogues.royalsociety.org/calmview/Record.aspx?src=CalmView.Persons&id=NA7630,,missing,,,,,200,https://catalogues.royalsociety.org/calmview/Record.aspx?src=CalmView.Persons&id=NA7630,
RS_PAST_NA7631,NA7631,William,1802,https://catalogues.royalsociety.org/calmview/Record.aspx?src=CalmView.Persons&id=NA7631,,missing,,,,,200,https://catalogues.royalsociety.org/calmview/Record.aspx?src=CalmView.Persons&id=NA7631,
RS_PAST_NA7633,NA7633,Walter,1844,https://catalogues.royalsociety.org/calmview/Record.aspx?src=CalmView.Persons&id=NA7633,1796,year_only,,1796,1796,1,200,https://catalogues.royalsociety.org/calmview/Record.aspx?src=CalmView.Persons&id=NA7633,
RS_PAST_NA7636,NA7636,John,1845,https://catalogues.royalsociety.org/calmview/Record.aspx?src=CalmView.Persons&id=NA7636,1800 or 01 January 1801,nonstandard_or_ambiguous,,,,,200,https://catalogues.royalsociety.org/calmview/Record.aspx?src=CalmView.Persons&id=NA7636,
RS_PAST_NA7640,NA7640,Richard,1844,https://catalogues.royalsociety.org/calmview/Record.aspx?src=CalmView.Persons&id=NA7640,July 1800,nonstandard_or_ambiguous,,,1800,,200,https://catalogues.royalsociety.org/calmview/Record.aspx?src=CalmView.Persons&id=NA7640,
RS_PAST_NA7647,NA7647,Thomas Snow,1851,https://catalogues.royalsociety.org/calmview/Record.aspx?src=CalmView.Persons&id=NA7647,1814,year_only,,1814,1814,1,200,https://catalogues.royalsociety.org/calmview/Record.aspx?src=CalmView.Persons&id=NA7647,
RS_PAST_NA7649,NA7649,John,1846,https://catalogues.royalsociety.org/calmview/Record.aspx?src=CalmView.Persons&id=NA7649,14 or 20 March 1814,nonstandard_or_ambiguous,,,1814,,200,https://catalogues.royalsociety.org/calmview/Record.aspx?src=CalmView.Persons&id=NA7649,
RS_PAST_NA7653,NA7653,Samuel,1771,https://catalogues.royalsociety.org/calmview/Record.aspx?src=CalmView.Persons&id=NA7653,c. 1731,circa_year,,1731,1731,1,200,https://catalogues.royalsociety.org/calmview/Record.aspx?src=CalmView.Persons&id=NA7653,
RS_PAST_NA7654,NA7654,James,1821,https://catalogues.royalsociety.org/calmview/Record.aspx?src=CalmView.Persons&id=NA7654,1768,year_only,,1768,1768,1,200,https://catalogues.royalsociety.org/calmview/Record.aspx?src=CalmView.Persons&id=NA7654,
RS_PAST_NA7656,NA7656,John Augustus Francis,1847,https://catalogues.royalsociety.org/calmview/Record.aspx?src=CalmView.Persons&id=NA7656,,missing,,,1780,,200,https://catalogues.royalsociety.org/calmview/Record.aspx?src=CalmView.Persons&id=NA7656,
RS_PAST_NA7670,NA7670,Robert,1677,https://catalogues.royalsociety.org/calmview/Record.aspx?src=CalmView.Persons&id=NA7670,c. December 1640,nonstandard_or_ambiguous,,,1640,,200,https://catalogues.royalsociety.org/calmview/Record.aspx?src=CalmView.Persons&id=NA7670,
RS_PAST_NA7671,NA7671,Francis,1663,https://catalogues.royalsociety.org/calmview/Record.aspx?src=CalmView.Persons&id=NA7671,1597,other,,,,,200,https://catalogues.royalsociety.org/calmview/Record.aspx?src=CalmView.Persons&id=NA7671,
RS_PAST_NA7675,NA7675,William Lewis Ferdinand,1855,https://catalogues.royalsociety.org/calmview/Record.aspx?src=CalmView.Persons&id=NA7675,1809 or 03 May 1813,nonstandard_or_ambiguous,,,,,200,https://catalogues.royalsociety.org/calmview/Record.aspx?src=CalmView.Persons&id=NA7675,
RS_PAST_NA7677,NA7677,Edward Mourrier,1858,https://catalogues.royalsociety.org/calmview/Record.aspx?src=CalmView.Persons&id=NA7677,February 1822,nonstandard_or_ambiguous,,,1822,,200,https://catalogues.royalsociety.org/calmview/Record.aspx?src=CalmView.Persons&id=NA7677,
RS_PAST_NA7678,NA7678,Edward William,1854,https://catalogues.royalsociety.org/calmview/Record.aspx?src=CalmView.Persons&id=NA7678,1802,year_only,,1802,1802,1,200,https://catalogues.royalsociety.org/calmview/Record.aspx?src=CalmView.Persons&id=NA7678,
RS_PAST_NA7694,NA7694,John,1672,https://catalogues.royalsociety.org/calmview/Record.aspx?src=CalmView.Persons&id=NA7694,c. September 1630,nonstandard_or_ambiguous,,,1630,,200,https://catalogues.royalsociety.org/calmview/Record.aspx?src=CalmView.Persons&id=NA7694,
RS_PAST_NA7698,NA7698,Jeremiah,1742,https://catalogues.royalsociety.org/calmview/Record.aspx?src=CalmView.Persons&id=NA7698,,missing,,,,,200,https://catalogues.royalsociety.org/calmview/Record.aspx?src=CalmView.Persons&id=NA7698,
RS_PAST_NA7700,NA7700,William,1755,https://catalogues.royalsociety.org/calmview/Record.aspx?src=CalmView.Persons&id=NA7700,,missing,,,,,200,https://catalogues.royalsociety.org/calmview/Record.aspx?src=CalmView.Persons&id=NA7700,
RS_PAST_NA7701,NA7701,Martin,1755,https://catalogues.royalsociety.org/calmview/Record.aspx?src=CalmView.Persons&id=NA7701,,missing,,,,,200,https://catalogues.royalsociety.org/calmview/Record.aspx?src=CalmView.Persons&id=NA7701,
RS_PAST_NA7704,NA7704,James,1748,https://catalogues.royalsociety.org/calmview/Record.aspx?src=CalmView.Persons&id=NA7704,1690,year_only,,1690,1690,1,200,https://catalogues.royalsociety.org/calmview/Record.aspx?src=CalmView.Persons&id=NA7704,
RS_PAST_NA7706,NA7706,Ottavio Antonio,1755,https://catalogues.royalsociety.org/calmview/Record.aspx?src=CalmView.Persons&id=NA7706,,missing,,,1690,,200,https://catalogues.royalsociety.org/calmview/Record.aspx?src=CalmView.Persons&id=NA7706,
RS_PAST_NA7711,NA7711,Keane,1756,https://catalogues.royalsociety.org/calmview/Record.aspx?src=CalmView.Persons&id=NA7711,,missing,,,,,200,https://catalogues.royalsociety.org/calmview/Record.aspx?src=CalmView.Persons&id=NA7711,
RS_PAST_NA7715,NA7715,John,1758,https://catalogues.royalsociety.org/calmview/Record.aspx?src=CalmView.Persons&id=NA7715,24 or 25 June 1719,nonstandard_or_ambiguous,,,1719,,200,https://catalogues.royalsociety.org/calmview/Record.aspx?src=CalmView.Persons&id=NA7715,
RS_PAST_NA7719,NA7719,John,1719,https://catalogues.royalsociety.org/calmview/Record.aspx?src=CalmView.Persons&id=NA7719,,missing,,,,,200,https://catalogues.royalsociety.org/calmview/Record.aspx?src=CalmView.Persons&id=NA7719,
RS_PAST_NA7720,NA7720,John,1713,https://catalogues.royalsociety.org/calmview/Record.aspx?src=CalmView.Persons&id=NA7720,,missing,,,,,200,https://catalogues.royalsociety.org/calmview/Record.aspx?src=CalmView.Persons&id=NA7720,
RS_PAST_NA7721,NA7721,David,1729,https://catalogues.royalsociety.org/calmview/Record.aspx?src=CalmView.Persons&id=NA7721,1680,year_only,,1680,1680,1,200,https://catalogues.royalsociety.org/calmview/Record.aspx?src=CalmView.Persons&id=NA7721,
RS_PAST_NA7722,NA7722,Simon,1723,https://catalogues.royalsociety.org/calmview/Record.aspx?src=CalmView.Persons&id=NA7722,c 1694,circa_year,,1694,1694,1,200,https://catalogues.royalsociety.org/calmview/Record.aspx?src=CalmView.Persons&id=NA7722,
RS_PAST_NA7723,NA7723,Oliver,1720,https://catalogues.royalsociety.org/calmview/Record.aspx?src=CalmView.Persons&id=NA7723,c. 1691,circa_year,,1691,1691,1,200,https://catalogues.royalsociety.org/calmview/Record.aspx?src=CalmView.Persons&id=NA7723,
RS_PAST_NA7724,NA7724,Jacobus,1687,https://catalogues.royalsociety.org/calmview/Record.aspx?src=CalmView.Persons&id=NA7724,c 1647,circa_year,,1647,1647,1,200,https://catalogues.royalsociety.org/calmview/Record.aspx?src=CalmView.Persons&id=NA7724,
RS_PAST_NA7726,NA7726,Peter,1729,https://catalogues.royalsociety.org/calmview/Record.aspx?src=CalmView.Persons&id=NA7726,,missing,,,,,200,https://catalogues.royalsociety.org/calmview/Record.aspx?src=CalmView.Persons&id=NA7726,
RS_PAST_NA7727,NA7727,West,1723,https://catalogues.royalsociety.org/calmview/Record.aspx?src=CalmView.Persons&id=NA7727,,missing,,,1699,,200,https://catalogues.royalsociety.org/calmview/Record.aspx?src=CalmView.Persons&id=NA7727,
RS_PAST_NA7728,NA7728,William,1711,https://catalogues.royalsociety.org/calmview/Record.aspx?src=CalmView.Persons&id=NA7728,1675,year_only,,1675,1675,1,200,https://catalogues.royalsociety.org/calmview/Record.aspx?src=CalmView.Persons&id=NA7728,
RS_PAST_NA7729,NA7729,Joseph,1724,https://catalogues.royalsociety.org/calmview/Record.aspx?src=CalmView.Persons&id=NA7729,,missing,,,1697,,200,https://catalogues.royalsociety.org/calmview/Record.aspx?src=CalmView.Persons&id=NA7729,
RS_PAST_NA7730,NA7730,William,1721,https://catalogues.royalsociety.org/calmview/Record.aspx?src=CalmView.Persons&id=NA7730,1682,year_only,,1682,1682,1,200,https://catalogues.royalsociety.org/calmview/Record.aspx?src=CalmView.Persons&id=NA7730,
RS_PAST_NA7733,NA7733,Robert,1757,https://catalogues.royalsociety.org/calmview/Record.aspx?src=CalmView.Persons&id=NA7733,c.1694,circa_year,,1694,1694,1,200,https://catalogues.royalsociety.org/calmview/Record.aspx?src=CalmView.Persons&id=NA7733,
RS_PAST_NA7734,NA7734,Philip,1757,https://catalogues.royalsociety.org/calmview/Record.aspx?src=CalmView.Persons&id=NA7734,c. 1695,circa_year,,1695,1695,1,200,https://catalogues.royalsociety.org/calmview/Record.aspx?src=CalmView.Persons&id=NA7734,
RS_PAST_NA7736,NA7736,William Man,1758,https://catalogues.royalsociety.org/calmview/Record.aspx?src=CalmView.Persons&id=NA7736,c. 1719,circa_year,,1719,1719,1,200,https://catalogues.royalsociety.org/calmview/Record.aspx?src=CalmView.Persons&id=NA7736,
RS_PAST_NA7737,NA7737,Henry,1705,https://catalogues.royalsociety.org/calmview/Record.aspx?src=CalmView.Persons&id=NA7737,c. 1675,circa_year,,1675,1675,1,200,https://catalogues.royalsociety.org/calmview/Record.aspx?src=CalmView.Persons&id=NA7737,
RS_PAST_NA7739,NA7739,Camillo,1755,https://catalogues.royalsociety.org/calmview/Record.aspx?src=CalmView.Persons&id=NA7739,,missing,,,,,200,https://catalogues.royalsociety.org/calmview/Record.aspx?src=CalmView.Persons&id=NA7739,
RS_PAST_NA7740,NA7740,John Lewis,1759,https://catalogues.royalsociety.org/calmview/Record.aspx?src=CalmView.Persons&id=NA7740,1736,year_only,,1736,1736,1,200,https://catalogues.royalsociety.org/calmview/Record.aspx?src=CalmView.Persons&id=NA7740,
RS_PAST_NA7741,NA7741,David van,1759,https://catalogues.royalsociety.org/calmview/Record.aspx?src=CalmView.Persons&id=NA7741,1727 or 1729,nonstandard_or_ambiguous,,,,,200,https://catalogues.royalsociety.org/calmview/Record.aspx?src=CalmView.Persons&id=NA7741,
RS_PAST_NA7742,NA7742,Edward Hussey,1759,https://catalogues.royalsociety.org/calmview/Record.aspx?src=CalmView.Persons&id=NA7742,,missing,,,1729,,200,https://catalogues.royalsociety.org/calmview/Record.aspx?src=CalmView.Persons&id=NA7742,
RS_PAST_NA7744,NA7744,Roger,1755,https://catalogues.royalsociety.org/calmview/Record.aspx?src=CalmView.Persons&id=NA7744,,missing,,,,,200,https://catalogues.royalsociety.org/calmview/Record.aspx?src=CalmView.Persons&id=NA7744,
RS_PAST_NA7747,NA7747,Charles Henry Bellenden,1819,https://catalogues.royalsociety.org/calmview/Record.aspx?src=CalmView.Persons&id=NA7747,c. 1785,circa_year,,1785,1785,1,200,https://catalogues.royalsociety.org/calmview/Record.aspx?src=CalmView.Persons&id=NA7747,
RS_PAST_NA7749,NA7749,John,1712,https://catalogues.royalsociety.org/calmview/Record.aspx?src=CalmView.Persons&id=NA7749,1665,year_only,,1665,1665,1,200,https://catalogues.royalsociety.org/calmview/Record.aspx?src=CalmView.Persons&id=NA7749,
RS_PAST_NA7751,NA7751,Nicolas,1666,https://catalogues.royalsociety.org/calmview/Record.aspx?src=CalmView.Persons&id=NA7751,c 1620,circa_year,,1620,1620,1,200,https://catalogues.royalsociety.org/calmview/Record.aspx?src=CalmView.Persons&id=NA7751,
RS_PAST_NA7753,NA7753,John,1707,https://catalogues.royalsociety.org/calmview/Record.aspx?src=CalmView.Persons&id=NA7753,,missing,,,1680,,200,https://catalogues.royalsociety.org/calmview/Record.aspx?src=CalmView.Persons&id=NA7753,
RS_PAST_NA7754,NA7754,Samuel,1706,https://catalogues.royalsociety.org/calmview/Record.aspx?src=CalmView.Persons&id=NA7754,1661,year_only,,1661,1661,1,200,https://catalogues.royalsociety.org/calmview/Record.aspx?src=CalmView.Persons&id=NA7754,
RS_PAST_NA7755,NA7755,Conrad D'Alev a,1729,https://catalogues.royalsociety.org/calmview/Record.aspx?src=CalmView.Persons&id=NA7755,,missing,,,1688,,200,https://catalogues.royalsociety.org/calmview/Record.aspx?src=CalmView.Persons&id=NA7755,
RS_PAST_NA7756,NA7756,Patrick,1712,https://catalogues.royalsociety.org/calmview/Record.aspx?src=CalmView.Persons&id=NA7756,,missing,,,,,200,https://catalogues.royalsociety.org/calmview/Record.aspx?src=CalmView.Persons&id=NA7756,
RS_PAST_NA7761,NA7761,Thomas,1699,https://catalogues.royalsociety.org/calmview/Record.aspx?src=CalmView.Persons&id=NA7761,January 1673,nonstandard_or_ambiguous,,,1673,,200,https://catalogues.royalsociety.org/calmview/Record.aspx?src=CalmView.Persons&id=NA7761,
RS_PAST_NA7762,NA7762,John,1706,https://catalogues.royalsociety.org/calmview/Record.aspx?src=CalmView.Persons&id=NA7762,,missing,,,1687,,200,https://catalogues.royalsociety.org/calmview/Record.aspx?src=CalmView.Persons&id=NA7762,
RS_PAST_NA7766,NA7766,Henry,1748,https://catalogues.royalsociety.org/calmview/Record.aspx?src=CalmView.Persons&id=NA7766,1716,year_only,,1716,1716,1,200,https://catalogues.royalsociety.org/calmview/Record.aspx?src=CalmView.Persons&id=NA7766,
RS_PAST_NA7767,NA7767,Charles,1692,https://catalogues.royalsociety.org/calmview/Record.aspx?src=CalmView.Persons&id=NA7767,,missing,,,,,200,https://catalogues.royalsociety.org/calmview/Record.aspx?src=CalmView.Persons&id=NA7767,
RS_PAST_NA7768,NA7768,James,1664,https://catalogues.royalsociety.org/calmview/Record.aspx?src=CalmView.Persons&id=NA7768,,missing,,,,,200,https://catalogues.royalsociety.org/calmview/Record.aspx?src=CalmView.Persons&id=NA7768,
RS_PAST_NA7770,NA7770,Thomas,1716,https://catalogues.royalsociety.org/calmview/Record.aspx?src=CalmView.Persons&id=NA7770,1671,year_only,,1671,1671,1,200,https://catalogues.royalsociety.org/calmview/Record.aspx?src=CalmView.Persons&id=NA7770,
RS_PAST_NA7771,NA7771,John,1721,https://catalogues.royalsociety.org/calmview/Record.aspx?src=CalmView.Persons&id=NA7771,,missing,,,,,200,https://catalogues.royalsociety.org/calmview/Record.aspx?src=CalmView.Persons&id=NA7771,
RS_PAST_NA7772,NA7772,Caleb,1718,https://catalogues.royalsociety.org/calmview/Record.aspx?src=CalmView.Persons&id=NA7772,,missing,,,,,200,https://catalogues.royalsociety.org/calmview/Record.aspx?src=CalmView.Persons&id=NA7772,
RS_PAST_NA7773,NA7773,Dacre Barret,1705,https://catalogues.royalsociety.org/calmview/Record.aspx?src=CalmView.Persons&id=NA7773,,missing,,,,,200,https://catalogues.royalsociety.org/calmview/Record.aspx?src=CalmView.Persons&id=NA7773,
RS_PAST_NA7774,NA7774,Peter,1720,https://catalogues.royalsociety.org/calmview/Record.aspx?src=CalmView.Persons&id=NA7774,1672 or 1673,nonstandard_or_ambiguous,,,,,200,https://catalogues.royalsociety.org/calmview/Record.aspx?src=CalmView.Persons&id=NA7774,
RS_PAST_NA7778,NA7778,John,1713,https://catalogues.royalsociety.org/calmview/Record.aspx?src=CalmView.Persons&id=NA7778,1680,year_only,,1680,1680,1,200,https://catalogues.royalsociety.org/calmview/Record.aspx?src=CalmView.Persons&id=NA7778,
RS_PAST_NA7779,NA7779,Owen,1701,https://catalogues.royalsociety.org/calmview/Record.aspx?src=CalmView.Persons&id=NA7779,c1674,circa_year,,1674,1674,1,200,https://catalogues.royalsociety.org/calmview/Record.aspx?src=CalmView.Persons&id=NA7779,
RS_PAST_NA778,NA778,John,1671,https://catalogues.royalsociety.org/calmview/Record.aspx?src=CalmView.Persons&id=NA778,c. September 1642,nonstandard_or_ambiguous,,,1642,,200,https://catalogues.royalsociety.org/calmview/Record.aspx?src=CalmView.Persons&id=NA778,
RS_PAST_NA7781,NA7781,Christian,1701,https://catalogues.royalsociety.org/calmview/Record.aspx?src=CalmView.Persons&id=NA7781,c 1662,circa_year,,1662,1662,1,200,https://catalogues.royalsociety.org/calmview/Record.aspx?src=CalmView.Persons&id=NA7781,
RS_PAST_NA7782,NA7782,Edward,1708,https://catalogues.royalsociety.org/calmview/Record.aspx?src=CalmView.Persons&id=NA7782,1660,year_only,,1660,1660,1,200,https://catalogues.royalsociety.org/calmview/Record.aspx?src=CalmView.Persons&id=NA7782,
RS_PAST_NA7784,NA7784,Edward,1698,https://catalogues.royalsociety.org/calmview/Record.aspx?src=CalmView.Persons&id=NA7784,1663,year_only,,1663,1663,1,200,https://catalogues.royalsociety.org/calmview/Record.aspx?src=CalmView.Persons&id=NA7784,
RS_PAST_NA7785,NA7785,John,1702,https://catalogues.royalsociety.org/calmview/Record.aspx?src=CalmView.Persons&id=NA7785,c 1659,circa_year,,1659,1659,1,200,https://catalogues.royalsociety.org/calmview/Record.aspx?src=CalmView.Persons&id=NA7785,
RS_PAST_NA7786,NA7786,John,1710,https://catalogues.royalsociety.org/calmview/Record.aspx?src=CalmView.Persons&id=NA7786,,missing,,,,,200,https://catalogues.royalsociety.org/calmview/Record.aspx?src=CalmView.Persons&id=NA7786,
RS_PAST_NA7790,NA7790,Thomas,1676,https://catalogues.royalsociety.org/calmview/Record.aspx?src=CalmView.Persons&id=NA7790,c 1627,circa_year,,1627,1627,1,200,https://catalogues.royalsociety.org/calmview/Record.aspx?src=CalmView.Persons&id=NA7790,
RS_PAST_NA7791,NA7791,Theodore,1727,https://catalogues.royalsociety.org/calmview/Record.aspx?src=CalmView.Persons&id=NA7791,,missing,,,,,200,https://catalogues.royalsociety.org/calmview/Record.aspx?src=CalmView.Persons&id=NA7791,
RS_PAST_NA7794,NA7794,William,1720,https://catalogues.royalsociety.org/calmview/Record.aspx?src=CalmView.Persons&id=NA7794,,missing,,,,,200,https://catalogues.royalsociety.org/calmview/Record.aspx?src=CalmView.Persons&id=NA7794,
RS_PAST_NA7795,NA7795,Pierre Louis Moreau de,1728,https://catalogues.royalsociety.org/calmview/Record.aspx?src=CalmView.Persons&id=NA7795,17 July or 28 September 1698,nonstandard_or_ambiguous,,,1698,,200,https://catalogues.royalsociety.org/calmview/Record.aspx?src=CalmView.Persons&id=NA7795,
RS_PAST_NA7797,NA7797,Thomas,1679,https://catalogues.royalsociety.org/calmview/Record.aspx?src=CalmView.Persons&id=NA7797,1657,year_only,,1657,1657,1,200,https://catalogues.royalsociety.org/calmview/Record.aspx?src=CalmView.Persons&id=NA7797,
RS_PAST_NA7799,NA7799,Henry de,1662,https://catalogues.royalsociety.org/calmview/Record.aspx?src=CalmView.Persons&id=NA7799,,missing,,,,,200,https://catalogues.royalsociety.org/calmview/Record.aspx?src=CalmView.Persons&id=NA7799,
RS_PAST_NA7800,NA7800,Thomas,1714,https://catalogues.royalsociety.org/calmview/Record.aspx?src=CalmView.Persons&id=NA7800,,missing,,,1678,,200,https://catalogues.royalsociety.org/calmview/Record.aspx?src=CalmView.Persons&id=NA7800,
RS_PAST_NA7801,NA7801,Francis,1681,https://catalogues.royalsociety.org/calmview/Record.aspx?src=CalmView.Persons&id=NA7801,c. August 1619,nonstandard_or_ambiguous,,,1619,,200,https://catalogues.royalsociety.org/calmview/Record.aspx?src=CalmView.Persons&id=NA7801,
RS_PAST_NA7803,NA7803,Bernard Forest de,1726,https://catalogues.royalsociety.org/calmview/Record.aspx?src=CalmView.Persons&id=NA7803,1693,year_only,,1693,1693,1,200,https://catalogues.royalsociety.org/calmview/Record.aspx?src=CalmView.Persons&id=NA7803,
RS_PAST_NA7804,NA7804,Charles,1727,https://catalogues.royalsociety.org/calmview/Record.aspx?src=CalmView.Persons&id=NA7804,c. 1704,circa_year,,1704,1704,1,200,https://catalogues.royalsociety.org/calmview/Record.aspx?src=CalmView.Persons&id=NA7804,
RS_PAST_NA7807,NA7807,Jeffrey,1726,https://catalogues.royalsociety.org/calmview/Record.aspx?src=CalmView.Persons&id=NA7807,1674,year_only,,1674,1674,1,200,https://catalogues.royalsociety.org/calmview/Record.aspx?src=CalmView.Persons&id=NA7807,
RS_PAST_NA7808,NA7808,Tancred,1684,https://catalogues.royalsociety.org/calmview/Record.aspx?src=CalmView.Persons&id=NA7808,c 1657,circa_year,,1657,1657,1,200,https://catalogues.royalsociety.org/calmview/Record.aspx?src=CalmView.Persons&id=NA7808,
RS_PAST_NA7809,NA7809,Edward,1692,https://catalogues.royalsociety.org/calmview/Record.aspx?src=CalmView.Persons&id=NA7809,c 1667,circa_year,,1667,1667,1,200,https://catalogues.royalsociety.org/calmview/Record.aspx?src=CalmView.Persons&id=NA7809,
RS_PAST_NA7810,NA7810,Benjamin,1707,https://catalogues.royalsociety.org/calmview/Record.aspx?src=CalmView.Persons&id=NA7810,,missing,,,1653,,200,https://catalogues.royalsociety.org/calmview/Record.aspx?src=CalmView.Persons&id=NA7810,
RS_PAST_NA7812,NA7812,John,1705,https://catalogues.royalsociety.org/calmview/Record.aspx?src=CalmView.Persons&id=NA7812,,missing,,,1656,,200,https://catalogues.royalsociety.org/calmview/Record.aspx?src=CalmView.Persons&id=NA7812,
RS_PAST_NA7815,NA7815,William,1679,https://catalogues.royalsociety.org/calmview/Record.aspx?src=CalmView.Persons&id=NA7815,,missing,,,,,200,https://catalogues.royalsociety.org/calmview/Record.aspx?src=CalmView.Persons&id=NA7815,
RS_PAST_NA7824,NA7824,George,1776,https://catalogues.royalsociety.org/calmview/Record.aspx?src=CalmView.Persons&id=NA7824,1746,year_only,,1746,1746,1,200,https://catalogues.royalsociety.org/calmview/Record.aspx?src=CalmView.Persons&id=NA7824,
RS_PAST_NA7826,NA7826,James,1733,https://catalogues.royalsociety.org/calmview/Record.aspx?src=CalmView.Persons&id=NA7826,1702,year_only,,1702,1702,1,200,https://catalogues.royalsociety.org/calmview/Record.aspx?src=CalmView.Persons&id=NA7826,
RS_PAST_NA7828,NA7828,Robert,1762,https://catalogues.royalsociety.org/calmview/Record.aspx?src=CalmView.Persons&id=NA7828,,missing,,,,,200,https://catalogues.royalsociety.org/calmview/Record.aspx?src=CalmView.Persons&id=NA7828,
RS_PAST_NA783,NA783,William,1727,https://catalogues.royalsociety.org/calmview/Record.aspx?src=CalmView.Persons&id=NA783,c 1700,circa_year,,1700,1700,1,200,https://catalogues.royalsociety.org/calmview/Record.aspx?src=CalmView.Persons&id=NA783,
RS_PAST_NA7833,NA7833,Henry,1663,https://catalogues.royalsociety.org/calmview/Record.aspx?src=CalmView.Persons&id=NA7833,,missing,,,1628,,200,https://catalogues.royalsociety.org/calmview/Record.aspx?src=CalmView.Persons&id=NA7833,
RS_PAST_NA7838,NA7838,Andrew Coltee,1762,https://catalogues.royalsociety.org/calmview/Record.aspx?src=CalmView.Persons&id=NA7838,1713,year_only,,1713,1713,1,200,https://catalogues.royalsociety.org/calmview/Record.aspx?src=CalmView.Persons&id=NA7838,
RS_PAST_NA7854,NA7854,Edward,1810,https://catalogues.royalsociety.org/calmview/Record.aspx?src=CalmView.Persons&id=NA7854,October 1753,nonstandard_or_ambiguous,,,1753,,200,https://catalogues.royalsociety.org/calmview/Record.aspx?src=CalmView.Persons&id=NA7854,
RS_PAST_NA7862,NA7862,Robert,1762,https://catalogues.royalsociety.org/calmview/Record.aspx?src=CalmView.Persons&id=NA7862,,missing,,,,,200,https://catalogues.royalsociety.org/calmview/Record.aspx?src=CalmView.Persons&id=NA7862,
RS_PAST_NA7864,NA7864,Joshua,1762,https://catalogues.royalsociety.org/calmview/Record.aspx?src=CalmView.Persons&id=NA7864,c. 1696,circa_year,,1696,1696,1,200,https://catalogues.royalsociety.org/calmview/Record.aspx?src=CalmView.Persons&id=NA7864,
RS_PAST_NA7865,NA7865,Johan Anton,1763,https://catalogues.royalsociety.org/calmview/Record.aspx?src=CalmView.Persons&id=NA7865,,missing,,,,,200,https://catalogues.royalsociety.org/calmview/Record.aspx?src=CalmView.Persons&id=NA7865,
RS_PAST_NA7866,NA7866,Giuseppe Maria,1756,https://catalogues.royalsociety.org/calmview/Record.aspx?src=CalmView.Persons&id=NA7866,,missing,,,,,200,https://catalogues.royalsociety.org/calmview/Record.aspx?src=CalmView.Persons&id=NA7866,
RS_PAST_NA7870,NA7870,Francois,1715,https://catalogues.royalsociety.org/calmview/Record.aspx?src=CalmView.Persons&id=NA7870,,missing,,,,,200,https://catalogues.royalsociety.org/calmview/Record.aspx?src=CalmView.Persons&id=NA7870,
RS_PAST_NA7873,NA7873,Robert,1837,https://catalogues.royalsociety.org/calmview/Record.aspx?src=CalmView.Persons&id=NA7873,,missing,,,,,200,https://catalogues.royalsociety.org/calmview/Record.aspx?src=CalmView.Persons&id=NA7873,
RS_PAST_NA7879,NA7879,James,1769,https://catalogues.royalsociety.org/calmview/Record.aspx?src=CalmView.Persons&id=NA7879,,missing,,,,,200,https://catalogues.royalsociety.org/calmview/Record.aspx?src=CalmView.Persons&id=NA7879,
RS_PAST_NA7880,NA7880,Alexander,1756,https://catalogues.royalsociety.org/calmview/Record.aspx?src=CalmView.Persons&id=NA7880,1715,year_only,,1715,1715,1,200,https://catalogues.royalsociety.org/calmview/Record.aspx?src=CalmView.Persons&id=NA7880,
RS_PAST_NA7881,NA7881,George,1698,https://catalogues.royalsociety.org/calmview/Record.aspx?src=CalmView.Persons&id=NA7881,1678,year_only,,1678,1678,1,200,https://catalogues.royalsociety.org/calmview/Record.aspx?src=CalmView.Persons&id=NA7881,
RS_PAST_NA7884,NA7884,Anthony,1763,https://catalogues.royalsociety.org/calmview/Record.aspx?src=CalmView.Persons&id=NA7884,1721,year_only,,1721,1721,1,200,https://catalogues.royalsociety.org/calmview/Record.aspx?src=CalmView.Persons&id=NA7884,
RS_PAST_NA7888,NA7888,Matthew,1763,https://catalogues.royalsociety.org/calmview/Record.aspx?src=CalmView.Persons&id=NA7888,1707,year_only,,1707,1707,1,200,https://catalogues.royalsociety.org/calmview/Record.aspx?src=CalmView.Persons&id=NA7888,
RS_PAST_NA7889,NA7889,David,1663,https://catalogues.royalsociety.org/calmview/Record.aspx?src=CalmView.Persons&id=NA7889,,missing,,,,,200,https://catalogues.royalsociety.org/calmview/Record.aspx?src=CalmView.Persons&id=NA7889,
RS_PAST_NA7893,NA7893,David,1720,https://catalogues.royalsociety.org/calmview/Record.aspx?src=CalmView.Persons&id=NA7893,1691,year_only,,1691,1691,1,200,https://catalogues.royalsociety.org/calmview/Record.aspx?src=CalmView.Persons&id=NA7893,
RS_PAST_NA7897,NA7897,Simone,1764,https://catalogues.royalsociety.org/calmview/Record.aspx?src=CalmView.Persons&id=NA7897,1733,year_only,,1733,1733,1,200,https://catalogues.royalsociety.org/calmview/Record.aspx?src=CalmView.Persons&id=NA7897,
RS_PAST_NA7898,NA7898,Charles,1764,https://catalogues.royalsociety.org/calmview/Record.aspx?src=CalmView.Persons&id=NA7898,1735,year_only,,1735,1735,1,200,https://catalogues.royalsociety.org/calmview/Record.aspx?src=CalmView.Persons&id=NA7898,
RS_PAST_NA7899,NA7899,Ferdinand,1764,https://catalogues.royalsociety.org/calmview/Record.aspx?src=CalmView.Persons&id=NA7899,,missing,,,1727,,200,https://catalogues.royalsociety.org/calmview/Record.aspx?src=CalmView.Persons&id=NA7899,
RS_PAST_NA7901,NA7901,Sidney,1764,https://catalogues.royalsociety.org/calmview/Record.aspx?src=CalmView.Persons&id=NA7901,,missing,,,1721,,200,https://catalogues.royalsociety.org/calmview/Record.aspx?src=CalmView.Persons&id=NA7901,
RS_PAST_NA7903,NA7903,Richard,1764,https://catalogues.royalsociety.org/calmview/Record.aspx?src=CalmView.Persons&id=NA7903,04 or 13 December 1731,nonstandard_or_ambiguous,,,1731,,200,https://catalogues.royalsociety.org/calmview/Record.aspx?src=CalmView.Persons&id=NA7903,
RS_PAST_NA7904,NA7904,Roger,1743,https://catalogues.royalsociety.org/calmview/Record.aspx?src=CalmView.Persons&id=NA7904,,missing,,,,,200,https://catalogues.royalsociety.org/calmview/Record.aspx?src=CalmView.Persons&id=NA7904,
RS_PAST_NA7907,NA7907,William,1755,https://catalogues.royalsociety.org/calmview/Record.aspx?src=CalmView.Persons&id=NA7907,,missing,,,,,200,https://catalogues.royalsociety.org/calmview/Record.aspx?src=CalmView.Persons&id=NA7907,
RS_PAST_NA791,NA791,William,1767,https://catalogues.royalsociety.org/calmview/Record.aspx?src=CalmView.Persons&id=NA791,28 August or 08 September 1744,nonstandard_or_ambiguous,,,1744,,200,https://catalogues.royalsociety.org/calmview/Record.aspx?src=CalmView.Persons&id=NA791,
RS_PAST_NA7913,NA7913,Wilkinson,1759,https://catalogues.royalsociety.org/calmview/Record.aspx?src=CalmView.Persons&id=NA7913,c. 1734,circa_year,,1734,1734,1,200,https://catalogues.royalsociety.org/calmview/Record.aspx?src=CalmView.Persons&id=NA7913,
RS_PAST_NA7914,NA7914,John,1755,https://catalogues.royalsociety.org/calmview/Record.aspx?src=CalmView.Persons&id=NA7914,,missing,,,,,200,https://catalogues.royalsociety.org/calmview/Record.aspx?src=CalmView.Persons&id=NA7914,
RS_PAST_NA7917,NA7917,Samuel James Augustus,1863,https://catalogues.royalsociety.org/calmview/Record.aspx?src=CalmView.Persons&id=NA7917,1825,year_only,,1825,1825,1,200,https://catalogues.royalsociety.org/calmview/Record.aspx?src=CalmView.Persons&id=NA7917,
RS_PAST_NA7919,NA7919,Robert,1758,https://catalogues.royalsociety.org/calmview/Record.aspx?src=CalmView.Persons&id=NA7919,,missing,,,,,200,https://catalogues.royalsociety.org/calmview/Record.aspx?src=CalmView.Persons&id=NA7919,
RS_PAST_NA7921,NA7921,Thomas,1761,https://catalogues.royalsociety.org/calmview/Record.aspx?src=CalmView.Persons&id=NA7921,c. 1708,circa_year,,1708,1708,1,200,https://catalogues.royalsociety.org/calmview/Record.aspx?src=CalmView.Persons&id=NA7921,
RS_PAST_NA7923,NA7923,George,1761,https://catalogues.royalsociety.org/calmview/Record.aspx?src=CalmView.Persons&id=NA7923,,missing,,,,,200,https://catalogues.royalsociety.org/calmview/Record.aspx?src=CalmView.Persons&id=NA7923,
RS_PAST_NA7924,NA7924,Richard Wilbraham,1761,https://catalogues.royalsociety.org/calmview/Record.aspx?src=CalmView.Persons&id=NA7924,,missing,,,,,200,https://catalogues.royalsociety.org/calmview/Record.aspx?src=CalmView.Persons&id=NA7924,
RS_PAST_NA7925,NA7925,Joseph,1710,https://catalogues.royalsociety.org/calmview/Record.aspx?src=CalmView.Persons&id=NA7925,,missing,,,,,200,https://catalogues.royalsociety.org/calmview/Record.aspx?src=CalmView.Persons&id=NA7925,
RS_PAST_NA7930,NA7930,William,1762,https://catalogues.royalsociety.org/calmview/Record.aspx?src=CalmView.Persons&id=NA7930,1712,year_only,,1712,1712,1,200,https://catalogues.royalsociety.org/calmview/Record.aspx?src=CalmView.Persons&id=NA7930,
RS_PAST_NA7935,NA7935,Robert Hunter,1755,https://catalogues.royalsociety.org/calmview/Record.aspx?src=CalmView.Persons&id=NA7935,c 1700,circa_year,,1700,1700,1,200,https://catalogues.royalsociety.org/calmview/Record.aspx?src=CalmView.Persons&id=NA7935,
RS_PAST_NA7936,NA7936,Shukbrugh,1756,https://catalogues.royalsociety.org/calmview/Record.aspx?src=CalmView.Persons&id=NA7936,,missing,,,,,200,https://catalogues.royalsociety.org/calmview/Record.aspx?src=CalmView.Persons&id=NA7936,
RS_PAST_NA7937,NA7937,Martin,1761,https://catalogues.royalsociety.org/calmview/Record.aspx?src=CalmView.Persons&id=NA7937,,missing,,,,,200,https://catalogues.royalsociety.org/calmview/Record.aspx?src=CalmView.Persons&id=NA7937,
RS_PAST_NA7938,NA7938,Peter,1755,https://catalogues.royalsociety.org/calmview/Record.aspx?src=CalmView.Persons&id=NA7938,,missing,,,,,200,https://catalogues.royalsociety.org/calmview/Record.aspx?src=CalmView.Persons&id=NA7938,
RS_PAST_NA7939,NA7939,Rudolph de,1755,https://catalogues.royalsociety.org/calmview/Record.aspx?src=CalmView.Persons&id=NA7939,April 1723,nonstandard_or_ambiguous,,,,,200,https://catalogues.royalsociety.org/calmview/Record.aspx?src=CalmView.Persons&id=NA7939,
RS_PAST_NA7945,NA7945,John,1744,https://catalogues.royalsociety.org/calmview/Record.aspx?src=CalmView.Persons&id=NA7945,1710 or 1711,nonstandard_or_ambiguous,,,,,200,https://catalogues.royalsociety.org/calmview/Record.aspx?src=CalmView.Persons&id=NA7945,
RS_PAST_NA7949,NA7949,Philip,1730,https://catalogues.royalsociety.org/calmview/Record.aspx?src=CalmView.Persons&id=NA7949,1691,year_only,,1691,1691,1,200,https://catalogues.royalsociety.org/calmview/Record.aspx?src=CalmView.Persons&id=NA7949,
RS_PAST_NA796,NA796,Philemon,1727,https://catalogues.royalsociety.org/calmview/Record.aspx?src=CalmView.Persons&id=NA796,,missing,,,,,200,https://catalogues.royalsociety.org/calmview/Record.aspx?src=CalmView.Persons&id=NA796,
RS_PAST_NA7960,NA7960,Isaac,1663,https://catalogues.royalsociety.org/calmview/Record.aspx?src=CalmView.Persons&id=NA7960,October 1630,nonstandard_or_ambiguous,,,1630,,200,https://catalogues.royalsociety.org/calmview/Record.aspx?src=CalmView.Persons&id=NA7960,
RS_PAST_NA7967,NA7967,Samuel,1712,https://catalogues.royalsociety.org/calmview/Record.aspx?src=CalmView.Persons&id=NA7967,16 or 18 July 1689,nonstandard_or_ambiguous,,,1689,,200,https://catalogues.royalsociety.org/calmview/Record.aspx?src=CalmView.Persons&id=NA7967,
RS_PAST_NA798,NA798,George,1730,https://catalogues.royalsociety.org/calmview/Record.aspx?src=CalmView.Persons&id=NA798,,missing,,,,,200,https://catalogues.royalsociety.org/calmview/Record.aspx?src=CalmView.Persons&id=NA798,
RS_PAST_NA7991,NA7991,Georg Christoph,1793,https://catalogues.royalsociety.org/calmview/Record.aspx?src=CalmView.Persons&id=NA7991,01 July 1742 or 01 July 1744,nonstandard_or_ambiguous,,,,,200,https://catalogues.royalsociety.org/calmview/Record.aspx?src=CalmView.Persons&id=NA7991,
RS_PAST_NA7999,NA7999,Jonathan,1763,https://catalogues.royalsociety.org/calmview/Record.aspx?src=CalmView.Persons&id=NA7999,c. 1718,circa_year,,1718,1718,1,200,https://catalogues.royalsociety.org/calmview/Record.aspx?src=CalmView.Persons&id=NA7999,
RS_PAST_NA8001,NA8001,Henry,1663,https://catalogues.royalsociety.org/calmview/Record.aspx?src=CalmView.Persons&id=NA8001,c 1619,circa_year,,1619,1619,1,200,https://catalogues.royalsociety.org/calmview/Record.aspx?src=CalmView.Persons&id=NA8001,
RS_PAST_NA8007,NA8007,Nathaniel,1772,https://catalogues.royalsociety.org/calmview/Record.aspx?src=CalmView.Persons&id=NA8007,1725,year_only,,1725,1725,1,200,https://catalogues.royalsociety.org/calmview/Record.aspx?src=CalmView.Persons&id=NA8007,
RS_PAST_NA8009,NA8009,Richard,1742,https://catalogues.royalsociety.org/calmview/Record.aspx?src=CalmView.Persons&id=NA8009,1704,year_only,,1704,1704,1,200,https://catalogues.royalsociety.org/calmview/Record.aspx?src=CalmView.Persons&id=NA8009,
RS_PAST_NA801,NA801,John Peter,1738,https://catalogues.royalsociety.org/calmview/Record.aspx?src=CalmView.Persons&id=NA801,,missing,,,,,200,https://catalogues.royalsociety.org/calmview/Record.aspx?src=CalmView.Persons&id=NA801,
RS_PAST_NA802,NA802,John,1738,https://catalogues.royalsociety.org/calmview/Record.aspx?src=CalmView.Persons&id=NA802,,missing,,,,,200,https://catalogues.royalsociety.org/calmview/Record.aspx?src=CalmView.Persons&id=NA802,
RS_PAST_NA8026,NA8026,Josiah,1783,https://catalogues.royalsociety.org/calmview/Record.aspx?src=CalmView.Persons&id=NA8026,,missing,,,1730,,200,https://catalogues.royalsociety.org/calmview/Record.aspx?src=CalmView.Persons&id=NA8026,
RS_PAST_NA8031,NA8031,John,1749,https://catalogues.royalsociety.org/calmview/Record.aspx?src=CalmView.Persons&id=NA8031,1713,year_only,,1713,1713,1,200,https://catalogues.royalsociety.org/calmview/Record.aspx?src=CalmView.Persons&id=NA8031,
RS_PAST_NA8039,NA8039,George,1663,https://catalogues.royalsociety.org/calmview/Record.aspx?src=CalmView.Persons&id=NA8039,1627,year_only,,1627,1627,1,200,https://catalogues.royalsociety.org/calmview/Record.aspx?src=CalmView.Persons&id=NA8039,
RS_PAST_NA8045,NA8045,Marie Joseph Louis d'Albert d'Ailly,1764,https://catalogues.royalsociety.org/calmview/Record.aspx?src=CalmView.Persons&id=NA8045,,missing,,,1741,,200,https://catalogues.royalsociety.org/calmview/Record.aspx?src=CalmView.Persons&id=NA8045,
RS_PAST_NA8054,NA8054,John,1663,https://catalogues.royalsociety.org/calmview/Record.aspx?src=CalmView.Persons&id=NA8054,1626,year_only,,1626,1626,1,200,https://catalogues.royalsociety.org/calmview/Record.aspx?src=CalmView.Persons&id=NA8054,
RS_PAST_NA8055,NA8055,Cromwell,1728,https://catalogues.royalsociety.org/calmview/Record.aspx?src=CalmView.Persons&id=NA8055,c 1699,circa_year,,1699,1699,1,200,https://catalogues.royalsociety.org/calmview/Record.aspx?src=CalmView.Persons&id=NA8055,
RS_PAST_NA8057,NA8057,John,1758,https://catalogues.royalsociety.org/calmview/Record.aspx?src=CalmView.Persons&id=NA8057,1731,year_only,,1731,1731,1,200,https://catalogues.royalsociety.org/calmview/Record.aspx?src=CalmView.Persons&id=NA8057,
RS_PAST_NA8058,NA8058,Julius von,1867,https://catalogues.royalsociety.org/calmview/Record.aspx?src=CalmView.Persons&id=NA8058,01 May 1822 or 01 May 1824,nonstandard_or_ambiguous,,,,,200,https://catalogues.royalsociety.org/calmview/Record.aspx?src=CalmView.Persons&id=NA8058,
RS_PAST_NA806,NA806,George,1784,https://catalogues.royalsociety.org/calmview/Record.aspx?src=CalmView.Persons&id=NA806,1731,year_only,,1731,1731,1,200,https://catalogues.royalsociety.org/calmview/Record.aspx?src=CalmView.Persons&id=NA806,
RS_PAST_NA8061,NA8061,John Cox,1800,https://catalogues.royalsociety.org/calmview/Record.aspx?src=CalmView.Persons&id=NA8061,1748,year_only,,1748,1748,1,200,https://catalogues.royalsociety.org/calmview/Record.aspx?src=CalmView.Persons&id=NA8061,
RS_PAST_NA8064,NA8064,William Francis Drummond,1888,https://catalogues.royalsociety.org/calmview/Record.aspx?src=CalmView.Persons&id=NA8064,,missing,,,1821,,200,https://catalogues.royalsociety.org/calmview/Record.aspx?src=CalmView.Persons&id=NA8064,
RS_PAST_NA8065,NA8065,Charles,1888,https://catalogues.royalsociety.org/calmview/Record.aspx?src=CalmView.Persons&id=NA8065,20 or 30 September 1842,nonstandard_or_ambiguous,,,1842,,200,https://catalogues.royalsociety.org/calmview/Record.aspx?src=CalmView.Persons&id=NA8065,
RS_PAST_NA8066,NA8066,Carl,1753,https://catalogues.royalsociety.org/calmview/Record.aspx?src=CalmView.Persons&id=NA8066,23 or 24 May 1707,nonstandard_or_ambiguous,,,1707,,200,https://catalogues.royalsociety.org/calmview/Record.aspx?src=CalmView.Persons&id=NA8066,
RS_PAST_NA8076,NA8076,Aleksandr Danilovich,1714,https://catalogues.royalsociety.org/calmview/Record.aspx?src=CalmView.Persons&id=NA8076,16 November 1673 [Old Style 6 November 1673],nonstandard_or_ambiguous,,,1673,,200,https://catalogues.royalsociety.org/calmview/Record.aspx?src=CalmView.Persons&id=NA8076,
RS_PAST_NA8079,NA8079,John,1777,https://catalogues.royalsociety.org/calmview/Record.aspx?src=CalmView.Persons&id=NA8079,1721,year_only,,1721,1721,1,200,https://catalogues.royalsociety.org/calmview/Record.aspx?src=CalmView.Persons&id=NA8079,
RS_PAST_NA8080,NA8080,John,1729,https://catalogues.royalsociety.org/calmview/Record.aspx?src=CalmView.Persons&id=NA8080,1685,year_only,,1685,1685,1,200,https://catalogues.royalsociety.org/calmview/Record.aspx?src=CalmView.Persons&id=NA8080,
RS_PAST_NA8086,NA8086,Philippe,1665,https://catalogues.royalsociety.org/calmview/Record.aspx?src=CalmView.Persons&id=NA8086,1642,year_only,,1642,1642,1,200,https://catalogues.royalsociety.org/calmview/Record.aspx?src=CalmView.Persons&id=NA8086,
RS_PAST_NA8090,NA8090,William,1876,https://catalogues.royalsociety.org/calmview/Record.aspx?src=CalmView.Persons&id=NA8090,,missing,,,1839,,200,https://catalogues.royalsociety.org/calmview/Record.aspx?src=CalmView.Persons&id=NA8090,
RS_PAST_NA8099,NA8099,William,1841,https://catalogues.royalsociety.org/calmview/Record.aspx?src=CalmView.Persons&id=NA8099,1793,year_only,,1793,1793,1,200,https://catalogues.royalsociety.org/calmview/Record.aspx?src=CalmView.Persons&id=NA8099,
RS_PAST_NA810,NA810,Johann Christian,1680,https://catalogues.royalsociety.org/calmview/Record.aspx?src=CalmView.Persons&id=NA810,,missing,,,,,200,https://catalogues.royalsociety.org/calmview/Record.aspx?src=CalmView.Persons&id=NA810,
RS_PAST_NA8110,NA8110,Joseph,1731,https://catalogues.royalsociety.org/calmview/Record.aspx?src=CalmView.Persons&id=NA8110,1709,year_only,,1709,1709,1,200,https://catalogues.royalsociety.org/calmview/Record.aspx?src=CalmView.Persons&id=NA8110,
RS_PAST_NA8119,NA8119,Ralph,1663,https://catalogues.royalsociety.org/calmview/Record.aspx?src=CalmView.Persons&id=NA8119,1620,year_only,,1620,1620,1,200,https://catalogues.royalsociety.org/calmview/Record.aspx?src=CalmView.Persons&id=NA8119,
RS_PAST_NA8121,NA8121,Thomas,1742,https://catalogues.royalsociety.org/calmview/Record.aspx?src=CalmView.Persons&id=NA8121,1701,year_only,,1701,1701,1,200,https://catalogues.royalsociety.org/calmview/Record.aspx?src=CalmView.Persons&id=NA8121,
RS_PAST_NA8123,NA8123,William,1681,https://catalogues.royalsociety.org/calmview/Record.aspx?src=CalmView.Persons&id=NA8123,1650,year_only,,1650,1650,1,200,https://catalogues.royalsociety.org/calmview/Record.aspx?src=CalmView.Persons&id=NA8123,
RS_PAST_NA8128,NA8128,Maurice,1667,https://catalogues.royalsociety.org/calmview/Record.aspx?src=CalmView.Persons&id=NA8128,1628,year_only,,1628,1628,1,200,https://catalogues.royalsociety.org/calmview/Record.aspx?src=CalmView.Persons&id=NA8128,
RS_PAST_NA8130,NA8130,Joseph,1716,https://catalogues.royalsociety.org/calmview/Record.aspx?src=CalmView.Persons&id=NA8130,c.1704,circa_year,,1704,1704,1,200,https://catalogues.royalsociety.org/calmview/Record.aspx?src=CalmView.Persons&id=NA8130,
RS_PAST_NA8139,NA8139,Thomas,1663,https://catalogues.royalsociety.org/calmview/Record.aspx?src=CalmView.Persons&id=NA8139,,missing,,,1640,,200,https://catalogues.royalsociety.org/calmview/Record.aspx?src=CalmView.Persons&id=NA8139,
RS_PAST_NA8142,NA8142,William,1752,https://catalogues.royalsociety.org/calmview/Record.aspx?src=CalmView.Persons&id=NA8142,c. 1700,circa_year,,1700,1700,1,200,https://catalogues.royalsociety.org/calmview/Record.aspx?src=CalmView.Persons&id=NA8142,
RS_PAST_NA8143,NA8143,William,1663,https://catalogues.royalsociety.org/calmview/Record.aspx?src=CalmView.Persons&id=NA8143,c. April 1631,nonstandard_or_ambiguous,,,1631,,200,https://catalogues.royalsociety.org/calmview/Record.aspx?src=CalmView.Persons&id=NA8143,
RS_PAST_NA8145,NA8145,John,1803,https://catalogues.royalsociety.org/calmview/Record.aspx?src=CalmView.Persons&id=NA8145,1763,year_only,,1763,1763,1,200,https://catalogues.royalsociety.org/calmview/Record.aspx?src=CalmView.Persons&id=NA8145,
RS_PAST_NA815,NA815,William,1748,https://catalogues.royalsociety.org/calmview/Record.aspx?src=CalmView.Persons&id=NA815,,missing,,,,,200,https://catalogues.royalsociety.org/calmview/Record.aspx?src=CalmView.Persons&id=NA815,
RS_PAST_NA8150,NA8150,William O'Shaughnessy,1843,https://catalogues.royalsociety.org/calmview/Record.aspx?src=CalmView.Persons&id=NA8150,October 1808,nonstandard_or_ambiguous,,,1808,,200,https://catalogues.royalsociety.org/calmview/Record.aspx?src=CalmView.Persons&id=NA8150,
RS_PAST_NA8159,NA8159,James,1684,https://catalogues.royalsociety.org/calmview/Record.aspx?src=CalmView.Persons&id=NA8159,c 1660,circa_year,,1660,1660,1,200,https://catalogues.royalsociety.org/calmview/Record.aspx?src=CalmView.Persons&id=NA8159,
RS_PAST_NA816,NA816,John,1739,https://catalogues.royalsociety.org/calmview/Record.aspx?src=CalmView.Persons&id=NA816,1692,year_only,,1692,1692,1,200,https://catalogues.royalsociety.org/calmview/Record.aspx?src=CalmView.Persons&id=NA816,
RS_PAST_NA8160,NA8160,John,1764,https://catalogues.royalsociety.org/calmview/Record.aspx?src=CalmView.Persons&id=NA8160,c 1720,circa_year,,1720,1720,1,200,https://catalogues.royalsociety.org/calmview/Record.aspx?src=CalmView.Persons&id=NA8160,
RS_PAST_NA8161,NA8161,Proby Thomas,1846,https://catalogues.royalsociety.org/calmview/Record.aspx?src=CalmView.Persons&id=NA8161,1802,year_only,,1802,1802,1,200,https://catalogues.royalsociety.org/calmview/Record.aspx?src=CalmView.Persons&id=NA8161,
RS_PAST_NA8172,NA8172,John,1688,https://catalogues.royalsociety.org/calmview/Record.aspx?src=CalmView.Persons&id=NA8172,c 1657,circa_year,,1657,1657,1,200,https://catalogues.royalsociety.org/calmview/Record.aspx?src=CalmView.Persons&id=NA8172,
RS_PAST_NA8173,NA8173,Joseph,1678,https://catalogues.royalsociety.org/calmview/Record.aspx?src=CalmView.Persons&id=NA8173,,missing,,,,,200,https://catalogues.royalsociety.org/calmview/Record.aspx?src=CalmView.Persons&id=NA8173,
RS_PAST_NA8175,NA8175,Josiah,1755,https://catalogues.royalsociety.org/calmview/Record.aspx?src=CalmView.Persons&id=NA8175,,missing,,,,,200,https://catalogues.royalsociety.org/calmview/Record.aspx?src=CalmView.Persons&id=NA8175,
RS_PAST_NA8178,NA8178,Daniel,1663,https://catalogues.royalsociety.org/calmview/Record.aspx?src=CalmView.Persons&id=NA8178,,missing,,,,,200,https://catalogues.royalsociety.org/calmview/Record.aspx?src=CalmView.Persons&id=NA8178,
RS_PAST_NA8181,NA8181,William,1775,https://catalogues.royalsociety.org/calmview/Record.aspx?src=CalmView.Persons&id=NA8181,1721,year_only,,1721,1721,1,200,https://catalogues.royalsociety.org/calmview/Record.aspx?src=CalmView.Persons&id=NA8181,
RS_PAST_NA819,NA819,George Andre,1699,https://catalogues.royalsociety.org/calmview/Record.aspx?src=CalmView.Persons&id=NA819,1672,year_only,,1672,1672,1,200,https://catalogues.royalsociety.org/calmview/Record.aspx?src=CalmView.Persons&id=NA819,
RS_PAST_NA8196,NA8196,Charles Robert,1839,https://catalogues.royalsociety.org/calmview/Record.aspx?src=CalmView.Persons&id=NA8196,09 or 12 February 1809,nonstandard_or_ambiguous,,,1809,,200,https://catalogues.royalsociety.org/calmview/Record.aspx?src=CalmView.Persons&id=NA8196,
RS_PAST_NA8207,NA8207,Isaacus,1664,https://catalogues.royalsociety.org/calmview/Record.aspx?src=CalmView.Persons&id=NA8207,1618,year_only,,1618,1618,1,200,https://catalogues.royalsociety.org/calmview/Record.aspx?src=CalmView.Persons&id=NA8207,
RS_PAST_NA8214,NA8214,John,1738,https://catalogues.royalsociety.org/calmview/Record.aspx?src=CalmView.Persons&id=NA8214,,missing,,,1706,,200,https://catalogues.royalsociety.org/calmview/Record.aspx?src=CalmView.Persons&id=NA8214,
RS_PAST_NA8215,NA8215,John,1754,https://catalogues.royalsociety.org/calmview/Record.aspx?src=CalmView.Persons&id=NA8215,c 1710,circa_year,,1710,1710,1,200,https://catalogues.royalsociety.org/calmview/Record.aspx?src=CalmView.Persons&id=NA8215,
RS_PAST_NA8216,NA8216,Peter,1814,https://catalogues.royalsociety.org/calmview/Record.aspx?src=CalmView.Persons&id=NA8216,1773,year_only,,1773,1773,1,200,https://catalogues.royalsociety.org/calmview/Record.aspx?src=CalmView.Persons&id=NA8216,
RS_PAST_NA822,NA822,John Stafford,1673,https://catalogues.royalsociety.org/calmview/Record.aspx?src=CalmView.Persons&id=NA822,,missing,,,,,200,https://catalogues.royalsociety.org/calmview/Record.aspx?src=CalmView.Persons&id=NA822,
RS_PAST_NA8226,NA8226,Jonathan,1660,https://catalogues.royalsociety.org/calmview/Record.aspx?src=CalmView.Persons&id=NA8226,c. 1617,circa_year,,1617,1617,1,200,https://catalogues.royalsociety.org/calmview/Record.aspx?src=CalmView.Persons&id=NA8226,
RS_PAST_NA8229,NA8229,Howard,1883,https://catalogues.royalsociety.org/calmview/Record.aspx?src=CalmView.Persons&id=NA8229,February or 28 July 1844,nonstandard_or_ambiguous,,,1844,,200,https://catalogues.royalsociety.org/calmview/Record.aspx?src=CalmView.Persons&id=NA8229,
RS_PAST_NA823,NA823,Francesco,1708,https://catalogues.royalsociety.org/calmview/Record.aspx?src=CalmView.Persons&id=NA823,,missing,,,1670,,200,https://catalogues.royalsociety.org/calmview/Record.aspx?src=CalmView.Persons&id=NA823,
RS_PAST_NA8231,NA8231,Joseph,1664,https://catalogues.royalsociety.org/calmview/Record.aspx?src=CalmView.Persons&id=NA8231,1636,year_only,,1636,1636,1,200,https://catalogues.royalsociety.org/calmview/Record.aspx?src=CalmView.Persons&id=NA8231,
RS_PAST_NA8236,NA8236,William,1750,https://catalogues.royalsociety.org/calmview/Record.aspx?src=CalmView.Persons&id=NA8236,August 1710,nonstandard_or_ambiguous,,,1710,,200,https://catalogues.royalsociety.org/calmview/Record.aspx?src=CalmView.Persons&id=NA8236,
RS_PAST_NA8246,NA8246,Horace,1884,https://catalogues.royalsociety.org/calmview/Record.aspx?src=CalmView.Persons&id=NA8246,27 or 29 November 1849,nonstandard_or_ambiguous,,,1849,,200,https://catalogues.royalsociety.org/calmview/Record.aspx?src=CalmView.Persons&id=NA8246,
RS_PAST_NA8248,NA8248,Antoine Laurent,1788,https://catalogues.royalsociety.org/calmview/Record.aspx?src=CalmView.Persons&id=NA8248,"13, 16 or 26 August 1643, or 1645",nonstandard_or_ambiguous,,,,,200,https://catalogues.royalsociety.org/calmview/Record.aspx?src=CalmView.Persons&id=NA8248,
RS_PAST_NA826,NA826,James,1743,https://catalogues.royalsociety.org/calmview/Record.aspx?src=CalmView.Persons&id=NA826,,missing,,,,,200,https://catalogues.royalsociety.org/calmview/Record.aspx?src=CalmView.Persons&id=NA826,
RS_PAST_NA8261,NA8261,Robert,1660,https://catalogues.royalsociety.org/calmview/Record.aspx?src=CalmView.Persons&id=NA8261,1608,year_only,,1608,1608,1,200,https://catalogues.royalsociety.org/calmview/Record.aspx?src=CalmView.Persons&id=NA8261,
RS_PAST_NA8264,NA8264,Edward,1776,https://catalogues.royalsociety.org/calmview/Record.aspx?src=CalmView.Persons&id=NA8264,1726,year_only,,1726,1726,1,200,https://catalogues.royalsociety.org/calmview/Record.aspx?src=CalmView.Persons&id=NA8264,
RS_PAST_NA8265,NA8265,Paul,1660,https://catalogues.royalsociety.org/calmview/Record.aspx?src=CalmView.Persons&id=NA8265,c.1613,circa_year,,1613,1613,1,200,https://catalogues.royalsociety.org/calmview/Record.aspx?src=CalmView.Persons&id=NA8265,
RS_PAST_NA8266,NA8266,Richard,1673,https://catalogues.royalsociety.org/calmview/Record.aspx?src=CalmView.Persons&id=NA8266,1613,year_only,,1613,1613,1,200,https://catalogues.royalsociety.org/calmview/Record.aspx?src=CalmView.Persons&id=NA8266,
RS_PAST_NA8296,NA8296,John,1660,https://catalogues.royalsociety.org/calmview/Record.aspx?src=CalmView.Persons&id=NA8296,1614,year_only,,1614,1614,1,200,https://catalogues.royalsociety.org/calmview/Record.aspx?src=CalmView.Persons&id=NA8296,
RS_PAST_NA8297,NA8297,Anthony,1663,https://catalogues.royalsociety.org/calmview/Record.aspx?src=CalmView.Persons&id=NA8297,,missing,,,1641,,200,https://catalogues.royalsociety.org/calmview/Record.aspx?src=CalmView.Persons&id=NA8297,
RS_PAST_NA8300,NA8300,John,1773,https://catalogues.royalsociety.org/calmview/Record.aspx?src=CalmView.Persons&id=NA8300,1751,year_only,,1751,1751,1,200,https://catalogues.royalsociety.org/calmview/Record.aspx?src=CalmView.Persons&id=NA8300,
RS_PAST_NA8302,NA8302,Jean Alexandre,1761,https://catalogues.royalsociety.org/calmview/Record.aspx?src=CalmView.Persons&id=NA8302,,missing,,,,,200,https://catalogues.royalsociety.org/calmview/Record.aspx?src=CalmView.Persons&id=NA8302,
RS_PAST_NA8303,NA8303,William,1761,https://catalogues.royalsociety.org/calmview/Record.aspx?src=CalmView.Persons&id=NA8303,c 1730,circa_year,,1730,1730,1,200,https://catalogues.royalsociety.org/calmview/Record.aspx?src=CalmView.Persons&id=NA8303,
RS_PAST_NA8305,NA8305,Laurence Theodore,1763,https://catalogues.royalsociety.org/calmview/Record.aspx?src=CalmView.Persons&id=NA8305,1730,year_only,,1730,1730,1,200,https://catalogues.royalsociety.org/calmview/Record.aspx?src=CalmView.Persons&id=NA8305,
RS_PAST_NA8306,NA8306,Giovanni Battista,1755,https://catalogues.royalsociety.org/calmview/Record.aspx?src=CalmView.Persons&id=NA8306,02 or 03 October 1716,nonstandard_or_ambiguous,,,1716,,200,https://catalogues.royalsociety.org/calmview/Record.aspx?src=CalmView.Persons&id=NA8306,
RS_PAST_NA8307,NA8307,Henry,1755,https://catalogues.royalsociety.org/calmview/Record.aspx?src=CalmView.Persons&id=NA8307,1716,year_only,,1716,1716,1,200,https://catalogues.royalsociety.org/calmview/Record.aspx?src=CalmView.Persons&id=NA8307,
RS_PAST_NA8309,NA8309,Jan Albert,1756,https://catalogues.royalsociety.org/calmview/Record.aspx?src=CalmView.Persons&id=NA8309,,missing,,,1733,,200,https://catalogues.royalsociety.org/calmview/Record.aspx?src=CalmView.Persons&id=NA8309,
RS_PAST_NA8310,NA8310,Jacques,1756,https://catalogues.royalsociety.org/calmview/Record.aspx?src=CalmView.Persons&id=NA8310,August 1696,nonstandard_or_ambiguous,,,1696,,200,https://catalogues.royalsociety.org/calmview/Record.aspx?src=CalmView.Persons&id=NA8310,
RS_PAST_NA8312,NA8312,Edward,1763,https://catalogues.royalsociety.org/calmview/Record.aspx?src=CalmView.Persons&id=NA8312,1734,year_only,,1734,1734,1,200,https://catalogues.royalsociety.org/calmview/Record.aspx?src=CalmView.Persons&id=NA8312,
RS_PAST_NA8315,NA8315,Thomas,1764,https://catalogues.royalsociety.org/calmview/Record.aspx?src=CalmView.Persons&id=NA8315,1708,year_only,,1708,1708,1,200,https://catalogues.royalsociety.org/calmview/Record.aspx?src=CalmView.Persons&id=NA8315,
RS_PAST_NA8320,NA8320,Jacques Nicolas,1753,https://catalogues.royalsociety.org/calmview/Record.aspx?src=CalmView.Persons&id=NA8320,1703,year_only,,1703,1703,1,200,https://catalogues.royalsociety.org/calmview/Record.aspx?src=CalmView.Persons&id=NA8320,
RS_PAST_NA8322,NA8322,Jose Arcadio de,1753,https://catalogues.royalsociety.org/calmview/Record.aspx?src=CalmView.Persons&id=NA8322,,missing,,,,,200,https://catalogues.royalsociety.org/calmview/Record.aspx?src=CalmView.Persons&id=NA8322,
RS_PAST_NA8332,NA8332,,1702,https://catalogues.royalsociety.org/calmview/Record.aspx?src=CalmView.Persons&id=NA8332,,missing,,,,,200,https://catalogues.royalsociety.org/calmview/Record.aspx?src=CalmView.Persons&id=NA8332,
RS_PAST_NA8344,NA8344,Luigi Malaspina di,1784,https://catalogues.royalsociety.org/calmview/Record.aspx?src=CalmView.Persons&id=NA8344,,missing,,,,,200,https://catalogues.royalsociety.org/calmview/Record.aspx?src=CalmView.Persons&id=NA8344,
RS_PAST_NA8345,NA8345,Francis,1705,https://catalogues.royalsociety.org/calmview/Record.aspx?src=CalmView.Persons&id=NA8345,c 1660,circa_year,,1660,1660,1,200,https://catalogues.royalsociety.org/calmview/Record.aspx?src=CalmView.Persons&id=NA8345,
RS_PAST_NA835,NA835,Robert,1719,https://catalogues.royalsociety.org/calmview/Record.aspx?src=CalmView.Persons&id=NA835,1689,year_only,,1689,1689,1,200,https://catalogues.royalsociety.org/calmview/Record.aspx?src=CalmView.Persons&id=NA835,
RS_PAST_NA8351,NA8351,Naphthali,1764,https://catalogues.royalsociety.org/calmview/Record.aspx?src=CalmView.Persons&id=NA8351,c. 1714,circa_year,,1714,1714,1,200,https://catalogues.royalsociety.org/calmview/Record.aspx?src=CalmView.Persons&id=NA8351,
RS_PAST_NA8352,NA8352,William,1744,https://catalogues.royalsociety.org/calmview/Record.aspx?src=CalmView.Persons&id=NA8352,1717,year_only,,1717,1717,1,200,https://catalogues.royalsociety.org/calmview/Record.aspx?src=CalmView.Persons&id=NA8352,
RS_PAST_NA8353,NA8353,,1708,https://catalogues.royalsociety.org/calmview/Record.aspx?src=CalmView.Persons&id=NA8353,,missing,,,,,200,https://catalogues.royalsociety.org/calmview/Record.aspx?src=CalmView.Persons&id=NA8353,
RS_PAST_NA836,NA836,John,1735,https://catalogues.royalsociety.org/calmview/Record.aspx?src=CalmView.Persons&id=NA836,c. 1690,circa_year,,1690,1690,1,200,https://catalogues.royalsociety.org/calmview/Record.aspx?src=CalmView.Persons&id=NA836,
RS_PAST_NA8366,NA8366,Adrian John,1911,https://catalogues.royalsociety.org/calmview/Record.aspx?src=CalmView.Persons&id=NA8366,1852,year_only,,1852,1852,1,200,https://catalogues.royalsociety.org/calmview/Record.aspx?src=CalmView.Persons&id=NA8366,
RS_PAST_NA8367,NA8367,Pierre,1699,https://catalogues.royalsociety.org/calmview/Record.aspx?src=CalmView.Persons&id=NA8367,c 1662,circa_year,,1662,1662,1,200,https://catalogues.royalsociety.org/calmview/Record.aspx?src=CalmView.Persons&id=NA8367,
RS_PAST_NA8369,NA8369,Ralph,1764,https://catalogues.royalsociety.org/calmview/Record.aspx?src=CalmView.Persons&id=NA8369,1719,year_only,,1719,1719,1,200,https://catalogues.royalsociety.org/calmview/Record.aspx?src=CalmView.Persons&id=NA8369,
RS_PAST_NA837,NA837,Edward,1777,https://catalogues.royalsociety.org/calmview/Record.aspx?src=CalmView.Persons&id=NA837,1736,year_only,,1736,1736,1,200,https://catalogues.royalsociety.org/calmview/Record.aspx?src=CalmView.Persons&id=NA837,
RS_PAST_NA8376,NA8376,James,1718,https://catalogues.royalsociety.org/calmview/Record.aspx?src=CalmView.Persons&id=NA8376,March 1693,nonstandard_or_ambiguous,,,1693,,200,https://catalogues.royalsociety.org/calmview/Record.aspx?src=CalmView.Persons&id=NA8376,
RS_PAST_NA8377,NA8377,Colin,1719,https://catalogues.royalsociety.org/calmview/Record.aspx?src=CalmView.Persons&id=NA8377,February 1698,nonstandard_or_ambiguous,,,1698,,200,https://catalogues.royalsociety.org/calmview/Record.aspx?src=CalmView.Persons&id=NA8377,
RS_PAST_NA8379,NA8379,William,1689,https://catalogues.royalsociety.org/calmview/Record.aspx?src=CalmView.Persons&id=NA8379,c 1647,circa_year,,1647,1647,1,200,https://catalogues.royalsociety.org/calmview/Record.aspx?src=CalmView.Persons&id=NA8379,
RS_PAST_NA8381,NA8381,Bernard,1667,https://catalogues.royalsociety.org/calmview/Record.aspx?src=CalmView.Persons&id=NA8381,1614,year_only,,1614,1614,1,200,https://catalogues.royalsociety.org/calmview/Record.aspx?src=CalmView.Persons&id=NA8381,
RS_PAST_NA8382,NA8382,Martin,1671,https://catalogues.royalsociety.org/calmview/Record.aspx?src=CalmView.Persons&id=NA8382,c. April 1639,nonstandard_or_ambiguous,,,1639,,200,https://catalogues.royalsociety.org/calmview/Record.aspx?src=CalmView.Persons&id=NA8382,
RS_PAST_NA8384,NA8384,Paul,1666,https://catalogues.royalsociety.org/calmview/Record.aspx?src=CalmView.Persons&id=NA8384,1628 or 1629,nonstandard_or_ambiguous,,,,,200,https://catalogues.royalsociety.org/calmview/Record.aspx?src=CalmView.Persons&id=NA8384,
RS_PAST_NA8386,NA8386,William,1665,https://catalogues.royalsociety.org/calmview/Record.aspx?src=CalmView.Persons&id=NA8386,c 1617,circa_year,,1617,1617,1,200,https://catalogues.royalsociety.org/calmview/Record.aspx?src=CalmView.Persons&id=NA8386,
RS_PAST_NA8390,NA8390,Richard,1722,https://catalogues.royalsociety.org/calmview/Record.aspx?src=CalmView.Persons&id=NA8390,1680,year_only,,1680,1680,1,200,https://catalogues.royalsociety.org/calmview/Record.aspx?src=CalmView.Persons&id=NA8390,
RS_PAST_NA8391,NA8391,Gerhard Friedrich,1730,https://catalogues.royalsociety.org/calmview/Record.aspx?src=CalmView.Persons&id=NA8391,,missing,,,1705,,200,https://catalogues.royalsociety.org/calmview/Record.aspx?src=CalmView.Persons&id=NA8391,
RS_PAST_NA8393,NA8393,Thomas,1722,https://catalogues.royalsociety.org/calmview/Record.aspx?src=CalmView.Persons&id=NA8393,? 1664,nonstandard_or_ambiguous,,,,,200,https://catalogues.royalsociety.org/calmview/Record.aspx?src=CalmView.Persons&id=NA8393,
RS_PAST_NA8395,NA8395,James,1668,https://catalogues.royalsociety.org/calmview/Record.aspx?src=CalmView.Persons&id=NA8395,November 1638,nonstandard_or_ambiguous,,,1638,,200,https://catalogues.royalsociety.org/calmview/Record.aspx?src=CalmView.Persons&id=NA8395,
RS_PAST_NA8397,NA8397,Nicholas,1664,https://catalogues.royalsociety.org/calmview/Record.aspx?src=CalmView.Persons&id=NA8397,June 1643,nonstandard_or_ambiguous,,,1643,,200,https://catalogues.royalsociety.org/calmview/Record.aspx?src=CalmView.Persons&id=NA8397,
RS_PAST_NA8398,NA8398,Hugh,1681,https://catalogues.royalsociety.org/calmview/Record.aspx?src=CalmView.Persons&id=NA8398,c 1630,circa_year,,1630,1630,1,200,https://catalogues.royalsociety.org/calmview/Record.aspx?src=CalmView.Persons&id=NA8398,
RS_PAST_NA8400,NA8400,Peter,1728,https://catalogues.royalsociety.org/calmview/Record.aspx?src=CalmView.Persons&id=NA8400,1669,year_only,,1669,1669,1,200,https://catalogues.royalsociety.org/calmview/Record.aspx?src=CalmView.Persons&id=NA8400,
RS_PAST_NA8402,NA8402,George,1715,https://catalogues.royalsociety.org/calmview/Record.aspx?src=CalmView.Persons&id=NA8402,,missing,,,1666,,200,https://catalogues.royalsociety.org/calmview/Record.aspx?src=CalmView.Persons&id=NA8402,
RS_PAST_NA8407,NA8407,Thomas,1664,https://catalogues.royalsociety.org/calmview/Record.aspx?src=CalmView.Persons&id=NA8407,c. October 1641,nonstandard_or_ambiguous,,,1641,,200,https://catalogues.royalsociety.org/calmview/Record.aspx?src=CalmView.Persons&id=NA8407,
RS_PAST_NA841,NA841,Robert,1737,https://catalogues.royalsociety.org/calmview/Record.aspx?src=CalmView.Persons&id=NA841,April 1710,nonstandard_or_ambiguous,,,1710,,200,https://catalogues.royalsociety.org/calmview/Record.aspx?src=CalmView.Persons&id=NA841,
RS_PAST_NA8413,NA8413,Francis,1673,https://catalogues.royalsociety.org/calmview/Record.aspx?src=CalmView.Persons&id=NA8413,January 1650,nonstandard_or_ambiguous,,,1650,,200,https://catalogues.royalsociety.org/calmview/Record.aspx?src=CalmView.Persons&id=NA8413,
RS_PAST_NA8419,NA8419,John Theophilus,1714,https://catalogues.royalsociety.org/calmview/Record.aspx?src=CalmView.Persons&id=NA8419,10 or 13 March 1683,nonstandard_or_ambiguous,,,1683,,200,https://catalogues.royalsociety.org/calmview/Record.aspx?src=CalmView.Persons&id=NA8419,
RS_PAST_NA842,NA842,Joseph,1738,https://catalogues.royalsociety.org/calmview/Record.aspx?src=CalmView.Persons&id=NA842,,missing,,,1676,,200,https://catalogues.royalsociety.org/calmview/Record.aspx?src=CalmView.Persons&id=NA842,
RS_PAST_NA8421,NA8421,Godfrey,1691,https://catalogues.royalsociety.org/calmview/Record.aspx?src=CalmView.Persons&id=NA8421,c 1653,circa_year,,1653,1653,1,200,https://catalogues.royalsociety.org/calmview/Record.aspx?src=CalmView.Persons&id=NA8421,
RS_PAST_NA8425,NA8425,Edward,1665,https://catalogues.royalsociety.org/calmview/Record.aspx?src=CalmView.Persons&id=NA8425,1602,year_only,,1602,1602,1,200,https://catalogues.royalsociety.org/calmview/Record.aspx?src=CalmView.Persons&id=NA8425,
RS_PAST_NA8427,NA8427,John,1664,https://catalogues.royalsociety.org/calmview/Record.aspx?src=CalmView.Persons&id=NA8427,c 13 August 1626,nonstandard_or_ambiguous,,,1626,,200,https://catalogues.royalsociety.org/calmview/Record.aspx?src=CalmView.Persons&id=NA8427,
RS_PAST_NA8428,NA8428,Peter,1728,https://catalogues.royalsociety.org/calmview/Record.aspx?src=CalmView.Persons&id=NA8428,January 1694,nonstandard_or_ambiguous,,,1694,,200,https://catalogues.royalsociety.org/calmview/Record.aspx?src=CalmView.Persons&id=NA8428,
RS_PAST_NA8429,NA8429,David,1678,https://catalogues.royalsociety.org/calmview/Record.aspx?src=CalmView.Persons&id=NA8429,,missing,,,,,200,https://catalogues.royalsociety.org/calmview/Record.aspx?src=CalmView.Persons&id=NA8429,
RS_PAST_NA843,NA843,John,1784,https://catalogues.royalsociety.org/calmview/Record.aspx?src=CalmView.Persons&id=NA843,1762,year_only,,1762,1762,1,200,https://catalogues.royalsociety.org/calmview/Record.aspx?src=CalmView.Persons&id=NA843,
RS_PAST_NA8430,NA8430,Philip,1671,https://catalogues.royalsociety.org/calmview/Record.aspx?src=CalmView.Persons&id=NA8430,,missing,,,1642,,200,https://catalogues.royalsociety.org/calmview/Record.aspx?src=CalmView.Persons&id=NA8430,
RS_PAST_NA8431,NA8431,Isaac,1681,https://catalogues.royalsociety.org/calmview/Record.aspx?src=CalmView.Persons&id=NA8431,,missing,,,,,200,https://catalogues.royalsociety.org/calmview/Record.aspx?src=CalmView.Persons&id=NA8431,
RS_PAST_NA8432,NA8432,William,1679,https://catalogues.royalsociety.org/calmview/Record.aspx?src=CalmView.Persons&id=NA8432,c. 1646,circa_year,,1646,1646,1,200,https://catalogues.royalsociety.org/calmview/Record.aspx?src=CalmView.Persons&id=NA8432,
RS_PAST_NA8439,NA8439,Charles,1718,https://catalogues.royalsociety.org/calmview/Record.aspx?src=CalmView.Persons&id=NA8439,1685,year_only,,1685,1685,1,200,https://catalogues.royalsociety.org/calmview/Record.aspx?src=CalmView.Persons&id=NA8439,
RS_PAST_NA844,NA844,Frederick,1793,https://catalogues.royalsociety.org/calmview/Record.aspx?src=CalmView.Persons&id=NA844,1729,year_only,,1729,1729,1,200,https://catalogues.royalsociety.org/calmview/Record.aspx?src=CalmView.Persons&id=NA844,
RS_PAST_NA8441,NA8441,Stephen,1718,https://catalogues.royalsociety.org/calmview/Record.aspx?src=CalmView.Persons&id=NA8441,07 or 17 September 1677,nonstandard_or_ambiguous,,,1677,,200,https://catalogues.royalsociety.org/calmview/Record.aspx?src=CalmView.Persons&id=NA8441,
RS_PAST_NA847,NA847,Henry David,1734,https://catalogues.royalsociety.org/calmview/Record.aspx?src=CalmView.Persons&id=NA847,1710,year_only,,1710,1710,1,200,https://catalogues.royalsociety.org/calmview/Record.aspx?src=CalmView.Persons&id=NA847,
RS_PAST_NA850,NA850,John,1754,https://catalogues.royalsociety.org/calmview/Record.aspx?src=CalmView.Persons&id=NA850,? 1725,nonstandard_or_ambiguous,,,1725,,200,https://catalogues.royalsociety.org/calmview/Record.aspx?src=CalmView.Persons&id=NA850,
RS_PAST_NA851,NA851,John,1746,https://catalogues.royalsociety.org/calmview/Record.aspx?src=CalmView.Persons&id=NA851,1712,year_only,,1712,1712,1,200,https://catalogues.royalsociety.org/calmview/Record.aspx?src=CalmView.Persons&id=NA851,
RS_PAST_NA856,NA856,Christian VII,1768,https://catalogues.royalsociety.org/calmview/Record.aspx?src=CalmView.Persons&id=NA856,1749,year_only,,1749,1749,1,200,https://catalogues.royalsociety.org/calmview/Record.aspx?src=CalmView.Persons&id=NA856,
RS_PAST_NA857,NA857,John,1735,https://catalogues.royalsociety.org/calmview/Record.aspx?src=CalmView.Persons&id=NA857,1700,year_only,,1700,1700,1,200,https://catalogues.royalsociety.org/calmview/Record.aspx?src=CalmView.Persons&id=NA857,
RS_PAST_NA858,NA858,John,1724,https://catalogues.royalsociety.org/calmview/Record.aspx?src=CalmView.Persons&id=NA858,,missing,,,,,200,https://catalogues.royalsociety.org/calmview/Record.aspx?src=CalmView.Persons&id=NA858,
RS_PAST_NA864,NA864,John,1723,https://catalogues.royalsociety.org/calmview/Record.aspx?src=CalmView.Persons&id=NA864,c 1679,circa_year,,1679,1679,1,200,https://catalogues.royalsociety.org/calmview/Record.aspx?src=CalmView.Persons&id=NA864,
RS_PAST_NA865,NA865,Francis,1736,https://catalogues.royalsociety.org/calmview/Record.aspx?src=CalmView.Persons&id=NA865,,missing,,,1696,,200,https://catalogues.royalsociety.org/calmview/Record.aspx?src=CalmView.Persons&id=NA865,
RS_PAST_NA866,NA866,Raymond,1688,https://catalogues.royalsociety.org/calmview/Record.aspx?src=CalmView.Persons&id=NA866,c 1635,circa_year,,1635,1635,1,200,https://catalogues.royalsociety.org/calmview/Record.aspx?src=CalmView.Persons&id=NA866,
RS_PAST_NA867,NA867,John Mordaunt,1765,https://catalogues.royalsociety.org/calmview/Record.aspx?src=CalmView.Persons&id=NA867,1731,year_only,,1731,1731,1,200,https://catalogues.royalsociety.org/calmview/Record.aspx?src=CalmView.Persons&id=NA867,
RS_PAST_NA870,NA870,Henry,1736,https://catalogues.royalsociety.org/calmview/Record.aspx?src=CalmView.Persons&id=NA870,c. 1693,circa_year,,1693,1693,1,200,https://catalogues.royalsociety.org/calmview/Record.aspx?src=CalmView.Persons&id=NA870,
RS_PAST_NA874,NA874,John,1742,https://catalogues.royalsociety.org/calmview/Record.aspx?src=CalmView.Persons&id=NA874,,missing,,,,,200,https://catalogues.royalsociety.org/calmview/Record.aspx?src=CalmView.Persons&id=NA874,
RS_PAST_NA877,NA877,John,1724,https://catalogues.royalsociety.org/calmview/Record.aspx?src=CalmView.Persons&id=NA877,,missing,,,,,200,https://catalogues.royalsociety.org/calmview/Record.aspx?src=CalmView.Persons&id=NA877,
RS_PAST_NA882,NA882,David,1770,https://catalogues.royalsociety.org/calmview/Record.aspx?src=CalmView.Persons&id=NA882,c. 1739,circa_year,,1739,1739,1,200,https://catalogues.royalsociety.org/calmview/Record.aspx?src=CalmView.Persons&id=NA882,
RS_PAST_NA890,NA890,James,1771,https://catalogues.royalsociety.org/calmview/Record.aspx?src=CalmView.Persons&id=NA890,,missing,,,,,200,https://catalogues.royalsociety.org/calmview/Record.aspx?src=CalmView.Persons&id=NA890,
RS_PAST_NA892,NA892,Thomas,1727,https://catalogues.royalsociety.org/calmview/Record.aspx?src=CalmView.Persons&id=NA892,,missing,,,1692,,200,https://catalogues.royalsociety.org/calmview/Record.aspx?src=CalmView.Persons&id=NA892,
RS_PAST_NA900,NA900,Addison,1738,https://catalogues.royalsociety.org/calmview/Record.aspx?src=CalmView.Persons&id=NA900,,missing,,,,,200,https://catalogues.royalsociety.org/calmview/Record.aspx?src=CalmView.Persons&id=NA900,
RS_PAST_NA904,NA904,Andrew Joseph,1770,https://catalogues.royalsociety.org/calmview/Record.aspx?src=CalmView.Persons&id=NA904,,missing,,,,,200,https://catalogues.royalsociety.org/calmview/Record.aspx?src=CalmView.Persons&id=NA904,
RS_PAST_NA906,NA906,Lewis,1738,https://catalogues.royalsociety.org/calmview/Record.aspx?src=CalmView.Persons&id=NA906,,missing,,,1698,,200,https://catalogues.royalsociety.org/calmview/Record.aspx?src=CalmView.Persons&id=NA906,
RS_PAST_NA910,NA910,George Lewis,1737,https://catalogues.royalsociety.org/calmview/Record.aspx?src=CalmView.Persons&id=NA910,May 1708,nonstandard_or_ambiguous,,,1708,,200,https://catalogues.royalsociety.org/calmview/Record.aspx?src=CalmView.Persons&id=NA910,
RS_PAST_NA913,NA913,Henry,1720,https://catalogues.royalsociety.org/calmview/Record.aspx?src=CalmView.Persons&id=NA913,,missing,,,,,200,https://catalogues.royalsociety.org/calmview/Record.aspx?src=CalmView.Persons&id=NA913,
RS_PAST_NA915,NA915,Francesco Maria d',1735,https://catalogues.royalsociety.org/calmview/Record.aspx?src=CalmView.Persons&id=NA915,,missing,,,1698,,200,https://catalogues.royalsociety.org/calmview/Record.aspx?src=CalmView.Persons&id=NA915,
RS_PAST_NA916,NA916,George,1689,https://catalogues.royalsociety.org/calmview/Record.aspx?src=CalmView.Persons&id=NA916,c 1659,circa_year,,1659,1659,1,200,https://catalogues.royalsociety.org/calmview/Record.aspx?src=CalmView.Persons&id=NA916,
RS_PAST_NA919,NA919,John,1715,https://catalogues.royalsociety.org/calmview/Record.aspx?src=CalmView.Persons&id=NA919,,missing,,,,,200,https://catalogues.royalsociety.org/calmview/Record.aspx?src=CalmView.Persons&id=NA919,
RS_PAST_NA920,NA920,John Baker,1783,https://catalogues.royalsociety.org/calmview/Record.aspx?src=CalmView.Persons&id=NA920,1735,year_only,,1735,1735,1,200,https://catalogues.royalsociety.org/calmview/Record.aspx?src=CalmView.Persons&id=NA920,
RS_PAST_NA924,NA924,Jean Baptiste Jacques Elie de,1765,https://catalogues.royalsociety.org/calmview/Record.aspx?src=CalmView.Persons&id=NA924,October 1732,nonstandard_or_ambiguous,,,1732,,200,https://catalogues.royalsociety.org/calmview/Record.aspx?src=CalmView.Persons&id=NA924,
RS_PAST_NA927,NA927,Francesco,1676,https://catalogues.royalsociety.org/calmview/Record.aspx?src=CalmView.Persons&id=NA927,c. 1623,circa_year,,1623,1623,1,200,https://catalogues.royalsociety.org/calmview/Record.aspx?src=CalmView.Persons&id=NA927,
RS_PAST_NA928,NA928,Robert,1736,https://catalogues.royalsociety.org/calmview/Record.aspx?src=CalmView.Persons&id=NA928,,missing,,,,,200,https://catalogues.royalsociety.org/calmview/Record.aspx?src=CalmView.Persons&id=NA928,
RS_PAST_NA931,NA931,Walter,1840,https://catalogues.royalsociety.org/calmview/Record.aspx?src=CalmView.Persons&id=NA931,1784,year_only,,1784,1784,1,200,https://catalogues.royalsociety.org/calmview/Record.aspx?src=CalmView.Persons&id=NA931,
RS_PAST_NA936,NA936,Richard,1726,https://catalogues.royalsociety.org/calmview/Record.aspx?src=CalmView.Persons&id=NA936,,missing,,,,,200,https://catalogues.royalsociety.org/calmview/Record.aspx?src=CalmView.Persons&id=NA936,
RS_PAST_NA938,NA938,John,1769,https://catalogues.royalsociety.org/calmview/Record.aspx?src=CalmView.Persons&id=NA938,,missing,,,,,200,https://catalogues.royalsociety.org/calmview/Record.aspx?src=CalmView.Persons&id=NA938,
RS_PAST_NA939,NA939,William,1739,https://catalogues.royalsociety.org/calmview/Record.aspx?src=CalmView.Persons&id=NA939,1692,year_only,,1692,1692,1,200,https://catalogues.royalsociety.org/calmview/Record.aspx?src=CalmView.Persons&id=NA939,
RS_PAST_NA942,NA942,John,1730,https://catalogues.royalsociety.org/calmview/Record.aspx?src=CalmView.Persons&id=NA942,c. 1660,circa_year,,1660,1660,1,200,https://catalogues.royalsociety.org/calmview/Record.aspx?src=CalmView.Persons&id=NA942,
RS_PAST_NA943,NA943,Muhammad ibn,1682,https://catalogues.royalsociety.org/calmview/Record.aspx?src=CalmView.Persons&id=NA943,,missing,,,,,200,https://catalogues.royalsociety.org/calmview/Record.aspx?src=CalmView.Persons&id=NA943,
RS_PAST_NA944,NA944,John,1739,https://catalogues.royalsociety.org/calmview/Record.aspx?src=CalmView.Persons&id=NA944,,missing,,,,,200,https://catalogues.royalsociety.org/calmview/Record.aspx?src=CalmView.Persons&id=NA944,
RS_PAST_NA949,NA949,Oliver,1677,https://catalogues.royalsociety.org/calmview/Record.aspx?src=CalmView.Persons&id=NA949,c 1630,circa_year,,1630,1630,1,200,https://catalogues.royalsociety.org/calmview/Record.aspx?src=CalmView.Persons&id=NA949,
RS_PAST_NA950,NA950,William,1727,https://catalogues.royalsociety.org/calmview/Record.aspx?src=CalmView.Persons&id=NA950,,missing,,,,,200,https://catalogues.royalsociety.org/calmview/Record.aspx?src=CalmView.Persons&id=NA950,
RS_PAST_NA9533,NA9533,,,https://catalogues.royalsociety.org/calmview/Record.aspx?src=CalmView.Persons&id=NA9533,,missing,,,,,200,https://catalogues.royalsociety.org/calmview/Record.aspx?src=CalmView.Persons&id=NA9533,
RS_PAST_NA966,NA966,William,1667,https://catalogues.royalsociety.org/calmview/Record.aspx?src=CalmView.Persons&id=NA966,c 1599,other,,,,,200,https://catalogues.royalsociety.org/calmview/Record.aspx?src=CalmView.Persons&id=NA966,
RS_PAST_NA967,NA967,Charles,1740,https://catalogues.royalsociety.org/calmview/Record.aspx?src=CalmView.Persons&id=NA967,,missing,,,,,200,https://catalogues.royalsociety.org/calmview/Record.aspx?src=CalmView.Persons&id=NA967,
RS_PAST_NA968,NA968,Thomas,1718,https://catalogues.royalsociety.org/calmview/Record.aspx?src=CalmView.Persons&id=NA968,,missing,,,,,200,https://catalogues.royalsociety.org/calmview/Record.aspx?src=CalmView.Persons&id=NA968,
RS_PAST_NA969,NA969,John,1783,https://catalogues.royalsociety.org/calmview/Record.aspx?src=CalmView.Persons&id=NA969,1745,year_only,,1745,1745,1,200,https://catalogues.royalsociety.org/calmview/Record.aspx?src=CalmView.Persons&id=NA969,
RS_PAST_NA970,NA970,Simon,1753,https://catalogues.royalsociety.org/calmview/Record.aspx?src=CalmView.Persons&id=NA970,1714,year_only,,1714,1714,1,200,https://catalogues.royalsociety.org/calmview/Record.aspx?src=CalmView.Persons&id=NA970,
RS_PAST_NA974,NA974,John,1740,https://catalogues.royalsociety.org/calmview/Record.aspx?src=CalmView.Persons&id=NA974,,missing,,,,,200,https://catalogues.royalsociety.org/calmview/Record.aspx?src=CalmView.Persons&id=NA974,
RS_PAST_NA975,NA975,Samuel,1745,https://catalogues.royalsociety.org/calmview/Record.aspx?src=CalmView.Persons&id=NA975,,missing,,,,,200,https://catalogues.royalsociety.org/calmview/Record.aspx?src=CalmView.Persons&id=NA975,
RS_PAST_NA987,NA987,Arthur,1790,https://catalogues.royalsociety.org/calmview/Record.aspx?src=CalmView.Persons&id=NA987,1753,year_only,,1753,1753,1,200,https://catalogues.royalsociety.org/calmview/Record.aspx?src=CalmView.Persons&id=NA987,
RS_PAST_NA993,NA993,Thomas,1725,https://catalogues.royalsociety.org/calmview/Record.aspx?src=CalmView.Persons&id=NA993,,missing,,,,,200,https://catalogues.royalsociety.org/calmview/Record.aspx?src=CalmView.Persons&id=NA993,
RS_PAST_NA994,NA994,Benjamin,1708,https://catalogues.royalsociety.org/calmview/Record.aspx?src=CalmView.Persons&id=NA994,,missing,,,,,200,https://catalogues.royalsociety.org/calmview/Record.aspx?src=CalmView.Persons&id=NA994,
RS_PAST_NA997,NA997,Samuel,1740,https://catalogues.royalsociety.org/calmview/Record.aspx?src=CalmView.Persons&id=NA997,,missing,,,,,200,https://catalogues.royalsociety.org/calmview/Record.aspx?src=CalmView.Persons&id=NA997,
